187 128
RUS -0.18119904 -0.31456673 0.1144106 0.1545539 -0.043053802 0.02804058 -0.19839837 -0.2258615 0.0028476447 0.13026682 0.1185421 0.038303234 -0.1145868 0.008598274 -0.059989396 0.13060473 -0.053194102 0.0015142098 -0.40268862 -0.11512069 -0.085049495 0.13665308 -0.069036156 -0.13823257 -0.14332803 0.16842192 -0.13545689 0.21765326 -0.015742047 0.06344727 -0.23895518 0.18740924 -0.033041272 -0.1492822 0.07017786 0.11453006 0.16008446 -0.15851551 -0.14112036 0.09638188 -0.253651 0.1424482 -0.041420974 -0.15818687 -0.061983265 -0.116791174 -0.10981803 0.071990095 0.100139044 0.17080547 0.04611961 0.11707614 0.14132741 0.08029917 -0.104439326 -0.0019724057 0.04330038 -0.052616984 -0.09243991 0.23677583 -0.0783686 -0.019151649 0.1315175 0.26350856 0.019495193 0.14756069 0.2021822 0.1629151 -0.14702056 -0.23677877 0.040215194 -0.20318407 -0.19786885 -0.23029748 0.06350619 -0.14671728 0.042865578 0.09648711 0.03481196 -0.14223734 -0.07549595 -0.22435074 0.14731936 0.4140834 -0.2157188 -0.023197923 0.09441409 -0.047433022 0.06868097 0.0073278407 0.09957791 0.21514916 0.0073725823 -0.06339799 0.3164088 0.20218386 -0.09363819 -0.14439577 -0.07415889 -0.12197019 -0.06825507 0.09881232 -0.13568772 0.11350733 0.28003338 -0.08894903 0.10794839 0.09918535 0.21793163 -0.002954918 0.08969866 -0.21559562 -0.0045219855 0.052625656 -0.2022142 0.16793016 -0.090854526 -0.010584655 0.03286884 -0.106291994 0.033578727 -0.2269912 0.13329695 0.029696504 -0.035281412 0.17386842 -0.07030185 -0.03975417
USA 0.19621544 -0.10329696 -0.12616415 0.025760256 0.06881701 -0.04915124 -0.21921325 -0.16923475 0.12046401 -0.023940133 -0.035937663 0.40631604 -0.004353436 -0.012878472 -0.01588075 0.23842171 -0.105378926 0.11399999 -0.025695221 -0.17328809 0.12772311 0.20895347 0.114546016 -0.10236956 0.15985748 0.029675784 0.095172286 -0.0017431098 -0.055966265 0.15310669 -0.0036567778 -0.064277984 -0.010005953 0.20293981 -0.20240201 0.112432405 0.07633584 0.04390828 0.26825368 -0.28685188 -0.075869046 0.13552302 -0.23330115 -0.24754998 0.028319906 0.095363095 -0.101178125 -0.009734502 -0.1802367 0.002032371 -0.041583147 0.039935406 -0.07941974 0.1437207 -0.19057533 0.013794034 0.13017227 0.030151699 -0.025719771 0.044453874 -0.0010611563 0.055663913 -0.13229461 0.048358425 0.1959661 -0.039229117 0.06101759 0.21378419 -0.18187262 -0.22613361 -0.27187368 -0.02537294 -0.21010453 -0.00856037 -0.23579077 -0.15705045 -0.15406148 0.16200276 0.060810953 0.3209035 -0.364619 -0.3058766 0.039657198 0.52125776 0.11036805 -0.12113973 0.22478561 0.022762585 -0.021064699 -0.080774985 0.061963286 -0.33291987 0.03314116 -0.17186353 0.34929067 0.22071153 0.11843733 -0.10981536 -0.04432809 -0.0091294125 -0.12984379 0.22710025 0.03039715 0.43595675 0.11292335 -0.38790888 -0.0692316 0.23127262 -0.025394116 0.09588496 0.096277885 0.086583175 0.005007599 0.30176815 -0.19802488 0.11635368 -0.08726782 0.026492877 0.261131 -0.13873692 -0.14917988 -0.15503691 0.079132065 0.065096095 -0.13291402 -0.1497491 -0.00676135 -0.05336573
NGA -0.01076423 -0.24867736 0.09746742 0.04864064 -0.0986621 -0.08221269 0.034266077 -0.2562437 -0.046201807 0.15989989 0.290187 0.347105 -0.37979302 -0.06427929 0.10007414 0.35839975 -0.050247226 0.05139523 -0.106409706 -0.021534076 -0.07527302 0.09704237 -0.054104254 -0.16177319 -0.100575335 -0.05341897 -0.09295007 0.035700936 0.0014192476 -0.036725193 0.08148362 -0.1414407 0.1660663 0.07036831 -0.06341722 0.08449183 0.3683621 -0.08403921 0.27985516 -0.008499155 0.024116252 0.13527115 -0.06476065 -0.22981499 0.13120644 0.11812231 -0.3959456 -0.015550785 0.0013936551 0.0686901 -0.06851883 0.02898119 0.06544785 0.17449819 0.078846805 0.11724212 0.122737505 -0.035800047 -0.02997679 -0.037460063 -0.033069506 0.078905195 -0.108219706 0.1133559 0.22540665 -0.15748015 0.07444451 0.123877116 -0.22091953 -0.13688879 0.052383665 -0.13520913 -0.04070716 -0.06628219 -0.101824924 -0.1405374 0.02254968 -0.096479505 0.11983391 0.21761045 -0.09837143 -0.17542103 0.18965743 0.3163782 0.081577465 0.07762264 0.14615774 -0.06350249 0.046737324 -0.055806927 0.043925017 -0.057363547 0.083032906 -0.17445523 0.10799832 0.22913292 -0.15032627 -0.16514201 -0.06263625 -0.17640951 -0.1008264 0.056716587 0.01809876 0.33780888 0.08793931 -0.13689035 0.22890754 -0.0040131332 0.14980002 -0.11720389 0.09094463 0.1975225 -0.006900133 0.18101044 0.035174165 0.10975424 -0.045632124 -0.026552135 -0.010083779 0.06821159 -0.14208564 0.031193485 -0.03723274 0.08614333 -0.19593976 -0.0381613 0.19111668 -0.23817115
ARE -0.10670486 -0.19693217 0.1163874 -0.0684938 0.12788656 -0.268616 -0.0505763 0.27243498 -0.04626785 -0.007973593 0.25174072 0.024879243 -0.11657163 -0.15395196 0.12333029 0.15196906 -0.14620763 -0.08345982 -0.17237642 0.082112834 -0.04038051 0.18022297 -0.17856695 -0.32851514 -0.029398443 0.43647164 0.047557563 0.088674426 0.25757426 -0.15716282 -0.38719323 -0.0776133 0.025959825 0.06829879 -0.08619068 0.060218263 0.005830181 -0.13877843 -0.07408667 -0.09057561 -0.20393458 0.08823903 0.062745504 0.03921926 0.1789773 0.07406741 -0.18230039 -0.08046979 -0.042981867 0.12244619 -0.018630164 0.0705328 0.2558974 0.21964005 -0.04902043 -0.03407961 0.17170605 0.1308948 -0.32605842 0.14646016 -0.07688057 0.14387736 0.07899807 -0.09385812 0.15763123 -0.034623377 -0.22479841 0.07030157 -0.009838027 0.108473554 -0.07547787 -0.11196905 -0.34978098 -0.054334603 -0.10358043 -0.07769441 -0.22205141 -0.07784602 -0.047056574 0.18283856 -0.24541351 -0.11347177 0.18465209 0.098591104 0.13194647 0.26682732 0.053551685 -0.045230627 0.090982296 0.11917849 -0.020326493 0.09640399 0.18291767 0.047600955 0.011586154 0.13626298 -0.31747407 -0.14612854 0.13560751 -0.113303155 -0.30461052 -0.10723255 -0.0014658156 -0.01562121 0.00920772 0.04921385 0.024037896 -0.045373853 0.0972746 -0.31578827 0.11047173 -0.2130886 0.14794604 0.14808878 -0.19426247 0.05556061 -0.09027946 -0.05891258 0.25670785 -0.0642626 -0.32355598 -0.16930832 -0.13988806 0.14235781 -0.21293676 -0.16793518 0.04397199 0.0031115734
SAU 0.029028315 -0.10795936 0.012577226 -0.0031495192 0.07151879 -0.07827019 -0.13975775 -0.026330847 -0.079368554 0.06775569 0.075629026 0.16113654 -0.1394246 -0.06221125 0.116529256 0.102943964 -0.1746111 0.028635358 -0.11626026 -0.022967396 -0.14611293 0.14017221 -0.039471045 -0.07902635 0.018588401 0.27968675 0.17615674 -0.02364515 0.16662984 -0.031603254 -0.14865601 0.0041579762 -0.0503485 0.013121802 -0.22368562 0.07299722 -0.07563083 -0.023730269 -0.079798125 -0.06327629 -0.13986 0.07492273 -0.18622309 0.0930908 0.018111615 0.029953115 -0.18792042 0.032175533 -0.108709484 0.037714273 -0.007313902 0.01540127 0.21227217 -0.023667963 -0.050922696 0.033333752 0.124223255 0.04248499 -0.17951232 -0.087079406 -0.09058314 0.06402623 -0.0093252 0.060462862 0.25254136 -0.13921618 -0.16596383 0.21182504 -0.1295453 -0.1792032 -0.0987951 -0.22949652 -0.35933998 -0.22616422 -0.1272508 -0.007658835 -0.27029604 0.06630836 0.10641337 0.36369896 -0.12684716 -0.17680569 0.09074152 0.32765886 -0.045521762 0.10617527 0.010301437 -0.21418037 0.16533229 0.005864637 0.03905976 0.073774666 0.20749916 -0.07127561 0.1304079 0.07829179 -0.21706718 -0.112657815 0.23296918 -0.1905252 -0.2326018 -0.1577259 -0.15552282 -0.03623993 0.08622774 -0.039000772 -0.05527844 -0.0111892 0.14365938 -0.17455365 0.17514059 -0.22335336 0.09252325 0.13780227 -0.13597071 0.019667756 -0.14553274 -0.02753647 0.31593487 0.039396696 -0.049592566 -0.19883566 -0.058449354 0.12169373 -0.27990234 -0.103111416 -0.013698587 -0.06219542
KAZ -0.21466537 -0.21267189 0.1358589 0.07166764 -0.06834058 -0.04135565 -0.25303158 -0.29631478 0.07045909 0.16058114 0.14515127 0.1337596 -0.16460578 -0.08322327 -0.09483461 0.16925263 -0.027444087 -0.07612511 -0.41216043 -0.17876647 0.06397242 0.13340922 -0.06519134 -0.09752076 0.0047482373 0.12029827 -0.05952229 0.123909704 0.05374098 0.08689816 -0.13083962 0.030963073 -0.055511635 0.11130058 0.111277685 0.0066961194 0.22854711 -0.18802725 0.118790105 -0.015796434 -0.24610585 0.22252652 0.01205915 -0.13748479 0.066008195 -0.053744443 -0.073756985 0.077741235 0.02336792 0.080768 0.016966531 -0.06281009 0.14816001 0.06107358 -0.086680256 -0.101467885 0.38897914 -0.08895606 0.03568335 0.13469821 0.009817578 -0.045160245 0.14436601 0.25387448 0.05787073 0.22491954 0.3026218 0.12639873 -0.1695912 -0.117917396 0.0592369 -0.06375236 -0.064683616 -0.0024702412 0.0522558 0.0731589 0.15863332 0.2403658 -0.077405356 -0.016599562 -0.07386516 -0.29186526 0.22519961 0.33729708 -0.2809625 0.025423907 0.012908583 0.18132332 -0.061428413 0.051180553 0.057543643 0.107451424 -0.12126617 -0.16391517 0.32508773 0.09289118 0.024278272 -0.10256416 -0.062151138 -0.07070517 -0.13031423 0.24373153 -0.16064988 0.43561363 0.19220705 -0.24639688 0.08737892 0.088355444 0.1965142 0.021677844 0.14820322 -0.08243053 0.11016585 0.25861293 -0.124324724 0.10655199 -0.033394817 0.026130477 0.11026876 -0.14328416 0.05444935 -0.16224694 0.15998548 0.21947531 -0.05346022 0.19389646 -0.07195537 -0.049541757
ZAF -0.1593509 -0.08908661 0.14988363 0.16932553 0.145849 -0.12668993 -0.012426679 0.11417182 -0.038889892 -0.023641301 0.39385742 -0.10879874 -0.116802774 -0.2850226 0.060671147 0.14024451 -0.14301805 -0.13444753 0.08738611 0.17471309 0.18356542 -0.008284945 -0.1439217 -0.18800968 -0.14890642 0.22594069 -0.0036132713 0.17067671 0.054731965 -0.10196881 -0.09635484 -0.0689478 -0.062142823 0.1310983 -0.00016151887 0.04762568 0.2856725 -0.07322344 0.17338988 -0.15578315 0.07740782 -0.007577879 0.043666355 -0.10606638 0.2693054 0.10660034 -0.19908646 -0.012035318 0.02098762 0.041924298 -0.04334443 0.0064341063 0.082283236 0.27996123 0.054858625 -0.13297221 0.10075543 0.17944945 -0.29203728 -0.04102171 -0.04872423 0.02886931 0.07582114 -0.029394357 0.11485717 0.27498007 0.17592098 0.2930268 -0.19452694 0.06409482 -0.049973693 -0.1537077 -0.41051924 -0.08977121 -0.023267308 -0.06916468 -0.10053577 0.055308495 0.04356642 0.40027675 -0.21263072 -0.18333164 0.14681052 0.28184983 0.16449945 0.28998405 0.21639588 0.041177634 0.010357331 0.18265688 -0.0015436278 -0.033714138 0.13708611 -0.10578622 -0.04891724 0.05959245 -0.23596375 -0.055715434 0.004403375 0.023260523 -0.2796397 0.025657577 -0.065651774 0.4061922 0.023113746 -0.02845588 0.10684897 -0.15835996 0.05428294 -0.41600052 -0.02793697 -0.030175049 0.07144162 -0.005968563 -0.03180602 -0.14013815 0.09315316 0.07236446 0.12771183 -0.11980063 -0.2419076 -0.0151794525 0.11803765 -0.042249497 -0.22934967 -0.11420353 0.20654115 -0.039443497
GBR -0.09156923 -0.07215919 0.019349134 0.16335334 -0.13752952 -0.0728051 -0.050189663 -0.015192348 0.019750353 0.17033161 0.15866317 -0.007577135 -0.27085045 -0.0647504 0.071624726 0.1998272 -0.18044029 0.014926279 -0.17197652 0.06303213 -0.18659517 0.11629387 -0.092603266 -0.2753775 -0.19033736 0.19752419 -0.1123069 0.2621908 -0.15013272 0.13793002 -0.26761553 -0.0712951 -0.0649062 -0.047462024 0.0919218 0.08407545 0.19439453 -0.09141151 0.060459863 0.12903577 -0.037966978 -0.13915232 -0.0053089485 -0.18213116 0.0771983 0.12707433 -0.31985694 -0.05762547 0.0655658 0.18317778 -0.111824095 0.14846984 0.2061031 0.005262745 -0.012429763 0.11601658 0.1704395 0.08907818 -0.19213752 0.075169414 -0.14766616 0.007306569 -0.052931905 0.10794618 -0.0020447576 -0.13946359 0.1785045 0.089464456 -0.37000766 -0.019438738 -0.058150765 -0.26152894 -0.09764761 -0.026088374 -0.00040837767 -0.08140243 -0.087882586 -0.034146853 0.027579164 0.099252954 -0.028802413 -0.053389303 0.32743654 0.28728294 -0.013141116 0.24583815 0.035659593 -0.03476254 0.008471365 0.20683429 0.23420355 0.031850744 0.19019842 -0.051594827 0.09454735 0.3147425 -0.29388455 0.056094926 -0.019637082 -0.20044006 0.068879776 -0.020388236 -0.14374703 0.21545807 0.29158622 -0.14515933 0.35214156 -0.084247306 0.034885358 -0.25832212 0.07020931 0.06792492 -0.09468993 0.1641875 -0.11392113 -0.01046184 -0.10204817 0.08149914 0.006400973 -0.032451063 -0.082116954 0.108986266 0.12901017 0.01814549 0.060808904 -0.0641573 0.24508843 -0.2044711
AZE -0.29347947 -0.0936379 0.14847304 0.107155755 0.024110664 0.028055688 -0.36217973 -0.2466272 0.13893376 0.21101455 0.2127059 0.05162547 -0.05470746 -0.081560925 -0.13575938 0.05324769 0.007513458 -0.18820256 -0.3405185 -0.03138373 0.028132604 -0.028542044 -0.15836744 0.004193177 -0.007987596 0.0617181 0.02534243 0.035610605 -0.05669617 0.07592887 -0.088102445 0.0034871313 -0.20905209 -0.012375197 0.09446115 0.039189372 -0.12745304 -0.2081776 -0.004953663 0.037424266 -0.4172367 0.060380362 -0.053014897 -0.10785572 0.09722614 -0.12755981 -0.13553447 0.18397291 -0.06544747 0.13243955 0.02579075 -0.07431421 0.1506752 -0.082589775 -0.080171935 -0.04656964 0.2583774 -0.078036524 0.014338422 0.20898083 -0.054049313 0.015195576 0.081925854 0.1601482 0.06930783 0.1785425 0.31075507 0.20190634 -0.25208548 0.059079494 -0.007998347 -0.009954879 -0.06646181 -0.09481225 0.09778344 -0.12450119 0.10098142 0.38855663 -0.049777515 0.10983096 -0.16592564 -0.29205355 0.11039646 0.46540245 -0.27506948 0.13330954 0.12380375 0.10819867 -0.10501094 0.08519806 0.26580998 0.09122287 -0.12021331 -0.09409967 0.25561985 0.070028104 -0.06829794 -0.18954572 0.022980336 -0.061745014 -0.0541705 0.02814921 -0.3307603 0.35251603 0.09013834 -0.13476716 0.12775669 -0.050621253 0.16140425 -0.11227707 0.14166488 -0.13180965 0.13095908 0.18931067 -0.19889948 -0.041409113 -0.16249034 0.18473157 0.11337922 -0.20686378 0.09088298 -0.16291457 0.24281615 0.118140295 -0.034669403 0.19974701 -0.015587437 -0.09743356
FRA -0.003365107 -0.005068655 0.16709436 0.20475325 0.07025221 0.021383738 -0.102987915 -0.22659579 0.1659911 0.114188425 0.2583135 0.008947126 -0.21383722 -0.020951072 0.15663417 0.26863563 -0.24823536 0.07443152 -0.26283485 0.14421731 0.1120274 0.31649044 0.00614469 -0.19799927 -0.2370864 0.05929286 -0.032679204 0.12069572 -0.045754127 0.2973672 -0.109125145 -0.07343028 -0.11577793 -0.042187896 -0.16688623 -0.03571933 0.3526064 -0.09514732 0.018809916 -0.042602725 -0.28309307 -0.02250652 0.044847492 -0.14813119 0.123578906 -0.0565393 -0.27555543 -0.09035602 -0.016455822 -0.031397525 0.08018359 0.071371675 0.057987962 0.154609 -0.3082821 0.33144677 0.3423296 0.042807475 -0.056162737 0.17031053 -0.030262625 0.18636988 -0.0026859273 -0.011351907 -0.01511514 0.1291344 0.20908839 0.07391719 -0.17705669 0.09048594 0.0586325 -0.016898176 -0.26559827 0.108261816 0.10712638 0.023026505 0.040551666 0.20962101 -0.096174836 0.02077889 -0.09598213 -0.2301932 0.22246923 0.27098966 -0.15625021 0.053999122 0.020625357 0.11148203 -0.06873617 0.026789906 0.18753798 -0.0654126 -0.12183034 -0.23529726 0.2656574 0.18355402 -0.07828953 -0.04568514 -0.047535036 -0.010879104 -0.061685044 0.12030367 -0.25634256 0.31061992 0.09994196 -0.04316176 0.26328287 0.113278545 -0.06978841 -0.11097501 0.3171506 0.06873735 -0.10500144 0.2523372 -0.06054085 0.022211393 -0.07030725 0.24340813 0.14989011 -0.19066381 -0.049949035 0.029390601 -0.011946691 0.16237347 -0.023045989 0.032779012 0.02765427 -0.032876477
NOR -0.0977757 -0.22776973 0.023738226 0.15876676 -0.05389546 9.935821e-05 -0.05171355 -0.28002 0.003639438 0.22156043 0.10691679 0.16874671 -0.23357362 -0.022971246 0.04914435 0.26761234 -0.06882674 0.10371899 -0.35556644 -0.060114786 -0.22364353 0.102628194 -0.08500953 -0.15439592 -0.1165917 0.1221766 -0.22550231 0.047738522 -0.13947779 0.11589821 -0.13665889 0.052485894 0.01893653 -0.06611492 0.11556077 0.08851541 0.22375451 -0.19121462 0.06134437 0.008589865 -0.1308325 -0.045924157 -0.009120208 -0.21783392 0.16291024 0.123514466 -0.34667572 -0.037199937 0.068679914 0.32294688 -0.06422607 0.23514262 0.08926155 0.12897944 -0.14508751 0.1165511 0.09946434 0.06394867 -0.079513155 0.08910339 -0.1473832 -0.012178538 -0.05146827 0.08309895 0.097992375 -0.048843876 0.17138192 0.016014554 -0.2086793 -0.16950488 -0.04208506 -0.19626884 -0.22204585 0.020661471 -0.009628938 -0.13298658 -0.024982696 -0.012979435 -0.059905194 -0.037680842 -0.02332375 -0.12944527 0.33265212 0.3527803 -0.089555204 0.10411848 0.16890548 0.0462459 0.13100779 0.17854387 0.24382721 0.09771455 0.08572588 -0.18182851 0.19422817 0.33604988 -0.14795277 -0.13519795 -0.06467042 -0.02969355 0.08407306 0.12865673 -0.022915484 0.23766075 0.21429521 -0.12450462 0.2395135 0.055004563 0.06658017 -0.022070281 0.011617698 0.0106202895 -0.0049472563 0.12675363 -0.13174118 0.12286557 -0.0037717088 0.16600576 -0.1379333 0.03675487 0.040488593 0.07837154 0.03609365 0.039696254 0.022131478 -0.05944697 0.1721095 -0.082438916
SGP 0.11995622 -0.33984417 0.11997793 0.073652044 0.052030504 -0.23020211 -0.19721818 0.1133981 -0.043233622 0.021053892 0.19776182 0.34161627 -0.15389217 -0.057816282 0.33994815 0.2529009 -0.33100167 -0.008699732 -0.21246432 0.021923143 -0.039987437 0.19203444 -0.053902715 -0.23790129 -0.18173704 0.3073385 0.04547603 0.02144513 0.31364375 -0.02402667 -0.40282357 0.016434817 0.21639432 0.08462768 -0.15224674 0.091500334 0.022724409 -0.16554442 -0.110319026 0.0027283477 -0.08533835 0.04622964 -0.11248086 -0.051322 0.13728903 0.16203643 -0.30886742 0.1017084 0.10283081 0.40252903 -0.24996953 0.14080237 0.046254147 0.06164647 -0.22335064 -0.031439465 0.31788734 0.19220178 -0.3587115 0.0022888654 -0.23105001 0.30110446 0.046060402 -0.018325841 0.3119381 -0.022785164 -0.32622543 0.13843001 0.18058552 -0.20918308 -0.09235655 -0.19941948 -0.33497372 -0.4259246 -0.028893456 0.06544228 -0.19815889 0.025142206 -0.09756125 0.081976466 -0.18698783 -0.12443848 0.19051178 0.19387484 0.043601148 0.18376154 0.10410744 -0.07108605 0.18161078 0.13659056 -0.116127685 0.020823028 0.17995594 0.07530415 -0.14758 0.12055241 -0.1267438 -0.14431588 0.22017404 -0.117622666 -0.21841574 -0.044394493 -0.12521318 -0.22136235 0.027352119 0.10449336 -0.09333791 0.16385134 0.16002323 -0.13256541 0.011837286 -0.18467613 0.16726747 -0.006749435 -0.19921382 0.11496447 -0.17029288 -0.10362225 0.23499879 0.10630418 -0.12520577 -0.17215438 -0.14693776 0.12743664 -0.16230665 0.19989659 -0.12546214 0.05796701
COL -0.029295314 -0.29525974 -0.30213225 0.0652163 0.10792829 -0.24184896 -0.4897462 -0.2581866 0.07312936 0.25527802 0.17347907 0.18408702 -0.21093139 -0.041590985 0.23582935 0.3223625 0.13958435 0.25196463 -0.16932186 -0.04844114 0.06964741 0.21611191 -0.04636628 -0.15243204 0.06251047 0.04678494 -0.02857185 0.119353205 0.050997682 0.19976702 -0.086356595 -0.011029065 -0.09881754 0.04575204 -0.24218936 0.37600118 -0.038337115 0.08385255 0.10277844 -0.17707507 -0.1524644 0.08915962 -0.042780846 -0.35589838 -0.008032932 -0.098085806 -0.25332022 -0.042428497 -0.06019899 0.08257346 -0.01731998 -0.124511875 0.041830108 0.3230977 -0.20746943 0.04188099 0.035271592 0.11365063 0.004415573 0.2750821 0.086677626 0.16248488 -0.14349958 -0.15831958 0.26903036 0.0969443 -0.16442259 0.13137752 -0.24000429 -0.27271232 -0.10808783 -0.18043472 -0.005967789 0.028418576 -0.14996035 -0.20853612 -0.110173404 0.11219879 -0.16312641 0.2828014 -0.25331068 -0.10423694 -0.00091663114 0.37726867 0.015939975 -0.053567592 0.03004802 0.010008214 -0.12842926 -0.16763696 0.017596776 -0.26694927 -0.06658905 0.12434237 0.28259277 0.19526973 0.16457622 -0.22392803 -0.08636801 -0.06496346 -0.23220517 0.044912703 0.08749633 0.45658675 0.07602032 -0.48373565 -0.021688245 0.233249 -0.11972183 0.005829656 -0.014797953 0.017050065 0.07731757 0.2728906 -0.1793802 0.058612376 -0.086715266 -0.07697067 0.083098836 -0.032530915 -0.13189884 -0.026031068 -0.22664478 0.12508288 -0.00045996998 0.00049402594 -0.005418587 0.06782527
NLD -0.026119925 -0.10746951 -0.030595526 0.023527132 0.119099826 0.030681964 -0.24175818 -0.059662662 -0.11786197 0.04848807 0.04095666 -0.01408519 -0.12363322 -0.022985356 -0.13634552 0.011392646 -0.02351146 0.032511175 -0.16746086 -0.21744785 -0.22531557 0.040545486 -0.13610674 -0.22941291 0.12224489 0.08333472 0.16191322 0.015393457 -0.13717295 0.018648738 -0.011442007 0.15446576 -0.14474389 -0.013608606 -0.2372963 0.26579723 0.08024174 -0.112469144 -0.00057561416 -0.19506764 -0.12587008 0.046509925 0.0034036462 -0.13522309 0.15772927 -0.085277766 -0.40387905 0.075384565 0.11081287 0.12882672 0.050512694 -0.07023875 0.21408512 -0.014276191 -0.041720368 -0.08861731 0.06297609 0.045987666 -0.10313631 -0.13655868 -0.098222844 0.0023513215 -0.030332223 0.10349123 0.28876603 0.049753014 0.12817554 0.3406116 -0.23056595 -0.21926269 0.029046329 -0.14929347 -0.35991275 -0.1457362 -0.09064863 -0.1645224 -0.122380346 0.008087686 0.15697311 0.33373815 -0.13939428 -0.24836744 0.18426566 0.31134304 -0.08365606 0.05433681 0.22023267 -0.039778586 0.07289325 -0.026109993 0.19486465 0.026145915 0.0039948677 -0.06393814 0.20662868 0.3025382 -0.164934 -0.1854984 0.058695238 -0.23920323 0.04787857 0.04029828 -0.2246693 0.22719087 0.14441255 -0.18600045 -0.071106546 -0.024016306 0.11027003 0.018915676 0.13497192 -0.11542435 0.08692832 0.12454592 -0.050432593 0.016177826 -0.10426742 0.024135355 0.14659955 0.06047564 0.10662639 -0.043246828 0.09471532 -0.1625885 0.08220395 0.12171947 0.124333784 0.08904541
LBN 0.1173391 -0.027255384 0.20621583 0.113944955 0.068695374 -0.049260147 -0.030589351 0.11807469 0.17586789 -0.10265648 0.2652093 0.07759362 -0.09457148 -0.17430489 0.032923464 0.071539626 -0.19415627 -0.28495088 -0.21642897 -0.097006194 0.28435427 0.33867308 0.11941884 -0.12440537 0.024097942 0.1284841 0.07813763 0.028880991 0.08225429 -0.083209306 -0.13161185 -0.29319474 0.115755625 -0.066597156 -0.08668925 0.034985583 0.21233802 -0.37743148 0.14284913 -0.00949751 -0.4351241 0.039980233 -0.024337053 -0.05311093 0.15722977 0.120873034 -0.06632854 -0.07380413 -0.19620042 0.08725779 0.019917982 0.20400442 -0.15775844 0.10306208 -0.16842784 0.06587713 0.32032815 -0.091401696 -0.1366683 0.19266962 -0.05635446 0.07419708 0.083288506 0.15446724 0.06662451 -0.101655625 0.35002348 0.20161986 -0.2129195 0.19670895 0.061085306 0.017817823 -0.31469306 0.0543415 0.008156346 -0.02406207 -0.10137809 0.028513106 0.10196983 -0.09830263 -0.24832359 -0.16240488 0.35347992 0.33241647 -0.08006558 0.21176313 0.3155731 0.054030716 -0.15203722 -0.07079862 -0.00065102277 0.007781064 0.04264188 -0.19045489 0.23188065 0.30121934 0.08040838 -0.38278404 -0.08165202 -0.0124682225 -0.1398529 0.25580433 -0.097594276 0.4428357 0.11747023 -0.20561987 0.27269503 0.2701356 0.19224712 -0.2154038 0.28315777 0.18421377 -0.15378293 0.3625958 -0.09549884 -0.021783989 -0.038831748 0.06279644 0.18042801 -0.18404281 -0.031730272 -0.17204086 0.25142065 0.31360683 0.029061804 -0.079842076 0.016901927 -0.027606435
CAN -0.08502729 -0.067915894 -0.24283679 0.081952065 0.034090757 -0.022400906 -0.32962975 -0.31544867 0.16476384 0.20491697 -0.07837098 0.116291694 -0.13182971 -0.06347296 0.044600986 0.2732098 -0.12560429 -0.042391468 -0.19805369 -0.13432375 0.00075912464 0.07528211 -0.039091192 0.15366006 0.12797266 0.19318978 0.04201343 -0.16296457 0.036992185 0.16521409 -0.19348064 -0.22073898 -0.04279806 0.09250164 0.05255722 0.115903184 -0.11736677 -0.021454139 0.20065959 -0.050899893 -0.26368654 -0.015277062 -0.16349824 -0.15364884 0.17520002 0.11040584 -0.19708712 0.06690769 -0.2045166 0.26679146 -0.17514127 0.03698944 -0.041341256 0.124377914 -0.2113795 -0.06910093 0.26663682 0.09932141 -0.20639665 -0.051809244 -0.092071526 -0.023867559 -0.0024296981 -0.09778595 0.20630996 0.015990328 0.013026563 0.04117331 -0.21573101 -0.0605647 -0.3007628 0.03932128 -0.04766127 0.17259343 -0.23465815 -0.107080825 -0.16939875 0.23303595 -0.06076504 0.18872117 -0.13332437 -0.061903857 0.13348098 0.3772578 -0.112393126 0.017460968 0.070197515 0.22889945 0.09175267 0.14997241 0.18562193 -0.16589315 -0.06236538 -0.0033812518 0.14140497 0.0601063 -0.056614142 -0.13689172 0.057082087 0.080504745 -0.13870588 0.07597398 -0.088172205 0.58834475 0.111049026 -0.4735764 0.07121077 0.06623188 -0.08020383 -0.18089396 -0.1012086 -0.084569946 0.13076116 0.2146593 -0.12635584 -0.0058045466 -0.16898412 0.040750355 0.14627692 -0.02248323 0.023117738 -0.1202978 0.0052571497 0.2674016 0.010121504 -0.14237359 -0.006120374 0.076381475
BRA 0.21436274 -0.23049043 -0.11222974 0.07569784 -0.06879238 -0.02317387 -0.2187928 -0.104920425 -0.077591866 0.14714323 0.06711296 0.33756635 -0.14205252 -0.065921724 0.13581237 0.20475276 -0.10599594 0.21366394 -0.14477801 -0.17903236 -0.1191441 0.16181618 -0.047013465 -0.067509666 0.03629666 0.07694719 0.1443031 0.16915235 0.22073038 -0.018956771 -0.028815024 0.12793827 -0.14928292 0.03711245 -0.20699368 0.26763472 0.07029027 0.26867947 0.24281292 -0.3306013 -0.029795555 0.16314043 -0.181923 -0.29088482 -0.05340877 0.20630676 -0.18624848 -0.050601635 -0.07317514 0.09054125 -0.039668072 0.04757291 0.07344733 0.25041914 -0.03594246 0.29379207 -0.10847926 0.14782321 -0.07926422 0.12393523 0.037390612 0.09543553 -0.15101339 0.1435649 0.34786692 -0.27361485 -0.19530898 0.069325 -0.2050368 -0.40738642 -0.13212551 -0.17853114 -0.15800428 -0.01920537 -0.15448762 -0.13244818 -0.06678379 -0.01416373 0.18842252 0.45568925 -0.07076374 -0.16526261 0.025528986 0.4579719 0.057107214 0.103494756 0.12000772 -0.1602799 -0.018401496 -0.17454039 0.02080391 -0.101565875 0.106164955 0.006359513 0.36609095 0.20464213 -0.06755022 -0.20920458 -0.14286454 -0.06153168 -0.3627899 0.14379756 0.24317108 0.23013265 0.13949914 -0.4622882 0.1430227 0.15750322 -0.02442583 -0.04076036 0.18381765 -0.049577154 0.049586475 0.24532625 -0.13322456 0.057845514 0.025577836 -0.03333317 0.16774799 0.09411263 -0.10533233 -0.11144386 -0.100003086 0.05352802 -0.19149402 -0.22742689 -0.013853902 -0.31476352
IND -0.14246547 -0.032344826 0.061155546 0.21006513 -0.23533301 -0.39007357 0.0415157 0.0815532 -0.2555088 0.09141002 0.21402562 0.18757287 -0.2425028 -0.31068662 0.16941352 0.06643118 -0.1474291 -0.13974354 -0.037209034 -0.050755467 -0.13807175 0.13279639 -0.16080281 -0.021066591 0.23315002 0.13677925 0.1076886 0.01225841 0.19070604 -0.11601672 -0.24066198 -0.13154376 0.050946523 0.15808687 -0.08719798 0.06918812 -0.03808164 -0.14255588 0.28771257 0.019886129 0.20347063 0.052741904 -0.04601832 -0.13798223 0.08801478 0.37265712 -0.28673083 -0.008208253 0.104387626 0.1788962 -0.29161116 0.19397183 0.01186405 -0.21992886 -0.018116362 0.03856247 0.15549825 0.042718254 -0.20399477 -0.12628755 0.12411375 0.10948039 -0.115760975 0.2465017 0.20283173 -0.23522086 0.055648133 0.28382954 -0.017045124 -0.18832496 -0.23551217 -0.17426683 -0.2845095 -0.33243796 -0.020253967 0.19714996 -0.16089922 0.1848902 0.2522696 0.4143312 -0.17796426 -0.06528342 0.3361863 0.40821576 -0.15571183 0.37279624 -0.0022675893 -0.08099727 0.17114224 0.19442576 0.003470202 -0.020487549 0.15171272 -0.00798661 -0.093916446 0.061468188 -0.37950218 -0.02542923 0.047843296 -0.15600441 -0.2971523 -0.03527865 -0.20526296 0.13958788 -0.04793765 -0.07792316 0.20020896 0.009664601 0.11945522 -0.2528524 0.22992025 0.0021469076 0.16826116 0.32686293 -0.084734336 -0.4023856 -0.19995753 -0.26443914 0.2513496 0.08020049 -0.26355726 -0.039556183 0.2538027 0.19113432 -0.09030901 0.052976698 0.29844576 -0.3162065
ECU -0.17279123 -0.21882717 -0.10250486 0.09897726 0.21478689 -0.30217075 -0.5652428 -0.19224891 -0.05954387 0.27020773 0.39019993 0.14693344 -0.1416244 -0.16669244 0.10113853 0.28997844 0.22844212 0.13861969 -0.19311005 -0.03832871 0.14698033 0.083448485 -0.16615967 -0.093576334 0.2793339 0.08435362 -0.013125558 0.012996818 0.010504741 0.03534079 -0.055099662 0.031179043 -0.11444038 -0.09494626 -0.16633452 0.37296528 -0.18206541 -0.0408443 0.09264552 -0.30914733 -0.22229862 0.011691839 0.094484195 -0.33488026 0.051835686 -0.09385753 -0.15602885 -0.04538002 -0.019345874 0.18369812 -0.006909915 -0.09102566 0.08557879 0.31371093 -0.2281639 -0.09652497 0.018112514 0.075483024 0.034588218 0.4883923 0.14947641 0.20003137 -0.135913 -0.10302907 0.1758678 0.1701309 -0.015159972 0.20842682 -0.19478671 -0.08417466 -0.024947159 -0.05808085 -0.054924786 -0.024826726 -0.018408516 -0.16473587 -0.051174723 0.20088166 -0.07439739 0.2769152 -0.35041076 -0.1513296 -0.010014128 0.42579314 0.016971733 0.14596929 0.11765997 -0.035812322 -0.1956349 -0.1794832 0.023614 -0.14767559 0.063247204 0.13064203 0.15259548 0.18197545 0.13998099 -0.3132043 -0.10347939 0.036283247 -0.20689058 -0.021526163 0.08724402 0.3025858 -0.1403621 -0.25499773 0.025950583 0.21340369 0.031731717 -0.029097408 -0.03074795 -0.0049423994 0.204509 0.15448691 -0.2920275 -0.18052033 -0.021411614 0.08048444 0.048304588 0.0077134133 -0.13493778 -0.066090055 -0.09355895 -0.030287845 0.021808116 0.012554435 0.024035413 0.15624969
CHN 0.1288018 0.026312152 -0.060303155 0.2414329 0.4479271 -0.18209463 -0.016394883 0.005123865 -0.31968355 0.25007138 0.33244517 0.047214072 -0.057258673 -0.26740012 0.40825668 0.2185908 -0.089999676 -0.18753628 -0.0495354 0.34681842 0.04877556 0.04056029 -0.007118661 -0.027047316 -0.13269038 0.3224931 0.13416262 0.13215756 0.24619855 0.13132778 -0.013097888 0.16072376 -0.1637126 0.17770667 -0.33866197 0.02220227 0.0694566 0.27161172 -0.07892768 -0.19188617 0.004791172 0.0668934 -0.13215956 0.2893064 0.110126644 0.14267689 -0.23480606 0.21548852 -0.0035721136 0.072274126 -0.122265235 0.13722806 0.30739525 0.06134965 -0.068071805 -0.15242115 0.39655423 0.24637023 -0.1568261 -0.14189719 -0.042421218 0.091402926 0.04793967 -0.1503167 0.16871516 -0.03788114 0.09993274 0.24051617 0.0019115915 -0.1547268 0.19442321 -0.23210955 -0.2859893 -0.3445956 0.035659198 0.18413532 -0.11235059 -0.029467452 0.012227541 0.23513944 0.078536645 -0.1419958 -0.14148563 0.59517455 -0.13488543 0.38445356 0.007672394 -0.17263953 0.04139522 0.049326874 -0.009307064 -0.022773493 0.31375265 -0.04985924 -0.14291035 -0.13962497 -0.1220937 0.006581415 0.254972 -0.09485682 -0.36260554 -0.11504426 -0.08218033 0.16698991 -0.10770829 -0.059433307 -0.013831282 -0.0763294 0.1608939 -0.29493624 0.21501195 -0.11961054 0.07623856 -0.004952752 -0.1109914 -0.33615345 0.041496873 0.10357692 0.19691119 0.01011621 0.019147087 -0.22371136 0.22574268 -0.03205413 -0.2547842 -0.01637262 -0.09261432 -0.058301568
QAT 0.17067519 -0.13023406 -0.1435367 -0.017995909 0.22022136 -0.006691929 -0.16382731 -0.14990753 0.010474034 0.10913676 -0.096006006 0.10810747 -0.29390523 0.012891713 0.3535325 0.30898842 -0.25643665 0.051015083 -0.0326714 -0.020569945 -0.09334623 0.2788668 0.08950848 -0.13468973 -0.0938517 0.28017673 0.11609575 -0.040090475 -0.06550947 0.22540163 -0.11649602 -0.27922523 0.10815431 0.09798164 -0.34143123 0.014497716 0.019502873 0.03967366 -0.1077413 -0.017333455 -0.3086747 0.02313833 -0.3070011 0.19162604 0.29541987 0.10937252 -0.4180846 0.078321606 -0.17786203 0.16734494 -0.14718957 0.117931075 0.15650818 -0.033004902 -0.26458547 -0.04274142 0.42276913 0.06701709 -0.20742683 -0.25070965 -0.20449471 0.06909769 0.076697536 -0.19454367 0.19740763 -0.0956089 -0.0871717 0.11073694 -0.14345771 -0.11729033 -0.05076226 -0.13881876 -0.16252731 -0.077564724 -0.27293703 -0.091411926 -0.41260514 0.09294853 -0.112036236 0.11299921 -0.11438634 -0.058930676 0.10132687 0.35945392 -0.049447235 -0.02587148 0.12338119 -0.068926215 0.21215855 0.10756018 0.119126946 -0.08324021 0.14559342 -0.0016453397 0.07673744 0.16397542 -0.17438981 0.007478405 0.14496511 -0.20370463 0.043133445 -0.088927925 -0.21023391 0.13254774 0.041288685 -0.11083953 -0.069676764 -0.0506777 -0.062346667 -0.04084574 0.04585701 -0.09938857 -0.005598046 0.121876076 -0.07008659 0.091666795 -0.25132152 -0.09286811 0.17104933 0.034552053 0.10046591 -0.052028358 -0.115226455 0.11099339 -0.017481068 -0.02186304 -0.1618766 0.2970003
VEN -0.041517217 0.0021686065 -0.040909484 0.11138095 0.31251222 -0.17970254 -0.4511758 -0.21496071 0.05094151 0.06462798 0.20980205 -0.04499574 -0.10088922 -0.03421572 -0.08032945 0.20026453 0.31467307 0.005107171 -0.06435778 -0.10533786 0.05549814 -0.0034272703 -0.16018084 -0.17466202 0.38200918 0.13068515 -0.10766634 -0.24986447 -0.32184833 0.09230972 0.04574047 0.10540505 -0.1129049 -0.036568467 -0.20552053 0.412907 -0.16432428 -0.17832296 -0.07227688 -0.20004794 -0.24594198 0.031748712 0.0045753033 -0.31426486 0.25024083 -0.05142247 -0.39756352 -0.004788134 -0.00916665 0.23174368 0.03742346 0.08828028 -0.006067339 0.06702944 -0.3756189 -0.18423007 -0.059720885 0.14109348 -0.11573897 0.07866263 0.06299366 0.12382594 -0.07112762 -0.13416551 0.15147325 0.23686089 0.11964547 0.24479213 -0.14253682 -0.104904294 -0.06920875 -0.053513113 -0.2337854 -0.07553768 -0.12735581 -0.33843663 -0.22478053 0.11432709 -0.097606294 0.15833198 -0.36089203 -0.31377727 0.18225305 0.5247128 -0.038707934 0.10232742 0.26442194 0.04694704 -0.011889349 0.012507888 0.1809486 -0.19662786 -0.035475753 -0.07570522 0.12405648 0.40652645 0.029937042 -0.42280546 -0.17848843 -0.059006073 0.05882435 0.0026212037 -0.031012198 0.57913643 0.033243313 -0.34685463 -0.118880585 0.085385405 0.08799636 0.060932644 -0.07091975 -0.036763325 0.19012746 0.11333935 -0.33479255 -0.11095476 -0.26972845 -0.011348524 0.081206135 -0.037843034 -0.0044747028 -0.07463668 0.17897412 -0.21301928 0.20896898 0.11904541 0.019475909 0.328495
AUS 0.20534593 -0.08890489 -0.1272436 -0.008332397 0.30815664 -0.055346023 0.0768734 0.09988258 -0.07351174 0.08658427 0.017633608 0.17911124 -0.0062895734 -0.1250308 0.25924087 0.16059299 0.06290878 -0.30706534 -0.12023006 0.27603772 -0.10061203 0.1014058 -0.058145896 -0.3517768 -0.26035723 0.27463076 0.01582024 -0.0049601113 0.055341296 0.1529259 -0.15292586 0.007314465 -0.09815608 0.29152954 -0.22891068 0.014151532 -0.11546722 0.14087608 -0.15020964 0.03497312 -0.22776058 -0.041824587 -0.141885 0.2453064 0.090054095 -0.17670615 -0.044770457 0.1487267 -0.1672708 0.13716842 -0.17876431 0.17565502 0.3303966 0.0028610325 -0.1591801 -0.11204747 0.40110058 0.142909 -0.06646075 -0.039368086 -0.1527891 0.14426892 -0.06771194 -0.0010383166 0.21032074 -0.0370759 -0.056119394 0.33543634 -0.0026973998 -0.30455917 0.044500105 -0.11206764 -0.27339184 -0.213734 -0.04173079 -0.16848676 -0.30311 -0.08203712 -0.057869405 0.043899573 -0.13040012 -0.23639682 -0.08363925 0.62528133 -0.15454486 0.18696295 0.09450295 -0.051323947 0.1746497 0.04411449 0.08283889 -0.13129224 0.19555862 -0.09076004 -0.005554717 0.03216663 -0.10811611 -0.016346317 0.3153636 -0.109426655 -0.25656623 -0.15533026 -0.022342036 0.19911663 -0.031863235 -0.017224345 -0.18116303 -0.10237821 0.15270865 -0.027330676 0.12514016 -0.02214936 0.12349779 0.26622626 -0.20932218 0.016433557 -0.022849403 0.04373019 0.4985001 0.059292622 -0.14679486 -0.32781893 0.20556879 0.03930202 -0.27831 -0.12825143 0.08916559 0.038406245
NZL 0.048918378 -0.23865947 -0.19855137 0.06978079 0.37637076 -0.14706647 0.027539436 0.14906341 -0.047006533 0.1760368 0.073996365 -0.09960247 -0.18559907 -0.05458448 0.39240575 0.21845022 -0.12237056 -0.29921672 -0.008599928 0.22207026 -0.0915942 0.16295427 -0.046561524 -0.34897316 -0.29739457 0.51878726 -0.034223627 0.24850106 0.07525988 0.028795347 -0.34300402 -0.12575652 0.10487817 0.23512952 -0.18292543 0.103400595 0.060880374 0.10683018 -0.29363912 0.13977732 -0.27497074 0.22932358 -0.22560896 0.17672463 0.21875513 0.16235402 -0.30010727 0.18841332 -0.00015742797 0.28528887 -0.15369487 0.38646528 0.28153244 0.018927846 -0.26884338 -0.22010572 0.36396953 0.16260397 -0.3047588 -0.033195175 -0.2034571 -0.00092515245 0.21550743 -0.07900254 0.10346097 0.016380105 -0.109854564 0.1015809 -0.01819481 -0.31960815 0.0761909 -0.25071684 -0.036554217 -0.23980235 -0.18227392 -0.21022634 -0.36388955 -0.18696077 -0.18251222 -0.13740726 -0.093193755 -0.014520424 -0.090851724 0.44882202 -0.14866456 0.1334223 0.25502115 -0.1156441 0.11857627 0.12024958 0.0013649837 -0.037061058 0.2827314 0.18240024 -0.046840258 0.22555014 -0.2132413 0.057378374 0.113790594 -0.117641866 -0.11887309 -0.06395827 0.15354279 0.07714778 0.06824927 -0.057753753 -0.052925102 -0.11558585 0.10971715 -0.14410833 0.02629015 -0.06721332 0.017249702 0.090947434 -0.2511798 0.059936307 -0.15417337 -0.29468235 0.24805447 0.09202314 -0.057301387 -0.3213141 0.21082564 -0.009302074 0.08126681 -0.036146954 -0.23572066 0.12812197
AGO 0.0798287 -0.27348188 0.047835685 0.32620823 0.2592339 -0.10201109 -0.10150963 -0.26246598 -0.1920097 0.27050868 0.44334385 0.262844 -0.32104704 -0.26458386 0.2694714 0.50960267 -0.121489406 -0.02134073 0.03782635 0.25192812 0.11196135 0.06169562 -0.04688382 -0.03901703 -0.1621558 0.084936835 0.0039546145 0.11060405 0.078754485 -0.025676947 0.19152638 0.09257701 -0.100627504 0.17914526 -0.27037176 0.03180025 0.3876652 0.2580203 0.19415896 -0.3123788 -0.012206907 0.17332138 -0.17234778 -0.04636102 0.18483825 0.11224522 -0.23300254 0.110839166 -0.14773245 -0.090954274 0.03355382 0.08337174 0.23280671 0.25555438 0.048605323 0.13946131 0.17000347 0.1585963 -0.083327375 0.018892838 0.01599857 0.076535694 -0.03439983 0.08099331 0.11730985 -0.047291692 0.12497368 0.1203738 -0.16607472 -0.121210076 0.105369106 -0.07362387 -0.12448001 0.0044330563 -0.039983213 -0.052288286 -0.07261502 -0.06301517 0.15971702 0.38321835 -0.012444391 -0.28335273 -0.16848071 0.4014479 0.08253187 0.24267732 0.14295039 -0.07315373 0.014265136 -0.061034836 0.012024823 -0.13093613 0.2571819 -0.19712 0.057842594 0.040342234 -0.13745783 0.041802417 -0.040675938 0.073489875 -0.31329158 -0.0028787756 0.2072279 0.32994136 -0.092136085 -0.10351602 0.15028559 -0.084140345 0.02046771 -0.13615188 0.13779202 0.043472085 0.00814457 0.14942408 -0.07221746 -0.1463445 0.11797124 0.15306272 0.18544757 0.0305368 -0.13129683 -0.1755083 0.0977207 -0.064286545 -0.34647757 -0.21938846 0.043743875 -0.24135537
DZA -0.15592502 -0.19024718 -0.10173022 0.26858556 -0.091290966 -0.117399424 -0.21576393 -0.21498059 0.12076042 0.19013362 0.23302752 0.12936099 -0.21359074 -0.2054489 0.1187329 0.3026385 -0.18836342 -0.08337065 -0.067670606 0.027297098 0.07247187 -0.005790442 -0.018043665 0.11819386 -0.043833822 0.06080122 -0.05450488 0.13970883 0.025537772 0.13622844 -0.14394736 -0.24376641 0.02484879 0.092440285 0.1382219 0.055623863 0.040138397 -0.040812712 0.3275031 0.10369376 -0.14495157 -0.09267353 -0.17543758 -0.17034842 0.045557152 -0.0094576515 -0.0604811 0.085530415 -0.08477207 0.18675815 -0.13140865 -0.098603144 -0.10092921 0.16388294 0.070291884 -0.0788901 0.19365613 -0.0037452306 -0.24999325 0.046083525 -0.08731205 -0.08645587 0.072096854 0.06885957 0.1263673 -0.014030677 0.23119564 0.28156096 -0.38914904 8.594792e-05 -0.21923673 -0.08410005 -0.015530091 0.0073883072 -0.09057376 -0.117201 -0.08002098 0.13985822 0.041800115 0.15851396 -0.06960865 -0.0029223098 0.11042535 0.3057782 -0.013746774 0.19952798 0.05249871 0.12960969 -0.007894971 0.13295354 0.07854166 -0.09390181 -0.017169878 -0.014562612 0.071174145 -0.005331183 -0.108445086 -0.063121244 0.05996938 0.020721097 -0.1507611 -0.034632448 -0.15254857 0.62763673 0.13187261 -0.32093012 0.30697408 0.022984862 0.014304472 -0.3808791 -0.10904388 0.052272547 -0.115256086 0.19231659 -0.05762419 -0.079466656 -0.096452266 0.04290507 0.044905774 -0.071721435 -0.095223136 -0.05533365 0.13779792 0.30828822 -0.045826957 -0.0868902 0.13600971 -0.12900054
THA -0.16847686 -0.28241962 0.27943552 -0.029008575 0.17228127 -0.23612383 -0.19780885 0.15690315 -0.095518574 0.039562516 0.24309245 0.107279785 -0.03737608 -0.100938104 0.16987051 0.09849874 -0.15179494 -0.10721256 -0.3978217 0.04959761 -0.065355755 0.095324285 -0.051567953 -0.17537037 -0.22860298 0.34140298 0.07423915 0.23284341 0.28705266 -0.0152170295 -0.3630352 0.11277024 -0.07738089 -0.11915405 -0.1920472 0.120850496 -0.0018023337 -0.08735115 -0.21846732 -0.11450742 -0.39556205 0.13889672 0.035583645 0.1501764 0.026424084 -0.07607988 -0.1502727 0.05251014 0.13160357 0.2017178 0.0044776327 -0.024114346 0.31428564 0.15177754 -0.109091215 -0.18717128 0.30062807 -0.0063149347 -0.19547328 0.2719789 -0.08694228 0.14602715 0.17000847 -0.001110617 0.13329701 0.014816625 -0.19621785 0.23818839 -0.002444555 -0.03607316 0.177822 -0.19866684 -0.37849435 -0.35860193 0.043660697 0.01358351 -0.09859525 0.117242046 -0.075076275 0.06184692 -0.11275956 -0.20174818 0.10628782 0.29292983 -0.073047854 0.18266734 0.07239497 -0.18588172 0.07821245 0.08465332 -0.039517622 0.31786737 0.18227844 0.08557482 0.12745193 0.009504881 -0.10162155 -0.21956399 0.25574744 -0.148936 -0.32107678 0.028069777 -0.32411593 -0.2640556 0.009457016 0.14066307 -0.008511215 0.16885665 0.26341555 -0.2745214 0.18016937 -0.35173732 0.10287017 -0.053137843 -0.25410318 0.031235615 0.037368387 0.17227577 0.21751647 -0.099070966 -0.082968354 -0.24253519 -0.11521446 0.018424453 -0.16679005 0.09047244 -0.12994522 0.07965998
MYS 0.14294429 0.014615369 -0.15515336 -0.07150292 0.21788226 0.012019607 -0.08788011 -0.002963773 -0.093169205 0.111046016 -0.10755474 0.14047474 0.035544597 -0.11746496 0.26335132 0.117081754 0.055007707 -0.07643513 -0.06603894 0.17686723 -0.22880778 0.14252466 -0.03648674 -0.22303583 0.036381457 0.2026327 0.17932811 -0.028932406 0.053568818 0.23260097 -0.14595853 0.007475396 -0.14904423 0.20906775 -0.27347022 0.06531517 -0.11584234 0.12587066 -0.12772891 0.04232392 -0.28607506 -0.1266154 -0.0648914 0.28341964 0.07276245 -0.25248253 -0.07958674 0.0031092619 -0.18104412 0.08298198 -0.11940628 0.0077130785 0.34052426 -0.1350685 -0.07166064 0.012407206 0.26300263 0.123946 -0.025236247 -0.11816771 -0.16205603 0.03449905 -0.13727923 -0.04630815 0.26500747 -0.14958675 -0.05589415 0.4000966 -0.13213551 -0.27747318 -0.03895714 -0.12300341 -0.3956011 -0.10448545 -0.06361923 -0.185718 -0.3025903 -0.0082618175 0.11253686 0.20228505 -0.09424867 -0.20473428 -0.03285383 0.6190455 -0.18851545 0.15235813 -0.0022780346 -0.12935226 0.2644956 0.003489428 0.19473128 -0.13924 0.22950044 -0.035551667 0.21761602 0.069563515 -0.22694126 0.02383677 0.34813464 -0.23629528 -0.12884909 -0.21645144 -0.25081155 0.19322471 -0.048107523 -0.03485245 -0.09676576 -0.107626334 0.102987304 -0.03926261 0.20846233 -0.1295575 0.068574175 0.28472242 -0.1776863 -0.059022963 -0.032245554 0.11879107 0.44166994 0.023118125 -0.049313713 -0.21530661 0.02014135 0.1600073 -0.24578397 -0.13510843 0.08920187 0.09572704
BEL -0.04771458 -0.11643375 0.080349445 0.24931291 0.29551926 -0.26531413 -0.31708774 -0.009857052 0.0990647 -0.06772566 0.14999397 -0.15774234 -0.11906297 0.14414017 -0.23841564 0.08847649 0.035916626 0.0543587 -0.23719838 -0.031706475 -0.13505457 0.14887452 -0.062823005 -0.32850233 0.25235766 0.10164209 -0.028812455 -0.1403831 -0.32980752 0.1988876 -0.19007748 0.24524431 -0.19821161 -0.032514554 -0.23082186 0.25992256 0.06850674 -0.227824 -0.16159463 -0.10360113 -0.09507692 -0.021364339 0.21727428 -0.33044633 -0.027033411 -0.03700454 -0.280253 -0.07646301 0.2605928 -0.047911096 0.080508076 0.15976651 0.2573607 -0.007809008 -0.37960798 -0.011160908 0.060267005 0.040216472 -0.077719435 0.119915016 0.12828575 0.06237938 -0.034491 0.14823404 -0.00088329223 0.1403602 0.08061125 0.28957677 -0.25952822 -0.21329552 0.03298199 -0.25776175 -0.4369194 -0.07603992 0.037930995 -0.18045844 -0.2442327 -0.06307754 -0.12842809 0.02341242 -0.24825394 -0.40240806 0.3138489 0.22197059 -0.071009345 0.060259696 0.09519913 0.06409588 -0.04941917 0.061565798 0.23953506 -0.05620608 -0.038161766 -0.13293755 0.21248966 0.46251035 -0.24140194 -0.09135672 -0.025978662 -0.16444783 0.1725656 -0.048194274 -0.17547964 0.2050056 0.20400359 -0.13838266 -0.01925983 0.16073114 0.13831577 0.17439231 0.16806722 0.0039919647 0.10933218 0.3432136 -0.45868275 0.08318989 -0.21699741 -0.061093956 0.31902826 -0.08838349 -0.1492502 -0.03906793 0.31431 -0.16062401 0.28047982 0.06600113 0.113009326 0.14294963
IRN -0.17566678 -0.05651802 0.044399664 0.34957474 0.16996726 -0.1814419 -0.21027702 -0.057294853 -0.17000675 0.17096429 0.23561801 -0.027745064 -0.053214073 -0.16493316 0.12913539 0.14221656 -0.18421578 0.014226006 -0.13749096 0.13913402 0.15451196 0.046141446 -0.09893984 -0.031676907 -0.017106649 0.25645387 -0.034903333 0.1602933 0.17611533 0.056486733 -0.27681145 0.120368004 -0.062079724 0.04912992 -0.07349512 0.092656575 0.22473386 -0.05751528 0.034064196 -0.1325593 -0.010784079 0.09699813 0.051564604 -0.0897602 0.011489816 0.1295786 -0.1799478 0.010774606 0.19399327 0.06828333 0.009950466 0.034299247 0.12476207 0.10286704 -0.14497514 -0.16627112 0.23124655 0.13546525 -0.25086972 0.114885695 -0.022116296 0.009183392 0.1568066 0.08373339 -0.009425947 0.22299938 0.12851754 0.25439554 -0.00024203851 -0.15228583 -0.0339767 -0.16225597 -0.3286396 -0.21608222 0.06710832 0.20085548 -0.059314374 0.118639305 -0.032128286 0.13747938 -0.05311486 -0.16086327 0.1404595 0.35260186 -0.16830552 0.23687688 -0.04583422 1.9391358e-05 0.025321262 0.07580142 -0.02375961 0.050911464 0.10362248 0.042497925 0.011087178 -0.09435013 -0.06147455 0.072795376 0.07692046 0.00546982 -0.17882383 0.056149162 -0.12547368 0.095489874 -0.043712586 0.043692518 0.13066156 0.12115366 0.15746331 -0.22579055 0.13178422 -0.16007 0.11459244 0.06677969 -0.22588187 -0.22120337 -0.010178699 0.06482306 0.1781886 -0.077702984 -0.07436255 -0.100621074 0.19070578 0.07084866 -0.06897792 0.16593944 -0.023866901 0.0025123144
CIV 0.077135086 -0.17157029 0.06192039 -0.019480653 -0.14522588 -0.09203786 -0.11056616 -0.19891864 0.14547053 0.114779085 0.40717852 0.28267038 -0.2366962 -0.07430863 0.3364195 0.27424356 -0.02221995 0.10346838 -0.11605363 0.046596188 0.19093305 0.3147922 -0.0272633 -0.40653375 -0.39665526 -0.033211824 -0.04884303 0.22999005 0.115605175 0.20556533 -0.019291094 -0.22783896 0.0216294 0.08045277 -0.15194294 0.10318992 0.33157983 0.008345611 0.18617697 -0.012219794 0.020691833 0.033120975 0.05157303 -0.34526667 0.10039152 -0.059358407 -0.2896652 -0.09636002 0.07276647 -0.02889403 -0.09165379 -0.14832473 -0.03945175 0.35836205 -0.19153401 0.21416004 0.2857834 0.091483325 0.011577319 0.19141404 0.049926575 0.38454613 -0.14791083 -0.10648844 0.24659012 0.14849238 -0.08287131 0.14412546 -0.094011724 -0.18816249 0.18894655 -0.1800235 -0.132852 -0.18211336 0.05679937 -0.014219838 0.1432249 0.074405186 -0.15324196 0.12465963 -0.1604432 -0.061589833 0.23180996 0.42701164 -0.0075813103 0.14941895 0.020860098 0.032346252 -0.103430584 -0.14637141 -0.08508479 -0.15742865 -0.054759037 -0.0077012824 0.10938744 0.1500779 0.13295434 -0.1939297 -0.067288585 -0.16082624 -0.3232103 0.12597471 -0.051009383 0.37565827 0.048996557 -0.13185574 0.14319907 0.08187897 -0.102960184 -0.17636628 0.14801626 0.29630715 0.015618368 0.21217592 0.16438702 0.055234432 -0.020039603 -0.110123135 0.037704427 -0.10591046 -0.210732 0.083344154 -0.20148854 0.16713467 -0.24407433 0.14424495 0.0812412 -0.18027964
GAB -0.06702628 -0.0034359824 0.13981508 0.13039388 -0.13368724 -0.15945975 -0.051482085 -0.12573202 0.12157366 0.16165633 0.26668373 -0.07444944 -0.30611947 0.0069117234 0.22743559 0.29479477 -0.06676337 0.17546377 -0.20723191 0.20827813 0.002708341 0.38908288 -0.06479072 -0.42116663 -0.3304314 0.04000821 -0.1740465 0.43741733 -0.16859181 0.44098976 -0.18315655 -0.10355889 -0.17700572 -0.06895199 -0.16326937 0.08787318 0.35818276 0.031473786 -0.006095082 0.09688277 -0.11942031 -0.054264456 0.0927203 -0.24862991 -0.026254352 -0.14432868 -0.28732216 -0.22495256 0.08645114 -0.085731104 0.07753451 0.07174506 0.19077991 0.18005665 -0.22012241 0.29433152 0.33663598 0.039433915 -0.09041981 0.38272524 0.027344793 0.25857297 -0.065523416 0.015600947 -0.097962454 0.10145901 0.0510256 0.12800269 -0.37254077 0.07473121 0.060985602 -0.22754844 -0.06527277 0.064519584 0.0469282 -0.13093548 -0.02638994 0.12990873 -0.17176807 0.12289456 -0.16430764 -0.12108211 0.2769947 0.3004554 -0.040463924 0.14479193 -0.12743968 0.0053180354 -0.13221844 0.08261077 0.12954259 -0.13334723 -0.052558765 -0.032122992 0.24102962 0.27167052 -0.17313583 0.08518727 -0.21044834 -0.1605858 -0.011864459 0.0072051105 -0.22289516 0.33038142 0.2145872 -0.13443281 0.3394624 -0.048638735 -0.1751698 -0.078168415 0.21583447 0.121720396 -0.15778507 0.37330425 -0.13961603 0.1131754 -0.17314579 0.00069995446 0.15765189 -0.1937936 -0.23902433 0.14431892 -0.0720258 0.09844208 -0.004471108 -0.00889016 0.11467161 -0.07969949
SDN -0.16071656 -0.18882395 -0.064262755 -0.063316524 -0.060019046 0.05889259 -0.11243119 0.090701915 0.022738192 0.20378478 0.10648785 0.0022682273 -0.11092828 -0.14046331 0.067850955 0.0149824545 0.12512356 -0.042439874 -0.3362016 -0.12891057 -0.14327095 0.2002757 -0.2672502 -0.16123918 -0.071780935 0.4990387 0.09473787 0.3407263 0.41590506 -0.20150806 -0.33609274 0.032032322 -0.16825442 -0.011852102 0.057547368 0.28887334 -0.20487897 -0.07498888 -0.13774467 0.033139642 -0.16736822 0.15235616 -0.08272945 -0.119723864 -0.06913639 -0.001400308 -0.09602932 -0.012673406 -0.23747414 0.074454404 0.10692301 0.05368747 0.3196748 0.047607657 0.0983086 0.038451202 -0.011291474 0.13031973 -0.33326378 0.05565419 -0.14589521 -0.13020155 -0.015866578 0.062751755 0.35028595 -0.15040992 -0.18161993 0.059619755 -0.39257818 -0.24148922 -0.23500614 -0.39984432 -0.31226254 -0.003196903 -0.14309342 -0.20818187 -0.15698855 -0.0064656287 0.049090255 0.3918023 -0.016074471 -0.0036867121 -0.028938686 0.12468119 0.06312093 0.19339128 -0.1146211 -0.28034437 -0.0053023836 -0.013636052 -0.111159295 0.2180229 0.13003835 0.040584322 0.28835827 0.10751893 -0.10521631 -0.3143611 -0.07737411 -0.27145806 -0.3472219 -0.1872503 0.12724355 0.12108508 0.37206256 -0.40892446 0.07344785 -0.092267014 0.14466088 -0.3028411 0.15273768 -0.2880179 0.12542409 0.2452538 -0.13224696 0.1304276 -0.122551896 -0.14711842 0.098115936 -0.18282664 -0.07180489 -0.25231662 -0.0823403 0.3648706 -0.34083033 -0.24348633 0.038905967 -0.36679623
TUR -0.27610192 -0.23082775 0.09731815 0.11605841 -0.08891579 0.013758749 0.008708705 -0.19557598 0.039743185 0.3386569 0.2498294 0.03615594 -0.17469235 -0.11516872 -0.013349123 0.08138621 0.21052511 -0.09161222 -0.5383123 -0.12982398 -0.107351735 0.07401451 -0.18883935 0.031729512 -0.1220985 0.21613401 -0.22179815 0.26045048 0.21194737 -0.065342136 -0.1189138 0.064354315 0.036414325 -0.094908625 0.2307698 0.20554073 0.13743939 -0.31185946 -0.022518933 0.10110178 -0.2818124 0.22105834 -0.02710779 -0.18818073 0.010756945 0.011619288 -0.26542765 0.074241295 -0.049959466 0.20133404 0.124223106 0.16508241 0.11751328 0.049019057 0.020678075 0.014039815 0.024022534 -0.056951065 -0.13627379 0.14601009 -0.06643812 -0.15346438 0.11350499 0.119565874 0.08148946 -0.07076936 0.20547225 -0.027364582 -0.31060654 -0.15394098 0.10574311 -0.28558987 -0.08075738 0.0399511 0.028653245 -0.12679185 0.16578469 -0.04934167 0.026337722 -0.14104365 0.0656314 -0.21808617 0.2383853 0.43007645 -0.2047853 0.19002643 0.0690572 -0.11364874 -0.04073344 -0.0027615463 0.09729668 0.3434739 0.026663758 -0.18412589 0.36424395 0.21806228 0.0779101 -0.3985591 -0.20595905 -0.17877008 -0.11542235 0.12790751 0.045069486 0.3062063 0.29284024 -0.30962008 0.2812927 0.13997698 0.31733027 -0.19719745 0.2286688 -0.026613686 -0.07920611 0.23329623 -0.062054455 -0.0046927184 -0.058684178 0.045021728 -0.25464183 -0.20595473 0.0377405 -0.14372231 0.16072829 0.37894934 -0.12146484 0.034404654 0.05512969 -0.39842397
COG 0.17487346 0.0034224289 0.16027628 0.1483644 0.04970037 -0.24692674 0.062091507 0.16233097 0.08925824 -0.020377107 0.2663221 0.008519047 -0.3048407 0.03264355 0.018868256 0.1779592 -0.12158308 -0.111629836 -0.11298591 -0.007707757 0.01041496 0.3361547 0.10925952 -0.3562284 -0.022964267 -0.015384365 -0.1266715 0.08228326 -0.21574616 0.20215894 -0.12070939 -0.10713745 0.06828292 -0.0046025002 -0.15430145 0.10152619 0.3337281 -0.20401393 0.10065122 0.09549503 -0.08234369 -0.0043406063 0.11971941 -0.09890059 -0.038036626 0.0839817 -0.18540806 -0.13144922 0.045243148 -0.061066862 0.050608892 0.22965273 0.071977854 0.033410735 -0.14734727 0.08486905 0.30000395 -0.078730494 -0.06688252 0.15679823 0.03422059 0.07284972 -0.048293117 0.16085859 -0.050673652 -0.19199173 0.20724988 0.22580063 -0.35646573 0.038102683 0.084741026 -0.2197532 -0.14875299 0.07842133 0.00065966067 -0.10073377 -0.16517682 -0.19585644 -0.05340694 -0.12387438 -0.24981742 -0.21861513 0.38984364 0.19009674 0.015277869 0.082459636 0.14236245 -0.036104966 -0.11067159 0.018223526 0.036569264 -0.07970777 0.06902021 -0.19657807 0.20393898 0.34570912 -0.18770643 -0.107937016 -0.15901707 -0.26550072 0.06375935 0.104271494 -0.15930212 0.30118227 0.2585181 -0.20996389 0.30179226 0.20226362 0.15929098 -0.051461443 0.34583652 0.22166708 -0.19379877 0.5091487 -0.30945346 0.1923876 -0.12121366 -0.036123488 0.29898956 -0.12388688 -0.19397743 -0.014453985 0.2751784 0.20413299 0.05479927 -0.06478089 0.14206646 -0.029932782
ITA -0.17785546 -0.116909675 0.08913261 0.2534104 0.15564805 -0.13506046 -0.54076886 -0.16944888 -0.04551454 0.09115732 0.20833614 0.13336197 0.08150356 -0.09202138 -0.015046063 0.12846746 -0.14690585 0.12385656 -0.345215 -0.03003853 0.21937875 0.056439843 -0.055144686 0.04333574 0.21334709 0.07965228 0.09995466 0.042093497 0.15486659 0.06420107 -0.15466031 0.16917278 -0.17541718 -0.10106567 -0.05553369 0.11207738 -0.041063353 -0.14853492 0.055347066 -0.27501053 -0.15805262 0.007899621 0.09933347 -0.22235925 -0.019821398 0.057153914 -0.059953254 0.023959082 0.015845276 0.16821276 0.024857644 -0.117606595 0.08085747 0.19501057 -0.24702129 -0.013997809 0.19675 0.099002376 -0.1021558 0.3823428 0.012796319 0.14578068 -0.0076512042 0.02921132 0.067309864 0.24638547 0.12995026 0.20265281 -0.1547687 -0.0153004415 -0.13337998 -0.117676646 -0.34783676 -0.14071672 0.11671652 0.12698855 0.045937594 0.41140053 -0.080343254 0.34270146 -0.2406029 -0.2955777 0.06674475 0.4396127 -0.06360753 0.14815357 0.090029046 0.014583589 -0.12663417 0.022443557 0.095827706 -0.018707823 0.054770928 -0.008707571 0.24457492 -0.0054362407 0.1231919 -0.1588825 -0.0016424053 0.10504104 -0.14079858 0.08291067 -0.20170258 0.0787408 -0.07285667 -0.106906325 0.06956784 0.28760433 0.06986775 -0.06400775 0.07530177 -0.21424466 0.18293016 0.011725611 -0.34629425 -0.17752498 0.02255343 0.28968436 0.09763565 -0.22129734 -0.033988412 -0.034853794 -0.06185516 0.051571142 -0.041274417 0.11782798 -0.08900377 0.07028135
IRQ -0.06330477 -0.100528575 -0.14604405 0.065880805 -0.09597007 -0.18214187 -0.19638853 -0.0419655 -0.069242395 0.15933481 0.07289079 0.1611893 -0.2681586 -0.18370277 0.093706936 0.12399396 -0.15446675 -0.038283512 -0.18693517 -0.24234511 -0.16330545 0.13962759 -0.08289165 0.08357478 0.21475323 0.2116826 0.17812994 0.058445957 0.27916908 -0.13233423 -0.21768974 -0.14007598 -0.14508367 0.099646606 -0.09642387 0.2294222 -0.15645105 0.004560697 0.20150554 -0.15531087 -0.10949801 0.16637258 -0.15768166 -0.20821609 0.093174756 0.3413658 -0.24368158 -0.025699856 -0.12625511 0.17763495 -0.13496964 0.13935138 0.0042918446 -0.020344203 -0.057716634 0.15858106 0.04086305 0.07461271 -0.25905892 -0.050187748 0.05632756 -0.057939228 -0.062940255 0.10189875 0.28767094 -0.27412254 -0.14696084 0.038267244 -0.23158926 -0.24384458 -0.30484703 -0.1961064 -0.21541454 0.015918162 -0.19144137 0.0008905716 -0.22616678 0.14461033 0.20486696 0.48959175 -0.07143353 0.046941336 0.1799584 0.22569893 -0.10503119 0.172824 -0.026178185 0.010280107 0.053448923 0.12881845 0.012212903 -0.010970304 0.054470345 0.10145081 0.18523148 0.06964022 -0.19349319 -0.11736154 -0.07128887 -0.018959757 -0.3174797 0.089821786 0.013679441 0.15209095 0.16147755 -0.45942944 0.16170168 0.06535729 -0.059635703 -0.21059504 0.121003635 -0.1544671 0.12606072 0.26916936 -0.086340204 -0.14908828 -0.0667872 -0.20675917 0.13051404 0.025982462 -0.08983493 -0.1192678 -0.019572694 0.29358688 -0.061165277 -0.21619582 0.030917773 -0.21865405
ESP -0.16561675 -0.49848914 0.20778781 0.080902494 0.082440026 -0.0772172 -0.15612574 -0.41387013 -0.09360055 0.17776652 0.102600574 0.222776 -0.45893916 -0.044400107 0.20473047 0.3939405 -0.26071027 0.075312294 -0.25830036 -0.060014714 -0.08541209 0.19483833 -0.05624872 0.027278008 -0.17078444 0.16267084 0.0294578 0.15243226 0.049600095 0.010469716 0.06406096 -0.014019549 0.018094692 -0.045442518 -0.2936845 0.008344051 0.1951269 -0.025240602 -0.051864397 -0.15383561 -0.30998486 0.292981 -0.33709395 0.022053951 0.1855276 0.113523126 -0.49323237 0.12224063 -0.07304664 0.008699213 0.048437502 0.16925143 0.27745223 0.035577472 -0.14230879 0.18642278 0.22253442 -0.051715188 -0.049305648 -0.01860273 -0.08155616 0.03958898 0.18529285 0.12405292 0.13230664 0.0100078555 0.07819507 -0.051928464 -0.117004365 -0.105137095 0.06386615 -0.1458449 -0.058688745 -0.123384714 -0.13321638 -0.08223362 -0.14932087 0.21808435 0.10861222 0.20757176 0.019319193 -0.14833242 -0.057452515 0.120144 -0.05913805 -0.150098 0.033558656 -0.08267867 0.089125186 -0.031812683 0.07358216 0.30043286 0.0821152 -0.18336205 0.259685 0.16783072 -0.25046787 -0.063421816 -0.011015975 -0.13255534 -0.25461194 0.15326619 -0.1498646 0.032025017 0.13022882 0.01603274 0.038516965 -0.07548098 0.062687874 0.026186367 0.24714759 -0.1623976 0.0038278445 0.06830513 -0.02710394 0.1784081 -0.16171119 -0.03855172 0.12381913 -0.023868933 0.07886254 -0.19586521 -0.07440124 0.015534978 -0.2379026 0.030266605 -0.110483035 -0.026740583
IDN -0.09180175 -0.21491873 0.012271026 -0.044876795 -0.03531172 -0.019618317 -0.12114626 -0.09477708 -0.07313007 0.29007077 0.1026287 0.2979721 -0.103387676 -0.16851282 0.09970034 0.12777233 0.09826667 -0.16867356 -0.18181941 0.06350956 -0.25994042 -0.012877354 -0.1334869 -0.15704145 -0.0656547 0.05349168 0.086201824 -0.016526962 0.0031970644 0.058498647 -0.055779472 0.0007781526 -0.09858085 0.12680723 -0.019219987 -0.047317427 -0.30561063 -0.03674258 -0.021617439 0.07221355 -0.2369959 -0.118687555 -0.13641419 0.08960897 0.07076675 -0.14966428 -0.108570255 0.14270698 -0.19693261 0.21058774 -0.17899269 0.00076104293 0.26667276 -0.16687907 -0.02386483 0.043760248 0.23558532 0.03582907 0.108328894 0.069754764 -0.13865133 0.122962296 -0.21390381 0.07199823 0.31895727 -0.18397485 0.015766468 0.2613053 -0.14221798 -0.15620191 -0.079991326 -0.044900037 -0.11256735 -0.20519212 0.010234261 -0.20420398 -0.12364481 0.18916714 0.07464966 0.26171643 -0.16586241 -0.16539747 -0.04386773 0.5531357 -0.09137467 0.22495236 0.1292972 -0.16320632 0.06736397 0.026936099 0.23784326 -0.029025724 0.22397752 -0.07192754 0.15113111 0.09674819 -0.18539056 -0.14421481 0.2073485 -0.1880283 -0.11053368 -0.18112311 -0.15465926 0.11238057 -0.03003962 -0.036745925 -0.007881483 -0.14252788 0.11584724 -0.013760858 0.10346415 -0.06525224 0.18779846 0.23937735 -0.10654513 -0.02311907 -0.07085636 0.14939429 0.22844589 0.040848147 -0.02964299 -0.17378311 0.03142259 0.1164453 -0.29194722 -0.051803816 0.17631435 -0.20070241
DEU -0.15338798 -0.20910105 0.10723698 0.5634547 0.019760929 -0.30353594 -0.29726627 -0.24382986 -0.10580042 0.25508562 0.19653617 0.022517348 -0.2971658 -0.098010756 0.16422541 0.3425607 -0.30297425 0.17240521 -0.2743939 0.16573042 -0.20314194 0.15735194 -0.13951358 -0.1094945 0.012887498 0.13315457 -0.15645194 0.18597253 -0.048899833 0.26073486 -0.34300634 0.16514432 -0.04601707 -0.008746869 -0.07051175 0.20156394 0.25823203 -0.0826389 0.065277256 0.11791546 0.07683065 -0.056699857 0.0394083 -0.31897303 -0.017883383 0.21245311 -0.46148863 0.01246109 0.35892543 0.15029906 -0.11513404 0.16314116 -0.01615764 -0.056982614 -0.15672515 0.09883043 0.13212644 0.05020145 -0.29072112 -0.04714774 0.0335326 -0.0136602195 0.06627494 0.15854008 -0.05856813 0.01186817 0.22038981 0.24734123 -0.19077536 -0.31164247 -0.025154965 -0.2997109 -0.23494038 -0.19358236 0.105110265 0.058268946 -0.031165328 0.017864253 0.008018742 -0.023409601 0.03536032 -0.08603753 0.35948396 0.11070493 -0.22709472 0.23251112 -0.14414874 0.070413105 0.07924215 0.17972828 0.16855928 0.010297528 -0.015630784 -0.03027821 -0.034742028 0.08538207 -0.34644264 0.09772063 -0.015007847 -0.04533472 0.16404128 -0.09732739 -0.20981692 0.097259074 0.14040507 -0.0045671626 0.38586536 0.105661735 0.20886141 -0.07974183 0.05310835 -0.02695587 -0.032989897 0.10911315 -0.23875484 -0.074356414 -0.18343881 -0.02000027 -0.040836383 0.13486157 -0.030638333 0.17095679 0.22409913 0.09033142 0.238967 0.19813547 0.12584569 -0.11100762
GRC -0.053353686 -0.32558066 0.080440946 0.19326809 0.031173022 0.061188582 -0.16609882 -0.18358646 -0.020925092 -0.035911527 -0.13573217 0.076884635 0.10924283 -0.1037432 0.15177241 0.16380283 -0.07016669 0.060844745 -0.061421786 -0.0018102963 -0.003229743 0.020345753 0.1005241 -0.057070214 -0.16813321 0.11423781 -0.04541204 0.18901822 -0.01031061 0.14639261 -0.19616346 0.13777368 -0.13572131 0.062469605 -0.033996 0.12887144 0.1884791 0.057449896 -0.014190125 -0.05903837 -0.09695374 0.07665592 -0.11092482 -0.042671923 -0.06479218 -0.007472454 -0.0037383433 -0.025518093 0.13498563 0.023050686 -0.015972741 -0.0072317873 0.07530405 0.0121752815 -0.20038715 -0.120214656 -0.0021901997 0.060484864 -0.1462304 0.011227067 -0.160922 -0.14948821 0.16961832 0.22045036 0.022425495 0.23258649 0.09847834 0.30821943 -0.024896938 -0.45475793 -0.095170304 -0.31471097 -0.47236395 -0.2848188 -0.020732082 -0.09078733 -0.15553302 0.17141362 0.022229536 0.103259936 -0.041718252 -0.17220113 0.046706535 0.60489887 -0.19145316 0.04780446 0.05368707 -0.10932286 0.22683015 0.12704463 -0.00013212606 0.114331156 0.14238669 0.038911056 0.30138546 -0.06342824 -0.1344682 0.10218582 0.04864638 -0.12437265 -0.16388656 0.17996824 -0.24493384 0.08600663 0.16005579 0.037683293 0.06937291 0.05576298 0.17168248 -0.05583526 0.0041031563 -0.2847984 -0.002120716 -0.06213069 -0.29127657 0.05496679 0.08205603 0.050268583 0.23154314 -0.22060098 -0.106734976 -0.22946288 0.1458375 0.024353797 -0.20456718 0.09709086 -0.11060881 0.07117468
TZA -0.2435773 -0.15310231 0.11831834 0.086814135 -0.13896655 -0.24305479 0.07351099 0.089602984 -0.17565756 0.30698937 0.25988343 0.20523043 -0.23887525 -0.28265616 0.14176358 0.032964807 -0.06345566 -0.25101456 -0.18844616 0.12529632 -0.16700347 0.073375896 -0.20665504 -0.26956254 -0.13479036 0.21835864 0.03692003 0.10393636 0.12029211 -0.0067089056 -0.26231277 -0.14512412 -0.08833768 0.11313923 0.11762024 -0.12523496 -0.35785857 -0.2417306 0.09452745 0.077690534 0.029325545 -0.21516849 -0.08998971 0.048744578 0.106827855 0.21797706 -0.2360763 0.08011832 -0.062036738 0.27333707 -0.32956323 0.18472454 0.19770618 -0.23169048 -0.079808235 0.03863379 0.30385032 0.056677103 0.041824803 0.133024 -0.025117896 0.21845832 -0.26187432 0.045143798 0.17544545 -0.2778878 0.16147292 0.20281206 -0.10005115 -0.028205087 -0.12992169 -0.04143673 -0.22710232 -0.2801621 0.113191456 -0.014737117 -0.0913607 0.23667498 0.032638174 0.32924 -0.2014604 0.014283157 0.16894563 0.50618386 -0.0070582917 0.49060827 0.030926548 -0.19263655 0.00677274 0.22834674 0.2851601 0.06201934 0.353474 -0.113053955 -0.09999628 0.092732295 -0.34414935 -0.13515323 0.11689188 -0.15311027 -0.14871956 -0.18610238 -0.18989672 0.027899357 -0.029300882 0.0013362612 0.0970191 -0.13413686 0.13525793 -0.22062375 0.16859569 0.056181327 0.21162806 0.26127404 -0.122803815 -0.22659226 -0.023300618 0.07452857 0.13176458 0.09531987 -0.1849526 0.0939245 0.16632257 0.051788453 -0.16480699 -0.07296964 0.36440697 -0.3369197
ISR -0.26251483 -0.16140369 0.192052 0.101845466 0.040153205 -0.006123901 -0.22168247 -0.08308642 0.05961995 0.23970957 0.20619439 0.0993594 -0.09552316 -0.13778295 0.069468334 0.060322918 -0.11841578 -0.23256451 -0.33603844 0.005759519 0.09641833 0.061003532 0.0068663512 -0.19613644 -0.2849938 0.11950929 0.018350424 0.06164253 -0.037280608 0.10765394 -0.19904874 -0.14238515 -0.10302211 -0.04431168 0.088913195 -0.09041604 -0.009111132 -0.42885914 0.019333124 -0.06853811 -0.29858518 -0.08474634 -0.019139085 -0.059509467 0.2517905 0.14441508 -0.31563982 0.10424217 0.019045584 0.22997153 -0.14562522 0.037608843 0.07527961 -0.058744032 -0.28925374 -0.09955798 0.41127408 -0.014268978 0.11032887 0.19768466 -0.1343178 0.12383957 0.0005801113 0.06067096 0.014492676 0.14899866 0.30178443 0.123628505 -0.049140707 0.072036415 0.066779785 0.0031127161 -0.24273805 -0.17351125 0.2421466 0.047626395 0.022002421 0.4329765 -0.221718 0.032257654 -0.19522932 -0.14079975 0.22612077 0.45170835 -0.16014743 0.18454798 0.23016228 0.01061805 -0.05105289 0.23244181 0.2588949 0.14795436 0.12852961 -0.14677523 0.15219106 0.083230466 0.027807988 -0.13730305 0.048963003 -0.03664614 0.047117807 0.17963602 -0.35853842 0.04555561 -0.011777471 0.053605862 0.078373514 0.07894864 0.10853979 -0.11849708 0.15050676 -0.013144902 0.15396345 0.09980889 -0.14411092 -0.042155262 0.08260483 0.28746423 0.062097494 -0.21623743 0.030518556 0.054346584 0.12695608 0.06306878 -0.0774852 0.16758606 0.07055416 -0.00702225
GHA -0.0102045145 -0.27375415 0.12263709 0.053260736 -0.2198039 -0.118645005 -0.042611394 -0.35546514 0.15095752 0.118292764 0.29700625 0.21330686 -0.2750181 0.010910985 0.30479097 0.34057733 0.09184368 0.15752707 -0.17536391 0.06670736 0.054496802 0.30897272 -0.05088041 -0.44781375 -0.4589743 -0.0815906 -0.2629097 0.3525652 -0.06957181 0.40656808 -0.02235764 -0.068087384 -0.04141007 0.0472685 -0.13910857 0.16516383 0.41373035 0.14852151 0.14211003 0.0683653 -0.0026990385 0.08625404 0.081118055 -0.38228264 -0.06953745 -0.24238615 -0.23234059 -0.18148257 0.23672609 -0.13638316 0.021005182 -0.1366486 0.15143913 0.31091586 -0.21707134 0.2532698 0.24681406 0.02080148 0.081591584 0.27508557 0.111910306 0.3178214 -0.08415576 0.049462628 0.09993195 0.21359745 -0.05438464 0.23905033 -0.1461578 -0.3544677 0.26970634 -0.29164496 -0.057498932 -0.16578329 0.0774458 -0.14393176 0.13897982 0.08180727 -0.18580298 -0.03208834 -0.11348994 -0.21294941 0.20054105 0.5638145 -0.08503684 0.043697502 -0.103901714 -0.03073034 -0.050319154 -0.1429713 -0.017935026 -0.08042756 -0.09412619 -0.029220182 0.29594857 0.17853168 0.05121278 -0.060877994 -0.16418885 -0.30071998 -0.25338814 0.16264102 -0.10302822 0.34466058 0.16726232 -0.1040442 0.19500995 0.0733607 -0.08099051 -0.03237435 0.24426253 0.25631312 -0.12472003 0.25680852 0.06797093 0.1646141 -0.013727089 -0.096855946 0.055851802 -0.17177059 -0.2917878 0.077912115 -0.1339719 0.07485089 -0.24704264 0.19688952 0.091613404 -0.18551986
SYR -0.06220826 -0.11270015 0.20462151 0.24937458 0.13704143 0.0058637164 -0.16925183 -0.0043264544 0.01055285 0.17055236 0.25245792 -0.025863038 -0.039776683 -0.15469114 0.07996884 0.044217657 0.014625708 -0.17196503 -0.5021382 0.016841836 0.040656965 0.19242324 0.017379299 -0.016487211 -0.11051733 0.22183347 -0.15595217 0.3079317 0.16880316 0.0028285256 -0.13501519 0.05194775 -0.009401607 -0.25578025 -0.02334037 0.22408924 0.23475556 -0.31781456 -0.13522063 0.090308815 -0.5289427 0.11301938 -0.03963354 -0.03317566 0.0408837 0.04411782 -0.22190414 0.0532021 -0.08215902 0.21592115 0.17223176 0.28455988 -0.11323511 0.10290594 -0.088103056 0.034452993 0.013080596 -0.15651612 -0.10094046 0.25780502 -0.060221087 -0.15931931 0.19414239 0.12862258 -0.050598357 -0.11625985 0.36025444 0.21241729 -0.33790898 -0.067492835 0.25222316 -0.23632176 -0.2619948 -0.049544293 0.07712915 -0.17441033 0.01864637 -0.11042234 0.17217198 -0.31406224 -0.04573614 -0.19862734 0.25982505 0.55898637 -0.29548126 0.20576887 0.25086942 -0.09404765 -0.030866733 -0.12137708 0.06829903 0.30911815 0.035180937 -0.17468789 0.44546837 0.26120105 0.20880575 -0.40525797 -0.21602553 -0.04709083 -0.13372743 0.26328564 -0.061839238 0.22106294 0.24336149 -0.16123156 0.3297263 0.2909907 0.37064043 -0.20820038 0.33179414 -0.0010896313 -0.23493817 0.19797406 -0.18716955 -0.04793009 -0.035066847 0.17582096 -0.10364098 -0.24723749 0.13287243 -0.25240123 0.28669462 0.31025252 -0.026722623 0.008253347 -0.08460413 -0.13091521
MEX 0.0805478 -0.047011472 -0.25451025 0.034985382 0.1535907 -0.0040090634 -0.33368173 -0.32065937 0.17299984 0.12694603 -0.11433813 0.20969425 -0.157878 -0.0029155938 0.13699819 0.38452837 0.089613035 0.027782086 -0.045254417 -0.13291271 -0.061893895 0.12405693 -0.0040308763 -0.025736012 0.22396374 0.16830264 -0.030129185 -0.20935193 -0.2506782 0.22105461 -0.029902609 -0.19543472 0.02838685 0.08327646 -0.13285848 0.23842783 -0.12581173 -0.051980227 0.055735458 -0.11648431 -0.27371213 -0.004313112 -0.26852483 -0.18197869 0.2977739 0.06999713 -0.33309388 0.00080482056 -0.2617068 0.2739807 -0.13644345 0.19289507 -0.08524934 0.012216186 -0.34730053 -0.10773874 0.17658295 0.12257344 -0.19141641 -0.08013632 -0.16802363 0.038694613 -0.094432466 -0.21593854 0.17862898 -0.003716625 -0.032786436 0.05743873 -0.18337557 -0.10851333 -0.31738073 -0.010301536 -0.07175016 0.086691774 -0.32738522 -0.3238272 -0.3405804 0.12177673 -0.094374724 0.14737974 -0.30133745 -0.15590283 0.15375023 0.5389123 0.036841657 -0.033784352 0.22214392 0.07196737 0.1591243 0.1417842 0.22399509 -0.30576026 0.07587596 -0.09133462 0.1649624 0.34960848 0.0031700782 -0.19715908 -0.076093175 -0.03512754 0.050118104 0.054076396 -0.0008942912 0.60345113 0.12748408 -0.49531537 -0.13250309 0.054672454 -0.10273261 0.060360517 -0.12193066 -0.004338912 0.1264444 0.22409019 -0.19853036 0.045553006 -0.34370184 -0.0504618 0.13526118 -0.029146273 0.032272633 -0.10087032 0.0564934 0.031047026 0.079626225 -0.10844049 -0.031611636 0.25227532
JPN 0.04591964 -0.022703595 0.14429943 -0.122696765 0.05407953 -0.08908752 -0.085625924 0.12684277 0.06515818 0.07842529 0.13503812 0.04528951 -0.24000002 -0.08680615 0.29171872 0.16544954 -0.2676241 -0.07325999 -0.19977237 -0.009789661 0.03602867 0.33139104 -0.033526853 -0.2985528 -0.1577488 0.3358527 0.22824049 0.006083884 0.15477613 0.04412052 -0.3361375 -0.34160495 -0.020249788 0.028240263 -0.22474603 -0.03628378 -0.04053831 -0.2207149 -0.0980759 -0.08768323 -0.39955667 -0.004979275 -0.100454055 0.15097821 0.33242628 0.10266846 -0.416771 -0.001742704 -0.1295465 0.16588914 -0.15055344 0.038873844 0.2244344 0.0043083783 -0.22361489 0.044133943 0.5277477 0.10502586 -0.22868134 0.017806802 -0.1915412 0.23927769 0.051655732 -0.13115348 0.24607734 -0.043092962 -0.13538076 0.04847112 -0.059345428 0.15994264 -0.07308479 -0.014941502 -0.32103732 -0.07723395 -0.06529265 0.03775436 -0.26788875 0.24958144 -0.14582871 0.22272341 -0.17715718 -0.013451421 0.1946687 0.1509103 -0.009041928 0.1128847 0.024209553 -0.012899609 0.06062859 0.16730312 0.05922798 0.017362887 0.11156964 0.017163586 -0.0015484631 0.11399386 -0.21795669 -0.11076495 0.17144279 -0.1287905 -0.12234448 -0.08976206 -0.2890686 0.018959453 0.016182192 -0.017863363 -0.0017062381 -0.029741203 -0.03041791 -0.24859607 0.16402075 -0.1978777 0.17075013 0.13404983 -0.08004821 0.109617546 -0.13824157 -0.037573203 0.26079425 -0.031136388 -0.05963368 -0.058795583 -0.20425753 0.22836111 -0.14918643 0.04439312 -0.03340775 0.19020052
UGA -0.22458567 -0.15079261 0.10771541 0.110322274 -0.26739967 -0.23118132 0.14654788 0.19802704 -0.19032133 0.32737744 0.26223144 0.11677287 -0.30297464 -0.20639922 0.092028484 0.006441946 -0.09357001 -0.21122882 -0.1450346 0.103315346 -0.22083545 0.093345985 -0.14235733 -0.42746583 -0.256694 0.11467246 -0.04424389 0.27696437 0.01816912 0.047966585 -0.30387977 -0.12399012 -0.09906335 0.097858764 0.16366042 -0.097747736 -0.06791889 -0.23758213 0.2049419 0.09927872 0.18500262 -0.24182597 0.004590316 -0.10525176 0.055184707 0.23117991 -0.25328556 0.007409271 0.07548713 0.24984038 -0.27830943 0.20903006 0.22220911 -0.17474389 -0.09115255 0.021210767 0.3158015 0.05697866 0.066106424 0.22393031 -0.05040977 0.17244649 -0.2857392 0.1675592 0.10175219 -0.28461808 0.20867953 0.22180742 -0.15964821 -0.09921581 -0.10381524 -0.14476053 -0.19907124 -0.23804383 0.17496292 0.01066633 -0.066329986 0.15874149 -0.010965854 0.24889386 -0.20329383 0.03325035 0.27505177 0.49282113 -0.013700109 0.4711649 0.080241546 -0.22444458 -0.04668001 0.26322362 0.26411957 0.04818767 0.3368122 -0.10946198 -0.015127221 0.15102544 -0.33332783 -0.019101335 0.03214801 -0.23142096 -0.036810555 -0.072228536 -0.16566873 0.004779264 0.09408454 -0.0104715135 0.24126247 -0.084903 0.10698679 -0.17100678 0.1888803 0.12648188 0.100776695 0.37968755 -0.16529734 -0.12057759 0.04163606 0.08191865 0.13166597 0.069556855 -0.24984963 0.18335101 0.18635345 0.044523124 -0.10045583 -0.06776109 0.4188265 -0.3961973
MLT -0.13286301 -0.22817494 0.31312814 0.18837613 0.1477341 -0.0050311615 -0.3963152 -0.0036743802 0.10387222 0.012873987 0.29026434 0.14084493 0.13507988 -0.10471264 0.17667751 0.07666334 -0.20147026 -0.11776251 -0.29663935 0.04243529 0.31142694 0.126094 0.102656804 -0.06874699 -0.23965721 0.19443211 0.03551473 0.116770774 0.12936474 0.004046496 -0.2856193 0.02172036 -0.010140699 -0.26366097 0.03274884 0.026029827 0.03945735 -0.4218007 -0.14563729 -0.08286418 -0.33038983 -0.11983133 0.026944587 -0.034042004 0.04711943 0.10550281 -0.04658697 0.048186265 0.04550672 0.22810835 -0.062179532 0.02389515 -0.08000692 0.14790125 -0.27359205 -0.076556675 0.13617349 0.030016301 -0.051484466 0.43365565 -0.12262157 0.17580135 0.07239004 0.04358504 -0.015947126 0.19064774 0.13307442 0.19098935 -0.031322088 0.12280092 0.027852658 -0.13454606 -0.42936432 -0.34352514 0.236364 0.036301512 0.04017177 0.3353556 -0.11411045 0.018979954 -0.36098465 -0.24588361 0.22204435 0.5499179 -0.019357994 0.21942174 0.34381253 -0.07805037 -0.06469873 0.12427468 0.028827108 0.13774608 0.25058866 -0.018129969 0.2178779 0.1152252 0.14764346 -0.27949324 0.018121157 0.072104834 -0.12444531 0.1968521 -0.31370127 -0.09972615 4.1457883e-05 0.12742327 0.092655085 0.31293097 0.25537068 -0.2440373 0.07441941 -0.17667645 0.09830732 -0.10381132 -0.36873448 -0.045330796 0.04505559 0.36951005 0.076080725 -0.34971008 -0.0020226776 -0.13027579 0.04879423 0.07082454 -0.18400337 0.15598305 -0.16384855 0.08707513
ALB -0.16054736 -0.29536563 0.19269395 0.27604184 0.1423276 0.10143364 -0.19818866 -0.124508314 0.07182145 -0.15112756 0.080488004 -0.03363633 0.27684098 -0.13777795 0.13524124 0.10670266 -0.1525571 -0.0904592 -0.13322775 0.09177761 0.25305018 0.0030152327 0.1297832 -0.08284053 -0.3096158 0.18750824 -0.11755888 0.2605226 -0.0071335193 0.11771041 -0.29087597 0.13373058 -0.09508359 -0.052073054 0.05137051 0.11929101 0.33086655 -0.18231982 -0.033942364 -0.12422561 -0.18752272 0.051688112 -0.0065063885 -0.13807617 0.001923044 -0.0014949555 0.047674973 -0.0713388 0.1421098 -0.011503474 0.050528463 -0.021510324 -0.09587152 0.11861862 -0.16911218 -0.18522294 -0.13911423 0.053767443 -0.1648151 0.11997009 -0.11115931 -0.14010444 0.25378618 0.13153596 -0.10545366 0.4333019 0.23984568 0.35652044 -0.026793271 -0.32557705 -0.014809273 -0.3399796 -0.6458116 -0.2985645 0.12940462 -0.10715746 -0.04419027 0.25159308 -0.05389458 0.10197055 -0.17618425 -0.254063 0.12655592 0.6767389 -0.12311052 0.034453195 0.24821389 -0.10445247 0.20794718 0.18583897 0.0043923534 0.19650735 0.19772941 -0.023220757 0.39580232 -0.0650712 -0.048591156 0.05180902 -0.045082904 -0.013203028 -0.17159224 0.28781232 -0.37472406 0.0949557 0.09163926 0.14570966 0.1015183 0.1625957 0.2622538 -0.22339723 -0.010960978 -0.22784351 -0.042596027 -0.23353806 -0.4155874 0.0039326893 0.2293514 0.23586771 0.11440832 -0.45305604 -0.1857093 -0.17826462 0.12991609 -0.0028495155 -0.28512925 0.09680546 -0.12659895 0.12647602
PAN -0.14098337 -0.2510291 -0.14119753 0.11312475 0.23690188 -0.33008432 -0.5551965 -0.21316114 0.00013843818 0.18734992 0.3891018 0.050514165 -0.19629805 -0.08059481 0.121522374 0.29956016 0.2413103 0.17790642 -0.18615645 -0.036255114 0.16072325 0.1376534 -0.20673242 -0.22656885 0.22831182 0.112271145 -0.07161573 0.00063952664 -0.06366826 0.13579078 -0.082394004 0.065393955 -0.1781556 -0.073222645 -0.2636783 0.48837197 -0.12870142 -0.061641075 0.028597219 -0.27527988 -0.21974014 0.10933592 0.1227607 -0.4399411 0.07432841 -0.12455523 -0.31493774 -0.072149895 0.06497081 0.11400792 0.07594049 -0.15186504 0.07884035 0.3255607 -0.32444736 -0.056208782 0.015159998 0.13922621 -0.0015296675 0.4283094 0.18403949 0.24284987 -0.131368 -0.14542212 0.22856377 0.30996862 -0.07736966 0.22664084 -0.19710453 -0.16917883 -0.047002204 -0.12823574 -0.11194489 -0.034473617 -0.044576168 -0.26914763 -0.07224441 0.18459435 -0.18384182 0.24955392 -0.37667003 -0.16275194 0.05403568 0.40086117 -0.01870198 0.08608241 0.09904467 0.068916775 -0.21082868 -0.17741789 0.047063213 -0.21848027 -0.10720297 0.13118654 0.19728549 0.2862257 0.13731436 -0.39352417 -0.15828049 -0.020571869 -0.199933 0.013743852 0.0607293 0.49913198 -0.03557045 -0.38057074 -0.010352466 0.20651132 -0.027600849 -0.002287011 -0.016113214 -0.014446116 0.18686345 0.21776319 -0.3208962 -0.08745138 -0.107209414 -0.07648299 0.06663957 -0.03610068 -0.17991965 -0.02388471 -0.13073663 -0.03565446 0.10351998 0.108686805 0.0052668704 0.21960938
AUT -0.33503756 -0.3675666 0.19599518 0.10460545 -0.16677743 -0.28135145 -0.0998074 -0.2089105 -0.029645912 0.13067792 0.269408 0.18027522 -0.2583612 -0.12288415 -0.0010600423 0.24411961 -0.03744186 -0.13931625 -0.27807134 -0.14807062 -0.09497684 0.102556795 -0.2680149 -0.06349244 0.0904957 0.12605031 -0.023603242 0.026957987 0.15800948 -0.106721036 -0.22312534 0.01724838 0.16507116 0.15457144 0.062352806 0.102814876 0.18591876 -0.24492508 0.1321973 0.04295295 -0.089755215 0.41406143 0.05850074 -0.28493223 0.12721309 0.0912266 -0.2745088 0.083537094 0.147646 0.056079555 -0.049992424 0.05705633 0.18286735 -0.043598317 0.05032749 -0.07509712 0.19567062 -0.13569054 -0.09007376 -0.0062470566 0.09910188 0.062086977 0.1599746 0.33049095 0.106355675 0.041380543 0.021835165 0.059062153 0.10200375 -0.19517678 -0.050297722 -0.052362274 -0.043689243 -0.14916794 -0.03304968 0.045517467 0.15215419 0.1340321 0.024706185 0.06139879 -0.10486077 -0.31245142 0.22036278 0.14599606 -0.10410945 0.011982337 -0.03845032 0.0009178361 0.14594245 0.026551072 0.029389888 0.14735804 -0.09215936 -0.02412943 0.06250445 0.13696142 -0.31911027 -0.016986454 -0.06396768 -0.2229524 -0.19977036 0.08176422 -0.11009479 0.20318094 0.05177463 -0.09802166 0.09399884 0.009246172 0.16523564 -0.04510889 0.1881282 -0.101813816 0.2356862 0.28279334 -0.13269678 -0.028023373 -0.15976618 -0.3181841 0.11254727 -0.0656004 -0.25492334 -0.2240779 0.15557918 0.1736221 -0.103089884 0.26761335 0.096669465 -0.29101488
TTO -0.15695329 -0.2121802 -0.12826593 0.18221933 0.08122801 -0.17047662 -0.1824471 -0.3509193 -0.023366107 0.3419779 0.26008573 0.14025196 -0.23344243 0.05515915 0.355205 0.5235479 0.011937779 0.27112526 -0.35151908 0.23144963 -0.051668547 0.29775926 -0.04567111 -0.24207005 -0.23422684 0.13218936 -0.21727058 0.42501888 -0.05737783 0.30136687 -0.17723553 0.13434611 -0.022246262 -0.012205054 -0.20205186 0.18966931 0.28413373 0.13494173 -0.17635567 -0.010984639 -0.17195943 0.12308707 0.0014554601 -0.19154209 -0.015756758 -0.19630148 -0.2651352 -0.08119413 0.014304918 0.07121533 0.09682473 0.09841449 0.14823471 0.25008687 -0.17975523 0.13605177 0.16282253 0.06394257 -0.100121304 0.45958737 -0.05541663 0.16665421 -0.09833494 -0.15353374 -0.061404854 0.10236846 -0.115687914 -0.049164824 -0.2520628 -0.037495982 0.018568778 -0.26594415 0.16319387 -0.018269047 0.0010238907 -0.16885372 0.027903145 0.044147816 -0.15677904 0.09281801 -0.12850656 -0.1739847 -0.018851306 0.35830188 0.00012647579 -0.09446813 -0.073342405 -0.10999623 -0.052732583 -0.032861408 0.061932392 -0.15067874 0.104567386 0.014487259 0.27421156 0.1893435 0.02361868 0.07359851 -0.17214642 -0.092729956 -0.026883092 -0.035645295 -0.06164878 0.19750787 0.07129872 -0.12370815 0.16117083 0.12313795 -0.0124899 0.035093218 0.06328489 -0.0482578 -0.105958 0.23205644 -0.2432912 0.087380685 -0.17073591 0.07471423 -0.017207732 -0.12443295 -0.15950623 0.043887988 -0.21567371 0.08078014 -0.042613156 0.015300331 -0.029802103 -0.092622094
SRB -0.086689726 -0.12776798 0.23558076 0.24919318 0.08598514 0.035918985 -0.21856363 0.021069758 0.054205954 0.10667378 0.15077904 -0.012700473 0.03873669 -0.1468185 0.10643765 0.03616391 -0.11389554 -0.13862216 -0.42337695 0.00036470807 0.15192133 0.21320146 0.079216644 0.025148442 -0.13080826 0.22603817 -0.058572043 0.2607494 0.14651118 0.0050683175 -0.19286148 -0.02457879 -0.02955848 -0.27028063 -0.0015413933 0.1556603 0.121494874 -0.29948235 -0.08070348 0.019762978 -0.5035813 0.045238413 -0.0635806 -0.009989852 0.017784417 0.09562269 -0.12811975 0.004060334 -0.08792828 0.19968541 0.07685132 0.21044068 -0.14382987 0.0935208 -0.19544418 0.023322392 0.059074365 -0.13553539 -0.1255588 0.3532833 -0.06008803 -0.08727813 0.19454487 0.13367525 -0.10359229 -0.06971988 0.3622747 0.1670831 -0.2401788 -0.03188457 0.11412421 -0.16879047 -0.30819392 -0.0873032 0.09113288 -0.14510894 -0.024845125 0.10520169 0.12058496 -0.20236115 -0.116650745 -0.16269995 0.2846644 0.60747004 -0.23501417 0.22632918 0.26944116 -0.11537309 -0.023389881 -0.049279585 0.108877495 0.28193626 0.0923352 -0.097397834 0.455147 0.19461213 0.1672979 -0.3430147 -0.1930503 0.0061260643 -0.09915403 0.29041082 -0.1831508 0.1233607 0.15858611 -0.0869927 0.3359805 0.36659932 0.32349032 -0.2230556 0.3058603 -0.060546704 -0.19085538 0.101392284 -0.24020432 -0.08661094 0.0035328462 0.2219946 -0.06698502 -0.26855993 0.07667177 -0.18369727 0.21104695 0.26001412 -0.020912616 0.024263032 -0.13058573 -0.029276276
PRT -0.09300325 -0.48335782 0.10505263 0.18241504 0.07449559 -0.08915076 -0.24674481 -0.4348881 -0.16304709 0.34469107 0.31652173 0.3840287 -0.46533266 -0.16513933 0.19335844 0.48945633 -0.18955544 -0.03941542 -0.2022718 0.0049844077 0.09185574 0.08676656 -0.037258647 0.038970426 -0.24344762 0.09094584 -0.008221858 0.12987839 0.1663122 -0.06961922 0.15216385 0.0023887772 0.073024884 0.11796719 -0.17515938 -0.008347124 0.33810627 -0.0361254 0.14510915 -0.15071474 -0.16906919 0.30389124 -0.25096843 -0.075269885 0.19676779 0.1114973 -0.3895599 0.21783563 -0.1305594 -0.025681281 0.011055368 -0.0016022508 0.23180513 0.14507931 0.0797427 0.042971224 0.32869202 -0.012636418 0.042840105 -0.020645192 -0.082303375 0.04374507 0.11878232 0.17937185 0.11089918 0.09199765 0.19052283 -0.039721724 -0.06987112 -0.06542185 0.15128607 -0.026848549 0.10147731 -0.06789697 -0.026488481 0.07775957 0.033334807 0.14363816 0.068414085 0.18372774 0.0036931722 -0.25538713 -0.046916798 0.26797482 -0.057163533 -0.02661697 0.05529746 0.05223884 0.0133478865 -0.06801907 -0.013608904 0.12999044 0.1122081 -0.18117706 0.16424814 0.017727317 -0.04903821 -0.021222154 0.018173173 -0.04593318 -0.2968648 0.16969515 0.014677181 0.25652838 0.07019932 -0.098722145 0.053184863 -0.016307672 0.07222794 -0.0037567094 0.16065156 -0.04973783 0.06521028 0.11609344 0.049378414 0.09673311 -0.004541258 0.02631622 0.10330046 -0.028000433 0.06587886 -0.21007012 0.010436354 0.11722179 -0.35174656 0.031213017 -0.06361493 -0.17677188
SEN 0.33684716 -0.12189811 -0.020036127 0.057983004 -0.010853092 -0.051713936 -0.057292696 -0.0013400964 0.059142686 0.05045391 0.42974856 0.42761227 -0.14037848 -0.10434359 0.40845156 0.26456308 -0.10956149 0.017628115 -0.20021598 0.03766759 0.18640876 0.31213456 0.031691074 -0.3520146 -0.35698426 0.022967787 -0.08789328 0.08918988 0.2066597 0.05419851 -0.030910138 -0.12946467 0.24348345 0.05161516 -0.11856357 0.12667343 0.32178935 -0.1670737 0.1253513 -0.034893174 0.051918875 0.019299332 -0.0055696596 -0.2724052 0.118598886 0.048956394 -0.22539164 0.0027433056 -0.0057289153 0.1884322 -0.12100709 0.01665454 -0.25261274 0.37182948 -0.11336992 0.12222906 0.2753854 0.1401101 -0.11941625 0.09485998 -0.07772198 0.3671507 -0.12676221 -0.09175807 0.32689407 0.02224743 -0.03683343 0.19269526 -0.0017453496 -0.2173295 0.13270397 -0.22622357 -0.23059538 -0.25135967 0.06699376 0.07410345 0.08906241 -0.12254119 -0.102234975 -0.046697773 -0.17653725 -0.123047166 0.3122164 0.4517568 0.018890224 0.19195543 0.202468 0.03670284 -0.041701403 -0.13635316 -0.16439408 -0.20488629 0.061200976 -0.118265085 0.002089857 0.14797887 0.31282204 -0.3593335 -0.02286162 -0.09574271 -0.23586881 0.14362226 0.03459801 0.2987732 0.051999576 -0.097391546 0.103817545 0.2908238 0.076318055 -0.18505187 0.09147047 0.31925523 -0.06240104 0.21440579 0.0743112 0.03749306 -0.0048142285 -0.03396068 -0.0004876858 -0.02303458 -0.1613016 -0.0075813746 -0.13853368 0.30384338 -0.2789168 0.13061073 0.06660285 -0.17400955
PNG 0.09045171 -0.11718018 -0.22677527 -0.018510098 0.12173779 0.00853856 -0.08835197 -0.08911163 -0.12966703 0.06002893 -0.23272188 0.16457492 0.11372515 -0.11732598 0.25511605 0.14368744 0.093867876 -0.032687284 -0.05201854 0.17475456 -0.2017641 0.1088783 0.04374529 -0.3458719 -0.12352289 0.15129119 0.06015595 0.047817856 -0.0031176854 0.33840933 -0.19617695 0.048131242 -0.20433074 0.30759364 -0.22418876 0.07775241 0.016493611 0.24813944 -0.06680704 0.073600344 -0.16874658 -0.09267806 -0.015005186 0.234816 -0.051532518 -0.32319131 0.056721397 -0.035412557 0.022259887 0.044181075 -0.1174671 -0.04237967 0.38847744 -0.057790034 -0.23383895 -0.1319078 0.34470445 0.09826595 0.030951241 -0.048963934 -0.16043626 -0.024850687 -0.058400847 0.11145127 0.16388898 0.05638202 -0.006141137 0.54033136 0.020873303 -0.5587607 -0.030298533 -0.203087 -0.45186517 -0.20496747 -0.024814881 -0.114856906 -0.28749067 0.09383112 0.014169017 0.11849131 -0.08407268 -0.26541486 0.015617355 0.9133613 -0.34718734 0.10834518 -0.048063036 -0.10479151 0.35176033 0.0450451 0.174505 -0.14379752 0.16838962 0.021976016 0.30820492 -0.07603517 -0.19472279 0.24760127 0.39870614 -0.2492874 -0.21707082 -0.068468496 -0.32717288 0.21117873 -0.037620082 0.04297911 -0.102878466 -0.036302976 0.11625952 0.025671791 0.15990663 -0.18174203 0.07092938 0.31553978 -0.31364393 -0.030745663 0.08174547 0.09909006 0.59518474 -0.039692033 -0.16489558 -0.25392646 0.14284116 0.092930965 -0.24823308 -0.011277835 0.07345691 0.19947973
KOR -0.023576196 -0.0956392 -0.1448644 -0.045930132 0.18879187 0.0927299 -0.15934522 -0.15267327 -0.06021186 0.07957744 -0.062176324 -0.09256729 -0.21306609 0.095874935 0.19593063 0.11466848 -0.17953642 0.090263076 0.13369197 -0.12286405 -0.12393027 0.1655626 0.09816022 -0.10693481 -0.11724802 0.26138383 0.24599168 0.17125197 -0.116472594 0.02977263 0.011338771 -0.22492065 -0.011711398 0.03106473 -0.28486332 0.13892357 0.062410757 0.113299266 -0.13095592 -0.116308056 0.03329575 0.11150501 -0.30649087 0.059466016 0.18571018 0.2157238 -0.4153692 0.071787395 -0.033505235 0.061929647 -0.05948372 0.09919656 0.24900514 -0.07420159 -0.2342818 -0.2003188 0.25283214 0.11809245 -0.32930982 -0.23492962 -0.25972733 -0.109890506 0.035669867 -0.19562443 0.3019672 -0.030852638 -0.020687068 0.13662255 -0.29001024 -0.28676113 -0.06433066 -0.40121347 -0.22907789 -0.31877565 -0.34603763 -0.10013021 -0.39973995 0.10796621 -0.036638092 0.46533087 -0.14258744 0.07704648 0.038223937 0.44749528 0.0930374 0.01896552 0.2237267 -0.3170414 0.047120456 0.09582106 0.08229184 -0.03475056 0.35843647 0.14366035 0.1369651 0.21141244 -0.23684548 0.020894937 0.07224315 -0.35759762 0.03134761 -0.033476777 -0.2282995 0.18526211 0.121148035 -0.2805377 -0.01818287 -0.10608408 -0.009002688 -0.21786873 0.038204625 -0.12692046 0.08408539 0.00068263017 -0.1811797 -0.011739807 -0.3064362 -0.15392648 0.09274215 -0.013701599 0.12690666 -0.09117187 -0.0031513295 -0.07656215 8.429441e-05 0.035731357 -0.16588579 0.15147379
DOM 0.116412334 0.038727965 -0.14354296 0.06335105 0.19849788 -0.077001944 -0.37786847 -0.29369852 0.10961171 0.060922284 -0.02536366 0.24067159 -0.09142483 0.015056199 0.08592983 0.38262206 0.22025898 0.08560361 -0.09029448 -0.122555815 0.011342737 0.10350863 -0.042080287 -0.09254546 0.34224033 0.12117898 -0.10522727 -0.26900852 -0.29242492 0.218043 0.047205664 -0.008906083 0.086369485 0.027797416 -0.19911171 0.2707745 -0.15875556 -0.12699898 -0.04121113 -0.15837422 -0.19787402 0.019027693 -0.16462071 -0.26837352 0.2960205 0.025622932 -0.36135927 -0.0101187555 -0.1751116 0.32747126 -0.093330294 0.22177863 -0.117171556 0.039808743 -0.4534512 -0.14415435 0.17001139 0.1509088 -0.17349675 0.0068126908 -0.11319839 0.21470551 -0.1562223 -0.17807785 0.16705914 0.15529098 -0.02888738 0.15505077 -0.074535154 -0.1448812 -0.21159606 -0.044468567 -0.14712629 -0.06762116 -0.26187432 -0.28338724 -0.29022756 0.1324484 -0.14284298 0.101242825 -0.39948937 -0.3384264 0.220332 0.6431649 0.024368221 -0.010844139 0.257974 0.046890374 0.15022694 0.07693079 0.16660354 -0.3416718 0.048211742 -0.1170651 0.14304407 0.40372014 0.13045387 -0.28225693 -0.12082532 -0.07791612 0.08092491 0.08046021 -0.042626254 0.5222398 0.05576848 -0.3895525 -0.22052312 0.14202431 -0.02919649 0.18589227 -0.059567206 0.0077779023 0.15017892 0.17971294 -0.19890022 -0.017869597 -0.3814696 -0.070282735 0.13610597 -0.04591233 -0.001248932 -0.099782065 0.099466085 -0.09617605 0.06477021 0.056806277 -0.030740289 0.28221127
BWA -0.0893695 -0.15487464 0.27300167 0.17326994 0.3090387 -0.11683389 0.087094925 0.15319207 -0.044877682 -0.05511589 0.46727628 -0.09216284 -0.19095412 -0.26121193 0.0871148 0.26985615 -0.19631505 -0.19035393 0.018902304 0.21689835 0.164205 0.08684346 -0.21703215 -0.27647576 -0.1379261 0.39648178 0.030579934 0.09043063 0.12141376 -0.21174212 -0.15309323 -0.050559383 -0.040006015 0.2131599 -0.14418066 -0.06258183 0.35041776 -0.10026759 0.035474263 -0.25907677 -0.11729664 0.120231815 0.005924784 -0.0015760197 0.41856483 0.12943146 -0.28262532 -0.013440335 -0.12998272 0.0138365375 0.053431522 0.14768568 0.18266454 0.24504626 -0.001999023 -0.0076884106 0.18627478 0.17834929 -0.40797046 -0.045655657 -0.09831671 0.111318216 0.13828558 -0.041945975 0.13284896 0.18799432 0.043803845 0.15167053 -0.09999365 0.14052762 -0.03128844 -0.014940765 -0.5721818 -0.035772793 -0.07306999 -0.10066853 -0.2161843 -0.015239191 0.032570574 0.36405334 -0.17122945 -0.18872899 0.055997666 0.0084075155 0.18967164 0.32951948 0.18626535 0.07056285 0.07407256 0.20164484 -0.04770588 0.011235565 0.1246281 -0.19051412 -0.14302427 0.09758791 -0.34032986 -0.0981503 0.016027605 0.13523087 -0.33132946 -0.07467161 0.052573897 0.33319166 -0.045518346 0.054819852 0.09925369 -0.24392818 0.058670294 -0.36451897 0.04111194 -0.10618587 0.14495338 0.07544083 -0.13475423 -0.037673417 0.0104223285 0.08000775 0.28593564 -0.09383413 -0.30292767 -0.19669837 0.09237853 -0.013872467 -0.30000234 -0.22026035 0.13802008 -0.027441954
GEO -0.22277188 -0.110353544 -0.058130804 -0.016464518 0.005234015 0.056697793 -0.24078155 -0.16237965 0.007916521 0.1386871 -0.0810624 0.019263647 0.049440533 -0.030332008 -0.14449644 -0.068288244 0.0772171 -0.078329414 -0.26595536 -0.12280498 -0.11020091 0.009515291 -0.12198301 -0.16488598 0.0004863863 0.10842299 0.10118013 0.109053075 0.017458782 0.13198665 -0.113309786 0.07934629 -0.19640031 0.09453206 0.028940244 0.13715035 -0.0068639973 -0.083261855 0.020547187 -0.06502939 -0.24533413 0.13968638 0.007147918 -0.08412139 -0.0007211163 -0.16216683 -0.095921636 0.08719975 0.071752675 0.12992741 0.0227778 -0.08711334 0.22844847 -0.06211501 -0.16378132 -0.18759029 0.23618135 -0.028394733 0.11185434 0.06507067 -0.039898966 -0.06263995 0.055887576 0.167963 0.14865154 0.1572069 0.21686666 0.2760098 -0.10789285 -0.28506497 -0.002425397 -0.05817128 -0.17225233 -0.10512268 0.028599273 -0.05317813 0.042941604 0.25004074 -0.034331 0.09194808 -0.12825651 -0.31216723 0.11820002 0.6405175 -0.295759 0.034806173 0.12815376 -0.022039162 0.0037307928 0.0009321852 0.23205705 0.072018914 -0.06451096 -0.066035956 0.4103493 0.16201065 -0.025123522 -0.048961185 0.10115382 -0.20589067 -0.08262936 0.17244178 -0.25430295 0.3339134 0.11744022 -0.21912539 -0.05671285 0.06182348 0.19593996 0.0303251 0.23117557 -0.13529177 0.15043788 0.2508561 -0.15609364 -0.009814182 -0.046746578 0.033450007 0.1983631 -0.099407636 0.05117366 -0.1447803 0.20296249 0.007006797 0.028237136 0.18685368 -0.010935822 -0.008983428
KWT -0.07274296 0.022662686 -0.15396596 0.023235563 0.035614256 -0.021561658 -0.100144506 0.068335384 -0.24103114 0.10838922 0.098312214 -0.18468855 -0.22368363 -0.02934549 0.082426235 -0.049960848 -0.24192312 0.06762427 0.20707624 -0.108739145 -0.11005609 0.13008817 -0.00061804196 -0.2113434 -0.049205493 0.15932879 0.26242986 0.2998871 -0.06622114 -0.045908477 0.0019184554 -0.1745321 -0.020646252 0.09918626 -0.25494206 0.10946367 0.22183865 0.078130476 0.09480024 -0.13501519 0.3194108 0.03432504 -0.12029662 -0.051596947 0.15364008 0.28333023 -0.38666797 0.07178113 0.09575881 0.0471867 -0.06400565 0.046807528 0.2578349 -0.07744809 -0.07774732 -0.16243501 0.23315546 0.124300174 -0.21276318 -0.21688908 -0.1056522 -0.05074734 -0.07229182 -0.04095818 0.28071746 -0.071658954 0.1145478 0.28351566 -0.29787058 -0.2529487 -0.060539126 -0.41564637 -0.23841786 -0.36408293 -0.20244044 0.0854423 -0.2569194 0.08327022 0.092721194 0.6030957 -0.19001377 0.02367998 0.17963596 0.53215414 0.066317044 0.23185113 0.27218714 -0.34492776 -0.014323158 0.09299924 0.07270252 -0.041068353 0.3207368 0.112190016 0.044396956 0.22385101 -0.27740565 0.13165212 0.06480202 -0.3929821 -0.061355762 0.013428959 -0.27130547 0.23616067 0.09766677 -0.23816729 0.053015135 -0.094913 -0.035797514 -0.32913485 0.17628975 -0.020176323 0.0445733 0.1069457 -0.034386616 -0.2750048 -0.20887688 -0.17321025 0.1366925 0.026845757 0.0012804859 0.053647853 0.12607723 -0.17553863 0.035971664 0.095021226 0.048562977 -0.043362558
EST -0.05940428 -0.18256369 -0.15367503 0.07683887 0.01341101 0.14331008 -0.22988963 -0.28316042 0.019168755 0.08489634 -0.24066086 0.17795633 0.1220934 -0.01654068 -0.06606842 0.071373835 0.031076854 -0.022424022 -0.13294455 -0.1260592 -0.06378485 -0.02260383 0.0023296052 -0.058007617 -0.039034985 0.07243122 0.028495448 0.061144497 0.069214776 0.1523224 -0.12052236 0.1350308 -0.1219078 0.19152623 0.031959884 0.10649345 0.18014908 0.056673218 0.11091498 -0.06784943 -0.1571002 0.16348146 -0.04813623 -0.12366111 -0.07658281 -0.16798167 0.031496555 0.07364366 0.061384656 0.05595167 0.0077888477 -0.0725179 0.17413414 0.015561739 -0.1747671 -0.21236594 0.2336369 0.040510736 0.009397478 -0.040250454 -0.16609427 -0.15018372 0.12806195 0.25032654 0.13644224 0.20907964 0.1231162 0.30998304 0.047426075 -0.5211156 -0.09152296 -0.06616406 -0.26541075 -0.1183795 -0.05221319 -0.016917842 -0.03720995 0.17567155 0.009547716 0.033926684 -0.06716119 -0.36780116 0.07896461 0.76914 -0.31204823 -0.069681354 0.10853627 0.012180476 0.21828265 0.018675108 0.15630144 0.005837779 -0.015264745 -0.03749965 0.45643014 0.017435122 0.052462246 0.16739549 0.16653417 -0.16453102 -0.14464821 0.25137034 -0.17660831 0.3371709 0.14548968 -0.1942146 -0.09275644 0.12710616 0.11859999 0.12196443 0.15016177 -0.16250618 0.1313446 0.22725281 -0.21720362 0.070082076 0.060328033 0.021572348 0.3713256 -0.14978264 0.0010488306 -0.29495013 0.25961784 0.09858818 -0.14269035 0.14343473 -0.09152793 0.008072913
PAK -0.13476051 -0.22944894 0.14074641 -0.09559572 0.12548065 -0.30595705 -0.23281999 0.13401759 -0.10638613 0.052845187 0.30785325 0.08238952 -0.123822354 -0.08297048 0.10458294 0.13226147 0.0055454206 -0.0008375084 -0.262138 -0.01292774 0.007955342 0.119953945 -0.11268665 -0.24965973 0.02282198 0.25352654 0.048686437 0.13541377 0.20559655 -0.06220919 -0.20118392 0.04422551 -0.027740974 -0.118650876 -0.18387625 0.17519045 -0.10997364 -0.069309674 -0.10868896 -0.15455203 -0.2197123 0.1185929 0.10203029 -0.0356788 0.07248597 -0.05482689 -0.19125274 0.005634803 0.053385705 0.1898652 -0.0004692826 -0.08752857 0.28019014 0.27924255 -0.12214503 -0.12844446 0.2021709 0.05322454 -0.14796121 0.3521478 0.019147858 0.23917095 -0.0075831306 -0.07088329 0.22955944 0.029292572 -0.21956922 0.19785006 -0.10253895 0.020184701 0.08833989 -0.18143837 -0.20964035 -0.25003824 -0.03650739 -0.06934044 -0.1291424 0.102474965 -0.07997763 0.26612726 -0.2623341 -0.1419118 0.061347485 0.22055763 0.0785048 0.1818729 0.07411586 -0.1594838 -0.052237302 -0.04686582 -0.06723856 0.093284845 0.14387827 0.12024985 0.046050068 0.11602715 -0.07727276 -0.28759128 0.07982614 -0.13638426 -0.29089043 -0.0650227 -0.06992296 -0.06629773 -0.081237525 -0.010336593 -0.029538447 0.11715056 0.14029859 -0.18370023 0.055474654 -0.19321357 0.16165808 0.06950149 -0.2569777 0.0062017953 -0.050332177 0.01887165 0.16918503 -0.007045756 -0.18779853 -0.1511752 -0.21220396 0.0021133558 -0.13208771 0.05345389 -0.05100097 0.0852495
SVN -0.06522389 -0.08411591 0.048242398 0.28095323 0.1456158 -0.012294817 -0.37963492 -0.3790043 0.080162205 0.16019733 0.09498402 0.20686387 -0.055596806 0.08551215 0.121250235 0.32140112 -0.3185092 0.27823886 -0.44781002 0.07098476 0.14291921 0.32996392 0.045741536 -0.012735467 -0.028549617 0.07676239 0.06971623 0.21471104 0.09596949 0.20920743 -0.16492763 0.1627588 -0.10240929 -0.082890525 -0.15999916 -0.03167378 0.27447918 -0.030358491 -0.074367024 -0.23879899 -0.21025656 0.047879387 0.002903698 -0.22711484 0.03655171 0.08822966 -0.16945359 -0.080423735 -0.06376679 0.027768074 0.09274038 0.1360902 0.09092739 0.24469206 -0.34341234 0.31441963 0.3213483 0.10981722 -0.0831231 0.43865454 -0.05827302 0.18740617 -0.11894269 -0.05788993 -0.05655327 0.0982717 0.025002198 -0.08919776 -0.20829464 0.09412124 -0.12779915 -0.113815 -0.16496259 0.054922346 0.0686591 0.15962555 0.019434411 0.3082236 -0.11879736 0.27032307 -0.16478796 -0.33157295 0.11186653 0.30353242 0.01861722 -0.0834922 -0.0115067735 0.07051013 -0.1091079 -0.032126598 0.12681954 -0.1770613 0.08309 -0.12606119 0.3776957 0.1797745 0.09361551 0.06371094 -0.08782494 0.14673072 -0.10955635 0.19954225 -0.11748079 0.17356567 0.056422744 -0.185724 0.16456458 0.31897813 -0.11887375 0.08219499 0.20594016 -0.12333694 0.100491464 0.24983326 -0.2555785 0.07238087 -0.121197775 0.32403558 0.17347002 -0.24124423 -0.018353134 0.0007995524 -0.14600667 0.12709476 -0.061703373 -0.015807554 -0.09011228 -0.09648343
BHR -0.1007744 0.033890255 -0.08935305 -0.08648548 -0.05060123 -0.11603421 -0.10488707 0.057189032 -0.22287865 -0.0072408714 0.10016665 0.02501762 -0.14681314 -0.15057226 -0.027199116 -0.03128032 -0.16862899 0.0019455589 0.18589419 -0.23758987 -0.08262085 0.14904647 -0.023425825 -0.11687523 0.15832469 0.118514 0.295936 0.16212358 0.1347212 -0.2049155 -0.023315236 -0.20040959 0.06422487 0.13796854 -0.19987646 0.12785657 0.12366556 -0.021683315 0.17665131 -0.15997614 0.23769581 0.16741748 -0.056786902 -0.14346038 0.1503534 0.25165772 -0.26565862 -0.003423133 0.07908811 0.04533992 -0.07587491 0.024396801 0.14081365 -0.0601312 -0.02383573 -0.16209087 0.16975453 0.09836787 -0.18494774 -0.18122868 -0.049409512 -0.017136691 -0.09955421 0.077679254 0.30000895 -0.07140215 0.05688805 0.26691997 -0.10916138 -0.21124116 -0.15475346 -0.23597284 -0.2583716 -0.33510303 -0.21225208 0.15261841 -0.18812479 0.17679657 0.20178626 0.60936046 -0.2786895 -0.1068822 0.22292976 0.46080726 0.06591898 0.13870396 0.23971716 -0.27238414 0.03217824 0.074270844 -0.045316283 -0.05486256 0.25720087 0.10922449 0.13523269 0.19665101 -0.21606033 0.06411877 0.08431449 -0.3564788 -0.24042955 0.08704576 -0.23705797 0.2760995 0.039663628 -0.21777727 0.0125887245 0.028103651 0.031233355 -0.24275932 0.21967028 -0.05666259 0.16686371 0.1825529 -0.08182298 -0.28685346 -0.16508287 -0.2612617 0.28652397 0.004582379 -0.13294034 -0.1184011 0.124001555 -0.026722051 -0.06436418 0.051711544 0.078187376 -0.12486979
PER 0.019722942 -0.3883086 -0.008366331 0.23605198 0.25436345 -0.26892406 -0.30959135 -0.28586373 -0.23781215 0.26479954 0.6172225 0.22651559 -0.35248443 -0.25434417 0.20143336 0.53271836 0.11349906 0.15013053 0.0016123451 0.07162619 0.112160906 0.055237416 -0.14865236 -0.07860116 0.11286875 -0.02000753 -0.059174377 0.07791518 0.047827937 -0.07205376 0.27701068 0.101038314 -0.071896285 0.0046888585 -0.26701152 0.30394685 0.28507242 0.20227893 0.20047845 -0.39624226 -0.051315255 0.23543115 -0.007346794 -0.27656087 0.13405782 0.03199302 -0.30069596 -0.024101492 -0.041615278 -0.08674534 0.09200149 -0.05562884 0.21880561 0.40600303 0.07963599 0.102388956 0.007551023 0.09536532 0.0049402295 0.19357057 0.17691006 0.14061445 -0.060099203 0.069179386 0.21410212 -0.012740896 0.0035436626 0.101096265 -0.22806248 -0.16549766 0.15416235 -0.12575306 0.003228007 0.04880577 -0.08932344 -0.17551868 0.020727243 -0.06589584 0.12521578 0.3981738 -0.121339574 -0.24993917 -0.13302742 0.38678095 0.15245506 0.2158323 0.13968252 -0.12506719 -0.15007277 -0.26790044 -0.05725693 -0.11362483 0.16423962 -0.00032680418 0.13304354 0.15473738 -0.07503586 -0.218231 -0.21962413 -0.006729221 -0.30351803 -0.040985968 0.2714073 0.3800982 -0.13116339 -0.2325938 0.1761195 0.015599228 0.012289599 -0.07177548 0.11107172 0.07214669 0.094135165 0.18821602 -0.15587634 -0.15178663 0.10509313 -0.0142846275 0.045693744 0.0649591 -0.17093511 -0.12254411 -0.10268177 -0.07764684 -0.22845903 -0.12750535 0.04333006 -0.13263129
BRN 0.08588301 -0.08581439 -0.21422735 -0.015734272 0.18932237 0.08170507 -0.27494937 -0.14668919 -0.060544945 0.1712381 -0.09722309 0.21425408 -0.00038688094 -0.026674671 -0.019004472 0.12131686 -0.0006390214 0.047293585 -0.09775282 -0.026392343 -0.28662452 0.021937959 -0.008270808 -0.16819516 0.18718047 0.0051031625 0.23892368 -0.14983399 -0.08442541 0.17657886 0.027527865 0.13514021 -0.11481585 0.1489735 -0.21734956 0.054405604 -0.071195066 0.07677005 0.0060415976 -0.13910268 -0.2220115 -0.0828799 -0.08872951 0.095998615 0.036615986 -0.24014258 -0.105276234 0.06935859 -0.18520266 0.13917512 -0.08428031 -0.02968821 0.27513626 -0.0742717 -0.061350685 -0.01885235 0.1561196 0.0789366 0.1712712 -0.073367245 -0.0886053 0.020664733 -0.22601008 0.009738076 0.31986567 -0.18345045 0.053472247 0.4093112 -0.21120957 -0.26714227 -0.06650959 -0.0015360134 -0.22941846 -0.06647743 -0.06981925 -0.22640972 -0.19483748 0.035501238 0.15181682 0.29362512 -0.21158281 -0.4103601 0.00095040794 0.73798555 -0.09426378 0.01928787 0.24349356 -0.15125327 0.15287228 -0.11684271 0.3518467 -0.21301532 0.19727273 -0.12461405 0.39447993 0.2752118 -0.116419494 -0.015722428 0.24581584 -0.23226318 0.006035381 -0.10637795 -0.1871517 0.34084734 0.0034338706 -0.21633817 -0.15550777 0.04819858 0.1578599 0.10052916 0.21187505 -0.044580698 0.14187211 0.34427777 -0.1666853 0.016426748 -0.06823732 0.22010893 0.36796364 0.100189574 0.03603283 -0.15207711 0.052503467 -0.04135916 -0.11463453 -0.09334249 0.1301607 -0.00033805225
ZMB -0.10908935 0.04289907 -0.099104494 0.22399074 0.21944466 -0.20659599 0.019408783 0.0997317 -0.3157102 0.2831468 0.41752297 -0.15501967 -0.14922766 -0.24513869 0.2581966 0.030588552 -0.054607403 -0.14091852 0.22913998 0.20678519 0.02569174 0.023094378 -0.056019265 -0.22817895 -0.21558148 0.24221954 0.11366236 0.28326192 -0.049145516 0.046344664 -0.012040916 -0.02840496 -0.19234154 0.12975083 -0.19796377 0.082308464 0.08529167 0.12184765 0.06641701 -0.16059378 0.2660597 -0.045113403 -0.0994253 0.049128365 0.14856997 0.23171917 -0.36339545 0.09399213 0.118443124 0.05506102 -0.13110195 0.16159332 0.24018313 -0.052934922 -0.06566585 -0.2123161 0.21289161 0.18902278 -0.1329175 -0.012644973 0.02693774 0.07539629 -0.15340799 -0.08946623 0.1415746 -0.04310542 0.20822214 0.33456096 -0.18859959 -0.18926221 0.0440572 -0.30499494 -0.31813145 -0.4446248 0.023458492 0.06468974 -0.1856387 0.062924586 0.038452856 0.49904835 -0.1164936 0.06352357 4.6688016e-05 0.6109643 0.019442031 0.48076245 0.20555194 -0.36814895 -0.07880232 0.16312101 0.09057237 -0.014530664 0.46327418 0.033247203 -0.14449568 0.04877669 -0.26013738 0.039009795 0.04928859 -0.2007029 -0.18205608 -0.11766541 -0.106676914 0.2226471 -0.08142818 -0.11488875 0.08856006 -0.18517157 0.023831218 -0.367349 0.123637944 0.056739483 0.092075855 0.08114641 -0.18985675 -0.4648105 -0.0054974183 0.016484156 0.11824064 0.018385917 -0.11353573 0.042142726 0.29143602 -0.25152284 -0.0739306 -0.0025028156 0.17294621 -0.14433378
LTU -0.12389588 -0.25866872 0.11057182 0.009022085 -0.16128795 -0.0056530433 -0.09834195 -0.25700495 0.101536706 0.073403545 0.11441854 0.14198938 -0.108090535 0.01343024 0.095295236 0.20355536 0.09208712 0.03900306 -0.24179696 -0.022014674 0.0051942305 0.14031266 -0.018889984 -0.32869855 -0.36083543 -0.024702942 -0.15514623 0.290632 -0.012779441 0.27519685 -0.13615301 0.05601611 -0.12661093 0.040723503 -0.04523276 0.15815899 0.33831313 0.022418078 0.04181156 0.043194156 -0.1383583 0.16920482 0.10605719 -0.24734126 -0.062318325 -0.29376104 -0.12942244 -0.09128989 0.19668557 -0.061731156 0.05110979 -0.15857409 0.2085018 0.1637718 -0.15940401 0.046787545 0.20060141 -0.044776887 0.08972732 0.23585191 -0.007431483 0.09852479 0.08265478 0.18219362 0.030290158 0.27821758 0.039049882 0.24184255 -0.038552925 -0.2872227 0.18299042 -0.20792966 -0.15380643 -0.14336781 0.11235946 -0.07537942 0.11792639 0.15143402 -0.13940863 -0.0692404 -0.042203587 -0.26868024 0.14508384 0.5226319 -0.24597 -0.022809494 -0.07571836 -0.004415526 0.059156634 -0.004390781 0.04503048 0.10300346 -0.088367335 -0.008850749 0.39325157 0.098221146 0.008977565 0.033031847 0.0010708041 -0.2738667 -0.21481526 0.2421892 -0.26936045 0.26085103 0.19940186 -0.05778161 0.0812443 0.06488305 0.060131036 0.018734619 0.23639798 -0.05292133 -0.021616481 0.1891902 -0.07450182 0.18319575 0.0342574 -0.022299236 0.19704857 -0.24929525 -0.1819627 -0.11135952 -0.0033103414 0.07182699 -0.1881603 0.22892347 -0.007483309 -0.06172134
LKA 0.005655222 -0.019666513 0.084652565 0.5393468 0.00016884872 -0.41480255 -0.27897623 -0.05337 -0.25961193 0.14010602 0.24554351 0.22672018 -0.19055505 -0.23431714 0.23413408 0.3006661 -0.31304398 0.17880736 -0.07144919 0.14265837 -0.074723445 0.09814475 -0.13664275 -0.0603165 0.30176294 0.18576811 0.016282374 -0.01509702 0.19755162 0.13527969 -0.3580677 0.17070916 0.01872395 0.14553437 -0.13853373 0.20474696 0.17021605 -0.07711749 0.15130143 0.0016343206 0.31123093 -0.03044242 0.061408125 -0.28429508 -0.05480424 0.29866242 -0.3599358 -0.03473542 0.34501362 0.1966429 -0.19616798 0.11504804 -0.05853578 -0.10849502 -0.17475961 0.024413785 0.1946605 0.20859993 -0.33724937 -0.121520065 0.03034288 0.21251863 -0.001699564 0.20003857 0.04078932 0.028752945 0.03839585 0.35614237 0.06896765 -0.3164992 -0.16319974 -0.21644937 -0.3754295 -0.3534101 0.1054042 0.37275052 -0.0442745 0.05492263 0.10882391 0.16226007 -0.06439898 -0.21929456 0.44626793 0.25467715 -0.19954956 0.388167 -0.18604855 0.03676336 0.14659914 0.1753388 0.022866622 -0.09559401 0.12939146 -0.009923751 -0.20000647 0.059418563 -0.29090518 0.17758682 0.120371394 -0.08153195 -0.0515696 -0.11027789 -0.16156743 0.034920245 7.752601e-05 0.032691404 0.18160678 0.21328449 0.21230635 -0.09854394 0.10443595 -0.048127845 0.13798001 0.1130558 -0.19607165 -0.2977565 -0.18214919 -0.16151601 0.22393188 0.19887044 -0.1653664 0.10796049 0.25692552 0.10828711 0.12582862 0.28149873 0.13082738 -0.09467738
YEM 0.100013524 -0.031186394 0.095705956 0.029722158 0.14640233 -0.16110885 -0.0550118 0.05357701 0.039036017 -0.13114803 0.068687655 0.051936243 -0.021857832 0.10526936 -0.12089623 0.028372418 -0.07406254 0.03949229 -0.21457018 -0.064716734 -0.10461763 0.18793426 -0.03211244 -0.2645366 0.12890366 0.13815868 0.10943745 -0.09433751 -0.0065018516 0.084513344 -0.13266028 0.15087116 -0.09513061 -0.0014497789 -0.23469864 0.11896977 -0.010058348 -0.06914534 -0.08570735 -0.15595956 -0.033425875 0.04131276 0.079144835 -0.10248404 -0.05620254 0.0029971225 -0.13561712 -0.058498066 0.07605934 -0.017080743 0.009407849 0.102627784 0.24496858 0.042180628 -0.25184593 0.05913251 0.12602387 0.100508556 -0.09675777 0.08028905 0.08363207 0.19485518 -0.099462196 0.026505562 0.22935058 -0.03159546 -0.12322259 0.22850852 -0.1203094 -0.18969287 -0.045608502 -0.19098069 -0.46221906 -0.16183117 -0.01794032 -0.06025251 -0.19433989 0.02394193 -0.024527943 0.2278901 -0.19980396 -0.32129595 0.12926097 0.25942287 0.035780683 0.06099003 0.0026632561 -0.06599156 -0.0013124824 -0.025340281 0.10997155 -0.04833844 0.088814996 -0.14489825 0.15312155 0.28284362 -0.20035599 -0.17714834 0.08213357 -0.16689652 -0.13790771 -0.049624052 -0.10902558 0.14189294 0.09909098 -0.20941776 -0.0941369 0.16096361 0.1222338 0.0354983 0.20463082 -0.09376181 0.19603083 0.25240058 -0.33578193 0.07149627 -0.13625883 -0.0072170338 0.34842256 -0.050097514 -0.163581 -0.13377476 0.06554722 -0.03739614 -0.04617223 -0.027303278 0.05929615 0.033495236
SWE -0.36416048 -0.22763982 -0.028280873 0.1232297 0.026367342 0.025289202 0.08259819 -0.25629228 -0.095895275 0.3780432 0.13845748 -0.07295257 -0.1924104 -0.008319959 -0.012804909 0.20175108 0.08317443 0.085016735 -0.5476907 -0.14071208 -0.33787167 -0.023725493 -0.079647705 -0.0533445 -0.16424346 0.23474872 -0.26398116 0.25370663 -0.028753437 0.062318966 -0.16948605 0.102671936 0.023491831 -0.07689487 0.1855033 0.11107881 0.3406121 -0.2546412 -0.07107283 -0.072761856 -0.24673176 0.119810104 0.029950185 -0.12415472 0.19461414 0.09313776 -0.44854918 -0.0105795935 0.15615264 0.35932946 0.029567309 0.27017802 0.22682126 0.05253321 -0.10892643 -0.062385168 0.050437827 -0.0049825497 -0.1201334 0.09093175 -0.16500153 -0.22908613 0.06415659 0.01820512 0.023489365 -0.0056621507 0.19896851 -0.09630574 -0.28256634 -0.17810889 0.065507025 -0.34023553 -0.18323115 0.010377112 0.044485845 -0.045831643 0.12500517 0.041941166 -0.052309863 -0.015740203 0.094247885 -0.1534537 0.28137904 0.46996373 -0.23168653 0.09736652 0.1561761 -0.18390115 0.10121677 0.28708354 0.29554236 0.3262131 0.21006143 -0.18059109 0.3227635 0.2495098 -0.13714656 -0.1092831 -0.09922122 -0.14411943 0.14891748 0.15144664 -0.15365282 0.15338032 0.18382539 -0.13780643 0.28490552 0.038056955 0.24770376 -0.15136492 0.060692657 -0.16827583 -0.09556558 0.10931168 -0.22757366 -0.040399183 0.06941193 0.25315332 -0.3391406 -0.12802096 0.047971215 0.057552986 0.085718475 0.12401772 0.07656401 0.009197287 0.06967319 -0.21456072
NAM 0.026925059 -0.055666562 0.18368441 0.3149054 0.32119936 -0.09361292 -0.05355691 -0.09199007 -0.065648325 0.0606715 0.49240798 -0.011503186 -0.19115658 -0.23600543 0.1287319 0.35425022 -0.20619278 -0.04124869 0.033030458 0.3145285 0.2620021 0.14556937 -0.11284251 -0.2167007 -0.14128314 0.17495252 -0.006265327 0.092368655 0.0314179 -0.00052491005 0.040553514 -0.0011841257 -0.118724935 0.12093537 -0.19575693 -0.054378435 0.48904818 0.040339433 0.12453084 -0.26161307 -0.08774319 0.06007886 0.035260327 -0.0744315 0.30954975 0.1071006 -0.2754582 -0.038982704 -0.094985865 -0.15829575 0.10489638 0.13145033 0.09450814 0.29497263 -0.03296012 0.18809256 0.1768138 0.14946993 -0.16410743 0.057062972 0.046822917 0.17734495 0.012135433 0.0064444384 0.021601174 0.16507052 0.1989736 0.1264008 -0.1314648 0.15189637 0.079645455 0.01302526 -0.40489146 0.08197844 0.03533926 -0.037741583 -0.057655983 0.007387784 0.041226786 0.33137584 -0.13483214 -0.24292819 0.05740966 0.1701282 0.1195306 0.28426385 0.14218223 0.13366629 -0.05668547 0.019824684 0.058011245 -0.12455813 0.057599418 -0.23699702 -0.011372931 0.10340057 -0.20907132 -0.04547336 -0.07956259 0.19704248 -0.28022614 0.035926595 0.029540924 0.47009704 -0.082513236 -0.0063619446 0.20747842 -0.13062575 -0.030449402 -0.23586091 0.15489735 0.07789659 0.036659908 0.14056422 -0.075957485 -0.12126446 0.06771562 0.19433115 0.19671911 -0.082662955 -0.20698796 -0.039074834 0.08778867 -0.06735422 -0.24848926 -0.20754533 0.14115849 -0.07819325
CZE -0.28593037 -0.25936878 0.21755193 0.29271328 -0.059927892 -0.06970913 -0.35913402 -0.26634204 0.07053972 0.25558013 0.19504592 0.079362966 -0.08880466 -0.1140816 0.014603667 0.17600165 -0.057125777 -0.1534625 -0.32872477 0.10976107 -0.043241575 -0.032499522 -0.21467188 -0.06478034 -0.1849414 0.11004923 -0.10540451 0.17805405 -0.023312593 0.19090712 -0.25229797 0.12928994 -0.16635013 -0.034245826 0.1188251 0.09712727 -0.020347316 -0.11150645 -0.036231633 0.19313577 -0.33022618 0.040525213 -0.041936707 -0.18230878 -0.057782713 -0.13880707 -0.16254228 0.17460413 0.10865667 0.15505573 -0.06938408 -0.04127817 0.12751502 -0.05894067 -0.103305854 -0.07645934 0.2629752 -0.057491735 -0.08018585 0.17099953 -0.06070268 0.027137715 0.1618679 0.26662478 -0.022522094 0.1718378 0.25138763 0.26663145 -0.16102797 -0.15494086 0.027569994 -0.09278599 -0.04636492 -0.24302717 0.13432945 -0.10389214 0.07958422 0.2938754 -0.0908844 -0.045943003 -0.062520064 -0.22359711 0.13146381 0.36321205 -0.311898 0.17071527 -0.013999333 0.08155163 -0.009393653 0.09621392 0.18438394 0.13766803 -0.10757149 0.0152120665 0.13798562 -0.0028585 -0.13957733 -0.07817614 0.0361288 -0.044230696 -0.06271392 -0.019366344 -0.27959964 0.22474349 0.15172769 -0.019874994 0.20134792 -0.018267062 0.23249921 -0.08637442 0.05886521 -0.13638145 0.09009697 0.11414419 -0.24271792 0.057212386 -0.14894333 0.09500662 0.15656479 -0.10409615 0.022388177 -0.17961699 0.25682703 0.08454554 -0.0072155087 0.24679546 -0.0092194425 -0.13874325
DNK -0.2557948 -0.26321155 0.011389011 0.15543213 -0.028619329 0.0005217835 -0.00038009486 -0.20233265 -0.040891577 0.26369414 0.06631335 -0.013155809 -0.20370574 0.0025867722 0.01398344 0.19591726 -0.10230209 0.046414185 -0.42733434 -0.08885308 -0.35052866 0.041668694 -0.04233265 -0.16542014 -0.19326816 0.17850253 -0.21006152 0.2645124 -0.10314123 0.1455424 -0.2147261 0.059435602 0.0076746326 -0.044149645 0.10706701 0.10101672 0.3064265 -0.2175876 -0.034320775 0.044750836 -0.2332345 0.017158445 0.005860834 -0.1610726 0.15004762 0.04629828 -0.38427874 -0.012831128 0.17331988 0.32531196 -0.02819424 0.1837559 0.1800563 0.032955144 -0.09208349 0.00043843198 0.10897902 -0.024435744 -0.121681355 0.077611946 -0.19169849 -0.16268882 0.058255486 0.102664724 0.036060937 -0.04789819 0.21237376 0.05562802 -0.27762356 -0.20026888 0.013293406 -0.30302498 -0.21623698 -0.016882313 0.0145202475 -0.12145176 0.009883969 0.01830409 -0.035993367 -0.0634855 0.041170474 -0.101536155 0.3026743 0.387597 -0.229007 0.07938239 0.13337481 -0.07541519 0.13600744 0.24760355 0.27730265 0.24294028 0.107815556 -0.12952073 0.29487678 0.23483421 -0.21772207 -0.037594657 -0.020831902 -0.13114555 0.1262207 0.10851732 -0.2459733 0.13755178 0.24460165 -0.06809904 0.29854533 0.016399462 0.16836344 -0.10564758 0.05596484 -0.1041143 -0.09978622 0.14386384 -0.1611163 0.057962056 0.010602791 0.18303357 -0.1766416 -0.04934323 0.022447191 0.046733536 0.07430621 0.09110592 0.07449123 -0.0070189713 0.13689813 -0.121920794
CYP -0.006736988 -0.23415156 -0.13927573 0.0052569597 0.0029328368 0.12689452 -0.08212294 -0.14704369 -0.061125338 0.0056055035 -0.26375753 0.17402044 0.1866107 -0.08737426 0.07903917 0.11694186 0.12552837 0.007630119 -0.1067166 0.043686897 -0.093311064 0.041581064 0.025095366 -0.29672596 -0.23432156 0.15584968 -0.08653649 0.20278813 0.011289747 0.28771713 -0.25770822 0.15014657 -0.14654373 0.26730365 -0.023239026 0.10569996 0.19875365 0.17899123 -0.0013025937 0.019258147 -0.12702328 0.050098866 0.011398287 0.0015110625 -0.12406632 -0.37109584 0.1880241 -0.069482185 0.10692549 0.044169497 -0.019728785 -0.10132076 0.27423444 0.05254191 -0.21579476 -0.23601443 0.22080582 0.050200075 0.008142482 0.037918076 -0.19102852 -0.120818116 0.1322434 0.24923845 0.078628466 0.30372468 0.108558565 0.4700029 0.099215314 -0.6117074 -0.051941067 -0.16447245 -0.4272797 -0.1974475 -0.033218686 -0.090539135 -0.13169952 0.10880998 0.0050267857 -0.030138236 -0.043255687 -0.32202092 0.050434522 0.90123117 -0.33387205 0.012544177 -0.026055353 -0.046144005 0.33765018 0.034124907 0.08965769 -0.0041169655 0.058540985 0.019175828 0.41926196 -0.08026508 -0.031193089 0.25928572 0.24538125 -0.22116227 -0.19695382 0.17642927 -0.25571686 0.2678832 0.10636911 0.02508801 -0.10647985 0.04203503 0.18688364 0.09045189 0.1066127 -0.23973465 0.027894331 0.16304983 -0.26308843 0.07490051 0.13566995 0.05133594 0.4528205 -0.14510329 -0.18758014 -0.31529412 0.16532278 0.044321045 -0.24931428 0.10783401 -0.016404089 0.14279291
MAR -0.13066965 -0.2156676 -0.03769018 0.017980488 -0.10359936 0.057162426 -0.125558 0.0037822546 -0.039234884 0.17911771 -0.0921745 0.08564645 -0.04838043 -0.073907085 0.07008252 -0.035299122 0.030916806 -0.045778014 -0.35135654 -0.18942136 -0.19085616 0.14849417 -0.09086249 -0.003893929 -0.059906647 0.2869174 0.1342432 0.27206373 0.29800817 -0.08867815 -0.28402352 0.06458506 -0.20856726 0.0011633609 -0.022157367 0.22125909 -0.10907162 -0.0954938 -0.07678077 -0.04866827 -0.20861822 0.14965597 -0.1378865 -0.09012409 -0.04280646 0.11729521 -0.17483038 0.037348963 -0.09686411 0.0895441 0.020248257 0.08885634 0.2098305 -0.1133982 -0.06305532 0.062453013 0.026154768 0.04425491 -0.15826556 0.030898657 -0.11954343 -0.16949604 0.042334788 0.17138633 0.185979 -0.10159295 -0.04344035 0.054212768 -0.22441977 -0.31210214 -0.17917635 -0.33518118 -0.28707904 -0.09392278 -0.09477612 -0.045681834 -0.11029375 0.15565717 0.07082463 0.291524 0.025280997 -0.016439674 0.0435055 0.27672914 -0.191568 0.022058912 -0.07437412 -0.18000531 0.07730005 0.053635865 -0.017266698 0.23496468 0.06431393 0.030211702 0.35439563 -0.007936472 -0.09251594 -0.15628445 0.016838241 -0.2129277 -0.28494367 0.11310471 -0.12954578 0.015700739 0.27625877 -0.2740753 0.084908634 0.060873944 0.122778766 -0.13299327 0.2119082 -0.31273562 0.05898882 0.20773965 -0.16883619 0.043907955 -0.051622126 -0.07716233 0.16893424 -0.20369047 0.007981895 -0.2234268 0.034468915 0.2660982 -0.21001613 -0.08214942 -0.03918139 -0.25359944
FJI 0.030008228 -0.3196119 -0.14355536 -0.041499022 0.3286551 -0.17434 0.012488782 0.24760793 0.049533665 0.11880657 0.013669226 0.09825685 -0.14220536 -0.121328056 0.36577508 0.23492165 -0.049205765 -0.44527587 -0.10815276 0.2751395 -0.18117753 0.16714592 -0.122865684 -0.47435868 -0.2606592 0.55952346 -0.07738684 0.14469057 0.214831 -0.012682196 -0.50330025 -0.1083339 0.13276336 0.3586305 -0.12074881 0.074273184 -0.109870255 0.063214 -0.32257777 0.29024068 -0.4247436 0.15981942 -0.2023536 0.2260894 0.19127719 0.020364523 -0.17943576 0.20775074 -0.09298487 0.36865744 -0.24586743 0.38215575 0.2881958 0.005026536 -0.24140465 -0.19152491 0.40880302 0.16683123 -0.28956974 -0.015235683 -0.27187186 0.086763576 0.16357523 -0.03882778 0.17116861 -0.01407243 -0.27328193 0.24778077 0.050318886 -0.33070344 0.033961937 -0.16157733 -0.08485893 -0.24385059 -0.17508762 -0.30901515 -0.48115644 -0.23098913 -0.18046813 -0.22756912 -0.18566728 -0.10851035 -0.09299587 0.4482527 -0.21409632 0.22227865 0.2074271 0.023773987 0.19592194 0.1541842 -0.011504642 -0.07150403 0.19579652 0.15939172 -0.054917343 0.18792869 -0.23021668 0.030477567 0.261027 -0.09054262 -0.24006641 -0.13609144 0.18851134 0.07061425 0.045486446 0.015970193 -0.12193465 -0.15037452 0.19898394 -0.13965681 0.038545452 -0.093113914 0.10229299 0.27054697 -0.28758514 0.15751943 -0.21403158 -0.2858905 0.5095702 0.1269093 -0.15402627 -0.46073973 0.218027 0.13661566 -0.054809753 -0.07743293 -0.16115902 0.119550005
VUT 0.14922585 -0.07799448 -0.17130211 0.15557675 0.47214037 -0.16304664 0.04232733 0.1557681 -0.17290455 0.19484264 0.14710562 -0.0361327 -0.036980264 -0.1534081 0.4133488 0.15580504 -0.03618416 -0.28016552 0.035718188 0.36710358 -0.008110047 0.10181543 0.01782349 -0.26251334 -0.28162062 0.34643626 0.021019356 0.11604938 0.08965572 0.17073298 -0.1333641 0.034036715 -0.1305801 0.24042316 -0.3328271 0.08108764 0.03742922 0.30046803 -0.2160149 0.016394734 -0.17470573 0.07331828 -0.17267564 0.3598377 0.07230314 0.0400776 -0.13875008 0.18917966 -0.058360547 0.054165848 -0.11324704 0.23823753 0.33571944 0.006519911 -0.18259093 -0.19950351 0.43681073 0.1624116 -0.114892885 -0.017731806 -0.05901779 0.07360086 0.07368828 -0.09766981 0.09420063 -0.05189762 -0.04959187 0.32699463 -0.047464475 -0.31547707 0.20012586 -0.22383656 -0.20218773 -0.3004761 -0.027364168 -0.09668729 -0.3464029 -0.15678003 -0.08253833 -0.04336208 -0.024414547 -0.10985575 -0.17676203 0.72933936 -0.2043434 0.33462203 0.13247812 -0.17488994 0.086113445 0.04932767 0.034237124 -0.05979226 0.3571234 0.050983507 -0.025985785 -0.0085073905 -0.12514062 0.074135505 0.23245697 -0.08034976 -0.25869823 -0.11846506 0.0813972 0.052604962 -0.11716589 0.00020404672 -0.09877247 -0.099363334 0.10918506 -0.17290932 0.16436395 -0.037679415 0.031127946 0.2168142 -0.25455433 -0.15987746 -0.04242072 -0.036719203 0.4078194 0.05638076 -0.050248843 -0.3251415 0.2943744 -0.03816664 -0.11766861 -0.06242501 -0.13833024 0.10388178
AFG -0.08343339 -0.16886233 0.016246056 0.06938162 0.052315198 -0.0027036963 -0.14503247 -0.0438598 0.06803045 0.07566308 0.08593683 0.04245643 -0.07576387 -0.072961554 -0.06598221 0.061770055 -0.12920393 -0.18956135 -0.31396517 -0.1174443 0.10614835 0.13621381 0.015348541 -0.1620932 -0.10197764 0.12888649 0.02087831 0.09439221 0.07923632 0.020260902 -0.19427958 -0.063629724 0.013020002 0.10910827 0.035252307 0.05237233 0.3012888 -0.3072814 0.12353718 -0.042164892 -0.3203577 0.20728956 0.030478086 -0.1220352 0.11722102 -0.018597899 -0.08778759 0.048743308 0.0028178983 0.0701359 0.05322118 0.03543113 0.0252164 0.09027818 -0.100466326 -0.1172902 0.32378015 -0.07010309 0.0028568502 0.086807795 -0.059525456 -0.09738086 0.16128938 0.20886208 0.0398945 0.109074496 0.33936378 0.14837141 -0.08654618 -0.12444923 0.055289514 -0.031534094 -0.19535133 0.039393846 0.010919434 0.035240397 0.028498009 0.08674884 -0.05210385 -0.12384087 -0.10380715 -0.23974761 0.28332248 0.33265382 -0.26884505 0.0034296187 0.20312485 0.16210218 -0.007838181 -0.021185596 0.05527413 0.065903716 -0.114418775 -0.1477395 0.35124448 0.107801914 0.053693112 -0.09173174 0.011911006 -0.09338159 -0.09919456 0.34653136 -0.19850197 0.4216896 0.16605842 -0.15955162 0.11125994 0.19699587 0.20919801 -0.07262792 0.25543928 0.012317128 -0.0065971296 0.35607758 -0.16377342 0.11243614 0.009670008 0.03343909 0.22662753 -0.18815838 -0.057878453 -0.2221937 0.22879547 0.26165396 -0.00090690487 0.11299176 0.038510755 -0.04251523
PLW 0.41592607 -0.14963692 -0.27551374 -0.01138652 0.18151486 0.0013522668 -0.04720884 0.045871302 -0.072831266 0.0791035 0.01475956 0.50057536 0.04153678 0.0029295206 0.18118253 0.15932004 -0.07343893 -0.1252229 -0.031332657 0.08370463 -0.03678606 0.10358626 0.09875094 -0.23871969 -0.18208075 0.06766739 0.052548427 -0.15061392 0.09647102 0.042175595 -0.027678903 0.07821121 0.16370058 0.28735942 -0.17433263 -0.0033616154 -0.005129861 -0.025438573 0.02267855 -0.051394764 0.0779492 -0.085257754 -0.19891125 -0.009268332 0.027557414 0.007553663 0.0038450584 0.18214123 -0.20894912 0.26717663 -0.20076253 0.16932538 -0.010369126 0.093044065 -0.16157575 -0.074044734 0.27450204 0.20242679 0.037127513 0.0027498219 -0.2570465 0.21503478 -0.2724323 -0.025938636 0.36767298 -0.1247886 -0.10502504 0.24111818 0.096217126 -0.36204007 -0.10935717 -0.05146753 -0.2003488 -0.23927148 -0.042639118 -0.031938825 -0.20857139 -0.1567092 -0.058598667 0.026335064 -0.31350267 -0.37647358 0.023806121 0.7400813 0.07169025 0.095868565 0.3496339 -0.07459587 0.108563654 -0.07437069 0.034442987 -0.3183174 0.309017 -0.21705736 0.10053713 0.20167044 0.16918652 -0.13823612 0.26327074 -0.06375659 -0.22445376 0.021624519 0.16788591 0.2596042 0.030933237 -0.19463836 -0.26962736 0.24507642 0.10873858 0.09869027 0.020863086 0.121488184 0.15792617 0.29346684 -0.19287287 0.13395017 -0.04536413 0.080198646 0.39589036 0.10284527 -0.11657214 -0.24195188 0.10822648 0.08910089 -0.26880077 -0.13797152 0.10317045 -0.040046353
LBY -0.017233998 -0.05987171 0.33656833 0.1729147 0.07382989 -0.019038193 -0.2675624 0.07320763 0.16289821 -0.033107776 0.27535716 0.097163245 0.053417284 -0.13323411 0.08360687 -0.015337008 -0.25933236 -0.23665866 -0.37291718 -0.026729587 0.31320405 0.28064212 0.14432861 0.0011664282 -0.10445222 0.12207969 0.050820865 0.11359128 0.13484149 -0.0074463338 -0.18744875 -0.15933286 0.07747407 -0.28409398 -0.0018965545 0.026468588 0.11686155 -0.46191365 0.06173326 -0.0058457055 -0.393784 -0.015317145 -0.009242335 0.00454806 0.08684573 0.20965238 -0.08256576 0.0015353715 -0.09514971 0.17158511 0.029394528 0.14818361 -0.26484933 0.15059496 -0.22806981 -0.00456045 0.18221416 -0.1255459 -0.053266644 0.35519898 -0.043986104 0.07257007 0.12207257 0.080196165 -0.041908238 -0.05631567 0.36101928 0.2293449 -0.18624663 0.17515562 0.123809084 -0.06497463 -0.32930222 -0.079773314 0.15632705 0.022657728 -0.013936452 0.14475234 0.040841848 -0.1444132 -0.31389457 -0.22190389 0.34945786 0.4908696 -0.061350532 0.18791641 0.38045016 -0.04146425 -0.10789425 -0.012772715 0.0626204 0.16243654 0.10665798 -0.1674227 0.36282286 0.20486628 0.1993375 -0.36074874 -0.15183605 0.0109719 -0.13357304 0.35948163 -0.25346255 0.17096809 0.087396406 -0.08787061 0.27578804 0.44122142 0.25606078 -0.25532898 0.32224008 0.038989622 -0.075090975 0.11844267 -0.22974744 -0.03299633 -0.009459927 0.24540596 0.044045053 -0.3180992 0.05032742 -0.12205334 0.20716895 0.25976208 -0.04794772 0.057619493 -0.08346193 0.048503388
FSM 0.6001834 -0.15420972 -0.17670572 -0.08022416 0.02470784 -0.05131881 -0.071563065 0.11440721 -0.030646222 0.018761799 0.17677538 0.646795 -0.08861262 0.056210164 0.43280157 0.24090885 -0.27000967 -0.0055056224 -0.2141728 -0.017445497 0.056072082 0.3239582 0.18943472 -0.37661856 -0.40674764 0.081954576 0.021633487 -0.0710744 0.30256855 0.06182929 -0.18576443 -0.07555207 0.40724564 0.1889325 -0.26805666 0.07413034 0.23566817 -0.22283712 0.040569954 0.035171017 0.10550082 -0.045544807 -0.10800382 -0.12095942 0.074873246 0.024302939 -0.1752544 0.102968745 -0.049119584 0.35080016 -0.24683253 0.034669116 -0.1971967 0.24732652 -0.17430472 -0.012831862 0.42475307 0.19221853 -0.13425814 0.004413333 -0.32449755 0.41352588 -0.15839183 -0.05911724 0.43815205 -0.10777239 -0.24440716 0.18305427 0.20966211 -0.36125124 0.032345675 -0.21991189 -0.2783917 -0.39409673 0.015824338 0.2167382 -0.04157672 -0.21460444 -0.15668616 -0.17449154 -0.239581 -0.25780743 0.34925753 0.5324796 0.050494168 0.042282987 0.24407487 -0.03401772 0.15054986 -0.13281167 -0.22718714 -0.244972 0.16685437 -0.15001673 -0.037481982 0.124284476 0.34304315 -0.27460426 0.30720565 -0.20141275 -0.18444988 0.073209025 0.019206632 0.0541266 0.06558365 -0.07677995 -0.19468665 0.47259012 0.14071165 -0.013505098 0.03286287 0.14129338 0.04025362 0.17220204 -0.005733071 0.26355723 -0.045379777 -0.07240848 0.2083752 0.11704554 -0.12122948 -0.1069888 -0.19869685 0.32640994 -0.26527166 0.16139987 -0.00844946 -0.011252468
GNQ -0.20730604 -0.27325585 0.047263645 0.11122362 0.115830205 -0.107557274 -0.038623452 -0.38610712 -0.07099137 0.21602768 0.39656687 0.09276428 -0.34583065 -0.079115525 0.09457715 0.37240565 0.15485124 0.12094906 -0.21258329 -0.0072976034 -0.15520404 0.0035375422 -0.17640133 -0.25536728 -0.06714123 0.050834887 -0.2513084 0.050766513 -0.2845508 0.012603384 0.1078125 0.12073516 0.033755776 0.0103758555 -0.05753561 0.27079204 0.28401178 -0.2033679 0.015255397 -0.14084758 0.03346569 0.14406827 0.05925261 -0.3272036 0.31026134 0.03845888 -0.54108554 -0.030978052 0.18566372 0.15931566 0.06369664 0.10563089 0.07551399 0.22650242 -0.060423374 0.028939724 -0.09460876 0.07164733 -0.09464044 -0.010630073 -0.055676732 -0.0011766495 -0.113193914 -0.09947696 0.22724724 0.16832498 0.15198608 0.09058944 -0.22296011 -0.23557578 0.070277594 -0.30887052 -0.17337307 -0.05934747 -0.05430499 -0.30924344 0.009065131 -0.102742314 -0.04253262 0.19773288 -0.11344982 -0.18428016 0.19543605 0.28297418 0.047059104 0.0157372 0.19425341 -0.048049 0.02845125 0.0656102 0.104971744 0.0042206356 0.112869784 -0.19710217 0.09411829 0.35246864 -0.13415305 -0.25994745 -0.20063923 -0.13661274 0.05912958 0.059362233 0.050788045 0.37831733 0.09883228 -0.09637226 0.12186769 -0.09129493 0.07353604 -0.04065518 -0.06055152 0.062309623 0.002858496 -0.0011720335 -0.012206909 0.042673785 0.04467282 0.05138706 -0.30448255 0.061400764 -0.059592456 0.12505876 -0.044350833 -0.12268258 -0.06959063 -0.018017028 0.24986047 -0.052661557
CMR 0.24151401 -0.0843185 0.032447215 0.120639294 0.036212523 -0.15229122 -0.036887016 -0.056599375 0.053378116 0.018319808 0.20076078 0.25594568 -0.22942661 0.010223125 0.064055085 0.252002 -0.10212551 -0.016804323 -0.08762211 -0.050872996 -0.04650626 0.23681572 0.103096455 -0.19568026 0.055926822 -0.06385047 0.0054628137 -0.038759314 -0.14178097 0.10876971 0.040965974 -0.06756715 0.09724475 0.06504907 -0.19850306 0.11364917 0.27452213 -0.08173988 0.18104842 -0.05714774 0.042483713 0.03798919 -0.018857734 -0.14037846 -0.028165314 0.1283967 -0.15455183 -0.04339344 -0.030815408 -0.03465932 -0.0066184476 0.12496835 0.055249635 0.04698986 -0.117087424 0.06675033 0.24072489 -0.016372906 -0.0134341195 0.008580209 -0.009114027 0.0823858 -0.15211093 0.08275558 0.12665854 -0.26128703 0.083365254 0.18297583 -0.2591832 -0.1387597 0.09320226 -0.17713997 -0.06157134 0.03512787 -0.046807013 -0.031086888 -0.09791516 -0.2214832 0.048259076 0.012537606 -0.22904213 -0.31574133 0.27015102 0.35010678 0.09344632 0.081204385 0.1834512 -0.11374754 -0.084084935 -0.10433896 0.022071224 -0.17063053 0.18844415 -0.19062375 0.20251845 0.36748648 -0.07862497 -0.10441238 -0.06293631 -0.24820611 -0.022373289 0.07995363 0.042044498 0.29691768 0.15355414 -0.26843828 0.15654838 0.20636263 0.10242895 0.020035341 0.2512907 0.2724289 -0.04120989 0.43251526 -0.16493073 0.12915702 -0.10140764 -0.009922638 0.21692322 -0.011420604 -0.09078507 -0.055067457 0.17963806 0.14915384 -0.029575832 -0.06944951 0.11282787 -0.11007068
HKG -0.0119115375 -0.19945721 0.19173573 0.034620915 0.18367183 -0.15629426 -0.36646202 0.16055845 -0.045697253 0.0046761264 0.30181777 0.24012442 0.092607535 -0.09949595 0.2895369 0.09982274 -0.28824428 -0.09899982 -0.2987779 0.05088853 0.12439232 0.12156544 0.03458526 -0.13504387 -0.22187552 0.34759316 0.12633285 0.06969214 0.34299552 -0.037790492 -0.36500198 0.05886059 0.112633176 -0.19271639 -0.14553973 0.10507621 -0.035871517 -0.26042408 -0.15821825 -0.06623497 -0.24089101 -0.004951061 -0.0080840625 0.059619077 0.04256066 0.07959442 -0.1661353 0.124751516 0.074793875 0.36035427 -0.14732029 -0.070352875 0.053277463 0.21224925 -0.18608296 -0.19315429 0.22903396 0.07211974 -0.22732733 0.26958004 -0.16741188 0.30740917 0.10933993 -0.055760104 0.18015508 0.06968594 -0.17284296 0.30818284 0.05697388 0.020206342 0.0863589 -0.2530269 -0.4548402 -0.5269332 0.13631356 0.16165298 -0.068288445 0.1835809 -0.14235085 0.10967401 -0.26777372 -0.22897519 0.18471453 0.43358308 0.0042116255 0.25994784 0.22633359 -0.21252236 0.11356544 0.11606129 -0.05666201 0.20043406 0.29918224 0.05571281 -0.006666014 -0.005624862 0.034493893 -0.31178862 0.2595093 -0.10443118 -0.26452202 -0.01698274 -0.2819575 -0.3010727 -0.05887669 0.16075385 -0.04284332 0.29801 0.30657843 -0.3614034 0.048244458 -0.29994538 0.1426115 -0.21184914 -0.28829962 -0.014847202 -0.032007486 0.16925558 0.1389609 -0.12930797 -0.049103532 -0.15385957 -0.15629531 0.077737845 -0.24055257 0.20883322 -0.21767169 0.12036011
BIH -0.09000475 -0.17327584 0.24408439 0.2552563 0.15008563 0.022835614 -0.18185788 -0.007017223 0.07818732 0.13691412 0.18887268 -0.054910127 0.0077007245 -0.15315504 0.16750948 0.047643475 -0.026192421 -0.16488653 -0.44978797 0.053809065 0.088356964 0.23518303 0.027148388 -0.024032872 -0.16244294 0.28742298 -0.13689527 0.36271167 0.11041876 0.048475873 -0.19092718 0.03459312 -0.032599248 -0.28012025 -0.034756478 0.23293123 0.1343438 -0.24157898 -0.17003001 0.075361006 -0.56311494 0.12676907 -0.12482889 0.039601855 0.056620702 0.053635996 -0.21927245 0.03942618 -0.073832184 0.18315418 0.1465042 0.26801917 -0.13574393 0.07351349 -0.18685025 0.038174864 -0.039187144 -0.13638271 -0.12649481 0.31077334 -0.046484224 -0.12368655 0.24365324 0.11995215 -0.111188516 -0.07380884 0.35176834 0.18921451 -0.27250385 -0.081898645 0.19136971 -0.22774695 -0.24044187 -0.06642184 0.06993828 -0.27217013 -0.06320818 -0.00037920184 0.13441126 -0.28364936 -0.08188942 -0.15551996 0.19187775 0.5742623 -0.27428412 0.18190008 0.27481994 -0.15659921 -0.011996071 -0.090486534 0.10092301 0.32993507 0.06285187 -0.10353237 0.47251347 0.24037927 0.16767365 -0.37785435 -0.2427476 -0.019886492 -0.13139674 0.25416383 -0.07627466 0.1555174 0.19672473 -0.10689057 0.30159578 0.289199 0.33271098 -0.18557219 0.2942891 -0.0762291 -0.23919837 0.10273086 -0.21565622 -0.03360812 -0.049550794 0.12930426 -0.088048674 -0.24103653 0.12309625 -0.21094005 0.238252 0.21107598 -0.016620735 0.008054721 -0.15429781 -0.020978734
ROU -0.31008422 -0.25407383 0.11520632 0.16735072 -0.033484824 -0.0053356406 -0.3120312 -0.25853488 0.056776803 0.22517723 0.15860912 0.08749927 -0.03612406 -0.069811866 -0.04479716 0.08995735 0.005929952 -0.16933778 -0.36274636 -0.022363665 -0.044731867 -0.048558176 -0.18512352 -0.036060356 -0.1590466 0.07048213 -0.031783443 0.13467397 0.014244296 0.096377425 -0.15323767 0.10720977 -0.12563913 0.021667799 0.08714647 0.102320455 -0.023283802 -0.19463876 -0.03755028 0.09071088 -0.36147287 0.12548907 -0.05837093 -0.20131522 0.018516473 -0.12082669 -0.16992655 0.21387619 0.06677799 0.18234043 -0.027918372 -0.076182485 0.11063368 -0.057145223 -0.12195921 -0.09935325 0.24018967 -0.07218449 0.0010749388 0.15633132 -0.07555391 0.016232265 0.14590766 0.25109172 0.06799347 0.19457677 0.22958587 0.19370243 -0.10889036 -0.18657424 0.027957652 -0.0887826 -0.054167107 -0.2256666 0.12218943 -0.06454706 0.14736201 0.31378686 -0.1001656 -0.0132934535 -0.07087443 -0.24716702 0.10009022 0.43738455 -0.32217315 0.07539041 0.08531834 0.064398535 -0.025279474 0.031622134 0.19411437 0.14814445 -0.14190112 -0.028639192 0.22955576 0.046598237 -0.0072174123 -0.10907666 0.081082985 -0.0868662 -0.076461464 0.07997207 -0.31575644 0.23359366 0.11714086 -0.054350786 0.09753899 0.035736293 0.21968801 -0.036921702 0.101608254 -0.11353611 0.11618055 0.15708122 -0.20744568 0.009351932 -0.10462702 0.07000308 0.14073166 -0.17177123 0.03396423 -0.19900027 0.21409199 0.09844719 -0.030522594 0.25794047 -0.01788326 -0.1423942
MRT 0.0534943 -0.27000862 0.1166071 0.05621825 0.20160541 0.040090483 -0.16268417 -0.41455352 0.033424295 0.09570895 0.040863656 0.12647234 -0.42913717 0.02617616 0.33338478 0.3771425 -0.35049954 0.16160677 -0.12623712 0.030710494 -0.0018785021 0.34921768 0.06733673 -0.062399555 -0.24496442 0.18587211 0.07169704 0.07494142 -0.09189669 0.20878688 0.093614355 -0.15704797 0.05206067 -0.08503503 -0.40230393 -0.06552128 0.31399992 0.0067597777 -0.1672839 -0.08538062 -0.3187228 0.16872482 -0.33509725 0.101460755 0.2862026 0.12677838 -0.54985213 0.09082656 -0.075524926 -0.018011933 0.008485492 0.1892499 0.21020505 0.087887034 -0.24784438 0.24825065 0.33637813 0.021128226 -0.12206255 -0.13613316 -0.111057 0.12610891 0.11591603 -0.04752284 0.12217502 0.055818733 0.06328502 -0.02712292 -0.15863636 -0.006633263 0.107354514 -0.15671875 -0.12552242 -0.101149336 -0.19171031 -0.092779346 -0.30870706 0.19303428 -0.027911754 0.15867363 -0.0025331932 -0.06739501 0.011514361 0.13250042 -0.03184631 -0.15718582 0.0648241 0.0072163995 0.10890658 -0.0481653 0.11058991 0.06833689 0.0723537 -0.1703485 0.17896394 0.22905266 -0.21999383 -0.049935214 0.03747896 -0.100243 -0.1233362 0.09758487 -0.23266171 0.17798205 0.11586237 -0.033370603 -0.01939757 -0.07004616 -0.10623296 0.0030685195 0.22399324 -0.07278596 -0.06782467 0.07994412 0.04352588 0.1792587 -0.30046952 -0.03529601 0.17690201 -0.040850062 0.17130159 -0.12957592 -0.14023688 -0.011741465 -0.16862151 0.03661525 -0.14670232 0.16560341
ARG 0.13812493 -0.3139912 -0.07417214 0.23416044 0.13758214 -0.08050097 -0.19239457 -0.27339417 -0.17548716 0.19617589 0.22923744 0.34296048 -0.20304424 -0.1455631 0.10999855 0.39408445 -0.16472861 0.081251785 0.0084976135 0.07047865 0.04692906 0.044660784 -0.020294832 0.00607426 -0.044215646 0.05399167 0.09781295 0.090484075 0.12423437 -0.022008829 0.14921466 0.13140124 -0.122254826 0.16389407 -0.20522073 0.10936642 0.25225762 0.29684478 0.3000212 -0.40334606 0.06669983 0.1708605 -0.21558957 -0.18909176 0.024093464 0.20181257 -0.14698339 0.065905675 -0.13877684 -0.056665767 -0.024308784 0.04294405 0.14878707 0.2510643 -0.02921774 0.10130648 0.12778068 0.12571 -0.049225178 0.044202343 0.009371124 0.06985579 -0.0863705 0.12818244 0.20182672 -0.124579266 -0.032952078 0.10189451 -0.11904928 -0.26943585 -0.08381055 -0.057937607 -0.102963686 -0.00842348 -0.11404171 -0.03677636 -0.05404264 -0.014397506 0.15475172 0.47623712 -0.12043719 -0.26345614 -0.11183078 0.54938745 0.15953524 0.1837946 0.14616083 -0.101564206 -0.01364122 -0.094232865 0.043308023 -0.18665867 0.24899794 -0.08667844 0.19822472 0.09255686 -0.11316485 0.022300763 -0.03190243 0.05054504 -0.35354763 0.09545712 0.20993902 0.31027207 -0.015813222 -0.31843632 0.07705169 0.03728233 -0.0417714 -0.04904506 0.104203485 0.024663502 0.13451234 0.17468882 -0.13699102 -0.0355694 0.111602575 0.04340854 0.21011323 0.07842729 -0.111869 -0.15255576 0.031416606 -0.052257225 -0.2786091 -0.23646004 -0.019545717 -0.23461871
ABW 0.022539133 -0.24460058 -0.22542131 0.007814089 0.032959145 -0.051377393 -0.24528061 0.023220943 -0.065860316 0.236656 0.09731781 0.09194872 -0.1353217 -0.09705496 0.114177644 0.15272734 0.060633086 0.13728322 -0.2918964 -0.10968872 -0.07698565 0.24996087 -0.16852015 -0.15634118 0.012592788 0.34435004 0.094916224 0.31729287 0.3105231 -0.04011755 -0.23312666 0.10508377 -0.21208376 -0.0037986073 -0.13187715 0.41547543 -0.079442 0.11447323 0.033021 -0.25327772 -0.16248375 0.16958041 -0.06409919 -0.23965093 -0.08352028 0.006237627 -0.13711272 -0.07744281 -0.17338134 0.062538266 0.107773736 0.038997598 0.1811489 0.2519819 -0.012549938 0.14672303 -0.114449345 0.16324592 -0.14008293 0.22968987 0.008249751 -0.030384306 -0.09693523 0.04572957 0.28046942 -0.12509696 -0.19385333 0.0434349 -0.33214834 -0.32938582 -0.19783156 -0.27449265 -0.1847079 0.10565477 -0.16274178 -0.23626283 -0.12601942 -0.044357453 0.08694287 0.4085743 -0.08470828 -0.022492332 -0.067733854 0.29107848 0.043836154 0.055424567 -0.06074249 -0.17288534 -0.050961554 -0.17359321 -0.08464418 -0.03214674 0.074404776 0.07906091 0.39584896 0.14371943 0.023978096 -0.24817859 -0.17050442 -0.09871064 -0.3390231 0.023792274 0.26585945 0.23765406 0.23870605 -0.5220753 0.06598035 0.12976958 -0.03347199 -0.10055967 0.10029867 -0.16726401 0.020582328 0.26390898 -0.15356529 0.07981331 0.04457351 -0.13010934 0.08864986 -0.048804782 -0.11977705 -0.15478976 -0.23130615 0.19694816 -0.19857328 -0.27413237 -0.032889135 -0.20490456
ZWE -0.17138432 -0.13478118 0.15489218 0.06378641 0.24206622 -0.06304385 0.12374516 0.18854603 -0.048706736 -0.09021928 0.41333812 -0.09775181 -0.11002328 -0.25305703 -0.009346775 0.22720124 -0.12832251 -0.19103733 0.11619619 0.16304784 0.12099112 -0.043611057 -0.25398743 -0.31587076 -0.13474761 0.4235562 -0.004978821 0.0715892 0.1035466 -0.27941662 -0.19820084 -0.024566244 0.018803708 0.27070555 -0.014902688 0.0006933166 0.3132725 -0.1096098 0.037114117 -0.21355416 -0.025366804 0.13838202 0.04897528 -0.0701078 0.4206299 0.0892959 -0.2479908 -0.028192963 -0.05802178 0.061496466 0.032975268 0.100856386 0.16876455 0.24664518 0.062681876 -0.14678302 0.052227516 0.21350375 -0.42777184 -0.09348406 -0.17907736 0.04625237 0.12139167 -0.031091696 0.2134025 0.30781117 -0.0077571864 0.17314263 -0.060769588 0.08397661 -0.1808421 -0.07822272 -0.59004694 -0.08564534 -0.122796156 -0.124432534 -0.24358027 0.0055833235 -0.022945875 0.4799365 -0.21977682 -0.18713127 0.06362512 0.041493006 0.2373317 0.25169405 0.21151635 0.07683028 0.11574465 0.26003766 -0.04663566 0.0027145683 0.15122655 -0.13576204 -0.14624639 0.09445356 -0.36379564 -0.064918675 0.069063425 0.061808236 -0.34017396 -0.06274838 0.020396559 0.43338448 0.006851057 0.035567425 -0.008552348 -0.30330443 0.06999538 -0.41120142 -0.086907975 -0.19187075 0.22402416 0.01787124 -0.16871387 -0.03233332 0.011315991 0.012162318 0.29426718 -0.09810658 -0.36646244 -0.19097233 0.08953626 -0.059189748 -0.35549447 -0.22183399 0.20437504 -0.01598683
LVA -0.12681925 -0.3367749 0.057554025 0.025824001 -0.12991907 0.060509786 -0.13066891 -0.24451897 0.017326664 0.05692755 -0.13030614 0.17505854 0.055111513 -0.060740042 0.14799899 0.16375478 0.17294477 0.0854918 -0.22667995 0.018362563 -0.0692979 0.114801124 -0.0061419243 -0.32606077 -0.31681016 0.05562735 -0.14351258 0.3275462 0.023062507 0.2811324 -0.20393921 0.15216497 -0.17485046 0.15495552 0.0005936941 0.14638004 0.27348262 0.08837192 -0.05211648 0.08715661 -0.18501711 0.1065625 0.031828534 -0.08790366 -0.1083158 -0.35104677 0.017833684 -0.084764905 0.2003036 -0.053088635 0.06374563 -0.15539698 0.28111055 0.094793886 -0.1952805 -0.037682053 0.14566661 -0.014304112 0.075302094 0.20450471 -0.09943331 -0.04274187 0.14227822 0.26611423 0.021101989 0.3256637 0.04719455 0.33480498 0.027997602 -0.5250839 0.09978197 -0.25266537 -0.2832133 -0.18769127 0.060050555 -0.114368334 0.020234881 0.1975895 -0.080340296 -0.07390078 -0.024038652 -0.26562947 0.08131533 0.7111772 -0.3433003 -0.043240245 -0.10918709 -0.0497348 0.21895087 -0.0071383836 0.060388632 0.119779766 -0.04461508 0.027847845 0.4855651 -0.05599798 -0.0071766903 0.14588259 0.11218485 -0.27096632 -0.22084112 0.227723 -0.3068313 0.16505831 0.15777986 0.070282385 0.035849694 0.06495363 0.15392423 0.07707319 0.21020408 -0.20597322 -0.032248553 0.15440306 -0.21334878 0.16873407 0.10724509 0.01908445 0.32296965 -0.23493324 -0.18850555 -0.2235909 0.061734967 0.08355367 -0.27938652 0.23044057 -0.045755096 0.027939163
FIN -0.21644354 -0.3015085 0.056648836 0.15491027 0.07241838 -0.0638109 -0.13284478 -0.2280771 0.0008251091 0.24301146 0.14896075 0.05682506 -0.21801454 -0.033650074 0.03321592 0.24538751 -0.071640134 -0.051228937 -0.34251067 -0.05411187 -0.15160501 0.06625473 -0.09113183 -0.122567825 -0.12698072 0.1824264 -0.12614588 0.1281994 -0.01247047 0.06721993 -0.1629172 0.088111065 0.019110965 0.022475317 0.026692092 0.11294778 0.26434493 -0.22159296 -0.013204377 0.016835 -0.27903345 0.1664071 0.018576548 -0.15960555 0.17032284 -0.0005768244 -0.33961052 0.07332938 0.11096322 0.18769562 0.038115617 0.104087956 0.1322073 0.07644105 -0.0655222 -0.03294476 0.14131011 -0.035010908 -0.051333457 0.063651934 -0.094300054 -0.084384486 0.09886147 0.10878674 0.03666282 0.08123968 0.16564071 0.050142128 -0.13079283 -0.13618757 0.066849865 -0.14380269 -0.15690045 -0.014626919 0.035128575 -0.114377074 0.03497277 0.024258362 -0.08393281 -0.111627534 -0.0004630374 -0.20062289 0.19232196 0.21555087 -0.2031002 -0.0039095203 0.08985398 0.032976538 0.08772482 0.11276089 0.15981509 0.17481323 -0.016577076 -0.139256 0.22404823 0.17101891 -0.111030206 -0.09896436 0.0012503818 -0.08749157 0.011982834 0.14438003 -0.11494557 0.20183457 0.17901061 -0.09184686 0.13361146 0.057331387 0.15838364 -0.046931595 0.107403114 -0.1209905 -0.011267897 0.14232486 -0.13476591 0.12621956 -0.019572679 0.09853107 -0.05419621 -0.07423873 0.021521209 -0.06529963 0.09022346 0.10036311 0.01113497 0.07102928 0.049913052 -0.07057182
BDI -0.2590908 -0.22462721 0.17951064 0.0031932055 -0.13986434 -0.28008935 0.15541096 0.28633958 -0.062297802 0.1668297 0.25012282 0.04396223 -0.21690132 -0.18003134 0.048581727 -0.0030826875 -0.03414465 -0.27879453 -0.20423761 0.051460255 -0.08815394 0.14237158 -0.20796596 -0.45135003 -0.21391979 0.37478608 -0.037514217 0.24311727 0.11147928 -0.08940689 -0.40963155 -0.1501618 -0.0646058 0.07468095 0.100036055 -0.10918659 -0.22473451 -0.20275821 0.04400852 0.023582026 -0.026072918 -0.07101314 0.008624623 -0.051797085 0.08545356 0.17916322 -0.20928043 -0.03666689 -0.015835367 0.19791234 -0.20376036 0.21652257 0.3030393 -0.07792371 -0.11645913 0.010985802 0.24444121 0.091976434 -0.09910794 0.26930824 -0.041639518 0.20883322 -0.14800258 0.08596432 0.16622216 -0.1448254 0.018462054 0.107648455 -0.10249366 -0.008692452 -0.11617569 -0.12364601 -0.287311 -0.22588108 0.048333906 -0.09417976 -0.1982061 0.16772112 -0.056340773 0.2862074 -0.20961238 0.04292311 0.12647356 0.25916916 0.06533722 0.3825531 0.031419016 -0.19018775 -0.058540523 0.23531589 0.13197699 0.14496651 0.29787394 -0.06252754 -0.021364514 0.15477493 -0.32107067 -0.15248933 -8.405274e-06 -0.15087536 -0.18861417 -0.08535787 -0.0143593205 -0.047121838 0.03142283 -0.042044487 0.1308589 -0.13288085 0.08329586 -0.1861701 0.1564781 -0.015331869 0.20987639 0.27418512 -0.22698955 -0.016996166 -0.048916284 -0.0264971 0.20352705 -0.015969152 -0.3479263 -0.011743198 0.11561957 0.016554115 -0.17071778 -0.09885684 0.2996354 -0.27408063
GMB -0.12456872 -0.1209768 0.049353678 0.13611455 0.025606947 -0.18910755 -0.010505858 0.11494941 -0.05602127 0.09741914 0.24705651 -0.106950484 -0.24939434 -0.118938684 0.028869497 0.21273565 -0.15854889 -0.026651887 -0.024747066 0.0893385 -0.123231374 0.07021061 -0.12792647 -0.3128374 -0.07278237 0.22694163 -0.15315546 0.23699448 -0.07880469 0.01509654 -0.21594155 -0.052905086 0.005925077 0.027443603 -0.000986427 0.038409684 0.20836255 -0.026601247 0.04891755 0.025998505 0.0022423444 -0.10985897 0.054827947 -0.14856611 0.16866268 0.06996031 -0.25270674 -0.050038796 0.12692925 0.21118642 -0.052897505 0.11977499 0.21387853 0.1526642 -0.026675444 -0.040552553 0.13377254 0.124111146 -0.2916125 0.08693501 -0.11598404 0.010730608 0.012881139 0.09231006 0.06482034 0.063546725 0.04744053 0.21875542 -0.31302848 -0.0014044334 -0.11532324 -0.26156592 -0.24876626 -0.06889556 -0.07236416 -0.12785032 -0.21345222 0.003255627 -0.024423497 0.22496295 -0.1301402 -0.09137264 0.21182153 0.13584487 0.09608132 0.20552269 0.10488479 -0.026867064 0.07077683 0.26965824 0.07586885 0.028871143 0.14532714 -0.02563266 -0.03225312 0.1998877 -0.32862926 0.043438822 -0.016190074 -0.07439315 -0.018873625 -0.09064673 -0.08265651 0.18699546 0.15819076 -0.030414805 0.21868333 -0.13595203 0.019609781 -0.24162462 -0.054126516 -0.078894675 -0.022024777 0.15055339 -0.2278155 0.011238272 -0.07200864 0.01594448 0.14907932 -0.016072335 -0.24605656 0.018474828 0.07922586 -0.025256004 -0.06671244 -0.107251115 0.2015111 -0.03261177
LAO 0.1444957 -0.08203011 0.007183885 0.08693533 0.34950265 -0.18123884 -0.05718178 0.14998509 -0.19867384 0.16379455 0.24034546 0.13095497 0.07091569 -0.1492745 0.34795514 0.12209436 -0.01448214 -0.20162685 -0.12891409 0.33615485 -0.021737613 0.045935888 0.024703545 -0.13308369 -0.23714344 0.2593529 0.04265158 0.078825034 0.23759893 0.1190662 -0.08987858 0.18669792 -0.12779303 0.06279133 -0.29111353 0.06643877 -0.026248235 0.18295543 -0.2053537 -0.0009313929 -0.24556603 0.0103429565 -0.1057424 0.3302495 -0.03056564 -0.09567679 -0.054237686 0.20788804 -0.045343988 0.14691266 -0.07852899 0.0772726 0.30243477 0.13673043 -0.11069639 -0.14377117 0.34899116 0.09051384 -0.08215951 0.16365565 -0.060946893 0.16615474 0.008103922 -0.03371432 0.15270236 -0.07761298 -0.12870154 0.39515927 -0.027666979 -0.21009715 0.2093754 -0.22779807 -0.33343342 -0.40942338 0.08622903 -0.012480804 -0.20592663 -0.05562636 -0.019548107 0.04470181 -0.05777623 -0.23221216 -0.11317332 0.6847857 -0.1937931 0.34605426 0.09403826 -0.21176176 0.11505756 -0.00389591 -0.0051389304 0.038509652 0.30682817 -0.011368912 0.008560139 -0.10415077 -0.04860704 -0.13764581 0.3529326 -0.056163546 -0.4208502 -0.14387323 -0.06513697 -0.06682782 -0.14489396 0.107152514 -0.079553284 0.057736155 0.2228261 -0.24669735 0.15388833 -0.18010363 0.05618921 0.1208465 -0.29193348 -0.15740098 0.030075496 0.19447426 0.41786358 0.022204455 -0.071758196 -0.3664075 0.12104456 0.030800505 -0.29964003 -0.04112632 -0.09810456 0.013750525
BGD 0.015852027 -0.22951744 0.08194643 -0.012700641 0.11797128 -0.15967707 -0.0724974 0.1195438 -0.07773191 -0.03983696 0.17018834 0.15497398 -0.12488913 -0.060832437 0.17850508 0.17764208 -0.22979666 -0.059663456 -0.16865402 -0.0053997743 0.0005715246 0.114303865 -0.06487011 -0.21634276 -0.13277252 0.36087298 0.11136917 0.060344502 0.21811739 -0.122237526 -0.30268434 0.010055154 0.08016363 0.0591165 -0.18128414 0.087682575 0.051388696 -0.1252978 -0.087416366 -0.15010507 -0.088162884 0.13344078 -0.06589007 -0.041239772 0.122732535 0.09458732 -0.261173 0.034140743 0.034896735 0.18482402 -0.09899456 0.031265497 0.17068435 0.15516272 -0.093856044 -0.11798463 0.19522692 0.11357792 -0.35250664 0.017796442 -0.1713 0.16573338 0.10523754 -0.011950378 0.2657498 0.046381306 -0.212768 0.1679493 0.0073712477 -0.107493475 -0.086067215 -0.23587167 -0.4040446 -0.33210477 -0.09829331 0.049611337 -0.21697848 0.05276888 -0.06484991 0.26957247 -0.15832229 -0.14134921 0.09701615 0.17034288 0.10362812 0.13182938 0.06786849 -0.111034654 0.13765346 0.10976736 -0.09908535 0.0765049 0.21567465 0.009378772 -0.05996728 0.07031616 -0.19463514 -0.1572167 0.20737922 -0.13793927 -0.24555777 -0.08443532 -0.08942075 -0.08668951 0.029541388 0.022291524 -0.07130631 0.04499676 0.16080095 -0.23377672 -0.016983073 -0.23707534 0.17606872 -0.036012627 -0.17722201 0.10790259 -0.06605535 -0.07815557 0.20414376 -0.0027900455 -0.17269138 -0.13597384 -0.11615876 0.03607017 -0.19712648 0.017191013 -0.02991131 0.034071572
EGY -0.04065999 -0.015721478 -0.13833116 0.040513564 -0.0036774378 0.0068895062 -0.1832087 0.027840978 -0.20150848 0.1739422 0.102180704 -0.1559699 -0.24457087 0.04828425 -0.030149814 -0.060286313 -0.2073545 0.10674329 0.08809524 -0.15596078 -0.26848987 0.082937434 -0.016778994 -0.28916097 -0.06845403 0.10318319 0.1970751 0.26399776 -0.20254166 0.055205002 0.0023866459 -0.04819226 -0.04698005 0.010827459 -0.22958218 0.19076346 0.2397363 -0.026786672 0.0810051 -0.07830097 0.21572463 -0.054794244 -0.05227907 -0.13133702 0.13222378 0.13187058 -0.4490431 0.047601476 0.20763238 0.15112473 -0.04225642 -0.008681161 0.2342879 -0.0780993 -0.037315674 -0.14766128 0.14737034 0.09622216 -0.12097656 -0.15630808 -0.11743404 -0.07250578 -0.124728456 0.04629704 0.23436412 -0.08985155 0.22865637 0.30019456 -0.36342973 -0.29319543 0.033424962 -0.39855647 -0.23509963 -0.3154953 -0.10600251 -0.018031897 -0.18021977 0.021052532 0.07626841 0.40408972 -0.13639918 -0.060318977 0.31793705 0.4277716 -0.024781812 0.16184048 0.26728132 -0.27876392 -0.011522817 0.072725356 0.17932458 0.0122282915 0.2037685 0.03867681 0.1876971 0.3146362 -0.23583366 0.07559689 0.050492965 -0.4030377 0.1783148 0.01135528 -0.2981423 0.22707857 0.16780409 -0.21188417 0.09128786 -0.02746711 0.062400065 -0.13578516 0.1382536 0.021138322 -0.016775105 0.11289339 -0.10584909 -0.120558895 -0.18846367 -0.05522343 0.016950183 0.12063158 0.08587134 0.15444863 0.08696831 -0.1982452 0.16528337 0.147249 0.12365381 -0.016411629
BGR -0.2577934 -0.29498377 0.045271873 0.16493027 0.03830843 -0.003591281 -0.29848647 -0.27087054 0.02550875 0.24731426 0.12316825 0.10208339 -0.063812 -0.06653972 -0.03332862 0.14724456 0.012135318 -0.14583968 -0.35775927 -0.033499278 -0.04812547 -0.09075858 -0.12188824 -0.006174665 -0.13281436 0.063512616 -0.039547067 0.0948294 -0.016027551 0.101831995 -0.10363208 0.14601506 -0.13365173 0.048344728 0.03995327 0.11772205 0.06743063 -0.19576967 -0.0050087413 0.011923496 -0.39744934 0.12781465 -0.07390993 -0.15030538 0.049579248 -0.14978093 -0.19069003 0.19724633 0.04107935 0.19106197 0.0003553134 -0.049897775 0.14116383 -0.025361586 -0.10710479 -0.12577644 0.21127452 -0.07464197 0.050321326 0.16257603 -0.09867704 -0.043872766 0.14186926 0.23167904 0.024949633 0.1780741 0.25937712 0.171995 -0.10254934 -0.137724 0.035220183 -0.054297987 -0.06515474 -0.12292842 0.09574726 -0.06663194 0.120597206 0.25060412 -0.07661356 -0.051266406 -0.053818446 -0.3048205 0.090975106 0.50637776 -0.33186898 0.06244625 0.14016552 0.0585385 0.006034268 0.04581418 0.2272979 0.152963 -0.089916654 -0.09621944 0.3096328 0.07618115 0.0055711437 -0.12820905 0.10519776 -0.06502537 -0.07609594 0.14013407 -0.2637128 0.27893552 0.13929057 -0.10003199 0.059178304 0.080638655 0.23350306 -0.022243688 0.1138398 -0.16546239 0.057992678 0.17268355 -0.19577995 0.037833177 -0.043496195 0.18195914 0.11198424 -0.16423263 0.07590764 -0.19835052 0.21979506 0.061633177 -0.020411583 0.20446523 -0.009909134 -0.094570726
CHE -0.23428194 -0.17128135 0.029703436 0.18972547 -0.14247397 -0.023817973 -0.24211425 -0.2701316 0.11399995 0.19308737 0.1282006 0.077528164 -0.09594929 -0.12240576 -0.017149927 0.14907312 -0.06715665 -0.12352 -0.2272744 0.023300083 0.08323221 -0.07652288 -0.14264658 0.10109157 -0.10122548 0.012850432 -0.018291332 0.14408872 0.0049258587 0.15804785 -0.09798423 -0.06327278 -0.11059044 0.06696451 0.16737363 0.021142358 0.08742238 -0.10220096 0.214531 0.101956695 -0.2600311 0.043069553 -0.09280275 -0.20880446 -0.019214459 -0.123094164 -0.07020496 0.15882123 -0.001792834 0.13751712 -0.06308968 -0.15163083 0.08513708 0.123206824 0.051850736 -0.07541714 0.28254682 -0.06851043 -0.10122879 0.10841922 -0.039687198 -0.03209752 0.1584056 0.24705441 0.05484101 0.1620842 0.29561996 0.24825968 -0.2820533 -0.014109685 -0.114755146 -0.043147378 0.019972352 -0.027083503 0.0005374531 -0.04601179 0.12225394 0.2918751 -0.034263756 0.11516281 -0.08411042 -0.21404 0.13264011 0.42892036 -0.1809499 0.13819134 0.05214613 0.1978518 -0.06012428 0.0682804 0.17067556 -0.014950645 -0.14097403 -0.05730989 0.20836656 0.024321908 -0.10801773 -0.06988835 0.08850936 -0.033274177 -0.15529977 0.09909414 -0.2652041 0.60411304 0.19875924 -0.24980168 0.23479177 -0.014523323 0.13168874 -0.24378967 0.047545042 -0.05325231 -0.019691579 0.25008714 -0.08083105 0.0008281374 -0.1073193 0.068999365 0.1489795 -0.20450142 -0.0737349 -0.1462143 0.21377376 0.20661992 -0.09393692 0.10406747 0.08349621 -0.2056612
URY -0.14170302 -0.0679576 0.00025487144 0.13632241 0.23228383 -0.111240156 -0.039676167 -0.18611535 -0.07537442 0.061257716 0.37082303 -0.068333685 -0.18058637 -0.122889556 0.0371343 0.27915838 0.24178499 0.010488611 0.04212737 0.08395847 -0.0026422476 -0.06371949 -0.23510265 -0.2236304 0.052717432 0.1370052 -0.21015085 -0.012505412 -0.37825555 0.0074174134 0.081807084 0.14383285 -0.06251537 0.040127788 -0.1123501 0.32074293 0.17342636 -0.110328935 0.032622777 -0.20917217 0.11134406 0.061599474 0.045555122 -0.30596933 0.29633218 0.027511057 -0.4184598 -0.08681268 0.084439196 0.07161134 0.0826457 0.16210198 0.0127751045 0.13893697 -0.07531022 -0.070112154 -0.23101664 0.15038899 -0.15101825 -0.011555244 -0.001273161 0.019741682 -0.118542776 -0.11973702 0.14641328 0.30704623 0.18635604 0.24094181 -0.21978043 -0.14614697 -0.06516909 -0.23065823 -0.35450616 -0.09198017 -0.10365709 -0.39958015 -0.17641047 -0.07133248 -0.023534872 0.36455142 -0.25839594 -0.20108688 0.103020795 0.38363472 0.11422913 0.14907852 0.27778357 -0.011762152 0.06452202 0.14545381 0.11657784 -0.08776883 0.122656204 -0.15790014 0.014649849 0.34659672 -0.17903252 -0.23520464 -0.20091496 -0.041477364 -0.04530306 0.012536188 0.065423295 0.583742 0.055539962 -0.18067643 0.012068261 -0.17571202 0.03537698 -0.09272759 -0.074503794 0.050932717 0.099485725 0.033821456 -0.15761815 -0.08969564 -0.072119296 0.023169702 -0.048223488 -0.017840777 -0.17123802 0.081290476 0.14906946 -0.2928913 -0.09819344 -0.10310632 0.32322124 0.04101991
UKR -0.32834348 -0.23217037 0.11143666 0.11816415 -0.0026582966 -0.012714878 -0.22495557 -0.27767473 0.04620572 0.2619133 0.12296558 0.08159506 -0.15403211 -0.064272635 -0.048745092 0.133411 -0.04072815 -0.1877581 -0.3820929 -0.023279326 -0.05018133 0.00203759 -0.12643726 -0.08803111 -0.14254467 0.0942269 -0.043999597 0.1098075 0.004878705 0.10022646 -0.15957698 0.03588884 -0.07913236 0.05977817 0.12382643 0.013867313 0.11119434 -0.2545929 -0.0024358765 0.08791895 -0.333887 0.1447546 -0.0044057267 -0.10733283 0.074175216 -0.11081093 -0.19384989 0.17034669 0.0536572 0.15879159 -0.021560326 -0.019727396 0.24951036 -0.042911984 -0.08961027 -0.122437865 0.37039632 -0.07227863 0.028738625 0.10985307 -0.1189865 -0.043625906 0.13511568 0.21649344 0.028385231 0.19580692 0.30520612 0.1553596 -0.12730196 -0.10865847 0.064448364 -0.064879954 -0.0488145 -0.08252806 0.10139944 0.0015202301 0.09978233 0.25645137 -0.11198482 -0.05181564 -0.08436563 -0.31049845 0.15806769 0.42667052 -0.29817232 0.043953773 0.07914746 0.09419062 0.00033011072 0.09014672 0.22064015 0.15942554 -0.05082139 -0.10673572 0.26180258 0.09687163 -0.08858956 -0.027316455 0.115397945 -0.14309183 -0.033598308 0.14489475 -0.29047692 0.2962901 0.14901628 -0.06790669 0.10019728 0.016897237 0.21884738 -0.030025288 0.1716084 -0.10892521 0.110405296 0.2287987 -0.14891048 0.080462255 -0.07176958 0.12993257 0.1556809 -0.17228878 0.04519258 -0.162901 0.24074733 0.1531143 -0.058481302 0.20705086 0.027123807 -0.10037647
CRI -0.04518901 -0.1815529 -0.25384137 0.22130257 0.042498864 -0.107701436 -0.3342866 -0.28251922 0.024041552 0.22013305 0.082228474 0.14456604 -0.10205411 -0.07914979 0.13830058 0.3057365 -0.09113631 0.18888186 -0.10648777 0.06715027 0.07306162 0.054733142 -0.074125744 0.07637133 0.047843415 0.08340805 -0.009508909 0.124169976 0.056307483 0.1918083 -0.101990126 -0.014268855 -0.07785495 0.037645727 -0.02278572 0.19996284 0.0054863775 0.16478139 0.203729 -0.12476168 -0.04478283 -0.029566232 -0.10855198 -0.27352113 -0.104687326 -0.032538436 -0.045278024 0.015907604 -0.08112133 0.16160339 -0.06709705 -0.030997552 -0.02921122 0.32503098 -0.109772824 0.03976225 0.060014214 0.123528846 -0.12640464 0.20993476 0.011786301 0.034380127 -0.09294513 -0.042171095 0.16444147 0.041986328 0.028391406 0.17146978 -0.3244301 -0.15373626 -0.26687026 -0.108699195 0.0030980168 0.08796804 -0.102097526 -0.12739336 -0.06330529 0.108992144 -0.007924205 0.2749494 -0.18660614 -0.09733175 0.009996013 0.44721317 0.056993287 0.08191765 0.03864723 0.07068009 -0.08132211 -0.06890292 0.10937026 -0.27369338 0.06692799 0.014352456 0.222454 0.12610832 0.004239273 -0.09222437 -0.024900706 0.097691946 -0.21460102 0.009007309 0.08223603 0.5928197 0.12043466 -0.45611933 0.16769367 0.17209528 -0.040097427 -0.16308953 -0.069461934 0.01745076 0.0019188724 0.21067281 -0.16762552 -0.02263417 -0.06064685 0.06994069 0.08996954 -0.013658966 -0.13192867 -0.02974605 -0.06554078 0.15779164 -0.053317543 -0.16055349 0.04220335 -0.06402086
GTM 0.0019159208 -0.17871764 -0.10073788 -0.003031365 0.08647169 0.13749085 -0.2010381 -0.34120145 0.05807694 -0.019912153 -0.03984513 0.08932094 -0.24337573 0.21016194 0.05747137 0.18377818 -0.16485706 0.23403789 0.16819641 -0.15879598 -0.050685342 0.1136961 0.21251792 -0.06184215 -0.094082355 0.020938437 0.22860533 0.060203526 -0.2792027 0.061064497 0.16252103 -0.29299814 0.025489764 0.007020884 -0.23952262 0.068820596 0.17112727 0.14923398 0.07190691 -0.22354886 0.14300507 0.06780257 -0.27306804 -0.026691953 0.059811734 0.21885802 -0.29906437 0.02543527 -0.028907675 -0.082763664 -0.0019687605 -0.05924295 0.16439724 0.05093447 -0.25161996 -0.15436353 0.25787327 0.011027794 -0.21569867 -0.19398919 -0.23606724 -0.108388975 -0.032786973 -0.21426423 0.36359176 -0.08960973 0.016254947 0.1674428 -0.3544153 -0.27664146 -0.1120176 -0.30915692 -0.17663 -0.25952905 -0.36246508 -0.16401428 -0.3399417 0.08267172 -0.07124729 0.49442288 -0.2699132 -0.016784312 0.064799376 0.55366415 0.2528812 0.00031157787 0.31815526 -0.3313795 -0.0639763 -0.01675542 0.13333216 -0.14876567 0.34802842 0.06948455 0.2333371 0.29695004 -0.20657003 -0.025354108 0.053776167 -0.34840378 0.04795791 0.0063559953 -0.22278962 0.4195454 0.09633836 -0.33284688 0.094142176 0.0011400545 -0.01173163 -0.15268326 -0.019229116 0.01123979 0.08149863 0.039855175 -0.21038352 0.115518406 -0.27364954 -0.06548057 0.09941938 -0.011229994 0.08196807 0.010264771 -0.018120179 -0.114905044 -0.036968354 -0.0034994548 -0.13799693 0.14531821
PHL -0.08688183 -0.185118 0.10754584 0.013174625 0.06616906 -0.14187558 -0.019088058 0.11240375 -0.08937337 0.08219259 0.12906644 0.070673384 -0.1252173 -0.103216976 0.10862943 0.09019685 -0.065659806 -0.08715096 -0.27308872 -0.022641165 -0.10490553 0.14382178 -0.1028638 -0.15751743 -0.051212654 0.30708465 0.049615834 0.15729676 0.20485467 -0.0687268 -0.22288404 0.032295253 -0.01434364 0.023081927 -0.12547782 0.09404301 -0.012748558 -0.118084475 -0.09868255 -0.037423465 -0.21121617 0.11535887 -0.0527714 0.048356727 0.1121196 0.04346487 -0.24709517 0.04830387 -0.021013724 0.15178476 -0.0431297 0.10588423 0.22243914 0.022718057 -0.037868474 -0.043868605 0.19203457 0.04589077 -0.21597838 0.04864222 -0.077414915 0.033786673 0.06198292 0.041779503 0.18580914 -0.082839735 -0.034227133 0.12373557 -0.10117255 -0.08675158 0.00440665 -0.19995095 -0.2920651 -0.19582166 -0.068505794 -0.03321935 -0.14899428 0.028706845 0.065678395 0.14600211 -0.033677198 -0.09410207 0.086489245 0.16963026 -0.058527276 0.14491014 -0.006699403 -0.11125304 0.07431097 0.027958991 -0.019381534 0.18955344 0.11319988 -0.049693745 0.079883054 0.0927342 -0.17069988 -0.18353853 0.09941975 -0.16327278 -0.21970598 -0.03285641 -0.11128435 0.006225455 0.09638504 -0.037908718 0.035440017 0.007870068 0.18322939 -0.17001149 0.1562922 -0.1776285 0.08009385 0.13950272 -0.1348203 0.0008364306 -0.08659903 -0.03461815 0.15425429 -0.034657672 -0.08432391 -0.202281 0.022860797 0.12523302 -0.16019383 -0.005985344 0.037787613 -0.08325864
ETH -0.17736836 -0.09526572 0.0022046098 0.15995313 -0.10605454 0.03757747 -0.07883681 -0.018085131 -0.017755413 0.33268934 0.124158226 -0.09163531 -0.2429401 -0.07448251 0.01672204 0.08002313 0.061317973 0.0024823102 -0.43751782 -0.1000761 -0.24049044 0.20814775 -0.17303585 -0.07926987 -0.065118365 0.3780265 -0.096067145 0.43971205 0.19826363 -0.059537746 -0.25330454 0.009351297 -0.048978906 -0.11985954 0.13683684 0.21407554 0.10687103 -0.20533615 -0.0713648 0.1705556 -0.15146577 0.043054108 -0.026964782 -0.14622338 -0.012652767 0.044167917 -0.24158582 -0.004785502 -0.1153817 0.18786104 0.12117271 0.21362938 0.23760612 -0.021866562 0.11325619 0.036268067 0.068440095 -0.0035610308 -0.315568 0.033891466 -0.1686023 -0.25377572 0.062765494 0.13716714 0.109411515 -0.18947189 0.17210092 0.053186085 -0.5163494 -0.15434495 -0.05993752 -0.41002053 -0.17481959 0.0669152 -0.103156604 -0.14906588 -0.028067421 -0.10185109 0.13704754 0.11179228 0.10460844 -0.0037290913 0.23657961 0.15282597 -0.11392618 0.17219782 -0.069876425 -0.22023605 0.0029618656 0.047213137 0.036191296 0.2704481 0.10487378 -0.11554568 0.2746125 0.18643217 -0.092446715 -0.21739505 -0.16974124 -0.26229116 -0.030454539 -0.056331806 0.021078646 0.24024357 0.4014499 -0.3537849 0.32974523 -0.007738322 0.20499551 -0.26101705 0.18409945 -0.1355343 -0.13845535 0.28150436 -0.09120212 0.025661541 -0.12752758 -0.034257546 -0.13513994 -0.14838867 0.03900071 -0.10443049 0.093419276 0.39703166 -0.1149207 -0.14249633 0.10024139 -0.37597844
CHL 0.00057393766 -0.1989438 -0.11337508 0.07994631 0.09883948 -0.19095312 -0.43697628 -0.1252309 -0.05450766 0.15885285 0.24184094 0.19934213 -0.101548836 -0.14274773 0.070581526 0.26246852 0.06356553 0.18545993 -0.19951728 -0.09098596 0.072166495 0.13366432 -0.13420027 -0.07587987 0.22204044 0.12161734 0.09203847 0.0580698 0.14939277 0.042870283 -0.093228415 0.102122344 -0.17337583 -0.04132556 -0.21423396 0.39166206 -0.086702794 0.07801058 0.14850128 -0.36984095 -0.1597613 0.119034894 0.02873138 -0.3419726 -0.026000207 -0.034222968 -0.13450274 -0.08857275 -0.0730311 0.051255126 0.046906505 -0.12912959 0.051239982 0.31011143 -0.1315958 0.086659014 -0.05559327 0.11768779 -0.037659656 0.30865252 0.14257018 0.14668337 -0.1363776 0.023750203 0.24940936 0.020000616 -0.13613078 0.19305193 -0.2221285 -0.21350712 -0.14916138 -0.11160975 -0.19215705 0.032309506 -0.0764419 -0.13728811 -0.051509786 0.12993681 0.061874546 0.43750647 -0.24717185 -0.17576428 -0.001551285 0.4005705 0.04011399 0.08072667 0.022922773 -0.061170395 -0.09179877 -0.18244867 -0.03256889 -0.16124424 0.015521269 0.072185405 0.3099365 0.14610165 0.072115526 -0.26210302 -0.13037442 0.008291703 -0.321984 0.04227965 0.09273217 0.30980846 0.027055385 -0.4001377 0.031432033 0.2274048 -0.035703238 -0.047264673 0.04082512 -0.080904044 0.14265546 0.19636518 -0.22311564 -0.08210665 0.034058545 -0.019311264 0.14721604 -0.03065843 -0.16850097 -0.10066833 -0.19051783 0.055593513 -0.092154495 -0.1094099 0.0009841183 -0.00014266925
MWI -0.20513877 -0.06525672 0.11959863 0.1526281 0.030155852 -0.28140554 -0.019948278 0.1869265 -0.09217149 0.00846821 0.3658761 -0.015661737 -0.1651735 -0.33489498 0.088260815 0.17323749 -0.05395272 -0.19763777 0.05675318 0.097377226 0.08293589 0.01695045 -0.21689555 -0.16046919 0.138843 0.29907694 0.0033303448 0.05677866 0.14172533 -0.18290102 -0.26497763 -0.122853085 0.012010572 0.13707232 0.015068017 0.08607866 0.028152857 -0.14812002 0.10878867 -0.027285896 0.0026879264 0.029419882 0.033704903 -0.123277426 0.22609794 0.1776016 -0.19176857 -0.040599585 0.015295615 0.11613795 -0.10147527 0.11018917 0.03750778 0.05045008 0.043371573 -0.09825522 0.017262908 0.102084436 -0.32365963 -0.019350735 0.008627237 0.06457657 0.033878352 0.09455253 0.12806411 0.092798375 0.013950802 0.2810759 -0.09984162 0.008418152 -0.21421576 -0.111777246 -0.38646296 -0.1845339 -0.07938856 -0.052370485 -0.20212865 0.09964264 0.10788896 0.37463287 -0.23390195 -0.104788244 0.1799734 0.183734 0.07835548 0.31246427 0.09374835 0.019781986 0.105766736 0.20742983 -0.030442098 -0.021723468 0.124500036 0.002372345 -0.13165903 0.10162497 -0.32963377 -0.075037256 0.022200575 -0.014374288 -0.29393873 -0.103593424 -0.0637563 0.30844525 0.011544905 -0.04314922 0.11710184 -0.14040965 0.10272746 -0.37809286 0.0039021736 -0.09885654 0.14496931 0.1313026 -0.17162952 -0.231133 -0.09382396 -0.14403047 0.26404625 -0.050501764 -0.34351233 -0.12191883 0.20028995 0.057033937 -0.18155944 -0.097575426 0.22024915 -0.09645073
SVK -0.21740074 -0.32880417 0.22084017 0.515732 0.0033616272 -0.12627809 -0.36058772 -0.34221315 0.011634743 0.2463936 0.13252239 0.108011015 -0.16125283 -0.11372634 0.13130546 0.34764597 -0.18017064 0.06455691 -0.31932187 0.20602497 -0.16770203 0.058980007 -0.15153779 -0.093599856 -0.1565663 0.18204387 -0.1535985 0.19179039 -0.10469642 0.2851585 -0.34375042 0.19755775 -0.16210826 -0.02850978 0.036988303 0.1642769 0.09760873 -0.07024993 -0.06944039 0.20818245 -0.18902597 -0.0089368615 -0.04432884 -0.27095687 -0.017424485 0.0004396044 -0.30084464 0.08705669 0.2032723 0.1114956 -0.054176807 0.091890186 0.012795828 -0.06793559 -0.1938831 0.08718544 0.11015665 -0.0017686517 -0.18463358 0.0888075 -0.056439403 0.009278405 0.1307504 0.27091506 -0.123319246 0.08032005 0.22091794 0.22647326 -0.13198198 -0.30486682 -0.0071630552 -0.18269373 -0.17360325 -0.20101686 0.09437055 -0.11962845 -0.017897325 0.17605388 -0.016165622 -0.08888288 0.028406247 -0.14752759 0.23845404 0.20975274 -0.27004996 0.15190795 -0.14266106 0.09580684 0.090368435 0.11295659 0.23490204 0.09362934 -0.07131993 -0.013628397 0.080326706 0.035605133 -0.28085947 0.05962032 -0.011819197 0.002883753 0.06852859 -0.03936467 -0.2620893 0.10395324 0.1722995 0.069373675 0.2892931 0.038265374 0.19706772 -0.0040123975 0.0013097457 -0.08819449 -0.008420562 0.035790954 -0.27933714 0.044117063 -0.15936865 0.048390016 0.096926965 0.004987733 -0.020638986 -0.05107547 0.24251482 0.055519186 0.12700225 0.19891632 0.06340608 -0.081212886
MOZ -0.05855344 -0.027975451 -0.053228065 0.040171206 0.01064739 -0.07813966 -0.12646315 -0.020836554 -0.07258723 -0.09010048 0.16347465 0.07498048 -0.047070064 -0.15903613 0.022245267 0.094064616 -0.21117766 -0.030950336 0.26166192 -0.09511306 0.10999438 0.080968075 -0.004243024 -0.089976475 0.06678295 0.09944804 0.15798673 0.0732624 0.07489877 -0.19387983 -0.016011905 -0.1270466 0.12060381 0.16348462 -0.11313545 0.069994815 0.28623894 -0.013947833 0.22261804 -0.18806925 0.27090487 0.17165275 -0.08136566 -0.20126064 0.18071541 0.23207417 -0.104619995 0.0014327534 0.026748043 0.020776823 -0.07425142 0.07788104 -0.018317493 0.076355934 -0.09593626 -0.14863525 0.08043792 0.13223678 -0.17052919 -0.116557166 -0.03242535 0.009227259 -0.039314043 0.10543404 0.20969115 0.14167893 0.045829024 0.22511388 0.0034442514 -0.13961592 -0.23607351 -0.14151126 -0.28252652 -0.22493993 -0.13588852 0.12056953 -0.1557739 0.17348067 0.11111454 0.49672863 -0.3399682 -0.22948197 0.15381655 0.43622035 0.121915095 0.107715435 0.3034879 -0.121362075 0.08516708 0.11347888 -0.08456922 -0.0993973 0.21192871 -0.032521732 0.07481836 0.16638087 -0.14058922 0.08293403 0.016440412 -0.12540638 -0.33618665 0.1813679 -0.10685541 0.39939734 0.041737072 -0.18280964 -0.041918423 0.040048838 -0.011397245 -0.23407446 0.106830135 -0.03442897 0.18943389 0.12879455 -0.13627204 -0.23628081 -0.0996869 -0.1714168 0.3221727 -0.087091215 -0.2160006 -0.1486689 0.13786952 -0.035156436 -0.2244418 -0.0009460618 0.06758139 -0.05833532
MMR -0.100989126 -0.08022328 0.21654204 0.028823186 0.008369651 -0.013852077 -0.22670558 -0.12653466 0.19267479 0.1748416 0.17859885 0.06568562 -0.22455339 0.02807873 0.12590072 0.14265117 -0.26595384 -0.0032075623 -0.31959638 0.022594756 0.09746406 0.31482175 -0.0027551993 -0.35688698 -0.2542299 0.14461295 0.118829586 0.076476 -0.028209388 0.20476805 -0.19890523 -0.24218795 -0.1292046 -0.024335178 -0.104441464 -0.13314459 0.10198389 -0.31238842 -0.02067408 -0.08203684 -0.3535293 -0.07655951 -0.004877857 -0.06126652 0.3125405 0.078420706 -0.45964617 0.01414687 -0.018429251 0.12948155 -0.08649886 -0.02196741 0.12651025 0.07196858 -0.3806608 0.14016643 0.5728291 0.08872518 0.031412337 0.21112801 -0.1228235 0.27981997 -0.038857516 -0.108810015 0.099880785 0.12992471 0.09408068 0.009251346 -0.06906462 0.15532818 0.06874363 0.07780112 -0.19347684 0.012359357 0.14799514 0.036773697 -0.00044337724 0.37820244 -0.30566907 0.0429151 -0.19504343 -0.13899058 0.29323238 0.24814351 -0.11519744 0.11270261 0.09515131 0.12645575 -0.1152802 0.13079895 0.26473856 0.012409124 -0.02108505 -0.13085636 0.21240361 0.19769005 -0.034519896 -0.088054605 0.056479797 -0.044021785 0.08388626 0.121017516 -0.3427378 0.09852894 0.028162241 0.011027145 0.096819684 0.052782733 -0.053978793 -0.020492606 0.23763554 0.018068876 0.14280574 0.17985724 -0.078483045 0.13403064 -0.07369547 0.2039874 0.097507685 -0.14196785 0.051864237 0.14078331 -0.13651317 0.12019748 -0.020011794 0.1588396 -0.008043483 0.110634096
VNM 0.06537044 -0.041706618 -0.15405941 -0.04271594 0.17757763 0.054755468 -0.17766035 -0.12108868 -0.07304815 0.17066649 -0.073753655 0.20889716 0.04732794 -0.0907287 0.08893543 0.061105426 0.051671553 -0.11568897 -0.15147826 0.1047365 -0.3137274 0.057908855 -0.08400564 -0.2358984 0.08682195 0.032989316 0.16376191 -0.10669765 -0.07980182 0.20102179 -0.015918495 0.07472611 -0.14135782 0.100578725 -0.18426116 0.060887713 -0.28020787 0.11417038 -0.111634076 0.05968376 -0.29824546 -0.16173796 -0.11401144 0.23473883 0.0037975488 -0.29415542 -0.07381302 0.08978138 -0.20104825 0.13750674 -0.1484793 0.019334884 0.2843943 -0.20177004 -0.016376557 0.072626136 0.11830611 0.04754476 0.19420029 -0.053223316 -0.087210506 0.06303956 -0.27214754 0.03532349 0.28035882 -0.23569672 0.088673934 0.44264928 -0.23146783 -0.25303626 -0.018313223 -0.08136591 -0.24293059 -0.12592924 0.02602226 -0.31050184 -0.18216334 0.028483234 0.17697717 0.24235205 -0.19473411 -0.30904695 -0.06088043 0.7859447 -0.16045202 0.11825084 0.16771278 -0.1834949 0.17186019 -0.10359822 0.36430654 -0.13933918 0.24951 -0.124262795 0.32970193 0.22346896 -0.15205646 -0.075613596 0.28839535 -0.24799691 -0.076296866 -0.23551251 -0.23707603 0.28982237 -0.028221674 -0.11975655 -0.1134719 -0.089633815 0.21405607 0.020258294 0.2606513 -0.006818874 0.12868044 0.34441334 -0.17871204 -0.025797179 -0.08746443 0.22605836 0.39447343 0.09776629 -0.0005763982 -0.16500808 0.106988765 0.043456424 -0.19813687 -0.12921074 0.21790762 -0.038359784
TUN -0.16187039 -0.034597553 0.03467032 0.19097495 0.07754521 0.012254158 -0.31450436 -0.34849742 0.18963653 0.21356867 0.068378076 -0.026625995 -0.20358132 -0.017026784 0.076895535 0.17717145 -0.21179344 -0.034840323 -0.3081779 0.03354746 0.023814565 0.19184388 -0.06420578 0.039975796 -0.08458602 0.0865686 0.034504015 0.02735176 -0.080619805 0.2935302 -0.13573341 -0.16670999 -0.22697966 0.018852772 -0.06882405 -0.026643744 -0.0156972 -0.09955614 0.0051954947 0.045645513 -0.48975328 -0.031778697 -0.106385164 -0.07527787 0.17566158 0.03376808 -0.3094313 0.09495358 -0.13243046 0.100962125 -0.033731688 0.0732605 0.05919019 -0.039140876 -0.2957162 0.19324557 0.41126338 -0.007885464 -0.09351864 0.09687468 -0.05533328 0.054386545 0.04205666 -0.026754687 0.053937405 0.08853181 0.22399244 0.043735802 -0.30186144 0.06938836 -0.09702025 -0.0059964955 -0.13868064 0.11168424 -0.006252339 -0.05114446 -0.09331707 0.36227947 -0.13236378 0.11641242 -0.05308696 -0.088640064 0.18566814 0.25276968 -0.29299206 0.09548743 -0.002467131 0.28507486 -0.060145047 0.15369815 0.32576805 -0.017733006 -0.2206805 -0.054856926 0.22835642 0.106486656 -0.14480612 -0.0692292 0.005725167 0.1053706 -0.014400158 0.092559464 -0.31979084 0.42684603 0.1090963 -0.2515737 0.2328362 -0.023387395 -0.10341751 -0.058528956 0.11382946 -0.06717621 0.053547155 0.2620666 -0.15131533 0.011699086 -0.22443368 0.18124156 0.14838381 -0.1502389 0.13859877 -0.021822004 0.07910297 0.20860854 0.08734339 0.030836312 -0.049338747 0.04816883
IRL -0.06608781 -0.34266913 0.001108689 0.17871346 -0.115861 -0.07475121 -0.07163797 -0.2011516 -0.10865558 0.31094173 0.25825876 0.17033543 -0.39161825 -0.13573337 0.11418822 0.35818356 -0.12614675 0.09480453 -0.14211416 -0.054737087 -0.23957013 0.060601484 -0.07164446 -0.17074136 -0.1639768 0.06542152 -0.18206836 0.24430539 -0.100875996 0.038727295 -0.024063691 -0.05530377 0.06076592 0.016912412 0.050602015 0.12587853 0.30429828 -0.028703192 0.23196808 -0.025627727 0.038583394 -0.04244598 -0.075929925 -0.25634596 0.14274071 0.14442143 -0.325888 -0.029348465 0.053926244 0.22431353 -0.066888176 0.10326278 0.11671082 0.15767442 0.041842557 0.0687533 0.10626306 0.019535663 -0.14880364 0.012852593 -0.12989488 -0.07824208 -0.07041839 0.13014713 0.15990464 -0.17598835 0.16642945 0.10711446 -0.34883067 -0.24060223 -0.033076286 -0.2844429 -0.097570896 -0.0019473741 -0.09111566 -0.16618814 -0.06546373 -0.09834937 0.090848275 0.15854394 0.00057117135 -0.014497854 0.24404185 0.28382817 0.044817872 0.17460462 0.121868 -0.11820055 0.069433615 0.108901784 0.11313927 0.067464195 0.17348589 -0.08383123 0.12367398 0.1836798 -0.20705809 -0.054026227 -0.109534904 -0.1328402 0.057957143 0.038077842 0.027560305 0.2196917 0.17034659 -0.12943596 0.3237609 -0.0508707 0.047628284 -0.118854 -0.025643209 0.07504385 -0.09943659 0.14447923 -0.03443684 0.05772309 0.029458677 0.061205585 -0.15002614 0.11724595 -0.059990358 0.09358556 -0.0017379298 0.0683201 -0.093242764 -0.11288492 0.216236 -0.22304232
JAM 0.08108004 -0.11781472 -0.12922052 0.03590969 0.15678978 0.0020150985 -0.3019271 -0.30883902 0.16275565 0.035945266 -0.0670528 0.1615873 -0.105959736 0.03552592 -0.031270713 0.31489956 0.13237244 -0.010051875 -0.042121954 -0.15852416 -0.024241986 0.056843285 -0.03243084 -0.0531025 0.19885679 0.13032992 -0.060424406 -0.23506461 -0.29014677 0.13690807 0.03262456 -0.08284577 0.034772985 0.10391534 -0.123627014 0.23325151 -0.072467275 -0.058604453 0.0418141 -0.17735717 -0.23326465 0.06688055 -0.20772724 -0.2724567 0.25921223 0.037819743 -0.26418588 0.020005206 -0.182534 0.23093276 -0.07782592 0.15076216 -0.038996283 0.07951942 -0.34548452 -0.15540543 0.12928449 0.09075586 -0.18093437 -0.07901063 -0.13551034 0.04217802 -0.03699069 -0.08529674 0.2135372 0.13866998 0.012664571 0.15480918 -0.15964186 -0.23065777 -0.22716384 -0.039077032 -0.17206967 -0.005671268 -0.30849856 -0.34848866 -0.34072733 0.06477313 -0.10017152 0.11286981 -0.30084345 -0.28850615 0.12858017 0.5194878 0.032017827 -0.042875703 0.27495462 0.11202534 0.114027776 0.09100082 0.16064717 -0.22955668 0.017652273 -0.07503443 0.20728776 0.3612071 0.018912539 -0.20272721 -0.08300189 -0.030293707 0.0070397803 0.10923067 0.053503513 0.5915145 0.14304806 -0.40280464 -0.13360183 0.032852285 -0.049438354 0.1214065 -0.11464968 0.0014576645 0.16144472 0.17130165 -0.18266982 0.11172993 -0.2734126 -0.09008134 0.16400462 -0.03915166 0.0075325696 -0.16258194 0.1367355 -0.036665205 0.008965977 -0.07013759 -0.0190426 0.23365034
SLV -0.06852926 -0.19174555 -0.21895897 0.07805041 0.16747504 -0.32080942 -0.47163045 -0.11325982 -0.019449595 0.2104381 0.30826205 0.08596843 -0.15045641 -0.082197584 0.15741134 0.24798177 0.18105182 0.2053146 -0.17997113 -0.003131561 0.13404839 0.13980363 -0.13383038 -0.19581902 0.1606467 0.11083485 -0.036340836 0.09737283 0.06369785 0.15017939 -0.13850373 0.031680632 -0.16503392 -0.025244007 -0.20069282 0.41790736 -0.14682949 0.044271078 0.0900949 -0.22092216 -0.120570324 0.032820344 0.10576002 -0.34760362 -0.050118834 -0.11710641 -0.15665056 -0.09123223 0.026383737 0.116336875 0.018203259 -0.14207669 0.049350165 0.3768324 -0.25929475 -0.033513963 0.029257173 0.15034267 -0.016240206 0.4531549 0.15890485 0.20884985 -0.17067178 -0.13608304 0.23973805 0.14941534 -0.13336882 0.21505228 -0.23058814 -0.17523853 -0.10426653 -0.15939274 -0.076697305 0.010900847 -0.058152743 -0.18306074 -0.05484366 0.115592495 -0.15538485 0.27069935 -0.33286986 -0.106887616 0.03917424 0.43689615 0.01718971 0.09449268 0.026927846 -0.0009306052 -0.20792484 -0.1865801 -0.012617493 -0.24626383 -0.034814198 0.15464683 0.20116538 0.17464107 0.13145824 -0.322063 -0.10588631 -0.011160117 -0.25486985 -0.019154137 0.09174243 0.43063885 -0.019656971 -0.40242866 0.052660096 0.2594478 -0.032811735 -0.07156028 -0.034690157 -0.0007581689 0.13224024 0.2346613 -0.28751084 -0.059169743 -0.02325832 -0.03376576 0.098959446 -0.019303784 -0.21298671 -0.0076340484 -0.18715072 0.057798073 0.04353253 -0.0006254914 0.029220957 0.12509175
KEN -0.33184245 -0.27492708 0.16807231 0.14716566 -0.25115782 -0.18155892 -0.06215252 0.104091085 -0.06734835 0.35596013 0.23495191 0.1942771 -0.19697441 -0.23924886 0.09402717 0.014741073 -0.109900035 -0.24487856 -0.23944598 0.050825957 -0.14074738 0.06021135 -0.14952745 -0.30606422 -0.24291001 0.15010706 0.010412315 0.16760185 0.052657243 0.034800533 -0.34299064 -0.17767653 -0.069029935 0.030453531 0.24053028 -0.20110759 -0.2513309 -0.3722972 0.13267677 0.13809754 -0.034416437 -0.32526016 -0.047535706 -0.06728099 0.08604833 0.20332691 -0.23956606 0.08058578 0.018032087 0.37372747 -0.3347474 0.14089584 0.18977927 -0.22154705 -0.1675807 0.043210793 0.31765205 0.05536383 0.11274783 0.304847 -0.1180187 0.24176991 -0.22435471 0.19795713 0.10480339 -0.17492016 0.20410109 0.17295945 -0.09437606 0.043728024 -0.17732993 -0.035258602 -0.19063681 -0.26288733 0.2446741 0.02086298 -0.005338292 0.3986905 -0.07520216 0.21219368 -0.2610054 0.0016595994 0.22113086 0.5159436 -0.060954113 0.44944128 0.15516187 -0.16601364 -0.06752553 0.3222961 0.3395866 0.10281261 0.3322832 -0.13038698 0.043786395 0.14105876 -0.28259796 -0.1084125 0.08948638 -0.09862284 -0.011729248 -0.07597435 -0.26849705 -0.10136029 0.026544787 0.059544623 0.20960787 -0.0499044 0.13564914 -0.16591667 0.1493976 0.0052910596 0.18870991 0.24123484 -0.20378059 -0.12493111 0.007146718 0.21068417 0.08539339 -0.045802552 -0.16770458 0.12700076 0.1449476 0.060470812 -0.117754616 0.05365392 0.32988706 -0.32541284
COD -0.21317247 -0.07497346 0.06992191 0.19836783 -0.073392905 -0.24959555 0.055603493 0.09398735 -0.25341177 0.33120266 0.37281126 0.06179269 -0.23424435 -0.26276752 0.1548911 0.019089544 -0.14025068 -0.19188066 -0.004786224 0.12577936 -0.06305772 0.051597342 -0.16024314 -0.25331944 -0.19964826 0.20383182 0.09956054 0.22170715 0.058979087 0.021165855 -0.14295888 -0.093169086 -0.17102619 0.12697929 -0.0061719264 -0.1037604 -0.11290367 -0.01936819 0.18787333 -0.11170186 0.23168874 -0.14533566 -0.09023992 -0.0076062335 0.07312067 0.31953335 -0.29832548 0.06017193 0.038328752 0.1270036 -0.25451705 0.17571835 0.25942588 -0.15282874 -0.11733531 -0.00038931577 0.30747128 0.15760255 -0.014265662 0.15042618 0.014100972 0.24567084 -0.23870726 0.04822703 0.16076477 -0.22413112 0.20890322 0.19082981 -0.09497283 -0.058702067 -0.06687225 -0.14392594 -0.24789067 -0.36721584 0.12795497 0.12557833 -0.07424728 0.24673313 0.04714248 0.49104533 -0.17873894 0.03383303 0.11271311 0.6185111 0.015894921 0.58176076 0.12062418 -0.3245913 -0.10944646 0.23766115 0.2352248 0.053999405 0.42699227 -0.07224449 -0.09456877 0.058118876 -0.35339582 -0.032009766 0.042932205 -0.15782997 -0.20526 -0.083982274 -0.109138235 0.017810808 -0.09626296 -0.06270618 0.18872967 -0.15547961 0.029872606 -0.26672804 0.2238104 0.08076725 0.20983942 0.20544063 -0.14581944 -0.3606145 -0.0023405172 0.0904382 0.11949927 0.06977125 -0.18384168 0.108887725 0.22823675 -0.1218873 -0.15448484 -0.019801904 0.2818382 -0.3747778
HUN -0.1518417 -0.16203232 0.043225206 0.20055844 0.1430381 -0.12374806 -0.2968256 -0.27473632 0.016644564 0.25868446 0.13473462 0.09164189 -0.09676002 0.11447696 0.21437116 0.43015167 -0.14058983 0.29076242 -0.5101157 0.18052374 -0.0031442354 0.29532132 -0.017618634 -0.16767682 -0.13522923 0.12691538 -0.11373957 0.39501622 -0.016616752 0.33130494 -0.23231098 0.25117874 -0.08418958 -0.064582355 -0.22060242 0.1132136 0.3382237 0.024755873 -0.24836443 -0.10187613 -0.29739735 0.16496114 0.032244124 -0.16906185 -0.0051641003 -0.13644564 -0.24813499 -0.05258023 0.038274903 0.07425827 0.1400556 0.122285016 0.16552657 0.23095113 -0.276535 0.16496243 0.25502056 0.043713715 -0.14257565 0.46729285 -0.0657089 0.14645654 -0.002044774 -0.093001686 -0.14730193 0.17825235 0.003956882 -0.063450314 -0.19120452 0.0146040525 -0.0024255821 -0.24359226 -0.020163521 -0.0033284547 0.05488899 -0.036525823 0.053731307 0.16472587 -0.20088589 0.044070717 -0.14220068 -0.33392856 0.060146887 0.32121474 -0.10240578 -0.15519312 -0.072271846 -0.033060778 -0.035153367 -0.022809487 0.13907441 -0.08783526 0.029162588 -0.034648377 0.38887215 0.16238673 0.0553766 0.10979699 -0.086543515 -0.02977417 0.026127847 0.10465911 -0.16984867 0.061361633 0.07698125 -0.046161853 0.113231175 0.25485966 0.008567114 0.09100577 0.18061604 -0.20295323 -0.08933176 0.20059808 -0.32797304 0.15264979 -0.18531613 0.23172382 0.082434304 -0.22956246 -0.07702327 -0.019952815 -0.1967308 0.0768461 -0.006752279 0.10667523 -0.13348612 -0.020268176
TON 0.12122296 -0.25475994 -0.13936333 -0.04197461 0.25585 -0.16350062 -0.021256449 0.26300514 0.0039262297 0.08454487 0.121620096 0.131119 -0.19539659 -0.10755825 0.39771757 0.24370693 -0.19944106 -0.31712466 -0.062289882 0.15015694 -0.11270465 0.21261317 -0.053357203 -0.42356625 -0.2768478 0.5278407 -0.0035887551 0.097988464 0.25156978 -0.06325566 -0.4777898 -0.16741759 0.23640387 0.2798534 -0.16500002 0.06554902 0.036930904 -0.03054852 -0.20919636 0.21213539 -0.26298344 0.13903028 -0.14933589 0.13168627 0.25308323 0.13348286 -0.29377005 0.16295986 -0.04191049 0.39083695 -0.26826885 0.30896068 0.20265463 0.031970292 -0.19117233 -0.21052712 0.42248362 0.18055077 -0.36149454 -0.10970773 -0.30811572 0.13239321 0.16417105 -0.059280384 0.24529503 -0.02884661 -0.2898391 0.19025896 0.08006344 -0.2380595 -0.0029289962 -0.18424858 -0.14555521 -0.31152558 -0.16718005 -0.10407765 -0.4022794 -0.19418055 -0.17191103 -0.13911209 -0.1685074 -0.098519854 0.083597705 0.3710741 -0.09498577 0.2165449 0.22587106 -0.011623217 0.21259816 0.19211847 -0.084986456 -0.05511681 0.2550796 0.15196095 -0.15174188 0.17674991 -0.21103936 -0.006733968 0.27458358 -0.1652781 -0.1968379 -0.13197832 0.097978294 0.04199795 0.049758907 -0.0039987164 -0.095019884 -0.074379 0.17805426 -0.24351828 0.01009506 -0.111038454 0.12486502 0.15637486 -0.20147204 0.12378221 -0.23965473 -0.29940987 0.37215683 0.124644935 -0.12809902 -0.3205157 0.11103543 0.14881861 -0.06231772 0.01757104 -0.16474834 0.09979371
HRV -0.1804916 -0.1763065 0.23283961 0.22870058 0.098940864 0.025615064 -0.31673855 -0.12676388 0.1047766 0.20248 0.20393455 0.012760998 0.015932472 -0.15471439 0.060520247 0.03890969 0.0057166507 -0.25010204 -0.46080577 0.09863769 0.050702777 0.05963129 -0.1114561 0.023256695 -0.14146817 0.16041218 -0.099996045 0.22108383 0.1140675 0.07095355 -0.14587149 0.07251952 -0.11646084 -0.20224941 0.07467384 0.16893949 -0.061252654 -0.20128459 -0.12900294 0.16272436 -0.588303 0.06357146 -0.09133896 -0.01852076 0.007928666 -0.09339005 -0.11686416 0.19128832 -0.07194618 0.27002567 0.028040932 0.09537632 -0.0068832766 0.029502323 -0.15056863 -0.0026137126 0.13782935 -0.11128473 -0.067046545 0.33323985 -0.0744101 -0.013052277 0.1975936 0.19757375 -0.03570171 0.06333708 0.33016253 0.26170573 -0.25851905 -0.056775916 0.1572677 -0.11544285 -0.090509646 -0.122912295 0.14883809 -0.2234793 0.045847848 0.15999614 0.053179506 -0.20226255 -0.09892642 -0.25461012 0.14230327 0.58284855 -0.34347045 0.24357763 0.21329878 0.018946493 -0.07359766 -0.05069289 0.18782675 0.2521114 -0.05179974 -0.046193205 0.35537872 0.16642559 0.10580347 -0.33144614 -0.07790563 0.019028345 -0.12573108 0.12241621 -0.16363281 0.20677772 0.14112023 -0.08557058 0.25181192 0.16193764 0.32360908 -0.14437966 0.21235754 -0.07881115 -0.06750987 0.12048156 -0.20010775 -0.048017785 -0.08628241 0.19235723 0.028582906 -0.18278365 0.13960658 -0.2565306 0.27031732 0.20228593 -0.026734078 0.1214222 -0.12230626 -0.06746788
BLR -0.24471697 -0.17200096 0.09807118 0.07625205 0.14531 -0.041316018 -0.3447922 -0.26658466 0.086048156 0.1548581 0.1828031 -0.0007609184 -0.089002445 -0.08501227 -0.096967705 0.14999601 0.25290608 -0.17326683 -0.28165242 -0.054963574 0.017663322 -0.07682216 -0.22320397 -0.051930826 0.11017319 0.09279801 -0.102441885 -0.107807145 -0.19303499 0.068171926 -0.017867686 0.07298849 -0.15306655 -0.06823762 0.014049747 0.25658903 -0.20252225 -0.25906476 -0.07802175 -0.04445747 -0.43441558 0.08733677 -0.028280905 -0.20975319 0.18161452 -0.14663108 -0.25644857 0.11320715 -0.038260546 0.21761487 0.013257903 0.0105937775 0.07844437 -0.009149604 -0.20937486 -0.14212762 0.09288898 -0.032839198 -0.0016107704 0.18272585 -0.01591695 0.074234 0.05156602 0.08595231 0.100589976 0.28795108 0.22199133 0.2369363 -0.18165033 -0.088595964 0.012747032 -0.028913168 -0.13965438 -0.085526936 0.015799774 -0.34121487 -0.051470786 0.22520013 -0.11104089 0.021551877 -0.24450597 -0.30497473 0.11445953 0.484464 -0.19780777 0.110998765 0.2256744 0.12114762 -0.03493131 0.054869823 0.23028122 0.072451785 -0.094493955 -0.06567716 0.22173268 0.2806765 0.024905527 -0.34235004 -0.08442259 -0.02881851 -0.007969795 0.07747246 -0.14708036 0.40443116 0.08227892 -0.19072624 -0.0457286 -0.007677689 0.16754356 0.05536355 0.032166563 -0.062621675 0.16114418 0.12306496 -0.19366725 -0.027218118 -0.1312227 0.056186553 0.06563375 -0.13457212 0.0439491 -0.15437596 0.20492457 -0.048953902 0.021813702 0.12948745 0.02625845 0.110823035
BOL 0.18223156 -0.2668372 -0.033156067 0.08629442 -0.09062313 0.030825721 -0.2086314 -0.23188008 0.0036633974 0.119274326 0.12582499 0.37192622 -0.17669351 -0.051108465 0.054232728 0.2664015 -0.17375708 0.13780329 -0.15460159 -0.13886046 -0.003774355 0.17271785 -0.0076246667 -0.01630519 -0.040125266 -0.017722929 0.11487523 0.10019898 0.13127553 -0.03249268 0.057921868 -0.004104137 -0.034501523 -0.0037209054 -0.14205724 0.19868015 0.16696563 0.08870894 0.30148935 -0.29975438 -0.01791698 0.114621624 -0.1833962 -0.3361671 -0.03690409 0.15325357 -0.15329385 -0.0447086 -0.14910445 0.040055145 -0.0012757424 0.022072338 -0.041389573 0.28053218 -0.050027356 0.25615826 0.005171662 0.07096183 -0.05539802 0.11383736 -0.02014627 0.08880397 -0.1439361 0.15723503 0.30721837 -0.21050565 -0.0423 0.09283319 -0.24145769 -0.2919566 -0.15209803 -0.14072977 -0.17640561 0.031418808 -0.12000605 -0.11277842 -0.062318277 0.019388221 0.17144582 0.41190997 -0.14979006 -0.20077375 0.08535117 0.4252987 0.15031685 0.06420985 0.16003601 -0.09721815 -0.04116195 -0.17461714 0.0031367752 -0.11655892 0.10649536 -0.09447928 0.3822 0.20893516 0.012921018 -0.21476546 -0.1460781 -0.03478464 -0.2921974 0.19338149 0.16343339 0.32891068 0.16827355 -0.41483623 0.15116607 0.21150188 -0.03896467 -0.04579543 0.1475056 0.073636845 0.043985464 0.23458716 -0.07134873 0.11408626 0.03377959 0.007145537 0.108315684 0.013286756 -0.086904794 -0.08830414 -0.122496694 0.12770194 -0.26025784 -0.23064733 0.042036355 -0.25299016
OMN -0.14090599 -0.2282817 0.14068724 -0.049516656 -0.053533737 -0.25919074 -0.110768996 -0.0020051985 0.022176143 -0.022771081 0.26044947 0.17224824 -0.11405522 -0.076850444 0.10661372 0.26498795 -0.084717 -0.10606814 -0.24055144 -0.08966395 -0.045953326 0.1634432 -0.26980475 -0.24258593 0.07101938 0.35200635 0.037124917 -0.016573662 0.26939 -0.10609539 -0.38361064 -0.017367562 0.2558755 0.15395364 -0.05958891 0.16006261 0.14314304 -0.24224351 0.012782897 -0.0044753384 -0.13622363 0.3200903 0.099872306 -0.24557649 0.16354048 -0.008718715 -0.24719986 -0.0017663754 0.09354024 0.17625387 -0.10488687 -0.023012675 0.07940081 0.103400245 0.00035027842 -0.18069182 0.20736164 0.02433396 -0.32176065 -0.029016556 -0.035137292 0.19296663 0.15722269 0.10571937 0.25279766 0.12043505 -0.2530075 0.14990942 0.15736145 -0.15862387 -0.073550686 -0.115343936 -0.27129364 -0.28752515 -0.08044623 0.042808138 -0.0062611415 0.032709338 -0.056274433 0.06525763 -0.18485557 -0.2610307 0.2529009 0.050155383 -0.022024179 0.05740474 -0.03782604 0.042897068 0.20141342 0.06043046 -0.14624782 0.08602278 -0.06148525 0.045099184 -0.05921175 0.12353962 -0.1725388 -0.12663844 0.09599941 -0.20617397 -0.25892848 -0.050060265 -0.07401715 0.09666602 0.019111505 -0.014395408 -0.067156665 0.05911829 0.22334406 -0.13795854 0.016318355 -0.15031202 0.26372063 0.12610015 -0.13634111 0.10370894 -0.18105057 -0.36025757 0.17587474 -0.0043864795 -0.2718095 -0.20460661 -0.034444317 0.23685662 -0.16010463 0.22277772 0.003959625 -0.06989219
PRY 0.10873422 -0.106324375 -0.1512858 0.07166818 0.0033811172 0.0018064076 -0.2471412 -0.07717577 -0.11429995 0.10279029 0.0032564034 0.1477286 -0.07410915 -0.026161922 -0.09456265 0.07399832 -0.1314851 0.1304672 -0.06115396 -0.1845135 -0.16910614 0.04236691 -0.060378745 -0.061133545 0.17593965 0.061673827 0.21874556 0.06740619 0.062049817 -0.036775574 -0.017939866 0.14817922 -0.14283994 0.0828058 -0.18850285 0.26469737 0.10001551 0.11115742 0.20922968 -0.31908175 0.042787347 0.12193173 -0.08305097 -0.2510329 -0.0249473 0.13256226 -0.19251484 -0.005095528 -0.0043195006 0.088726744 0.021695739 -0.00586139 0.053085335 0.088324 -0.00053518626 0.08503552 -0.08145143 0.08601506 -0.055050272 -0.020500898 0.016841749 -0.0306433 -0.1316736 0.15334165 0.29203153 -0.17700407 -0.013553656 0.23216206 -0.23806734 -0.391347 -0.15755042 -0.17458232 -0.26712945 -0.05065053 -0.1051727 -0.100316845 -0.10050947 -0.010117565 0.21542218 0.4462532 -0.15423866 -0.2610148 0.13966163 0.503133 -0.008088282 0.08244048 0.18555698 -0.13700928 0.03957703 -0.08608483 0.084686935 -0.08514922 0.10254363 -0.044643603 0.40152583 0.2758989 -0.08838162 -0.10233659 -0.03657715 -0.13133916 -0.16139828 0.12452463 0.061858464 0.28310165 0.15746781 -0.41976804 0.04516501 0.15858565 0.052794676 -0.023677772 0.1707909 -0.055553727 0.078635566 0.21002756 -0.11184655 0.0021745912 -0.00067271874 -0.05108848 0.15578918 0.10543654 -0.029498823 -0.04992956 0.012613274 -0.045325432 -0.04380723 -0.124543525 0.044490438 -0.17499906
LBR -0.06847963 -0.01428139 0.115179956 0.14949931 -0.15426564 -0.25795305 -0.0010197489 0.11144712 -0.032685142 0.049548183 0.21915302 0.09477588 -0.20785432 -0.27217165 0.08933308 0.06076926 -0.19668813 -0.18736622 -0.12999916 -0.01874456 0.14708838 0.1218191 -0.031630408 0.06681311 0.12689553 0.10421829 0.056883458 0.04811207 0.1891822 -0.058366966 -0.181003 -0.33419806 0.13842687 0.03825567 0.06969714 -0.042812303 0.053131822 -0.27424803 0.29849216 0.10529233 -0.10847657 0.015762229 -0.078270346 -0.021264168 0.06761531 0.2435678 -0.12108118 0.015528835 -0.07882571 0.18970113 -0.17575674 0.11056999 -0.10750655 0.041497122 0.029192952 -0.022856358 0.33172163 -0.0875754 -0.20182627 0.013072118 0.04021768 0.020296596 0.08688141 0.1730797 0.09496289 -0.20746247 0.2933341 0.23939812 -0.21027458 0.11015478 -0.1302982 -0.02460462 -0.11694756 -0.04248586 -0.07808598 0.11112496 -0.07858642 0.10203959 0.15651569 0.07616552 -0.17870907 -0.04287936 0.38583884 0.33863014 -0.06868684 0.32983536 0.13665524 0.0890283 -0.02649299 0.06306911 0.024242558 -0.025781522 0.07677295 -0.097045064 0.06450514 0.14544146 -0.18036951 -0.19169435 0.02885329 -0.04785208 -0.19995825 0.113756016 -0.18633506 0.47285727 0.11238724 -0.20589153 0.32298502 0.14795417 0.2109836 -0.39716244 0.21398576 0.12139527 -0.06506858 0.36296177 -0.005862586 -0.17760985 -0.15236844 -0.106549926 0.15044965 -0.046776004 -0.1599872 -0.102198265 0.26821512 0.36353183 -0.0029303469 -0.017069014 0.17480426 -0.17654364
LUX -0.06774395 -0.06962365 0.24023432 0.48844972 0.17281336 -0.24398378 -0.26892826 -0.20450218 0.06804022 0.045463864 0.23735517 -0.026463142 -0.21440725 0.018241044 -0.007894005 0.23501492 -0.18394522 0.17328537 -0.31460407 0.13643038 -0.08030259 0.23015746 -0.13820364 -0.20887382 0.11518181 0.14593446 -0.050114825 -0.04086035 -0.17691696 0.26953775 -0.25742877 0.16791879 -0.13789693 -0.07412252 -0.19146664 0.1709719 0.19548361 -0.21302693 -0.11837858 0.03294626 -0.03691276 -0.02048789 0.13158493 -0.33874747 0.048663523 0.13357887 -0.4953616 -0.028418439 0.27180296 -0.0109618995 0.042657737 0.2009527 0.032871082 -0.022139687 -0.35713875 0.21914624 0.0833071 0.06955524 -0.21948417 0.02981412 0.10772803 0.19854559 0.012770747 0.10125781 -0.052554183 0.10828359 0.1574331 0.19019651 -0.17585257 -0.15964597 0.047725704 -0.17676274 -0.40946922 -0.09296403 0.08688712 -0.027955439 -0.08270871 0.058921967 -0.05305924 -0.028253306 -0.06312575 -0.2672146 0.3978319 0.035176218 -0.1726545 0.15706098 -0.11997473 0.17360495 -0.0281355 0.05857481 0.26322126 -0.04626008 -0.11393668 -0.16737048 0.014928172 0.31733724 -0.3075408 -0.097214006 -0.083290555 -0.0037865627 0.16239902 -0.06358342 -0.25254595 0.20991841 0.14885195 -0.044066235 0.22158915 0.16942623 0.122074224 0.04644383 0.16745761 0.043392617 0.04759496 0.187123 -0.30775142 -0.012294773 -0.28446335 0.0008977798 0.12694848 -0.013939752 -0.06653192 0.09723626 0.22700462 -0.024396416 0.29097897 0.21210577 0.13927162 0.038479403
POL -0.1528477 -0.24755476 0.07905356 0.25844064 0.011984702 -0.06733324 -0.05505475 -0.057890266 -0.05119103 0.1959121 0.10616134 -0.06765197 -0.15740746 -0.09007944 0.03217328 0.18335728 -0.12023434 -0.04520657 -0.27292937 0.055569164 -0.22041517 0.06815191 -0.07973923 -0.2652511 -0.20455697 0.22265156 -0.22116433 0.2945347 -0.13919069 0.15961385 -0.2595958 0.08612763 -0.0042822286 -0.02713266 0.08327526 0.11774354 0.3023628 -0.15957244 0.015033566 0.08112992 -0.14056246 -0.03844073 0.030639347 -0.18543684 0.14470294 0.05416009 -0.3031864 0.0019671107 0.18222412 0.27751642 -0.041311167 0.18119094 0.09657244 0.059207596 -0.10065303 -0.0549667 0.08429936 0.002346893 -0.15164958 0.07840929 -0.12126816 -0.11576338 0.067790754 0.1774027 -0.05643974 0.018035885 0.2802339 0.2128086 -0.24092615 -0.23471813 0.039119974 -0.2656022 -0.24881412 -0.068307884 0.041981503 -0.17757873 -0.06577639 -0.036738347 -0.0011906091 -0.13819836 0.0003275171 -0.12009775 0.30276495 0.3323224 -0.16702287 0.14512885 0.1420826 -0.029363552 0.130974 0.19058435 0.20447947 0.16469495 0.08460981 -0.10931188 0.18633579 0.22261809 -0.16698483 0.018718997 -0.06805901 -0.08251407 0.12742066 0.10201892 -0.13073356 0.11616856 0.19765681 0.011764467 0.26844856 0.012269618 0.15995838 -0.06780168 0.026932172 -0.02360611 -0.12897088 0.10732134 -0.1747685 0.03956722 0.036250472 0.119084574 -0.09306597 -0.008016734 -0.050876956 0.036901575 0.18591133 -0.00799427 0.07961359 0.006581935 0.16297461 -0.06827101
BHS 0.0983012 -0.248243 -0.24398449 0.03861256 0.048535798 -0.06367142 -0.32858133 -0.22432637 0.028861044 0.15619431 -0.0043971566 0.25322098 -0.14655629 0.026824659 0.0045594447 0.24634825 -0.10484167 0.17836876 -0.1996005 -0.16260959 -0.0741743 0.17549767 -0.01925647 -0.08760754 0.10134375 0.06916157 0.0807042 0.063206084 0.047774527 0.12429751 -0.077957205 0.05157401 -0.092688985 0.054863054 -0.15636238 0.2683536 -0.0037319176 0.12008529 0.17826745 -0.2853377 -0.12020384 0.10133927 -0.10210785 -0.33549172 -0.04004475 0.06083525 -0.13962556 -0.036752414 -0.08569697 0.11700475 -0.02427519 0.02485322 0.048877608 0.2603647 -0.21456316 0.13916524 0.06614697 0.12428101 -0.013430967 0.19454095 0.022378534 0.06547912 -0.17041928 0.01700537 0.2471325 -0.08844066 -0.116738215 0.070722535 -0.2286707 -0.3122888 -0.216489 -0.10449089 -0.06419805 0.10757567 -0.14820144 -0.16618599 -0.13069662 0.055576485 0.011757798 0.31317982 -0.20848928 -0.18085895 0.021710457 0.42346087 0.052480526 -0.056833625 0.103364445 0.0038634979 -0.05702537 -0.12142114 0.08360293 -0.21220446 0.037175532 0.019766994 0.39657924 0.26072338 0.03817666 -0.11847081 -0.10482251 -0.0071246186 -0.1944719 0.15847516 0.15858218 0.36050832 0.16635486 -0.5089218 0.020111 0.24893351 -0.12229038 0.088237785 0.046296604 0.0031642027 0.09419045 0.27620143 -0.19526945 0.115493394 -0.010142539 -0.0268814 0.15741527 0.035651214 -0.079733945 -0.06907273 -0.13179877 0.06108952 -0.011459296 -0.18888344 -0.009752005 -0.03145995
NER -0.014973369 -0.11322823 0.13768645 -0.034019362 -0.24198923 -0.106929585 -0.05202324 -0.29890192 0.23681003 0.037700124 0.40818128 0.21153513 -0.20371619 -0.021145698 0.35207194 0.30053502 0.14343205 0.19775428 -0.11880942 0.06333396 0.17838724 0.30944318 -0.055517253 -0.45744845 -0.4165125 -0.13871363 -0.2020711 0.29185858 -0.041105468 0.37285718 0.014445531 -0.18087856 -0.017516429 -0.031274516 -0.12753557 0.18996012 0.32601988 0.07323321 0.14852302 0.04097852 0.040261455 0.048488025 0.1135558 -0.39253056 -0.010612976 -0.24191214 -0.24815914 -0.22065301 0.16804513 -0.12563124 -0.019521449 -0.22144432 -0.009446448 0.39876646 -0.18997121 0.23761347 0.2103077 0.05455562 0.042994656 0.2599573 0.14456496 0.4106301 -0.13906159 -0.110731244 0.20275213 0.27334177 -0.09893418 0.2908309 -0.15523618 -0.19800027 0.22141178 -0.25458324 -0.12577823 -0.19263461 0.061815105 -0.12984541 0.16203688 0.14056323 -0.22794317 0.114352174 -0.19257274 -0.13449655 0.23656528 0.52157843 0.0017833306 0.08030669 -0.075242855 -0.009839151 -0.08090713 -0.10490006 -0.03456014 -0.15069178 -0.13198741 0.008771663 0.22071221 0.18061653 0.100468755 -0.17961277 -0.17105338 -0.2619686 -0.2890655 0.13808177 -0.21116416 0.46176165 0.08696761 -0.16037975 0.1887243 0.08088863 -0.13438348 -0.1552357 0.19171053 0.2922894 -0.06299212 0.22550032 0.09777247 0.11329054 -0.08100236 -0.092858545 0.035984673 -0.23712322 -0.33848953 0.12655088 -0.23038308 0.12427269 -0.30869502 0.2204908 0.11365299 -0.12923385
SLB 0.17323509 -0.025412763 -0.1535764 0.19087452 0.39082998 -0.099328876 -0.033507094 -0.025357617 -0.24320044 0.2697037 0.12572655 0.14750217 -0.017559992 -0.26015976 0.45498833 0.20003639 -0.09003743 -0.16210768 -0.069243856 0.35712776 -0.07806567 0.072155446 -0.022274116 -0.117030896 -0.16685887 0.2681204 0.12757438 -0.044358484 0.12758188 0.23967145 -0.034431435 0.1105489 -0.18533531 0.14135808 -0.32344902 0.045201745 -0.079919405 0.2123658 -0.14235425 -0.07149928 -0.18869689 -0.056043044 -0.21502393 0.42473137 0.058150575 -0.06629668 -0.14880222 0.17228124 -0.16891864 0.0656159 -0.14160933 0.1319846 0.3034988 -0.058708258 -0.049127888 -0.06748169 0.33219165 0.12818168 -0.037483845 -0.113967486 -0.044823907 0.1070231 -0.051427003 -0.07435458 0.14699598 -0.18592438 0.033578638 0.4226702 -0.09185496 -0.29437533 0.107031904 -0.18533693 -0.38748264 -0.26554933 0.05475243 -0.03529357 -0.27011216 -0.026465228 0.10313279 0.17972384 0.027925987 -0.18305759 -0.15435275 0.77017564 -0.20349489 0.30448774 0.024162397 -0.2434616 0.23605163 0.0015412696 0.15405561 -0.026712092 0.3823489 -0.12030341 0.007566526 -0.107366465 -0.16539259 -0.01789569 0.34443933 -0.0961439 -0.2779967 -0.26514986 -0.080813035 0.04043691 -0.1662298 0.05807264 -0.10658989 -0.09009082 0.19254264 -0.19458349 0.2252936 -0.10988503 0.047640067 0.19387728 -0.16862303 -0.22568424 0.07162306 0.1945932 0.3573847 0.10281194 0.0176121 -0.2346332 0.14858295 0.03833637 -0.32462475 -0.1445458 0.037539892 0.0059546204
UZB -0.45170775 -0.24700665 -0.12666483 0.006572069 0.09915011 -0.13254425 -0.29194555 -0.2836365 -0.016698804 0.45363224 0.14528093 0.10472479 -0.35424247 -0.20946348 -0.06707137 0.17661561 0.0003345349 -0.3382304 -0.4122309 -0.19823053 0.1113915 0.04320518 -0.15118209 -0.22045736 -0.086336866 0.30114052 0.00035492604 0.14279455 0.2204026 -0.005330055 -0.23905145 -0.1560059 0.007709101 0.36541665 0.16213258 0.014634687 0.36691952 -0.36468703 0.22369196 -0.1505705 -0.29534808 0.5071163 0.13761584 -0.16275787 0.39550385 0.088458255 -0.4673848 0.18394658 0.06695065 0.10881074 -0.04742543 -0.062733926 0.27988783 0.0822092 -0.04346688 -0.45203847 0.62416196 -0.00571661 0.16003855 -0.09408319 -0.024312405 -0.20256868 0.21068259 0.108525924 0.044551726 0.38809815 0.43664324 0.08204378 0.0088366885 -0.2691309 0.25665024 0.12335486 0.0427625 0.14377238 0.06040369 0.2193526 0.12151016 0.21743241 -0.21101998 -0.13252772 0.01567632 -0.30446294 0.20326032 0.34763837 -0.4490567 -0.111136384 0.07831551 0.3262897 -0.0423937 0.05850499 0.09463433 0.17366315 -0.12902279 -0.11373999 0.33251554 -0.036186825 0.17837968 0.09973265 0.026729612 -0.12918673 -0.11031523 0.49006432 -0.012771257 0.5349806 0.1010377 -0.30226713 -0.07443298 0.07890658 0.166417 0.04053225 0.2648191 0.043447558 0.2750719 0.41459695 0.04898539 0.06260784 0.1617457 -0.08907994 0.13145699 -0.13340658 0.09185316 -0.13236816 0.33558607 0.30017155 -0.03330123 0.23575866 0.0029175219 -0.041062858
CUW -0.06965833 -0.25204828 -0.20171665 0.11080808 0.11920334 -0.292951 -0.5101166 -0.20958398 -0.021450458 0.24252287 0.31368032 0.23438758 -0.17664142 -0.08820993 0.15449192 0.37672937 0.063492306 0.2630789 -0.22514142 -0.056883104 0.12920776 0.12787302 -0.106091 -0.08320656 0.17700014 0.084857956 -0.029754449 0.081450135 0.12401007 0.12664048 -0.117909916 0.044425853 -0.08193744 -0.034288876 -0.18354817 0.3818456 -0.0928259 0.06200669 0.15330501 -0.28481203 -0.13958283 0.077630155 0.031397235 -0.41584465 -0.027033024 -0.067209214 -0.18384483 -0.050931 -0.011259476 0.18040675 -0.032992773 -0.1505418 0.0044175177 0.42618787 -0.2268339 -0.00332256 0.05720986 0.16861306 -0.065322496 0.42820698 0.11975105 0.22889236 -0.17247191 -0.1165932 0.27565417 0.11654194 -0.16426718 0.15389204 -0.24521206 -0.17456952 -0.19183709 -0.1300764 -0.03895058 0.0056671016 -0.09748111 -0.1391067 -0.0041598077 0.17262517 -0.10500766 0.3653518 -0.339822 -0.15021847 0.015710378 0.42595887 0.08327351 0.05268131 0.04932261 0.018204767 -0.17872089 -0.17673343 -0.027140623 -0.28885436 0.0010654716 0.10979391 0.21775205 0.1712544 0.15089954 -0.3047604 -0.09763886 0.050915807 -0.27265027 -0.0049910587 0.08084811 0.43977085 0.015911229 -0.45004714 0.062722445 0.3105453 -0.046236515 -0.0802177 -0.07636518 -0.042910066 0.13054414 0.19096044 -0.26605526 -0.049352653 -0.04243952 0.009561924 0.07718183 -0.020660277 -0.2063858 -0.03163144 -0.26765415 0.09900058 -0.016209833 -0.03616322 0.0025594921 0.04974325
GUM 0.63158303 -0.06823737 -0.28196275 -0.030748436 0.061698165 -0.020585906 -0.0016012164 0.12870684 -0.016763695 -0.034887314 0.061270613 0.6211472 0.016731424 0.017777968 0.32994023 0.1913683 -0.20975457 -0.12783375 -0.108482786 0.048367403 0.038321115 0.26234415 0.18466082 -0.37263462 -0.32417592 0.06676177 0.008423102 -0.15795805 0.20513265 0.073229015 -0.1623693 -0.047823597 0.33401385 0.2733739 -0.2012722 0.042590305 0.1421425 -0.17550391 0.113069266 0.0352882 0.15286805 -0.122279644 -0.1491986 -0.10453115 0.0012738167 0.038917616 -0.054966517 0.15317664 -0.1125418 0.3472486 -0.3013596 0.12738226 -0.20263255 0.20197974 -0.21047853 -0.05190509 0.36655217 0.2256893 -0.068776496 -0.023519656 -0.28859353 0.37894693 -0.2705366 -0.012750658 0.41893205 -0.12748182 -0.15951064 0.27084967 0.20137078 -0.42500937 -0.07447111 -0.152462 -0.27553478 -0.35482112 0.03407009 0.15094113 -0.12560263 -0.21693999 -0.11982702 -0.14732113 -0.36843178 -0.3792832 0.29630485 0.7662412 0.0049026557 0.11860216 0.3337496 -0.014839935 0.15746972 -0.07737461 -0.10990281 -0.35378394 0.24170347 -0.23004302 0.007727845 0.20247224 0.32061994 -0.24598897 0.31296048 -0.11502284 -0.22452751 0.06596523 0.11432357 0.23755802 0.07029533 -0.15026902 -0.23213346 0.4391075 0.17322993 0.038386494 0.047246754 0.19038138 0.080891766 0.28732538 -0.08716877 0.19770585 -0.032817345 0.0054798094 0.3602037 0.12401851 -0.16246164 -0.16916372 0.025797365 0.2561583 -0.29433012 0.05227183 0.09171227 -0.03881088
SLE 0.29827875 -0.06445048 0.100934215 0.05321908 -0.043739192 -0.059110284 0.04835012 0.08478043 0.10369031 -0.014771002 0.41102874 0.3068399 -0.20013617 -0.08811385 0.2936356 0.19566526 -0.19293003 -0.10079999 -0.28796747 -0.0075048073 0.22114836 0.3503328 0.13958217 -0.28355455 -0.31838188 0.055161268 -0.13697445 0.08855712 0.17046294 0.017600078 -0.108527645 -0.22975552 0.33184114 -0.021687731 -0.08630636 0.037715875 0.45393154 -0.38376006 0.14183697 0.08678867 -0.044612896 0.035825714 0.032967 -0.18174763 0.1571115 0.1289379 -0.1890466 -0.060359184 -0.0036306116 0.18523972 -0.054428212 0.13692082 -0.31789124 0.30190983 -0.13753298 0.08184672 0.3275269 0.01059131 -0.16386752 0.11310355 -0.12257105 0.2367991 0.0016110098 0.014648575 0.17875774 -0.04993111 0.14228985 0.1288754 -0.052086312 -0.049435828 0.164506 -0.19981846 -0.2704362 -0.15577587 0.046559468 0.09070021 0.059878506 -0.17695051 -0.06514666 -0.26590866 -0.17570256 -0.14791389 0.4978275 0.33757812 -0.025718033 0.16010247 0.2663178 0.0937164 -0.0343549 -0.09329904 -0.17569655 -0.09142964 -0.010463845 -0.20820251 0.06751097 0.23269026 0.27233902 -0.38981298 -0.06856419 -0.08642166 -0.13927633 0.260513 -0.07911228 0.35428855 0.14227405 -0.115443066 0.22477107 0.40495247 0.19390278 -0.25360715 0.18956749 0.2971686 -0.17661212 0.2991424 0.044652212 0.091871925 -0.06157521 -0.01787729 0.013632341 -0.11795122 -0.13276301 -0.06056118 0.023852963 0.40379915 -0.12329458 0.11146077 0.07777637 -0.1322239
MDV 0.036813345 -0.17434146 0.13095243 0.38099185 0.005631614 -0.306616 -0.26789144 -0.097152926 -0.13496782 0.09190248 0.16963978 0.33718732 -0.17581181 -0.11314515 0.3089905 0.35347456 -0.44817898 0.10036125 -0.23517616 0.11829578 -0.064759135 0.16534264 -0.089583516 -0.078700446 0.000469084 0.30495313 -0.021695558 -0.011811592 0.29811957 0.063524336 -0.4874271 0.1105219 0.2514357 0.09358564 -0.14037657 0.10634223 0.23117606 -0.22719121 0.031595018 0.053493544 0.09998995 0.060621887 -0.026809715 -0.22259542 0.043059796 0.2835895 -0.43370748 0.076767296 0.29000193 0.33323675 -0.2593079 0.12081795 -0.046306986 0.004212972 -0.18635817 -0.049438734 0.32423434 0.19895872 -0.4380435 -0.1335085 -0.184339 0.27241302 0.14053258 0.14807917 0.11931225 0.07174305 -0.12925261 0.2192889 0.21176921 -0.19793925 -0.11043744 -0.21576186 -0.32838717 -0.43033087 0.06192071 0.3721145 -0.07713229 0.0542112 -0.07274025 -0.019852908 -0.08003755 -0.2452157 0.4167876 0.170009 -0.14004336 0.26396963 -0.110551424 0.08142294 0.24703096 0.2177165 -0.052972246 0.013373308 0.1123614 -0.0048370184 -0.21905717 0.011009971 -0.22866079 0.039482564 0.2461708 -0.10008786 -0.08596347 -0.08107662 -0.20771685 -0.13350795 0.029442523 0.15105477 0.08478886 0.24504413 0.2633683 -0.16711931 0.047040112 -0.16625148 0.1516533 -0.02407285 -0.15754709 -0.03588865 -0.23678388 -0.15949887 0.17468156 0.13946952 -0.079398476 0.006075938 0.03611404 0.20323193 -0.030534346 0.34315363 -0.04273805 -0.019303644
SYC -0.0997269 -0.22815083 0.16296671 0.050817844 -0.09752421 -0.20790237 0.047952052 0.14215209 0.014045291 0.063257076 0.14547475 0.023689123 -0.26226556 -0.060990904 0.041750766 0.20486133 -0.17988858 -0.026060846 -0.17999183 0.011460427 -0.23216435 0.15191604 -0.09621871 -0.35605565 -0.108356744 0.23456109 -0.1268713 0.22132999 -0.05053474 0.06864093 -0.3261321 -0.09163209 0.04474919 -0.006728258 0.0036288581 0.021541733 0.1022989 -0.082798555 0.032310404 0.09093441 -0.1152642 -0.08247197 0.029913444 -0.093515486 0.09222661 0.060422238 -0.19536105 -0.092693985 0.086650625 0.20644812 -0.1143273 0.14245833 0.22986202 0.08765265 -0.07359034 0.006404003 0.2110162 0.0027846158 -0.23584838 0.14986876 -0.10836692 0.057062358 0.012686066 0.13229008 0.07658713 -0.14177585 -0.04580619 0.17932133 -0.2553159 -0.05175404 -0.118575424 -0.20989613 -0.23691833 -0.0673978 -0.09095102 -0.15683018 -0.2337002 -0.020643724 -0.010015778 0.091566496 -0.13432007 -0.056634944 0.27147025 0.09776848 0.08464709 0.16629861 0.023783816 -0.0807465 0.095391124 0.20825656 0.09795069 0.08568811 0.14220801 -0.009909418 0.023035783 0.22209185 -0.36011258 -0.00011478338 0.024136849 -0.1273333 0.00863045 -0.083766855 -0.08177442 -0.0057556345 0.16032143 0.019915815 0.21544096 -0.060653076 0.06331203 -0.13405886 -0.0016483506 -0.07124277 0.009642041 0.20600313 -0.24097261 0.16084608 -0.09812747 -0.017447704 0.17000295 0.051870733 -0.24273124 -0.024129651 0.019961618 0.0737304 -0.02340002 -0.10254663 0.16087611 -0.04201316
BMU 0.09851273 -0.21759191 -0.021664105 0.04473317 0.0028540166 -0.017257422 -0.13748981 -0.29237556 0.0053942483 0.06952265 0.104526214 0.33003744 -0.176513 -0.011061473 0.076866366 0.30519542 -0.09732062 0.13213784 -0.057612576 -0.089797825 -0.06503155 0.15555479 0.035679255 -0.056512494 0.02158102 -0.05180123 0.035610963 0.0043281745 -0.05473701 0.054786395 0.13159674 0.0036151018 0.083084404 0.030505707 -0.15731595 0.10514795 0.22001226 0.041256078 0.16244102 -0.16708387 0.0011331022 0.10739703 -0.14059812 -0.18681797 0.02607385 0.05551638 -0.15236197 -0.01534957 -0.09141695 0.027118292 -0.015353763 0.06610657 0.022871235 0.17039238 -0.08294574 0.10059526 0.08543004 0.01937635 -0.016682232 0.032409925 -0.04274535 0.054479882 -0.13699424 0.04983422 0.23004727 -0.13513996 -0.008704708 0.14198142 -0.18804854 -0.2072046 -0.08656332 -0.12524116 -0.08878449 -0.025731761 -0.14036116 -0.12740889 -0.108649306 -0.020133834 0.10510788 0.25451365 -0.20657937 -0.2705268 0.07816112 0.41885462 0.14831139 -0.03441037 0.18852606 -0.11389567 0.030056246 -0.12472678 0.06663253 -0.12285594 0.15942565 -0.14874159 0.28529248 0.30477905 -0.05942258 -0.11746147 -0.043412015 -0.12301923 -0.17187898 0.10893383 0.056390576 0.36519155 0.11023769 -0.27126265 0.047997784 0.14560944 0.018333925 0.041454554 0.11744315 0.08582256 0.052360095 0.23422787 -0.09771591 0.11466701 -0.087113515 0.010512064 0.1504143 0.033160783 -0.073012084 -0.090413064 -0.021040484 0.059446577 -0.19585353 -0.121881545 0.05634484 -0.09825088
ATG 0.056010045 -0.23713312 -0.009113853 0.08860464 0.0043226345 -0.03429942 -0.13606171 -0.29571152 0.05642705 0.07682774 0.13157316 0.33840957 -0.1539666 -0.017296985 0.043176334 0.3390087 -0.046010844 0.08001587 -0.028227983 -0.10052268 -0.059175096 0.06066182 0.033144355 -0.020478984 0.05866375 -0.089120455 -0.01695644 -0.060991812 -0.13089442 0.03671784 0.14504346 -0.001446268 0.10569122 0.07583014 -0.07732375 0.08855995 0.1574466 -0.009251383 0.19506074 -0.15470126 0.010165359 0.07335652 -0.15794405 -0.2251792 0.06244082 0.08495842 -0.13324672 -0.008372458 -0.10108499 0.0890782 -0.080964915 0.10006811 -0.017229006 0.1215235 -0.10251353 0.031912975 0.07033053 0.046811722 -0.024313126 0.014607163 -0.05512566 0.05134557 -0.16272156 0.028114242 0.24052712 -0.11137793 0.019018205 0.12440513 -0.18957716 -0.20170476 -0.14344387 -0.100543566 -0.075768255 -0.013786636 -0.1310856 -0.17770311 -0.09628997 -0.002475647 0.07106498 0.25037333 -0.24652886 -0.29889414 0.10382861 0.46021494 0.18062761 -0.00833176 0.23608099 -0.08699608 0.040227953 -0.039183203 0.09964957 -0.1505258 0.18809585 -0.15296587 0.23498671 0.32952157 -0.07473373 -0.11624002 -0.07887569 -0.09858844 -0.1268852 0.09168412 0.07891476 0.42203003 0.10707558 -0.30719385 0.04501684 0.11747274 0.04105325 0.047905833 0.037053924 0.101027034 0.09298124 0.22484322 -0.15063632 0.120605715 -0.07619407 0.04342575 0.12699428 0.011602554 -0.11259721 -0.08531082 0.04497276 0.03665314 -0.18264964 -0.14016378 0.097771674 -0.1097756
ISL 0.15168549 0.04456647 0.11691846 0.19954841 0.25445488 -0.27060556 -0.10220478 0.12581873 0.13770263 -0.070416816 0.26053062 -0.12854412 -0.19447093 0.10401235 -0.14101444 0.11198878 0.07247393 -0.065677114 -0.22420987 0.013875391 -0.055443607 0.26751274 -0.00897459 -0.4613312 0.14852834 0.07388166 -0.10197806 -0.08816796 -0.3918713 0.25631845 -0.14973128 0.1197597 -0.10564291 -0.055253815 -0.25392643 0.29392883 0.21214744 -0.2882916 -0.08696692 -0.02039561 -0.09119168 -0.032411966 0.23676646 -0.23876005 -0.0061338404 -0.023434766 -0.2842351 -0.12487232 0.1646158 -0.061535157 0.12720291 0.19928232 0.16905434 -0.014591762 -0.30807573 0.009118208 0.111994766 0.011329453 -0.04445188 0.1561378 0.10914388 0.13030101 -0.08893327 0.10454996 -0.046664447 0.014635757 0.176429 0.29902473 -0.3394764 -0.10791931 0.16290037 -0.23398654 -0.3456936 0.06319286 0.056565993 -0.21867591 -0.19541381 -0.234185 -0.109870814 -0.14746101 -0.3091218 -0.42016205 0.4034225 0.23203433 -0.05578739 0.087392345 0.14818043 0.05015014 -0.13389063 0.008375759 0.1852144 -0.14211233 0.0018489488 -0.22506897 0.20795202 0.55145377 -0.15510674 -0.18192789 -0.1547714 -0.23148079 0.22011492 0.026032083 -0.1067046 0.34437013 0.2620935 -0.24519295 0.09678303 0.19155881 0.17200066 0.1172414 0.25564864 0.18456899 -0.035552744 0.45527232 -0.4352762 0.13553374 -0.18852688 -0.013321529 0.3012113 -0.13213602 -0.15052715 -0.01625325 0.35271698 -0.049991596 0.27007934 0.024530048 0.15949194 0.15348484
GIB -0.21449952 -0.5227199 0.23436505 0.10681309 -0.029153146 -0.017106216 -0.18189913 -0.37390792 -0.030648058 0.1580812 0.023131019 0.18540612 -0.3223213 -0.071426764 0.22627364 0.26754376 -0.25656292 0.10908855 -0.25609073 -0.046378504 -0.06041239 0.22643419 0.024450775 0.02931857 -0.26610163 0.20799935 -0.02156392 0.29700524 0.07160992 0.08661752 -0.06525628 0.010597777 0.04091169 -0.14875212 -0.148219 0.0013220505 0.21201779 -0.105605796 -0.12332895 0.005984128 -0.32773772 0.24017327 -0.3338447 0.032602813 0.052516673 0.11534963 -0.3628507 0.093753904 0.020758493 0.04076968 0.021342803 0.14560182 0.17210613 0.03111986 -0.14336306 0.14355001 0.08950149 -0.08306307 -0.022449493 0.03924195 -0.07752398 -0.038800504 0.19615811 0.21306086 0.034221318 0.052831758 0.130518 0.02782234 -0.12019284 -0.14782362 0.051136985 -0.23660736 -0.107290685 -0.21991989 -0.07920621 -0.11016375 -0.16380648 0.25283536 0.08550701 0.07508474 -0.02540825 -0.08596725 -0.028588876 0.27456027 -0.12046293 -0.1369966 0.055147663 -0.16982897 0.10735702 -0.06068537 0.05218448 0.32276416 0.13130546 -0.12431676 0.36073834 0.14518282 -0.1871871 -0.093596935 -0.02238783 -0.14289975 -0.26905987 0.19962634 -0.19641572 -0.018797582 0.21849559 0.03389791 0.05497897 0.034783415 0.10911848 -0.011479499 0.24233837 -0.21373312 -0.0983106 0.008944244 -0.038192604 0.19270836 -0.12640199 -0.04566651 0.09191771 -0.111205384 0.110301495 -0.21476533 -0.043275345 0.03330928 -0.25136155 0.0741289 -0.14226048 -0.035981577
CPV -0.14394169 -0.6045432 0.23646918 0.16668993 0.066552356 -0.0567433 -0.19905482 -0.576469 -0.16683674 0.2919159 0.23028949 0.42212254 -0.5447824 -0.18205073 0.22581455 0.51701194 -0.27017492 0.049091168 -0.23634738 -0.027035143 0.038127 0.15410934 0.009422782 0.108944856 -0.294546 0.10171021 -0.042171765 0.13212807 0.12226249 -0.028555645 0.20883355 0.036599062 0.06868271 0.024653506 -0.25896573 -0.08557717 0.38430145 -0.05874089 0.084824905 -0.17733061 -0.24447772 0.36929336 -0.35463175 0.020816498 0.24151671 0.14747563 -0.45472297 0.1953791 -0.105721615 -0.07386022 0.036129408 0.060354516 0.258636 0.067757815 0.01328484 0.118487746 0.25242084 -0.079010256 0.07770545 -0.11928477 -0.054694552 -0.00844399 0.15676326 0.23154534 0.1014423 0.042477187 0.19179785 -0.04932858 -0.07909848 -0.12398515 0.18014117 -0.06771296 -0.0038859516 -0.10819002 -0.08893042 0.026575392 -0.08767881 0.22270982 0.15632074 0.23676144 0.057348747 -0.25059223 -0.050843123 0.26305512 -0.07307106 -0.095368244 0.031936932 -0.03480298 0.12495902 -0.09699744 0.02248451 0.26057097 0.15111409 -0.28486338 0.2625237 0.048952427 -0.1457923 -0.030400977 0.012545846 -0.0693824 -0.31889993 0.22536038 -0.10137385 0.103735514 0.10374883 0.039884474 0.008626108 -0.04404717 0.107263006 0.045405157 0.23758431 -0.11224758 0.01334182 0.08088835 0.08881162 0.12913564 -0.019709766 0.045133516 0.12546904 -0.024251238 0.1188853 -0.23933378 -0.033274285 0.03255099 -0.4384923 0.012322827 -0.1006548 -0.12158865
PSE -0.3873937 -0.20214437 -0.02141111 0.12452906 -0.0049929162 0.055189986 0.03998389 -0.2112088 -0.06912511 0.3605827 0.18821745 -0.087908044 -0.14434098 -0.038151547 -0.07565385 0.10830954 0.18672715 0.011122898 -0.60214776 -0.1781373 -0.27853596 0.008326575 -0.08689232 0.008584658 -0.08244277 0.25652036 -0.2786931 0.279492 0.14703223 -0.062008027 -0.17062506 0.088301614 0.027175894 -0.115689985 0.25015372 0.18071206 0.27477258 -0.37801206 -0.11945708 0.02032146 -0.3096861 0.16518842 0.07410022 -0.17639923 0.1022795 0.04201598 -0.30041623 -0.016686495 0.050013237 0.35500395 0.11245509 0.31000268 0.19350897 0.03382082 0.0010169216 -0.022805374 -0.031509653 -0.06985047 -0.14080095 0.13146006 -0.14315909 -0.27855918 0.08522343 0.089368515 0.06321475 -0.052891146 0.24815044 -0.05045314 -0.34626675 -0.17580917 0.07848988 -0.35512507 -0.25063854 0.07531401 0.017924627 -0.09355156 0.14794946 -0.027790943 0.04254736 -0.09022522 0.07403037 -0.17189728 0.28187755 0.49275926 -0.2719027 0.15873076 0.13410267 -0.1709007 0.07967124 0.17449965 0.2111047 0.36954513 0.1568381 -0.15976779 0.4075439 0.29365578 -0.046799988 -0.24042334 -0.20404801 -0.121913664 0.035251975 0.16064395 -0.077564105 0.25382233 0.27652815 -0.2646918 0.34149733 0.0991687 0.3275333 -0.21397884 0.14615081 -0.15234867 -0.10710027 0.21968652 -0.18914856 -0.07894012 0.035386555 0.17135869 -0.33741286 -0.21888705 0.0076438277 -0.09584329 0.11804156 0.31516212 -0.014267455 -0.06815707 0.06487053 -0.31181684
KHM 0.01915342 -0.19733137 0.063715994 -0.038480856 0.09883111 -0.1948491 -0.26570475 0.08662439 -0.04845143 0.010840018 0.116674125 0.2314059 0.012357547 -0.032858275 0.27120253 0.16355726 -0.21469851 -0.002076469 -0.21641433 0.05473534 -0.07414336 0.106620125 -0.0094606085 -0.21398412 -0.14692043 0.32203782 0.090959325 0.055333782 0.2808434 0.06011317 -0.39579332 0.03563843 0.086806014 -0.019912941 -0.16939718 0.12122857 -0.048822623 -0.06616283 -0.14172192 0.014009902 -0.20072371 0.020839384 -0.01577911 0.058630876 -0.0064279637 -0.069259234 -0.16075571 0.08092916 0.11876334 0.32226413 -0.1577641 -0.106569216 0.1692835 0.15960614 -0.21239996 -0.19362627 0.32327807 0.07541111 -0.2643339 0.13612805 -0.20478298 0.2545336 0.10891028 -0.018339185 0.25276208 0.036209248 -0.31966913 0.34394714 0.092995465 -0.15443043 0.0048417198 -0.22033982 -0.35955086 -0.4485101 -0.002736333 0.10163548 -0.16979231 0.08941341 -0.15000142 0.07695231 -0.20229796 -0.18170217 0.18112795 0.3789775 -0.09316288 0.19573033 0.061617356 -0.1370652 0.20017457 0.107149936 -0.024504721 0.09388987 0.17900929 0.14278245 -0.01922724 0.0040729246 -0.12586764 -0.13385238 0.3760344 -0.200242 -0.24310416 -0.110988796 -0.26364243 -0.17543016 -0.022861479 0.11156233 -0.06949217 0.18950105 0.25804114 -0.24658768 0.002188498 -0.3056485 0.15131605 -0.050800283 -0.2685647 0.08838135 -0.117657006 0.0070381346 0.31521243 0.041871287 -0.13375105 -0.18209548 -0.15576047 0.12157152 -0.1654119 0.19319445 -0.163916 0.15716779
BLZ -0.039291866 -0.29515788 -0.011858478 -0.0030766353 -0.010846589 0.0739815 -0.14537236 -0.431239 0.036690388 0.027846908 0.048416834 0.18830736 -0.26396745 0.15249608 0.089084595 0.28834784 -0.09507273 0.27881855 0.115601465 -0.17782003 -0.022940025 0.07602816 0.17126876 -0.07319817 -0.10108433 -0.081403814 0.08300138 0.1376545 -0.254842 0.040551748 0.24326256 -0.25290018 0.079654954 0.04357835 -0.15396413 0.08157473 0.32055235 0.08540488 0.19342509 -0.17998382 0.18799818 0.14337951 -0.23616937 -0.15737969 0.03930182 0.14023796 -0.2854587 -0.010111118 0.048918664 -0.11701521 0.029385839 -0.14097093 0.12357184 0.11986753 -0.1551849 -0.12658377 0.15268022 -0.044322595 -0.17262581 -0.15356135 -0.19726238 -0.13052183 -0.013978691 -0.09615182 0.3339821 -0.0007941779 0.07434478 0.18348502 -0.3075519 -0.32275903 -0.0337056 -0.3476582 -0.0991371 -0.21340257 -0.32399592 -0.15398754 -0.16674301 0.062010393 -0.012239496 0.4246427 -0.23891985 -0.05873444 0.12487803 0.49540043 0.22574058 -0.022629721 0.28571868 -0.29522955 -0.04674326 -0.07449652 0.06690589 -0.14627758 0.28441536 0.022549804 0.25022236 0.2690239 -0.18656759 -0.017132826 -0.012731231 -0.36468452 0.06266371 0.06327115 -0.20227979 0.41666886 0.0793279 -0.26498875 0.17481944 -0.028005494 0.054118227 -0.14019872 0.0034791194 0.07205538 0.005664214 0.066937715 -0.13309681 0.14130975 -0.1983639 -0.08801696 -0.03375373 -0.04402901 -0.012016103 0.0065562204 -0.028219625 -0.014032257 -0.12623678 0.05170498 -0.05152377 0.006563412
LCA 0.13237765 -0.36923948 -0.03574048 0.1792377 0.12089169 -0.1215352 -0.28714 -0.16007856 -0.20051636 0.24902356 0.37904584 0.28413132 -0.24875185 -0.26371086 0.13918504 0.4087707 -0.021222148 0.13319947 -0.13008767 -0.082610555 0.045897104 0.11661688 -0.104977705 -0.012967063 0.11780826 0.09935151 0.11287656 0.11612638 0.2160218 -0.13420986 0.11718402 0.10578106 -0.14597328 -0.004036573 -0.26218477 0.36837962 0.20556426 0.2310813 0.26764217 -0.54571456 -0.13976067 0.2533331 -0.13001017 -0.3006906 0.057362508 0.17819306 -0.23212796 -0.050611317 -0.15981294 -0.032358702 0.09061776 0.017466566 0.09706338 0.41383645 0.033727057 0.2086077 -0.113641456 0.112069026 -0.08327955 0.18066345 0.15288648 0.05285552 -0.0727528 0.13852759 0.25385427 -0.19379145 -0.08336726 0.092880115 -0.25764948 -0.30564082 0.0069177337 -0.16780284 -0.1715441 0.102783 -0.11457174 -0.17155738 -0.07134695 -0.06719565 0.28044164 0.49486876 -0.058453836 -0.18014915 -0.12060288 0.41245863 0.121484995 0.16645369 0.119837016 -0.1918368 -0.050992113 -0.25632238 -0.10107196 -0.038259897 0.18088588 -0.0056521795 0.32938665 0.115047686 0.016523266 -0.25025004 -0.24465075 0.050862502 -0.40880346 0.118170775 0.36880982 0.22322895 -0.003629475 -0.38632172 0.13835166 0.15200837 -0.0053507574 -0.09635609 0.15674073 -0.0025214627 0.033214446 0.16566163 -0.08112319 -0.06710254 0.19314459 -0.04277005 0.058479033 0.08027927 -0.12230177 -0.1580587 -0.16198924 0.005707322 -0.27178615 -0.29812056 -0.030806238 -0.20577519
BRB -0.118174 -0.27916825 -0.060876545 0.08412848 -0.08217513 -0.14347064 -0.13231276 -0.37726262 -0.025101973 0.32394612 0.3290851 0.28618336 -0.30990243 0.017521113 0.25143433 0.5513602 0.078412555 0.28248325 -0.28548184 0.048656505 -0.07314123 0.23284718 -0.08023383 -0.23580226 -0.18455864 -0.015087317 -0.18168165 0.3057572 -0.094732836 0.16947164 -0.013204374 0.08634158 0.08740453 0.07840622 -0.109991744 0.20531525 0.40321365 -0.0015342196 0.028254414 -0.08810904 0.0318671 0.1970435 0.029233973 -0.32142812 0.055944085 -0.12786064 -0.2994627 -0.101197615 0.01152957 0.0025129123 0.06550909 0.03824132 0.06705221 0.23587179 -0.015114857 0.089165255 0.102004506 0.025944874 -0.07076276 0.23295982 -0.034444116 0.14042258 -0.14555202 -0.10833336 0.10369985 0.0643372 -0.029286321 -0.053192187 -0.17862324 -0.13665396 -0.018039407 -0.25618172 0.11686084 -0.022108966 -0.04177065 -0.13250747 0.13138779 -0.027059862 -0.06942866 0.18478501 -0.16422321 -0.2283897 0.1342614 0.3180949 0.11345073 -0.09543785 -0.03752626 -0.11844781 -0.027378129 -0.065342166 0.030232545 -0.17850554 0.11605217 -0.0639006 0.22631975 0.21718405 0.026496382 -0.015158765 -0.202313 -0.20629391 -0.0060181753 0.025637228 0.027864493 0.35286364 0.08292397 -0.21225965 0.106011465 0.09695335 0.016394597 0.05021709 0.04986741 0.054737326 -0.022488581 0.2735901 -0.08162591 0.16560684 -0.12256228 -0.033233047 -0.08042076 -0.08071684 -0.19733112 0.090224475 -0.2224565 0.13978666 -0.18877546 0.053648867 0.088551685 -0.22949469
JOR -0.05682584 -0.11702967 -0.10534683 -0.00056485634 0.0022417037 -0.16098222 -0.14296927 0.054024763 -0.090661965 0.16931385 0.041057494 0.13368553 -0.22308014 -0.16398181 0.21269244 0.093450546 -0.146577 -0.08415642 -0.20608513 -0.12652695 -0.1401847 0.15741329 -0.08209761 0.023599224 0.09487103 0.30549422 0.21364062 0.09750667 0.32626364 -0.10884143 -0.2737615 -0.102989875 -0.13526353 0.07754288 -0.17555057 0.16719112 -0.1666697 0.024951162 0.039209593 -0.114546545 -0.19926609 0.13261391 -0.15946573 -0.0019178635 0.10898434 0.26458296 -0.30656242 0.032829825 -0.14573951 0.16726287 -0.12380089 0.097723834 0.13551606 -0.020622283 -0.024377033 0.094240665 0.12914617 0.08650883 -0.23687418 -0.02436784 -0.025691144 -0.008769859 -0.018405797 0.002574059 0.2681637 -0.21794872 -0.17358798 0.052929044 -0.21411641 -0.11035653 -0.20580024 -0.20980175 -0.2000447 -0.07602138 -0.17435336 0.016514014 -0.23055576 0.12811574 0.11952908 0.4268638 -0.054652452 0.049510848 0.07472132 0.21316175 -0.09918883 0.13313586 -0.030886382 -0.03905356 0.06306288 0.11661861 -0.027369518 0.065003686 0.09408851 0.09725828 0.09665907 0.0011168171 -0.20092249 -0.16390266 0.0896934 -0.08477425 -0.35846284 -0.006288076 -0.05836759 0.069594175 0.09953905 -0.30947414 0.09409539 -0.0034311994 0.02317819 -0.27919245 0.13520195 -0.23089068 0.11667081 0.23637128 -0.11403586 -0.07554869 -0.10981434 -0.13589872 0.22445105 -0.0017292204 -0.07104827 -0.1604881 -0.04382099 0.256966 -0.16242798 -0.19052078 -0.0016360998 -0.1480816
SWZ -0.17720674 -0.19604246 0.15931553 0.25142694 0.09333705 0.017998511 -0.069775775 -0.044068385 0.018092426 -0.14930597 0.2950074 -0.089435995 0.10545183 -0.22157179 0.13331273 0.14185639 -0.15580174 -0.09035044 0.12154898 0.1346288 0.33683512 -0.010428454 0.06864877 -0.1473724 -0.3122662 0.15280864 -0.085479155 0.24845551 -0.04685205 0.038776666 -0.16856278 0.04403269 -0.07507377 0.040796682 0.025234904 0.041543458 0.4044236 -0.098363854 0.09152375 -0.18857534 0.07313417 0.0076654544 0.014700313 -0.17860629 0.11295071 0.087812856 -0.038098034 -0.09452613 0.13583978 -0.08635392 0.004469271 -0.0047889235 -0.110286616 0.18525745 -0.074193485 -0.12341598 -0.16729298 0.12642714 -0.18938316 0.047117833 -0.06512896 -0.05580564 0.14242993 0.104783975 -0.04250776 0.46456492 0.2470946 0.3657433 -0.078819275 -0.15287063 -0.067386955 -0.278716 -0.63689744 -0.29902798 0.08848148 -0.059928805 -0.10099348 0.2238046 0.006927697 0.34156495 -0.22459352 -0.19504198 0.07870032 0.5122319 0.06634066 0.121493064 0.23705915 -0.079219855 0.115737386 0.21648295 -0.043363716 0.06701122 0.21278477 -0.034307625 0.17608227 -0.028837852 -0.10125535 0.060135372 -0.09006362 0.037388217 -0.27468258 0.18512698 -0.251169 0.30251595 0.07021454 0.07951039 0.103236824 -0.043179914 0.08352097 -0.32140225 -0.072038904 -0.102368586 0.011703763 -0.14612709 -0.30085486 -0.099869564 0.20338683 0.13887858 0.19649415 -0.40033695 -0.29206836 -0.09569853 0.16263615 -0.10020221 -0.3936241 -0.018761134 0.077073656 0.0285494
COM -0.16444334 -0.17322424 0.13830245 0.04401949 0.10925246 -0.16998972 0.026134547 0.15235554 -0.045672797 -0.04566093 0.38958338 -0.039518412 -0.15988031 -0.22935905 0.057376064 0.2181466 -0.084041126 -0.113499925 -0.03226049 0.05961302 0.111910455 0.050984558 -0.18241052 -0.27908456 -0.057299785 0.36010635 -0.031703383 0.14700812 0.094900325 -0.19212173 -0.2202003 -0.05899361 0.025759647 0.10674448 -0.03664181 0.068853565 0.22879651 -0.14775114 0.07241602 -0.18480003 -0.03710697 0.10618305 0.06930447 -0.11911407 0.2640861 0.089083835 -0.23731236 -0.06515421 0.022783458 0.050626993 0.010666073 0.03199099 0.14385508 0.24287444 0.068509474 -0.12716566 0.020536562 0.11602216 -0.31768182 0.009655133 -0.062539056 0.018603524 0.09521122 -0.008898788 0.1717048 0.22060688 -0.0059312256 0.16704315 -0.13056378 0.060064163 -0.1127351 -0.15267566 -0.43523777 -0.096372955 -0.099962264 -0.11012554 -0.1778501 0.029903917 0.00594011 0.3741875 -0.1722104 -0.12207332 0.11533634 0.053073466 0.18919556 0.17832932 0.10338171 -0.011646001 0.07029404 0.18842816 -0.09142413 0.086215556 0.13452262 -0.082510926 -0.050155938 0.105209365 -0.2605383 -0.12322363 -0.0073474497 -0.022124927 -0.28414106 -0.018726008 -0.0034837488 0.29408652 0.055026107 -0.03446317 0.059927374 -0.14800178 0.07669107 -0.35613403 -0.035483047 -0.15197825 0.12020661 0.061147615 -0.15598631 0.005768458 0.028711881 -0.035534564 0.18004718 -0.13252191 -0.31583324 -0.11280745 0.018134667 0.0095881745 -0.29970554 -0.1452408 0.15809323 -0.021774009
NIC -0.115156196 -0.1498944 -0.15396082 0.14479609 0.3407057 -0.3230323 -0.5038091 -0.19132122 -0.06745026 0.17182365 0.38748765 -0.06238642 -0.15179525 -0.09808215 -0.00068285846 0.27253637 0.3842172 0.12864156 -0.08803135 0.029205155 0.07814186 -0.005887384 -0.26912782 -0.29089144 0.34018713 0.0962978 -0.09551697 -0.14237167 -0.25291356 0.1494715 0.0031661238 0.18364449 -0.23152347 0.008186025 -0.25133315 0.49958563 -0.1547719 -0.0417766 -0.003977218 -0.2956625 -0.12149342 0.02028131 0.16063358 -0.4215761 0.16839224 -0.1615801 -0.34332272 -0.04592412 0.10146664 0.12755246 0.05522984 -0.073509224 0.13927107 0.25669324 -0.32971534 -0.13788572 -0.05858334 0.18143749 -0.016511858 0.28188798 0.18888159 0.21510832 -0.16174233 -0.143133 0.22137679 0.35653105 -0.0003413933 0.30872056 -0.19839802 -0.21558994 -0.049454715 -0.10667371 -0.24228263 -0.05037039 -0.06984434 -0.34911355 -0.1466871 0.10150226 -0.17628282 0.32382807 -0.37825003 -0.27649206 0.04787785 0.4838238 0.005384959 0.16075678 0.15531035 0.07233687 -0.1430619 -0.07906022 0.14379662 -0.2771992 -0.06783861 0.0701391 0.08351928 0.32972363 -0.0036623466 -0.33303124 -0.13935177 -0.01813907 -0.055761237 -0.09854776 0.04954616 0.55401695 -0.09208858 -0.30681452 -0.09069902 0.06291618 -0.00075265387 0.06810034 -0.115933724 0.0012816136 0.24860553 0.15563653 -0.36386523 -0.17913964 -0.10157292 -0.01988491 0.078147456 0.022838566 -0.17250863 0.019148171 0.013506552 -0.26046163 0.16916144 0.076153964 0.12706786 0.27141422
RWA -0.19725688 0.008853106 -0.029927542 0.09571143 0.19866447 -0.03511029 -0.1069251 -0.019258022 -0.09344369 0.04871323 0.28369182 -0.17594604 -0.08329788 -0.09714876 -0.14971724 0.09544641 0.011909536 0.03474023 0.08718091 -0.00054778345 -0.031091128 -0.13474253 -0.16975693 -0.23283754 0.059752595 0.16560808 0.010030714 0.051566318 -0.18595518 -0.025606308 -0.017093644 0.16506387 -0.1709056 0.12402552 -0.082407765 0.12708668 0.24087355 -0.04540705 0.0613883 -0.26298076 0.08341599 0.035230726 0.07303246 -0.16854276 0.22116856 -0.04540077 -0.28293094 -0.010298407 0.12297801 0.05824227 0.09503862 -0.054434363 0.18487087 0.100145295 0.021623839 -0.19306846 -0.0642168 0.16762361 -0.15716541 -0.09465755 -0.06282058 -0.027155465 -0.016890304 -0.013864403 0.17802091 0.31053144 0.15374243 0.2909799 -0.21480852 -0.04032083 -0.09899397 -0.16089536 -0.4534627 -0.13137552 -0.036250055 -0.13330507 -0.10000895 0.081749655 0.009024187 0.4679514 -0.1950214 -0.30038363 0.16613284 0.32304505 0.05283152 0.15167834 0.21861435 -0.033398192 0.05336277 0.1951175 0.16071698 -0.024398906 0.07691676 -0.14483172 0.1027407 0.2392905 -0.26079926 -0.050397314 0.023162711 -0.10948888 -0.055703178 -0.030152583 -0.17949021 0.49512175 0.09066494 -0.1752101 -0.018244518 -0.17283617 0.105105504 -0.22540988 0.003575207 -0.16928563 0.13112943 0.052189298 -0.18594584 -0.09147072 -0.029670347 0.11029517 0.15055563 -0.07022885 -0.14170365 0.0031160517 0.10664287 -0.2536972 -0.10178273 -0.011445042 0.1886956 0.036098544
BEN 0.14608808 -0.16062388 0.09897228 0.08203853 -0.07480176 -0.21721663 0.082558356 -0.13272049 0.024168113 0.052561756 0.39003682 0.22051936 -0.46520832 -0.03341543 0.13610417 0.40108433 -0.062167425 0.054929912 -0.009877865 -0.046666004 -0.023657069 0.28786966 0.0432921 -0.32694358 -0.07580406 -0.11399814 -0.14132537 0.087279856 -0.23455627 0.11175701 0.08627651 -0.12978473 0.14838263 0.08577313 -0.1872777 0.14535503 0.5757818 -0.10745272 0.2498443 -0.05604373 0.13140121 0.13517681 0.051085282 -0.2661389 0.050539877 0.056632657 -0.28841138 -0.16098362 0.07848761 -0.11230657 0.037932944 0.08723296 0.105776206 0.13398163 -0.030699346 0.089388326 0.21724114 -0.03634953 -0.042343948 0.009407742 0.02745475 0.10633664 -0.0932054 0.13329235 0.09021647 -0.122244336 0.11495873 0.15894374 -0.26819533 -0.13748702 0.14043777 -0.24304968 -0.019594284 0.07270353 -0.08029465 -0.037780706 -0.05336639 -0.2399852 0.036398713 0.08653898 -0.20624925 -0.27657732 0.3368013 0.21745881 0.12588271 0.024997042 0.116036706 -0.09161865 -0.0563466 -0.071676545 -0.059089184 -0.14327426 0.11039397 -0.19206974 0.15412815 0.39602754 -0.16861753 -0.012686013 -0.21034206 -0.3110249 -0.019020185 0.11027601 0.024009312 0.40356663 0.20407556 -0.21255772 0.22996134 0.09170688 0.048082516 -0.0066599753 0.22546192 0.29951882 -0.10157779 0.45197 -0.08524539 0.16950828 -0.085723564 -0.13915132 0.16138957 -0.03021547 -0.22744639 0.025786959 0.10375109 0.11952658 -0.07510506 -0.017502276 0.18921892 -0.12521744
BTN -0.34247586 -0.23725596 0.12109281 0.07742179 -0.23212475 -0.41336468 -0.058080304 -0.12780349 -0.19965293 0.20418307 0.26947886 0.23862806 -0.31303924 -0.25204006 0.06711131 0.24160041 -0.07549277 -0.14964883 -0.1711474 -0.14957269 -0.1816712 0.10879018 -0.30400473 -0.07181225 0.27288514 0.14781326 0.10398145 0.007819018 0.2697142 -0.12242719 -0.23354648 -0.0726865 0.1632433 0.20690472 0.01814887 0.059883427 0.13360941 -0.22703484 0.22686315 0.010720398 0.04266793 0.33659175 0.060196765 -0.21982725 0.13490151 0.2088455 -0.33379218 0.010312342 0.16921489 0.07426428 -0.16164091 0.046860024 0.17343295 -0.16260985 0.12703176 -0.04203818 0.22909781 -0.096345425 -0.06945585 -0.10760081 0.18749534 0.08121797 0.034363236 0.35093284 0.15640213 -0.1328648 0.01607208 0.16422439 0.1005623 -0.24951921 -0.091396324 -0.069670536 -0.09452355 -0.22678187 -0.0024883617 0.19917515 0.09033183 0.17823264 0.16857879 0.21935306 -0.11835226 -0.21589127 0.28499982 0.21195506 -0.18067029 0.13636018 -0.07709441 -0.04630987 0.18987155 0.07626853 0.004941817 0.1425609 0.014757846 -0.021878416 0.022934847 0.11635574 -0.37033403 0.06706003 0.04592702 -0.26382256 -0.27732322 0.011815559 -0.15550798 0.13066386 -0.009733595 -0.065042555 0.1113786 -0.011027049 0.20649877 -0.09415193 0.26054326 -0.025932709 0.25913614 0.37206015 -0.05948855 -0.21638638 -0.124235824 -0.3827881 0.19047737 0.065591246 -0.27430955 -0.12035654 0.19442147 0.23564513 -0.10395001 0.1939656 0.22898285 -0.35925674
KIR 0.13314195 -0.039571844 0.09875307 -0.09609526 -0.0030694457 -0.07678235 -0.14485174 0.11594339 0.050242964 0.024953393 0.06371002 0.13166994 -0.1772097 0.017205996 0.30967715 0.1559371 -0.45039165 0.010482343 -0.26880348 -0.07821801 -0.053850546 0.3879768 0.01978021 -0.29814622 -0.18474317 0.41871056 0.21962772 0.01091811 0.28291455 0.02112806 -0.45905477 -0.24646719 0.10644546 0.022801315 -0.23336408 -0.005850643 0.04870506 -0.29504886 -0.11036945 -0.03738858 -0.2612138 0.0072854254 -0.08001372 0.03932083 0.3018514 0.18083106 -0.477963 -0.0045917016 0.003244774 0.276096 -0.17009749 1.2094377e-05 0.09361195 0.0412988 -0.26510578 0.018739823 0.490122 0.17220579 -0.3705107 -0.07552272 -0.29265794 0.27470303 0.09258831 -0.11606921 0.30379352 -0.016831916 -0.30005628 0.03550211 0.07274832 0.014655952 -0.102375545 -0.15697563 -0.42610723 -0.19996871 -0.042665977 0.19250609 -0.20744227 0.19797067 -0.2006777 0.16867617 -0.17794733 -0.05401916 0.37835553 0.08832787 -0.035397153 0.11489015 0.0017239337 -0.031079192 0.17736636 0.24167787 -0.011546621 0.09703992 0.1373145 0.02339243 -0.02642825 0.077141896 -0.18455486 -0.11466014 0.2637408 -0.18630132 -0.07948409 -0.049592827 -0.32888716 -0.16836089 0.065236725 0.03221609 -0.029363062 0.117740735 0.036175933 -0.2227914 0.1225591 -0.28406098 0.1721485 0.02032034 -0.09289471 0.15345062 -0.1503216 -0.085522674 0.20134875 -0.009676937 -0.033251036 0.0063389097 -0.33420238 0.28781834 -0.14445758 0.1391145 -0.11977201 0.18748215
MKD -0.122582935 -0.31584725 0.10415488 0.18169771 0.03266974 0.032775473 -0.15778361 -0.1523746 0.019584954 -0.00115536 -0.0043164697 0.061879817 0.11175089 -0.0606543 0.055714298 0.13688666 -0.027191902 0.039319955 -0.27938214 0.013556214 0.0027201339 0.033640824 0.012351117 -0.08856188 -0.19001262 0.16122553 -0.14158337 0.24548264 0.048694473 0.11959368 -0.2586852 0.22577178 -0.09218315 -0.025226653 0.033832677 0.21101326 0.2505117 -0.06345085 -0.07539613 -0.015263884 -0.23124631 0.15644935 -0.029754767 -0.12529135 -0.11032872 -0.112611584 0.00802693 -0.034192204 0.16349147 0.06108399 0.08376517 0.0074859303 0.051064227 0.13157645 -0.17785318 -0.10510858 -0.024434585 -0.00550709 -0.15462512 0.16247141 -0.10318825 -0.1258755 0.2581688 0.22725664 -0.019521775 0.25191242 0.12000965 0.2799692 -0.06052482 -0.42247453 0.009686786 -0.28848255 -0.3984882 -0.21623841 0.036390822 -0.12235422 -0.010216558 0.08082375 0.004612892 -0.038372193 -0.014859632 -0.22999862 0.09041881 0.53434384 -0.24160668 -0.0026404813 0.046064492 -0.076625794 0.16569385 0.011437972 0.033525936 0.2027586 0.04109973 0.0046265135 0.38882688 0.014660443 -0.031006573 -0.00084722944 -0.0028191677 -0.09652612 -0.15125011 0.20433973 -0.22891279 0.10385321 0.1945753 0.037575707 0.11925643 0.16732904 0.28119576 -0.071234345 0.05938754 -0.21928781 -0.04964239 -0.0050757066 -0.31878462 0.09877177 0.09117381 0.07193346 0.137193 -0.2282181 -0.115525536 -0.24627769 0.12621894 0.08236464 -0.17203166 0.12584357 -0.093277685 0.0061910283
DJI 0.18805242 -0.012139268 0.23873125 0.06861459 0.0027892576 -0.059504718 -0.029215802 0.20858829 0.13771313 -0.124256566 0.26527599 0.15122792 -0.09554788 -0.1233285 0.04742482 0.013725237 -0.27066192 -0.21390887 -0.2881381 -0.11589457 0.26752186 0.35278934 0.13733025 -0.0902256 -0.031229142 0.11000098 0.06109457 0.03239622 0.19728996 -0.118718155 -0.14992511 -0.26212788 0.18726937 -0.14740603 -0.06574486 0.016253786 0.23230802 -0.43761235 0.16603787 -0.00019447162 -0.30219644 0.05979549 -0.019096928 -0.04939793 0.06646876 0.22253025 -0.04282514 -0.069734916 -0.17559426 0.12703936 0.015694031 0.22978532 -0.24204354 0.17311299 -0.16159591 0.10275618 0.2823237 -0.10440882 -0.17169364 0.2134665 -0.03787444 0.096316524 0.07520152 0.13864158 0.11094428 -0.23073219 0.28047073 0.16724673 -0.18913981 0.15817332 0.027459865 -0.039914485 -0.31618458 0.011724983 -0.02740431 0.038985826 -0.08068529 -0.03508368 0.1214415 -0.09722619 -0.29570216 -0.18505572 0.45950514 0.355638 -0.00070755195 0.21916592 0.34289923 0.034650847 -0.10421405 -0.10994993 -0.056616597 0.032252595 0.05531694 -0.20369312 0.28463832 0.31107745 0.09547666 -0.45491636 -0.12660797 -0.03833261 -0.22292413 0.32302564 -0.11293212 0.39032164 0.15728943 -0.23984404 0.29475343 0.4280211 0.2491672 -0.28313938 0.36665475 0.16797996 -0.13031477 0.38952115 -0.1548232 0.032549433 -0.09107735 0.04008478 0.20366693 -0.1826734 -0.09727059 -0.20974156 0.18795647 0.40445748 -0.054652248 -0.0650955 0.017289257 -0.08099075
BFA 0.0592253 -0.09564383 -0.11656723 0.29032186 0.45348662 -0.19678983 -0.026845083 -0.009058908 -0.3174068 0.2769752 0.32207766 0.040573917 -0.0776917 -0.26585805 0.40677375 0.23625132 -0.060064923 -0.14947514 0.09778221 0.38301933 0.027332569 -0.056627084 -0.05978529 -0.04343805 -0.19144352 0.31062615 0.052674163 0.07843795 0.11829894 0.1128527 0.014279001 0.18099618 -0.197208 0.18311906 -0.30192634 0.08698869 0.031133609 0.29659906 -0.08716111 -0.19186357 0.012137223 0.053772766 -0.23349997 0.26097766 0.062132806 0.11884006 -0.20852794 0.20611572 -0.03741291 0.068989865 -0.10631357 0.16336419 0.31235898 0.048880193 -0.07789092 -0.18104683 0.27108324 0.22364269 -0.15612385 -0.046048097 -0.025437538 0.10151238 0.013680231 -0.09469608 0.15571532 -0.004895349 0.026706925 0.34054154 -0.05949951 -0.2792483 0.069587305 -0.24819729 -0.31680125 -0.39588013 0.001335726 -0.0042266613 -0.23888913 -0.02512159 0.027641594 0.30374405 -0.015819851 -0.1349673 -0.23524526 0.7398852 -0.06385061 0.41950896 0.11857239 -0.27593 0.1015237 0.08371076 0.04451944 -0.03053219 0.4591028 -0.030292997 -0.12729326 -0.088158 -0.19950084 -0.014163936 0.23180981 -0.044396885 -0.3779217 -0.19333053 0.05531437 0.11968069 -0.15668769 -0.024636319 -0.07269214 -0.14728044 0.13386512 -0.2927093 0.08600142 -0.12752974 0.10576309 0.05581893 -0.22331528 -0.32445166 0.035283774 0.0993853 0.27533582 0.079776525 -0.06142636 -0.24143453 0.22615753 -0.15975781 -0.29253206 -0.10722579 -0.026706515 -0.06501035
SOM -0.060493458 -0.15040986 0.15644915 -0.0268115 0.055409957 -0.20480902 -0.01348813 0.2774169 0.0034127904 -0.051986948 0.20087536 0.0014685771 -0.100982524 -0.10431179 0.10197947 0.10135413 -0.13954225 -0.08400775 -0.18053858 0.05099601 -0.005245337 0.19680057 -0.13095464 -0.36668482 -0.080489814 0.40571612 0.043523744 0.15240246 0.19389404 -0.07449667 -0.412333 -0.083849706 0.009487036 0.058550555 -0.11311217 0.06815577 -0.0270546 -0.116129346 -0.07517102 -0.026065463 -0.18450186 0.04122025 0.05076199 -0.02767979 0.1249107 0.042663217 -0.16571906 -0.07022909 0.0010493484 0.15020679 -0.069018856 0.08454999 0.22395276 0.14524265 -0.13219585 -0.05747136 0.20928384 0.10385745 -0.33493087 0.16145824 -0.089361906 0.15530853 0.050016288 -0.021626933 0.21337134 0.017479852 -0.1880718 0.19214141 -0.07449818 -0.04023373 -0.112241216 -0.16178298 -0.42317668 -0.19767433 -0.102558285 -0.09462696 -0.2687397 0.051734492 -0.060840152 0.21264693 -0.20230204 -0.06426035 0.15356086 0.10702251 0.09446589 0.2079721 0.00060387317 -0.07587573 0.065081224 0.11609565 -0.05374037 0.054811716 0.12329629 0.05506511 -0.030918414 0.11406612 -0.2537219 -0.13265021 0.09876972 -0.095912114 -0.23642135 -0.12633522 -0.07027309 0.016841603 0.026275089 0.0023304513 0.036422957 -0.01500324 0.09574882 -0.25373363 0.033147477 -0.18056683 0.14736752 0.12284572 -0.2626625 0.07076881 -0.10583506 -0.091530755 0.2931451 -0.041503605 -0.28760368 -0.16936262 -0.051268484 0.10275525 -0.13989016 -0.05128608 0.03385435 0.04923125
KGZ -0.5823394 -0.35301933 -0.090448365 0.08115609 0.09445611 -0.17888838 -0.35152394 -0.36508453 -0.033618566 0.52970254 0.17653693 0.106745176 -0.41832694 -0.24494542 -0.03553471 0.2529358 -0.009648371 -0.35691115 -0.502708 -0.19191347 0.073224865 0.035235453 -0.2213256 -0.1747545 -0.07047503 0.37278384 -0.040227965 0.17513593 0.26888815 0.0036804122 -0.30630094 -0.15048335 0.029152235 0.3589201 0.20139286 0.011392318 0.37407666 -0.41414174 0.2097324 -0.11028756 -0.36646605 0.5498249 0.114367835 -0.19895877 0.43475935 0.11125521 -0.55227464 0.24747872 0.0951097 0.1791304 -0.07354399 -0.046541855 0.30951834 0.055209257 -0.025923489 -0.48130143 0.66529715 -0.047827624 0.12082315 -0.11308396 -0.021354193 -0.24085662 0.2873859 0.15764761 0.02744512 0.42663202 0.49719128 0.07463927 0.030020673 -0.27934608 0.24840316 0.1004655 0.06734793 0.09130289 0.056639146 0.23396036 0.16161153 0.2949758 -0.22080517 -0.16082855 0.045435034 -0.29031768 0.24540794 0.33847383 -0.52460974 -0.09814543 0.028767092 0.36864948 0.021725282 0.13918698 0.11884001 0.26804265 -0.16074906 -0.12693761 0.3270043 -0.065103665 0.12243367 0.10116945 0.03966743 -0.11127154 -0.12113918 0.5012295 -0.07420252 0.5341467 0.11926213 -0.26411152 -0.038411915 0.03438644 0.21065024 0.008641487 0.25955924 -0.02304461 0.29815507 0.39746398 0.048830576 0.02491381 0.110807456 -0.115831845 0.08009857 -0.13768469 0.096593246 -0.16981003 0.37998465 0.33376327 -0.004528857 0.3181006 0.02074021 -0.064140044
TCD 0.0030367102 -0.051235132 0.13771157 0.09114261 -0.03617166 -0.17214496 0.021529593 -0.11782809 0.12908722 0.14673969 0.3599928 -0.07530105 -0.37399542 0.08993653 0.22281039 0.30820215 -0.08252698 0.1472231 -0.22987534 0.2063535 0.037328463 0.43085214 0.021542173 -0.48303217 -0.38825858 0.05403304 -0.21496648 0.44149652 -0.20353459 0.38899052 -0.111003764 -0.11180904 -0.07589546 -0.10861278 -0.21032602 0.055279754 0.4501829 0.023667037 -0.03458378 0.04298855 -0.1055239 0.023503112 0.074341185 -0.15177998 -0.0150970435 -0.118098065 -0.30236906 -0.21245892 0.07957359 -0.1326269 0.14226691 0.1135033 0.18415834 0.2537638 -0.21017176 0.2949302 0.31860584 0.013628279 -0.048684984 0.39495295 0.026843442 0.2593349 -0.09150339 -0.0536418 -0.06326931 0.034153502 0.073121145 0.07272068 -0.385688 0.09546175 0.197236 -0.287532 -0.0021415732 0.06388567 0.043465313 -0.17584522 -0.028709559 -0.0059948983 -0.18869269 0.01265997 -0.20405535 -0.15609124 0.22989416 0.28421357 0.037199523 0.057048764 -0.018294947 -0.094697595 -0.20749642 -0.017264048 0.104131445 -0.11358363 0.02135093 -0.10748502 0.29868993 0.3645909 -0.12222138 -0.022607137 -0.23231049 -0.24880385 -0.014999248 0.07029224 -0.15866716 0.3353816 0.21274903 -0.16354126 0.34433374 0.049073808 -0.0492364 -0.10470643 0.3025015 0.18146417 -0.2294604 0.41140202 -0.1583407 0.20448416 -0.18254408 0.041824877 0.09412854 -0.19840887 -0.23742501 0.13416661 -0.09651694 0.09630027 -0.03673304 -0.024439937 0.09688802 -0.09030091
AIA 0.10002218 -0.1931948 -0.27315885 0.009687168 0.23376948 0.050052647 -0.115045995 -0.11361857 -0.12956877 0.12942299 -0.24935286 0.20795704 0.12792899 -0.14141327 0.31964234 0.16792245 0.09808918 -0.09957682 -0.0019506051 0.21870983 -0.23194547 0.060562566 0.0615608 -0.31393862 -0.22942789 0.19392855 0.044890888 0.056523744 -0.03622791 0.35420638 -0.18134876 0.05736841 -0.19557886 0.34472442 -0.24112101 0.093322806 -0.040212948 0.2794999 -0.11783076 0.068707794 -0.20455796 -0.084812894 -0.12684551 0.24024132 -0.0027521923 -0.31129232 0.0384911 0.06343361 -0.03238789 0.08902267 -0.15828845 -0.013118962 0.39987883 -0.107301734 -0.24985464 -0.22156163 0.35466787 0.13134164 0.022896301 -0.103592806 -0.24388818 -0.0605391 -0.040377118 0.08766464 0.1939125 0.0695958 -0.005561959 0.56430584 0.031023987 -0.6416083 -0.04739487 -0.20390312 -0.40927473 -0.26661512 -0.07562746 -0.18197183 -0.36666727 0.076278575 -0.0007341843 0.07286966 -0.09061345 -0.26291746 -0.053205557 1.0167583 -0.34644374 0.11982351 0.033104483 -0.14174262 0.36969972 0.07017675 0.18677573 -0.13619176 0.25609592 0.03159329 0.28965673 -0.08467278 -0.1807158 0.26460972 0.4531972 -0.25766554 -0.16757691 -0.09237539 -0.28489563 0.19720136 -0.048348293 0.0625457 -0.16658631 -0.075531654 0.14543964 0.060710803 0.117173165 -0.17864111 0.09508499 0.24473071 -0.34363085 -0.023860954 0.04733729 0.09618434 0.61044204 -0.0029655232 -0.11508402 -0.33536804 0.17755158 0.05021479 -0.26713684 -0.020704046 0.0005967651 0.21435465
TCA 0.10241534 -0.13594644 -0.08819002 0.07681294 0.0404288 -0.053458784 -0.2656204 -0.24970716 0.05845645 0.019865304 0.029437909 0.31234187 -0.061584197 -0.0041648378 0.009600539 0.24479733 -0.10207593 0.096738875 -0.0203 -0.09684852 0.059428368 0.11908754 0.05396567 -0.008457208 0.13182826 -0.03791982 0.10399016 -0.105255105 -0.04623386 0.087210245 0.041231245 -0.023943972 0.0004749825 0.0750209 -0.16147672 0.08497433 0.024301326 0.029765785 0.22400667 -0.26894546 -0.015077656 0.022167405 -0.15891413 -0.2386345 0.022811133 0.08391988 -0.08505491 -0.018305145 -0.14354096 0.04926022 -0.06975654 0.027263619 -0.045458887 0.15450877 -0.20000218 0.07593694 0.09123855 0.10007368 0.005628858 0.10977003 -0.0148685295 0.1438171 -0.20143667 0.01361432 0.22616951 -0.021230184 -0.014473695 0.14610854 -0.11940078 -0.13995114 -0.25722975 0.0019868982 -0.15841609 -0.020189695 -0.13976727 -0.07850627 -0.13547216 0.15491377 0.030238131 0.37987843 -0.34442627 -0.29353717 0.054003187 0.5272052 0.15289862 -0.016635839 0.21150443 -0.029432153 -0.005705509 -0.04871316 0.11195201 -0.25147787 0.1437857 -0.111215085 0.28900793 0.24825796 -0.0008256313 -0.12297225 -0.021197567 -0.009165632 -0.22861174 0.14623044 0.012619657 0.46017516 0.062668845 -0.36734778 -0.04242389 0.20134236 -0.066496246 0.049042188 0.065297246 0.045977462 0.16830575 0.22615492 -0.19946443 0.04745839 -0.09602729 0.06451184 0.2713277 -0.05567754 -0.13637207 -0.09293921 0.00069143163 0.0013357466 -0.156321 -0.14439362 0.05904015 -0.0046290187
ERI -0.13732356 -0.1654725 -0.041263152 0.0048947344 -0.01004852 0.017739538 -0.06366473 0.19125932 -0.04790082 0.20234708 0.11298548 -0.083687365 -0.07644261 -0.132865 0.114325866 0.035177134 0.07593484 0.004031619 -0.34431505 -0.05955334 -0.13282487 0.24810643 -0.21881 -0.13785022 -0.09826356 0.5806044 0.073331445 0.47898722 0.41817287 -0.18436524 -0.401307 0.052483734 -0.15203755 -0.096165664 0.02165321 0.31136033 -0.09974135 -0.05078768 -0.17242758 -0.020455485 -0.16624951 0.1221502 -0.08380605 -0.07222979 -0.07799522 0.05305949 -0.11225779 -0.043340765 -0.22153528 0.09576821 0.15082765 0.13291065 0.32764825 0.09433112 0.11791194 0.04920308 -0.078090064 0.1430617 -0.414896 0.11038611 -0.17514463 -0.15767807 0.054927368 0.0311066 0.26308385 -0.14397067 -0.15969658 0.04298296 -0.43367428 -0.17622826 -0.22596614 -0.47138286 -0.36740932 -0.03378486 -0.20210014 -0.2105116 -0.1927629 -0.06157941 0.09296998 0.44804794 0.001299787 0.04793777 -0.041413557 0.14704508 0.06489996 0.15898968 -0.1029632 -0.3570634 0.034670096 0.014209695 -0.14286245 0.24974014 0.20265536 0.041812737 0.27279678 0.077930994 -0.15551263 -0.31301868 -0.0966732 -0.2507429 -0.3857729 -0.12949197 0.12530307 0.11528036 0.38711652 -0.3943479 0.14094737 -0.068203814 0.12592693 -0.39676 0.15079696 -0.36215502 -0.010449723 0.18246266 -0.1608962 0.071614735 -0.08028566 -0.12795107 0.08286048 -0.22752833 -0.09437397 -0.25703087 -0.10896408 0.31727925 -0.3536077 -0.2843575 -0.015494118 -0.33684853
ATA 0.091450885 -0.2946355 0.02653659 0.096216656 -0.043765895 -0.049689148 -0.054851025 -0.27281073 -0.02713153 0.15662724 0.29106572 0.36092472 -0.28742778 -0.12131347 0.18143462 0.39607263 -0.049954265 0.060246386 -0.06994826 -0.027778711 0.007631429 0.11908975 0.0003387168 -0.12601061 -0.16297504 -0.08195043 -0.0792854 0.1107054 -0.037670936 0.034045804 0.15937507 -0.042656794 0.098053165 0.12532224 -0.12189638 0.09604571 0.38979882 0.017905787 0.23923616 -0.11973753 0.029078014 0.14859495 -0.09644445 -0.20539401 0.097093485 0.028443739 -0.2192669 -0.0011131789 -0.03927621 -0.0060660895 -0.010488544 -0.0062126657 0.043985873 0.21855049 0.048436128 0.08154231 0.15982407 0.0063041262 -0.011929205 -0.018851181 -0.047553632 0.056681085 -0.06339856 0.10461844 0.19414806 -0.04950187 0.09176428 0.14332509 -0.16876481 -0.21436775 0.071997106 -0.16823304 -0.051335946 -0.022775093 -0.06997637 -0.09134924 0.007937281 -0.07084239 0.08762843 0.17149791 -0.080278516 -0.23031293 0.12438823 0.38369092 0.080368556 0.048764206 0.13814788 -0.06518627 0.03145432 -0.10195973 -0.035259053 -0.073015384 0.109881796 -0.1661508 0.18581171 0.16401722 -0.01729802 -0.0725633 -0.09149945 -0.14185245 -0.15400316 0.13490595 0.06474757 0.35854834 0.0917644 -0.15538883 0.1316955 0.049927384 0.044369888 -0.041240945 0.116895586 0.17727852 -0.04921865 0.2170582 0.041015312 0.083045244 0.02986602 -0.01804707 0.04742677 -0.018961467 -0.11866401 -0.06675528 -0.0031518226 0.11256777 -0.28209603 -0.04631791 0.10586255 -0.20090003
GUY -0.083337605 -0.1787227 -0.27836132 0.14596224 0.04898012 -0.037574857 -0.36272192 -0.37141606 0.13062027 0.27962443 -0.10524782 0.18077819 -0.16740184 -0.052019674 0.2112815 0.31836495 -0.11645237 0.021389429 -0.17022738 -0.07509234 -0.032280482 0.10082436 0.017804485 0.13798887 -0.01670945 0.15217663 -0.0056435075 -0.03504015 0.015585932 0.26250905 -0.18801638 -0.1850168 -0.09666275 0.17919108 -0.013795117 0.12313702 -0.08678694 0.015834644 0.1324741 -0.004983103 -0.33162725 0.01940938 -0.2266007 -0.12902352 0.1401939 0.061036386 -0.24220785 0.09489274 -0.17183669 0.2262839 -0.1775022 0.02379782 -0.03391189 0.034230933 -0.23565744 -0.038012765 0.2916571 0.06350147 -0.14957121 -0.047652368 -0.12505324 -0.06443369 0.03176339 -0.10229414 0.14475986 0.05684389 0.011246397 0.061072536 -0.18015169 -0.2069439 -0.28544426 -0.06189932 -0.0811919 0.08836763 -0.16932303 -0.07556571 -0.18317126 0.26334703 -0.12510534 0.13071963 -0.04207075 -0.0055980883 0.083402 0.39456338 -0.20760156 -0.033798844 -0.027204351 0.2207165 0.12625115 0.19796576 0.18453847 -0.113717936 -0.077099085 0.046562076 0.18902723 -0.04323327 -0.033017714 0.010033273 0.08911551 0.082848966 -0.09507659 0.08609578 -0.14607993 0.44188616 0.12768993 -0.39234224 0.04879145 0.06235498 -0.12703755 -0.06966177 -0.121970795 -0.14441937 0.07308784 0.17409642 -0.15181725 0.033412248 -0.106900424 0.026804186 0.12359178 -0.06630159 0.07499623 -0.084813386 0.001012585 0.2885784 -0.00521568 -0.05927921 -0.07406131 0.1181675
HND 0.20168953 -0.11918289 -0.19499382 0.02145206 0.11535175 0.010128728 -0.2774462 -0.23187771 0.089325234 -0.036904752 -0.060437754 0.2694729 -0.055489272 0.048523135 -0.00017558545 0.23587085 -0.07909391 0.106302574 0.06916566 -0.15282707 0.04437729 0.12779355 0.10323926 -0.06552319 0.12543012 0.016698515 0.092026114 -0.13730258 -0.095396176 0.09389588 0.06659597 -0.079516344 0.05449528 0.1173839 -0.19138414 0.15622735 0.085773155 0.07350712 0.18097304 -0.23669024 -0.015157856 0.046293516 -0.18516657 -0.24030258 0.0637084 0.06603245 -0.0987765 -0.020222114 -0.13224131 0.08290422 -0.067207985 0.042904045 -0.077776745 0.18486829 -0.2717057 -0.06877473 0.12789401 0.12143758 -0.09842166 -0.028537776 -0.10025088 0.068662204 -0.1265994 -0.060981616 0.28186303 0.0144305965 -0.06702572 0.18942063 -0.099153556 -0.27091503 -0.2319528 -0.046684824 -0.18148854 -0.03977439 -0.25428095 -0.1335607 -0.24096023 0.046824787 -0.011601253 0.26743257 -0.336668 -0.27154398 0.109843455 0.57619005 0.13781732 -0.052165564 0.30273873 -0.0005025983 0.042324614 -0.057414524 0.08237267 -0.32172567 0.11207326 -0.051143464 0.26488543 0.28763294 0.03726614 -0.13438204 0.032889236 -0.06550121 -0.16895436 0.16695383 0.019934647 0.5523405 0.104896784 -0.42906243 -0.095831335 0.21596204 -0.046414606 0.034491524 -0.00759961 0.03783967 0.14072078 0.21669257 -0.20935562 0.09808911 -0.15531093 -0.02446017 0.2889243 0.0022042633 -0.06939353 -0.14883624 0.033956498 -0.0064540133 -0.06466724 -0.10342275 -0.030516053 0.13883753
MNE -0.23034357 -0.31690344 0.2999396 0.30684984 0.18196845 0.080508254 -0.18538354 -0.05293309 0.06505378 -0.21442026 0.17053647 -0.17635511 0.29400414 -0.15053631 0.12319157 0.05166733 -0.1445971 -0.09342656 -0.16792744 0.12003574 0.29994774 0.022217937 0.10169148 -0.15529855 -0.37439036 0.2668559 -0.11592716 0.32101083 -0.030762441 0.09863375 -0.3586942 0.20989162 -0.14263138 -0.12465844 0.05551821 0.13642861 0.3791159 -0.2475548 -0.15022853 -0.13336487 -0.17113797 0.05303244 0.0626079 -0.12198219 0.0056257197 0.0075841593 0.015611713 -0.07716611 0.24033621 -0.024029044 0.06704876 0.03075422 -0.043136917 0.14411071 -0.2228954 -0.19915251 -0.17428273 0.056316182 -0.24315923 0.14697592 -0.11855299 -0.15896857 0.3135692 0.21071902 -0.14216207 0.56403726 0.32801652 0.44616234 -0.08247765 -0.31614524 0.048945196 -0.45263752 -0.8642586 -0.42340237 0.17004882 -0.09658953 -0.08140313 0.2717075 -0.043399237 0.11130898 -0.20148522 -0.30016145 0.16973962 0.647313 -0.14858156 0.105915405 0.23524918 -0.12694758 0.19294704 0.22638363 -0.0150077315 0.3002362 0.20975305 -0.0046802624 0.37176746 -0.034098547 -0.09773688 0.0042006653 -0.067987226 -0.020178672 -0.18004526 0.26159474 -0.4392575 0.04768163 0.15010661 0.223266 0.12669478 0.10214797 0.32166964 -0.3014036 -0.0073217433 -0.2895906 -0.046236597 -0.2662163 -0.4770486 -0.0064536263 0.23740533 0.22631876 0.15009509 -0.53817976 -0.19739056 -0.21821268 0.20389342 -0.05120316 -0.32674584 0.13033661 -0.08317852 0.1347753
VGB -0.30491793 -0.30881795 0.07086701 0.19143546 0.015522441 -0.081196696 -0.32803375 -0.36272287 0.0397225 0.2670539 0.16526599 0.16052468 -0.19185777 -0.112819515 -0.07793472 0.22166617 -0.027846392 -0.15453564 -0.36787954 -0.12401486 0.050612498 0.006063526 -0.12173609 -0.019704979 -0.026890548 0.09026337 -0.071434975 0.06466463 0.051454354 0.071919985 -0.121589236 0.0507724 -0.03886551 0.098958515 0.10022843 0.09111118 0.24180369 -0.26677138 0.1338216 -0.020380924 -0.32293186 0.27706954 0.00699635 -0.2396238 0.12138388 -0.05667934 -0.25039336 0.14706634 0.0699298 0.11044456 0.02383514 -0.04145982 0.12016731 0.03223085 -0.07090839 -0.17061903 0.29947895 -0.09693173 0.061571084 0.07229199 -0.016102245 -0.09114542 0.20120925 0.26703542 -0.012769318 0.26069984 0.35637563 0.14030606 -0.045927186 -0.17048848 0.09146657 0.02410156 -0.029382084 -0.018681139 0.06687792 0.030522885 0.150514 0.23941056 -0.05954654 -0.10078308 -0.053451035 -0.3295365 0.20039782 0.3730384 -0.3498724 -0.0347338 0.06910434 0.20329574 0.015547804 0.034233987 0.15350933 0.1388448 -0.16831566 -0.13678688 0.29900992 0.06312758 0.025004474 -0.042482868 -0.0057529397 -0.049875263 -0.07168052 0.28500256 -0.19333836 0.4040089 0.13677058 -0.16568014 0.07700804 0.11402976 0.20880587 0.020736257 0.16690937 -0.063794285 0.11365352 0.23596834 -0.116235495 0.037199493 -0.021863818 0.0415532 0.09325449 -0.15741201 0.036675964 -0.19618411 0.2744618 0.16737019 -0.009213941 0.25053683 -0.012366523 -0.07500136
WSM 0.004832508 -0.28367618 -0.11257594 0.040775754 0.37722427 -0.06016268 0.039804246 0.11515466 0.04423449 0.13556409 0.019636242 -0.098018415 -0.22317399 -0.0889805 0.38912457 0.25804153 -0.11205674 -0.29171705 -0.16883825 0.17582469 -0.12278994 0.21702205 -0.054944336 -0.32122982 -0.29727465 0.5755647 -0.111264214 0.25372127 0.12752584 0.015281625 -0.42337412 -0.13379 0.10326513 0.14382984 -0.14811969 0.14361812 0.08061837 0.065123886 -0.3687283 0.2200486 -0.45138386 0.27514738 -0.21024255 0.21679993 0.22338887 0.14567472 -0.29382735 0.12667508 -0.07352607 0.24484996 -0.10697251 0.42447212 0.2879862 0.027483216 -0.20878918 -0.1518782 0.30171275 0.10162479 -0.3677549 -0.068937816 -0.23569527 -0.1055014 0.34072825 -0.062417 0.075402886 -0.034004085 -0.12342571 0.06365009 -0.12550902 -0.27662954 0.11140529 -0.27998188 -0.02372398 -0.11445066 -0.23554182 -0.30610174 -0.4317561 -0.22572382 -0.13914038 -0.24951021 -0.0013708008 -0.016280534 -0.06316371 0.36580232 -0.17346597 0.08191068 0.18378906 -0.05973181 0.1790132 0.12877905 -0.024165288 0.11159646 0.23975469 0.16793704 0.05524527 0.22528465 -0.23878032 0.019949093 0.04949638 -0.15956615 -0.12993133 -0.021638352 0.14854108 0.061034974 0.1760762 -0.08177899 0.024397545 -0.1437869 0.16451049 -0.21230373 0.09134924 -0.13724132 -0.032665458 0.14329995 -0.20246111 0.16543812 -0.20953605 -0.30116323 0.2164214 0.011266119 -0.018879877 -0.38775688 0.19250767 0.1206632 0.01656359 -0.07070807 -0.2795562 0.114339665
GRD 0.18174137 -0.12657355 -0.12672377 0.10467545 0.124363616 -0.016574245 -0.22447932 -0.21433221 0.077937 -0.011439024 0.03191037 0.29190698 -0.08926263 0.01969136 0.0006517039 0.28797713 -0.15566172 0.110760555 -0.00049885013 -0.09115411 0.048955407 0.10894942 0.07344472 0.0063051395 0.13650106 0.029815068 0.07708531 -0.08988954 -0.045227673 0.03271728 0.042212963 -0.015886156 0.044928156 0.07248659 -0.15289636 0.12474663 0.119202465 0.059999008 0.21571694 -0.28070512 -0.020386327 0.06228715 -0.18211792 -0.23668054 0.03796727 0.13348316 -0.0766217 -0.026051903 -0.15526634 0.06530233 -0.03217468 0.102005936 -0.07000782 0.22376922 -0.2003887 0.041286074 0.08068867 0.113326505 -0.12199894 0.058376245 -0.064520955 0.046671584 -0.119787954 -0.018973976 0.23461694 -0.06506088 -0.033738323 0.123087406 -0.1685159 -0.14672932 -0.26211378 -0.03534568 -0.17615283 0.045942098 -0.2163494 -0.13952017 -0.19450957 0.005206355 0.0535209 0.30234098 -0.29928595 -0.29163426 0.066149905 0.4529616 0.19399028 -0.01575041 0.25795588 -0.01197094 0.0036486858 -0.0692863 0.068530135 -0.26717404 0.14929114 -0.13805403 0.26517206 0.2996912 -0.00875035 -0.14962752 -0.036010012 0.017649584 -0.21317711 0.1541254 0.10737624 0.5413249 0.11544939 -0.43950143 0.009319383 0.22901827 -0.011279859 -0.020728167 0.032975517 0.034829885 0.110511445 0.2552263 -0.2380317 0.104533695 -0.114971116 0.06480011 0.2681761 -0.016939411 -0.12786609 -0.15532662 0.03506233 0.04016607 -0.12744638 -0.22258331 0.019521268 -0.00094069354
KNA 0.16454913 -0.056377985 -0.109221034 0.08473346 0.1019319 -0.055424884 -0.25837106 -0.20816566 0.10485447 -0.015879124 -0.0068499064 0.26431736 -0.029727213 0.060186747 -0.021833714 0.22439422 -0.06759575 0.13674703 -0.07289448 -0.12838575 0.01497488 0.16965331 0.07669251 -0.02650698 0.21560511 -0.016987268 0.0699637 -0.15471967 -0.086903885 0.113251545 0.012917035 0.020695614 0.0067304396 0.05132602 -0.19094843 0.14160293 0.033605974 -0.006989272 0.14242953 -0.23595092 -0.03488201 0.022571689 -0.11526233 -0.24660027 0.013564446 0.089472376 -0.10388184 -0.048831124 -0.11929193 0.07717698 -0.028194334 0.09649691 -0.06396954 0.14116015 -0.2844503 0.0535441 0.097176425 0.102954075 -0.055200797 0.0880607 -0.0154963685 0.12229558 -0.18863498 -0.051389594 0.21097761 -0.040583026 -0.035178345 0.13196722 -0.13620713 -0.15141185 -0.24072827 -0.056776106 -0.21659833 0.013100115 -0.1537588 -0.0949173 -0.16994536 0.059554987 -0.0011952723 0.24952084 -0.32887605 -0.33167437 0.14592408 0.4879616 0.13203466 -0.027294232 0.21609204 -0.00028805196 0.0040998315 -0.036301892 0.111909345 -0.2783255 0.09959873 -0.12999229 0.28163663 0.33703437 0.016267015 -0.17482921 -0.041736588 -0.04232838 -0.1397828 0.1413367 0.0120223 0.4738839 0.112134874 -0.4268227 -0.032128703 0.27680495 -0.020564955 0.07250706 0.08935025 0.033095844 0.14552818 0.2755255 -0.256553 0.07330713 -0.16185044 0.042602684 0.25527763 -0.047574952 -0.1026047 -0.104456924 0.0314928 0.034700945 -0.04407947 -0.12681367 0.017860956 0.044509098
CYM 0.10624667 -0.26141587 -0.082631685 0.07016592 -0.096087836 -0.034419693 -0.29024613 -0.18003638 -0.11022975 0.18344423 0.1457694 0.30647412 -0.24336255 -0.10352966 0.071356125 0.2340848 -0.22108003 0.20163028 -0.18608281 -0.23139635 -0.07143948 0.17431422 -0.050835133 0.024781527 0.04945341 0.09635221 0.2300448 0.15951295 0.25478387 -0.0926791 -0.0080435015 0.026654266 -0.13141747 -0.006515193 -0.21777481 0.2961915 0.10987992 0.13712634 0.2891296 -0.41839573 -0.0302364 0.20183492 -0.19748871 -0.33213797 -0.012105393 0.24881308 -0.27902773 -0.039236832 -0.09911196 0.03962043 0.014349466 -0.023559606 0.051593944 0.2389829 -0.012430176 0.27792084 -0.032286458 0.08341466 -0.13834499 0.08171183 0.046099715 0.047972787 -0.11427613 0.14212608 0.3446266 -0.27078238 -0.1582244 0.056382615 -0.2506313 -0.30227384 -0.18005939 -0.21904773 -0.20333786 -0.020557035 -0.15460981 -0.023920592 -0.0717675 0.09249402 0.2402406 0.59630555 -0.079306185 -0.09754414 0.060853034 0.35024047 0.09033479 0.096017346 0.0460848 -0.16918701 -0.0258036 -0.14583136 -0.04112169 -0.031158125 0.100700326 0.025163323 0.35973763 0.1338651 -0.072979204 -0.19444811 -0.13213602 -0.064433776 -0.36314663 0.15827301 0.105875306 0.1877929 0.15109718 -0.45570126 0.15769069 0.17587355 -0.08795518 -0.12537831 0.15182914 -0.08004436 0.06739477 0.18174797 -0.031421755 -0.0012748068 0.02677186 -0.07507723 0.06904155 0.047255415 -0.062185895 -0.066063814 -0.21808027 0.11000454 -0.21419744 -0.20469035 -0.026780574 -0.29161474
MNG -0.1667862 -0.30671948 0.16731066 0.10208918 0.042090002 -0.041806992 -0.15751381 -0.09899156 0.060801003 0.0655776 0.0838601 0.057307784 -0.10545507 -0.05235827 0.13018414 0.15262318 -0.12340111 -0.08044044 -0.33209398 -0.025137838 0.011302479 0.12892662 -0.022284018 -0.15285963 -0.2376506 0.220108 -0.07805464 0.22686522 0.059725985 0.08123434 -0.2593306 0.0044666925 0.03820431 -0.05269297 -0.024538523 0.095425084 0.21811557 -0.2317151 -0.10766604 0.041531455 -0.34198013 0.15726876 -0.05869245 -0.06372492 0.107812576 -0.0042308844 -0.26327208 0.06603526 0.10119558 0.16144907 0.0022631164 0.06546905 0.07230353 0.05895198 -0.15819097 -0.071797624 0.18522562 -0.057650395 -0.10308943 0.12193905 -0.12767923 -0.017473802 0.23046218 0.143561 -0.011670863 0.17155252 0.12366704 0.13092375 -0.064473726 -0.12076832 0.10384466 -0.18494849 -0.18977372 -0.17023994 0.047004804 -0.05784521 -0.038371827 0.14079314 -0.0908599 -0.14662144 -0.070430025 -0.19311056 0.17386863 0.326 -0.19446023 0.009688588 0.1121676 -0.0075530945 0.093726054 0.07497903 0.04309336 0.23706879 0.025767986 -0.042504255 0.26296815 0.13508648 -0.02892435 -0.08631341 0.011721961 -0.12497757 -0.09373249 0.19504388 -0.22885728 0.06239223 0.17089859 0.038028568 0.079076186 0.1308076 0.22463165 -0.09366497 0.15515383 -0.14699264 -0.05331096 0.049904324 -0.15653256 0.14001691 -0.05357835 0.0078115477 0.084322326 -0.18683067 -0.006802909 -0.15770277 0.072607554 0.11850418 -0.063153625 0.17631349 -0.102595404 0.027605534
GIN 0.17225869 -0.028515438 0.20870537 0.16377102 0.0042961803 -0.06915631 -0.06722431 0.11547375 0.1328562 -0.08330809 0.31136712 0.16456975 -0.084425375 -0.13595808 0.07625048 0.076688774 -0.27163628 -0.2138238 -0.22969888 -0.05529291 0.28535888 0.29069665 0.15845391 -0.059701014 -0.081072405 0.02283432 0.018677764 0.06709271 0.12033678 -0.020044977 -0.104124315 -0.23506771 0.16963325 -0.10901699 -0.05885835 0.038979366 0.33168882 -0.3688119 0.21034345 0.026725335 -0.27486688 0.057163503 -0.025907604 -0.08154486 0.04652157 0.17615071 -0.054230213 -0.02162727 -0.103462934 0.09190327 -0.0008421943 0.17785679 -0.26466972 0.16354807 -0.12622297 0.047522303 0.31304023 -0.10566391 -0.115999006 0.18584801 -0.020726342 0.08392395 0.10169115 0.16812965 0.036159717 -0.1551993 0.33458734 0.22857499 -0.16873379 0.103886 0.08765493 -0.03919668 -0.21628447 -0.0180767 0.031800285 0.06540712 -0.00062622095 -0.030278696 0.10339615 -0.16927941 -0.25792253 -0.22806808 0.41649693 0.41739562 -0.080891326 0.19136485 0.34126204 0.06813996 -0.10957711 -0.11136593 -0.058555953 -0.019617643 0.011133522 -0.20437035 0.27164403 0.24612382 0.12430345 -0.33874685 -0.106246695 -0.03449874 -0.18595612 0.34755084 -0.14851873 0.4477434 0.14212598 -0.19672126 0.29810438 0.41659272 0.24167433 -0.25585103 0.35273635 0.21078543 -0.17226796 0.3688499 -0.112185866 -0.00013489027 -0.08200525 0.04251293 0.2076931 -0.19536842 -0.07132737 -0.19410169 0.2615124 0.35796952 -0.016027862 0.017304761 0.0161043 -0.07870913
HTI 0.16738755 -0.0077251154 -0.15030822 0.07049111 0.21501337 -0.017647471 -0.43590283 -0.38692108 0.15594079 0.07111141 -0.06985717 0.35645252 -0.09860969 0.03333453 0.07386177 0.44653717 0.1208724 0.059954397 -0.07740633 -0.17815176 0.034331158 0.092844516 0.007880689 -0.02059023 0.33198175 0.10913995 -0.032828953 -0.35264322 -0.2783233 0.20826292 0.058685232 -0.044171218 0.095071696 0.1304222 -0.19968781 0.23877546 -0.100877136 -0.094624266 0.035787877 -0.22302598 -0.2568784 0.07780843 -0.24974039 -0.27752972 0.31166872 0.04647062 -0.33216226 0.03051357 -0.24065444 0.30197382 -0.14013748 0.19000334 -0.16013047 0.030973213 -0.47211397 -0.15864773 0.24079905 0.1684225 -0.17941035 -0.077823825 -0.15400441 0.17716564 -0.10728912 -0.17150414 0.19049755 0.14883596 -0.014300904 0.12845178 -0.0045382148 -0.16678163 -0.28154767 0.06016064 -0.12051204 -0.034734216 -0.28225738 -0.22804242 -0.27667588 0.1732621 -0.13815008 0.112335056 -0.39303496 -0.3909322 0.20563263 0.6771208 0.01677138 -0.05626142 0.294236 0.10823043 0.18191567 0.092211895 0.17479122 -0.3939825 0.060557846 -0.16856143 0.1760839 0.3690449 0.12909459 -0.23578599 -0.06419479 -0.02531847 0.03584324 0.13390097 -0.05945948 0.6166186 0.06598704 -0.43408754 -0.2539016 0.1816 -0.009017645 0.19924052 -0.0795843 0.001750389 0.22601685 0.24101269 -0.23069662 0.055689823 -0.39016768 -0.03063352 0.2542439 -0.03630531 0.011146658 -0.17490567 0.12911972 -0.03802262 0.038471457 0.036521003 -0.07819133 0.28449443
SHN -0.12399317 -0.09924318 0.1763693 0.15785958 0.16998136 -0.09916481 0.0258428 0.0756678 -0.062406655 -0.07388205 0.48163682 -0.080385186 -0.16225469 -0.2688513 0.08609951 0.2066302 -0.16536207 -0.14182721 0.14294146 0.13954718 0.2252785 0.009291418 -0.086913384 -0.20320895 -0.15971898 0.222128 0.0008399732 0.1735644 -0.01701545 -0.16319484 -0.03707258 -0.071809344 -0.015244418 0.10021369 -0.07380112 0.014382366 0.43010694 -0.089403465 0.1434254 -0.22125353 0.09398321 0.09421551 0.010295097 -0.10598642 0.2869103 0.16177863 -0.24808481 -0.032902006 0.044423405 -0.07613457 0.054038815 0.043689124 0.068219 0.21254843 0.07331107 -0.10674011 0.013518342 0.1123914 -0.27273032 -0.05646552 -0.05661228 -0.0033552484 0.098336406 0.026647598 0.11309675 0.26360428 0.18903439 0.24586068 -0.16995955 0.081686184 -0.027847208 -0.16780113 -0.4458203 -0.1514127 -0.04340748 -0.03501371 -0.14368497 0.05493806 0.05606793 0.45284173 -0.20661882 -0.16546813 0.11609488 0.19397904 0.18566878 0.24733956 0.26371405 -0.025880609 0.010874512 0.17302576 -0.055223092 0.02545786 0.20699501 -0.13249941 -0.036853004 0.11125217 -0.27771255 -0.047873262 -0.041199043 -0.0278383 -0.29613793 0.051327866 -0.10396429 0.4549836 0.05714862 -0.015945967 0.14222768 -0.18332894 0.07616327 -0.43811667 0.048169345 -0.037267603 0.05684159 0.03894046 -0.14019798 -0.12255603 0.031594817 0.04133451 0.2173798 -0.18530878 -0.27245253 -0.09478458 0.16607243 -0.082105726 -0.3213336 -0.1146474 0.1628261 -0.05640568
MDA 0.12934625 -0.09529855 -0.1668906 0.055864576 0.14033309 -0.035764504 -0.25816482 -0.1974023 0.054293066 0.0395695 0.021494957 0.21282579 -0.120269164 0.034080487 -0.0031338236 0.23794918 -0.09423192 0.089657344 -0.008979105 -0.11689627 0.0006874316 0.13830744 0.04053984 -0.078942984 0.1560351 0.0137348715 0.09224914 -0.08251189 -0.10224821 0.08393976 0.035491146 -0.044688057 1.6162383e-05 0.086267605 -0.18599515 0.14425983 0.09832468 0.030097326 0.1648339 -0.22657947 -0.055052873 0.0374096 -0.11905262 -0.21303675 0.07990645 0.05186063 -0.14279678 -0.010769505 -0.11085237 0.082945 -0.036470395 0.05175302 0.0058857133 0.14054792 -0.21912749 -0.015149413 0.13931984 0.096373096 -0.06355172 0.044835016 -0.044323865 0.060614 -0.14704151 -0.030796876 0.22567855 -0.03381659 0.017382888 0.15870802 -0.17701934 -0.16762719 -0.18731706 -0.042370625 -0.13512118 0.04265504 -0.17666629 -0.12083457 -0.1789852 0.03151971 0.004281539 0.2707817 -0.28743234 -0.25971827 0.104194164 0.44792974 0.08897703 -0.030379117 0.2539935 -4.2177446e-05 -0.001210158 -0.05130556 0.12565714 -0.25690463 0.08880192 -0.09407369 0.24215317 0.2933468 -0.016795121 -0.105250016 -0.0067936615 -0.06895115 -0.11462005 0.10637373 0.009147262 0.5098078 0.08958556 -0.41024673 -0.032558393 0.16565531 -0.030437196 0.03393054 0.060548525 0.04101768 0.11148695 0.2717527 -0.2144057 0.05328047 -0.13166012 0.031044792 0.24917632 0.003975884 -0.07674504 -0.09160414 0.04944874 -0.015413621 0.0020678812 -0.12787369 0.03453295 0.07807281
CUB -0.119844735 -0.1405927 -0.262002 0.112492725 0.09826202 -0.10432421 -0.38803664 -0.25369427 0.13951474 0.24120085 0.015274405 0.0869338 -0.25599146 -0.05711005 0.10465538 0.2960789 -0.1530594 0.027039692 -0.16447042 -0.14288883 -0.018245727 0.12048159 -0.037588708 0.0754906 0.13513352 0.21466453 0.04402491 -0.06899792 0.011182387 0.122370854 -0.22406234 -0.27120933 -0.052328173 0.15062457 -0.0260578 0.17015077 -0.10427386 -0.07123084 0.15442854 -0.059518818 -0.3215575 0.030036569 -0.12891032 -0.1972109 0.22163767 0.12649488 -0.30955195 0.0632652 -0.19032027 0.23282824 -0.14130898 0.021904489 -0.028737834 0.10709971 -0.19950661 -0.05406987 0.25808766 0.06418503 -0.24034755 -0.035974775 -0.087004885 -0.062820084 0.000276664 -0.1580617 0.20341666 0.014240042 0.007481182 0.038367547 -0.27133408 -0.07181208 -0.32429513 -0.031772338 -0.09670863 0.17864503 -0.24802434 -0.10523423 -0.24447732 0.21685253 -0.107670024 0.23950975 -0.1327775 0.025895096 0.16764618 0.20729886 -0.10154861 0.012989485 0.03822317 0.25372303 0.03622382 0.18169716 0.17583339 -0.16829 -0.10038109 0.07210996 0.11062128 0.069633365 -0.11110881 -0.10080122 0.03591979 0.08960191 -0.059005246 0.034420688 -0.08387876 0.5428002 0.12338517 -0.46343994 0.10411185 0.067478254 -0.123243004 -0.13445741 -0.14650075 -0.11782527 0.12800987 0.20714392 -0.17469558 0.007849342 -0.16774458 -0.022364814 0.082587756 -0.01639468 0.01989057 -0.03773342 -0.021733303 0.2602447 0.12359807 -0.11101058 -0.018933283 0.16007142
PRK 0.051408965 -0.030339384 -0.10286534 0.27076393 0.40626147 -0.19277035 -0.041375075 0.03834982 -0.24494179 0.22945803 0.3294026 -0.021589648 -0.055749618 -0.25259355 0.3527289 0.20180504 -0.05296734 -0.16232447 0.0776084 0.33535704 0.09852129 -0.024245515 -0.0364338 -0.053461358 -0.13299201 0.28694043 0.03265624 0.09427033 0.105007 0.104995646 -0.0046551405 0.11261353 -0.17703065 0.1388524 -0.24946159 0.10803781 0.07352697 0.23723017 -0.020439124 -0.19197538 -0.002156527 0.039758664 -0.13864851 0.19989486 0.074817695 0.109477915 -0.16669534 0.1385559 -0.03127231 0.03744288 -0.07640173 0.12522462 0.22458236 0.10301904 -0.070803605 -0.17979918 0.23502178 0.1881107 -0.16397077 -0.0082658995 0.017902218 0.06815996 0.016102452 -0.10171013 0.10338634 0.011574124 0.055211365 0.33329585 -0.11887524 -0.20373064 0.07836553 -0.2285974 -0.3224473 -0.28969106 0.008076711 -0.012819126 -0.20495011 -0.035716757 0.024771485 0.26907313 -0.033186182 -0.119805485 -0.1461849 0.6547921 -0.054202445 0.39681262 0.12699892 -0.2045314 0.06269717 0.08149096 0.028538346 -0.03198291 0.3790426 -0.025446922 -0.07152538 -0.06488139 -0.13872302 -0.028549174 0.1426891 -0.0017132979 -0.32725176 -0.13878511 0.05893595 0.16874392 -0.12834069 -0.06124927 -0.0055747093 -0.091783665 0.10533387 -0.30986047 0.08968833 -0.078731574 0.07275408 0.09014168 -0.2199244 -0.32183212 0.064432815 0.09580246 0.23637402 0.004596297 -0.09073459 -0.20275621 0.22835127 -0.08962996 -0.25056195 -0.1243948 -0.015650224 -0.03904152
LSO -0.070919886 -0.10851278 0.097821414 0.16881175 0.17168619 -0.11315767 0.07102966 0.09714087 -0.10974549 -0.05180322 0.4020569 -0.032232787 -0.14149162 -0.24946828 0.11937927 0.19482146 -0.18113811 -0.15375033 0.20106733 0.1591411 0.14573589 -0.019242043 -0.06129983 -0.21620436 -0.15790728 0.20528346 0.0070566656 0.11827662 -0.013893821 -0.11091422 -0.05720197 -0.02638821 0.00050141383 0.17824428 -0.10835322 0.012130737 0.3774618 -0.0074099526 0.14783317 -0.1942504 0.1495188 0.044964954 -0.037291743 -0.07252308 0.23180741 0.1667231 -0.21569851 -0.0075702984 0.06941448 -0.03032822 -0.029919064 0.06226716 0.09249541 0.14341708 0.047292285 -0.1158667 0.055312395 0.15004049 -0.26648968 -0.13403304 -0.07408273 0.015097829 0.059885457 0.04887612 0.12985568 0.20090677 0.13501428 0.3026443 -0.11307699 -0.023875551 -0.06616837 -0.18403922 -0.46056485 -0.21299547 -0.04055734 -0.017107973 -0.18957733 0.021146439 0.05822929 0.42206073 -0.18309699 -0.17053208 0.07452062 0.27947703 0.15582143 0.25710028 0.2362686 -0.069371454 0.08425172 0.2047733 -0.049885526 -0.02868808 0.22928089 -0.11116922 -0.08170009 0.073154815 -0.30485973 0.022582948 0.044377502 -0.05118885 -0.27713943 0.009864476 -0.0908016 0.3833066 0.037159666 -0.0039732917 0.08127929 -0.17351778 0.07570069 -0.37328717 0.016611295 -0.033445645 0.08063406 0.04647465 -0.17143333 -0.14182578 0.03491245 0.017200183 0.28502962 -0.1156244 -0.27271575 -0.10438284 0.19794525 -0.11533477 -0.31106532 -0.116082646 0.16677955 -0.05354643
TUV 0.08855908 -0.3358991 -0.15956162 0.01182427 0.3919027 -0.15130815 0.015337279 0.1922657 -0.000745776 0.19593139 0.018539228 0.16004485 -0.17119464 -0.112568475 0.4277572 0.26503494 -0.10009328 -0.47788367 -0.13661316 0.2907198 -0.22643317 0.19011183 -0.045836348 -0.45064566 -0.35920006 0.5782784 -0.05699248 0.10565858 0.17993337 0.07814976 -0.4872553 -0.10221152 0.17521305 0.3912229 -0.15224904 0.024091521 -0.0066725137 0.013675593 -0.3316425 0.3215664 -0.43713257 0.12838136 -0.2367481 0.28809533 0.23030518 0.030315291 -0.28067404 0.26566678 -0.08764977 0.42074934 -0.30442652 0.4389002 0.36258426 -0.08325141 -0.25120065 -0.27352935 0.559506 0.15321821 -0.2579404 -0.16219462 -0.35817295 0.06423599 0.17085578 -0.013293572 0.18939959 -0.03758988 -0.17457853 0.29295582 0.06594393 -0.35555118 0.082110874 -0.19130439 -0.11821922 -0.3011507 -0.15310016 -0.23460382 -0.46800867 -0.23207252 -0.20997614 -0.3244663 -0.14715905 -0.19397937 -0.028848916 0.60455495 -0.27259365 0.19937506 0.26550418 -0.02089366 0.28036597 0.2188504 0.052096732 -0.029228777 0.31211886 0.06720832 -0.06012732 0.1887726 -0.25156966 0.08063865 0.37219653 -0.1842911 -0.1750225 -0.117862776 0.07258751 0.08758492 0.075680025 0.014672283 -0.15343972 -0.12717755 0.27837646 -0.14685717 0.10627489 -0.08664317 0.09833169 0.28524047 -0.29391634 0.18443418 -0.25088447 -0.2097064 0.53401893 0.12276778 -0.07854787 -0.47649404 0.3403885 0.15621364 -0.098289706 -0.025689378 -0.14757201 0.11382831
MLI -0.08006938 0.046825442 0.0708788 0.17751738 0.24856217 -0.27960187 -0.2308362 0.042993896 0.091943 -0.032013953 0.23951313 -0.2522402 -0.092539884 0.1367382 -0.21910378 0.040109277 0.12487263 0.04962045 -0.26545432 -0.006766348 -0.10480551 0.1524563 -0.15309338 -0.42399105 0.22688901 0.10749775 -0.07496372 -0.0927194 -0.37324017 0.25456297 -0.17393404 0.21196273 -0.19214971 -0.071250804 -0.19730903 0.30457973 0.057217915 -0.2713013 -0.17985111 -0.06941071 -0.07639298 -0.03406814 0.2951537 -0.31087008 0.05685332 -0.09182253 -0.34646577 -0.072245315 0.2676883 0.03995437 0.097758576 0.11980881 0.21666604 0.035582896 -0.37031245 -0.045964066 0.033376444 0.08048902 -0.067070544 0.19299847 0.15917297 0.16873494 -0.10879966 -0.012007626 0.029148564 0.2126386 0.12396883 0.2990434 -0.2831887 -0.14228989 0.052646082 -0.24503656 -0.43252555 -0.061420333 0.070331134 -0.2334204 -0.13743466 -0.011589856 -0.18758988 0.026392795 -0.3112766 -0.40488523 0.34945267 0.24276921 -0.08802369 0.07263216 0.082551084 0.08650561 -0.10957592 0.05010808 0.28210452 -0.11337763 -0.09438234 -0.14323676 0.16686724 0.5014036 -0.20700859 -0.19106919 -0.094202094 -0.17668942 0.22082923 -0.05413972 -0.21307527 0.36845428 0.17268367 -0.2259011 0.011201969 0.14637788 0.14682154 0.10853937 0.13601054 0.01721609 0.11891312 0.3300361 -0.47691032 0.029105268 -0.24782881 0.010939358 0.20275815 -0.12221319 -0.16683887 0.04342705 0.2487431 -0.18656775 0.3277803 0.1563938 0.17450577 0.19829917
COK 0.011697662 -0.3001103 -0.1862738 0.08733186 0.43071368 -0.14454865 -0.026456146 0.11557409 -0.030079637 0.21483521 0.075043544 -0.015957367 -0.199631 -0.12242522 0.43278137 0.2766802 -0.122299366 -0.33151492 -0.09395624 0.27131116 -0.091486596 0.16313438 -0.05058043 -0.33283028 -0.34347644 0.5352667 -0.07816103 0.18811098 0.10772427 0.0755741 -0.37457043 -0.07103373 0.07217463 0.23018427 -0.19025765 0.06904569 0.019850869 0.10627397 -0.33781734 0.18938324 -0.3551075 0.20080915 -0.22195993 0.22781317 0.23729748 0.13437453 -0.30739164 0.22751954 -0.04782895 0.26437664 -0.18115352 0.3879355 0.30683076 -0.009577614 -0.2249639 -0.2237772 0.40781885 0.14515877 -0.23959462 -0.06420486 -0.21850578 -0.0053437273 0.22562747 -0.09791444 0.065399684 0.021188522 -0.09741774 0.12101826 -0.0237886 -0.28597683 0.120011166 -0.2033519 -0.015045846 -0.23500417 -0.1535319 -0.20593865 -0.4119076 -0.1566399 -0.19374794 -0.21932438 -0.042091686 -0.045312908 -0.13118145 0.44338906 -0.19567242 0.13103376 0.19855267 -0.040725213 0.15213077 0.15755723 0.012903946 0.028938696 0.28466406 0.13684891 -0.054334693 0.14904992 -0.1845928 0.080472425 0.15867808 -0.0996815 -0.16094795 -0.0709701 0.1402617 0.053782262 0.058690153 -0.020198042 -0.09877239 -0.1496973 0.14046744 -0.15109581 0.050835524 -0.08647166 0.035113666 0.14798947 -0.23052709 0.07404582 -0.18091567 -0.21023142 0.28631178 0.07181151 -0.021545582 -0.3505648 0.24422765 0.031968158 0.012899165 -0.021151364 -0.22176851 0.11054304
NPL -0.17554219 -0.07834657 0.08883765 0.17532608 -0.18575422 -0.3290391 -0.039459888 0.062297232 -0.22029151 0.17784381 0.23302276 0.1835005 -0.27893808 -0.29496384 0.16189623 0.1179867 -0.24379125 -0.11445905 -0.0768904 -0.05364207 -0.11297285 0.13428508 -0.12853616 -0.037299056 0.13276617 0.18133599 0.15235658 0.12673067 0.27815196 -0.124811105 -0.25306904 -0.18209401 0.022294689 0.113704234 -0.026318332 0.032306686 0.0061643803 -0.15371457 0.23503062 -0.011869234 0.13477424 0.05602199 -0.076056264 -0.108866096 0.08625814 0.3786535 -0.3027356 0.010025065 0.07249181 0.15705313 -0.22139777 0.13308172 0.057752047 -0.14555635 0.015261493 0.05405446 0.21708634 0.025597041 -0.19914165 -0.050951604 0.045382366 0.08340608 -0.065099776 0.21602777 0.16774637 -0.25628933 0.06376766 0.21221773 -0.10195368 -0.12843814 -0.18868722 -0.1801668 -0.2514398 -0.26533112 0.0019915875 0.23496664 -0.08317001 0.20115764 0.20926274 0.4310382 -0.15563309 -0.034596454 0.31300586 0.3249942 -0.07651427 0.35683185 0.017092384 -0.13902934 0.08920662 0.1874858 0.023913084 0.059837162 0.21795295 -0.0017670055 -0.016281892 0.07798759 -0.37411955 0.0015388443 0.072763644 -0.18824051 -0.29435086 -0.0057738083 -0.21314962 0.073774666 0.03923735 -0.10703398 0.23911919 0.031559136 0.12792529 -0.33960015 0.25610203 -0.041892175 0.1145668 0.26320827 -0.06307356 -0.3086859 -0.10034909 -0.16664296 0.19679388 0.053735096 -0.20476693 -0.013952094 0.1652491 0.2016621 -0.11778375 0.021672107 0.21836396 -0.34437388
