118 128
SAU 0.047423713 -0.2467035 0.17070092 0.10063738 0.096910626 -0.10793136 -0.04813364 -0.0030883166 -0.048422445 -0.0922107 0.06507769 0.06173812 -0.20625682 -0.018649565 0.10751324 0.14627558 -0.119360805 0.08578717 -0.11550901 0.20006678 0.20873435 0.15389937 0.051643513 -0.18354598 -0.06466998 0.03269991 -0.110000975 -0.0058854907 0.05544509 -0.10350069 -0.045993194 -0.004436634 0.08117591 0.050616257 -0.0069794506 -0.09196126 0.11767955 -0.056655813 0.066942394 0.03038545 -0.16398259 0.04511066 0.0022577196 -0.072931565 0.14417772 0.15020894 -0.09321521 0.04147704 -0.051754642 0.14666936 -0.093732454 0.10764865 0.15892787 0.09433769 0.009203897 0.11414825 0.2741373 -0.052071176 0.026387326 0.006514656 0.097834684 -0.063371584 0.01542618 -0.025471263 0.03335659 0.09481815 0.050171357 0.16297828 -0.0653912 -0.029511917 0.17736022 -0.018471718 -0.24435017 -0.14902262 0.007883709 -0.1203191 -0.21207808 0.07956714 -0.07304006 -0.023746727 0.012922009 -0.18622716 0.09910617 0.45834473 0.049328063 0.18087116 0.27772784 -0.036008757 0.17873669 0.29637176 0.07326254 -0.15774198 0.017525798 -0.021948151 0.26442522 -0.05299172 -0.08327002 -0.12114548 -0.09022831 -0.0014582771 -0.098201945 0.053534415 -0.13891983 -0.061408397 0.05236695 0.054089025 0.028647367 0.048764043 0.10276832 -0.1447966 0.08446841 -0.021829585 0.089567125 -0.08017572 0.06181585 -0.06430857 0.085076325 0.09249378 -0.043187026 -0.030052295 -0.03736506 -0.06325451 0.036315765 -0.044713307 -0.14230844 0.014157671 -0.062045146 0.11687794
VEN 0.27546993 -0.22039884 0.22865856 0.23913552 0.16464429 0.29331475 -0.28578165 0.10113568 0.26568902 0.037181314 -0.14698565 0.07843633 -0.4121351 -0.12834683 -0.09127027 0.14773458 -0.3065779 0.16206671 0.13083589 0.18456559 0.092697 0.20067409 0.29982126 -0.43842113 -0.23844416 0.0832062 0.22428873 0.15777496 0.15006967 0.22383592 -0.14194033 -0.17495917 -0.35278 0.06401789 -0.05556243 -0.5898343 0.043897964 0.096070126 0.012379956 -0.1213802 0.04474964 -0.077756695 0.020396603 -0.19528483 0.30519873 0.31146947 -0.2864217 -0.05925597 -0.13868725 0.09869522 0.08353604 -0.15303914 -0.13938394 0.050022494 0.06556923 0.057319753 0.27468285 -0.12938386 -0.1096073 -0.34313762 -0.076481916 -0.12923297 0.18736771 -0.16838457 0.011447405 -0.12572967 -0.10740903 0.17461424 -0.21338071 0.10182103 -0.07010171 0.20731924 -0.24903113 -0.032689355 -0.22756307 0.0879331 -0.090367325 0.2559598 -0.13969648 0.01257712 0.1213636 0.0523928 -0.062466606 0.11873656 0.4176193 -0.04337923 0.33667985 0.114085406 0.047955126 0.28196412 -0.13621964 -0.21987265 0.0142715955 -0.3062165 0.15752506 -0.114393175 0.18703821 -0.1817645 0.10971173 -0.24934088 0.2382312 0.063872084 0.027124036 -0.11386705 -0.0012266067 -0.1602147 -0.1254227 -0.06946442 0.003494021 -0.15411481 0.06968004 -0.12144593 -0.00662923 -0.1251972 0.053046707 0.26802745 0.043384567 0.13377392 0.07679982 -0.20147824 -0.0834281 0.1710665 0.29418588 0.058880694 -0.11296412 -0.07983494 -0.11646613 -0.22855447
GBR -0.13523763 -0.26126978 0.10180251 0.122411355 0.095582366 -0.035164937 0.13115777 -0.03625201 -0.097345114 0.114534214 0.12752777 0.10338623 -0.17193995 -0.15328375 -0.060598962 0.06591673 0.17611928 0.11904283 0.08526994 -0.023121135 0.010411007 0.04752936 -0.09103153 -0.13466008 -0.07491856 -0.14226702 -0.24367185 0.09049281 -0.0652558 -0.047894243 -0.097648285 -0.07531933 0.18870252 0.14875276 -0.09479566 -0.18681817 0.116250075 -0.09684749 0.108215615 0.039229333 -0.038293038 -0.06950225 0.1062491 -0.2695444 0.056870222 0.15464461 -0.015848273 0.07374782 0.026010513 0.23564789 -0.006834898 0.08233801 0.100382365 0.012359928 -0.041055582 0.01868058 0.2541458 -0.2884276 0.0538046 -0.094722085 0.018849442 -0.010457926 0.07220121 0.025902314 0.17866758 0.067154005 0.078505725 0.28764609 -0.07246344 -0.012402011 0.07033281 0.04305571 -0.3981778 -0.16256618 -0.22560354 -0.17516626 -0.30853853 0.103493534 -0.12599577 0.12094233 0.19752136 -0.0047920644 0.050243426 0.30936408 0.1960987 0.04144714 0.11680193 -0.17132823 0.3074306 0.19892856 0.09283397 -0.25483787 -0.12274077 -0.1418314 -0.07072478 -0.1648729 0.009983139 -0.036912672 0.055406995 -0.30891445 0.033117656 0.03847361 -0.15259586 -0.094239846 0.06657436 0.15954308 -0.017519074 -0.13658234 0.12156325 -0.2291703 0.11420403 -0.124022186 0.047686916 -0.17641202 -0.048148878 -0.17391792 -0.059518833 -0.091485694 -0.008651097 -0.21661803 -0.2139659 -0.0921418 0.103360936 0.2133784 -0.2507823 0.071835026 -0.013232368 0.04968129
RUS 0.03081868 -0.22061338 0.07934772 0.025756387 0.05044995 0.06469306 -0.098279364 0.033702943 -0.014151716 -0.13250978 -0.093693465 0.1848601 -0.17527041 -0.091248065 0.0027894545 0.0152025465 0.16717936 -0.18852766 -0.052309547 0.118459225 -0.01716183 0.029587928 -0.048432693 -0.14102687 0.18386576 0.07478279 -0.13093552 0.09651915 -0.025951654 -0.093212314 -0.10862029 0.07415245 -0.16760805 0.21355693 0.2507769 -0.1762518 -0.05533914 -0.29380572 0.22518234 0.2757114 -0.25593522 0.05028296 0.15676191 -0.053048566 0.094347425 0.0482005 0.02897515 0.14324558 -0.02981482 0.12866013 0.048758045 -0.012637695 -0.055292625 0.0025518616 -0.0069259894 0.0514671 0.32340658 -0.19545405 -0.12564169 0.022855088 -0.048090104 -0.17517097 0.12600885 -0.04123889 -0.020286955 -0.01284946 0.13453521 0.28208274 0.21360682 -0.3098716 -0.01371557 -0.11686866 -0.44278568 -0.26562333 -0.24296364 -0.31139642 -0.14260003 -0.047128066 -0.17120123 0.121586405 0.16846389 0.037081372 0.3684752 0.35407433 -0.13151786 0.36000752 0.16093452 0.072139025 0.2509858 0.16497593 0.22100657 -0.4870695 -0.12640336 -0.07745624 0.14066978 -0.26384455 -0.0097384015 0.03818023 -0.040505767 -0.18676135 0.15815446 -0.033044197 -0.121900044 0.17054902 0.059904806 -0.06669149 0.06270561 -0.093850374 0.053575773 -0.13318668 -0.15412767 -0.21289165 0.21984924 -0.025640352 -0.22264713 -0.06836348 0.085441686 -0.16760549 -0.0067724814 -0.17844585 -0.1600219 -0.16025662 -0.008601306 0.33228582 -0.21132727 0.06367811 -0.18214443 -0.046939217
NOR -0.017905487 -0.18570292 0.080091484 -0.050970867 -0.042132504 0.050863776 -0.10094555 -0.21514925 -0.02523488 -0.06341813 -0.1409674 0.14184755 -0.24899103 0.010446602 0.072058424 0.07564903 0.15920696 0.17033355 0.16383226 0.12176827 0.061033092 0.07526713 0.021033142 -0.17720702 -0.08636858 0.11217041 -0.07662977 0.031663604 0.11782308 -0.115761645 -0.13590375 0.022085108 0.018390344 0.16422573 0.049509324 -0.1060268 0.010245809 -0.08899028 -0.0073197884 0.19360416 -0.08457417 -0.103794396 0.08651605 -0.12618864 0.076545894 0.10676084 0.031729154 0.004159536 0.0910864 0.1434006 -0.042675655 0.06274004 0.23589809 0.09830797 0.0073588123 0.07139739 0.29072788 -0.036273595 -0.0035301414 -0.20908834 0.20156038 -0.032058723 0.061451927 0.072361976 0.06284447 0.05711233 0.038997598 0.36008188 0.07440478 -0.10697401 0.26677427 -0.0629779 -0.33799675 -0.16904342 -0.10160403 -0.111043595 -0.27730927 0.02141246 0.03738827 0.07421378 0.21139693 -0.11467684 0.026582036 0.37208253 0.048740406 0.14687854 0.18246976 -0.08301555 0.14139283 0.0961005 0.031256393 -0.12190044 -0.013461854 0.007245902 0.1164223 -0.030791454 -0.07964902 -0.12015697 -0.07140332 -0.3099328 0.10773933 0.13517539 0.0051276605 0.073094256 -0.0021060589 0.16515443 0.050426167 -0.23507375 0.11928532 -0.100981295 0.07667095 -0.105564624 0.03344886 -0.088328116 -0.16872577 -0.18116413 0.07051209 -0.09497308 0.04336836 -0.08511476 -0.081930585 -0.09771465 0.20871867 0.1571955 -0.2590106 0.021299172 -0.163441 0.070540674
IRN 0.08876446 -0.15550742 0.18003705 -0.0058204127 0.16471459 -0.07182966 -0.13485502 -0.04886506 -0.016285772 -0.12151458 0.07806666 0.0061069992 -0.01986604 -0.05928682 0.06044038 0.04810413 -0.18170805 0.0824572 -0.21070021 0.22657533 0.300014 0.13359919 0.077837005 -0.14920159 -0.0041132183 0.1705507 -0.0852406 -0.10556727 0.043798424 -0.1849161 0.038968917 0.08304682 0.04338633 0.009543799 0.07582619 0.064647675 0.047351807 -0.11835141 0.03681683 0.07885048 -0.1785432 0.18589653 -0.049287464 -0.07886878 0.133103 0.09605448 0.0101067545 -0.013622564 -0.091317825 0.017720236 -0.07808393 0.1450105 0.15650783 0.2942977 0.030923242 0.08513061 0.31339914 0.013562925 0.035297737 -0.015239851 0.26179898 -0.20024663 0.07969313 0.036679663 0.02463298 0.106641 0.14235137 0.16440664 -0.07832465 -0.1747493 0.09728921 -0.1965736 -0.19874749 -0.13519831 0.12543997 -0.19352365 -0.19318818 0.11788024 -0.18452579 -0.030042605 -0.012249801 -0.18670452 0.22682257 0.39860928 0.019864753 0.21219231 0.28574035 -0.0055196965 0.2040302 0.3977735 -0.0214011 -0.13879125 0.07798618 -0.04969495 0.33128753 -0.14469102 -0.023903614 -0.12585592 -0.20372052 -0.06732886 -0.115441084 0.0040948507 -0.1849011 -0.072037846 0.08570245 -0.019466287 -0.104407325 0.033388995 0.25616056 -0.23776792 0.086304344 -0.062211204 0.18761447 -0.14711255 0.09073995 -0.016355878 0.05829682 -0.0073733134 -0.07673664 0.059890956 -0.047093112 -0.039378263 0.051944315 -0.021964578 -0.081041 -0.10177986 -0.050229445 -0.019913282
ARE 0.10603096 -0.19914392 0.23915711 0.152211 0.2163667 -0.063881405 -0.059145194 0.12762342 -0.040679183 -0.123000816 0.17832288 0.019083127 -0.035532903 -0.18631549 0.14056131 0.090065114 -0.1773388 0.1075449 -0.1260817 0.2759199 0.25083786 0.25192168 -0.060974132 0.017963788 -0.14213063 -0.045726307 -0.15549086 -0.0103402175 -0.01889843 -0.044694565 0.05992123 0.05386713 -0.022590281 0.03666544 0.0653307 0.0029733095 0.0903559 -0.05134018 0.16529213 0.033337295 -0.28050193 0.1443688 -0.027265681 0.02465866 0.24324326 0.06596052 0.008349562 0.11292422 -0.15065838 0.12237936 -0.07784422 0.08733186 0.050637424 0.17873877 0.06223001 0.1125507 0.33023202 -0.062161427 0.08077338 -0.0030741259 0.08548409 -0.20177086 0.10943405 -0.063510455 0.17290168 -0.0028934751 0.05883076 0.1561794 -0.121376455 0.009064575 0.04972557 -0.15554412 -0.2385985 -0.06925879 -0.015491307 -0.10453921 -0.08182795 0.08082298 -0.13962342 0.09676902 -0.038975004 -0.17717329 0.11905532 0.5140713 0.0075164293 0.15412366 0.3355631 -0.09710255 0.24337757 0.36828437 0.111865446 -0.28395158 -0.10043652 -0.06453643 0.2885218 -0.10972071 -0.12194996 -0.007283312 -0.25315076 0.12858546 -0.17432505 0.09784023 -0.29238266 -0.07262584 0.10075555 0.099713996 0.042977985 0.1395648 0.009488361 -0.24839376 0.06142094 -0.17713958 0.1087929 -0.057385452 0.104181275 -0.10662261 0.096157864 0.10371802 -0.06900113 -0.10831755 -0.04758563 -0.054428514 -0.104109 -0.06572454 -0.09449408 0.067085735 -0.106251575 0.16830514
DZA 0.124381244 -0.25799337 0.18873192 0.031093432 0.03735709 0.027049348 -0.28318456 -0.114672296 -0.0643681 -0.19094187 -0.2160809 0.30941683 -0.30962723 -0.08085075 0.111987054 0.23129866 -0.18182713 -0.017996412 -0.08541431 0.34936717 0.20419104 0.13924044 0.058921598 -0.28160822 0.12757348 0.2137648 0.02505233 0.04035515 0.16310763 -0.12925826 -0.14926225 0.07775398 -0.034413673 0.02984033 0.12310198 -0.02893796 -0.0013523839 -0.07142273 0.1418764 0.13399212 -0.20963025 0.07458674 0.03202049 -0.06313025 0.23866504 0.26055995 -0.06760482 0.04980318 0.04683336 0.12479656 -0.0009780105 0.19070207 0.060908597 0.097398974 -0.015563416 0.2599885 0.22878577 0.15400746 0.03589199 -0.15068208 0.066542394 -0.081519864 0.10452151 0.059958644 -0.094713844 0.0647105 0.20617484 0.28481486 0.029074702 -0.16799097 0.18119507 -0.14757861 -0.22305614 -0.14832291 -0.06261114 -0.031961206 -0.31108293 -0.09661271 0.0388406 -0.019479485 0.13091622 0.03752258 0.2247378 0.26055107 -0.082318544 0.28833964 0.20121555 0.121485926 0.13338515 -0.039715026 0.050687402 -0.18314363 0.14485867 0.030064564 0.07651328 0.021200754 0.08990369 0.019238073 0.035576276 -0.3312957 0.06353004 0.15120482 0.024506584 0.22469568 0.1362478 -0.024716081 0.052522678 -0.17710578 0.11640805 -0.045470063 0.05039979 0.02557782 0.045734663 -0.1808004 -0.09671661 -0.14405723 0.08559331 -0.11715431 -0.020228447 0.029032875 0.013780567 -0.019791475 0.16251728 0.07929201 -0.23823681 0.03159755 -0.06302191 -0.17418161
EGY 0.059151955 -0.29870147 0.18042126 0.13153036 0.27615297 0.052383494 -0.1163781 -0.13454765 0.049575333 0.038475294 -0.18052138 0.16663654 -0.23834668 -0.08683249 0.12606992 0.11083539 -0.061662205 0.058826186 -0.12369999 0.2834255 0.27917385 0.13428074 -0.05848815 -0.15914248 -0.15105717 0.114854194 -0.05290047 -0.01300028 0.09301195 -0.04341605 -0.08468815 -0.009323775 -0.13917524 0.043245 0.062062334 -0.20819949 -0.20857412 -0.008624495 0.02443323 0.18989372 -0.20902881 0.014888081 -0.060718983 -0.087552816 0.18318133 0.2773524 -0.13143338 0.16106986 0.09345947 0.019581098 -0.20672168 0.18787749 0.29004604 0.26266608 0.035691578 0.20405732 0.20299228 0.1314639 0.09313205 -0.036442794 0.2770521 -0.085594885 0.110442765 0.3251909 0.04185189 -0.06278202 -0.05715185 0.1716441 -0.047333088 0.09089832 0.028364971 -0.16786072 0.0032851906 0.030399607 0.048189744 -0.14754318 -0.15272011 0.107398175 -0.079714514 0.016821146 -0.07857544 -0.039463967 0.07860265 0.40720353 0.078641236 0.15569189 0.27107695 0.09562396 0.18474391 0.15502796 0.054911304 -0.22516207 -0.036646727 0.0738749 0.03740798 -0.166315 0.1355188 -0.11426411 0.002066619 -0.23572706 0.020368751 -0.009327174 -0.021759039 0.017336646 -0.06157739 0.1487485 -0.089918226 -0.11859914 0.20117068 -0.065227486 0.15764074 0.044248335 0.033779517 -0.056519154 -0.044354636 -0.19773743 -0.07928168 -0.122799985 0.008043481 -0.010687094 0.027967025 0.04119301 0.3307674 0.14496204 -0.33653167 0.051381703 -0.009675208 -0.11700542
USA 0.22428732 -0.264109 0.1150592 0.29884014 0.12953588 0.16438101 -0.1270169 0.060230006 0.093004614 -0.121104345 0.012271357 0.041731317 -0.29322594 -0.14210309 0.059271984 0.29759777 -0.29619884 0.09362643 0.052641124 0.17576867 0.062977865 0.2498015 0.08320283 -0.30498007 -0.08410146 0.051962093 1.8185005e-05 0.040896315 0.09224794 0.17662749 -0.106036834 -0.0916215 -0.017181369 0.08494662 -0.0026434336 -0.3215571 0.24708413 0.047397837 0.05784141 -0.07389582 -0.04718191 -0.018093375 0.12541704 -0.09625105 0.25362492 0.16860737 -0.23348813 -0.08344463 -0.085095495 0.12840487 0.1331124 -0.03651006 0.052416846 -0.069841035 0.04535071 0.13329999 0.26163888 -0.11603596 -0.06683263 -0.16042148 -0.158607 -0.08733973 0.05487551 -0.20437169 -0.069469914 0.052044 -0.004456301 0.071726024 -0.12177978 -0.0016912654 0.021300253 0.07735892 -0.2932134 -0.06151686 -0.12290345 0.028618194 -0.13432428 0.18198395 -0.09633757 -0.0041131964 0.10956125 -0.04343678 0.011681644 0.1417575 0.23249091 -0.061022896 0.24396907 0.18553326 0.07472715 0.21658391 0.049131244 -0.19611365 0.0664538 -0.20676258 0.23313974 -0.0014058698 0.034866825 -0.018736577 0.021189611 -0.13344745 0.16680646 0.031323522 -0.04515137 -0.06691119 0.13504066 -0.059690394 -0.06622533 0.10272274 -0.013738471 -0.11207693 0.18261662 -0.06881164 -0.015263998 -0.09663801 0.09625959 0.07558573 -0.055755213 0.06845035 -0.015008156 -0.076390706 -0.050977796 0.019297354 -0.0065792934 -0.025766395 0.0023404844 -0.0063349376 -0.031582203 -0.05218686
MYS 0.3065862 -0.259926 0.18107983 0.310789 0.2026733 0.17523426 -0.06110606 -0.009127926 -0.06981393 -0.3391666 0.08997035 -0.019983666 -0.12280822 -0.30037 0.15402754 0.27889758 -0.30187336 0.3104662 0.15498069 0.28819126 0.20965588 0.41934127 0.055927236 -0.13658935 -0.04102634 -0.060578093 -0.15683027 0.016800331 0.019926593 0.08550218 0.094096966 -0.032305986 -0.024658114 0.014246634 0.090432815 -0.19824916 0.21433987 0.008989315 0.049900178 0.026477914 -0.057270903 0.07818714 0.1604847 -0.09002208 0.2263071 0.06357529 -0.016606105 0.011766393 -0.157774 0.15179001 -0.0057281437 0.015851757 0.13228631 -0.029354893 0.08041968 0.14192599 0.23808935 -0.055389322 0.024417447 -0.1395986 -0.036065113 -0.19579723 0.09512035 -0.2036742 0.01932798 -0.02139015 0.06557963 0.012177976 -0.08090765 0.057480685 -0.0448076 -0.09366854 -0.30871806 0.031764053 -0.12638503 -0.044008534 0.08105695 0.20705107 -0.070122294 0.14714415 0.15694709 -0.16610159 -0.012368962 0.2825848 0.19439736 0.017194921 0.20563182 0.077760115 0.023354394 0.26410392 0.055364452 -0.14714682 -0.027392572 0.025625614 0.24192505 0.069184676 -0.12936716 0.06350307 -0.17542212 3.1038246e-05 -0.02667848 0.019151026 -0.1608153 -0.004282525 0.16102378 0.032678153 0.031489264 0.12682146 -0.080590375 -0.14648615 0.14603442 -0.14796832 0.05961282 -0.081130505 0.018219499 -0.12429273 0.14503716 -0.012717708 -0.05922085 -0.14540638 -0.17410094 -0.03978193 -0.1601025 -0.06733856 0.03961934 -0.008700845 -0.24616401 0.1304703
IDN 0.3343541 -0.3056339 0.15393317 0.1376409 0.1438302 0.15619828 -0.14463471 -0.010407905 -0.022495946 -0.2928488 -0.016565204 -0.03888657 -0.08917105 -0.06885581 0.101344496 0.13766788 -0.2413171 0.28610942 0.09572302 0.25401488 0.2870362 0.21910499 0.14570169 -0.033255868 -0.043734018 0.089986704 -0.05558825 -0.09736856 -0.056735165 -0.0073556416 0.1722394 -0.07273027 0.08233859 0.0007236273 -0.0030493126 -0.18350115 0.17543122 -0.0983908 -0.019571425 0.034805406 -0.052362897 0.060090397 0.058345903 -0.11264981 0.117362455 0.059429437 -0.0063754963 -0.0008190352 -0.08837886 0.06808865 -0.12977758 0.089314915 0.22951132 0.14224021 0.05822314 0.052533768 0.31279367 0.04287491 0.03977895 -0.15968499 0.16757496 -0.26957312 0.07158284 -0.063301474 0.0328565 -0.02661524 0.066587865 0.026494773 -0.07004348 -0.059832055 -0.016465861 -0.11920875 -0.17115097 0.041280888 -0.06266796 -0.12580997 -0.067374684 0.1715239 -0.06307635 0.13863617 0.1568731 -0.28944433 0.13552615 0.40139532 0.13614795 0.13102728 0.3354455 0.11139582 0.13761269 0.37064782 0.079746 -0.069869444 0.06888333 0.107252106 0.25918567 -0.018356811 -0.15453358 -0.0475802 -0.20001563 -0.10391679 -0.06629791 0.056312505 -0.19232808 -0.04112855 0.052197874 -0.04316367 -0.03847321 0.101282746 0.100884296 -0.1220521 0.08714227 -0.13528134 0.1014469 -0.0035969988 -0.0554869 -0.06706465 0.1376883 0.063593484 0.06081823 -0.06283303 -0.19261168 -0.11387815 -0.0026041185 -0.065502256 -0.108612165 -0.07627733 -0.16190998 0.06546036
LBY 0.035422575 -0.49484664 0.10440193 0.2668722 0.24231182 -0.12592074 -0.027651668 -0.03185487 -0.07734347 -0.0542573 -0.024631446 0.19383147 -0.19994898 -0.10578788 0.13447572 0.24529397 -0.07263149 -0.050827008 -0.2213465 0.13038671 0.17746212 0.010336157 -0.13427705 -0.15572748 0.0974927 0.03513817 -0.21313743 -0.053529065 0.019319009 -0.09940459 -0.105723575 0.0062185987 0.20480578 0.082170166 -0.03402697 -0.11535908 0.07663708 -0.1114757 0.13628703 0.060468495 -0.16741338 0.11972762 0.0070356033 -0.08339248 0.15602607 0.24193797 -0.16998531 0.123466454 0.0136799645 0.12812705 -0.127162 0.21974236 0.26736873 0.13134174 -0.008781719 0.18654083 0.2181006 0.026279394 0.049106274 0.123731636 0.13153082 -0.10336548 0.046224274 0.22680418 -0.059911676 0.10577829 0.048960786 0.109492555 -0.0659086 -0.11653961 0.040781986 -0.12698065 -0.112271704 -0.10896595 -0.0077160047 -0.21015124 -0.34183055 0.037877563 -0.16861641 -0.049452342 -0.09350106 -0.08484357 0.3004366 0.41499692 -0.010980536 0.26838157 0.279652 0.1433787 0.39570794 0.24228126 0.17207018 -0.3168081 0.05080417 0.0018440105 0.11290107 -0.20039943 0.12405127 -0.046000697 0.01698717 -0.23644565 0.012020328 -0.029872082 -0.11585428 -0.0009737655 0.07679895 0.039427232 -0.07833448 0.0612305 0.29481822 -0.074046016 0.11558706 0.07123385 0.12062761 -0.113407366 -0.047977343 -0.19903259 -0.1297883 -0.005633155 -0.051360544 -0.021393722 -0.047275748 -0.13522297 0.09578038 0.10260099 -0.3267763 0.11850983 0.1623176 -0.10709505
COL 0.09821639 -0.15171283 0.16776066 0.3608118 0.119119994 0.4193343 -0.14339302 -0.0048032915 0.20678812 0.17287078 -0.15281466 0.059022125 -0.18133791 -0.28813824 -0.092265025 0.18102145 -0.066622145 0.2291714 0.25053442 0.20160104 -0.12380935 0.21688883 0.01966015 -0.4027572 -0.41206163 0.03415881 0.0054113944 0.16406634 0.068947524 0.28000852 -0.18915476 0.026270254 -0.11316762 0.1698818 -0.20280768 -0.4090127 0.16730179 0.09418994 -0.1286628 -0.08092894 -0.07859702 -0.18412653 0.14069554 -0.09837874 0.30563557 0.108969085 -0.18568814 -0.12171842 0.033069685 0.158524 0.23976932 -0.08514919 -0.006162594 -0.015503469 -0.011977509 0.07363937 0.33450606 -0.14543122 -0.028465558 -0.48122883 -0.13324429 -0.056422103 0.23315656 -0.17247216 0.12007843 -0.04502562 -0.03788976 0.19209066 -0.19284968 -0.0021964298 -0.021017766 0.09466629 -0.44702172 0.00070134527 -0.17417353 0.14857168 -0.14420277 0.1806384 -0.08901268 0.14715269 0.26011625 0.03462792 -0.08363199 0.016439542 0.38407615 -0.22509104 0.2713314 0.04192929 0.1524066 0.008888437 -0.050982818 -0.28693953 -0.094537675 -0.42472172 0.114519864 -0.008446303 0.2059628 -0.016115619 0.0058007995 -0.36450672 0.37656984 0.08076096 0.0048802043 -0.03150069 0.12012294 0.045277346 -0.15415803 -0.12302165 0.082534924 -0.10326756 0.23140864 -0.260295 -0.0061127506 -0.15944964 0.042992372 0.07928521 -0.12593137 0.058662705 0.048828863 -0.19678462 -0.070000276 0.051724963 0.19953915 0.056759406 -0.054413136 0.0031921652 0.04683599 -0.15210989
ARG 0.10623653 -0.15431887 0.22469433 0.1135211 0.07353524 -0.090941414 -0.24338539 -0.16272222 -0.009696824 -0.14460137 -0.10997682 0.20307581 -0.093887225 -0.26385915 -0.10715942 0.28815106 -0.30376366 0.110181645 -0.17771295 0.26599866 0.15943556 0.26538378 0.19988495 -0.4281651 0.19706608 0.122351006 0.08012912 0.115796775 0.15584615 -0.15829216 -0.20158374 0.026450898 0.19958927 0.06259596 -0.055452377 0.1658198 0.028964423 -0.012598148 0.15267567 -0.0031946644 -0.23343173 0.09827309 -0.028100416 -0.25432894 0.055751394 0.25028288 0.0603064 -0.040775448 -0.06552858 0.1853482 0.049094975 0.2725877 0.0018431981 0.062868536 -0.1622422 0.28954908 0.40359694 -0.05337376 0.020140242 -0.3610229 0.03908433 0.0025673886 0.16514885 -0.06223076 -0.051147178 0.2411741 0.3398697 0.37272757 -0.036738392 -0.13948153 0.31201613 -0.011623311 -0.37809536 -0.22391824 -0.029641636 0.09755352 -0.27934122 0.06197654 0.047575757 -0.057213265 0.24453378 0.034902457 0.17999023 0.22295007 0.02733953 0.273171 0.11320747 -0.14768597 0.0330801 0.06757068 -0.12473972 -0.11065351 0.24583541 -0.12032871 0.1486386 -0.011889766 0.116015226 0.005476819 0.15528364 -0.4041548 -0.039407175 0.02366267 0.013532984 0.16708659 0.12683226 -0.023119418 0.003577378 -0.121337175 0.18320128 -0.013948213 0.059359785 0.043763846 -0.015763922 -0.32805422 0.009903102 -0.13150436 0.02883009 -0.16230704 -0.09728217 0.048626937 -0.0541745 -0.06546677 0.15685743 0.03324422 0.0067092283 -0.019851299 -0.08867418 -0.11454058
DEU 0.037593473 -0.23698314 0.092264965 0.06009508 0.038666137 0.12495401 -0.120850705 0.017490003 0.08747937 0.0029173424 -0.012583505 0.112578616 -0.36144033 -0.08325218 -0.15823677 0.08831878 0.07652653 -0.07160325 0.077661216 -0.042137217 -0.07722558 -0.012725262 0.062095635 -0.18537061 0.07232097 -0.015099945 1.7690472e-06 0.12444642 0.01955348 0.019514615 -0.101003826 -0.11287684 -0.06776722 0.111408465 0.09318358 -0.2972631 0.00732642 -0.14209901 0.19638938 0.03591166 -0.024138108 -0.07735767 0.13133135 -0.27303222 0.03739454 0.16126435 -0.11126194 0.018487385 -0.11464422 0.25468367 0.044704974 -0.038275074 -0.08783292 0.010467864 -0.06569933 -0.02528368 0.31454366 -0.33793187 -0.1691222 -0.0846756 -0.14040035 -0.0138310455 0.097188614 -0.11705 -0.0136070065 0.042805832 0.037423227 0.42107883 0.047355663 -0.11427019 0.041368 0.2073501 -0.44775102 -0.23522158 -0.3151679 -0.18800695 -0.23830865 0.043238148 -0.16961682 0.03931504 0.22865833 0.074420445 0.065895855 0.16922683 0.15240552 0.12113703 0.12241333 -0.017978728 0.07426542 0.23697649 0.07832759 -0.3007894 -0.029892342 -0.16193992 0.0686488 -0.21399869 0.07798279 -0.09235543 0.13051578 -0.31572816 0.18362355 -0.05858476 -0.09872043 0.009275206 0.043094132 -0.16447948 0.04441263 -0.14205495 0.04817636 -0.20777364 -0.12600286 -0.1671637 0.119178236 -0.108434916 -0.14045557 0.08257736 0.1592526 -0.05033686 -0.005286714 -0.20955212 -0.16030446 -0.034691814 0.13551185 0.26905307 -0.12390185 -0.052901573 -0.13666572 -0.06701092
MEX 0.26642182 -0.1604352 0.26657042 0.28890842 0.119725585 0.31850332 -0.37814355 0.13523988 0.34025344 0.11136074 -0.16824853 0.08281344 -0.30948398 -0.2726386 -0.21470769 0.14303252 -0.30031186 0.24152875 0.14424506 0.2198851 0.027373042 0.26169878 0.31349793 -0.46649104 -0.29534838 0.06337821 0.22068961 0.20648475 0.13382386 0.2075738 -0.19685511 -0.11440157 -0.28693894 0.08400915 -0.15646277 -0.49567 0.05873968 0.1240417 -0.019767778 -0.20829281 -0.016105885 -0.08036595 -0.02153286 -0.19712459 0.27743158 0.24762996 -0.23192362 -0.10263775 -0.19057103 0.12692375 0.15136333 -0.17133877 -0.27389508 0.06281137 0.022627912 0.07464445 0.3704358 -0.18959649 -0.13302404 -0.49923834 -0.11676948 -0.1496641 0.27832925 -0.23917484 0.088374786 -0.07602506 -0.05419411 0.23474798 -0.2549352 0.020617642 -0.030114355 0.2317775 -0.37516126 -0.13236775 -0.26091826 0.19056559 -0.10160939 0.22102442 -0.14258198 0.012374056 0.26831225 0.114687964 -0.029128585 0.05648313 0.5174088 -0.077860415 0.36746415 0.0038121378 0.08236414 0.3048124 -0.21866725 -0.33825725 -0.0040861825 -0.5451656 0.2704686 -0.17442898 0.24042805 -0.15803112 0.1243492 -0.284251 0.28491083 0.05907733 0.072059415 -0.07170236 -0.0009036383 -0.18538226 -0.084676445 -0.0947751 0.014044838 -0.1521683 -0.03860774 -0.19093807 0.057836447 -0.2023757 0.04207562 0.2851446 0.01360703 0.14692424 0.06104958 -0.26618946 -0.11782075 0.1051201 0.35590178 0.092663184 -0.062386453 -0.06208541 -0.093313016 -0.2911115
FRA -0.074238 -0.4179847 0.20323262 0.18165834 0.12936933 -0.005176655 -0.08531437 -0.26509875 -0.0090692695 -0.023014499 -0.10054811 0.26643053 -0.33863547 -0.11401828 0.25167507 0.22359207 0.07691276 0.17000678 -0.023711275 0.108202115 0.107237935 0.21666494 -0.10389683 -0.19389121 -0.18677372 -0.054040108 -0.13320501 -0.004720773 0.21948497 -0.11526141 -0.11955355 0.022480346 -0.009384354 0.1418873 0.06761282 -0.14409763 0.00021955288 0.04563255 0.07368282 0.26834953 -0.11312895 -0.08858529 -0.021069119 -0.047279827 0.17631364 0.34937766 -0.07671591 0.18129742 0.067857616 0.0053354725 -0.17013937 0.16150112 0.25648892 0.1254773 0.04897446 0.22814132 0.1641861 0.034924187 0.10963276 -0.0835245 0.2211214 -0.05980831 -0.04438898 0.22434734 0.18778484 0.05761532 -0.13941817 0.2833765 -0.09284759 -0.012109699 0.30966893 -0.14086984 -0.29151443 -0.14527059 0.0178491 -0.15712324 -0.28868118 0.082020625 -0.0055377595 -0.066288106 -0.034373935 -0.01857452 -0.07750674 0.35047323 0.053571288 0.17333017 0.057002526 -0.05765279 0.17733762 0.17045313 0.025100714 -0.072067715 -0.04509683 0.008222154 0.10571173 -0.08837653 0.004527842 -0.10144588 -0.07949408 -0.108749405 0.009117593 0.1714764 0.026182618 -0.09764608 -0.018142145 0.28817382 0.06277132 -0.17445394 0.043290116 -0.15552746 0.19857706 0.055008188 0.02616759 -0.06622369 0.077565424 -0.15446663 -0.08710622 -0.07531493 -0.04453818 -0.14366935 0.11217516 -0.05826004 0.23210122 0.12711373 -0.3509325 0.13579494 -0.05434397 0.058087535
NGA 0.09875071 -0.33058077 0.1414345 0.21447976 0.17730992 -0.14696115 -0.20371048 -0.0640619 0.005779091 -0.088889845 0.026427008 0.15279125 -0.17321695 -0.23164208 0.002564493 0.32758164 -0.32517928 0.13065538 -0.24100009 0.21370468 0.19269894 0.2492028 0.1263974 -0.25744805 0.14530332 0.08011452 0.017810788 -0.03093276 0.11775861 -0.14268814 -0.13527735 -0.091206096 0.3552114 0.022615144 -0.15851098 0.12886827 0.1343892 0.0143801635 0.18199936 -0.13357899 -0.18519674 0.09359891 -0.042491544 -0.27193382 0.018005295 0.28156793 -0.1053934 -0.023737207 -0.07182295 0.2005147 -0.07591533 0.2893609 0.12372695 0.10149479 -0.12717213 0.25688428 0.33963025 -0.07229599 0.0507099 -0.15891002 0.09149032 0.011082701 0.042218115 -0.06932801 -0.030369643 0.2746532 0.18090959 0.26479527 -0.1491072 -0.078283705 0.335343 0.060514376 -0.23968299 -0.20174871 0.043143615 0.04548229 -0.36650348 0.08939476 0.0027570296 -0.1360981 0.088158205 -0.07434184 0.1132121 0.34615976 0.084842466 0.19207446 0.21548307 -0.07528628 0.10518515 0.20499577 -0.017970277 -0.10361189 0.29424205 -0.07250304 0.23271103 -0.04750281 0.07607817 -0.107678935 0.14183569 -0.29210502 -0.13325119 -0.022139607 0.004789286 0.02477 0.08882878 -0.09574333 -0.039315484 0.05412898 0.22617641 -0.06674676 0.06689148 0.1216019 0.026554147 -0.2578141 0.061569218 -0.12333194 -0.052766576 0.00024193976 -0.11857883 0.015502925 -0.09480539 -0.11211875 0.17606422 -0.011689666 -0.07845358 0.013412125 0.038644705 -0.059422754
KWT -0.02589021 -0.17883985 0.16049413 0.20720163 0.23088919 0.012180067 0.16623776 -0.17847008 -0.12261912 -0.10621236 0.0054624905 0.036517855 -0.0038674413 -0.26879612 0.11238632 0.11067127 -0.029303966 0.19066712 0.013286932 0.21304719 0.19508652 0.34208134 0.013199001 -0.22592823 -0.024736896 -0.13251121 -0.17379695 0.09356843 0.05004774 -0.046459526 0.00045639585 -0.0090067815 0.025795983 0.11966731 -0.04632075 -0.0946149 -0.037196085 0.06572639 0.08397473 0.15604654 -0.16385695 0.020699833 0.06899633 -0.16038205 0.015339819 0.16052082 0.088295706 0.19562954 0.03274374 0.09140983 -0.17515883 0.17681997 0.19331142 0.054917466 -0.04988582 0.28049058 0.3383003 -0.15186489 0.11643369 -0.20661245 0.12785673 -0.11004562 0.114199996 -0.0006611609 0.17079079 0.032506485 0.08429232 0.15131049 -0.009564916 0.07115361 0.06467609 -0.17791043 -0.3851137 -0.04802095 -0.114096984 -0.12986967 0.007933702 0.19397596 -0.046844326 0.12425049 0.127519 -0.013784401 0.042472973 0.37634447 0.14343153 0.1660069 0.009749932 -0.1446399 0.08161309 0.12073778 0.049492456 -0.2847919 -0.11487681 0.025053829 0.00733593 -0.0984048 -0.010617103 0.11727275 -0.0044027497 -0.10795025 -0.10073116 -0.050173912 -0.0895645 0.06150681 0.043913476 0.2335102 0.016287055 -0.107844025 0.013349365 -0.11783474 0.119820826 -0.032990556 0.029997237 -0.11097823 0.085122675 -0.21983863 0.009955077 -0.20461337 -0.04276538 -0.20258869 -0.15206745 -0.0945839 0.024419742 0.14274834 -0.16442667 0.0690753 -0.20598173 0.086791106
CHN 0.26677486 -0.48019645 0.11936482 0.16038243 0.24911293 0.3992737 -0.06647138 -0.20833786 -0.05717164 -0.24028352 -0.2417981 -0.018555138 -0.23451073 0.07911415 0.3101069 0.056808807 -0.037049394 0.31219006 0.123799495 0.27796125 0.33855447 0.22463131 0.026797468 0.14781012 -0.13192809 0.16912733 0.005054435 -0.054494668 -0.038634196 -0.029332884 0.14396934 -0.11308533 -0.061742466 0.014214747 0.13745955 -0.3361885 -0.044843633 -0.15700744 -0.09828657 0.31111437 -0.06954033 -0.09151424 0.032763116 -0.11001636 0.10232046 0.25886858 0.014886921 0.1776941 0.04057321 0.0098664835 -0.31280297 0.15523407 0.50899845 0.314361 0.10035098 -0.019041792 0.21531054 0.09233998 0.13439934 -0.13923363 0.39942834 -0.26984823 0.103612565 0.24233028 0.027803304 -0.17425022 -0.18989125 0.21284398 0.010085786 0.031371478 -0.015370742 -0.20999709 -0.089295655 0.16650692 0.013810652 -0.2887591 -0.10153207 0.25370097 -0.13475701 0.20215644 0.12795626 -0.2579978 0.011148216 0.4409287 0.09618447 0.08731891 0.35429007 0.24329118 0.13239133 0.33828005 0.21735524 -0.047983196 0.025965292 0.31997585 0.14514028 -0.0047451286 -0.15863357 -0.17111707 -0.29863045 -0.26736334 0.007404675 0.08306435 -0.12722707 -0.074061096 -0.017692784 0.10639056 -0.09114548 0.0013521202 0.19479208 -0.19555566 0.15627901 -0.26134083 0.081266515 0.16122863 -0.11558691 -0.20754692 0.15258272 -0.114759006 0.10183467 -0.12760589 -0.10373455 -0.050782934 0.164873 0.19271703 -0.34130841 -0.11549114 -0.31184703 0.13272132
DNK -0.03663494 -0.077577226 0.10891915 -0.13983364 -0.12621456 -0.012883231 -0.23527308 -0.16504833 0.08211022 -0.06943607 -0.13453616 0.17621814 -0.23264791 -0.02926735 -0.002826231 0.10587527 0.29325914 -0.012274417 0.09159155 0.17312284 -0.069001965 0.04754022 -0.03693599 -0.35665506 -0.011651642 0.09952805 -0.12523901 0.107730836 0.26282385 -0.20173056 -0.26422074 0.17324969 -0.098531306 0.28893638 0.12103795 -0.06718042 -0.04907677 -0.14135332 0.034713123 0.22422254 -0.26413295 -0.16090983 0.18267871 -0.054709304 0.030464364 -0.064959586 0.033127077 -0.072544046 -0.037265513 0.26612782 0.103688255 0.0068344795 -0.0005114823 -0.00955838 -0.095779285 0.09450328 0.46067265 -0.15011129 -0.16625302 -0.14507572 0.0018481752 0.09734694 0.0316552 -0.12995431 0.047561437 0.15231581 0.14784156 0.64658415 0.23992689 -0.2728566 0.41475296 0.10293247 -0.66396284 -0.44283056 -0.16330014 -0.13204467 -0.36473736 -0.113636374 0.012021571 0.03857635 0.2467795 -0.060606934 0.07938317 0.3993703 -0.08774055 0.29416835 0.14443952 -0.22218175 0.02366251 0.015205233 0.0236258 -0.324958 -0.09277878 -0.18400228 0.26382586 -0.05894796 -0.021098612 -0.11229059 -0.06104736 -0.25288227 0.26548272 0.07503124 -0.039519142 0.17545375 0.013556399 0.093154564 0.21811068 -0.26543444 0.07496202 -0.06557317 -0.12502421 -0.15918139 0.12091636 -0.13305423 -0.2943314 -0.090034835 0.25220615 -0.036655743 -0.026165022 -0.09375819 -0.02503622 -0.17723264 0.17715637 0.13531372 -0.1467585 0.14524314 -0.20389561 0.1165404
ITA 0.043408684 -0.35484278 0.111024536 0.16217324 0.25009862 -0.11083656 0.033417776 0.03137959 0.025394669 -0.04260655 0.017232316 0.076380596 -0.177425 -0.077165246 0.10908298 0.12700872 0.07610515 -0.021327358 -0.14676143 0.13643228 0.23492168 0.07478244 -0.10924836 -0.20782767 -0.05027919 0.018028617 -0.19374219 -0.013853883 0.05402177 -0.09075766 -0.09674488 -0.09586606 0.04928362 0.1051669 -0.008779455 -0.21096368 -0.07769775 -0.07486844 0.13572845 0.09199677 -0.17246604 0.009932673 0.03581088 -0.10256433 0.010656349 0.12142824 -0.13231762 0.14037608 -0.05066654 0.12658417 -0.23150264 0.11579399 0.24610656 0.14870368 -0.005192357 0.08097644 0.26672372 -0.12758425 -0.02846392 0.13057318 0.094264664 -0.018334296 0.009725795 0.18329304 0.012881672 0.042669304 -0.06319497 0.23573245 -0.00026691987 -0.022368522 0.05738288 0.016353479 -0.20007554 -0.16821751 -0.04847012 -0.23291573 -0.21079622 0.084782645 -0.1593425 -0.031898223 -0.07412786 -0.0773493 0.18974444 0.45397934 0.024313036 0.20534603 0.20377426 -0.0039175195 0.22431552 0.27138552 0.108030245 -0.32677972 -0.0771198 0.023865234 0.081692904 -0.2559304 0.07585348 -0.0880505 0.03581548 -0.16607605 0.0064594387 -0.1391781 -0.16280214 -0.06276759 -0.048977822 0.07700836 0.024064733 0.008172469 0.23853958 -0.0899155 0.042073704 0.014443616 0.08272816 -0.052836165 -0.11774724 -0.07387591 0.0200435 -0.033861853 0.022541761 -0.08406164 -0.08608288 -0.13297409 0.18601733 0.1411463 -0.26938337 0.07665822 0.01601097 0.03641902
AUT 0.08093812 -0.3116003 0.09916739 0.19225149 0.1191692 -0.0103739705 -0.11301918 0.054820307 -0.11019684 -0.17063296 -0.0940701 0.25977987 -0.16307086 -0.11357867 0.17336527 0.2092651 -0.052429676 -0.15827723 -0.1636314 0.24510187 0.06309246 0.089742534 -0.12230628 -0.12814134 0.1927425 0.08254621 -0.14793852 0.039783385 0.0034814428 -0.07685631 -0.1171017 0.140001 -0.012415806 0.10973246 0.15739532 -0.049484074 0.050819006 -0.16428591 0.18167274 0.1306134 -0.28141415 0.14049456 0.04578904 0.07659581 0.27930692 0.15938878 -0.08013576 0.1378852 -0.009549143 0.14071311 0.06427784 0.13349588 0.03105757 -0.037189666 0.011492749 0.20109397 0.23774378 0.05037722 0.023387749 0.024259062 -0.07733949 -0.18860209 0.122899175 0.0086021535 -0.067267306 0.03758251 0.15697907 0.111818604 0.06402113 -0.27596188 0.033474997 -0.25814703 -0.2898745 -0.19656622 -0.08537591 -0.17608811 -0.21220937 -0.04953613 -0.11919292 0.051684767 0.014824446 0.00657967 0.3704655 0.3647213 -0.19134316 0.32041562 0.23849615 0.1597929 0.37179208 0.07878229 0.21609345 -0.41245285 -1.3386976e-05 -0.027953617 0.12997097 -0.0833462 0.06095169 0.105728574 -0.062389288 -0.15397242 0.09060901 0.071814984 -0.10526854 0.1739073 0.17014967 0.017442884 0.027978875 0.049082622 0.07106276 -0.046647284 0.01073101 -0.08185185 0.13210513 -0.08769959 -0.11346005 -0.135602 -0.048982624 -0.084639914 -0.030337065 -0.045393433 -0.028185213 -0.12790887 -0.0766126 0.15594368 -0.22971381 0.1409411 -0.03534908 -0.12310802
AUS 0.39819065 -0.37950286 0.22241807 0.21561566 0.13915735 0.1607325 -0.123077326 0.06384324 -0.13123588 -0.48843047 0.059800446 0.0066073886 -0.23573655 -0.13634801 0.25269789 0.26732665 -0.2749042 0.36809307 0.17348132 0.40538752 0.36730528 0.34983808 0.13912505 0.028693922 -0.12794292 -0.011161437 -0.16875541 -0.11279174 -0.05586318 -0.08800439 0.30777454 -0.07192986 0.05554818 0.0028098817 -0.0151075525 -0.27536947 0.30115777 -0.09391678 0.03269076 0.016685804 -0.07063446 0.0183862 0.053935442 0.01993614 0.14021991 0.0033774173 0.065729074 0.07517555 -0.21159115 0.09148325 -0.15285707 0.101072945 0.25536245 0.03256326 0.062272426 0.09657876 0.33954808 0.07870344 0.08857042 -0.025653573 0.0802637 -0.29965836 -0.024396366 -0.10036671 0.08745485 -0.07676358 0.020857066 -0.00089297746 -0.09048889 -0.005834455 0.035508256 -0.10486025 -0.17942004 0.044676725 -0.12542602 -0.13562573 -0.036657773 0.0601899 0.04137199 0.22916657 0.20832038 -0.39385572 0.10806054 0.67278594 0.10810436 0.24231449 0.42055532 0.1050053 0.18661906 0.43380892 0.17605516 -0.15833178 0.06773567 0.15404253 0.3527107 0.034559377 -0.3422941 0.073528074 -0.32885477 0.10511601 -0.1908774 0.16076173 -0.25639552 -0.012162896 0.0427419 0.025273353 0.17473009 0.2130959 -0.046943244 -0.08695923 0.048007492 -0.14527017 0.08101743 0.09056495 -0.07339483 -0.119942024 0.32897604 0.21776567 0.1388589 -0.12729388 -0.16717048 -0.2333816 -0.07921008 -0.18854582 -0.21981484 0.018886471 -0.24767242 0.19136153
GTM 0.16461988 -0.36914518 0.16953461 0.17202915 0.11333184 0.086699314 -0.24989451 0.07081601 0.23086433 -0.022963945 -0.00014766009 0.11440256 -0.5145008 -0.14117518 -0.10856983 0.21315877 -0.21924809 0.047818005 0.013917862 0.044399753 0.062423147 0.17098878 0.18964164 -0.32488942 -0.044141423 -0.0036958214 0.119492345 0.13721697 0.131508 0.10429088 -0.14150384 -0.2383059 -0.10950139 0.061330825 0.06413136 -0.3724022 -0.01314583 0.028791659 0.14448042 -0.07336654 0.10082612 -0.11149233 -0.0034449857 -0.24753627 0.083474465 0.24378918 -0.1900324 -0.00754881 -0.16667569 0.1749018 0.018501328 -0.13359249 -0.122011445 0.03472449 0.028804336 0.022560146 0.30587047 -0.28607237 -0.19327088 -0.118223675 -0.10430363 -0.029853769 0.093065634 -0.11795825 -0.018865304 0.043952458 -0.098534584 0.35755435 -0.11943139 0.035542585 0.08159216 0.25572997 -0.25150576 -0.23119059 -0.2549137 -0.031681567 -0.17934358 0.14341383 -0.15404512 -0.1251602 0.13883129 0.11102054 -0.071871325 0.11712679 0.32707953 0.050794214 0.16270879 0.057348937 -0.027957842 0.38774773 -0.08960681 -0.19735457 0.07359927 -0.272102 0.15159822 -0.21746527 0.15753531 -0.1967468 0.23747681 -0.2500395 0.1894142 -0.053008996 -0.0006405644 -0.1150263 -0.019101832 -0.20877185 0.026786909 -0.01954418 0.023742191 -0.21632776 -0.08633596 -0.02547499 0.036512394 -0.12207018 0.0031927773 0.19640984 0.06686703 0.058588833 -0.01793208 -0.22538215 -0.09619982 0.05170054 0.32138595 0.19514017 -0.11642874 -0.01521082 -0.081686854 -0.16671129
ECU 0.28300855 -0.25451764 0.26905894 0.2219006 0.09547893 0.046713274 -0.40246543 0.052483056 0.17065127 -0.0721264 -0.07939073 0.10970147 -0.31075954 -0.2670705 -0.20632204 0.30148482 -0.3983696 0.18143544 -0.07933516 0.23604909 0.11227065 0.25280696 0.33501428 -0.3940241 0.018955737 0.1202614 0.19712667 0.12801144 0.088008575 0.017301131 -0.19023475 -0.13694182 0.046699584 0.011198484 -0.1411266 -0.09605895 0.06963493 0.06304021 0.04471551 -0.21437107 0.00233556 0.012240836 -0.06935539 -0.2558308 0.059939303 0.23759852 -0.08110111 -0.13094547 -0.19107595 0.14490442 0.10008126 -0.008720974 -0.13027465 0.009116858 -0.04835815 0.08028392 0.3618143 -0.13630871 -0.08410429 -0.34856296 -0.02444084 -0.051374704 0.1501591 -0.19147624 -0.057895735 0.11334069 0.10304336 0.2287492 -0.19586278 -0.06169536 0.17250934 0.18882176 -0.22724687 -0.21522637 -0.12205745 0.19324696 -0.20289874 0.11427639 -0.06311734 -0.10443154 0.2263158 0.041347522 0.08890704 0.07133058 0.2701657 0.097975194 0.23889486 -0.019477721 0.018493323 0.29775095 -0.22538002 -0.119626164 0.26018974 -0.31477764 0.22760381 -0.10228498 0.16664761 -0.15334274 0.22456235 -0.37351483 0.09130214 -0.0077730166 0.03540029 0.013028975 0.05888467 -0.256519 -0.038861234 0.017930433 0.14282297 -0.09673438 -0.067543894 -0.027845934 0.052223213 -0.25963357 0.024500214 0.12178048 0.036372643 0.10327728 -0.01733108 -0.09651267 -0.11374361 -0.015428733 0.28922778 0.028793948 -0.007344892 -0.07329586 -0.050920427 -0.21991181
SWE 0.059559107 -0.15747555 0.15679301 -0.015143016 -0.055844396 0.13484183 -0.18917115 -0.20917918 -0.026723968 -0.18144923 -0.11540392 0.15544568 -0.23484354 -0.112166 0.076380074 0.21557404 0.11561978 0.1231095 0.22427607 0.21230203 -0.028825076 0.120080225 -0.024131393 -0.26639932 -0.040376727 0.08253652 -0.102577105 0.09591003 0.17396833 -0.08585864 -0.11589254 0.15176174 -0.021738257 0.24305351 0.071813405 -0.14712776 0.11149008 -0.11239622 0.02262225 0.21582735 -0.23351778 -0.11294412 0.21378523 -0.11038564 0.1597128 0.0012610776 0.081294805 -0.0778088 -0.011898273 0.20075242 0.09899768 0.056585725 0.104402564 -0.016122973 -0.043194026 0.1320218 0.39315358 -0.043725733 -0.074584186 -0.24110104 0.009686963 0.009650878 0.03977442 -0.14445384 0.035957072 0.12295642 0.16915563 0.41225702 0.12369795 -0.19663551 0.3000008 -0.0021884006 -0.55355173 -0.21590804 -0.13623805 -0.053185184 -0.2535301 -0.052789472 0.08502539 0.13280623 0.27889174 -0.12783419 0.007327505 0.26350185 -0.05747207 0.1694328 0.09571536 -0.12859647 -0.018993622 -0.066371545 0.0162379 -0.13271454 -0.009452499 -0.023971893 0.17670628 0.12899838 -0.13096529 0.005831604 -0.13788193 -0.24924147 0.15819985 0.13945629 -0.064963296 0.16997947 0.08269031 0.121296674 0.121353075 -0.20942053 0.0121346675 -0.04918921 0.026895251 -0.17727137 0.043001838 -0.10416693 -0.1891865 -0.149353 0.21897672 -0.06964889 -0.025584782 -0.04307192 -0.06024457 -0.15813825 0.016154738 0.02653451 -0.06654039 0.046415474 -0.20733893 0.123927176
OMN 0.29000217 -0.33614004 0.14866138 0.19430566 0.33903515 0.49692723 -0.15099172 -0.20564269 0.08041337 -0.17031327 -0.21223664 -0.1055208 -0.02680822 -0.084731884 0.24401732 0.036383443 -0.15456761 0.40818566 0.1130169 0.373135 0.3582531 0.34191412 0.09494193 0.07055162 -0.20241106 0.24487774 0.04991031 -0.10986773 0.018296527 0.0019343853 0.19739631 -0.037749328 -0.14536528 0.014938182 0.07871159 -0.2221903 -0.0697688 -0.12985934 -0.13260956 0.26290077 -0.1665309 0.061596166 0.06810891 -0.19580336 0.15274481 0.18400308 0.0061535034 0.103614 0.023953514 -0.10150543 -0.251967 0.09860344 0.4312127 0.46189576 0.08903336 0.02078529 0.2756245 0.088742055 0.10949995 -0.2933511 0.45321122 -0.36491686 0.18701509 0.1398629 0.09849853 -0.14833774 -0.10035652 0.1484376 -0.07167498 -0.021887159 -0.07819803 -0.31965217 -0.13265535 0.23740804 0.13040623 -0.23687397 0.037308894 0.33583802 -0.19810523 0.20798385 0.099964745 -0.27047902 -0.050598454 0.3236099 0.17058317 -0.041757572 0.31343454 0.15019856 0.034742147 0.343355 0.094692685 -0.04448515 -0.019711033 0.2042616 0.29424098 -0.01450871 -0.098573096 -0.15896404 -0.38891113 -0.15457304 -0.03235501 -0.0041812737 -0.116405405 -0.0927018 0.040602967 0.06379638 -0.2071036 0.041563377 0.22765324 -0.27388582 0.18776925 -0.29229838 0.15138285 0.10158836 0.05444246 -0.12085243 0.1224312 -0.1654507 0.024160646 -0.11808988 -0.13366163 0.013063246 0.09485545 0.10688796 -0.1325301 -0.21746035 -0.2968492 0.03660957
TUN -0.14152406 -0.5106824 0.13847584 0.19904387 0.21206613 -0.1189085 -0.019141342 -0.18285039 -0.042151123 0.12221634 -0.03697139 0.24221228 -0.36286062 -0.015806919 0.18227053 0.19983745 -0.03500651 0.0012461911 -0.19273771 0.14456666 0.19685605 0.0067958115 -0.23765743 -0.23633604 -0.13526134 -0.062652014 -0.21506737 -0.023621602 0.12725124 -0.08078548 -0.12432628 0.0073103323 0.0756108 0.0753281 -0.018142719 -0.23488438 -0.052777722 0.019234614 0.061495993 0.12175883 -0.105516925 -0.011343179 -0.06436619 -0.044308394 0.21412742 0.35105395 -0.22914882 0.14164296 0.11165097 0.08167765 -0.171327 0.23647892 0.3222843 0.21690908 -0.004120305 0.25317156 0.18988886 0.07163592 0.052107483 0.12148128 0.26365706 -0.05174674 0.049540907 0.4075001 0.049114168 0.10267503 -0.12822905 0.31220296 -0.12177625 0.014220105 0.13574442 -0.14810634 -0.112403095 -0.06394943 0.010819938 -0.2175856 -0.43118882 0.0061067543 -0.14500815 -0.099787645 -0.14931384 -0.03260351 0.115316756 0.49704546 0.10818727 0.24751303 0.29384348 0.0287993 0.35859475 0.20291427 0.0780423 -0.272013 -0.045514837 -0.021175543 0.071507126 -0.2421315 0.16981176 -0.13940649 0.0021278067 -0.2607147 0.022181017 0.043890987 -0.070662305 -0.10507552 -0.055923212 0.2721641 -0.027203355 -0.081231266 0.2957609 -0.15686698 0.24374187 0.14673807 0.080094285 -0.08839295 0.05184416 -0.23683263 -0.10429062 0.04283937 -0.074181065 -0.091372654 0.12784834 0.016054682 0.31624117 0.13178653 -0.51638114 0.1737677 0.21291247 -0.12820368
IND 0.067017555 -0.06750206 0.16348852 0.07152273 0.11565636 -0.03771788 -0.023492556 -0.055034105 0.040387 -0.16507705 0.019635692 -0.034420233 -0.01259921 -0.16023369 0.1441229 0.05583631 -0.10189742 0.24842829 0.014757825 0.29994598 0.2607782 0.39977565 0.12610987 -0.17475677 -0.16416413 -0.06867388 -0.122371525 -0.034499228 0.08312872 -0.09298712 0.09405172 0.022896126 -0.09345252 0.15673414 -0.01698143 -0.046178427 0.059375897 0.07215289 0.03292293 0.14379284 -0.22433795 -0.008319621 0.040215224 0.011618765 0.06049823 -0.0056216195 0.0953518 0.058506798 -0.06001732 0.008031621 -0.15659924 0.019996755 0.0969944 0.06253621 0.024351172 0.2486224 0.42997918 -0.10492488 0.03349091 -0.15536915 0.1965207 -0.20663697 0.04699964 -0.16525072 0.20285998 0.034710556 0.03535426 0.096338764 -0.061397355 -0.021943681 0.20208749 -0.21727711 -0.40852767 -0.12021015 -0.026335126 -0.10309202 0.03381546 0.12191056 0.013965942 0.07874144 0.08693414 -0.16915838 0.044487797 0.49061397 0.058065053 0.201903 0.15302579 -0.17709194 0.08830721 0.23499034 -0.020752957 -0.22909237 -0.09067382 -0.05007411 0.32002127 -0.061915707 -0.19056715 0.005074315 -0.20356716 0.1453832 -0.099898845 0.08553542 -0.08338371 0.033999987 -0.065600745 0.19296364 0.12747507 0.003396298 -0.070987046 -0.108600825 -0.0063844086 -0.038192376 0.08828436 -0.010400829 0.09122861 -0.075621046 0.10236404 0.02423261 -0.019096395 -0.20090353 -0.092302375 -0.11232169 0.0145988325 0.009388593 -0.12665147 0.09885961 -0.23806767 0.1659237
BEL 0.1404668 -0.26169944 0.17449458 0.10196251 0.17666236 0.17884523 -0.24035832 -0.10658196 0.13014652 0.028429953 -0.21355367 0.12845543 -0.3561951 -0.09114635 -0.0037452555 0.14624214 -0.109383 0.028174356 0.018356409 0.2629634 0.1596562 0.081545815 0.0555888 -0.32747734 -0.11575158 0.16919088 0.052617278 0.04621553 0.10709148 0.023116997 -0.11059844 -0.06399326 -0.15801278 0.07290724 -0.028746039 -0.33323786 -0.09423095 -0.03528313 0.01325366 0.07751562 -0.13547778 -0.046626676 0.07982044 -0.17126077 0.17364961 0.2156095 -0.1795813 -0.01567688 0.046324328 0.090885274 -0.011630367 0.057587124 0.10378211 0.14168625 -0.023869831 0.1237868 0.26374185 0.0015404235 -0.060729794 -0.14511229 0.086693905 -0.019369017 0.13576317 0.10252004 -0.069224045 -0.028152706 0.023527125 0.20789872 -0.022888608 0.012651552 0.00040011946 0.037155572 -0.10104138 0.019207444 -0.07291392 -0.04076921 -0.19176584 0.016789306 -0.06005302 0.013153682 0.07076882 0.022623392 0.061457336 0.16563892 0.16064979 0.050408594 0.23979208 0.10087221 0.047684327 0.008163885 -0.036746345 -0.199157 0.023762561 -0.078582585 0.038355015 -0.115700826 0.18061946 -0.10601763 0.05879288 -0.35738394 0.18630296 -0.009990429 0.008605003 0.09437545 -0.015326382 -0.046309773 -0.0780431 -0.17704816 0.1794408 -0.06363514 0.09526445 -0.012440581 0.009693064 -0.09152581 -0.09519202 0.0044797845 0.056180846 -0.010964302 0.036763735 -0.032933366 -0.033144828 0.08638061 0.29096293 0.0871856 -0.16800104 -0.05620268 0.025717093 -0.17519474
ZA1 0.19593054 -0.23372893 0.13963704 0.10060122 0.35561323 0.5670113 -0.1396096 -0.35218993 0.15399572 -0.12671922 -0.15266909 -0.1640491 0.17623882 -0.14137982 0.21830516 -0.049889803 0.013130337 0.40422153 0.11926692 0.2782891 0.27847454 0.24562304 0.05726798 0.018385468 -0.23222353 0.27799615 -0.048262857 -0.18274754 0.066219665 -0.09404872 0.2571115 0.10089945 -0.15059343 0.06853335 0.07250524 -0.12546979 -0.11091868 -0.22363296 -0.20453595 0.38270345 -0.2609932 0.17384446 0.09866904 -0.27704668 0.13959506 0.103817515 0.0644371 0.05301794 0.022557814 -0.1916334 -0.1864303 0.09713775 0.41872877 0.6084848 0.062155228 0.010528919 0.381084 0.02589878 0.0675036 -0.36413124 0.5365611 -0.42037594 0.14122221 0.11194462 0.20156513 -0.066180155 -0.015087294 0.19846201 -0.07526906 -0.22332057 -0.045654528 -0.4304208 -0.34383208 0.16704027 0.23401403 -0.36094394 0.0013504399 0.38808674 -0.26367694 0.20107366 0.12673353 -0.32141346 -0.019026214 0.31210274 0.21010984 -0.026045093 0.21628107 -0.0030833026 0.06281132 0.39402556 0.015106091 -0.06038864 -0.10594041 0.091774315 0.46483454 -0.100250095 -0.06533831 -0.17649919 -0.56881344 -0.11601803 -0.038172927 -0.0577565 -0.15448262 -0.18461652 0.100618064 0.0702229 -0.29606536 -0.053859197 0.35712034 -0.44142318 0.23253591 -0.35917872 0.30348444 0.026820641 0.1773019 -0.031179082 0.11445709 -0.24540232 -0.048442062 -0.07766823 -0.14286353 -0.053630352 0.030462429 0.10486909 -0.07310909 -0.3233602 -0.26286536 -0.012393201
CAN 0.048731495 -0.3334349 0.11460254 0.16350885 0.09608515 0.01924772 -0.07282985 -0.04093879 0.032817166 -0.020687612 0.050582115 0.066861816 -0.3038175 -0.106981546 -0.024155548 0.24081211 -0.096956365 0.10613264 -0.023295477 0.0669413 0.083945885 0.07745558 0.022651697 -0.19120714 0.016551401 0.057757225 -0.056404565 0.024811435 0.071438335 -0.028963536 -0.098518215 -0.08733246 0.24018644 0.08806573 -0.056669742 -0.14115773 0.1725918 -0.09046382 0.130829 -0.055130284 -0.07836966 -0.020670014 0.08899524 -0.2824708 0.04981504 0.18298905 -0.13054524 -0.051512066 -0.05501181 0.24355687 0.011568486 0.10927293 0.13124862 0.040398717 -0.08633753 0.041586366 0.28481057 -0.18310514 -0.066728614 -0.08110869 -0.038324255 0.037546813 0.017850926 -0.10149528 -0.035810154 0.18639342 0.05353662 0.2731936 -0.06780784 -0.049228586 0.17876777 0.1524527 -0.31746683 -0.17535973 -0.09151343 -0.07710159 -0.307975 0.09222252 -0.07097566 -0.033044018 0.16542241 -0.10464053 0.026200904 0.24685329 0.16508819 0.025148189 0.17622897 -0.050170213 0.08111237 0.2081775 0.046454437 -0.102263905 0.115217894 -0.07745187 0.15281129 -0.047046784 -0.0009185398 -0.14064123 0.062271595 -0.2712778 0.028777268 -0.020201666 -0.072564386 -0.042988792 0.09358632 -0.08247281 -0.042173278 0.005144481 0.16599615 -0.1388503 0.062010136 -0.052479863 0.028536033 -0.1569399 -0.016121324 -0.018723134 0.04761055 0.030111732 -0.048330907 -0.06816547 -0.13507172 -0.07720089 0.10758348 0.047742218 -0.053757668 -0.04220328 -0.018953709 0.010757406
ROU 0.09483325 -0.19622691 0.08074457 -0.014661203 0.21874022 -0.019568488 -0.08462638 0.0033411214 0.10353116 -0.085417405 -0.0005703541 -2.6542984e-05 -0.20015676 -0.035547 0.022363322 -0.06806081 0.014268561 -0.100009784 -0.11268859 0.11613349 0.21503384 0.10096473 0.010059615 -0.16768223 0.061695866 0.04857388 -0.06829074 0.020531602 0.028869528 -0.06230003 -0.008320149 -0.084203735 -0.19583295 0.10643253 0.1954818 -0.19130915 -0.21589693 -0.12063319 0.14641908 0.20634726 -0.14270382 0.05774158 0.075409845 -0.10348652 -0.0054257954 0.07176559 -0.07184631 0.1127161 -0.086782336 0.058187123 -0.14391749 -0.021730362 0.06138245 0.22020957 0.043198753 0.043759856 0.35299042 -0.22581589 -0.14974439 0.10662897 0.18705675 -0.15989797 0.11986576 0.092927635 -0.010615898 -0.017145518 0.0056692283 0.35947362 0.079019256 -0.071332544 -0.058267508 -0.066488735 -0.20471017 -0.13684884 -0.13494267 -0.27401635 -0.055329982 0.055563323 -0.24166512 0.0001266505 -0.030532079 -0.003522214 0.15726942 0.33433703 0.010596488 0.20725957 0.21431465 -0.0087857125 0.06449393 0.29680273 0.038759682 -0.32733378 -0.07641786 -0.02182176 0.16380991 -0.35090855 0.048405506 -0.15068525 -0.03906169 -0.13271135 0.03448629 -0.1624868 -0.13678353 0.016723031 -0.0930739 -0.07183885 0.03782767 -0.06284131 0.17419358 -0.22745809 -0.08445581 -0.088526085 0.15162373 0.004038118 -0.1434316 0.0075894413 0.18934919 -0.059453767 -0.012761585 -0.14041445 -0.09657017 0.013920237 0.18549114 0.2504779 -0.20044735 -0.031423386 -0.12608913 -0.045579508
BRN 0.34157354 -0.287955 0.17923816 0.2772347 0.2573431 0.10608151 -0.09572031 -0.015235782 0.023732685 -0.28487912 0.13980825 -0.08186457 -0.20688115 -0.16885573 0.15365517 0.29253232 -0.42950088 0.26352042 0.027188785 0.21865445 0.33372456 0.32734796 0.12074938 -0.27739504 -0.09334925 0.059783444 -0.08331974 -0.022040714 0.0904194 0.09524504 0.059263896 -0.092729725 0.02314988 0.01711582 0.056487355 -0.2618602 0.2185188 0.022635812 0.0029334794 0.0066705747 -0.027802246 0.12329467 0.13544355 -0.14786626 0.25613877 0.10813312 -0.13025185 -0.07288942 -0.14322996 0.079801366 -0.023826014 -0.018765721 0.2216186 0.11216345 0.10170162 0.10842333 0.24117504 -0.015863476 -0.078187756 -0.078312345 0.04642456 -0.15120219 0.058571193 -0.14646132 -0.043529376 0.058718193 0.034447297 0.036945056 -0.16346867 0.04951213 -0.027034946 -0.096018665 -0.21783292 0.019582324 -0.0023566452 -0.059009623 -0.02984976 0.2825841 -0.12315786 0.007388056 0.048315216 -0.24749078 -0.03505221 0.28756738 0.24654299 -0.03160216 0.2736365 0.093010105 -0.008940145 0.35332143 -0.03721582 -0.0063524563 0.081421085 0.0063564326 0.30666715 0.024417188 -0.07041224 -0.12516668 -0.18713336 -0.06515424 -0.045742612 -0.017045796 -0.204949 -0.1212808 0.13014774 -0.03140363 -0.0752041 0.13668574 0.088259235 -0.22788754 0.25524253 -0.0978956 0.045289315 -0.13202007 0.08686641 -0.0094610695 0.10511264 0.07872764 -0.063231446 -0.06139372 -0.14441104 0.05598633 -0.04470518 -0.13718101 0.045802835 -0.09601454 -0.13977924 0.059303004
CZE 0.014049026 -0.16966042 0.04889456 0.07391114 0.09409877 0.11075607 -0.011741032 0.037673887 0.029673683 -0.04019787 -0.007987537 0.09125846 -0.14336199 -0.137531 -0.10779298 -0.028284341 0.1526891 -0.09165621 0.06522804 -0.014153253 -0.076661795 0.027976878 -0.013013786 -0.144891 0.06228316 -0.045226898 -0.12423478 0.113318674 -0.08613969 0.019966492 -0.09381728 -0.055934582 -0.09458285 0.17017591 0.10865401 -0.2517449 -0.025485901 -0.16691843 0.16744797 0.13700971 -0.06924218 -0.03504167 0.15774192 -0.14056107 0.048915975 0.05032886 -0.00044083854 0.08694952 -0.066824764 0.18959042 0.020945257 -0.059076425 -0.06134577 0.016399547 -0.015134686 -0.00089002564 0.31473133 -0.3084436 -0.10433044 -0.07141679 -0.05414786 -0.12774594 0.16190355 -0.047547255 0.058979746 -0.03955235 0.075242765 0.3407307 0.08453353 -0.16347568 -0.06847629 -0.005309734 -0.4675471 -0.20512366 -0.34612176 -0.23645286 -0.16524592 0.040561553 -0.21442372 0.14137076 0.19883996 0.07220299 0.21871085 0.23552664 0.04296124 0.15704484 0.15116443 0.009990654 0.22249486 0.217508 0.1468937 -0.40958142 -0.14260958 -0.13607834 0.019110886 -0.28813952 0.068064936 0.020070942 0.044024054 -0.31404233 0.17747904 -0.053580906 -0.18017472 0.031283878 0.039026093 -0.037068713 0.021495901 -0.117106505 0.0811136 -0.21136034 -0.05157072 -0.23439774 0.16394372 -0.08004518 -0.19396819 -0.09112733 0.07622171 -0.12885983 0.02282848 -0.2584894 -0.22533412 -0.106179915 0.050435014 0.32752302 -0.20217404 0.03818501 -0.13403559 -0.03923169
JPN 0.1432371 -0.2152152 0.14153096 0.16977689 0.2369604 -0.021578588 -0.05862855 0.016801462 0.0058708084 -0.1595771 0.14877592 -0.04090378 -0.07524917 -0.1448609 0.18100695 0.18230422 -0.32952783 0.18015586 -0.10032314 0.28011122 0.34009305 0.29746413 -0.028558388 -0.1625915 -0.13194932 0.02507032 -0.14558029 -0.089919366 0.10446793 -0.01588089 0.074502155 -0.012260541 0.020832403 -0.01058077 0.0141744055 -0.056949884 0.10956928 0.0035029205 0.05624717 0.012170188 -0.13466644 0.14100868 0.013882091 -0.011916829 0.21045707 0.090276375 -0.08761343 -0.010900131 -0.12219107 0.037341632 -0.041306444 0.098523065 0.15359311 0.16148359 0.055140894 0.15374361 0.24280503 0.0144766085 0.028529622 0.023184203 0.102256805 -0.15472215 0.038494043 -0.033772152 0.075224005 0.058700625 0.039891552 0.10979879 -0.17810872 -0.0071554123 0.026002906 -0.16430779 -0.21039087 -0.011289439 0.037106097 -0.11129053 -0.11653994 0.1605192 -0.13954665 0.014194205 -0.05402136 -0.19815007 0.050172843 0.41839316 0.13888349 0.061325572 0.30118623 -0.012937357 0.17626469 0.3480963 0.019952608 -0.15313202 -0.0042114053 -0.046813864 0.32964996 -0.0612981 -0.030497182 -0.048999015 -0.21351604 0.008909007 -0.09994177 0.052388847 -0.21459146 -0.124441855 0.10153041 0.050045695 -0.04520965 0.13419999 0.09224134 -0.22137828 0.20644929 -0.051271234 0.060675982 -0.103714645 0.1415001 -0.038214087 0.036496274 0.10319922 -0.07955601 -0.03545334 -0.043872952 0.011575232 -0.04054066 -0.14959252 -0.061179392 -0.0009170426 -0.00801916 0.034555804
JOR 0.3784336 -0.8129075 0.5548735 0.5193517 0.4649915 0.42400986 -0.47808748 -0.12407673 0.1778949 -0.2082821 -0.17106263 0.29732063 -0.5841966 -0.5420837 0.14264028 0.45155707 -0.28594667 0.44442976 0.039946232 0.75051534 0.40952864 0.655726 0.1066244 -0.62061024 -0.30956537 0.1540059 -0.17601635 0.09915808 0.19141158 -0.036979236 -0.15331988 0.028126527 -0.13907337 0.2933565 0.04005179 -0.60267216 0.1284742 -0.19097799 0.17106469 0.21934891 -0.5066066 -0.011044393 0.13397074 -0.33623695 0.5348518 0.45348334 -0.1997808 0.12760186 -0.20356365 0.38238442 -0.029224506 0.1882058 0.22434866 0.3626751 -0.021242978 0.37145287 1.0673366 -0.28698745 0.017176963 -0.56786406 0.2100212 -0.43069145 0.37056655 -0.13201454 0.24558157 0.057188757 0.118667416 0.8596527 -0.20357648 -0.2801876 0.26109588 -0.1855184 -1.0926068 -0.3689054 -0.30274722 -0.31186193 -0.5644439 0.3513727 -0.34953365 0.19481604 0.43979785 -0.19220589 0.26056176 1.0334792 0.42203432 0.37572318 0.82550955 -0.037492793 0.5176027 0.7673488 0.114146106 -0.8372722 -0.08701006 -0.4482776 0.67745966 -0.34579596 0.11243634 -0.15276909 -0.252539 -0.5830862 0.24314164 0.14924322 -0.32981446 -0.05190016 0.2081962 0.099999726 -0.03645087 -0.11353991 0.32808608 -0.55150676 0.20324084 -0.445297 0.2917821 -0.33312544 -0.010580457 -0.12402132 0.1892151 -0.03758838 -0.07106785 -0.40777713 -0.24043994 -0.16401617 0.36853892 0.26446515 -0.49193108 0.04487679 -0.31065947 -0.10920316
IRQ 0.3664562 -0.82494104 0.55893475 0.52821255 0.4635587 0.4188767 -0.48382738 -0.12877673 0.18295725 -0.21881294 -0.18035951 0.29773822 -0.595612 -0.5438074 0.15236369 0.46870396 -0.30276617 0.4569193 0.051344234 0.7497724 0.41249532 0.6650479 0.09636789 -0.6249857 -0.31070033 0.15142307 -0.18720287 0.10724596 0.20646136 -0.047049887 -0.15922621 0.022466308 -0.12905021 0.28153476 0.045255143 -0.60127944 0.13369696 -0.18354331 0.1807648 0.22494258 -0.4943532 -0.01670377 0.13569355 -0.3462948 0.53578395 0.46945778 -0.19621757 0.11539324 -0.18932651 0.38246223 -0.031228205 0.1956984 0.22435293 0.36907163 -0.013838228 0.37448946 1.0692929 -0.28704828 0.0034689463 -0.5688928 0.21591091 -0.43717504 0.38692302 -0.122356966 0.2393005 0.06963203 0.13049188 0.8620871 -0.19574869 -0.2829037 0.2691261 -0.18901837 -1.0936288 -0.373775 -0.29523715 -0.30439958 -0.5727448 0.35111675 -0.3531232 0.1901242 0.4314462 -0.19064218 0.26226723 1.0315328 0.42386973 0.36745134 0.81768197 -0.03177366 0.5296517 0.77582 0.105118416 -0.8363487 -0.08999814 -0.44875282 0.6788264 -0.35142058 0.11525341 -0.14570473 -0.24926737 -0.58538985 0.24528794 0.15597662 -0.33013695 -0.061592612 0.20767565 0.10444802 -0.033521183 -0.112074964 0.3406107 -0.54777753 0.21848635 -0.44949624 0.28942597 -0.33419323 -0.02268109 -0.12019336 0.17678505 -0.047566723 -0.062086012 -0.39535984 -0.2464426 -0.15258466 0.37282005 0.26514435 -0.4946308 0.04374822 -0.3187961 -0.11182627
NLD 0.1828378 -0.13769417 0.13663894 0.019470053 0.051279895 0.038661502 -0.23320268 -0.027150873 0.08143772 -0.114424065 -0.031431116 0.008677733 -0.080304466 -0.07458408 -0.056836728 0.09793619 -0.22398521 0.1429181 -0.04589368 0.14259137 0.1411987 0.13671224 0.22524065 -0.1618976 0.056380596 0.16235411 0.084845945 -0.008296417 0.044662636 -0.06949071 -0.03821342 -0.040103953 0.046101525 0.039461084 0.017646747 -0.007947588 0.08358376 -0.1005476 0.04026499 -0.0018486022 -0.07989507 0.099488385 -0.011705196 -0.17258845 0.053768944 0.12307651 0.008068134 -0.057050906 -0.12778695 0.0827385 0.001821319 0.030845528 0.02496389 0.16855974 -0.0056746067 0.038935635 0.31923658 -0.06323899 -0.03164629 -0.19718264 0.12406486 -0.14491668 0.08590279 -0.09201491 -0.025743103 0.107871376 0.13260856 0.24490216 -0.054276954 -0.16495343 0.13258159 -0.0112154735 -0.2569549 -0.1756776 -0.015940107 -0.036852658 -0.19317877 0.10833287 -0.10948866 -0.028111953 0.15295163 -0.11230957 0.12726966 0.1955294 0.08219747 0.13019143 0.23547572 0.013958751 0.05519386 0.31018838 -0.079261 -0.08168045 0.17738898 -0.120595135 0.2850601 -0.091449566 0.004291323 -0.14247204 -0.053662844 -0.19613634 0.00626962 0.019418849 -0.042011686 0.0049091177 0.06025691 -0.16669546 -0.046789847 0.02193645 0.16471702 -0.16045426 -0.046936378 -0.1048465 0.12806481 -0.13847667 0.011205742 0.055382907 0.09707785 0.017688863 -0.01690624 -0.034261443 -0.12432316 -0.04509997 0.102266595 0.040553298 -0.0043851086 -0.120097384 -0.11453147 -0.07346637
HRV -0.10076306 -0.27090713 0.08775108 0.1307661 0.1975004 -0.042044915 0.14053412 -0.059273027 -0.09178877 0.03259717 0.06306601 0.068566635 -0.03266009 -0.13254209 0.02771655 0.06607217 0.07985749 -0.012134883 -0.09183427 0.07268214 0.11428084 0.0035668535 -0.19750504 -0.14710714 0.034589075 -0.025451273 -0.2350843 0.029212853 -0.025566697 -0.069641374 -0.046461202 0.032159273 0.116591245 0.12339166 0.0010587825 -0.1354957 -0.02157383 -0.16040926 0.123701595 0.10659783 -0.18177627 0.095392965 0.07336242 -0.17625661 0.1180064 0.17047034 -0.03976904 0.12548618 0.04383345 0.14845136 -0.07452697 0.17570926 0.19735509 0.15874909 -0.035374377 0.09991361 0.26575062 -0.13941056 0.040911447 0.049149107 0.090959415 -0.092314176 0.101459995 0.14421366 0.040888257 0.08264554 0.08228653 0.21994427 -0.022050466 -0.10026018 -0.06323264 -0.11606165 -0.28404322 -0.08276888 -0.09790906 -0.3001425 -0.24175043 0.086914614 -0.23787643 0.08130807 0.027237382 -0.037781928 0.24342391 0.36679488 0.07794996 0.17172241 0.16048679 -0.02069253 0.33305904 0.18966804 0.14943108 -0.3697325 -0.10523834 -0.027406454 0.006034775 -0.2280897 0.10447574 0.026575856 -0.078094654 -0.2655222 0.00576293 -0.077022836 -0.189403 -0.006294774 0.11017153 0.117353015 -0.13020392 -0.049531084 0.2567891 -0.2170914 0.16215861 -0.08086875 0.11837457 -0.09134243 -0.030900184 -0.18265721 -0.054760117 -0.14717104 -0.07107053 -0.089463584 -0.12639202 -0.08610867 0.03692111 0.16584374 -0.20450807 0.028289108 0.0704822 -0.056782234
TUR 0.21163836 -0.12299368 0.163667 0.07801294 0.17789523 -0.055397596 -0.15228488 0.15956023 0.021148834 -0.13684984 0.07592623 -0.01514914 -0.023411868 -0.11092977 0.13760115 0.06316263 -0.22366992 0.10545774 -0.18740432 0.37610015 0.24527833 0.25561118 0.05699481 -0.043466464 -0.09632383 0.07863382 -0.094623804 -0.0647624 -0.01719716 -0.06712198 0.058666855 0.07546365 -0.04182917 0.011312165 0.03367994 0.0063737687 0.07228712 -0.101545535 0.029880416 0.010591364 -0.2436396 0.115010604 -0.038204905 0.107790016 0.19603246 -0.03095729 -0.043715224 0.0041198134 -0.1683307 0.07834664 -0.012249619 0.02798451 0.036897615 0.1355074 0.038435366 0.07738279 0.3313799 0.002533446 0.038557924 0.022528322 0.08804828 -0.2135534 0.10084189 -0.074246556 0.078541435 -0.014873007 0.09240584 0.12600407 -0.043283936 -0.13236661 0.07382278 -0.16379072 -0.2167274 -0.128679 0.05078514 -0.13266623 -0.10275046 0.06476481 -0.17391798 0.062260084 -0.03820247 -0.21021184 0.20946494 0.48042023 -0.056268565 0.20672268 0.39991575 -0.013455285 0.27140912 0.37950826 0.06888023 -0.27871448 -0.048586693 -0.12103999 0.3960858 -0.12260315 -0.047656126 -0.06798704 -0.20879258 0.09145847 -0.051294487 0.03119767 -0.23834814 -0.047294077 0.037610345 -0.008052124 0.055581674 0.1790452 0.068320476 -0.15360665 -0.01321492 -0.14091563 0.1677922 -0.040904786 0.01950884 -0.023405889 0.120610945 0.15354504 -0.014658498 -0.0362746 -0.04791707 -0.0550769 -0.055106595 -0.05201878 -0.11390551 0.029026827 -0.09029351 0.069422595
TTO 0.08045409 -0.16878393 0.16047393 0.31202477 0.12247474 0.3879234 -0.22035933 -0.002009494 0.34188983 0.30647773 -0.19629127 0.05798989 -0.2619313 -0.2440753 -0.06355101 0.14681204 -0.08032232 0.06381539 0.16227607 0.23938948 -0.12780195 0.19465199 -0.02183936 -0.41847914 -0.40157175 0.10572012 0.062041957 0.13488245 0.1261636 0.27524164 -0.22794186 -0.017115919 -0.21924528 0.14976127 -0.1972561 -0.47397625 0.06768083 0.11046708 -0.088643536 -0.10292809 -0.17894106 -0.17087874 0.11528169 -0.08006705 0.35620236 0.11926093 -0.3381186 -0.11056143 0.07872461 0.13411295 0.2708403 -0.109159924 -0.09258063 0.038264673 -0.048518904 0.15468706 0.34535882 -0.15907282 -0.032583978 -0.38539988 -0.12477406 -0.014131897 0.23684937 -0.14053911 0.07591702 -0.04561279 -0.062145244 0.26089546 -0.14126465 -0.025536718 -0.0051101632 0.14519618 -0.38662818 -0.015880808 -0.127879 0.09940764 -0.20291653 0.14452763 -0.1555409 0.034008626 0.15740785 0.117365345 -0.045246042 0.024073843 0.4152839 -0.22415616 0.3264329 0.06957269 0.15330622 -0.032783706 -0.025086958 -0.4734252 -0.13492502 -0.5893027 0.19560786 -0.1269053 0.376054 -0.05768515 0.0356613 -0.36380523 0.45263472 0.05269074 0.057708774 -0.00915067 0.11142865 -0.0075772256 -0.1897077 -0.1340932 0.1259376 -0.17785716 0.23013209 -0.18148142 -0.0114555415 -0.19100279 0.11760813 0.15446673 -0.13262388 0.074565195 -0.009645244 -0.20439816 -0.02269441 0.15249525 0.24118344 0.09825109 -0.126332 0.030453144 0.15975972 -0.29842314
CUB 0.15348491 -0.17158417 0.22464156 0.3330445 0.12724636 0.34182978 -0.25800523 0.12736708 0.28043467 0.18923113 -0.15177026 0.09616982 -0.26699555 -0.2835197 -0.20095624 0.1275358 -0.0979881 0.1521947 0.18080166 0.19514292 -0.04750338 0.1916607 0.15005384 -0.4000276 -0.3419628 0.037599657 0.08455923 0.16987872 0.05870571 0.20534106 -0.19137475 -0.06466564 -0.2269971 0.121821985 -0.17404222 -0.49776798 0.07841675 0.07235624 -0.06803717 -0.16663262 -0.05865979 -0.15942948 0.051139645 -0.1306555 0.28285047 0.16054784 -0.24964406 -0.0722596 -0.10822543 0.16946425 0.19348577 -0.13652067 -0.2248858 0.015038894 -0.015241323 0.044088993 0.34621406 -0.23090284 -0.079720795 -0.42904705 -0.16608891 -0.116577365 0.2694052 -0.19985327 0.11231057 -0.10351569 -0.050107352 0.2089665 -0.22921972 0.027663121 -0.07314116 0.18239859 -0.39801815 -0.10089011 -0.25106388 0.12595387 -0.14080182 0.16626926 -0.14106339 0.05797842 0.2355405 0.13680173 -0.024943655 0.046785116 0.48298362 -0.14423499 0.3332699 0.03375194 0.18449074 0.2098862 -0.12071404 -0.39787456 -0.09651225 -0.5804053 0.1670973 -0.16491973 0.28117436 -0.086166 0.099930875 -0.3088832 0.35792562 0.0625387 0.015201549 -0.09241227 0.04144835 -0.09184751 -0.10448667 -0.11547412 0.039663922 -0.16149224 0.045424066 -0.22076084 0.041558303 -0.1905527 0.0124909105 0.21239875 -0.07975561 0.10604202 0.054947387 -0.25819063 -0.10016803 0.077376746 0.29408354 0.11553612 -0.090021655 -0.00759548 1.8844352e-05 -0.24520738
MKD 0.08042968 -0.3940337 0.08986254 0.16928858 0.11823068 0.08365471 -0.16978897 0.07308316 -0.086759694 -0.22435014 -0.23355542 0.3706509 -0.16221203 -0.13497655 0.19111316 0.18155628 0.06347541 -0.2307004 -0.17855346 0.2474038 0.042993527 0.07978703 -0.18498008 -0.035266377 0.30148977 0.094394185 -0.103052795 0.07524665 0.010015382 -0.09806002 -0.13891819 0.16879746 -0.14584713 0.13249643 0.2735199 -0.050191097 -0.06861949 -0.23925442 0.2715219 0.19940549 -0.31824166 0.15522273 0.007048985 0.117381394 0.23436204 0.16993083 -0.017536318 0.25974926 -0.026082985 0.08334455 0.03424452 0.12942743 -0.08586193 0.005992742 0.03611498 0.1467064 0.2472229 0.03369447 0.0017265414 0.01461329 -0.09790044 -0.2623669 0.15441738 0.028632564 -0.08667366 -0.021059787 0.078852415 0.21472742 0.13057178 -0.3354515 -0.03428516 -0.26541036 -0.34443507 -0.26341867 -0.192223 -0.23888357 -0.178992 -0.0786089 -0.1629698 0.08194652 0.08293283 0.10802566 0.47352883 0.38731855 -0.19233632 0.41052708 0.21312302 0.21446083 0.38790998 0.11747361 0.28677192 -0.61492395 -0.077368215 -0.11615569 0.13579603 -0.17253704 0.10831327 0.16215767 -0.07213289 -0.16021156 0.16490203 0.08248269 -0.06517437 0.24826074 0.19193542 -0.052734584 0.02577746 0.023896974 0.050726764 -0.07675951 -0.15212955 -0.13738711 0.19493754 -0.028457865 -0.16273484 -0.14406532 -0.026231633 -0.18289448 -0.041159134 -0.16000049 -0.038718097 -0.21147563 -0.031524032 0.32718995 -0.30694267 0.20295282 -0.123138756 -0.19391635
BHS -0.122204594 -0.19245037 0.23320036 0.3692716 0.10329259 0.23543891 0.06385535 0.005271881 -0.011503771 0.23466592 0.013316745 0.15727328 -0.028269788 -0.41357195 -0.19379628 0.15624614 0.19374865 0.2300029 0.24499276 0.040443815 -0.1555609 0.121479906 -0.1545068 -0.26191705 -0.3278925 -0.14301184 -0.2445146 0.22471997 -0.13045883 0.16084352 -0.203119 0.09288187 0.10327424 0.23746349 -0.19376296 -0.276849 0.17706129 -0.03556186 -0.005468742 -0.042765442 -0.1434298 -0.12476925 0.09138199 -0.18435523 0.27253833 0.10464028 0.014335543 0.022482451 0.00093387545 0.27420262 0.20481011 -0.0071863867 -0.043928094 -0.041260734 -0.059794955 0.004011061 0.30694062 -0.26571548 0.049388878 -0.4076714 -0.18389383 -0.04215631 0.27088642 -0.085868046 0.26013651 -0.014326559 0.070552886 0.19771333 -0.17737669 -0.04390231 -0.105449066 -0.024143603 -0.5463624 -0.12170297 -0.30157706 0.02077617 -0.21754554 0.15787436 -0.17419183 0.24017115 0.29640797 0.1089282 0.05856231 0.10894059 0.28288132 -0.14015186 0.13233915 -0.18753575 0.40455586 0.0778097 -0.0075119035 -0.3858711 -0.23662695 -0.4146679 -0.1277465 -0.09549446 0.17772359 0.16712408 0.046002854 -0.42136472 0.24179856 0.06411421 -0.17422041 -0.0786854 0.16263743 0.24284966 -0.12495748 -0.12267411 0.0973824 -0.19419028 0.1968697 -0.3598328 0.026383724 -0.22773321 -0.009200459 -0.12367792 -0.21465561 -0.12542994 -0.007664198 -0.23991588 -0.19223937 -0.091557555 0.048371866 0.16890498 -0.1119477 0.07287496 0.04316697 -0.053751063
MTQ -0.17361438 -0.17072098 0.21508133 0.014400181 0.040963326 0.088283345 0.20896292 0.08780485 -0.25714433 0.006568578 0.31584394 0.024839044 -0.23113863 -0.012384637 0.082867265 0.054020397 -0.064945996 0.19368029 -0.030597983 0.1713171 0.14812298 0.1714872 -0.074666224 -0.05158918 -0.16024257 -0.27343622 -0.07611996 0.18134737 0.03691582 -0.061720688 0.09472471 -0.0045604715 0.107137196 -0.054492995 0.048418816 -0.13645566 0.1962467 -0.09142405 0.25234267 -0.076300286 -0.097767286 -0.02453428 -0.042514328 -0.2051776 0.13573194 0.24294157 0.009629253 0.16424157 -0.10092109 0.35372213 -0.042074885 0.2786435 -0.016627673 0.10117226 -0.1253526 0.07129898 0.23269233 -0.2882638 0.14888541 -0.0018039825 -0.1773371 0.051522765 0.029054414 -0.15479639 0.17535993 0.10830173 -0.012907285 0.44189882 -0.08704397 0.09987625 0.14987873 0.15520835 -0.49103022 -0.1904744 -0.10059487 -0.21894448 -0.23090567 0.15349899 -0.09953426 0.1783593 0.21714127 0.016027065 -0.07756503 0.48135692 0.31155467 0.12405211 0.18447945 -0.2042998 0.10741312 0.34947985 0.18989822 -0.31030405 -0.06912334 -0.09090245 0.0523493 0.05056864 -0.12249591 0.011601401 -0.06233965 -0.02925844 -0.2195236 0.12032097 -0.26994216 -0.23292033 0.23200844 0.12806627 0.015099375 -0.020866824 -0.03639133 -0.30526024 0.08556005 -0.18999778 0.026350176 -0.11154666 0.263241 0.034615763 0.21905947 -0.042054527 -0.0777802 -0.13825285 0.0039587687 0.035514344 -0.023956291 0.043216478 -0.117654935 -0.011874068 -0.21974285 0.12394535
YEM 0.16183558 -0.35588357 0.106454134 0.14831792 0.28302518 0.37972736 -0.040186178 -0.23587842 -0.006255858 -0.11658593 -0.24081476 -0.021000955 -0.092248775 -0.0060281763 0.2581297 0.011707768 0.04799555 0.27453893 0.11054172 0.2796817 0.28011912 0.20085876 -0.008382664 0.03848443 -0.15316364 0.16968395 -0.026207438 -0.023712726 0.002330483 -0.027011635 0.08443355 -0.03168427 -0.12506658 0.059048016 0.09847642 -0.2519139 -0.12940948 -0.13998361 -0.10161872 0.30876258 -0.1257668 -0.031455763 0.07425013 -0.15049502 0.092166476 0.21512596 0.02498206 0.17517518 0.08869704 -0.038679916 -0.28811514 0.113345 0.46001458 0.37432718 0.08443502 0.017930951 0.2592104 0.06274904 0.10237166 -0.19680691 0.42249227 -0.27272958 0.15241905 0.25153342 0.06591646 -0.14745642 -0.14240076 0.19864023 0.023048466 -5.8155623e-05 -0.059958592 -0.27446133 -0.156236 0.1388098 0.040686358 -0.28176656 -0.03245587 0.25901604 -0.16280453 0.20269133 0.06372731 -0.17446625 0.011338694 0.32488224 0.0944426 0.04447825 0.2371161 0.1538682 0.08084482 0.21604156 0.121683195 -0.11987086 -0.06287814 0.24651708 0.096427426 -0.055922467 -0.06181914 -0.133893 -0.28422204 -0.22201914 0.019950531 -0.0012993043 -0.084755756 -0.036898684 -0.020889806 0.15067868 -0.15211613 -0.04505629 0.23704089 -0.21097173 0.13003632 -0.23930566 0.120100275 0.12515661 -0.065598026 -0.20665869 0.09712902 -0.19983552 0.046932936 -0.14027676 -0.110268086 -0.045036733 0.15187496 0.22048214 -0.27425215 -0.11778524 -0.28182703 0.05514659
THA 0.2119381 -0.19733737 0.14409213 0.14345276 0.28318658 0.22243172 -0.048583806 -0.09710604 -0.04159755 -0.24163891 0.048874117 -0.111447826 0.035691537 -0.15236312 0.24333487 0.04943002 -0.20903692 0.2928826 0.026910616 0.3432443 0.32992503 0.35222742 0.02684044 0.030852145 -0.1064192 0.03917654 -0.10886467 -0.05553786 0.016812919 -0.03536061 0.18905434 0.01668809 -0.06210918 0.0078183105 0.08778514 -0.090784684 0.02656298 -0.09302877 0.012535272 0.17386618 -0.1834723 0.12641592 0.069865435 -0.10562575 0.14579003 0.068523034 0.072463505 0.07866611 -0.08850411 0.018740032 -0.14397052 0.0981872 0.25572175 0.2664448 0.06552485 0.104490325 0.32651868 -0.023714008 0.08570266 -0.1486878 0.2632246 -0.2901745 0.12731998 -0.02802736 0.117254 -0.048168477 0.022305151 0.14375083 -0.05690367 -0.0073972484 -0.024440829 -0.29225585 -0.24921633 0.106890805 0.051224124 -0.21751724 0.054511137 0.23030126 -0.15167333 0.20697498 0.06466128 -0.2502602 0.023883855 0.45712173 0.1030102 0.06852279 0.2939788 -0.009862483 0.08409621 0.34825987 0.092837736 -0.16757852 -0.05641711 0.12566729 0.3190296 -0.037443753 -0.16931115 -0.027277157 -0.36031896 0.009292808 -0.15121093 0.02385429 -0.22049189 -0.07298061 0.06920395 0.11152677 -0.061853636 0.10170855 0.08045565 -0.25588307 0.14399247 -0.21462591 0.13412897 0.026723543 0.08424034 -0.15297644 0.17877412 -0.05711141 -0.043862455 -0.11556689 -0.1298885 -0.03754475 -0.10983252 0.004247781 -0.073818155 -0.0900888 -0.27367178 0.14077064
ESP 0.075171724 -0.41127408 0.121040225 0.22361943 0.17841205 -0.12217975 -0.0838262 -0.11936933 -0.049072955 -0.13538909 -0.029094314 0.131877 -0.19464709 -0.16659015 0.0822296 0.2864518 -0.08968456 0.118870586 -0.13228531 0.174712 0.18089618 0.14976121 -0.0021106394 -0.21880302 0.12230146 0.05480644 -0.1619397 -0.033613663 0.06943889 -0.14661874 -0.0928803 -0.039977875 0.26882592 0.10868678 -0.08026591 -0.02716734 0.06414974 -0.07814931 0.109829955 0.05965077 -0.18723789 0.05093687 0.056569334 -0.2156437 0.0008607795 0.20493564 -0.07018875 0.057891507 -0.03345102 0.14993007 -0.13895538 0.21973763 0.27993524 0.06906287 -0.08355077 0.17774719 0.31332523 -0.06548561 0.03097628 -0.035750944 0.13427186 -0.037992135 -0.003489088 0.058443464 -0.04132075 0.20871674 0.10142229 0.19528523 -0.01778216 -0.10309191 0.21297728 -0.023504747 -0.24918045 -0.17869486 0.009181425 -0.12914714 -0.28664735 0.075366676 -0.036306813 -0.07189972 0.060345676 -0.13016884 0.1669137 0.36030656 0.007675252 0.20718502 0.14767998 -0.036187164 0.15383656 0.17291431 0.06383929 -0.1523453 0.13018191 0.052809052 0.16344507 -0.09335764 0.009446629 -0.07691329 0.029303238 -0.22932304 -0.07622241 -0.07580838 -0.034260187 0.056469437 0.035747375 0.03205437 0.0012847463 0.003631651 0.23004177 -0.04924463 0.06258549 0.06577621 0.06135724 -0.121896505 -0.06610783 -0.1846286 0.012477353 -0.052921966 -0.04987661 -0.015392116 -0.11702129 -0.19200692 0.10414209 0.05966721 -0.15482275 0.04375916 -0.017576063 0.048392415
FIN -0.056605976 -0.21760002 0.07043252 -0.012485395 -0.003658872 0.09435473 -0.06511993 -0.105802946 -0.002529907 -0.0052459203 -0.061567657 0.15607026 -0.26200736 -0.043416336 0.013690526 0.04186392 0.20790114 -0.026494998 0.14559974 0.019409988 -0.040437505 -0.018898148 -0.10599741 -0.14576651 -0.03452856 0.017721754 -0.120880514 0.07424582 0.049798474 -0.052347414 -0.13412704 0.008920131 -0.032965995 0.17542547 0.111945145 -0.2331291 0.0060842275 -0.1707218 0.13444582 0.21383967 -0.09619087 -0.08489722 0.16478108 -0.155727 0.1349021 0.1306734 -0.016465167 0.061049383 0.024405198 0.19752309 0.021917759 0.030616418 0.09010394 0.072261795 0.0043124687 0.037445903 0.28223082 -0.15527618 -0.061720934 -0.06496723 0.02295807 -0.02720941 0.07244759 0.054989636 0.06770669 0.034146354 0.058140952 0.44737554 0.08657305 -0.15353121 0.117821656 0.0029924533 -0.44159272 -0.18368554 -0.25418243 -0.20992419 -0.31916538 -0.057474837 -0.093818724 0.09734185 0.18060046 -0.016513033 0.093948 0.27824113 0.014694247 0.15438165 0.15047982 -0.0479945 0.18546295 0.07304702 0.11960975 -0.25261977 -0.10385713 -0.03487313 0.008939626 -0.12799616 0.0068224776 -0.04231444 -0.045777697 -0.3569077 0.19667645 0.097569615 -0.11416214 0.06634924 0.046777166 0.08310579 0.061057497 -0.21968152 0.09383136 -0.21223593 0.052660864 -0.17985642 0.08542932 -0.06390185 -0.19556966 -0.15492386 0.106122635 -0.10205431 -0.00097914 -0.16343674 -0.107908756 -0.08754368 0.11142323 0.21759929 -0.24093713 0.055839233 -0.079972126 0.02929604
CRI 0.14403707 -0.15159184 0.20302743 0.27778757 0.09971332 0.23153993 -0.21747068 0.12425544 0.21436824 0.107085094 -0.10556533 0.11064527 -0.29637063 -0.21563411 -0.17675444 0.14846973 -0.17116849 0.111980505 0.09278862 0.18572547 -0.026395861 0.19670434 0.2099382 -0.46702743 -0.2072078 0.010460204 0.12094014 0.21182908 0.11755659 0.15036374 -0.21170953 -0.07201943 -0.20237908 0.110067286 -0.13006534 -0.4227577 0.085776635 0.07589266 0.022817852 -0.17594646 -0.050704986 -0.088351436 0.04101858 -0.15969583 0.23665276 0.19802237 -0.22982416 -0.051049415 -0.13033259 0.19474424 0.16241738 -0.09031435 -0.24507524 -0.021042617 -0.027297536 0.098449744 0.3469061 -0.2405728 -0.09781007 -0.3707721 -0.18571979 -0.07112587 0.22093572 -0.23460604 0.034261696 -0.0152935805 -0.018890688 0.24297033 -0.18806541 0.032347873 0.008608335 0.23288678 -0.42916754 -0.18231176 -0.24598455 0.115594335 -0.14309745 0.15881415 -0.10406284 0.020297494 0.23830318 0.1503724 0.0025693558 0.07488091 0.45193696 -0.048125703 0.29044697 0.017506719 0.10740345 0.22022013 -0.13351834 -0.38794744 -0.029584315 -0.51873857 0.17062487 -0.14058746 0.24160413 -0.101417065 0.15783963 -0.2607388 0.28043297 0.044954065 0.047326256 -0.05160018 0.040576693 -0.12121369 -0.075238004 -0.1104872 0.008773039 -0.10727892 -0.012060161 -0.13524462 0.035695218 -0.19722436 0.031841177 0.2128759 -0.007976101 0.08609899 0.027753407 -0.22849883 -0.08725031 0.08329077 0.28680408 0.1095236 -0.07414214 -0.007205149 -0.06822981 -0.23704956
SGP 0.21262306 -0.26047534 0.16138835 0.15570481 0.16681711 0.039812133 -0.06909374 0.039797377 -0.040367402 -0.28154758 0.12928732 -0.041422717 -0.1069006 -0.13051873 0.2145992 0.15892941 -0.2392592 0.25529873 0.025338316 0.27218828 0.3125368 0.32896277 0.04877287 -0.047786456 -0.11832181 -0.01680756 -0.15451579 -0.09135488 0.023452647 -0.0578174 0.16369113 -0.046067115 0.028542304 0.024729248 0.035913616 -0.14499967 0.2023298 -0.049622495 0.05326094 0.055556107 -0.13565764 0.06213941 0.058935147 -0.016300203 0.15586899 0.048000623 -0.005194016 0.029100575 -0.13982935 0.056509472 -0.12161419 0.073092155 0.17465612 0.097591795 0.077753484 0.11657988 0.29771465 -0.03232117 0.051052738 0.021029726 0.11432524 -0.21676962 -0.0035558087 -0.10018116 0.104158334 0.025887413 0.040531334 0.105436735 -0.0977919 -0.036703043 0.084715486 -0.13483837 -0.29600957 -0.05841757 -0.027056174 -0.18525632 -0.090731755 0.1522447 -0.07301414 0.0875257 0.064503476 -0.2625393 0.07821754 0.5153804 0.08006525 0.1487932 0.2874923 0.004320798 0.1432231 0.3779882 0.11120488 -0.11394798 0.0094666425 0.0638239 0.34501836 -0.01669026 -0.21932478 -0.035932146 -0.28344333 0.095376395 -0.13855682 0.11362869 -0.2432433 -0.09056443 0.079754636 0.055774335 0.07337587 0.15684143 0.016864613 -0.20380837 0.123673275 -0.12592094 0.08771764 -0.0045805015 0.058477774 -0.0644655 0.16425905 0.113029525 -0.008300063 -0.11327479 -0.10664754 -0.1043035 -0.07940172 -0.103772916 -0.10025618 0.020322464 -0.1757072 0.17891474
CHL 0.119162925 -0.31427148 0.25409016 0.2585981 0.113295145 -0.04126458 -0.27243856 -0.03677532 0.0058414834 -0.027060553 -0.039775547 0.23599331 -0.25243407 -0.28715017 -0.12811361 0.37053865 -0.36666465 0.1369449 -0.20061286 0.25684828 0.115849905 0.2115872 0.16314997 -0.34715387 0.092806526 0.06821486 0.072878405 0.088186204 0.08174932 -0.08651348 -0.16484724 -0.021682246 0.2867417 0.000665708 -0.17740157 0.06585754 0.13862312 0.017189253 0.12173696 -0.19277813 -0.15246095 0.07060083 -0.092904665 -0.25050354 0.12786601 0.3143897 -0.101616055 -0.035975073 -0.08218495 0.23384503 0.07203972 0.24201077 -0.041047655 0.030515773 -0.15315439 0.24927017 0.29946706 -0.06821049 0.07008239 -0.2866027 -0.042943157 0.01957981 0.14107959 -0.087586746 -0.055263415 0.23002739 0.239211 0.24630238 -0.16833158 -0.079775415 0.25514767 0.08300106 -0.26112998 -0.20464563 -0.018464739 0.13579209 -0.35682973 0.056254216 0.01714295 -0.08110696 0.19602507 0.044458184 0.13981947 0.2102092 0.16627209 0.14990318 0.23354776 -0.049510557 0.16130118 0.15245904 -0.07826827 -0.15674296 0.27652153 -0.24919079 0.1691366 -0.027229024 0.17606756 -0.025075305 0.20723327 -0.34889066 -0.04791225 0.043396678 0.031070866 0.047977548 0.12984133 -0.1007815 -0.037495807 -0.017961405 0.17200501 -0.012006908 0.038874567 0.06911996 0.005154557 -0.330846 0.06833982 -0.049985006 -0.06317131 0.011855278 -0.091780216 0.008034926 -0.037677333 -0.038958892 0.18409331 0.0074399523 -0.06440122 -0.0065009184 0.06402747 -0.1957875
POL -0.03481351 -0.16166134 0.09877945 0.0415645 0.06758454 0.02514288 -0.06727742 -0.0627255 0.023491686 -0.025632305 -0.016727004 0.13215202 -0.0915828 -0.16367114 -0.04523537 0.04287985 0.18015726 -0.016188607 0.023055 0.026510617 -0.04110342 0.053605877 -0.062376477 -0.18694957 0.018735133 -0.0014622627 -0.15686831 0.07873381 0.010424269 -0.071523316 -0.113772534 0.07939843 -0.008095368 0.210558 0.0780632 -0.0923729 -0.018626586 -0.15816517 0.09994817 0.17404507 -0.18550625 0.01252295 0.12446634 -0.13684757 0.06863931 0.024460293 0.038553707 0.052267022 -0.03695831 0.14557227 0.028575057 0.011418888 0.0104122665 0.08249338 -0.022256617 0.055387978 0.3600125 -0.20763087 -0.08103271 -0.10010591 0.038116492 -0.086156525 0.11171554 -0.025875697 0.08803144 0.076808155 0.124767095 0.36373535 0.0807307 -0.2250002 0.09371165 -0.09925665 -0.48659703 -0.25213975 -0.16745019 -0.18637803 -0.19861324 0.008296194 -0.14635974 0.071153544 0.13766825 0.0052490556 0.17913672 0.23608333 -0.0548672 0.18008544 0.08859555 -0.12394568 0.1880323 0.14136165 0.049209073 -0.30031687 -0.102372855 -0.13728148 0.088553585 -0.19097596 0.032660883 -0.009075247 -0.053337876 -0.2387359 0.11389356 -0.022333061 -0.14675896 0.054171618 0.052330624 0.08162304 0.046442777 -0.13649811 0.12367037 -0.19719854 -0.029617298 -0.16881675 0.15461835 -0.104285434 -0.1408404 -0.11664463 0.057588138 -0.13557482 -0.032534752 -0.14509183 -0.13205214 -0.14129147 0.04048898 0.22735634 -0.14332217 0.040451862 -0.10229004 0.0045315973
LTU 0.14820643 -0.22755884 0.05443957 -0.0057833376 -0.07623473 0.17756765 -0.38632855 -0.09032896 0.23567617 -0.16798751 -0.31367135 0.17266542 -0.29107767 -0.09913236 0.012346431 0.06572517 0.34433672 -0.016517805 0.10966292 0.192098 -0.10729246 0.09936864 -0.023852136 -0.24839593 0.056451444 0.09580481 -0.08232308 0.08697551 0.15703788 -0.15678899 -0.16348982 0.111077316 -0.28755516 0.36953416 0.21952465 -0.2716704 -0.14034191 -0.15859477 0.049870417 0.36308843 -0.23953153 -0.2537848 0.17818102 0.043329816 -0.042432673 -0.11449731 0.009134302 0.029075816 -0.10093441 0.12400586 0.048330665 -0.13117123 -0.00026209067 -0.04492957 -0.018468088 0.022700155 0.5040872 -0.24611719 -0.24812269 -0.12126376 -0.031845864 -0.07895445 0.08192432 -0.061630964 0.008054676 0.041458763 0.00042304618 0.6061898 0.29492956 -0.40298557 0.23195517 0.04550552 -0.60152215 -0.4078076 -0.25026488 -0.18749511 -0.11819929 -0.10821201 -0.06209956 0.05040634 0.27106804 -0.0021105895 0.15696354 0.27223778 -0.19212398 0.33454943 0.15304087 -0.10016258 0.016076524 0.11957015 0.056452487 -0.3846414 -0.14523658 -0.20534404 0.34835252 -0.24357708 -0.03757097 -0.05162772 -0.073096864 -0.16679066 0.37036067 -0.030832328 -0.0011484621 0.16216895 -0.09967342 0.03616479 0.27738664 -0.18864064 0.0048782052 -0.050224345 -0.25525948 -0.26225743 0.1637071 0.0400029 -0.4054231 0.042151477 0.28956413 -0.04248815 0.05582041 -0.2114805 -0.035617296 -0.2518407 0.2041174 0.27219674 -0.16568132 0.13092369 -0.24141702 0.12191358
SLV 0.19539629 -0.37684983 0.20662068 0.30814695 0.15352961 0.18859255 -0.19033135 0.020541064 0.15220012 -0.06940037 0.020464476 0.07710605 -0.40609166 -0.23240046 0.009603744 0.28016746 -0.23186846 0.22787803 0.13792738 0.09577425 0.06833355 0.29074764 0.1225244 -0.2573148 -0.19667219 -0.047868457 0.016699769 0.08883132 0.108667776 0.16481979 -0.07737689 -0.17062299 -0.076736085 0.06640948 0.026680198 -0.3567577 0.124550305 0.103503525 0.027637087 -0.045165878 0.11701975 -0.11051509 0.023235636 -0.15831429 0.19352669 0.21577317 -0.15901318 -0.030873826 -0.1490245 0.09875106 0.038972456 -0.12667839 -0.008483146 -0.03189918 0.07389101 0.047877524 0.21205136 -0.17342968 -0.079401635 -0.20162135 -0.0861061 -0.106705666 0.064117335 -0.14951561 0.09446025 -0.0121013485 -0.1476681 0.14418367 -0.2024426 0.08895753 0.039706267 0.11049704 -0.27310923 -0.09573735 -0.19544938 0.045097906 -0.08370388 0.23601761 -0.10459355 -0.029241785 0.11450304 0.026088208 -0.16429138 0.09028416 0.36058852 -0.10399358 0.13982186 0.069635384 0.021432348 0.3432322 -0.07345161 -0.1018644 0.010328696 -0.2273345 0.17574242 -0.08168979 0.05505771 -0.117537506 0.07153019 -0.14990345 0.16171682 0.048431247 -0.041261066 -0.18727915 0.054515775 -0.048699673 -0.0053433417 0.029210608 -0.038044654 -0.21259534 0.09243341 -0.09522696 0.014545942 -0.11204412 0.09249873 0.12903151 -0.03433953 0.07353599 -0.019904152 -0.23275729 -0.09285214 0.041402254 0.18261231 0.07089506 -0.08633416 0.031690974 -0.105207086 -0.068196386
CHE -0.12670024 -0.40140626 0.08366431 0.18606782 0.17013595 -0.09873016 0.020410543 -0.12724793 -0.057051014 0.085238494 0.028021587 0.16140085 -0.16551614 -0.08973343 0.05253455 0.20157239 -0.0060126833 0.064203955 -0.17924473 0.052706223 0.10672394 0.014444934 -0.13174109 -0.16124138 0.038443014 0.007082054 -0.15336218 -0.02359493 0.06514914 -0.11401413 -0.11408291 -0.02091755 0.3169752 0.07109625 -0.095143065 -0.031578153 0.05797676 -0.09311155 0.13763855 0.01146396 -0.1522912 0.051125355 -0.007923808 -0.25212824 0.079866126 0.3083503 -0.14260624 0.084974915 0.033917792 0.18841232 -0.12070592 0.2968456 0.26386642 0.1852845 -0.11108327 0.13829446 0.24832468 -0.106262535 0.08268081 -0.031484306 0.12325742 0.004960105 0.026004275 0.16479906 0.033580706 0.21694131 0.023636205 0.28106803 -0.10423862 -0.069131695 0.19907345 -0.016124785 -0.25701207 -0.13631387 0.024382574 -0.19405708 -0.4160944 0.097951464 -0.13405333 -0.064790644 0.018574089 -0.06345631 0.11387998 0.3629424 0.12141663 0.112572014 0.17016107 -0.06132442 0.30128628 0.2097959 0.10681035 -0.20601812 0.04670598 -0.048603687 0.08571461 -0.1512468 0.10667058 -0.11080749 0.013680296 -0.31031105 -0.055347707 -0.009451004 -0.07527792 -0.088056944 0.087982446 0.10354548 -0.12663536 -0.04390689 0.30550638 -0.16605878 0.18002953 0.038221788 0.060463887 -0.15541963 0.07168993 -0.1879091 -0.12501906 -0.08039563 -0.09762146 -0.04473946 -0.037342977 -0.10537785 0.14622702 0.10513383 -0.23677371 0.03371931 0.11157251 -0.03080407
PAN 0.2408721 -0.25589442 0.27884766 0.3170711 0.1647659 0.20005263 -0.3673682 0.12850317 0.27839682 0.09593748 -0.1615941 0.15436374 -0.29130474 -0.29887003 -0.19254386 0.2000869 -0.30178905 0.18436256 0.01719892 0.21887618 0.078948505 0.24773884 0.25255275 -0.3912085 -0.18930505 0.08418564 0.17731242 0.16628928 0.07744297 0.13784893 -0.22910525 -0.12920609 -0.1490323 0.038747728 -0.16000105 -0.32293236 0.02210977 0.08644472 -0.005481256 -0.23076108 -0.0016076386 -0.02888022 -0.09926725 -0.17857544 0.2289417 0.27118647 -0.20166717 -0.045882005 -0.17099695 0.13516118 0.11822826 -0.09517329 -0.24795268 0.06604775 -0.009099908 0.08309975 0.31531376 -0.13195479 -0.062314387 -0.40707934 -0.078917295 -0.13013346 0.26778328 -0.13038981 0.034773573 -0.039880548 -0.0058066254 0.15974002 -0.26843786 0.028130898 -0.024718892 0.17121151 -0.205256 -0.13677001 -0.1880764 0.19942798 -0.14190555 0.16341299 -0.13104509 -0.064477615 0.17475164 0.15059717 0.049632315 0.046715938 0.4244173 -0.02785853 0.3315837 0.043628167 0.17805555 0.31020752 -0.21871239 -0.3158089 0.06426579 -0.50685465 0.17005645 -0.19650671 0.3045543 -0.1255782 0.18334545 -0.30924904 0.22183266 0.040030602 0.07267806 -0.0476753 0.027529515 -0.18818647 -0.091667935 -0.03264025 0.08081573 -0.11693958 -0.04154498 -0.09551297 0.034555558 -0.23919939 0.047883954 0.18809009 -0.091842644 0.10952383 0.034842435 -0.21467073 -0.107956536 0.06852393 0.34884575 0.104938745 -0.08813571 -0.01899144 -0.011527739 -0.31782374
KOR 0.048919033 -0.085961625 0.13886914 -0.025788844 0.13201416 -0.13473071 -0.034261096 0.08458969 -0.024660643 -0.12422679 0.1960893 -0.044619955 0.022103742 -0.018925162 0.1367452 -0.011112987 -0.19800998 0.10376634 -0.18716325 0.25780672 0.32779118 0.23365784 0.00589178 -0.02776915 -0.0749601 0.015575594 -0.0932311 -0.083280005 0.054046333 -0.14783716 0.12568466 0.04227729 -0.0062468117 -0.02047482 0.11518815 0.05632787 0.048124574 -0.09055357 0.11140476 0.049517673 -0.19960506 0.1591477 -0.06649811 0.017118061 0.14075743 0.06769184 -0.006065408 0.0365904 -0.15063696 0.06426769 -0.08945829 0.12365028 0.065334655 0.25128078 0.049001105 0.09198155 0.33823872 -0.066533856 0.04437772 0.077643685 0.16232456 -0.20815697 0.04180374 -0.047485236 0.12758438 0.06497201 0.07305085 0.27269056 -0.10224385 -0.10958044 0.11435302 -0.16278557 -0.32666296 -0.16779469 0.05428557 -0.24935567 -0.18362139 0.10673999 -0.20095704 0.032243904 -0.03011793 -0.20227553 0.17167376 0.5529078 0.041104034 0.23477559 0.33800384 -0.08737968 0.22114125 0.47655532 0.06882426 -0.24999239 -0.01757583 -0.0676581 0.37952852 -0.15159337 -0.11208541 -0.088892885 -0.2720978 0.10660532 -0.17191511 0.075031266 -0.27585816 -0.13519469 0.06797349 0.016904952 0.020109223 0.11626874 0.10133745 -0.3044995 0.062125765 -0.116648786 0.17023015 -0.07449772 0.12613887 0.010132203 0.15791695 0.08364699 -0.088641256 -0.046129882 -0.027258832 -0.025903722 -0.0122274095 -0.05578816 -0.10139447 -0.026927263 -0.110094965 0.077695385
ISR 0.082301065 -0.40611196 0.16297762 0.057074253 0.15496908 0.19117658 -0.11232948 -0.26181257 -0.11785957 -0.14157477 -0.2116741 0.15283252 -0.30700746 0.0049578776 0.23684247 0.14768696 0.016875364 0.2363866 0.07214717 0.31095618 0.24974997 0.21239811 -0.018974511 -0.07087307 -0.096546754 0.10426819 -0.025561415 0.020982873 0.07900547 -0.11503725 -0.011526593 -0.03915809 0.008829239 0.09251099 0.07189491 -0.18404554 -0.056363367 -0.10271735 0.050814375 0.28874147 -0.14234208 -0.11673466 0.042717855 -0.1641788 0.08414896 0.30463058 0.036191385 0.1685027 0.086195186 0.088195786 -0.23239346 0.21568365 0.399961 0.204939 0.011206691 0.13124603 0.2683844 0.07112836 0.12896837 -0.15220822 0.30916983 -0.08546295 0.05534045 0.24767265 0.06675282 -0.045750424 -0.05537954 0.35042837 0.04224397 0.011164931 0.17090379 -0.14676897 -0.17697129 0.018060412 -0.026176983 -0.16854283 -0.2117287 0.07071707 0.0099824695 0.14624648 0.11858443 -0.09856084 -0.01601371 0.39008066 0.006106306 0.16537784 0.1846368 0.039015908 0.056025762 0.06510377 0.12061979 -0.058437493 0.03799463 0.26752925 -0.019218074 0.03187368 -0.10524003 -0.07631334 -0.1056676 -0.30484557 -0.0151128415 0.111571625 -0.049844883 0.04548096 -0.0253894 0.19138016 0.0030187431 -0.13552864 0.14183079 -0.100037426 0.1294111 -0.099193804 0.00015148878 0.06150454 -0.121075384 -0.27385277 0.11521572 -0.16290106 0.0586998 -0.07557298 -0.011793921 -0.064782195 0.22841224 0.17477079 -0.32514328 0.0171299 -0.22336605 0.09621116
SVN 0.034454804 -0.22418007 0.071951576 0.11615944 0.17894953 0.040415104 0.060148764 -0.13266572 -0.073734604 -0.17265442 -0.029759519 0.026098583 -0.05755236 -0.20548463 0.01283227 0.07044706 0.026850587 0.054377325 0.011250857 0.1387147 0.1303455 0.19183165 -0.023662055 -0.16842824 0.18811521 -0.055937823 -0.15031362 0.07290063 0.011580532 -0.09489027 0.018737292 -0.03817257 0.029235909 0.14468014 0.060234778 -0.088415764 -0.06834114 -0.09011075 0.18765005 0.18111953 -0.17208152 0.05459056 0.16203739 -0.22653814 -0.079078935 0.07081321 0.08055727 0.14473462 -0.017620916 0.1360111 -0.11193488 0.13537154 0.1499484 0.046092812 -0.061113145 0.18627022 0.4073559 -0.252724 -0.017578295 -0.10858663 0.077087685 -0.12916684 0.12631875 -0.026854651 0.013189593 0.09270863 0.13604836 0.25114822 0.09948333 -0.081721924 0.006710818 -0.09639273 -0.3882832 -0.09950118 -0.19413488 -0.23618716 -0.04559549 0.09529694 -0.094661884 0.12327012 0.1859966 -0.020975158 0.19439957 0.3484296 0.035015654 0.23111331 0.0644517 -0.06471251 0.06328593 0.14098561 0.13456488 -0.3390002 -0.044636063 0.073790036 0.070540115 -0.17000778 -0.037522834 0.09857551 -0.013262329 -0.22135136 -0.016776798 -0.1283636 -0.09565059 0.16458812 0.04065975 0.049158763 0.013353422 -0.09441008 0.077257745 -0.103864 -0.016425427 -0.06277869 0.09425264 -0.052146904 -0.10541924 -0.19399536 0.12978494 -0.21683595 -0.033782158 -0.17706965 -0.20461023 -0.15548159 0.0058467346 0.21249563 -0.10417932 0.025711648 -0.18289445 0.033904895
BGR -0.0009851982 -0.33074886 0.17749763 0.030067546 0.16369046 -0.002495649 -0.17105226 -0.15350987 -0.08879275 -0.03770437 -0.1692205 0.2703062 -0.33249494 0.03398653 0.20426449 0.18187018 -0.21676636 -0.021728542 -0.23775573 0.40478995 0.28592983 0.097518496 -0.04430202 -0.2191912 -0.015148533 0.1662321 0.05705234 0.007480129 0.15729256 -0.13337462 -0.079103485 0.03443241 -0.028327404 -0.052852433 0.06513981 -0.04292974 -0.12973128 -0.04449663 0.12258089 0.11960445 -0.23041722 0.07173789 -0.110615745 -0.022452876 0.24722663 0.37772006 -0.1255519 0.14577724 0.090568826 0.109907426 -0.12096365 0.32394543 0.21788134 0.2666819 -0.034736942 0.2905624 0.24324088 0.20208266 0.12179278 -0.037104167 0.22851086 -0.06307749 0.09925418 0.29261053 -0.039774757 0.024023741 0.038926188 0.3440698 -0.06127941 -0.02552932 0.19603762 -0.1759855 -0.035314325 -0.019568736 0.08210935 -0.11437825 -0.3658371 -0.04295918 -0.030718604 -0.01217939 -0.041138966 0.011897632 0.15195756 0.48329514 -0.007193586 0.32203537 0.35100275 0.09645838 0.22304155 0.08220109 0.0911404 -0.23182034 0.13205302 0.07238392 0.09306942 -0.06893881 0.14109153 -0.058903392 -0.0015839996 -0.30282992 -0.048103355 0.12331125 -0.026312707 0.09104481 0.04114455 0.07475342 -0.03448949 -0.11267433 0.22908086 -0.071782805 0.14185412 0.08671068 0.020142136 -0.1092825 0.013322105 -0.15555017 0.03270403 -0.037494503 -0.038465016 0.07010445 0.16270487 0.087330624 0.27420712 0.06636963 -0.3926804 0.041007344 0.046812978 -0.19798008
MAR 0.09784959 -0.09835688 0.13516395 0.003644348 0.12562642 -0.026861217 -0.1220047 -0.0066761896 0.018499805 -0.102505036 0.089840144 -0.022701494 0.022368487 -0.048802357 0.1239219 0.05463529 -0.122666955 0.1439126 -0.0782255 0.27001867 0.25084743 0.17822039 -0.006805272 -0.04585716 -0.1307414 0.12522371 -0.09235921 -0.08412956 0.059501074 -0.12117611 0.03134598 0.06475465 0.032462638 0.014090909 0.039467506 0.02122825 0.049353614 -0.108037055 0.021109054 0.07896149 -0.20328903 0.09396704 -0.0042993794 -0.015241577 0.13676682 0.018161967 0.02402818 -0.031640604 -0.11063359 0.07626524 -0.039672125 0.08983651 0.13813616 0.22309929 0.023773288 0.046707645 0.32518992 -0.006324279 0.029618772 -0.031332865 0.17157348 -0.14012565 0.041272115 -0.023515727 0.106593415 0.032174364 0.06965611 0.2606309 -0.07610823 -0.117174864 0.13220528 -0.13866208 -0.26422346 -0.11140189 0.05426694 -0.14243887 -0.20122798 0.07673528 -0.13534214 0.077494204 0.012969533 -0.22842042 0.11221294 0.44379714 0.016869806 0.12631628 0.31854692 -0.084623255 0.2007959 0.33395326 0.023930898 -0.16619848 0.002975928 -0.039306343 0.32143575 -0.079736866 -0.07390428 -0.08360438 -0.24844795 -0.03271749 -0.08204368 0.07595406 -0.21488672 -0.067913525 0.046154458 0.036826648 0.0033783193 0.07052748 0.14849563 -0.20862737 0.084068425 -0.15306288 0.12122859 -0.055564284 0.018130539 -0.054509457 0.13117231 0.080481164 -0.030319823 -0.008371885 -0.05253117 -0.06390079 0.013865919 -0.074873 -0.08827239 -0.0392467 -0.076807305 0.07135675
BRA 0.06641352 -0.2027468 0.21144925 0.18234867 0.16823052 -0.054449756 -0.05972377 -0.15515295 -0.12556913 -0.15965575 0.035777897 0.15413149 -0.09352592 -0.29769424 0.044655398 0.2898236 -0.29801613 0.21777542 -0.10469546 0.28297812 0.24123059 0.3627098 0.08067796 -0.26717865 0.06474731 -0.054717798 -0.09126265 0.050072547 0.115231775 -0.113754265 -0.023126213 0.031513963 0.20398583 0.053325288 -0.062469684 0.11276418 0.07759381 0.051819563 0.12108623 0.019804843 -0.22611655 0.13185711 -0.0075831 -0.19785814 0.103395745 0.21208437 0.048089538 0.077621676 -0.022134706 0.13290371 -0.050465666 0.29166856 0.1102791 0.05630171 -0.08707078 0.35271835 0.31611872 -0.006465643 0.14222494 -0.24607413 0.07208725 -0.054366916 0.07977187 -0.069078155 0.056615546 0.17675324 0.23512451 0.1564767 -0.09103105 -0.0010279238 0.22340429 -0.1430611 -0.31803712 -0.106694885 0.019522732 0.012910726 -0.13482906 0.12688291 0.05733149 0.050843265 0.14683066 -0.07072606 0.08818923 0.3908868 0.07290847 0.18920603 0.09604114 -0.13718304 0.06876301 0.11086395 -0.0142741185 -0.15656267 0.12902305 0.009902679 0.16706792 0.035723746 -0.014960791 0.090942174 -0.013178414 -0.15361664 -0.1979786 0.03745728 -0.062426668 0.09569854 0.13237447 0.12267575 0.006030113 -0.008798302 0.04633421 -0.042606648 0.13624229 0.063876934 -0.0071467794 -0.23398641 0.13352115 -0.2134305 0.026538553 -0.12307208 -0.10022371 -0.019353708 -0.07712843 -0.08662265 -0.00023299415 -0.03730183 -0.050649527 0.041176613 -0.11681514 -0.008328724
HKG 0.35673833 -0.3450886 0.16772735 0.26447782 0.1927172 0.17940253 -0.0550227 0.0060955384 -0.107537955 -0.39862773 0.059333406 -0.025676785 -0.13858826 -0.16548562 0.21913412 0.21631204 -0.23202647 0.3418534 0.17871219 0.26348758 0.26646096 0.3442612 0.08792487 0.009447065 -0.07140683 -0.044034332 -0.15953337 -0.049765285 -0.06333601 0.03151077 0.20328398 -0.096670166 0.03276405 0.023430875 0.044427466 -0.27157858 0.24817541 -0.06216436 0.024733506 0.07820411 -0.05860395 0.024328817 0.10658437 -0.06488329 0.17700857 0.071076825 0.0070308167 0.06954991 -0.14604883 0.085329525 -0.13754396 0.063056506 0.27019125 0.033121075 0.104002774 0.08552637 0.2690991 0.012286652 0.08801688 -0.091897994 0.078420445 -0.26468855 0.028465996 -0.0929318 0.07468558 -0.074433446 0.015781626 -0.014084509 -0.09793618 0.034149867 -0.03734586 -0.13507563 -0.23715071 0.060600087 -0.13101202 -0.13520768 0.002682948 0.19076826 -0.03939331 0.19742718 0.1620671 -0.3125289 0.06743676 0.505672 0.15391216 0.12174517 0.32592103 0.12896977 0.12739697 0.37504488 0.15529007 -0.12576088 0.011246545 0.15604599 0.26840457 0.021452015 -0.25592095 0.014721736 -0.2729246 0.013113658 -0.090313494 0.09555308 -0.23023069 -0.02865465 0.09095003 0.037959967 0.06521778 0.15298018 -0.04738958 -0.1277586 0.12787795 -0.18193458 0.07944895 0.041993637 -0.04752412 -0.14299288 0.18798293 0.07963972 0.06852775 -0.16397698 -0.1936806 -0.13932483 -0.11660154 -0.07881797 -0.1163314 -0.010720978 -0.25379798 0.19928844
NZL 0.20048487 -0.19474706 0.1655566 0.11820085 0.114212476 0.060349558 -0.12525149 0.11586158 -0.03632248 -0.26951268 0.16256967 -0.0021271226 -0.074659474 -0.17082146 0.16230088 0.16439664 -0.17081076 0.24748935 0.081679486 0.32316345 0.22428505 0.26054093 0.020141738 0.05974465 -0.1450106 9.381125e-05 -0.17939733 -0.13155764 -0.02954823 -0.09626931 0.20260899 0.030179087 0.093559206 0.04123549 -0.013901625 -0.09803334 0.25472268 -0.12266108 0.1009537 -0.0021441586 -0.18787691 0.05651497 0.0460892 0.025218638 0.15443377 -0.041364923 0.030688934 -0.00016690919 -0.21003076 0.12289542 -0.023513064 0.0818238 0.08395066 0.0766314 0.023948964 0.061849754 0.36988497 -0.030457797 0.04625617 -0.038465347 0.013272329 -0.23996486 0.019946257 -0.18876891 0.16603929 -0.010208446 0.083614595 0.11856478 -0.09311052 -0.09832637 0.086305104 -0.08649572 -0.28015366 -0.059472743 -0.08149365 -0.13287485 -0.117402956 -0.003935379 -0.026273636 0.17450444 0.1459239 -0.31299844 0.11675015 0.5865236 0.04442264 0.15944287 0.3778145 -0.06760005 0.25128454 0.384611 0.15357392 -0.23437929 -0.016385434 -0.02138182 0.37812585 -0.054100133 -0.2384468 0.067387395 -0.2990527 0.101751685 -0.1430186 0.13629732 -0.2825736 -0.052719466 0.08083913 0.010789875 0.13311699 0.18311633 -0.015977666 -0.17616257 0.033992004 -0.17456388 0.111806445 0.006026892 -0.006719684 -0.059605088 0.23204395 0.21004659 0.05765349 -0.08443334 -0.116570875 -0.19898434 -0.12660058 -0.17083153 -0.10871422 0.030543873 -0.11129931 0.1576492
MDA 0.08576504 -0.20914045 0.05154101 0.056570318 0.12072381 0.03531375 -0.11367408 0.03246791 0.10802159 -0.045350257 -0.011232111 0.07036928 -0.19351432 -0.10525204 -0.063222036 -0.016491098 0.10449552 -0.09807135 -0.007618865 -0.014242193 0.015855309 0.032464784 0.026139623 -0.16090354 0.041591175 0.0420274 -0.08567399 0.036424134 -0.026434556 -0.026682748 -0.08185438 -0.058068328 -0.12863606 0.17093396 0.13868396 -0.25778243 -0.06896992 -0.17859872 0.13993569 0.16743991 -0.08595613 -0.0052346108 0.11074986 -0.12071947 0.060380172 0.055369023 -0.08118945 0.06796534 -0.099486805 0.10316595 -0.031828783 -0.077940434 -0.025667958 0.09554211 0.033347655 -0.018667283 0.33650687 -0.24247631 -0.17592354 0.021750309 0.045852594 -0.14594148 0.10126024 0.003826077 0.025372377 -0.014248876 0.03501457 0.324439 0.0642021 -0.17426783 -0.03621388 -0.007277983 -0.3313902 -0.22088672 -0.23920782 -0.21739672 -0.13111067 0.016233485 -0.20935665 0.013431679 0.07510388 0.022280082 0.20140323 0.2109214 0.026269961 0.17355466 0.16789687 0.006236396 0.145824 0.2649467 0.04668365 -0.30929536 -0.07862869 -0.14542125 0.12183087 -0.32427922 0.05974001 -0.10305565 0.01083841 -0.23335735 0.17540704 -0.096541926 -0.14361359 0.026323788 -0.027586833 -0.10036381 0.039037693 -0.08847358 0.13060308 -0.22768143 -0.105115265 -0.1485825 0.17698875 -0.03244242 -0.18557824 0.0013735752 0.10070476 -0.046311017 0.016273577 -0.19850911 -0.15208581 -0.08105908 0.12665695 0.2472907 -0.17499982 0.024281401 -0.075786866 -0.059352998
PHL 0.44700825 -0.33984601 0.20511028 0.34466136 0.27591422 0.19358146 -0.0723574 -0.00051643717 -0.045249537 -0.4379656 0.12231196 -0.105325155 -0.16287266 -0.24984407 0.20259342 0.3004716 -0.39608666 0.3324013 0.15057772 0.2433848 0.32868904 0.40488267 0.133881 -0.18825653 -0.07058729 -0.037933636 -0.15135005 -0.009178293 -0.009984555 0.11448444 0.15570818 -0.13197806 -0.038892843 0.013997543 0.07471735 -0.303772 0.23717737 0.013462453 -0.0043109586 0.06840504 -0.024376804 0.103532046 0.16575101 -0.1028517 0.23856054 0.058190424 -0.039850872 0.013318204 -0.1739143 0.07698205 -0.09192799 -0.032053523 0.24155077 0.017187957 0.12628917 0.1211388 0.23187064 -0.030390305 0.0017249632 -0.07101824 0.043019675 -0.22721088 0.05911944 -0.15164666 -0.019436618 -0.029011331 0.045412622 -0.036859713 -0.121804185 0.08565448 -0.09083446 -0.14454213 -0.25597194 0.060223874 -0.09380876 -0.09409129 0.086705334 0.2934506 -0.10379847 0.11854883 0.10495067 -0.28081197 0.0040861308 0.34975272 0.21796769 0.021022156 0.26487812 0.14114231 0.012608604 0.3707936 0.040573332 -0.055903763 0.030882483 0.1059682 0.298034 0.05470564 -0.17319828 -0.008987842 -0.23722826 -0.021195166 -0.049073942 0.01333981 -0.23746271 -0.06744785 0.13746564 0.010978632 -0.002807966 0.15556559 -0.019840049 -0.17180412 0.21217276 -0.16725232 0.054693162 -0.05838581 0.029198471 -0.06823131 0.15815753 0.044772442 -0.015352981 -0.14616023 -0.20663044 -0.03192942 -0.15100251 -0.12311245 0.015186265 -0.050968032 -0.2486107 0.14367138
PER 0.2771058 -0.23176873 0.21108957 0.21306004 0.0779463 0.031511553 -0.33663994 0.020231538 0.12027809 -0.15978962 -0.0899519 0.1232618 -0.30102167 -0.22083545 -0.113964535 0.3550885 -0.45361355 0.13240075 -0.10626638 0.30668703 0.15497574 0.2958556 0.26864508 -0.41269252 0.10636184 0.16911422 0.12147154 0.08283823 0.14219202 0.010053693 -0.17362878 -0.08546778 0.10745313 0.04326537 -0.0770935 -0.023623234 0.12404163 0.04828663 0.069378056 -0.15245597 -0.078881465 0.04544401 0.015212564 -0.19120628 0.08964461 0.17884797 -0.098556094 -0.13285024 -0.13318606 0.18350264 0.118703246 0.0399131 -0.061116233 -0.041851267 -0.07568241 0.1990685 0.37031934 -0.09254757 -0.07634134 -0.302695 -0.07560962 -0.020619221 0.13099843 -0.2271177 -0.12873471 0.17770465 0.19067848 0.194168 -0.08897171 -0.084862605 0.19423805 0.12239069 -0.25959986 -0.18069452 -0.051696125 0.17586209 -0.17954995 0.1013909 0.008546584 -0.103642635 0.20002434 -0.036725886 0.09507746 0.12505661 0.12816258 0.09370493 0.21729368 0.048391342 -0.028938562 0.15491825 -0.10604745 -0.11426691 0.2766819 -0.21033698 0.2753338 0.006175376 0.0962786 -0.076434754 0.15094426 -0.26932147 0.05648042 -0.017645454 0.0482598 0.10710022 0.11453952 -0.21487297 -0.015340951 0.05316171 0.10464463 -0.009464559 -0.01114594 0.0038651675 0.011705005 -0.24342507 0.021180086 0.06127852 0.04560621 0.05921094 -0.032975573 -0.024278015 -0.105523214 -0.019173132 0.13174702 -0.007867381 0.05033535 -0.039485928 -0.061581027 -0.13169625
CYP 0.12753847 -0.12999247 0.091546744 -0.09260607 0.059149098 0.007129553 -0.24869102 -0.0016495269 0.010998212 -0.18104015 -0.110682264 0.13526133 -0.13521372 0.011071112 0.005908915 0.062457304 -0.09590637 -0.1641993 -0.16550827 0.25502455 0.15197031 0.013062527 0.049798075 -0.18214601 0.21090779 0.2480294 0.030501144 -0.015953593 0.040522724 -0.1839815 -0.045942575 0.06478877 -0.0414809 0.0623028 0.15875825 0.022869784 -0.052527837 -0.24819607 0.16894753 0.14802325 -0.27060524 0.1375053 0.061904132 -0.07694978 0.13934608 0.10450767 -0.033469886 -0.00066746667 -0.05770183 0.12232715 0.032891266 0.1027561 -0.008627917 0.15697011 -0.03623117 0.102394596 0.35565847 -0.015640315 -0.09569529 -0.021999624 0.068510294 -0.1302995 0.11963625 -0.011539824 -0.09886368 0.06206027 0.24376321 0.39202496 0.09745249 -0.33773988 0.11271427 -0.12518163 -0.32053187 -0.21919326 -0.07117236 -0.20272925 -0.30910972 -0.08459097 -0.13180764 0.026618585 0.111833625 -0.04558469 0.3439852 0.360659 -0.1569889 0.35887966 0.2945542 0.07275902 0.18866712 0.1586938 0.109987 -0.29107597 0.11367064 -0.03288142 0.23877905 -0.14929782 0.043277673 -0.024199024 -0.077343926 -0.27557537 0.08052088 0.022452248 -0.15703008 0.17437595 0.09462949 -0.17853929 0.03644723 -0.0546591 0.21059516 -0.14463386 -0.07484925 -0.12641552 0.17456172 -0.1295503 -0.18253005 -0.022684246 0.1774847 -0.05321066 -0.039332334 0.02897504 -0.041302588 -0.04876989 0.063917115 0.11437849 -0.13773738 -0.051557586 -0.04524438 -0.1429238
PRT 0.062262006 -0.25941458 0.13119891 0.06663243 0.13099068 -0.11302524 -0.07391069 -0.015564948 -0.059866525 -0.1307389 0.11462925 0.033937965 -0.11295644 -0.06816929 0.028629312 0.19467092 -0.21142267 0.13804485 -0.22809617 0.20788707 0.26241204 0.13616955 0.070220135 -0.16801976 0.081441194 0.06723199 -0.07773796 -0.05011872 0.07058942 -0.20918247 0.02543457 -0.015508648 0.27223974 0.0034302603 -0.0516174 0.06473288 0.13455899 -0.13581744 0.13051593 -0.051712684 -0.21817464 0.14628819 -0.026817376 -0.19761018 0.028946016 0.14881241 -0.042918384 -0.0034468193 -0.113392875 0.1656658 -0.10173381 0.27514583 0.15213048 0.18414979 -0.11415245 0.10466835 0.32379904 -0.07761367 0.025969109 -0.018173862 0.10858781 -0.06838653 0.014223115 -0.04791207 -0.003664428 0.22707257 0.15171741 0.26325518 -0.080610655 -0.1264665 0.21711713 -0.0027664595 -0.29015666 -0.20363264 0.07182444 -0.15472247 -0.299913 0.11636466 -0.088868424 -0.014338277 0.11407941 -0.18425214 0.18240087 0.49135482 0.10281282 0.22739412 0.27803928 -0.10547412 0.17080139 0.36264744 0.0573756 -0.17316726 0.15462677 -0.062342953 0.3191138 -0.07539199 -0.05410245 -0.11249552 -0.07321178 -0.11586262 -0.18814088 -0.01972145 -0.14996174 -0.06693727 0.09005508 -0.04552978 -0.03992821 0.0748803 0.23609349 -0.14693083 0.037955083 -0.004702778 0.09790226 -0.16235551 0.06284303 -0.04358545 0.11966146 0.026631733 -0.0854999 0.03353915 -0.07885239 -0.10276467 0.05709945 -0.05721871 -0.0675925 -0.05704684 -0.04168528 0.010064237
LKA 0.29403603 -0.18772188 0.19981535 0.23175216 0.2719103 0.016021676 -0.097260065 0.0686674 -0.042099096 -0.2806949 0.15825579 -0.05633441 -0.0024212846 -0.2183406 0.18672545 0.18605642 -0.4038284 0.2223263 -0.09537827 0.3182026 0.30918956 0.36818033 0.10723215 -0.09374755 -0.021514583 -0.01538495 -0.11070853 -0.048836015 0.02966127 -0.001543223 0.13188453 0.00825386 -0.027625766 -0.024356114 0.08317756 -0.047830325 0.1600707 -0.013314569 0.0604388 0.025236443 -0.15463306 0.20814887 0.006568779 -0.008586777 0.23111898 0.081710435 -0.0129098175 0.03465012 -0.20215216 0.034697127 -0.049229536 0.06656837 0.10130623 0.11724968 0.08602278 0.16782151 0.28409868 0.010221403 0.06734923 -0.053215142 0.10454746 -0.2748908 0.0794967 -0.147399 0.065917544 0.009214407 0.1030783 0.027451841 -0.14895777 -0.026644163 -0.0011429538 -0.22002897 -0.26291144 -0.026646703 0.02214226 -0.12430186 0.012484184 0.21445876 -0.16122657 0.08053264 -0.0076615186 -0.2363605 0.115454406 0.43465394 0.11114959 0.1546832 0.3268302 0.05191001 0.1426448 0.43765584 0.043590974 -0.20044181 0.014129348 -0.030840097 0.40381002 -0.051859174 -0.107787594 -0.022667756 -0.26814792 0.12562004 -0.15428086 0.047744203 -0.23278572 -0.08100394 0.1325868 -0.008998732 -0.014905615 0.21044268 0.007671484 -0.21239834 0.115473196 -0.11573211 0.14557004 -0.07794493 0.14897507 -0.04663682 0.10566877 0.071744874 -0.08103668 -0.0816083 -0.11756541 -0.03044716 -0.14143558 -0.110288076 -0.021216376 -0.023857394 -0.19881083 0.06639413
GRC 0.035720754 -0.26399854 0.103349134 0.068361685 0.18901205 -0.06073694 -0.10167697 -0.04910816 0.04259009 -0.0029487796 -0.04871513 0.09342523 -0.10464553 -0.03982729 0.11124958 0.08112128 -0.02811853 -0.0045477515 -0.17163818 0.21154141 0.23324242 0.07108239 -0.0908789 -0.14802067 -0.030242752 0.13164008 -0.097934015 -0.045112457 0.07337825 -0.105658464 -0.082354926 0.0016228475 0.0034037628 0.06357446 0.017100446 -0.07074833 -0.08322562 -0.10190178 0.051225416 0.10004609 -0.19146153 0.08635864 0.0019757776 -0.07146132 0.11398581 0.15697236 -0.11203025 0.049964 -0.015508598 0.04447472 -0.11546534 0.110608414 0.18611708 0.23654415 0.024568407 0.06501724 0.258591 -0.0029540823 -9.976475e-05 0.04616076 0.19874619 -0.10709759 0.064764105 0.16330588 0.021829803 0.027629104 0.012324932 0.23587441 -0.041301917 -0.114843465 0.05293563 -0.110125475 -0.16292684 -0.11240155 0.031013696 -0.19504763 -0.2563178 0.06353687 -0.19433552 -0.012053544 -0.066948146 -0.09170088 0.20354754 0.39228594 0.010085262 0.18376736 0.28705466 0.037472077 0.26646647 0.23954387 0.0588975 -0.27698573 -0.0096173985 -0.046322603 0.1795235 -0.21703663 0.08846624 -0.12926656 -0.11961628 -0.18004695 0.021752175 -0.022674825 -0.12603875 -0.012055535 0.01855081 0.027926732 -0.054445222 0.0009192958 0.27913278 -0.18173933 0.07827778 -0.052762873 0.12258865 -0.05368514 -0.05463301 -0.0899749 0.0062624225 -0.0077520125 -0.039263304 -0.016235694 -0.027221695 -0.06076614 0.1474073 0.08045307 -0.21034315 0.015261672 0.041030046 -0.06853662
HUN 0.068425834 -0.2257048 0.14633939 0.10510556 0.13851108 -0.12813732 -0.09652301 0.19025867 -0.05673916 -0.090892486 -0.008322911 0.18440948 -0.16664606 -0.10016015 0.051425867 0.0676343 0.015690703 -0.1981024 -0.26187646 0.28852627 0.047151342 0.08103342 -0.0822236 -0.12685512 0.12978722 0.03573984 -0.21523635 0.088468984 -0.09482267 -0.075968325 -0.11149052 0.15876125 -0.052886683 0.14759558 0.16017774 -0.06975786 0.0069761137 -0.24283917 0.18132508 0.11408836 -0.35292435 0.07602068 0.059981514 0.103423096 0.25213024 0.016174195 -0.092616685 0.10997849 -0.110209115 0.25802308 0.05582643 0.022460496 -0.05331572 0.012407098 -0.007353717 0.11000446 0.41154265 -0.13191272 -0.053703267 0.108036 -0.08612439 -0.17890242 0.20554587 -0.04247936 -0.021443142 -0.0081274705 0.18432009 0.29901826 0.14205366 -0.28672186 0.034713335 -0.16189727 -0.45142832 -0.31597188 -0.17102358 -0.26396063 -0.22958508 -0.06898188 -0.2609295 0.0715556 -0.011105526 -0.03070631 0.4355089 0.4704917 -0.26103735 0.37696669 0.36927626 0.040838987 0.41113186 0.25952095 0.23508151 -0.55229855 -0.1488042 -0.18095107 0.23391305 -0.26679224 0.053739063 0.0205163 -0.061607722 -0.05746106 0.11775339 -0.04912015 -0.2695991 0.109847195 0.08068745 0.016782204 0.13632813 0.08213561 0.07581788 -0.11719879 -0.14650762 -0.18844394 0.2567593 -0.041984208 -0.18108231 -0.13474627 0.085815035 0.023519654 -0.033036783 -0.100575455 -0.06393289 -0.13479675 -0.09374233 0.18929741 -0.2538869 0.14406174 -0.0706579 0.006147386
COG -0.15600343 -0.30102396 0.36013556 0.493599 0.13368283 0.29639563 0.03967564 -0.08269532 -0.029449219 0.3050423 -0.0010247015 0.22727677 0.02729868 -0.60425144 -0.27717564 0.25590077 0.27463415 0.40695262 0.32666707 0.031720236 -0.17473798 0.14795655 -0.21994753 -0.28856337 -0.4550472 -0.1599661 -0.37470195 0.28808242 -0.19018106 0.18463819 -0.26062232 0.18385652 0.25942725 0.2925971 -0.29304418 -0.28246197 0.23987463 -0.02306152 -0.07458222 -0.04467689 -0.18054414 -0.14477466 0.06150941 -0.2788603 0.33518088 0.13510017 0.11918016 0.009458137 0.018851908 0.33441043 0.24457492 0.04073614 0.031509273 -0.0008555009 -0.09920885 -0.03190036 0.350563 -0.26054662 0.13264641 -0.56381303 -0.14980786 -0.050920714 0.3639664 -0.012165965 0.3959719 0.032765057 0.108206585 0.24640152 -0.2399219 -0.08652169 -0.08731507 -0.105432324 -0.62564987 -0.14425975 -0.33786198 0.07423956 -0.29523394 0.21089831 -0.18713622 0.29895616 0.3826421 0.093228765 0.009710357 0.0874847 0.3135703 -0.19617416 0.070266664 -0.33754614 0.5353934 0.052778922 -0.110232525 -0.29386947 -0.2861194 -0.4686561 -0.2156492 -0.07217628 0.22968097 0.22434016 0.03479269 -0.6014582 0.22232316 0.13235267 -0.24807669 -0.12394458 0.20810902 0.4083757 -0.15526448 -0.15883741 0.19261909 -0.22046956 0.32364643 -0.45951933 -0.02903906 -0.33223632 -0.0005237658 -0.24644913 -0.3157753 -0.18550478 -0.0054886816 -0.24208887 -0.2565781 -0.17067635 0.060716566 0.1364579 -0.1204832 0.084410325 0.08060826 -0.032105878
DOM 0.26922414 -0.22538383 0.25624594 0.27186468 0.10234222 0.32011783 -0.32436517 0.13988332 0.24857123 0.02524217 -0.1092237 0.1095976 -0.3978928 -0.23773807 -0.15465234 0.17133164 -0.2331664 0.19070588 0.15864648 0.17860645 0.01633982 0.24253957 0.28302565 -0.3992 -0.22398035 -0.002117341 0.18366134 0.20291327 0.11796101 0.16081174 -0.1479032 -0.11679969 -0.2815698 0.06687135 -0.07717275 -0.49095014 0.09578665 0.061357077 0.026164416 -0.18169953 0.021866247 -0.08553606 0.00740493 -0.19008704 0.25411937 0.23857391 -0.20102717 -0.028977653 -0.22376302 0.17749298 0.12513159 -0.1472271 -0.2849989 0.002500015 0.009886809 0.06407279 0.33982116 -0.21449643 -0.14014164 -0.40577766 -0.18104099 -0.15022536 0.23352696 -0.26753125 0.058041994 -0.07136277 -0.05433629 0.22648813 -0.2339912 0.06712232 -0.041571297 0.24215007 -0.38016528 -0.1435566 -0.30623788 0.15158926 -0.06461595 0.17149274 -0.10351129 0.021435004 0.2743593 0.12586813 -0.069988385 0.057670742 0.51852643 -0.060761802 0.30718073 0.024397453 0.047965106 0.34179989 -0.18863182 -0.31649706 -0.0099602295 -0.50387144 0.22570784 -0.12566654 0.18906756 -0.14738697 0.12356241 -0.22678666 0.24962217 0.08359096 0.023636568 -0.09581581 0.02841863 -0.1892269 -0.034041062 -0.07720681 -0.06425087 -0.17255929 -0.07770784 -0.18424655 0.058656648 -0.17554714 0.04921478 0.25524017 0.06436361 0.12086455 0.050017618 -0.28792697 -0.11332301 0.093171224 0.29827356 0.08593023 -0.047145534 -0.05193259 -0.17243472 -0.22417767
LVA 0.06434648 -0.19954495 0.071885146 -0.060945902 -0.11084303 0.1484306 -0.350335 -0.15606548 0.21681838 -0.111967884 -0.33243072 0.2083691 -0.357597 -0.039314367 0.0010280577 0.09939066 0.3393402 -0.02345042 0.13979639 0.19434124 -0.12519367 0.054208584 -0.021403112 -0.3137139 0.01095487 0.120488115 -0.081353076 0.11899072 0.21625322 -0.16150367 -0.21608356 0.14438485 -0.25907862 0.35016507 0.20783521 -0.25371832 -0.14780888 -0.14988537 -0.0016331237 0.322299 -0.23415999 -0.2472154 0.1657914 0.021299511 -0.009195358 -0.10439479 0.024650933 0.0042285174 -0.059073046 0.16220118 0.057890166 -0.08750169 -0.0068581644 -0.019530272 -0.037757 0.042251553 0.4873435 -0.1748971 -0.24956469 -0.15033525 0.0017056165 -0.007567542 0.077760704 -0.07111365 0.0015557134 0.076335356 0.012912462 0.66309226 0.2863213 -0.36175922 0.3232761 0.08107247 -0.63600653 -0.4393773 -0.25588828 -0.17262357 -0.23410499 -0.118608005 -0.025364147 0.03256225 0.27466673 0.0010679979 0.09576297 0.28681034 -0.1303177 0.3386254 0.16158773 -0.10380097 -0.014646197 0.066167414 0.022582592 -0.37318793 -0.14852439 -0.2341579 0.32141283 -0.15652484 -0.0019865315 -0.10366808 -0.05182588 -0.21714324 0.3997762 0.008417997 0.049958434 0.19194773 -0.081240624 0.055721194 0.25649315 -0.26850554 0.03857508 -0.032002784 -0.24676453 -0.20625405 0.1463441 -0.010692364 -0.37243617 0.011334156 0.30521375 -0.056078352 0.031056365 -0.16947019 -0.020226516 -0.22569218 0.2560813 0.23551525 -0.20419782 0.13918135 -0.24176899 0.056928582
GAB -0.19252467 -0.5535597 0.19961 0.2818787 0.08870686 -0.006990929 -0.14995423 -0.36816245 0.06788922 0.09249237 -0.25144503 0.49022955 -0.3883576 -0.17610759 0.29891604 0.26270136 0.35393813 0.23387529 0.038174808 0.033666722 -0.04967219 0.2405838 -0.18779324 -0.12702897 -0.29910612 -0.12141293 -0.24874602 -0.077062204 0.2723448 -0.17916057 -0.19694974 0.12338479 -0.04240924 0.28297472 0.09340145 -0.15536843 -0.01281993 0.10126308 -0.0029909583 0.3891244 -0.08668187 -0.2658738 -0.09931208 0.11531546 0.1742879 0.38475764 -0.093317375 0.28722835 0.08944826 -0.08974311 -0.1615277 0.14968151 0.26196784 0.07521048 0.111781865 0.27120984 0.21016951 0.06841298 0.1914447 -0.1884314 0.273392 -0.12590547 -0.08040442 0.32196277 0.36551335 0.015618061 -0.25740555 0.3684411 -0.092660576 -0.0991172 0.45526117 -0.20524505 -0.44787526 -0.2887524 -0.015086409 -0.20193683 -0.36471078 0.065342434 0.021126427 -0.11232704 0.027867187 0.061251506 -0.09346044 0.43976876 0.0775864 0.25313315 0.055178586 -0.09279615 0.35800314 0.2807405 0.053587344 -0.19936046 -0.1450938 -0.23999172 0.23727149 -0.2189455 0.008276081 -0.08038969 -0.112595834 0.0037316934 0.12701374 0.2855004 0.1490555 -0.1884828 -0.08510382 0.45922878 0.11690901 -0.22488864 -0.068615854 -0.1565876 0.18703717 0.06490031 0.056366842 -0.066205814 0.06643633 -0.18084286 -0.23153743 -0.1334519 -0.009680314 -0.26094607 0.19473895 -0.1810989 0.38400185 0.25898537 -0.5666679 0.31523928 -0.06831426 0.07853471
PRY 0.12966643 -0.21958283 0.18924627 0.037965816 0.06363272 -0.013209893 -0.29562667 -0.15689676 -0.056144614 -0.15934418 -0.13911572 0.24279872 -0.25427526 -0.10869212 0.029892245 0.29708472 -0.40671313 0.04777921 -0.19027261 0.37767538 0.25287452 0.2058231 0.15141936 -0.2991165 0.1932199 0.2019134 0.1565756 0.020439597 0.1757325 -0.15879449 -0.09922334 0.014215484 0.13453884 -0.046795327 0.014678562 0.13487117 0.020685859 -0.019015085 0.17592245 -0.0013458977 -0.19610374 0.12783654 -0.06264887 -0.17699622 0.15742514 0.31257135 -0.02241702 -0.0057821744 0.014071573 0.1540703 0.012044311 0.29542255 0.053360205 0.111736834 -0.10909522 0.32825354 0.2861984 0.122129835 0.06864289 -0.24156186 0.088869095 -0.030756671 0.108869255 0.011857737 -0.098214634 0.15515341 0.284104 0.3292291 -0.07454272 -0.13176508 0.29146507 -0.088505276 -0.17439012 -0.099460974 0.012792429 0.06073108 -0.34565625 -0.040545836 0.08463711 -0.049073186 0.17296875 0.000620874 0.14847086 0.31184673 -0.007334677 0.30768916 0.25103298 0.025580764 0.07604558 0.038849294 -0.004716443 -0.09781694 0.30612198 0.013980416 0.16586015 0.03797389 0.10244899 0.00024195247 0.077836156 -0.39543518 -0.069651574 0.13691601 0.00934191 0.18185155 0.14115644 -0.07729272 -0.0022588028 -0.104840815 0.16274366 -0.03918532 0.10861531 0.091732 -0.0104767885 -0.27567178 0.006721726 -0.12686104 0.05540756 -0.07843519 -0.089148805 0.08873342 0.016733855 0.02642732 0.18272702 -0.008095472 -0.13923238 -0.017516593 -0.027028756 -0.20088889
IRL -0.121680886 -0.20037968 0.09249605 -0.001046984 0.04375428 0.086984165 -0.008293604 -0.24261393 0.002450213 0.08507173 -0.04678861 0.12921229 -0.16596368 -0.078154705 0.04493492 0.06641608 0.18950517 0.099916875 0.118833356 0.051967524 0.012279641 0.038490992 -0.11176557 -0.18135746 -0.14552812 0.032173578 -0.13924444 0.016056022 0.09234266 -0.07666312 -0.094441354 0.039067157 0.06667835 0.16543438 0.010229797 -0.11741037 0.008919639 -0.11303185 0.040291946 0.21380529 -0.13985154 -0.06351626 0.1243062 -0.20053609 0.10782125 0.14222342 -0.013261613 0.0410166 0.10705867 0.14367741 -0.01791699 0.10319226 0.20418511 0.15745658 -0.0335334 0.090137206 0.28840968 -0.11799981 0.012617049 -0.14571707 0.1461748 0.0025211342 0.038678076 0.10040051 0.12895113 0.10298001 0.061833758 0.4181459 0.039790414 -0.13138358 0.22179693 -0.052040283 -0.41366753 -0.14306337 -0.07514452 -0.19543144 -0.3346068 0.028758965 -0.06821136 0.054592177 0.15078785 -0.054085176 -0.0024390782 0.25072554 0.071563885 0.071426526 0.07427885 -0.13821436 0.14332986 0.039713018 0.04735404 -0.14615723 -0.08552808 -0.054269187 0.04811915 -0.08974828 0.041055646 -0.069368765 -0.07908602 -0.3299157 0.10713713 0.07116382 -0.073806435 -0.005315085 0.05882555 0.1869701 -0.029338883 -0.22732379 0.18880974 -0.21446255 0.16249837 -0.10022185 0.05526729 -0.12291333 -0.034542628 -0.15078919 0.008875176 -0.1417122 -0.045755655 -0.10404493 -0.06888598 -0.05444334 0.13781826 0.16689345 -0.19902043 -0.0028930265 -0.01667324 0.033997823
UGA 0.13955112 0.01861386 0.22594953 -0.04575571 0.17849173 0.062291883 -0.37757877 0.11839538 0.20623793 -0.016421868 0.17713098 -0.018376933 0.15286426 -0.3160761 0.20628956 -0.010810667 -0.21547809 0.2003172 -0.12680662 0.6141546 0.2985339 0.43295282 -0.24477886 0.17464222 -0.37926403 0.11423826 -0.09744902 -0.11973063 0.16807687 -0.110018685 0.102819316 0.1920962 -0.18155223 -0.054389115 0.055371523 0.1954461 -0.09654053 -0.06471273 0.1487911 0.060766302 -0.4701613 0.11361827 -0.069395214 0.15920387 0.25922966 -0.15512675 -0.0011099327 -0.04409118 -0.2358338 0.100998685 0.11319747 0.03320016 -0.14014131 0.37501267 0.023201989 0.08595892 0.4434016 -0.04566127 0.02270926 -0.021257613 0.08232781 -0.15690371 0.13302572 -0.11547887 0.34184888 -0.07014286 0.07929888 0.5083708 -0.13437752 -0.121310055 0.18815953 -0.13694596 -0.2949334 -0.018425686 0.1269563 -0.044125147 -0.10297175 -0.090646595 -0.124013126 0.15904406 -0.01758614 -0.22724119 -0.032751586 0.61715984 -0.082478136 0.0947864 0.48392022 -0.36044443 0.15728377 0.3578333 0.087154314 -0.318002 -0.18630044 -0.2337028 0.60012186 -0.12384691 -0.09388483 0.008246556 -0.54523534 0.20293956 -0.13065144 0.18245152 -0.35333014 -0.11741515 0.10454663 0.06893079 0.15879284 0.1626839 0.03980923 -0.3947754 0.11035129 -0.38208488 0.118968524 -0.054473203 0.07587458 -0.075357296 0.2605529 0.20256267 -0.14354077 -0.04386518 0.09438148 -0.04638339 -0.06434227 -0.22470427 0.039752703 0.0684916 -0.0765892 0.20573844
JAM 0.28140646 -0.19867343 0.20668563 0.27434838 0.16107015 0.23998454 -0.28558192 0.1290596 0.25163755 0.03066133 -0.15714651 0.074857555 -0.3316624 -0.19948293 -0.098978944 0.14300105 -0.23596318 0.12565593 0.07376326 0.2461956 0.091004215 0.23326345 0.2368237 -0.4009604 -0.18945776 0.050534315 0.14027926 0.14897284 0.12570488 0.15006754 -0.14832802 -0.11573234 -0.27736145 0.045185804 -0.06303928 -0.43741098 -0.0070362645 0.07562852 -0.008469126 -0.12119877 -0.03226305 -0.079132974 0.025642708 -0.115655184 0.2007084 0.16738503 -0.23620987 -0.019733146 -0.14995803 0.12773924 0.0678785 -0.115901925 -0.1876197 0.011791931 0.012727013 0.1007875 0.30012378 -0.14167693 -0.113960944 -0.29190248 -0.118407495 -0.10200274 0.20978697 -0.16303624 -0.0003742475 -0.07814027 -0.041776154 0.16353421 -0.14456095 0.06316909 -0.05697 0.18559946 -0.28043583 -0.107750446 -0.19660647 0.103022486 -0.031005051 0.17103142 -0.114678785 -0.009051846 0.16467367 0.100430645 -0.0064759706 0.08989697 0.39871833 -0.015366269 0.30562034 0.096383736 0.031766396 0.24465531 -0.12779501 -0.33601567 -0.029511545 -0.40159163 0.19594789 -0.15443897 0.21983053 -0.13832021 0.12847388 -0.19127898 0.26177946 -0.0063307076 0.049894597 -0.029778682 -0.0050973184 -0.15936187 -0.04540333 -0.050886836 -0.009829444 -0.08048076 -0.05315949 -0.10178204 0.05310304 -0.14965 0.0026906435 0.2183406 0.052382063 0.09921523 0.042267527 -0.21522203 -0.098703824 0.10289248 0.29466373 0.07871649 -0.06473419 -0.010571987 -0.10639385 -0.22736655
MDG 0.13129999 -0.10398928 0.08467656 -0.0031812699 0.28778458 0.3722956 -0.13701981 -0.24081253 0.11728519 -0.09918596 -0.08702595 -0.11833623 0.18978342 -0.08734313 0.11417181 -0.07008616 -0.09315542 0.14010845 -0.07466965 0.25430775 0.23771091 0.12598437 0.047266655 -0.057168555 0.003214156 0.29917875 0.026176542 -0.13559072 0.0683455 -0.12740791 0.17600903 0.13485207 -0.13532667 0.017203342 0.12018803 0.012992508 -0.15704693 -0.24658512 -0.07289974 0.27345663 -0.2609276 0.28775018 0.07605628 -0.24185507 0.12563293 0.08994626 0.012927678 0.025505088 0.010029259 -0.14244358 -0.08381367 0.11378149 0.22448955 0.5497859 0.008286152 0.03546853 0.3436532 0.012774023 -0.017253302 -0.23398954 0.38395122 -0.33855954 0.15498441 0.056311022 0.05190196 0.025196169 0.11633714 0.23809445 -0.012795614 -0.304284 -0.051341712 -0.3740149 -0.288575 0.05723735 0.20313202 -0.33697018 -0.04210411 0.24964356 -0.2875553 0.11628961 0.06694122 -0.20111127 0.13392964 0.22772674 0.08493524 0.06507265 0.2049795 0.03241558 0.05051299 0.3157309 0.017400036 -0.15294497 -0.017824797 0.016086698 0.40839303 -0.1444125 0.040355254 -0.14091343 -0.4126932 -0.12447362 -0.03101761 -0.108103596 -0.13076265 -0.07134196 0.13439266 -0.074678734 -0.27387545 -0.03915522 0.35612774 -0.37372324 0.12224154 -0.2460498 0.29797068 -0.0517267 0.15174197 0.022734698 0.11277963 -0.24081962 -0.116036944 0.025966093 -0.1014844 -0.0045703296 -0.004449038 0.09698905 0.01850258 -0.31058198 -0.15161018 -0.14818421
PNG 0.3083702 -0.34226164 0.19905572 0.22372638 0.1419542 0.04809305 -0.08243398 0.13723575 -0.1447502 -0.40416828 0.16663347 0.0023422716 -0.16771325 -0.14191733 0.259888 0.23583142 -0.21225372 0.34653816 0.13635851 0.35640362 0.30188012 0.32058454 0.059101187 0.13008574 -0.18394686 -0.06786225 -0.23311514 -0.15113768 -0.09885697 -0.08136148 0.2751157 -0.062573604 0.14423941 0.03491372 -0.0668011 -0.20115326 0.36608887 -0.10488677 0.11690347 0.0177104 -0.1652546 0.021495048 0.033276632 0.051186185 0.16423967 0.021616006 0.053936888 0.09153825 -0.20952341 0.12361916 -0.13134567 0.12377285 0.20664264 0.011828344 0.054912 0.08151036 0.35816008 0.0021349369 0.13738458 0.001024158 0.05478571 -0.28583103 -0.066755794 -0.14100794 0.1818077 -0.064937435 0.039615527 0.017290438 -0.1623951 -0.012844393 0.077028885 -0.11563726 -0.25132763 -0.0023142202 -0.1202327 -0.14396657 -0.12722036 0.034449436 0.02308333 0.22667357 0.14798994 -0.40337703 0.12908843 0.73300594 0.0925542 0.19149557 0.4527448 -0.0040564127 0.28340185 0.4475798 0.21693625 -0.18993326 0.017566515 0.12277113 0.3798962 0.021554315 -0.35921735 0.07626158 -0.3253668 0.13886853 -0.21967493 0.21150066 -0.31534013 -0.058883537 0.06796843 0.04645784 0.17636284 0.23377547 -0.07735133 -0.13117336 0.07257146 -0.15935864 0.089603856 0.08506674 -0.02411581 -0.11587833 0.26194432 0.26996028 0.114237845 -0.15569955 -0.14371088 -0.24885443 -0.12649976 -0.18807364 -0.23982409 0.07532028 -0.17390467 0.27971694
SVK -0.050025795 -0.14600539 0.079139955 0.07325478 0.116315946 0.046009187 -0.04764091 0.060284387 0.058228176 0.011569425 -0.026172066 0.16529562 -0.07195804 -0.22373866 -0.13282043 -0.045384753 0.1924725 -0.17200087 -0.049507808 0.013037817 -0.08784467 0.056103736 -0.05261718 -0.1604366 0.09032523 -0.0040523484 -0.13040997 0.12073488 -0.047983836 -0.029259488 -0.15013932 0.035198156 -0.121922225 0.19890483 0.13846824 -0.1290149 -0.0782201 -0.19154179 0.20163421 0.17156515 -0.20515217 0.025958862 0.1350713 -0.09736782 0.04959693 0.045508917 0.009740089 0.12497315 -0.06862892 0.16736881 0.06121564 -0.054657146 -0.14732046 0.022548094 -0.028229563 0.03519407 0.36381048 -0.3348427 -0.094689354 -0.061791677 -0.063174695 -0.13222064 0.18615107 -0.075040236 0.08020717 -0.02322255 0.13651055 0.40632758 0.121378586 -0.2469507 -0.030284986 -0.075065434 -0.5324085 -0.30078706 -0.30121955 -0.23566242 -0.1544372 0.013910483 -0.25808668 0.097865105 0.15751874 0.13821357 0.2984276 0.2529967 -0.034389906 0.2153484 0.11477152 -0.06322466 0.2798388 0.19591089 0.14773527 -0.5086495 -0.16230603 -0.24929357 0.054452877 -0.36252776 0.12031646 0.057435773 0.04273262 -0.24861749 0.19531958 -0.08182638 -0.15163706 0.07563908 0.051297054 -0.03477626 0.035964236 -0.12450026 0.0873465 -0.2231508 -0.116591156 -0.23753585 0.20162886 -0.12171552 -0.18935035 -0.051168885 0.01829875 -0.19618057 -0.017427022 -0.25261584 -0.16787474 -0.117674775 0.04047267 0.37330925 -0.19961916 0.07560241 -0.13082583 -0.090336844
KAZ 0.12847795 -0.20332243 0.15872149 0.12660253 0.16506135 -0.10941112 -0.089303866 0.24215709 -0.07364747 -0.14549336 0.10002244 0.112193145 -0.08138281 -0.10796022 0.08877459 0.021173399 -0.027916925 -0.1464406 -0.2787474 0.31700453 0.08762202 0.13874862 -0.030576896 -0.040953893 0.10639438 0.0062276106 -0.24448921 0.058718666 -0.11968652 -0.10796962 -0.0268924 0.16020878 -0.0446766 0.104150034 0.19219823 -0.014627779 0.06933568 -0.26984218 0.17549764 0.10940863 -0.38361496 0.12922259 0.048241578 0.15083788 0.21367395 -0.0728415 -0.046775624 0.13591973 -0.18235756 0.2343264 0.07445487 0.015635878 -0.08724789 -0.02048594 -0.015138134 0.09305349 0.38076332 -0.16456133 -0.045071054 0.13472484 -0.09096457 -0.20555213 0.18655026 -0.12496749 0.03748893 -0.02724537 0.20767684 0.25357693 0.1388194 -0.3091401 0.012554245 -0.18786207 -0.4534779 -0.29697314 -0.12824006 -0.26793283 -0.15075625 -0.011608257 -0.25537494 0.11709765 -0.01149736 -0.09511081 0.42099935 0.5259873 -0.25889638 0.38388097 0.41436392 -0.019949123 0.40720245 0.34909025 0.26029396 -0.5313817 -0.15906598 -0.17352414 0.33611307 -0.257427 -0.023747254 0.016962675 -0.13300572 0.07597657 0.022303412 -0.04207629 -0.32680932 0.05009428 0.07072471 0.008193525 0.15347429 0.17011385 0.051066495 -0.14319459 -0.153535 -0.2515931 0.26558506 -0.034343276 -0.14427525 -0.07596399 0.13620861 0.06986682 -0.021761518 -0.10363171 -0.06964627 -0.13354823 -0.17605697 0.13898414 -0.20288245 0.12872477 -0.13508952 0.09691309
HTI -0.18655735 -0.3386435 0.3580176 0.51797104 0.11705377 0.30117342 0.056242038 -0.1946271 -0.10897887 0.27258384 -0.02372673 0.26164868 0.07456445 -0.61561054 -0.22483788 0.316281 0.284769 0.47556847 0.3330395 0.02880769 -0.15986986 0.16617282 -0.24725254 -0.2352826 -0.42431965 -0.16299571 -0.39056236 0.276165 -0.18969403 0.14062306 -0.24013983 0.22128995 0.36015588 0.3101166 -0.3069526 -0.21180548 0.25436372 -0.02786441 -0.09310546 0.021113148 -0.20402604 -0.15999985 0.033683907 -0.29082656 0.33048 0.18723758 0.19177759 0.05776069 0.056930486 0.33395392 0.19857138 0.12360909 0.12824784 0.025855748 -0.11642509 0.009758834 0.3308243 -0.17282937 0.18805961 -0.62918156 -0.08916383 -0.041856308 0.3517117 0.038041983 0.4127795 0.049937565 0.116213895 0.24249515 -0.25097072 -0.078637905 -0.029977016 -0.18568389 -0.6144507 -0.11687766 -0.28711557 0.08107287 -0.30613956 0.23677653 -0.14479122 0.32931575 0.41360596 0.056240223 0.010646165 0.09583217 0.27710932 -0.17984918 0.03810932 -0.34783754 0.5362845 0.01999811 -0.09560381 -0.22760452 -0.23885205 -0.38614038 -0.25490534 0.014312834 0.1949888 0.27747095 0.034091227 -0.64082074 0.17629021 0.1424484 -0.23701419 -0.09586601 0.21146525 0.48520103 -0.15850152 -0.16080955 0.19362241 -0.18526125 0.37763315 -0.43455672 -0.04267266 -0.31967503 -0.002523155 -0.34646842 -0.3500576 -0.26177162 -0.01266106 -0.2162229 -0.22785683 -0.2155745 0.050834384 0.1388292 -0.12706102 0.07108053 0.056784924 0.00038742766
SUR 0.06757103 -0.23631573 0.18058772 0.3817496 0.18460043 0.40374336 -0.14707077 -0.031313263 0.33751616 0.34268463 -0.19790222 0.082006454 -0.34246045 -0.28143045 -0.0673381 0.17843288 -0.12324519 0.10445809 0.12929739 0.1758472 -0.13976927 0.21894488 0.051395383 -0.45770448 -0.41299498 0.046475068 0.06792438 0.13691257 0.10637732 0.3074243 -0.23164696 -0.08132244 -0.16530955 0.14639707 -0.24164249 -0.52887404 0.11145845 0.10622229 -0.086863145 -0.13346142 -0.14373395 -0.19234256 0.10334562 -0.1419348 0.3172508 0.22499219 -0.3849128 -0.054581635 0.12102201 0.18509331 0.2411934 -0.046855494 -0.06828225 -0.021710157 -0.089600146 0.18494241 0.32423836 -0.23573872 0.020514477 -0.4185076 -0.16218804 0.012358494 0.21684338 -0.14804687 0.07763454 0.0042378176 -0.04808368 0.26703337 -0.1569167 0.021443699 0.020089075 0.21308228 -0.44817078 -0.053629108 -0.15051854 0.07086505 -0.24529329 0.22251184 -0.16855961 0.02581045 0.20761536 0.16931769 -0.053567976 0.03348822 0.51159436 -0.25569135 0.30340934 0.09728786 0.20092224 0.006453458 -0.0066044573 -0.50790846 -0.104874626 -0.6562525 0.18360266 -0.14072263 0.4054812 -0.074214995 0.12958522 -0.36217067 0.44540077 0.04287056 0.07827676 -0.053514402 0.13640472 -0.021522334 -0.24402559 -0.121225834 0.12079148 -0.17444864 0.28127015 -0.13211982 -0.044029087 -0.23954406 0.21313278 0.20658389 -0.19663328 0.05676975 0.012993896 -0.2612789 -0.027099684 0.16081442 0.24794635 0.13929892 -0.14912273 0.014510221 0.16529298 -0.29988495
CMR -0.17733751 -0.16126661 0.2378026 0.05154067 0.06287383 0.08281792 0.27667484 0.16346075 -0.346967 -0.052698676 0.37793535 0.0532572 -0.25600812 -0.0003865264 0.12203204 0.056980763 -0.20128392 0.12569958 -0.12858856 0.28888813 0.22674723 0.22866395 -0.09947491 -0.05410385 -0.13048694 -0.3304627 -0.060770262 0.21479407 0.04389815 -0.08943614 0.16343522 0.025580373 0.07134618 -0.12037252 0.07907476 -0.16334838 0.24378932 -0.07756975 0.35714447 -0.15307496 -0.17431891 0.040527556 -0.09514247 -0.15477768 0.230958 0.32240546 -0.012766993 0.226288 -0.13034815 0.41818553 -0.026194133 0.3760212 -0.10364386 0.072120905 -0.14319152 0.18426569 0.21251859 -0.27292675 0.18813336 0.06316114 -0.28640106 0.03571192 0.034773573 -0.17906748 0.15717004 0.10499718 0.017124241 0.48720804 -0.13063158 0.1118273 0.13194312 0.1339308 -0.5714814 -0.19225205 -0.12686178 -0.2757778 -0.22685426 0.122207776 -0.09823838 0.22333835 0.22154902 0.05025877 -0.03183665 0.60730743 0.31588197 0.20685905 0.26936093 -0.14520505 0.16046195 0.36111587 0.28680456 -0.44386646 -0.08214936 -0.10346409 0.07548052 0.110042416 -0.09884922 0.097924694 -0.081809536 0.059481587 -0.2851404 0.18726794 -0.32538712 -0.23992436 0.30526945 0.087098904 0.009208965 0.009980195 -0.1282211 -0.33063275 0.1224955 -0.19105077 0.03164919 -0.14003949 0.34603995 0.0631194 0.25928354 -0.046587873 -0.12799509 -0.14047396 0.07054454 0.07408458 -0.06205324 0.016290402 -0.13622351 0.02461482 -0.23558871 0.07633171
ALB 0.07428764 -0.46454248 0.10645311 0.26556003 0.1556093 0.014822622 -0.13559625 0.10060857 -0.1420785 -0.2589366 -0.18584357 0.41307646 -0.1230143 -0.19373792 0.2075382 0.22041078 0.018432885 -0.23968029 -0.24002431 0.21995935 0.063796915 0.12985167 -0.25031722 -0.020291086 0.37143773 0.040190987 -0.18227197 0.057793107 -0.014706395 -0.122934 -0.13434103 0.21482226 -0.088837974 0.16320544 0.2919216 -0.008310575 -0.02877792 -0.22731641 0.2959852 0.18866353 -0.33531752 0.21401311 -0.0070929625 0.15628187 0.26571548 0.18256226 -0.010498773 0.2997455 -0.053561475 0.07996762 0.04043696 0.17710564 -0.09140634 -0.030226948 0.06196264 0.20415749 0.25381148 0.038522676 0.06512454 0.049661104 -0.101862684 -0.33106893 0.14754604 0.059717715 -0.073133364 0.025640942 0.11503952 0.17437136 0.08010128 -0.39047417 -0.053214308 -0.36940798 -0.38677776 -0.3088955 -0.205836 -0.27215213 -0.20831202 -0.07586475 -0.22793446 0.072129466 0.054597415 0.11548878 0.565957 0.44662523 -0.23458838 0.4765102 0.2191584 0.24212845 0.5103053 0.16695185 0.30551422 -0.69342864 -0.087475374 -0.13457717 0.16360863 -0.21041958 0.10556288 0.23383866 -0.09059861 -0.15436915 0.13991746 0.10794985 -0.094769105 0.25777924 0.24929881 -0.018637026 0.03785665 0.07039643 0.040554307 -0.08332149 -0.13456507 -0.13390295 0.20279679 -0.059064932 -0.13839053 -0.19210531 -0.10205201 -0.2163997 -0.081736326 -0.1837678 -0.05027518 -0.26884875 -0.102534235 0.34821948 -0.34462115 0.2766342 -0.1042509 -0.21452211
ABW 0.036149353 -0.16149056 0.24463187 0.45987782 0.12871426 0.3799038 -0.13597627 0.0026581655 0.2535972 0.27211112 -0.097906336 0.10649309 -0.20001821 -0.39196318 -0.1900917 0.24844696 -0.042263217 0.2701644 0.2605443 0.19458814 -0.17106977 0.27606353 0.015650662 -0.50420934 -0.47389412 -0.048219774 -0.052398622 0.19588171 0.106980555 0.27910843 -0.25587842 0.04020074 -0.075072244 0.23055458 -0.26361066 -0.4407626 0.22291201 0.16735502 -0.13563305 -0.12899666 -0.102961294 -0.20679069 0.13492791 -0.14568582 0.35873038 0.17926945 -0.2421021 -0.14007077 -0.0021095867 0.19431557 0.293519 -0.07220572 -0.08079633 -0.07294308 -0.038767446 0.13696417 0.3759337 -0.24338205 -0.0064973985 -0.55472034 -0.20670709 -0.010241883 0.24900849 -0.21601419 0.1939823 -0.0001310147 -0.031256415 0.18031365 -0.2599896 0.042827543 0.02744108 0.12963614 -0.57520187 -0.06640895 -0.18042219 0.18001674 -0.1984675 0.2368286 -0.11151084 0.11330855 0.27071115 0.098854996 -0.12858118 -0.006944867 0.48316297 -0.27494493 0.22953598 -0.053298853 0.16615734 0.04917219 -0.10723706 -0.3385334 -0.12806982 -0.5912493 0.14441063 -0.035802376 0.2398292 -0.005645306 0.06543459 -0.33288267 0.37947962 0.09384415 0.03419623 -0.110995606 0.103756264 0.13317302 -0.16743624 -0.14612733 0.018959768 -0.13415824 0.2599226 -0.24515775 -0.01652057 -0.2329877 0.10776073 0.07690524 -0.22119422 0.039995406 0.0015510805 -0.22216642 -0.062939756 0.038093742 0.19778395 0.062027164 -0.041427296 0.03127724 0.072305724 -0.13499689
GIB -0.20904976 -0.60879654 0.24010843 0.37363175 0.11209693 -0.07005953 -0.118541494 -0.41534945 0.06856105 0.10456922 -0.25735265 0.5328432 -0.4035314 -0.23724784 0.35940552 0.30300468 0.38599685 0.3102905 0.022982802 0.027786376 -0.023730146 0.3239832 -0.19963107 -0.14123204 -0.37212983 -0.16466323 -0.3312589 -0.1139209 0.27582178 -0.17422181 -0.18947615 0.14321765 -0.019781593 0.3373465 0.09001394 -0.17742498 0.021583915 0.1621314 -0.021820331 0.4598117 -0.10968969 -0.29593363 -0.13769591 0.15853696 0.20545818 0.4319784 -0.106584765 0.35012776 0.12479119 -0.145654 -0.23294565 0.16723873 0.3608008 0.0756394 0.14146015 0.34100217 0.19663258 0.09967757 0.2511922 -0.19527045 0.33895338 -0.1794578 -0.08879993 0.37589967 0.45293817 -0.0014332789 -0.30816302 0.28999 -0.12892592 -0.091401026 0.5070562 -0.3053635 -0.43959326 -0.29122943 0.003176178 -0.20513724 -0.34990868 0.10991483 0.046690553 -0.14131041 -0.0501911 0.027365375 -0.1117061 0.50395846 0.06672321 0.24331662 0.040534377 -0.10816153 0.438634 0.31910723 0.04724758 -0.16755879 -0.19765529 -0.20977612 0.25191846 -0.24970838 -0.0006910304 -0.07582489 -0.11989025 0.059401296 0.10227118 0.31543925 0.16543126 -0.22685201 -0.12652521 0.5820955 0.17143807 -0.23421125 -0.08602334 -0.13197263 0.25547028 0.10865534 0.04704487 -0.06453787 0.08760012 -0.23020376 -0.32228658 -0.13322926 -0.0005279599 -0.2859961 0.22850245 -0.23580852 0.41032326 0.24824147 -0.65765023 0.3849265 -0.06309266 0.13183841
LCA -0.24364154 -0.22377996 0.11917649 0.10863093 0.03875745 0.0043471646 0.17251746 -0.11798866 -0.11907464 0.15468171 0.10921644 0.14242207 -0.16219835 -0.10549889 -0.013344071 0.071576364 0.17361803 0.09843778 0.09530037 -0.065969594 -0.055065084 0.0084569 -0.15035892 -0.1203597 -0.11221283 -0.1584577 -0.21967974 0.09122815 -0.0041039046 -0.02045986 -0.06284429 0.022406787 0.16948232 0.11634183 -0.009439339 -0.154902 0.11964122 -0.0935136 0.13896798 0.08953569 -0.07080126 -0.044150356 0.068693586 -0.2126832 0.14771782 0.2031312 -0.010124408 0.11516398 0.04983565 0.2520056 -0.00484968 0.16525635 0.12504886 0.08689618 -0.06303592 0.09940876 0.25725052 -0.20413831 0.08947577 -0.10216823 0.0038629684 -0.017716136 0.06131766 0.050976835 0.18597153 0.11361631 0.037831247 0.3506407 -0.06485016 -0.046602238 0.1368576 -0.015707247 -0.4722054 -0.16497149 -0.17491767 -0.23725277 -0.34954852 0.07072609 -0.13133521 0.079443626 0.16936226 0.0047573126 0.032309305 0.3154647 0.15900494 0.10348889 0.08311038 -0.16678011 0.29778042 0.1939958 0.117599495 -0.24908097 -0.13728967 -0.11903955 -0.03623221 -0.12032024 0.036984455 0.009332996 0.0037875583 -0.28739792 0.02481907 0.10456962 -0.16361983 -0.09688437 0.1320447 0.21286246 -0.024618419 -0.17518 0.091748804 -0.26244617 0.1637825 -0.12367698 0.068725094 -0.16523886 0.062453657 -0.15482008 -0.041460242 -0.11427329 -0.06339094 -0.19472505 -0.104094446 -0.059110623 0.04697978 0.18365398 -0.23883747 0.055379897 -0.009006507 0.051763024
MLT -0.0400106 -0.3937352 0.116363354 0.10544174 0.24325661 -0.0797386 0.020110557 -0.04611548 0.04901259 -0.00057887845 -0.06751628 0.123800285 -0.12306056 -0.05257615 0.1796208 0.031514708 0.2763777 -0.048181824 -0.1463802 0.15015562 0.21151786 0.05118748 -0.21062258 -0.109601125 -0.0875613 0.05005973 -0.28533745 -0.041707624 0.03484393 -0.16965131 -0.10180927 0.008355965 -0.03501441 0.1680724 0.10635878 -0.21591073 -0.18456887 -0.18204577 0.13688235 0.30833173 -0.31729972 -0.022776455 0.05204319 -0.05314892 -0.0064601684 0.0912509 -0.09746345 0.2271831 0.014674463 0.10784632 -0.26275596 0.11397346 0.2891465 0.22124119 0.011894495 0.06908391 0.27672887 -0.12288155 -0.015190845 0.18700364 0.18136144 -0.031442218 0.006905804 0.282875 0.08201602 0.020528205 -0.10518462 0.31009337 0.11511495 -0.12014083 0.08208714 -0.082296565 -0.27354795 -0.20606025 -0.0069512497 -0.36858055 -0.20735295 0.05919345 -0.181831 0.034316547 -0.09260167 -0.09465488 0.22354952 0.51844215 -0.09986529 0.2736454 0.2024054 -0.037992246 0.28186485 0.2888809 0.18063655 -0.37589353 -0.18514079 0.041105285 0.14194418 -0.29954755 0.046617202 -0.08582991 -0.064972684 -0.10507936 0.05234056 -0.11685271 -0.19199915 -0.060035437 -0.09048393 0.17561612 0.060326613 -0.029932348 0.2610153 -0.109701656 0.029585226 -0.0835874 0.13938679 0.011068212 -0.17301239 -0.12773691 0.035268515 -0.0999652 0.018537939 -0.07911813 -0.06162379 -0.19913132 0.16724537 0.20755056 -0.3211821 0.11886897 -0.019544134 0.114526235
AIA 0.24607258 -0.3277595 0.24294347 0.28398836 0.14740188 0.19955483 -0.3470848 0.13542865 0.3159983 0.109586835 -0.14026874 0.14880249 -0.512949 -0.21762532 -0.15440227 0.21902299 -0.25866288 0.0831637 0.04846579 0.18330553 0.06038108 0.20026164 0.23228134 -0.44801053 -0.19582687 0.07119227 0.14722942 0.1627244 0.13381584 0.15518719 -0.2117892 -0.19171676 -0.22140174 0.04681475 -0.06899263 -0.5089995 0.019391257 0.07256803 0.056410737 -0.16575298 -0.0024931664 -0.104997285 -0.0013611469 -0.20010449 0.24418034 0.2749221 -0.30736881 -0.032042406 -0.14318585 0.17817806 0.10834058 -0.14475721 -0.23113173 0.018475104 -0.0021341091 0.071574405 0.31632447 -0.1946221 -0.1447639 -0.2737652 -0.14377344 -0.07866281 0.19172987 -0.13900293 0.0077497186 -0.037065934 -0.045999765 0.2600127 -0.1922005 0.03612291 -0.0011504593 0.25839183 -0.27547354 -0.19148637 -0.25874516 0.08864031 -0.19715752 0.14589457 -0.14291687 -0.095797054 0.16838273 0.16418792 -0.02113156 0.08280542 0.4758772 -0.028874777 0.31684813 0.093237646 0.122774616 0.30971476 -0.14107373 -0.3447304 0.019237792 -0.5073939 0.17508796 -0.22921294 0.30579528 -0.20239606 0.22670202 -0.29712746 0.30326998 0.022320425 0.051688608 -0.076061495 -0.00049873453 -0.21473886 -0.045505404 -0.07925769 0.04883331 -0.16027088 -0.04735029 -0.050801378 0.04242574 -0.21949263 0.01840458 0.2621222 -0.007792038 0.13372305 0.03712266 -0.24934402 -0.10627962 0.13462405 0.39827123 0.13927469 -0.16455643 -0.0075934506 -0.016758999 -0.30908895
MUS 0.20258182 -0.1541233 0.14066872 0.090050735 0.3605746 0.719435 -0.18515772 -0.41733265 0.23873395 -0.027566474 -0.25713485 -0.18252134 0.19783586 -0.14417848 0.14791787 -0.08809978 0.02877972 0.42136914 0.21569884 0.28204748 0.2144034 0.22311121 0.12748162 -0.04869797 -0.2788093 0.3692406 0.052697763 -0.16204715 0.07811898 -0.04696952 0.25185367 0.1189548 -0.26222232 0.08548362 0.044589303 -0.2129651 -0.17735755 -0.20136698 -0.27725285 0.40956846 -0.22260325 0.15997641 0.13197538 -0.3271684 0.15150589 0.112274274 0.02949014 0.034463488 0.077807516 -0.24589981 -0.16083452 0.053118624 0.4281715 0.71364653 0.060375758 -0.013548808 0.44573393 0.015024277 0.01612052 -0.5251612 0.5843809 -0.47793928 0.22923338 0.11287909 0.19121121 -0.112664126 -0.02523238 0.23367412 -0.07373169 -0.24658029 -0.08031859 -0.45359012 -0.37008616 0.21534956 0.230711 -0.35974538 0.03234128 0.42585522 -0.28671536 0.23057473 0.19323829 -0.28419796 -0.06158414 0.19247262 0.28533095 -0.10459636 0.20839955 0.017230568 -0.009661928 0.3452154 -0.047960456 -0.06260689 -0.1109184 0.031740498 0.45739228 -0.1345942 0.026240345 -0.20370528 -0.5414592 -0.21371306 0.059834838 -0.08923468 -0.09392716 -0.16145957 0.07973418 0.041378383 -0.35788938 -0.14137036 0.38700283 -0.46612453 0.23808226 -0.3979435 0.3241477 -0.009229687 0.18257724 0.021623636 0.11211035 -0.2966546 -0.03359287 -0.08102579 -0.15467681 0.008173907 0.110710904 0.15229824 -0.037692394 -0.4090347 -0.2714446 -0.1305917
ANT 0.21170062 -0.28218785 0.19112769 0.31940413 0.168137 0.21767186 -0.29499438 0.13413638 0.30762035 0.10716102 -0.1911407 0.13456215 -0.36882555 -0.24209093 -0.16243295 0.17433906 -0.20012096 0.047898218 0.020705838 0.1429518 0.031919945 0.17246844 0.18969713 -0.39739347 -0.14512907 0.078507215 0.1339316 0.15059377 0.084980495 0.16518095 -0.2092156 -0.13378637 -0.23086521 0.083724216 -0.060175437 -0.43430668 -0.024879934 0.050790094 0.024950266 -0.13667262 -0.030815478 -0.055276643 -0.0044407635 -0.14413577 0.20071195 0.21383524 -0.2698452 -0.014684979 -0.115420796 0.10559914 0.097048916 -0.14260696 -0.2105786 0.019859435 0.015896652 0.056069493 0.2981464 -0.20738599 -0.14541441 -0.27905273 -0.12458752 -0.12436662 0.22843917 -0.117811345 -0.010265086 -0.056241315 -0.060147874 0.18882625 -0.15337186 -0.015495453 -0.08436279 0.16848584 -0.26794723 -0.16703942 -0.24381141 0.056422137 -0.12721616 0.17369139 -0.18631299 -0.05944855 0.14584294 0.1760371 0.06991867 0.05776348 0.38206264 -0.008935911 0.28460005 0.11581714 0.16703482 0.28729087 -0.10456621 -0.40287453 -0.010536289 -0.48747173 0.16785708 -0.25497198 0.30711472 -0.14130153 0.20064653 -0.29782084 0.31070754 -0.03852836 0.056648802 -0.05077659 0.01383926 -0.19375335 -0.08788971 -0.050822522 0.0735506 -0.14877394 -0.052631848 -0.09443588 0.0770284 -0.18550639 0.010625733 0.22823732 -0.05420432 0.06963138 0.023486916 -0.2515614 -0.108957134 0.07950719 0.3292513 0.18468785 -0.14022954 -0.0010016623 -0.011273244 -0.3188853
MRT 0.099183016 -0.17535949 0.16830906 -0.05110606 0.04294667 0.06889177 -0.32298917 -0.1301467 -0.06934069 -0.12570085 -0.23850809 0.28728423 -0.27079597 -0.032868225 0.026340289 0.21759182 -0.23722023 -0.12783578 -0.16597128 0.4177061 0.18214048 0.025865367 0.041665047 -0.3488205 0.1903351 0.32814914 0.102022864 0.06145347 0.118247226 -0.16976923 -0.14855687 0.1319731 0.012650067 0.017026534 0.07391545 0.044427324 -0.034617446 -0.17878549 0.14395645 0.11677207 -0.3206371 0.13435233 0.018865166 -0.100442134 0.28096703 0.2549162 -0.0462744 -0.017403036 0.074448295 0.18585414 0.09045781 0.2512724 0.054207478 0.14583495 -0.09389319 0.2598921 0.30345854 0.17828345 -0.012423068 -0.19822976 0.06740411 -0.058392312 0.17835705 0.08263239 -0.1766614 0.100491494 0.33765388 0.34860682 0.039605316 -0.26685205 0.19421975 -0.17577797 -0.20441994 -0.115604036 -0.008717846 -0.037457023 -0.41630563 -0.13285442 0.013906622 0.02696677 0.16209055 0.019044343 0.30261046 0.31337106 -0.11256756 0.34871852 0.3315751 0.09752669 0.2054626 -0.072267234 0.053976376 -0.22352101 0.21588711 -0.0003582676 0.12396918 0.01707452 0.16590008 0.033749104 0.030570604 -0.48360622 0.10745967 0.113018505 -0.02468012 0.28395134 0.15438412 -0.08265828 -0.03159611 -0.18121769 0.2525166 -0.011964172 0.0714196 -0.0014799982 0.05563776 -0.23543386 -0.14019358 -0.13650246 0.06029843 -0.10981253 -0.058462124 0.16193946 0.056337126 0.050869834 0.16766182 0.0528888 -0.18604238 -0.045217875 0.037490714 -0.28984377
SYR -0.1796141 -0.54110044 0.12188912 0.17895359 0.19808365 -0.07166249 -0.006111313 -0.18544267 -0.039112423 0.16240075 -0.07345388 0.25210032 -0.47600585 0.03531878 0.20563269 0.22226349 -0.07514776 -0.07378767 -0.22448502 0.21530165 0.17952633 -0.023466915 -0.26968157 -0.30888247 -0.12523669 -0.06477706 -0.15234907 0.031567033 0.16885561 -0.06856356 -0.12959106 -0.008878522 0.028981283 0.06642006 -0.04592693 -0.28874725 -0.07240622 0.0040589846 0.06922125 0.09647927 -0.1348326 -0.029299753 -0.041953754 -0.028753888 0.24021721 0.37749082 -0.28636426 0.18144687 0.14853439 0.14243546 -0.17741226 0.29415438 0.33856198 0.19637898 -0.059881426 0.30575204 0.19435564 0.07496365 0.052168813 0.15562543 0.22185685 0.032898154 0.057094667 0.438068 -0.016888935 0.12337337 -0.13667493 0.4091069 -0.079638325 0.03455485 0.16937123 -0.089172915 -0.09401245 -0.038970646 0.007210063 -0.23335044 -0.4435473 -0.038307287 -0.14061186 -0.10997304 -0.15668824 0.026179906 0.0847351 0.5045117 0.10421373 0.26399043 0.35750696 0.0714007 0.3247857 0.12144925 0.14704187 -0.3789618 -0.042681996 -0.03803284 0.05199553 -0.19615912 0.24260421 -0.14718841 0.06900876 -0.3072454 0.076206684 0.0044036433 -0.019532584 -0.054382943 -0.0146644255 0.24852407 -0.04362969 -0.12506571 0.31608754 -0.09560032 0.22019762 0.18316391 0.046504576 -0.05775234 0.062204085 -0.19719015 -0.05600438 0.055336643 -0.10019208 -0.09029921 0.20156004 0.078758754 0.3399503 0.13492471 -0.56857383 0.18530378 0.26366502 -0.20098604
PRK 0.2990981 -0.46560144 0.13624626 0.17638372 0.29635763 0.36703134 -0.14930196 -0.26015258 -0.05246108 -0.26979318 -0.25883517 -0.001706979 -0.15594542 0.0189441 0.35085082 0.119182445 -0.1236819 0.333834 0.05679777 0.40022287 0.39686713 0.2860109 0.054868206 0.10092047 -0.081380464 0.24848361 0.008864436 -0.12742393 0.0007408685 -0.08309905 0.16384067 -0.059664126 -0.033129603 0.027743043 0.111482956 -0.20723426 -0.046210933 -0.16817868 -0.05993807 0.33215418 -0.17034921 0.0056592766 0.059716593 -0.1605983 0.11864444 0.2611154 0.016288975 0.17005455 0.073388994 -0.02862965 -0.34033036 0.20069467 0.5724441 0.40441784 0.09269028 0.07629526 0.3020154 0.16845125 0.14479 -0.20978992 0.5091615 -0.3196147 0.13161394 0.25808883 0.035253998 -0.13033679 -0.08050505 0.20486829 0.015207435 -0.034134362 0.041089803 -0.33684608 -0.092990555 0.19339152 0.10624253 -0.2734864 -0.0907746 0.25676283 -0.11459935 0.19787489 0.08355845 -0.31935975 0.04395919 0.5050132 0.009764062 0.14338808 0.3664441 0.22226386 0.09023328 0.30646166 0.19820838 -0.030043695 0.06840194 0.39502686 0.22421108 0.0063156914 -0.17378019 -0.16305879 -0.34158674 -0.23834349 -0.08281005 0.061448958 -0.113114975 0.00023331583 0.002947598 0.10955413 -0.12093361 0.03051153 0.26791385 -0.18165362 0.17408703 -0.21927308 0.10952205 0.13848928 -0.0774985 -0.27703345 0.13914795 -0.16191864 0.06338035 -0.073739715 -0.10880586 -0.065646045 0.13204768 0.12555203 -0.3004294 -0.123502575 -0.30506104 0.099486314
LBR 0.1489836 -0.1874096 0.13839577 -0.048120417 0.009243972 0.09816469 -0.32990897 -0.19594745 -0.02433524 -0.18105312 -0.2198225 0.20899084 -0.2425709 -0.025039969 0.019063715 0.22802955 -0.19627813 0.0006039181 -0.05337024 0.31106266 0.1386877 0.062003233 0.118557304 -0.28278646 0.17546238 0.29395625 0.10199668 0.0032627236 0.119217075 -0.15501936 -0.10247431 0.075926326 0.061587345 0.053836297 0.050315157 0.027499747 0.024239518 -0.13978548 0.060299516 0.11894558 -0.1905018 0.070517294 0.064795084 -0.15097634 0.17498788 0.18739095 -0.010772538 -0.07977955 0.049178656 0.13715376 0.054692533 0.20158467 0.13546179 0.13706979 -0.076012544 0.21167497 0.3304771 0.13853624 -0.0232532 -0.24419308 0.13817802 -0.07680407 0.12018007 0.022268174 -0.13875933 0.12476117 0.28272074 0.34723377 0.05337586 -0.2575657 0.25418127 -0.12895001 -0.24237148 -0.10012202 -0.011526943 -0.04358752 -0.36725292 -0.07056841 0.04970778 0.025737515 0.2062242 -0.08639634 0.21070872 0.32022625 -0.08057422 0.31704044 0.29222393 0.081621066 0.109200485 0.0079157995 0.03183281 -0.09326064 0.24793342 0.06253524 0.19242603 0.03427857 0.03299378 -0.03834837 -0.038842887 -0.433832 0.081677176 0.11907445 -0.013102667 0.2348745 0.11095102 -0.07555245 -0.0017908689 -0.15222158 0.2319489 -0.033074368 0.0730203 -0.030526776 0.07306698 -0.18535782 -0.14584331 -0.1368075 0.11965348 -0.087205224 -0.027932301 0.10836531 -0.009241501 -0.029882513 0.1552211 0.035255656 -0.16958338 -0.056910876 -0.04066306 -0.1572774
NPL -0.008279311 0.030402731 0.15783095 -0.038268834 0.11004991 -0.15500283 -0.04397692 -0.054907463 0.030988498 -0.10680105 0.062115874 -0.06695213 0.031408615 -0.13990664 0.14393911 0.006696078 -0.1658377 0.15797976 -0.092764035 0.35731238 0.3260208 0.40905276 0.08008739 -0.21773705 -0.12781829 -0.022947498 -0.10449781 -0.010360424 0.13385046 -0.14189152 0.04158752 0.0633234 -0.09675321 0.11037693 0.0026604575 0.10900236 -0.04019716 0.07569269 0.09756991 0.13114202 -0.29859772 0.09381487 -4.101357e-05 -0.0058465023 0.06744341 -0.020204209 0.10829132 0.035481084 -0.061620597 0.0376642 -0.1377565 0.02740549 0.054479796 0.1407907 0.0048690336 0.28725553 0.4867894 -0.11761204 -0.01017605 -0.1496843 0.2225395 -0.17467076 0.116167985 -0.15455012 0.21816579 0.09622953 0.13330622 0.2079787 -0.047667287 -0.049867406 0.24039824 -0.26221716 -0.39862907 -0.14130278 0.010945232 -0.07688898 -0.019111285 0.097339 -0.0049110614 0.029809004 0.030709183 -0.173412 0.040847745 0.56494623 0.004272047 0.26883352 0.1816266 -0.2784442 0.0677506 0.22429219 -0.04041062 -0.23669618 -0.087376446 -0.04464874 0.3253454 -0.077349715 -0.16464745 -0.0086760875 -0.20046635 0.13468009 -0.1679823 0.07666061 -0.16339609 0.07560362 -0.041317314 0.18871722 0.14654571 0.012091807 0.0023949516 -0.18224996 -0.009176798 -0.054152317 0.07327243 -0.08425155 0.123771176 -0.09120187 0.11887838 0.034155827 -0.09357016 -0.13105361 -0.0760885 -0.056882434 -0.0073166597 -0.034081124 -0.0668238 0.08492807 -0.19882055 0.16422094
NIC 0.22264814 -0.30586112 0.1928471 0.21027546 0.15182109 0.2503507 -0.33773774 0.11428784 0.34203106 0.10668041 -0.20207804 0.13230756 -0.5003714 -0.17505024 -0.09827576 0.14179295 -0.19911505 0.02732874 0.0501488 0.18481965 0.06562967 0.15816177 0.19545333 -0.37028468 -0.19792388 0.10418223 0.19741267 0.14829697 0.15066274 0.158323 -0.19019248 -0.19851996 -0.3230519 0.03980756 -0.011843013 -0.50768036 -0.095575 0.047111426 0.051796492 -0.120691486 -0.012525261 -0.11256125 0.0014734742 -0.14823477 0.178977 0.2163333 -0.2930082 0.0066051357 -0.11015473 0.12857305 0.059491582 -0.16166815 -0.2201366 0.0673486 0.0075048804 0.03218756 0.28332838 -0.20247553 -0.16840826 -0.22166839 -0.10479447 -0.08225694 0.18446286 -0.110307 -0.0026352485 -0.09001091 -0.11082513 0.29954726 -0.110364474 0.039668713 -0.050598018 0.28098434 -0.2217828 -0.13793184 -0.2520999 0.02907147 -0.13935888 0.12022828 -0.15610687 -0.081301086 0.12823014 0.17647812 -0.012029663 0.09008941 0.416812 -0.012837291 0.29711905 0.11962855 0.05709891 0.26788217 -0.07655805 -0.40219808 -0.034194548 -0.45453227 0.18303092 -0.26391006 0.30209282 -0.19612215 0.18342713 -0.25580966 0.33092535 -0.014371617 0.06298735 -0.04947828 -0.016497321 -0.22848696 -0.046143666 -0.092602216 0.06045991 -0.18049213 -0.082999475 -0.0703953 0.05085536 -0.14455351 -0.0032976323 0.26644 0.06409825 0.1158951 0.038151145 -0.27130097 -0.07666024 0.1377936 0.38971865 0.19078648 -0.18876532 -0.006690443 -0.05104276 -0.29315034
BRB 0.19864316 -0.28129348 0.22815429 0.30090833 0.15793651 0.27721435 -0.25757518 0.047606915 0.25940475 0.09870273 -0.14156988 0.10522206 -0.41450864 -0.206795 -0.087356225 0.18333 -0.1965141 0.17800821 0.12375622 0.17320068 0.06766575 0.20637685 0.19267976 -0.3720418 -0.30982122 0.041499436 0.11750843 0.12060802 0.09559096 0.18255635 -0.14423956 -0.15960416 -0.21463305 0.051520824 -0.10633736 -0.48856807 0.04855629 0.09582944 -0.034916013 -0.1207809 -0.004029378 -0.11899031 0.012551476 -0.15132709 0.23945756 0.23716457 -0.2549149 -0.0184593 -0.076409854 0.10341226 0.0740595 -0.12159751 -0.11084853 0.037881427 0.019808998 0.05939411 0.25318173 -0.14308357 -0.07458256 -0.30451596 -0.081470154 -0.08851618 0.17939791 -0.09700415 0.07451121 -0.08991059 -0.08331219 0.17321858 -0.21600378 0.08282147 -0.04979256 0.17416494 -0.25557053 -0.07640961 -0.19924955 0.07157276 -0.12291941 0.19348341 -0.12440023 -0.013173612 0.1549876 0.10406496 -0.085048884 0.082197376 0.46131575 -0.10752078 0.27629358 0.069189735 0.09792154 0.24483886 -0.118599005 -0.25563514 -0.034606304 -0.41838524 0.14892949 -0.14714585 0.24448997 -0.14584535 0.12835006 -0.26881844 0.27393225 0.042522617 0.015638215 -0.114172116 0.01402208 -0.08510113 -0.08084949 -0.076841414 0.044311587 -0.16546787 0.07341204 -0.102212794 0.010679024 -0.18082255 0.064260006 0.21021076 -0.02353037 0.10292997 0.053818207 -0.22974391 -0.08208513 0.13886346 0.33542347 0.08009693 -0.14323764 -0.019766359 -0.034895778 -0.23193654
ISL 0.03591845 -0.09960444 0.10007558 -0.14131874 -0.0828901 0.08860409 -0.27101812 -0.19777599 0.102635354 -0.12024769 -0.19424129 0.15333833 -0.24813497 -0.01528798 0.020438854 0.10087798 0.18448344 0.025827158 0.1258912 0.22811341 -0.008128208 0.08309418 0.01273178 -0.33917308 -0.020114975 0.1807313 -0.06506981 0.0990048 0.25060254 -0.16406804 -0.20097175 0.14745541 -0.16760844 0.23809688 0.15263955 -0.10483046 -0.09823669 -0.16167735 0.020897863 0.25880072 -0.23113234 -0.11342476 0.20607165 -0.0885016 0.06328157 -0.059869483 0.041742142 -0.07147157 -0.03142208 0.18827389 0.060376905 -0.016817879 0.028990062 0.0856986 -0.04312507 0.07348287 0.45875764 -0.09452582 -0.1855891 -0.18060721 0.08688161 0.03448318 0.048943687 -0.10173594 0.0061088596 0.10560143 0.15143774 0.6295199 0.22378035 -0.2635318 0.35873586 0.05380016 -0.6110688 -0.34755912 -0.15629824 -0.13983351 -0.3051358 -0.0753617 0.01076907 0.07127617 0.2500536 -0.09567118 0.05339526 0.3485993 -0.06919014 0.27236554 0.16688205 -0.14330116 -0.045709 0.028503902 -0.0058792178 -0.24633577 -0.06461444 -0.12482966 0.29162696 -0.029196063 -0.040977504 -0.1262899 -0.12221211 -0.25803953 0.2617786 0.039647896 -0.03928974 0.18852057 0.010260135 0.02940654 0.16148108 -0.26874304 0.10034443 -0.08830746 -0.11241994 -0.16335718 0.13464783 -0.09994485 -0.27362663 -0.08896682 0.3128197 -0.075830646 -0.035236668 -0.05937905 -0.050689485 -0.14155053 0.15434644 0.10938179 -0.112642795 0.03661149 -0.2189391 0.06552267
UZB 0.12629297 -0.23842107 0.08146803 -0.022104226 -0.082002476 0.22680603 -0.4122438 -0.07720709 0.24351121 -0.1395897 -0.38253576 0.21799634 -0.3312363 -0.06901012 0.018758046 0.026815483 0.452959 -0.07059711 0.115342505 0.24411345 -0.11292656 0.04524475 -0.10744383 -0.19857635 0.025977047 0.13583726 -0.117323235 0.11054808 0.11984223 -0.18946573 -0.16367322 0.18444316 -0.33365366 0.37508553 0.26422065 -0.30542967 -0.18243174 -0.23355228 0.0364393 0.4134179 -0.32589185 -0.27795503 0.164116 0.09026703 0.011198097 -0.14143957 0.029149968 0.07166288 -0.09558569 0.15508415 0.05796745 -0.09853179 0.006053083 -0.0116717825 -0.0152430795 -0.011926265 0.53680253 -0.21659924 -0.24788341 -0.110560715 -0.03266392 -0.10084982 0.13687986 0.003671627 0.027874973 -0.0020579498 -0.0058562993 0.6822341 0.32556593 -0.46333566 0.21528852 0.0052405167 -0.63429797 -0.4285987 -0.28789783 -0.2535759 -0.1786192 -0.16982989 -0.0806142 0.107375175 0.29401833 0.017990883 0.22954637 0.32281253 -0.24738134 0.4014559 0.22620864 -0.08929315 0.10100495 0.10937963 0.105581686 -0.48031813 -0.20375374 -0.24851026 0.3273347 -0.26101136 0.0020052264 -0.028301025 -0.12541494 -0.22123706 0.43800965 0.0024115322 -0.027353643 0.18437843 -0.09121619 0.072949186 0.2955653 -0.22605206 0.033051625 -0.05926423 -0.26517606 -0.33610073 0.18153274 0.03281176 -0.46717897 0.03761095 0.3173261 -0.07910571 0.071607955 -0.20139854 -0.008907495 -0.27979022 0.23641632 0.3180974 -0.25840437 0.13363501 -0.23571451 0.080649115
RWA 0.19695875 0.020055061 0.29251993 -0.0020488459 0.2008498 0.03357677 -0.45019987 0.22613104 0.26830953 -0.0070520067 0.22127539 -0.016202323 0.16625266 -0.40979066 0.17282069 0.025298579 -0.3290041 0.24296685 -0.15377519 0.6883167 0.32318705 0.49448 -0.21649659 0.1379946 -0.42409194 0.120601095 -0.08070589 -0.11534833 0.17110771 -0.09990544 0.10152468 0.20602596 -0.17872797 -0.07284716 0.010536814 0.21319003 -0.057666145 -0.028067794 0.1783931 -0.04798669 -0.5387573 0.15479527 -0.090305164 0.16375074 0.29525718 -0.18430185 -0.022563985 -0.0649922 -0.3046056 0.12316562 0.1602451 0.0005538622 -0.2632675 0.37416694 0.007500188 0.119615674 0.5223349 -0.0919466 0.03072286 -0.06710278 0.026443107 -0.16624932 0.16521537 -0.2114849 0.38129726 -0.058839843 0.098413065 0.518036 -0.20122992 -0.13095929 0.18337995 -0.08310419 -0.3198088 -0.059983354 0.11707333 0.017734231 -0.10924938 -0.0841079 -0.13180941 0.15369591 -0.011951725 -0.21845755 -0.006053575 0.6484565 -0.047155607 0.08745775 0.5536622 -0.41457033 0.17890859 0.39746264 0.04273921 -0.39891073 -0.18397859 -0.34768477 0.6948394 -0.1404977 -0.08752069 0.005709615 -0.5416313 0.2688589 -0.16413942 0.20516118 -0.3789711 -0.12787491 0.14426827 0.0033935755 0.1717134 0.22619559 0.013677976 -0.42401868 0.07732613 -0.40079674 0.11816115 -0.094238006 0.118510865 -0.01783252 0.26116285 0.2821822 -0.14894758 -0.04731683 0.09444879 -0.04700739 -0.09824814 -0.28957352 0.09108683 0.09202601 -0.045222152 0.18210104
MOZ 0.1867988 -0.30829176 0.18399845 0.357258 0.121505395 0.19706489 -0.1632273 0.08436065 0.11381386 -0.033417333 0.04315942 0.08514439 -0.371658 -0.23265685 -0.066021524 0.35547248 -0.30967733 0.19248238 0.09032555 0.17646189 0.059317194 0.24074699 0.0907045 -0.33892334 -0.17271471 0.03190232 -0.026119107 0.08276758 0.081899084 0.17666258 -0.12444688 -0.1123937 0.09606469 0.08113992 -0.10690824 -0.30178642 0.2942647 0.07703567 0.02062537 -0.17244874 0.039086476 -0.082719706 0.08970539 -0.16063467 0.26026356 0.18508063 -0.20500726 -0.14501384 -0.09080118 0.18260895 0.18273345 -0.034112692 0.0026299711 -0.0874464 0.0061227893 0.06800951 0.24176085 -0.13437952 -0.06971434 -0.23960884 -0.20057273 -0.028124787 0.07750546 -0.22163096 0.0056222808 0.05980377 -0.008523959 0.11249731 -0.21861525 0.014751582 0.029358812 0.11359248 -0.30794236 -0.07621208 -0.14855187 0.1044773 -0.19576323 0.17978856 -0.063983 -0.0008808136 0.16093856 -0.047495212 -0.06615164 0.09674723 0.28499335 -0.1391204 0.20856282 0.08937044 0.09870174 0.18155168 0.0007411558 -0.08474434 0.099909596 -0.21731107 0.14670473 0.032180395 0.07771572 -0.059967842 0.06245812 -0.24976054 0.16386996 0.056283493 -0.075920165 -0.11166721 0.16551013 -0.08642335 -0.08002687 0.072547264 0.034832824 -0.15255912 0.20436256 -0.12323557 -0.029653296 -0.18110539 0.06887107 0.06925705 -0.07071256 0.1048597 -0.0019665624 -0.11038398 -0.10176379 0.028062342 0.084597126 -0.03630229 -0.025745492 -0.010510339 0.009230079 -0.09089476
MWI 0.2245756 -0.13317882 0.13841555 0.08546859 0.33609363 0.61948335 -0.16307375 -0.3204599 0.20694143 -0.0649471 -0.17376429 -0.21807206 0.17652443 -0.12808612 0.112817064 -0.07669102 -0.06458621 0.40286478 0.16846114 0.27438292 0.24834664 0.21934026 0.16952439 -0.053963758 -0.24905184 0.33466592 0.062611856 -0.16128103 0.052303325 -0.031186445 0.25057605 0.07629079 -0.21379524 0.0476974 0.04197199 -0.18551207 -0.117364645 -0.19316575 -0.23361015 0.31648308 -0.18547213 0.18590489 0.11842969 -0.33536878 0.13908231 0.090231374 0.018352801 0.0068879956 0.04082341 -0.21414839 -0.15118375 0.031077502 0.36443034 0.6611969 0.052164044 -0.03810854 0.41906723 -0.00407105 0.005693116 -0.4608583 0.5261551 -0.44574732 0.20321967 0.05848442 0.15121375 -0.08381841 0.002488344 0.19015907 -0.08238399 -0.22633101 -0.09088783 -0.3852863 -0.33901477 0.18719436 0.21490408 -0.33775067 0.046535727 0.43867937 -0.29427072 0.20011538 0.17082137 -0.2991228 -0.028892966 0.1886581 0.3026491 -0.10236975 0.21895926 0.028804515 -0.019107496 0.38960522 -0.04599484 -0.048654214 -0.08305603 0.01923957 0.46069485 -0.12783352 -0.0042874306 -0.20993447 -0.50885814 -0.16954611 0.020153625 -0.09542413 -0.12728208 -0.17230281 0.09942907 -0.024323469 -0.34812084 -0.0851765 0.37781915 -0.45386723 0.20209718 -0.3530028 0.30239666 -0.018238576 0.20487408 0.064276636 0.12446003 -0.2493247 -0.030365204 -0.06507742 -0.178392 0.014643965 0.08046488 0.107107796 0.02260924 -0.41387773 -0.2579487 -0.109740786
MMR 0.29139543 -0.20644556 0.19519556 0.2664273 0.25968307 0.15263698 -0.041118994 -0.07163805 -0.053970557 -0.28976333 0.13096827 -0.08616477 0.005212441 -0.29419282 0.2046523 0.19752924 -0.2712303 0.3555196 0.14886 0.26965222 0.22952247 0.3843316 0.05308027 -0.08393791 -0.12620184 -0.07523135 -0.16530171 -0.02512559 0.012090011 0.057241652 0.13870695 -0.0063557676 -0.024034748 0.017006367 0.02488792 -0.14613931 0.16519718 0.027217254 -0.04395034 0.10341964 -0.070937365 0.10674939 0.1145433 -0.08452808 0.21588655 0.041753378 0.038167097 0.024316577 -0.13361138 0.061091043 -0.07180768 0.038147315 0.2310218 0.09488997 0.08712542 0.15834543 0.27960092 -0.016341101 0.09458657 -0.15552172 0.143705 -0.23977637 0.07887616 -0.10711318 0.12647653 -0.0349905 0.06797637 0.052142978 -0.120487995 0.05632322 -0.003054897 -0.21946128 -0.32030517 0.06687317 -0.02386161 -0.10566219 0.045431875 0.2518949 -0.090020016 0.1892083 0.08302516 -0.26843384 -0.032752372 0.36301187 0.15304391 0.034779496 0.23188148 -0.0005960416 0.046238817 0.30974853 0.028491773 -0.09750791 -0.041448068 0.0666292 0.28428245 0.032301825 -0.17520273 0.01601977 -0.31325716 0.02606391 -0.099007264 0.053184483 -0.22483838 -0.069987945 0.1274337 0.13260542 -0.0001772075 0.10427972 -0.016336791 -0.20706567 0.21600665 -0.19686049 0.09625307 -0.05701414 0.065714195 -0.17746094 0.13715458 -0.011524436 -0.043919902 -0.13452958 -0.16425902 -0.061744966 -0.16600049 -0.08360007 -0.013044989 -0.02316852 -0.25553796 0.18416123
VNM 0.40960473 -0.31787643 0.16899596 0.12027381 0.14814337 0.2529006 -0.16484733 -0.030173669 -0.017099814 -0.43507037 -0.051982336 -0.07674392 -0.15556516 -0.073075026 0.21249396 0.13590166 -0.20543982 0.3431306 0.17692047 0.36527184 0.36401677 0.34532255 0.1677325 -0.0052790255 -0.08810266 0.12531714 -0.07091977 -0.100254275 -0.044834193 -0.06300537 0.26185364 -0.075879164 -0.0610308 0.04410289 0.08131447 -0.28192452 0.17730923 -0.14932531 -0.006939225 0.16230875 -0.13630629 0.008111497 0.12192489 -0.059868444 0.13579385 0.016638631 0.04060302 0.046977095 -0.12771006 0.020225227 -0.18114558 0.04016725 0.29260406 0.16326062 0.09373908 0.04554341 0.36959827 0.030229805 0.030674426 -0.10342124 0.21183246 -0.32245648 0.049930118 -0.08012815 0.05575031 -0.08395128 0.034676522 0.09642292 -0.022434972 -0.0720831 0.00010696426 -0.15735085 -0.24500379 0.067581624 -0.07238867 -0.20509566 -0.002981585 0.16787201 -0.054122694 0.20525344 0.22042511 -0.38864365 0.09925849 0.5508262 0.092928156 0.18398367 0.38762125 0.1221516 0.08097505 0.4003816 0.15782656 -0.07754701 0.04069238 0.20560232 0.3951519 0.0104019 -0.3155323 -0.03365975 -0.37041125 -0.025346382 -0.07726887 0.099011816 -0.24646275 0.011308864 0.04175103 -0.009955777 0.074108995 0.10416443 0.06622332 -0.17579164 0.09086724 -0.2373399 0.11875112 0.09202845 -0.11180033 -0.090247065 0.3084953 0.07166207 0.09088317 -0.11297344 -0.18638168 -0.1367554 -0.051463142 -0.06879071 -0.12176168 -0.09540326 -0.30535978 0.21047956
BMU 0.110843055 -0.21505605 0.21095473 0.14229129 0.049936783 -0.055201836 -0.3131723 -0.15519112 -0.026978888 -0.10952191 -0.12773578 0.27088276 -0.23733582 -0.21902105 -0.09569676 0.34661928 -0.38212502 0.10168236 -0.19699816 0.34322095 0.14814948 0.26913357 0.20000423 -0.4147526 0.17689914 0.11450064 0.10579576 0.08250269 0.1884183 -0.14925529 -0.19684033 0.022545677 0.24829474 0.006612165 -0.112535514 0.16038214 0.076186396 0.044427097 0.13593026 -0.09362331 -0.21328288 0.06450198 -0.057604924 -0.2182903 0.0664392 0.283942 -0.036267277 -0.04321812 -0.042230193 0.22103593 0.053580485 0.31495166 -0.01348668 0.0020675191 -0.18304054 0.35682458 0.33227688 0.008111559 0.076590784 -0.3577622 0.001188234 0.06389037 0.10328221 -0.08852108 -0.06479091 0.25593638 0.30408484 0.35814792 -0.08238497 -0.11480588 0.38731393 0.04445947 -0.31393695 -0.21537703 0.006538636 0.1575256 -0.35402772 -0.0039829277 0.12226714 -0.08579358 0.22843465 0.02327482 0.10412009 0.274396 0.046114944 0.24795522 0.19781211 -0.08644736 0.042940445 0.023796337 -0.06659562 -0.10663862 0.31383368 -0.13671197 0.20730977 0.053409193 0.14025375 0.0024193083 0.20550908 -0.37405556 -0.0652493 0.07581776 0.061155822 0.16633695 0.12111273 -0.06423499 0.01398424 -0.110440396 0.15182772 0.04896193 0.065306455 0.11777471 -0.035676286 -0.3339739 0.034842577 -0.09856808 0.027574334 -0.045972023 -0.08323047 0.071733914 -0.00096073333 -0.03948926 0.20003763 -0.017835226 -0.06719659 0.013230953 -0.019087628 -0.14605252
QAT 0.33706424 -0.33845177 0.19769993 0.19255358 0.13411896 0.09661366 -0.100202434 0.07091644 -0.12640569 -0.44247806 0.120967 -0.021325173 -0.17232887 -0.11291744 0.22895136 0.2085125 -0.24916212 0.37460947 0.16508186 0.37165835 0.3337997 0.3456535 0.104991175 0.062324863 -0.159348 -0.04288156 -0.18398137 -0.12531546 -0.07232098 -0.061350603 0.29443213 -0.082836635 0.09792716 0.01683045 -0.041063473 -0.23155466 0.30249748 -0.089999445 0.054900236 0.02633429 -0.10975747 0.013659429 0.051466364 0.0027341964 0.11627 0.00517723 0.03644625 0.058508523 -0.20369054 0.08867054 -0.16028112 0.126259 0.24365072 0.059418596 0.06594612 0.08484447 0.37800014 0.015570726 0.1015594 -0.034510426 0.10858931 -0.29850754 -0.035818484 -0.12215313 0.14202897 -0.053668857 0.018384455 0.038197 -0.13757184 -0.008302869 0.038242366 -0.10489787 -0.24716453 0.01850567 -0.12050626 -0.15330966 -0.0875879 0.08214647 0.00028395123 0.21488975 0.17706287 -0.4013469 0.11422091 0.71597564 0.1266412 0.2199656 0.44215602 0.05315031 0.1974037 0.4722806 0.19506076 -0.163562 0.023991995 0.14154741 0.38843957 0.012977225 -0.3387105 0.03670245 -0.30924618 0.10720894 -0.18501155 0.16459812 -0.27986392 -0.049103677 0.045675576 0.012775851 0.14983474 0.184964 -0.0423818 -0.12067162 0.060736965 -0.14627196 0.10290542 0.080071196 -0.04766694 -0.10102511 0.2815594 0.23262525 0.11037562 -0.15007617 -0.1526329 -0.21530816 -0.07442978 -0.1698314 -0.2044636 0.015948674 -0.20716567 0.23483948
HND 0.16819258 -0.34999877 0.21727757 0.18632844 0.1562172 0.124251604 -0.270508 0.054923415 0.21485946 0.029278433 -0.02635493 0.10148386 -0.46960306 -0.19295448 -0.095303476 0.20305045 -0.2935936 0.087612405 -0.014554617 0.10878938 0.08518862 0.21248613 0.1969767 -0.3377804 -0.107020535 0.046495683 0.13971455 0.13940503 0.13211586 0.13239282 -0.17350568 -0.21572576 -0.12966505 0.03062897 0.03678493 -0.32705694 -0.014020708 0.049537823 0.107628964 -0.090818234 0.07612383 -0.06695713 -0.022118399 -0.24051698 0.14826022 0.28438583 -0.19134493 -0.017200103 -0.1465049 0.15178938 0.057916574 -0.1295148 -0.13744967 0.06844827 0.019038944 0.053893294 0.28949842 -0.2614376 -0.13436425 -0.18426576 -0.064122796 -0.061998263 0.13236469 -0.12791017 0.018943418 0.0034506917 -0.07415728 0.30514124 -0.16226198 0.039996848 0.06331884 0.22401902 -0.25539574 -0.177733 -0.21496335 0.024792548 -0.18765701 0.18049535 -0.17496692 -0.112869635 0.11444907 0.13281915 -0.049781326 0.11056044 0.36199245 -0.010558366 0.20821409 0.07022011 0.043952465 0.37160188 -0.10639853 -0.22847155 0.07482241 -0.32463065 0.16689892 -0.22943623 0.19266023 -0.20266055 0.1901045 -0.27943042 0.18052137 -0.008035628 -0.024941126 -0.10833249 0.037729662 -0.18546228 -0.030774157 -0.023551585 0.08100722 -0.25701377 -0.024500877 -0.071923666 0.04927882 -0.17648719 0.07020912 0.18429384 0.016908739 0.06776555 -0.041734874 -0.22798254 -0.08153232 0.10223067 0.3112505 0.1814809 -0.13618058 -0.0070680305 -0.06439933 -0.21861303
CIV 0.22156237 -0.26684782 0.20388183 0.23276068 0.13374634 0.23433062 -0.32369292 0.08312172 0.30416295 0.07585566 -0.16703856 0.1293043 -0.4198871 -0.19365264 -0.10377612 0.14266796 -0.16486208 0.086336 0.088760205 0.15414977 0.037788995 0.1902599 0.18304358 -0.3424848 -0.1925527 0.07693577 0.14178249 0.123128064 0.12861983 0.14847201 -0.17243882 -0.15193346 -0.28686506 0.06278878 -0.0062228963 -0.44395852 -0.048138976 0.056166478 0.022240411 -0.08773676 0.003228521 -0.098677516 0.009120698 -0.1383658 0.19870922 0.19475587 -0.23791455 -0.017453272 -0.13469192 0.106310256 0.07692177 -0.17663991 -0.2093742 0.04963638 0.02821851 0.031812835 0.2719016 -0.19314013 -0.15454349 -0.2570073 -0.09665044 -0.096374296 0.18293542 -0.12013301 0.03084346 -0.0884511 -0.08522967 0.24897811 -0.13133188 0.023323463 -0.047346257 0.20520785 -0.25089487 -0.14005081 -0.24267408 0.048852183 -0.113441825 0.13133673 -0.14338624 -0.06443645 0.13532147 0.13643304 -0.044840973 0.068088956 0.37465692 -0.03770838 0.26858944 0.07674569 0.06505438 0.28248036 -0.11013446 -0.3177084 -0.038471628 -0.41750103 0.18871072 -0.21361095 0.24469212 -0.1771288 0.12895893 -0.22180335 0.29386675 0.0072358735 0.04829652 -0.06323887 -0.0069636554 -0.16436288 -0.025894623 -0.093766585 0.017971585 -0.17519476 -0.060674746 -0.108987115 0.06612402 -0.14894818 0.0015730015 0.22396132 0.023471797 0.09043271 0.025998754 -0.2491201 -0.078499764 0.11463364 0.33219787 0.15029326 -0.13416706 -0.013261157 -0.064011894 -0.22896296
ZMB 0.05587774 -0.31392628 0.15832011 0.04035809 0.23426309 0.059427522 -0.14278594 -0.14042602 -0.0023296662 -0.019300397 -0.18322712 0.15791273 -0.2637422 -0.03013034 0.13627683 0.097884536 -0.059161816 0.020857526 -0.112769075 0.3563749 0.27042145 0.10123877 -0.058378894 -0.2253595 -0.07678301 0.15931995 -0.0014586991 0.050855126 0.11086932 -0.08398418 -0.09736961 -0.028554775 -0.096923724 0.036815304 0.04200907 -0.1525985 -0.22240672 -0.06152102 0.079606004 0.18629888 -0.2087408 -0.0039006732 -0.009619516 -0.099883966 0.1062967 0.24372092 -0.093403056 0.13875893 0.06421361 0.10103729 -0.17215143 0.17611098 0.23629726 0.25917083 -0.028566372 0.15521039 0.262703 0.052433085 0.050512366 -0.024889044 0.24346876 -0.02548698 0.10953536 0.28024408 -0.021469131 -0.043036185 -0.016870648 0.34692934 0.02288621 0.022121927 0.061846502 -0.08588484 -0.070072755 -0.003033434 -0.007009597 -0.13206218 -0.21463433 0.012990464 -0.08466939 0.04216717 -0.033155434 -0.00061754294 0.10559549 0.361559 0.002832106 0.18676883 0.25323048 0.04234806 0.11226865 0.044752173 0.061806504 -0.22268967 0.010439129 0.09667477 -0.009331355 -0.13855283 0.132372 -0.07892332 0.01778065 -0.3045316 0.027721995 -0.031049054 -0.046571013 0.084133096 -0.050347526 0.077850625 -0.027937016 -0.13554227 0.25860816 -0.07769434 0.078405246 -0.004713294 0.03052023 -0.03550474 -0.11337371 -0.14607827 0.085322045 -0.07629612 0.021442365 0.005092438 0.03677233 0.03312905 0.2860096 0.14187327 -0.30692875 0.01645092 -0.015350888 -0.0905124
