135 128
RUS 0.009795478 -0.2673267 0.2917392 0.080022626 -0.041697554 0.18068488 -0.11079707 0.058401715 -0.22835173 0.3802162 0.10204795 -0.016376669 -0.13437459 -0.1352712 -0.003959323 0.14457732 -0.16620643 0.11459949 -0.03159664 0.011810248 -0.035668183 0.25595367 0.08858004 -0.14334626 -0.19544871 0.05005485 -0.10638396 0.17748164 -0.11781683 -0.15385489 0.055269428 -0.064582445 -0.22547 -0.1872954 -0.17733982 0.006698596 0.35107973 0.009492221 0.24363318 -0.18286546 0.05199328 -0.05451987 -0.069559686 -0.027808137 0.21732365 0.35541832 -0.35375503 0.25145212 -0.11481857 0.18118249 -0.13457575 0.05485095 0.097885765 0.08350483 0.14691886 0.12646051 0.22375837 -0.012908308 0.032208677 -0.08428859 0.09972988 -0.16605595 0.08645562 -0.05007918 0.26374754 -0.09453288 0.030142104 0.07376658 -0.064461805 -0.085539065 0.09887651 -0.123722546 -0.17873974 -0.08323447 -0.011331657 -0.012398862 -0.05693079 0.012556697 0.010190834 0.21804951 -0.14743641 0.10980477 -0.0003005198 0.3236155 0.031354103 0.17661749 0.15977243 -0.058831077 -0.053250752 0.14873801 -0.069201864 0.071841314 0.151449 0.014238418 0.3121177 0.12942001 -0.10780717 -0.10888427 0.05239233 0.009136067 -0.09078153 0.22547689 -0.23062596 0.016235381 0.053185936 -0.005452564 0.012047768 0.1001573 0.02155083 -0.14843383 -0.004503037 -0.18560609 -0.019722503 0.025985517 0.034695975 -0.07487233 -0.05383283 0.38457268 0.08600846 -0.18761732 0.12294915 -0.025442144 -0.044603087 -0.26451126 -0.26371416 -0.016470097 -0.117503226 0.008151951
NGA 0.10419521 -0.16931204 0.24847649 0.16925019 -0.009927208 0.14812708 -0.26809603 0.02215267 -0.09107699 0.25514644 0.022258388 0.029124083 0.11276147 -0.4356207 0.08003119 0.19256249 -0.37596104 0.14399202 0.10529249 0.09757656 -0.05627339 0.05784848 0.047849096 -0.16251893 -0.14324936 0.09011024 0.009277226 0.16979522 -0.008905167 -0.04153018 0.06769503 -0.10158029 -0.16625164 -0.046407558 -0.13848545 -0.12813184 0.24715988 0.047005948 0.2559747 0.0017584322 -0.10006337 -0.02899209 -0.051589638 -0.105452046 0.14501524 0.17800294 -0.07095606 0.08199275 -0.107559815 0.09161057 0.19913037 -0.041318186 -0.2863203 0.14478678 0.049237825 0.020763423 0.15081148 -0.15391573 -0.16234589 -0.16898815 -0.0014837745 -0.11785683 -0.049822845 0.0074124327 0.1010167 -0.016090883 0.20306148 0.107487224 -0.1353464 -0.15607922 -0.01720037 0.0027971347 -0.1375714 -0.0065537677 0.054062158 -0.019534629 0.02370203 -0.06287158 0.042040486 0.06944425 -0.1604862 0.016511723 0.09245207 0.28742695 -0.05147774 0.29990798 0.032539792 0.006646948 0.027509134 0.12212761 -0.079952426 0.02868835 0.08052348 -0.032729354 0.24639142 -0.03391241 -0.07446959 -0.21590538 0.03708535 0.009864284 -0.059958022 0.20221812 -0.012293887 -0.0063295476 0.094054766 -0.0962338 0.18682793 -0.2007747 0.19384085 -0.12377597 0.0651514 -0.041966993 0.03401205 0.04342722 0.197402 0.1228506 -0.07488942 0.06697557 0.04183739 -0.103122115 0.07892293 0.05260593 -0.013350361 -0.04236026 -0.23459129 0.05300042 -0.1358668 -0.25408885
SAU -0.06777005 -0.20521915 0.23671745 0.061009806 0.0059867976 -0.013318225 -0.016005153 -0.014547431 -0.2767036 0.051768832 0.23439813 0.071169436 -0.021789985 -0.043832 0.18294585 0.10142746 0.0155876335 0.19711538 -0.08974442 0.01640992 0.023317534 0.23725416 -0.14068319 -0.12081123 -0.04426679 -0.02991669 -0.103246 0.25982413 0.13142727 -0.086400926 -0.098900646 -0.08548312 0.14435403 0.15870337 0.11478247 -0.019723408 0.25456122 0.029414266 -0.012863521 0.047213107 -0.066078804 0.19557989 0.0675563 -0.12435273 -0.11833635 -0.020211104 -0.061535195 -0.15548848 -0.02021817 0.08555682 0.536661 0.089135185 -0.0021974263 0.049113158 -0.13443698 0.16809496 0.30445617 -0.26116258 -0.08138403 0.029949237 0.06689763 -0.14090458 0.05494705 0.10369299 0.08127158 -0.05763888 0.14652711 0.18069434 -0.09780668 -0.18015137 0.15134118 -0.068990886 -0.3483834 -0.040811904 0.17159036 -0.06611896 -0.061048113 -0.15476477 -0.1136575 0.073627084 -0.025826123 -0.24570812 0.15237787 0.2541174 0.017200204 0.23049814 0.032888323 -0.20247863 -0.018131137 0.01647314 -0.03012584 0.0077871336 0.057965666 -0.05604887 0.40576082 -0.16857383 -0.10801122 -0.16962552 -0.074625984 -0.21962 -0.14342332 -0.0031734745 -0.030057706 -0.07961003 0.029128056 0.025775151 0.07018658 -0.052808456 0.15951844 -0.009901976 0.2051738 0.0007469847 0.1062672 -0.085107684 0.024645522 0.11195167 0.01819581 0.06784583 0.059419617 -0.111464664 -0.036675364 0.042700008 -0.04441178 0.20856628 -0.18169074 0.12949656 0.10897509 -0.062300812
VEN 0.05253979 -0.11473732 0.021042198 0.28219 0.17759551 -0.12046037 -0.07397393 -0.007929103 0.013200611 -0.11758492 -0.00921871 -0.01840194 0.23939939 -0.2984943 -0.044059947 -0.015546734 -0.31561527 0.05455967 -0.09465547 -0.008651831 0.17522074 -0.073731676 -0.026917428 -0.15549405 -0.12471023 0.16580832 -0.28453642 0.27336627 0.0090500675 -0.1613654 -0.030780517 -0.019657826 0.12940302 0.13696404 0.09037554 -0.19060281 0.11974898 -0.1515336 0.14211394 0.2993911 0.034698013 0.07662873 -0.010916891 0.06595095 0.15609491 0.11034816 -0.017386645 0.17771056 -0.15333946 0.01761758 0.13499929 0.027004272 -0.08100209 0.2865743 0.00026256058 -0.12187814 0.20660365 -0.24180728 -0.32295224 -0.006902047 -0.06982736 -0.09177611 0.5289007 0.026517628 0.17456608 -0.02291091 0.09836549 0.21813077 0.14130169 -0.16998947 0.015798219 -0.1345394 -0.40507436 -0.14409648 -0.028417803 -0.15848038 0.042714782 -0.04603904 0.033241343 0.18765053 -0.040599644 -0.13889113 0.18983474 0.25199887 0.11435379 0.1784372 -0.0854425 0.10982189 0.050737 0.07629835 0.0008077116 0.19234692 0.03151818 -0.0046688663 0.09058304 -0.18663664 -0.09163794 -0.25226772 0.008667711 -0.22067305 -0.12067962 0.025782444 -0.118898705 -0.0147570195 -0.028868344 -0.22898602 0.054423627 -0.07072474 0.20902854 -0.033314012 0.14402427 -0.23239785 0.1845526 0.024618655 -0.096547954 -0.068674095 0.21540372 0.18304753 0.092936814 -0.34032378 -0.2101195 -0.17169295 -0.039042536 -0.0062170904 -0.31004676 0.036864392 -0.05873879 -0.19166209
IRN -0.116933346 -0.21897453 0.08545678 -0.02522422 -0.13951322 0.048113022 -0.1254802 0.011694868 -0.20435184 0.15970312 0.25780043 0.19145828 -0.21358939 -0.06080679 0.071641795 0.19322436 -0.072881505 0.2146279 -0.071255155 0.061012875 -0.01096866 0.25059965 -0.04305716 -0.33922687 -0.102807745 -0.048229177 -0.07249508 0.16928558 0.13874665 -0.14338505 -0.096188 -0.20653763 -0.022077357 -0.0012726868 0.0019660487 0.1410585 0.21980295 0.012031312 -0.065136515 -0.11015706 -0.03595092 0.13312998 -0.002587747 -0.15192437 0.061194915 0.10778405 -0.20974414 -0.09202685 0.029385343 0.070346616 0.39097252 0.008379012 0.033593774 0.10190232 -0.03618612 0.26031753 0.3231492 -0.2902572 0.04596376 0.06136482 0.18607199 -0.06290689 -0.09052154 0.16712926 0.13109054 -0.12945007 0.17598973 0.32358196 -0.18264337 -0.17165299 0.14514259 -0.13838059 -0.30399495 -0.16118819 0.12927131 -0.026684485 -0.020438466 -0.028541984 -0.10544334 0.16413938 -0.05601227 -0.17009278 0.050788447 0.22057196 0.07121534 0.08170462 0.098549776 -0.18290639 0.051197585 -0.1151783 -0.048536368 -0.11945633 0.09008868 -0.08374614 0.39581627 -0.14225292 -0.003024228 -0.14562754 -0.071325764 -0.034525298 -0.07436827 -0.052762106 -0.027629124 -0.08149624 0.047922492 0.10136959 0.08943001 0.007533817 0.04825451 -0.16802867 0.18063086 0.07263498 0.09716785 -0.038394723 0.023326557 0.09181787 -0.035318233 0.060341302 0.09842644 0.043465026 0.11939784 0.18201615 -0.0868211 0.12881644 -0.19817103 0.0010562332 0.1691591 -0.18800813
GBR -0.06309392 -0.22493427 0.16253918 -0.019582327 0.10597348 0.24476811 -0.12943947 -0.020197457 -0.17082983 0.12131035 0.29870126 0.060367614 -0.12326403 -0.050234057 0.010497747 0.0012798426 -0.14714397 -0.08135018 -0.1120512 -0.05800092 -0.065048814 -0.026507055 0.140664 -0.014224279 -0.13146053 0.092007935 -0.18387845 0.08739258 -0.027238285 -0.17952324 -0.060087312 -0.06086854 -0.07102846 -0.05561523 0.17918493 0.011466535 0.46462262 -0.026077664 0.1726111 -0.09053606 0.03748345 0.07053394 -0.14002827 -0.19383371 0.2796619 0.1372781 -0.20156434 0.17351587 -0.1430339 0.21613963 0.0357849 0.15841952 -0.05170092 0.18463448 -0.023440033 0.12849031 0.23930214 -0.14136194 -0.045250937 -0.06284597 0.07080953 -0.2469941 0.2624777 -0.003782228 0.1552485 -0.018510006 0.21216094 0.25884062 0.02793558 -0.14931655 0.07638269 -0.14863856 0.0261295 -0.061008476 0.0830667 0.03896487 0.061103586 -0.008425029 -0.004518404 0.027077751 -0.1594443 0.032635458 -0.007325113 0.21606389 -0.12959504 0.10629896 0.032214053 -0.06310686 -0.07400936 0.15988654 0.05357879 0.15236153 0.20185882 -0.13459808 0.2521717 -0.08226231 -0.16211283 -0.08469203 0.10802469 -0.08903769 -0.12981501 0.13504794 -0.28629133 -0.07979024 0.21518074 -0.024287513 -0.015390438 -0.0055258987 0.19737701 -0.20087959 -0.119060986 -0.19304703 -0.075786896 -0.080201276 0.020185426 0.13843513 -0.039943863 0.13045853 0.16078901 -0.017603872 0.08652331 0.07190757 -0.0922502 0.060900666 -0.1720648 0.11391999 -0.10831256 -0.010513996
NOR -0.089707404 -0.17874287 0.14940833 -0.010850337 0.07148215 0.1864282 -0.05674976 -0.020404037 -0.11175733 0.15837973 0.14885901 -0.0013675472 -0.11164731 0.0064659296 0.02343149 -0.038652744 -0.08630176 -0.04424317 -0.06827296 -0.02258136 -0.009773572 -0.0022119253 0.110755004 -0.03389723 -0.1388922 0.08682754 -0.2360425 0.11246399 -0.014233478 -0.10180695 -0.007290221 0.023855386 -0.10841336 -0.039110832 0.14127518 0.02546362 0.448243 -0.012804901 0.23383133 -0.081233956 0.029053172 0.07663064 -0.06737357 -0.11625431 0.270297 0.21885881 -0.22315215 0.22443019 -0.15461734 0.24302018 -0.093703836 0.17081113 0.016960982 0.21445322 0.003960641 0.09343439 0.1947544 0.0025518339 0.009879114 -0.10947207 0.10349448 -0.30689186 0.37815738 -0.103699476 0.2277438 -0.011175265 0.10622386 0.15564026 0.061989732 -0.12784521 0.10380653 -0.1850791 -0.0025545142 -0.018008146 0.09737982 -0.0260956 0.050996523 0.0025017343 -0.0035962563 0.10961017 -0.19524603 0.022968302 -0.030089764 0.3075053 -0.092055425 0.15503964 0.05672317 -0.07756163 -0.05616486 0.16510871 0.082973436 0.17329341 0.19337599 -0.060092453 0.2744686 -0.05939473 -0.21157847 -0.095113225 0.072531976 -0.10165154 -0.20037414 0.17632388 -0.28746384 -0.003404189 0.1582612 0.022548268 -0.042016454 -0.040621437 0.24782278 -0.16770604 -0.16038108 -0.237277 -0.0932528 -0.06329473 -0.063025035 0.06223129 0.0048242416 0.19431807 0.1651243 -0.114967786 0.007343569 0.017397169 -0.063321605 0.028218659 -0.19847105 0.09718815 -0.1702731 0.09215838
USA -0.1817136 -0.09077936 -0.07791247 0.022865973 0.110298745 -0.12353982 -0.09266151 0.058157146 -0.030984804 -0.2508669 0.12378485 -0.102557175 0.06510809 5.1456766e-05 -0.19153939 -0.04390405 -0.24837165 -0.061198004 -0.211 0.0066576866 0.17303258 -0.1744915 -0.008887156 -0.20333268 -0.030683046 0.1197154 -0.36590245 0.23076525 0.09619369 -0.29362464 -0.18960634 -0.06636274 0.15986258 0.14260042 0.37542507 -0.05604161 0.29964367 -0.06364324 -0.024932895 0.26727572 0.18284458 0.12526658 -0.054287437 -0.099382326 0.2167618 0.23853636 -0.083497114 0.03904698 -0.13070503 0.09187039 0.18897963 0.16599134 0.05131388 0.21193072 -0.0871356 -0.02903648 0.19877213 -0.21127869 -0.26532578 -0.04175915 0.09267181 -0.20543759 0.44455823 0.022716604 0.1693121 0.021778816 0.06433215 0.37338734 6.926938e-05 -0.3964684 0.115180366 -0.30575678 -0.33730844 -0.11032956 0.071984604 -0.19324702 -0.050320305 -0.16972052 -0.10884962 0.13277254 -0.105554186 -0.2321138 0.15301734 0.123521924 0.19893569 0.13075753 -0.16849788 0.1346498 0.024666378 -0.07328764 0.031472027 0.1831999 0.2015448 0.100295134 0.18945692 -0.13030587 -0.12944655 -0.052072898 0.15511245 -0.35815182 -0.18168376 -0.04485764 -0.16256437 0.00066265446 0.11318592 -0.18507963 0.0317935 -0.1206357 0.30126327 -0.14967147 0.040276952 0.012923713 0.15955536 -0.0361961 -0.065531105 0.021466186 0.2187768 0.1722858 0.16485849 -0.20254184 -0.053228464 -0.029832914 -0.17086355 0.15719812 -0.24979748 0.1866685 0.22741017 -0.1941924
DZA 0.013739038 0.0053324495 -0.07475862 0.013098967 0.07936041 0.20903 -0.13054498 0.015502738 0.14003609 0.017296726 0.2043115 0.04276328 -0.013489677 -0.056433458 -0.024239972 0.023828397 -0.45514607 -0.052613385 -0.09900489 -0.052237045 0.058647238 -0.13915601 0.08971065 -0.39310217 -0.19696806 0.09716654 -0.20744579 0.23988278 -0.0068834163 -0.016710691 -0.0100755645 -0.1556074 -0.072590314 -0.15064454 0.17533477 0.05458447 0.11637351 -0.042673476 0.09443365 -0.086572185 0.037418213 0.049833573 -0.15403034 -0.3032136 0.23606992 -0.04907556 0.0017093474 0.09485226 -0.096101806 0.297226 0.12320645 0.21095218 -0.2227147 0.18013838 -0.05074928 -0.017041456 0.21310522 -0.052932754 -0.19094357 -0.017176215 -0.08490914 -0.18689704 0.14630635 0.053550355 0.0401824 0.056939505 0.3067848 0.42246273 -0.06708988 -0.08090987 0.03253226 -0.105304085 0.019415483 -0.042265404 0.1167839 -0.14875601 0.2377774 0.084360674 0.05273373 -0.0028557614 -0.12107325 -0.10152504 0.047801767 0.32368582 0.065223195 0.1934285 0.11263539 -0.018196287 -0.014125194 0.08930697 0.04191551 0.13299584 0.2093788 -0.22202371 0.3344305 -0.18507734 -0.07370373 -0.38176185 0.06581363 -0.20294082 -0.18982208 0.14004984 -0.18543492 0.06601545 0.3212145 -0.11709031 0.063504875 -0.21536691 0.3273964 -0.28766787 -0.005586115 -0.032886274 -0.17520937 0.013731444 0.037574906 0.1680551 -0.12491469 -0.04667027 0.19431373 0.016649418 0.048762593 0.17299038 0.059446942 0.053223155 -0.16893066 0.13943084 -0.11080802 -0.20056647
LBY 0.072563246 -0.34091562 0.36105415 0.113896504 0.10164297 0.17401634 -0.20167445 0.04993078 -0.2541934 0.25985923 0.2254033 0.18027084 -0.11692254 -0.2607506 0.2182096 0.2524908 -0.13922934 0.20461608 -0.034099463 0.14181326 -0.045297224 0.2099876 -0.006255872 -0.14755428 -0.30389377 0.15514882 -0.044629678 0.17417853 0.0074260556 -0.061133523 -0.09467901 -0.14336692 0.09130834 0.11863297 -0.040618613 -0.02111665 0.24963766 -0.032193433 0.067739114 -0.048909873 -0.34490567 0.18395896 0.021813003 -0.1362431 0.07017939 -0.062568426 -0.098008856 0.02892807 -0.1756919 0.023761962 0.36998034 -0.150644 -0.092728876 0.091932066 -0.032794923 0.22970389 0.2908032 -0.24685249 -0.032873787 -0.018754633 -0.06051542 -0.02169152 -0.10671669 0.03438539 0.1421249 -0.08678906 0.25724795 0.1206063 -0.17067641 -0.07297359 0.08660008 0.07285911 -0.16580844 -0.061991863 0.034811832 0.021899754 -0.06401836 0.054543108 -0.13686816 0.023007559 -0.059473425 -0.0031722388 0.17305385 0.29028073 -0.11610087 0.15186158 0.056537796 -0.2542928 0.033341452 0.011214343 0.014711071 -0.051233698 0.0015691154 -0.17581482 0.370308 -0.11905777 -0.019888483 -0.115214884 0.020894058 -0.085152306 -0.034534376 -0.011211973 -0.10164809 -0.13239507 0.028849352 -0.039267637 0.036631983 0.1116901 0.04868928 -0.18059567 0.11147526 -0.18234226 0.0091024535 -0.08382608 0.13394286 0.16954154 0.037564497 0.07812771 0.029140567 -0.05533074 0.07164067 0.008361049 -0.15488575 0.10291353 -0.2510739 0.18192454 -0.09261708 -0.15022469
KAZ -0.16723046 -0.24750568 0.13764186 0.2480551 -0.10386345 0.2107562 -0.20753798 0.054884452 -0.15048064 0.38628417 -0.17358814 -0.081590615 -0.12839511 -0.22360219 0.022508223 0.31159422 -0.13750732 0.014051866 0.02376124 -0.06317184 0.022017913 0.35707176 -0.03736415 -0.106544964 -0.16386937 0.08696425 -0.12558067 0.11271454 -0.013436706 -0.19262975 -0.10096679 -0.06552512 -0.32223046 -0.14425759 0.011873107 0.21344838 0.39066944 -0.05804509 0.23731329 -0.22678636 0.14680867 -0.1081768 -0.009754205 -0.006773849 0.20722936 0.48970526 -0.35988554 0.20452401 -0.21392079 -0.0074468153 -0.08206825 0.23990732 0.2655983 0.12211922 0.26169774 0.14898124 0.29371697 0.059657793 -0.029497225 -0.18853174 0.20949364 -0.23105834 0.29190025 0.12848693 0.20866491 -0.14266035 0.1567019 0.123155706 -0.03974232 -0.18650915 -0.032566153 -0.072500125 -0.29543415 0.08147392 -0.26005596 -0.026366064 0.059830394 0.08759443 0.27840105 0.3537922 -0.20002879 0.090179965 -0.08881393 0.42528337 0.25392908 0.14219984 0.13419442 0.14117363 -0.052789923 -0.12099145 0.010238712 0.083485395 0.04723835 0.055189207 0.33971483 0.16651025 -0.19730614 -0.113834396 0.06950187 -0.051813167 0.025276626 0.24398254 -0.2182324 0.06506333 0.17861821 -0.12643324 0.23510095 0.118277065 0.16439933 -0.25861382 0.08664169 -0.09141258 -0.1051544 0.111589715 -0.009040462 -0.076391354 0.011990184 0.23474288 -0.0026018256 -0.090132415 0.13797525 -0.086649515 0.015685856 -0.17999367 -0.1380749 -0.10426656 0.03878036 -0.0019378581
MYS -0.12932701 -0.28498098 0.5778877 -0.153253 -0.0534962 -0.21641411 0.039122295 0.030319579 -0.18613663 0.08031315 0.26174277 0.04002113 -0.24459392 0.11529461 0.25706163 0.08619122 0.05582869 0.2632736 -0.028732752 0.054973062 0.049913615 0.17400579 -0.1995815 -0.10295047 0.12991107 -0.2688715 -0.027390711 0.2739942 0.15907648 0.18865028 0.09347856 0.062480357 0.0774843 0.09704595 0.051350895 -0.12908845 0.31269026 0.106025524 -0.092313305 -0.022726327 0.014840344 0.26101816 -0.0034441543 -0.03103725 -0.12531531 0.19410715 -0.15871245 -0.22116049 0.08557291 0.13577905 0.27960688 0.28206944 0.048381347 0.053483557 -0.092851214 0.19427614 0.31643718 0.11205123 0.0032389797 0.025549877 0.07565735 -0.17218201 0.17182441 -0.011562724 0.18912995 0.017290143 -0.117435575 -0.02396359 -0.08214924 -0.066200495 0.14636406 -0.18951023 -0.38401008 -0.03554406 0.20825069 -0.2198385 -0.10049084 -0.2700313 -0.24489519 0.12567647 -0.036859766 -0.36894822 0.060299598 0.37562415 0.14312783 0.4063788 0.1607925 -0.17800435 -0.15440485 0.26225582 -0.2062387 -0.008411865 0.14869195 0.089021534 0.4315874 -0.02209827 -0.16432032 -0.26827908 -0.122870445 -0.3058318 -0.19338441 0.17908667 0.0030089682 0.03594439 0.039571747 0.104016095 0.08718456 -0.22541048 0.10180566 0.009331134 0.2949829 -0.06470799 0.08812052 -0.00092151744 -0.12866758 0.014827886 -0.057476215 0.06814807 0.10749517 -0.1259336 -0.13871038 -0.053445637 0.12261982 0.12225647 -0.2157009 0.026879461 0.02637287 0.123740636
COL 0.0470832 -0.07380425 -0.16841277 0.31410068 0.17231016 -0.07691788 -0.06431009 0.028807139 0.004146427 -0.14958686 -0.060719904 -0.08261728 0.25279123 -0.30687356 -0.122895 -0.017800963 -0.40506795 0.0702361 -0.09131156 -0.012530372 0.21756266 -0.08784857 -0.041634955 -0.31259415 -0.15884419 0.15131694 -0.37331888 0.33261248 -0.017377952 -0.16800512 -0.055166967 -0.037706647 0.13581409 0.064403474 0.07539272 -0.111281045 0.040450428 -0.1399799 0.0876546 0.30231866 0.10571324 -0.028270332 0.019167326 0.015528318 0.12951384 0.061786827 0.02916965 0.14299215 -0.19673796 0.0525955 0.15459265 0.05045715 -0.050720766 0.22683105 0.0024854022 -0.16592424 0.19276455 -0.22925948 -0.35986552 -0.02067818 -0.021873856 -0.11904901 0.51707035 0.028914452 0.16580415 -0.0048540886 0.12253748 0.2917323 0.05080156 -0.27373487 0.041694667 -0.17293984 -0.46380296 -0.11144654 -0.035810076 -0.24380721 0.034899566 -0.039897457 0.06740018 0.27132452 -0.10254584 -0.12816487 0.17480156 0.32209092 0.23916265 0.2706508 -0.09114406 0.17487428 0.10885384 -0.032201618 0.013016802 0.22482489 0.06283612 0.052570693 0.13197158 -0.18245134 -0.08935409 -0.27058542 0.011939854 -0.23635583 -0.08491307 -0.026081158 -0.12925997 0.029666314 0.01394779 -0.2732074 0.07613696 -0.112487145 0.28188014 -0.053851012 0.119738355 -0.102791555 0.18408513 0.06896197 -0.08317094 -0.13102058 0.21993221 0.1980628 0.058546938 -0.31290078 -0.12733077 -0.14218214 -0.100180924 -0.016362218 -0.29371724 0.074722536 0.0016923011 -0.24647109
ARG 0.06027568 0.031122817 0.038175173 0.1740755 0.03837512 0.0095863165 -0.15267201 -0.048501235 0.073942386 0.039473675 0.15201885 0.044961765 0.15951349 -0.29457524 0.085714296 0.11938862 -0.45094663 0.021280702 0.06781945 0.022142634 0.0694237 -0.17319696 -0.015715515 -0.3717367 -0.07180937 -0.0026975335 -0.15106304 0.2235689 0.052071482 0.001897271 0.076808594 -0.11217249 -0.034578312 -0.05275255 0.017630186 -0.117110886 0.05316933 0.054070015 0.06609127 0.07652272 0.007027964 0.02293816 -0.10471423 -0.17608605 0.16252674 -0.07120255 0.049459934 -0.029514683 -0.05084471 0.15938465 0.21117613 0.03314771 -0.3595988 0.1718009 -0.0026165447 -0.118719056 0.1252245 -0.19643651 -0.27414396 -0.07273416 -0.0007773618 -0.040464308 0.12189371 0.002389945 0.06308347 -0.004744091 0.21164225 0.37284923 -0.049161755 -0.20065036 0.03732517 -0.11657846 -0.25906312 -0.11852079 0.19351208 -0.13475049 0.16962795 -0.070024334 0.03116827 0.08479234 -0.12709361 -0.19636285 0.027401555 0.2636855 0.018735677 0.22515157 0.0145042995 0.071504004 0.07513093 0.10644409 -0.023527259 0.07537195 0.086300805 -0.10589099 0.1803084 -0.26480082 -0.017968083 -0.4208267 -0.018831853 -0.07264404 -0.13541795 0.103437856 -0.004140406 -0.038137846 0.08652227 -0.06044414 0.17249545 -0.3653909 0.32015976 -0.091532215 0.13731319 0.014302957 0.04704155 0.011149865 0.09147531 0.1292391 -0.042550433 -0.036188804 0.1356848 -0.011010511 -0.050956793 0.13654439 0.056704123 -0.0103471 -0.22049958 0.004294062 -0.0987852 -0.30179515
FRA 0.070620805 -0.17944498 0.18485296 0.13499811 0.09171083 0.1808704 -0.11479376 -0.049712714 -0.12116343 0.0032888711 0.13613622 0.10134634 0.09298425 -0.19602422 0.15285929 0.0025597773 -0.17497598 0.029322835 -0.11512114 -0.058223065 0.0012461302 0.011435822 0.09030794 -0.022923673 -0.1432616 0.15506811 -0.10169035 0.13667075 0.022920256 -0.104308434 -0.052064918 -0.03439603 0.039713945 0.05346733 0.08778741 -0.05953141 0.27142563 -0.03091346 0.21963023 0.03437288 -0.11449774 0.080611266 -0.036942057 -0.11901112 0.11283399 -0.046153285 0.032996744 0.0593318 -0.1377822 0.18522471 0.2450776 0.0631193 -0.20530485 0.20283039 -0.12893304 0.06981123 0.24191442 -0.19719908 -0.1563699 -0.09027359 -0.053453196 -0.19050208 0.24180952 0.01576548 0.10253558 -0.009363997 0.3113052 0.1612493 0.05863126 -0.15039459 0.06329535 -0.017676298 -0.14607331 0.0030380175 0.13119662 0.004050837 0.07334173 -0.008442323 0.033061825 0.028664675 -0.08163063 -0.016292913 0.2048723 0.30976176 -0.17155749 0.2375524 -0.02578406 -0.10316144 0.010252419 0.11882007 0.046787746 0.13510884 0.11938968 -0.147638 0.2830052 -0.1689943 -0.12485786 -0.16012049 -0.0062525105 -0.1206846 -0.14134783 0.13636255 -0.13483636 -0.014826182 0.15680228 -0.06084089 0.032498308 -0.08762464 0.24876581 -0.07013709 -0.022716941 -0.18783455 -0.035195142 -0.0050765118 0.06920768 0.14897086 0.0037960873 0.04627897 0.12236188 -0.1283792 0.008815107 0.046143945 -0.03696096 0.087871276 -0.21033598 0.1281344 -0.22462271 -0.08881898
DEU -0.10775047 -0.13435715 0.13292612 0.16009481 -0.08503877 0.12372884 -0.26579273 -0.012914155 -0.054090556 0.28137648 -0.08956845 -0.052677583 -0.025755212 -0.17724246 0.006591961 0.2703026 -0.1553221 -0.08425169 -0.012389775 -0.049398713 0.09580674 0.14681585 0.013032312 -0.037390154 -0.061474286 0.117370136 -0.09337896 0.019468682 0.065779604 -0.1919887 -0.11946554 -0.06908561 -0.24435772 -0.06993332 0.09553692 0.12737875 0.3743793 -0.03402701 0.23031779 -0.088609055 0.013092427 0.024305744 -0.10699683 -0.092489995 0.268971 0.439138 -0.3212091 0.16666251 -0.16900997 0.07002492 0.0045861118 0.21299608 0.096242614 0.16538921 0.11722059 0.113055594 0.2614284 -0.0122366585 -0.110128276 -0.16282217 0.13496399 -0.19666396 0.27363276 0.08125125 0.18028285 -0.09460532 0.20108905 0.094074935 0.020356903 -0.23021029 -0.01830862 -0.045592844 -0.21500377 0.017661393 -0.14681494 -0.021076417 0.041080117 0.06623233 0.12251736 0.19810487 -0.13966958 0.027880486 -0.011975645 0.2486062 0.11321868 0.03393331 0.03549403 0.07898916 0.014427378 -0.04062177 0.053095914 0.0120127145 0.034786392 0.022235805 0.24802506 0.032070324 -0.14642836 -0.09708214 0.03588926 -0.053701602 -0.041240323 0.23907752 -0.14959408 0.077665776 0.13122268 -0.110020734 0.1880671 -0.0013637551 0.2023653 -0.20505792 0.048247166 -0.14167817 -0.05087204 -0.005105125 -0.026246306 0.08758222 0.029480351 0.18036209 0.06935754 -0.071776874 0.06666613 -0.043080058 -0.03928456 -0.102966666 -0.16407771 -0.056961037 -0.10212215 -0.08641067
EGY -0.06947862 -0.16191728 0.49917084 -0.15935057 -0.17960344 -0.09270302 -0.2207731 0.010210986 0.060623962 0.3609548 0.06884666 0.16045652 -0.39902738 0.06331234 0.19581436 0.21076536 -0.12128778 0.3092635 0.04955439 0.16810556 0.1289188 0.23124067 0.016801117 -0.39830875 -0.13506086 -0.1414663 -0.053639818 0.2915646 0.13735281 0.1324742 0.078293584 -0.10831114 -0.12263478 0.01894883 -0.114558324 -0.00094883423 0.16502614 0.06448191 -0.063247524 -0.25531307 -0.16939421 0.20790239 -0.13930714 -0.1575934 0.12630753 0.36222938 -0.32234696 -0.11429214 -0.009710785 0.19068399 -0.053243272 0.11659995 -0.00026662162 0.04116891 0.0719049 0.35005853 0.21382873 0.28895 0.16306305 -0.012353614 0.05303662 0.053237874 -0.10921588 -0.04645808 0.4088606 -0.067595445 0.04152042 -0.0756901 -0.089820385 -0.007932911 0.10713653 -0.097943984 -0.30382216 -0.18764614 0.11553856 -0.07126162 -0.01595242 0.0808578 -0.35901302 0.108122796 -0.09366063 -0.13046178 -0.0035168612 0.44713765 0.15435764 0.118728355 0.26744986 -0.30656728 -0.031477615 0.1683764 -0.08180348 -0.2515679 0.058916733 0.001370028 0.46531323 -0.031149115 -0.015703775 -0.29388037 -0.08241016 -0.09813993 -0.101130195 0.27473122 0.07650683 0.12536228 -0.0682429 0.19265448 0.029687736 -0.10757813 -0.02605917 -0.1827775 0.14450255 -0.14576696 -0.00142584 -0.010715356 -0.1226387 0.081997216 -0.0995478 0.18225543 0.20285165 -0.009662321 -0.014442284 0.1075332 0.08105262 -0.16411296 -0.28195825 0.012528016 -0.16668947 -0.02304441
ARE -0.08280466 -0.31197596 0.32108945 -0.047270425 -0.1495929 -0.097594164 0.018766653 0.042149134 -0.297247 0.0019115987 0.31205857 0.11447751 -0.21276866 0.011114417 0.20820424 0.10720698 -0.15690668 0.30606744 -0.17939658 0.0058711017 0.016568983 0.2361949 -0.14820401 -0.32915115 0.044661812 -0.23629145 -0.0091656735 0.4482046 0.15017666 0.019649468 0.035120342 -0.119733095 0.036811627 0.016340083 0.0020309286 -0.103517696 0.3057386 0.09951597 -0.1267586 -0.005480988 0.11906808 0.14155585 0.008055304 -0.053808834 -0.17565067 0.10515155 -0.047210872 -0.2543655 0.12849832 0.14350872 0.43818617 0.20976111 0.02153649 0.045776814 -0.17630377 0.14710464 0.31770462 -0.12571593 -0.07416881 0.10349354 0.098033 -0.16001417 0.13305748 0.16122052 -0.06521365 0.005458849 -0.0574565 0.21110038 -0.13926052 -0.09059821 0.14771548 -0.14708182 -0.3508629 0.0012890445 0.23998447 -0.21789625 -0.041336212 -0.25755125 -0.10203201 0.13853998 0.060841978 -0.32887238 0.11234248 0.2124341 0.1411891 0.35503906 0.06601273 -0.07878003 -0.04077625 0.05105435 -0.19230407 0.017900834 0.17485955 0.058169283 0.29286787 -0.036118373 -0.09343371 -0.23618017 -0.13512935 -0.25793552 -0.15638997 -0.0026568386 -0.0005515866 0.03240296 0.15261194 0.086349025 0.14546031 -0.18628225 0.08781893 0.024968237 0.32867277 0.14096057 0.10219532 0.11966741 0.008441551 0.006291433 -0.06821109 0.0051691397 0.100397184 -0.1250789 0.009537932 0.11466407 0.06805025 0.20327364 -0.050257765 -0.050237156 0.23992991 -0.025205266
NLD -0.07528673 -0.2290537 0.13093667 0.16900836 0.1152441 0.04521905 0.11812288 -0.0032557836 -0.2448002 0.014145909 0.057344384 -0.029617976 0.02477821 -0.044806924 0.10748216 -0.056409042 0.10085277 0.07787948 -0.120310955 -0.13071765 0.036168125 0.17411467 -0.07342862 0.045874547 -0.035485316 0.047320537 -0.21712697 0.16527815 -0.030879699 -0.025030881 -0.015431435 0.12963083 0.06842941 0.061145406 0.037582107 0.020354638 0.30335963 -0.038571928 0.21223271 0.04472895 0.069490165 0.03325951 0.09652817 0.08614657 0.021490267 0.14174391 -0.14646593 0.13638532 -0.13221322 0.124771714 0.09463549 0.1819103 0.17940778 0.15010446 -0.037372515 0.0075045647 0.25960997 -0.049722042 -0.078624085 0.025355171 0.03050146 -0.2706939 0.52726024 -0.031087058 0.20864572 -0.018718872 0.011323388 0.048099358 0.06631165 -0.12174097 0.12641305 -0.16278313 -0.30796185 0.020591248 0.03311001 -0.1406105 -0.026539015 -0.06848244 0.045783307 0.21905556 -0.08568713 -0.08981747 0.06931161 0.4312058 0.05918215 0.32642713 0.077877246 -0.08753967 -0.050428305 0.07716879 -0.01705419 0.2313146 0.13925698 0.0130924145 0.30137083 -0.053588867 -0.19466004 -0.14335816 -0.060793906 -0.22808328 -0.18764775 0.026372481 -0.18098216 0.023330571 -0.0016921475 -0.080017984 -0.06236628 0.04613888 0.15372486 0.049745467 0.05613207 -0.17776628 0.023500912 0.025168674 -0.16506122 -0.13489658 0.08749732 0.20241357 0.055954207 -0.22292028 -0.099939816 -0.16483901 -0.024950122 0.041612074 -0.1834658 0.013737249 -0.108936295 0.16135924
ISR -0.10495438 -0.15843432 0.50352216 -0.08913168 -0.014315038 -0.12142398 -0.20471744 -0.025637219 0.05586282 0.24966143 0.055192724 -0.049377292 -0.12648574 -0.1481175 0.13703205 0.06402916 -0.16443536 0.122076705 0.22994669 0.15956292 -0.060283203 -0.0051812464 0.075370915 0.043383807 0.052150365 -0.11438776 0.02869525 0.049391143 0.06425995 0.04581654 0.17555061 0.026054682 -0.18391672 -0.006210144 -0.07952516 -0.23856534 0.35462463 0.05260172 0.1905297 -0.03985551 -0.0032576653 0.023161482 -0.1457918 -0.009269352 0.2012484 0.44303617 -0.24905185 0.092597395 0.03486027 0.1358673 -0.20675191 0.15848462 -0.13463598 0.15683867 0.11467327 0.19934365 0.14150867 0.2147688 0.07976858 -0.21976945 0.09604817 -0.1094756 0.08467699 -0.15138589 0.40616325 -0.0033506257 0.027697032 -0.01680542 0.038352903 -0.16186205 0.0065556574 -0.22972299 -0.15157527 -0.15537782 0.08431495 -0.004159194 -0.032485537 -0.21093996 -0.09053997 0.15360293 -0.20388047 -0.08554506 -0.11177147 0.35680673 -0.092147365 0.25639892 0.09972101 0.018417375 -0.14125098 0.33005953 -0.1202889 -0.05340168 0.16825524 0.06982532 0.19257084 0.057870314 -0.17345038 -0.14313054 0.07915741 -0.09369748 -0.14982776 0.41545868 -0.107467525 0.02984457 0.09423313 0.08352525 0.21019927 -0.30624086 0.17482619 -0.17449448 0.06427323 -0.2694057 0.057510484 -0.020308288 -0.025253147 0.08494189 -0.07804238 0.16841683 0.1875249 -0.13337108 -0.11365486 -0.0060252934 0.10829945 -0.10102767 -0.4047909 0.049756624 -0.18489695 -0.086298615
ECU 0.019569727 -0.21029782 -0.0040893992 0.36475518 0.22136782 -0.04072436 0.14874202 -0.04029355 -0.18033819 -0.053615563 -0.08248965 -0.029270818 0.15964165 -0.16788581 0.00080150116 -0.06361444 -0.10514715 0.15851277 -0.13940763 -0.08769036 0.17597315 0.17161229 -0.086224414 -0.07730229 -0.17769784 0.15283163 -0.38395357 0.3219786 -0.07536029 -0.0918591 -0.04783405 0.10239933 0.1661695 0.07220989 -0.030585019 -0.091110975 0.105943 -0.14212973 0.2099031 0.16418184 0.0672759 -0.06576568 0.072090894 0.17279011 0.09371598 0.12706518 -0.088013045 0.24662003 -0.24381487 0.09080991 0.013129137 0.10156841 0.19023477 0.20246719 0.016032077 -0.0248376 0.27381635 -0.12695585 -0.18100764 0.000653373 -0.0534917 -0.15379131 0.66882557 -0.043179266 0.25534114 -0.048041314 0.045497566 0.06892664 0.18348898 -0.09451972 0.08534325 -0.19866315 -0.49031413 -0.12414976 -0.10995077 -0.09032551 -0.03837421 0.037554223 0.055793185 0.27650112 -0.027621195 -0.036030572 0.15325686 0.44336066 0.15795796 0.1939128 0.0356277 -0.020301268 0.062099956 0.07369397 -0.00921442 0.2343063 0.02104212 -0.02436301 0.17799394 -0.102006085 -0.119930275 -0.2332709 -0.04071334 -0.30132008 -0.115172714 0.01708845 -0.25232348 -0.026481403 -0.07042435 -0.13809313 -0.061296202 0.07253083 0.1393332 0.058875807 0.13649216 -0.32961497 0.15422358 -0.009335783 -0.20583154 -0.24078609 0.17442393 0.26608187 0.04263412 -0.36551267 -0.22438212 -0.20388839 -0.04888161 -0.029529747 -0.28213143 0.028131757 -0.10595995 0.016016064
GRC -0.108397774 -0.14054768 0.3556728 0.022153446 -0.1779786 -0.092452705 -0.2584102 -0.06581983 -0.03770487 0.27644745 0.12679921 0.14934205 -0.19623867 -0.059148967 0.14434333 0.32035297 -0.06362912 0.15211314 0.03784293 0.03364233 0.12555642 0.2178668 -0.027067937 -0.24323092 -0.000973925 -0.050656404 -0.080422655 0.14872256 0.18534279 -0.10928544 -0.072542645 -0.13209784 -0.068473645 0.07478404 0.05662606 0.071827754 0.19877835 0.055695914 -0.05065097 -0.13038681 -0.08089976 0.19130279 -0.1254291 -0.19919756 0.08430375 0.25604972 -0.27027372 -0.15775952 -0.025911966 0.13359205 0.21954224 0.16789384 -0.03025628 0.10307704 -0.0012572517 0.23407827 0.24990204 -0.027312204 -0.044385128 -0.04435037 0.11019397 -0.021124752 0.010790167 0.08242322 0.195207 -0.09074971 0.2041433 0.11557055 -0.022199437 -0.14721604 0.03578082 -0.078191854 -0.3332728 -0.14676544 0.08788542 0.01573298 0.005318685 0.0077704624 -0.16593167 0.064551905 -0.08453941 -0.16322783 0.013634827 0.23063736 0.09113566 -0.027582424 0.10113799 -0.15438884 -0.006019146 0.056819685 -0.030321103 -0.19907844 0.005207713 -0.056956682 0.33496255 -0.1164842 0.025119692 -0.17354095 -0.07139921 -0.050709177 -0.05306005 0.107392184 0.105738565 0.009291783 -0.0062943697 0.09210343 0.12521525 -0.07984519 0.04549196 -0.036535885 0.15832351 -0.028675128 0.081150495 -0.07213698 -0.072770745 0.14248055 -0.048033938 0.06461049 0.14621721 0.017600628 -0.027564598 0.12092608 0.024694381 -0.0017924708 -0.1661058 -0.051535774 -0.0058515687 -0.1044923
MEX -0.15697093 -0.10193111 0.13567147 0.13717434 0.14916629 -0.1958308 -0.074058525 -0.03240475 0.051509004 -0.11326252 0.08235479 -0.010124885 0.05664567 -0.049097985 -0.0033856905 0.017379593 0.106057465 -0.13252279 -0.11268931 0.0017050273 0.1729753 -0.116817825 -0.034935534 0.09868747 -0.0004866336 0.12900406 -0.1404999 -0.0054276846 0.12699303 -0.25894699 -0.16750954 0.0014754813 0.2057266 0.32423022 0.24052462 -0.15051693 0.29751188 -0.114040636 0.08100972 0.22905669 -0.017560225 0.18599899 -0.107657336 -0.0009678382 0.32041338 0.25728783 -0.16419326 0.13401268 -0.18723184 0.04191562 0.083055 0.10526523 0.14592765 0.30138287 -0.10728662 0.107962795 0.27551436 -0.21308473 -0.20902264 -0.14628954 0.06366887 -0.0649541 0.54772466 -0.039381903 0.40278953 -0.1296036 0.058102638 0.2430895 0.19185412 -0.36027357 0.14420643 -0.32839423 -0.45434222 -0.25510845 -0.034291163 0.061486747 -0.13678409 -0.09070705 -0.1802438 0.21994872 -0.07129588 -0.2573779 0.12644976 0.19625169 -0.034254797 -0.1116591 -0.08533667 -0.038724534 0.11428523 0.1109966 0.06685469 -0.03237541 0.058935374 -0.018519906 0.12304282 -0.18798153 -0.08484942 -0.015269569 0.14093632 -0.42673215 -0.19077398 0.020035429 -0.20457445 -0.20416158 -0.109300956 -0.0009833104 0.0619672 -0.054707687 0.24660207 -0.08230415 0.15656675 -0.2890676 0.2759322 -0.14653414 -0.12809406 0.09353899 0.23110726 0.25717834 0.30915344 -0.34469578 -0.27286512 -0.12313443 -0.12467192 0.1169585 -0.5146164 0.06311379 0.054809943 -0.21102123
ITA -0.103999294 -0.24260913 0.28838053 0.2115686 -0.02281342 -0.014962362 -0.21332051 -0.011173634 -0.22571094 0.22490308 0.17389438 0.17134295 -0.11140815 -0.14478356 0.1762169 0.33931443 0.08095538 0.07969697 -0.050427284 0.027810104 0.11684357 0.29541716 -0.11855873 -0.099504 -0.09680664 0.065563135 -0.064782076 0.13725194 0.1726253 -0.20775571 -0.21345456 -0.14662474 0.07828382 0.22690776 0.14919908 0.12264892 0.2735905 -0.049033858 -0.038538948 -0.0024035766 -0.19258542 0.3109012 -0.016870275 -0.11075653 0.07212536 0.14114109 -0.24911651 -0.040127527 -0.11274957 -0.022975203 0.4512608 0.08173376 0.103860594 0.08198171 -0.053255577 0.25733224 0.35683957 -0.26033577 -0.05454805 0.017036531 0.08372916 -0.031082049 0.08672312 0.17573924 0.16627547 -0.1689491 0.23771419 0.1740289 -0.047902413 -0.21654578 0.07747487 -0.037856136 -0.42246738 -0.15004219 -0.0076758065 0.0015797344 -0.024220614 -0.013489036 -0.1301112 0.12977926 0.0012482763 -0.16041665 0.096453704 0.16328563 0.0483841 -0.0946985 0.05083787 -0.23195234 0.051682085 -0.13255236 0.02372299 -0.199091 -0.052934676 -0.10999581 0.33160853 -0.14852396 0.028354278 -0.07106679 -0.07140942 -0.094312035 -0.026910191 -0.08408934 0.044239607 -0.115887254 -0.053773876 0.025380777 0.11033866 0.13750422 0.0007483396 -0.046441212 0.22185273 -0.058230575 0.075332716 -0.15650658 -0.04599804 0.15300722 0.114358686 0.04990258 0.058957666 -0.02720541 -0.041543815 -0.0146544725 -0.085585706 0.14762089 -0.14933646 -0.02078641 0.10983484 -0.10311901
DNK -0.038111974 -0.24222311 0.16229802 0.013705511 0.070883445 0.31441036 -0.08067036 0.032358658 -0.14056689 0.24185747 0.17818192 0.043906562 -0.19982302 0.001779539 0.042407352 -0.035671417 -0.013364178 -0.082878806 -0.15398732 -0.067026764 -0.0478696 0.037026428 0.20941179 0.0153552685 -0.23494446 0.0773647 -0.1711788 0.105256945 -0.068668835 -0.16317241 0.008360342 -0.019828228 -0.13923271 -0.09390545 0.054370027 0.030922446 0.472533 -0.092368975 0.32750845 -0.20983845 0.04425597 0.027605822 -0.11644757 -0.13045347 0.36404464 0.20541023 -0.2672063 0.3548846 -0.21839917 0.30087727 -0.18076144 0.15228234 0.10799722 0.17127997 -0.026010571 0.14678816 0.19142677 0.032592677 0.030098263 -0.11754606 0.051431715 -0.23824054 0.36254084 -0.10797621 0.29438886 -0.08847056 0.13926266 0.15414016 0.1330397 -0.09730098 0.14203638 -0.15315169 0.025491409 -0.012758284 -0.006022198 0.07278229 0.03451449 0.07329018 0.045281325 0.21497697 -0.16332392 0.098232746 -0.029689355 0.3408802 -0.11748373 0.12169762 0.11693775 -0.1588171 -0.043681007 0.17361401 0.12913261 0.15386833 0.23538879 -0.11142171 0.27562156 -0.020335019 -0.17229253 -0.08417864 0.11648112 -0.14909044 -0.20887306 0.22143817 -0.37850794 -0.06480659 0.13861929 0.00601817 -0.04997705 0.10452647 0.20702785 -0.21076389 -0.1858133 -0.32252556 -0.13585746 0.004030289 -0.041438468 0.023621289 0.0363372 0.29906404 0.24577838 -0.15439074 0.022594167 -0.0039616115 -0.12268734 -0.09317975 -0.2816132 0.117186494 -0.22856921 0.044982314
CHN -0.045504175 -0.2876862 0.13662957 -0.055948544 0.20221658 -0.01868662 -0.077320345 0.14029458 0.049258802 -0.10005425 0.6519761 0.04371253 -0.35341096 0.0133047355 0.07996755 0.15818585 -0.5103062 -0.016541792 -0.10496052 -0.13494696 0.096004695 -0.12009213 -0.0260586 -0.4367004 -0.07827069 -0.18672125 -0.14853418 0.46248958 0.03420627 -0.001044016 0.033481915 -0.29527283 0.19981536 -0.06026101 0.2198541 -0.091054425 0.11827159 -0.12897 -0.21380048 0.033622634 0.21840267 0.110439695 -0.20811914 -0.24851164 0.12514304 -0.16759543 0.1774845 -0.073039345 -0.039911054 0.26661637 0.21533412 0.36877638 -0.10325514 0.087936476 -0.06803289 0.00894499 0.29101834 -0.023053907 -0.23959199 0.14420357 -0.15066564 -0.12709773 0.2700942 0.16496406 -0.07590089 0.1255381 0.09378247 0.6432661 -0.17806657 0.008791116 0.08011541 -0.24214695 -0.07345827 -0.111289516 0.08308005 -0.3523924 0.13436191 -0.18248734 -0.008248987 -0.008259532 0.11390898 -0.28770727 -0.038834255 0.2246085 0.28680584 0.24888198 0.1395647 -0.07600739 -0.17414613 0.1097177 -0.13538954 0.12585668 0.34147158 -0.23893076 0.2902109 -0.079946116 0.06065114 -0.39680257 0.15692754 -0.47627014 -0.1508346 -0.0009358075 -0.2578035 -0.1075787 0.40826944 -0.13706136 0.11458479 -0.08435859 0.13319801 -0.35931644 0.2546645 0.026271945 -0.23438932 0.1133365 0.025440045 0.05832557 -0.034389224 -0.15755452 0.21107858 -0.004560994 -0.08141805 0.116746336 0.009505312 0.20009823 -0.11142884 0.07124919 0.18097535 -0.16819786
AUS -0.2467143 -0.20835774 0.39948756 -0.12272914 -0.01704162 -0.27351898 -0.03919431 0.08700559 -0.2109373 -0.046911523 0.42215323 -0.066422574 -0.25397733 0.0848365 0.026199458 0.11506414 -0.008443332 0.19271985 -0.11365872 0.058240473 0.061801758 0.1044396 -0.17741205 -0.11203324 0.101925455 -0.3290033 -0.059253253 0.43547156 0.12177617 -0.111899726 -0.04609675 -0.17068607 0.16287133 0.16208495 0.20231517 -0.22241282 0.33109483 0.020382829 -0.23584911 0.11627009 0.23912086 0.18509725 -0.061923914 -0.16721892 -0.08877282 0.18636486 0.015000319 -0.2613996 0.0018641306 0.13663512 0.4806984 0.29406857 0.08055137 -0.02869486 -0.1678905 0.12448979 0.35432756 -0.13390556 -0.21365663 0.01804513 0.1327755 -0.094864964 0.14817153 0.046749923 0.0866284 0.031004665 -0.1186067 0.3015047 -0.11417861 -0.21226527 0.20702831 -0.31975973 -0.46556246 -0.13713099 0.17934388 -0.1366066 -0.16347346 -0.4186736 -0.28555968 0.15627068 0.012727983 -0.48317638 0.12694883 0.13670689 0.27967808 0.32581457 -0.037190173 -0.14189945 -0.17626697 0.11720087 -0.17412627 -0.019030899 0.29371265 0.1077987 0.31865093 -0.07576411 -0.10469938 -0.24320497 0.0753147 -0.5323543 -0.15337633 -0.0058152163 -0.117884 -0.14169247 0.12208531 0.01383209 0.14871353 -0.17239603 0.12316794 -0.13507845 0.33620912 0.113590606 0.23810741 -0.011585497 0.057646148 -0.035318617 0.035171535 0.18286017 0.2027076 -0.2407386 -0.109242365 0.06941915 -0.12056609 0.22048587 -0.22217605 0.16530964 0.44176185 -0.14329737
SEN -0.03219497 -0.0072236964 0.34697407 -0.055817276 0.17563634 -0.040779978 -0.17020845 -0.056217913 0.02979746 0.18301605 0.1579242 -0.056715395 0.034992483 -0.23465443 0.1496903 -0.0024086025 -0.39475048 -0.053047925 0.2937924 0.13687676 -0.07322631 -0.2757083 0.11615864 0.09820096 -0.053233255 -0.0030711116 -0.02434332 0.08305937 0.016953273 0.027180657 0.16097598 0.03265519 -0.09638433 0.043203294 0.0077622524 -0.2706171 0.3163105 0.044277363 0.22839005 0.13876216 -0.08947358 -0.006651295 -0.18247263 -0.0069821193 0.28512806 0.15313931 -0.031165052 0.1396258 -0.1624216 0.20714317 -0.08827253 0.15758686 -0.38668996 0.20664161 0.08335422 0.08535749 0.11788838 0.076303266 -0.10617347 -0.24535851 0.029421972 -0.18304628 0.26764482 -0.17448965 0.33354837 0.04627135 0.13012621 0.09614485 0.04236511 -0.25780612 -0.0044738404 -0.19229303 -0.03578573 -0.13459165 0.16376056 -0.020641647 0.07074541 -0.23148552 0.053813607 0.10020838 -0.25235763 -0.09082188 -0.11938384 0.38620403 -0.2397045 0.31782657 -0.0086245695 0.052673124 -0.07374034 0.3138385 0.005073804 0.111493126 0.23769352 -0.03532868 0.12826434 -0.056012 -0.26180637 -0.24562871 0.189742 -0.102808446 -0.22143196 0.408495 -0.2232157 -0.082998626 0.08730101 -0.022029333 0.21463527 -0.39957982 0.31662145 -0.18521962 -0.039993968 -0.31379727 -0.026651245 -0.08678241 0.04915745 0.11539234 0.006624656 0.15548511 0.20152657 -0.10389172 -0.12611882 -0.043130547 -0.03301133 -0.034341216 -0.42730486 0.08901323 -0.35263446 -0.16262102
SGP -0.113680236 -0.26102477 0.39498 0.07612155 -0.002618516 -0.051673383 0.08419421 -0.036448814 -0.32913724 0.04734555 0.22026297 0.083165795 -0.04616591 -0.010061112 0.26169643 0.041892666 0.12145864 0.269763 -0.055670947 -0.0035489842 -0.0067001414 0.2690161 -0.19042832 -0.0876145 0.09959203 -0.15885565 -0.116922334 0.26931638 0.14543948 0.07389553 0.044581562 0.081985116 0.086599454 0.1302644 0.09398847 -0.045872636 0.3258737 0.08642342 -0.028381238 0.045673855 0.016646111 0.23798952 0.08315439 -0.032200906 -0.19330171 0.067172706 -0.17141458 -0.1766915 0.052637815 0.10432955 0.44197208 0.23581712 0.059311736 0.08734127 -0.14832081 0.14307207 0.3022055 -0.09831517 -0.028201893 0.042758983 0.110037975 -0.2422025 0.24187547 0.082859285 0.08021417 -0.02072281 0.0003121648 0.1039018 -0.08492504 -0.12553918 0.1324005 -0.1503798 -0.3884617 0.02610385 0.2527207 -0.17295887 -0.058213424 -0.24343297 -0.11272806 0.10037074 -0.05143763 -0.29730517 0.055622216 0.3400568 0.037044905 0.35628083 0.12238241 -0.16992141 -0.09877358 0.16475889 -0.114620276 0.08015263 0.11322081 -0.00020976813 0.41313383 -0.1317749 -0.15870409 -0.25980678 -0.18229677 -0.19628808 -0.19570002 0.018099798 0.016288443 -0.013124018 0.021618562 0.09072318 0.056469243 -0.16735984 0.14691015 0.12585685 0.25625145 -0.007400305 0.0915262 -0.020660102 -0.076424345 0.018542597 -0.042162575 0.016649393 0.04453841 -0.08191791 -0.073606774 -0.020803683 0.12776288 0.19584846 -0.108573385 -0.02672574 0.06839397 0.12821893
IDN -0.15091497 -0.17336129 0.14166532 -0.07951541 0.07507471 -0.11288256 -0.008317761 0.10108679 -0.10260383 -0.01830323 0.48355156 -0.011719771 -0.28554922 0.10101855 -0.019379016 0.11699188 -0.19822402 0.071345426 -0.10843055 -0.0006039324 0.09499462 -0.005259013 -0.07248288 -0.32003853 -0.08213128 -0.17411557 -0.16961423 0.3531286 0.0033886333 -0.086102344 -0.0421817 -0.19446899 0.1815873 0.04858902 0.13951448 -0.06966966 0.1504013 -0.02858942 -0.23268723 0.032375116 0.188809 0.111314505 -0.09834439 -0.20084046 0.05908072 0.026250169 0.016459247 -0.1279484 -0.05707506 0.17014408 0.24994113 0.2066849 0.04109225 0.0040927297 -0.09506954 0.043500777 0.21609384 -0.10529065 -0.18884645 0.12036191 0.014283817 -0.05082752 0.12834413 0.06378137 0.060462654 0.044199374 -0.039110497 0.42761457 -0.15858686 -0.109645054 0.13767707 -0.28352207 -0.27803016 -0.15912582 0.13558602 -0.18870184 -0.052941475 -0.18831342 -0.18052596 0.10251297 0.02040148 -0.3111052 0.062814176 0.1761624 0.27831554 0.20450352 0.009555798 -0.1444571 -0.08746674 0.008790109 -0.097416215 0.05031701 0.27509162 -0.04240821 0.26288205 -0.11955283 0.016336724 -0.2562084 0.10502046 -0.41811746 -0.1594764 -0.10294617 -0.17129432 -0.13310285 0.08749113 -0.023723474 0.018141285 -0.036147546 0.08459604 -0.2165653 0.21683912 0.07438632 0.06576344 0.0007615409 0.018168177 -0.06616111 0.04019215 0.08492216 0.18046091 -0.083987445 -0.048616208 0.10991989 -0.14514865 0.15559158 -0.1681172 0.13462853 0.2909787 -0.15982239
CZE 0.111052945 -0.18702428 0.076349124 -0.06765004 -0.0777678 0.18875517 -0.25479385 0.11297366 0.041688517 0.27407816 0.008965694 -0.09540367 -0.1150552 -0.28611884 -0.040963806 0.121604614 -0.4351192 0.12845306 -0.025267562 0.15629506 0.00460859 0.017686594 0.17476448 -0.44731253 -0.38734514 0.0901177 0.027753051 0.16934913 -0.18750612 0.032477017 0.10992997 -0.21048415 -0.20231755 -0.15908174 -0.3726981 -0.025746042 0.23907141 -0.05655033 0.298863 -0.020449081 -0.15526053 -0.17402461 -0.015163882 -0.12740459 0.35675937 0.334478 -0.09455337 0.23437653 -0.11515993 0.2022869 -0.09450204 -0.19487634 -0.16107772 0.09392153 0.02132008 -0.006568792 0.15113308 0.005288042 -0.07621949 -0.08524486 -0.042358074 -0.061007917 -0.1283894 -0.16835076 0.2606 -0.00426511 0.061074942 0.020339137 -0.28106222 -0.1373244 0.16316628 -0.06686501 -0.091191515 -0.078075014 0.0434226 -0.20769814 -0.052621 0.025433835 -0.056974024 0.28309166 -0.14564112 0.10329483 0.20373444 0.48804057 0.045552343 0.41731563 0.021217072 -0.06654957 0.2040821 -0.059306175 -0.04115857 -0.007843382 0.2379286 0.1557653 0.30821186 0.108939394 -0.05586225 -0.14581184 0.0030755356 -0.15381305 -0.11230744 0.13957104 -0.17733586 0.19671206 0.05796101 -0.12585276 0.10242166 -0.09393754 0.16940989 -0.36067325 -0.048785295 -0.04602497 0.065344036 0.14744717 0.103733316 -0.06905854 0.007669207 0.24022047 0.07888063 -0.23695774 0.17958994 0.09853747 -0.23390628 -0.1485819 -0.33596745 0.20015152 -0.24091901 -0.24320485
THA -0.11402114 -0.46238765 0.57131976 -0.15237395 -0.027511302 -0.2281769 -0.058810975 0.10037597 -0.10002935 -0.03600994 0.4648472 0.10205029 -0.49349123 0.08299308 0.2884782 0.18949059 -0.30329704 0.31104445 -0.13317625 -0.008276175 0.09048079 0.18536289 -0.22243577 -0.4445835 0.13694455 -0.43387067 -0.009778435 0.5294599 0.23548232 0.18722515 0.15174967 -0.14119901 0.11333326 0.05184322 0.12203814 -0.19070345 0.29366902 0.017255383 -0.3422011 -0.023551015 0.18237221 0.3029916 -0.13633525 -0.02337418 -0.18611573 0.103006765 -0.032575782 -0.33248335 0.1410204 0.11408471 0.3597145 0.4720049 0.025963154 0.09948853 -0.13489465 0.24462198 0.46066904 0.116857834 -0.04752151 0.14217664 0.005969586 -0.16296932 0.34411323 0.19705558 -0.026259156 0.061378818 -0.15700512 0.32234415 -0.14934674 -0.0012890403 0.103378184 -0.21999577 -0.3591188 -0.017201243 0.16574697 -0.4500988 -0.0054710424 -0.3715916 -0.13921212 0.087133735 0.15933773 -0.46048662 -0.035454918 0.22913355 0.28004533 0.38355568 0.23113552 -0.043317277 -0.252547 0.19383526 -0.31739157 -0.022330329 0.20622598 -0.0068571046 0.39730453 0.03737354 -0.039448913 -0.35163915 -0.10775799 -0.4209046 -0.13282847 0.12422388 -0.030406227 0.046930328 0.35499626 0.067367956 0.25199208 -0.2192831 0.039914317 -0.076572284 0.5105406 0.050268266 -0.09019295 0.20334126 -0.10630068 0.06272829 -0.045599144 -0.14927867 0.13454774 -0.043773334 -0.09896352 -0.005735239 0.26217782 0.22748092 -0.070108086 -0.13133357 0.23271899 0.09868483
CIV 0.06784553 -0.09836549 0.11491746 0.29196632 0.032329354 0.04169006 -0.21799041 -0.09586245 0.04480464 0.02075078 -0.062093344 -0.0016262708 0.23928525 -0.48345366 0.08044705 0.12148602 -0.4124112 0.17955205 0.15134408 0.04937869 0.025567308 -0.018509839 -0.022241661 -0.22078101 -0.06773456 0.06335842 -0.15251747 0.1091724 0.00462668 -0.038154274 0.10836168 -0.05598416 -0.05474336 -0.03838665 -0.0463358 -0.1877442 0.06833989 0.005027211 0.16246231 0.12355055 -0.010833338 -0.09551906 -0.0386279 -0.09138733 0.09203785 0.085451834 0.07977119 -0.01998574 -0.096330345 0.03542939 0.16370507 -0.032076802 -0.29116353 0.249144 0.030485181 -0.037236556 0.13951856 -0.21237032 -0.28028893 -0.17298731 0.010764509 -0.082840495 0.16067673 0.016788866 0.12418941 0.0026767212 0.2631128 0.20294768 -0.00043455535 -0.2548548 -0.075834036 -0.13998778 -0.33197954 -0.08867153 0.05460772 -0.024861714 0.027466124 -0.071505815 0.10538455 0.046180632 -0.18669067 -0.045151006 0.09595292 0.34412697 -0.020875137 0.25338438 0.0003068673 0.18825598 0.07475021 0.16309772 -0.08465258 0.08610359 0.012424739 -0.033292126 0.19152386 -0.16524123 -0.02819675 -0.29655716 -0.028603315 -0.09113466 -0.029971935 0.15571624 0.006325242 -0.05672447 0.09290426 -0.08109775 0.21090443 -0.334601 0.34712273 -0.06837644 0.1577124 -0.1358304 0.2238733 0.056426197 0.1022539 0.10684241 -0.05366634 0.0059359632 0.06499217 -0.17603791 -0.055600516 0.037753936 0.07266814 -0.010592911 -0.39736357 0.010246675 -0.109687194 -0.34923038
KWT -0.14358073 -0.26342255 0.36302972 0.11399151 0.03597427 -0.062285706 0.19755964 -0.029407851 -0.36760685 0.13570397 0.15244251 -0.015429984 -0.10868466 0.038415533 0.26609886 0.06880703 0.2532982 0.24181321 -0.036382135 -0.04868354 0.084090464 0.32916963 -0.28880656 -0.074831225 0.079061076 -0.12327569 -0.25338003 0.28893045 0.1151922 0.17462955 0.022552148 0.1990699 0.08774575 0.0995265 0.056515597 0.07814051 0.41374198 0.07539644 0.065230176 0.0029523761 -0.020277405 0.29251075 0.0966666 0.0148121035 -0.15081593 0.17084055 -0.32194278 -0.057760753 -0.047890987 0.102948874 0.3547509 0.24745294 0.19952294 0.049465176 -0.09981073 0.0827248 0.33897108 0.034018077 0.012608018 0.08108011 0.13894005 -0.34222803 0.40451717 -0.018812913 0.116667815 -0.059128832 -0.091679685 -0.07128992 -0.086748436 -0.08442256 0.13402064 -0.1534726 -0.4042139 0.05773985 0.15748493 -0.274477 -0.068315834 -0.17487495 -0.0994088 0.15711465 -0.10063412 -0.2546663 -0.011406807 0.4549565 0.11864794 0.38849166 0.18973446 -0.22059801 -0.08293206 0.12573116 -0.10460929 0.11498595 0.070730664 0.056827035 0.48938468 -0.10465919 -0.17933625 -0.22986203 -0.22800931 -0.16776823 -0.20028138 0.0038588026 -0.014133722 0.06175911 -0.026012076 0.072401 -0.008246928 -0.08182457 0.16256697 0.16290076 0.19965474 -0.085236944 -0.003161528 -0.11391611 -0.21703385 -0.049156934 -0.015456449 0.11653259 -0.027818771 -0.11008523 -0.11287066 -0.1491018 0.10679408 0.18149666 -0.123514146 -0.05165046 -0.07852228 0.33095986
ZA1 -0.19989672 -0.2889707 0.3499219 0.098425955 -0.0072053047 -0.063426964 0.06027123 -0.008929817 -0.41118672 0.14809091 0.28497273 0.1008813 -0.15209913 -0.015507047 0.21767172 0.16327333 0.2014955 0.22507884 -0.0327636 0.020545445 0.055589534 0.3096805 -0.2091964 -0.16062264 0.039047386 -0.122165404 -0.22212394 0.23290083 0.1272301 0.02604785 -0.05412072 0.04285135 0.11479956 0.16815408 0.12948008 0.071689144 0.4153622 0.09748109 -0.031058514 0.019898241 -0.04337098 0.30104357 0.07898111 -0.09944231 -0.095295824 0.16114089 -0.29720116 -0.14240035 -0.016842937 0.06365926 0.46372828 0.14546196 0.1419252 0.052888177 -0.11896682 0.18115212 0.31628755 -0.15503936 0.02260557 0.07327034 0.19227582 -0.22876458 0.17924222 0.057129785 0.113594286 -0.07723737 0.006397941 0.121669434 -0.14596464 -0.17898814 0.13911787 -0.192952 -0.3775422 -0.0423205 0.19839032 -0.15020375 -0.087339245 -0.19523306 -0.18978217 0.13850386 -0.10118759 -0.2640963 0.014778981 0.3367208 0.0741893 0.23793149 0.10091624 -0.2319109 -0.023723705 0.0038336301 -0.0865433 -0.025767045 0.10406667 -0.0032054363 0.44586778 -0.17760123 -0.08941377 -0.13833073 -0.15008168 -0.16980635 -0.16486502 -0.13898763 -0.0010879738 -0.05849082 -0.06552915 0.10195478 0.021573178 -0.054431997 0.1149226 0.095926136 0.21150313 0.009968764 0.08991747 -0.1260756 -0.12534867 0.026024265 0.018260604 0.06728524 0.036638785 -0.034388814 -0.060684614 0.004869334 0.006146243 0.24593164 -0.10874155 -0.007885381 0.14187358 0.120662786
PAN 0.04945794 -0.13874374 -0.10882633 0.39497742 0.23320702 -0.08243909 0.022227017 -0.024075098 -0.08211784 -0.105333984 -0.06479349 -0.021422049 0.2716594 -0.28773823 -0.052165423 -0.03215721 -0.2946115 0.09052874 -0.10855178 -0.08664446 0.2229093 0.005271304 -0.047928568 -0.15754971 -0.1928336 0.19932255 -0.43040752 0.34579244 -0.051081493 -0.16657165 -0.092032425 0.032573134 0.19091202 0.09631082 0.075969465 -0.12018151 0.050753362 -0.19000857 0.19223098 0.2792521 0.08639504 -0.08131534 0.03140945 0.09829925 0.14082749 0.04058634 0.00988128 0.2265734 -0.25389236 0.08936335 0.10439475 0.09416192 0.041413035 0.23862717 0.018689062 -0.10595664 0.23426281 -0.17960386 -0.34762552 -0.011199858 -0.1108129 -0.13607308 0.67761546 -0.0043965704 0.2200728 0.0033561587 0.18538737 0.18681692 0.16917472 -0.21975707 0.029917734 -0.18989933 -0.48466265 -0.15813224 -0.105787486 -0.12706159 0.040360615 0.008848914 0.1082458 0.25858593 -0.057314374 -0.051041026 0.21304286 0.46022353 0.18640493 0.22495125 -0.05369052 0.067160085 0.106401205 0.019600045 0.04304856 0.25642923 0.0446614 -0.033263963 0.121882 -0.19065134 -0.10478893 -0.25012994 0.012596517 -0.30735037 -0.08778896 -0.007122794 -0.22939846 0.00010200325 -0.008779088 -0.24039301 0.006287532 -0.021558264 0.23351416 0.009625809 0.12726234 -0.27369806 0.17470057 0.009527437 -0.18497701 -0.18078408 0.23745869 0.23338847 0.068653025 -0.39051637 -0.24155514 -0.19826442 -0.107389495 -0.025004078 -0.29883543 0.09264285 -0.089589626 -0.18195754
BEL -0.1262682 -0.19893461 0.17234808 0.025977548 0.16347028 0.1418001 -0.0028177416 -0.010800127 -0.12217432 0.013230072 0.20763168 -0.032948222 -0.11259237 0.035410468 0.070522934 -0.111967765 0.14058495 -0.18670958 -0.11472673 -0.095351726 -0.03616146 -0.09771004 0.11533645 0.25853163 -0.03798002 0.032665573 -0.08131667 -0.028959693 -0.01042763 -0.13526802 -0.02620222 0.08670837 0.022781063 0.09711913 0.14790827 -0.06088471 0.44569805 -0.073208876 0.22831947 0.018919056 0.052661583 0.07931143 -0.07452266 -0.026148586 0.2886553 0.18108465 -0.15001144 0.23866299 -0.19667894 0.20857082 -0.06086644 0.19113629 0.098778896 0.19389205 -0.11936637 0.11375975 0.24345803 -0.06748594 -0.061933164 -0.12689145 0.07000284 -0.24297106 0.52390224 -0.11233346 0.32465866 -0.083838604 0.05478736 0.14777628 0.1596447 -0.20199494 0.15018004 -0.2404977 -0.13482985 -0.045045223 0.014868468 0.025076069 -0.06276607 -0.072542965 0.005018972 0.22973566 -0.11777792 -0.06790974 0.0062177414 0.30422133 -0.15773408 0.1579644 0.016123148 -0.10456235 -0.044199456 0.18422517 0.09020659 0.1330574 0.22201714 -0.047801763 0.2100366 -0.08091272 -0.21823479 -0.08185487 0.115125574 -0.30384013 -0.26673383 0.17063193 -0.37723634 -0.15101087 0.08362962 -0.008179409 0.018307481 0.011913642 0.2490396 -0.14964288 -0.04015273 -0.3339298 -0.010688484 -0.040616937 -0.05363864 0.010249978 0.11756632 0.26337132 0.2407393 -0.21886766 -0.07376599 -0.08534513 -0.13512811 0.06453947 -0.34295538 0.059350036 -0.17946732 0.061349373
LTU -0.105116874 -0.37818554 0.21914631 0.18511537 -0.09797785 0.32804623 -0.2654784 0.096759394 -0.22658545 0.48657337 0.04621202 -0.040400382 -0.2571814 -0.2329989 0.06846513 0.32356712 -0.1605855 -0.018883958 -0.04872582 -0.08320901 -0.021824839 0.3102961 0.05395016 -0.11961186 -0.19247897 0.046842616 -0.08742467 0.12434765 -0.054801647 -0.23435213 -0.049574435 -0.1523591 -0.33448356 -0.20093006 -0.061535817 0.14083077 0.47037846 -0.058543786 0.30895457 -0.3071444 0.15178548 -0.15181126 -0.11410901 -0.11929373 0.3104444 0.41867805 -0.36895913 0.28718004 -0.23164003 0.11476502 -0.091863066 0.19736181 0.21742709 0.09873015 0.16423663 0.2017924 0.26874772 -0.0031715825 -0.009295835 -0.18691422 0.16293682 -0.1902062 0.22677347 0.07916743 0.15709555 -0.11412494 0.15924254 0.21958874 -0.042629015 -0.14251222 -0.0028902409 -0.10780657 -0.12860568 0.06693535 -0.21450357 0.07327804 0.038260568 0.098763384 0.25968125 0.30795786 -0.1808267 0.1384001 -0.08101422 0.26932406 0.1281473 0.06423438 0.11861861 0.050175805 -0.06330867 -0.053971525 0.011321068 0.06755191 0.122358076 -0.0385233 0.2771185 0.17374557 -0.12361689 -0.09779083 0.1279989 -0.0940657 -0.032601457 0.23487622 -0.3290209 -0.034018595 0.22723664 -0.062012907 0.17850797 0.13061807 0.1492167 -0.28733563 0.034328096 -0.116672084 -0.14802483 0.13985437 0.090821266 -0.019934801 -0.071606904 0.23653051 0.1132113 -0.09646401 0.15470254 0.02682695 -0.058005087 -0.1636847 -0.17383032 -0.020500282 0.060262367 -0.049635574
SCG 0.13182005 -0.42400706 0.21036282 0.17967482 0.10219313 0.2515662 -0.15609658 0.16417691 -0.2585223 0.27968228 0.21873471 0.17574106 -0.21628599 -0.28696784 0.09989106 0.22854894 -0.18230583 0.1982773 -0.1376453 0.11096765 -0.0702542 0.31686983 -0.04215906 -0.30864525 -0.35453412 0.029841945 -0.02652216 0.30423915 -0.06819667 -0.070716195 -0.07667934 -0.19943908 -0.030429633 -0.019839786 -0.13425967 0.015935296 0.1387589 -0.098437555 -0.0017604042 -0.14427024 -0.12267931 0.015452366 0.039560534 -0.020850854 0.09945695 -0.07635929 -0.1279169 0.15211882 -0.17964704 -0.013821513 0.27380064 -0.116474174 0.073642395 0.011125162 0.00013763452 0.2562383 0.30331996 -0.21042398 0.01895651 0.014930322 -0.021545965 0.02335177 -0.06908468 0.11097302 0.047663044 -0.124762714 0.05260463 0.32014883 -0.24767688 -0.009929332 0.10941991 0.0040881042 -0.20470983 -0.03317316 -0.10747437 -0.08342367 -0.06279895 0.03299146 0.04604442 0.19361867 0.03987647 0.025381994 0.13401069 0.24506378 0.10792521 0.17283255 0.15056431 -0.16936593 -0.024774026 -0.13519304 -0.09935625 -0.027149115 0.046436764 -0.13932516 0.33154294 0.029885996 0.033720277 -0.14756233 0.036530368 -0.11668525 0.05289085 -0.07651526 -0.20730786 -0.14172105 0.13906327 -0.09972252 0.07996813 0.24333186 -0.06975498 -0.2496298 0.1890499 -0.06747269 -0.01636983 0.08080866 0.19147575 -0.023499649 0.058111034 0.12661454 -0.03779314 -0.14239424 0.15474659 -0.040009253 -0.114642836 0.051858373 -0.17542078 0.12794891 0.2050419 -0.1710935
CMR -0.038469013 -0.1275287 0.3624318 0.1312708 0.0057216785 -0.06320272 -0.25398216 -0.13955812 0.18614277 0.013385048 -0.0907107 0.023207974 0.075548396 -0.36102188 0.14013156 0.06944794 -0.31483033 0.21827629 0.2599467 0.13510296 -0.042939845 -0.041758396 0.036271617 -0.00825579 0.06961442 -0.019057559 -0.078165926 -0.07111616 0.061050564 -0.0007704475 0.14968012 0.015234944 -0.04983769 0.023310363 -0.0042446563 -0.2937547 0.13327162 0.040362008 0.21205924 0.08989129 -0.028038388 -0.083529785 -0.10158625 -0.0736397 0.12225905 0.28394377 0.02700788 -0.051916014 0.036112353 0.08068585 -0.020044468 0.02585401 -0.32175073 0.30993026 -0.0035066858 0.13852927 0.15042037 -0.055983786 -0.16375683 -0.25639167 0.0064533376 -0.09123533 0.14843851 -0.069916554 0.3240582 0.05703194 0.27517942 0.11211225 0.11944487 -0.29604378 -0.09114589 -0.26969734 -0.27474272 -0.2223655 0.071048565 0.119260676 -0.0878674 -0.17838165 -0.072010465 -0.05534347 -0.24306907 -0.0607167 0.044809517 0.38525075 -0.2142009 0.16453762 0.06958535 0.1837069 0.007484181 0.40922067 -0.11135579 -0.08768712 0.07080711 -0.050795227 0.18961444 -0.15239559 -0.05079021 -0.16530716 0.05260819 -0.1481074 -0.029767346 0.34120843 0.035185896 -0.059126176 0.08949327 0.075439855 0.24241026 -0.41880888 0.3496198 -0.08606565 0.12143529 -0.33553666 0.3064033 -0.015116878 0.0052511115 0.20637223 -0.13852987 0.02868339 0.22239788 -0.18628587 -0.15317732 0.06840332 0.17767975 0.009669118 -0.6268986 0.09317566 -0.17936741 -0.32844254
GAB -0.089603685 -0.0925535 0.39639762 0.07028236 0.08816046 -0.173112 -0.22028713 -0.113148786 0.15376987 0.09029272 -0.019888824 0.0001302308 0.077492274 -0.31219223 0.14548393 0.02403508 -0.20391166 0.082804024 0.28108203 0.1586934 -0.002509806 -0.22006002 0.07093722 0.09443804 0.057458553 -0.03395498 -0.03878761 -0.07292922 0.049683534 0.045424372 0.1387402 0.07735635 -0.028669756 0.13510062 0.009678572 -0.33212712 0.26051912 0.029758766 0.22393222 0.14938965 -0.101560816 0.014620819 -0.14816132 -0.029285343 0.25087157 0.30359867 -0.046712108 0.047355913 -0.060481016 0.11447035 -0.085641116 0.04025174 -0.29505193 0.2867407 0.010407763 0.11398462 0.10629486 0.023345428 -0.08793231 -0.24569212 0.040190175 -0.06493871 0.24584764 -0.16933927 0.43233013 0.026159512 0.14041321 0.04791953 0.1256436 -0.28990096 -0.041611537 -0.29634902 -0.24572228 -0.25364655 0.110021636 0.0850578 -0.064296134 -0.1853414 -0.11452975 0.094733246 -0.24065258 -0.10301485 -0.028421111 0.41916153 -0.23458137 0.19001961 0.016508335 0.092480585 0.019780925 0.35884723 -0.031337816 -0.051237248 0.12477952 -0.022663327 0.09356798 -0.14658579 -0.1409395 -0.2009666 0.110735014 -0.18794918 -0.14614984 0.37496784 -0.07617992 -0.08744476 -0.0012119025 0.078597195 0.21803902 -0.42784378 0.3554427 -0.15791646 0.061889615 -0.38771474 0.24828987 -0.08887221 -0.012215041 0.1397104 -0.0074202423 0.13033232 0.25619406 -0.21752268 -0.24555103 -0.0030597735 0.062286437 -0.021343108 -0.57366306 0.09430684 -0.24389207 -0.27500153
CYP 0.0331827 -0.22081812 0.27006632 -0.13727577 -0.118474014 0.046045054 -0.14797789 0.10266031 -0.007982157 0.3138244 -0.11316339 0.120832585 -0.2909087 -0.12681758 0.071097866 0.12302908 -0.28678066 0.34319496 -0.03494364 0.30834055 0.016294198 0.23700826 0.07320211 -0.51078206 -0.4021851 0.061098497 -0.047590625 0.29404983 -0.035825014 0.088808216 0.09799667 -0.12979579 -0.17521217 -0.041232184 -0.34514007 -0.0063713193 0.14401472 -0.03779661 0.090158395 -0.21772833 -0.28234622 0.015586438 -0.018080449 -0.050217737 0.21998845 0.32623932 -0.18813357 0.09815953 -0.13425611 0.15926497 -0.119577035 -0.18026772 -0.019968905 0.06894572 0.12731716 0.23899981 0.24401495 0.14798306 0.1848322 -0.005476625 0.027935741 -0.014756714 -0.1492519 -0.1438729 0.38580513 -0.06934912 0.05371223 -0.116286136 -0.23862976 0.031346418 0.12961324 0.0007852344 -0.21658897 -0.07169908 0.0099721635 -0.12564301 -0.082696564 0.17725725 -0.27033982 0.24298978 -0.15875347 0.083863765 0.13340572 0.60091066 0.09171424 0.31029397 0.15340616 -0.22897854 0.17420329 0.03101479 0.006214895 -0.10629965 0.09411617 0.10006157 0.3485476 0.08115455 -0.08881079 -0.24111108 -0.06591814 -0.04486956 -0.0654553 0.22072868 -0.11232452 0.18350174 -0.036590472 0.039103124 -0.010313116 0.042322297 0.06431957 -0.3879314 0.032209173 -0.196735 0.061105214 0.093955606 -0.035032503 -0.03375209 0.004014905 0.30121416 0.12084953 -0.16176361 0.10835769 0.049016144 -0.1078544 -0.21255367 -0.3713082 0.14845185 -0.24645121 -0.08400189
HRV 0.028540922 -0.3886718 0.2428268 -0.08909615 0.036057927 0.21096449 -0.23260856 0.14391012 -0.20938216 0.23827054 0.26077965 0.17779304 -0.3177318 -0.20925234 0.05978885 0.13366699 -0.23259836 0.24320188 -0.13390677 0.21154036 -0.085303925 0.17437853 0.15376699 -0.40571445 -0.4174229 0.088029355 -0.039508026 0.22624062 -0.07020809 -0.06424731 -0.049112502 -0.2357213 0.015320955 0.04188005 -0.14099026 0.037374366 0.33517575 -0.09520514 0.019760692 -0.08661812 -0.2578822 0.11625646 -0.005774784 -0.15719146 0.21744117 0.14181021 -0.14244007 0.08398384 -0.10744945 0.095624015 0.19606178 -0.22482568 -0.065328516 0.054062698 -0.06143239 0.24930638 0.24789834 -0.13675466 0.11655728 0.06936706 -0.018166248 -0.021729523 -0.24511826 -0.03516438 0.204594 -0.04032388 0.1312434 0.121426195 -0.26785532 -0.05388565 0.19333388 -0.023779368 -0.077819355 -0.12241528 0.11820392 -0.10455668 -0.09160625 0.049654618 -0.2559402 0.13194579 -0.07941897 0.030161507 0.16841508 0.37477002 -0.04595143 0.25605342 0.025501106 -0.304171 0.1315549 -0.08843694 0.006134666 -0.057150967 0.17205629 -0.008833005 0.34564 -0.021312356 -0.011429476 -0.053420406 0.008783686 -0.091108456 -0.03652619 -0.11844061 -0.14649755 0.0015455832 0.026991984 -0.0064723096 -0.038733263 0.15124632 -0.052954573 -0.32396707 -0.04578564 -0.065674886 0.040969763 0.008712013 0.09233745 0.025877832 0.07068941 0.19175 0.103686556 -0.080380976 0.1964384 0.11755627 -0.28952122 0.06321509 -0.2589129 0.24406944 -0.024888555 -0.12175641
TUR -0.021950843 -0.3642035 0.36364067 0.07222863 0.013643229 0.13144006 -0.13342236 -0.013681982 -0.31904063 0.21903995 0.37902698 0.050270393 -0.16512276 -0.09310584 0.3110317 0.29075062 -0.0742845 0.1732065 -0.0069895494 0.0046812966 -0.061512575 0.3407841 -0.14156216 -0.20791924 -0.15629053 0.07636115 -0.08161878 0.17905965 0.10273819 -0.090779185 -0.07841029 -0.17356867 0.10481376 0.15320536 0.01804107 0.008815784 0.24407 0.03422063 0.039768666 -0.04566219 -0.22042508 0.114963464 0.16428627 -0.17563263 -0.026503867 -0.1369749 -0.10865249 -0.11419315 -0.07961921 -0.04259865 0.44616842 -0.11417286 -0.014800663 0.02707771 0.00874961 0.24599637 0.30560577 -0.2981147 0.011391239 0.042193573 0.04978266 0.0039450596 -0.11770821 0.075975664 0.1276825 -0.09584281 0.16361804 0.2480269 -0.1280457 -0.18821973 0.17950453 -0.032021634 -0.37602863 -0.10095277 0.16250117 -0.08364788 -0.013015798 -0.0669597 -0.06104663 0.02327582 -0.086424455 -0.19618131 0.1407455 0.19974722 -0.023635834 0.15910321 0.027745144 -0.13794814 -0.11379757 -0.10836249 -0.0526451 -0.04047886 -0.022395695 -0.12907545 0.47661868 -0.12619665 0.031130528 -0.074679226 -0.037465353 -0.13072774 -0.07328939 -0.04121923 -0.055831585 -0.1404003 0.026647983 0.0010784941 0.0142976735 0.09115492 0.0800586 -0.07936424 0.21480075 0.03812456 0.020735754 -0.053955294 0.10596918 0.17799611 0.023556424 -0.03437791 -0.00794671 0.01393781 0.010188589 0.084885225 -0.082012944 0.21477367 -0.16749604 0.18462405 0.11067756 -0.10715386
BRA 0.00689763 0.006455078 -0.019193301 0.22118373 0.07421826 -0.02334493 -0.086524874 -0.024202928 0.033007532 -0.06294199 0.084651604 0.010169045 0.15680857 -0.20068811 0.025037287 0.07767917 -0.32348424 0.052524664 -0.022590602 -0.044531174 0.15068926 -0.03291356 -0.06817764 -0.3239905 -0.05847333 0.01870037 -0.2197155 0.2957083 0.04980714 -0.033779826 -0.03505242 -0.09272816 0.053139396 -0.01150772 0.13792329 -0.029689807 -0.038629707 -0.041403625 -0.014848509 0.09942128 0.08602678 0.030317148 -0.037354376 -0.15942866 0.048523422 -0.085392885 0.07433546 -0.043667432 -0.07768726 0.12861241 0.27942866 0.17403953 -0.16831288 0.13677816 -0.051175244 -0.07439378 0.18359664 -0.14084662 -0.26237938 0.0028450687 -0.024675556 -0.11281576 0.22659172 0.0967665 -0.00300649 0.019337615 0.21769434 0.34708503 -0.047705203 -0.14712165 0.016381467 -0.12076038 -0.3101014 -0.055490207 0.09787103 -0.15669487 0.15131748 -0.040497173 0.05828076 0.06957634 -0.096613884 -0.20179251 0.091475755 0.29594147 0.17592406 0.21690638 0.043793377 0.03946371 0.01750377 0.02651588 -0.045855727 0.101952486 0.076442026 -0.111681424 0.25400966 -0.21585084 -0.037844155 -0.40266743 -0.06046073 -0.21073976 -0.121665336 0.03912122 -0.018845428 0.00364485 0.1516792 -0.12102492 0.13810831 -0.24301688 0.28505272 -0.09398924 0.19212356 0.033003576 0.032890547 0.00487491 -0.007205962 0.06329066 -0.01876703 -0.016568549 0.10052148 -0.088601336 -0.07007899 0.05440144 0.063176386 0.07969677 -0.18522742 0.040862616 0.016388902 -0.22687025
PER 0.09425303 -0.106211185 -0.07630665 0.2491482 0.14704286 -0.11817151 -0.017166527 0.021463051 0.007978342 -0.1129485 -0.082844965 0.0008164891 0.21076009 -0.29311246 -0.075663075 -0.041519783 -0.3451288 0.14902024 -0.0892058 0.029624691 0.18688428 -0.032610435 -0.0047635557 -0.24943466 -0.1834516 0.13468313 -0.3262793 0.3223891 -0.051120307 -0.10792804 0.019010106 -0.0102308765 0.115391485 0.057261188 -0.07475278 -0.16965309 0.017778626 -0.14248617 0.1502523 0.24288881 0.014822355 -0.050281208 0.003100968 0.10908525 0.14925228 0.10659566 0.018502492 0.18573688 -0.19352455 0.09298709 0.052022904 0.005123262 -0.06616773 0.2441977 0.020560784 -0.09417359 0.21832211 -0.1449538 -0.2790166 -0.014853109 -0.10561548 -0.089914024 0.5167044 -0.044767857 0.26529482 -0.01824346 0.090248175 0.12576178 0.09778071 -0.17519219 0.03488811 -0.17068346 -0.4557206 -0.18073791 -0.04836747 -0.17873482 -0.008589192 -0.009819826 0.009648516 0.2842756 -0.05571249 -0.04475935 0.2370827 0.39667338 0.14999062 0.26093885 -0.06410093 0.06270386 0.12977125 0.062418208 0.005741529 0.1621601 0.07726962 0.021820264 0.09562127 -0.1273991 -0.0588409 -0.2375945 -0.017914688 -0.20869946 -0.0941837 0.061684433 -0.15181333 0.04563188 -0.038845975 -0.19763532 0.009328968 -0.052907035 0.17229499 -0.046081305 0.10250507 -0.23201373 0.21606955 0.054937236 -0.11317434 -0.16229701 0.1949317 0.22706026 0.086628824 -0.35948965 -0.16798764 -0.14636743 -0.10354778 -0.07164892 -0.32610834 0.0861855 -0.113621645 -0.21471396
CHE 0.11479147 -0.32167718 0.33991435 0.2417374 0.07188855 0.24171239 -0.22328569 0.09224898 -0.33929592 0.43367082 0.15335564 0.00904063 0.008753191 -0.43072093 0.17746794 0.34659788 -0.16736181 0.12846193 0.07486739 0.03898925 -0.08356762 0.20668732 -0.012379346 -0.12208516 -0.27532426 0.18487786 -0.02228189 0.15046903 -0.11342601 -0.19394045 -0.08920709 -0.17367747 -0.12150546 -0.018439528 -0.10220316 0.039501574 0.2830241 -0.0654941 0.29488215 -0.093535885 -0.23231001 0.0051412825 -0.009406548 -0.16307868 0.18046142 0.046518005 -0.19544339 0.18794313 -0.25012895 0.06218682 0.27195933 -0.09323272 -0.020376215 0.072380014 0.13423963 0.09488 0.27050447 -0.24422169 -0.16311076 -0.14308739 -0.031891666 -0.09529447 -0.10406605 0.071265064 0.10313029 -0.10871209 0.30747086 0.13307537 -0.19663338 -0.10887337 -0.02774396 0.07749028 -0.14900956 0.025006821 -0.046112865 -0.0053186915 -0.07618486 0.036181446 0.08225321 0.082663074 -0.13119873 0.12517174 0.20128374 0.295799 -0.059050877 0.14081138 0.07260893 -0.13422826 0.0034406488 0.017135182 0.029940885 0.011615579 0.046320405 -0.10741694 0.30768925 0.0395249 -0.06734455 -0.070246175 0.041272514 -0.00021732066 -0.006846778 0.083190046 -0.18460718 -0.093507424 0.08946174 -0.124355294 0.041350007 0.113282196 0.10271832 -0.16669972 0.06261652 -0.2093653 -0.040628523 -0.040325545 0.2105735 0.1728705 0.0058731074 0.12570336 -0.095330395 -0.08208238 0.08228411 0.0018001457 -0.113989234 -0.035912704 -0.19259013 0.16822153 -0.03678851 -0.1366702
SWE -0.04755258 -0.21839117 0.10112899 -0.02405089 0.09090765 0.36171028 -0.06560071 0.040308084 -0.14360788 0.18013045 0.29008096 0.034745075 -0.20485096 0.049906883 0.05644145 -0.051685132 -0.10254942 -0.14160292 -0.16081181 -0.087513074 -0.06935565 -0.03851035 0.19817328 -0.010166625 -0.19597697 0.030364888 -0.12443987 0.11932335 -0.05545833 -0.13866225 -0.011458089 -0.046635173 -0.13947658 -0.13848993 0.10805274 0.044185437 0.4533661 -0.054122332 0.2507045 -0.1756039 0.09699789 -0.008521021 -0.1320917 -0.14844097 0.35679448 0.11536672 -0.1740357 0.2958153 -0.20165227 0.32718512 -0.12736759 0.20243225 0.014006675 0.14479417 -0.06560307 0.10773437 0.18500306 -0.027402146 0.01052961 -0.106441796 0.062774345 -0.25904608 0.33253053 -0.09534032 0.19431837 -0.06535908 0.13030978 0.2987491 0.063474804 -0.10083721 0.14372727 -0.17463557 0.069856994 0.0074270605 0.0739526 0.015476274 0.070390195 0.032228973 0.07440143 0.1890759 -0.16537547 0.05991352 -0.05513603 0.3047032 -0.105130665 0.17170034 0.07508362 -0.13501859 -0.065124094 0.14368716 0.097048216 0.18525277 0.29233116 -0.12379697 0.27123815 -0.035827056 -0.17790447 -0.14378329 0.1393981 -0.16887148 -0.2256615 0.16911873 -0.41588622 -0.12222931 0.24762474 0.013220639 -0.00865052 0.032047935 0.23769619 -0.26604927 -0.16176681 -0.24189666 -0.19040042 0.021876002 0.04910009 0.052812893 -0.0055115037 0.22222973 0.25058654 -0.10065455 0.103074156 0.08536727 -0.14902689 -0.015178468 -0.24740516 0.07989866 -0.19087572 0.028192656
UZB -0.15024805 -0.22323167 0.1535476 0.2349174 -0.13118726 0.25812104 -0.19472106 0.021178344 -0.16704254 0.44048655 -0.19525053 -0.06440184 -0.1255242 -0.21527693 0.03397703 0.29161343 -0.074038655 0.046503015 0.05621568 -0.01994439 0.012339882 0.3738275 0.0060731857 -0.119274735 -0.19460523 0.105071194 -0.15163206 0.081464134 -0.03967299 -0.16780134 -0.057167225 -0.030855525 -0.39884746 -0.20127629 -0.05955432 0.22390154 0.4048038 -0.026293578 0.30919695 -0.2686282 0.12866636 -0.12000545 0.016090605 -0.055169657 0.2363305 0.5382264 -0.41886768 0.24783531 -0.1845004 -0.0007235742 -0.17251536 0.15423399 0.27219653 0.13685635 0.27145058 0.11585983 0.26304606 0.054239023 0.015730781 -0.22529268 0.27465746 -0.26242518 0.23057193 0.07645629 0.29093477 -0.17004609 0.1620092 0.09121265 -0.044019397 -0.21316135 -0.013368431 -0.122072026 -0.3193755 0.050507374 -0.18904142 -0.011317974 0.031657707 0.13051182 0.24592233 0.37641436 -0.28146726 0.105270855 -0.09510369 0.45144895 0.19085012 0.15515919 0.15385456 0.12701875 -0.031177606 -0.057768 0.015125922 0.072884515 0.06687929 0.077602424 0.36989027 0.1153348 -0.19663405 -0.12970452 0.0243483 0.020472685 -0.01651077 0.2653743 -0.2194145 0.059228495 0.10443915 -0.06182036 0.1727057 0.076364316 0.2336935 -0.22557217 0.01634917 -0.1317976 -0.057496063 0.07629222 -0.010786054 -0.059005577 -0.034385342 0.30832285 0.017703159 -0.10370422 0.14615986 -0.061760988 0.021127835 -0.19820473 -0.23438127 -0.095742546 -0.045177188 0.0080448305
CAN -0.06654563 -0.048405096 -0.08377533 -0.075698525 0.09663816 0.1396222 -0.048862707 0.0138047775 -0.047759913 -0.08310279 0.23655356 -0.018437441 0.018068042 0.07944746 -0.1104222 -0.10625464 -0.27969846 -0.08975292 -0.19952631 -0.040176705 0.05957706 -0.16610491 0.09811295 -0.23592965 -0.12848033 0.114076644 -0.31624937 0.23093404 0.006758225 -0.16222556 -0.095373794 -0.08527506 0.0035805781 -0.05082122 0.2682695 0.013708755 0.30733207 -0.02608097 0.09475713 0.020823626 0.112168655 0.09688736 -0.11599138 -0.2437982 0.26469934 0.07111247 -0.09256214 0.120078035 -0.12136157 0.25162172 0.061275795 0.13562769 -0.091123514 0.15710504 -0.05747085 -0.042321816 0.13742362 -0.12188664 -0.13892432 -0.04960028 0.06330443 -0.24120387 0.27448377 -0.05469426 0.11469158 0.027909705 0.15184543 0.36880785 0.012599244 -0.23712336 0.13797672 -0.19639717 -0.054528855 -0.05891187 0.15917146 -0.13977551 0.108489886 -0.022111302 -0.06379884 0.04304072 -0.15342577 -0.07569935 0.08223783 0.20377225 0.038191907 0.1631846 -0.03232244 -0.0043576476 -0.008184939 0.06450743 0.05933119 0.21995622 0.24076593 -0.058564954 0.2912737 -0.16121748 -0.14553899 -0.15740843 0.11554085 -0.19045421 -0.20255923 0.07614986 -0.25823635 0.013576416 0.22105053 -0.08561283 -0.056953926 -0.11519474 0.3200095 -0.19904184 -0.12860326 -0.030554181 -0.058457527 -0.054731026 -0.017302355 0.12014218 0.039263986 0.10166926 0.16036339 -0.058086086 0.030273724 0.11138488 -0.09882214 0.092870094 -0.12324549 0.1955272 -0.022886302 -0.090643555
ZMB -0.19351602 -0.24006727 0.26952574 0.20931359 -0.006071527 -0.008208567 0.082011946 -0.06221137 -0.48313323 0.2086575 0.18653059 0.025275514 -0.03386946 -0.031914487 0.2670945 0.22954834 0.19720441 0.2438772 0.000728437 -0.026534123 0.10898315 0.38805932 -0.29516706 -0.23143074 0.03546396 -0.010531367 -0.38253975 0.23006582 0.114769846 0.050849944 -0.09137676 0.12325177 0.060847018 0.10822236 0.10185507 0.21690033 0.3626112 0.1280629 0.04340035 -0.023662155 -0.08907174 0.28135636 0.15757228 -0.14582825 -0.1312587 0.1385539 -0.37428632 -0.14969735 -0.086188294 0.038745817 0.5058771 0.13295658 0.18038623 0.023553807 -0.05192724 0.096699946 0.3213877 -0.15791251 0.00018652732 0.07468698 0.25864634 -0.3089462 0.20623107 0.05573105 0.10697444 -0.07100164 0.05637393 0.07525316 -0.14279 -0.24142708 0.10616078 -0.16083466 -0.4778362 -0.0045652385 0.2171166 -0.23019844 -0.035891715 -0.08843763 -0.10069681 0.12253641 -0.19096492 -0.25403535 0.0152478 0.4193587 0.13438298 0.28410146 0.118800275 -0.18349303 -0.0006696485 -0.07254125 -0.052204564 0.030010276 0.012630877 0.014293115 0.56121224 -0.2181912 -0.094762884 -0.18603116 -0.22915049 -0.072199546 -0.16921337 -0.13723919 0.06911706 0.036867533 -0.13164064 0.07712779 -0.03735812 -0.066136464 0.18884532 0.18101989 0.19626701 0.055479854 0.042406835 -0.18306658 -0.1758052 0.025183775 -0.01577872 0.015583342 -0.06718743 0.05448094 -0.08364116 -0.03525839 0.04752623 0.24989004 -0.04031553 -0.012865143 0.033375233 0.21758127
SUR -0.015136263 -0.10857638 0.019374514 0.31937653 0.042939123 -0.106533274 -0.2646771 0.008062317 0.20393272 -0.17427689 -0.1808769 -0.20980468 0.20165876 -0.34727797 -0.06068968 0.019413231 -0.3833841 -0.03547335 0.023623714 -0.07765007 0.2406867 -0.06386243 -0.08778309 -0.042109642 0.062048644 0.16864087 -0.2129101 0.055795766 0.106030285 -0.286167 -0.043394744 -0.064215444 0.0927804 0.18178396 0.2019425 -0.096056946 0.054485932 -0.26845205 0.25341225 0.39245668 0.061407916 0.12437813 0.10046083 0.055975277 0.07646031 0.24948382 0.0466449 0.19144559 -0.13745406 -0.08660583 0.21806116 0.14874643 -0.10296182 0.3611094 0.035399586 -0.21487364 0.3043843 -0.3081622 -0.38264713 -0.10053024 -0.038843866 -0.1775235 0.55738544 0.15720929 0.3447289 -0.03729454 0.30551127 0.37316304 0.16720551 -0.40585077 -0.09283255 -0.09126293 -0.64923024 -0.07285959 -0.0919169 -0.27901557 0.034043755 -0.1569948 0.13026902 0.23685098 -0.12654284 -0.25414053 0.2091227 0.23943059 0.10789861 0.25336707 -0.113584846 0.23182459 -0.05590644 0.023262326 0.040445168 0.13562919 -0.00014048994 0.114371285 0.19258104 -0.20063184 -0.13281336 -0.17248495 -0.13963537 -0.14035754 -0.069942966 0.11096873 0.12429498 0.121737406 0.004967751 -0.37182844 0.2507602 -0.104379594 0.27005163 -0.023569038 0.13653319 -0.21600646 0.20905057 0.16805634 -0.12458103 0.03360845 0.2976399 0.1057658 0.012475567 -0.3384206 -0.19581224 -0.23531455 0.037276167 0.053287026 -0.46298507 0.028821044 -0.08198391 -0.25557235
BHS 0.14887705 -0.110507496 0.021159535 0.2919825 0.07828041 -0.033485662 -0.1138407 0.026104743 -0.014994247 0.106479146 -0.1054266 -0.032402314 0.20200442 -0.36801025 -0.05053362 0.08026003 -0.3677534 0.15255731 0.018992301 0.068097554 0.121222265 0.037150756 -0.0067761433 -0.28180352 -0.21916598 0.16223766 -0.22696283 0.24007024 -0.09257163 -0.11848396 0.08309962 -0.046121806 -0.03552174 -0.040829316 -0.2057895 -0.112280235 -0.0169483 -0.10376022 0.20184532 0.12681651 -0.04457768 -0.04425317 0.029451229 0.051773444 0.14249824 0.13822332 -0.10089746 0.22849923 -0.16701712 0.059298467 0.04207828 -0.07368933 -0.08170898 0.2169066 0.1381845 -0.11150088 0.19169986 -0.17043866 -0.2355155 -0.053972285 -0.075745255 -0.054520298 0.26765403 -0.012131321 0.2417046 -0.03803767 0.13132933 0.12647903 -0.0106597785 -0.15225087 0.003049935 -0.072570816 -0.39902002 -0.16145007 -0.052325737 -0.16765542 -0.008201251 0.01937389 0.041314892 0.25159672 -0.09142536 0.031027436 0.20566055 0.33954495 0.12810431 0.21048084 0.018571222 0.07535553 0.08905187 0.08764848 -0.051316552 0.120828606 0.024396375 0.015745275 0.16273443 -0.0640663 -0.01304365 -0.2445711 -0.060771547 -0.034903504 -0.057359174 0.13094866 -0.07581112 0.05113847 -0.0700403 -0.18847731 0.055568416 -0.027412573 0.15074763 -0.05295412 0.10179629 -0.20647654 0.16604231 0.055118985 -0.018477827 -0.07127321 0.117485456 0.17893529 -0.012627832 -0.25686473 -0.09934429 -0.10848332 -0.02152552 -0.15594932 -0.2774713 0.03124531 -0.14526644 -0.22038308
ESP 0.099896945 -0.2776179 0.4039625 0.11438458 0.13021743 0.21747918 -0.13778907 0.041443743 -0.31032857 0.2112295 0.26801956 0.17484605 -0.049568813 -0.25965887 0.27612907 0.2070076 -0.13392082 0.14060545 -0.045557793 0.060656525 -0.08704485 0.14718835 -0.01160854 -0.07092073 -0.25129253 0.078402646 0.035241254 0.23544264 -0.0060752616 -0.028916301 -0.010478016 -0.112697385 0.029462757 0.06321906 -0.030982697 -0.06956953 0.3186023 0.019520724 0.08202826 -0.04508607 -0.30726218 0.1983884 -0.024355194 -0.11611486 0.032591056 -0.11985924 -0.030650929 0.0055981353 -0.16960947 0.12705833 0.42699635 0.010829388 -0.16908167 0.09070709 -0.08544513 0.18376489 0.31281626 -0.22422676 -0.1070469 -0.01626113 -0.05689283 -0.11039957 0.00072270405 0.05505728 -0.009456312 -0.029909927 0.21715412 0.0756002 -0.13452733 -0.02919682 0.0857873 0.10738567 -0.07395311 0.014793751 0.11385944 -0.018208709 -0.014361558 -0.023581136 -0.06584733 -0.019165816 -0.009834086 -0.031900875 0.18570171 0.29750976 -0.15681288 0.25191727 0.060413163 -0.24684425 -0.012771348 0.08733562 -0.0025014617 0.04317373 0.06361764 -0.17518994 0.35359913 -0.08757061 -0.08347902 -0.19873954 -0.012934863 -0.070989266 -0.082582034 0.0876952 -0.13451928 -0.11884669 0.108128525 -0.02730213 0.062785365 0.03252644 0.08498206 -0.121169 0.12181366 -0.15905692 -0.07704445 -0.087773144 0.18342479 0.14945854 0.0035455846 0.03833819 0.027601022 -0.06904399 0.044782627 -0.0055333255 -0.0905756 0.090984866 -0.14314473 0.1290209 -0.15313688 -0.037277006
EST -0.074838385 -0.2849771 0.2539901 0.17594208 -0.07308708 0.14713438 -0.24136633 0.028255252 -0.122640505 0.40455306 -0.03553344 -0.009056887 -0.16060801 -0.18486968 0.06116412 0.2991876 -0.14449587 0.021496138 -0.015478897 -0.036766797 0.03477602 0.2512306 0.011820669 -0.09728271 -0.13477743 0.08100031 -0.08845988 0.11751708 0.00020649501 -0.19059664 -0.025423523 -0.06892313 -0.24785915 -0.09794647 -0.06321774 0.106076315 0.33831644 -0.045056663 0.22710702 -0.19948031 0.07570665 -0.054486685 -0.0969743 -0.0394812 0.24427421 0.43703672 -0.3593065 0.21862169 -0.18347332 0.062173367 -0.12892514 0.19339506 0.19574821 0.14880204 0.20109259 0.16111468 0.25954568 0.03711194 -0.02866211 -0.1557494 0.11674014 -0.14982271 0.2560652 0.074951105 0.24639563 -0.10720803 0.1531182 0.107824996 0.00540859 -0.11458333 -0.008673561 -0.07305736 -0.21029355 -0.013020934 -0.17648529 0.02263262 0.008457618 0.07329343 0.1659547 0.25441214 -0.14593193 0.070791654 -0.06689551 0.29701626 0.13032907 0.027886009 0.13337824 0.06139986 -0.036970098 0.020218372 0.006778613 0.039374523 0.07021858 -0.007876798 0.24499987 0.12296311 -0.12772523 -0.1146143 0.0709831 -0.05523795 -0.04365822 0.26250222 -0.19660304 0.015332109 0.10236805 -0.06135074 0.15762904 0.085987344 0.10892583 -0.18132974 0.061101917 -0.17880431 -0.05383201 0.05982885 -0.013681919 -0.020285998 -0.012868581 0.22795428 0.07743643 -0.11459502 0.06747649 -0.05755803 0.021536535 -0.17858127 -0.19679101 -0.08983908 -0.03198936 -0.043265413
BGR 0.015535456 -0.18869552 0.118151374 0.097457305 0.0048979013 0.1744753 -0.18826841 0.038708176 -0.068518564 0.2102118 0.22017834 0.10847984 -0.12583236 -0.18076527 0.08074426 0.18222018 -0.32384488 0.089700654 -0.044224072 -0.039682593 0.0067278985 0.15274355 0.049321536 -0.35217974 -0.2033759 0.013436015 -0.12656534 0.23564367 -0.0060423096 -0.08930014 0.009512102 -0.18625474 -0.10994115 -0.11508401 0.022955434 0.079466105 0.15673162 -0.060907263 0.03991536 -0.14015977 0.038755976 0.05733184 -0.07600951 -0.20590973 0.12687492 0.0384918 -0.125692 0.078340724 -0.06624617 0.1448732 0.108805835 0.11282727 -0.08714732 0.12455558 0.074925914 0.103186354 0.231097 -0.062796004 -0.04458031 -0.03469382 0.007046505 -0.102170065 0.031118456 0.08989482 0.05799712 -0.021074513 0.23329775 0.35504577 -0.09929769 -0.05237263 0.028721144 -0.06630861 -0.10323632 -0.055624682 0.039551817 -0.0978146 0.15288863 0.02953853 0.08090968 0.09789483 -0.08705017 -0.01047673 0.0077311923 0.25306156 0.07698259 0.14134033 0.12818918 -0.04683071 -0.054339375 0.015674865 -0.014860775 0.044186495 0.14016265 -0.14534354 0.28480104 -0.044896133 -0.0031267046 -0.24435188 0.00011908414 -0.054579854 -0.07914684 0.08526344 -0.13641873 0.015732422 0.2192263 -0.039928067 0.10854408 -0.018395707 0.10086698 -0.21168165 0.052431323 0.0034827017 -0.15162426 0.0623823 0.0605729 0.07567799 -0.085917465 -0.014154748 0.089937225 0.05279636 0.08521485 0.1243808 0.032327395 0.005368959 -0.050249454 0.024380455 0.017179433 -0.0925257
KOR -0.06520345 -0.34732857 0.22436617 0.025614617 -0.09332289 0.094792604 -0.08119881 0.034811415 -0.35997134 0.09231903 0.30536398 0.16042039 -0.1491138 -0.13524829 0.1761501 0.15587854 -0.10004421 0.26644164 -0.12740168 0.052700236 -0.07866011 0.23668921 -0.05141755 -0.29001275 -0.08231877 -0.100126944 -0.052051343 0.26201916 0.0841785 -0.0834044 -0.018127747 -0.15209892 0.017454097 0.036062352 0.009403826 -0.0104308175 0.31410277 0.054933086 -0.052475072 -0.024289966 0.027601905 0.08730992 0.05547219 -0.106958814 -0.06793705 0.053864002 -0.09963299 -0.161273 0.043254584 0.07738395 0.42580277 0.029293733 0.0031172852 0.07442594 -0.11961422 0.19465442 0.31108832 -0.253889 -0.0118310535 0.04158562 0.11770862 -0.13131969 -0.0014445423 0.14331993 -0.023842117 -0.045485556 0.07124153 0.2730323 -0.16243951 -0.13873836 0.14412062 -0.11051839 -0.2540008 -0.021607239 0.2236332 -0.09778935 -0.024375109 -0.16457078 -0.059518572 0.1136756 -0.02864641 -0.18764573 0.108329974 0.25313917 0.018723123 0.28332165 0.024861906 -0.10803445 -0.0033577192 -0.035820562 -0.09264908 0.02506393 0.17153269 -0.01878487 0.3586029 -0.10462068 -0.07666239 -0.13352688 -0.070122674 -0.12838028 -0.115437865 -0.07952326 -0.0783293 -0.06726629 0.09914549 0.07147259 0.083027504 -0.046743896 0.07469406 -0.06152681 0.16220392 0.097487316 0.09056582 0.066100985 0.07311517 0.031094078 -0.015574332 0.027755057 0.065080926 -0.036564223 0.10985578 0.15282105 -0.040781047 0.19180323 -0.08299728 0.039704077 0.23054399 -0.06363186
HKG -0.26352307 -0.19974434 0.13140872 -0.023706855 0.037970103 -0.20176595 0.02296971 0.0839263 -0.23018935 -0.13020943 0.35755083 -0.093122065 -0.15989654 0.12002362 -0.06597126 0.1216537 -0.049371112 0.097567655 -0.16013883 -0.029327273 0.12642854 0.124111354 -0.18279304 -0.1860978 0.043880895 -0.14014474 -0.24746187 0.4197377 0.09422542 -0.22036351 -0.16731618 -0.16923094 0.22960524 0.15754792 0.2909827 -0.069828235 0.28987142 -0.017067244 -0.21050958 0.15204851 0.25886995 0.15006164 -0.035919968 -0.18177707 -0.024795782 0.13949284 -0.029503655 -0.18735075 -0.080619425 0.09814 0.4478903 0.26608628 0.16497129 -0.007613229 -0.12518555 0.048430093 0.31372774 -0.22875005 -0.27409074 0.05489287 0.12320298 -0.16434258 0.2801154 0.11279236 0.03757019 0.036021087 -0.047461934 0.34776387 -0.101715334 -0.25103146 0.17582059 -0.3049989 -0.4345978 -0.10876623 0.0772898 -0.15477778 -0.11095754 -0.27407694 -0.18284725 0.14778197 -0.009398148 -0.38008702 0.12156357 0.094369166 0.3391913 0.19629851 -0.09929226 -0.05046033 -0.10018104 -0.057226647 -0.088194855 0.058584984 0.2245192 0.064599566 0.31527826 -0.12091035 -0.087386705 -0.16134405 0.11144451 -0.49462858 -0.10794651 -0.14498332 -0.15994744 -0.12432888 0.11086352 -0.09143499 0.068651885 -0.04939167 0.16969852 -0.105849236 0.25560808 0.14185078 0.18797168 -0.034335066 -0.0072393254 -0.042975105 0.08611171 0.15217505 0.14001113 -0.19690746 -0.093129165 0.03663715 -0.18535961 0.2641019 -0.15939662 0.17945187 0.46673003 -0.1489055
HUN -0.00587847 -0.12456881 0.3245573 -0.10426767 -0.19070354 -0.025599802 -0.19919784 0.04818634 0.15144177 0.35308626 -0.08519107 0.14983664 -0.41558453 0.09164553 0.070447244 0.19602038 -0.1362864 0.27465147 -0.010333168 0.15238842 0.15900207 0.22955185 0.045577873 -0.47462952 -0.18681023 -0.059512902 -0.14629889 0.28807575 0.035015866 0.09260459 0.11314732 -0.10886962 -0.13243867 -0.0947517 -0.16348448 0.037060414 0.10918967 -0.020991437 0.008038771 -0.34845 -0.10048914 0.089583024 -0.13274448 -0.15127532 0.23135334 0.43155307 -0.40898877 0.04546094 -0.14623128 0.19508092 -0.249907 0.15834151 0.15338117 0.07682102 0.099631585 0.26239038 0.2718701 0.28147402 0.13391066 -0.06450623 0.007897448 0.039839163 0.005993311 -0.015981484 0.45099273 -0.08110738 0.03735024 -0.03654719 -0.0458605 0.031400822 0.09457831 -0.1328983 -0.2941236 -0.17158817 -0.035636164 -0.060397796 -0.06961346 0.2139681 -0.28551793 0.17014334 -0.12745295 -0.05119308 0.01024469 0.53471434 0.21413447 0.06190517 0.329585 -0.21539791 0.013449366 0.18595557 -0.05057978 -0.19506685 0.070894316 -0.0028191933 0.467502 0.009277015 -0.012684147 -0.32253978 -0.016338216 -0.16718896 -0.0610155 0.34880564 -0.054637376 0.12622361 -0.033979017 0.068406805 -0.001793154 0.020162046 -0.0045891795 -0.24409923 0.12139739 -0.232969 0.012389711 0.02061114 -0.103905946 0.004629582 -0.07040689 0.2662579 0.20827323 -0.1111778 0.024381226 0.055222716 0.09213797 -0.271524 -0.3794646 -0.0007382093 -0.17288542 -0.032714117
NZL -0.18433395 -0.27934873 0.47640947 -0.043068852 0.0055865417 -0.17742522 -0.017537536 0.046556316 -0.20461263 0.02163743 0.3354937 -0.046967093 -0.21654905 0.041685738 0.16402586 0.13290916 0.010663964 0.23226693 -0.052975774 0.041587714 0.042876426 0.18474981 -0.21236366 -0.10231878 0.09355524 -0.27755406 -0.01689401 0.37390783 0.13641281 0.03164008 0.0018506685 -0.07680964 0.13441856 0.16636151 0.12522565 -0.1825125 0.37704438 0.040392593 -0.15436345 0.063950546 0.10599271 0.2104037 -0.02693845 -0.099139154 -0.09812894 0.16457672 -0.067455776 -0.21966918 0.021255095 0.094283305 0.40604502 0.22871822 0.05795736 -0.0038118253 -0.15180294 0.1525417 0.30413866 -0.03845811 -0.12503447 0.032490443 0.07254524 -0.10788374 0.16975036 0.03453895 0.0733449 0.02134987 -0.11498444 0.13335963 -0.13310848 -0.13017976 0.16688645 -0.20328048 -0.4055253 -0.061766863 0.1697612 -0.16875252 -0.11937226 -0.34014264 -0.21518096 0.10988312 -0.0021267624 -0.3938309 0.07929554 0.17717591 0.18721989 0.34064764 0.02948945 -0.13634682 -0.14921549 0.11898221 -0.17474328 -0.02333451 0.16317935 0.087259844 0.32672328 -0.043406606 -0.09562185 -0.20772669 -0.028286858 -0.39956418 -0.12881473 0.010981358 -0.036075737 -0.06730565 0.08772667 0.033947825 0.14586468 -0.18185318 0.106695205 -0.041917693 0.3231275 0.051585767 0.14794832 -0.020553123 0.00752928 0.002400399 -0.0071688495 0.11359469 0.1189223 -0.20196182 -0.1075249 -0.006477147 -0.029785085 0.20807922 -0.18024924 0.105587676 0.22984424 -0.025770864
IND -0.028005468 -0.27356437 0.3259474 0.049006253 -0.07775173 0.016401608 -0.040404677 0.0013755282 -0.32067147 0.12476455 0.20010164 0.076725625 -0.035565257 -0.15882342 0.20779802 0.13772051 -0.09867937 0.22482269 -0.0499691 0.050406374 -0.046657134 0.16516536 -0.10690327 -0.14400335 0.020702519 -0.13298029 0.0103337765 0.26237836 0.096388265 0.015060627 0.0689838 -0.033091962 -0.0449579 0.015307807 -0.04330253 -0.10385826 0.3577516 0.111594565 0.054537147 0.01663895 -0.009484697 0.08852829 -0.0071745478 -0.040754706 -0.0461467 0.12454602 -0.09800752 -0.11120668 0.030826991 0.120097056 0.40070295 0.108760044 -0.07220891 0.08275514 -0.099646874 0.114876755 0.28010154 -0.16720644 -0.089181565 -0.02870969 0.12081416 -0.18308361 0.13223904 0.07302459 -0.04835646 -0.013115809 0.0043198075 0.12382426 -0.12610702 -0.116454974 0.09726133 -0.07764723 -0.24319689 0.034804016 0.20606655 -0.10288386 -0.031671982 -0.22053161 -0.030373983 0.09370134 -0.020629296 -0.18807243 0.088452116 0.21198931 0.014507986 0.319522 0.020678518 -0.05720828 -0.014958275 0.08807306 -0.1262805 0.050721794 0.112430625 0.016984139 0.26094893 -0.029539723 -0.116558984 -0.18075092 -0.079083115 -0.12016835 -0.12225672 0.06785766 -0.053270523 -0.042116802 0.07853334 0.0549697 0.12918283 -0.17944099 0.15987419 0.021900663 0.22099872 0.0288704 0.07755936 0.036008082 0.07350414 0.046332482 -0.051002044 0.01957277 0.025525648 -0.085110635 0.023356494 0.06305107 0.03347098 0.11984852 -0.076582566 -0.027520403 0.07268812 -0.030976996
UKR -0.15574642 -0.24018024 0.18727118 0.21259417 -0.13192022 0.22340713 -0.18110645 0.047987748 -0.20001368 0.45535183 -0.16965564 -0.06428657 -0.15341194 -0.17768729 0.05078719 0.31218117 -0.1149671 0.053639803 0.046830148 -0.034377605 0.006327227 0.42742977 -0.035493374 -0.17518014 -0.18798904 0.07071543 -0.14355585 0.1393394 0.0004774102 -0.15577765 -0.034528375 -0.047755603 -0.4014923 -0.1736971 -0.06988909 0.2065651 0.42127472 -0.0025919278 0.28273815 -0.273047 0.11917968 -0.08722057 0.017616356 -0.043302495 0.20767073 0.5209448 -0.43724465 0.22996143 -0.20246568 -0.014085217 -0.11642748 0.16643123 0.27320936 0.09762277 0.29271427 0.18068615 0.29646462 0.057690587 0.049096998 -0.216219 0.2904953 -0.23817307 0.20260966 0.09064438 0.2808582 -0.17737395 0.12774752 0.102305 -0.07231455 -0.20078397 0.007101546 -0.10931105 -0.32172984 0.058300093 -0.21381998 -0.01928739 0.03802905 0.10174555 0.25526455 0.38101763 -0.2462695 0.10800736 -0.13632755 0.40691474 0.2213553 0.14627141 0.16642326 0.10688123 -0.06798886 -0.10533558 0.002727283 0.060508832 0.02914361 0.062220734 0.36479747 0.17303155 -0.19173379 -0.13949849 0.030247303 0.025048396 0.011218175 0.27898195 -0.2349353 0.04921679 0.11604903 -0.04556445 0.19106893 0.103814736 0.1750295 -0.21121548 0.06800057 -0.0758882 -0.111200914 0.08132611 0.010795277 -0.059269913 -0.059248984 0.26607066 0.0052081407 -0.06496569 0.15729298 -0.0696909 0.03831513 -0.20155916 -0.14608425 -0.110868074 -0.0044403183 0.037738442
ABW 0.043088034 -0.1600013 -0.07224817 0.34448507 0.21726744 -0.055878107 0.05564374 -0.014915462 -0.14079173 -0.1404819 -0.034771416 -0.01115363 0.23694453 -0.25220114 -0.0050832215 -0.058170654 -0.23029906 0.09849228 -0.13420753 -0.064608134 0.20258516 0.008154066 -0.08323399 -0.18109684 -0.16769183 0.19275403 -0.40773585 0.32542557 -0.021999998 -0.15368368 -0.07584809 0.047196385 0.19568731 0.119320825 0.067198604 -0.09158783 0.07547262 -0.14016151 0.14562 0.27556878 0.030339824 0.00049562124 0.08264459 0.09047789 0.06957954 -0.018805023 0.011647307 0.16491874 -0.21003424 0.042532094 0.20793478 0.043330546 0.015466324 0.2215734 -0.03841827 -0.11108812 0.24981698 -0.24372375 -0.31033558 0.012337057 -0.063491456 -0.16159087 0.6482657 0.011241402 0.21406351 -0.020823963 0.14050983 0.18760236 0.13232511 -0.23316312 0.06384398 -0.16143136 -0.51725054 -0.11953164 -0.039927926 -0.19302455 0.010335243 -0.020405324 0.07362978 0.2677274 -0.06941892 -0.102042034 0.23334922 0.43009317 0.14785889 0.27074412 -0.06731115 0.05209636 0.11371995 -0.0052550416 0.035188373 0.26194534 0.039091032 0.0031790596 0.16092393 -0.21133667 -0.12501568 -0.23291919 -0.03795286 -0.27539396 -0.10607101 -0.05340534 -0.1753327 0.0073276386 -0.042463996 -0.20747685 -0.006542731 -0.04054672 0.2399445 0.03316115 0.13375996 -0.2126942 0.18637979 0.019961957 -0.1583948 -0.1491124 0.24872835 0.1991262 0.06651909 -0.34883863 -0.19182742 -0.20245008 -0.093133494 0.025823269 -0.30095392 0.07789215 -0.07873232 -0.13541307
SYR 0.05640951 -0.3242848 0.21457 -0.13063635 -0.07450898 0.19334158 -0.19745928 0.16098967 -0.15885219 0.33985457 0.07310151 0.094040014 -0.3006872 -0.2057099 0.06473095 0.16005133 -0.2930492 0.28217095 -0.07985105 0.29635566 -0.056955274 0.14445719 0.12510411 -0.52843064 -0.47004223 0.085824445 0.023175698 0.26914376 -0.12661985 0.09275847 0.07506681 -0.20900384 -0.15971853 -0.0968986 -0.37722966 0.021466475 0.2650819 -0.050008677 0.12962422 -0.13835306 -0.31074685 0.0054260604 0.04296038 -0.119542345 0.2861432 0.3007224 -0.17490187 0.16710085 -0.10577698 0.15411326 0.06336837 -0.2836044 -0.054020163 0.03451405 0.0482191 0.15402816 0.2289844 0.015214556 0.11380891 0.05271219 -0.0075988937 -0.015481178 -0.30003235 -0.1284923 0.27085182 -0.047061253 0.03079292 -0.017200183 -0.3881312 0.00085892936 0.2177028 0.0035212557 -0.102346115 -0.074287474 0.093231946 -0.18924703 -0.12006267 0.10483128 -0.25894862 0.24878675 -0.1356167 0.100467116 0.2014964 0.55450106 0.06989926 0.40671197 0.08917419 -0.27016032 0.21943282 -0.09137829 -0.0049541797 -0.050638545 0.20175281 0.12635653 0.37409443 0.08577527 -0.07470028 -0.18771672 -0.04491468 -0.10089286 -0.09948423 0.05305972 -0.16966482 0.15265848 -0.022097215 -0.033715025 -0.027227182 0.06738056 0.06160866 -0.42333156 -0.013352522 -0.097117975 0.049077246 0.077803545 0.06547871 -0.04294539 0.032208905 0.29164818 0.06946355 -0.15466285 0.23126735 0.11122244 -0.2805018 -0.10917843 -0.31529456 0.23887937 -0.17198546 -0.14521691
JAM -0.108268194 -0.1725811 0.16037712 0.2025518 0.07743132 -0.13763446 -0.15011267 -0.0372736 -0.01821413 -0.039223753 0.062111214 0.04937905 0.06113833 -0.15221967 0.051567387 0.11430003 0.07389051 -0.024713788 -0.115025245 -0.0043694335 0.18736872 0.03647852 -0.06800428 0.050516494 -0.03139746 0.15047282 -0.09753799 -0.011642447 0.14674668 -0.25680545 -0.18275975 -0.006322477 0.1851464 0.27862367 0.17214385 -0.032319963 0.19787002 -0.120173134 0.03248979 0.21242326 -0.112756744 0.21985714 -0.0031028786 0.0074724676 0.15837245 0.19217663 -0.13901205 0.04233786 -0.13467674 -0.022862853 0.2845957 0.053823248 0.124077864 0.25366512 -0.10124827 0.13743044 0.34793708 -0.30244425 -0.1779141 -0.03209583 0.035571285 -0.046820942 0.39875412 0.06313564 0.33288673 -0.15700017 0.15611951 0.23449025 0.08973545 -0.29874134 0.095371984 -0.17186622 -0.5152393 -0.20356628 -0.038582053 -0.02508804 -0.11055681 -0.046785314 -0.1260927 0.24842931 -0.0033983998 -0.21077517 0.1770988 0.18069854 0.030645395 -0.052172527 -0.055695333 -0.078094214 0.1162772 -0.027840206 0.06037107 -0.078533955 0.0025594342 -0.036609787 0.1875184 -0.16849333 -0.036083687 -0.035445467 -0.012855139 -0.27489322 -0.14641316 -0.014060688 -0.0755121 -0.10934271 -0.11137222 -0.049399912 0.09813318 0.039659653 0.12525523 -0.06717177 0.2149522 -0.23655352 0.23869973 -0.08549618 -0.10856071 0.0669345 0.24122189 0.17850338 0.15707435 -0.25745305 -0.17739879 -0.1089246 -0.11819883 0.10796825 -0.3763729 0.023745436 0.040401105 -0.18267553
MKD -0.022996211 -0.1736752 0.13460988 0.14203063 -0.13747866 0.058673214 -0.22911881 -0.02624799 -0.12584521 0.29776937 0.119581655 0.1614098 -0.13258581 -0.1981445 0.07590642 0.30561328 -0.21308315 0.17218836 -0.00075391284 -0.011926829 0.100539945 0.27354315 0.004394323 -0.37250125 -0.16685869 0.019660797 -0.1809707 0.20425808 0.08613605 -0.18868513 -0.054112833 -0.20553152 -0.090422764 -0.030050667 -0.0469953 0.12946258 0.12270546 -0.01469437 0.012592001 -0.13868736 -0.025043223 0.060441133 -0.07144122 -0.18107845 0.12850606 0.18714166 -0.25642496 0.0018937306 -0.08680433 0.085717596 0.17181823 0.06173533 0.025996096 0.112582974 0.10394889 0.1951601 0.23831196 -0.12901436 -0.04642804 -0.04913654 0.084225 0.0001462994 0.0146626495 0.10828912 0.15059245 -0.104712635 0.25736943 0.23667504 -0.050131004 -0.13785353 0.046333022 -0.062539935 -0.32915398 -0.16567734 0.0121046575 0.010950383 0.05130158 0.08708754 -0.03789169 0.1319175 -0.06708608 -0.033668872 0.05444271 0.23148805 0.13896205 -0.03319191 0.078754626 -0.11848584 0.045942456 -0.040098477 -0.017795892 -0.11702754 0.0051398133 -0.09370198 0.31570685 -0.11544627 0.080535464 -0.1666853 -0.06837847 0.0059239627 -0.017213354 0.012775974 0.0057041817 -0.028647901 -0.01996058 0.06119375 0.07991599 0.047073416 0.010115339 -0.07848983 0.13131213 -0.001992813 0.031653836 -0.016160242 0.009205541 0.067611456 -0.023814756 0.04747437 0.07222691 0.039048757 0.032168902 0.124987096 -0.030005077 -0.047677048 -0.09792986 -0.06173844 0.0547901 -0.17136279
URY 0.03744736 -0.07437879 0.117479965 0.109216616 0.016260058 0.081702664 -0.20223959 -0.048813667 -0.056174576 0.111787625 0.1940791 0.094957784 0.06656735 -0.31710675 0.100022584 0.15795873 -0.39193487 0.12382049 0.10049006 0.07476156 -0.012018264 -0.021326462 0.032528784 -0.3303365 -0.1323671 0.01830963 -0.12564649 0.1935236 0.01727545 -0.021532409 0.054564927 -0.14963555 -0.04396339 -0.03929005 0.00030344067 -0.07097098 0.12235786 0.05058768 0.052877713 0.04910113 -0.059002817 0.030447181 -0.056907203 -0.19219501 0.11961895 -0.017231075 3.9844308e-05 -0.052933548 -0.05267888 0.13168834 0.24046429 -0.029395431 -0.31578353 0.14448297 -0.00783401 0.0070908484 0.12413796 -0.17710114 -0.15058175 -0.055886116 0.019867664 -0.06601486 -0.039539807 0.005598688 0.06554139 -0.001492103 0.23256178 0.2745546 -0.13389121 -0.17765999 0.0358013 -0.093123086 -0.17251125 -0.10920593 0.19190988 -0.091912225 0.08757426 -0.07016825 -0.0073662796 0.037171897 -0.15951928 -0.11537317 0.05069128 0.30942363 -0.03382796 0.25698987 0.009022098 -0.0031731331 0.043829173 0.06835925 -0.037759177 0.034981642 0.11724416 -0.07351491 0.24311033 -0.21662639 -0.020813825 -0.29343805 -0.02936301 -0.030620672 -0.09740715 0.043569494 -0.011515344 -0.035432514 0.08564428 -0.02704326 0.14801133 -0.26291156 0.22476031 -0.11001352 0.06797815 0.014381208 0.06723894 -0.021095285 0.09948596 0.114445925 -0.046485085 -0.014466309 0.09048869 -0.0012368641 0.023499692 0.13905413 -0.028031962 0.047185596 -0.1976843 0.05741553 -0.06992699 -0.25405344
GMB -0.14367701 -0.16831578 0.29768974 -0.121205874 0.157337 0.058068085 -0.13123608 -0.011327751 -0.032937393 0.12895358 0.25515246 -0.010680844 -0.14105716 -0.04683059 0.10442259 -0.057597615 -0.16900894 -0.08296113 0.1047423 0.03337065 -0.09748441 -0.20825341 0.18194357 0.19317716 -0.05618814 0.020549301 -0.05955235 -0.013794252 0.033930417 -0.09431916 0.048845645 0.026864633 -0.016467465 0.103384 0.107438035 -0.16779794 0.48127323 -0.028356181 0.2338056 0.0246921 -0.04970761 0.032438546 -0.14455865 -0.016539378 0.32025757 0.23642497 -0.13750401 0.18421644 -0.16156948 0.22072458 -0.1688028 0.17506078 -0.12520956 0.20666534 0.012184199 0.17383148 0.15440477 0.06773186 0.025264975 -0.20055333 0.06382193 -0.2201783 0.34429517 -0.19580881 0.40788856 -0.009253876 0.11694388 0.13218747 0.124775015 -0.23527722 0.08006064 -0.24425897 0.0038306864 -0.13082515 0.10006881 0.033101577 -0.003904319 -0.18382066 -0.025830729 0.12869462 -0.18746819 -0.045992777 -0.11913615 0.33485043 -0.24825981 0.18125264 0.0011089523 -0.05771311 -0.07688601 0.24520639 0.09805216 0.10380581 0.26266757 -0.032055493 0.13066813 -0.048069417 -0.25110027 -0.02364983 0.20677957 -0.19455205 -0.22137178 0.2893352 -0.32303208 -0.12506393 0.10956436 0.056900144 0.0645607 -0.15195642 0.24044771 -0.22130573 -0.13412629 -0.34037015 -0.046196572 -0.068920836 -0.021083742 0.093228206 0.051801547 0.21827494 0.2712107 -0.12559336 -0.089766495 -0.027769795 -0.11867184 -0.0011497578 -0.39137873 0.13501161 -0.25676876 -0.053618606
AUT 0.06866928 -0.18861869 0.21165246 0.15655525 0.14744298 0.20829894 -0.19314322 0.023868147 -0.102378584 0.13200617 0.27676645 0.098714784 0.012631314 -0.2867026 0.15691255 0.19713804 -0.32680595 0.014630548 -0.009873854 -0.025761947 -0.030870425 0.017961219 0.032631565 -0.1803719 -0.19108652 0.09918776 -0.056582272 0.20144185 -0.017509004 -0.073396884 -0.05300847 -0.1623215 -0.015661575 -0.037893668 0.116199404 -0.009982237 0.15640886 -0.047547072 0.07405498 -0.04422236 -0.084907144 0.085948244 -0.10860709 -0.23671387 0.124407396 -0.14147352 0.043837395 0.014369893 -0.12541491 0.15476626 0.2876349 0.10724355 -0.23045258 0.13672622 -0.02229274 0.061790973 0.23914218 -0.1721574 -0.19419852 -0.045602284 -0.08632876 -0.12929995 0.013685759 0.11140713 -0.029976353 0.0075741233 0.34111518 0.33502027 -0.1148897 -0.087383725 -0.012578573 -0.006231823 -0.039502367 -0.009635878 0.06234885 -0.04804705 0.12826483 -0.016463533 0.07782217 -0.04615867 -0.07594369 -0.02977687 0.10525542 0.26313695 -0.048004024 0.17651388 0.08218906 -0.087501556 -0.035536088 0.08137794 -0.0012099666 0.0819416 0.12604955 -0.24684401 0.28502834 -0.11975189 -0.047169942 -0.26281968 0.059596933 -0.13539481 -0.072305664 0.10110782 -0.1494176 -0.07399632 0.2564689 -0.11152759 0.10323938 -0.09583582 0.20046015 -0.22826394 0.0730989 -0.09306494 -0.1258669 -0.033741634 0.15226275 0.20103449 -0.07698241 -0.081370726 0.071688846 0.0066898926 0.043323584 0.09220712 0.009195397 0.09245649 -0.14444081 0.13909158 -0.042401098 -0.18111767
POL -0.06729822 -0.20442636 0.11467381 -0.0077543776 -0.030832887 0.280673 -0.10718571 0.033556115 -0.17112233 0.2545298 0.14814341 -0.0012241858 -0.13975503 0.011199119 -0.0020211274 0.066124134 -0.09144542 -0.04090701 -0.12490221 -0.05695807 -0.03301756 0.100816704 0.10759978 -0.08151451 -0.17980854 0.10320614 -0.15498921 0.11005002 -0.025585799 -0.18118387 -0.031079294 -0.07923149 -0.19705127 -0.11967323 0.066456474 0.10127815 0.47844985 -0.019846307 0.28502145 -0.18595369 0.030713746 0.059070103 -0.062270146 -0.14987229 0.29381707 0.29412368 -0.32584298 0.26631263 -0.17664568 0.21856904 -0.07046114 0.11800067 0.095244825 0.17346334 0.05098601 0.10609417 0.2217804 -0.07488047 -0.0010432 -0.12749256 0.118127584 -0.24975929 0.23504847 -0.034553424 0.21922526 -0.09609639 0.15297548 0.2031939 0.016895654 -0.1520106 0.12652166 -0.13115036 -0.058074273 -0.0046689543 0.033773173 -0.013299614 0.026421636 0.03784889 0.024348803 0.1466016 -0.17572519 0.061626315 0.012031405 0.268004 -0.048360035 0.12633058 0.08468422 -0.08540471 -0.06005943 0.10448363 0.08340325 0.13588591 0.19683805 -0.05152577 0.36316928 0.014669846 -0.15159856 -0.051893204 0.0844328 -0.0657477 -0.14850995 0.19814038 -0.28147566 -0.025721256 0.16322686 -0.0143597545 -0.013998813 0.0629696 0.19821903 -0.179353 -0.12746893 -0.18514614 -0.11909048 -0.012437288 0.035846937 0.10814577 -0.017212719 0.19564581 0.11503775 -0.095416225 0.101908945 0.043460082 -0.07716199 -0.037965335 -0.16031238 0.080154955 -0.12131009 0.029334698
PHL -0.08577912 -0.30456543 0.3147577 -0.037272897 -0.15159631 -0.06652463 -0.09966375 0.03679737 -0.24565893 0.09885499 0.24027203 0.13902885 -0.21199617 -0.0490787 0.1460922 0.17475887 -0.11481271 0.30481872 -0.11542312 0.08295343 0.021605492 0.27108982 -0.093407966 -0.33042932 -0.028549809 -0.1126608 -0.037821922 0.2930671 0.14881705 -0.077212736 -0.0005626994 -0.14731261 0.009509644 0.07556873 -0.04365144 -0.030020326 0.23712528 0.06043301 -0.112796746 -0.01573472 0.017516863 0.14509563 0.021783842 -0.065374255 -0.072585694 0.18213949 -0.15448049 -0.17006943 0.057469126 0.055647507 0.33937263 0.039074987 0.030959347 0.06927896 -0.07546785 0.20599902 0.31002885 -0.16693312 -0.0063718823 0.03638228 0.12238399 -0.06188343 0.027587278 0.12220523 0.10740848 -0.05638882 0.0037473077 0.22312376 -0.1493531 -0.15879165 0.15214993 -0.13073054 -0.39128432 -0.091247424 0.19324625 -0.13865481 -0.06608158 -0.17074578 -0.15035918 0.1554231 0.006633802 -0.24565329 0.115818955 0.17844686 0.10179646 0.22027963 0.015917549 -0.098479666 -0.012889507 -0.033209838 -0.12872627 -0.049053073 0.12675779 0.05109148 0.31896213 -0.054179117 -0.037242968 -0.11761363 -0.10181636 -0.13444965 -0.10962975 -0.04185441 0.013799843 0.0035466435 0.017078154 0.0745884 0.08378693 -0.038876787 0.024019832 -0.026177587 0.22038555 0.09329631 0.151902 0.063049816 0.011242428 0.013944669 0.006468484 0.06314805 0.083855286 -0.07155277 0.05047296 0.110343106 -0.018639877 0.1328745 -0.10822343 0.003263372 0.22754757 -0.06690681
CRI -0.031377397 -0.13323323 -0.09671028 0.19494465 0.15628444 -0.057716463 -0.061405797 0.031288277 -0.013255954 -0.22994283 0.030303003 -0.08077632 0.16411525 -0.14111836 -0.12375642 -0.052145254 -0.32186645 -0.008703934 -0.16952126 -0.04616961 0.18193115 -0.11047996 -0.026760425 -0.23063058 -0.08930373 0.16240443 -0.36416277 0.24690855 0.031176852 -0.26966107 -0.106521755 -0.05800366 0.17808212 0.12719351 0.21559809 -0.07303674 0.14381811 -0.13585216 0.048641503 0.27115202 0.12131735 0.053808518 0.00039192403 -0.014773295 0.14776053 0.09792596 -0.0071395105 0.10851574 -0.15163803 0.04273688 0.18911333 0.10190464 0.008173184 0.25862834 -0.06375085 -0.08714643 0.25275034 -0.2796772 -0.31930658 -0.037340414 0.016347222 -0.18017097 0.56701845 0.057151895 0.20780706 -0.02094131 0.120187044 0.36033165 0.08390691 -0.35304797 0.07515872 -0.22703129 -0.4438487 -0.11028561 0.010415015 -0.22974153 -0.00753174 -0.09222806 0.019159622 0.21000345 -0.0939117 -0.17868946 0.20939828 0.23096626 0.15766756 0.1844152 -0.14207004 0.1600749 0.066625915 -0.025713542 0.029846493 0.22081746 0.122127175 0.053556293 0.17161314 -0.18128988 -0.115562074 -0.122384585 0.053797573 -0.27535856 -0.13075578 -0.035527106 -0.15573917 0.0026535473 0.05423521 -0.22670436 0.02058291 -0.062789194 0.2833105 -0.061159655 0.068680845 -0.103074856 0.17289491 0.034667134 -0.10380304 -0.027061237 0.2400869 0.15945414 0.11000803 -0.27646664 -0.09931052 -0.10071165 -0.10654869 0.10206216 -0.30413917 0.112680234 0.079361744 -0.19160986
IRL -0.108965695 -0.19251686 0.19659989 -0.045039825 -0.0030513061 0.179016 -0.073844664 0.013202786 -0.11259177 0.22965111 0.14966679 0.03698889 -0.17427747 0.013393347 0.08328751 0.044029746 -0.040787015 -0.0023675114 -0.062400945 -0.045337185 -0.03743731 0.08385381 0.091658786 -0.018732805 -0.14941448 0.051802307 -0.12248012 0.08469336 0.0023286536 -0.087132014 -0.025022805 -0.038565323 -0.13024555 -0.0602875 0.071212314 0.0522128 0.42997754 -0.018222176 0.23243481 -0.18466665 -0.013628157 0.042246364 -0.0771525 -0.13623382 0.24040782 0.23053026 -0.25124013 0.16028698 -0.12926447 0.21403769 -0.087093435 0.16795027 0.06378506 0.12803479 0.02486723 0.18417253 0.20850582 0.05685807 0.07098282 -0.128148 0.100032456 -0.20943278 0.1983886 -0.055538278 0.26594916 -0.050256833 0.14269316 0.1375956 0.026644586 -0.1326356 0.108413875 -0.15763967 -0.06832861 -0.04124775 0.03994847 0.028262971 0.04794866 0.019146858 0.011293078 0.15471801 -0.15030187 0.042929612 -0.026288273 0.33663037 -0.06549147 0.14592767 0.10465097 -0.121466026 -0.06989349 0.11506578 0.06891059 0.08042562 0.18755221 -0.10066716 0.32571793 0.0069007273 -0.16552708 -0.10909514 0.10198193 -0.14664602 -0.14450157 0.23450159 -0.27673584 -0.023244036 0.17062604 0.033396777 0.024388399 -0.014740332 0.2149909 -0.23237945 -0.0782429 -0.20608199 -0.13362439 -0.024333451 -0.00799335 0.087498754 -0.04389853 0.17227273 0.15737687 -0.08608932 0.026530607 0.05911466 -0.034092832 -0.0140649825 -0.20169204 0.10924501 -0.13356283 0.01086326
CHL 0.10807339 0.11921162 0.05006533 0.25050402 0.01447701 0.054123558 -0.19434723 -0.09811809 -0.046633806 0.20377253 -0.0008128325 0.08165987 0.28042558 -0.4047798 0.14642051 0.22691934 -0.4596329 0.047149196 0.14981961 0.15104352 0.062075116 -0.17684318 -0.045386743 -0.43605214 -0.1506647 0.064786896 -0.139358 0.2850365 0.046945214 0.012080442 0.08455135 -0.10081362 -0.09745686 -0.021991543 -0.007895665 -0.10401007 0.10346237 0.14116791 0.08625306 0.09098294 -0.14548267 0.06794226 -0.09861127 -0.14499855 0.1942419 -0.09038489 -0.009235577 -0.0054784697 -0.18839605 0.13152075 0.2745655 -0.030068014 -0.42006823 0.14844999 0.048320055 -0.116804086 0.09061762 -0.24521387 -0.26723924 -0.16112034 0.12124521 -0.025318732 0.08524609 -0.045576554 0.006391635 -0.054375626 0.21392661 0.27075914 -0.09508283 -0.21721773 0.06896621 -0.023450835 -0.2703254 -0.063078284 0.23408553 -0.09737895 0.19108242 0.0026413451 0.01451054 0.124816835 -0.23731945 -0.16677496 0.013263836 0.34956494 -0.023010831 0.2602986 -0.029007738 0.058558386 0.16572085 0.06970484 0.019105513 0.07468464 -0.035633348 -0.09712238 0.21410877 -0.29558945 -0.06369191 -0.461846 -0.032948744 0.087650605 -0.13046846 0.15938976 0.009791816 -0.061609097 -0.019754272 -0.00868059 0.24053787 -0.4243987 0.43180642 -0.085016154 0.11842297 0.018452847 0.029395962 -0.07024615 0.18863736 0.20519763 0.002744991 0.0312448 0.06588656 0.0134765785 -0.032109678 0.13679528 0.00887302 -0.087180726 -0.25832856 -0.026133085 -0.23971567 -0.35138088
ROU -0.031939708 -0.17951582 0.30081874 -0.06387291 -0.13180223 -0.00020804268 -0.16683297 0.02153486 -0.041475367 0.3282576 0.14187421 0.13139026 -0.30086738 0.006920066 0.09867979 0.23099038 -0.17529322 0.22035314 0.019429103 0.11798655 0.041475274 0.26440918 0.00725034 -0.387954 -0.1891853 -0.04749248 -0.113618 0.22633706 0.056229223 -0.049640507 0.057138182 -0.16433576 -0.1329886 -0.07005785 -0.11759845 0.052889265 0.132946 0.032542333 -0.032744378 -0.24182495 -0.048198357 0.098379984 -0.079224765 -0.15968154 0.11458004 0.21998088 -0.28269204 -0.01785132 -0.08233062 0.12342542 -0.05005432 0.06790524 0.040626056 0.081843905 0.14666182 0.22650939 0.23220974 0.035871502 0.092573464 -0.04817177 0.094594344 -0.01391236 -0.08361376 0.023566281 0.32661417 -0.10613623 0.1123074 0.14375465 -0.111363366 -0.07160363 0.069401465 -0.13197376 -0.2660252 -0.17437404 0.050420012 -0.0362212 -0.0074655856 0.08773999 -0.16302387 0.13972585 -0.13191338 -0.048996314 -0.006698269 0.3211505 0.106612355 0.063505635 0.20072111 -0.14446773 -0.036941946 0.09558473 -0.06741385 -0.10484167 0.0760389 -0.050212793 0.37588245 -0.016380569 0.009068022 -0.22946832 -0.010166535 -0.011582292 -0.08882878 0.19453111 -0.06170321 0.011134074 0.021543821 0.09663664 0.039471284 0.027519533 0.030730382 -0.2118088 0.09382363 -0.087988235 0.004199533 0.0025159456 -0.012869623 0.0747701 -0.076576374 0.12719975 0.12295617 0.026908373 0.039814956 0.11077032 0.034039017 -0.12191988 -0.21683688 0.011556138 -0.008601108 -0.08579751
PRT -0.056793865 -0.2620462 0.30105108 0.11441754 0.0124296 0.054409508 -0.13706745 -0.02881359 -0.2845954 0.1633536 0.3213487 0.113207646 -0.037245695 -0.25880998 0.21051212 0.20938855 -0.10943317 0.1807613 0.04639676 0.06435712 -0.084666066 0.14741047 -0.06507557 -0.17448449 -0.065621085 -0.037257116 -0.07284258 0.13698247 0.057733007 -0.058448818 -0.012717283 -0.10171834 0.06267359 0.10013538 0.014892979 -0.06735195 0.28471088 0.0708265 0.020461313 0.04298078 -0.09963939 0.08880633 0.041151036 -0.15666223 0.01674553 -0.00475733 -0.07967206 -0.13007028 -0.018631985 0.05048762 0.3987064 -0.053016853 -0.13283297 0.09446495 -0.062388748 0.14940353 0.22031437 -0.27552137 -0.06246275 -0.022537984 0.08618922 -0.06584807 -0.044076778 0.044965636 0.055178043 -0.052360065 0.16322842 0.22985509 -0.14343697 -0.20507275 0.09653756 -0.116683856 -0.2751753 -0.10048791 0.2217902 -0.03173128 -0.035472743 -0.17922394 -0.07818008 0.045658212 -0.11293654 -0.17271282 0.07875195 0.24161287 -0.10456977 0.23000127 -0.0037491582 -0.0932066 -0.0070984857 0.028436616 -0.061756253 -0.023960078 0.09239262 -0.07820539 0.31181538 -0.18492432 -0.01766688 -0.11835406 -0.04655593 -0.06364289 -0.090332896 -0.077465326 -0.012599019 -0.14872077 0.017236225 0.08263487 0.10284364 -0.1312088 0.12446188 -0.008965666 0.14029738 0.040335383 0.13801183 -0.05152732 0.110653564 0.1111241 -0.035616975 -0.015596943 0.047608916 -0.008199945 0.01423276 0.117932566 -0.06601386 0.19448817 -0.18225823 0.07469903 0.11353955 -0.15908007
NIC 0.015366026 -0.13197893 -0.053736318 0.39804298 0.19631547 -0.18560869 0.049085278 -0.017070517 -0.01303083 -0.120202996 -0.15420099 -0.055961043 0.23637904 -0.26834017 -0.058352526 -0.020898392 -0.2756654 0.16373445 -0.042406205 -0.0817667 0.24539348 0.055813543 -0.124019966 -0.18745318 -0.11235648 0.12901597 -0.43497753 0.3520785 -0.027553776 -0.1181551 -0.03205723 0.06195029 0.17042342 0.09360027 0.020695249 -0.13564959 -0.0028849593 -0.181398 0.1576722 0.25279883 0.15558968 -0.08211345 0.034043983 0.13209562 0.08399332 0.1479029 -0.011116077 0.1899283 -0.19762668 0.036584154 0.04084333 0.15454005 0.093896456 0.23465155 0.059229974 -0.12367304 0.24295378 -0.11383711 -0.31523338 -0.024132121 -0.09918064 -0.12887746 0.71629506 0.036313325 0.28966066 0.021099987 0.12763304 0.16533011 0.19162185 -0.2131188 -0.027936306 -0.22521737 -0.5826437 -0.1690513 -0.16879116 -0.15905221 0.009146165 -0.022930317 0.11142126 0.28460923 -0.042318854 -0.08468696 0.14539245 0.44611287 0.26790246 0.21101585 -0.003928134 0.12847082 0.06997843 0.04931652 -0.03626646 0.22611628 0.019660482 0.008099425 0.10534187 -0.14432496 -0.088432744 -0.27855805 -0.007624972 -0.32014868 -0.07045905 0.06483108 -0.15616505 0.034754924 -0.018756758 -0.22426236 0.04248503 -0.047925223 0.21672927 0.033345744 0.20874158 -0.29555053 0.20884451 0.044558585 -0.21783717 -0.20774147 0.20798194 0.20717117 0.08288944 -0.3921814 -0.29969788 -0.24043629 0.004125097 -0.06382881 -0.34932303 0.025314502 -0.035315935 -0.16223295
LVA 0.012627938 -0.2554708 0.096781835 0.15816791 -0.08420645 0.35680005 -0.21282463 0.049200542 -0.13594729 0.40511352 0.009687915 0.035901252 -0.13563149 -0.17551254 0.047385603 0.16559805 -0.11599318 0.00016556663 -0.09654814 -0.017219625 -0.04225629 0.22505848 0.12705563 -0.16557378 -0.25161633 0.09231338 -0.13796453 0.12403267 -0.08030779 -0.20932698 -0.024991635 -0.10103895 -0.29126266 -0.1972217 -0.0802318 0.11141033 0.36221454 -0.06378865 0.31602436 -0.28367025 0.06786283 -0.12091722 -0.0905073 -0.14886093 0.34856918 0.3143606 -0.332471 0.33230957 -0.24981903 0.19336252 -0.13722213 0.077878855 0.13776973 0.123297215 0.10509271 0.17089273 0.22271879 -0.044432335 -0.0062184487 -0.19731532 0.10879085 -0.17091306 0.16712736 -0.013376371 0.2237951 -0.14923246 0.18323827 0.19709986 -0.01365793 -0.11157754 0.048286837 -0.11559932 -0.10022165 0.030051751 -0.12600835 0.10251521 0.019716656 0.16088334 0.13102388 0.30851942 -0.25516072 0.16309214 0.0010338544 0.37152138 0.028810762 0.06607969 0.13474856 -0.04001833 0.036409423 0.056902267 0.051037066 0.05393492 0.14306335 -0.047519818 0.33900106 0.05796126 -0.109451815 -0.14811979 0.09742161 -0.053288132 -0.09687165 0.22844948 -0.32916328 -0.055947356 0.13800626 -0.03094981 0.08898785 0.11898038 0.17940156 -0.26677898 -0.059474405 -0.22092164 -0.07372354 0.083027735 0.10230349 0.012963585 -0.05584358 0.28346094 0.1664237 -0.14076757 0.17107716 0.07560669 -0.092069395 -0.17781676 -0.264645 0.017739234 -0.08346464 -0.08497816
GTM -0.14684153 -0.11645075 0.0013778197 0.18424025 0.053781003 -0.04061306 -0.13207124 -0.020925809 -0.029613934 -0.051923532 -0.068173 -0.10776749 0.14671709 -0.14072147 -0.11630046 0.064849205 -0.2045539 -0.058900192 -0.062318694 -0.037712965 0.13408653 -0.05831908 -0.06646205 -0.057042185 0.01553964 0.1563651 -0.2909486 0.122725286 0.06424513 -0.2631744 -0.12581204 0.008828471 0.0064903786 0.08799144 0.23459354 -0.031286214 0.27788028 -0.05600406 0.119930856 0.17269099 0.15194547 0.048643537 -0.059564132 -0.02681318 0.18635263 0.33065766 -0.16864626 0.11489854 -0.14994812 0.023837287 0.10580089 0.1703818 0.057045545 0.257436 0.03583778 -0.05995847 0.21290024 -0.18982418 -0.2900934 -0.108973145 0.10820497 -0.21534511 0.5272796 0.04464618 0.18501754 -0.029159568 0.12387897 0.23540562 0.09918542 -0.36596563 0.012478583 -0.18283883 -0.37522656 -0.069649525 -0.07278642 -0.107961394 -0.008362404 -0.083567135 0.07129163 0.18274072 -0.15493572 -0.12540427 0.07473691 0.1837056 0.14576527 0.099718004 -0.09907527 0.21813618 0.03853322 -0.010401234 0.04754471 0.16685627 0.052475955 0.097573735 0.14469609 -0.10698444 -0.16999894 -0.08704726 0.059891544 -0.17355312 -0.08521302 0.07904207 -0.10723032 0.033071425 0.058592778 -0.168877 0.11830798 -0.11767052 0.3117877 -0.045908786 0.048880138 -0.10387837 0.17309289 -0.000959055 -0.101767614 0.0051214136 0.15791127 0.16539139 0.07567827 -0.20504329 -0.0871975 -0.11872649 -0.038676742 0.03110057 -0.21801569 0.027868759 0.06964118 -0.1557881
JPN -0.08525657 -0.29315755 0.19904387 -0.0044274963 -0.10151845 0.021647973 -0.059477247 0.021066554 -0.26606086 0.06526087 0.24893673 0.1450068 -0.14976782 -0.049153164 0.1446316 0.11824712 -0.11347602 0.2540086 -0.14342886 0.019419411 -0.004709586 0.25293413 -0.06619737 -0.28612208 -0.059527174 -0.10369533 -0.08278983 0.28207827 0.13177231 -0.0905056 -0.033276003 -0.13748407 0.024129538 0.05006323 0.009983702 0.011072386 0.25717056 0.04484482 -0.07448471 -0.03205496 0.05868062 0.095001675 0.029657846 -0.078051224 -0.07203703 0.09485616 -0.10835012 -0.14694284 0.033692732 0.081358865 0.38665825 0.09483918 0.035176553 0.07439552 -0.09577315 0.20589548 0.33215573 -0.1895794 -0.011716227 0.042048935 0.12587841 -0.1297878 0.09610446 0.14098974 0.053195145 -0.0510337 0.056090187 0.26099607 -0.12155571 -0.1411223 0.15803981 -0.13833123 -0.34014422 -0.050134037 0.19086908 -0.1224068 -0.020295126 -0.1594732 -0.074042164 0.14838795 -0.015762392 -0.20622702 0.091417834 0.23731244 0.081317015 0.24497446 0.021082984 -0.10883004 -0.011785719 -0.035176348 -0.09242155 0.01666143 0.15280199 -0.0069775726 0.3386608 -0.092100315 -0.07557792 -0.13591452 -0.10022883 -0.14302622 -0.114984475 -0.047736708 -0.041707948 -0.036813024 0.07144933 0.088319235 0.06572435 -0.04203099 0.05408513 -0.036550924 0.18875138 0.10338681 0.078598596 0.07322395 0.014883195 0.011161956 -0.02586641 0.034700703 0.09913376 -0.05451181 0.06452368 0.1224007 -0.0111774895 0.16938014 -0.08418046 0.009013483 0.21194322 -0.044674348
TZA -0.13701826 -0.26467675 0.32831195 0.19216138 -0.021244036 -0.011165835 -0.018888932 -0.0524354 -0.40695065 0.21528816 0.25461513 0.08955139 -0.023843331 -0.11710606 0.25265986 0.2984944 0.19041894 0.20234585 -0.048207965 -0.00084414415 0.089911036 0.31793597 -0.24194404 -0.10566319 0.011799776 -0.022608712 -0.14852984 0.19268116 0.15872529 -0.04640863 -0.13892348 0.0077583566 0.12006256 0.19001478 0.12168773 0.11499568 0.37927046 0.06980839 0.03373355 0.028770564 -0.16687872 0.29285133 0.056587912 -0.15594532 -0.06408916 0.060963117 -0.23404823 -0.14684659 -0.07636282 0.037042517 0.6083613 0.09126524 0.11207264 0.046019543 -0.11430353 0.16038987 0.3729049 -0.27345267 -0.076491736 0.04785786 0.16414535 -0.18299316 0.14733316 0.10736654 0.07792967 -0.1356001 0.1469489 0.112481475 -0.16052239 -0.2189561 0.13468026 -0.077446245 -0.43742144 -0.020422997 0.15436101 -0.095835164 -0.06718998 -0.12495895 -0.124335624 0.11394772 -0.061360657 -0.24719694 0.0972454 0.2853444 0.059170265 0.18697385 0.0648502 -0.24957174 0.03532605 -0.07273687 -0.020100791 -0.056823064 -0.0007951504 -0.05776003 0.46830052 -0.20975572 -0.04853557 -0.12357331 -0.17403248 -0.13036445 -0.116489574 -0.12024598 0.033379003 -0.08370423 -0.09447763 0.084814124 0.038029905 -0.023161441 0.114148125 0.09504254 0.25994283 0.013073906 0.09162181 -0.17800671 -0.07041505 0.102193564 0.025209904 0.056946743 -0.02414233 -0.041479636 -0.062221855 -0.0126326615 -0.054806028 0.2283 -0.1208774 0.024352208 0.08842878 0.034732714
FIN -0.060444154 -0.17313549 0.05318256 -0.06151478 -0.0020178203 0.19263645 -0.0970832 0.05118767 -0.07491702 0.14778247 0.14954524 0.014700311 -0.13454214 -0.003648265 -0.051437456 -0.007443415 -0.16608691 -0.023107855 -0.11663625 0.02119532 -0.014198845 -0.0071997624 0.11948243 -0.16358879 -0.22021519 0.085788175 -0.14604744 0.12224146 -0.038052805 -0.13444129 -0.0039160214 -0.10321455 -0.122085474 -0.08804717 0.040390484 0.012662763 0.3916161 -0.050550736 0.19511129 -0.112063855 0.01002228 0.026765741 -0.073790856 -0.15617602 0.31669217 0.24483377 -0.21850516 0.2236053 -0.13470197 0.20814693 -0.06821802 0.048049428 0.025547203 0.15673736 0.021119587 0.0985981 0.19778799 -0.07085177 0.005909359 -0.09012764 0.07248236 -0.17147435 0.15528513 -0.06665029 0.23563878 -0.054193407 0.11392198 0.2249831 -0.030908456 -0.14171281 0.1443761 -0.1461379 -0.042060446 -0.07122544 0.044345263 -0.032293037 0.013534233 0.022321193 -0.043030128 0.14006294 -0.13081044 0.035773538 0.039241385 0.24050292 -0.022284856 0.13296695 0.041397575 -0.07315968 -0.0015687718 0.058847602 0.06255292 0.10031076 0.19897456 -0.053450212 0.25687638 -0.011870994 -0.110304765 -0.09023675 0.114210114 -0.12939492 -0.15364753 0.16189449 -0.28671905 -0.018983608 0.16055802 -0.015603687 -0.0062803924 0.0018218975 0.21760966 -0.2732672 -0.100035734 -0.14269824 -0.058137223 0.012244068 0.04157508 0.094441265 -0.009297522 0.17571959 0.15175416 -0.10377259 0.083094366 0.09162656 -0.10138895 -0.0075825937 -0.21884207 0.13806322 -0.07042758 -0.083076835
ALB -0.08391133 -0.19456235 0.33667213 0.10438196 -0.12419257 0.000446709 -0.30831483 -0.04428358 -0.083674945 0.3243551 0.061809853 0.17731325 -0.11793384 -0.15246458 0.17935477 0.36003503 0.0020674723 0.10342116 -0.022963513 0.05202159 0.123717844 0.2690902 -0.091764085 -0.15226872 -0.06970585 0.04057173 -0.026279908 0.105790436 0.21609671 -0.11172232 -0.16031365 -0.11751305 -0.05707064 0.112877205 0.0779685 0.14619909 0.25688285 0.0025240048 0.03640442 -0.102196656 -0.2108492 0.22871451 -0.1077002 -0.13656215 0.13711701 0.24868411 -0.31704196 -0.06931748 -0.086601846 0.042521235 0.32886156 0.1431257 0.041176114 0.114943534 0.022514336 0.28643498 0.30943704 -0.094932005 -0.036331058 -0.049887653 0.09865721 -0.02892484 0.04530396 0.13155232 0.18562026 -0.15646528 0.25054234 0.08553441 -0.0697677 -0.14993967 0.060275827 0.026524603 -0.32269648 -0.08159831 -0.017111 0.0397796 -0.0032144098 0.062929556 -0.10835762 0.10229303 -0.038792722 -0.1215301 0.029924648 0.21427912 0.0913232 -0.07463732 0.11337628 -0.18957715 0.06886221 -0.050776664 0.023151077 -0.21913168 -0.09523429 -0.08443543 0.35927105 -0.09396387 0.0066121756 -0.10477557 -0.085921854 -0.051382028 -0.014499228 0.09487378 0.061708085 -0.006875301 -0.015429994 0.06542764 0.16936642 0.014232873 0.04968668 -0.08863309 0.22521578 -0.073778294 0.029983249 -0.10740633 -0.05213074 0.18778117 0.010545766 0.03792975 0.05614466 0.022601131 -0.0007592499 0.03809748 0.018143121 0.030371394 -0.13360989 -0.040965818 0.0013074485 -0.1027199
SLV 0.09222779 -0.15376084 -0.023403747 0.370176 0.25339574 -0.086683005 0.06431463 -0.019581918 -0.09408674 -0.083918825 -0.059021592 0.021880234 0.24540955 -0.2877062 0.015983487 -0.11005113 -0.24247365 0.18422233 -0.07314477 -0.04946202 0.17951028 0.0187411 -0.016110491 -0.13403772 -0.21402545 0.16041112 -0.39554328 0.32865533 -0.05917301 -0.06797253 -0.023176383 0.083056055 0.20865072 0.120836064 -0.03835378 -0.16484807 0.029534373 -0.18062863 0.21168642 0.255435 0.028015055 -0.09221778 0.06766303 0.12240554 0.10264673 0.010901277 0.025757063 0.20964795 -0.21277826 0.111391634 0.08559254 0.05771211 -0.03349971 0.21992807 -0.018353159 -0.06714704 0.21916306 -0.114516735 -0.23853245 0.007980546 -0.14623107 -0.12807985 0.6301913 -0.046249676 0.25522804 0.024125464 0.1580361 0.075831294 0.16885906 -0.14821492 0.032996323 -0.15930605 -0.4561404 -0.15111132 -0.0500838 -0.12005092 0.04213439 -0.0019889525 0.066405416 0.25909734 -0.051974025 -0.027068842 0.21672912 0.5247955 0.10936153 0.29459473 -0.001791398 0.0017412502 0.10662862 0.079266205 -0.005518493 0.22891457 0.048642013 -0.05612603 0.14462134 -0.20029522 -0.111184284 -0.28025424 -0.042627357 -0.28753188 -0.104886174 0.036582313 -0.19608532 0.010085608 -0.032852583 -0.18693611 -0.031653047 -0.033117253 0.19644885 0.01992061 0.11866226 -0.34296164 0.18022743 0.011174942 -0.17505072 -0.16924608 0.20090042 0.23519935 0.09344736 -0.40909687 -0.25586626 -0.18925777 -0.07034565 -0.031264838 -0.35447276 0.123926416 -0.18957806 -0.13967977
ANT -0.08573514 -0.10032215 0.18416339 0.14371783 0.13638157 -0.18687855 -0.1766947 -0.058558144 0.1782263 -0.07896185 -0.06339592 -0.04181065 0.107140236 -0.26766834 -0.020743763 -0.0353358 -0.15193436 0.0103295315 0.10711112 0.09904396 0.119312815 -0.18178172 0.034401428 0.069939494 0.01232242 0.0934048 -0.12176975 -0.06701699 0.04870664 -0.14114341 0.01394293 0.04801335 0.10824001 0.20247455 0.06461112 -0.244558 0.09824489 -0.1319283 0.13666764 0.26624048 -0.046743903 0.032600023 -0.059172057 0.04823012 0.245353 0.27215844 -0.031506654 0.12786227 -0.09447014 0.018269747 -0.035090603 0.027077315 -0.097387634 0.32302013 -0.020782242 0.0862314 0.21358347 -0.10428414 -0.17181142 -0.17416431 -0.006847279 -0.04589687 0.41430312 -0.10400964 0.49715632 -0.029438019 0.15530182 0.15970077 0.16963252 -0.36707842 0.0027143443 -0.3127004 -0.4260278 -0.2958294 -0.026127549 -0.018209344 -0.10198301 -0.1507846 -0.112936154 0.2098999 -0.14780216 -0.13260713 0.10673965 0.33661515 -0.10011945 0.08282702 -0.056602784 0.10236697 0.069534816 0.20849842 0.008736941 -0.0411174 0.10336113 0.018661935 0.07277 -0.14044695 -0.0961413 -0.10741272 0.0826766 -0.27513635 -0.13447957 0.20116206 -0.10519898 -0.06946944 -0.055062786 -0.039326962 0.15246883 -0.23204583 0.27240425 -0.14570113 0.10828136 -0.3861804 0.29355234 -0.050759625 -0.10877859 0.0688362 0.1815645 0.2028535 0.22665499 -0.30858287 -0.2598179 -0.11473684 -0.033958975 0.005047107 -0.599042 0.09108395 -0.1244355 -0.28910515
TTO 0.025345825 -0.1020006 -0.038611155 0.33306772 0.10979078 -0.14127052 -0.14235494 0.021199837 0.11521852 -0.14822085 -0.12618427 -0.15907556 0.20827113 -0.3116815 -0.080921546 0.01939283 -0.38108996 0.018088492 -0.00093440217 -0.06475144 0.23548898 -0.076345354 -0.07330573 -0.13792096 -0.024333697 0.15628256 -0.28815883 0.18006918 0.023468794 -0.21966538 -0.006618064 -0.043655936 0.1087672 0.11830054 0.08022566 -0.13032337 0.04761107 -0.2163769 0.19560884 0.34352097 0.09096987 0.04062242 0.03560847 0.08512801 0.12539138 0.20211038 0.0015884582 0.21724878 -0.15456253 -0.016112901 0.14495419 0.11674495 -0.04965467 0.2804133 0.022792129 -0.19367595 0.26718095 -0.2433113 -0.37417072 -0.061673947 -0.068201244 -0.14800683 0.56779015 0.08311192 0.28824016 -0.023959586 0.19360785 0.30582976 0.114868805 -0.32299083 -0.02522824 -0.16385353 -0.58316845 -0.13490748 -0.0979508 -0.26174054 0.012501106 -0.11136337 0.11510062 0.26637107 -0.08619766 -0.19603793 0.1980498 0.28778955 0.1785428 0.23015407 -0.08379525 0.18275116 0.011560199 0.037582967 -0.008976 0.179965 0.05411582 0.07906863 0.15430535 -0.17074995 -0.09526148 -0.23552768 -0.05416136 -0.22756276 -0.10466444 0.060085766 -0.018809408 0.05902633 0.0015657776 -0.32506832 0.17063864 -0.09597652 0.25120127 -0.016380386 0.16749787 -0.20217858 0.21032807 0.10600378 -0.13332807 -0.051613092 0.26632747 0.15227777 0.05687388 -0.34282914 -0.20860109 -0.22349566 -0.018138513 0.010673506 -0.4084884 0.019417366 -0.050011892 -0.23452756
SVN -0.020223768 -0.31251195 0.22319756 -0.057832997 0.047054794 0.26387087 -0.16801846 0.05283136 -0.23990661 0.24095313 0.23940244 0.23383068 -0.21468575 -0.13798177 0.12974958 0.097915165 -0.124790624 0.14414868 -0.11762057 0.12663703 -0.096911885 0.15016375 0.1564585 -0.1974887 -0.38508645 0.17167136 -0.066094644 0.1345457 -0.008132501 -0.11365363 -0.085189804 -0.16193192 0.00083406456 0.04790333 -0.030152703 0.06961449 0.3976954 -0.066791944 0.10978231 -0.13086508 -0.307717 0.15359491 0.004463998 -0.14114955 0.20757195 0.09111833 -0.17718047 0.114461794 -0.13728529 0.14502127 0.1421794 -0.13999672 -0.052266408 0.11449625 -0.03961483 0.2904982 0.2554249 -0.14823131 0.1359217 0.012864511 0.022673324 -0.07643799 -0.11307486 -0.051140096 0.23317356 -0.080676734 0.24521261 0.11365466 -0.11428752 -0.08199416 0.18337867 -0.026452621 -0.059513524 -0.11452908 0.106722414 0.03975174 -0.0124299005 0.07922481 -0.17761397 0.0871982 -0.09330077 0.066768706 0.12690566 0.39438444 -0.17107475 0.1634234 0.04821028 -0.31954625 0.09606657 -0.012870538 0.11316316 -0.009703732 0.14626911 -0.12471889 0.35123664 -0.08672669 -0.07963746 -0.029372796 0.03096158 -0.059009194 -0.08573164 0.021415533 -0.20080198 -0.0623202 0.05165937 0.05179423 -0.05692453 0.12947273 0.048016973 -0.28378698 -0.08767537 -0.20663066 -0.036930412 -0.08947933 0.042952944 0.12540591 0.04073578 0.15406168 0.12245239 -0.061047394 0.1268948 0.099914595 -0.21991314 0.06138048 -0.26359817 0.22862425 -0.15711555 -0.07049472
GRL -0.082323045 -0.2317515 0.1497664 0.07832701 0.13525325 0.26272282 -0.04798313 -0.0024870725 -0.09721411 0.1425875 0.26464778 0.018743321 -0.16151756 0.037986264 0.08633331 -0.08251537 0.03611863 -0.18482333 -0.148193 -0.14573127 -0.021560362 -0.052691605 0.17533661 0.12298981 -0.09620607 -0.00026755748 -0.17833422 0.07811354 -0.03188586 -0.15297347 -0.0044098934 0.04282841 -0.05941691 -0.05230374 0.15752696 -0.0051871017 0.4395133 -0.10493259 0.25858587 -0.1162055 0.16202949 0.0021437916 -0.14523402 -0.11347922 0.3628202 0.13536917 -0.19139564 0.31174645 -0.20616071 0.31726298 -0.15538964 0.27984264 0.09866821 0.17370848 -0.08645105 0.1149858 0.1941838 0.013416087 -0.050912086 -0.13988708 0.05930419 -0.26129478 0.5410369 -0.09538129 0.25972986 -0.08242596 0.119785525 0.2525468 0.19822787 -0.12231118 0.1255489 -0.25933126 -0.018457446 -0.00541378 0.025462475 0.07583796 0.049034882 0.016422777 0.10531234 0.23198193 -0.17233725 -0.026512275 -0.08380607 0.30519688 -0.10545824 0.10094645 0.09968373 -0.118872814 -0.063663594 0.21528429 0.10300311 0.18531436 0.25705755 -0.12366306 0.20962514 -0.07929526 -0.17711994 -0.15943472 0.12834466 -0.2639318 -0.25974518 0.17733444 -0.41988543 -0.16107185 0.1583176 0.046184253 -0.00097474107 0.014240585 0.2576844 -0.16113949 -0.105401754 -0.30693722 -0.119581066 0.010166191 -0.051257446 -0.0029904214 0.0011220027 0.24536812 0.30768317 -0.15658881 -0.026917143 0.013808372 -0.0990024 -0.014881596 -0.3011162 0.034865066 -0.17327073 0.065786436
CUB -0.039666668 -0.13665405 0.10598545 0.17377366 0.04978382 -0.0712384 -0.023876058 0.011253141 -0.02796793 0.11626854 -0.083553925 0.014154422 0.0069749826 -0.10447922 -0.021196457 0.023673143 0.051079575 0.06825678 -0.1095105 0.0122646345 0.14542249 0.09389398 -0.009402046 -0.05073605 -0.20112179 0.12736192 -0.18973328 0.16669527 -0.040893663 -0.13959451 -0.032368448 0.037360325 0.024930399 0.08083722 -0.09571584 -0.08584426 0.18899316 -0.11408091 0.1666702 0.013781303 -0.024072034 -0.0063900473 -0.030345699 0.050286908 0.2677683 0.31016248 -0.24195345 0.25973275 -0.22017454 0.07667162 -0.11999474 0.010804081 0.22879465 0.1888616 0.036646333 0.0855942 0.22586903 -0.035359673 -0.09593586 -0.10781727 -0.0061087958 -0.011695051 0.4330509 -0.085505925 0.4150417 -0.1206607 0.006660675 0.027265972 0.123922296 -0.12481519 0.1035473 -0.21347317 -0.38486207 -0.18960318 -0.15141624 0.04012209 -0.10335756 0.11355119 -0.08778516 0.35021126 -0.06841986 -0.004451026 0.15158285 0.34333152 0.109107986 0.0049064737 0.036750432 -0.06725666 0.12689538 0.07672047 0.035806756 0.014092564 0.037521776 0.007681986 0.13348876 -0.0041306135 -0.08317991 -0.13663933 0.08989339 -0.31153643 -0.13598402 0.14688484 -0.28698418 -0.042928252 -0.12155927 -0.05243556 0.0041590966 0.088680096 0.13346463 -0.14726382 0.13131142 -0.34116018 0.19124629 -0.021560367 -0.1067089 -0.11777269 0.1571362 0.32837638 0.17394558 -0.35521057 -0.17204516 -0.14412667 -0.10052556 -0.13265781 -0.33762914 0.026192827 -0.065844424 -0.09876162
VGB -0.13285236 -0.29478818 0.19619213 0.17879574 -0.10032369 0.26992318 -0.23953916 0.052612096 -0.16997704 0.48963144 -0.060290225 -0.04206081 -0.21158633 -0.18188284 0.047280487 0.31730908 -0.12328171 0.0017492562 -0.011889365 -0.03453433 -0.0057674786 0.3348819 0.0196081 -0.09137414 -0.1911274 0.080392726 -0.10899024 0.09055203 -0.01782366 -0.22997236 -0.04958372 -0.103226505 -0.35505894 -0.175824 -0.06305363 0.17592148 0.45797247 -0.05229028 0.2743181 -0.2948039 0.09824089 -0.09297674 -0.07320375 -0.072159335 0.27991325 0.5184274 -0.44241685 0.2912212 -0.22029272 0.07329539 -0.12807453 0.20146194 0.27305293 0.13275586 0.24136832 0.20791766 0.29181924 -0.0015211137 0.005462626 -0.20208253 0.20778741 -0.21520932 0.2359047 0.08218529 0.25997385 -0.14396578 0.17568395 0.15540913 -0.042111255 -0.16954936 0.0036632793 -0.09152647 -0.2192199 0.031317685 -0.2211934 0.04463255 0.0043745064 0.09648714 0.20587511 0.34185964 -0.21421295 0.12323499 -0.09591047 0.33907646 0.15676256 0.056500856 0.13449796 0.06353713 -0.037536524 -0.058020778 0.041912876 0.041298166 0.09473385 0.000658559 0.3471858 0.15037392 -0.16516578 -0.1029927 0.100993775 -0.024370944 -0.026627237 0.2631418 -0.27134192 -0.010629024 0.14011998 -0.070219204 0.17282121 0.14647889 0.16623282 -0.26885873 0.042651802 -0.15663116 -0.095449895 0.0689985 0.043453295 -0.0048407093 -0.037209872 0.27692822 0.0874087 -0.09986796 0.15071847 -0.030368 -0.04657117 -0.17182878 -0.20577902 -0.07170043 0.018019807 -0.040349226
MAR 0.004609931 -0.27862486 0.35830584 0.08849965 0.07266995 0.100252904 -0.13976644 0.031271067 -0.25826594 0.1330274 0.26912338 0.094630286 -0.059346855 -0.24356997 0.2022697 0.2171381 -0.15053028 0.13927363 0.00109343 0.07995955 -0.04713094 0.14634165 -0.080431394 -0.14136513 -0.14144051 0.022900283 -0.004609919 0.21825173 0.05248592 -0.034858108 -0.03289662 -0.118482344 0.07017934 0.103723444 0.04673795 -0.062074203 0.31876364 0.014034736 0.03145205 0.03730659 -0.20995231 0.18743217 0.007091859 -0.14097233 0.011591367 -0.01638218 -0.029409919 -0.07711898 -0.0890635 0.05919591 0.43638662 0.018670263 -0.14293367 0.073336594 -0.076839134 0.13472313 0.2499803 -0.22530183 -0.13160379 0.0068706493 -0.016619755 -0.10187958 -0.055079233 0.086939014 0.0022724613 -0.017263152 0.17754166 0.123097435 -0.19046019 -0.11469452 0.072565824 0.031027744 -0.17473435 0.008542408 0.114140265 -0.08253708 -0.031274997 -0.11440269 -0.070529416 -0.0002032466 -0.052898757 -0.123515226 0.13769771 0.26720998 -0.038199674 0.28152153 0.02159216 -0.15389316 -0.012543868 0.023370923 -0.03412155 0.008001516 0.06568743 -0.0837267 0.34421307 -0.08717399 -0.05328381 -0.14254057 -0.023634363 -0.10071057 -0.05157112 -0.0034957554 -0.026215067 -0.079115 0.08376358 -0.06928374 0.09953251 -0.05365843 0.10501167 -0.110076845 0.14538285 -0.02469547 0.0242385 -0.0629244 0.12616304 0.13749537 0.016729856 -0.030305386 -0.024265891 -0.03906043 0.053180385 0.009930826 -0.08102037 0.16109918 -0.13434123 0.13069163 0.002606601 -0.104320355
TUN 0.11829146 -0.29706922 0.29406726 0.16588402 0.1633263 0.2901733 -0.16255186 0.034095243 -0.3101723 0.1395415 0.22550586 0.23015153 -0.009186969 -0.2589565 0.2471199 0.111165226 -0.11357481 0.09067709 -0.1252829 0.032366328 -0.06287933 0.13966838 0.048528075 0.0023593921 -0.29451007 0.19630684 -0.012210176 0.19933277 0.0033269068 -0.090327844 -0.12582822 -0.090757236 0.08209058 0.1441109 0.07172961 -0.01783556 0.34875703 -0.03858249 0.14711973 -0.02755553 -0.3157102 0.21243435 0.0076872534 -0.11926757 0.07376904 -0.1542939 -0.009427787 0.07817746 -0.22812088 0.096535996 0.4468956 -0.04297321 -0.20246848 0.11816056 -0.14705896 0.20587844 0.28662935 -0.2796465 -0.07557568 -0.045603592 -0.08001167 -0.13796951 0.047735576 0.05253387 0.036455534 -0.05129566 0.2999033 0.114048176 -0.07226707 -0.09160659 0.08783057 0.08393978 -0.078196585 0.007406025 0.08482405 0.05596239 0.030289505 0.022889182 -0.053447373 0.028383007 -0.0385664 0.0136765335 0.22838706 0.32231325 -0.22409648 0.22091092 0.0028288143 -0.28006032 0.032846548 0.012700303 0.038657255 0.032591224 0.05119042 -0.2195309 0.36348683 -0.15265404 -0.10059027 -0.13235755 0.0051323227 -0.10273483 -0.07914849 0.01970161 -0.14357819 -0.115372 0.124015786 -0.076412775 0.04595951 0.099972576 0.09996372 -0.13082547 0.007817185 -0.20111024 -0.0945196 -0.09158869 0.17252792 0.172082 0.043000847 0.057839 0.055234183 -0.11069698 0.069863044 0.0022097474 -0.16580132 0.15640159 -0.18310083 0.20044705 -0.18686019 -0.075449795
BGD -0.13850081 -0.2947791 0.40178943 0.025754701 0.054749046 -0.017071698 0.09011764 0.0019745657 -0.36329964 0.029821128 0.40028784 0.075185925 -0.118373275 -0.00392642 0.24685761 0.05647807 0.08599916 0.17880516 -0.061662063 -0.013385523 -0.043451805 0.18257673 -0.16931209 -0.059370775 0.047742765 -0.15375932 -0.102650695 0.25655538 0.12520112 0.05079035 0.013816874 0.03659842 0.13501628 0.12869596 0.12000639 -0.061738297 0.4416398 0.09387486 -0.03556162 0.059219718 0.011113422 0.24708226 0.059387445 -0.058805335 -0.1079246 0.036366805 -0.14416759 -0.1575148 0.029774074 0.12557025 0.45777926 0.19816676 0.027150586 0.061473288 -0.17461203 0.14136793 0.2892664 -0.14518638 -0.050616223 0.07429702 0.07472287 -0.21393722 0.22196333 0.057617728 0.035236586 -0.016175592 -0.023360545 0.13410184 -0.11540249 -0.11470675 0.16846655 -0.1657029 -0.3210127 0.007386676 0.28119117 -0.15215206 -0.06956705 -0.2734442 -0.1304884 0.07732415 -0.037008658 -0.30396554 0.046913292 0.283802 0.008897467 0.3644349 0.064932205 -0.18358631 -0.12114874 0.14029479 -0.10354313 0.09677062 0.18231279 -0.02715221 0.40575773 -0.14133184 -0.15745193 -0.21545085 -0.09970695 -0.25801015 -0.21734051 -0.03706906 -0.052925214 -0.08461838 0.052481435 0.085258864 0.02989594 -0.1690969 0.14407183 0.049995054 0.21912973 -0.0064739618 0.070855655 -0.06464864 -0.02986206 0.011446182 -0.036157347 0.023538174 0.0649585 -0.07358481 -0.04685448 -0.00446049 0.0125998575 0.25359446 -0.1173709 0.023697263 0.09786296 0.10695878
LKA -0.09773689 -0.21458298 0.56499344 -0.14985907 -0.14077593 -0.19721383 -0.07519776 -0.0017808543 -0.0107685495 0.27036622 0.093532324 0.10033977 -0.40889752 0.16148765 0.21427266 0.18296856 -0.0198854 0.33674738 -0.00057845213 0.13401829 0.11819982 0.31972075 -0.11650116 -0.3707058 -0.03046949 -0.21834968 -0.08791766 0.33965218 0.1709171 0.19048105 0.12688142 0.00047804374 -0.053133972 0.06091714 -0.07037433 -0.01786842 0.21717475 0.08272727 -0.14214593 -0.17205165 -0.08282921 0.25930658 -0.07808503 -0.044034325 -0.0169545 0.32044762 -0.3360809 -0.14315116 0.011632003 0.11664168 -0.010950467 0.21655105 0.11097179 0.025068361 0.033725224 0.27457803 0.25209624 0.30196598 0.16025521 0.0203935 0.07452887 -0.063114904 0.06401722 -0.049633387 0.3802153 -0.05851023 -0.10222003 -0.070009746 -0.120409146 -0.029249214 0.13915862 -0.1656639 -0.3932475 -0.12688854 0.12754443 -0.22313882 -0.06539481 -0.046320245 -0.3133957 0.14924605 -0.07352867 -0.21944118 -0.04697899 0.40009034 0.20872326 0.2121572 0.269088 -0.22112632 -0.10444016 0.20633894 -0.1621442 -0.14526263 0.06082054 0.07597288 0.4624678 0.042630438 -0.044318028 -0.29067606 -0.10921911 -0.18080115 -0.13252097 0.24989711 0.04097536 0.13540159 -0.0039670537 0.14644909 0.063557155 -0.09882143 0.0123209 -0.08806441 0.2408817 -0.111407235 0.0036451686 -0.015637113 -0.1757378 0.021159787 -0.053525206 0.15708472 0.122424714 -0.060708705 -0.052895032 -0.026641855 0.14832395 -0.0909171 -0.22455731 -0.01998441 -0.0998433 0.14162795
MMR -0.19689772 -0.1646854 0.70646685 -0.1216785 -0.027773963 -0.27014634 -0.08399377 -0.06863615 0.033100806 0.2069091 0.12365655 -0.01636053 -0.23679176 0.025118923 0.2666383 0.08472247 0.023165094 0.19660978 0.22979838 0.121101305 -0.002151538 0.060760785 -0.11023693 0.047889616 0.22956456 -0.31083542 0.017362585 0.13186285 0.17566788 0.23765169 0.2076166 0.115913704 -0.06974646 0.09052231 0.038975734 -0.2567543 0.37027305 0.12323199 0.017011017 -0.011088648 -0.01407767 0.20796676 -0.13205454 -0.026401449 0.018284867 0.37324697 -0.23832467 -0.12867565 0.101662345 0.14333157 0.013054343 0.3353549 -0.093323044 0.10372917 -0.0038185522 0.24783954 0.19889674 0.30739447 0.07977581 -0.12654315 0.111095585 -0.14685005 0.16898128 -0.11587207 0.3438465 0.03775818 -0.10604758 -0.064081475 -0.018105745 -0.12705514 0.050495308 -0.26042053 -0.28606343 -0.10558351 0.20384261 -0.12564932 -0.075646766 -0.31440723 -0.22115514 0.076473534 -0.14629091 -0.28440234 -0.152497 0.33964184 -0.026035683 0.30775118 0.17934914 -0.075662285 -0.2230238 0.43145728 -0.17689225 -0.07952548 0.1529429 0.069958605 0.3127951 0.023852952 -0.18246616 -0.25912267 -0.009494757 -0.21938364 -0.18883151 0.4055606 0.021363145 0.030021831 0.07660019 0.16924891 0.21078864 -0.40542912 0.18052092 -0.056716256 0.2246208 -0.21558687 0.05622116 -0.074813694 -0.09638245 0.10811666 -0.12387895 0.09368971 0.17386048 -0.100622505 -0.19569913 -0.0342977 0.2152799 0.022629512 -0.3033661 -0.002416066 -0.11144465 0.09140143
MDA -0.14691725 -0.2614175 0.5914701 -0.035251603 -0.06267761 -0.05557505 -0.18990475 -0.011600619 -0.04160472 0.4125211 0.058533937 -0.001510458 -0.2216191 -0.15202895 0.21546678 0.1778922 -0.09386533 0.1389546 0.25453573 0.11534886 -0.06911462 0.12683909 0.011393147 0.0069142384 0.038095802 -0.16469795 0.037406735 0.0511269 0.059537645 0.086919665 0.18654883 0.029201446 -0.27402487 -0.05867178 -0.10945302 -0.1526331 0.40279913 0.0663518 0.2137328 -0.13453141 -0.02248666 0.034816563 -0.12843029 -0.019965004 0.17333238 0.4530177 -0.31978396 0.09490962 0.004544871 0.12693965 -0.15339063 0.2031466 -0.046576407 0.13859166 0.16442099 0.2742688 0.18107209 0.24283965 0.1292807 -0.20830406 0.15941563 -0.1360599 0.10048632 -0.085407265 0.38037977 -0.0197579 -0.02215723 -0.039133858 -0.01880814 -0.121832415 0.0026861879 -0.20251513 -0.15399835 -0.09568836 0.050311603 -0.0018778564 -0.04001652 -0.15082555 -0.02353904 0.20213696 -0.20687185 -0.031875648 -0.1795745 0.36260977 -0.06655906 0.22840108 0.17425631 -0.0035812764 -0.15339483 0.29799467 -0.11305439 -0.05691073 0.14655268 0.035197053 0.24817804 0.13785033 -0.18232591 -0.18109709 0.06669368 -0.059572853 -0.11638381 0.4315215 -0.13595612 0.00063330436 0.08191952 0.12735313 0.22211803 -0.21364793 0.15680967 -0.17827931 0.10821529 -0.26355925 -0.03186962 -0.0055667395 -0.013728725 0.065729246 -0.12890638 0.1509315 0.14387378 -0.06046342 -0.08000328 -0.015538823 0.13162546 -0.13206096 -0.28867713 -0.03645982 -0.1409933 0.017836541
BMU 0.07911598 -0.20942304 0.22742647 0.21634398 -0.024136871 0.13784708 -0.17616183 0.0092018265 -0.21103199 0.3166274 0.04813498 0.03255606 0.07050827 -0.36516526 0.11350534 0.25409183 -0.24434009 0.13061963 0.062316835 0.057293907 -0.050103467 0.19404241 -0.018876016 -0.16201574 -0.18065217 0.08760463 -0.04772752 0.17489555 -0.04753192 -0.10736937 0.046272475 -0.1108652 -0.15741637 -0.09588964 -0.16342922 -0.069804035 0.24722032 0.03218179 0.23711902 -0.053830776 -0.0841759 -0.056551974 -0.016907038 -0.085312344 0.13955632 0.17233533 -0.16710046 0.12584658 -0.14046803 0.09294187 0.15537445 -0.033127632 -0.08533963 0.13677251 0.114389874 0.062228095 0.22212437 -0.17463015 -0.1474062 -0.13247848 0.03254091 -0.0939879 0.034723926 0.047222164 0.08985532 -0.07203659 0.17945388 0.10873233 -0.100696795 -0.11802567 0.006937219 -0.003082368 -0.19785966 -0.03937145 -0.013042118 0.027954893 -0.012590932 0.0036549852 0.083880655 0.12859309 -0.12768716 0.044088177 0.0983951 0.29333284 -0.014464075 0.1904062 0.051132876 0.010533361 0.037292305 0.08773293 -0.040164366 0.050444644 0.032045618 -0.039136685 0.23455223 -0.005443959 -0.053273566 -0.17951441 0.00355651 0.00948436 -0.031869885 0.16377077 -0.12542368 -0.047800843 0.044565637 -0.06936367 0.13291587 -0.029875476 0.14107066 -0.087642096 0.09618136 -0.10506806 0.059901096 0.008132493 0.14181995 0.05457679 -0.057781614 0.09746736 -0.0014213226 -0.09558658 0.04108859 0.023218103 -0.013871629 -0.09755367 -0.15612991 0.0054683974 -0.05470056 -0.1626116
GEO 0.13091488 -0.18724744 0.3864466 0.03726593 0.07512301 0.057825968 -0.12806362 0.074638315 -0.18500972 0.5791494 0.20078997 -0.051134493 -0.060379587 -0.07413143 -0.079103306 0.34861735 -0.4006123 0.03662124 0.03220435 0.04270501 0.03637438 0.17399502 0.0005781352 -0.26904044 -0.2809 0.22825336 -0.19028993 0.29995757 -0.17355901 -0.31929114 0.20900239 -0.120497145 -0.31216016 -0.291051 -0.33553925 0.0022086643 0.2393242 0.016769461 0.18956876 -0.17181592 -0.0417539 0.16995808 -0.21638551 0.018305255 0.35184023 0.49821785 -0.6408827 0.47457805 -0.3095396 0.2348827 -0.2894416 0.11364352 0.1907468 0.27033266 0.4817678 -0.03981787 0.33306453 -0.10513496 -0.21894519 -0.07703416 -0.023387196 -0.14618409 0.26766825 -0.03430811 0.48002574 -0.14061156 0.0034003868 0.18386559 -0.112708576 -0.07312755 0.1175582 -0.11255946 -0.3307048 -0.29660398 -0.09644512 -0.2229227 -0.12180154 0.09473689 -0.10792578 0.19938271 -0.11329472 0.13496193 0.025219306 0.24675454 0.19619793 0.033559047 0.25272247 -0.055404134 -0.107724175 0.3650934 -0.07520838 0.18704769 0.1296172 -0.05752059 0.37389544 0.18836568 -0.0024392009 -0.28369924 0.15485963 0.10532037 -0.1913109 0.42769775 -0.29847446 -0.03411031 -0.13154548 -0.17412403 -0.09700559 0.24103141 -0.025606573 -0.14726122 0.06972923 -0.3594425 -0.023637226 -0.15190975 0.048856463 0.00026542123 0.0009961379 0.33180186 -0.035827976 -0.05769031 -0.011931384 -0.14432412 0.00049670675 -0.4582177 -0.120472 -0.1283301 -0.22677393 -0.012850801
DOM -0.055420965 -0.10494042 0.05263246 0.15418535 0.12119112 -0.12481769 -0.05510561 0.0077157184 0.01423766 -0.088506356 0.0549267 -0.005455068 0.054847118 -0.10174104 -0.029445842 -0.011372289 -0.017401982 -0.045829687 -0.1318805 0.0011511095 0.17560539 -0.0793928 -0.020629505 -0.06052413 -0.086967215 0.10787851 -0.14942458 0.10823004 0.05545178 -0.19502738 -0.06776467 -0.0047856355 0.1441973 0.18477714 0.08576657 -0.11245406 0.15012422 -0.10773617 0.025548458 0.17687446 -0.017011274 0.13382983 -0.038061455 0.015768627 0.22152376 0.14490226 -0.11604369 0.12856333 -0.17343281 0.057646874 0.09140668 0.046317793 0.09255482 0.25411823 -0.07581766 0.039953623 0.26842046 -0.21463476 -0.20826012 -0.05944292 0.021876417 -0.049514033 0.49553132 -0.029194057 0.35015112 -0.115357265 0.030459736 0.2240152 0.10774247 -0.26347822 0.1372114 -0.24881248 -0.46217456 -0.20708467 -0.018164955 -0.07224666 -0.089818425 -0.031055028 -0.11788828 0.29867092 -0.037452497 -0.18601424 0.15435676 0.24486472 0.06183849 0.048413575 -0.05385439 -0.029580723 0.119892865 0.07028049 0.04317316 0.047811035 0.0825383 0.0048487703 0.12843888 -0.13854323 -0.08962677 -0.156092 0.06375115 -0.34302697 -0.2165654 0.046162385 -0.19107112 -0.11136494 -0.092112444 -0.07134339 0.047605794 -0.038116544 0.20887214 -0.11834012 0.15323606 -0.23794433 0.21557029 -0.047387447 -0.086717665 -0.0036439465 0.23383778 0.2467581 0.20707637 -0.30698746 -0.18310046 -0.105733715 -0.1097626 0.0151503915 -0.38762036 0.028825803 0.0011502337 -0.16518226
SVK 0.07754897 -0.26306888 0.10276217 0.033960566 -0.081896216 0.19604209 -0.2551106 0.12438675 -0.050578527 0.35690546 0.011335518 -0.10327007 -0.13948879 -0.298254 -0.056872055 0.1481404 -0.3510785 0.12544413 0.018396396 0.105644174 -0.014221757 0.13195862 0.112617545 -0.36191407 -0.326617 0.06988735 0.0046956497 0.14572798 -0.17581336 -0.040293004 0.10879162 -0.17374547 -0.24939561 -0.20585926 -0.37588033 -0.012072581 0.28427845 -0.07929656 0.3261278 -0.060036596 -0.062494427 -0.19146772 -0.008230457 -0.058858737 0.33673772 0.4138132 -0.21002579 0.31028575 -0.11385447 0.1409378 -0.13480738 -0.14114374 -0.0066465437 0.091837175 0.12215132 0.022061579 0.15905619 0.0011702118 -0.03012175 -0.11855177 0.021012606 -0.07781679 -0.05775116 -0.09717055 0.28755385 -0.05813151 0.04058072 0.07620066 -0.23105966 -0.14725403 0.1304117 -0.10195162 -0.15591216 -0.109943725 -0.044055026 -0.14782856 -0.09168104 0.009356177 0.027599268 0.33572876 -0.14303418 0.12266971 0.12512128 0.39974672 0.09811255 0.33644676 0.06719525 -0.010363296 0.11895415 -0.054303586 -0.06497692 0.0145631945 0.19707058 0.14877295 0.28085682 0.1606121 -0.048109684 -0.1150085 0.025896497 -0.108064935 -0.07171545 0.15333766 -0.22029564 0.1261896 0.06101884 -0.12553295 0.116850965 -0.01074078 0.121889494 -0.30597538 0.0044525485 -0.07994631 0.069614045 0.1378885 0.07496709 -0.11710402 0.0007962154 0.27974048 0.043658555 -0.22838347 0.16404548 0.043512624 -0.18219052 -0.18577899 -0.29933316 0.111933544 -0.11787739 -0.20554367
OMN -0.0729948 -0.27276254 0.29940754 -0.15605864 0.08662135 -0.13037325 -0.063479245 0.09018899 0.0884264 -0.11560566 0.53151584 0.04058269 -0.39527518 0.07973049 0.1585834 0.13043511 -0.53397024 0.096577436 -0.097152494 -0.07705117 0.12105412 -0.09775803 -0.0965748 -0.48302835 0.05954913 -0.33428738 -0.06705042 0.5057432 0.14528525 0.1131927 0.14651078 -0.21850392 0.10380444 -0.041124135 0.18047403 -0.1508451 0.17981371 -0.03364741 -0.29005286 0.014931099 0.22289586 0.19452877 -0.22273754 -0.14526103 0.021458572 -0.03782252 0.11856869 -0.17700747 0.07350908 0.24098454 0.19294597 0.48556465 -0.13153043 0.10898396 -0.12293751 0.09041429 0.32826835 0.10794102 -0.163975 0.114234224 -0.07721224 -0.15308724 0.32646596 0.1631254 -0.0744879 0.1429711 -0.03272852 0.51980376 -0.13772738 0.006077157 0.063569605 -0.24087995 -0.11463599 -0.04842354 0.16564573 -0.42587566 0.14947887 -0.27863914 -0.039329518 -0.004997293 0.12412148 -0.36926776 -0.08827844 0.18374224 0.2420362 0.32011253 0.17365162 -0.016882988 -0.22450422 0.18280132 -0.20093441 0.07985619 0.3051077 -0.1438418 0.28091213 -0.005020842 -0.014945311 -0.4295391 0.060432848 -0.4373154 -0.17760488 0.13048951 -0.14402583 -0.004696209 0.4574325 -0.025792375 0.20653424 -0.2682714 0.16774666 -0.25575188 0.33796337 0.035768706 -0.2205414 0.15986076 -0.014883256 0.097029865 -0.071452305 -0.19394386 0.19614404 0.00836306 -0.07226245 0.107292354 0.16722012 0.18439475 -0.08465828 -0.036280688 0.1321204 -0.049324747
GHA 0.13448375 -0.12634194 0.213557 0.21499418 0.007815001 0.05741293 -0.27281338 -0.07474323 0.036326025 0.08664188 0.00491923 0.11635687 0.15073837 -0.44916853 0.17212597 0.15295996 -0.40079045 0.19242145 0.12981632 0.13454542 -0.009831912 -0.029885702 0.022851722 -0.22187276 -0.10874493 0.060283463 -0.06714157 0.0929872 0.031690013 -0.004034357 0.08476766 -0.1054785 -0.03035397 0.022761887 -0.07460877 -0.21846126 0.06668733 0.041351054 0.17357586 0.07550375 -0.19056082 -0.026921395 -0.060400452 -0.14361306 0.110124536 0.007570906 0.06941407 -0.043751262 -0.042709827 0.09015506 0.21195272 -0.13511352 -0.39877757 0.22975732 -0.029816791 0.04713316 0.14867269 -0.20983711 -0.21548384 -0.17082456 -0.038132086 -0.003530474 -0.0056062425 -0.009011607 0.14951874 -0.013480464 0.31745696 0.18617499 -0.009238874 -0.22762205 -0.044964936 -0.069787614 -0.25529963 -0.1285661 0.11180045 0.04589939 0.010639726 -0.05711812 -0.036005035 -0.015814727 -0.1681162 -0.04859049 0.13744467 0.36120176 -0.17845358 0.22677165 0.022867195 0.07485164 0.07948913 0.2062164 -0.047606494 -0.04892735 -0.0021197863 -0.08660656 0.20218743 -0.21644296 0.012366952 -0.2567089 -0.0060044704 -0.056261156 -0.025757156 0.17261963 0.057072908 -0.04755656 0.069919944 -0.021751221 0.1958535 -0.30737922 0.30501744 -0.06346609 0.10805131 -0.19480954 0.18680844 0.024868641 0.11635026 0.19553286 -0.06307197 -0.013633363 0.11062747 -0.13072394 -0.0329579 0.098427564 0.053189445 -0.006524237 -0.43466902 0.104177065 -0.1770607 -0.3582418
PRY 0.07812191 -0.010972431 -0.081507765 0.2450212 0.14459959 0.1449499 -0.19323863 -0.014849141 0.056835603 0.05365151 0.19490077 0.058034044 0.16442423 -0.32974 0.0074468814 0.15552114 -0.5127511 -0.032675877 0.010518488 -0.03915979 0.085178584 -0.12462018 0.019892957 -0.40911314 -0.17247717 0.09936125 -0.20126662 0.2739997 -0.02082321 -0.07583288 -0.01931624 -0.17445488 -0.018740604 -0.105425276 0.11481289 0.013909794 0.0074390722 -0.048981503 0.05972014 0.043483082 0.06628205 0.009036668 -0.1160355 -0.23008281 0.214213 -0.13148102 0.028952688 0.08021276 -0.11524197 0.18325606 0.21393566 0.11545817 -0.28258708 0.18771814 -0.0046636523 -0.103723146 0.1477435 -0.19186246 -0.29369208 -0.021634586 -0.06368717 -0.095093615 0.17260543 0.08119577 -0.04735595 0.017965427 0.2829866 0.49955815 -0.08301227 -0.12970605 0.0046408894 -0.093589276 -0.118724816 -0.078039 0.07759641 -0.15469277 0.21335813 0.014188188 0.1281553 0.04111605 -0.12681936 -0.11739205 0.02023423 0.28602934 0.09258622 0.16631073 0.078553215 0.059071008 0.054593567 0.044154797 -0.010597137 0.13349248 0.12782641 -0.20959264 0.2161236 -0.24738988 -0.011251386 -0.41017902 0.022854012 -0.11328958 -0.11499695 0.038513336 -0.11539548 -0.04357002 0.21090508 -0.1546189 0.14931507 -0.22908208 0.29844117 -0.18177825 0.10189804 -0.0041171126 -0.049971752 -0.0065206387 0.07398587 0.13053976 -0.043714028 -0.07079598 0.11517448 0.004218835 -0.01120828 0.115857586 0.0397265 0.036684666 -0.16368328 0.034278937 -0.019459002 -0.31900322
DMA -0.15507138 -0.34283808 0.18106411 0.32156774 0.011491583 0.09092507 -0.005648256 0.053338163 -0.2684123 0.22702634 -0.14276846 -0.105131865 -0.11279477 -0.18123502 0.09083294 0.18337935 0.028560806 0.06890792 -0.049253207 -0.10959859 0.08609838 0.36948648 -0.13200206 -0.033844143 -0.09674719 0.034780834 -0.18335378 0.18383634 -0.025503825 -0.09198931 -0.038502254 0.081694916 -0.13771506 -0.01513458 -0.05094251 0.1154556 0.3592905 -0.07654763 0.2159244 -0.06402567 0.15090762 -0.04877756 0.08566589 0.10961784 0.046260588 0.4056694 -0.28086182 0.18320413 -0.17492338 -0.057741296 0.01294268 0.20236151 0.3621733 0.101457074 0.12867257 0.08550896 0.31996045 0.016378578 -0.06082299 -0.07574349 0.1614985 -0.25577405 0.49461192 0.095628664 0.1808983 -0.08770208 0.005675057 -0.020818878 0.0014151873 -0.10727163 -0.0046746046 -0.10834415 -0.38741678 0.106840596 -0.23279111 -0.09106946 -0.039094117 0.020014325 0.24730255 0.36067024 -0.09574907 -0.002804949 -0.042402796 0.39341405 0.26338452 0.23761 0.08077945 0.07423641 -0.044576652 -0.11672434 -0.029778026 0.15607515 0.016132766 0.1037233 0.22534318 0.120821945 -0.19766535 -0.13254371 -0.042059246 -0.16888526 -0.022850657 0.08380651 -0.19769482 0.066627204 0.027638886 -0.11400268 0.12497068 0.13086139 0.12490939 -0.032731768 0.16757315 -0.11611398 -0.0014092877 0.11673618 -0.12455566 -0.23102736 0.07192634 0.2767945 -0.021044523 -0.2480204 -0.0116163995 -0.22896338 0.016243707 -0.08185598 -0.16944624 -0.1252721 0.034011215 0.13035113
MLT 0.09032917 -0.13432924 0.1924446 0.098177195 0.07928208 0.19191948 -0.14031118 -0.05453888 -0.14240304 0.08388078 0.166599 0.07850185 0.1288917 -0.28875226 0.15242398 0.035055593 -0.2375515 0.057121705 0.0020143203 0.008519112 -0.073289245 -0.047245953 0.077429615 -0.017126754 -0.13654359 0.1129169 -0.04195058 0.122118354 -0.009659455 -0.07293094 0.022161 -0.056743193 -0.03616164 0.00036171573 0.014834557 -0.12376865 0.28656295 0.026296856 0.23370278 0.028019197 -0.13576101 0.059689358 -0.04716525 -0.13511929 0.12495688 -0.029907562 0.021676835 0.08538839 -0.12100368 0.19042297 0.2454359 0.010731721 -0.2930411 0.20871866 -0.06740772 0.020331807 0.19620125 -0.23457801 -0.17378122 -0.12957528 -0.02395774 -0.18329461 0.13166079 -0.025371509 0.09016685 0.0005162237 0.2879374 0.19487171 -0.0012919477 -0.1524538 0.03844354 -0.0074913213 -0.09922051 -0.02133119 0.1773714 0.008424878 0.057447948 -0.0660908 0.03890476 0.014008726 -0.13545682 -0.025755228 0.16238338 0.3065365 -0.19245005 0.28642163 -0.03246439 -0.06396927 -0.006212716 0.18220806 0.021439707 0.12915792 0.13306265 -0.13381691 0.27263856 -0.1681989 -0.12546954 -0.19633031 0.010294775 -0.04758725 -0.13676593 0.16334361 -0.13379252 -0.06623769 0.1360417 -0.06323009 0.07713845 -0.15539415 0.2689948 -0.09912651 -0.017089458 -0.17577276 -0.0047128815 -0.037390616 0.14321172 0.162103 -0.016142612 0.050985612 0.08696448 -0.1115624 0.012694381 0.06672917 -0.04458143 0.052751753 -0.21976653 0.10914352 -0.23546575 -0.13295484
MDG -0.08508344 -0.20965193 0.07330803 0.025644284 -0.03149217 0.18704824 -0.105718374 -0.02061566 -0.21637265 0.16168809 0.3179256 0.15716717 -0.17081344 -0.018984996 0.073547915 0.11495838 -0.11439403 0.10267072 -0.11340206 -0.027084164 -0.023711003 0.1797535 0.06644684 -0.25139776 -0.20003587 0.039336354 -0.19285631 0.16695863 0.05909532 -0.1974022 -0.088880666 -0.17968717 -0.0011873386 0.0008110332 0.103568226 0.11118908 0.32040304 -0.008343076 0.036848765 -0.123978585 -0.014876854 0.10138714 -0.02858286 -0.1988277 0.13533159 0.059989024 -0.20250596 0.027950775 -0.07825341 0.15464635 0.20100532 0.039515533 0.020274814 0.10498513 -0.04095198 0.21205111 0.23267883 -0.20855004 0.035414428 -0.007901973 0.10075368 -0.12152356 0.058328982 0.051646978 0.119113125 -0.092893355 0.22341436 0.3186548 -0.058189955 -0.16616611 0.1385013 -0.1448758 -0.16521722 -0.12678957 0.14946131 0.006905865 0.052370552 -0.011812098 -0.069336124 0.06369816 -0.086679466 -0.05108621 0.019346077 0.19729263 -0.037290744 0.03439192 0.047638677 -0.1779566 -0.01701993 -0.0183327 0.04442146 0.016976349 0.13565822 -0.1540753 0.3605979 -0.15684307 -0.0033393102 -0.06706758 0.021826176 -0.07500163 -0.100199 -0.053847466 -0.15868624 -0.1255908 0.099902675 0.096659124 -0.016418554 0.06782307 0.09720243 -0.113194294 -0.010385504 -0.02773195 -0.02294141 -0.06763403 0.02141717 0.1267057 -0.023048062 0.0552821 0.14114119 0.021958688 0.07457423 0.1749141 -0.10268681 0.1280044 -0.12522508 0.08645818 0.06563056 -0.07692112
KGZ -0.14711708 -0.2926823 0.1066303 0.3386174 -0.10314525 0.2637477 -0.17911986 0.058443952 -0.21789299 0.39155725 -0.22926877 -0.10305451 -0.08584241 -0.25444555 -0.0040711244 0.30008405 -0.15692735 0.043085758 -0.019249747 -0.09774724 0.045057423 0.4448298 -0.040757675 -0.15000685 -0.1975636 0.13363737 -0.21143688 0.1444413 -0.036031608 -0.2326944 -0.09112079 -0.028987689 -0.38048473 -0.18675439 -0.03290596 0.23399425 0.38288283 -0.07829043 0.32435685 -0.20717922 0.21867412 -0.14471044 0.0663882 0.009482607 0.19651528 0.5277222 -0.39219964 0.27240735 -0.23551467 -0.050775487 -0.12636873 0.17278029 0.31603402 0.14298265 0.29370615 0.085919365 0.3275535 -0.008619153 -0.06551972 -0.2081341 0.27049902 -0.28363332 0.35748577 0.12919085 0.25163576 -0.17554247 0.17558149 0.14466487 -0.010954973 -0.23671794 -0.022686504 -0.10827062 -0.41346136 0.08255552 -0.2882346 -0.060275234 0.04096933 0.10689851 0.36767888 0.42862147 -0.2362978 0.11941579 -0.08631348 0.41501173 0.27771327 0.18024948 0.113205686 0.20867129 -0.059892952 -0.16138871 0.004135212 0.15515642 0.025377456 0.09024687 0.3255206 0.16290283 -0.20654444 -0.13496442 0.004764829 -0.006216184 0.04108388 0.21098113 -0.25065315 0.082969315 0.14374943 -0.15137522 0.19913533 0.1362982 0.20823845 -0.1780984 0.05576406 -0.08115214 -0.05035158 0.1434083 -0.023086388 -0.14964803 0.015898485 0.2945292 -0.03722057 -0.14182268 0.15312645 -0.13210289 -0.0011578717 -0.19598296 -0.1742924 -0.116283864 0.043897178 0.007210702
BRB 0.020400366 -0.109684825 0.009007612 0.27900642 0.033367094 -0.08590089 -0.27641103 0.035481777 0.22554022 -0.11485649 -0.12950425 -0.17474231 0.118000045 -0.3243189 -0.07784306 0.04824683 -0.379556 -0.053259004 0.014526516 -0.084722 0.2147351 -0.07526386 -0.058023944 -0.092020966 0.017693399 0.15931618 -0.146391 0.07602083 0.060303193 -0.25452644 -0.004955497 -0.092868865 0.049028873 0.11535613 0.11153756 -0.09335094 0.017748108 -0.25559315 0.19370806 0.3073906 0.059535973 0.063944146 0.043122437 0.03579647 0.12543909 0.22225177 0.029154807 0.20158555 -0.13744634 -0.051701624 0.1293004 0.12888946 -0.064430505 0.31214243 0.04059864 -0.19251914 0.28891322 -0.2621841 -0.38210255 -0.094708145 -0.08092223 -0.11805829 0.5033412 0.13773558 0.34057364 -0.035886675 0.26984614 0.38249582 0.13002129 -0.35178238 -0.05486501 -0.108649805 -0.58060217 -0.122372754 -0.1272695 -0.25574404 0.025777856 -0.10869734 0.13848597 0.26317587 -0.08102265 -0.20009975 0.19784139 0.2310898 0.12650283 0.20877656 -0.07948835 0.20118721 -0.040829472 0.02052006 0.016771594 0.11335903 0.04826721 0.07332274 0.1658087 -0.14004499 -0.07456503 -0.19859545 -0.07511405 -0.19520438 -0.07623276 0.114497684 0.055186614 0.089636475 0.04231712 -0.3395815 0.24727337 -0.08479694 0.24772635 -0.08292467 0.15898712 -0.20788991 0.18120816 0.16767569 -0.094107606 0.027592815 0.26329818 0.10790324 0.064064905 -0.32077765 -0.15358858 -0.20555747 0.01677549 0.011075304 -0.45060405 -0.009461088 -0.07410373 -0.28780687
BIH 0.11870295 -0.47894636 0.22880527 0.120870955 0.07759438 0.24713364 -0.21195777 0.19048105 -0.23115547 0.26091507 0.27520046 0.1844219 -0.269953 -0.3216023 0.08669219 0.22498602 -0.2700859 0.25129288 -0.113361485 0.1781059 -0.10747288 0.25845534 -0.025264662 -0.33667564 -0.34852612 -0.01578497 0.0008737566 0.2829763 -0.068281576 -0.08320549 -0.027390521 -0.24078734 -0.008949052 -0.03797009 -0.16301163 -0.0247093 0.17853598 -0.08744788 -0.004935246 -0.15089537 -0.11484534 0.006533523 0.03464409 -0.05743461 0.13727689 -0.02064168 -0.12112675 0.15260524 -0.11902275 -0.03272274 0.259496 -0.19824722 0.02535872 0.05871174 -0.024412235 0.25035977 0.27941 -0.25945488 0.024040205 0.02640393 -0.01737967 0.0594644 -0.10358256 0.11580481 0.08422487 -0.1314377 0.026445681 0.36814743 -0.28524163 -0.014259768 0.106433325 -0.009631703 -0.12613988 -0.063464664 -0.071259215 -0.05724192 -0.12277745 -0.008015644 -0.0028108642 0.20734292 -0.010414622 0.021699881 0.11751341 0.24555008 0.058000322 0.176634 0.1282346 -0.13524242 -0.01346653 -0.13815138 -0.12903102 -0.066835776 0.09444885 -0.0907264 0.3153257 0.022099031 0.04783476 -0.109227784 0.04800103 -0.08873331 0.034680776 -0.11537263 -0.21344306 -0.17659055 0.14197297 -0.10174613 0.109345384 0.25278455 -0.07062135 -0.28543374 0.17748769 -0.07440041 0.06358406 0.13148014 0.18884808 -0.042083357 0.075706534 0.15338877 0.0044042906 -0.13889252 0.2034151 0.00072433724 -0.17364547 0.052603073 -0.2502981 0.13144077 0.24382272 -0.24591982
YEM -0.043077286 -0.21719506 0.09047832 -0.04692902 0.1813317 0.005447954 -0.11134731 0.13219416 0.08605311 -0.09722515 0.63472426 0.032625873 -0.33101556 -0.02278788 0.048907574 0.18043894 -0.60374683 -0.011219836 -0.10607334 -0.093296275 0.12963712 -0.15707459 -0.027628804 -0.53926885 -0.1170351 -0.16499452 -0.1628677 0.47817236 0.04843206 -0.050438896 0.005762172 -0.3453771 0.1673321 -0.04587159 0.21692762 -0.07092885 0.10838579 -0.09637358 -0.24447441 0.031232545 0.21437234 0.10090975 -0.21969046 -0.2943875 0.16555062 -0.17416678 0.21230137 -0.09780304 -0.056941 0.2503717 0.29649487 0.3574802 -0.19561695 0.09480152 -0.110644296 -0.006056194 0.28389743 -0.12662065 -0.31306717 0.11427751 -0.13466349 -0.09230318 0.21376072 0.18355103 -0.10093616 0.120807394 0.12719962 0.71632755 -0.19656748 -0.048607454 0.04805092 -0.23505625 -0.09565154 -0.11296427 0.10696102 -0.3201615 0.17193522 -0.1537651 0.008975805 -0.021751413 0.10432566 -0.30409935 -0.010170999 0.16998066 0.2725498 0.22256504 0.08253747 -0.056985985 -0.13189155 0.046620406 -0.11445891 0.10765398 0.32847422 -0.2619651 0.27662557 -0.13575381 0.06687135 -0.4410822 0.16299756 -0.46304086 -0.15092875 -0.031118931 -0.22086656 -0.13232468 0.42853966 -0.14897975 0.14066918 -0.13895167 0.19534066 -0.3888886 0.2720299 0.04258743 -0.20156766 0.10364852 0.087894976 0.09557413 -0.034314867 -0.19225875 0.21615644 0.017961355 -0.04458517 0.19076745 -0.026795251 0.21428676 -0.15061764 0.089538634 0.1809829 -0.26562664
MRT 0.009049361 -0.06308009 0.069888815 0.026905175 0.18350312 0.18238187 -0.10357942 0.013637764 0.038015336 -0.023208158 0.36817434 0.029483471 -0.008206891 -0.09158862 0.07097688 0.025647655 -0.40683988 -0.052356195 -0.06470708 -0.08983579 0.004887677 -0.15901743 0.06966661 -0.24860987 -0.12816434 0.0098377075 -0.13891292 0.25530067 -0.016155215 0.016132202 -0.015930504 -0.13613048 0.0077679 -0.11187309 0.22786188 0.003775517 0.13819295 -0.04883763 0.041513707 -0.021034168 0.095397234 0.0941227 -0.15018307 -0.31736845 0.16622241 -0.18248686 0.11363205 0.03184757 -0.054855548 0.28540555 0.21437451 0.2459162 -0.2925025 0.14554487 -0.104055904 -0.04152225 0.1938295 -0.055982463 -0.19380309 -0.0089971395 -0.1050882 -0.21741706 0.13880672 0.05906371 -0.060749844 0.09501627 0.28010356 0.49385068 -0.087625496 -0.07107428 0.045035813 -0.12784281 0.059928242 -0.019625606 0.17410006 -0.17237446 0.23352806 -0.0552917 0.06679889 -0.06533315 -0.086574934 -0.14909132 0.03932477 0.2800623 0.025833284 0.26655737 0.104077265 -0.07333705 -0.09168594 0.14614403 -0.021316443 0.17468075 0.26634517 -0.26824385 0.32166713 -0.18352301 -0.08045595 -0.37940797 0.07240796 -0.2619444 -0.2034412 0.12377089 -0.22442612 -0.023985775 0.40690026 -0.109243825 0.09062278 -0.23447655 0.31717765 -0.29447147 0.025922434 -0.028318325 -0.22167982 -0.02071387 0.099285774 0.19337898 -0.14221711 -0.12940428 0.1889399 0.042122267 0.016494391 0.1714847 0.055333413 0.16357566 -0.11449248 0.16379298 -0.06914462 -0.15032506
PRK -0.08487587 -0.21791989 0.14672104 -0.12256038 0.15140922 -0.043591194 -0.11154471 0.12812105 0.14296557 -0.09127249 0.5975555 -0.00711244 -0.3917502 0.09330265 0.026861772 0.15608145 -0.5626596 -0.03541024 -0.10524532 -0.11917936 0.13841577 -0.15162574 -0.028290011 -0.49830285 -0.058444362 -0.20734908 -0.16458097 0.44768652 0.053459786 -0.033920467 0.035591073 -0.29560843 0.122655265 -0.090833224 0.23321074 -0.041864518 0.11818291 -0.08717788 -0.2633801 -0.014727937 0.27298003 0.13231733 -0.25957823 -0.26627642 0.16672376 -0.06393707 0.12161833 -0.078595676 -0.032917924 0.2687777 0.138912 0.4425125 -0.10453111 0.09357417 -0.07624569 0.015197761 0.26544887 0.017671956 -0.24613531 0.12817165 -0.11413434 -0.1238421 0.26388416 0.17094891 -0.029247694 0.12702441 0.07328638 0.6528019 -0.1656731 -0.020464374 0.049373638 -0.26464036 -0.076297514 -0.10370932 0.08633638 -0.35798678 0.14895791 -0.15053277 -0.02008008 -0.016497208 0.08336196 -0.3046489 -0.06324783 0.15502638 0.31841135 0.20514533 0.14283755 -0.04198086 -0.2003645 0.106525764 -0.13346782 0.11350466 0.3469987 -0.21680713 0.29342818 -0.065428324 0.044467658 -0.41656178 0.16780396 -0.47387758 -0.17134309 0.05470473 -0.23383807 -0.07967595 0.44619897 -0.12983324 0.11811928 -0.13282634 0.17640367 -0.38701376 0.25455737 0.020517401 -0.22280367 0.106198445 0.019055163 0.07879941 -0.051868092 -0.1587553 0.23221916 0.031087566 -0.03962027 0.1497113 0.018205842 0.16329314 -0.132851 0.0642269 0.17256492 -0.16682556
HND -0.19182748 -0.0820786 -0.01854372 -0.012153521 0.07736464 -0.18409579 -0.054595582 0.008596559 0.017331604 -0.2682876 0.12739265 -0.08482292 0.059613653 0.016120806 -0.12221795 -0.035775337 -0.26018193 0.012415464 -0.12676533 0.040736854 0.1623826 -0.1668537 -0.06558534 -0.2135033 0.03057916 0.055681482 -0.2907482 0.2253833 0.11222462 -0.20169653 -0.13122374 -0.05344799 0.20292445 0.19538453 0.3176689 -0.14230819 0.24577254 -0.025605736 -0.090036936 0.26435643 0.15996021 0.11157767 -0.075055934 -0.104022555 0.15190053 0.21521546 -0.03351369 -0.06545224 -0.05973737 0.054626096 0.23289806 0.14364004 -0.02193646 0.21204345 -0.13078472 -0.013032217 0.19907463 -0.20332155 -0.27778772 -0.043760523 0.10088193 -0.17294252 0.4168283 0.013367949 0.17818409 0.04401861 0.022794826 0.34284788 0.0182017 -0.4175744 0.101031736 -0.31831488 -0.38701424 -0.14352125 0.09381954 -0.17429408 -0.052277803 -0.20107363 -0.14734472 0.12342084 -0.094348975 -0.31660312 0.13788728 0.13755201 0.16751498 0.15403198 -0.17658396 0.16957535 0.06234189 -0.02228151 -0.00581945 0.12291542 0.16066451 0.11524835 0.17326494 -0.18923117 -0.14106435 -0.090649806 0.13475275 -0.4069348 -0.15274018 -0.038993325 -0.1178942 -0.0024727734 0.07143137 -0.1306481 0.08891686 -0.22690633 0.34804446 -0.097952135 0.13290018 0.0044858535 0.26079994 -0.023125239 -0.100900926 0.031908575 0.17685768 0.1262463 0.18142615 -0.23448373 -0.12213819 -0.008062865 -0.10461761 0.20044073 -0.31068277 0.16915123 0.22206217 -0.24348287
GIN -0.1835498 -0.12467451 -0.052224368 0.022314027 0.08790413 -0.10385878 -0.07071573 0.029684672 -0.08056829 -0.21911275 0.18216991 -0.080216356 0.03281195 0.017754864 -0.1416203 -0.000994077 -0.22451964 -0.03524011 -0.19745857 -0.0027594776 0.14087772 -0.09851054 -0.057060167 -0.20554191 -0.022594664 0.06618473 -0.30323276 0.23703377 0.09422 -0.2916252 -0.17079817 -0.10454101 0.17767267 0.16101065 0.31118384 -0.07214941 0.29518393 -0.04536221 -0.07138145 0.22926578 0.16069819 0.12596196 -0.055001456 -0.12042966 0.16527312 0.19563374 -0.069899306 -0.0070081954 -0.11415595 0.058527052 0.25446615 0.14211571 0.065538324 0.18391836 -0.10424968 0.0003828557 0.23211788 -0.28043893 -0.27400422 -0.043951005 0.11730307 -0.16817021 0.41212636 0.054400194 0.15416151 -0.006854626 0.043906994 0.39337337 0.0063713016 -0.4025483 0.13647917 -0.30422503 -0.39056695 -0.13040963 0.06752472 -0.16251147 -0.052448414 -0.17973313 -0.1023655 0.16491298 -0.078822255 -0.27425277 0.14552939 0.08706468 0.17543575 0.102695815 -0.17881298 0.12806295 0.038088597 -0.07823505 0.019521995 0.14243524 0.17049643 0.08272207 0.19305155 -0.15044542 -0.106243365 -0.04429911 0.14364336 -0.3703001 -0.1561353 -0.08900561 -0.18810067 -0.055936683 0.08057477 -0.13837041 0.045479383 -0.09520608 0.29607534 -0.11150907 0.10962049 0.025695313 0.2078676 -0.019378358 -0.05431622 0.03139751 0.1977637 0.14840133 0.1557112 -0.20219882 -0.07586587 -0.0060311225 -0.15966883 0.19701609 -0.23125906 0.15493634 0.27773848 -0.2023675
CPV -0.06543332 -0.11891405 0.5384665 -0.14331049 0.14575447 -0.07377981 -0.23703457 -0.055996493 0.040568702 0.21573214 0.25163808 0.017071199 -0.09405116 -0.19383639 0.21689978 0.02321377 -0.287379 -0.00071189395 0.2999564 0.17324638 -0.13057803 -0.27543047 0.14404783 0.1760972 0.005880746 -0.08397227 0.08872041 0.003969635 0.04823286 0.084312044 0.19436356 0.031646747 -0.07988026 0.09728534 -0.0337517 -0.335229 0.40011945 0.05692985 0.217104 0.084200636 -0.16689815 0.06228396 -0.21940385 -0.032544952 0.29746863 0.22835067 -0.111420825 0.10367492 -0.10409398 0.2155966 -0.100782365 0.15217245 -0.38860574 0.20498364 0.03813315 0.17875943 0.13162012 0.12383454 -0.016949398 -0.24776138 0.021369357 -0.13625257 0.16159336 -0.22316675 0.4221236 0.039461497 0.093279615 0.056326322 0.034356922 -0.23107263 0.010542755 -0.23277156 -0.010127351 -0.18894143 0.18933226 0.026067762 -0.0059253294 -0.26406318 -0.08851638 0.084921636 -0.22439462 -0.10367143 -0.11707944 0.3860166 -0.31672993 0.2907298 0.036366384 -0.02577901 -0.10579606 0.3979538 -0.019963814 0.017516784 0.23461619 -0.031097142 0.13881172 -0.039738655 -0.23668271 -0.1898282 0.19267127 -0.14507912 -0.24088427 0.4588209 -0.20641242 -0.10010747 0.07937967 0.04810601 0.22062542 -0.39274752 0.26488164 -0.21166305 -0.010912778 -0.36031395 0.0062390896 -0.09282563 0.048561085 0.16993558 -0.03548697 0.15107043 0.25611168 -0.10122282 -0.14631279 -0.0064325235 -0.004441519 -0.040803414 -0.4619363 0.110836625 -0.34525418 -0.16062681
BOL -0.19521694 -0.10220802 -0.041221436 0.03673858 0.07087506 -0.14911413 -0.07802476 0.0051945797 -0.017196147 -0.22019428 0.13119036 -0.09844651 0.04881594 -0.011861311 -0.13559262 -0.014154849 -0.2584709 -0.0074913856 -0.15416557 -0.005374996 0.16836777 -0.14764744 -0.0727209 -0.21363524 0.02553644 0.03465099 -0.31864634 0.23882012 0.11141967 -0.234861 -0.13725457 -0.07376165 0.1780341 0.15924534 0.33072197 -0.11317611 0.2706827 -0.040657353 -0.07463128 0.25619894 0.21951061 0.09012155 -0.08738383 -0.11428241 0.17955838 0.24098013 -0.051116314 -0.03077519 -0.09279689 0.08721983 0.22466546 0.1836671 0.034444906 0.20802537 -0.109342866 -0.018288549 0.20790914 -0.22398947 -0.2917743 -0.042334642 0.10676995 -0.18064636 0.47364053 0.032879084 0.14399919 0.021203145 0.023600303 0.35627815 0.020776892 -0.39677182 0.109891996 -0.31451762 -0.38724706 -0.123932496 0.0773364 -0.17161605 -0.042121626 -0.19707721 -0.10080266 0.13420069 -0.0893814 -0.29312867 0.115131095 0.12017553 0.19534679 0.11348492 -0.16546364 0.16730231 0.05029626 -0.027338255 -0.0068478896 0.14339395 0.16792858 0.11217224 0.16965821 -0.17857087 -0.11668811 -0.10491073 0.11062678 -0.38698572 -0.15414423 -0.050699648 -0.14704788 -0.020181017 0.093954474 -0.11284847 0.08362553 -0.1822337 0.32051846 -0.091089986 0.11855045 0.013213984 0.22996233 -0.0093211355 -0.08960963 0.020127626 0.17425868 0.15189916 0.16738454 -0.22569634 -0.09743464 -0.00019621733 -0.111482255 0.18197562 -0.2670156 0.14139968 0.265424 -0.22516507
GNQ 0.009201982 -0.02149149 0.33715904 0.19205748 0.024608724 -0.047006123 -0.3239151 -0.1862966 0.22412463 0.056872968 -0.1063673 0.036689356 0.21367499 -0.4589189 0.14289364 0.088577464 -0.38199514 0.1574137 0.30108947 0.14386465 -0.041270107 -0.15445809 0.05385925 -0.02070865 0.06113423 0.021766355 -0.07488476 -0.109728955 0.04543838 -0.016375387 0.15917026 -0.019153282 -0.0576352 0.05788414 0.031861622 -0.31212646 0.15405135 0.06792175 0.2395768 0.12005616 -0.10081688 -0.039792188 -0.1623277 -0.11855367 0.2113567 0.23790698 0.058055002 -0.028664075 -0.05419238 0.1105541 0.011157008 -0.0020202992 -0.44531873 0.34249702 0.00067933777 0.06768818 0.11953038 -0.14525308 -0.2177852 -0.30889955 0.0060956194 -0.05130357 0.1556543 -0.110491924 0.343353 0.019094285 0.34082788 0.17565542 0.10806117 -0.34494278 -0.10534413 -0.23720321 -0.29624298 -0.25170416 0.10804268 0.12301706 -0.055890217 -0.1727382 -0.058643043 -0.065940835 -0.29253295 -0.093889326 0.017236166 0.40425727 -0.28691086 0.15196429 0.06265995 0.18513718 0.044536065 0.4198011 -0.05310354 -0.07825058 0.06341255 -0.08423174 0.18664832 -0.23259887 -0.04972687 -0.25830075 0.044015486 -0.081997335 -0.06989871 0.3634938 0.051332638 -0.09008938 0.07634306 0.091674596 0.2904863 -0.50238246 0.4290517 -0.10724645 0.080304645 -0.33683005 0.3199579 -0.07073811 0.08858896 0.2776697 -0.13043231 0.004537383 0.22182667 -0.14921485 -0.15339549 0.10734414 0.16239879 0.0013494982 -0.6444311 0.07424287 -0.22324601 -0.40201706
JOR 0.070604414 -0.28346515 0.30312902 -0.141935 -0.12250779 0.017116155 -0.16513003 0.16439538 0.025441922 0.35688698 -0.11307668 0.06580895 -0.37215492 -0.08483823 0.064212464 0.13993748 -0.31691632 0.40653855 -0.06081678 0.28910592 0.07644666 0.27700862 0.054731067 -0.6102268 -0.41036966 0.014058714 -0.058987048 0.40768752 -0.050469127 0.14220433 0.14977233 -0.1472963 -0.21401235 -0.09607894 -0.40817446 0.02034962 0.105081536 -0.046153262 0.10204032 -0.22990932 -0.21613133 -0.0024460133 -0.00042711935 -0.03844236 0.21984163 0.38533702 -0.24186188 0.14677776 -0.10845972 0.17201892 -0.16367692 -0.15442084 0.048865993 0.05122525 0.13750052 0.18269908 0.24679859 0.26760453 0.18795222 0.045383375 -0.02838069 0.00089680933 -0.15157172 -0.14291899 0.41896108 -0.060932305 -0.044792704 -0.13874093 -0.28155655 0.090885945 0.13676077 -0.034757312 -0.23674107 -0.066495515 -0.020185303 -0.23723045 -0.087612614 0.17387688 -0.28067234 0.2873551 -0.14577419 0.09823684 0.15024707 0.64369446 0.21581419 0.35332203 0.23010714 -0.25544342 0.13938817 0.017244969 -0.049433358 -0.10126639 0.12672296 0.15630236 0.3801917 0.17017604 -0.0663 -0.2959321 -0.08862475 -0.10643298 -0.08819161 0.2362114 -0.097457945 0.27122796 -0.030184884 -0.00035068142 -0.030364525 0.06378086 0.024576733 -0.40478656 0.06020206 -0.18560772 0.042849127 0.148658 -0.0735345 -0.095297106 0.0073556025 0.34138736 0.11995117 -0.2071674 0.1225874 0.022657027 -0.092033 -0.2616442 -0.3737463 0.15615292 -0.24340756 -0.040897917
GIB 0.024455667 -0.3010291 0.28478914 0.061879385 -0.036541797 0.22187504 -0.1661599 0.0943611 -0.21056016 0.48150462 0.120450616 0.00038255582 -0.19839904 -0.15945873 0.052797068 0.22998957 -0.20167485 0.09999083 -0.008511027 0.031142142 -0.04496138 0.2667405 0.0711796 -0.21590473 -0.30777892 0.07334306 -0.093864575 0.21038936 -0.113824375 -0.14064679 0.07536899 -0.12523584 -0.27466768 -0.19198145 -0.22383782 0.05430385 0.34887353 -0.029376358 0.26212525 -0.24252926 -0.023444068 -0.043153837 -0.07600005 -0.09010863 0.27546692 0.35066006 -0.39128527 0.30216718 -0.20753641 0.17298342 -0.15164208 0.036558583 0.13486986 0.096148446 0.21710473 0.14772193 0.23610662 0.017938778 0.025922734 -0.12683414 0.05836398 -0.1206265 0.078812495 -0.025934132 0.29149312 -0.112096936 0.071726285 0.0998834 -0.11067684 -0.04907505 0.0778446 -0.07911289 -0.13342719 -0.06379968 -0.07901786 -0.028030628 -0.03409285 0.09006059 0.039560348 0.25572687 -0.1465609 0.1619309 0.009032714 0.33830985 0.0738445 0.14964303 0.15553348 -0.09008776 -0.048850432 0.08560245 -0.007945625 0.0669989 0.15202348 -0.022597412 0.32543746 0.16604419 -0.09148244 -0.14079636 0.07610967 -0.004132188 -0.10004346 0.23323311 -0.28667462 -0.0034055486 0.057426866 -0.051579323 0.014257391 0.15415193 0.03295199 -0.21942395 -0.010922571 -0.1913872 -0.08713737 0.038324017 0.06366946 -0.039736688 -0.04600821 0.26157647 0.03664732 -0.08828825 0.10813375 -0.008426413 -0.07316645 -0.22128133 -0.14211985 0.027015025 -0.08437247 0.0004669475
COG -0.02096132 -0.12204287 0.38599113 -0.14861278 -0.20175052 0.0100167105 -0.2386962 0.047219828 0.15365914 0.47056854 -0.020148052 0.15115237 -0.4724405 0.043373317 0.13125466 0.22204895 -0.19716728 0.2397947 0.05456669 0.16468307 0.11787602 0.20294048 0.08946396 -0.47562906 -0.24839671 -0.0603699 -0.107297204 0.266832 0.017870635 0.106260985 0.13089861 -0.12858866 -0.20626873 -0.11833008 -0.20395765 0.026276493 0.16478457 -0.009659489 0.055576373 -0.390656 -0.13635255 0.04065209 -0.17701332 -0.18037184 0.29885936 0.44338113 -0.40019912 0.061897356 -0.16869926 0.23117003 -0.32183775 0.17197005 0.08693443 0.085034564 0.14484222 0.30647996 0.25479868 0.3594391 0.15856631 -0.103078514 0.0036205812 0.03625042 -0.03831704 -0.06758403 0.5109102 -0.09173086 0.10270823 -0.038070567 -0.05178762 0.021855988 0.09217908 -0.14596811 -0.2474856 -0.20131527 0.0015817342 -0.030652767 -0.030699318 0.20895424 -0.2633425 0.18872711 -0.18679367 -0.004876499 -0.024128743 0.60338 0.14138776 0.09423259 0.34530774 -0.23538832 -0.0031577495 0.24014072 -0.025672255 -0.1938797 0.11153197 -0.034765325 0.48020187 0.037373602 -0.054390177 -0.3461797 0.029759042 -0.15531728 -0.10501334 0.4526066 -0.10764542 0.10240837 -0.006665399 0.10381488 0.053153776 -0.04129924 0.033687323 -0.33359778 0.09467755 -0.25855663 -0.028643776 0.03278362 -0.070403114 0.038364198 -0.108446434 0.28880116 0.24847256 -0.071799524 0.035204932 0.110147856 0.07467714 -0.3009316 -0.4114862 0.014030029 -0.23072463 -0.0804546
PNG -0.28214926 -0.20015003 0.31611902 -0.13363454 0.015074879 -0.2680627 -0.034094375 0.10246059 -0.16306062 -0.120329514 0.46803996 -0.09710696 -0.28109592 0.14540076 -0.03137054 0.12808822 -0.05380455 0.16286625 -0.18059854 0.034878414 0.109134816 0.08959667 -0.18369818 -0.20858227 0.09682956 -0.3077087 -0.10587718 0.48832986 0.12114316 -0.12305683 -0.09975637 -0.22030476 0.22738291 0.20060223 0.28925866 -0.1985263 0.30930793 -0.017584253 -0.3146509 0.1297081 0.2560508 0.23941146 -0.08301159 -0.2393062 -0.07391627 0.15001902 0.058095023 -0.2850266 -0.019544788 0.14369771 0.5260553 0.3087924 0.083926715 -0.034916908 -0.21847476 0.10367523 0.36185244 -0.16340753 -0.2722915 0.08100036 0.10336275 -0.10784158 0.15621763 0.07473895 0.05466856 0.050785773 -0.09432862 0.37767664 -0.14468858 -0.20402966 0.21073233 -0.33873275 -0.4626681 -0.13551573 0.1755685 -0.1745264 -0.14051709 -0.39555803 -0.32292187 0.122369625 0.017392805 -0.5270336 0.15073518 0.1118571 0.33743128 0.29584917 -0.06347869 -0.16870996 -0.17302752 0.037397183 -0.15446162 -0.033463173 0.30868325 0.09072549 0.36739492 -0.11699834 -0.07691209 -0.24518874 0.08623638 -0.6133196 -0.14343019 -0.08676775 -0.11374312 -0.13530321 0.1449303 -0.030285517 0.12396908 -0.14050429 0.1376894 -0.17950262 0.34755927 0.1517537 0.21400075 -0.015680961 0.042320095 -0.008047124 0.04328515 0.17380737 0.21348813 -0.23844013 -0.09545683 0.09985858 -0.16912895 0.2957475 -0.22269166 0.22418654 0.48973185 -0.1910975
AZE 0.15891908 -0.24980837 0.15385015 -0.036972817 -0.07609409 0.19869904 -0.3103349 0.12466961 -0.004554562 0.3418253 0.0007187032 -0.06753653 -0.13148014 -0.37413168 0.021899195 0.15238075 -0.49777648 0.20284204 0.059208922 0.20737417 -0.029433927 0.05368718 0.16124396 -0.46939418 -0.42841598 0.12031784 0.057699047 0.17319758 -0.18050343 0.07666395 0.129564 -0.19041224 -0.22133097 -0.17217734 -0.45220828 -0.07237978 0.23502643 -0.036708325 0.33713615 -0.011871762 -0.24800923 -0.16798401 0.013559702 -0.08482967 0.34878686 0.3214727 -0.09807771 0.24389747 -0.11984432 0.16923395 -0.068950385 -0.27740705 -0.2264586 0.07310869 0.06727771 0.008765803 0.1257894 0.013164289 -0.017906124 -0.10565904 -0.05256454 -0.03844118 -0.2053981 -0.16814455 0.3166442 -0.01189514 0.08842444 0.013508299 -0.3201977 -0.14852378 0.14944519 -0.024138989 -0.11391446 -0.11986223 0.06534477 -0.19936824 -0.085295536 0.027941491 -0.06564875 0.28070933 -0.16778082 0.12696342 0.19208524 0.52023053 0.012466966 0.45358056 0.059914548 -0.06516082 0.20154217 -0.052297965 -0.06303757 -0.033224776 0.19587848 0.15196829 0.3036039 0.11601906 -0.05111743 -0.18719171 0.0051097022 -0.105484195 -0.0924364 0.1756311 -0.16798548 0.17620164 0.045679815 -0.11539304 0.122303665 -0.114243686 0.1755409 -0.3745672 -0.017234845 -0.09973922 0.078640535 0.121217884 0.11888741 -0.05150823 -0.00722478 0.25177416 0.059865598 -0.23373377 0.20223892 0.08639827 -0.23370458 -0.17866303 -0.38234624 0.21706678 -0.29457474 -0.2793493
BRN -0.121154316 -0.30554226 0.6600248 -0.07322169 0.0071659796 -0.22750936 0.052885573 0.011799837 -0.1561394 0.11324947 0.26123142 0.0470461 -0.3206712 0.11526132 0.3267823 0.1234426 0.01167947 0.34897625 -0.025691038 0.05858016 0.08444116 0.27739602 -0.27702466 -0.2526161 0.110360354 -0.3556747 -0.091849685 0.4648428 0.21337894 0.2813807 0.14868748 0.05587843 0.07497642 0.10393387 0.07552378 -0.13800712 0.35299736 0.11016981 -0.18748538 -0.049732167 0.018076641 0.33182138 -0.0539111 -0.01841497 -0.16565119 0.18070403 -0.22103319 -0.23171444 0.07174843 0.13508627 0.28436553 0.3615131 0.08094969 0.013764498 -0.10523891 0.2413922 0.34899846 0.21505539 0.033559218 0.06806041 0.058787033 -0.17922913 0.24955195 0.014572402 0.118774354 0.026962368 -0.1814988 0.018343458 -0.13640748 -0.007820028 0.13516772 -0.18015425 -0.3885796 -0.0084744105 0.20751975 -0.32424596 -0.062101867 -0.26880804 -0.2314275 0.089387916 0.02220393 -0.38560453 -0.03973222 0.33929226 0.212945 0.39227077 0.24264556 -0.19054498 -0.21911873 0.26215547 -0.24092937 -0.010193571 0.104826525 0.049251627 0.45275748 0.018196875 -0.121806815 -0.36245605 -0.14045396 -0.33936962 -0.17663471 0.1780801 0.0018911767 0.05516833 0.13845833 0.1137572 0.14255573 -0.22279954 0.10388627 0.013904558 0.40464377 -0.046835177 -0.024197849 -0.0016410339 -0.1319763 0.02674739 -0.08848858 0.03370844 0.09313039 -0.1017779 -0.14166136 -0.08244541 0.22269176 0.13787939 -0.13000724 -0.025653085 0.039494555 0.22718853
ARM 0.13576053 -0.21247014 0.3496042 0.06351463 0.0954113 0.07628173 -0.15729272 0.08701384 -0.14649215 0.56874645 0.17247565 -0.09302803 -0.06598917 -0.15812583 -0.10791722 0.3237605 -0.4696715 0.028711177 0.03228698 0.03686498 0.039582845 0.15026747 0.035151828 -0.2938995 -0.33894464 0.23862264 -0.1864445 0.30029917 -0.22170898 -0.31561798 0.21615155 -0.15000409 -0.33139774 -0.30322835 -0.40077686 -0.019613538 0.23770098 -0.043298163 0.2680379 -0.15089095 -0.045336172 0.08493808 -0.20949577 0.022875734 0.44617003 0.5438669 -0.60971856 0.55538505 -0.32304877 0.25418332 -0.35544685 0.061837696 0.15293977 0.27668798 0.47900206 -0.043976374 0.3219601 -0.074137785 -0.22847214 -0.10443746 -0.05303078 -0.10981207 0.28230554 -0.06824996 0.5683345 -0.13253897 0.022658307 0.20702298 -0.08729179 -0.112018235 0.1206185 -0.14559431 -0.33700567 -0.3320149 -0.14537479 -0.22499892 -0.12157166 0.09537174 -0.08073066 0.2684377 -0.14483756 0.16282995 0.055720884 0.32582086 0.18578474 0.07964721 0.24462819 -0.028464757 -0.073101476 0.3472468 -0.07675943 0.19118947 0.15591772 -0.033601556 0.35150766 0.22026134 -0.022654058 -0.283497 0.1726377 0.047106724 -0.18281077 0.46137473 -0.3716028 -0.02034953 -0.1161132 -0.21032432 -0.075014524 0.2242327 0.008990842 -0.20495927 0.06641777 -0.40733263 -0.015055648 -0.10634011 0.043605156 -0.05138727 0.026808158 0.37136182 0.010406903 -0.15091917 -0.028502516 -0.1691012 -0.04510337 -0.48556402 -0.21772176 -0.09285751 -0.2713558 -0.051819347
DJI -0.050443422 -0.16768244 0.48875737 -0.16668105 -0.19693756 -0.03877173 -0.21127456 -0.011749676 0.035759125 0.39847824 0.058907546 0.1975773 -0.40120918 0.09255024 0.18720885 0.26308534 -0.123125695 0.2991469 0.025540033 0.18656585 0.083644435 0.2825153 0.0086766975 -0.40540144 -0.13142525 -0.12174505 -0.06734634 0.26994705 0.1332611 0.08759543 0.0713964 -0.10560202 -0.15844198 -0.038021468 -0.09416124 0.06956587 0.16172495 0.095501855 -0.06631913 -0.33683994 -0.15039717 0.20250747 -0.14262806 -0.17717782 0.09798478 0.2905153 -0.33664876 -0.124419354 -0.036530614 0.17728813 -0.0471962 0.15115732 -0.0055619557 0.05872612 0.06725426 0.3270338 0.23581634 0.2261056 0.17736731 -0.049699474 0.097547725 -0.012408541 -0.117127016 -0.00938022 0.38662803 -0.08306238 0.097867094 -0.0069195307 -0.106518164 -0.03023319 0.079736285 -0.11448368 -0.27802712 -0.1415831 0.12888391 -0.049057912 -0.011139012 0.09226684 -0.28718472 0.0920079 -0.1399899 -0.11414615 -0.026762083 0.43912968 0.110688604 0.10483096 0.28382546 -0.24411544 -0.05107159 0.18995135 -0.08302988 -0.21616198 0.05882481 -0.04070039 0.49488297 -0.025101963 -0.025046999 -0.29182553 -0.058496863 -0.055005226 -0.084054 0.3015198 0.0425283 0.09347666 0.009778742 0.17803156 0.046456747 -0.07445644 0.031842735 -0.1865207 0.13038923 -0.13623914 -0.0106922295 -0.027331654 -0.09282013 0.11778408 -0.11385455 0.15870011 0.17678483 0.024454251 0.037470315 0.11631571 0.10669375 -0.14609504 -0.305586 -0.0016287914 -0.15594755 -0.006869541
TKM -0.013234169 -0.3695398 0.28997055 0.08065428 0.01530783 0.14068024 -0.12668617 -0.03206512 -0.37006205 0.17305036 0.42327493 0.08866497 -0.1283925 -0.13836816 0.33547798 0.29850075 -0.09984741 0.238605 -0.072206944 0.03376803 -0.048709553 0.36542034 -0.15101048 -0.30605736 -0.22238152 0.089412756 -0.08541527 0.20026512 0.11891311 -0.0803734 -0.10699904 -0.20761435 0.21010543 0.19310872 -0.034729894 0.007972146 0.21202077 0.015986383 0.001813558 0.012189929 -0.27606982 0.0907318 0.21697268 -0.18712118 -0.050208677 -0.20709522 -0.02441332 -0.17425515 -0.09780015 -0.042276837 0.53362226 -0.22577424 -0.051464804 -0.00096883014 -0.040255774 0.24893756 0.31861556 -0.39636567 0.012239819 0.08877226 0.0405214 0.060016274 -0.17464423 0.07155923 0.12711169 -0.124251634 0.1780956 0.27749607 -0.17805395 -0.21015196 0.25799352 -0.0654134 -0.4668487 -0.1602481 0.21847232 -0.07044722 -0.015233642 -0.08379327 -0.09609651 0.06812348 -0.054710653 -0.22043915 0.19318342 0.2408333 -0.054293826 0.19737554 -0.016752778 -0.18549164 -0.009791464 -0.19615845 -0.058593187 -0.058733545 -0.026267214 -0.14256555 0.52398807 -0.18956578 0.05626367 -0.10978903 -0.049402487 -0.228919 -0.103299074 -0.10982628 -0.092939176 -0.18647482 -0.011253402 0.04720052 0.026009742 0.082506835 0.13225876 -0.09870271 0.2786456 0.07516381 0.08603569 -0.046215948 0.08954305 0.17005633 0.024159981 -0.033765692 0.030725438 -0.001656184 0.044632558 0.13250422 -0.14133361 0.28142324 -0.22103335 0.2293374 0.12730634 -0.1893087
TCD 0.08850994 -0.18270683 0.31059533 0.15878186 -0.010539651 0.12665221 -0.26600027 -0.04966893 -0.1563778 0.23509622 0.09328394 0.080169894 0.10931911 -0.4615052 0.19549157 0.21245666 -0.33085856 0.15872988 0.15870437 0.14719021 -0.08963774 0.019223157 0.029572336 -0.15902461 -0.15200831 0.06682704 0.021647317 0.0789001 -0.017927805 -0.011461928 0.08008237 -0.08817398 -0.11179069 -0.008889857 -0.15625337 -0.15510526 0.25920284 0.09386085 0.21349974 0.04124598 -0.2056325 -0.019686576 -0.02332566 -0.11333539 0.1324364 0.08766649 -0.023647314 -0.0039864467 -0.0821923 0.08062613 0.24400333 -0.14762278 -0.34619144 0.1516394 0.022730106 0.07051666 0.13765222 -0.21807717 -0.13263986 -0.15390603 0.031898946 -0.053626914 -0.09370337 -0.030822005 0.09872981 -0.029647432 0.23607951 0.11170165 -0.13287413 -0.20770594 0.00643917 -0.0153972935 -0.17581609 -0.074075 0.16188987 0.01753536 0.00096416223 -0.08695943 0.0079577975 0.053461257 -0.18051542 0.001610805 0.1176914 0.3293757 -0.18712452 0.28333333 -0.024215532 0.014002888 0.094570115 0.10061111 -0.05439234 0.0012639414 0.04594422 -0.0495428 0.22212109 -0.109981515 -0.055347726 -0.2037874 -0.0051290253 0.0111410385 -0.060093 0.14652622 -0.019194575 -0.051149927 0.028724398 -0.007996559 0.19306907 -0.25291905 0.2387523 -0.11047693 0.076778695 -0.08979864 0.121879935 -0.0203349 0.19120412 0.14066266 -0.06380977 0.031074924 0.04428793 -0.07132769 0.048939414 0.09411362 -0.044732284 -0.011659234 -0.2760282 0.0764563 -0.16650072 -0.26973104
KHM -0.1461626 -0.48220435 0.565821 -0.13231736 -0.013410382 -0.23752607 0.0002611152 0.08750215 -0.13873324 -0.07491321 0.5387928 0.08922903 -0.4887694 0.11836416 0.3088238 0.18836506 -0.30393055 0.3395831 -0.16685526 -0.04639673 0.12467565 0.20730144 -0.28595275 -0.48689762 0.19029863 -0.49813557 -0.06927148 0.62854284 0.29053265 0.2012531 0.1513996 -0.13535222 0.15524799 0.0640607 0.19010209 -0.1592071 0.33347338 0.03716643 -0.37532532 -0.0017629425 0.22926593 0.3370733 -0.11180585 -0.060315143 -0.2182668 0.06901384 -0.032192916 -0.35255113 0.14918007 0.15373385 0.45195135 0.5409725 0.04834795 0.10214216 -0.16629037 0.23847988 0.51599014 0.07937816 -0.078887984 0.16392744 0.05231827 -0.22007242 0.42128384 0.21689133 -0.068543606 0.07084804 -0.173961 0.4265019 -0.16935103 -0.02454585 0.12683529 -0.27377978 -0.39928094 -0.001680446 0.2076512 -0.506536 0.030883 -0.41545072 -0.12510385 0.087436765 0.16325273 -0.54492676 -0.058699768 0.24033426 0.34463224 0.43854854 0.24516816 -0.056837812 -0.29491022 0.19057487 -0.3364316 0.021989843 0.25812823 -0.016990507 0.46376377 0.01782352 -0.06458963 -0.4052935 -0.109679274 -0.46809852 -0.16744931 0.09222476 -0.04788805 0.03114442 0.40629438 0.06757582 0.25450715 -0.2374742 0.09891908 -0.07750108 0.5461058 0.10132623 -0.10505479 0.19203982 -0.103746176 0.06048931 -0.0651961 -0.17143115 0.129842 -0.049602225 -0.11606854 0.011310165 0.26795748 0.30215916 -0.04521583 -0.11430122 0.28630674 0.12522897
VNM -0.22193271 -0.121525474 -0.05221405 0.010163166 0.06045943 -0.17699805 -0.042010218 0.022636821 -0.039263893 -0.25856337 0.09458326 -0.12613441 0.04086182 0.06922244 -0.17826293 -0.043923426 -0.23848271 0.006245414 -0.1916184 0.0022655856 0.17816459 -0.10318032 -0.09417163 -0.20661671 0.04528021 0.040518153 -0.34694308 0.2537926 0.12124249 -0.26572004 -0.14711834 -0.05515188 0.16288134 0.16719535 0.33208916 -0.09841193 0.2927741 -0.031052873 -0.077273734 0.25969875 0.24810442 0.11146737 -0.06029387 -0.0780488 0.13052054 0.30549827 -0.104371585 -0.024474116 -0.094138056 0.057568453 0.22756812 0.20379704 0.09824132 0.20385978 -0.08754087 -0.025459949 0.23682673 -0.22883819 -0.29497203 -0.040897723 0.1429365 -0.21565147 0.52464724 0.047027726 0.16876279 0.02239963 -0.015017442 0.33308408 0.026447846 -0.42606902 0.11766402 -0.31261778 -0.42990476 -0.093972504 0.049739696 -0.20143652 -0.07912092 -0.19803815 -0.11264424 0.1550393 -0.09390482 -0.30861259 0.1328544 0.11285269 0.23899847 0.15368031 -0.18848734 0.18763305 0.01486029 -0.05188293 -0.007572269 0.16698875 0.16815777 0.1686304 0.1809588 -0.13695171 -0.1511261 -0.05894064 0.11465333 -0.36445966 -0.15133269 -0.063974954 -0.14198692 0.013546641 0.066618204 -0.14908001 0.047136568 -0.11951036 0.2946134 -0.059266448 0.10936835 0.043152485 0.24712631 0.015563401 -0.13263911 -0.0139377555 0.20074141 0.17720827 0.14802356 -0.22442669 -0.086649396 -0.03781384 -0.11071658 0.17788543 -0.23181242 0.13980672 0.292745 -0.16508909
MUS 0.17956959 -0.3367123 0.40178522 0.26299012 0.11220339 0.23425181 -0.3043891 0.08324332 -0.3125846 0.48695782 0.087454535 0.046963416 0.07464556 -0.5629197 0.19986378 0.3763746 -0.23316908 0.14298514 0.12066577 0.12023709 -0.0817161 0.17248985 0.046755716 -0.115945816 -0.35191435 0.27300674 -0.022873154 0.14629611 -0.13382584 -0.16554059 -0.07217533 -0.15688078 -0.12642084 0.03091333 -0.12853049 -0.0277081 0.24809454 -0.04284025 0.35690042 -0.05904031 -0.34492692 0.036169123 -0.020811081 -0.16871874 0.2174556 0.016750565 -0.15068018 0.20001285 -0.2969803 0.05837403 0.29259405 -0.18631832 -0.1530318 0.12473755 0.12904218 0.10668239 0.2922489 -0.28249905 -0.17419322 -0.19895966 -0.055873513 -0.09726874 -0.1380063 0.038590916 0.17538348 -0.117945574 0.38498852 0.09939947 -0.19268778 -0.15624176 -0.044381373 0.07731904 -0.13598089 -0.004861559 -0.038822472 0.018438645 -0.076480545 0.080621034 0.04084643 0.04741341 -0.16148148 0.17009321 0.2380804 0.3819212 -0.18122035 0.17037566 0.04755349 -0.14814518 0.060870025 0.067764014 0.041536376 -0.0021107171 0.017083716 -0.16094545 0.30754068 0.00030180384 -0.05553812 -0.09659376 0.056470484 0.028606763 -0.0326313 0.14668877 -0.18184875 -0.07299496 0.052457884 -0.13694412 0.06940781 0.07331185 0.13479896 -0.14332552 0.02445614 -0.28654447 -0.0372219 -0.05385538 0.22160669 0.23702776 0.044747308 0.1550748 -0.0652398 -0.11265712 0.043948647 -0.030022847 -0.13280901 -0.04751201 -0.30427325 0.1860447 -0.18179159 -0.19177246
LAO -0.15590924 -0.45057654 0.5827756 -0.18999696 -0.05628593 -0.17775904 -0.05784494 0.07718661 -0.121098 0.04435914 0.50008667 0.09199086 -0.5387825 0.14791195 0.29258746 0.2441329 -0.33767563 0.3028054 -0.13992894 -0.034141686 0.09619793 0.22401305 -0.22978297 -0.52204704 0.14361782 -0.44891578 -0.049675126 0.59988934 0.26155052 0.17887065 0.15660268 -0.15621261 0.043596253 -0.01051668 0.15351039 -0.1046613 0.33569458 0.06630478 -0.3386936 -0.11082712 0.21608901 0.30336365 -0.15320788 -0.11031472 -0.13232864 0.16677141 -0.11234113 -0.32277197 0.14230832 0.18275215 0.3360759 0.537407 0.051499747 0.078608364 -0.09808242 0.26808363 0.47441688 0.16905376 -0.030476516 0.118126124 0.059485402 -0.21573344 0.31307793 0.18887153 -0.034653436 0.079298764 -0.14400414 0.35221353 -0.18013784 -0.002823456 0.13011259 -0.2443582 -0.30919272 -0.01580822 0.20589378 -0.44950616 0.039028984 -0.34218177 -0.13493924 0.07632088 0.11019832 -0.46482062 -0.08913857 0.2498751 0.33226946 0.37557858 0.2606845 -0.064871535 -0.28257215 0.19326462 -0.2995158 -0.002197726 0.2625451 -0.017048288 0.47387895 0.07334636 -0.06402331 -0.3885476 -0.076090574 -0.42558628 -0.16254303 0.17154576 -0.05730521 0.059259903 0.39596868 0.087968595 0.23912075 -0.22507326 0.081713215 -0.13174368 0.47333887 0.11133314 -0.14302827 0.16815299 -0.09008705 0.07409075 -0.10829143 -0.14614545 0.15553328 0.007991655 -0.057653595 0.06740011 0.26485193 0.21775152 -0.02497713 -0.10623903 0.2439107 0.12169285
LBR -0.0057416856 -0.20751502 0.18133833 0.05542265 -0.0675962 0.13501266 -0.16554175 0.09821807 -0.08951626 0.3600387 0.063918136 -0.0320342 -0.18115501 -0.15292634 -0.015717776 0.22529176 -0.27956143 0.08327484 -0.0031764798 0.029500164 0.021196924 0.19972423 0.0488318 -0.3137047 -0.24396685 0.04692436 -0.11527842 0.23107944 -0.095084384 -0.13929683 0.06395476 -0.1593581 -0.24795082 -0.20575702 -0.16235068 0.05719485 0.24189968 -0.047371164 0.16806246 -0.19307646 0.06600698 -0.05275743 -0.09570172 -0.106674545 0.23848212 0.35508823 -0.3028041 0.21990357 -0.15791643 0.14769419 -0.14432862 0.09321877 0.10526805 0.10139763 0.20964117 0.0748275 0.22457762 0.04146697 -0.040424168 -0.11215621 0.063006364 -0.10705785 0.06986579 0.016070075 0.23145545 -0.06213426 0.07275486 0.1674249 -0.12177026 -0.06482525 0.050658144 -0.0913772 -0.14501241 -0.065112434 -0.101762764 -0.08207277 -0.001015919 0.0631565 0.037502497 0.21986607 -0.13144806 0.10103107 0.0096325865 0.29926947 0.17464037 0.13386351 0.13820265 -0.0020506592 -0.033960633 0.050004605 -0.03869007 0.050459597 0.13594963 0.010159964 0.27314147 0.14898549 -0.05909187 -0.17422643 0.07818169 -0.041709367 -0.06549629 0.23295106 -0.22279483 0.050660443 0.09985867 -0.090022184 0.06014189 0.0835687 0.06691932 -0.24529491 0.029015789 -0.10480343 -0.07625593 0.07978233 0.060131915 -0.020543 -0.052796375 0.19846179 0.045350276 -0.07455395 0.09173888 0.025974385 -0.015838197 -0.21006711 -0.14090139 0.0066316626 -0.014668107 -0.06724224
AGO 0.119183734 0.12972385 0.049543057 0.3166414 0.055865318 0.11105819 -0.29204336 -0.1327732 0.015431422 0.19386499 0.021300042 0.044607587 0.33608067 -0.5537158 0.16886304 0.2725845 -0.61354315 -0.059247244 0.25362676 0.1339894 0.03447136 -0.28406402 -0.02745113 -0.37090257 -0.14016533 0.10250729 -0.09883857 0.18596043 0.024477465 -0.038806733 0.095439844 -0.12794057 -0.13797757 -0.06198159 0.021977833 -0.14999397 0.10441008 0.12900403 0.13467811 0.13309489 -0.13557655 0.017123265 -0.15497603 -0.17791635 0.28705585 -0.116296485 0.07199726 0.023178479 -0.22884226 0.11735338 0.29570678 -0.028653296 -0.5644713 0.2170226 0.0857388 -0.14470033 0.09007442 -0.3378175 -0.3646077 -0.2303101 0.1124444 -0.0355021 0.13122077 -0.025720041 0.0056746835 -0.050653946 0.31895512 0.40918773 -0.08338013 -0.33357918 0.012461536 -0.041541003 -0.2742269 -0.106018156 0.22863637 -0.066534296 0.20286445 -0.034913473 0.12196787 0.08344931 -0.26189774 -0.1543821 -0.022190865 0.34065875 -0.11660927 0.23758811 -0.06361039 0.16675597 0.16123734 0.09529974 0.025673442 0.105191626 -0.028375382 -0.13807662 0.15191972 -0.3364498 -0.08374102 -0.50456136 0.036610007 0.08744803 -0.11518485 0.22453117 -0.021576984 -0.13405022 0.04228363 -0.03963034 0.3502002 -0.515195 0.53698087 -0.16251828 0.1272912 -0.04754995 0.027419064 -0.08412124 0.25436887 0.27050984 0.01069889 -0.04192911 0.092129335 0.04428634 -0.030017674 0.13124377 0.006629778 -0.07051155 -0.32989404 -0.024084222 -0.26196367 -0.47620386
AIA -0.016021483 -0.07779732 -0.04849963 0.3792486 0.050741456 -0.1318184 -0.30243602 0.009120815 0.21569234 -0.16411161 -0.19916303 -0.19345134 0.24065219 -0.41211933 -0.10514506 0.04947267 -0.4156535 -0.06750588 0.0014371303 -0.0935374 0.2898945 -0.11003787 -0.09897947 -0.11140563 0.026585354 0.23440242 -0.24893849 0.07892313 0.104181506 -0.33581984 -0.07895392 -0.08631697 0.09968645 0.19816263 0.20893112 -0.08869923 0.042447686 -0.28579494 0.23922987 0.41050056 0.06761671 0.12447657 0.075418346 0.026890479 0.1540715 0.2659745 0.013816888 0.20757538 -0.18288153 -0.06552749 0.24751972 0.14618142 -0.08061414 0.39442053 0.016207712 -0.2477624 0.35205534 -0.3673439 -0.4777483 -0.12309876 -0.04876193 -0.1746564 0.63749313 0.15711787 0.37709215 -0.048060562 0.35916707 0.45392656 0.16128398 -0.48229003 -0.0668109 -0.1287918 -0.73836935 -0.12406209 -0.12026424 -0.27449504 0.031553093 -0.1070215 0.14226413 0.29250297 -0.122089446 -0.27265462 0.24473897 0.28487173 0.145362 0.22206862 -0.13250361 0.24871899 0.0009775425 -0.016618155 0.057476252 0.15013593 0.002821905 0.104194336 0.19924226 -0.25503567 -0.1079745 -0.22465354 -0.11286406 -0.2227717 -0.102583356 0.0754624 0.097752504 0.10236206 0.0029069057 -0.41316897 0.26913452 -0.12268109 0.35277888 -0.051146276 0.1809947 -0.22461739 0.26838368 0.15362476 -0.11975078 0.04865776 0.33704785 0.1298646 0.058988135 -0.37856844 -0.20188877 -0.22917165 0.006779146 0.05397289 -0.5379615 0.016097179 -0.070117384 -0.35621694
COD -0.15207957 -0.29108042 0.44562504 0.1769828 -0.040916473 -0.06650837 0.045911793 -0.026359748 -0.49678677 0.2385571 0.20305365 0.078844845 -0.1058648 -0.060469795 0.32055783 0.29787794 0.19599907 0.33696824 0.003753013 0.025130486 0.12143486 0.42736652 -0.32473922 -0.24003628 0.046000186 -0.07866239 -0.2852373 0.3056031 0.16103804 0.09115846 -0.07161075 0.08128441 0.11096829 0.16999732 0.06971383 0.14348033 0.32817188 0.14801003 -0.013685763 -0.010999252 -0.16174982 0.3607858 0.14052814 -0.13001966 -0.21960035 0.09149775 -0.3310103 -0.2372321 -0.06756004 0.026698153 0.6462709 0.16988495 0.117133595 0.015935719 -0.11053542 0.15835729 0.42044595 -0.16265248 -0.021473803 0.09252548 0.21210799 -0.28101847 0.1758742 0.11815569 0.07142679 -0.08628555 0.05965916 0.05943912 -0.20233679 -0.19465655 0.09537862 -0.10221773 -0.5293903 0.01853623 0.22123665 -0.2516171 -0.06150804 -0.14168614 -0.15802738 0.11661498 -0.13123924 -0.326308 0.080300204 0.45045164 0.1443215 0.33912194 0.14489311 -0.2525131 -0.039100196 -0.035829764 -0.12471038 -0.034290176 0.0016108876 -0.016734123 0.6077282 -0.20136341 -0.08727617 -0.23080315 -0.26559818 -0.100164086 -0.13816239 -0.12531312 0.116374634 0.02301425 -0.09210769 0.08292285 0.030645775 -0.07051422 0.11789385 0.1946136 0.28937018 0.052892964 0.054658324 -0.16395962 -0.13031214 0.05140667 -0.002359455 0.019037824 -0.056213807 0.0018953775 -0.09012035 -0.034413006 0.061291374 0.28634724 -0.09226058 -0.017959997 0.073291495 0.17758858
