96 128
SAU 0.19924071 -0.3571434 0.108430795 0.04829519 -0.1826628 0.061438452 -0.117855474 0.045117375 -0.065770365 -0.07442279 -0.017230714 -0.016201397 -0.10173422 0.06580435 -0.054238 0.14221582 0.19958133 0.059932064 -0.14938058 -0.0873437 0.0063626394 0.11590134 0.146067 -0.14367512 -0.12886158 0.010097107 -0.20202477 0.074132524 -0.0816133 -0.087931536 -0.15522261 0.09783099 0.024776379 0.15550004 0.08797252 0.1623996 0.24431139 -0.11231548 -0.123491496 -0.0070848684 0.0042443373 0.14704952 -0.11616024 -0.057197098 -0.032579407 -0.08670787 0.013058481 0.050421987 -0.100119956 -0.00024506878 -0.0010234469 -0.121094584 0.13171844 -0.010899237 0.0053825723 -0.010944363 0.21523267 0.071636386 0.02226054 0.025889765 -0.03480057 -0.22158198 0.078123294 0.09355183 0.026453927 0.035533663 -0.123679675 -0.044451702 -0.11836211 -0.21662071 0.06966097 -0.2333047 -0.23522826 -0.14640063 0.08493261 -0.26231116 0.076679684 -0.061464183 -0.2170855 -0.01853714 0.042186942 -0.038960066 0.14147517 0.15869074 0.047695454 0.15284677 0.04629633 0.039097562 0.13612005 0.2517329 -0.052004002 -0.024939341 0.08090657 0.13008632 0.26179358 -0.019749813 -0.039820127 -0.12580907 -0.033326007 -0.08368511 -0.09420096 0.04931806 -0.061236467 0.06040143 0.17369273 -0.11442495 -0.074977 0.040164795 -0.0033636063 -0.1340415 -0.1791232 -0.1378855 0.06383529 0.016906403 -0.14296062 0.07912039 0.09567422 0.12092822 0.11447305 -0.161571 -0.025082082 -0.20104323 -0.1507264 0.21081364 -0.008883599 0.051727258 -0.16253431 0.18597707
DZA 0.10012101 -0.123504415 0.18663824 0.250797 0.01869635 -0.025482196 -0.07900985 0.26367092 -0.112560555 -0.0355552 0.22163796 0.21581994 -0.091659576 -0.27565452 0.16531761 0.2909291 0.23057589 0.21381539 0.028136557 -0.10891184 0.12742926 0.24911097 0.007851713 -0.15135641 0.107210584 -0.01903796 -0.27446672 0.14556463 0.0033365428 0.15468977 -0.14320785 -0.0027619374 0.08535876 0.18335746 -0.03053616 0.009172829 0.16190843 -0.05651448 0.32220694 0.13657947 -0.00020406129 -0.009491952 -0.053597696 0.037261903 0.02922649 0.22296782 0.18452175 -0.01850862 -0.3977606 0.15893982 0.33761504 -0.0033699777 -0.045879886 -0.025041532 0.032689296 -0.12054095 0.3946288 -0.098280944 -0.0725711 0.043719094 -0.061625414 -0.047937028 0.074997164 0.23678826 0.21637194 -0.1453471 0.034579754 0.1918645 -0.05434186 0.00973978 -0.20896456 0.0029033837 -0.06984905 -0.107210845 -0.11187307 -0.12500767 -0.11740672 0.07321593 -0.15961583 0.1793586 -0.08379624 -0.013737251 0.100317635 0.09916602 0.20534213 0.24846245 0.093944244 -0.20835653 0.13143604 -0.064328276 -0.17204343 -0.27290422 0.12322078 -0.16325568 0.02753795 -0.05448151 0.0063131577 -0.018779593 -0.030224718 -0.23262194 -0.14836156 -0.10794146 -0.06936593 0.11521112 -0.0879661 -0.3110815 -0.073302895 0.12031166 0.049537074 -0.1429648 0.02065832 -0.20308453 0.059383154 0.15867946 -0.057290453 0.0631098 0.10912009 0.07252539 0.20064515 -0.004336574 -0.09851299 -0.10689869 -0.0006323636 0.1740318 -0.1774181 0.098638035 0.102208905 0.02496027
MEX -0.06493235 -0.31737992 -0.121249184 0.18210033 0.00826716 -0.0056444313 -0.13056701 0.23331647 -0.06589841 -0.022233307 0.111720644 -0.07577503 -0.12007868 -0.018703356 0.18924727 0.22455327 0.26024625 0.22266002 0.10170355 -0.20037141 0.2484742 0.30613914 -0.1432205 -0.2820906 0.05402464 -0.12453422 -0.27692777 -0.00999054 0.09044524 -0.0207155 0.007102484 -0.1623492 0.17037417 0.28242472 -0.06114145 0.123215646 0.11642469 -0.26119953 0.1427803 0.17495431 0.07369734 -0.16556492 0.07739963 -0.07262552 -0.15970096 -0.006575921 0.009662849 -0.08289425 -0.16518015 -0.037915904 0.3885613 -0.106913224 0.1557308 0.05888535 -0.018932763 -0.043362767 0.21879397 -0.15889104 0.027475243 0.08368716 0.10751654 0.08742117 0.10211403 0.19317251 0.17143324 -0.068625756 0.12138383 0.26223943 0.104123786 -0.14439467 -0.21077524 0.027963987 -0.12383564 -0.08097318 0.08153818 -0.3588868 -0.08667198 0.23942564 -0.18462667 0.029504068 -0.1766168 -0.022284595 -0.015196811 0.18409385 0.35290426 0.19630162 0.09057011 -0.078243 0.013372059 0.035585783 0.130088 -0.25002897 -0.15732777 -0.034213714 0.2095706 0.05394677 0.059804223 -0.14702767 -0.18593515 -0.13534644 0.19730236 0.0074954014 0.009108123 -0.010834525 -0.04862717 -0.15180309 -0.14331487 0.094443515 0.13194653 -0.24898465 0.11163446 -0.147311 -0.089325435 0.17803541 -0.0066555715 0.0852227 -0.059982177 -0.060603593 0.09278518 -0.11591967 -0.24644011 0.04161628 -0.060264446 0.027219942 0.08942056 0.20661257 -0.023218606 0.33192894
ECU -0.14904179 -0.38533396 -0.2485329 0.12701279 -0.013728438 -0.07110197 -0.28572407 0.2568205 -0.029318456 0.027720619 0.01105903 -0.3018794 -0.1629965 0.00040147643 0.09173245 0.042930424 0.16890693 0.25177968 0.09342813 -0.24814607 0.16812648 0.26061657 -0.16900234 -0.23875718 -0.039571915 -0.1436936 -0.35552153 0.10497016 -0.021962784 -0.032323964 0.027753724 -0.19086103 0.15324341 0.28451657 -0.08430694 -0.0012115287 0.12910359 -0.3129634 0.092970826 0.15568817 -0.04659136 -0.20395085 0.08968049 -0.16794977 -0.20700118 -0.21211074 -0.013519984 -0.105575934 -0.07823597 -0.035154466 0.35419142 -0.26908994 0.20918372 0.18484129 -0.1142564 0.0683136 0.12684222 -0.16446126 0.016472602 0.17060998 0.19558208 0.16173793 0.25366792 0.09584987 0.05571431 0.10119388 0.11896725 0.23985653 0.22923325 -0.3133699 -0.21147358 -0.06806519 -0.20055069 -0.1710643 0.07256673 -0.5215721 0.009812924 0.22204995 -0.1957192 -0.08967717 -0.17143744 -0.051799968 0.13125707 0.060125303 0.22864056 0.13942906 0.15077461 0.039588034 -0.036746275 0.07450013 0.21509159 -0.24984804 -0.30247146 -0.036556136 0.25272074 0.012848562 0.046662834 -0.26830724 -0.12451561 -0.22944844 0.25445864 -0.015467825 0.02195709 0.049206924 -0.13060997 -0.059714235 -0.15510613 -0.07213924 0.054028597 -0.29902604 0.083382495 -0.095948905 -0.09970577 0.28671578 -0.08879149 -0.0091463 -0.13643055 -0.1642707 0.13457735 -0.14398687 -0.49503875 -0.03111309 -0.1073003 0.086950466 0.24984038 0.12977192 -0.10332361 0.33714753
GBR -0.011430333 -0.2820044 0.08873129 0.12717594 -0.015177151 -0.05004951 -0.10967582 0.08106377 -0.2726911 0.12846524 0.23017816 -0.050815735 -0.17803375 -0.20210464 0.24531563 0.007681054 0.12188381 0.28075036 0.0126901595 -0.16681258 0.00052088295 0.2014818 -0.10431778 -0.03306309 0.015612716 0.013292286 -0.21945164 0.2453241 -0.09849532 0.0071194484 -0.19012532 0.113451384 0.16354924 0.07341315 -0.101997845 -0.07292958 0.3073613 -0.05842109 0.24573143 0.042836495 -0.08177939 -0.07645176 -0.04805642 -0.022402678 0.08491599 0.109821 -0.104524106 -0.089036204 -0.02706037 0.21446691 0.2267985 0.07670128 0.16177602 0.099487 -0.13982241 0.07442634 0.2034904 -0.14872259 -0.02330975 0.19928856 -0.01745717 -0.14164521 0.09905966 0.1757581 0.2172072 0.054916337 0.068892084 0.07639501 0.047295798 -0.26171675 -0.15723562 -0.18404205 -0.28406394 -0.18815775 -0.110000536 -0.17562112 -0.05082529 0.019426214 -0.102898054 0.21628658 -0.060798977 -0.09118812 0.20026009 0.0894524 -0.010651182 0.06454047 0.2179845 -0.23839207 0.14494689 -0.039412767 -0.21491584 -0.14749055 -0.021851268 -0.16084652 0.1933183 -0.04475965 -0.16311185 -0.22403304 0.0730773 -0.4584609 -0.16364866 -0.11597363 -0.07801708 0.09633509 -0.15954578 -0.07928547 0.031147908 -0.21689938 -0.14646545 -0.17940249 0.027642723 -0.06714244 0.22765464 0.26861852 -0.065560885 -0.18879935 -0.16880105 0.10016812 0.13673206 -0.004737255 -0.12772389 -0.2001148 -0.013586954 0.14415331 -0.25069743 0.005368285 0.09356259 -0.04360687
MYS 0.3163045 -0.3372347 0.16316712 0.024043994 -0.12422478 0.05914614 -0.20633964 0.22050576 -0.07848458 -0.07564797 -0.053982224 0.036421083 -0.13110633 0.0156815 -0.18198021 0.15017426 0.17284513 0.024888467 -0.25963157 0.039322242 -0.07012344 0.008955844 0.19777648 -0.15665394 -0.19132498 0.003571873 -0.28286573 0.034325078 -0.19484757 -0.04436765 -0.16314471 0.099209845 0.036056027 0.29721418 0.09772369 0.13799328 0.2158111 -0.070107594 -0.120585695 0.0503332 -0.05332295 0.18877064 -0.21416765 -0.0072174794 0.01423684 -0.106681034 0.20146257 0.107593805 -0.23131214 0.008472144 -0.075667 -0.18048017 -0.023084039 -0.101180784 0.08466474 -0.011980361 0.3172926 0.046610173 0.06461994 -0.03620692 0.046262104 -0.27299422 0.081044346 0.19194432 0.014554938 0.07387069 -0.17719987 -0.042152498 -0.1989249 -0.1754562 0.13104896 -0.19514298 -0.10798561 -0.18695217 0.11525446 -0.2674565 0.08613985 -0.13463396 -0.22882433 -0.017248848 0.025263961 -0.076594025 0.25743118 0.0660295 -0.010767929 0.27890077 -0.026633522 0.15709896 0.21023431 0.25950173 -0.07873589 -0.06030576 0.098474905 0.070288844 0.15020867 -0.013723209 -0.08273933 -0.11614444 -0.0082204575 -0.084576875 -0.090168394 -0.029299753 -0.121434264 0.06661127 0.14593172 -0.16571468 -0.16021197 0.08533854 0.05917842 -0.07708882 -0.28646043 -0.028543578 0.1792708 -0.009690885 -0.20632409 0.106173456 0.105259664 0.13706176 0.2292652 -0.0980421 0.013460304 -0.24251711 -0.13967352 0.43515486 -0.052997082 0.10855313 -0.06141975 0.1909353
ARE 0.22267295 -0.36073184 0.15090802 0.023937866 -0.15374047 0.062269934 -0.1562823 0.021831552 -0.084744245 -0.09730325 -0.029697863 0.011926609 -0.15647674 0.07250312 -0.07784334 0.0588953 0.15094788 0.07113943 -0.1741464 -0.06889011 -0.016970523 0.072099134 0.18289775 -0.17030089 -0.19156307 0.033118278 -0.17840251 0.08343597 -0.141929 -0.08364125 -0.08595398 0.1227027 0.016884966 0.21184634 0.08552618 0.15662713 0.25215456 -0.059310608 -0.12987827 0.013577074 -0.03552044 0.19097249 -0.12823534 -0.055793744 0.028745163 -0.11128129 0.01562849 0.08732704 -0.056743972 0.028905135 -0.06781072 -0.10795331 0.09156705 0.034933764 -0.004922042 0.059806626 0.19400506 0.092801854 0.052019235 0.03280116 -0.013135384 -0.29235622 0.053237934 0.101864904 0.08803006 0.11654025 -0.16952674 -0.09206687 -0.17032963 -0.2893107 0.12567905 -0.37894133 -0.27895293 -0.22556716 0.12622929 -0.24161038 0.14805776 -0.131328 -0.17378685 0.03759174 0.08904004 -0.08022778 0.21221681 0.14877988 -0.06708339 0.12083188 0.08929868 0.057756986 0.16126122 0.2611924 -0.1128984 -0.018553473 0.13022965 0.059922747 0.31231532 -0.01790956 -0.10642113 -0.18360682 -0.023994895 -0.163804 -0.18494958 0.022037357 -0.050929874 0.07004102 0.16763654 -0.0780663 -0.06312783 -0.060050014 -0.010811656 -0.09422327 -0.2526437 -0.05254508 0.20594515 0.023977494 -0.20001239 0.048712578 0.059026092 0.15043274 0.1495559 -0.19312304 0.016313862 -0.24561644 -0.12901932 0.332585 -0.11245896 0.04422971 -0.09133209 0.12905268
IRN 0.15657867 -0.26428485 -0.03478632 -0.05371413 -0.1588601 -0.019928884 -0.2774472 0.10354351 0.045396216 0.15976189 0.041673727 -0.12270233 -0.039532784 -0.10847643 -0.12914824 0.100098096 0.16720386 0.15520343 -0.0793838 0.021992957 -0.13833612 0.0043100542 0.1758644 -0.057811085 -0.14583118 -0.12891746 -0.20586552 0.20000637 -0.17005078 -0.0002730066 -0.28127217 0.055343963 -0.052225403 0.070397295 0.057384897 0.08427841 0.22437012 -0.13459331 -0.16935523 -0.06559121 0.016352765 0.03622342 -0.15795325 -0.12169562 -0.0786038 -0.030590698 0.0047752527 -0.032672904 -0.1964011 0.040537365 0.004391408 -0.11667546 0.19267784 -0.018681852 -0.006667311 0.07058449 0.12490375 0.16972883 0.036677487 0.049601275 -0.14570059 0.03546638 0.15692522 -0.045076344 -0.037272055 0.06679448 -0.08836062 -0.08396535 -0.13269098 -0.14694674 -0.0053302627 -0.244069 -0.18752064 -0.15846686 -0.112592 -0.3226153 -0.008280922 -0.061766066 -0.22095214 -0.016293153 0.15841149 0.024220847 0.12334427 0.080471165 0.2219989 0.105092146 0.1164901 0.02960261 0.05681127 0.09537083 -0.11589853 -0.15162812 0.02432743 0.1594103 0.07015499 -0.08072361 -0.030094786 -0.2161616 0.051826168 -0.24388702 -0.02568426 0.001496425 0.0038275456 0.20502329 0.120656535 -0.07834917 -0.03436522 -0.13259721 -0.16032834 -0.2273857 -0.1803097 -0.15640354 -0.024556082 0.028131757 -0.097699344 -0.04911211 0.13403323 0.013453297 0.100673676 -0.07729637 -0.20457001 -0.2174869 -0.1675032 0.15810429 0.10166757 -0.058847103 -0.14423186 -0.00078181794
RUS 0.16053703 -0.12183054 0.2441516 0.1135285 0.050466314 -0.07957327 -0.18525203 0.1445706 -0.05138115 0.15246198 0.26939636 0.145941 -0.07080195 -0.3970693 0.058593508 0.10243555 0.2093173 0.26394418 -0.14106919 0.030640481 -0.17558949 0.10867622 0.14708515 -0.07001944 -0.069861725 -0.035089664 -0.21490853 0.24670264 -0.17854568 0.117676675 -0.26003963 0.11756945 0.022268351 0.09879397 -0.09495705 -0.06460787 0.25084832 -0.0541773 0.21082391 0.047786914 -0.13743372 0.04321413 -0.11672342 -0.044028774 0.18989861 0.18911733 0.123128705 -0.044022415 -0.28086329 0.24291031 0.14089744 0.09100741 0.061235007 0.0031749671 0.014185115 0.07001821 0.35312608 0.08640862 -0.027733918 0.06296988 -0.12043393 0.030423008 0.01925958 0.094402015 0.2911248 0.011770558 0.016444802 0.02021884 -0.18916616 -0.042879216 -0.0029880118 -0.16909562 -0.17285377 -0.21970686 -0.14147918 -0.13067628 -0.07804833 -0.0090086 -0.19811389 0.26303288 0.15974563 -0.02218258 0.22189103 0.098909914 0.111886814 0.24279743 0.21789514 -0.22622225 0.086904265 -0.011651342 -0.2980394 -0.2124576 0.14205933 -0.17416726 -0.039586056 -0.10646661 -0.16426805 -0.23853321 0.16508125 -0.41589943 -0.22893125 -0.16020155 -0.091521665 0.26777858 -0.050941236 -0.12995422 -0.046612475 -0.1528291 -0.10837827 -0.2063669 -0.065120414 -0.1139383 0.1682369 0.17660071 -0.07647495 -0.16544315 0.09070778 0.09979907 0.10762858 0.04922092 -0.114982486 -0.23811136 -0.03014008 0.16508561 -0.15161245 -0.010947054 0.12516859 -0.21969518
NOR 0.05566426 -0.2543213 0.18970013 0.11292724 -0.004598644 -0.019640666 -0.07330437 -0.016750624 -0.25518882 0.104157075 0.23792833 0.000825088 -0.16227442 -0.18896657 0.25892234 0.0018067062 0.11830419 0.25132266 -0.061634377 -0.11879971 -0.025941359 0.21202913 -0.033090815 -0.026577963 -0.020195464 0.062305365 -0.15491682 0.25457245 -0.08726782 -0.0041875723 -0.20985724 0.17426537 0.13133465 0.037769724 -0.09789151 -0.0763155 0.3276135 -0.007978636 0.21556365 0.026067195 -0.11108125 -0.010595154 -0.054269776 -0.008914925 0.15211013 0.13552819 -0.12445877 -0.06745901 0.0018537833 0.22586082 0.16834357 0.1489577 0.15709163 0.10773981 -0.13275656 0.112907216 0.24485686 -0.07441041 -0.03957926 0.16071926 -0.072758846 -0.20936275 0.05454352 0.13611318 0.2718253 0.051881183 0.05474065 0.016379355 -0.029368619 -0.24802977 -0.07989463 -0.23925494 -0.3368227 -0.19880529 -0.08192344 -0.11268576 -0.026400212 -0.0059953528 -0.15273248 0.27748042 0.0066907927 -0.08425121 0.21643895 0.13411365 -0.0443455 0.087581314 0.24007984 -0.2714083 0.15184556 0.050678246 -0.2908652 -0.12674376 0.06409592 -0.16496444 0.24249114 -0.061448324 -0.18534718 -0.22051126 0.08982447 -0.4606664 -0.2532866 -0.12696409 -0.09305294 0.11556747 -0.097543575 -0.063487604 0.050781257 -0.22616203 -0.15475711 -0.16445272 -0.002350411 -0.07656326 0.26153007 0.22665378 -0.07203642 -0.1767989 -0.12848505 0.16016945 0.11755384 -0.025083242 -0.045709826 -0.23072256 -0.022289671 0.14848599 -0.29015458 -0.021422997 0.07182347 -0.09261284
AUS 0.28601608 -0.39919028 0.28050566 0.083605036 -0.103223115 0.110351525 -0.119344115 0.10468695 -0.08778207 -0.1687756 -0.04705752 0.06360628 -0.15146285 0.0421662 -0.05319291 0.13628557 0.23735271 0.01408373 -0.258396 0.0055054403 -0.050046608 0.123772666 0.20778808 -0.2192098 -0.22671267 0.07436081 -0.22131534 -0.014435531 -0.09846292 -0.12622797 -0.07076815 0.11961506 0.04657787 0.2697659 0.06358886 0.16842212 0.25011533 -0.08067252 -0.106075004 0.045070656 -0.08112315 0.24580881 -0.13665381 -0.011522996 0.11975948 -0.11752621 0.14112225 0.10612723 -0.102696106 0.03640233 -0.028382337 -0.12671714 0.050291967 -0.029561592 0.05487902 0.02555083 0.3559256 0.08127217 0.08867538 -0.035072677 0.06484274 -0.32402903 -0.009954454 0.17308626 0.11794287 0.043314792 -0.15410405 -0.026160492 -0.16956423 -0.1829498 0.24091345 -0.19728789 -0.22025861 -0.15926759 0.21534617 -0.22168508 0.10674855 -0.09055078 -0.2538837 0.07215627 0.024443313 -0.09373231 0.22059411 0.183815 -0.007787344 0.30772224 0.027215855 0.06112837 0.21477067 0.37925994 -0.052947994 -0.03612233 0.105527945 0.054676823 0.27737522 0.028233973 -0.074799076 -0.09115445 -0.022110522 -0.047075488 -0.13874497 0.013795591 -0.10906756 0.024696015 0.1853805 -0.12506422 -0.14242135 0.093513116 0.08413629 -0.09803313 -0.22806914 -0.05363436 0.17919376 -0.0015158317 -0.20945208 0.123382926 0.11737712 0.18635544 0.14616424 -0.14795443 0.061403885 -0.20885827 -0.14965054 0.3196972 -0.11936111 0.14121254 -0.0757961 0.21953805
IDN 0.28606185 -0.34217432 0.22029097 0.025367294 -0.08447804 0.027568702 -0.1406957 0.1751974 -0.12775688 -0.024011305 0.01898122 -0.001966387 -0.10397544 -0.021809809 -0.04630189 0.11581472 0.14812559 0.055938914 -0.2416071 0.059317447 -0.07826959 0.040815737 0.11587309 -0.1206559 -0.18450192 0.026173227 -0.22233017 0.050403927 -0.15229535 -0.068163924 -0.18518142 0.13452038 0.084549405 0.2439409 0.030687608 0.092951685 0.2259383 -0.044742484 -0.06843608 0.016561165 -0.09650532 0.1364612 -0.19429432 0.022272455 0.10109557 -0.06401268 0.12577732 0.074358225 -0.14086589 0.07311741 -0.012043642 -0.10951351 0.009161023 -0.08299229 0.037210573 0.03059678 0.35231864 0.0042528477 0.06852774 0.0025134375 0.036527075 -0.28244042 0.03755787 0.1676876 0.078486495 0.054844562 -0.13499781 -0.04858376 -0.13827793 -0.15995553 0.13264701 -0.15300645 -0.18262835 -0.16737612 0.11714535 -0.2412734 0.06060015 -0.11230944 -0.20712306 0.07031453 -0.024750909 -0.10057024 0.26531374 0.08761728 -0.01705246 0.2664971 0.0065764594 0.052093133 0.2314774 0.24743187 -0.12280155 -0.04819525 0.05459891 0.052875392 0.17604382 0.01792368 -0.11052177 -0.12725005 0.02103378 -0.13943951 -0.12001646 -0.049843457 -0.14588779 0.02443625 0.08263788 -0.11040964 -0.1411384 0.021145474 -0.022079203 -0.06558115 -0.222338 0.018981377 0.2234114 0.04434187 -0.17007425 0.026885219 0.020402346 0.1646922 0.1826385 -0.07760079 0.040128022 -0.2429417 -0.13676047 0.37376568 -0.13419151 0.109812334 -0.024658062 0.14212427
COL -0.09655499 -0.40300432 -0.28503865 0.1970692 0.020679321 -0.12032477 -0.36437148 0.40344712 0.013924031 0.07411075 0.0109940935 -0.312573 -0.12762623 -0.09707661 0.021811172 0.118321806 0.23865847 0.3233506 0.020913348 -0.16529305 0.14760083 0.2395291 -0.08662953 -0.21143463 -0.056515813 -0.20505801 -0.43187898 0.11332795 -0.0495166 -0.008661446 -0.03896253 -0.2070291 0.16336288 0.31383955 -0.13151957 0.004674201 0.1203705 -0.35103488 0.106410824 0.16126809 -0.06699399 -0.20445102 0.057773665 -0.19463877 -0.23287427 -0.20150371 0.094433635 -0.1180785 -0.22873512 -0.016000878 0.34206378 -0.33552787 0.21425073 0.15665756 -0.061689105 0.017012099 0.17209989 -0.16346246 0.022213208 0.12537129 0.22935356 0.26814255 0.2919227 0.096649535 0.016861597 0.08008025 0.12573877 0.25207272 0.17295069 -0.19878043 -0.2008706 0.01601898 -0.10956942 -0.15942627 0.051702704 -0.56482345 -0.052643802 0.28170043 -0.25651908 -0.090239845 -0.15385114 -0.0141535625 0.15221427 0.006094855 0.33579445 0.20380396 0.15458389 0.061247144 -0.026575202 0.09146791 0.2590931 -0.320963 -0.3208641 -0.059513878 0.13413782 0.017746966 0.044694837 -0.2741672 -0.084468655 -0.20397627 0.3205728 -0.028819451 -0.032076344 0.06446757 -0.14850843 -0.08438796 -0.22270052 0.02865622 0.07124104 -0.34390953 0.06925571 -0.114283435 -0.149022 0.2710284 -0.11240454 -0.03823022 -0.058881655 -0.20075041 0.13026233 -0.10708128 -0.5639277 -0.05984036 -0.1307034 0.11402954 0.38071695 0.1418515 -0.10042248 0.3513832
USA -0.058528878 -0.3615857 -0.10497353 0.108365886 -0.067846805 0.029148962 -0.076059 0.060133807 -0.21206066 -0.053181756 0.04409789 -0.19734171 -0.17694199 0.12762724 0.18014018 -0.0142816985 0.102718554 0.19107297 -0.020222617 -0.31352252 0.21881719 0.25925845 -0.18958053 -0.21936566 -0.038526602 -0.019141655 -0.20511717 0.06264905 0.064826064 -0.070832476 -0.006968524 0.028326249 0.13669837 0.18054594 -0.06502904 0.07881881 0.19174112 -0.16010831 0.057028826 0.074885435 0.008507286 -0.10440281 0.058816083 -0.05302812 -0.106298104 -0.14458187 -0.17978305 -0.093851194 0.11505339 -0.032100074 0.2377767 -0.06591052 0.21498956 0.137429 -0.12988573 0.057062622 0.13240114 -0.13455854 -0.0067210514 0.09774097 0.10839107 -0.16672595 0.13554828 0.13551295 0.13630594 0.08862092 0.09339122 0.11666567 0.14288297 -0.4349472 -0.13874364 -0.16965893 -0.33626154 -0.14693795 0.11775173 -0.32811466 0.100922845 0.10745543 -0.1098926 0.0116751725 -0.10504954 -0.12313964 0.17903353 0.13877831 0.053912595 0.04434954 0.17057492 -0.04724642 0.075929046 0.12908465 0.05075568 -0.068980336 -0.1549383 -0.021194443 0.41447386 0.029042795 -0.040696695 -0.26352456 -0.12222846 -0.25690714 0.07654696 0.051933832 -0.061487958 -0.037955288 -0.029323848 -0.016879842 -0.08766198 -0.11172035 0.03739534 -0.12155082 0.07429412 -0.037920453 0.057828043 0.2423497 -0.06560918 0.040399823 -0.22108708 0.025116706 0.1181186 -0.13092327 -0.15212771 -0.077459656 -0.017633991 0.07012558 0.041270472 0.0992614 -0.06345487 0.30010098
CHN 0.27116644 -0.25948063 0.36009175 0.12714542 -0.0018782801 0.030522807 -0.053850617 0.025663879 0.01939025 -0.117532246 0.1546009 0.17646152 -0.0042051068 -0.16370547 0.06758791 0.22561675 0.26838535 0.06696926 -0.2418044 0.04288544 -0.04954461 0.17607155 0.22574262 -0.1651516 -0.102657706 0.0881531 -0.12290931 0.07038107 0.024219763 -0.02980545 -0.21525553 0.11128004 0.0049356436 0.16330887 -0.0063369386 0.10129972 0.19041078 -0.07802851 0.05027025 0.0443592 -0.073103175 0.18124142 -0.08383743 -0.006967559 0.19718532 0.06248046 0.15141474 -0.0042659766 -0.19757156 0.07911487 0.092673674 0.049762152 0.013739069 -0.013166019 0.06371895 -0.03239358 0.43028888 0.13925147 -0.07532885 -0.08929683 -0.096883975 -0.09304744 -0.035510972 0.069702126 0.21508367 -0.07248499 -0.019148283 0.014631448 -0.18805946 0.036878884 0.18955909 -0.08004595 -0.20651592 -0.11674208 0.103333086 -0.09488737 -0.070637174 0.034306206 -0.2908644 0.19638218 0.06734979 -0.0060722646 0.19177108 0.258532 0.21838616 0.3855278 0.070229106 -0.17092134 0.07878798 0.28534698 -0.16600667 -0.13210867 0.21877605 -0.0021367364 0.14553505 -0.00943985 -0.03785823 -0.06992796 0.032229565 -0.11155365 -0.18706499 -0.048263393 -0.16895789 0.16004868 0.19601464 -0.17544863 -0.14310117 0.12130295 0.121359505 -0.1570128 -0.06731316 -0.15980268 0.03949433 0.03731916 -0.0742788 0.074802786 0.24489515 0.1460915 0.04932034 -0.03524854 0.04670071 -0.14977385 -0.1414923 0.111486636 -0.056287408 0.0792597 -0.072876096 0.036768064
ROU 0.22692892 -0.27076015 -0.10840232 -0.16560557 -0.29513904 0.09723703 -0.26497892 -0.017568624 0.022602959 0.26552227 0.04847796 -0.059460014 0.047242865 -0.104857475 -0.19305336 0.124421954 0.14122044 0.1698638 -0.104958355 -0.06414233 -0.1594584 0.034702986 0.21234334 0.07877468 -0.13033225 -0.15625165 -0.12878682 0.1885866 -0.14154626 0.009076208 -0.37121895 0.17362481 -0.16603985 -0.06052634 0.110289365 0.25106788 0.36106262 -0.16210142 -0.2193435 -0.16897805 0.17364682 0.034405135 -0.24204299 -0.07893269 -0.22264153 0.11143615 -0.091915525 -0.04555509 -0.22527526 -0.03881085 -0.07574042 -0.051540274 0.31076598 -0.08608417 -0.02862276 0.062613025 0.123437405 0.26201817 0.042438872 0.0058067734 -0.29127273 -0.17621502 0.20154223 0.010735445 0.009054692 -0.039158437 -0.11876701 -0.18367437 -0.17927462 -0.2503679 -0.11851233 -0.39491284 -0.2766635 -0.08442918 -0.28157848 -0.33797765 0.0037236016 -0.094890736 -0.1761784 0.064725354 0.2714362 0.045155473 0.09378819 0.21796817 0.28233054 0.08598482 0.07565769 -0.040386982 0.18596174 0.13196725 -0.22964248 -0.050981995 0.16345917 0.3077951 0.18131837 -0.21200566 -0.046871975 -0.23253088 0.06293384 -0.30098787 -0.12541454 0.11860207 -0.10185667 0.14990996 0.16030903 -0.118282124 0.005394359 -0.10589943 -0.26023808 -0.2557165 -0.20312792 -0.36584952 -0.020843538 -0.015892517 -0.076430574 -0.052488975 0.09715653 0.11739919 0.14639825 -0.1537253 -0.07952549 -0.28764564 -0.18532409 0.17592259 -0.011005688 -0.19460654 -0.255953 -0.01948489
HRV 0.16357337 -0.13280725 0.019260993 -0.03705731 -0.10897975 -0.05900209 -0.28207994 0.06325996 -0.0039382526 0.2670711 0.17780499 0.046412203 -0.032606386 -0.32508108 -0.06593305 0.02752606 0.11460009 0.30929452 -0.05740518 -0.051171247 -0.18876947 0.016404664 0.18473862 0.037515055 -0.07998432 -0.16242272 -0.16415282 0.31738558 -0.23999453 0.14463703 -0.3179741 0.13783063 -0.06742214 -0.0063053095 -0.0060336045 0.023279455 0.34738225 -0.08635953 0.052227084 -0.04471671 -0.004317528 0.0311686 -0.16289033 -0.08885208 -0.059073713 0.1975218 0.000516404 -0.06028626 -0.25810468 0.14379103 0.012014895 0.03270803 0.19515662 0.021009127 -0.019481972 0.12989482 0.1408401 0.18125568 -0.01720374 0.08825271 -0.23079778 0.009934686 0.1267277 0.014227138 0.17853059 0.029772729 -0.071070075 -0.09174446 -0.21152316 -0.18519455 -0.104493484 -0.3914604 -0.24693047 -0.22419819 -0.2967616 -0.2207659 -0.030927353 -0.103397414 -0.1280609 0.16726553 0.33128795 0.014130735 0.19707558 0.11553703 0.1529254 0.083451696 0.23156314 -0.17191374 0.09093932 -0.057562415 -0.3306968 -0.13917287 0.18282703 0.020262046 0.03692788 -0.19332626 -0.16588622 -0.34295323 0.1657781 -0.503021 -0.24386081 -0.031474754 -0.015735175 0.27672037 -0.023431847 -0.08821091 0.045809254 -0.27338096 -0.23953919 -0.25606716 -0.15300018 -0.2197703 0.10267466 0.13828765 -0.09237247 -0.20450492 0.07809776 0.07065334 0.14002605 -0.050706714 -0.16020483 -0.29253414 -0.060045574 0.20500354 -0.08915153 -0.18615319 -0.018849675 -0.2627124
SWE 0.038152974 -0.25589168 0.19799666 0.18140125 -0.012305429 -0.07449667 -0.07593841 0.0344795 -0.30641842 0.16619433 0.2941778 0.043009803 -0.18855034 -0.27057087 0.27510512 -0.0047478946 0.14706208 0.29965386 -0.038586076 -0.16377056 -0.08324005 0.24291892 -0.07567441 -0.0022131868 0.024473865 0.04894364 -0.24021187 0.34058192 -0.13424808 0.020809615 -0.26924315 0.21572271 0.16255288 0.020524833 -0.10933897 -0.13508101 0.4208922 -0.018404754 0.3229496 0.048175495 -0.13395427 -0.024699753 -0.050377402 -0.036340844 0.18429574 0.20286866 -0.12051039 -0.08104457 -0.033240244 0.31208625 0.15213434 0.1850829 0.17593521 0.0968072 -0.1323786 0.10656546 0.23881646 -0.09093761 -0.057815395 0.21686475 -0.056935657 -0.20111766 0.07388132 0.20745161 0.29286066 0.051316284 0.0631174 0.04676869 -0.017295154 -0.26590586 -0.1221845 -0.21574189 -0.33706394 -0.21293512 -0.15641133 -0.12013622 -0.09588423 -0.025624482 -0.10302432 0.28959918 0.004791519 -0.12442592 0.24202111 0.099247724 -0.09103873 0.12680148 0.2887779 -0.30597082 0.18513812 -0.027980555 -0.33216324 -0.14514929 0.055439517 -0.19241163 0.16458914 -0.105245136 -0.2217806 -0.28249118 0.14861928 -0.5304671 -0.31543624 -0.16637795 -0.09498912 0.1743798 -0.1873302 -0.07907755 0.09680526 -0.2856241 -0.21442035 -0.1586247 0.008452915 -0.07408501 0.30672228 0.28829414 -0.072599635 -0.27662498 -0.1565155 0.16158678 0.12811272 0.014262373 -0.10482205 -0.28438485 -0.0041659414 0.15333568 -0.34360617 -0.04090964 0.15944606 -0.18592465
DEU -0.056540687 -0.18250419 0.11089602 0.16587472 0.11958139 -0.053948667 -0.079324365 0.082805485 -0.16875315 0.17454419 0.3116955 -0.048263974 -0.05915478 -0.30219156 0.35498244 0.058754742 0.20300022 0.24331437 0.041561984 -0.101146504 -0.015189176 0.2729279 -0.102690265 -0.008466332 0.04895406 0.01132386 -0.13758348 0.23205285 -0.019815115 0.0063429684 -0.1869449 0.03282167 0.1578324 0.032378484 -0.17480142 -0.118350215 0.24459942 -0.08646752 0.31537133 0.05949833 -0.104266666 -0.177876 0.0012204482 -0.015773743 0.15165694 0.1892691 -0.05363463 -0.114098355 -0.10151819 0.27988505 0.3081195 0.13952212 0.19837447 0.1366796 -0.114194244 0.04277461 0.31332248 -0.13477042 -0.048773956 0.2211468 -0.06327231 0.049992826 0.10271825 0.09748198 0.3090393 -0.050441712 0.14333788 0.1633025 0.053907298 -0.06525218 -0.15055968 -0.033729948 -0.24554808 -0.11979598 -0.124652065 -0.16725291 -0.17663515 0.11819594 -0.21802282 0.30981812 -0.095286354 -0.019035067 0.089277774 0.1795233 0.2066251 0.18804018 0.22496192 -0.36040983 0.06542716 -0.057618048 -0.1675946 -0.28378952 -0.015161929 -0.18835726 0.09755752 -0.01539237 -0.10028769 -0.1526622 0.04612332 -0.4216335 -0.12532657 -0.16248156 -0.07989967 0.1547127 -0.16483442 -0.14747371 -0.019859066 -0.12990244 -0.12520461 -0.2908978 0.11706938 -0.20407218 0.100846626 0.2570864 0.0011084131 -0.17807156 -0.095730826 0.06096772 0.038893543 -0.0038503336 -0.2070271 -0.110728 -0.0425814 -0.012057469 -0.16027197 0.041237313 0.09972146 -0.0010457991
TUN 0.010749294 -0.16686967 0.15868603 0.1657253 0.13570032 0.047906276 0.0030051465 0.10506963 -0.07904445 0.036552466 0.29641572 -0.059187684 0.060863897 -0.22872913 0.41723752 0.24154158 0.31399047 0.12395155 0.04631428 -0.03209981 0.13854167 0.35068798 -0.051694248 -0.042502545 0.0668932 0.04148816 -0.034575682 0.10269877 0.17640494 -0.025992092 -0.15412304 -0.024886189 0.09281785 0.0810587 -0.1335331 0.028143296 0.093258195 -0.123376675 0.18025063 0.06010289 0.022936331 -0.17016396 -0.016118396 0.089550816 0.08493899 0.20712513 0.022516726 -0.079692855 -0.20149341 0.18206309 0.41197702 0.0978003 0.18223453 0.083379135 -0.08050559 -0.090886585 0.46002945 -0.08900667 -0.02848216 0.11759761 -0.1149066 0.06339603 0.09861302 0.06250326 0.28300375 -0.24306114 0.13303484 0.16660155 0.07970746 0.12798627 -0.16604492 0.07944386 -0.18071248 -0.020958697 -0.020501304 -0.168498 -0.19088787 0.2084257 -0.37807557 0.34055892 -0.18852277 0.051092464 -0.04945861 0.315054 0.52220386 0.27333274 0.06744443 -0.36683854 0.052971542 0.04955386 -0.09089781 -0.3952535 0.03171691 -0.064218 0.1335922 0.057078935 0.071459875 0.073033616 -0.14547832 -0.21590573 -0.030205173 -0.10425604 -0.1267486 0.10826532 0.01704772 -0.28078574 -0.12275126 0.13132718 0.023068115 -0.33669737 0.15445201 -0.39432022 -0.0601802 0.101161845 0.045767043 0.061219383 0.06030163 0.05431408 0.029919427 -0.10591081 -0.14542641 0.008821167 -0.11729586 -0.06836995 -0.08580573 0.13741443 -0.04719024 0.2292192
NLD 0.041755807 -0.2087026 0.017685937 0.07959227 -0.050560597 0.0048264014 -0.0707624 0.02517767 -0.16709037 0.05479172 0.1281964 -0.04644051 -0.09508525 -0.06958949 0.1234949 0.072099455 0.09776892 0.19356258 -0.015568963 -0.14536244 0.076767676 0.18556488 -0.039947804 -0.06475687 -0.0074431063 -0.030785467 -0.14587958 0.16390043 -0.0152459815 0.002577073 -0.15750557 0.08386273 0.07704403 0.08379781 -0.027348787 0.056050938 0.22178534 -0.08213859 0.06872483 0.034199353 0.015386527 -0.05389485 -0.054522973 -0.011734232 -0.032757495 0.072923355 -0.08075691 -0.0715484 -0.08331153 0.07046081 0.16527882 0.043957964 0.16390347 0.049802896 -0.08400766 0.018279038 0.18202682 -0.046366382 -0.01784869 0.07346036 -0.04787293 -0.1388282 0.124291226 0.10345648 0.11537136 -0.019827738 0.03715034 0.046464786 0.012604322 -0.20000964 -0.14087476 -0.16712172 -0.23175573 -0.1151033 -0.055855654 -0.18445535 -0.025286779 0.036386725 -0.123853765 0.10701219 0.00065982173 -0.043577857 0.12852854 0.13431807 0.12441182 0.061385352 0.14098155 -0.14752541 0.1029935 0.039961312 -0.12244337 -0.12363391 0.012451633 -0.010974223 0.2246392 -0.037168123 -0.048251934 -0.17070566 -0.040016565 -0.29594755 -0.06772873 -0.023120796 -0.07672851 0.047496192 -0.030141111 -0.08545581 -0.01837417 -0.077575184 -0.0766241 -0.14677374 0.0053174566 -0.14571227 0.07467037 0.14953381 -0.052004308 -0.053454556 -0.044379164 0.06513087 0.10581973 -0.0744607 -0.09439712 -0.12719588 -0.05325799 0.111255005 -0.08241176 -0.0045745294 -0.040581446 0.08089916
NGA 0.02017499 -0.35347953 -0.09427768 -0.04038188 -0.16118619 0.09866014 -0.16925079 -0.00044246262 -0.07012481 -0.06976146 -0.054039758 -0.13927153 -0.14654028 0.1409217 -0.009039426 0.018040618 0.13127618 0.16355631 -0.010964436 -0.2729566 0.1857901 0.17492387 -0.0125034675 -0.24100497 -0.09757757 -0.049680833 -0.13924566 -0.05075375 0.026222074 -0.071165904 0.05523149 0.03532155 -0.0006424353 0.20580941 0.008365779 0.2340482 0.16242297 -0.2143228 -0.1176171 0.043496776 0.106662326 -0.028765561 -0.015769357 -0.039857328 -0.22041075 -0.14776774 -0.1304939 -0.0414284 0.027045624 -0.15857571 0.16535272 -0.127779 0.18526426 0.080016874 -0.12761799 0.053653155 0.07481677 0.03452526 0.08091413 -0.0052422704 0.053384077 -0.19228698 0.10451933 0.08978375 0.14664032 0.06949767 0.010079381 0.004403088 0.05894132 -0.45558012 -0.13915993 -0.33209726 -0.30423218 -0.16952285 0.09910452 -0.3600489 0.19484712 0.073338725 -0.13780345 -0.016277079 0.020175183 -0.06495005 0.11986236 0.19195548 0.13043676 -0.0068599167 0.08327336 0.013466094 0.050712854 0.21000227 -0.006701307 -0.00742178 -0.06495564 0.077357516 0.43501553 -0.0072526657 0.005423837 -0.25394142 -0.14042817 -0.20708726 0.11317869 0.15891959 -0.028426236 -0.05439389 0.097585924 -0.040338337 -0.11950456 -0.06299218 0.07156691 -0.16773264 -0.07690446 -0.15254359 0.017667783 0.13203472 -0.11596856 0.13086568 -0.116919406 0.042757414 0.1450049 -0.23469758 -0.12130751 -0.11782573 -0.074717574 0.116399676 0.038505223 0.08206295 -0.18896045 0.34363127
JPN 0.24187908 -0.3378477 0.09453974 0.050624594 -0.14619087 0.06623078 -0.17356245 0.23366003 -0.102385685 -0.06889481 -0.07154059 0.014075136 -0.15355419 0.02923398 -0.11461008 0.17654163 0.17471111 0.030290512 -0.13106208 -0.020708388 -0.015085933 0.048446454 0.111680955 -0.15555622 -0.15035884 -0.013225975 -0.28317448 0.053492207 -0.17841747 -0.039585855 -0.11276051 0.03927468 0.069961786 0.29119313 0.08276647 0.14563674 0.20763427 -0.09687221 -0.09838777 0.047749136 -0.02639125 0.13372798 -0.18995656 -0.009485564 -0.07877622 -0.10229937 0.1412779 0.11638844 -0.23180276 0.01074904 0.013943279 -0.23428527 0.03231883 -0.0741012 0.027055785 -0.025524003 0.2732783 -0.012135552 0.089716665 0.0315506 0.044812184 -0.26893422 0.08596401 0.20307678 -0.026618985 0.042637248 -0.19403769 0.0039089136 -0.1262606 -0.19497052 0.03870289 -0.18187198 -0.106389664 -0.16376053 0.08021819 -0.28711444 0.07481789 -0.1371039 -0.16893959 -0.048100866 -0.04905894 -0.08583316 0.17681313 0.05145232 -0.0148886945 0.18909925 -0.04369761 0.13488561 0.22480313 0.17095034 -0.052014377 -0.079040624 0.054893214 0.08854018 0.17096324 -0.010520717 -0.017617222 -0.06522406 -0.049874835 -0.09086937 -0.06264328 -0.01845415 -0.059076577 0.0078677265 0.08672976 -0.18617506 -0.10638935 0.08514901 0.03941662 -0.056496352 -0.25471067 -0.042483725 0.15546031 0.0014112522 -0.19055204 0.110742584 0.053904332 0.10090002 0.24203117 -0.14100516 -0.023753786 -0.21350656 -0.104210526 0.41767058 -0.109315366 0.09576506 -0.057033982 0.20546106
SGP 0.2903687 -0.3634427 0.11673097 0.022245102 -0.17527069 0.039905168 -0.19613932 0.13990529 -0.097083054 -0.041274317 -0.029799549 -0.011453566 -0.118186936 0.03319317 -0.14178227 0.15321852 0.16659187 0.082765535 -0.22259176 0.029934518 -0.04514496 0.029264472 0.20528083 -0.15863404 -0.20845915 -0.016693093 -0.23458008 0.084006175 -0.19281755 -0.06545805 -0.2004281 0.117314376 0.020839931 0.27446797 0.098564 0.19061366 0.20911287 -0.08643352 -0.18513188 0.018777465 -0.019069765 0.18132967 -0.22021715 -0.012777321 -0.018500391 -0.086246245 0.097440675 0.09500031 -0.17801227 -0.009652747 -0.05439266 -0.1464043 0.03362809 -0.08797263 0.03416756 0.0012396661 0.2494304 0.07434459 0.081590354 -0.028310202 -0.0042894874 -0.29524153 0.07739924 0.14144653 0.0120371785 0.0790349 -0.189713 -0.108789004 -0.19654723 -0.23520784 0.09847843 -0.304066 -0.19143945 -0.22441754 0.12504494 -0.28998944 0.11930042 -0.14828545 -0.21654513 0.0026057928 0.07306724 -0.055344336 0.24505283 0.095201425 0.0054449206 0.16251521 0.02523399 0.12712637 0.2056909 0.25202873 -0.12254681 -0.0532129 0.12826373 0.12882765 0.21284156 0.0028901394 -0.09619653 -0.16449411 -0.010548554 -0.13166063 -0.109268636 -0.020429356 -0.08055488 0.054492086 0.170259 -0.109964885 -0.116187066 0.02767143 0.0028649957 -0.047963727 -0.30157614 -0.0019351254 0.20205101 -0.008682745 -0.21410128 0.09000504 0.12067198 0.13930926 0.20224933 -0.14447787 0.032046687 -0.26156697 -0.15269098 0.42792222 -0.074257076 0.047952034 -0.09291654 0.14130639
NZL 0.19726507 -0.46719152 0.2658011 0.13298568 -0.10031397 0.1451944 -0.13646543 0.088310614 -0.07302955 -0.2876594 -0.15362078 0.053321887 -0.26775667 0.084721304 0.004324982 0.0662249 0.23071373 -0.04021133 -0.16223504 -0.10094603 0.008433299 0.17607675 0.20575456 -0.19845238 -0.18843873 0.114896744 -0.2614122 0.01681103 -0.08999771 -0.16001086 0.112734586 0.024494443 0.08727141 0.21941875 0.04393752 0.07646203 0.28219435 -0.11513231 -0.031618822 0.08288828 -0.11276152 0.30912113 -0.018721098 -0.11256813 0.068681754 -0.23275182 0.17241682 0.1598877 -0.003925537 0.065738104 -0.009955392 -0.2250161 0.08160042 0.089556284 -0.026987616 0.107395254 0.29589596 0.07990809 0.091343954 0.07842365 0.14320539 -0.3001603 0.0023030462 0.14823121 0.093340784 0.11232177 -0.16429041 0.048966397 -0.1141823 -0.25619954 0.28742492 -0.25141716 -0.21384442 -0.16568834 0.2637562 -0.25954664 0.16178197 -0.10106993 -0.22147481 0.022562955 0.02821568 -0.14987357 0.17507665 0.17967094 -0.135938 0.33870333 0.06309282 0.08477612 0.18452834 0.43467337 0.07489323 -0.041561086 0.1626255 -0.022399563 0.32631752 0.010422943 -0.033065397 -0.052198537 -0.07818946 -0.009926784 -0.20270774 0.073084235 -0.017084608 0.07208773 0.16717689 -0.17093118 -0.116120845 0.102727175 0.14827643 -0.16587117 -0.23673747 -0.14809498 0.12181116 -0.0002767815 -0.30225137 0.1288831 0.15470068 0.15890293 0.1726159 -0.235303 -0.11508329 -0.213681 -0.16307482 0.30645895 -0.096097715 0.17892537 -0.13244352 0.26610744
ANT -0.10416394 -0.37424308 -0.2422206 0.112038404 -0.070541225 -0.055609632 -0.24951248 0.24688874 0.03508077 0.00066718884 0.02077867 -0.2063652 -0.1618362 0.007387978 0.046758004 0.14661115 0.21362446 0.18840742 0.13220002 -0.23866941 0.11393139 0.21780996 -0.12468188 -0.258255 0.0016132795 -0.15047249 -0.35430208 0.10907925 -0.010909754 -0.0010818171 -0.017250177 -0.19443882 0.14088133 0.26855338 -0.011386187 0.028324522 0.14288913 -0.2838707 0.045174986 0.1137319 0.003976757 -0.15487118 0.054093353 -0.19741482 -0.19066225 -0.20241778 0.015531201 -0.091400586 -0.14102702 -0.026680999 0.30985194 -0.2714086 0.19466978 0.13541898 -0.046017 0.021003058 0.14326407 -0.07397572 -0.014346338 0.15174286 0.08724687 0.18555583 0.23945855 0.08594125 0.0136813205 0.076903686 0.0523431 0.22256616 0.12784553 -0.2590344 -0.17791517 -0.05970454 -0.14449108 -0.16274722 0.019681651 -0.5030138 -0.034294814 0.20627202 -0.2083107 -0.121760115 -0.13181345 -0.04434752 0.08664252 0.09471702 0.30711886 0.1892304 0.14064075 0.038385354 -0.035780188 0.076513976 0.15874222 -0.2824761 -0.21768537 -0.00083589065 0.20785098 0.01048229 0.098480955 -0.22241645 -0.12065592 -0.20594677 0.22106996 -0.013223383 0.028824989 0.12158642 -0.04760094 -0.12635915 -0.14116174 -0.01215448 0.044361673 -0.33415058 0.048418615 -0.13558073 -0.15855244 0.2523832 -0.096966445 0.014537929 -0.01481322 -0.16066843 0.1512874 -0.10185529 -0.46616644 -0.06286346 -0.13194261 0.08121704 0.29597685 0.13463353 -0.116636395 0.28818914
SCG 0.20719777 -0.15442817 0.2175355 0.03516234 -0.010988769 -0.045332186 -0.18357703 0.10690516 0.031334985 0.10465411 0.16925386 0.08863529 -0.032894988 -0.2898049 -0.045882788 0.14688826 0.2218412 0.17193727 -0.1670754 0.08558712 -0.18534571 0.06317986 0.21293336 -0.06628134 -0.122924045 -0.053368192 -0.165131 0.16912735 -0.14277445 0.0582057 -0.25434673 0.09100993 -0.043394893 0.10748671 -0.042185493 0.030649401 0.243278 -0.08375549 0.05127302 -0.0064136256 -0.079888865 0.10129757 -0.1320152 -0.04804793 0.11414528 0.10470504 0.15292382 -0.036136437 -0.26674426 0.11790076 0.058255933 0.01338815 0.063941 -0.046377074 0.067301825 0.02912581 0.31863973 0.17700258 -0.012620833 -0.02856579 -0.1270285 0.027036522 0.011517816 -0.0006115682 0.18980409 -0.013754434 -0.052542698 -0.030159157 -0.2143 -0.006145564 0.10075797 -0.14736673 -0.14905146 -0.16705954 -0.098935924 -0.15699102 -0.06842125 -0.02899945 -0.23889016 0.18075247 0.18214732 0.008159091 0.16910072 0.111709274 0.19917032 0.26487228 0.1322127 -0.1452076 0.056072533 0.110729314 -0.22869717 -0.15578543 0.151603 -0.02418017 -0.024366241 -0.078840375 -0.088076 -0.1785429 0.12523761 -0.2670976 -0.13543934 -0.07257342 -0.09613359 0.2263495 0.06609824 -0.11791552 -0.09206677 -0.05011329 -0.06075074 -0.2132432 -0.10805192 -0.15220864 0.06664871 0.0827006 -0.073283315 -0.07732868 0.1852013 0.09848339 0.0825219 -3.7910268e-05 -0.107946105 -0.21633996 -0.1113463 0.13051426 -0.029841537 -0.0203083 -0.002695942 -0.12488324
DNK 0.046226848 -0.20121616 0.21794611 0.13568933 0.03901112 -0.07854674 -0.07875555 0.031185038 -0.23732291 0.19505674 0.29661548 0.045828376 -0.13318534 -0.3195891 0.25029725 0.027776148 0.16373976 0.28914887 -0.05059159 -0.07884387 -0.1097612 0.20445509 -0.04212221 -0.0013662367 -0.0042072814 0.026706584 -0.20158733 0.3057419 -0.1161134 0.031285085 -0.2679721 0.19195977 0.1291905 0.04664766 -0.12967587 -0.11943861 0.3700918 -0.036835007 0.29765615 0.050306376 -0.14677334 -0.055075813 -0.0702507 -0.01940926 0.21314967 0.21406764 -0.057381008 -0.10356155 -0.08876432 0.29209375 0.17137255 0.17760913 0.14533694 0.073870175 -0.09467619 0.09956825 0.27916324 -0.061619245 -0.053628065 0.17153959 -0.08558331 -0.12667187 0.05865945 0.15799408 0.30954382 0.026919294 0.07359676 0.03911151 -0.045913223 -0.17810106 -0.082352035 -0.16748354 -0.30548632 -0.18710843 -0.1457235 -0.11357084 -0.10704686 -0.019904358 -0.13099657 0.29648376 0.024150861 -0.075107135 0.21646321 0.11177099 -0.0005420795 0.15817095 0.249664 -0.32345045 0.15522204 -0.019187832 -0.31209287 -0.16699037 0.06583717 -0.1880875 0.11946776 -0.07810379 -0.20652515 -0.2520837 0.16075212 -0.4868469 -0.25522405 -0.15965046 -0.11389724 0.15716533 -0.16394563 -0.06953775 0.038249567 -0.24735405 -0.1945847 -0.16989006 0.011380412 -0.08579067 0.26563466 0.2577974 -0.050753005 -0.25508714 -0.09864339 0.14913331 0.08943627 0.026116505 -0.082494095 -0.24603504 -0.024795333 0.1287745 -0.30173454 -0.025759198 0.14017172 -0.18285263
KOR 0.32570788 -0.3695006 0.27681646 0.085016616 -0.123388626 0.076633066 -0.09041645 -0.029065415 0.017580928 -0.24375589 0.061281048 0.19615719 -0.04590693 0.05399851 -0.046787158 0.19359593 0.2539547 0.05481174 -0.3236028 -0.060813196 0.052201983 0.17213348 0.2602278 -0.26932487 -0.13602974 0.08636088 -0.13445868 -0.012359572 0.046737377 -0.05857673 -0.15490367 0.1447588 -0.03396683 0.27149597 0.1015415 0.25205895 0.19585 -0.10539997 -0.12549464 0.06391893 0.0027690302 0.28073594 -0.07624023 -0.044971984 0.06912418 -0.09389111 0.06815018 0.040200207 -0.10882283 -0.08447122 -0.04261245 -0.012313835 0.053749308 0.030857919 0.074842684 -0.008504193 0.32237792 0.20449159 -0.075853385 -0.14339857 -0.063956454 -0.251354 0.017868795 0.08126922 0.18197903 0.006249015 -0.084914364 -0.054505635 -0.23723717 -0.1973676 0.19546461 -0.31501845 -0.27959222 -0.19926333 0.20681955 -0.17949036 0.07251213 -0.006671181 -0.27126893 0.0926644 0.13881022 -0.051765148 0.2682371 0.3375453 0.14219531 0.31060347 0.08191191 -0.03221753 0.0967981 0.4230594 -0.13296013 -0.023051003 0.26802802 0.0944635 0.36681426 -0.017329056 -0.050779324 -0.16432884 -0.051192835 -0.09566253 -0.21704417 0.018609729 -0.1864754 0.12529564 0.32911605 -0.12523256 -0.17774932 0.12390143 0.1941847 -0.14135353 -0.14174375 -0.1467611 0.077617496 0.03961157 -0.17013058 0.147382 0.25440738 0.14564042 0.12053468 -0.16232915 0.06123526 -0.22435607 -0.17656218 0.22270897 0.017463109 0.05530256 -0.18772842 0.16721928
CAN -0.013161116 -0.33297503 0.011659589 0.0870426 -0.062020242 0.005177689 -0.08575697 0.0080984095 -0.23967952 0.0796702 0.10619565 -0.13445987 -0.15694524 -0.00011183845 0.16749756 -0.02916986 0.09600383 0.21835601 -0.037390906 -0.19088474 0.054348644 0.2021188 -0.11676553 -0.06624473 -0.05421631 3.6434154e-05 -0.205689 0.17350936 -0.042738058 -0.08602988 -0.12551981 0.12261757 0.14535414 0.07641821 -0.05150921 -0.0047021853 0.2893966 -0.09802049 0.09897619 0.03059812 -0.057296325 -0.064550765 -0.03169768 -0.06038768 0.00510114 -0.0050260206 -0.15630257 -0.078555726 0.0832407 0.101829775 0.13176905 0.034094762 0.20601884 0.111698754 -0.13968119 0.095185705 0.11617328 -0.10690518 -0.0027268825 0.15238018 0.041834846 -0.21086772 0.12416516 0.1486655 0.14189766 0.08915913 0.04500486 0.045698304 0.078676924 -0.33377096 -0.10209325 -0.19536635 -0.31761828 -0.14202061 0.0056271185 -0.22685744 0.017896157 0.011588028 -0.10597719 0.10034644 -0.05408203 -0.098192126 0.1867273 0.10585359 -0.025319912 0.055061895 0.16849397 -0.12879579 0.13618498 0.088585034 -0.09441625 -0.058221556 -0.09105985 -0.03115918 0.2970697 -0.036476098 -0.11525477 -0.23430558 0.023583453 -0.31362024 -0.07932606 -0.027111575 -0.06988763 -0.003610414 -0.09912552 0.01085216 0.01564019 -0.18102501 -0.11248376 -0.12520194 0.011849552 -0.034992296 0.16905911 0.19059545 -0.059146024 -0.11976907 -0.19320661 0.09026226 0.08824778 -0.08207845 -0.090441026 -0.15167706 -0.036293413 0.11291018 -0.12752286 0.027613716 -0.012762528 0.09005115
LBY 0.077944115 -0.25826713 0.0041531087 -0.07611674 -0.12295455 -0.010214428 -0.21854347 -0.08898381 -0.00774931 0.18287016 0.09655156 -0.12924795 -0.019704888 -0.15990992 0.023084931 -0.050086055 0.089420125 0.25688308 0.010433131 -0.09041806 -0.09929115 0.049140044 0.15236653 0.025263395 -0.1287319 -0.11372613 -0.05828411 0.27169293 -0.19159167 0.00088559993 -0.19446695 0.11457745 -0.027867643 0.007407278 -0.009881464 0.070933774 0.3153297 -0.09835906 -0.08451345 -0.0630983 0.0109478375 0.014040858 -0.09603238 -0.10576796 -0.083379984 0.061599463 -0.14997697 -0.017176379 -0.010611554 0.1168619 0.017825872 -0.04381945 0.2326103 0.13049604 -0.15612796 0.14085647 0.01976377 0.101818204 0.038518004 0.16485047 -0.15929623 -0.06531683 0.107175194 -0.04864147 0.091853894 0.06854084 -0.110059835 -0.14601797 -0.11907574 -0.2561993 -0.064137705 -0.5011133 -0.37222052 -0.2340746 -0.10593509 -0.2913394 0.072299436 -0.117163025 -0.16745427 0.15290555 0.21684507 0.0313712 0.14623989 0.2044436 0.0970558 0.0052469024 0.21192792 -0.13298717 0.080149956 0.076223396 -0.23543778 -0.11829448 0.1254289 0.08761565 0.22981864 -0.08558375 -0.11467466 -0.29480267 0.022039387 -0.41592824 -0.16782819 0.017360473 0.05957342 0.17203115 0.05494148 -0.029927323 0.070860505 -0.2748484 -0.19818744 -0.2754016 -0.1686486 -0.17830765 0.14740284 0.10163882 -0.11533346 -0.18105453 -0.001663539 0.069253266 0.059682757 -0.22299492 -0.1433433 -0.24487485 -0.14368193 0.2267789 -0.12041436 -0.12561342 -0.14789298 -0.090564795
BRA 0.054726116 -0.292482 -0.13921 0.04480201 -0.08726721 -0.06624268 -0.31891802 0.22503492 0.10252822 0.1038817 -0.006393357 -0.17981315 -0.06960004 -0.07903209 -0.12136285 0.1313795 0.21333678 0.19103713 -0.016142577 -0.031413432 -0.060039528 0.08428179 0.089074224 -0.14423124 -0.11774587 -0.18891858 -0.30464032 0.1634893 -0.13371864 0.01658537 -0.15706569 -0.10570308 0.010377014 0.17641154 0.002752045 0.04433867 0.16555615 -0.24554093 -0.11542123 0.006961923 -0.0078029223 -0.031718787 -0.062068727 -0.19553065 -0.15327372 -0.14874129 0.07864289 -0.07226758 -0.24654256 -0.00268507 0.13486959 -0.24914677 0.19424051 0.041290224 0.01737413 0.04073237 0.13709828 0.100999 0.02683426 0.0905392 -0.010219708 0.21547808 0.20605808 -0.030959455 -0.08141211 0.077542715 -0.048339687 0.058941495 -0.040409047 -0.104660615 -0.023614265 -0.09501414 -0.12512556 -0.13849814 -0.026759308 -0.4459476 -0.044524476 0.08521698 -0.24978355 -0.12384035 0.05094184 0.025949087 0.09659566 0.036375158 0.30615273 0.19689085 0.13554418 0.087852515 -0.021864973 0.11228589 0.07426782 -0.24637493 -0.12018884 0.09353055 0.049045883 -0.049228404 0.062155858 -0.21628207 -0.039223496 -0.13634546 0.1510359 -0.010981361 0.03634674 0.19726774 0.057508375 -0.082645416 -0.12147021 -0.040379614 -0.051192407 -0.2737326 -0.07179404 -0.13923973 -0.15061463 0.0971309 -0.11450893 -0.013539361 0.12549378 -0.12745893 0.07863862 -0.073294654 -0.38656852 -0.12810478 -0.15907869 0.11668505 0.30063847 0.011820524 -0.15822233 0.12406161
ESP 0.021812964 -0.34676343 -0.07774493 0.053525005 -0.12498646 0.17699543 -0.14669552 0.018310208 -0.051305596 -0.127349 -0.053223312 -0.058128 -0.11552023 0.12190325 0.07168754 0.13581085 0.21478318 0.18271819 0.03349164 -0.2578049 0.24669717 0.25246367 -0.036643673 -0.2959248 -0.06465126 -0.06439683 -0.119390264 -0.15234825 0.11226674 -0.083446115 0.12158268 -0.0101083005 0.033685464 0.24312228 0.011425626 0.3244413 0.09092657 -0.22044471 -0.11653249 0.12526558 0.15755063 -0.062388442 -0.0008003927 0.0123348385 -0.2095947 -0.06331511 -0.08057876 -0.047465473 -0.06695918 -0.18517993 0.23855822 -0.08399056 0.2016437 0.043356437 -0.059617177 -0.020310074 0.13765235 -0.018704023 0.12747672 -0.044754367 0.085579656 -0.19421941 0.019141806 0.19506195 0.22593635 -0.038417414 0.022691265 0.05461182 -0.0009373595 -0.33170763 -0.15699925 -0.25600082 -0.25459754 -0.08519202 0.19335993 -0.32509133 0.11520502 0.18348947 -0.16859911 0.018179478 -0.051592022 -0.010857145 -0.0039669336 0.25545812 0.27550265 0.07359925 0.02823263 -0.039173808 0.08507327 0.20734024 0.019470025 -0.034658197 -0.050392445 0.08673654 0.44043654 0.054383494 0.045683272 -0.16545442 -0.24405456 -0.1042732 0.1681501 0.12276477 -0.012637708 -0.13818929 0.13596988 -0.09834479 -0.17085513 0.06310841 0.15056717 -0.19176456 -0.009556851 -0.19586785 0.028203022 0.1098275 -0.057385508 0.22147103 -0.113044195 0.01743964 0.09883571 -0.26411057 -0.016571688 -0.05488604 -0.05587175 0.113192216 -0.041635644 0.1600023 -0.14220963 0.40935832
EGY 0.21524672 -0.34802192 -0.100862496 -0.20820864 -0.33175483 0.11495464 -0.25842002 -0.09481189 0.05991446 0.22078931 0.009517084 -0.11228565 0.051958762 -0.07190539 -0.18714581 0.0783866 0.14614551 0.15890938 -0.03604047 -0.091497205 -0.13253212 -0.007125253 0.22673643 0.08922372 -0.14531724 -0.14213523 -0.07665051 0.1948921 -0.1464949 -0.01874232 -0.32502088 0.2031486 -0.16600612 -0.0558591 0.14340071 0.30128703 0.3854625 -0.20280243 -0.31117904 -0.18833517 0.22940147 0.09617291 -0.24057955 -0.09143755 -0.31318477 0.05330931 -0.12802817 -0.0048061702 -0.16287927 -0.080258355 -0.06589607 -0.12162315 0.34548366 -0.045727335 -0.087908015 0.04878893 0.035329018 0.30787057 0.06211762 0.020623725 -0.30616978 -0.20634067 0.21447988 -0.061462406 -0.04857608 -0.031051364 -0.17211537 -0.23522368 -0.18485026 -0.29349658 -0.14058457 -0.5474303 -0.32730842 -0.12610368 -0.26160398 -0.36985874 0.085377514 -0.1632582 -0.21464904 0.028760633 0.33007914 0.04909663 0.07457565 0.26433074 0.30050877 0.009453697 0.08342167 -0.040136714 0.16623385 0.21302105 -0.25334063 -0.007245154 0.19361286 0.37632102 0.27242416 -0.20804854 -0.029462162 -0.26322195 0.024214607 -0.3311957 -0.108607605 0.17205322 -0.03329049 0.12888967 0.24646893 -0.11397041 0.010333063 -0.11910623 -0.21754952 -0.3327839 -0.26237494 -0.4439661 -0.036304165 -0.056110285 -0.1199825 -0.051824387 0.10891273 0.11118266 0.12905864 -0.27356136 -0.12387309 -0.32665586 -0.22908501 0.20133746 -0.014684775 -0.191 -0.361756 0.049269352
ARG 0.16948214 -0.09630388 0.24153347 0.3292188 -0.025321526 -0.037595227 -0.11166393 0.42222062 -0.25013375 -0.13617599 0.18631606 0.3236388 -0.23761256 -0.28255403 0.12475893 0.31914204 0.20802969 0.15413654 0.023327783 -0.14187177 0.18034376 0.19369073 -0.017204514 -0.14708668 0.16553733 -0.004096883 -0.39668974 0.1493447 -0.14196807 0.2581358 -0.121460155 0.014981205 0.11699412 0.2717697 0.06262915 0.004202228 0.17375654 0.015224216 0.3885921 0.21712215 -0.047556993 0.09121196 -0.08717643 0.13518564 -0.041795414 0.2035653 0.30541068 0.09990652 -0.5068504 0.18659893 0.30818856 -0.06491356 -0.19244789 -0.0857656 0.06782572 -0.15889502 0.42783433 -0.15125124 -0.08081884 0.0931147 -0.039291833 -0.20745008 0.08828538 0.35054773 0.19104865 -0.09910013 -0.065013975 0.21103302 -0.137356 -0.05831823 -0.25755054 -0.09217603 0.012151528 -0.20980452 -0.111938186 -0.13478373 -0.06577302 -0.097997114 -0.10620349 0.13846311 -0.08947123 -0.09638443 0.2086417 0.01451322 0.008890066 0.22729366 0.046793852 -0.115848996 0.20770568 -0.16194053 -0.23083955 -0.28002152 0.27059337 -0.24420354 0.028441442 -0.0712507 -0.047259074 0.020414935 -0.0587307 -0.3257605 -0.30113688 -0.14944947 -0.09080472 0.1752738 -0.113968655 -0.463122 -0.059005465 0.16056104 0.10896172 -0.07495216 -0.08209901 -0.2024042 0.18259709 0.16553459 -0.1829361 0.13418894 0.1535544 0.117051564 0.384102 0.016717596 -0.060669813 -0.19232465 0.07441099 0.41315117 -0.29276347 0.11685176 0.20793925 0.0491468
OMN 0.37596142 -0.28636196 0.34322116 0.13493094 -0.069868945 -0.0078461915 -0.06537951 -0.07833831 0.07643496 -0.21060286 0.19392484 0.3160934 0.042220447 -0.080809556 -0.014862644 0.26097843 0.28010577 0.11793166 -0.3841179 -0.010866044 0.018532865 0.17608272 0.29969585 -0.29717118 -0.10373235 0.05855769 -0.11126815 0.022910124 0.09475784 0.00809591 -0.24702102 0.18414326 -0.050918717 0.24557312 0.09582724 0.2273476 0.17955491 -0.08751493 -0.045905218 0.08337051 0.0039550797 0.28740576 -0.049100425 -0.027777268 0.16714597 0.014005724 0.09527762 -0.005353527 -0.19623311 -0.061049853 -0.029991407 0.092707105 0.026739864 0.0068220347 0.14957438 -0.028612366 0.3573536 0.27307042 -0.18118396 -0.20760019 -0.16867615 -0.11099042 -0.038779162 0.025142457 0.24068509 -0.038146935 -0.028743733 -0.06365361 -0.3098452 -0.05858562 0.22622506 -0.26209778 -0.26238835 -0.20183082 0.15633851 -0.070646845 -0.02209453 0.048485972 -0.27314797 0.14398968 0.21299712 -0.0075554894 0.28111544 0.38193366 0.23767176 0.36669347 0.112632394 -0.13243654 0.02215812 0.3850969 -0.2152896 -0.03086221 0.31857488 0.06486619 0.26298267 -0.043459296 -0.05907405 -0.19382153 0.022658484 -0.10006077 -0.26432723 -0.01963847 -0.24143174 0.18417093 0.3451557 -0.106361926 -0.1725386 0.13025904 0.21225172 -0.14424208 -0.06039206 -0.13505307 0.023099506 0.024194041 -0.10192037 0.08873086 0.34276012 0.14937581 0.015410842 -0.07236203 0.11940635 -0.18397017 -0.1725789 0.115386605 0.07260732 0.022854684 -0.15099365 0.013794094
MMR 0.3455458 -0.3319723 0.26730677 0.035911366 -0.097050115 0.036055602 -0.13563418 0.056121763 -0.0068432316 -0.11097435 0.086682476 0.13223484 -0.05314314 -0.04107042 -0.09416289 0.17556007 0.24018413 0.06665474 -0.3464645 0.02756055 -0.07911188 0.08974954 0.26945817 -0.21461089 -0.21236154 0.034033395 -0.17339629 0.045606524 -0.08109167 -0.05956017 -0.21243167 0.14793715 -0.019181542 0.2794035 0.05113398 0.18871783 0.22679496 -0.08538476 -0.108281486 0.034049768 -0.049329057 0.22444658 -0.16649775 -0.02887008 0.123127036 -0.044991273 0.1246183 0.0520932 -0.17919093 0.011843778 -0.06631117 -0.048041314 0.027845642 -0.024415115 0.075909756 0.014030853 0.37826788 0.15794289 -0.028981583 -0.104427025 -0.05791526 -0.22870111 0.021467373 0.09351637 0.17011076 0.02662566 -0.12818666 -0.08846454 -0.24184152 -0.14966153 0.20852144 -0.26382604 -0.24416208 -0.21601018 0.1334553 -0.20787592 0.046490636 -0.06657094 -0.276878 0.11843179 0.13011052 -0.0412286 0.2908437 0.23679683 0.10265343 0.33090383 0.05419394 0.001932255 0.14455245 0.35037947 -0.17166157 -0.062110968 0.19193235 0.07671976 0.23623239 -0.030903874 -0.07973947 -0.169462 0.026863914 -0.14059171 -0.1923084 -0.02214572 -0.18965378 0.11339121 0.23998745 -0.12282782 -0.16519395 0.057311352 0.08409084 -0.13190386 -0.2012868 -0.07555602 0.14825909 0.032650225 -0.14903621 0.06078395 0.19815238 0.15995799 0.13468206 -0.11907056 0.055906147 -0.25846347 -0.17539525 0.30992308 -0.028151758 0.054833647 -0.114017144 0.09455405
CHL -0.07991608 -0.40643287 -0.2564488 -0.08476145 -0.15165181 0.064078 -0.21720742 0.07972924 -0.07581613 -0.081690155 -0.09706354 -0.27380162 -0.21397823 0.16187839 -0.02568387 -0.048171792 0.0924631 0.22388554 0.0012038483 -0.3691279 0.26363596 0.19732977 -0.12161027 -0.3192566 -0.093431 -0.091380365 -0.20743741 -0.073140584 0.044976056 -0.02044839 0.1405718 -0.05950853 -0.0006031463 0.26707354 -0.07657797 0.21146788 0.13309321 -0.32494444 -0.06163677 0.060802344 0.13032706 -0.12945592 0.036426537 -0.07617006 -0.31812665 -0.2770272 -0.15580858 -0.10254972 0.065282136 -0.27421144 0.29005802 -0.20361765 0.21825793 0.15355234 -0.18117163 0.13110049 0.067032166 0.034993943 0.09206779 0.005845881 0.12627818 -0.09790165 0.19892803 0.06902181 0.15222248 0.16650556 0.09406167 0.052791283 0.1823934 -0.63466024 -0.24315503 -0.36275938 -0.32158345 -0.21064512 0.087516576 -0.4991545 0.29100615 0.17557658 -0.07980716 -0.05828067 0.0074826023 -0.10094386 0.18595771 0.12361664 0.15508641 -0.04392543 0.12964071 0.080185585 -0.033800706 0.20879495 0.062367205 0.0040468657 -0.1872236 0.020697646 0.49389187 -0.0011172512 0.027882498 -0.37520677 -0.16716886 -0.31426775 0.24609531 0.2200909 -0.051119998 -0.037777256 0.031371232 0.02473512 -0.21986528 -0.1462777 0.116279796 -0.22985116 -0.005657482 -0.12003967 -0.10118561 0.2792681 -0.14701168 0.11932783 -0.18713902 -0.061099365 0.222979 -0.21784087 -0.3517745 -0.10883738 -0.08429168 0.07675991 0.21367064 0.08117821 -0.20178452 0.44273195
HUN 0.1703646 -0.10422782 0.1650146 0.0665769 -0.0052961065 -0.06608645 -0.19731686 0.1148394 -0.008192998 0.19404349 0.2250467 0.1097268 -0.028602637 -0.3729384 -0.01471554 0.12175084 0.20694342 0.21481104 -0.09955929 0.06622509 -0.20657824 0.059792306 0.18071133 -0.022474919 -0.063525 -0.077221796 -0.18007569 0.24909109 -0.19363055 0.1229705 -0.31451043 0.11323437 -0.029180473 0.069088854 -0.04959616 -0.03814868 0.2723674 -0.0712838 0.114190355 0.00046879318 -0.08150535 0.030021159 -0.14953846 -0.039003804 0.102017395 0.1823246 0.10385932 -0.041875936 -0.3150259 0.19641119 0.08234823 0.05159659 0.07973548 -0.041999236 0.019648397 0.044325266 0.2932674 0.13263638 -0.015799455 0.049845066 -0.174638 0.04117075 0.051932838 0.019318016 0.19499612 -0.01570109 -0.04414754 -0.005494896 -0.20954207 -0.019777535 -0.01212361 -0.185057 -0.16418312 -0.19517207 -0.20633064 -0.15964691 -0.108778134 -0.057467356 -0.19602384 0.19598888 0.2014433 0.018342288 0.1623094 0.09594525 0.18991396 0.21345483 0.18549484 -0.18428858 0.07821456 -0.018996222 -0.29397303 -0.2162651 0.15848461 -0.06563282 -0.059296034 -0.120974 -0.11135344 -0.21239269 0.15142247 -0.39560622 -0.17867212 -0.11672914 -0.05620048 0.283255 -0.007918352 -0.1471539 -0.023411455 -0.1454114 -0.1510677 -0.22892603 -0.11299704 -0.17981476 0.1076846 0.12550747 -0.062186606 -0.14703867 0.15113151 0.08970499 0.10354813 0.00091478194 -0.14527142 -0.26245406 -0.06291256 0.16707209 -0.10112553 -0.056669004 0.04731546 -0.2156382
FIN 0.05320839 -0.21218361 0.22824588 0.15377402 0.046821114 -0.08086987 -0.1092461 0.07161057 -0.1979585 0.11909253 0.24951252 0.06336225 -0.16269007 -0.30754134 0.19138643 0.038383264 0.15681654 0.26993072 -0.06782592 -0.056061886 -0.10816007 0.18604155 -0.0077196583 -0.06438677 -0.01821687 0.021491667 -0.23306857 0.2645478 -0.1281644 0.03670674 -0.23003763 0.15241978 0.12154187 0.08294813 -0.114520684 -0.12522735 0.33492234 -0.030022876 0.29051685 0.06873353 -0.15301803 -0.01718538 -0.05767264 -0.03290829 0.20958166 0.16966276 0.0076278625 -0.08571199 -0.103775635 0.2563838 0.1616037 0.13867761 0.08562105 0.062541366 -0.06350798 0.10060996 0.29790208 -0.04113813 -0.047843326 0.1281145 -0.041650943 -0.10800274 0.05061777 0.14007553 0.29645723 0.07241354 0.055315673 0.063248284 -0.06515565 -0.17848466 -0.0352111 -0.17620628 -0.27271417 -0.21786596 -0.1139069 -0.1187548 -0.08401094 -0.01742508 -0.14785469 0.2586126 0.047280192 -0.07399316 0.24105805 0.080474705 -0.011760831 0.17286874 0.24381983 -0.25997722 0.13369599 0.0041940496 -0.2926516 -0.17173186 0.05140367 -0.21239553 0.09315817 -0.07835092 -0.19251409 -0.24167818 0.15505981 -0.46153507 -0.21908724 -0.15284008 -0.09139848 0.17950076 -0.14099051 -0.07028312 0.011293159 -0.2325428 -0.13631105 -0.17518884 -0.002935015 -0.056605306 0.24834576 0.25704783 -0.085531086 -0.21118212 -0.055233724 0.12591511 0.12388681 0.033018105 -0.121166825 -0.2393611 -0.014417037 0.15877272 -0.2448374 0.0062467735 0.13350484 -0.1653576
GRC 0.1450768 -0.24142298 -0.019378051 -0.12536387 -0.19252877 0.03237487 -0.21693677 -0.08527325 0.011991643 0.22063562 0.07995705 -0.086865574 0.03354755 -0.15562396 -0.042369697 0.045211673 0.10899832 0.2216335 0.0068964628 -0.073264405 -0.09899854 0.02354915 0.17611045 0.063277364 -0.10339682 -0.13712022 -0.043878645 0.22573216 -0.14977294 0.01978498 -0.2776957 0.15702242 -0.107804686 -0.029419882 0.04304731 0.16827144 0.32627645 -0.12188561 -0.14809498 -0.12786874 0.12509869 0.028639533 -0.16791074 -0.050463013 -0.16729192 0.12840354 -0.124238126 -0.015256781 -0.121274196 0.049588546 0.014324674 -0.034566335 0.25705326 0.016059903 -0.10414955 0.06052805 0.07146726 0.18758132 0.051006835 0.09020736 -0.25387853 -0.12003769 0.12545149 -0.029618435 0.0641122 -0.002143675 -0.11614588 -0.168002 -0.14925914 -0.21798992 -0.134318 -0.47074223 -0.3236337 -0.18242241 -0.19075522 -0.27553278 0.039819673 -0.12284921 -0.18977538 0.12398925 0.24814482 0.054275524 0.08062616 0.23042175 0.21159321 0.0154854795 0.14880313 -0.120037936 0.10333085 0.092587546 -0.28616107 -0.08734288 0.18488012 0.18666048 0.19895191 -0.13990542 -0.05507361 -0.25247833 0.021968044 -0.37806755 -0.12986921 0.09322383 0.010052332 0.14974268 0.12859847 -0.08559447 0.03581561 -0.1789292 -0.20729293 -0.28393373 -0.18987477 -0.3173397 0.058469534 0.023771007 -0.08556956 -0.10166233 0.046280738 0.09683922 0.09692057 -0.2194857 -0.111116014 -0.25922698 -0.14740014 0.18591152 -0.09189906 -0.14294958 -0.22384363 -0.046133384
BRN 0.32797277 -0.3861919 0.26495513 0.012104734 -0.090639085 0.03620775 -0.14202096 0.1798464 -0.09210864 -0.09316105 -0.013806272 0.051273547 -0.12872152 -0.013613818 -0.11909099 0.14985138 0.20439711 0.038586024 -0.33438006 0.08107061 -0.09510596 0.05478067 0.18827455 -0.23471662 -0.23949884 0.05168633 -0.25666234 -0.002707831 -0.15471105 -0.09565348 -0.15716279 0.12691832 0.0613781 0.36337695 0.0211951 0.13431674 0.20571274 -0.08866219 -0.10353289 0.052434582 -0.11694094 0.18990193 -0.2055796 0.003946088 0.12950332 -0.10618988 0.19318575 0.097403474 -0.15922257 0.034397878 -0.053780608 -0.14235762 -0.031620625 -0.08918832 0.07672324 0.03614638 0.4124431 0.03395164 0.08896986 -0.055992585 0.08729754 -0.3120382 0.0030159527 0.18305396 0.11864266 0.08402156 -0.148108 -0.047639947 -0.20627496 -0.18389224 0.20779458 -0.17893413 -0.17829959 -0.1963807 0.18710572 -0.25443792 0.10024027 -0.1214872 -0.2526628 0.07166026 0.013348503 -0.10472423 0.30064106 0.11438348 -0.028822023 0.33015186 -0.021025984 0.110412374 0.22846566 0.3288306 -0.10396382 -0.028899483 0.09630809 0.03821162 0.19214518 0.02394076 -0.11227451 -0.14613403 0.017316367 -0.098284386 -0.10573283 -0.042680815 -0.16649258 0.029594796 0.15059945 -0.10223293 -0.20266041 0.064884044 0.07558227 -0.072314166 -0.2599743 0.05373768 0.2440417 0.046235576 -0.20533013 0.06925223 0.075447954 0.1738685 0.20183219 -0.10494664 0.04723774 -0.25079197 -0.14922513 0.4292083 -0.10241505 0.14156929 -0.01738812 0.17423357
PHL 0.34238032 -0.37255743 0.29329917 0.04388848 -0.052100487 0.05506503 -0.13175613 0.19381304 -0.1311109 -0.09354585 -8.947658e-05 0.055737715 -0.14634533 -0.021000652 -0.08359783 0.15981048 0.22395101 0.059945088 -0.33441663 0.07718925 -0.068677634 0.07584903 0.19054276 -0.24222855 -0.24998488 0.043575678 -0.24560301 -0.011411398 -0.15848377 -0.09169637 -0.11960926 0.124880515 0.09214432 0.3669104 -0.00753104 0.14417033 0.21430674 -0.08390664 -0.07085783 0.07502047 -0.11436154 0.18295659 -0.20365424 0.027890544 0.14567898 -0.09379248 0.18936393 0.10932213 -0.18621197 0.03137578 0.005189609 -0.13367568 -0.03273286 -0.07804101 0.056455273 0.014961217 0.45534185 0.012429986 0.10016856 -0.054560896 0.08312421 -0.31980258 -0.021629864 0.22502853 0.16406138 0.07010921 -0.15512829 -0.046468887 -0.18666741 -0.15847777 0.21849056 -0.16114163 -0.16147077 -0.21286519 0.22927596 -0.23449162 0.095170066 -0.09638946 -0.26425892 0.10392642 -0.03289101 -0.10895747 0.28301266 0.12120396 -0.03761793 0.33372918 -0.031721704 0.078631684 0.23655523 0.3187843 -0.12136358 -0.031030102 0.07846872 0.0045881597 0.19742008 0.056703795 -0.09622394 -0.12708582 0.01411409 -0.0903508 -0.092305474 -0.051839117 -0.17296934 0.0030064497 0.11845778 -0.12319612 -0.1966196 0.083611116 0.08027629 -0.062188845 -0.25802678 0.043829694 0.25491506 0.035147645 -0.17231545 0.08805659 0.07742211 0.20106661 0.20157625 -0.10364551 0.086168356 -0.23183027 -0.1452684 0.42037216 -0.14364436 0.17099951 -0.010102575 0.19080393
TTO -0.09290802 -0.45987692 -0.27402017 0.12583125 -0.12316995 -0.09374886 -0.33804122 0.30416298 0.12924063 0.058931347 0.011051006 -0.29645255 -0.15685657 0.0066196346 0.016065681 0.22718327 0.31344718 0.15554656 0.2049122 -0.18548122 0.017450744 0.21612038 -0.11110161 -0.2608941 -0.017368266 -0.19251956 -0.47352353 0.21916057 -0.05742747 -0.004007453 -0.12755679 -0.27537647 0.13275725 0.28380966 0.03996136 -0.02676186 0.18904215 -0.32169858 -0.037123453 0.07730291 -0.028996766 -0.14772223 0.039663337 -0.31889355 -0.1992489 -0.28921053 0.043059114 -0.11039665 -0.22924016 0.021503454 0.327295 -0.4028228 0.2608411 0.12219207 -0.017772807 0.03480873 0.15201646 -0.018238286 -0.03356193 0.2503677 0.03479485 0.37248904 0.3072223 -0.004692688 -0.14755444 0.0843926 -0.023515226 0.24304016 0.14021538 -0.17432521 -0.12399681 0.02694292 -0.13423298 -0.15044409 -0.008134667 -0.6346092 -0.12947208 0.22220482 -0.31956238 -0.2421262 -0.18855523 -0.01602411 0.039087467 0.068398625 0.44885388 0.29556566 0.15267819 0.094323784 -0.08682427 0.058425527 0.23427463 -0.43689492 -0.2829031 0.093047105 0.14075501 -0.011012289 0.20442995 -0.19187793 -0.15304197 -0.14981167 0.25874367 -0.08032725 0.11621357 0.26934388 0.020942988 -0.19880155 -0.1485929 -0.0093034245 -0.008847878 -0.4300979 0.030764597 -0.19882536 -0.2791039 0.21761209 -0.10770841 0.013264407 0.11487021 -0.24475446 0.123822756 -0.08164935 -0.637663 -0.06168326 -0.2488208 0.067915834 0.4170306 0.14818163 -0.19336462 0.27770314
CHE 0.043714337 -0.27842283 0.12618977 0.043064505 -0.060092214 -0.024424726 -0.104971334 -0.058010317 -0.19294201 0.14059184 0.16754875 -0.092247576 -0.092385635 -0.16812246 0.18131737 -0.04154958 0.08815168 0.23303711 0.0012450963 -0.10301249 -0.053167332 0.12638356 0.014076935 0.02374008 -0.041716214 -0.0044749593 -0.11209257 0.2757254 -0.13276038 -0.03535547 -0.2281767 0.1636577 0.08843679 -0.012621146 -0.045931336 -0.043906022 0.3285751 -0.04749403 0.08821694 -0.026669737 -0.07093085 -0.013746108 -0.06512962 -0.039941434 0.061771408 0.12801515 -0.15547778 -0.034621302 0.022877473 0.20586583 0.10575734 0.08288371 0.17915837 0.11135738 -0.16461152 0.10076444 0.119621396 -0.046683986 -0.008788797 0.1838735 -0.10622317 -0.17430222 0.08387435 0.058416624 0.15509243 0.052497834 -0.023365999 -0.03626216 -0.050894704 -0.22425598 -0.07886459 -0.33279815 -0.36494482 -0.1993109 -0.09047073 -0.18336385 -0.02037743 -0.09074923 -0.14266053 0.1996966 0.05872569 -0.033919636 0.1920217 0.16572522 0.005446841 0.045695532 0.21497674 -0.21503983 0.1357044 0.053075515 -0.26740578 -0.09766528 0.08719871 -0.032670956 0.23482218 -0.045101553 -0.1529759 -0.24483915 0.06899462 -0.44331467 -0.22693919 -0.055463996 -0.031489156 0.11342606 -0.03628919 -0.05253651 0.082501724 -0.25181928 -0.182898 -0.21704751 -0.062288746 -0.111256644 0.21531446 0.16603178 -0.093404554 -0.19513041 -0.08316601 0.1383232 0.07973357 -0.117357515 -0.07081837 -0.23140872 -0.082842834 0.19068857 -0.24146344 -0.055042204 -0.037462447 -0.07367877
PRY 0.12912391 -0.14840595 0.17730673 0.2930046 -0.032867394 0.007835728 -0.098644696 0.38775286 -0.19814003 -0.18479662 0.11577532 0.26297528 -0.20814507 -0.1856787 0.12790118 0.30271667 0.20234638 0.1262352 0.016690053 -0.13398784 0.21411276 0.20040649 -0.029972114 -0.17299327 0.13802776 0.0045907833 -0.34457666 0.05646847 -0.080018595 0.18356754 -0.046595927 -0.025753547 0.10675657 0.2843971 0.05899181 0.05864712 0.12957993 -0.03006846 0.32246956 0.20662674 -0.009331341 0.085979775 -0.06526587 0.11603151 -0.03802392 0.13459802 0.2844129 0.099660784 -0.40524197 0.09211974 0.2969361 -0.095266715 -0.18141535 -0.0789742 0.06339236 -0.14753039 0.37930045 -0.12921536 -0.04449478 0.044331644 0.010470398 -0.18721351 0.06466428 0.30969077 0.17576788 -0.095506 -0.06258341 0.2005014 -0.082404636 -0.081362985 -0.20454271 -0.06230519 0.0077644764 -0.16564597 -0.013639156 -0.15519096 -0.012940143 -0.030417696 -0.08960547 0.10225929 -0.119172536 -0.10368783 0.17359705 0.03277435 0.04407697 0.22526638 0.005029466 -0.052034833 0.18020123 -0.080114 -0.10558109 -0.23648974 0.20401403 -0.20291366 0.06654871 -0.0071890904 -0.016817883 0.038289156 -0.11237844 -0.21619463 -0.19978258 -0.08700551 -0.0783686 0.11232045 -0.06373921 -0.40717494 -0.112252906 0.20775166 0.14747429 -0.081584945 -0.07949649 -0.1638959 0.15313254 0.13997586 -0.16749929 0.16831835 0.11928777 0.10133245 0.33452713 -0.037257038 -0.061545186 -0.14814726 0.0326447 0.35867903 -0.21621938 0.18713398 0.16669644 0.16320863
ITA 0.19999059 -0.1667313 0.31233543 0.19853453 0.052677523 0.044424396 -0.025971832 0.17866316 -0.0985698 -0.070328735 0.22072776 0.1549498 -0.025843894 -0.2185445 0.20436548 0.27887258 0.2711392 0.089966804 -0.11951106 0.015589174 0.058965996 0.21731067 0.07975182 -0.12144707 0.0016908587 0.05629303 -0.1304144 0.052044395 0.030368593 0.03333874 -0.17976359 0.042834647 0.055210836 0.17115685 -0.037521005 0.07617508 0.1157937 -0.06591455 0.17908975 0.083695725 -0.043565672 0.036681022 -0.09611062 0.09768837 0.14121372 0.16555579 0.17339894 0.022146493 -0.31184694 0.14402695 0.24643286 0.04554707 -0.0040536122 -0.043335672 0.046208575 -0.108362116 0.48441893 -0.020589773 -0.049639445 -0.0021659797 -0.10146209 -0.08474899 -0.0006384752 0.14554426 0.2539701 -0.17741035 0.01716628 0.11522357 -0.116190895 0.09136111 -0.034587957 0.025351858 -0.121569306 -0.087534815 0.016475838 -0.11419102 -0.11854727 0.042423636 -0.27657965 0.26312652 -0.085392475 -0.002531437 0.11947318 0.21741477 0.27934533 0.30920693 0.03418136 -0.22211233 0.13001814 0.1024374 -0.1500809 -0.25275946 0.17512506 -0.06856742 0.07981868 0.026268808 -0.012765052 0.04750604 -0.051637594 -0.1657068 -0.16359247 -0.10851362 -0.17539428 0.106404096 0.06789963 -0.2984956 -0.15003242 0.19702195 0.087685 -0.19067861 -0.017153518 -0.25785184 0.06387348 0.07425326 -0.05117173 0.12940775 0.16748132 0.14376198 0.122194685 -0.035896566 0.00824268 -0.09854079 -0.08819014 0.13998862 -0.14524765 0.14082251 0.035966087 0.1451714
FRA -0.023820817 -0.15978819 0.06634071 0.21467671 0.095294796 0.027319837 -0.066171706 0.18790184 -0.05942242 0.00030504446 0.2222434 0.011587885 -0.01087828 -0.17851755 0.30199322 0.2490043 0.2613732 0.17596935 0.082337245 -0.09244171 0.17065966 0.29540163 -0.07602547 -0.13907632 0.090753056 -0.048728168 -0.12044608 0.039238464 0.11439651 0.039921433 -0.08061745 -0.08580083 0.11350668 0.15340254 -0.08129279 0.062058333 0.056424025 -0.15979391 0.218825 0.13419737 0.03212156 -0.17671953 0.022812102 0.047275424 -0.009551943 0.17029741 0.050465673 -0.060663823 -0.27335668 0.10602493 0.4063736 0.026714435 0.104689546 0.05067656 -0.038311187 -0.12523085 0.34955546 -0.1489841 -0.0108701745 0.08908991 -0.045170914 0.10362333 0.06414822 0.13252173 0.2542247 -0.19485174 0.10334973 0.24219026 0.041206185 0.07223552 -0.21627659 0.081278265 -0.116843194 -0.056283414 0.0077831214 -0.22322819 -0.1859281 0.22159804 -0.27205032 0.1991545 -0.1913883 0.050527133 -0.024917277 0.23469822 0.44362104 0.22414798 0.07327963 -0.2562528 0.03280846 -0.021937335 -0.012362266 -0.33618665 -0.0010795189 -0.08036927 0.10483285 0.054594368 0.057131022 -0.007403981 -0.14661857 -0.2044702 0.036090344 -0.09072011 -0.0844366 0.06490159 -0.029380588 -0.27219516 -0.13141376 0.15916531 0.07831505 -0.29446158 0.12737432 -0.30627128 -0.0551475 0.17153539 0.029099142 0.0984676 0.0509374 0.005725556 0.07717295 -0.08233329 -0.13991642 0.017567892 -0.06826872 0.009577062 -0.04602863 0.16308355 -0.0037454474 0.24504022
PRT 0.15570234 -0.33732128 -0.10005096 -0.12147506 -0.28375256 0.1334483 -0.19914949 -0.046071015 -0.025845379 0.04439859 -0.060988452 -0.07617809 -0.046626568 0.08427486 -0.13696979 0.0866092 0.10525221 0.12892583 -0.03905446 -0.1681172 0.052028906 0.045295533 0.11144599 -0.05496606 -0.12181448 -0.08886424 -0.09795622 0.052125018 -0.06330336 -0.03216115 -0.1631513 0.14615439 -0.11159131 0.073833525 0.122166045 0.31834552 0.26907703 -0.17885798 -0.2517691 -0.089894265 0.21094903 0.047589853 -0.15925038 -0.019525511 -0.28884622 -0.018375887 -0.11362665 -0.009411863 -0.08242899 -0.16522658 -0.0005681213 -0.120315656 0.24083765 -0.030692436 -0.06141913 0.016296344 0.06459994 0.17545187 0.07181608 -0.023013242 -0.13967045 -0.29764548 0.16005592 0.07805078 0.016045183 0.0016242373 -0.12357553 -0.14602695 -0.09804745 -0.3980416 -0.15566313 -0.45061326 -0.31209707 -0.14876157 -0.06786412 -0.36342552 0.15447128 -0.05988136 -0.12727612 -0.013467833 0.16512887 -0.020300066 0.1123947 0.22068055 0.19419254 0.004295149 0.064008616 0.03266567 0.15554869 0.21827947 -0.16523065 0.0128935 0.11804148 0.26926914 0.37252694 -0.11619244 -0.0018124807 -0.22364987 -0.07582004 -0.22485572 -0.0240096 0.1797084 -0.058512695 0.002403085 0.1895925 -0.0914567 -0.068649806 -0.040955428 -0.061736263 -0.18886127 -0.21081574 -0.28132826 0.02275859 0.016232222 -0.12689665 0.08974392 0.0075344006 0.11200169 0.17359139 -0.24804063 -0.03015034 -0.2506589 -0.123938926 0.21806726 -0.03602005 -0.07021587 -0.2724683 0.19761635
PER -0.11219121 -0.33080775 -0.2890502 0.08492997 -0.007213723 -0.087948725 -0.3615615 0.28289777 0.073953815 0.107861534 -0.00818438 -0.33074042 -0.0972084 -0.095660225 -0.015187141 0.0469891 0.1780251 0.2919355 0.022711761 -0.15737309 0.06388315 0.19310988 -0.03376484 -0.1869326 -0.093746975 -0.21520436 -0.34356752 0.14405352 -0.075344056 0.0043757763 -0.039560117 -0.19656873 0.08714533 0.21776827 -0.120607115 0.009202123 0.11287388 -0.34430087 0.017273843 0.079400875 -0.05014616 -0.19217646 0.040915743 -0.22286151 -0.21173947 -0.20283052 0.038538758 -0.13305412 -0.1582564 -0.03363064 0.2850936 -0.29395217 0.23283735 0.14577398 -0.08496026 0.06930589 0.10781314 -0.04400645 0.05081114 0.096422404 0.149232 0.27698687 0.26464114 -0.018161962 -0.009359285 0.12741497 0.10635321 0.17237219 0.1394026 -0.23847087 -0.16420747 -0.08106465 -0.15097849 -0.15620862 0.011325866 -0.5379821 0.010419613 0.23916872 -0.23399283 -0.09823522 -0.037416283 0.0148959365 0.13300198 0.024741454 0.3133203 0.12345954 0.18443248 0.04544229 -0.05402135 0.09505212 0.18879351 -0.26691845 -0.27697447 -0.01626631 0.13301188 -0.010592256 0.036467224 -0.2953969 -0.062117953 -0.24295138 0.30283725 0.014363757 0.010621885 0.11196871 -0.10310181 -0.01745441 -0.17767389 -0.06636732 -0.011206419 -0.35408348 0.035191532 -0.12486504 -0.17968436 0.22849454 -0.10774671 -0.067264505 -0.03230396 -0.19687259 0.0910243 -0.12877724 -0.563667 -0.06469151 -0.14689803 0.064494066 0.38533273 0.065492705 -0.16118379 0.26078746
JAM -0.06470278 -0.35585764 -0.19200718 0.19286208 -0.028444862 -0.063901536 -0.28851 0.32094863 0.04096583 0.0050388915 0.03677656 -0.19808905 -0.11350952 -0.07137579 0.06949194 0.19625315 0.26941195 0.23144113 0.093472764 -0.14692554 0.12161412 0.2401717 -0.08835746 -0.23224086 0.00012700626 -0.17271763 -0.37601578 0.10930638 -0.022348758 0.029611478 -0.06466157 -0.19963719 0.10865461 0.25362128 -0.04607833 0.036837403 0.09653758 -0.29568768 0.04665652 0.118386075 -0.011440375 -0.14356323 0.049281485 -0.17153607 -0.18166152 -0.13851903 0.089665584 -0.090781 -0.25896436 0.009926714 0.34398583 -0.27648735 0.17252836 0.086659156 -0.029248683 -0.019067584 0.1850476 -0.06762275 -0.0025815517 0.13574676 0.08104217 0.25820997 0.21132338 0.05699018 -0.0011131049 0.038982138 0.043737132 0.23062137 0.08952093 -0.11374541 -0.17174053 0.013339358 -0.1077577 -0.12590428 0.04232143 -0.48071384 -0.088825636 0.23251621 -0.247241 -0.11518628 -0.14352775 0.015101473 0.05493401 0.05878627 0.37826392 0.21820162 0.11916815 0.023968477 -0.038029093 0.035486903 0.18537596 -0.34330475 -0.20169884 -0.007085706 0.10519634 0.028438838 0.12346861 -0.16376242 -0.14249082 -0.14476818 0.22235358 -0.042042125 0.039002407 0.14780016 -0.039696764 -0.16505718 -0.16814345 0.0591862 0.06593804 -0.33705944 0.075042665 -0.18517703 -0.18943009 0.20763144 -0.0886045 0.044869762 0.04578955 -0.18729855 0.11288848 -0.09118407 -0.472487 -0.03437237 -0.13289179 0.08274582 0.3026457 0.15146379 -0.116969936 0.30257112
AUT 0.01045089 -0.13877557 0.08870283 0.17314559 0.05064048 -0.030248165 -0.0921531 0.14488584 -0.09443993 0.06499675 0.22621845 0.045106474 -0.06591378 -0.25654516 0.22321436 0.15297173 0.18981954 0.22610293 0.055119473 -0.08595997 0.053145565 0.22268896 -0.039537128 -0.08270379 0.06129898 -0.052068528 -0.16693327 0.14408968 -0.018502057 0.07551438 -0.14867298 -0.003805105 0.103634894 0.10352681 -0.07858438 -0.014839899 0.16074683 -0.090821214 0.2531637 0.09897033 -0.023899825 -0.09096076 -0.0042815674 0.0046122177 0.04935529 0.19789216 0.042079024 -0.055582207 -0.23257357 0.15957114 0.29046467 0.05557409 0.08194595 0.04512162 -0.031799804 -0.032746937 0.2740135 -0.09324145 -0.02703777 0.10989696 -0.06901682 0.040531125 0.058662858 0.13815019 0.24687353 -0.079670034 0.067768395 0.15075801 -0.022421487 -0.025995068 -0.18327379 -0.054518435 -0.16159008 -0.114256226 -0.096742734 -0.17136611 -0.13329327 0.09185288 -0.17989363 0.20338145 -0.05368843 -0.0026981824 0.07970096 0.14182028 0.24025738 0.16148794 0.14498258 -0.24361399 0.06882529 -0.083903335 -0.14349233 -0.25968027 0.03825989 -0.12463293 0.055201642 -0.02152723 -0.05235891 -0.11216868 -0.016937843 -0.32074875 -0.08122949 -0.10827522 -0.049868483 0.1397202 -0.099704035 -0.1988092 -0.039196573 -0.019816844 -0.044644177 -0.2354723 0.06256686 -0.18486498 0.066863194 0.20072521 -0.020876564 -0.06520527 0.0182521 0.037317906 0.096014306 -0.029971933 -0.14154726 -0.09520332 -0.028966993 0.08444401 -0.12823662 0.07485735 0.08142323 0.014414267
LKA 0.23300143 -0.26756755 0.09543896 0.0019664872 -0.11923909 -0.014729184 -0.213037 0.14394508 -0.08463679 0.044930197 0.014822305 -0.04463123 -0.12594533 -0.046451405 -0.16376354 0.1135732 0.11472769 0.11062043 -0.19950156 0.059043072 -0.12124724 -0.010632661 0.2005807 -0.12787211 -0.20686898 -0.046702202 -0.23792714 0.1477635 -0.23640491 -0.026565239 -0.20074165 0.10626677 0.021247512 0.23964982 0.036956772 0.09187002 0.23301841 -0.06276602 -0.13368689 -0.004654865 -0.06571054 0.12828565 -0.20715985 -0.043672413 0.016576232 -0.08886249 0.086641446 0.040444735 -0.20595524 0.04010028 -0.0098453695 -0.14247009 0.05017599 -0.055214696 0.039030787 0.03231017 0.2463079 0.08320784 0.074734 0.025342857 -0.01917703 -0.17759158 0.07485199 0.081344016 0.00537563 0.105184324 -0.16535299 -0.1002942 -0.18319933 -0.19085936 0.102502756 -0.26124853 -0.17449683 -0.2398686 0.042558946 -0.28672525 0.09312002 -0.13682078 -0.19909811 0.032574065 0.11469364 -0.04759478 0.24787661 0.030773567 0.035539668 0.14626233 0.06270175 0.08602054 0.14953092 0.18785469 -0.16985986 -0.08191733 0.072305545 0.067435324 0.15303956 -0.034260076 -0.103335775 -0.20904014 0.028474092 -0.22082469 -0.07213335 -0.04576984 -0.06972023 0.11665961 0.09668301 -0.08123129 -0.10139489 -0.0659693 -0.06873722 -0.07364212 -0.27586642 0.007800405 0.18706946 0.047200993 -0.1912816 0.0012404874 0.088549085 0.10928128 0.17629133 -0.10361121 -0.06343534 -0.26665467 -0.12838039 0.37826577 -0.047791697 0.007906122 -0.055125326 0.020013731
CRI -0.13591258 -0.337261 -0.22635536 0.18515177 0.030176025 0.0060683102 -0.24534233 0.2753334 -0.013455826 -0.0116736535 0.0052187904 -0.23619924 -0.102480836 -0.020977437 0.13414927 0.13219352 0.21420842 0.25252977 0.06866002 -0.22829252 0.2313894 0.3094563 -0.12267252 -0.22915421 -0.02846535 -0.14007372 -0.28911692 0.010498934 0.07005917 -0.03865349 0.068276785 -0.1982723 0.1464743 0.25301972 -0.11804893 0.089822516 0.06824155 -0.3077727 0.08308376 0.16213517 0.0039885105 -0.21542537 0.09749276 -0.10668718 -0.20932122 -0.115991145 0.033374537 -0.11077784 -0.15371904 -0.051134266 0.3735566 -0.21575359 0.21666494 0.1422153 -0.07870792 -0.01932438 0.19017309 -0.17141014 0.05311972 0.09149561 0.18624668 0.14076918 0.21219242 0.13694286 0.105329126 0.0056478544 0.14669095 0.25080767 0.1635116 -0.19331537 -0.22503512 -0.0034031882 -0.15122591 -0.09730048 0.10391934 -0.46389437 -0.036288783 0.30475315 -0.2349235 -0.032433804 -0.15948969 0.008446383 0.06521942 0.14096995 0.35167876 0.17006364 0.11641674 -0.0391389 0.009721269 0.09478651 0.22646652 -0.262076 -0.2377751 -0.0466283 0.23102269 0.050077822 0.07177308 -0.17852384 -0.1837876 -0.14601861 0.2812366 0.02936262 -0.035614997 -0.019420056 -0.08656502 -0.107976794 -0.20778449 0.10576649 0.116696455 -0.3279621 0.1326446 -0.20400731 -0.14289486 0.22211878 -0.06292632 0.061752085 -0.084283866 -0.14563519 0.100541405 -0.17900956 -0.40121153 0.011170116 -0.090623714 0.06201836 0.24340616 0.17835537 -0.119186774 0.43066192
THA 0.27381134 -0.37213835 0.13448969 0.014560673 -0.1566789 0.074798144 -0.17900598 0.09338706 -0.10299441 -0.069995195 -0.03505008 0.0390851 -0.14087248 0.053322468 -0.12825724 0.11350372 0.16568151 0.09117164 -0.24435164 -0.03334753 -0.029464811 0.06472565 0.18576807 -0.1917667 -0.20379919 0.0028665888 -0.20428136 0.024410821 -0.14375226 -0.07920911 -0.10975117 0.13242775 0.026639959 0.2751461 0.065381564 0.21398117 0.24288279 -0.09955891 -0.14380723 0.035837043 -0.004761898 0.1788925 -0.18002675 -0.020785533 -0.013137852 -0.087136514 0.06262168 0.08408061 -0.12330219 -0.04012139 -0.05111773 -0.11561161 0.07572039 -0.03368735 0.030631397 0.04339963 0.2529189 0.07281127 0.09193035 -0.03621315 0.03268455 -0.32234272 0.04347292 0.1688664 0.09411705 0.07972469 -0.14248995 -0.08599733 -0.17468539 -0.27610675 0.11203601 -0.31043416 -0.20885295 -0.20617831 0.13727105 -0.24780197 0.13917862 -0.10832364 -0.16704689 0.04177425 0.07616785 -0.08837715 0.2366247 0.14468783 -0.018895112 0.17067663 0.036908787 0.09425474 0.20037729 0.2840542 -0.114792556 0.006127133 0.12321598 0.08773153 0.27365404 -0.016749142 -0.10612732 -0.18383239 -0.011573026 -0.14203267 -0.12312934 0.024734028 -0.10014284 0.015923882 0.15452525 -0.08638025 -0.11568807 0.009062008 0.02773088 -0.06416276 -0.26037145 -0.029547654 0.20148155 0.019140046 -0.19282165 0.06925231 0.05432234 0.15804414 0.18370515 -0.16393414 0.049937338 -0.250847 -0.11463383 0.3673946 -0.10244121 0.053618804 -0.080188006 0.15640865
TUR 0.22774833 -0.36333367 0.0997011 -0.009119747 -0.16087995 0.044932663 -0.22630796 0.01685907 -0.045697942 -0.006058596 -0.016465478 -0.0155198565 -0.12209692 -0.0031708165 -0.08094297 -0.0040535256 0.13683559 0.1459997 -0.1487478 -0.074317575 -0.0986838 0.059144 0.22569336 -0.111409694 -0.20391163 -0.049203437 -0.1637674 0.16003208 -0.20389651 -0.07207815 -0.1249312 0.12037738 0.010463678 0.15109967 0.06495374 0.12200306 0.32161364 -0.09362617 -0.15567444 -0.01878976 -0.04279601 0.19416957 -0.1265873 -0.119367726 -0.018820204 -0.08591637 -0.025347043 0.08337633 -0.02098061 0.057528246 -0.10268503 -0.11779234 0.14143072 0.06737065 -0.029372508 0.13480595 0.120303884 0.11680069 0.069263585 0.06541757 -0.029754872 -0.20879629 0.06234445 0.051357124 0.0677777 0.12610209 -0.1711058 -0.108059324 -0.18572162 -0.2822547 0.13241611 -0.43842477 -0.3098872 -0.24014531 0.07553337 -0.25556996 0.13455468 -0.1619536 -0.1738367 0.039360728 0.19142163 -0.04379804 0.22974564 0.16652124 -0.05728495 0.1371791 0.14810058 0.047768276 0.14480324 0.25004518 -0.12184107 -0.033496786 0.16060923 0.09797951 0.25692713 -0.05587951 -0.12042254 -0.26259077 0.028592337 -0.23159394 -0.21255773 0.03550346 0.0030623998 0.123548895 0.1532354 -0.035691172 -0.006710078 -0.14411397 -0.06754766 -0.16967018 -0.26022518 -0.065414175 0.18180852 0.040265094 -0.21418191 -0.052630085 0.068216324 0.1236172 0.13226645 -0.21360953 -0.056389112 -0.26121196 -0.15344523 0.3480801 -0.08831168 -0.02134478 -0.13474186 0.043462012
IND 0.085872516 -0.39544576 -0.042311255 -0.009811577 -0.1700787 0.104530685 -0.1708433 0.07935989 -0.12184663 -0.1421543 -0.12563501 -0.123195134 -0.20717481 0.18523571 -0.041029945 0.014783683 0.11270434 0.09251207 -0.07351576 -0.20686437 0.13520756 0.12350239 0.024956381 -0.24860169 -0.14171743 -0.01689971 -0.19038516 -0.026888024 -0.05948892 -0.08928793 0.069701865 0.02001089 0.040484484 0.26843613 0.03365139 0.18819702 0.17508145 -0.15688744 -0.12278281 0.06438074 0.041367948 0.06030182 -0.052850593 -0.03338054 -0.15086308 -0.21428026 -0.054045983 0.036994096 0.032794256 -0.1213298 0.094580196 -0.1986181 0.117735445 0.06005331 -0.08829098 0.072680406 0.13951652 -0.0015705394 0.10572979 0.025155466 0.10331037 -0.28724226 0.09330055 0.15086445 0.06211953 0.1257548 -0.08208015 -0.00491639 0.017043665 -0.46059287 -0.023316335 -0.332322 -0.2656353 -0.19955666 0.18697216 -0.35952604 0.2401379 -0.0187114 -0.1253414 -0.049514454 -0.00345672 -0.110720575 0.19377595 0.12842578 -0.026903855 0.063685246 0.06732351 0.118549936 0.12537652 0.25636408 0.0160607 -0.010772047 -0.020165766 0.062813945 0.41892558 0.011807533 -0.030432073 -0.20524095 -0.13096464 -0.15085593 0.027536195 0.10938343 -0.035457622 -0.03710692 0.100737214 -0.059034873 -0.13078895 -0.03614474 0.0761814 -0.09815511 -0.1736668 -0.044568222 0.103035 0.13112321 -0.21224584 0.136424 -0.06747137 0.075409375 0.21389824 -0.22723886 -0.111238845 -0.16833068 -0.09190739 0.28943703 -0.007591919 0.106209055 -0.13130659 0.33916795
BGD 0.27464095 -0.34129173 0.13485737 0.01624363 -0.17082475 0.08469865 -0.16860469 0.096970044 -0.073554315 -0.09367777 -0.022161134 0.04593413 -0.11004719 0.047625322 -0.11765296 0.1611322 0.17098303 0.058267392 -0.20738259 -0.02507806 -0.005688597 0.07157746 0.20073372 -0.17073765 -0.16134751 -0.0020494377 -0.18306813 0.034328293 -0.119147226 -0.054912042 -0.14019829 0.10847422 0.0033576326 0.24824831 0.10658576 0.22461714 0.20273891 -0.08599864 -0.16001348 0.029531078 0.030828916 0.18051095 -0.18757363 -0.007462092 -0.031084027 -0.060628265 0.07622898 0.073374875 -0.17696388 -0.047780037 -0.04624391 -0.11493486 0.052342717 -0.07289847 0.04089408 -0.016427891 0.24696201 0.089065164 0.05721874 -0.060006693 -0.029161947 -0.31040916 0.052218493 0.14572547 0.06385059 0.038006555 -0.16131784 -0.08366111 -0.18222974 -0.21948053 0.08634948 -0.29030967 -0.19206612 -0.18070963 0.10096129 -0.2392831 0.107770234 -0.09561638 -0.20064597 0.03351762 0.070494026 -0.043563645 0.20164756 0.14809981 0.058894802 0.16340059 0.0038642518 0.086994 0.18234076 0.27079204 -0.117687166 -0.030523453 0.14880106 0.12564395 0.2681147 -0.017063979 -0.07054742 -0.13560908 -0.035226684 -0.12249922 -0.108744204 0.024134772 -0.11053069 0.028814824 0.19209544 -0.14424033 -0.11275487 0.060947876 0.04946629 -0.08197364 -0.25522768 -0.07770998 0.15696526 0.004111724 -0.18650213 0.12799253 0.1039781 0.14363438 0.18593013 -0.1621803 0.04389705 -0.23690577 -0.13821927 0.35773465 -0.07834764 0.062184874 -0.11502827 0.18470562
BEL 0.0071390425 -0.21430458 0.042371936 0.19363523 0.0030506677 -0.011400615 -0.08824079 0.1639774 -0.12421254 -0.022766719 0.15448852 0.0076574036 -0.09164823 -0.12186589 0.18890834 0.17675148 0.1666281 0.18736663 0.034573108 -0.12780811 0.13847563 0.2025688 -0.07593428 -0.12757485 0.06468137 -0.020594388 -0.20401195 0.08040636 0.014701975 0.042574834 -0.09770144 -0.01033611 0.12893309 0.13513878 -0.041726142 0.018319169 0.11802942 -0.11186514 0.17621934 0.09182318 -0.006434589 -0.080336824 0.00047675835 -0.004031873 -0.0063310293 0.09344278 0.017539384 -0.058414306 -0.18402424 0.088542946 0.2751506 -0.001071227 0.08254948 0.0350412 -0.047832627 -0.06890007 0.24710146 -0.13211086 -0.034848783 0.078844786 -0.009940116 -0.020805608 0.07193712 0.17140268 0.14904357 -0.054678768 0.064830065 0.1497747 0.02198223 -0.08214263 -0.17047316 -0.024859464 -0.14782192 -0.09303318 -0.013485402 -0.20274962 -0.101029396 0.122280605 -0.15718605 0.0960899 -0.113102704 -0.028996933 0.09803931 0.131593 0.20738086 0.13800201 0.099619426 -0.15261601 0.08584498 -0.0066188504 -0.065949835 -0.19510305 -0.017165225 -0.077049635 0.14485893 0.0070639676 -0.0137676215 -0.08754491 -0.058695413 -0.23577674 -0.021845572 -0.067355394 -0.0809343 0.056623396 -0.052598454 -0.18238142 -0.079920806 0.042337116 0.01835505 -0.17159253 0.071067296 -0.14045584 0.033841588 0.1714378 -0.01941001 0.017277459 -0.013658843 0.016212488 0.10754936 -0.047832225 -0.108318985 -0.08118654 -0.02960651 0.07760812 -0.07647805 0.09515992 0.015791528 0.13676319
VEN 0.028548518 -0.40982717 -0.21074048 0.06369672 -0.17992073 -0.03738696 -0.35295403 0.2631371 0.17849582 0.053090326 -0.058289625 -0.22381851 -0.10385861 0.021947823 -0.1401993 0.215587 0.2797454 0.13476543 0.11298216 -0.10189235 -0.040403273 0.12213088 0.03614521 -0.20035823 -0.07977295 -0.23170175 -0.4130172 0.20681097 -0.119842336 -0.021675723 -0.17198041 -0.20050633 0.04792885 0.23135597 0.09905024 0.06307035 0.20651872 -0.3068583 -0.19138326 -0.0005524389 0.035045885 -0.025999885 -0.050465506 -0.3062492 -0.22660302 -0.25513616 0.07448576 -0.038783785 -0.27315158 -0.003476927 0.1584242 -0.39738256 0.22064066 0.035474047 0.01745932 0.02974106 0.09329856 0.10137998 -0.009983808 0.14780356 -0.028332442 0.2886362 0.26755443 -0.03857352 -0.22890864 0.09278744 -0.10480665 0.11790042 -0.008505047 -0.11231267 -0.037774 -0.039466422 -0.09745603 -0.11803095 -0.022626901 -0.53303283 -0.075836755 0.10067847 -0.27322975 -0.28653163 -0.055493984 0.03469403 0.0029761696 0.0146262795 0.36337736 0.24624445 0.094373696 0.1657123 -0.041847736 0.12396623 0.17249411 -0.30394536 -0.17567465 0.20040637 0.058109827 -0.041509252 0.18204653 -0.1586477 -0.111722 -0.03399892 0.20754868 -0.022348166 0.12433928 0.23665386 0.11565283 -0.15426062 -0.09615832 0.010588123 -0.045564532 -0.32730722 -0.09710631 -0.1967274 -0.2584384 0.05878644 -0.12299677 0.02659365 0.17268395 -0.17978016 0.1091436 -0.11695238 -0.49282542 -0.10635796 -0.24119523 0.10255272 0.40290982 0.07150554 -0.25707346 0.21815377
GTM -0.12715839 -0.39345992 -0.27799234 0.12766209 -0.021124696 -0.08278981 -0.33374402 0.2841945 0.04848156 0.081340656 0.0025720769 -0.33710086 -0.1098538 -0.063353695 0.047317363 0.081019096 0.2121502 0.2836094 0.052733872 -0.18360804 0.09563347 0.24257006 -0.0934009 -0.1883138 -0.07476509 -0.18563916 -0.3498778 0.14277814 -0.030064592 -0.029942311 -0.033052396 -0.17404431 0.11899956 0.23632856 -0.09577003 0.015694033 0.13344349 -0.33089992 0.025851747 0.08966164 -0.059545387 -0.19870967 0.045209303 -0.19997433 -0.20407134 -0.20188853 0.027600547 -0.13641328 -0.13493198 -0.007923086 0.31909505 -0.28453845 0.25162807 0.17330828 -0.09907851 0.045610975 0.13654396 -0.083122976 0.02516503 0.13798371 0.14953783 0.24056837 0.29578742 0.027954932 0.0014029471 0.097493865 0.1086507 0.1930151 0.17216161 -0.23191315 -0.19425312 -0.043061834 -0.17959127 -0.1443506 0.029573582 -0.5528606 -0.025952786 0.25879136 -0.26598957 -0.09460078 -0.10310211 -0.015969994 0.12979291 0.061422992 0.34981385 0.16710073 0.18324308 0.013441131 -0.03477497 0.12254533 0.20968369 -0.30695552 -0.3070838 -0.014210921 0.1810795 0.007743281 0.05767914 -0.26222974 -0.09225083 -0.21418445 0.29363793 -0.009542481 -0.0051702145 0.09066758 -0.106399104 -0.05318683 -0.1868234 -0.027337313 0.011508395 -0.35769725 0.0792166 -0.15000413 -0.17464401 0.25709206 -0.09736353 -0.03652742 -0.0544149 -0.20064174 0.09788991 -0.11956558 -0.5511238 -0.059393153 -0.15032837 0.04949372 0.3666235 0.088175304 -0.15762295 0.30334106
SLV -0.1302368 -0.30956617 -0.14599556 0.14541316 0.043046925 -0.016650168 -0.17173567 0.2162359 -0.05372291 -2.5528017e-05 0.07212605 -0.1853957 -0.12605013 -0.031844065 0.17928705 0.117412604 0.20292054 0.24558246 0.09766143 -0.22159225 0.1929977 0.29486746 -0.16726887 -0.2637765 0.02047031 -0.11191868 -0.25792783 0.031422596 0.0716141 -0.01931724 0.037741367 -0.16694407 0.16422036 0.25533018 -0.13164347 0.045307714 0.10368858 -0.2695208 0.1535744 0.14807045 0.013432989 -0.22462352 0.10135914 -0.102971286 -0.106448375 -0.06464203 -0.020065704 -0.11750588 -0.12552296 -0.012618452 0.41318315 -0.13641305 0.19029656 0.12854588 -0.08630218 0.010781852 0.22599964 -0.15724039 0.028064294 0.102988705 0.12471157 0.14872181 0.15345287 0.13700998 0.17614207 0.011633328 0.14168829 0.2572031 0.15426716 -0.21106324 -0.21708512 -0.008991949 -0.17509897 -0.11191481 0.07509372 -0.40062246 -0.055663094 0.27728796 -0.20280814 0.023673104 -0.18626587 -0.0054262644 0.0606726 0.14634858 0.32516357 0.171105 0.1424113 -0.09371494 -0.021689665 0.042373974 0.1359958 -0.26331288 -0.21783164 -0.089298934 0.2133658 0.065069735 0.05327737 -0.19124518 -0.1508983 -0.22167882 0.23318654 -0.005179315 -0.028986393 0.025433805 -0.09094737 -0.10321384 -0.18284377 0.021444019 0.07957465 -0.31859267 0.14807726 -0.1542283 -0.103930496 0.27657664 -0.031036181 0.01630196 -0.1039915 -0.107294686 0.1033234 -0.111815214 -0.34258595 0.003954853 -0.07561765 0.017471766 0.16592954 0.19044185 -0.06328483 0.3461862
IRL -0.025913563 -0.25075215 0.13692102 0.10009397 0.021454167 -0.0342669 -0.035918143 -0.031693555 -0.26410004 0.15870796 0.23795314 -0.08208076 -0.112574756 -0.20825465 0.30403423 -0.016801443 0.1163243 0.25921482 0.0045993435 -0.11933919 0.0033443137 0.2173787 -0.10550242 0.017814854 0.008177819 0.03581983 -0.12658794 0.25913104 -0.046451252 -0.039780892 -0.21491557 0.15767074 0.12770112 -0.00530373 -0.11134679 -0.07353772 0.31321684 -0.043964338 0.23520055 0.01963139 -0.088258065 -0.10633961 -0.037846364 0.006102592 0.10764614 0.16813874 -0.14901881 -0.08902181 0.016830128 0.22153325 0.22072047 0.15758799 0.18709576 0.102945074 -0.1694505 0.07889147 0.21497603 -0.12676631 -0.030174186 0.18132548 -0.07410451 -0.17786983 0.095006086 0.115369305 0.26334974 0.016363595 0.075114965 0.0426787 0.044361312 -0.2140846 -0.16222985 -0.19426957 -0.34866118 -0.15754317 -0.12052582 -0.16081819 -0.067281835 0.008803603 -0.14064547 0.2825815 -0.041516133 -0.046264574 0.18097381 0.15668596 0.044319127 0.0464552 0.22449456 -0.31208602 0.15277594 0.008116619 -0.2409401 -0.15083314 0.0049086967 -0.119987145 0.22824499 -0.03526471 -0.16340971 -0.20178805 0.073248945 -0.47126397 -0.16927308 -0.10467165 -0.09137309 0.076926656 -0.14791766 -0.053229675 0.03892463 -0.23472913 -0.19417441 -0.19831295 0.04402596 -0.1171093 0.22321126 0.24065362 -0.038999904 -0.20432301 -0.15079966 0.1342783 0.09532521 -0.061099675 -0.08829756 -0.1885002 -0.03348075 0.10157047 -0.26789907 -0.011841126 0.04519952 -0.04558594
PRK 0.20450124 -0.18124071 0.32275832 0.2396481 0.0064058215 0.0017379095 -0.021789297 0.16723624 -0.0790665 -0.14208986 0.2424885 0.27104712 -0.053170666 -0.22611225 0.16941772 0.3220903 0.28080213 0.11891401 -0.1142484 -0.03154389 0.0890278 0.2123518 0.09218982 -0.18335338 0.05324092 0.055158928 -0.19374526 0.05992982 0.04456748 0.10828942 -0.18751954 0.055427156 0.044168036 0.19377705 0.009655553 0.07901968 0.13662113 -0.05317974 0.22746077 0.11237967 -0.02132303 0.107601464 -0.053692736 0.069624364 0.13211353 0.18302332 0.20215866 0.011074247 -0.3407655 0.1103515 0.251864 0.047569625 -0.06460702 -0.045752417 0.08898057 -0.13853131 0.45107913 0.020183926 -0.11996226 -0.035336196 -0.1211792 -0.06739904 -0.024270836 0.1622185 0.256012 -0.16055831 0.00092635484 0.12359382 -0.15369694 0.06546506 -0.030553097 -0.013375325 -0.10633434 -0.12129164 0.00453793 -0.07961806 -0.13164632 0.05563059 -0.22272758 0.21435787 -0.040429715 -0.016537517 0.1463856 0.21250537 0.25016773 0.32989922 0.05646676 -0.21188393 0.09378541 0.074376814 -0.19078518 -0.20504485 0.23150015 -0.08786502 0.08118133 -0.005647442 -0.010458256 0.0016367682 -0.030279411 -0.18289234 -0.22481288 -0.09362784 -0.16799225 0.16022977 0.07824526 -0.31122413 -0.13189386 0.19853228 0.14402464 -0.1427095 0.00045758497 -0.21142162 0.0452446 0.10811415 -0.06617874 0.12765935 0.23591936 0.14103308 0.1359719 0.01350555 0.031470057 -0.116174184 -0.07014343 0.12880117 -0.13601737 0.12349897 0.055701386 0.05653644
BGR 0.048599094 -0.15407938 0.20940347 0.24317521 0.12025606 0.038164143 0.0020098416 0.16624302 -0.12542887 -0.035050098 0.28222913 0.0642822 -0.011273253 -0.21140626 0.3657547 0.26927775 0.2721453 0.13147722 -0.015614569 -0.064394996 0.17288142 0.3403664 -0.067339934 -0.11276057 0.07085066 0.048411414 -0.12185382 0.06557232 0.14104816 0.024579873 -0.13955227 -0.005381838 0.11676322 0.13543601 -0.09248663 0.025519691 0.08578071 -0.09532987 0.2637355 0.12575772 -0.019109383 -0.120540455 -0.011248609 0.11252534 0.114547394 0.21033072 0.09014561 -0.057116244 -0.2775626 0.1707763 0.42200574 0.08969446 0.07821082 0.036254566 -0.034847 -0.11006937 0.5024088 -0.14029877 -0.054659255 0.092217 -0.079167895 -0.015631607 0.05789078 0.1629323 0.29784188 -0.22474244 0.11127427 0.22335432 0.018919801 0.07978596 -0.17357159 0.091109864 -0.16254365 -0.062046856 0.0026810039 -0.15114754 -0.17609718 0.17690022 -0.3019442 0.30798486 -0.19542995 -6.4115884e-06 0.0537962 0.25933695 0.40071794 0.28754804 0.07785118 -0.31629762 0.109659165 0.029727297 -0.10393057 -0.356311 0.07622717 -0.13614254 0.14339846 0.050675772 0.03876116 0.05458309 -0.1264098 -0.21651337 -0.090525836 -0.115715206 -0.16922541 0.08556252 -0.027564745 -0.31419095 -0.13418864 0.18312524 0.062232222 -0.25353897 0.13128993 -0.31934744 0.013327769 0.16102543 0.008805025 0.10016123 0.08181986 0.09844293 0.104828976 -0.057770863 -0.08304295 -0.025206264 -0.07766312 0.029083591 -0.1330135 0.17404912 0.042782787 0.20551926
MDG 0.15971437 -0.30004528 -0.022249939 -0.041893184 -0.18546888 0.019818971 -0.20889767 0.036373705 -0.041424856 0.06454602 -0.011678421 -0.08568135 -0.10685517 0.0052681547 -0.120755695 0.049912184 0.09918446 0.13097478 -0.08797798 -0.08122668 -0.089229375 0.05061227 0.14188173 -0.06276373 -0.14972396 -0.08162517 -0.20167598 0.16881368 -0.15042886 -0.04331649 -0.18170808 0.093174584 0.001237696 0.112315774 0.07483821 0.115477495 0.28171343 -0.10533773 -0.17056729 -0.051765878 -0.00070868083 0.103048064 -0.14770995 -0.11556429 -0.08855917 -0.09372986 -0.04720824 0.0070302146 -0.06859301 0.011152977 -0.029923176 -0.1152997 0.17003398 0.007878725 -0.02949164 0.09876263 0.1068046 0.12967174 0.042788986 0.057985563 -0.076040074 -0.1536103 0.12536277 0.033436023 -0.026797807 0.086869806 -0.1167195 -0.09478608 -0.101746194 -0.27562597 0.04231794 -0.30044287 -0.2588168 -0.18509768 -0.03464917 -0.3079474 0.0827222 -0.08015936 -0.15734711 -0.012388559 0.13570292 -0.051857885 0.18559264 0.11194734 0.061406724 0.11286765 0.11609992 0.037189707 0.12574512 0.19764614 -0.12203443 -0.07809424 0.04673191 0.14601922 0.23816697 -0.090630166 -0.054729734 -0.22841719 0.0094208 -0.2216391 -0.09012238 0.022780985 -0.019025233 0.123386465 0.10687526 -0.05061069 -0.01588602 -0.11351528 -0.13108563 -0.13509414 -0.19415116 -0.087989 0.08129774 0.04120508 -0.14161336 -0.03909797 0.045607857 0.06342488 0.12966605 -0.12259688 -0.114736766 -0.2537408 -0.13770589 0.22549024 -0.00077252183 -0.047583554 -0.15176336 0.025517216
CSK 0.20489185 -0.21240574 -0.03697622 -0.083016686 -0.19307439 0.037112933 -0.26676977 0.07098572 -0.029984733 0.22387376 0.09395561 0.03650303 -0.03512874 -0.20436178 -0.17484176 0.0733708 0.1333608 0.22646394 -0.09560838 -0.053200584 -0.1839853 0.014259359 0.18221623 0.0036144776 -0.12183595 -0.14887202 -0.19453844 0.2220732 -0.21377096 0.07729777 -0.2793767 0.14770241 -0.1031898 0.01683963 0.050902102 0.13637163 0.34998178 -0.12844814 -0.0932041 -0.07686037 0.08039535 0.04572205 -0.21317245 -0.07813221 -0.12747929 0.11196164 -0.00021499518 -0.030065903 -0.26124018 0.053425472 -0.020275977 -0.031593896 0.22333775 -0.053632375 -0.01234692 0.09966959 0.17194477 0.18822089 0.04523188 0.037493277 -0.20939462 -0.1208361 0.14118099 0.06734323 0.10623506 0.014330582 -0.096530765 -0.11626093 -0.20351605 -0.22956854 -0.09583178 -0.3774163 -0.21284457 -0.16275395 -0.28044233 -0.2489931 0.022431716 -0.11995638 -0.10983641 0.10672852 0.28795236 -0.008448729 0.15422322 0.12032432 0.14972997 0.08731735 0.12213347 -0.05960853 0.15369958 0.021011325 -0.27609617 -0.06504982 0.14945212 0.12541543 0.08297671 -0.20061775 -0.10854958 -0.293257 0.12534234 -0.39031294 -0.15541461 0.037370864 -0.06037208 0.17457688 0.047923356 -0.095170714 0.017000644 -0.18534306 -0.22756337 -0.20887747 -0.18168013 -0.25644258 0.081397556 0.0681804 -0.08414287 -0.12681456 0.0567107 0.0965044 0.18443605 -0.09525143 -0.10920696 -0.30306026 -0.08724092 0.21005328 -0.08408569 -0.16467525 -0.08876079 -0.13917235
CYP 0.1829696 -0.14540707 0.24904491 0.18972641 0.016694188 -0.027201807 -0.11078414 0.22113368 -0.104294 0.042151947 0.26465562 0.20448087 -0.06954577 -0.33654895 0.12543418 0.26533654 0.22492816 0.20241983 -0.059331182 -0.0075482777 -0.029961627 0.16273506 0.087523185 -0.07681243 0.04977665 -0.019036204 -0.22114778 0.15244035 -0.085211374 0.12962125 -0.26167977 0.09246056 0.06552154 0.16200784 -0.0221747 0.0077372 0.2495443 -0.06257352 0.25419536 0.07930395 -0.04694177 0.028362144 -0.12455562 0.05651687 0.092817076 0.25715378 0.17851952 -0.022243401 -0.37960485 0.17759703 0.20200638 0.07033404 -0.020728325 -0.075027116 0.055543058 -0.06667304 0.40091944 0.004808755 -0.049101584 0.020826014 -0.13079374 -0.07609699 0.03505408 0.16672735 0.2610118 -0.1289527 -0.013901001 0.10766984 -0.1543146 0.020877149 -0.09952146 -0.056854613 -0.11620721 -0.14707687 -0.14592089 -0.1423101 -0.14526376 -0.010885016 -0.19684623 0.23649234 0.033409648 -0.034717117 0.15652977 0.14210035 0.2284597 0.28043136 0.11388643 -0.23616414 0.1578405 -0.024958558 -0.26998657 -0.25228438 0.19565727 -0.108911365 0.0060392595 -0.08006532 -0.08418859 -0.07690949 0.04803989 -0.34940553 -0.22221226 -0.13940673 -0.13908339 0.18784879 -0.039174117 -0.28871754 -0.07975875 0.060801454 -0.022230271 -0.19338553 -0.044449475 -0.21232143 0.1333478 0.15189753 -0.05876615 -0.012084284 0.15528972 0.14297114 0.18893673 0.0156581 -0.04857357 -0.2081131 -0.039392747 0.20117511 -0.21821068 0.058756653 0.10880619 -0.06852312
POL -0.007525864 -0.1804629 0.14356072 0.13509557 0.0838621 -0.0626938 -0.06375453 0.00986962 -0.18082508 0.1891127 0.32201645 -0.038841028 -0.0750224 -0.30565068 0.31231633 0.030070234 0.18455145 0.27603337 -0.01965393 -0.116017215 -0.053757448 0.26890042 -0.06826641 -0.025781255 0.0029352366 0.024605902 -0.1422768 0.26884905 -0.048109137 0.0075092986 -0.23172171 0.12342722 0.12412185 0.03418074 -0.15588523 -0.11522962 0.30047536 -0.074850954 0.29082578 0.047875065 -0.10816247 -0.12642166 -0.023238687 -0.025174126 0.18755805 0.18584144 -0.10792943 -0.14017223 -0.05630419 0.2658258 0.23680303 0.181859 0.1950391 0.13813005 -0.11816718 0.07800557 0.29893804 -0.06581938 -0.07043418 0.18542397 -0.08141806 -0.031523 0.08265743 0.10511694 0.3225008 -0.010287032 0.13642526 0.07758448 0.026374884 -0.15103415 -0.13062395 -0.12362171 -0.30288595 -0.16206415 -0.13312683 -0.14656949 -0.10530472 0.07171637 -0.19013728 0.3220911 -0.017816378 -0.04139017 0.17001812 0.1510434 0.13202435 0.15966362 0.2524672 -0.35435072 0.077251084 -0.010788967 -0.25075093 -0.21560168 0.009848052 -0.17934707 0.13370985 -0.049557228 -0.14985146 -0.22351508 0.09116392 -0.46182424 -0.16279759 -0.15376046 -0.114791945 0.17075835 -0.1426502 -0.07864995 0.0012727655 -0.21764597 -0.15887584 -0.24093157 0.077298984 -0.12690356 0.16107464 0.25788757 -0.009350428 -0.22799686 -0.10147035 0.08252358 0.043730922 0.0042828647 -0.15175232 -0.1591575 -0.044126175 0.0027741275 -0.17240152 0.004051822 0.105597936 -0.1029511
GUY -0.0871194 -0.31926152 -0.08724334 0.103204094 -0.072487496 -0.010061571 -0.101477556 0.033237725 -0.24547116 0.04807842 0.108777665 -0.1861193 -0.1912641 0.02154997 0.20803256 -0.018721724 0.07208893 0.25809547 0.06540832 -0.28474665 0.15642288 0.24548002 -0.1809254 -0.11095648 -0.003530704 -0.03444697 -0.21825995 0.18056543 -0.0025180508 -0.03939916 -0.07645642 0.040526588 0.14433782 0.08396571 -0.07216956 0.0007164088 0.24875288 -0.12245185 0.123641096 0.05622378 -0.007070936 -0.122660995 0.037280355 -0.06802623 -0.06737163 -0.034693763 -0.19891584 -0.10679315 0.07940281 0.07927854 0.24661666 -0.010725214 0.23656927 0.14504237 -0.1706774 0.09396123 0.087511174 -0.1478111 -0.0052142628 0.18671851 0.05085129 -0.12544972 0.15297437 0.12685832 0.12094431 0.07031756 0.0989425 0.09790804 0.15322329 -0.3681161 -0.18725096 -0.1986431 -0.32770994 -0.1539252 -0.0021212252 -0.28211883 0.02897175 0.083646476 -0.0910581 0.064039394 -0.07527482 -0.101802304 0.14714614 0.1111951 0.037939824 0.0022231964 0.20363735 -0.1418523 0.07652889 0.034990914 -0.04468968 -0.10407273 -0.1173848 -0.05561778 0.34236518 -0.007563128 -0.06411874 -0.24408725 -0.05330176 -0.36073416 -0.0015109306 0.003709759 -0.023471544 0.0071877525 -0.103509925 -0.017347224 0.003613583 -0.19866252 -0.09559004 -0.14325781 0.07217568 -0.074811995 0.09099892 0.23342346 -0.050299633 -0.07640475 -0.21654034 0.01894484 0.09269343 -0.09533987 -0.17704207 -0.108083494 -0.019265376 0.052000478 -0.06926979 0.032519713 -0.02709438 0.12946765
BOL 0.18202055 -0.10295164 0.25454065 0.38830107 -0.02476495 -0.03867995 -0.13763265 0.49119127 -0.26724002 -0.1451266 0.22729383 0.4062773 -0.23653305 -0.36209592 0.14596575 0.3918813 0.24098171 0.22523819 0.011793093 -0.14987743 0.2028752 0.23107216 -0.027352434 -0.18019953 0.20832518 -0.002134509 -0.4469832 0.15622598 -0.11337594 0.30247754 -0.15869819 0.0025562767 0.122666866 0.30908224 0.045110304 0.012246236 0.18055466 -0.0056466605 0.4672845 0.25548548 -0.02426101 0.06586225 -0.095640294 0.13354093 -0.03669611 0.26896414 0.3710347 0.08223071 -0.5994285 0.20036012 0.37408412 -0.06620092 -0.21635933 -0.12039532 0.0848676 -0.17918673 0.5012395 -0.15557663 -0.09903351 0.06490681 -0.04491286 -0.16802074 0.097301856 0.4087884 0.24633001 -0.118782505 -0.04336562 0.26702935 -0.13739866 -0.059486445 -0.2949803 -0.056154594 0.031828187 -0.22099522 -0.13446428 -0.12698686 -0.096674435 -0.05369502 -0.0889708 0.16527364 -0.080058254 -0.12075781 0.23646761 0.018808251 0.06645151 0.29996124 0.041477233 -0.13992272 0.21734628 -0.21325944 -0.25593394 -0.3079962 0.296358 -0.28930438 0.0015259105 -0.0621839 -0.051607765 0.0088894535 -0.049978446 -0.39315832 -0.30999094 -0.16773963 -0.11177769 0.21115804 -0.13312642 -0.51657915 -0.09271407 0.19707625 0.13507618 -0.103355914 -0.060250208 -0.23957862 0.20057376 0.20812684 -0.16569598 0.12558007 0.16200711 0.107544824 0.42248347 0.032390676 -0.09369534 -0.21504258 0.08531107 0.43173444 -0.30402485 0.15514024 0.25381085 0.047340583
HND -0.038478013 -0.3178395 -0.09462935 0.14687186 -0.018526357 0.071378574 -0.14046215 0.1458031 -0.016640935 -0.080512375 0.049281873 -0.09275526 -0.060705308 0.043722402 0.1436942 0.19746123 0.24480665 0.17763405 0.07052664 -0.21729606 0.23979409 0.293048 -0.08864038 -0.27304035 0.005296104 -0.10296626 -0.18145992 -0.05178876 0.12586814 -0.051320896 0.028144896 -0.12584981 0.10171712 0.2393974 -0.040708303 0.20446785 0.080606125 -0.26619112 0.019710595 0.13504423 0.10838519 -0.14417882 0.06756751 -0.050224565 -0.15700056 -0.023752242 -0.028138759 -0.074738316 -0.14306335 -0.083759256 0.35351503 -0.10633631 0.20057164 0.06841659 -0.047395393 -0.052277844 0.2322258 -0.092247896 0.038635846 0.027169397 0.06909344 0.04819201 0.10939777 0.15043 0.17970148 -0.08599365 0.08087279 0.20681825 0.066987276 -0.15345073 -0.18847162 -0.053305972 -0.18524913 -0.061541297 0.12913857 -0.3570861 -0.048115462 0.24975973 -0.22369924 0.021993354 -0.1472247 0.023789514 -0.008183905 0.2508871 0.38967934 0.17870979 0.057381917 -0.08352005 0.022691384 0.10780288 0.12469716 -0.20467652 -0.09365077 0.026709393 0.26730958 0.06629581 0.09029678 -0.10559677 -0.21004525 -0.09895917 0.18520477 0.05544958 -0.037153002 -0.024539877 0.050074674 -0.16138679 -0.18787622 0.1447403 0.14254361 -0.2813713 0.10461671 -0.25577036 -0.11450008 0.14253643 -0.024561215 0.13345668 -0.025133526 -0.05120359 0.071621545 -0.19384399 -0.17151192 0.02469628 -0.08676266 0.028578067 0.1072718 0.18092021 -0.124593966 0.41123572
PAN -0.15911856 -0.35037932 -0.20794128 0.09929672 0.016298052 -0.037321605 -0.19222325 0.2104216 -0.07189983 -0.007421032 0.0244022 -0.2762917 -0.16638394 -0.0034982353 0.14102557 0.023520749 0.1600107 0.2534739 0.043447398 -0.26744428 0.19767301 0.26174578 -0.1672122 -0.22330979 -0.029508637 -0.08495095 -0.28815866 0.05301158 0.039663125 -0.040867344 0.070638075 -0.15334229 0.159194 0.23831442 -0.13635398 0.014896413 0.123924926 -0.28846088 0.14497802 0.1324391 -0.041190393 -0.19413197 0.10004239 -0.118047684 -0.15109187 -0.17480905 -0.046603967 -0.12009953 -0.020497508 -0.032869823 0.3568601 -0.17895338 0.19975309 0.19833595 -0.1504091 0.052873574 0.16138953 -0.14826445 0.02316624 0.12070995 0.18393424 0.09255083 0.21653488 0.09095111 0.13431406 0.09990854 0.14183278 0.21636967 0.21948148 -0.34324512 -0.2126836 -0.09016316 -0.20881744 -0.1608377 0.08464135 -0.45645404 0.04779987 0.25011018 -0.18372193 0.008194642 -0.14395475 -0.059652045 0.1562735 0.10669845 0.22256123 0.11871043 0.16980077 -0.04755777 -0.021117954 0.1100236 0.17003846 -0.21830988 -0.24354193 -0.113857776 0.2870974 0.04319916 0.018308718 -0.25472695 -0.11971037 -0.28311208 0.2260873 0.035097554 -0.040341277 0.0283073 -0.13078964 -0.055620033 -0.18463935 -0.05226366 0.08030394 -0.31179443 0.10364668 -0.123725355 -0.10223203 0.29142517 -0.1048833 -0.003189409 -0.13321057 -0.11435965 0.1204222 -0.13069236 -0.43918198 -0.02456688 -0.079514414 0.047972035 0.22061403 0.15353914 -0.09456731 0.35422
HKG 0.38379523 -0.33593625 0.2791593 0.06680112 -0.09769541 0.07403233 -0.1688706 0.21304289 -0.094649814 -0.10621508 -0.008213117 0.13572425 -0.110953055 -0.04182617 -0.13086644 0.2149178 0.22035553 0.054763913 -0.30242115 0.061859533 -0.068693556 0.046854522 0.23797227 -0.20750327 -0.20655833 0.026572293 -0.26493186 0.023026796 -0.16614482 -0.040691458 -0.16063993 0.11521027 0.04173281 0.33674267 0.07718595 0.17546423 0.23293602 -0.06032789 -0.0844963 0.072058536 -0.08721336 0.22903807 -0.22614528 0.03013382 0.077728465 -0.054686416 0.22983539 0.13880982 -0.27610102 0.039624453 -0.045780234 -0.14899185 -0.036274187 -0.11455758 0.09680582 -0.01812593 0.42803746 0.0616133 0.069522314 -0.06734925 0.031430885 -0.3158299 -0.00044116317 0.21728474 0.11101987 0.03234916 -0.19302362 -0.04776141 -0.24522194 -0.13037242 0.18772663 -0.20540644 -0.14853843 -0.19973402 0.14642413 -0.23701492 0.091268405 -0.1428308 -0.25221217 0.08248659 0.018411925 -0.09085166 0.26913518 0.1325076 0.0061191916 0.3396776 -0.04006291 0.09661792 0.24614829 0.27576914 -0.12867121 -0.06328693 0.15174955 0.048100095 0.18133573 -0.003613262 -0.07999594 -0.10058774 -0.0037456944 -0.08473665 -0.16105053 -0.025510095 -0.15370753 0.04784501 0.16005799 -0.19744295 -0.16476429 0.12269602 0.08758818 -0.06370534 -0.27631134 -0.03529276 0.21782333 -0.010558644 -0.17856136 0.1283543 0.13671412 0.19345075 0.21595775 -0.113851435 0.086270936 -0.24661425 -0.12624387 0.4349997 -0.15094629 0.12167462 -0.044877402 0.15636581
YEM 0.41138405 -0.28988346 0.37979016 0.14916003 -0.099250995 0.052194566 -0.041662835 -0.10407937 0.06738978 -0.25139973 0.22686754 0.38181588 0.055694044 -0.07176876 0.006207986 0.33434767 0.32262692 0.084667675 -0.39412367 -0.036280494 0.085776195 0.22433086 0.31683835 -0.3030363 -0.07865252 0.07931715 -0.078681104 -0.02299731 0.16321413 0.0152014475 -0.2579701 0.19220915 -0.09564131 0.23522644 0.103682645 0.31986225 0.19088644 -0.08803168 -0.060041353 0.06340396 0.06755447 0.32489446 -0.057596445 -0.0012659694 0.12838362 0.06463642 0.08649617 -0.019416455 -0.23807499 -0.113453336 -0.005617769 0.13918915 0.03326993 -0.015875177 0.15230878 -0.08548645 0.4217936 0.30666566 -0.1911638 -0.25828713 -0.2182548 -0.1976486 -0.048777983 0.037830643 0.2916182 -0.12548839 -0.00856954 -0.0726237 -0.3305013 -0.06701733 0.18511108 -0.28094548 -0.27866605 -0.17492211 0.1445533 -0.056818742 -0.014894899 0.06758729 -0.3132555 0.20027286 0.21683908 0.0040805438 0.27345407 0.4629254 0.31314662 0.3878585 0.0982296 -0.17714074 0.06501972 0.41780803 -0.25927702 -0.036268294 0.41574973 0.10823168 0.3345606 -0.07073411 -0.02955283 -0.1494246 -0.03550678 -0.091306545 -0.31158385 0.01490659 -0.280618 0.19138558 0.4114919 -0.17332846 -0.18822661 0.21575646 0.25531337 -0.17068079 -0.06364895 -0.2518307 0.0023898885 0.01759005 -0.10303957 0.18329188 0.41149166 0.18987016 0.054473616 -0.10213977 0.15796767 -0.21702617 -0.18488704 0.09756733 0.05338905 0.011665158 -0.19635248 0.05949287
ALB -0.011886476 -0.24511163 0.14214571 0.11943594 0.016326364 -0.10641631 -0.13483056 0.045189865 -0.27250466 0.28389153 0.31649077 -0.046551015 -0.16577567 -0.34703302 0.25202566 -0.023327652 0.13934705 0.36202013 -0.01735691 -0.15036464 -0.1322528 0.20911896 -0.067268096 0.017811155 -0.0014111325 -0.017583739 -0.24823399 0.3954153 -0.18063442 0.04173035 -0.28921974 0.19910088 0.14460436 0.0042491034 -0.16340072 -0.15269226 0.43615016 -0.06326366 0.30636883 0.012035728 -0.13444427 -0.1045958 -0.065136306 -0.070220485 0.16360584 0.21989864 -0.12865762 -0.13969737 -0.0602703 0.32980844 0.2012838 0.16499668 0.23509555 0.12902582 -0.15765667 0.14400321 0.24511631 -0.059282724 -0.036941696 0.25206548 -0.10612012 -0.10246077 0.13202244 0.14840393 0.29248318 0.0721354 0.09017188 0.023027768 -0.005425925 -0.2673532 -0.16333033 -0.25480866 -0.36796114 -0.21746632 -0.22751628 -0.18892665 -0.08347816 -0.03324712 -0.1347655 0.29856443 0.06478677 -0.07829354 0.23049779 0.087770514 -0.019066112 0.099970765 0.31644258 -0.3317141 0.14553715 -0.06507635 -0.3287699 -0.17696552 0.015852183 -0.20659317 0.13159582 -0.123821646 -0.22620048 -0.32852238 0.17561108 -0.5898918 -0.2558278 -0.15651761 -0.084136784 0.18593165 -0.20511037 -0.04200626 0.08267533 -0.34704638 -0.2845802 -0.2261281 0.0013938306 -0.11630945 0.27083623 0.3107721 -0.058889195 -0.3295915 -0.16406097 0.12956046 0.107934766 0.005961372 -0.1889779 -0.2750621 -0.035999827 0.12402001 -0.29237807 -0.07702646 0.14068857 -0.21712121
NTZ 0.23727103 -0.35198903 -0.06798734 -0.17841315 -0.29433343 0.096116245 -0.2619692 -0.03645398 0.029956605 0.2361138 0.052151863 -0.07598262 0.054127634 -0.10735759 -0.18890849 0.12890142 0.18089943 0.16216092 -0.102068365 -0.048223846 -0.1767591 0.008211306 0.22268169 0.0563317 -0.1604648 -0.13169311 -0.12952957 0.21816875 -0.15083945 -0.021141369 -0.3799411 0.19074655 -0.1438655 -0.03371026 0.10827419 0.26144964 0.38463116 -0.1933074 -0.27988586 -0.18694332 0.18535139 0.074611716 -0.24280222 -0.10274708 -0.22894906 0.059074644 -0.07530988 -0.03775535 -0.20655164 -0.039987948 -0.061748367 -0.081911236 0.34714863 -0.059091475 -0.047813125 0.04884057 0.12905039 0.27646 0.043809123 0.017805578 -0.3042293 -0.16546284 0.22019577 -0.03144881 -0.03017586 -0.021174155 -0.12605244 -0.19729362 -0.18216588 -0.23285265 -0.09566311 -0.43661717 -0.28979984 -0.11145391 -0.2694212 -0.3257617 0.019064726 -0.12941876 -0.21513334 0.06000883 0.28963175 0.05470614 0.09055666 0.23914835 0.3082129 0.078983955 0.056001775 -0.05384261 0.16571623 0.18187046 -0.25604415 -0.027887307 0.16509016 0.339338 0.2013483 -0.19319646 -0.024026629 -0.23843625 0.056555502 -0.31840914 -0.11943739 0.13003138 -0.090840936 0.14419152 0.22624472 -0.09929314 -0.016549774 -0.10718508 -0.21685237 -0.30659658 -0.22121437 -0.4117382 -0.050472993 -0.03992289 -0.08208548 -0.08080255 0.11737978 0.09297997 0.13701984 -0.19227327 -0.1282342 -0.3145229 -0.23497094 0.16172248 0.011516243 -0.18848048 -0.31835714 0.012053649
BIH 0.25122553 -0.36607942 -0.0985244 -0.18375564 -0.32425338 0.118969955 -0.27865675 -0.012276062 0.008839504 0.23641245 0.023701599 -0.06008603 0.01619722 -0.068269886 -0.20481755 0.12108467 0.17209436 0.1518276 -0.12861536 -0.07967538 -0.17081533 0.022960601 0.20599557 0.03557464 -0.15273914 -0.1378502 -0.14886303 0.1909189 -0.15174343 -0.034253664 -0.3522244 0.19481027 -0.1502392 -0.017150678 0.113364935 0.2844305 0.40256634 -0.20108563 -0.27529907 -0.17537597 0.19410007 0.08033235 -0.25485912 -0.09639527 -0.25026992 0.05537259 -0.07777662 -0.022408599 -0.20626415 -0.06511085 -0.08896473 -0.089037426 0.34025162 -0.079683825 -0.037387997 0.07508377 0.12289101 0.2678276 0.05644884 0.0046343626 -0.2670088 -0.22588682 0.21619636 0.011421769 -0.024331182 -0.009339053 -0.13586 -0.18260893 -0.1864516 -0.27609625 -0.10319066 -0.44284815 -0.2685907 -0.09674518 -0.26246205 -0.32942986 0.05134837 -0.14079814 -0.18743046 0.03210444 0.27594414 0.024443489 0.113788106 0.21062952 0.24750464 0.069859274 0.04000928 -0.015010677 0.19578753 0.19487752 -0.2360034 0.006257877 0.16225456 0.3353112 0.22852871 -0.19642723 -0.037600376 -0.2621324 0.075841516 -0.3077855 -0.12024884 0.14822417 -0.10524009 0.10957834 0.19996068 -0.10388844 -0.018927662 -0.099696375 -0.22063325 -0.2797571 -0.23639321 -0.38460806 -0.020793838 -0.028915472 -0.09417541 -0.06434509 0.07086884 0.10280172 0.17822987 -0.2008841 -0.09802646 -0.31345508 -0.20373155 0.19759543 -0.0008694431 -0.1872733 -0.30224088 0.035536334
SUR -0.10103614 -0.45553452 -0.26159456 0.106423 -0.13174841 -0.09941694 -0.32472357 0.2817169 0.12956443 0.10100309 0.031300478 -0.28768092 -0.16932185 -0.01563648 0.027710497 0.2370969 0.31377023 0.15142925 0.26178914 -0.18139838 -0.021702262 0.19438748 -0.14519024 -0.2464216 0.006002732 -0.20469399 -0.48824543 0.2732735 -0.07236731 -0.016688123 -0.17866972 -0.2498935 0.1647345 0.2625294 0.07574779 -0.0651104 0.22253162 -0.31082797 -0.052752007 0.060052834 -0.031772748 -0.15511014 0.004948689 -0.32509702 -0.18543369 -0.26383302 0.025440242 -0.10803141 -0.22819188 0.08095153 0.32203752 -0.35901162 0.26773712 0.11810535 -0.019095114 0.03809972 0.13120796 -0.01444208 -0.06751174 0.29557082 -0.02350442 0.39115533 0.32513756 -0.003929276 -0.17031616 0.08064687 -0.03245299 0.24558057 0.14484932 -0.16907558 -0.13718064 0.049891938 -0.14642705 -0.15312158 -0.078638285 -0.6179498 -0.18041576 0.19053921 -0.30497915 -0.25060168 -0.19938695 -0.0071067093 -0.0009838488 0.040460125 0.42648995 0.29603922 0.17369075 0.070600994 -0.083744 0.0293384 0.19180316 -0.4430101 -0.3128196 0.11987794 0.11019571 -0.015785158 0.19466309 -0.1831849 -0.12626632 -0.15137768 0.23651573 -0.10654374 0.14681675 0.29109886 0.0071655535 -0.18590222 -0.08632535 -0.06882488 -0.06920077 -0.41243523 0.013298798 -0.19278145 -0.26932758 0.22339308 -0.08533265 -0.03025556 0.10129635 -0.24021673 0.12403595 -0.03741142 -0.6170213 -0.08925534 -0.24401158 0.021846395 0.396374 0.13478841 -0.18843164 0.21683012
ISR -0.099695586 -0.28620327 -0.1324974 0.19193313 0.029599497 0.0016255144 -0.1657153 0.23112303 -0.03596923 -0.011468984 0.094562985 -0.100145884 -0.076359965 -0.055762503 0.17820963 0.19067033 0.22941919 0.2454124 0.1100147 -0.20346493 0.22064745 0.3043819 -0.136554 -0.23959194 0.041861016 -0.13747719 -0.24594323 0.0013084601 0.086844 -0.00087625184 -0.0039210813 -0.15789378 0.14111759 0.24289574 -0.09194341 0.110578805 0.08146382 -0.25637087 0.13250208 0.1548933 0.06880256 -0.20381765 0.07538283 -0.05775664 -0.1425714 0.023693535 0.008962081 -0.09470741 -0.21254566 -0.01996674 0.41051158 -0.1156542 0.16697948 0.0696787 -0.040839948 -0.047578808 0.24498664 -0.15235382 0.029428478 0.07038477 0.09307524 0.12818043 0.12539129 0.17967078 0.17794068 -0.064140946 0.11766622 0.26331696 0.09038411 -0.11387547 -0.24152258 0.012625394 -0.14702307 -0.07647033 0.06491878 -0.36671683 -0.09906289 0.26238343 -0.2024944 0.025106125 -0.16551857 0.026317073 0.0041395845 0.16770746 0.37797216 0.18129843 0.09525621 -0.10820417 0.01098307 0.0143684065 0.114656545 -0.2608601 -0.13817722 -0.06279127 0.18001446 0.045669794 0.05867677 -0.14113791 -0.17674264 -0.16603014 0.19885899 -0.0036658158 -0.01704639 0.009398237 -0.06654378 -0.15408589 -0.175204 0.096664645 0.088773645 -0.31178784 0.1430906 -0.21167788 -0.106863044 0.23094243 -0.015421049 0.05451383 -0.062168665 -0.09139415 0.10429096 -0.1340661 -0.27155364 0.018049512 -0.05658222 0.04467601 0.107856184 0.18114409 -0.048212796 0.34710196
F97 0.15956286 -0.35028833 0.05085853 0.031287134 -0.16538838 0.07303517 -0.13343664 0.044955384 -0.111417666 -0.06498469 -0.024696182 -0.03960281 -0.13315715 0.10873838 -0.04079666 0.076671064 0.113138296 0.09968538 -0.16357167 -0.13508897 0.060552534 0.123108454 0.085536234 -0.14118397 -0.11974783 0.0034448511 -0.18134682 0.05505732 -0.042929187 -0.07990292 -0.09306933 0.118853666 0.041490283 0.18354303 0.06648351 0.1745492 0.2413562 -0.110499926 -0.09608651 0.00456721 0.0026827133 0.11859599 -0.113708876 -0.04645745 -0.066253364 -0.118103005 -0.025941933 0.01875884 -0.012466817 -0.04514149 0.011658287 -0.0814814 0.12458123 0.019984823 -0.038874384 0.050583772 0.15935472 0.05553197 0.039728075 -0.0022340384 0.015940243 -0.27725047 0.10133869 0.10877002 0.047442883 0.052656893 -0.058418714 -0.03141788 -0.053850714 -0.32256657 0.03079077 -0.2561263 -0.24510586 -0.14020115 0.08821428 -0.2534313 0.12394409 -0.046869483 -0.1422128 -3.6935671e-06 0.039779317 -0.09458285 0.20660585 0.13869266 0.015705723 0.13592872 0.078724235 0.025308818 0.15579446 0.24907808 -0.05068068 -0.023276359 0.04996871 0.08473661 0.34932667 -0.042117212 -0.044674296 -0.16551019 -0.05583353 -0.15414558 -0.09386435 0.06017357 -0.100307 0.004561224 0.11753463 -0.06937599 -0.09048645 -0.0012669251 0.005705014 -0.07618251 -0.14290118 -0.0778709 0.10268427 0.056238964 -0.16182615 0.092488475 -0.0022720466 0.114519924 0.14855902 -0.14602567 -0.027795114 -0.1990304 -0.11143799 0.23110718 -0.04019354 0.047847364 -0.12999713 0.19466898
PYF -0.030622352 -0.35879424 -0.1438941 0.029347863 -0.10580095 0.017803375 -0.1244925 0.0904735 -0.20116894 0.03983518 0.053107053 -0.21016829 -0.16988724 0.09974952 0.11308671 -0.011051569 0.10256943 0.20787556 0.001407486 -0.268847 0.16318314 0.21371089 -0.17391823 -0.16311152 -0.070178375 -0.07166021 -0.24160996 0.085200936 0.004612632 -0.065474324 -0.05173947 0.024703616 0.12081919 0.16668919 -0.06303822 0.06523879 0.22908954 -0.200925 0.027571803 0.048005424 0.02678215 -0.12876725 -0.0019232343 -0.067134924 -0.1255155 -0.12484655 -0.16073696 -0.09572466 0.06648583 -0.017218435 0.21815132 -0.080617495 0.23235841 0.10018914 -0.12719361 0.08067373 0.120168045 -0.11273749 0.022845993 0.11877921 0.07498201 -0.12914759 0.1604353 0.116386175 0.1091183 0.081758395 0.07893343 0.09386632 0.16368549 -0.40712798 -0.1464324 -0.14551589 -0.28099748 -0.13265388 0.03612377 -0.33592546 0.06270722 0.07340893 -0.09723224 -0.013801062 -0.07880572 -0.111197636 0.15430094 0.08905318 0.079245605 0.042051006 0.12879893 -0.031522475 0.066052586 0.07646144 0.033176992 -0.062808484 -0.16501164 0.0075846277 0.3349004 -0.0036376854 -0.018215075 -0.24540648 -0.06456111 -0.2666439 0.07272437 0.062228993 -0.06217328 -0.031790916 -0.05239898 -0.002950979 -0.08493372 -0.123318106 -0.02682934 -0.12637772 0.022348896 -0.04736568 0.026885552 0.2190964 -0.054629527 0.0035470666 -0.220294 0.014986232 0.11869897 -0.09811621 -0.18427542 -0.09440508 -0.038025398 0.07535394 0.04347047 0.057134874 -0.06440281 0.2605303
SYR 0.08337224 -0.12332425 0.20911625 0.14895733 0.13263056 0.077437006 -0.023406368 0.071952656 -0.015392641 0.06685296 0.3258563 0.016178994 0.12169647 -0.27013937 0.37059945 0.27664828 0.33441192 0.10433613 -0.032775227 0.012984137 0.09022042 0.33359918 0.01570287 -0.033802163 0.024659008 0.027318 0.002149572 0.082796335 0.17452067 -0.0010122897 -0.21842499 0.0018897891 0.024124838 0.0543764 -0.11670985 0.08342113 0.07833862 -0.1291105 0.15895115 0.052959062 0.023182873 -0.14548707 -0.056232143 0.11084679 0.122924134 0.2554732 0.02905867 -0.07706248 -0.2842253 0.18704522 0.38660237 0.13265759 0.17225589 0.056665815 -0.039696887 -0.11144067 0.5109189 -0.026171558 -0.053891297 0.092188336 -0.20814252 0.074431464 0.076690905 0.045687944 0.31987146 -0.29275453 0.12393829 0.15569405 -0.026089652 0.18741767 -0.13142024 0.0662494 -0.20426022 -0.023067644 -0.040519644 -0.16043407 -0.22852682 0.18247733 -0.4176992 0.37819245 -0.12717202 0.089393325 -0.035779107 0.3851113 0.5910683 0.32066146 0.07951037 -0.40023276 0.068051584 0.08663672 -0.13252805 -0.40498197 0.12387076 -0.03772291 0.12666248 0.027042072 0.08043168 0.0701194 -0.13852945 -0.22766362 -0.0686886 -0.10517864 -0.17503627 0.1436844 0.076254964 -0.3188815 -0.14578454 0.18059854 0.018787827 -0.37252802 0.13056393 -0.47988203 -0.06926877 0.083497316 0.05626866 0.08625596 0.14718892 0.094009705 0.015232597 -0.10555415 -0.08576562 -0.022479072 -0.14135692 -0.057539035 -0.0753016 0.11071764 -0.06593433 0.19534512
SVN 0.16356607 -0.11832104 0.042115513 -0.015257635 -0.07137381 -0.0804976 -0.29193583 0.09906844 -0.009732279 0.29880345 0.19729012 0.060537964 -0.04856096 -0.36543566 -0.09599916 0.01342362 0.13918719 0.3163743 -0.07153433 0.0036483265 -0.25322294 0.0027761245 0.21456598 0.012036982 -0.11202324 -0.17132163 -0.19819069 0.33059227 -0.28156772 0.13654472 -0.31055087 0.12370732 -0.05358119 0.01669155 -0.04258813 -0.019776708 0.35819477 -0.10076584 0.049808055 -0.03724289 -0.041752312 0.019173954 -0.17503363 -0.11693571 0.010014594 0.18743508 0.019963 -0.043718185 -0.2866847 0.20526882 0.023098659 0.029218344 0.16092604 -0.0015011362 -0.022453524 0.15868852 0.18602286 0.18666169 0.018690865 0.11269136 -0.21992426 0.04708598 0.109530754 0.007444646 0.18634309 0.06662146 -0.07388985 -0.085253455 -0.23460807 -0.1582804 -0.052083373 -0.38060594 -0.24575378 -0.25608072 -0.28714207 -0.22390066 -0.01935383 -0.119934104 -0.14953402 0.17765751 0.33961514 0.014966661 0.20429006 0.08709038 0.13140477 0.12480072 0.25572795 -0.14865355 0.096373335 -0.061368518 -0.34888175 -0.17465824 0.16000332 -0.029224694 -0.02497501 -0.1997286 -0.16340365 -0.36948764 0.20124501 -0.51652664 -0.21758589 -0.06225417 0.014518215 0.30676195 -0.037789658 -0.08893137 0.036413006 -0.29541457 -0.2808187 -0.25631598 -0.16906041 -0.19012573 0.14230785 0.1479527 -0.09662883 -0.23728685 0.08842704 0.06896857 0.1409264 -0.04680073 -0.20159091 -0.3167775 -0.059086133 0.22355336 -0.09815182 -0.16268037 0.010810398 -0.31560552
GAB -0.091052845 -0.44948402 -0.31801265 -0.12436077 -0.19904044 0.10994039 -0.25255367 0.066923745 -0.06740206 -0.083086245 -0.13695978 -0.33070886 -0.22711319 0.21826228 -0.07286564 -0.0702849 0.08035121 0.2464528 -0.0036947322 -0.4146621 0.30625197 0.19821428 -0.12116993 -0.37440217 -0.123369984 -0.1180788 -0.2073506 -0.11032313 0.035935428 -0.04734879 0.17750236 -0.041739494 -0.023055693 0.3076558 -0.04872122 0.27931577 0.1484572 -0.3789746 -0.13540906 0.061636988 0.1750079 -0.12349583 0.023995502 -0.06993046 -0.3857 -0.30206618 -0.20132127 -0.09719189 0.08829122 -0.35179758 0.2997178 -0.23755978 0.25126266 0.15568563 -0.21076845 0.13738014 0.06898439 0.058883462 0.12441261 -0.042049438 0.13494769 -0.17247298 0.21628132 0.074738644 0.1695296 0.1838873 0.0824962 0.029044755 0.20206426 -0.7757299 -0.29572624 -0.46648106 -0.3767091 -0.2412561 0.10427366 -0.6103688 0.37433767 0.1752931 -0.10154134 -0.072117485 0.01984743 -0.12265075 0.22046587 0.16844723 0.17359352 -0.08815311 0.13449807 0.12996587 -0.014919614 0.2724502 0.0797501 0.0070660496 -0.20255537 0.060402583 0.59919804 -0.00095258607 0.026617438 -0.44891447 -0.22004539 -0.35214254 0.31064188 0.28756687 -0.05680271 -0.075086884 0.06015102 0.024294058 -0.2530323 -0.1586757 0.13614173 -0.26347825 -0.041196927 -0.1596867 -0.097861364 0.29353574 -0.17581351 0.1818867 -0.21129078 -0.045256555 0.2520551 -0.2754899 -0.3669158 -0.14267789 -0.08406692 0.117151774 0.22922413 0.08017535 -0.25863487 0.5344587
LBR 0.07725014 -0.18550411 0.18747337 0.31053272 0.039264247 -0.052596122 -0.052914936 0.29609603 -0.12826477 -0.087811336 0.26090455 0.16772121 -0.10788998 -0.2683585 0.24934512 0.32952532 0.24843118 0.1863719 0.058680195 -0.08992891 0.1501187 0.24901235 -0.047758866 -0.15123011 0.13993995 -0.0050606057 -0.2866863 0.095502816 0.020440938 0.13404219 -0.14984983 -0.04827712 0.13724256 0.2028333 -0.031778228 -0.017021047 0.13618372 -0.09326648 0.35067537 0.15288876 -0.018874472 -0.027540611 -0.018367985 0.051708274 0.046048257 0.19352624 0.20310058 -0.017292539 -0.37968743 0.14816843 0.38730577 -0.0071060196 -0.049574785 -0.03212978 0.030398516 -0.156451 0.41824928 -0.1270117 -0.1007882 0.05729098 -0.06417415 0.015807152 0.046268534 0.21276075 0.22019471 -0.16127576 0.052754376 0.24037082 -0.034777053 0.044025674 -0.1916823 0.07867282 -0.07245627 -0.107418075 -0.067149915 -0.173884 -0.1835942 0.11375182 -0.1879622 0.16270657 -0.15063731 -0.03844431 0.10523962 0.12308444 0.29254958 0.27411148 0.08208488 -0.22331691 0.0825136 -0.059180092 -0.115524665 -0.30540717 0.09963593 -0.1528414 0.036927734 0.0022781985 0.00445042 0.00905751 -0.053290557 -0.24509685 -0.12961967 -0.13309176 -0.114991695 0.14772381 -0.064783834 -0.35541627 -0.104625665 0.177103 0.09204425 -0.19455965 0.07070868 -0.21029563 0.013470859 0.2010772 -0.046278905 0.09080621 0.15290183 0.062245317 0.18027526 0.032395374 -0.12583989 -0.085300505 -0.03511303 0.116467535 -0.124168605 0.16421755 0.11217575 0.11094815
WSM 0.17595221 -0.55053425 0.2881537 0.16090968 -0.093163885 0.1849187 -0.14942802 0.071767025 -0.082738504 -0.34997502 -0.17120402 0.043534614 -0.28341168 0.1308998 0.036705747 0.061311223 0.26315176 -0.052313 -0.15912998 -0.15971662 0.04089348 0.23393373 0.20929642 -0.24891001 -0.21497692 0.15737498 -0.2504999 0.0067872973 -0.054856505 -0.19999409 0.14324427 0.021532059 0.101652876 0.24411474 0.050709758 0.13967673 0.31363702 -0.13490635 -0.0595333 0.10781728 -0.13532445 0.3474647 0.015925275 -0.10467204 0.05547905 -0.26542565 0.14435743 0.1736627 0.044114444 0.055105396 0.004610591 -0.23187757 0.11320951 0.1249667 -0.047792442 0.10140794 0.31103584 0.069430925 0.11903345 0.08306031 0.17168653 -0.33081982 -0.0053356164 0.13613234 0.11872709 0.116655976 -0.16671246 0.07716986 -0.11204781 -0.28784844 0.31803927 -0.30369994 -0.30060622 -0.18818133 0.33111235 -0.28687003 0.19891033 -0.08160939 -0.27594215 0.022379175 0.012579999 -0.16310924 0.17908259 0.24733147 -0.119444914 0.3414731 0.0802024 0.052768104 0.1904023 0.5089988 0.12107061 -0.03832844 0.16334438 -0.0088176215 0.41804156 0.01945476 -0.03042686 -0.0687801 -0.11591442 -0.0012388228 -0.20359388 0.11119818 -0.010703626 0.03981675 0.20810035 -0.18033294 -0.13562694 0.10157876 0.18895881 -0.1855243 -0.22859833 -0.19006673 0.13237916 -0.023249146 -0.32939333 0.18238841 0.13370308 0.16242836 0.15252486 -0.3157934 -0.105672784 -0.19865194 -0.1772016 0.31212908 -0.11773809 0.20483167 -0.17765297 0.3648546
MCO 0.14656062 -0.32326978 -0.00691061 -3.3413642e-05 -0.16655038 0.08929505 -0.17459644 0.07044243 -0.059795845 -0.000800804 -0.040184595 -0.051689036 -0.10082329 0.062427323 -0.06020177 0.085516945 0.11366668 0.097230785 -0.07148405 -0.10805413 0.019155564 0.090188466 0.09552858 -0.08846599 -0.10575304 -0.0546826 -0.18659529 0.07847358 -0.086338714 -0.053479392 -0.10552151 0.07208371 0.017214311 0.1360227 0.089217074 0.17769043 0.245136 -0.13910913 -0.13503803 -0.007170026 0.05094247 0.08230286 -0.12627457 -0.04951626 -0.1389309 -0.07174555 -0.019864468 0.03580205 -0.0875899 -0.033827066 0.024835434 -0.13157316 0.14724822 -0.01695795 -0.034957856 0.04518515 0.1261548 0.069000214 0.06470309 0.024691502 -0.025768742 -0.2154717 0.12257152 0.108502425 0.012205839 0.025064085 -0.09702568 -0.03022563 -0.06464426 -0.27981344 -0.022756118 -0.27435902 -0.22195749 -0.124078624 0.024235653 -0.30588162 0.08351869 -0.050389282 -0.15073827 -0.014720052 0.046710975 -0.05800931 0.13423109 0.14792192 0.08876278 0.13335097 0.06276845 0.039346226 0.16024974 0.19671884 -0.047899548 -0.054359887 0.05514308 0.14064075 0.27778566 -0.05529058 -0.018194132 -0.15843962 -0.06351346 -0.1482279 -0.05308454 0.07226127 -0.04229254 0.029060867 0.111154005 -0.10931119 -0.062337045 0.004457782 -0.023996338 -0.13118179 -0.16681178 -0.15276903 0.06439164 0.0257776 -0.13718176 0.06725619 0.010319865 0.08542548 0.15685481 -0.16926068 -0.059102893 -0.18184842 -0.12057305 0.23923405 -0.042330258 0.03154667 -0.157053 0.19382186
ABW -0.13117135 -0.41813645 -0.2956692 0.18158658 -0.022059888 -0.07294249 -0.3497417 0.33080572 0.06306128 0.027429901 0.0047454285 -0.31114283 -0.1077777 -0.050265096 0.047445633 0.1452279 0.2661535 0.28481525 0.05814966 -0.22490573 0.16511294 0.28155044 -0.108789 -0.24386418 -0.06003197 -0.19628449 -0.41103888 0.11190119 0.00087419973 -0.015594213 -0.01023467 -0.23026572 0.13278627 0.2844578 -0.09735815 0.03793536 0.090023436 -0.35961673 0.035631765 0.13990563 -0.037409093 -0.19755588 0.0843145 -0.20916182 -0.23136745 -0.22920729 0.07236939 -0.11851993 -0.18999918 -0.040234182 0.3585693 -0.33787844 0.22500943 0.17675132 -0.0700672 0.0069206934 0.1653994 -0.10660361 0.002023533 0.11350477 0.16964532 0.2841185 0.3000215 0.046971742 0.0061406055 0.077146254 0.1139061 0.24910928 0.1675062 -0.20131296 -0.20200093 -0.01830819 -0.14383025 -0.14374927 0.073535204 -0.57071215 -0.032665852 0.30698317 -0.28926927 -0.12149859 -0.13946582 0.0021626293 0.124273755 0.070144355 0.396417 0.20455146 0.14853005 0.03695762 -0.050600786 0.116779394 0.270642 -0.33013466 -0.29924068 -0.02207658 0.1777828 0.030245416 0.10864321 -0.23242319 -0.13159196 -0.17511135 0.32324705 -0.0023091445 -0.00987749 0.107129276 -0.08167162 -0.09268075 -0.2163646 0.04422388 0.08079102 -0.3936399 0.10711341 -0.18593748 -0.22879529 0.26089588 -0.11067979 0.0100513445 -0.017490827 -0.23335508 0.117118075 -0.15357248 -0.5796831 -0.031497043 -0.16199678 0.07007456 0.4328566 0.1345853 -0.17997889 0.3904997
FLK 0.07442723 -0.11705871 0.22793023 0.16140288 0.1486283 0.11399762 0.033435125 0.06161883 -0.08659898 0.07700946 0.3408318 -0.0082443785 0.10904964 -0.2562882 0.46563566 0.25742406 0.31423855 0.083699554 -0.0067876354 -0.011121561 0.12890969 0.37043488 -0.024934685 0.031867757 0.049881823 0.078079864 0.031423554 0.1069486 0.18980044 -0.01504184 -0.21271122 0.02290619 0.045181204 0.008808388 -0.12168361 0.048988815 0.0962011 -0.09625084 0.18670157 0.04282035 0.02658175 -0.17297839 -0.060906168 0.16301928 0.12291722 0.29694727 -0.006476214 -0.05386723 -0.24373133 0.25020778 0.40221864 0.17390576 0.2020659 0.07154836 -0.09296784 -0.11640355 0.54596466 -0.09080177 -0.051271595 0.14547914 -0.21706572 -0.008101836 0.10425784 0.077517524 0.32585075 -0.32673654 0.1320868 0.16462316 0.034905475 0.18935144 -0.1964529 0.079212666 -0.21711147 -0.0021108598 -0.068812184 -0.14342436 -0.23944645 0.16355668 -0.42565653 0.45369118 -0.18483576 0.073655605 -0.045843273 0.39942402 0.56967723 0.29510298 0.06480106 -0.43954286 0.12116381 0.04506019 -0.1490001 -0.44598582 0.14542198 -0.060261223 0.16072814 0.035726078 0.077659205 0.13241139 -0.16171862 -0.24677289 -0.12695512 -0.12314051 -0.19515698 0.12225316 0.046071164 -0.37359282 -0.122336894 0.1950753 -0.010021806 -0.36481127 0.15739317 -0.5313199 -0.036404636 0.08132889 0.06895045 0.093886934 0.095233284 0.12908716 0.051433455 -0.1311187 -0.068257034 -0.018540464 -0.14488116 -0.050097667 -0.17190975 0.10465921 -0.044466592 0.22816919
MRT 0.13183424 -0.14830479 0.23892502 0.3157685 0.035776526 0.0005057133 -0.04538185 0.30622536 -0.14732257 -0.1446478 0.23985475 0.24469835 -0.100857526 -0.25507325 0.21666604 0.3438047 0.24578588 0.1580828 -0.011766156 -0.07182204 0.19643693 0.2544618 -0.00038272177 -0.15636827 0.13110873 0.012555211 -0.24830219 0.06672608 0.030694209 0.14352201 -0.12641393 -0.015704485 0.10545182 0.22410797 -0.005274196 0.043098107 0.11149327 -0.06636795 0.34107846 0.16814888 -0.008486429 0.016050762 -0.051069718 0.10489271 0.03274912 0.23202863 0.24703757 0.022754962 -0.4362172 0.13678269 0.36105877 0.012055758 -0.09918744 -0.052966602 0.05099138 -0.17077607 0.45210227 -0.12139307 -0.087006636 0.019416682 -0.07393595 -0.060889922 0.03288313 0.25366855 0.2497635 -0.18482502 0.020708023 0.23159565 -0.08775256 0.056848407 -0.19169845 0.035144906 -0.058166496 -0.11883981 -0.03598837 -0.14102285 -0.13567883 0.07545955 -0.19121203 0.20540453 -0.11101652 -0.031660233 0.12532128 0.15979637 0.2775993 0.29296932 0.052499406 -0.20710571 0.13427152 -0.037105665 -0.1432117 -0.30443192 0.1886641 -0.17376295 0.060236417 0.0123206545 0.0030459329 0.039599463 -0.08305322 -0.23621812 -0.18172722 -0.11582199 -0.14697291 0.123703934 -0.035109334 -0.40599933 -0.13170601 0.23124981 0.13312925 -0.17099854 0.030635694 -0.24672633 0.06311152 0.1521941 -0.07368307 0.15620945 0.18490541 0.09283543 0.2165152 -0.013059116 -0.04684592 -0.103360824 -0.009734001 0.20597154 -0.16964383 0.16783084 0.110741146 0.13653892
E29 0.13456449 -0.3268875 0.005272597 -0.00932502 -0.12757204 0.05507633 -0.17102943 0.046434514 -0.08563668 -0.0007950087 -0.023029542 -0.09401872 -0.10985904 0.06460704 -0.04111828 0.0340065 0.101799555 0.13926215 -0.13369112 -0.11141638 0.0186752 0.10819503 0.07297201 -0.12031038 -0.1375319 -0.03646178 -0.15879895 0.0670415 -0.06572729 -0.07861234 -0.0961061 0.10054613 0.029434199 0.16503759 0.028593745 0.15247028 0.22178851 -0.13229354 -0.11440713 -0.003014381 0.0022569855 0.056336045 -0.11059257 -0.049950104 -0.07471679 -0.09693718 -0.051367875 -0.0069415728 -0.032524887 -0.041752398 0.041148998 -0.08070375 0.15198898 0.029503915 -0.050764307 0.08058975 0.13824421 0.06427492 0.06932374 0.012807459 0.007097145 -0.21301253 0.09858808 0.09718788 0.06516837 0.07357121 -0.053652156 -0.05160221 -0.053809956 -0.3221069 -0.0013850427 -0.27789104 -0.26297027 -0.16205539 0.06452624 -0.30026418 0.116837874 -0.016315544 -0.16659296 0.025322717 0.05406551 -0.062444262 0.19980456 0.14478897 0.068290986 0.11592758 0.09775335 0.020792274 0.13770977 0.23044936 -0.07473934 -0.047660325 -0.006551926 0.09017193 0.31882325 -0.02767898 -0.060916834 -0.21480595 -0.039192095 -0.19338407 -0.023815658 0.058256418 -0.07098129 0.020297823 0.09176484 -0.039114244 -0.08635047 -0.05374219 -0.039284505 -0.119968146 -0.1416875 -0.074630275 0.091279685 0.08733375 -0.12699842 0.02721361 -0.03358895 0.08169136 0.12686272 -0.15483351 -0.067041256 -0.19278121 -0.12005782 0.21363552 -0.022088537 0.04021243 -0.1384552 0.15898386
DOM -0.0734984 -0.24015573 -0.113912016 0.16802976 0.0018791396 0.024161745 -0.15200302 0.21824428 -0.018836305 -0.026016809 0.07831338 -0.061132062 -0.08504769 -0.050585557 0.12505008 0.20439188 0.22429141 0.20183314 0.12389159 -0.19076383 0.194851 0.26644948 -0.11880034 -0.2520649 0.04734247 -0.12587115 -0.22785614 -0.015473135 0.0746307 0.03167309 0.010014662 -0.14305182 0.11231197 0.24601282 -0.054137852 0.13134211 0.08641989 -0.23517889 0.108221985 0.15167663 0.08160176 -0.16541737 0.065858655 -0.044306707 -0.14898352 0.014210347 0.021770654 -0.087271065 -0.2281004 -0.041093115 0.3859911 -0.1159702 0.14221758 0.044545025 -0.026184257 -0.05741172 0.22376479 -0.11522077 0.027511278 0.06069492 0.05153549 0.115584694 0.113027744 0.16700235 0.16560234 -0.06843392 0.08811053 0.22661792 0.06447833 -0.122014396 -0.23796532 -0.008766885 -0.12794365 -0.07251092 0.046917602 -0.33992928 -0.082940884 0.23527318 -0.19278142 0.013914021 -0.14909992 0.016619518 -0.00012158806 0.16058075 0.36967385 0.16260059 0.07945349 -0.08124249 -0.00037058012 -0.002475589 0.08758624 -0.25256944 -0.10572387 -0.041675895 0.17044406 0.040479057 0.07527902 -0.124315895 -0.17075056 -0.16756375 0.18362494 0.0034201154 -0.004766497 0.030633334 -0.037109092 -0.1736576 -0.1659315 0.091150805 0.09832461 -0.27991757 0.108364254 -0.21771362 -0.09754563 0.19761543 -0.022639235 0.08544681 -0.03234073 -0.081292555 0.11193124 -0.11713874 -0.24182782 -0.0012472062 -0.052049812 0.04833679 0.09687503 0.16659549 -0.041736707 0.31875336
GNB -0.004114123 -0.36166546 -0.08592401 0.10039745 -0.126152 0.14565639 -0.14032829 0.020282056 -0.01730182 -0.12843038 -0.050023787 -0.07270818 -0.12877834 0.16069546 0.08944984 0.18599997 0.26230994 0.18657923 0.030867383 -0.27073568 0.25785494 0.3113606 -0.043238465 -0.3603595 -0.063125275 -0.07550646 -0.14199533 -0.15505579 0.16008855 -0.08938504 0.108987875 -0.037725836 0.059758324 0.3039091 0.030890133 0.32830906 0.10183722 -0.22840929 -0.12774369 0.12958312 0.15266095 -0.09153496 0.0073256474 -0.0056555257 -0.20020065 -0.114952184 -0.09377433 -0.062024135 -0.06969528 -0.20163393 0.27546787 -0.09136075 0.23627086 0.057866726 -0.05286143 -0.029966993 0.14567612 -0.0055649173 0.11812042 -0.042948477 0.07288784 -0.14403117 0.038946453 0.17145278 0.21587564 -0.051178344 0.031424962 0.083204016 0.017639546 -0.32073247 -0.12526408 -0.1807566 -0.2503185 -0.08883057 0.20249732 -0.3543401 0.084103785 0.25279945 -0.20662852 -0.01513172 -0.13454244 -0.019031871 -0.029715855 0.2757549 0.33637673 0.08235627 0.051296566 -0.03254767 0.058073245 0.2368464 0.07889693 -0.082537316 -0.1234932 0.08004054 0.45690888 0.074398346 0.10060249 -0.15147491 -0.25451112 -0.060878497 0.22651877 0.1209362 -0.016461615 -0.13021925 0.13981669 -0.09665652 -0.1593286 0.10308911 0.15067124 -0.18683274 0.035206378 -0.17545639 -0.038826495 0.10161344 -0.03581336 0.24367358 -0.091687724 0.007013425 0.07017987 -0.24225008 -0.04088136 -0.035960462 -0.05735316 0.017714927 0.034148194 0.2151222 -0.16968942 0.4555169
KIR 0.17501901 -0.50041544 0.19780147 0.12785634 -0.12826793 0.14910749 -0.15885928 0.09820779 -0.09690488 -0.30216047 -0.17118508 0.026917754 -0.27945653 0.16120693 -0.021893239 0.07875043 0.2046023 -0.004800001 -0.1632786 -0.17473096 0.09017475 0.19658558 0.15466748 -0.28058815 -0.17620075 0.0956131 -0.27541056 -0.030909538 -0.06120419 -0.1395541 0.124594234 0.026502032 0.08466287 0.29650638 0.076659516 0.17527807 0.25257277 -0.14648929 -0.067096844 0.11820628 -0.07694941 0.2800518 -0.015369547 -0.07545289 -0.015962498 -0.25171867 0.1174522 0.14129385 0.0050820275 -0.040196795 0.032144777 -0.22026888 0.062237315 0.06912021 -0.029944908 0.0816515 0.27223012 0.054215986 0.115135714 0.016084595 0.17047502 -0.3542637 0.017108103 0.17366153 0.10839175 0.12572409 -0.14436945 0.058067188 -0.09890804 -0.35077414 0.20276411 -0.30716684 -0.25804964 -0.18643442 0.3025471 -0.32190356 0.22063604 -0.06602287 -0.20762156 -0.030491266 0.0014656736 -0.15327257 0.20609176 0.18205383 -0.11390421 0.2617697 0.04371252 0.108851194 0.17603342 0.43722546 0.0916621 0.0018563272 0.11178928 0.006211053 0.4223387 0.022217399 -0.04084422 -0.116426 -0.12100721 -0.03346689 -0.12862216 0.12220128 -0.03981165 0.002679889 0.18322188 -0.15455793 -0.16385387 0.094101064 0.18580335 -0.13604897 -0.22081026 -0.12444975 0.13067348 0.023114499 -0.29500547 0.20172241 0.07739448 0.15016086 0.19554122 -0.27936915 -0.08270903 -0.18676542 -0.13586654 0.3504928 -0.07384986 0.1927324 -0.14402173 0.37862214
PNG 0.26408696 -0.34473795 0.30127013 0.05493464 -0.05242409 0.05438215 -0.08800995 0.07599114 -0.11396426 -0.10865915 0.041264858 0.086023726 -0.11767979 -0.026967198 0.0012150535 0.07950402 0.18603599 0.049207304 -0.27070054 -0.0035635107 -0.0507364 0.103051044 0.18219791 -0.16198586 -0.19196765 0.09696803 -0.1794825 0.045622867 -0.10510095 -0.097579025 -0.12377508 0.13740712 0.049206782 0.21486486 0.013817305 0.08716772 0.2270675 -0.05390956 -0.009913258 0.05433298 -0.11343901 0.19540942 -0.12781712 -0.0054393397 0.14831439 -0.0462446 0.101591215 0.08621287 -0.067506194 0.09579051 -0.024901452 -0.03727165 0.020016676 0.01329059 0.016412899 0.06119187 0.3491431 0.045075376 0.031755198 -0.007414527 0.033423528 -0.28009897 -0.014953727 0.15787701 0.18644288 0.05276307 -0.108532816 -0.040091213 -0.15734291 -0.16711818 0.19641802 -0.21299484 -0.24090411 -0.18621285 0.16188262 -0.16631165 0.07173504 -0.09647726 -0.20795725 0.15548669 0.039748278 -0.09533382 0.2590375 0.17263186 -0.047728688 0.28717172 0.049849875 -0.016154326 0.17853847 0.299146 -0.12649399 -0.029760284 0.1442616 -0.015694229 0.23839392 0.010599852 -0.11529626 -0.13007355 0.025702203 -0.15512544 -0.19805628 -0.023764351 -0.14931528 0.05446049 0.12475567 -0.11415527 -0.11013446 0.019848876 0.059933178 -0.08620987 -0.17793998 -0.040927224 0.21470949 0.03911353 -0.16026074 0.03965644 0.06767151 0.18375736 0.14176594 -0.10121505 0.05457208 -0.21588574 -0.113921314 0.29515263 -0.1585051 0.10197302 -0.024368288 0.112551704
