176 128
RUS 0.13010973 -0.2790841 0.05560414 0.015720531 0.025721995 -0.056420606 0.06975089 -0.004661462 0.006874558 0.08167097 0.20486687 -0.009997668 -0.35618225 0.14608234 0.10372193 0.10018892 -0.09205453 0.01359476 -0.10434873 -0.17350791 0.020802883 0.11191926 0.042919807 -0.29959494 -0.14204852 0.06597886 -0.06310675 0.12958983 0.011145188 -0.14094537 -0.11391478 -0.08845519 0.13012575 -0.0043190746 0.091006204 0.0063910396 0.24056138 0.009760749 0.05156528 -0.12112599 -0.25675327 0.12010308 -0.05646856 -0.09999964 0.21942532 -0.030340705 -0.29136348 0.08527431 0.28659242 0.112501375 -0.10994593 -0.06292083 -0.023780229 0.24622291 0.17277384 0.20539129 0.3577453 0.10340715 -0.22348846 0.042464454 -0.0024836962 -0.050508004 0.22194555 -0.111474454 0.049562287 0.029691374 -0.039038017 -0.019711008 0.04516899 -0.07269945 0.18332814 0.13344817 -0.16365679 -0.38839865 0.10923198 -0.22179581 0.05518265 0.037203446 0.032147374 0.09552303 -0.07031524 0.056941915 0.022517214 0.13504763 -0.10231561 0.11197119 0.21233866 -0.13282183 -0.04419378 0.249606 -0.014557986 -0.081435576 0.03650126 0.025773179 0.2805222 0.10480036 -0.028674858 -0.040595848 -0.09669182 -0.05540394 -0.012552281 -0.0026945667 -0.033587072 0.08511415 0.053347882 -0.0040980955 0.04751047 0.063290715 0.030093666 -0.1396187 0.014290059 -0.09398676 -0.054049935 0.0056453124 -0.2080899 -0.02470948 0.13780417 0.17863405 -0.009866816 0.073250696 -0.16205484 -0.0826196 -0.026546873 -0.06557383 0.10424797 0.16086335 -0.12731603 0.06676147
USA 0.17439045 -0.31746677 0.2938013 0.025710471 0.12251234 -0.08564441 0.0940243 -0.16519314 -0.22694944 0.2859845 0.23898262 -0.025504112 0.021259084 -0.12717137 -0.006781056 0.16830075 -0.10516397 0.14261152 -0.18545988 0.1209866 0.21886557 -0.06956831 0.23665074 -0.24654602 -0.10517308 -0.050324123 -0.18452579 0.20631121 0.20177548 -0.02737123 0.048990946 0.17509253 -0.008275612 0.05378105 -0.27435336 -0.15658376 0.11661059 -0.00020058591 -0.08170643 -0.17317301 -0.076960936 0.27047953 -0.11021285 -0.0834809 0.07634714 0.2518491 -0.09788015 0.09080926 -0.26725024 0.11931523 -0.035204258 -0.009994949 0.013657867 -0.0177929 0.06936369 0.093733884 0.28964558 -0.17135565 0.02338099 -0.07476227 0.16206928 -0.13278641 0.14590402 -0.06437715 0.20150056 -0.24412148 -0.024673514 -0.04850199 0.18594901 -0.04398268 -0.082392775 0.02396206 -0.20457557 -0.027580492 -0.17827047 -0.23649932 0.025828816 0.13794193 -0.049887296 0.060863968 -0.26244724 -0.16430555 -0.02931799 0.24110104 0.24179366 0.055157848 0.2769262 -0.091881596 0.16216268 0.13765597 -0.18821147 -0.032100067 0.11683219 0.13129173 0.24974245 0.081117965 -0.067072205 -0.042172164 -0.11478516 0.05126744 -0.0023857024 0.104444936 -0.20053388 -0.08306905 0.051058773 -0.107138656 0.079789594 0.3728285 0.3440474 -0.13530038 0.17750192 -0.140558 -0.062071312 -0.087777466 -0.15544026 0.100800395 0.22222488 0.36832568 -0.16144654 -0.057336792 -0.25692508 -0.18547212 -0.1381939 0.05419794 -0.20871153 -0.015408187 -0.3174206 0.10001739
SAU 0.13659677 -0.36655426 0.11209965 0.13891873 0.05479728 -0.06533693 -0.0706764 0.1675606 -0.16199693 0.2767727 0.11732838 -0.060025513 -0.23286664 0.0560651 0.03338979 0.04963301 -0.039103743 0.11639103 -0.1701399 0.024500802 0.072137214 0.1437093 -0.20439148 0.059972856 -0.12740771 -0.06670928 -0.043906283 0.17077832 0.057331827 -0.16337815 -0.0005761492 0.0498216 0.14753939 0.10854336 0.04353154 0.039393958 0.09166556 -0.08877753 0.00035323753 -0.0127569605 0.0180059 0.036319036 -0.11374573 -0.024011137 0.08662258 0.13971482 -0.20832318 0.24304986 -0.091767415 -7.8321325e-05 0.16172437 0.0053988732 0.14844692 -0.10725411 0.085074276 0.16329452 0.17371559 -0.061325427 0.069176845 0.0936214 -0.048951287 -0.028963437 0.08953431 0.074645445 0.13451415 0.0031230953 -0.06145591 0.015909703 -0.0072030057 -0.008445597 -0.010285818 -0.033655204 -0.20073846 -0.017126704 0.09391128 -0.14598016 -0.041198205 -0.033469908 0.02771856 0.076664835 0.08862004 -0.2406288 0.05861989 0.30600145 0.19064653 0.2105931 0.22891442 -0.012103874 0.079955675 0.05216381 0.030554704 -0.058680695 0.18872367 0.09469495 0.28291404 0.11811684 -0.09754776 -0.2392311 -0.11780141 -0.035748117 -0.02454967 -0.0067427442 0.081078015 0.0048859348 0.06912117 -0.098417535 0.007534722 0.1296 0.047207274 0.021392377 0.080945976 -0.12126336 0.20303878 -0.019533888 -0.008764612 -0.010844382 0.037196126 0.12614197 -0.1152166 -0.13825364 -0.0885045 -0.17321235 -0.178378 0.15367693 -0.18969728 0.10440668 0.07747148 0.013389459
ARE 0.18958029 -0.25217035 0.14371088 0.10331191 0.18017787 0.033032823 -0.00080626796 -0.01319412 -0.18488191 0.023172272 0.053187434 -0.024530364 -0.29849172 -0.0005884015 0.13070318 -0.021696422 -0.10996268 0.16980493 -0.24092254 -0.029706279 0.061120767 0.2607603 -0.19370776 0.0038777317 -0.20885275 -0.004720559 0.0149426265 0.16689259 0.10406765 -0.15116568 -0.05831046 0.062217727 0.0384747 0.26812005 0.09802886 0.16973236 0.02971444 -0.20429854 0.082331166 0.115033485 0.048189476 -0.030620316 0.043728273 -0.106933564 0.06648692 0.19695422 -0.09645159 0.25973147 -0.16715306 -0.10392127 0.28986296 -0.10231697 0.11157211 -0.038811173 -0.042067967 0.24050546 0.46565688 -0.04350673 0.010869644 -0.09478339 -0.029695248 -0.07307938 0.05897834 0.002023417 0.15777469 -0.0016299972 0.04536716 0.31905434 -0.035101976 -0.24008723 0.04165766 0.027594758 -0.346376 -0.15138432 0.025156204 -0.21079086 0.11829366 -0.18506876 0.04104714 0.03780108 0.040782653 -0.14559254 0.17685804 0.13831276 0.21534017 0.17302369 0.013011331 -0.10479451 -0.048149858 0.056560483 0.09768282 -0.086147994 0.19963428 0.11086086 0.12362271 -0.011934482 -0.1430841 -0.2053315 -0.1321565 -0.11844757 -0.14325231 0.043878388 -0.005974737 0.14028655 0.13968247 -0.24398156 0.024379406 0.10487742 -0.1847955 -0.039655853 -0.06425556 -0.16787064 0.15606877 -0.031241624 0.012260799 -0.09328901 0.027163746 0.055758893 0.075180955 -0.30064216 -0.11853039 -0.22500306 -0.043487843 0.29852802 -0.15780403 0.21451183 0.08634597 0.119147934
NGA 0.20269537 -0.40019715 0.1751638 0.015488506 -0.048108995 -0.06906985 -0.15993898 -0.047311954 -0.121376716 0.0980088 0.13861424 0.05591349 -0.44278428 0.07361449 0.16881691 0.10966685 -0.0043831733 0.17097099 -0.15843391 -0.07609336 -0.0460717 0.027857292 0.17783038 -0.077072546 0.012783114 -0.06561953 -0.1048602 -0.004910169 0.13851179 -0.079809465 -0.067710795 -0.09920204 -0.006935032 0.014992094 0.12806278 0.122878425 0.12059921 0.15020151 -0.086723454 -0.3021878 -0.03835968 0.35389918 -0.16743873 -0.11369591 0.2931398 0.12511331 -0.2132466 0.06406693 -0.044330306 0.120395586 -0.03931129 -0.086145595 0.030927358 0.038650118 -0.09593281 0.057256714 -0.02076144 0.044532515 -0.048546083 -0.121104956 -0.053465378 0.039899487 0.13868164 -0.056548357 0.046781223 -0.0024819248 0.055259515 -0.20560622 0.13899353 -0.24456747 -0.07048942 -0.008584801 -0.071877725 -0.13249339 -0.18366124 -0.10113324 -0.08067085 0.041518856 -0.02710555 0.22031455 -0.17716578 -0.10449546 0.06381558 0.2034713 -0.009776203 -0.016566424 0.2698421 -0.14081861 0.12243459 0.020122197 -0.022040093 -0.13428381 0.007791986 0.17286915 0.296209 0.21123856 0.062832154 -0.008918332 -0.14451307 -0.092213005 -0.13915321 0.03837779 -0.038888663 0.16992436 0.12259429 0.06347357 0.25017974 0.3283575 -0.014236766 -0.016811075 0.12216454 -0.16420397 0.06400672 -0.11415046 -0.13025635 0.032307092 0.21481916 0.2165144 -0.00010217403 0.14701156 -0.08649135 -0.15093885 -0.32697555 0.1283679 -0.1315966 0.0249328 -0.1459022 0.19950065
KAZ 0.18007293 -0.32239115 0.071039334 0.14527524 0.08364542 0.051985696 -0.033788357 0.054371044 -0.040841836 0.16105044 0.3253771 0.0027897705 -0.46607274 0.09605529 0.14902821 -0.06582402 -0.2034577 -0.15337381 0.09108459 -0.07935536 -0.030995535 -0.07358245 -0.022479322 -0.29859936 -0.25852367 0.008551062 -0.0021412394 0.21930812 -0.0958209 -0.15768133 0.0870524 -0.0690151 0.23928642 0.02561387 0.17403948 0.011797416 0.2601108 -0.12745614 -0.012161251 -0.022428995 -0.2590482 0.14874822 -0.25622386 -0.12458351 0.23183107 -0.061271355 -0.2931285 0.3041021 0.16332975 0.1920547 -0.08302486 -0.017700138 -0.06488824 0.20513181 0.17886753 0.18329065 0.29698962 0.06511019 -0.14147969 0.092226215 0.05859107 -0.056528054 0.337569 -0.08733768 -0.10797095 0.005504752 0.003666295 -0.086460024 0.1159934 -0.02461524 0.20170817 0.13812333 -0.09530056 -0.4799329 0.18920943 -0.2657887 -0.004129158 0.14556226 -0.08976219 0.1521124 -0.021708682 0.100420274 0.048688084 0.03891097 -0.22377202 0.12292001 0.2860019 -0.217784 -0.030370137 0.25932458 -0.03742799 -0.13321277 -0.03472141 0.06006937 0.27771282 0.028794412 -0.09425075 0.05140142 -0.061361797 -0.013159472 0.130481 -0.09646622 0.118453175 -0.0036307645 0.06461059 -0.028208232 0.03493592 0.0033181414 0.15684599 -0.27517578 0.09488624 -0.122370355 0.017158527 -0.028026221 -0.24892396 -0.047698315 0.08250484 0.12735508 -0.070961274 0.30315992 -0.17376679 -0.0737806 0.06423133 -0.028117089 0.1741722 0.13190444 -0.117975906 0.11100879
GBR 0.013093759 -0.17445573 0.050335806 -0.02073127 -0.04960092 -0.04109475 -0.03395623 0.05658897 -0.010075137 -0.020316597 0.17488244 -0.07908361 -0.19120666 0.13407 -0.017347118 0.02855682 -0.07078093 0.18296333 -0.14686924 -0.11983996 0.2208122 0.15538022 -0.02956617 -0.08496361 -0.11760066 -0.094785094 -0.061815534 0.07202471 0.15580164 -0.14928252 -0.15614721 -0.14019169 0.0144155435 0.18522678 0.108156145 0.17470166 0.11696451 0.086037025 0.06251502 -0.1783139 -0.13659076 0.19042796 -0.0027718598 -0.07130467 0.11516101 0.17987818 -0.06606415 0.08797723 -0.094785765 0.04000128 0.09632089 0.0036380063 -0.011222807 0.13787076 0.18319505 0.20162609 0.24893834 0.10327348 -0.16909052 -0.012674507 -0.043216735 0.050436933 0.16909328 -0.2009601 0.08248903 0.02456121 -0.058303546 -0.037405923 -0.065831356 -0.09017408 0.06779234 0.091003075 -0.28601578 -0.2909437 0.021876922 -0.2098974 0.1675662 0.023347577 -0.06823735 0.23860523 -0.0898601 -0.075767264 0.08892978 0.20860256 0.07174041 0.07895207 0.16613974 -0.24658279 -0.050174907 0.09791817 -0.016343443 -0.28419593 0.058886193 0.084390305 0.3869787 0.09363963 -0.05886908 -0.14143346 -0.3162283 0.0501218 -0.19031943 -0.07371974 -0.01168469 0.23895387 0.02776373 -0.02771895 0.123182945 0.09806011 -0.1467241 -0.10043522 -0.04950971 -0.25889733 0.0027844524 -0.0006000334 -0.18556048 0.045021486 0.09995496 0.17839493 -0.077098384 0.01404351 -0.15042032 -0.039072003 -0.15454319 0.083478816 0.13361952 0.0979858 -0.07838986 0.08102596
ZAF 0.12858741 -0.15621567 0.25768268 0.059481557 0.09548182 0.008787733 -0.1782093 0.09747144 -0.10695863 0.028518729 0.29320925 0.3172801 -0.26786062 0.10288815 0.28415868 -0.16082841 0.06354416 0.27559873 0.055205878 0.291219 -0.09816674 -0.065093905 0.048226133 -0.13625196 -0.4690987 -0.18876258 -0.037267894 -0.004192594 0.065615565 -0.04164948 0.11167496 0.1822207 0.052154645 0.022298275 0.19524086 0.13571501 0.25879523 -0.12946585 -0.20860286 0.21411103 0.13289694 0.18621883 -0.0077909105 -0.12512332 0.09578358 0.0640535 -0.39113966 0.26071227 0.01759686 0.15551114 -0.0060374923 0.18266703 -0.040775277 0.114679106 -0.15783028 0.17358682 0.3236908 0.085247435 0.22861004 -0.320412 -0.19258887 0.024948142 0.11899957 -0.23038797 0.2645129 0.116277866 0.1666514 0.17415118 0.14238305 -0.23980491 0.14556481 0.13351256 -0.28002334 -0.5074366 0.08482856 -0.015455441 -0.029828735 0.0029029602 -0.16212527 0.13749841 -0.009613468 -0.21452026 0.16532055 0.17555259 0.33003166 -0.0326141 0.07497957 -0.16791518 -0.21824987 0.081800036 0.009601645 -0.09081951 -0.0073819314 0.1575483 0.06570304 0.113421805 -0.14784296 -0.02191884 0.17139906 -0.0963706 -0.29428786 -0.028274255 -0.22748289 -0.009448197 0.28227496 -0.006282709 0.16023405 0.2628119 -0.21136954 0.004302212 -0.2195767 0.010324646 0.14484859 -0.100247346 -0.104817055 0.05827755 0.033456035 0.12439061 0.26868686 0.26065192 -0.03322639 -0.11390535 0.14608347 0.07752047 -0.13150911 0.22931156 0.20746411 0.24605235
CHN 0.008759324 -0.33684698 0.19465125 0.09705891 0.05829323 -0.20881145 0.09145022 0.10910499 0.05216432 0.09561499 0.39335737 0.21052489 -0.2184305 0.08824512 0.12470749 -0.04438332 -0.1849192 0.12830634 -0.024338817 0.334621 0.23998864 -0.0934511 -0.13288397 -0.24452114 -0.48275867 -0.047922906 -0.0834947 0.15054402 0.08773963 -0.11312339 0.073237725 0.22553246 0.29458356 0.125003 0.054724656 0.14435121 0.23190476 -0.23345426 -0.2813891 0.17582284 0.11187707 0.2261406 -0.36991426 0.106396444 0.25752744 0.2876933 -0.39857545 0.29425716 -0.11308654 0.09927465 -0.009635808 0.23835957 0.06340462 -0.08664375 0.008251231 0.24123244 0.29780117 0.14656422 0.019059729 -0.095680654 -0.10743378 0.048104007 0.14001727 -0.17593634 0.29869705 0.06689787 -0.044454154 -0.073015645 -0.00768637 -0.052813176 0.18570548 0.06311664 -0.16170368 -0.44966826 0.1605307 0.003987706 0.008534974 -0.006069619 -0.07997006 0.04564763 0.06373981 -0.29237473 0.035707872 0.20336881 0.17616771 0.03469757 0.0047752974 -0.08548962 -0.057780746 0.0578371 -0.024772737 -0.079053275 0.013116058 -0.042414133 -0.005250254 0.05746627 -0.25273916 -0.18606201 0.019868504 0.15872999 -0.16246532 -0.09385021 -0.14073198 -0.09409896 0.09661754 -0.016051866 -0.05317383 0.07516327 0.039158598 0.050862256 -0.09080357 0.058996953 0.08622241 -0.0014429623 -0.07740422 0.047814008 -0.2175237 0.033569176 -0.036372587 0.15617152 0.05693693 0.03232994 0.22078714 0.004912809 -0.06505582 0.17442106 0.12726426 -0.027071357
AZE 0.12579194 -0.4048792 0.09762702 -0.008666377 -0.014551484 -0.08624989 -0.021907363 0.036817364 -0.018619966 0.08324771 0.19957851 -0.0125521375 -0.18349738 0.055997074 0.20113793 0.22834282 -0.07196825 0.099301696 0.082997635 -0.07830366 -0.016522152 -0.04504857 0.114302225 -0.24715841 -0.16944769 0.19837676 -0.06254992 0.123037174 0.06805101 -0.11630239 -0.15612344 0.03292203 0.17759907 0.031403333 0.15689048 -0.0664526 0.19978592 -0.02983047 0.030738242 -0.12735121 -0.15813813 0.05010378 -0.050584257 -0.0093472665 0.018652724 -0.09825958 -0.41540182 0.14798975 0.2979175 0.037109684 -0.031422112 -0.13689815 -0.03318922 0.40891176 0.06789335 0.05675382 0.13836221 0.20190944 -0.1351402 0.038961478 -0.013527727 -0.07568033 0.32007405 -0.019343005 -0.059217524 -0.0150229875 -0.05597169 0.117565915 0.051043935 -0.029515028 -0.06005067 0.0031717974 0.015466568 -0.20742545 0.088990286 -0.16410112 -0.04519508 0.12885413 -0.06057622 0.0974537 -0.13368315 -0.01656175 -0.053363524 0.19328523 0.03712424 -0.065046884 0.33478004 -0.16420104 0.048137344 0.24189262 -0.026763054 0.048981674 0.16003327 -0.006550477 0.2578869 -0.048632216 -0.08728205 0.06671069 -0.011077547 -0.10990959 0.021529876 -0.2253051 -0.013310215 0.086121716 0.10461549 -0.017746124 0.053865273 0.40266454 0.349634 -0.075222775 0.12934668 -0.24436699 -0.01299052 -0.14673692 -0.36254543 0.07598743 0.24007693 0.1781787 0.05393263 0.15649533 -0.03647542 -0.15914173 0.032887854 0.10587145 -0.09180313 0.02124786 -0.11717125 0.035554793
ISR 0.22243439 -0.41322923 0.2020095 0.083062336 -0.11175741 -0.16809815 0.062542975 -0.055344485 -0.02609352 0.16695671 0.03164581 0.073904134 -0.13121605 0.05896582 0.39151287 0.1454774 -0.16591561 0.2769948 -0.032858428 -0.01922418 0.0028173975 0.2231945 -0.034445614 -0.30943578 -0.08073964 0.15153265 -0.0452355 0.028976044 0.27036506 -0.15509742 -0.15398037 -0.022484012 -0.08018863 -0.025935065 0.09923194 0.09985168 0.033498652 0.20569201 -0.09847738 -0.23348567 -0.17077251 0.048258588 -0.03702734 0.17942263 0.117453486 0.159384 -0.15946756 0.11163713 -0.07574707 -0.016064135 0.15729198 -0.039478682 -0.08904624 0.034605566 0.093752995 -0.044804636 0.10063491 0.13456112 -0.023755725 -0.21227671 -0.12132092 -0.08318732 0.1170063 -0.0532277 0.07110867 -0.11362337 0.04007861 0.021183128 -0.0012145833 -0.07401169 -0.11288726 0.13704313 -0.1257594 -0.27811798 0.038037464 -0.024360375 -0.018228356 0.0040104315 -0.06346382 0.12064221 -0.22917745 -0.006357685 0.16884835 0.35091555 0.043501023 -0.10811182 0.40652555 -0.246854 0.1447899 0.16846363 0.018749319 -0.051922694 0.29293278 0.19650473 0.52835935 0.21463023 -0.18308656 0.112216026 -0.2111219 -0.054165706 0.119013615 -0.033391424 0.08964264 0.2124609 0.23021804 0.11315139 0.24650085 0.46249145 0.18849503 -0.09109476 0.33063644 0.0072842375 0.002597686 -0.08554752 -0.26102245 0.02931324 0.26794785 0.19279549 -0.021803591 0.18834426 0.20583317 0.09469781 -0.14816114 0.1333283 0.077749185 -0.036477145 -0.15732953 0.20333749
IRQ 0.11134953 -0.4700426 0.28898606 -0.07711817 0.06245159 -0.005388541 0.0139083415 0.10340969 0.14206259 -0.029877461 0.10020949 -0.09857831 -0.26776433 0.20624949 0.15312786 0.068540715 -0.19762954 0.1656881 -0.031439565 -0.19565964 -0.038941223 0.14221258 -0.28938788 -0.042136386 -0.12503861 -0.0037599825 -0.036024116 0.12826152 0.24082118 -0.19464871 -0.17143047 0.0036384887 0.28566173 0.1670825 0.20470247 0.077506036 0.29669857 0.118052825 0.14873919 0.008283018 -0.2741845 -0.024830384 0.08933085 -0.005885354 0.0778708 -0.07434078 -0.22359367 0.04154483 0.21227689 -0.08061492 0.019783968 0.06960739 -0.11623908 0.12532923 0.07157579 0.23172301 0.110050656 0.12447472 0.023384431 0.009373226 -0.07070406 -0.034653768 0.101465486 -0.005264085 0.18204108 0.13464281 -0.081751205 0.21730007 -0.101393774 0.040199853 0.06291693 0.16070832 -0.24315195 -0.08455042 0.28632054 -0.1972598 -0.069759026 -0.10442743 0.17584799 0.10900546 -0.028617999 -0.1546825 0.043380063 0.34138086 0.048975453 0.15760571 0.1986509 -0.23540486 -0.1016461 0.31088448 0.07310108 0.033414993 0.09143256 -0.007375556 0.30119783 0.1693463 -0.16434726 -0.01635152 -0.23716521 -0.1658301 0.09405337 -0.038712308 0.12951066 -0.18747346 0.101447 0.08769379 -0.040929187 0.2054405 0.033378668 -0.027421217 0.23231882 -0.13337086 0.1228031 -0.029215017 -0.077671126 0.018908175 0.07232454 0.15781488 -0.058863208 0.055986136 0.026266372 -0.15984452 0.045453794 0.24402398 0.024931127 0.36883786 -0.025288269 0.1909064
BRA 0.099497624 -0.2627025 0.02230865 0.05987709 0.078995 -0.045970254 -0.15270585 0.028390342 -0.19061662 0.39556193 -0.042439368 -0.087973826 -0.44901997 0.068786226 -0.07355809 0.17208423 -0.090786114 0.061330456 -0.16734897 -0.08905375 0.14074261 -0.008232408 0.35416192 -0.11500656 -0.114939466 -0.12611815 -0.24728143 0.09725543 0.042539697 -0.24322714 0.19043233 -0.017735822 0.13344294 0.058572996 -0.030014846 -0.013528995 0.16938618 0.0059587923 0.022126442 -0.0298382 -0.04984564 0.18216929 -0.23540051 -0.1711545 0.24834497 0.23159502 -0.30917418 0.23339124 0.0027538084 0.14995638 -0.013821535 0.012961408 0.23517193 -0.058153447 -0.10292674 -0.036351576 0.13489877 0.04893474 -0.12006521 0.08456638 -0.15244356 -0.08669638 0.12567183 0.15340024 0.28245792 -0.1229499 -0.07740139 -0.3811788 0.15459701 -0.16485167 -0.03717735 -0.075930946 -0.13368066 0.08599484 -0.21985953 -0.37909222 -0.38342473 0.1790232 -0.083411604 0.153173 -0.06656142 -0.14532694 0.03140923 0.30649534 0.21257271 0.3483477 0.231917 -0.02468009 0.012471428 -0.02307799 0.12083391 -0.05307197 0.057425085 -0.03760448 0.48596516 0.23316552 0.17441101 -0.010002155 0.07322264 0.06189475 -0.09672948 0.23389089 -0.1700958 -0.06644394 -0.09957521 -0.2912435 0.092695564 0.4098983 0.20327581 0.05963978 0.15302223 -0.09564748 0.0264895 0.11173413 -0.00032432663 -0.022216033 0.032964602 0.3245149 -0.012936593 0.09994688 -0.015736833 -0.35892215 -0.20413998 -0.0760663 -0.29478386 -0.04360767 -0.27676794 0.11067131
MYS 0.25890988 -0.32533118 -0.048202872 0.25517583 0.20044908 0.01703412 0.14760078 0.1853971 -0.2560817 0.2361047 0.1745794 -0.06244552 -0.052541424 -0.014056986 0.08923097 0.06551483 -0.013238312 -0.026850017 -0.190801 0.078542605 0.14238967 0.0099364435 -0.18983997 -0.1905294 -0.22102283 -0.012008304 0.0077584083 0.11979126 -0.0056159617 -0.051490128 0.047686435 0.33705688 0.06417482 0.21418805 0.058560695 0.08853603 0.017948762 -0.17497286 -0.08711412 0.07332852 0.26576874 0.1528249 -0.14123645 0.08986538 0.12985533 0.13873546 -0.3585756 0.40932393 0.008551356 -0.023878712 0.14662883 -0.10349165 0.15379134 0.041528825 0.11520035 0.24742474 0.30370474 0.10463636 -0.11887766 0.1478941 -0.08264452 0.033799216 0.16523108 0.06619998 0.1244675 -0.0014244335 -0.05614859 0.05245774 0.0313826 -0.213065 0.0063171186 0.00029259242 0.020905048 -0.170556 0.16999973 -0.1895532 0.18614905 -0.07149484 0.02311395 0.037103284 0.07718043 -0.2522101 -0.12153162 0.023888933 0.1569001 0.05441032 0.17382926 0.24761598 -0.05045322 0.027974008 0.043719858 -0.09685736 0.13353984 0.09517432 0.0032255827 -0.09574109 -0.21495987 -0.35221404 -0.18641607 0.057792895 -0.13590527 -0.10614521 -0.116577685 0.082855605 0.18877375 -0.24503644 -0.08080189 0.13895045 0.23184276 0.1898617 0.030528918 -0.2125986 0.1955967 -0.06634859 -0.26473153 0.033286862 0.079603225 0.11730999 0.10083918 -0.08879735 -0.100194365 -0.15929703 0.0034288818 0.12259783 -0.1378614 0.1667788 0.086313054 0.046562135
IND 0.14587416 -0.5499023 0.39450765 0.036453903 0.14974973 -0.1699828 0.22682829 -0.17242658 0.07438462 -0.09840339 0.06537025 0.124263376 -0.24861565 0.080892004 0.28369638 0.17091836 -0.314336 0.21822493 -0.1688998 0.040251102 0.05157817 0.4555419 -0.17462254 -0.2024723 -0.22564363 0.17116828 0.06142914 0.21278627 0.3330343 -0.21337555 -0.19748609 -0.03620862 0.19333859 0.1606799 -0.066273004 0.15906298 0.1365763 -0.0132986875 -0.022396289 0.016911028 -0.059241537 -0.06476705 -0.047462247 0.033966 0.14755379 0.3141007 -0.12555858 -0.03870734 -0.10957406 -0.09262571 0.14247273 0.11024324 0.060791355 -0.13296714 -0.110572584 0.16532817 0.36350226 -0.05020399 0.023511054 -0.1639578 -0.06779164 -0.08000379 0.059084587 0.07862754 0.28965637 -0.0019004825 0.019956762 0.16972029 -0.15070121 0.12489496 0.040289875 0.06140292 -0.4665514 -0.060400885 -0.014880097 -0.070101045 -0.19883704 -0.18592854 0.06055245 0.002879722 -0.1391285 -0.08946025 0.25702545 0.35182142 0.19820938 0.09393203 -0.033786032 -0.25127557 0.04044954 0.103846595 0.11687214 0.03231977 0.30531722 -0.028682835 0.12490768 0.29531613 -0.15139458 0.024779433 -0.14686188 -0.06179926 0.12964472 0.13131487 -0.041258153 -0.023169013 0.12593618 0.03245154 0.013625627 0.23975207 -0.032537643 -0.11491941 0.29612625 0.104365215 0.01969213 0.12969859 0.11702886 -0.04059713 -0.066964805 0.012909215 -0.034625288 -0.11331933 0.05001195 -0.059392523 0.0374891 0.19586383 0.08185773 0.16149701 0.06646213 0.14140086
COL 0.030589461 -0.06842082 -0.019903472 0.012612918 -0.03278678 0.012930111 -0.019580489 -0.19628479 -0.16382656 0.20895316 0.04314561 -0.026958324 -0.25895017 -0.008375603 -0.15295056 0.25222278 -0.041393846 0.059632864 -0.20860663 -0.12168612 0.12448385 0.114830196 0.26278415 -0.40042087 -0.24145277 -0.007872408 -0.29737476 0.048258472 -0.0034852065 -0.13858525 -0.038784143 0.0510123 -0.062288575 -0.054252356 -0.09337825 -0.039804425 0.21463822 0.08994164 0.027729556 -0.03761732 0.014165485 0.16515326 0.009827864 -0.0591487 0.2397071 0.15984772 -0.13813584 -0.008842385 0.061161857 0.15738656 -0.23653369 -0.0273982 0.13473193 0.022369374 0.024285207 0.0054601263 0.26978183 0.083134316 -0.25979137 0.040809892 -0.020146377 -0.014092383 0.05317126 0.07100072 0.2708038 -0.16789484 -0.013747194 -0.25574765 0.18751177 -0.26681727 0.16884322 0.04764961 -0.1672244 -0.18000491 -0.20558883 -0.30227584 -0.20625831 0.1693422 0.047496404 0.122783594 -0.24143715 -0.20251694 0.057493314 0.37083796 0.1577945 0.37945637 0.26366648 -0.003985771 0.01284274 0.17005071 0.02320181 -0.029002313 0.050757315 0.08244563 0.488105 0.29993615 0.11575057 -0.03407478 -0.086001456 -0.080582604 -0.101796836 0.21423252 -0.34253046 0.056016523 0.0036527698 -0.16572602 0.20250556 0.34449297 0.25281185 0.016177662 0.16656095 -0.16544183 -0.07063735 0.078169644 -0.25512984 -0.024793956 0.12753749 0.40986532 0.03987052 0.1605074 -0.10498623 -0.24487746 -0.20418656 -0.18861286 -0.20652555 0.122580774 -0.28861675 0.09285167
NOR -0.03681066 -0.09376756 -0.09185812 -0.031015363 -0.13146263 -0.13812411 -0.10202322 0.03437609 -0.077084295 -0.0075826147 0.12748432 -0.06866393 -0.26058942 0.11907044 -0.11846873 0.1314223 -0.0045511094 0.161012 -0.14671193 -0.19155486 0.21637625 0.10462579 0.1250323 -0.21810216 -0.28469864 -0.06591928 -0.1611869 0.102390684 0.00056007516 -0.13420567 -0.2078836 -0.07490505 0.04963866 0.079076596 0.07279721 0.10307542 0.22928123 0.09905687 0.047546577 -0.18007708 0.073799096 0.21786667 -0.015646152 -0.08250411 0.19041698 0.18239322 -0.31788954 -0.044665486 0.23918483 0.12994808 -0.081807524 -0.049125448 0.11276939 0.2481929 0.1980358 0.08333563 0.18834703 0.21614733 -0.35571742 0.11113372 -0.076393045 0.09660124 0.1570703 -0.143176 0.14921652 0.030970763 -0.11986862 -0.19297557 0.054988757 -0.30840027 0.13169394 0.06920301 -0.22015056 -0.3866017 -0.039919008 -0.23456292 0.08765196 0.16942495 -0.06281403 0.23838888 -0.05341906 -0.076486446 0.07202342 0.24697348 0.17899667 0.21658115 0.249711 -0.12271713 -0.107361 0.09835124 -0.06560038 -0.1821325 0.02428879 0.042531725 0.41795963 0.070518516 0.11024281 -0.16953649 -0.13493171 -0.112457976 -0.3116084 -0.091553144 -0.12929097 0.31207743 -0.08216324 -0.096412174 0.12177153 0.11681904 0.025571844 0.01600575 -0.09831809 -0.21400034 -0.07106673 0.037436713 -0.39859787 0.03985045 0.1037599 0.24734968 0.051656626 0.19970351 -0.18098763 -0.1347764 -0.14024317 -0.21909451 0.04464066 0.04346219 -0.14777362 -0.043474466
ESP 0.2134759 -0.3188013 0.28591952 0.19345437 0.026125696 0.0052034757 -0.08506206 -0.06494531 -0.07299581 0.029815357 0.30615225 -0.014325259 -0.24723764 0.020389037 0.07173298 0.21902312 -0.042092014 0.019228216 -0.22757976 -0.1265003 -0.06606491 0.37627777 -0.23397598 -0.07319082 -0.15786934 -0.053580195 0.13300137 0.13842802 -0.005812334 -0.13386163 -0.16469409 -0.05816283 0.18980229 0.07728306 0.031591903 0.11442713 0.24369742 0.077126354 0.21892 -0.12468848 0.043501493 0.09202775 0.16384384 -0.11020519 0.21144347 0.10412196 -0.14799246 -0.06860169 -0.009525821 0.16173655 -0.12119086 0.048356805 0.016381862 -0.07045323 0.05766581 0.18799469 0.12381246 -0.08220755 0.046448033 0.21197839 0.038561802 0.09408015 0.015217732 0.14595908 0.051951114 -0.040296428 -0.008246438 0.02051267 -0.02025461 -0.06983646 0.05894596 0.012614917 -0.4232463 -0.0737924 0.08727933 -0.23298213 0.049085747 -0.0761532 0.07346816 0.2657845 -0.18388867 -0.2710854 0.25511396 0.27691174 0.11868417 0.16411573 0.07716457 0.05362675 0.08465484 -0.0017103557 -0.07716268 -0.033318456 0.07587542 0.19416244 0.20575286 0.38294148 -0.01291843 -0.152092 -0.39242443 -0.23305629 -0.003121063 0.117142744 -0.082599 0.1969673 0.098973565 8.002503e-05 0.20145278 0.1261762 -0.12922853 -0.07535932 0.17442721 -0.021312952 0.20553723 0.007841934 -0.11584851 -0.04725954 0.032388873 0.054837156 -0.09310773 -0.05964132 -0.34372962 -0.14765841 -0.2292456 0.024036104 -0.03601866 0.13795939 0.24167368 0.057769194
NLD 0.19128644 -0.22373149 0.16239032 0.06861099 0.09429462 -0.031955767 -0.11077925 0.09476582 -0.028536212 0.26410306 0.23609345 -0.15134521 -0.173098 0.21228763 0.107152045 0.04737355 -0.07053536 0.13899642 0.044263255 -0.09608815 -0.0021360544 0.19203971 0.06203295 -0.014245023 -0.17624153 -0.09816635 0.122450516 0.14667049 -0.03964091 -0.23026946 0.031137813 -0.19281936 0.09666548 -0.05758835 0.046139948 -0.10395687 0.18448804 0.18777096 0.04030461 -0.19911501 -0.06185803 0.10983964 -0.010943994 -0.10826453 0.02353095 0.04949078 -0.2884708 0.07002047 0.2830301 0.24012907 0.04163125 0.18635061 0.0787129 0.17546085 0.061717037 0.19219132 0.18997575 0.022447707 -0.019793253 0.19746272 -0.12226321 -0.09133625 0.3271385 -0.060529586 0.18757477 0.0013224921 -0.13852967 -0.12918955 -0.013499562 0.075467445 -0.046936072 0.055753157 -0.3299164 -0.21327855 0.11999696 -0.36142913 -0.15894128 0.06736157 -0.13482143 0.32023636 0.0013166309 0.0014035293 0.060246166 0.2930836 0.12668408 0.10982412 0.18137972 -0.09716618 -0.15600178 -0.012225332 -0.061666757 -0.08362178 0.14515844 0.15883015 0.4265715 0.27767488 0.106456466 -0.017715242 -0.033447005 -0.18370563 -0.12876132 -0.1747699 0.07785869 0.08726415 0.0031636464 -0.057118636 0.09478198 0.13314849 -0.080967456 -0.11863 0.16654597 -0.056353327 0.05006168 0.016653411 -0.19223015 0.08743408 0.047271036 0.1680936 -0.07043681 0.22893769 -0.13858518 -0.08541986 0.006389671 -0.10034223 0.10095787 -0.13253501 0.060649317 0.06317845
DEU 0.13877298 -0.29932314 0.17194436 -0.03357983 0.29673752 -0.24725059 0.13377754 0.10997131 0.05250044 0.22471535 0.24664767 0.011101487 -0.11999673 0.112675704 0.23103777 -0.042803966 -0.2314747 0.094122246 0.06901815 0.15229674 0.070966706 0.035717666 0.21578528 -0.19988026 -0.27053 0.080052726 -0.02771619 0.31607026 0.10194674 -0.30452025 0.15136328 -0.08459596 0.0655592 -0.08515698 -0.06975753 -0.28213748 0.09946687 0.028488928 -0.23628785 -0.03464911 -0.16524515 0.077282086 -0.16042636 -0.014071271 0.08456711 -0.048815504 -0.33737805 0.15443406 0.3744121 0.13787046 -0.06792454 0.17226173 0.13335252 0.14685683 -0.031578507 0.2449444 0.30854473 0.016513016 -0.012750554 -0.00028390903 -0.04301866 -0.1679882 0.39406607 -0.18518582 0.30045077 0.044198684 -0.10560501 -0.26033592 0.19704163 0.2758445 0.03927358 0.05012296 -0.17940624 -0.28979504 0.051833317 -0.32998896 -0.23236665 0.16928186 -0.044568542 0.2288468 0.023691721 0.0050135576 -0.10082583 0.20727624 0.13992731 0.085608914 0.18968458 -0.13819054 -0.14077581 0.12231923 -0.034715608 -0.096825376 0.12396309 -0.07160296 0.15993945 0.13421339 0.049614303 0.054025345 0.20518577 0.03085292 -0.08292364 -0.1960035 -0.027740307 -0.20734215 0.03913075 -0.050926447 -0.11863333 0.20401607 0.14867899 -0.26075676 0.24442233 0.06087152 0.06916292 -0.08012782 -0.01710203 0.04613985 0.06762491 0.24292877 -0.10406064 0.12427912 -0.1789031 -0.15706241 0.11319934 -0.02755747 -0.030233739 0.005830767 -0.0747145 0.16730225
MEX 0.19429046 -0.3311684 0.311005 0.041115053 -0.0007270844 -0.009218333 0.017902222 -0.20573866 -0.12305149 0.13229488 0.22226505 -0.10369382 -0.17887314 -0.028553067 -0.05748715 0.23572236 -0.09960162 0.21640638 -0.26419622 -0.030767597 0.13289791 0.21197322 -0.06357239 -0.13611402 -0.031190533 -0.015771192 -0.0028856127 0.13077803 0.03969341 -0.09493663 -0.2554577 0.03672274 0.025279276 0.11918985 -0.11999388 -0.10248837 0.12903911 0.102996476 0.018795412 -0.1738408 -0.064420834 0.15243496 -0.0060604 0.06955253 0.07200603 0.24021642 0.07754868 0.048675105 -0.3643717 0.15195587 -0.0788224 0.054883007 0.003530365 -0.06729412 0.08633601 0.25795928 0.21931297 -0.107943095 -0.049776267 0.039748814 0.1740071 0.053729963 0.11016286 -0.04384081 0.14778817 -0.23880537 -0.044778254 0.0132455 -0.0073847007 -0.05905223 -0.025509551 0.015972214 -0.42702273 -0.159645 -0.1983461 -0.21217452 0.06729716 -0.111265786 0.023615917 0.16754968 -0.26297536 -0.302355 0.02567398 0.2298026 0.08776515 0.073935516 0.12077239 -0.042952932 0.13928787 0.03032473 -0.16896011 -0.08658186 0.07714403 0.12823527 0.25285396 0.2863173 -0.02954824 -0.16519086 -0.38458243 -0.09368142 0.051942464 -0.0009493248 -0.14035669 0.15119998 0.0432299 -0.03282938 0.25238103 0.23218511 -0.0052985023 -0.029216817 0.16059148 -0.24340203 0.04942562 -0.091963544 -0.16579689 -0.0061983336 0.0894841 0.23675781 -0.2524379 -0.17113791 -0.17293757 -0.07511051 -0.2645852 0.12450267 -0.2209728 0.026572647 -0.0041586556 0.011226195
AGO 0.027859868 -0.06926609 0.076428704 0.058962077 0.02710245 -0.037657045 -0.026028592 0.009773576 -0.18149023 0.18855117 0.3025067 0.073060416 -0.0792151 0.06616254 0.0724044 0.10059911 0.0051007243 0.17958568 0.0018533283 0.108098045 0.19364385 -0.0027353321 0.12504652 -0.27165568 -0.3214423 -0.094658315 -0.1396782 -0.02039799 0.06064083 -0.052730672 -0.0147627555 0.17500438 0.0568124 0.089496136 -0.01919464 0.059399348 0.21551147 -0.045303077 -0.06824923 0.0938431 0.12952365 0.20185578 0.014301433 -0.061137326 0.07486531 0.14481416 -0.37217492 0.1182295 0.067512944 0.11519149 0.065917306 0.09623988 -0.014201529 0.13651118 0.009513693 0.109405324 0.35623795 0.10766592 -0.068921685 -0.0357789 -0.15580025 0.017624317 0.10596959 -0.08728085 0.24857472 -0.04791871 0.047329932 0.030016229 0.0718759 -0.20845132 0.031276938 0.06652976 -0.21847774 -0.3049623 0.061289918 -0.155245 0.037774615 0.07216097 -0.1277395 0.14611901 -0.10618155 -0.184244 0.045127776 0.13827583 0.3601831 -0.009839146 0.099633634 -0.08529404 -0.18526515 0.05077688 -0.04796311 -0.074752726 0.055317327 0.027802086 0.21290578 0.05115992 -0.108168066 -0.1288841 -0.017556544 0.054492693 -0.2165244 0.012659063 -0.23550951 0.032171622 0.12576179 -0.13520233 0.079231486 0.24300475 0.07098355 0.09322113 -0.10924285 -0.07346921 -0.017065223 0.020687493 -0.1884789 0.1350941 0.02408016 0.15617836 0.2327202 0.12995838 -0.04330683 -0.067353785 0.06722645 -0.09437532 -0.05711912 0.042450476 -0.030948313 0.0602721
SGP 0.43598217 -0.3747869 0.112441555 0.13145965 0.234897 0.1594442 -0.058041237 0.059962876 -0.15818666 -0.009848115 0.04130708 0.023592394 -0.2082714 -0.06015704 0.08650023 0.12845927 0.11700786 -0.0132977655 -0.2348324 0.06278461 -0.07204458 0.2159399 -0.22468443 -0.15224537 -0.2995865 0.1774949 0.13512783 0.1368049 -0.074857496 -0.15725246 -0.13106921 0.20590551 0.10683562 0.156273 0.06525114 0.10741719 0.0065032504 -0.18478833 0.07434202 -0.02451396 0.2291243 0.01381931 0.0023359552 -0.05521402 0.1341902 0.0013169142 -0.21960013 0.2139067 -0.039689157 -0.024726797 0.007498963 -0.1750072 0.31152755 0.057279117 0.025086084 0.27541336 0.3059003 0.02696299 0.045263946 0.04883312 -0.041160557 -0.018939316 0.07576239 0.21531698 0.080710396 -0.054425485 -0.044403452 0.3173053 -0.04841518 -0.24450451 0.08823082 -0.103694074 -0.21880506 -0.2004322 0.03981614 -0.16031827 -0.04743177 -0.21132708 0.043635722 -0.014301644 0.00494058 -0.37438127 0.10226046 0.3017486 0.21324544 0.100603424 0.12710002 0.20646122 0.10765784 0.043166306 -0.01889445 -0.05541447 0.15726465 0.29790467 -0.025922755 0.015126754 -0.08424687 -0.16056757 -0.16417965 -0.2622467 -0.0050204895 -0.12560228 -0.17135338 0.12317684 0.19700713 -0.14588454 0.032736547 0.16252264 0.007789941 0.16032867 -0.007417619 -0.17673099 0.30102244 -0.1768277 -0.21864328 -0.07286617 0.0968804 0.009658595 0.09553553 -0.20563693 -0.11614376 -0.35243702 -0.037380718 0.2679763 -0.39562532 0.16259032 0.34986165 -0.03980359
AUS 0.40311792 -0.4120024 0.02038106 0.21321397 0.20370924 -0.03386785 0.13310052 0.09224817 -0.24555837 0.15912461 0.14336583 -0.07593351 0.05918029 -0.033285096 0.21824577 0.1226973 0.004228486 0.049020436 -0.14113684 0.2058571 0.15248261 -0.029316727 -0.16571972 -0.12586284 -0.12976679 0.10706098 0.0938405 0.06540929 0.026553184 -0.038072173 -0.047823414 0.311341 0.017536314 0.20262344 0.054237448 0.09419561 -0.1367669 -0.15572514 -0.14218022 -0.04440566 0.28708184 0.24612065 -0.1651743 0.10425828 0.08745616 0.16964655 -0.2799059 0.437589 -0.066734016 0.014917864 0.16498268 -0.14084278 0.1607104 0.055312857 0.010854984 0.23529676 0.27455333 0.057307206 -0.057245575 0.06040115 -0.05050628 -0.048988383 0.1879402 0.08305698 0.10861698 -0.07145949 0.0005918217 0.10244146 -0.019869568 -0.23335756 -0.19277214 -0.0824129 0.0946756 -0.10908698 0.0830491 -0.13818422 0.16316988 -0.16292046 -0.041044995 -0.0020239977 -0.11012443 -0.2605469 -0.053725395 0.066742115 0.20691423 -0.13220854 0.19494325 0.19363125 0.09244748 -0.04632267 -0.05681252 -0.12826082 0.28933161 0.28556022 -0.0039971443 -0.023467861 -0.25887692 -0.32386073 -0.27061674 0.02247029 -0.17067072 -0.20616937 -0.0835283 0.1598358 0.2579405 -0.2201975 -0.057210103 0.26666155 0.2152641 0.21785006 0.001026919 -0.20312186 0.23494229 -0.18942486 -0.3370437 0.12347742 0.1730181 0.08015863 0.09912629 -0.13628273 -0.1245645 -0.21111484 -0.053494886 0.28820378 -0.21302386 0.029473104 0.14581867 0.050999764
ECU 0.13433813 -0.3207923 0.15714268 0.02516988 0.0714246 -0.099810705 0.038675804 -0.23002625 -0.21116628 0.19642363 0.079656154 -0.008519769 -0.31487605 -0.051198225 -0.10347239 0.34659004 -0.09097117 0.030767199 -0.28435984 -0.09575185 0.15074898 0.11790066 0.31578854 -0.40159404 -0.14437692 0.010765422 -0.30323827 0.13474031 0.0075217057 -0.18305974 -0.006160541 0.03226329 0.03348652 0.0042748847 -0.20024148 -0.104450494 0.20121332 0.075869694 -0.009765806 -0.17827854 0.028615098 0.18026796 -0.057179328 -0.06640609 0.22680569 0.18269612 -0.13526183 -0.07937525 0.027351152 0.12462093 -0.22968845 -0.023628505 0.18772082 -0.04773583 -0.020843647 0.019132372 0.20072232 0.009164717 -0.19534133 0.06932686 0.058615576 -0.07469414 0.045385245 0.10145067 0.21637222 -0.1616322 -0.053692143 -0.31787276 0.16822453 -0.14945757 0.05849837 -0.06522835 -0.15814288 7.029704e-05 -0.29523408 -0.3244118 -0.23835187 0.081249446 0.06081929 0.14883879 -0.24784458 -0.18945397 0.016824866 0.33437377 0.1011876 0.31285048 0.27153155 0.051874276 0.10923068 0.11907758 -0.029011237 -0.003043561 0.0691783 -0.024326893 0.37566665 0.29260984 0.09717153 -0.06622307 -0.18209976 -0.016884126 -0.070845336 0.24997479 -0.36635837 -0.0028445583 -0.0076381 -0.219199 0.1864505 0.47915563 0.34411323 -0.035543714 0.2535366 -0.12252894 -0.07261832 0.038883712 -0.11447244 -0.027239379 0.107452735 0.35804397 -0.04793836 -0.0041079526 -0.1952034 -0.30261818 -0.21658672 -0.16223903 -0.30868158 -0.0011328916 -0.27644092 0.07897788
FRA 0.13117158 -0.52381265 0.039761823 0.14799841 0.029267134 -0.1966536 -0.14628437 0.18972513 0.024406608 0.16655064 0.116501234 -0.0044273776 -0.4111193 0.15140489 0.20576818 0.11462575 -0.14829344 0.004260352 -0.039198283 -0.048386402 -0.04073267 0.019775914 0.10957214 0.07758769 0.07584103 -0.017385552 0.06773413 0.17464913 0.08652258 -0.08161992 0.09812734 -0.19148286 0.3315491 0.06934622 0.2699248 0.08613114 0.022717863 -0.009244869 -0.07789588 -0.23273776 -0.08182443 0.1859336 -0.42494237 -0.13951352 0.3117039 0.12456264 -0.49451503 0.27423808 0.084799945 0.15486985 0.05930457 -0.03191844 0.15054952 0.03872625 -0.06340149 -0.017304586 -0.060622018 0.15522082 -0.035802122 0.10248475 -0.19882745 -0.031327058 0.3112237 -0.007877362 -0.002692425 0.08625576 -0.116957724 -0.39128616 0.034453135 -0.014106138 -0.14025012 -0.13012785 -0.031174323 -0.0167653 -0.029569414 -0.24640566 -0.17503373 0.08031882 -0.1907912 0.2426264 -0.005927367 -0.048408557 0.103190586 0.22967786 0.071455754 -0.01956178 0.33967546 -0.14196378 0.091400705 -0.07611993 0.041236572 -0.16153169 0.18691756 0.03096653 0.42007902 0.19740343 0.071859136 0.005919521 0.012494734 0.012686414 -0.097676344 -0.07244816 0.16094278 0.057561953 -0.021298602 -0.05780233 0.012559713 0.263682 0.099006325 -0.04864264 0.15144718 -0.010218743 0.13428365 0.02759441 -0.09964044 0.09537265 0.021547055 0.074281804 -0.091907255 0.23439166 -0.09620226 -0.19971597 -0.10061064 0.08182855 0.029007358 -0.075059466 0.0055184825 0.09561984
QAT 0.1743458 -0.37355584 0.13781564 0.06601152 0.1152309 0.07578279 -0.13577789 0.085247226 -0.14924711 0.021724015 -0.04406965 -0.06558861 -0.4015825 -0.016882889 0.047202863 0.040733125 -0.02090241 0.09738891 -0.25362095 -0.06783583 -0.060248088 0.25255537 -0.28476107 0.04603039 -0.22894008 0.09557817 0.0032489363 0.2706192 0.04809534 -0.29552966 -0.10096913 0.03655405 0.1030151 0.23612481 0.13558158 0.13040811 -0.013535748 -0.2175503 0.10318026 0.09240612 -0.010581651 -0.10976166 0.010758936 -0.11159278 0.1069134 0.102574944 -0.08194802 0.33950597 -0.1881614 -0.083055004 0.18153685 -0.16302836 0.23967901 -0.02770962 0.021266365 0.19713205 0.3293375 -0.03294423 0.03543259 -0.020562882 0.0038625388 -0.04544935 0.093966454 0.13865997 0.14701475 0.017859634 -0.056070674 0.31157357 -0.043998305 -0.2227879 0.12901792 -0.06272991 -0.34082952 -0.117319256 -0.0045187096 -0.22622837 -0.01564533 -0.17005916 0.057910338 0.015972713 0.102250695 -0.25232983 0.15883656 0.30683497 0.16881976 0.2910371 0.13515379 -0.073526956 0.11632895 0.11524573 0.11013203 -0.027294425 0.21001907 0.11663064 0.15103152 0.02109714 -0.033063922 -0.124830626 -0.024671784 -0.17509924 0.005261795 -0.051217847 0.057111796 0.06296946 0.027908986 -0.15930657 -0.007826308 0.095168136 -0.09657742 0.03867215 -0.029001897 -0.20280643 0.2706403 -0.065655544 -0.011772591 -0.1490516 0.11175692 0.09714294 -0.06636765 -0.28478307 -0.031233389 -0.34801656 -0.111295395 0.3388064 -0.35933623 0.29163265 0.15689583 0.015700243
EGY 0.28479198 -0.41547546 0.22226837 0.035787143 0.21043575 0.24257213 -0.03345165 0.032797422 -0.019050978 0.11470303 -0.024256844 -0.1871072 -0.48771068 0.079780236 0.16116765 -0.08197517 -0.0673803 -0.060564592 -0.113340214 -0.1203524 -0.09101457 0.05711385 -0.2836402 0.1171656 -0.16658401 -0.05606203 0.040690586 0.1788468 0.073251344 -0.17048958 0.12175161 0.0012478067 0.15828648 0.2710571 0.31383398 0.08446398 0.0062567154 -0.24355283 0.13767235 0.20399904 -0.22426488 0.059359673 -0.04976788 -0.21066146 0.2381257 0.06483561 -0.122434705 0.502634 0.015411879 -0.010457747 0.059320595 -0.095798165 0.049251962 0.07798145 -0.007296903 0.21879454 0.2513417 -0.016250636 -0.041534103 -0.0060111783 -0.04978739 -0.090672635 0.17400959 0.17494713 0.15590504 0.10438603 0.028195592 0.21071409 0.0060493825 -0.16135378 0.12811752 0.16597338 -0.21793818 0.046854857 0.17788552 -0.2971678 0.031353336 -0.242559 0.12681223 -0.030748108 0.109933294 -0.18259917 0.08384977 0.072681606 -0.037273627 0.19882695 0.09709742 -0.10757798 -0.09846189 0.212194 0.22607662 -0.046664566 0.10893722 0.1546431 0.16994703 0.060711965 -0.1815876 -0.17287548 -0.13796164 -0.19119325 0.053114206 0.022149943 0.094051555 -0.12557411 0.09406329 -0.2188782 -0.048981577 0.13791615 -0.013174154 -0.039653026 0.03470968 -0.3160759 0.25341392 -0.012882821 0.0019985572 -0.11772001 0.15041213 0.086555734 -0.13914424 -0.20198691 -0.032761045 -0.30408615 -0.04825235 0.34733158 -0.23305793 0.37281203 0.088689774 0.2004973
ITA 0.2628663 -0.3564342 0.22077651 -0.06195407 0.30937615 0.059167776 0.09513684 0.067719035 0.0792693 -0.13755257 0.04715478 0.1768449 -0.22408573 0.07911679 0.2763211 -0.09580443 -0.13194875 0.121425964 -0.04282998 0.096978106 -0.2683721 0.22019136 0.048759934 -0.21101564 -0.22169097 0.19462205 0.18521072 0.23233801 0.074343674 -0.13246214 -0.068368964 -0.04412321 0.16852617 0.11429258 0.037417613 -0.00014339632 0.1715693 -0.09799862 -0.016487695 -0.042646676 -0.101719156 -0.021167602 -0.066415384 -0.1786234 0.09208135 -0.018374013 -0.3249918 0.12318022 0.2742104 0.016495114 -0.09717451 0.054307878 0.10622189 0.24081977 -0.14882316 0.3133416 0.26876652 0.01955033 0.18542124 -0.15625454 0.008485442 -0.1352316 0.31323636 -0.028036004 0.19499089 0.14482984 -0.010114713 0.2328864 0.014948862 0.09717836 0.09277076 -0.031686105 -0.23392503 -0.28131276 0.03139695 -0.16793361 -0.17332876 -0.17021038 -0.005205328 0.16205224 0.041984405 0.035967782 -2.6867812e-05 0.30579957 -0.017145516 -0.04350707 0.158906 -0.12681414 -0.01552272 0.16043034 0.07887305 -0.0808194 0.14258881 0.060601413 -0.021798376 0.13349557 -0.11868294 0.067704864 0.0047473717 -0.23758714 0.10146246 -0.1529099 -0.086202666 -0.059002265 0.24731408 0.050697424 -0.06254252 0.24386649 0.01101532 -0.22046581 0.24030906 -0.05423681 0.14161368 -0.073998205 -0.045650523 -0.0479573 0.08474432 0.07808204 0.12099722 0.014169178 -0.2447429 -0.30134544 0.12219354 0.3233548 0.00674259 0.17558004 0.1430037 0.24181184
DZA 0.12800394 -0.1707744 0.26457864 0.18111375 0.22509898 0.14112936 -0.1142012 -0.028372196 -0.2546267 0.38172245 0.26676202 -0.19025022 -0.12254823 0.21849464 0.019777289 0.11698211 -0.0618376 0.0043562045 0.02660536 -0.110824645 0.021227552 0.10989266 0.14978403 0.013952844 -0.14117005 -0.28277922 0.03913042 0.11091099 -0.027856117 -0.113727234 0.24729136 -0.054553065 0.19824488 0.042390145 0.11657408 -0.036307078 0.21270609 0.02360946 0.18925104 0.044305857 -0.06541726 0.11706562 0.07113378 -0.30130973 0.024707898 0.10329493 -0.3275384 0.07902933 0.25169116 0.14142026 0.15105954 0.12735647 0.043528534 0.07884065 -0.046443224 0.14193296 0.3376933 -0.0013849406 0.041811783 0.20518875 -0.136634 -0.21435964 0.19179352 0.05637121 0.14256932 -0.09779427 -0.1715993 -0.026975159 -0.013720954 0.067139015 -0.04976177 0.025109993 -0.36083394 0.054643642 0.26613507 -0.5094636 -0.22947352 0.065327406 -0.20181882 0.250517 -0.018035855 -0.032117847 0.1992121 0.23581934 0.305948 0.22055483 0.059910156 -0.10522582 -0.28342864 0.046678387 0.064236015 0.005006944 0.16832967 0.14767498 0.4960146 0.22010334 -0.026692351 0.034316514 -0.05235645 -0.122863084 -0.12732898 0.14910747 -0.03733902 -0.18843128 0.049610678 -0.2769693 0.045874808 0.16798551 -0.011001027 -0.086432464 0.08893907 -0.112619504 0.1009182 0.076394826 -0.026899673 0.12235175 0.05155797 0.20022357 0.025510414 0.050138444 -0.08117292 -0.11459083 0.14127313 -0.0022674093 0.026555872 0.029766452 -0.027367802 0.08313321
GAB -0.07699026 -0.37972984 0.1372424 0.06662052 -0.090914674 -0.24720845 -0.07325979 -0.08522392 -0.014783882 -0.0971616 0.15189604 0.17916194 -0.42122868 0.07256564 0.07324201 0.18707706 -0.075649306 0.01254368 -0.15672697 -0.05302578 0.02418076 0.118789166 0.15282215 -0.08480387 -0.028103754 -0.17465657 -0.08617322 0.114323705 0.09755973 0.058702685 0.011027719 -0.23537663 0.4109278 0.23867412 0.2616284 0.3159787 0.2515908 -0.048550397 -0.06812731 -0.18937835 0.0054321634 0.33899248 -0.2660271 -0.25160214 0.502076 0.3501123 -0.5100733 3.892457e-05 0.100722626 0.082481034 -0.110373825 -0.017572707 0.0389815 -0.029987767 -0.090411074 -0.062587515 -0.019721953 0.1495431 -0.14041626 -0.10092047 -0.15217239 0.021313107 0.074616216 -0.16329838 0.037842553 0.11763109 -0.09951881 -0.4242249 0.015413777 -0.16604619 0.04990326 -0.07157914 -0.14906342 -0.07535318 -0.06393854 -0.10794523 0.0019401808 0.011009314 -0.16720617 0.26329204 -0.08238706 0.032259427 0.28982458 0.1732904 -0.012098958 0.007565242 0.17678265 -0.1561293 0.02707409 -0.000778084 0.06810076 -0.1830441 0.08213223 0.03176627 0.3593838 0.22868514 -0.16184 -0.015615581 -0.22565095 -0.018690646 -0.22606269 0.14731851 -0.08132019 0.13246587 0.14412318 -0.08268152 0.16113342 0.33493778 0.05871504 -0.09002364 -0.009986019 0.0060557313 0.097415164 0.15136243 -0.08429816 0.035765596 -0.04033856 -0.016198361 -0.020009613 0.12090775 -0.13638502 -0.122457504 -0.14917432 -0.0062381215 0.16882573 0.054650385 -0.033456475 0.11049217
BEL 0.061929137 -0.35433576 0.22992389 0.21477886 0.06927596 -0.00411202 -0.05054058 0.08054027 -0.0823901 0.12165889 0.2974885 -0.053253014 -0.22998698 0.18105613 0.023590012 0.12426529 -0.005044307 -0.005728273 -0.073697485 -0.07171247 -0.017448217 0.25277272 -0.076753385 0.10723771 -0.17037968 -0.2897107 0.12576939 0.14894049 -0.02686598 -0.029938525 0.11473505 -0.13038035 0.44311008 0.16956377 0.24142252 0.13483413 0.19195388 -0.07460777 0.12137091 -0.07745948 0.07065469 0.14877605 -0.10321592 -0.26153472 0.21779142 0.24459843 -0.4186805 0.056059614 0.16018145 0.14107029 0.06534511 0.16230303 0.07099832 0.009134584 0.010645382 0.14318478 0.13313343 0.061310094 0.012518089 0.2443359 -0.16707282 0.0067597977 0.18626788 0.08963843 0.07449034 0.09573645 -0.17256346 -0.15988676 -0.07962887 0.08226679 -0.006630679 -0.008977891 -0.29799196 0.040031232 0.21789531 -0.24047759 -0.047846563 -0.070140295 -0.1880899 0.25991535 0.021783806 -0.07508888 0.25904897 0.25532854 0.1984403 0.11497964 0.065248586 0.015663806 -0.16892803 -0.01726716 0.076401114 -0.10812337 0.16604806 0.12514801 0.32800475 0.29465654 -0.1436882 -0.11879319 -0.22287491 -0.099050276 -0.111116566 0.055366885 -0.014873833 0.036025885 0.13826086 -0.17201823 0.03711416 0.07677367 -0.03053771 -0.07073201 0.03641609 -0.06765371 0.09117119 0.21004848 -0.115706585 0.11329636 -0.04429102 -0.026754709 -0.07862595 0.11450811 -0.18969105 -0.059964612 0.076937154 -0.04010444 0.2014065 0.042759996 0.20637462 0.025629757
KWT 0.21956527 -0.3922075 0.30858433 0.056400996 0.10802701 0.037317567 -0.052472655 0.04359229 -0.02971015 0.24081288 0.08851246 -0.16215019 -0.32419357 0.05589708 0.25140548 -0.10839569 -0.13763571 0.08572752 -0.053041764 -0.019209577 0.14543237 -0.042881615 -0.21943215 0.12678583 -0.15730697 -0.15191256 -0.09973525 0.12689377 0.2165023 -0.19341747 0.18819019 -0.043205403 0.07316355 0.1893314 0.22374144 0.10735887 -0.06508477 -0.28588086 0.08267353 0.19213621 -0.18779927 0.07017709 -0.06649056 -0.15843128 0.08582647 0.19681582 -0.056167252 0.45867544 -0.19978927 -0.011907945 0.2607359 0.04098544 -0.06419721 -0.093463175 -0.01011276 0.049622383 0.27701786 -0.12725791 0.06147034 -0.12586719 -0.059222624 -0.18294235 0.0015715138 0.08494633 0.23245068 0.020072859 0.068213366 0.2487271 -0.04751677 -0.108860746 -0.037511844 0.1781336 -0.37270457 0.058632363 0.22762643 -0.28058538 0.029563216 -0.17471425 0.047182553 -0.047310106 0.098171994 -0.14811347 0.26522964 0.13766156 0.22960374 0.24937804 0.13339655 -0.27714166 -0.116999775 0.2027823 0.11128484 0.006188613 0.21829729 0.13190694 0.3265805 0.10669087 -0.23905978 -0.14402647 -0.14499633 -0.08007945 0.011415245 0.09146682 0.2054687 -0.18873481 0.13526054 -0.29357082 -0.06893253 0.13165106 -0.06788952 -0.13276786 -0.007699434 -0.07564648 0.23017825 0.028946646 0.1370411 0.034818497 0.09576439 0.089717224 -0.18958232 -0.18083812 0.05438592 -0.18217844 -0.0139431 0.30342454 -0.17627256 0.2692196 0.062103327 0.11616011
VNM 0.2479756 -0.59299403 0.142584 0.09829126 0.12343788 -0.07790848 0.0693837 0.092184246 -0.095240645 0.093591146 -0.027740799 -0.06860265 -0.13288428 -0.011777661 0.1058362 0.19963054 0.012923587 0.096758224 0.00014884904 0.030235054 0.032505155 -0.042819295 -0.22799546 -0.075459726 -0.11528694 0.22967337 0.04852337 0.08449508 -0.013567905 -0.051445257 -0.14654654 0.3755374 0.267824 0.28910768 0.2794843 0.18611403 0.07764028 -0.2678379 -0.0386098 0.011409375 0.23071535 0.026437152 -0.30761814 0.20251404 0.06724493 0.27185726 -0.4935024 0.46177024 0.052273065 -0.16745628 0.15400918 -0.17126036 0.2078364 0.13413635 -0.013729025 0.113856815 0.11972944 0.36897975 -0.101829186 0.026473794 -0.07399463 -0.0940905 0.18893807 0.114175685 0.124447726 0.0049838675 -0.20689495 0.28684577 -0.14615333 -0.20530213 -0.05127741 -0.093779765 0.02650136 -0.19654125 0.18747951 -0.12606029 -0.14081283 -0.14970744 -0.07543714 -0.10780312 0.09799886 -0.2977931 -0.08941652 0.33108756 0.19145535 0.038705196 0.20951325 0.06079249 0.042539258 0.14522964 0.14507277 0.07298302 0.24322256 0.09002455 0.084435016 -0.21886922 -0.2732441 -0.21334442 -0.11939165 -0.089171864 -0.050559845 -0.29093814 -0.015328833 0.11428847 0.21980317 -0.22118686 -0.12924027 0.33271578 0.39215466 0.2781467 0.016898539 -0.363432 0.19764838 -0.2501972 -0.34531856 -0.00830022 0.048516184 0.031374145 0.051511984 -0.123595 0.3053882 -0.14675866 0.18033797 0.41244543 -0.36445567 0.12992932 0.13352036 -0.0911248
PRT 0.09722177 -0.06409265 0.21303731 0.10966566 0.15443423 0.117252685 -0.13264497 0.0487814 -0.2946699 0.24503693 0.3590371 0.008770669 -0.07136066 0.15109497 0.14598551 0.108782195 0.051555797 0.1993197 0.21721585 0.035477545 0.011939781 0.04795079 0.24622482 -0.17933948 -0.3326185 -0.18260363 -0.043588094 0.021174658 0.010624782 -0.10788677 0.08819986 0.13837247 0.10295032 0.054524057 0.13589413 -0.022221854 0.31778502 0.02842779 0.15701024 0.13362834 -0.07473595 0.11075591 0.19055225 -0.15862432 -0.091488704 -0.028075956 -0.41752037 0.13964868 0.250579 0.06512591 0.17709392 0.09788304 -0.0843737 0.31153995 -0.033523038 0.06407186 0.40361404 0.070492744 0.06928407 0.009414871 -0.10978486 -0.19751117 0.13839185 -0.05186511 0.17309648 -0.11975629 -0.017282806 0.28726053 -0.0018881373 -0.042497896 -0.066595174 0.055295825 -0.26016477 -0.24271339 0.26560777 -0.33955908 -0.098244905 0.07899022 -0.2568088 0.26858434 -0.15308377 -0.031115685 0.03398153 0.19807354 0.41379276 0.009350896 0.13361359 -0.23789465 -0.2903292 0.12681755 0.02503964 -0.029287962 0.16866466 0.04127032 0.3677135 -0.016882367 -0.07335049 0.11249814 0.09718283 -0.08106741 -0.20274536 -0.084756374 -0.13557166 -0.068800166 0.06830478 -0.20184155 0.110647626 0.21956407 0.089942396 -0.029688602 -0.05341363 -0.19606465 -0.03959467 -0.023778291 -0.23887293 0.16577315 0.20322898 0.24359055 0.30950168 0.21686403 -0.02871593 -0.05786513 0.27114114 0.015339095 -0.042252753 -0.007769153 -0.080462635 0.10034087
THA 0.3503199 -0.5379801 0.036578935 0.24037671 0.18187259 -0.10614331 0.16685165 0.065659985 -0.21640798 0.031317566 0.068189345 0.009053006 -0.09800094 0.038195707 0.18694192 0.15226422 -0.11400607 0.097688355 -0.24388058 0.11759377 0.19552599 0.26458755 -0.32998863 -0.079491235 -0.17554909 0.042230356 0.050427385 0.2003035 0.10533009 -0.13413563 0.06604272 0.23668647 0.1101539 0.260834 0.1315027 0.14497004 -0.12100442 -0.22036828 -0.14064853 0.07574795 0.3578417 0.05595754 -0.19864543 0.12994218 0.1997177 0.25047794 -0.271999 0.40423757 -0.17650373 -0.10281241 0.2715363 -0.1098739 0.34062105 -0.11599124 -0.020421656 0.29910496 0.3344639 0.012961148 -0.10783218 0.11832502 -0.16881323 -0.021521283 0.16673833 0.08361043 0.17011623 0.03045508 -0.1029714 0.022412729 -0.06844528 -0.15450221 -0.08706605 -0.10131385 -0.104382955 -0.11580984 0.06569474 -0.14824551 0.023006497 -0.07898715 -0.00835585 -0.08877495 0.0757247 -0.3196082 0.09746197 0.19731191 0.29449967 0.105898984 0.012814002 0.14360197 -0.022007827 -0.06435557 0.09520183 -0.102224916 0.26082352 0.14663154 -0.0111721875 -0.06433219 -0.16571502 -0.3665821 -0.15618649 0.048124492 -0.19942862 -0.110933386 -0.114564374 0.11440611 0.1650067 -0.2176651 -0.099065 0.12120387 0.034605086 0.16843784 -0.0019022066 -0.103549905 0.2306399 -0.01363945 -0.08465723 0.0033699397 -0.05992756 -0.031426575 -0.001786828 -0.27721408 -0.051819757 -0.09697829 -0.086695656 0.20482941 -0.1720811 0.12066329 0.1431637 0.0008806388
LBY 0.37324473 -0.3035 0.11077777 0.069462895 0.34169137 0.24320786 0.035444405 -0.098822914 -0.05261946 0.006820655 -0.013739567 0.019506957 -0.5274169 0.05156006 0.2175639 -0.10185217 -0.07216789 -0.19584048 -0.1480479 -0.14785405 -0.28477332 0.05148055 0.038597975 -0.15606388 -0.07404651 0.057268284 0.1431373 0.10787958 -0.099330574 -0.02910131 0.18542773 -0.08974535 0.013892503 0.19858281 0.2526887 0.123839594 0.022138199 -0.21740335 0.07190907 0.07762519 -0.11746771 0.13443698 -0.095575504 -0.28475764 0.31759608 0.051280618 -0.15501593 0.43475574 0.14469498 0.066427454 -0.08989592 -0.17792156 0.078486346 0.16135408 -0.105078146 0.22338428 0.3581551 0.03215905 -0.08511705 -0.13130295 0.01868828 -0.11277712 0.21246453 0.021736406 0.030362125 0.050161634 0.044606503 0.1391321 0.07586879 -0.17224301 0.23297106 0.10129534 -0.06414701 -0.15424226 0.010895873 -0.31988496 -0.065538794 -0.17191413 0.03489589 0.029689446 0.07826705 0.043576412 0.10545111 0.031147828 -0.21460031 0.18747312 0.1914155 -0.05978566 -0.115852594 0.25442603 0.23359641 -0.15573497 0.032647796 0.18795834 0.14016278 0.027853318 -0.10042503 -0.003524634 -0.10751116 -0.22061849 8.59766e-05 0.07348431 -0.0614602 -0.02206975 0.27855736 -0.23045029 -0.009965338 0.11397315 -0.05996059 -0.19070196 0.0898008 -0.24583076 0.18400018 -0.077864796 -0.09212222 -0.2058151 0.18657628 0.1261018 0.044841826 -0.11543291 -0.16691689 -0.2849916 -0.023004595 0.33266208 -0.03286928 0.3446645 0.04456183 0.3345478
NZL 0.071478456 -0.41774744 0.0013966915 0.2976956 0.15445559 -0.07948493 0.007572757 0.28643587 -0.27957946 0.23592174 0.11435722 0.043118432 -0.39144653 -0.07252122 0.12426519 -0.048811726 -0.10911349 0.15061705 -0.32128596 -0.00510593 0.20707877 0.16445127 -0.42947948 -0.23099694 -0.39072895 -0.0822977 -0.12244615 0.23321553 0.18339998 -0.0027888916 -0.061468787 0.28974238 0.09273031 0.2852092 -0.12020911 0.16445513 0.05375901 -0.30109105 -0.12980305 0.14795364 0.38059422 -0.07271789 -0.16926228 0.062291272 0.045051407 0.1063342 -0.45484415 0.29822585 -0.30636042 -0.004554076 0.22781484 0.10486056 0.07931721 -0.16014963 -0.0066352105 0.33180115 0.32795852 0.07366141 0.1756123 0.0632338 -0.2534239 0.28634953 0.09035034 -0.0010288131 0.08387793 0.22626156 0.11502145 0.17951551 0.16934995 -0.41123918 0.028052725 -0.0014651862 -0.418329 -0.22358362 0.03828605 -0.041364025 0.35391012 0.019877538 0.15538597 -0.010258101 0.1135437 -0.35461769 0.09779876 -0.0051531442 0.5005527 -0.0142533975 0.25554052 -0.0022846172 -0.056977473 -0.060715854 -0.17762382 0.012752726 0.07675657 -0.14093702 -0.0033919485 0.03191244 -0.03381659 -0.26032406 -0.012839628 -0.0027468645 -0.12766822 0.2342479 -0.03764882 0.045347802 0.21755706 0.02071476 -0.13630809 0.098920695 -0.062380135 0.15031815 -0.03437365 0.08068774 0.15252796 -0.029474173 -0.104270525 -0.02613158 -0.06655059 0.0008326327 0.25848874 -0.10096053 -0.24096848 -0.277657 -0.13858499 -0.04944682 -0.12082979 0.36868092 0.20716092 0.15095763
JPN 0.18933894 -0.42945662 0.23356329 0.09426291 0.096632965 0.014913643 -0.18796766 0.13579188 -0.17293657 0.19311167 -0.08353739 -0.10353539 -0.26169443 0.018725565 0.047460884 0.062819414 -0.01128351 0.14551769 -0.124067135 -0.015727045 -0.033883486 0.09382371 -0.16321044 0.066002615 -0.18314284 0.02668985 0.07276022 0.17058952 0.0089244675 -0.1951661 -0.029502379 0.13937578 0.19461149 0.25806937 0.15197584 0.17302471 0.022787252 -0.22504279 0.09885908 0.041337837 0.050047766 -0.11305824 -0.15243071 -0.013266367 0.006687885 0.2575637 -0.2511236 0.3941074 -0.14880756 -0.07699171 0.25506753 -0.11179067 0.1964414 -0.08817056 -0.044785954 0.1018386 0.21235901 0.15654178 0.16430369 -0.037637442 -0.08676196 -0.13438503 0.08273371 0.097011946 0.17366546 -0.040367015 -0.20608145 0.27959502 -0.12470535 -0.17196032 -2.00707e-05 -0.08836099 -0.27055234 -0.065233804 0.11244535 -0.1875369 -0.19227514 -0.11406806 -0.13712196 0.0055473214 0.20901349 -0.20726767 0.11771949 0.38942572 0.22006962 0.21781446 0.18332465 -0.043442167 0.05657797 0.059463073 0.14153723 0.044034604 0.23027265 0.07175211 0.25186667 -0.036828373 -0.14949507 -0.07563413 0.006218764 -0.13935998 0.03320892 -0.047539845 0.09560652 0.046513174 0.12947181 -0.2661657 -0.012891639 0.22308563 0.07476784 0.14418803 -0.059117083 -0.22149268 0.24049515 -0.13593307 -0.068225965 -0.06516152 0.039351534 0.08179958 -0.061980218 -0.19410014 0.26396328 -0.26702327 0.06960522 0.3986447 -0.38730782 0.120041214 0.10855526 -0.05639591
ROU 0.08661682 -0.5244158 0.03496175 0.1557202 0.1097675 -0.020718431 -0.011235731 -0.036503952 0.021644514 -0.002650277 0.19231842 0.08636617 -0.304593 -0.039120127 0.044398595 0.19411905 -0.10789837 -0.056843303 0.012653905 -0.01846725 -0.028478324 0.033651505 -0.013222386 -0.40766814 -0.07368832 0.21025759 -0.07007106 0.27020288 -0.067334406 -0.124199726 -0.21779422 0.045539662 0.32284322 0.01940741 0.29654762 -0.023091968 0.249995 -0.19760028 0.018341368 -0.1426485 -0.19274165 0.044700827 -0.32040924 -0.06069846 0.18397945 0.030987697 -0.4211008 0.23948856 0.22980823 0.09361499 -0.15392254 -0.08629959 0.05528295 0.35268915 0.17809604 0.21267489 0.2954546 0.20240623 -0.28454527 0.06872519 0.13486074 -0.07264298 0.4013738 -0.03665353 -0.13847338 0.02333665 -0.017216021 0.09382906 0.0946346 -0.0069726664 0.22069463 -0.0870541 -0.1253307 -0.5754719 0.12370488 -0.241504 -0.09603898 0.102864616 -0.10459566 0.02954636 -0.12994273 0.12510818 -0.061893344 0.10581204 -0.2604277 0.072879285 0.26333472 -0.069245234 0.09549683 0.3164427 -0.030172642 -0.087768584 0.0019274298 -0.049668614 0.09369318 -0.1550837 -0.050794426 0.094512306 -0.05640007 0.011001329 0.14402895 -0.19028601 0.00027619235 0.06858377 0.017548952 0.0473117 -0.023217265 0.029821109 0.37814495 -0.10642427 0.11745577 -0.3053554 -0.020111596 -0.07020646 -0.4049422 0.009951587 0.054764066 0.03734658 0.0077914875 0.16589026 -0.10480314 -0.113183595 0.18016377 0.053866547 0.0157775 0.1714915 -0.14139009 -0.10052265
KOR 0.16396531 -0.6303882 0.33816528 -0.016428797 0.016604414 -0.16681926 -0.05181626 0.1718857 0.08975701 0.18097097 -0.099344425 -0.20431246 -0.28537872 0.10875824 0.2280137 0.01999131 -0.20167561 0.16214143 -0.058582995 -0.13860378 0.079279065 -0.024290917 -0.24817854 0.17061734 -0.005907337 -0.036028925 -0.033629168 0.13169658 0.27027038 -0.21155947 -0.008677125 -0.051897082 0.1951655 0.24683599 0.25742486 0.19892094 0.019651776 -0.07680597 0.08075989 -0.050150767 -0.15067208 0.0062827915 -0.22903717 0.06786097 0.07531156 0.27734363 -0.1974652 0.33035138 0.025095602 -0.07314366 0.22781394 -0.008276513 -0.007300703 -0.05373872 0.0021624772 -0.00043699972 0.014619152 0.20104216 0.033628736 -0.019036798 -0.18543026 -0.13093966 0.09580196 0.08735045 0.18761978 0.116146535 -0.13356903 0.060649615 -0.13765927 -0.089339726 -0.14017141 0.05030266 -0.22372617 0.08856265 0.24393073 -0.18608198 -0.14262562 -0.18948404 -0.0045868075 -0.0009931476 0.16358988 -0.13340741 0.14648734 0.32698005 0.06790982 0.16340022 0.26598823 -0.23161398 -0.015696399 0.15604898 0.16281882 0.044953316 0.2538597 -0.005405014 0.35941944 0.12458646 -0.23230939 -0.07919024 -0.23918633 -0.07284303 0.07948822 0.029086635 0.29590538 -0.054741915 0.14801243 -0.15854308 -0.08128887 0.3536338 0.13565616 0.031036286 0.15219207 -0.14648607 0.21488477 -0.063494295 0.030147335 0.028082864 0.050458666 0.052973423 -0.21822958 -0.08156071 0.2994212 -0.17358914 -0.008600139 0.41526762 -0.16615626 0.21710356 -0.0010369117 0.087542385
IRN 0.2707468 -0.39313817 0.2755103 0.19760108 0.11119369 -0.10819923 0.12514201 -0.19217816 -0.03416844 -0.044266555 0.2518838 0.09365111 -0.22140445 -0.09916099 0.2306397 0.2745872 -0.1996842 0.025464563 -0.13888258 0.048207927 0.015043955 0.519744 -0.2789403 -0.27389485 -0.38428962 0.15715016 0.107217334 0.22390099 0.033115745 -0.2189269 -0.23375143 -0.0688563 0.17193419 0.14226978 0.010693639 0.14536351 0.120635316 -0.1995908 0.15030347 -0.0023154395 0.100905314 -0.06984327 0.12565562 -0.036656957 0.18608318 0.21475887 -0.109112985 0.017682267 0.03140886 0.078016065 -0.01727836 -0.016832741 0.036635824 -0.07237425 0.073684774 0.072767645 0.41955164 -0.13101912 -0.054989226 0.008771904 0.09580338 -0.033634193 -0.073578306 0.21531865 0.09615499 -0.102759115 0.14056805 0.34703666 -0.113130756 -0.014727217 0.09290595 0.028082795 -0.56678724 -0.16253772 0.092959836 -0.1324171 0.084070675 -0.2342094 0.04939458 0.030321985 -0.16057298 -0.19402145 0.38763434 0.20261256 0.24273683 0.19062893 -0.044539552 -0.096842125 0.029818948 0.12792899 0.061961334 0.019701537 0.25811893 0.069544196 0.034299437 0.22880188 -0.0935014 -0.0019308156 -0.20923758 -0.22034822 0.14429148 0.076741666 -0.09490286 0.20729923 0.12735471 -0.08405052 0.05444262 0.05624596 -0.11831781 -0.25872347 0.12361703 0.14224783 0.111492604 0.08906857 -0.12585805 -0.18565129 0.030324832 -0.06603919 0.016257662 -0.15770167 -0.28351825 -0.0786134 0.022229612 0.029292561 0.045251384 0.2047584 0.34127864 0.015309694
LTU 0.22955409 -0.28824624 -0.011844742 0.24866843 -0.014005252 -0.015156466 -0.010666473 0.23301996 -0.07579216 0.21056765 0.29530072 0.048564497 -0.29588863 0.047407243 0.16550575 0.021302521 -0.09586691 -0.04660537 -0.053675808 -0.080572456 -0.049249403 0.24866475 -0.13296023 -0.26432452 -0.24836269 0.028214997 0.031770043 0.24219033 -0.09182388 -0.24665879 -0.0025835263 -0.114038944 0.1317219 -0.061515324 0.12645276 0.04530893 0.12719586 -0.12211367 0.050659284 -0.1121555 -0.20327337 -0.034107406 -0.06923724 -0.03262958 0.19122891 -0.072977565 -0.23158064 0.29071134 0.088863276 0.13016342 0.042888764 -0.080792665 -0.03466934 0.09479218 0.29468825 0.12981711 0.31284454 -0.0047337506 -0.043736134 0.18999164 0.03949302 4.1369625e-05 0.15863907 0.027514888 -0.096507594 -0.02285588 0.00038176606 0.04180322 0.09136782 0.05654641 0.20077378 0.060234852 -0.17887732 -0.51307005 0.26539004 -0.16160177 0.12566708 0.13673066 -0.050629713 0.15897827 -0.007552596 0.011078908 0.13010553 0.20229217 -0.11257043 0.23383227 0.24534433 -0.057011656 0.087059334 0.18311778 -0.045407526 -0.07502856 0.12082428 0.08969957 0.26587102 0.11994124 -0.007427348 -0.041744012 -0.09868467 -0.08294221 0.1697903 -0.119656816 0.097341776 0.23091061 0.065317355 -0.03382276 0.09958204 -0.012773039 0.057374448 -0.29849085 0.10721969 -0.018277908 0.059101902 0.02619265 -0.28686163 -0.094000526 0.20574117 0.1532426 -0.07746904 0.21480417 -0.2693221 -0.04282362 -0.10117488 -0.049177345 0.13819595 0.17374139 0.007477705 0.022983091
POL 0.0019533786 -0.43101874 0.08046882 -0.06845386 0.07110594 -0.26304147 0.17774211 0.19536111 0.106031254 -0.15476747 0.14522353 -0.066151194 -0.110384904 0.11362344 0.13968907 0.03695947 -0.104037486 0.14313614 0.016759282 -0.106420115 0.080642015 0.16127528 -0.16993226 -0.10842161 -0.3007123 0.1032409 -0.18604605 0.2783133 0.23969418 -0.34441355 -0.06480542 -0.055584624 0.14762542 0.14602228 0.103375435 -0.10370367 0.112726204 0.020013174 -0.07652488 -0.02105706 -0.22385676 -0.031500887 0.07828902 0.0049082055 0.10677546 -0.21882127 -0.31720096 0.048450615 0.31240988 -0.17212178 0.09843049 -0.039423317 0.028350404 0.20562069 0.06839367 0.24866685 0.24267131 0.031777132 -0.09115803 0.051866636 -0.02456313 -0.028425844 0.20612697 -0.20670065 0.15300272 0.22232354 -0.16535099 0.0474042 0.07339647 0.084330775 0.07821862 0.16737773 -0.113598384 -0.29472515 0.25980458 -0.16607489 0.12640937 0.024751645 0.18256769 0.13182183 0.0045379084 -0.14280894 0.01068235 0.283369 0.26867464 0.11609454 0.27185512 -0.21646944 -0.14676403 0.30407655 0.008821908 -0.09880504 0.28853172 -0.13321365 0.1965217 0.037266273 -0.06791309 -0.1352949 -0.081796005 -0.07700969 -0.1168791 -0.2619389 0.116769426 -0.11179472 0.06145107 -0.03938052 -0.12871258 0.14532408 0.13028306 -0.19102769 0.03938693 -0.07929429 0.088710316 -0.10696197 -0.09081113 0.057479836 0.23016578 0.14547063 -0.1710848 -0.062412538 -0.16974361 -0.10276442 0.01547684 0.11212719 0.010605252 0.34927508 0.019326348 0.08613264
CAN 0.12087616 -0.28576225 0.30639184 0.07747572 0.21892218 -0.054727565 0.045005266 0.03526414 -0.15850985 0.36731246 0.1324821 -0.25730944 -0.04305581 0.06799591 0.11230271 -0.016945127 -0.1899363 0.09961011 -0.034312636 0.0577877 0.29410797 0.03441242 -0.030523146 0.007906955 -0.15202887 -0.06759674 -0.051543396 0.2590386 0.22157602 -0.20650929 0.10798672 0.010374726 0.030112566 0.054246493 -0.081394486 -0.15207747 -0.0729629 -0.1086296 0.0314238 0.06043008 -0.1526165 -0.026276 -0.052831806 -0.044098973 -0.08728833 0.17501302 -0.11347216 0.24364413 -0.15201475 0.022578193 0.3115885 0.15203542 0.039457094 -0.097325414 0.01766381 0.14201187 0.38001946 -0.17973329 0.111375526 0.08986069 -0.08632744 -0.26277786 0.17013757 0.027998852 0.22498453 -0.11045117 -0.09990016 0.107205026 -0.050807014 0.17008668 -0.13599817 0.07188695 -0.4728754 0.023920763 0.13721707 -0.40581223 -0.165116 -0.016982736 -0.047148407 0.029614652 -0.045397665 -0.068838134 0.17413385 0.26687288 0.39035186 0.1859912 0.1557568 -0.18735112 -0.07865506 0.08641355 -0.08245468 0.051617607 0.31109673 0.073060475 0.36559597 0.18508443 -0.08735802 -0.006174738 -0.05862829 -0.0056198705 0.033503745 0.08293202 0.11901948 -0.2472087 0.027771456 -0.25096366 -0.06759889 0.1373813 0.0760189 -0.13890585 0.17854507 -0.022217745 0.064987496 0.03391163 0.058259178 0.17302555 0.065813944 0.17907064 -0.18705691 -0.1564103 0.007749557 -0.20185046 0.07248503 0.14425947 -0.13127045 0.032153383 -0.100264326 0.036852963
TTO -0.23018616 -0.12420757 -0.044205166 -0.021748437 -0.15270047 -0.23980604 -0.0645633 -0.08172151 -0.041763715 -0.05206465 0.017683811 0.1536936 -0.34279558 -0.031195968 -0.11171079 0.21006548 -0.053529013 -0.053667117 -0.20388117 -0.13076656 0.13311794 0.09567426 0.22342184 -0.27722234 -0.20323844 -0.094943285 -0.32023126 0.16587536 0.013909393 -0.1359062 -0.025605798 -0.1942036 0.2699802 0.17091191 0.1691463 0.24858749 0.26610374 -0.13454355 0.049150825 -0.09152326 -0.040494043 0.24152172 -0.18234423 -0.23059295 0.48339027 0.25870052 -0.37562242 -0.043671854 0.23013943 0.069989786 -0.19041331 -0.05749409 0.09711889 0.053855907 0.05453094 -0.113552995 0.19337502 0.22538811 -0.28630573 -0.06406537 -0.10994867 -0.05811338 0.04910391 -0.11140525 0.112032935 0.053081363 -0.105926044 -0.35228404 0.095823385 -0.26090652 0.21013372 -0.046563484 -0.19890505 -0.1999024 -0.06703315 -0.22030197 0.001088338 0.04500996 -0.033557493 0.19746384 -0.035797942 -0.006267129 0.27486944 0.25102502 0.035719823 0.28380427 0.22194558 -0.1363334 -0.0075853136 0.17798318 0.112434596 -0.13912131 0.06966022 -0.08645182 0.41976318 0.17141595 -0.074198894 -0.026062494 -0.14563486 0.009640504 -0.20465389 0.2343286 -0.18894154 0.11230976 0.0736293 -0.24837564 0.095828235 0.3681026 0.1529171 -0.13046826 -0.069541864 -0.019402362 0.043068133 0.15973714 -0.121498495 -0.08248891 -0.01828468 0.12962066 0.022264175 0.067296386 -0.13542768 -0.28025776 -0.13073765 -0.1344533 -0.01382624 0.16848463 -0.14064236 0.00896414
GRC 0.17331415 -0.29817837 0.22795822 0.07585323 0.23576353 0.18551776 0.12286521 -0.086837836 -0.053118076 0.17363156 0.13160248 -0.1625785 -0.2574036 0.12643261 0.07981351 0.073886484 -0.120169036 -0.11341662 -0.012226307 -0.28431416 -0.07938423 0.05820416 -0.003630427 -0.23203008 -0.044893958 -0.067574285 0.035802845 0.12677296 0.028786045 -0.097282805 0.086563975 -0.024280738 0.15875107 0.07731983 0.16975749 -0.015697222 0.16320102 0.018149327 0.15741254 -0.02138479 -0.3048559 0.07875559 0.023389457 -0.17283687 0.18418428 -0.06512851 -0.20521371 0.118167855 0.30355778 0.021847438 -0.04742469 0.021485342 -0.064523414 0.17100085 0.0638978 0.2741541 0.31717542 0.11696347 -0.10442019 0.12312704 -0.03350938 -0.1010141 0.23369569 -0.0007614514 0.045381535 -0.0066423495 -0.08684621 0.019771088 0.028485792 0.1011561 0.14544594 0.24099526 -0.20268314 -0.13108647 0.280581 -0.49869588 -0.15322815 -0.029549308 0.06365807 0.16915679 -0.078659065 -0.009231171 0.028964568 0.1599666 -0.044262536 0.18905085 0.22535533 -0.13009249 -0.22148657 0.34790057 0.12091053 -0.021199096 0.09168619 0.11194235 0.32989645 0.21965767 -0.15169893 0.07662905 -0.28300408 -0.14219591 0.09876359 0.08894306 0.009033713 -0.21721981 0.20256795 -0.139566 -0.010466744 0.19005789 0.14123201 -0.19043605 0.26861146 -0.26633412 0.05113193 -0.03681012 -0.120860055 0.025950871 0.15834214 0.17740622 -0.07481546 0.032201122 -0.080887824 -0.082655296 0.12119387 0.12034246 0.122524895 0.2860767 -0.09290856 0.24688978
NAM 0.018591473 -0.1309341 0.1787376 0.031743232 0.1118972 -0.036484703 -0.09724447 0.113255516 -0.08430774 0.09394513 0.32670155 0.21994813 -0.25543424 0.110800914 0.22786011 -0.091870695 -0.06733635 0.16475649 0.02689906 0.2371065 0.00882116 -0.033705357 0.03854984 -0.17514634 -0.44040883 -0.17036778 -0.058230318 0.1293202 0.046279877 -0.09913416 0.08529037 0.105395846 0.1739793 0.096851595 0.16790643 0.12193152 0.29164568 -0.19242093 -0.078956924 0.20158587 0.10955656 0.17318492 -0.085959 -0.13535576 0.16562913 0.15037236 -0.41313842 0.26020008 0.13573015 0.11969246 -0.022974577 0.17737463 -0.019771527 0.11353677 -0.087084495 0.14254904 0.3122699 0.079518884 0.092771694 -0.15459263 -0.14196159 -0.030636145 0.13833828 -0.1694901 0.2856964 0.09341743 0.04856318 0.07660453 0.10976732 -0.13561936 0.15027572 0.072267726 -0.27004284 -0.38168997 0.15777539 -0.13862549 -0.037291426 0.002480401 -0.15264763 0.19660248 0.0517392 -0.12187708 0.07567802 0.12642759 0.21943693 0.053965617 0.029011896 -0.118471235 -0.2176911 0.1006345 0.07337806 -0.08466279 -0.03155807 0.020546209 0.06608761 0.029703652 -0.18885279 -0.069071986 0.103468955 -0.003103905 -0.24257655 -0.040017266 -0.15060893 -0.08197292 0.17000572 -0.080760345 0.033573806 0.15287894 -0.06509921 -0.0066205105 -0.15392372 -0.023627385 0.11256756 0.009969924 -0.064862154 0.07228956 -0.020252785 0.09628984 0.18340842 0.18813664 -0.08445472 -0.10524929 0.11157701 0.0628504 -0.0617727 0.14008653 0.06804544 0.14286524
TUR 0.030458871 -0.3300979 0.052398227 -0.043236483 0.03983415 -0.077954814 0.0451812 0.14750329 0.09682506 0.040175244 0.15766276 -0.11985419 -0.28322557 0.073421836 0.09350332 -0.0068285367 -0.02586175 0.031105625 0.06593547 -0.08055133 0.06339204 -0.08941316 -0.1271754 -0.07230742 -0.28298393 0.009933498 -0.17478143 0.21526448 0.10682091 -0.2434007 0.052177496 0.0051406734 0.12152903 0.11743391 0.23976196 -0.11544521 0.109231606 -0.11213876 -0.09429497 0.03783348 -0.30268553 0.12052157 -0.038138896 -0.034813724 0.15813343 -0.16394019 -0.3009976 0.30263156 0.2709043 -0.038665388 -0.091996476 -0.06640064 -0.02988917 0.27420288 0.10608022 0.15588877 0.13695444 0.114996746 -0.17751591 0.027057238 0.0207351 -0.014324067 0.255496 -0.11291212 0.10681822 0.15339321 -0.09317308 -0.010115057 0.16180032 -0.06207454 0.114964485 0.20198767 -0.040400386 -0.28045225 0.21902049 -0.22477907 0.18770339 0.050523885 0.13320528 0.07574137 -0.0076574394 -0.17333233 -0.08161511 0.10307369 0.08423441 0.10230116 0.31491575 -0.18308839 -0.1597732 0.35213637 0.0260879 -0.099453524 0.13316333 -0.0033634626 0.25913376 -0.0109567745 -0.0538218 -0.11788838 0.00051632815 -0.08115296 -0.08663229 -0.26242474 0.07041159 -0.1305361 0.031232921 -0.076504834 -0.078212745 0.2100441 0.25209785 -0.17765427 -0.006012258 -0.25184232 0.12087673 -0.1267153 -0.243987 0.011748619 0.294133 0.2483526 -0.2100808 0.038401473 -0.10746443 -0.15548821 0.036226198 0.089501284 -0.13069333 0.33296096 -0.028945366 0.114762284
CMR 0.09875414 -0.36645046 0.20294678 0.14522707 -0.034555405 -0.3265247 -0.14409485 -0.084204525 -0.0646876 0.063471414 0.20963977 0.16183126 -0.087818556 0.003071464 0.33209282 0.08198241 -0.109677464 0.07217407 -0.11810556 0.15472844 0.19860542 -0.046541084 0.20854272 -0.12095996 0.016394183 -0.032615013 -0.1185829 0.07210762 0.2592465 0.054591063 -0.0337537 -0.12393437 0.1140275 -0.013314447 0.13413529 0.12339411 -0.015279747 -0.0070854696 -0.14161651 -0.30009454 -0.03412372 0.2509246 -0.18551584 -0.087778024 0.19398043 0.18893781 -0.30478725 0.072842024 -0.17274006 0.06465362 0.041195855 -0.10115657 -0.060004152 -0.036064122 -0.04345201 -0.18233168 -0.05425582 -0.03992801 0.039151978 -0.22032343 -0.028241107 -0.10373164 0.15374835 -0.24104428 -0.05084049 -0.06755694 0.025546582 -0.22654231 0.13716997 -0.15876597 -0.20832026 -0.011484842 -0.05246365 -0.12112152 -0.06786372 -0.16641568 0.033430904 0.13493639 -0.25573382 0.29005998 -0.32403487 0.034300357 0.26996723 0.2710865 0.11601797 -0.21213835 0.52832323 -0.25296262 0.2910163 0.043541666 -0.14698114 -0.100067 0.2688589 0.19872873 0.5216807 0.13393798 -0.2279791 -0.03651566 -0.31949392 -0.026097974 -0.19871864 0.05035391 0.023309274 0.09269626 0.1560993 -0.059626713 0.22386922 0.5801875 0.254964 -0.12648946 0.07458153 0.004745412 0.046429764 -0.15830402 -0.22559455 0.2447807 0.24240063 0.16616096 -0.10597173 0.12800688 -0.17710324 -0.08033982 -0.2567878 0.06439017 0.0026245257 -0.148456 -0.22962646 0.19717741
SEN 0.13567671 -0.33231887 0.03778158 0.18439384 -0.0045863143 -0.091245726 -0.16484416 -0.049174845 -0.3794858 -0.037412304 0.08925078 -0.14441419 -0.2732254 -0.014960415 0.0059350394 0.12347818 0.007592903 0.30080605 -0.21359129 -0.021742895 0.2720007 0.06284933 0.093022086 -0.035894047 -0.00644702 -0.1121126 -0.18034068 -0.0006465339 0.1176808 0.062081523 -0.1444246 0.025227614 -0.09881693 0.20793134 -0.096429236 0.26156238 0.005109893 -0.026214095 -0.099162705 -0.31093374 0.09818627 0.27115726 -0.10038428 -0.15921468 0.055767655 0.33868155 -0.08961478 0.11303871 -0.475704 0.03832532 0.3136873 -0.22592254 0.17437685 -0.10977723 -0.11084595 -0.008089689 0.254284 -0.04540961 -0.004769379 -0.11436118 0.0032352717 -0.036609564 0.09887752 -0.2508335 -0.011415119 -0.06755676 -0.0041237706 -0.0030483527 0.051368885 -0.45422345 -0.21848887 -0.11308575 -0.31406546 -0.18321069 -0.3039496 -0.25035948 0.0504103 0.18989941 -0.19297943 0.13272607 -0.27873373 -0.026334805 0.18429126 0.27418408 0.3322418 0.053408958 0.27038756 -0.29795572 0.26052448 -0.09766188 -0.14837322 -0.2570341 0.13680564 0.26508155 0.33174214 0.04391242 0.1414922 -0.1546632 -0.17190318 -0.038393494 -0.340659 0.06505655 -0.023034953 0.35545102 -0.037395682 -0.13447009 0.23292123 0.27923062 -0.087931305 -0.06810626 -0.11837406 -0.30082157 -0.04963567 -0.10460109 -0.21598804 0.07727509 0.17237653 0.24923736 -0.012159009 -0.032889754 -0.2740675 -0.33850354 -0.299788 0.13851672 -0.14366895 -0.0048259967 -0.32185608 0.17945711
LBN 0.16341038 -0.3678068 0.1491675 0.10781882 0.07549538 0.25429016 -0.09258906 0.035598185 -0.1223978 0.117487006 0.034484018 -0.19574435 -0.5828106 0.061441556 0.09003067 -0.045946874 -0.10067139 0.009853174 -0.20914748 -0.08548659 0.015661718 0.14602609 -0.20678605 0.120273806 -0.22569127 -0.18792008 -0.042861532 0.17126712 0.08406716 -0.2146866 0.12027387 -0.07916467 0.17655158 0.31758717 0.2865206 0.16048588 -0.037829068 -0.30750355 0.097954735 0.22066183 -0.1359036 0.10831515 -0.051564407 -0.26546785 0.2961861 0.2538952 -0.061704393 0.5778108 -0.27734637 0.02039528 0.13893782 -0.073636375 0.045438528 -0.0387349 -0.045586824 0.055963837 0.22152156 -0.12869221 -0.013026536 -0.03739045 -0.0047620796 -0.0069834483 0.0767352 0.19597432 0.18727136 0.023337115 0.058483046 0.15427423 0.029368758 -0.23659289 0.077885486 0.079654954 -0.32711244 0.10618767 0.004893854 -0.24436393 0.10364055 -0.20900476 -0.0016302357 0.0027389266 0.0519592 -0.18724358 0.17624325 0.04720031 0.03678637 0.19970746 -0.019315321 -0.1640922 -0.004984493 0.023866177 0.24374744 -0.096100986 0.069531985 0.0942514 0.19287877 0.092604786 -0.0766073 -0.12920104 -0.103022784 -0.10673652 0.052142464 0.08207926 0.09179756 0.0069166734 -0.06611365 -0.27557474 0.042097338 0.096239656 -0.1395696 -0.07964187 -0.053005245 -0.27763954 0.1720469 0.1554372 0.028948696 -0.14941579 0.14871442 0.118833095 -0.17075104 -0.13442491 -0.123428784 -0.27397668 -0.14923385 0.24440722 -0.20419209 0.36281428 0.06639979 0.16371852
CZE 0.053858157 -0.28906617 0.006210777 0.046639495 -0.002232547 -0.10523314 0.08456171 0.08596586 0.050694533 -0.0619971 0.301612 0.06028822 -0.2271142 0.050558217 0.13348047 0.09595195 -0.10861972 0.031853028 0.0607895 -0.07390648 0.011343803 0.06702039 -0.0017620211 -0.29040992 -0.3082834 0.094293185 -0.118602864 0.17832674 0.05797641 -0.22422017 -0.09762886 -0.061279092 0.19010612 0.09588568 0.16215123 -0.009782946 0.26320094 -0.07910059 0.043875653 -0.048280805 -0.2864514 0.092075154 0.021039393 -0.08809146 0.17967096 -0.1587635 -0.36904132 0.13129911 0.29187134 0.01148253 -0.047330588 -0.108517095 -0.117228255 0.35804147 0.17194466 0.12210601 0.27028728 0.081589825 -0.17663433 0.02336058 0.09664246 -0.025130238 0.20168725 -0.11745166 -0.025714163 0.050553374 -0.030029861 0.15277435 0.06966659 -0.014729076 0.15141006 0.13196824 -0.11587017 -0.4473616 0.22208616 -0.17061433 0.2072958 0.051723078 0.059891917 0.16301104 -0.10689967 0.0021169959 0.030047271 0.13570528 0.031975996 0.0676033 0.2636925 -0.26538014 -0.07016242 0.3531025 -0.015959568 -0.087540925 0.15980789 -0.071592204 0.24590619 -0.0024969925 -0.08248946 0.00021083039 -0.10995553 -0.07224599 0.020257011 -0.19223902 -0.006834271 0.08143528 0.05200691 -0.056702524 0.030075261 0.18648987 0.20105311 -0.30344158 0.04892035 -0.17230739 -0.018494261 -0.059063654 -0.33798108 -0.046326295 0.29134086 0.20021965 -0.03189499 0.11594582 -0.275947 -0.08765536 0.07132142 0.026887184 0.09569156 0.26459467 -0.06918419 0.0628029
CHE 0.16384187 -0.2950718 0.06656619 0.09454308 -0.08099917 -0.040099483 -0.03860837 -0.03359869 -0.039779603 0.1770363 0.17181818 -0.0075824894 -0.18633525 0.028527237 0.1711939 0.07780059 -0.15975639 0.110463426 -0.05813325 -0.028145932 0.104669735 -0.035597626 0.013299203 -0.23910058 -0.019281395 0.06418236 -0.051812477 0.084424764 0.1562095 -0.09194062 -0.05308891 -0.06733064 -0.028636198 -0.052905314 0.0010191643 -0.010670102 0.05895505 0.09715669 -0.11591202 -0.2320389 -0.30959404 0.1671404 -0.14759251 0.027553659 0.08790995 0.009535334 -0.061450277 0.20028314 -0.21587004 0.115113795 0.018299263 -0.088446595 -0.08209417 0.09097896 0.16213231 0.092886426 0.16811456 -0.02289445 -0.0644005 -0.052248027 0.041972317 -0.035671365 0.25178006 -0.15576282 -0.047139443 -0.13170305 0.042918198 -0.10436265 0.08099157 -0.06454251 -0.049724538 0.10527214 -0.104823105 -0.33171183 -0.062330287 -0.19417343 0.038135465 0.17667328 -0.06452618 0.101518705 -0.26175392 -0.008135981 0.05638366 0.19366531 -0.086371794 -0.040040858 0.38708282 -0.2527491 0.21633191 0.15319175 -0.13405634 -0.11219358 0.12287626 0.23199953 0.43421656 0.14408915 -0.07949835 0.00075207424 -0.2402775 0.05814322 0.06937761 -0.036440205 0.0688711 0.13891074 0.09926362 0.063363776 0.21598524 0.3352334 0.1985628 -0.20237163 0.23496196 -0.1748246 -0.018213838 -0.08255726 -0.27418187 0.07955719 0.23629698 0.2964095 -0.17254592 0.16405055 -0.14123118 -0.0900184 -0.17988381 0.07457325 0.02390385 -0.012292813 -0.27447462 0.17024425
BRN 0.26623854 -0.39302388 0.14069462 0.1377894 0.14943923 0.012960765 -0.06963629 0.0892339 -0.15791804 0.060324933 -0.010838319 0.018230997 -0.17355596 0.004967633 0.09470663 0.08787113 0.06499957 0.12259005 -0.0879769 0.05566998 -0.07682069 0.10205771 -0.24226843 -0.043362986 -0.22517397 0.15189646 0.10800455 0.10034219 -0.06914872 -0.1502584 -0.101079695 0.25199696 0.16374968 0.20431106 0.17920841 0.18022458 0.030899981 -0.20227034 -0.01846785 0.051501017 0.22666688 -0.073718965 -0.10566083 0.06344389 0.04400404 0.13323137 -0.3153713 0.34721595 -0.008208688 -0.08593248 0.14683473 -0.1232713 0.2594423 0.062621996 0.008789663 0.23580688 0.28229615 0.20387425 0.045668326 0.00459831 -0.0774689 -0.02394884 0.1545427 0.072821595 0.10899754 0.013499502 -0.0992299 0.28192613 -0.060095347 -0.21508455 0.067722686 -0.044339 -0.124959856 -0.26660228 0.14233692 -0.12874174 -0.10081838 -0.12400494 -0.04221004 0.00038538838 0.090416394 -0.30719915 0.04364952 0.34850007 0.22924326 0.10328981 0.20390207 0.077947944 0.044526774 0.10325042 0.08089876 0.0076231915 0.22658339 0.1751933 0.08873496 -0.07721495 -0.17776266 -0.17511651 -0.06586206 -0.14565486 -0.12611029 -0.18366319 -0.032452334 0.13743514 0.23410413 -0.17470333 -0.0029597124 0.24962072 0.07581932 0.21343331 -0.07041824 -0.26861468 0.2306896 -0.24068218 -0.2102857 -0.092254855 0.05907516 0.02184308 0.07224942 -0.13478698 0.19312087 -0.16744152 0.06930846 0.27932534 -0.33387002 0.104259275 0.21867882 -0.049125675
LVA 0.29057217 -0.26975846 0.0034410264 0.22017142 -0.0006386149 -0.027110735 -0.015802527 0.23187931 -0.008411134 0.26186544 0.21459031 0.056266423 -0.24287912 0.11158473 0.2726287 -0.028852405 -0.12062182 0.019695483 0.059559807 -0.1028666 -0.1052836 0.22183205 -0.087596886 -0.32015684 -0.21907541 0.08931679 0.066687115 0.2048618 -0.10005788 -0.2839407 0.020547358 -0.15929867 0.076465756 -0.09389249 0.20325981 0.008269754 0.1416229 -0.042639576 0.006723855 -0.1794629 -0.27409992 0.011139816 -0.07783447 0.0010924527 0.13719822 -0.093626544 -0.29014096 0.35436738 0.22722909 0.1094335 0.04943848 -0.063387595 -0.07177792 0.19030295 0.2855703 0.10832011 0.26604927 0.09902163 -0.016627561 0.073333696 0.019487351 -0.077442534 0.21975198 -0.065703064 -0.084132 -0.04062338 -0.017258408 0.054405794 0.065636784 0.079359755 0.12658136 0.115919076 -0.06964384 -0.54804075 0.294037 -0.132933 0.07306824 0.11619793 -0.079134054 0.18975575 0.032377336 0.11558646 0.07918414 0.21831675 -0.21130116 0.10999646 0.34599528 -0.08715256 0.018478647 0.20187965 0.021969974 -0.11180921 0.15810323 0.15324402 0.3730117 0.08079232 -0.08737438 -0.0049189404 -0.098090366 -0.102593884 0.09684507 -0.20009091 0.12808189 0.26687354 0.21124206 -0.036352593 0.16365758 0.17657748 0.14653684 -0.3219018 0.17062163 -0.06132366 0.03927552 -0.054756578 -0.38159773 -0.09799688 0.27289614 0.18800198 -0.042170018 0.28127685 -0.12743367 0.028809803 -0.04518526 0.014203492 0.15624084 0.065199405 -0.039977405 0.07388805
BWA 0.12639526 -0.028645977 0.2112024 0.091488175 0.07280344 0.08392461 -0.21690863 0.028647933 -0.22148328 0.004594178 0.30272454 0.22977592 -0.1103532 0.05096483 0.25278413 -0.021763084 0.04636499 0.25737223 0.043429628 0.19525716 0.0034220945 0.031615954 0.07116936 -0.16209385 -0.43411016 -0.19521336 -0.006703227 -0.007941316 0.070334874 -0.08896334 0.037806075 0.14634424 0.061000116 0.17657274 0.17281073 0.23594005 0.26092762 -0.1348247 0.046976253 0.22290121 0.17880046 0.1602412 0.15728037 -0.14247155 0.060501248 0.13348852 -0.32865098 0.20712203 -0.0020610292 0.085402116 0.118535176 0.03141284 -0.048403002 0.11843036 -0.113365486 0.08283904 0.41404387 0.046980567 0.13391604 -0.24754374 -0.14168811 -0.067077555 0.005612466 -0.12654963 0.2255907 -0.053435337 0.111018084 0.32847977 0.03190946 -0.34087354 0.0580692 0.06767836 -0.34485897 -0.3481089 0.15973696 -0.17293048 0.07046224 -0.05184335 -0.21734871 0.22976121 -0.058322843 -0.18070152 0.20044541 0.17511518 0.3379316 0.0031040553 0.03925311 -0.19513872 -0.14553006 0.059260655 0.039582066 -0.089678735 0.049574837 0.14244089 0.16892928 -0.012541796 -0.1846891 -0.017730728 0.005189404 -0.095728576 -0.28631753 -0.014163016 -0.17650005 0.08974653 0.17585433 -0.15793538 0.18116775 0.27334073 -0.19368896 0.052042685 -0.23340495 -0.099082164 0.16990837 -0.075441994 -0.15238523 0.052388053 0.1188537 0.12383023 0.30639294 0.08768499 -0.052164953 -0.111427784 0.11414094 0.1601199 -0.13082527 0.15741281 0.09738958 0.15941903
KEN -0.020255264 -0.41448784 0.24023327 0.10660905 0.016898975 -0.24740481 0.042762786 0.0769141 -0.08995506 -0.098463096 0.39744782 0.31138495 -0.34815723 0.13274229 0.25079635 -0.040732145 -0.06089749 0.09975305 0.08643323 0.32544476 0.036523655 0.025660664 0.011363979 -0.05009296 -0.39420617 -0.23053645 0.0045433226 0.12302553 0.076256946 0.0862639 0.25531808 0.05137753 0.46869233 0.2615642 0.20729657 0.26758122 0.24954852 -0.31638306 -0.32382163 0.17208634 0.19636968 0.35399997 -0.36166123 -0.1863731 0.4226051 0.31674582 -0.6578121 0.24316148 0.010519155 0.103146814 0.004888746 0.1579764 0.07430662 -0.12126993 -0.17979212 0.0665946 0.1955752 0.06667055 0.08589258 -0.20186402 -0.23741461 -0.023185918 0.120258704 -0.24634746 0.2679713 0.18636273 -0.08623581 -0.27834576 0.09105559 -0.09192351 0.07887906 0.02406023 -0.22309317 -0.34055963 0.060414102 0.01193736 -0.02198921 0.020661902 -0.28702733 0.22000152 0.0095495535 -0.12903282 0.23667261 0.112307005 0.37067738 -0.13177304 -0.0031984812 -0.13080345 -0.1634965 -0.013014315 0.05485214 -0.20254411 0.101913616 0.072292306 0.11666311 0.16838199 -0.3357513 -0.11163272 0.10894997 0.061130814 -0.26013127 -0.010942192 -0.20658518 -0.0775097 0.24494945 -0.08921939 0.042270716 0.19042361 -0.009301419 -0.06801704 -0.20797992 0.12733226 0.14937718 0.16021061 -0.014656455 0.10654834 -0.20372634 -0.095365 0.06264822 0.20285192 -0.11252206 -0.023030844 0.1333004 -0.0012593253 0.1334139 0.032338247 0.22381991 0.12985812
ARG 0.18104179 -0.38987112 0.17922063 0.044397518 0.08998092 -0.06135622 -0.124269605 -0.07581952 -0.21851115 0.27139282 0.070246994 -0.03361186 -0.36490253 -0.014351578 -0.020351438 0.20720668 -0.09112205 0.06536615 -0.2064895 -0.022073586 0.12062577 -0.09445339 0.26143566 -0.20347235 0.03180909 -0.039418593 -0.23915122 0.11038202 0.055117935 -0.12795697 0.058956657 0.020961698 0.06336448 0.03600174 -0.1125882 -0.031565633 0.107411675 0.0027842734 -0.028004905 -0.1699185 -0.08222502 0.250603 -0.17735638 -0.14107598 0.1881766 0.15404673 -0.1472238 0.1073615 -0.15331252 0.11647257 -0.07784595 -0.03485439 0.13676858 -0.08413695 -0.09480428 -0.026052212 0.117515296 -0.075969584 -0.025778718 -0.0036877918 0.011786426 -0.1023927 0.06392121 0.09932457 0.14423849 -0.1410054 0.0044089477 -0.28194734 0.16286278 -0.17516035 -0.09996215 -0.108234674 -0.17022711 0.06741402 -0.29586387 -0.35721594 -0.27929854 0.115284756 -0.026899844 0.12241247 -0.23103356 -0.19697495 0.0376445 0.28314355 0.12417501 0.17945848 0.30719212 -0.065731 0.17509319 0.018243695 -0.050774157 -0.027277408 0.012898725 0.10247467 0.38130173 0.24570097 0.051757988 -0.061870765 -0.16606306 -0.005613806 -0.014529654 0.2262114 -0.2255176 -0.055515572 0.005850424 -0.21690436 0.16896176 0.510321 0.2919518 -0.0023068446 0.23554991 -0.15517563 0.011741552 -0.0356769 0.01019916 0.054641247 0.11943891 0.32928276 -0.10244392 -0.01568013 -0.14897728 -0.36981577 -0.24469161 0.014472793 -0.39521068 -0.048568085 -0.29794765 0.16708161
GMB 0.1209243 -0.17125002 0.010671753 0.054264963 0.025381833 0.04763708 -0.10231731 -0.004823055 -0.18907759 -0.14003555 -0.006286546 -0.15756273 -0.2310243 0.09205235 0.0038314085 0.04588573 -0.022645429 0.28367105 -0.14479841 -0.1508444 0.22287709 0.19299412 -0.04368752 -0.06536132 -0.1102666 -0.0708286 -0.11773793 0.033138305 0.11345041 -0.098451726 -0.17430787 -0.051004697 -0.0994034 0.24243355 0.04023381 0.26270834 0.054204267 0.0035195209 0.047849443 -0.19543077 0.06072712 0.1496472 0.033171307 -0.124622196 0.07786362 0.23726128 -0.058754306 0.117584 -0.21255486 -0.05330653 0.30496073 -0.18705249 0.11889279 0.036294535 -0.04202636 0.1062168 0.34188542 0.058035463 -0.12939885 -0.11580519 -0.07363956 -0.03372511 0.08024592 -0.18070017 0.064309 0.0034121382 -0.0064423913 0.15369354 -0.080284595 -0.38068432 -0.044265386 0.036331404 -0.29424626 -0.23710987 -0.11016349 -0.23684178 0.06802303 0.053692944 -0.08192465 0.11361533 -0.12681656 -0.04383168 0.1637471 0.255532 0.2685356 0.17614053 0.16357604 -0.29704946 0.02852662 0.047815546 -0.018435575 -0.2328054 0.09347465 0.19315222 0.28239092 -0.016769404 0.116422586 -0.13635576 -0.21683404 -0.09939318 -0.29219028 -0.032480486 0.01887549 0.33055586 0.0069181854 -0.13536374 0.18874724 0.14182954 -0.2264572 -0.015566188 -0.15503944 -0.31246522 -0.011709478 -0.101045765 -0.17744339 0.013348087 0.15604243 0.21011482 0.06788357 -0.111715496 -0.1445672 -0.2311235 -0.18531506 0.1655935 -0.037295848 0.14269882 -0.2085405 0.13569838
COD -0.122439995 -0.5286011 0.27890587 0.105863184 -0.04748228 -0.32051197 0.03627191 -0.04242095 -0.02867108 -0.14431913 0.2917489 0.24374928 -0.38052934 0.14237724 0.0792753 0.17241402 -0.048680894 0.036601312 -0.057914644 0.10966447 0.031904638 0.19862707 0.068029806 -0.04359968 -0.24173371 -0.22484465 -0.010700618 0.13502187 0.09214987 0.06934402 0.097473994 -0.1078682 0.58574677 0.28345308 0.22260226 0.33375484 0.29159242 -0.15825745 -0.1133079 -0.045244087 0.07585209 0.31199574 -0.28125763 -0.27678832 0.4876572 0.37876976 -0.59128004 -0.05462014 0.16839638 0.08657501 -0.055773668 0.11361462 0.09112836 -0.0888529 -0.118396975 0.009345699 0.091872044 0.13831492 -0.009777857 -0.10002504 -0.17958134 0.0018320378 0.08352966 -0.12994996 0.17068465 0.17968474 -0.17119224 -0.3404314 -0.03516931 0.016054286 0.088552415 -0.031074531 -0.22475605 -0.09264939 0.060540654 -0.004624096 -0.08398342 -0.03287365 -0.23986462 0.21988815 -0.026057858 -0.06992849 0.3225822 0.25608858 0.25231123 -0.009289725 0.03401377 -0.12861027 -0.09895485 0.029984862 0.09682187 -0.18714014 0.13933133 -0.012968439 0.24628146 0.29318815 -0.31544223 -0.043902636 -0.090479866 0.0030613 -0.18661623 0.12772489 -0.18250357 -0.05380445 0.19156954 -0.0825711 0.0010449778 0.20517197 0.019269533 -0.08620959 -0.101404674 0.10054833 0.06953974 0.266988 0.014445666 0.06868133 -0.22149669 -0.15331535 -0.005626167 0.14847507 -0.08137693 -0.016535254 0.10658785 -0.088971175 0.27912042 0.016026022 0.19082245 0.030451303
LKA 0.27893865 -0.44574538 0.2381425 -0.03974801 0.3274193 0.023670273 0.21265577 -0.0014055434 -0.045546677 -0.10020518 -0.21138328 0.11951158 -0.30166498 0.031216336 0.340008 -0.04946937 -0.37571245 0.23132564 -0.21460544 -0.043463107 -0.16621076 0.4989865 -0.1438095 -0.36177486 -0.23464234 0.24561884 0.1492847 0.3828552 0.22978035 -0.23896368 -0.12452592 -0.09876811 0.079267524 0.25733837 -0.11779937 0.10123781 -0.0013243997 -0.1766723 0.006022396 0.029971695 -0.0050355983 -0.25853336 -0.02287331 -0.06907405 0.027183136 0.14824219 -0.084518954 0.16180424 -0.013029009 -0.13470371 0.13792522 -0.009435338 0.13050734 -0.039767202 -0.1888948 0.35529634 0.47508413 -0.023985596 0.23361383 -0.269008 -0.058790147 -0.14780883 0.18463854 0.055543087 0.27037135 0.10096634 0.016562114 0.38919768 -0.071922526 0.027877832 0.038884632 -0.002822765 -0.3758732 -0.14913349 -0.08616739 -0.11054943 -0.14125949 -0.2364335 0.09950119 0.0057915836 0.039410353 0.040304985 0.15798503 0.3281577 0.08963814 0.06160044 0.08613417 -0.21971357 0.019609336 0.1148116 0.15192538 -0.043841816 0.2668725 0.04258725 0.028991168 0.19854705 -0.16745922 0.07050332 -0.045857005 -0.22190906 0.22912998 0.08002686 -0.03134096 -0.035823442 0.35156947 -0.0064348443 -0.09594565 0.30916545 -0.083995 -0.23120552 0.3342347 0.022006914 0.09550357 0.045810148 0.080986224 -0.13639653 -0.00087351864 0.07468631 0.17679682 -0.20830789 -0.1669287 -0.30083135 0.056406662 0.41777325 0.06115412 0.29359654 0.06595877 0.35394153
GTM 0.18099155 -0.39268675 0.28702015 0.040582046 0.14751361 -0.23993303 0.21347629 -0.1766917 -0.0680297 0.2289508 0.03904211 -0.031746443 -0.05537804 0.048643313 0.28205788 0.09779947 -0.26491314 0.1941457 -0.04663471 0.108797625 0.2253481 0.21362434 0.033886433 -0.24365559 -0.11968945 0.16421232 -0.059551526 0.17267838 0.29497075 -0.17569643 -0.010559804 -0.03382649 -0.07586321 -0.056850463 -0.16879052 -0.09718903 -0.068247326 0.0840896 -0.16995989 -0.09225911 -0.123295434 -0.010323206 -0.10162423 0.14000732 0.02924508 0.22357932 -0.095005356 0.107347496 -0.10777912 -0.010467819 0.19649297 0.09290301 0.059579663 -0.12123653 -0.017427484 0.047161482 0.35200953 -0.11366547 -0.0049350723 -0.12634148 -0.10101653 -0.21783304 0.15529154 -0.07329849 0.27068934 -0.15318698 -0.0142040495 -0.04242539 -0.014087262 0.17405523 -0.11343295 0.13282217 -0.33252528 -0.17496061 -0.06881531 -0.23111291 -0.26440153 0.051004857 -0.038046688 0.03123468 -0.2138655 -0.02189447 0.18148425 0.33400333 0.27629378 0.04429116 0.20486367 -0.25021103 0.042759977 0.12319611 -0.018217374 0.01193815 0.3468771 0.1045301 0.36985025 0.24878596 -0.07750567 0.10295699 -0.061703485 0.022874435 0.069798425 0.044334836 -0.004266821 -0.059572738 0.11446412 -0.047048323 0.057204098 0.302234 0.10247205 -0.16589904 0.33315295 0.10627234 -0.033672612 0.015699081 -0.0021398042 0.08378671 0.048925012 0.1690725 -0.078678876 -0.013816263 0.09871457 -0.016639328 0.0024604767 0.055684935 0.04027811 -0.0923462 -0.15343998 0.14926706
CIV 0.1811963 -0.33339813 0.058026068 0.016474782 -0.12679537 -0.09124887 -0.050609104 -0.18719071 -0.052113134 0.14718744 -0.081671715 0.029710261 -0.29932588 0.05246469 0.15708327 0.28206286 -0.009462123 0.18087476 -0.07029241 -0.11821886 -0.04079968 0.106248744 0.19667684 -0.37732193 -0.057230093 0.20587625 -0.11467549 -0.04667898 0.095481135 -0.015129494 -0.13525274 -0.045135964 -0.09428064 -0.10248473 0.047997594 0.0029921564 0.1355187 0.19814014 -0.13871178 -0.27226093 -0.029083597 0.12613642 -0.07672713 0.104350656 0.255076 0.16872461 -0.2681571 0.084537625 0.07638972 0.10757559 -0.13396023 -0.106232144 0.042590618 0.12498944 0.028708432 -0.12800944 0.1077572 0.18495943 -0.19248562 -0.13025324 -0.1332131 0.001591731 0.089314185 -0.049615495 0.16389354 -0.13820155 0.034788243 -0.1537298 0.090541735 -0.24099575 0.022168668 0.10567974 -0.07319176 -0.31832907 -0.1930476 -0.113276124 -0.20168813 0.16078727 -0.042513177 0.06028745 -0.26224723 -0.11551171 0.09803673 0.34575668 0.105937265 0.065048665 0.38195542 -0.1379784 0.089615546 0.1337843 0.0021588714 0.032611363 0.18560262 0.18330082 0.49251685 0.24479833 0.0972438 0.11766616 -0.04203136 -0.16420619 -0.06631258 0.02157873 -0.15766707 0.26447052 0.11578095 0.08855869 0.25628003 0.47766703 0.2060419 0.039111715 0.2305056 -0.06951418 -0.06503394 -0.065519 -0.357351 0.010112935 0.17601313 0.27539542 0.115316726 0.25739965 0.119035766 -0.034511365 -0.19992793 -0.07107834 -0.09020464 -0.0036642035 -0.13966447 0.14683051
SDN 0.10443162 -0.2881392 0.12992989 0.13736002 0.10094634 -0.0083716335 0.013411448 -0.00442928 -0.045965854 0.012125126 0.11603155 -0.0052227974 -0.30647346 0.13984844 0.1577992 0.00058691774 -0.19113624 0.13187578 -0.19489029 0.0011951319 0.18988149 0.27678275 -0.20251755 -0.03030013 -0.25157383 -0.026540581 0.014360095 0.109245405 0.19250467 -0.20929696 -0.090415575 -0.032666612 0.116076 0.22823364 0.08149639 0.22783318 0.042620398 -0.10610777 -0.01492567 0.10039224 -0.010449534 0.04866912 -0.08734367 -0.020424178 0.20052944 0.3301835 -0.13215944 0.28976882 -0.27622887 -0.037938144 0.26611122 0.013032353 0.07637658 -0.09477519 0.030570831 0.20806648 0.40259427 -0.031609297 -0.0442612 -0.056865115 -0.09440363 0.0073462105 0.03998671 -0.02212875 0.17759915 -0.031573035 -0.015478034 0.18713567 -0.16232531 -0.1239143 0.11676671 0.062060494 -0.40010127 -0.20672147 0.06920584 -0.12728484 0.06383775 -0.11178769 -0.050893843 0.074730925 -0.011757725 -0.11271921 0.21518941 0.16821522 0.16804203 0.12359253 -0.049484443 -0.20514444 0.014218581 0.0070334566 0.06180778 -0.11780075 0.1582202 0.014243595 0.19198386 0.08287167 -0.047357857 -0.087848745 -0.13971691 0.019761223 -0.08582339 0.044677693 0.08515454 0.104127154 -0.007891818 -0.075428605 0.055236246 -0.018749721 -0.27340633 -0.0136522055 -0.034869198 -0.070613995 0.087040864 0.064453185 -0.015369132 -0.04311909 0.013678625 0.0930982 -0.030188836 -0.10545151 -0.009496728 -0.0767459 -0.056339286 0.16068766 0.032897238 0.23896159 0.02781418 0.06722932
SWE 0.008825078 -0.06341848 -0.07430944 -0.014934144 -0.06328669 -0.028043687 -0.08049588 -0.00959379 -0.09386358 -0.13269754 0.12178646 -0.077733815 -0.2459092 0.07025186 -0.08265896 0.07009638 -0.026705058 0.18121113 -0.0971838 -0.19337846 0.18380305 0.13272399 0.07783809 -0.17282957 -0.1793504 -0.07931003 -0.14976104 0.031299256 0.0629837 -0.10330629 -0.19404387 -0.09711322 0.020378135 0.17263253 0.0754837 0.19886048 0.19657567 0.07849427 0.07129614 -0.17398547 -0.055304054 0.24193843 0.056763224 -0.16302322 0.16125429 0.13430731 -0.19171022 0.016135931 0.053499542 0.053196296 0.07859288 -0.08793297 0.022378413 0.1880485 0.107100904 0.13875173 0.29168317 0.12762462 -0.24437165 -0.02483775 -0.029835116 0.054086708 0.11536165 -0.20264153 0.041554477 0.016325742 -0.012623611 -0.0054052025 0.021360278 -0.30056903 0.10314702 0.094269425 -0.25490767 -0.38420787 -0.051094193 -0.23087776 0.16233318 0.120870255 -0.035523336 0.24384905 -0.14055859 -0.0031410682 0.09597099 0.1880075 0.119048335 0.15054268 0.17860457 -0.25670603 -0.062900886 0.12666701 -0.069539696 -0.26280382 0.021693893 0.10324808 0.34316397 0.047932595 0.08145821 -0.10589847 -0.22479057 -0.10595992 -0.25417945 -0.07575551 -0.053752437 0.30888698 -0.024754258 -0.07698032 0.18567565 0.13289449 -0.115250744 -0.09835592 -0.095451295 -0.26759127 -0.05213622 -0.042360555 -0.29860154 -0.014465568 0.14983717 0.1972294 0.05606025 0.1064651 -0.24980575 -0.19614093 -0.14731956 -0.024182742 0.10477996 0.14686137 -0.19004267 0.08495759
FJI 0.461707 -0.46289867 -0.039645914 0.24177821 0.23866203 0.08625614 0.06352317 0.10416008 -0.22516368 -0.007431262 0.05872204 0.03681577 -0.044650793 -0.10794964 0.103785455 0.1586049 0.04248885 -0.0054594367 -0.21259902 0.13342823 0.033600904 0.21534486 -0.3854353 -0.07790227 -0.19362797 0.14431286 0.09252646 0.18281384 -0.05519391 -0.12563168 -0.037221853 0.2914509 0.12283657 0.23532899 0.14254306 0.14795198 -0.063101 -0.2534104 -0.07378416 0.04618996 0.4080268 0.078703456 -0.12895618 0.0595185 0.21548826 0.09143832 -0.3073638 0.42025357 -0.100773424 -0.044517547 0.12174405 -0.18444686 0.39105222 0.034018766 0.10076013 0.3754429 0.37891674 0.003564432 -0.095528185 0.18913938 -0.10118892 0.004919085 0.15647647 0.21524362 0.11733135 -0.018143725 -0.028497137 0.1801348 -0.040492866 -0.23613717 0.0026643018 -0.14596213 -0.11310054 -0.22976908 0.07510673 -0.18599956 0.07510416 -0.15975662 0.103000626 -0.03768764 0.014427438 -0.46816224 0.058456678 0.26206374 0.30842713 0.13736255 0.1564416 0.27124465 0.06862644 -0.0067199436 -0.011221054 -0.13414276 0.2673155 0.33392414 -0.059260607 -0.07978248 -0.1873015 -0.39514044 -0.28561017 -0.10295119 -0.11590272 -0.19284809 -0.13165829 0.16881588 0.23067115 -0.20077547 -0.040592954 0.14376362 0.07821228 0.21873882 0.041889403 -0.25611067 0.37022743 -0.1293793 -0.23067404 -0.03012092 0.06732661 -0.0043844427 0.082701966 -0.27916765 -0.17373435 -0.29693347 -0.13199027 0.24687682 -0.33464786 0.16838147 0.31055465 -0.08134916
SRB 0.16206191 -0.31030396 0.13936599 0.09376928 0.024271699 0.049493987 -0.030666918 0.10133989 0.17436403 0.010571654 0.27117053 -0.0007225156 -0.19832736 0.06596688 0.1692401 0.03649299 -0.20898627 -0.03751623 -0.009213384 -0.1440564 -0.0914275 0.086639784 -0.2746979 -0.26139504 -0.2780842 0.021341862 0.02519447 0.1942167 0.018747533 -0.30122104 -0.13375364 -0.058735017 0.25571308 0.05754424 0.1937707 0.07845657 0.35583997 -0.006656712 0.12046039 -0.011901605 -0.21876165 0.056284167 0.019476002 -0.014648762 0.18148226 -0.11779056 -0.2722234 0.1319965 0.26926136 0.14076798 -0.20211227 0.028501403 -0.11561748 0.21058458 0.2220911 0.20179248 0.14858533 0.10301822 -0.10249457 0.11976204 0.07106149 0.04956293 0.18885303 0.039687153 0.036522858 0.06448934 0.011507622 0.14367513 0.036360223 -0.06337416 0.22035657 0.18180394 -0.22454098 -0.35353747 0.3455177 -0.2381379 0.08086032 -0.053320132 0.15738733 0.14385054 -0.014151232 -0.1513046 0.0615766 0.21088018 -0.16808374 0.18221696 0.23407985 -0.13045721 -0.016332427 0.28256112 0.010146708 -0.03676645 -0.024765158 0.09147261 0.22106867 0.11395174 -0.103595674 -0.019557053 -0.26847833 -0.15373793 0.19356939 -0.099373184 0.14321648 -0.0071570165 0.05368423 0.11491539 -0.0059064785 0.11646681 0.09523114 -0.16989617 0.24447425 -0.076254964 0.20858647 -0.054154743 -0.27097324 -0.0766935 0.13850453 0.16250275 -0.1034141 0.22469464 -0.18105291 -0.1409852 0.031115249 0.063982874 0.042774044 0.37504232 0.048704136 0.10075916
GEO 0.35558772 -0.40586436 0.13664116 0.23557834 0.16444354 -0.1452651 0.20679244 -0.26945853 0.011110645 -0.061129283 0.29092848 0.09598293 -0.2787116 -0.20135109 0.2217122 0.3499076 -0.16661252 -0.13560142 -0.09485076 -0.07626155 0.01535421 0.46542457 -0.086512364 -0.45725808 -0.37206873 0.27538484 0.031133056 0.23208013 -0.10318151 -0.1921919 -0.24598855 -0.10964251 0.16984855 0.08667833 0.17655177 0.094390966 0.15422367 -0.3028278 0.22456533 -0.03402151 0.050890423 -0.048902955 0.08632668 -0.08615258 0.31125244 0.09694688 -0.21687536 0.029265208 0.3275626 0.12552413 -0.19605017 -0.0939063 0.017054211 0.15333386 0.10904049 -0.05109348 0.4826505 -0.030873464 -0.33164772 0.04845931 0.20269625 -0.039100282 -0.03952711 0.23750651 -0.030177385 -0.11207073 0.23202042 0.31777623 0.03839219 -0.058939073 0.16264746 0.027168568 -0.43009138 -0.31407726 0.08491026 -0.21260928 0.1659852 -0.22763109 0.12698369 0.018480118 -0.19882935 -0.058761686 0.33468994 0.034501303 0.10773264 0.23626204 0.07682184 -0.082627 -0.049239438 0.2858325 0.09788684 0.027174143 0.24606772 -0.056516193 -0.039726984 0.1145821 -0.07784832 0.00015261598 -0.21623945 -0.2530794 0.14653131 0.054811444 -0.21106261 0.30907235 0.14806166 -0.24123713 -0.003448147 0.0673118 0.08409281 -0.4052732 0.10922342 0.04985687 0.009805899 0.017238323 -0.25577155 -0.30185395 0.1553626 -0.065007895 0.043219514 -0.15756671 -0.39957607 -0.08483476 0.06508144 -0.10528491 0.07588378 0.28504607 0.30476117 0.006865115
VEN 0.15574792 -0.19431241 0.3146654 0.20748876 0.12729628 0.18944937 -0.07365388 -0.22408628 -0.28570303 0.2945451 0.42207843 -0.16096656 0.019545343 0.048989233 -0.09957341 0.30896366 -0.06858781 -0.0038908313 -0.14739218 -0.030428909 0.12647504 0.12674409 -0.00362598 -0.19239038 -0.15493874 -0.16802749 0.054545652 0.12830047 -0.03459825 -0.0026922077 -0.019008916 0.14533068 0.14884888 -0.034390397 -0.15911674 -0.08669265 0.21604975 0.10275391 0.1275591 -0.016586514 0.061142143 0.17874384 0.16244236 -0.14536287 0.05884964 0.106427856 -0.09274965 -0.048687585 -0.13280259 0.20687276 -0.09620925 0.089554906 0.03647503 -0.066553675 0.02684055 0.21897782 0.24861404 -0.19676746 0.08726054 0.32974222 0.07355887 -0.041692823 0.117159136 0.14379676 0.13807331 -0.2843051 -0.08846476 -0.009202962 0.035240516 0.04487929 -0.01746059 -0.02903922 -0.43462995 0.012679201 0.07369849 -0.46855378 -0.19972894 0.08737674 -0.08180383 0.1730732 -0.3155741 -0.2810225 0.13260177 0.36492193 0.308748 0.21636303 0.05884468 0.082195394 0.029774392 -0.0026523941 -0.15525024 0.113495424 0.13597032 0.36158702 0.33884078 0.4162477 -0.038866676 -0.055229314 -0.31849778 -0.17320983 0.045050304 0.18928252 -0.20696625 -0.15141606 0.089250855 -0.13350093 0.15234916 0.18470506 0.12831178 0.029460095 0.2312643 -0.16913506 0.06524404 0.04563248 -0.1208761 0.21323684 0.037188087 0.22243215 -0.12727661 0.010484491 -0.22007413 -0.18284959 -0.058595102 -0.046040054 -0.14551611 0.027203927 -0.0431735 0.019257601
IDN 0.29915798 -0.37711257 0.062221628 0.21018364 0.110059425 -0.052560877 -0.0076819994 0.11486603 -0.20383188 0.21477032 0.07666884 -0.015133612 -0.1203892 0.0035769602 0.18596095 0.13163634 0.0015344786 0.0861288 -0.17367402 0.08984368 0.07924641 0.024182437 -0.081482254 -0.05842206 -0.04721393 0.021501219 0.038353022 0.035971146 0.077641025 -0.024764853 0.020097053 0.15286866 0.05957057 0.14764462 0.08919798 0.12244199 -0.05953519 -0.07108831 -0.11734953 -0.071404964 0.24029376 0.16007157 -0.17543747 0.037943967 0.12067279 0.18369532 -0.30245933 0.3353823 -0.12435906 0.037218615 0.12788825 -0.09607885 0.14407384 -0.041095167 -0.040650886 0.101024896 0.13414569 0.087617815 -0.008400279 0.033486955 -0.14143424 0.0039529307 0.13421974 0.06576774 0.0876515 -0.020686595 -0.0021223142 -0.06325366 0.034449477 -0.25987113 -0.17210291 -0.07709394 0.036973048 -0.058305994 0.005116175 -0.11029614 0.07275799 -0.07328577 -0.055943232 0.03472564 -0.06669547 -0.21942082 0.04719512 0.1373349 0.17763408 -0.063587464 0.23529 0.13902512 0.079024516 -0.10525752 -0.034102216 -0.07957027 0.228396 0.18579964 0.1792455 0.09284141 -0.12372995 -0.22967765 -0.22209933 -0.009984694 -0.17107952 -0.028596938 -0.054461204 0.16586086 0.21074922 -0.1821753 0.038165703 0.3538914 0.17143348 0.1854395 0.045075398 -0.1284738 0.15880866 -0.10916255 -0.21854503 0.109164074 0.10830638 0.10446692 0.07407451 -0.010916163 -0.06174777 -0.19314118 -0.13599451 0.1496562 -0.1789889 0.007324897 0.04686186 0.07872174
MMR 0.25801924 -0.7080291 0.24695994 0.048973415 0.11075193 -0.097937584 -0.03713152 0.18042955 -0.05275713 0.11980922 -0.20394225 -0.21120971 -0.2666496 0.067055665 0.109722346 0.13062352 -0.08186483 0.15788493 -0.13305171 -0.115213536 0.016072216 0.01397679 -0.25101352 0.11422778 0.0204038 0.13406484 0.03628286 0.15722863 0.11782628 -0.17545615 -0.07802388 0.13398783 0.24695224 0.30854154 0.29261896 0.20371929 -0.019516326 -0.20306094 0.034652248 -0.07223749 0.056459986 -0.08109569 -0.28408274 0.11200976 0.059518546 0.33012143 -0.29226792 0.43113765 -0.014525396 -0.17558222 0.2374074 -0.13911752 0.22328477 -0.008165834 -0.042547237 0.082691945 0.060023237 0.29181832 -0.009203978 -0.0015237775 -0.110655144 -0.14643964 0.18395886 0.15323032 0.17124102 0.0498237 -0.22945303 0.20553957 -0.15641697 -0.1686543 -0.1280938 -0.10528924 -0.07863536 0.056829028 0.15508099 -0.1931798 -0.2411808 -0.17325498 -0.029719057 -0.088413626 0.1713472 -0.21641119 0.020061258 0.42585006 0.11657802 0.18089317 0.23763523 -0.0016442348 0.10433086 0.09502128 0.210194 0.066435024 0.28831705 0.09319104 0.23213962 -0.06260245 -0.22565962 -0.17026626 -0.15202759 -0.1303526 -0.0057518166 -0.15255196 0.1488968 0.058774572 0.1739994 -0.26079524 -0.14220522 0.37115198 0.26300165 0.23769942 0.10661877 -0.3450253 0.24085973 -0.19247219 -0.15557423 -0.036506597 0.062843256 0.041998476 -0.11890352 -0.21868333 0.36647332 -0.262891 0.026063656 0.54248303 -0.40345138 0.15136635 0.076726474 -0.021874148
SVK 0.020101018 -0.29438475 -0.0045129624 -0.07322776 -0.02072432 -0.14397298 0.113836765 0.2162454 0.071602724 -0.08405669 0.2685216 0.007038088 -0.21125922 0.07461967 0.073392674 0.069242895 -0.045218688 0.11153619 -0.0076745027 -0.10271021 0.031547677 0.02927679 -0.094606146 -0.20378077 -0.31675786 0.080458134 -0.1902795 0.17229557 0.11950045 -0.29478022 -0.089406125 -0.015946602 0.15090035 0.0885204 0.09426319 -0.08695495 0.25233203 -0.03417433 0.007704922 -0.045161 -0.29046282 0.09556611 0.07744917 -0.046122987 0.13648942 -0.2533918 -0.3123797 0.05797537 0.26994768 -0.04517659 -0.08004331 -0.039522037 -0.07179777 0.29521823 0.13125147 0.201014 0.22738186 0.02224775 -0.13415432 0.03267131 0.09185011 0.009969074 0.1738768 -0.121632524 0.07042478 0.12573637 -0.072967835 0.11129374 0.10646776 -0.027799029 0.13133468 0.12601584 -0.093350984 -0.37256956 0.19161397 -0.0826757 0.22190456 0.034075715 0.19660297 0.15783654 -0.05636547 -0.15864758 -0.014114722 0.21242517 0.1283591 0.13851407 0.2687944 -0.2253571 -0.07592309 0.3380961 -0.045609422 -0.099257395 0.15353875 -0.10802042 0.21578534 0.10013936 -0.07002208 -0.119244695 -0.0975196 -0.11219791 -0.024878947 -0.21942365 -0.009146493 -0.034506124 0.035273165 -0.014844558 0.011210782 0.1684921 0.18782215 -0.25247306 0.031064002 -0.16943613 0.055467226 -0.09375001 -0.253427 0.018437313 0.2929506 0.24854878 -0.12659146 0.043808524 -0.32745692 -0.14506242 -0.012274727 0.05215569 -0.009532285 0.38405788 -0.014183593 0.058690414
NIC 0.19863114 -0.28415868 0.15281063 0.079408154 0.060455523 -0.12484424 0.10276236 -0.22726864 -0.240284 0.27740306 0.2579543 -0.022939084 -0.12619422 -0.09503892 -0.076972164 0.39112538 -0.1317545 0.095130935 -0.2797567 0.015753698 0.21209471 0.12834533 0.201783 -0.47387478 -0.10127672 0.060974285 -0.18831375 0.15674862 -0.00020039004 -0.12255958 -0.1131908 0.11772031 -0.02619364 7.073954e-05 -0.25175777 -0.13202463 0.17552915 0.05522968 -0.05271054 -0.19262749 0.021643948 0.20225334 -0.06545824 0.06944998 0.154926 0.2162216 -0.08562417 0.0003414391 -0.15880862 0.15745068 -0.18158221 0.022707505 0.120868325 -0.07028753 0.1071562 0.10833429 0.3183427 -0.062083878 -0.17179024 0.09929516 0.15856344 -0.040741175 0.07324882 0.04038745 0.17805596 -0.27547848 -0.008209703 -0.21341938 0.13234335 -0.08087169 0.003490157 -0.08200418 -0.3000607 -0.19102015 -0.26307023 -0.32142925 -0.0516856 0.057363022 0.0026138732 0.14316545 -0.35272706 -0.24507178 -0.011791837 0.23855603 0.14817898 0.17929529 0.18737298 0.074787095 0.14098884 0.04637192 -0.14262593 -0.03766228 0.06574918 0.050409023 0.2594035 0.24573463 0.01714092 -0.12370571 -0.24034491 0.054654296 0.019950151 0.16188762 -0.38008025 0.09400306 0.021709275 -0.14105047 0.2012455 0.3211963 0.29624566 -0.06558274 0.25633785 -0.08679634 -0.073696636 -0.024198754 -0.17028122 0.008174003 0.08274448 0.33749285 -0.122805774 -0.08284476 -0.25760448 -0.15810315 -0.2051952 -0.1274553 -0.2769091 -0.06724767 -0.17575425 0.0030004866
COG 0.07491428 -0.45020887 0.14338548 0.10737385 -0.11220685 -0.3834098 -0.042632055 -0.047098957 0.038710218 -0.033300873 0.032650854 0.19344981 -0.18387198 0.05984508 0.3304718 0.12123807 -0.1414044 0.09604348 -0.079408124 0.011118972 0.073152445 0.13742663 0.032739542 -0.12609275 0.0038470237 0.05812498 -0.039983787 0.074728884 0.24946387 -0.015633991 -0.05362931 -0.22990453 0.19622208 0.062229153 0.22308902 0.2448861 -0.029545262 0.056743324 -0.15939476 -0.31640482 -0.015779547 0.15123142 -0.24137129 0.018261204 0.2633295 0.2274672 -0.36110425 0.035514727 0.03796948 -0.013512025 0.058292538 -0.08731039 0.0058460203 -0.013679054 -0.020500634 -0.15304552 -0.056812163 0.14922011 -0.051836114 -0.20729053 -0.17472072 -0.085392974 0.14310765 -0.17930506 -0.0017670823 0.0363844 -0.042954504 -0.30249798 0.0016694919 -0.09366427 -0.14828022 0.019570576 -0.008130135 -0.17053348 -0.01170055 -0.037298948 -0.04147772 0.060074568 -0.19513188 0.22632708 -0.17367275 0.04325735 0.3226085 0.32822776 0.03773288 -0.15313306 0.47402263 -0.2577883 0.19231373 0.07209104 0.015028413 -0.09727258 0.33382407 0.16428334 0.5261485 0.17872652 -0.24503525 -0.004984036 -0.3100644 -0.027598869 -0.16923277 0.011247563 0.08150483 0.2199556 0.28736103 -0.01901278 0.19315934 0.5712835 0.23117954 -0.13527268 0.16037428 0.028271236 0.058972977 -0.0395394 -0.21706179 0.12676336 0.12556873 0.040609725 -0.025779612 0.18222533 0.02641995 -0.012443378 -0.1726269 0.06425972 0.18148032 -0.11703442 -0.104826234 0.16930391
PER -0.07557925 -0.12970646 0.05067929 -0.005221714 0.0071981633 -0.1172535 0.023182428 -0.26226175 -0.20646086 0.14039855 0.06198931 0.015851894 -0.31193528 -0.0414895 -0.2160963 0.34102824 -0.06163945 -0.014015336 -0.26730877 -0.18886651 0.124187924 0.08320968 0.37455034 -0.5003799 -0.18283685 -0.05485275 -0.35493222 0.1564042 -0.03767778 -0.11508131 -0.0019271087 -0.03815523 0.15375048 0.09808058 -0.07473046 0.0305055 0.3112168 -0.0059402213 -0.005481135 -0.09683269 0.0015079086 0.1877119 -0.015719958 -0.19236408 0.3577918 0.24031049 -0.25761056 -0.1320201 0.1819361 0.15301718 -0.29673037 -0.022135494 0.1861124 0.04035088 0.03865913 -0.055052467 0.3276868 0.1209363 -0.28926957 0.031591177 -0.015676307 -0.071341425 0.050040234 -0.027141618 0.20035814 -0.103138804 -0.07160601 -0.3334354 0.16296045 -0.23532176 0.22236387 -0.03385139 -0.21481049 -0.123048104 -0.194403 -0.34282205 -0.17331713 0.11228714 -0.010586264 0.09638516 -0.17411721 -0.09398152 0.11040034 0.31363755 0.07978955 0.37251973 0.2158971 0.0019320679 -0.009982873 0.17786027 0.041974623 -0.0039408784 0.022804126 -0.043774378 0.42928785 0.22070158 0.051734086 -0.027638389 -0.13180359 -0.029949129 -0.15168558 0.29299998 -0.38570544 -0.016116155 0.028270055 -0.24354847 0.14349219 0.39398405 0.28100318 -0.023920676 0.09366728 -0.093126625 -0.081861146 0.13218108 -0.12580755 -0.047295652 0.035491817 0.30520383 0.008266848 0.046193194 -0.14572594 -0.27642694 -0.12737432 -0.23688725 -0.20025785 0.111211546 -0.29098082 0.04029125
SYC 0.33057985 -0.34345508 0.26450878 -0.00065536564 0.26582405 0.0960545 -0.024503289 0.08755909 -0.016641028 -0.13515079 0.13059694 0.32120758 -0.2246716 0.041823793 0.2994857 -0.12914413 0.03899844 0.15280466 -0.0094211 0.22079301 -0.29167974 0.10260841 -0.07423248 -0.13557993 -0.29781657 0.08240692 0.14985456 0.1196144 -0.015731858 -0.05342843 -0.042247754 0.10904219 0.15852195 0.081668176 0.12994345 0.11591513 0.19475535 -0.15870544 -0.104578525 0.03954563 0.15988174 0.09189366 -0.0516903 -0.15416121 0.10595695 -0.007421096 -0.31530783 0.19121939 0.111172505 0.083485045 -0.06788917 0.07968203 0.1328002 0.1304223 -0.17043462 0.3167965 0.29431495 -0.0056563555 0.25941092 -0.23200937 -0.093016654 -0.050651725 0.19375128 -0.036281038 0.2363484 0.15428002 0.10564943 0.3084287 0.06704097 -0.1285098 0.12846842 0.01221369 -0.27414757 -0.40781915 0.018163301 -0.060949795 -0.15462495 -0.21069217 -0.027068388 0.124094956 0.029200064 -0.18593001 0.08014037 0.32816574 0.1775069 -0.041098885 0.11862621 -0.0530137 -0.005777197 0.08726504 0.012676323 -0.09927625 0.056240074 0.24245386 -0.08947179 0.12531134 -0.15656495 -0.018165076 0.0012636764 -0.20919518 -0.07617996 -0.09496973 -0.17308983 -0.0435347 0.32589656 0.07528468 0.02316727 0.21993546 -0.17334157 0.02518225 0.021021027 -0.053780407 0.22227138 -0.15094678 -0.042779718 -0.012895127 0.024528341 0.005319103 0.23112114 0.05712399 -0.12478258 -0.23615727 0.08215964 0.2919337 -0.16125306 0.1891331 0.32704234 0.19543433
DOM 0.10313778 -0.2622248 0.16353297 -0.010454919 -0.019038554 -0.035760302 0.00971628 -0.07341965 -0.11424151 0.114985004 0.25976452 -0.08515512 -0.1872606 0.06291241 -0.028366352 0.14608195 -0.082124196 0.21583545 -0.23555765 -0.062092777 0.22239418 0.12865196 0.032701205 -0.16353042 -0.044751056 -0.06941172 -0.07538918 0.10625169 0.14637986 -0.10320245 -0.21243237 -0.011471866 -0.021384405 0.12807845 -0.117406294 0.001279481 0.14512864 0.085835606 3.268622e-05 -0.20656553 -0.14899701 0.20628695 -0.032248385 -0.024550922 0.06610952 0.23630214 -0.05288984 0.098505035 -0.28556395 0.09862395 0.04448773 0.04534172 -0.023909725 0.020901838 0.17050226 0.2513147 0.28591624 -0.049008984 -0.0993569 0.008957731 0.07836001 0.02786483 0.14374802 -0.15985228 0.13653594 -0.14477113 -0.04779673 -0.027071495 -0.020911206 -0.07182101 -0.0029133076 0.03798872 -0.4207066 -0.28303552 -0.15030023 -0.25537696 0.14488013 0.011703507 -0.050722122 0.19904858 -0.22117428 -0.08547945 0.011939192 0.14994483 0.0992033 0.05734265 0.10034157 -0.1609939 0.06490638 0.05697143 -0.18786055 -0.15527913 0.04996317 0.06903284 0.26792642 0.16773327 0.029240122 -0.09150047 -0.26540577 0.030328104 -0.032616466 0.008434554 -0.10913193 0.17414515 -0.04215283 -0.005902993 0.19487531 0.1174026 -0.063886054 -0.09487188 0.06194039 -0.19340491 -0.06684492 -0.025023317 -0.16810147 0.059315097 0.09783809 0.25064772 -0.15080589 -0.091115534 -0.20100561 -0.096590385 -0.19854583 0.042325757 -0.036706224 0.01264679 -0.14754018 0.024640322
UKR 0.06919793 -0.44841087 0.058855258 0.15864396 0.05289876 -0.019639842 0.030506615 -0.016608823 0.04892048 0.08023338 0.31901458 0.0600608 -0.29381803 -0.006665177 0.019880665 0.17809448 -0.14027512 -0.13509414 0.011781834 -0.053985275 -0.030211434 0.034115247 -0.037957076 -0.45330805 -0.13173386 0.17160913 -0.027792677 0.31451425 -0.11509944 -0.112860404 -0.16961265 -0.020863822 0.3603958 0.022231732 0.23698924 -0.050979324 0.3123201 -0.21586268 0.014409644 -0.16081569 -0.2673542 0.0964769 -0.29128507 -0.08032271 0.22211656 -0.009154114 -0.39068127 0.21381806 0.24017045 0.15700014 -0.22681968 -0.048056144 -0.030566461 0.31941283 0.23872167 0.21409447 0.27943322 0.16948505 -0.26013383 0.16313636 0.1545895 -0.015434867 0.37390378 -0.044707034 -0.14235777 -0.02302513 -0.047351994 0.030004349 0.109839045 0.05824922 0.2483375 -0.010510122 -0.2003104 -0.57387763 0.18400176 -0.29187775 -0.020151032 0.0993828 -0.077609725 0.09689985 -0.15004389 0.08953328 -0.04215232 0.09861662 -0.28157118 0.11097024 0.25652352 -0.06858181 0.049330566 0.30428433 -0.04693669 -0.07049347 -0.011884793 -0.016410356 0.133433 -0.034232337 -0.121522546 0.04275983 -0.14007537 -0.018463422 0.17018767 -0.16301502 0.012471735 0.06557244 0.06671585 0.03772603 -0.009663538 0.023800217 0.36871472 -0.22508371 0.14717846 -0.26598534 -0.03307967 -0.0095175905 -0.4094519 -0.009887011 0.0899858 0.07847826 -0.08285064 0.19494696 -0.21196046 -0.07992882 0.14045276 -0.030277008 0.1074703 0.18345512 -0.08338491 -0.07851823
ETH -0.004327576 -0.37615064 0.2004509 0.051170457 0.077531464 -0.15112785 0.11742146 -0.076125056 0.050438132 -0.028294353 0.11367232 0.17576844 -0.36849105 0.1525804 0.23738585 0.047261313 -0.30158573 0.23556721 -0.19180511 0.070428304 0.15543242 0.33821145 -0.18654093 -0.14322676 -0.31704998 0.013224768 -0.061208393 0.120143734 0.33363 -0.24192217 -0.15862258 -0.04518657 0.19463173 0.23199409 -0.006491428 0.2554797 0.14259134 -0.050011877 -0.09536664 0.12594329 -0.020176878 0.008853659 -0.16224088 0.05522931 0.20373158 0.38297424 -0.18817493 0.1924985 -0.25476864 -0.067178585 0.16961338 0.107714646 0.017530557 -0.17314304 -0.03407136 0.16656013 0.323028 -0.008765662 0.014756469 -0.20186275 -0.09782653 0.032083493 0.0031505523 0.0036034358 0.3186237 0.037357546 0.0341353 0.121963404 -0.16255994 -0.027264452 0.1563917 0.071158715 -0.43805566 -0.18640567 0.0229992 -0.036641642 -0.1039316 -0.14270733 -0.020818153 0.02695354 -0.06277539 -0.12057462 0.22354575 0.25601867 0.16065966 0.11032949 -0.09453655 -0.29042512 0.008002703 0.03309266 0.14347883 -0.05785751 0.18018444 -0.0964993 0.18068881 0.20477666 -0.1210304 -0.031650104 -0.08283424 0.09111611 -0.0004959872 0.11433626 0.049817517 -0.021272117 0.030735606 0.06343614 -0.0034057256 0.07903867 -0.22005764 -0.043993294 0.090741605 0.106081836 0.026734624 0.17498314 0.11150432 -0.032460276 -0.13919027 0.054153975 0.020022845 -0.010494087 0.078427024 -0.00880109 0.009983613 0.14777562 0.09690355 0.2472217 0.04217561 0.1701595
DNK 0.017038923 -0.07285609 -0.072635815 0.02271654 -0.08354267 -0.09055864 -0.087012775 0.027420634 -0.022034712 8.007162e-06 0.15922804 0.054191522 -0.24480544 0.062437624 0.0034096697 0.063167945 -0.0021643427 0.076391816 -0.06599274 -0.08534265 0.11275744 -0.012318787 0.14645971 -0.21758558 -0.21134093 -0.06396119 -0.14690875 0.027367232 -0.00016716322 -0.08820831 -0.059400864 -0.06575424 0.059471313 0.07234624 0.12155491 0.10462448 0.24348809 0.031275064 -0.0112631 -0.11901967 -0.0050548934 0.28299767 -0.036940284 -0.13409351 0.23357001 0.0659508 -0.32280037 0.0901119 0.1739738 0.15673473 -0.13484183 -0.02875741 0.008103006 0.21296324 0.0763203 0.0135235805 0.14159077 0.118619256 -0.21487048 -0.0059736166 -0.035442557 0.07943398 0.12772146 -0.14849605 0.051561758 0.011079975 0.028048724 -0.169062 0.14010207 -0.30778608 0.104196385 0.08018436 -0.09999728 -0.33957154 -0.051622294 -0.18188825 0.15015909 0.12907754 -0.018635953 0.24384609 -0.11412596 -0.07659962 0.08759274 0.14737952 0.07060574 0.11966826 0.30395558 -0.15999849 -0.059114262 0.093773946 -0.054780368 -0.20616667 0.006819887 0.08180624 0.3743752 0.08929176 0.05428086 -0.12626472 -0.15740578 -0.10628127 -0.25288022 -0.0624785 -0.11539022 0.21148814 0.028759532 -0.08275933 0.18022582 0.2773394 0.047095176 -0.090616964 -0.009441912 -0.1452291 0.021840345 -0.04860502 -0.34566373 0.00836065 0.14266668 0.22588085 0.056096576 0.22895934 -0.26630443 -0.18702257 -0.16706625 -0.14531973 0.02053856 0.117320195 -0.09891095 0.09979759
MWI 0.12006866 -0.26033562 0.14313056 0.01699101 0.16497053 -0.20024905 0.0554567 0.18830405 0.025732353 0.17315464 0.28753266 0.15150404 -0.18815348 0.12930809 0.23296966 -0.16580182 -0.1584736 0.11150316 0.057512663 0.3245478 0.11534633 -0.097442105 -0.027888667 -0.12033734 -0.4257356 -0.0866698 -0.05348052 0.1757644 0.068920225 -0.17191519 0.25029635 0.10061246 0.13231568 0.034227915 0.048372846 -0.06766346 0.14460275 -0.1831714 -0.34832758 0.16241965 0.07290774 0.20059146 -0.26419953 0.022127347 0.18895352 0.08299243 -0.4228021 0.34987384 0.10606862 0.12048251 -0.015183474 0.20834285 0.098673776 -0.0108779725 -0.07269218 0.20116718 0.2738824 -0.010280772 0.06725423 -0.101232745 -0.14787 -0.07812415 0.22347091 -0.22030814 0.39883605 0.10123549 -0.046604097 -0.14537121 0.1552012 0.0041250386 0.10477955 0.11640967 -0.19755809 -0.39342797 0.10566692 -0.14739625 -0.13335092 0.031177288 -0.098455444 0.11183231 0.123224445 -0.23110208 0.0064397417 0.16837056 0.2806156 0.02976807 0.09409743 -0.08392717 -0.16167308 0.053625274 0.016399898 -0.09093734 0.05524208 0.026218427 0.0730009 0.091009766 -0.12101443 -0.11800533 0.21807666 0.09175959 -0.21909134 -0.14763166 -0.09479254 -0.2222872 0.11481479 -0.0545223 -0.0982432 0.1701817 0.014980263 -0.03122725 -0.050380986 0.093830496 0.18281737 -0.025249999 0.022192277 0.11414807 -0.070791066 0.14924207 -0.04483608 0.14500685 -0.026231464 -0.068326384 0.12233355 0.04781296 -0.113215424 0.08370502 0.14766747 0.15409829
HRV 0.14047183 -0.35251498 0.14874953 -0.027979959 0.097428136 0.03867495 -0.005403433 0.06972965 0.10155794 0.010903397 0.13017438 -0.038164116 -0.16966006 0.07672002 0.107074015 0.08861653 -0.09287278 0.05311265 0.040263247 -0.11374125 -0.06497984 0.019041276 -0.08373517 -0.17931655 -0.14121464 0.11076785 -0.036774814 0.12626477 0.07776482 -0.16848174 -0.13066824 0.048551414 0.1730357 0.09414865 0.18660156 -0.0072835176 0.2843072 0.01966119 0.123719685 -0.034151424 -0.20517126 0.054647397 -0.023543937 -0.02152947 0.12021192 -0.05178198 -0.32360205 0.13423686 0.27981237 0.025402863 -0.099506415 -0.004561865 -0.05760646 0.31209102 0.093436815 0.1776808 0.15250877 0.15518513 -0.1195341 0.07201622 0.004754222 -0.0566228 0.22184646 0.03219772 0.08865977 0.056876224 -0.03135113 0.21647036 -0.0047538085 -0.03299463 0.109373786 0.09323994 -0.14651774 -0.26300225 0.24021722 -0.24606046 -0.04909564 -0.04897349 0.09586766 0.10354087 -0.06252505 -0.11500857 -0.057058778 0.28690216 0.003963768 0.12437063 0.29294515 -0.16448092 -0.06261956 0.30766147 0.045061804 -0.019703858 0.08457608 0.006447789 0.2502887 0.019705148 -0.07143898 0.0018957641 -0.15209876 -0.14527507 0.05934248 -0.15581197 0.03912725 -0.0682149 0.08630422 0.031003585 -0.03649859 0.17378189 0.21161456 -0.059930336 0.18543407 -0.23723626 0.10176242 -0.13053769 -0.24235097 0.024633877 0.17281313 0.18822047 -0.01133656 0.09900339 -0.023326103 -0.15772218 0.0897453 0.18946572 -0.0608574 0.28484923 -0.031348817 0.08259647
ZWE 0.032116827 -0.29902026 0.15006244 0.1570147 0.11456796 -0.1147351 0.015158357 0.23413686 -0.15032049 0.14979553 0.30372915 0.22883411 -0.30944452 0.04540255 0.22918124 -0.18346415 -0.08031686 0.22625056 -0.08326562 0.22105503 0.13821541 -0.024085868 -0.21892825 -0.20518197 -0.47207025 -0.15651897 -0.09234529 0.12422782 0.14713207 0.013987625 0.06480886 0.25900424 0.15263607 0.23159188 0.0012210682 0.14830899 0.22747718 -0.29060495 -0.2961904 0.2355737 0.24568908 0.12501681 -0.20487441 0.028922917 0.1411793 0.17450647 -0.4808702 0.35753867 -0.18775627 0.05526303 0.08483027 0.21062256 -0.03653325 -0.07844016 -0.042502016 0.26820728 0.30285513 0.06940217 0.18197276 -0.14070776 -0.20958899 0.17246285 0.11632647 -0.22462563 0.25171188 0.1876256 0.0792189 0.08515903 0.17392209 -0.25312635 0.13264793 0.12533736 -0.3628034 -0.44766346 0.10527315 0.0055176993 0.18228135 0.036201403 -0.033237565 0.07549186 0.09241529 -0.28793648 0.073056534 0.06314216 0.40496558 -0.06341344 0.13603188 -0.103480786 -0.13865587 0.026672568 -0.10318636 -0.06597137 -0.012426338 -0.03538069 0.003235629 0.03625978 -0.17066236 -0.18199898 0.10241021 0.06430513 -0.20342648 0.06516434 -0.09898122 -0.06552685 0.24866134 0.055307847 -0.06013853 0.14841811 -0.09968705 0.0843237 -0.13731128 0.042384725 0.12589154 -0.02938104 -0.061089568 0.060321968 -0.088427566 0.037178453 0.17960487 0.094114296 -0.06877744 -0.06919833 0.02670749 -0.0002454187 -0.033706475 0.26280677 0.16542116 0.182836
PNG 0.2558549 -0.3646234 0.07259562 0.22975568 0.14307798 -0.16735391 0.1605221 0.044931557 -0.25735265 0.2596583 0.29363412 -0.027019659 0.11640763 -0.10760338 0.11894691 0.17438954 -0.06866144 0.085116014 -0.15668914 0.2413356 0.34454912 -0.047721688 -0.12366154 -0.23358026 -0.15583014 0.09251596 -0.028795665 0.084187955 0.070540294 -0.021911776 -0.07389411 0.3640793 0.006704041 0.11806404 -0.13724515 0.013809286 -0.0678382 -0.11934793 -0.16711293 -0.05478386 0.25125146 0.19631171 -0.18156637 0.18829328 0.029302763 0.20011443 -0.28870025 0.29326022 -0.22740693 0.00040037808 0.17014506 -0.050737318 0.1261218 -0.020211646 0.108432405 0.17868331 0.27894396 0.0153374495 -0.07321709 0.109069824 -0.0037634922 -0.005797205 0.14528172 -0.0039000586 0.087532595 -0.14768285 -0.02097659 -0.027418083 0.028693086 -0.14049911 -0.1903275 -0.08741719 -0.029880181 -0.1960225 -0.0047811046 -0.15643178 0.16113378 0.015797075 -0.053316504 0.04948813 -0.18262097 -0.25391555 -0.046972208 0.10352787 0.2813522 -0.108148634 0.23254104 0.13591684 0.13025238 -0.037609655 -0.20485681 -0.06805273 0.22717685 0.12439189 0.056519154 -0.029088015 -0.21110858 -0.32341766 -0.3076279 0.1457394 -0.1265556 -0.083256766 -0.1687997 0.14961565 0.16303922 -0.2121674 0.013235527 0.30909237 0.34489736 0.10525885 0.083991826 -0.15425374 0.059244417 -0.15012194 -0.2817989 0.15928489 0.11075041 0.15200494 -0.012669557 -0.10523225 -0.13862394 -0.14714156 -0.06852738 0.04350065 -0.20317851 -0.099594586 -0.043862864 -0.046733357
ZMB 0.06388225 -0.26255685 0.27758744 0.0038361414 0.07242319 -0.10611345 0.041615527 0.10592137 0.07149843 0.120773554 0.2703981 0.11170782 -0.24514374 0.12330961 0.2721769 -0.2156312 -0.20141456 0.16154796 0.0638441 0.29513633 0.20036556 -0.20081767 -0.16947421 -0.033480365 -0.40734166 -0.20559573 -0.117228344 0.08562625 0.19569466 -0.090676755 0.20727324 0.1147728 0.16834323 0.15134226 0.07029112 0.088270776 0.13260856 -0.2769862 -0.21468103 0.2763449 -0.051745325 0.23580118 -0.22994454 -0.01097997 0.14412814 0.2327449 -0.26160714 0.42786816 -0.1696046 0.060946267 0.08889138 0.22238371 -0.12282386 -0.10687565 -0.04718147 0.14643471 0.27043313 -0.048340406 0.1256692 -0.23230354 -0.13053605 -0.076596625 0.047609977 -0.1503626 0.37823617 0.086867265 0.064659856 0.065498635 0.0035818724 -0.08472785 0.09633426 0.22379011 -0.33047223 -0.25036818 0.16971241 -0.06637612 -0.0017058335 -0.092225134 -0.062544346 -0.0031075699 0.037864454 -0.25581458 0.18004774 0.120795645 0.2843191 0.05463934 0.019237852 -0.26583475 -0.15968665 0.13846909 0.003807443 -0.05636232 0.05594904 0.08723238 0.12186782 0.14889115 -0.33392954 -0.1319334 0.008503426 0.090243764 -0.073769204 0.0351087 0.0037902687 -0.25487494 0.16641182 -0.09269271 -0.040944137 0.16398396 -0.0737168 -0.044691753 -0.10195796 0.07690741 0.1707071 0.058133677 0.05296165 0.14286247 -0.050508577 0.12159056 -0.10750664 0.06467057 0.048005603 -0.087615766 0.11169862 0.17623499 -0.09948802 0.25046945 0.09696072 0.17188913
PAK 0.18012998 -0.3545017 0.15362181 0.12196153 0.14186525 0.060728703 -0.098554276 0.12857266 -0.17038254 0.09409373 0.043884736 -0.07707475 -0.25761732 0.009025074 0.07082682 0.025254348 -0.048386823 0.123285055 -0.22498973 -0.05297518 0.032200813 0.207189 -0.26715907 -0.007672614 -0.25772104 0.051413614 0.03992464 0.20189267 0.10000701 -0.23949741 -0.10932978 0.13069867 0.115099356 0.23547193 0.04880234 0.12891218 0.02328149 -0.15921967 0.10548375 0.09723008 0.0071896515 -0.09127273 0.02752037 -0.037599973 0.021846948 0.09954795 -0.17367138 0.30406427 -0.20599924 -0.07257967 0.23756333 -0.11173528 0.14440526 -0.046571136 0.037677493 0.22794461 0.32315442 -0.005370007 0.09432559 0.023896003 -0.049098175 -0.010816101 0.07385152 0.074078456 0.1248329 -0.014502091 -0.075679354 0.32234108 -0.0758323 -0.17964415 0.066597246 -0.0039900295 -0.33590317 -0.12106766 0.08879608 -0.17255513 0.050674904 -0.13796054 0.02116693 0.049371343 0.09304672 -0.26620308 0.12802038 0.27496317 0.27035147 0.17540616 0.15812808 -0.07069518 0.054449312 0.069765806 0.04246339 -0.01819027 0.22742842 0.052916113 0.17119591 0.003724191 -0.092341006 -0.15570933 -0.09677326 -0.11939705 -0.008371467 -0.006749719 0.06131874 0.04410383 0.065885216 -0.15693045 0.0115918685 0.087812 -0.07008303 0.08845539 -0.054385208 -0.16773525 0.21204415 -0.104706064 -0.063139275 -0.055264167 0.07920651 0.084454924 -0.027012464 -0.22597335 0.010931085 -0.25694442 -0.038260255 0.2633147 -0.2615234 0.2162787 0.11492451 0.008683781
BOL 0.20802408 -0.54535276 0.11355153 0.03341492 0.2042291 -0.2848892 0.03380153 0.13505922 -0.0036744215 0.2842812 0.11656908 -0.027804717 -0.39156327 0.12626544 0.17036588 0.104602754 -0.22074471 0.011572505 -0.057542097 0.03627515 0.0026612561 0.04054487 0.24806239 -0.05648509 -0.10829225 0.049397234 -0.068807825 0.2673027 0.049426712 -0.28085983 0.16302216 -0.16404636 0.17431955 -0.024200242 0.025783822 -0.13887124 0.10417371 0.02138135 -0.20358528 -0.15879716 -0.06478383 0.17660634 -0.33987758 -0.06694067 0.2841386 0.10815059 -0.4714404 0.20756027 0.33866933 0.1617101 -0.08397683 0.06579346 0.22213402 0.020821273 -0.11247441 0.027987469 0.0070345276 0.010492467 -0.10135086 0.09688937 -0.07890523 -0.11899194 0.26971695 0.033472467 0.25310737 0.03527368 -0.11070262 -0.4734675 0.17084728 0.113691196 -0.0800715 -0.12933765 -0.068393916 0.016804064 -0.10639919 -0.2906347 -0.3372129 0.124905266 -0.03206773 0.17474633 0.052493926 -0.01849213 -0.05335994 0.20060575 0.053120155 0.1402925 0.22937588 -0.044221815 -0.004319536 -0.050376337 0.08779347 -0.05495657 0.13656406 -0.120109014 0.23821118 0.21423204 0.16243443 -0.008996473 0.17822288 0.040708974 -0.080365635 -0.0685125 -0.041841492 -0.11423623 -0.084741816 -0.11265351 -0.088249385 0.27488935 0.22180459 -0.12853122 0.27210882 0.06466974 0.08345371 0.031913813 0.058301646 0.014110978 0.009692945 0.20989613 -0.11918224 0.13490461 -0.12639436 -0.2338566 -0.07901506 -0.058650002 -0.11979826 -0.079280384 -0.057041872 0.13684173
SLV 0.10580927 -0.3848502 0.21343985 0.02019633 -0.0072820033 -0.14709021 0.15015039 -0.1440119 -0.0728896 0.0932373 0.018537248 0.0836376 -0.14612323 0.041357577 0.2375426 0.18574159 -0.24802165 0.25677365 -0.15393707 -0.0296772 0.09714791 0.29310456 -0.09281074 -0.28971487 -0.111132436 0.1318321 -0.044881374 0.14125828 0.27927658 -0.15802142 -0.19563578 -0.023362223 0.035372425 0.09906512 -0.15742882 0.112646505 0.04914407 0.12660587 -0.06020162 -0.12154096 -0.11989084 -0.03072524 -0.053818792 0.13187465 0.030698586 0.21806732 -0.016009524 0.024445213 -0.16806026 -0.061414205 0.14529777 0.01564501 -0.022074386 -0.06496265 0.044900324 0.10485578 0.25414407 0.026807979 0.019877972 -0.15410973 -0.07478013 -0.061419386 0.080543414 -0.018455949 0.20263645 -0.0835714 -0.0009120624 0.03112315 -0.11353207 0.027210318 -0.073562294 0.05549145 -0.2650712 -0.17843659 -0.084148265 -0.07597359 -0.100971684 -0.026832426 -0.011089194 0.07315124 -0.21547072 -0.0659058 0.16483124 0.33446467 0.118959315 0.0059850113 0.19405295 -0.25428557 0.11323933 0.12612756 0.02040263 -0.027399428 0.26522383 0.08982836 0.3448827 0.27700368 -0.17364126 0.04023161 -0.24957024 0.01899533 0.12934583 0.096496835 -0.051603306 0.11029385 0.19134004 0.041698877 0.15861887 0.41088134 0.117372185 -0.090008 0.3162488 -0.011910217 -0.06584466 0.079489574 -0.07366644 0.02992609 0.03348936 0.153831 0.024221538 -0.0006754065 0.050302844 -0.037344314 -0.07522086 0.13819863 0.09058036 -0.034956444 -0.15787008 0.16940184
ISL 0.2349511 -0.33253053 0.20456421 -0.08743966 0.3325231 -0.102193914 0.056824394 0.22476932 0.09812139 0.09003814 0.14173934 -0.0034132933 -0.25406095 0.2173759 0.20471258 -0.12138947 -0.20793034 0.15049279 -0.031878516 0.025191981 -0.09508397 0.25413957 0.12005066 -0.064612135 -0.3339207 0.040093165 0.12856515 0.30523095 0.033723734 -0.31293195 0.053432178 -0.21330133 0.1617953 0.020923857 -0.042862415 -0.1987427 0.18739448 0.032005444 -0.06337528 -0.071035475 -0.10241597 -0.008901931 -0.038608797 -0.17870325 0.026151191 -0.061236314 -0.37054583 0.06030287 0.4787678 0.15152442 -0.06687532 0.20805076 0.15635826 0.20674334 -0.10180179 0.35091707 0.25745898 -0.017584173 0.1373493 0.030813552 -0.059821483 -0.12612817 0.38542992 -0.09152266 0.31056687 0.18568096 -0.1429643 -0.029285787 0.09931444 0.21345438 0.03774879 0.003100725 -0.2936028 -0.23335168 0.05573501 -0.269421 -0.18505818 -0.032899294 -0.023388736 0.29546058 0.18778679 0.06857754 -0.05178777 0.3084315 0.11492074 0.053512994 0.13736323 -0.102472626 -0.15881409 0.03312065 0.01969548 -0.12771444 0.13030751 -0.054062802 0.15802702 0.19449219 0.08766328 0.0012794955 0.15436035 -0.1514547 -0.06976195 -0.1948855 -0.029015878 -0.13736604 0.07049654 -0.008790898 -0.1420561 0.1568147 -0.065830536 -0.23804122 0.1823468 0.019515837 0.083303556 -0.026108569 -0.0032570658 0.016497253 0.033432648 0.19063748 0.023058737 0.093735345 -0.2884078 -0.2623766 0.082069576 0.069513515 0.040998634 0.037682123 0.13343291 0.20678402
HUN 0.054630384 -0.41018498 0.15732737 0.03796428 0.10060299 -0.07177269 0.104943566 0.12732957 0.07695231 -0.03170354 0.107488245 -0.008921372 -0.23286435 0.113661766 0.12410837 0.004201431 -0.1613265 0.0038406919 -0.124765545 -0.16434607 0.007426465 0.16433348 -0.17274432 -0.16937588 -0.1574553 0.010264209 -0.0848048 0.22075547 0.18888755 -0.2097017 -0.039807852 -0.058659807 0.22132443 0.14575166 0.16107935 0.066542186 0.13217486 -0.01778663 0.10019087 -0.008995472 -0.18372664 -0.038914185 -0.02739581 -0.06728503 0.17410538 -0.0035505889 -0.24756819 0.072775915 0.22148678 -0.018329829 -0.008568747 0.04910664 -0.04251186 0.1085264 0.083161965 0.19573686 0.19690557 0.08079288 -0.0654212 0.08565236 -0.09336328 -0.0033609974 0.16506396 0.020095274 0.083528474 0.18423541 -0.04823869 0.038666755 0.024566632 0.019048622 0.14147663 0.1398074 -0.20851757 -0.17395262 0.24702576 -0.21450329 0.023901256 -0.08224079 0.11810357 0.13277093 0.023211485 -0.07956873 0.1067637 0.25687155 0.04406198 0.17540309 0.27503902 -0.1387672 -0.10129811 0.27534908 0.09340548 -0.06378627 0.14459115 -0.079267524 0.26374862 0.17794658 -0.13392816 -0.05215079 -0.21550304 -0.059948783 0.046631858 0.043802384 0.07256489 -0.12005125 0.11625876 -0.016547324 -0.08340587 0.091836885 0.08688182 -0.11145179 0.15178278 -0.04488828 0.114889786 0.025799168 -0.053887993 0.02946527 0.07873868 0.06484674 -0.071741566 0.043613896 -0.080338895 -0.13244331 0.035554588 0.10820736 0.11609809 0.35876545 0.014190656 0.13750707
PHL 0.2393974 -0.34133658 0.11721892 0.15258017 0.09029406 0.028029056 -0.11695196 0.17516977 -0.103075765 0.18276222 0.013777736 -0.16072902 -0.28170934 0.012877696 0.18101494 -0.060601793 -0.14388888 0.1369795 -0.1563534 0.008878217 0.17243548 0.080855995 -0.28968146 0.079602264 -0.19729936 -0.057473667 -0.057357673 0.18018411 0.16966513 -0.21825998 0.0036045255 0.021856718 0.017279057 0.21349679 0.13010308 0.11473109 -0.098630756 -0.24868807 0.08575848 0.06754242 -0.03022042 0.015222118 -0.08697538 -0.05672824 0.047889274 0.19785814 -0.0978964 0.47011834 -0.28899294 0.0238568 0.30082205 -0.05374022 0.008121075 -0.096666925 0.04010436 0.09045372 0.2891477 -0.07072838 0.049862728 -0.034900475 -0.08489157 -0.08479368 0.016517648 0.11698303 0.11348991 0.007234834 0.08516832 0.29532436 -0.05781742 -0.26924047 -0.058343954 0.03643285 -0.35859537 -0.05368819 0.11872434 -0.17401397 0.16746561 -0.16526866 0.020076144 -0.052801702 0.06319132 -0.1915286 0.2283747 0.1295271 0.23860773 0.19444151 0.16067658 -0.16666028 0.031068398 0.040524527 0.008134391 -0.06523721 0.21684867 0.080344014 0.21512328 0.03374025 -0.072298184 -0.15016408 -0.10976768 -0.078397065 0.015965052 0.047723394 0.22213973 0.0777556 0.026824454 -0.19896664 -0.02076121 0.043036103 -0.123516 -0.016473146 -0.0789981 -0.0765799 0.21438646 -0.038394522 -0.06677238 -0.0059527056 0.13624641 0.10318152 -0.09351728 -0.17526703 -0.08173202 -0.3029824 -0.11556678 0.2873979 -0.23558769 0.31830806 0.067180604 0.045432318
MAR 0.20452964 -0.39340037 0.22993311 0.24063206 0.054400004 0.021946214 -0.03398931 -0.0016959927 -0.09349277 0.087914646 0.39543465 -0.060228147 -0.2974665 0.11973166 -0.033833392 0.23164321 0.042001206 -0.010535986 -0.12126956 -0.13029651 -0.0017691727 0.32356733 -0.18046124 -0.022057446 -0.1744641 -0.16702719 0.15547411 0.046454877 -0.11247717 -0.015424795 -0.10646139 -0.047914702 0.28293577 0.11612637 0.15445459 0.16105402 0.29373905 0.029276382 0.124484085 -0.1770264 0.15461409 0.18732671 0.0254525 -0.123395346 0.21079662 0.23698746 -0.3383215 -0.032832157 0.12045731 0.18970689 -0.0078413915 0.099840835 0.046286657 0.019969497 0.11742996 0.21612044 0.1495665 0.04715285 -0.11147759 0.2739484 -0.03527991 0.14296646 0.11837365 0.08204294 0.016061623 0.010651675 -0.0830037 -0.049260415 -0.0641857 -0.04087982 0.06377106 0.0075031165 -0.3977123 -0.16961913 0.15184677 -0.21857879 0.046579923 -0.056451783 -0.10877602 0.23422751 -0.053146616 -0.118743524 0.1827118 0.19856331 0.12878272 0.15932949 0.0023455662 0.10774205 -0.10011253 -0.019287167 -0.021559514 -0.11809237 0.06106326 0.119600244 0.1864908 0.2747637 0.0006956985 -0.20132156 -0.3282553 -0.19524492 -0.07825732 0.007616513 -0.09358814 0.25714248 0.054003555 -0.067877054 0.10101625 -0.05579156 -0.14707205 -0.04747064 0.026221411 -0.11521162 0.08013041 0.06709723 -0.22925992 -0.015898304 -0.03914778 -0.026353471 -0.09061897 0.064534925 -0.24168375 -0.010121312 -0.060126152 -0.11180797 0.13166927 0.046570897 0.25128573 -0.05084528
PAN 0.13218735 -0.2861677 0.08791189 0.042781312 0.024910374 -0.1023913 -0.030153796 -0.18050702 -0.19836505 0.23620918 -0.0053234673 0.0038181008 -0.33099496 0.012849302 -0.054331753 0.35508153 0.029340163 0.14586475 -0.2259768 -0.122063175 0.024014583 0.12691423 0.3067137 -0.32463396 -0.09679304 -0.02480924 -0.27244776 0.016497098 0.00853185 -0.07121857 0.010955958 0.035221476 -0.015835822 0.012033029 -0.048868295 -0.039902553 0.23833537 0.1175271 -0.09593703 -0.13453701 0.12405455 0.16357581 -0.03849099 -0.049605604 0.23141308 0.16091456 -0.24579532 -0.04895658 0.09652559 0.15779561 -0.207932 -0.008918834 0.19000588 -0.014626545 -0.08680106 -0.0336265 0.18048908 0.106775194 -0.19355781 0.005992138 -0.10040924 -0.0057701436 0.05247103 0.03830507 0.25322676 -0.09449447 9.188817e-05 -0.32232183 0.1971644 -0.3044355 0.02401429 -0.057149682 -0.15716992 -0.058536988 -0.2788078 -0.24849896 -0.19354129 0.11144322 0.022547785 0.08950516 -0.23685943 -0.22809038 0.030126855 0.2940052 0.2226416 0.234454 0.2596193 0.06836476 0.0022759559 0.053243652 0.01692764 -0.0033032256 0.043698356 0.0074677626 0.4154668 0.2910668 0.16347213 -0.07779037 -0.044712983 -0.08489129 -0.1845837 0.2508485 -0.37027702 0.07021382 0.06475995 -0.13562061 0.20767058 0.47393027 0.22475164 0.090525046 0.16506162 -0.08048501 -0.036649797 -0.013246161 -0.16243576 -0.017706353 0.094257005 0.3576399 0.05808956 0.06587428 -0.092811726 -0.2564081 -0.24489224 -0.18036945 -0.30784333 0.068031125 -0.18863009 0.14089353
MLT 0.31526053 -0.35689822 0.18932459 0.15282765 0.35349146 0.30895323 0.07172144 -0.12635562 -0.052650373 0.1717129 0.15514289 -0.04311625 -0.55483204 0.16334297 0.22649443 -0.11667149 -0.12481272 -0.25746083 0.00065201736 -0.19100766 -0.23806107 -0.04351863 0.033213567 -0.22219267 -0.017964154 -0.07778759 0.12637311 0.10624706 -0.08458543 0.001447747 0.26449007 -0.08217861 0.13074063 0.09389079 0.33331734 0.048045278 0.12825182 -0.15280846 0.04520841 0.050225083 -0.36405283 0.23753576 -0.16843651 -0.3112972 0.34547916 -0.03549309 -0.26391703 0.4490997 0.22688724 0.092238486 -0.05434794 -0.074847244 -0.06901716 0.19254236 -0.0053523066 0.34113863 0.37900946 0.08135301 -0.09440939 -0.04341432 -0.0030323935 -0.124543674 0.32178015 -0.106233664 -0.04244207 0.01934952 -0.009491222 -0.0031641903 0.08335723 0.029274497 0.27660334 0.2725668 -0.050371367 -0.26984885 0.2153847 -0.4578876 -0.1226662 -0.0172761 -0.04941917 0.116570584 0.0039754277 0.15032348 0.026915785 -0.07970848 -0.34715965 0.12515913 0.16989148 -0.13193661 -0.21595316 0.3537763 0.18932842 -0.14475946 -0.040811755 0.21116291 0.2153097 0.1037512 -0.19039917 0.087397575 -0.17371145 -0.11424087 0.05231503 0.07562142 0.0274104 -0.15096942 0.27350482 -0.16783918 0.028621787 0.103893414 0.0037840041 -0.29014283 0.17369814 -0.34331387 0.10347598 -0.04610838 -0.14914995 -0.06725022 0.15833405 0.18065603 -0.036677133 0.05888093 -0.14849772 -0.09365804 0.12149041 0.22444774 0.19903803 0.3235695 -0.08896789 0.37608618
FIN 0.008363944 -0.14572383 -0.08120302 0.09326354 -0.029635284 -0.012001141 -0.045195002 0.09475547 -0.039952017 0.1387695 0.27144882 0.016140755 -0.3667047 0.12527104 -0.01682945 0.017540062 -0.07973053 -0.048164807 -0.0097762775 -0.14300738 0.11270966 0.004343599 0.061626796 -0.32004964 -0.25659505 -0.04542342 -0.12508987 0.13551828 -0.08947249 -0.15796618 -0.022100247 -0.07950102 0.15474789 0.041648887 0.196759 0.061624024 0.2726135 -0.07639242 0.02931398 -0.05475532 -0.15811744 0.22507595 -0.1464137 -0.12686276 0.2594291 0.038128775 -0.37272325 0.224892 0.24505222 0.14582212 -0.07967641 -0.0136453295 -0.01625225 0.26267532 0.2290151 0.16461828 0.28145534 0.19352457 -0.26632938 0.11905128 -0.022648545 0.039877336 0.24115902 -0.13570817 -0.02268554 0.027679691 -0.04838146 -0.14150707 0.10675055 -0.13275349 0.25906068 0.1241152 -0.11848753 -0.51503056 0.15662053 -0.2587204 0.09060049 0.1776236 -0.06341202 0.21700728 -0.0048189037 0.049004868 0.00339454 0.069228284 -0.12605634 0.18520342 0.20592727 -0.1227539 -0.12854722 0.20390494 -0.014104411 -0.16724688 -0.06964581 0.0033294503 0.31443417 0.006506026 -0.007757671 -0.08343621 -0.10803129 -0.013186089 -0.10978798 -0.10164985 -0.039500814 0.15848967 0.01370564 -0.09781332 0.1133319 0.078947805 0.09337977 -0.15180442 0.002951658 -0.21890096 -0.033384733 0.013465423 -0.35413128 -0.04154393 0.089951836 0.18422052 0.016028346 0.26918975 -0.1960548 -0.072135754 0.0042410316 -0.16258493 0.14342491 0.16078912 -0.13834827 0.021956166
CYP 0.27352107 -0.28103215 0.14220698 0.095241465 -0.021223214 -0.080659226 -0.053012107 0.13116716 0.0064343405 0.269427 0.16647005 -0.02158196 -0.17507762 0.22617275 0.2658109 -0.0005850807 -0.1518728 0.14002232 -0.03163859 -0.09325897 -0.049083937 0.26444986 -0.014125772 -0.19523257 -0.14338389 -0.014252459 0.08287093 0.12666738 0.06624372 -0.24804267 0.009739356 -0.24563064 0.014405173 -0.15050448 0.071724705 -0.027811395 0.06644505 0.24557547 -0.003965919 -0.25258076 -0.25122932 0.011674424 0.0109281335 -0.005413373 -0.0011393385 -0.053136025 -0.12489425 0.05479167 0.22829895 0.17136857 0.087680005 0.055012655 -0.07445846 0.15186884 0.1722911 0.14399365 0.19313611 0.10225802 0.014916229 0.04626088 -0.1285908 -0.09460953 0.2858298 -0.09667571 0.03612943 -0.004474073 -0.053532224 -0.10826275 -0.008373894 0.121035606 -0.044599574 0.13384488 -0.118294865 -0.37341523 0.16591094 -0.13701665 -0.034542955 0.092068404 -0.14448662 0.27137315 -0.049070902 0.0847624 0.14611968 0.3453586 -0.06311274 0.022908488 0.356513 -0.17770122 -0.013065108 0.13886163 -0.01047465 -0.12408752 0.22474359 0.26105794 0.5804829 0.2905554 -0.105119415 0.010654303 -0.23123671 -0.10137124 0.04690791 -0.1090603 0.089791946 0.21788943 0.2391868 0.026363753 0.22797547 0.3536553 0.07190563 -0.23133796 0.24266294 -0.050753012 0.012875507 -0.014716136 -0.2971587 0.07104424 0.1909501 0.2141032 -0.036586653 0.31087518 -0.08586365 0.046827905 -0.07137873 -0.0019167158 0.24051698 -0.11644397 -0.04838389 0.18554345
HND 0.26029223 -0.39121652 0.3726785 0.045787293 0.31385845 -0.14837214 0.14367053 0.0027834997 -0.018698584 0.42780307 0.12242083 -0.19643274 -0.018148396 0.17430595 0.2903448 -0.021784816 -0.29737827 0.15284725 0.058140554 0.12017965 0.1963618 0.11334395 -0.0018648377 -0.013815852 -0.14341445 0.037190784 0.046490774 0.25335896 0.25236687 -0.2448208 0.20094275 -0.014822952 -0.025471473 -0.093653716 -0.12058229 -0.25739908 -0.07055592 0.07690523 -0.14851938 0.003733668 -0.18784666 -0.010353783 -0.1248926 0.07987068 -0.07362851 0.0991116 -0.18376757 0.23667537 0.020105265 0.029006187 0.25125057 0.22303064 0.09895182 -0.07035033 -0.02988929 0.17954464 0.3666386 -0.15502875 0.08436696 0.032243527 -0.13916057 -0.29703107 0.28391987 -0.0775346 0.3270482 -0.096345544 -0.12961634 -0.050380837 -0.019374825 0.33191285 -0.14380655 0.1475731 -0.4025038 -0.072324775 0.15404452 -0.40927342 -0.33397985 0.034469377 -0.06750446 0.11439485 -0.0041645323 -0.06090037 0.083201006 0.29863685 0.35601935 0.08496546 0.20069855 -0.23426814 -0.13402998 0.09567913 -0.021251516 0.03067872 0.37282956 0.07621264 0.40618333 0.2119878 -0.04049363 0.04400882 0.07506843 0.010251587 -0.0016333612 -0.048561607 0.15129223 -0.3067545 0.044050485 -0.10054978 -0.079167634 0.19251737 0.05192966 -0.17021032 0.30728474 0.08015162 0.11254071 -0.05640895 0.10112213 0.15854758 0.044180095 0.23605011 -0.1838746 0.016860817 0.09425729 -0.04433134 0.09619392 0.10214509 -0.009589889 -0.068292916 -0.0576557 0.14615586
MNE 0.049909197 -0.4196102 0.067184106 -0.10386003 0.17314507 -0.2510284 0.19341959 0.28194022 0.1506429 -0.010865912 0.23560034 -0.14495437 -0.23676017 0.1631244 0.13456427 -0.1048157 -0.1988028 0.083375305 0.05923041 -0.035242017 0.1517053 -0.0075164544 -0.12435825 -0.07848977 -0.34887746 0.046200626 -0.16993724 0.3199446 0.1957897 -0.3929263 0.10844246 -0.058857474 0.11014518 0.07449184 0.07650505 -0.2896252 0.08447586 -0.047949754 -0.20151018 0.043029193 -0.35100648 0.06252648 -0.045843877 -0.010902843 0.09608405 -0.30439094 -0.32799527 0.19499157 0.37382057 -0.06350062 -0.015389561 0.041782726 0.010363103 0.264694 0.06128557 0.33813503 0.25638148 -0.045161773 -0.16464925 0.07387505 0.02306871 -0.06536374 0.40440392 -0.24179164 0.24656548 0.23525344 -0.1646324 -0.07651807 0.17642833 0.16486631 0.08695122 0.23190498 -0.08764586 -0.34663042 0.20713106 -0.25530577 0.08459024 0.09813811 0.19315335 0.16742419 0.062451977 -0.12181464 -0.13262784 0.18493173 0.19414465 0.14033797 0.28646365 -0.27317905 -0.18085632 0.35043174 -0.021122655 -0.13402952 0.21028219 -0.1291938 0.20641941 0.07677759 -0.0064006555 -0.14444384 0.12414303 -0.038005598 -0.12400406 -0.37918633 0.11383191 -0.30504605 -0.05023664 -0.029194627 -0.197383 0.068348646 0.16474217 -0.2966786 0.047151316 -0.110700674 0.12519948 -0.10995961 -0.09877598 0.08845146 0.24107268 0.27963376 -0.28848374 0.016801784 -0.27212396 -0.12634225 0.08418182 0.0463002 0.019351965 0.32968566 -0.003451081 0.18139262
KGZ 0.1644147 -0.24188517 -0.12935893 0.26563716 0.0699871 -0.027859194 0.053055476 0.18856843 0.061351683 0.2675565 0.35285774 0.08987667 -0.43769926 0.04348551 0.20408183 -0.19395164 -0.45597744 -0.24116962 0.120254055 0.10464549 0.2384312 -0.079218805 -0.29229474 -0.54476064 -0.5367284 0.23092195 0.028683929 0.35829127 -0.103225894 -0.21457912 0.120107755 0.023984116 0.25728974 -0.021727832 0.05899611 0.12256201 0.25037792 -0.34657103 -0.18176791 0.12829125 -0.14305954 0.11659829 -0.5383414 0.12718417 0.373669 0.054937236 -0.42377126 0.56101096 0.017426115 0.14446315 -0.027645431 0.007675969 0.052936267 0.09089307 0.3232678 0.20441094 0.40240777 0.14241044 -0.22178227 0.088613346 0.012974197 -0.0430655 0.36063224 -0.12992541 -0.06121418 -0.050970744 0.022419069 -0.08710932 0.04923533 -0.059939425 0.3567864 0.12776369 -0.1490426 -0.8116214 0.274831 -0.25466448 -0.006483586 0.18966304 -0.069998376 0.10677733 0.12471565 0.012063654 0.04534567 0.050643556 -0.23046966 0.12714437 0.28718847 -0.24832182 0.10744189 0.19490705 -0.046273056 -0.080113456 -0.05428518 -0.010256648 0.13957328 -0.13260327 -0.20209543 -0.044976473 -0.060364787 0.15607032 0.1549204 -0.163882 0.18009229 0.045387708 0.05706433 -0.016741632 -0.05914971 -0.1262171 0.21606961 -0.27687114 0.14763243 -0.014524905 0.012912711 -0.03509442 -0.29580075 -0.13820945 -0.055789445 0.1358453 -0.100322716 0.37491608 -0.0979528 0.022022141 0.1472209 -0.153613 0.20306754 0.09784554 -0.12506782 -0.0051036403
BGR 0.093494706 -0.33049363 0.082833655 -0.010717659 0.065034546 0.04728175 -0.01946998 0.09300249 0.08999518 -0.017036295 0.044902083 -0.071417555 -0.38578686 0.012278489 0.17755124 -0.07386456 -0.037788946 -0.049266428 0.03990961 -0.07622745 -0.03991226 -0.074212104 -0.22897124 -0.012791977 -0.2901089 0.0028406263 -0.10180962 0.20193979 0.08076261 -0.21408741 0.11779732 -0.018705731 0.13376036 0.18820812 0.3474268 -0.014908909 0.057375573 -0.25596228 -0.025275283 0.15791501 -0.24943356 0.055406168 -0.02967125 -0.11038067 0.1913474 -0.1379038 -0.23682365 0.42272747 0.18465517 -0.03147385 -0.08628886 -0.12470873 -0.026646852 0.25899282 0.029977845 0.08979107 0.13785902 0.05154167 -0.16983196 -0.04145501 0.013578656 -0.029538313 0.2330727 0.00641801 0.072800845 0.1702901 0.016161202 0.17195068 0.14116164 -0.16007094 0.1504382 0.20917037 -0.061588086 -0.16873887 0.19296265 -0.20447214 0.16009541 -0.07487031 0.113156684 -0.018779336 0.035967007 -0.16024283 0.038244784 0.08059021 0.012022472 0.14604703 0.30544823 -0.2247956 -0.10952419 0.36913666 0.14205626 -0.05767333 0.14298335 0.0693005 0.23250179 -0.022986703 -0.13752535 -0.10044029 0.008656109 -0.19611377 -0.022160934 -0.22017965 0.12541898 -0.12263663 0.11240166 -0.13156278 -0.07222051 0.2053337 0.19772369 -0.16150863 -0.026684003 -0.26621288 0.21954295 -0.08238664 -0.19954537 -0.07342013 0.31184617 0.18003775 -0.17848755 -0.005482074 -0.06938334 -0.19510674 0.028716628 0.18790744 -0.15013143 0.41169032 0.09413682 0.16917363
AUT 0.23190889 -0.18419123 0.0150107145 0.08899933 0.22440718 0.17978948 0.033734746 -0.0009069389 -0.024216782 0.11396196 0.080893755 0.06334409 -0.4581955 0.08146879 0.195607 -0.17313288 -0.13032733 -0.1332882 -0.087685004 -0.06324597 -0.117536694 0.020000279 -0.0073945117 -0.26480526 -0.20722893 0.020559013 0.041268345 0.15131056 -0.067688674 -0.10157973 0.15455046 -0.08050327 0.01105906 0.102824084 0.16962956 0.050102975 0.095437646 -0.21543649 0.009768221 0.12351518 -0.21350881 0.119039536 -0.15888199 -0.20360377 0.26232213 -0.0019312489 -0.17720139 0.42450798 0.12889335 0.10157876 -0.07529694 -0.09561848 0.014796981 0.1685258 0.031660188 0.26642165 0.41979182 0.03629972 -0.104780756 -0.106688224 0.015420099 -0.06087383 0.2664836 -0.07475225 0.040818017 0.04242181 0.05730788 0.05641563 0.12936541 -0.10197734 0.3011597 0.17754664 -0.07546869 -0.37407228 0.07440548 -0.25521696 0.015552897 0.0063612754 0.00643343 0.078044236 0.08982871 0.08513421 0.016897628 -0.037146688 -0.27883583 0.15350626 0.13191725 -0.092570186 -0.12962547 0.25873336 0.13808121 -0.15144292 -0.0795499 0.103658654 0.110090904 -0.005557711 -0.12927741 -0.031243404 -0.034855384 -0.088263236 0.010304686 0.019710958 -0.04211987 0.01584111 0.21804732 -0.145658 0.029406544 0.10114858 0.00951919 -0.24910718 0.0742071 -0.24749176 0.10146239 -0.01558573 -0.17942269 -0.16638833 0.13224603 0.198367 0.04032721 0.038360074 -0.21649276 -0.1869829 0.016621241 0.15893024 0.07026027 0.3374364 -0.066672094 0.28471902
HKG 0.3361149 -0.37457022 0.2576342 0.23065382 0.100274 0.005920711 -0.045553282 -0.12010049 -0.0980432 -0.05479633 0.2566724 0.09231343 -0.11981453 -0.088650726 0.07393249 0.3120874 -0.008343672 0.0032406736 -0.17478348 -0.011050892 -0.053826023 0.45833588 -0.31623283 -0.16611584 -0.32085395 0.09816232 0.19850118 0.15099744 -0.118489355 -0.14254451 -0.25729984 0.06783147 0.25603512 0.09798089 0.058813844 0.21032664 0.19734262 -0.09892331 0.17429996 -0.049202245 0.31933075 0.0022153864 0.15064014 -0.052327003 0.15095672 0.116641715 -0.17775503 -0.09045297 0.053679504 0.13029195 -0.06575733 0.020465145 0.14742425 -0.04403005 0.06338566 0.20260952 0.27295607 -0.022911018 0.001806935 0.17672555 0.0012478903 0.07860581 -0.009409372 0.2504575 0.082878456 -0.04665155 0.048767522 0.26537803 -0.07672026 -0.12683591 0.101288654 -0.05858659 -0.5251998 -0.20954406 0.12382519 -0.18505825 -0.004282496 -0.21128911 0.03838544 0.13947105 -0.11108063 -0.35871205 0.30352664 0.3499044 0.28722876 0.18947627 0.030060217 0.14437695 0.0703467 0.019672435 -0.0184094 0.014142151 0.19446568 0.24891053 0.029795287 0.24740212 -0.12827486 -0.18895568 -0.33773464 -0.29674277 0.059962127 0.04472065 -0.158436 0.25876188 0.20975305 -0.077483885 0.09200119 0.08491385 -0.11572388 0.0022242996 0.09264217 0.019511284 0.24826522 -0.035300933 -0.16308022 -0.13222449 -0.039513733 -0.124343365 0.032606058 -0.10749186 -0.22527206 -0.12303191 -0.03444302 0.018878626 -0.11574266 0.12725529 0.48236105 -0.087907
CHL 0.08223868 -0.37497953 0.08757027 0.014745904 0.08226909 -0.06934273 -0.07808376 -0.09153992 -0.26705936 0.3288988 0.012055357 -0.07790077 -0.43009818 -0.0040134317 -0.13341005 0.3343244 -0.084121644 0.033622686 -0.2453762 -0.11555385 0.124184854 -0.018054234 0.37469742 -0.3328892 -0.07069404 -0.031498168 -0.3698299 0.16629988 0.02935468 -0.23782144 0.06788848 0.038120788 0.10548003 0.035352845 -0.11910782 -0.06211707 0.16744898 0.046522584 -0.02799394 -0.13847135 -0.02730995 0.24050319 -0.1817486 -0.13839981 0.26768422 0.17269823 -0.23714635 0.04916038 0.07002205 0.11682001 -0.18612789 -0.037905633 0.24259213 -0.0263876 -0.077185355 -0.045770682 0.14625908 0.03442904 -0.18578146 0.07380085 -0.020945 -0.108086415 0.09252806 0.19887783 0.26805016 -0.1216428 -0.04892741 -0.43140486 0.22127865 -0.21795033 -0.01944666 -0.16375266 -0.12883353 0.08507379 -0.31548604 -0.38049442 -0.3542473 0.17418684 0.013798371 0.09870196 -0.2204267 -0.22418092 -0.028680192 0.35081068 0.17437743 0.3353976 0.29259104 -0.0027029475 0.09117559 0.03797086 0.026259812 0.016958404 0.0076674046 -0.015890274 0.43172622 0.29554594 0.14703616 -0.02641257 -0.053635452 0.028085815 -0.042423494 0.27194232 -0.3237573 -0.084351376 -0.08509833 -0.22804347 0.13701238 0.5306371 0.42991745 0.07447751 0.24537596 -0.14980258 -0.048814744 0.051773753 -0.021548279 0.041210458 0.096930064 0.4052757 -0.0373622 0.04506897 -0.12802958 -0.41396216 -0.23067044 -0.12611575 -0.4380286 0.011448418 -0.36781016 0.1022486
UGA 0.1494083 -0.5730855 0.23690726 -0.006440086 -0.06904574 -0.23607603 0.044143543 -0.015400592 0.123420954 0.025488539 -0.21500884 -0.06032563 -0.296208 0.11121625 0.33153588 0.16682093 -0.28955352 0.23467979 -0.10281768 -0.19515924 0.0719281 0.28950235 -0.24291152 -0.04402989 -0.0032464832 0.17697917 -0.052999295 0.12912333 0.38692862 -0.26070234 -0.16790931 -0.20552848 0.13556051 0.14373116 0.21182519 0.22584239 -0.014797215 0.095011316 0.0047414848 -0.1932561 -0.20074914 -0.095999055 -0.11169049 0.13883783 0.13141151 0.25391993 -0.12662593 0.14880967 -0.038915228 -0.15765435 0.21369207 -0.047706053 -0.019868437 -0.06885252 -0.0010955131 -0.10696001 0.02294058 0.15684971 -0.07151911 -0.18556665 -0.16697374 -0.12941512 0.04960432 0.033311173 0.17720757 0.048376594 -0.03418061 0.08803835 -0.16775177 -0.06635321 -0.13146582 0.10186271 -0.22094204 -0.024361089 0.102383144 -0.08132663 -0.14103605 -0.11369725 0.05085352 0.007437783 -0.07670485 -0.03973704 0.2918065 0.42499796 0.081450984 0.09386953 0.2811751 -0.32869515 0.10797782 0.15472534 0.19054155 0.031757787 0.38751566 0.044834442 0.50763446 0.19808063 -0.17090133 0.021761565 -0.27023396 -0.11726481 0.07927579 0.014374742 0.25867158 0.12774715 0.18797767 -0.032763515 0.06470027 0.45729658 0.12126578 -0.06906986 0.29783875 -0.014118145 0.07835407 -0.010231012 -0.07091797 -0.010655974 0.12525997 0.087997414 -0.105383664 -0.010935868 0.26626313 -0.05506741 -0.11717901 0.30376968 0.027060706 0.12067518 -0.090557866 0.16223586
URY 0.049422294 -0.18207917 0.07592016 0.029525038 -0.06860881 -0.085411355 -0.063159786 -0.013795324 -0.08751528 0.04645358 0.22346959 0.09233688 -0.20532554 0.14020689 0.03804505 0.14075066 0.024916073 0.25353205 -0.09363371 0.011020711 0.15818901 0.08932986 0.10125777 -0.15611835 -0.19016096 -0.09138668 -0.10299593 -0.06441321 0.109551884 -0.03443183 -0.14002992 0.014479883 -0.011324098 0.0846652 0.050511435 0.1602786 0.24708432 0.15424156 -0.070357285 -0.13354816 0.09348438 0.30135602 -0.012650039 -0.0004423611 0.16387157 0.259902 -0.308059 0.044097595 -0.009878682 0.07909456 0.021433271 0.052657418 0.008307784 0.111388855 0.060222294 0.08132563 0.16597511 0.11367263 -0.16652904 -0.047341075 -0.12692213 0.078200966 0.08498404 -0.1584867 0.20777327 -0.040816803 0.016021952 -0.14134513 -0.012443337 -0.23164706 0.015381237 0.049816992 -0.24463254 -0.32752296 -0.078656085 -0.14265086 0.050173737 0.0796493 -0.1102086 0.22552784 -0.17392118 -0.12883998 0.060866695 0.21619545 0.20854162 0.033237904 0.09785438 -0.14246853 -0.08056412 -0.012304619 -0.04934483 -0.13999487 0.01847903 0.0642151 0.31213617 0.14777713 0.0458336 -0.112489425 -0.16895206 0.0050834375 -0.2771711 -0.029101955 -0.21749155 0.25470778 0.02665322 0.014390431 0.22584097 0.21267013 -0.06514737 0.07769431 -0.026613664 -0.11972914 -0.052354455 -0.006128412 -0.22630672 0.118966386 0.068794675 0.2190149 0.10264526 0.16321136 -0.064601526 -0.009295521 -0.16125521 -0.09625569 0.00043430907 -0.014796221 -0.107677884 0.054227863
EST 0.21582098 -0.28603873 0.11043486 0.15319502 -0.03781284 0.015352413 -0.031199034 0.120028846 -0.019389583 0.11514403 0.37264773 0.017991588 -0.26414812 0.05536573 0.040523417 0.11823388 -0.018193806 -0.0096313525 -0.065112405 -0.13925362 -0.07823626 0.21307978 -0.085807286 -0.21753667 -0.23862287 -0.0086125 0.04259624 0.19632658 -0.12901516 -0.19183338 -0.11291828 -0.094229914 0.1367178 -0.056001715 0.119752824 -0.033956677 0.24749047 -0.054552864 0.12523568 -0.13713872 -0.19815198 0.07955328 0.1042341 -0.105803765 0.16115668 -0.11476655 -0.17096184 0.119735576 0.12734959 0.18898329 -0.16516422 -0.0077079455 -0.09166435 0.14547946 0.25797448 0.16299836 0.21102645 -0.05896673 -0.033061113 0.22663905 0.17499521 0.084873125 0.115855254 0.026293576 -0.037398584 -0.06151225 0.02012415 0.06824284 0.11702519 0.04228327 0.17512718 0.082660064 -0.30142218 -0.38493687 0.15960151 -0.20970227 0.15155323 0.052355547 0.055711195 0.21160977 -0.087078445 -0.12408379 0.0746244 0.23108555 -0.046415377 0.23894626 0.18757403 -0.0076104235 0.028548915 0.1430151 -0.09017892 -0.061094917 0.06132134 0.11755572 0.24031736 0.24852186 0.024320005 -0.10479758 -0.19770972 -0.20576777 0.14535171 -0.10906008 -0.053966697 0.2066616 0.07511004 -0.030434871 0.14848408 0.047066428 0.025326755 -0.26555675 0.105121054 -0.07826346 0.07356378 -0.02442695 -0.29020122 -0.08955327 0.2084358 0.16080523 -0.19054528 0.14219947 -0.36941397 -0.08955565 -0.1687264 -0.06234159 0.007202278 0.19519417 0.121127255 0.0056037297
BHR 0.26035893 -0.41665787 0.05160509 0.21059069 0.13749751 0.054833725 -0.07838191 0.15368149 -0.22227252 0.15722731 0.010294421 -0.10847089 -0.34716725 -0.010992058 0.074673526 0.03349102 -0.07633651 0.041428078 -0.26899165 -0.03869587 0.027027791 0.2247554 -0.24581115 -0.0029750327 -0.17409441 0.057950836 0.050030023 0.29328954 0.04288355 -0.23705749 -0.0040567713 0.076623075 0.11313965 0.2107768 0.087092996 0.10810182 -0.09116165 -0.24460557 0.038388383 0.033407327 0.03258481 -0.07737178 -0.11841573 -0.07187301 0.121668175 0.13875763 -0.15471944 0.42474216 -0.25515077 -0.031265777 0.24630646 -0.15731576 0.23638742 -0.11233426 0.04746108 0.1969001 0.3146942 -0.06530382 0.043322787 0.09176644 -0.032518115 -0.043205593 0.12836152 0.14159615 0.045970526 -0.025501613 -0.06621592 0.16182157 -0.0052532377 -0.15270558 0.027542781 -0.08728906 -0.25056317 -0.08669716 0.012762698 -0.19834726 0.031276435 -0.08887813 0.0043015936 -0.012550781 0.11773164 -0.19440798 0.12440389 0.19950582 0.15262213 0.21774668 0.14914821 0.007636016 0.121024065 -0.011061626 0.05734746 -0.0513411 0.2390856 0.09832 0.1232334 0.022101754 -0.020691527 -0.15143482 -0.05286726 -0.07629495 0.043684658 -0.017803231 0.094805375 0.10106246 0.021217965 -0.19146845 -0.0010582411 0.028560448 -0.03314428 0.04339514 -0.0076265642 -0.13787769 0.19910552 -0.039452426 -0.04504548 -0.08093211 0.079818316 0.052165926 -0.096097544 -0.20839755 -0.08080223 -0.27771825 -0.118523575 0.24978775 -0.24494454 0.15716416 0.08720862 -0.008010474
SLB 0.24329342 -0.35120913 0.057712577 0.1827634 0.1576356 -0.10429368 0.13728756 0.15331216 -0.15822506 0.22733329 0.2705801 -0.007981705 0.012146887 -0.028535958 0.14848447 0.054291405 -0.05554614 0.0765714 -0.106382206 0.26151517 0.28682357 -0.11578958 -0.19884756 -0.15739793 -0.24623778 0.027980287 -0.038294036 0.06330857 0.049421858 -0.044568583 0.008355942 0.3637135 0.09853406 0.18480541 0.00823994 0.06632659 -0.0088670105 -0.21141735 -0.1972754 0.089284375 0.2210452 0.22914514 -0.24079905 0.15580706 0.11706957 0.19551562 -0.36654866 0.45053437 -0.1365514 9.945508e-05 0.14428534 -0.01733257 0.09729388 0.028053807 0.10081629 0.27270347 0.34159487 0.072470084 -0.0863938 0.05801084 -0.06809021 -0.0028620681 0.1666365 -0.020587962 0.19365466 -0.05317434 -0.03299459 0.06703176 -0.026571903 -0.17731111 -0.04776525 0.008820631 -0.0116842585 -0.2534627 0.14598542 -0.08602786 0.1722925 -0.09004147 -0.025685051 -0.016609525 -0.012252463 -0.30486232 -0.06611116 0.0678109 0.2393426 -0.049977716 0.12155426 0.12259324 -0.0178107 0.011908521 -0.09765181 -0.08652525 0.15296978 0.106770545 -0.011093053 -0.08985268 -0.2781126 -0.3419438 -0.19257513 0.15519935 -0.16332762 -0.14200215 -0.096250646 0.027836671 0.18368539 -0.19891065 -0.07382815 0.15172552 0.210386 0.18642487 -0.0715154 -0.13962114 0.14427811 -0.11260344 -0.2258109 0.13745503 0.031779777 0.08999265 0.015778339 -0.082036644 -0.012174244 -0.10750216 0.033757925 0.1229471 -0.19467695 0.058214646 0.06201541 -0.055430654
BHS -0.008984122 -0.13718669 0.007160671 -0.07348359 -0.03779176 -0.021435075 -0.18037182 -0.007954456 -0.21168098 0.2157455 0.10583219 -0.1442245 -0.36550766 0.07541048 -0.23481773 0.24495454 0.041178126 0.12114775 -0.20431827 -0.218404 0.12480249 0.027679788 0.3440243 -0.25345677 -0.19901739 -0.13460155 -0.30925298 0.091787696 -0.014873187 -0.23255076 -0.057186324 -0.03504265 0.060245343 0.06187298 -0.002668084 -0.03499257 0.29316145 0.12302192 0.07490283 -0.12019268 0.007946538 0.25075692 0.033115588 -0.19495976 0.22961311 0.1478821 -0.27168012 -0.02330812 0.22396316 0.17393595 -0.16556253 0.014587693 0.14825779 0.12876357 0.038215827 0.033869397 0.17361535 0.11447522 -0.22658949 0.12325561 -0.07770991 0.013662345 0.083260156 0.03690569 0.2659549 -0.06836401 -0.11566036 -0.27893552 0.17528383 -0.3045549 0.11370124 -0.021014214 -0.2388941 -0.13726276 -0.14410937 -0.37838683 -0.15874334 0.16705678 0.0090698525 0.2169979 -0.0762575 -0.18748802 -0.02838718 0.3013809 0.18111777 0.35354123 0.205885 0.0019571586 -0.095697656 0.06784882 0.00041509792 -0.06425859 -0.039303742 0.014827502 0.46265808 0.21117143 0.23082528 -0.0636485 -0.020156046 -0.11903271 -0.20875198 0.07339989 -0.257324 0.05862548 -0.1209737 -0.19091275 0.16146667 0.31246358 0.13885355 0.09091279 0.043945074 -0.21998501 -0.02021311 0.036235373 -0.21166924 0.009782198 0.10656894 0.34737995 0.031997375 0.14474837 -0.14715159 -0.3192911 -0.19377868 -0.15450613 -0.29227665 0.10422841 -0.21978688 0.033129573
MOZ 0.067305095 0.122218296 0.26911697 0.09972549 0.09887167 0.15441914 -0.23161985 -0.041606683 -0.3286105 0.063048 0.33775583 0.16651875 0.039989326 0.08774869 0.28133982 0.04106827 0.022519698 0.35065117 0.18368565 0.22397676 -0.052943975 0.078488044 0.20483267 -0.15677136 -0.4837308 -0.2236164 0.019342696 -0.03734109 0.08531172 -0.04512647 0.043401945 0.18708922 0.025674868 0.11099784 0.13071613 0.16792077 0.3275036 -0.015811292 0.09671161 0.2434331 0.1257913 0.15989159 0.31442034 -0.22520855 -0.04118369 0.042798035 -0.34055182 0.10266655 0.086553454 0.053411964 0.20458674 0.060532853 -0.10739179 0.22563903 -0.16875698 0.06149116 0.5192115 0.055764373 0.21968845 -0.26199323 -0.17606667 -0.15464221 0.06915118 -0.17392658 0.24484907 -0.12687601 0.102846354 0.39696872 0.019499103 -0.26507232 -0.036304966 0.08708584 -0.43826234 -0.3493027 0.18901916 -0.26642355 -0.010651865 0.033691112 -0.28777608 0.3473086 -0.19864385 -0.15514891 0.22164291 0.22019078 0.54526263 -0.0847246 0.047966134 -0.3042545 -0.2525169 0.06457085 0.0359085 -0.059983138 0.13885598 0.1854375 0.30193532 0.029014269 -0.21026734 0.09817617 0.03621805 -0.13112947 -0.32360187 0.0107133575 -0.22501491 0.032677904 0.23623651 -0.16499639 0.2758751 0.3574547 -0.1421884 -0.019011809 -0.18595341 -0.12719537 0.08130609 -0.1012383 -0.17525795 0.1372691 0.18703294 0.20828472 0.43042743 0.18412425 -0.09755466 -0.12657662 0.17339839 0.15090108 -0.061315816 0.04555967 0.0054106256 0.22411744
CRI 0.059475336 -0.3070924 0.21043345 -0.011020592 0.15961812 -0.23791565 0.1643769 -0.07490046 -0.04678936 0.14897871 0.3587407 0.066585146 -0.073857985 0.036082186 0.12374146 0.0110545205 -0.23743474 0.12640311 -0.02972164 0.27244446 0.2720856 -0.13363032 0.11515136 -0.27549392 -0.25634146 -0.0033359963 -0.11631184 0.17400181 0.1323178 -0.08151321 0.069322236 0.1434126 0.062177815 0.0044735456 -0.2065356 -0.13563433 0.12380534 -0.0670995 -0.33161995 0.008519038 -0.037681535 0.27545932 -0.27249336 0.050832506 0.110324115 0.17551693 -0.2689628 0.1794593 -0.08363248 0.07747334 -0.0251121 0.14612329 0.039582923 -0.029321995 -0.048576888 0.23421699 0.28379688 -0.09762008 -0.0020448565 -0.06933797 0.04630083 -0.0944122 0.25169972 -0.23563564 0.30464476 -0.07101052 -0.07221862 -0.19658057 0.11744955 0.11339519 0.006600394 0.06363777 -0.1758402 -0.29472387 -0.09272404 -0.20037472 -0.15193318 0.14578608 -0.08131524 0.09250382 -0.13520128 -0.11240436 -0.07263292 0.14881168 0.19881317 -0.004198347 0.110842176 -0.13102655 -0.0067639207 0.08973945 -0.12433186 -0.056212652 0.08459446 0.026991356 0.07483994 0.11669143 -0.14071876 -0.08038872 0.028908445 0.18160138 -0.0933 -0.05545316 -0.17446013 -0.21704794 0.09300556 -0.050132964 -0.031072913 0.22263718 0.21155228 -0.11394223 0.10416957 -0.031459827 -0.010169506 -0.032779537 -0.01776313 0.1860349 -0.044981036 0.20801915 -0.1279881 0.033587467 -0.09453298 -0.07445863 0.058964238 0.025903754 -0.07352598 -0.041963752 -0.14608979 0.12786162
LAO 0.2180095 -0.543212 0.098878495 0.121562034 0.09189688 -0.16636404 0.17016105 0.08291634 -0.07395828 0.025031112 0.12509882 0.11423822 -0.165689 0.03394823 0.17044075 0.07832513 -0.10212451 0.14540905 -0.067418665 0.3003578 0.138216 -0.016303636 -0.2564799 -0.15810171 -0.26779437 0.13968131 0.063509226 0.15041447 0.012706096 -0.045309074 0.023940569 0.32547155 0.23927028 0.26437864 0.17260337 0.1913782 0.08059355 -0.37436137 -0.33053434 0.073648214 0.30386564 0.14334822 -0.4670507 0.21679074 0.25356743 0.403839 -0.48181054 0.54208434 -0.1527308 -0.10258776 0.1231921 -0.0513938 0.25090083 -0.029776918 -0.032951154 0.24440211 0.2741194 0.21028195 -0.06599709 -0.09757877 -0.08027884 -0.055716213 0.23334433 -0.076948345 0.25082973 0.02514413 -0.1490745 0.08139237 -0.08396855 -0.15071489 0.050634008 -0.047708444 -0.029470135 -0.34546143 0.06725826 -0.0062889974 -0.09650414 -0.073886156 -0.12883009 -0.12882864 0.13119236 -0.33188006 -0.005949428 0.24452995 0.1843883 0.018042589 -0.0009030529 0.05584395 0.04234721 0.025414238 0.14031781 -0.058774058 0.13640448 0.1357969 -0.09718165 -0.15275934 -0.33993557 -0.2906843 -0.002092123 0.09947032 -0.1330995 -0.26657683 -0.12288127 0.08265319 0.22996806 -0.14387436 -0.10779252 0.19832025 0.16885841 0.21137597 -0.06585957 -0.1657018 0.22136968 -0.08692286 -0.15005141 0.020575212 -0.14085539 -0.04944202 -0.020312674 -0.14302622 0.21838634 -0.013862083 0.13541937 0.31938803 -0.26396692 0.093047656 0.17815964 -0.061041422
BLR 0.13322419 -0.2853493 -0.027518973 0.07403819 0.04747543 -0.0349726 0.043775782 0.054370567 0.06771365 0.033467833 0.1588585 0.007902507 -0.22234371 0.07342766 0.11004061 0.07551144 -0.124701805 -0.047410812 0.083769135 -0.10290934 0.010529623 0.020928666 -0.03820716 -0.29205614 -0.18481691 0.12382408 -0.039880928 0.13707185 -0.026686272 -0.14941128 -0.06987285 -0.027822765 0.17805338 0.041721884 0.21842562 0.02410499 0.20383064 -0.06051601 0.022407398 -0.088110805 -0.22238377 0.09793955 -0.122772954 -0.007243785 0.17525463 -0.055302624 -0.37623256 0.21559201 0.30237 0.028595928 -0.078396834 -0.06939031 -0.029893074 0.30440587 0.1833868 0.122641 0.18115602 0.20423886 -0.21000972 0.049096085 0.032274406 -0.04359957 0.23408929 -0.055474464 -0.02311121 0.027017163 -0.05322907 0.07313228 0.03692398 -0.02974179 0.14583124 0.10259734 -0.064790644 -0.4496964 0.2272927 -0.23047951 0.039668914 0.076744094 -0.0032683397 0.13109349 -0.06271421 0.010022826 -0.01660951 0.16048285 -0.07133987 0.07895601 0.30501363 -0.16595529 -0.060569488 0.2972255 0.023553891 -0.08930128 0.087154664 0.031039383 0.2855483 -0.044960212 -0.09190417 0.00412195 -0.13065474 -0.06992509 0.011019392 -0.21507539 0.024313964 0.096188106 0.10948279 -0.049574777 0.003854434 0.17763284 0.26971892 -0.20090412 0.1484718 -0.21873154 0.027812235 -0.08961873 -0.38632724 -0.026435228 0.2097434 0.19567817 0.0014512377 0.19780043 -0.11080965 -0.067449085 0.09465575 0.02954444 0.08783938 0.16907695 -0.08006383 0.058919072
TZA -0.10610592 -0.41262496 0.2299503 0.0080315545 -0.023456335 -0.34889966 0.1491048 -0.04347735 0.10379713 -0.17806843 0.21368626 0.2881934 -0.30131072 0.10485433 0.20079944 0.05533612 -0.26653114 0.17842804 -0.03558181 0.22028674 0.14733505 0.20542769 -0.1683368 -0.17179601 -0.3462332 0.0066204583 -0.054661583 0.19738969 0.1907947 -0.06530462 -0.08295794 -0.04628881 0.43564034 0.24100137 0.041368175 0.26581636 0.22028974 -0.20532186 -0.22424796 0.05641435 0.057271257 0.15615892 -0.31910935 -0.0065135686 0.31024927 0.39474228 -0.44239348 0.0692554 -0.037691463 -0.026672915 0.040750768 0.17939948 0.040313687 -0.15873817 -0.066461794 0.10040417 0.21480843 0.08120167 -0.019430486 -0.20268455 -0.13920552 -0.014640978 0.046296086 -0.13320854 0.31992975 0.14746527 -0.06221651 -0.10314369 -0.1346327 -0.007308575 0.121417895 0.016606541 -0.37291393 -0.3157282 0.0350588 0.06270825 -0.099865116 -0.1263594 -0.11458584 0.09298983 -0.049348615 -0.12681128 0.30484903 0.30856502 0.23206475 0.019870678 -0.023305777 -0.25017077 -0.016735552 0.054827668 0.06645306 -0.09306933 0.17678687 -0.0350528 0.1072818 0.24016047 -0.31229538 -0.07311376 -0.06726296 0.08970722 -0.062248923 0.035595335 -0.06434171 -0.023498464 0.15145117 0.027188785 -0.006368521 0.12957785 -0.029561255 -0.053551387 -0.020069862 0.20276926 0.053953 0.19672477 0.028936785 0.069994204 -0.24790375 -0.08912044 -0.014192723 0.068421856 0.039586455 0.0112523995 0.13045523 0.04806519 0.17399716 0.094573 0.15959102 0.027584555
BGD 0.24472079 -0.3081904 0.05055049 0.21299402 0.18438168 0.05477871 0.01600382 0.13399723 -0.21228477 0.20638026 0.12493752 -0.13805425 -0.23124081 0.034999307 0.064614505 0.014597676 -0.053628456 0.05859245 -0.2662439 -0.020356925 0.12751919 0.19056728 -0.25015765 -0.05743959 -0.21287937 -0.023533184 0.0117437 0.14926152 0.039223023 -0.17087975 -0.01397434 0.1468146 0.04238828 0.18812393 0.05808147 0.08532525 -0.062282514 -0.11713435 0.03388314 0.065775394 0.129697 0.02045577 -0.04524026 -0.024863984 0.11324379 0.16118358 -0.16997492 0.336621 -0.097197294 0.010995589 0.22349982 -0.07127058 0.14790738 -0.029591642 0.078722164 0.2654625 0.36868793 0.0122424215 -0.065015316 0.115129516 -0.07654985 0.020250104 0.12543835 0.06653304 0.14336352 0.020436177 -0.023381997 0.10797549 -0.01599809 -0.20998302 0.06137186 0.029693391 -0.1957388 -0.15046461 0.12511858 -0.20458506 0.15093975 -0.13210866 0.0067066373 0.044746555 0.083847836 -0.19752654 0.04421776 0.103309974 0.15936667 0.12890199 0.09930221 0.106857 -0.03530726 0.018397817 0.033001166 -0.09326797 0.14511509 0.055435337 0.09318511 -0.0074620657 -0.06913786 -0.296401 -0.1634784 -0.01873005 -0.13126206 -0.013492702 0.0016758193 0.14013524 0.08662177 -0.20615648 -0.029633746 0.008409387 -0.054744594 0.10302214 -0.07665863 -0.15257677 0.15276138 -0.039768748 -0.11262968 -0.030550934 0.07032801 0.108474985 -0.010030657 -0.1506375 -0.09880101 -0.18268396 -0.06959475 0.11627308 -0.124914415 0.20917967 0.09219345 0.04220757
TGO 0.30363122 -0.46077842 0.27689138 0.105328865 -0.11135799 -0.05586057 -0.06704123 -0.122208595 -0.07377885 0.2811273 0.0006599852 -0.06411008 -0.26226416 0.1128542 0.23349717 0.19607785 -0.09616661 0.30745202 -0.117798366 -0.108855836 -0.046166256 0.20668127 -0.053463895 -0.11943881 0.16881625 0.07757641 0.051197387 -0.03384763 0.16518892 -0.061911702 -0.13691542 -0.106211446 -0.0869121 -0.020526588 0.053128798 -0.0048632417 0.031599887 0.27989912 -0.11848601 -0.36253637 -0.17701308 0.15438417 -0.14413515 0.15126301 0.11468223 0.18968 -0.027135635 0.17576435 -0.28015485 0.1113356 0.04577689 0.011228397 -0.10046905 -0.023142507 0.011090937 0.07828774 0.077622 0.025223587 -0.009289148 -0.09534307 -0.082675144 0.015313392 0.16397965 -0.07564939 0.07837944 -0.18308155 0.051786337 -0.095822975 -0.018866088 -0.10186043 -0.2076121 0.119924136 -0.20245323 -0.263266 -0.15020955 -0.0995123 -0.060246028 -0.011679281 -0.04721622 0.14480622 -0.34264943 -0.16801156 0.10331231 0.28225344 -0.007021499 -0.1013691 0.36676365 -0.20436871 0.13183229 0.03999602 -0.07046375 -0.085901536 0.2317307 0.2816532 0.5568249 0.37138656 -0.039286483 0.016211953 -0.3244624 -0.08061702 0.051757198 -0.020346137 0.058899835 0.2762065 0.24292158 0.14048417 0.37677756 0.43077248 0.07315486 -0.011652516 0.31224248 -0.17418592 0.040466137 -0.124576695 -0.26243234 0.080070935 0.18440326 0.24798623 -0.09432033 0.13171336 0.086996384 0.0661663 -0.2962441 0.17107418 -0.029581185 -0.05821509 -0.07154531 0.20385101
TUN 0.19081716 -0.56403035 0.13908146 0.10956703 0.026886499 -0.14053065 -0.13828331 0.049797826 -0.018019898 0.10166111 0.20360902 0.029953415 -0.38303423 0.087263055 0.16311346 0.21970153 -0.02907439 0.09731665 0.000804158 -0.03820828 -0.1087809 -0.026786687 0.15809816 0.00063220016 0.14920105 0.031102981 0.0063753636 0.037704322 0.091637515 0.012813059 -0.07897524 -0.089240134 0.20297731 0.06813088 0.24711742 0.034806535 0.21018581 0.06785701 -0.048825156 -0.27505842 -0.1341405 0.26727536 -0.24349143 -0.11332433 0.24459322 0.1240999 -0.5096029 0.21410003 0.05013326 0.14367372 -0.06474719 -0.06361079 -0.026694376 0.1636123 -0.05780312 -0.05678035 -0.12254655 0.095208466 -0.05909587 0.015503665 -0.0031743073 0.024331134 0.18351051 -0.016706692 -0.035719436 -0.011146631 0.0016433917 -0.15298173 0.09946783 -0.06837987 -0.13123198 -0.10075724 -0.07215419 -0.09003019 -0.08565839 -0.17926979 -0.05383947 0.10331902 -0.11175767 0.18411621 -0.22195093 -0.023662353 0.024154902 0.1606633 0.009209044 -0.069648944 0.34211743 -0.17804216 0.10532522 0.009482607 -0.025490211 -0.11422987 0.11429401 0.045379605 0.32471278 0.13709967 0.10415463 0.046639413 -0.04723639 -0.051319838 -0.055824563 -0.100237966 0.03404131 0.12604992 -0.007394579 0.0786976 0.10610362 0.28625563 0.18309186 -0.083728105 0.18193068 -0.13307019 0.07010166 -0.09375954 -0.23343699 0.09824552 0.17975433 0.1724353 -0.027930954 0.19431104 -0.13801765 -0.16767098 -0.14744812 0.09795563 -0.04656715 0.022319224 -0.074349776 0.12714012
LUX 0.17450894 -0.42217445 0.16033763 0.24828222 0.094494276 -0.032292116 -0.19000721 0.22277473 -0.07243937 0.3370506 0.30670452 -0.09395425 -0.40621087 0.2913511 0.08846717 0.044694625 -0.077093415 0.05053607 -0.074225634 -0.050484337 -0.040365223 0.22686057 0.026538182 0.161225 -0.13349551 -0.27934995 0.18770786 0.15796645 -0.044762213 -0.15544595 0.1407329 -0.26376534 0.36305776 0.082612135 0.22734477 0.06595649 0.21927914 0.06789012 0.034026217 -0.20751233 -0.018197136 0.20443931 -0.24276854 -0.26236832 0.20551763 0.2630069 -0.5083457 0.19777922 0.22494285 0.2851859 0.081068106 0.17090525 0.11514379 0.047094833 0.027534744 0.179437 0.011412804 0.102230884 0.012936121 0.23256685 -0.17150918 0.028045071 0.33883932 0.018620742 0.07127264 0.088233955 -0.18803728 -0.31739867 -0.026841398 0.08249467 -0.06791129 -0.09218772 -0.23706067 -0.055747174 0.15969577 -0.24043639 -0.08882806 0.018479513 -0.27421123 0.3496185 0.13948096 0.08206489 0.109305866 0.20192617 -0.007599512 0.048192114 0.111967504 -0.0112439925 -0.105408475 -0.16546696 0.05692206 -0.21605255 0.103798375 0.06740292 0.39952463 0.2569076 0.05280447 -0.11552529 -0.09511002 -0.040706206 -0.15364821 -0.09037499 0.12886626 0.11251374 -0.031455405 -0.08285706 0.054308057 0.0613532 -0.10500817 -0.07142541 0.088968895 -0.09568746 0.09436385 0.14187926 -0.15601529 0.07076295 -0.03459265 0.08461458 -0.09035588 0.2568771 -0.19388337 -0.073147744 -0.029440759 -0.09732275 0.20343274 -0.12692901 0.122245885 0.017300753
UZB 0.16284528 -0.17097475 -0.1447944 0.21829288 0.03686936 0.08857285 0.011047692 0.12814015 0.045618873 0.16518962 0.23245588 0.07148774 -0.45978022 0.028844565 0.13269249 -0.12463555 -0.31876484 -0.26385307 0.064062774 -0.006977562 0.085340165 -0.017669199 -0.18384637 -0.5015709 -0.4367996 0.1809686 0.03261432 0.3033259 -0.16376707 -0.18298389 0.07679577 -0.0458042 0.25885615 0.023850475 0.13784896 0.13299954 0.24372038 -0.2656243 -0.06795228 0.04498318 -0.1848633 0.1184648 -0.37938014 -0.028665679 0.39348254 -0.0077004656 -0.3462689 0.46050254 0.07669605 0.1189223 -0.0985047 -0.07588246 0.058408838 0.13728121 0.27196845 0.1790411 0.3636888 0.12031339 -0.21917309 0.12464158 0.044035204 -0.018878262 0.32031748 -0.06297973 -0.11876685 -0.046506558 0.008721881 -0.06847341 0.07130465 -0.047308397 0.371484 0.10881504 -0.10276131 -0.68401194 0.23734802 -0.26800978 -0.028430847 0.16461512 -0.056490336 0.12559213 0.05393329 0.054041594 0.026255984 0.11434997 -0.3316355 0.17991415 0.272239 -0.17911005 0.096251145 0.22868028 0.005315754 -0.11009473 -0.077353545 0.050190456 0.16554528 -0.079944514 -0.16524717 -0.021183765 -0.102742255 0.030569 0.13835545 -0.1270439 0.1280738 0.06320356 0.041392636 -0.053839333 0.048626162 -0.063398555 0.18091398 -0.29199204 0.16012788 -0.12357014 0.029275341 -0.004386429 -0.28874356 -0.1854215 0.041740794 0.13626118 -0.07325146 0.33069983 -0.16788098 -0.07060869 0.06945706 -0.078080244 0.17310151 0.13279518 -0.100059815 0.019222204
GHA 0.23984735 -0.2960441 0.24712907 0.05874477 -0.084613405 -0.037621405 -0.07567683 -0.14229904 -0.02675298 0.24171907 0.023487391 -0.1021693 -0.27111852 0.045159135 0.08966711 0.1818692 -0.11888639 0.20900568 -0.22243956 -0.06253186 -0.03172264 0.23604105 -0.081497714 -0.13340755 0.12722099 0.051588967 0.04414903 0.07028385 0.07059701 -0.06807188 -0.15130496 -0.1318231 -0.06923687 0.029792087 0.03331973 -0.06587486 0.10088554 0.14735116 -0.07043832 -0.3076585 -0.1673759 0.19826776 -0.11512274 0.057963505 0.17623712 0.211127 0.039058752 0.16357513 -0.33824944 0.14194001 -0.07119203 0.010680369 -0.061773382 -0.08840766 0.036862228 0.10741445 0.122164205 -0.049473885 -0.05701171 -0.050301168 0.048788905 0.022258796 0.08980706 -0.06502494 0.082257584 -0.21082415 0.07298467 -0.091668025 0.02435466 -0.13068703 -0.095613755 0.058605205 -0.31213298 -0.21702193 -0.1764093 -0.10443106 0.06527475 -0.1120278 -0.010251766 0.16733557 -0.3227409 -0.2516402 0.124970384 0.20022771 -0.041443642 -0.03471997 0.23578066 -0.1381615 0.13604942 -0.019513128 -0.082622334 -0.12351715 0.13061555 0.23563851 0.43808648 0.3360344 -0.045409005 -0.055948827 -0.34095544 -0.1653388 0.06898769 0.038845897 -0.0038163338 0.24181153 0.15928255 0.07122441 0.34556767 0.35001945 -0.0031574448 -0.077795684 0.26133943 -0.19397186 0.07292631 -0.10698953 -0.24241433 -0.0065636695 0.14683926 0.26385275 -0.18917252 -0.008932273 -0.08269505 0.01800533 -0.3634669 0.17197965 -0.100406945 0.06366406 0.045022067 0.12804846
IRL 0.028372476 -0.17098142 -0.0601731 -0.07659667 -0.11967993 -0.10217296 -0.004217119 -0.10160559 -0.0015748952 0.009541274 0.04954486 0.016950194 -0.12608787 0.004629255 0.01398587 0.24707012 0.02047825 0.15676726 -0.010437674 -0.13051076 0.07836963 0.028201995 0.23387627 -0.39630437 -0.15575562 0.20399868 -0.16804007 -0.03281104 0.07384562 -0.060437452 -0.2514217 0.100845836 0.017479481 -0.014796165 0.12958889 -0.013144887 0.17689219 0.11782952 -3.0760973e-05 -0.15821154 -0.063619755 0.15875196 -0.017287135 0.0673988 0.17366241 0.07656134 -0.379013 0.053706944 0.23983203 0.054159332 -0.13460495 -0.09652943 0.006688857 0.3208567 0.09417848 -0.005823094 0.16020569 0.28204897 -0.28111172 -0.062440272 -0.05236504 -0.010315179 0.18743785 -0.06328702 0.10473907 -0.088971086 -0.052391794 -0.023409128 0.105876975 -0.23108612 0.07099116 0.11626411 -0.030904243 -0.4287401 -0.04167971 -0.18665537 -0.03863073 0.13457699 -0.020420931 0.116505094 -0.21441536 -0.121166624 -0.020780396 0.29638454 0.16382447 0.046911765 0.39080253 -0.11219376 -0.021962771 0.25720975 -0.03597104 -0.06801167 0.1628953 0.09850893 0.42630446 0.047739528 0.02705267 0.06178333 -0.08359233 -0.10757601 -0.10647213 -0.15066041 -0.17990062 0.21951514 0.08676719 -0.0024548254 0.16168533 0.37350556 0.29410127 0.05021547 0.10927666 -0.23077548 -0.042842932 -0.13615635 -0.4931303 0.04599204 0.21273361 0.23660429 0.13486843 0.1797236 0.05428435 -0.10198081 -0.03537881 -0.030210102 -0.07392587 0.07588569 -0.17328286 0.031948846
GIB 0.23658697 -0.27497506 0.12873454 0.06748918 0.18463731 0.07044475 -0.0030159394 -0.11356153 -0.050819173 0.08845254 0.040678132 0.039671525 -0.39404216 0.05172458 0.19057812 -0.011677651 -0.0118155135 -0.07429777 -0.08116637 -0.058161758 -0.118496776 -0.057413135 0.113172375 -0.13943136 0.0031464864 0.0027551404 -0.014498274 0.024986682 0.0018938491 0.034907646 0.15226845 -0.06048949 -0.001835995 0.081362344 0.20444329 0.05612521 0.095437534 -0.097116776 -0.011668146 -0.023934448 -0.1428809 0.23180002 -0.14499779 -0.19435444 0.27765015 0.059152275 -0.22893496 0.3004939 0.076295376 0.0724983 -0.0968929 -0.13141885 0.015210787 0.11241639 -0.11207139 0.06640713 0.1867811 0.025065903 -0.1073527 -0.12747072 -0.007862891 -0.08998285 0.18127611 -0.06782147 0.012425418 0.0061870012 0.07143563 -0.07991271 0.12957324 -0.17718813 0.07041901 0.11039146 0.015807211 -0.13636433 -0.052538995 -0.26009765 -0.052806657 -5.2829753e-05 -0.014675665 0.098662555 -0.092448294 0.013967163 0.06867042 0.01857977 -0.14093477 0.054346856 0.22979756 -0.101928525 -0.061084915 0.1743868 0.11795399 -0.10267659 0.013999654 0.15058884 0.23993158 0.0919279 -0.09798682 -0.041205354 -0.14742999 -0.13111766 -0.105832994 0.08040055 -0.12225661 0.021874309 0.22494136 -0.18309835 0.12969933 0.34294018 0.11926578 -0.15227574 0.12844537 -0.24477881 0.079663046 -0.08767741 -0.16520669 -0.04544518 0.16343394 0.20177647 0.033175398 0.011617187 -0.15089321 -0.1828967 -0.07768145 0.16529994 -0.048749078 0.18950228 -0.11261763 0.29385287
ABW 0.06726178 -0.2641495 0.047949217 0.013476597 0.046907403 -0.1273668 -0.009289881 -0.16806631 -0.2940497 0.24937958 0.101542495 -0.033749044 -0.33522624 -0.01116957 -0.16113436 0.36184764 -0.030014899 0.082719 -0.2698649 -0.09515087 0.17117153 0.061605565 0.41054443 -0.39868128 -0.17721045 -0.052685518 -0.33915576 0.1027827 -0.023790263 -0.15558948 0.012313617 0.031918474 0.017510453 0.035732985 -0.14126904 -0.01366205 0.21902442 0.053022962 -0.055829857 -0.15916297 0.108833924 0.26173416 -0.10995356 -0.1068672 0.28484976 0.28144866 -0.27424327 -0.03149924 0.12651165 0.15300313 -0.18690795 -0.0375046 0.2373078 -0.0076728715 -0.022329796 -0.058401197 0.24261887 0.0758899 -0.26847243 0.057013325 -0.038191576 -0.056304134 0.050691 0.04193258 0.2940858 -0.15026788 -0.0861488 -0.401167 0.1980913 -0.2699532 0.07063895 -0.10740069 -0.16977839 -0.10268566 -0.30145335 -0.3611165 -0.2770976 0.17483696 -0.065036274 0.122805275 -0.18899883 -0.15258588 0.013982831 0.30324006 0.20104681 0.334427 0.20204099 0.055899374 0.0058309203 0.059611566 0.0141024925 -0.017912969 0.020181157 -0.018685766 0.37966225 0.24086459 0.15585248 -0.05765244 -0.025033392 0.021046208 -0.1901857 0.24060634 -0.4443724 0.047389667 -0.059212588 -0.27420858 0.15010852 0.42647234 0.31608245 0.06427706 0.12743825 -0.12214949 -0.111848295 0.0754917 -0.13904569 0.0069010933 0.06315257 0.37320757 0.034586724 0.058285326 -0.12772253 -0.30751672 -0.18168996 -0.22398 -0.319705 -0.028111765 -0.31526873 0.05885396
SVN 0.24568295 -0.22671202 0.28903115 0.13156539 0.038391516 -0.05069268 -0.11509282 -0.0086705955 0.096214354 0.14033774 0.38481572 -0.089204624 -0.03811303 0.11635346 0.050520826 0.14644314 -0.15570869 0.03383308 -0.11138539 -0.05248115 0.03758824 0.30048877 -0.23721404 -0.08865152 -0.35916013 -0.11710744 0.17437063 0.19413413 -0.08852838 -0.33251935 -0.17035696 -0.13549873 0.23720978 -0.035211988 -0.036585845 -0.001454248 0.31460702 0.16187832 0.17734759 -0.13968669 0.03170639 0.114901975 0.14814518 -0.06256022 0.040008903 0.03500619 -0.16690032 -0.15427226 0.25290614 0.3130535 -0.17418034 0.20819367 -0.0075897495 0.053335443 0.18198834 0.269083 0.14444509 -0.038605202 -0.0042331764 0.28498203 0.061873507 0.06981452 0.15842761 0.11686835 0.16519162 -0.029615324 -0.08500802 0.019925756 -0.05914727 0.02732161 0.06111234 0.090956755 -0.457003 -0.17820753 0.25375563 -0.26667696 0.03796713 -0.10283641 0.06343102 0.29150292 -0.018625934 -0.27149767 0.21294008 0.3582502 0.09661805 0.22468513 0.111789085 0.033090502 -0.05550699 0.028497702 -0.12015031 -0.06790821 0.06790834 0.24542704 0.3174258 0.3459796 -0.03035325 -0.1829646 -0.36719373 -0.25227803 0.065750465 -0.06289121 0.034905892 0.11227571 0.05616238 0.008689363 0.07803815 0.1154448 -0.09491294 -0.111636795 0.21436211 0.03237831 0.24590524 -0.011574664 -0.2484999 -0.020242156 0.0052534426 0.11139661 -0.17587905 0.1253589 -0.28631204 -0.114226714 -0.036940288 -0.09400724 0.011316244 0.06779445 0.2696103 -0.014836705
JAM 0.13120937 -0.19953968 0.25714654 0.063644275 0.014351928 0.14954755 -0.07307735 -0.2609396 -0.2292069 0.28193057 0.17460306 -0.2157507 -0.1576533 0.055168558 -0.16282818 0.38192704 -0.021555563 0.16535059 -0.3094029 -0.15271012 0.06397747 0.3001157 0.052360684 -0.26415968 -0.09424254 -0.03613371 -0.036522258 0.122793056 0.019470027 -0.05427294 -0.16123542 0.04446442 0.05682713 0.014576701 -0.17038673 -0.118487395 0.25533372 0.16341034 0.1137356 -0.17426772 -0.038456473 0.11528862 0.13198182 -0.094036914 0.14499393 0.2600206 -0.01533088 -0.019589894 -0.18995018 0.17983253 -0.14770685 0.040901847 0.042611163 -0.07644723 0.086346 0.16637841 0.30075243 -0.07101073 -0.045848083 0.2016485 0.047575966 0.034676485 0.057216924 0.10197639 0.2269231 -0.26635653 -0.08315485 -0.031200789 0.03955334 -0.0949386 0.08622333 0.015075876 -0.44519687 -0.1231201 -0.101095 -0.32588065 -0.10616506 0.03315925 0.017946104 0.12022975 -0.29135144 -0.28328347 0.07093089 0.35605317 0.17999841 0.2737938 0.0632123 0.08898928 0.036946606 0.0073036505 -0.11960113 0.064480245 0.08148171 0.20240133 0.36558318 0.38357693 0.122379005 -0.022990622 -0.21730502 -0.21528585 0.0061917794 0.18147872 -0.24705869 0.052308656 0.009787298 -0.010415546 0.23796366 0.17744114 0.067602046 0.1004913 0.16670471 -0.19396958 -0.054087244 0.029107898 -0.2384202 0.065962866 0.07092753 0.28954428 -0.072796844 -0.007242216 -0.12840776 -0.108003415 -0.20088449 -0.03125504 -0.18717004 0.12080282 -0.06668069 -0.011555363
BIH 0.17911384 -0.25065085 0.20504184 0.103380896 -0.038512353 -0.03879026 -0.06305667 0.04154129 0.1291262 0.03565837 0.39960685 -0.02952207 -0.124634095 0.059424117 0.06395483 0.117164925 -0.17871529 -0.021672921 0.02050483 -0.09020105 -0.05681891 0.1367929 -0.29708502 -0.23322612 -0.42554638 -0.040520728 0.034156036 0.16779645 -0.09889531 -0.38047683 -0.17964694 -0.028695434 0.2766904 0.019604031 0.10584991 0.009528248 0.43834692 0.08980211 0.1595041 0.010567347 -0.08889848 0.08455688 0.15684055 0.016965846 0.13990913 -0.109574124 -0.24210547 -0.028711805 0.37525052 0.24007584 -0.23918553 0.12015143 -0.104578555 0.16332828 0.25595126 0.26203918 0.14574891 0.052795015 -0.08587982 0.22073637 0.110512905 0.09741889 0.11946929 0.09172424 0.12634633 -0.0010577491 -0.034363706 0.119879566 0.003505328 -0.050909333 0.20656237 0.17563431 -0.28167605 -0.33980122 0.37416774 -0.20121896 0.11311506 -0.040140904 0.1932362 0.22383898 -0.019793307 -0.26332265 0.09625118 0.2825864 -0.08124682 0.2717638 0.15282279 -0.02997378 -0.07829525 0.24157615 -0.068643965 -0.0010866598 -0.02544096 0.11331486 0.24761315 0.23361237 -0.064505264 -0.12679924 -0.2680744 -0.23516639 0.13667482 -0.14623888 0.04812085 0.058556832 0.04807207 0.059904564 0.07064858 0.1441715 0.06941925 -0.16492078 0.23586617 -0.013755165 0.24970588 -0.06617136 -0.3257124 -0.09649196 0.057401 0.15498048 -0.09957756 0.21858236 -0.25415954 -0.13572994 0.014041331 -0.056877825 -0.004696772 0.31978852 0.16195953 0.011230498
BRB 0.1759597 -0.5619218 0.23963599 -0.10869249 0.06254717 -0.16346326 0.23765014 -0.09638562 -0.40064016 0.21693474 0.47872704 -0.0015096698 -0.13427207 -0.14267842 -0.0021762413 0.14474088 -0.046741255 0.3116048 -0.30639002 0.09123551 0.34100258 -0.21233584 0.4278674 -0.307279 -0.06789769 -0.09004902 -0.2426613 0.21088363 0.29831967 -0.082003474 -0.08220127 0.21616195 -0.051946178 0.15739502 -0.37168443 -0.17989983 0.11061148 -0.08905298 -0.22828312 -0.18777272 -0.388473 0.3016979 -0.13909641 -0.13654082 -0.040829774 0.12053498 -0.038150236 0.21534628 -0.4686242 0.15952711 0.061226558 -0.050664376 0.0035379976 0.08527224 0.22187823 0.36326036 0.5461967 -0.306383 0.052204493 -0.057075564 0.29026976 -0.06071914 0.30811578 -0.2600753 0.16364427 -0.30550233 -0.07444052 -0.10198215 0.26452985 0.09018474 -0.09269619 0.01763286 -0.33161753 -0.25748843 -0.3911859 -0.34458286 0.11235063 0.29443917 -0.067400984 0.0069377543 -0.29713377 -0.07981836 -0.16590115 0.17686212 0.31384188 0.11985922 0.33169824 -0.18211463 0.18032864 0.26904318 -0.32025275 -0.19677338 0.23312601 0.13962063 0.30967245 0.1877545 -0.09498256 0.006974981 -0.08745374 0.27335843 0.19018765 0.059777882 -0.32902345 0.0062418818 0.0679701 -0.16978665 0.07372554 0.36617187 0.33168548 -0.32439047 0.16352472 -0.2646034 -0.13295214 -0.021593796 -0.12915634 0.13258745 0.24578546 0.5052459 -0.36141542 -0.23691888 -0.47430417 -0.4332995 -0.23077527 0.16782108 -0.25644752 -0.01076157 -0.50901085 0.16624616
COM 0.033848066 -0.3100793 0.2500782 0.08813575 0.13081448 -0.23779243 0.115196936 0.04766619 0.10649964 0.09680906 0.51059407 0.37633812 -0.24199376 0.09993733 0.2655749 -0.14152178 -0.19573124 0.20475684 0.010985206 0.45517677 0.21621798 -0.14360185 -0.12359439 -0.2810002 -0.60285336 -0.1268819 -0.08833218 0.09409954 0.13962089 -0.04570894 0.08692896 0.22221172 0.22730891 0.09422413 0.049264003 0.12503944 0.3120851 -0.2648687 -0.4227556 0.22152437 0.22153978 0.29902077 -0.3383841 0.11465985 0.19698705 0.3354158 -0.5778732 0.36070177 -0.101356715 0.14906903 -0.013325732 0.3244542 -0.007897621 -0.022569349 -0.046155512 0.22018349 0.29376855 0.085120395 0.04588591 -0.27892846 -0.13210027 0.09629039 0.14123847 -0.23541707 0.42187807 0.087161444 0.06601898 0.03416054 0.010394443 -0.10390136 0.23417784 0.15435165 -0.2815179 -0.48344922 0.06408458 0.066873245 -0.03221661 -0.020343728 -0.1386517 0.0039789327 0.040635146 -0.31794843 0.14626603 0.24856073 0.27826232 0.04184549 -0.035918858 -0.2114207 -0.1422923 0.09895874 0.010114099 -0.08009071 0.012482704 -0.0072451024 -0.056955617 0.13715579 -0.25720236 -0.17694387 0.09560318 0.20339945 -0.20688002 -0.09132283 -0.2318506 -0.12210826 0.1382536 0.018613651 -0.05557812 0.22721955 -0.08060336 0.014529276 -0.080355175 0.18462725 0.14271569 0.036530297 -0.10726555 0.15780257 -0.17461522 0.12500831 0.041467257 0.22885124 0.03411239 -0.00802782 0.26987484 0.042908803 -0.058721945 0.2401232 0.20357259 0.1197159
LCA 0.090966895 -0.20377307 0.011996645 -0.001801958 0.04918135 -0.046677507 -0.08386909 -0.10446598 -0.2534105 0.37261415 -0.05639992 -0.103776194 -0.32605043 0.02848913 -0.17604336 0.28619197 -0.013175255 0.05507914 -0.21589972 -0.10049067 0.12555954 0.019682888 0.4116605 -0.34947294 -0.18199936 -0.023116069 -0.3131044 0.076286644 -0.04597415 -0.16588132 0.105999425 0.049455456 0.026192967 -0.023236457 -0.100085884 -0.07239646 0.18255518 0.095782526 -0.053313635 -0.11294887 0.09810727 0.23007622 -0.15086395 -0.10467929 0.30892262 0.24888979 -0.2729291 0.06715302 0.17226133 0.15109877 -0.1766675 -0.033930868 0.27422974 -0.008594398 -0.03943856 -0.06966767 0.20530054 0.12201697 -0.24439237 0.08184269 -0.13651854 -0.08633219 0.077785954 0.14196774 0.3334731 -0.15630253 -0.09571934 -0.42389923 0.19079167 -0.2605026 0.0849129 -0.05249408 -0.04722664 -0.031069139 -0.23530003 -0.3517028 -0.4157515 0.19061379 -0.041112047 0.091634594 -0.108869836 -0.22272217 -0.0139199365 0.38986978 0.18577974 0.3712501 0.27713257 0.08811372 -0.0202942 0.059906587 0.086171106 0.0153471595 0.050252892 0.051222593 0.4938545 0.256428 0.13860261 -0.058779463 0.019796284 -0.040711332 -0.18786407 0.20261265 -0.35555932 -0.030127198 -0.021295294 -0.2740033 0.12909046 0.4588133 0.3694403 0.17394108 0.16586614 -0.16965228 -0.06780256 0.08016004 -0.15143186 0.012273713 0.06672694 0.38537002 0.05584898 0.16561815 0.025133971 -0.29388952 -0.16430373 -0.19554594 -0.35409203 -0.0035286187 -0.28144732 0.07819869
ALB 0.36467528 -0.44619918 0.30480653 0.082495876 0.47180346 0.32593033 0.11355922 -0.17319198 -0.14073488 0.2510901 0.22496097 -0.16685982 -0.5529768 0.24045078 0.109675966 0.029700361 -0.12496894 -0.296731 -0.05688669 -0.3631226 -0.27581853 0.008709219 0.17422645 -0.27113506 0.04261115 -0.14960292 0.109065056 0.12161398 -0.098370545 -0.042985532 0.2785777 -0.077276036 0.19061221 0.06550964 0.27993205 -0.058007736 0.1844269 0.00965074 0.14762072 -0.014699349 -0.359108 0.21909356 -0.0035720824 -0.36192372 0.27840182 -0.0965184 -0.25354055 0.19246963 0.50329727 0.11551672 -0.13308218 0.016932026 -0.06584682 0.22908626 -0.03367773 0.38389444 0.42328486 0.098347716 -0.095077164 0.12545078 -0.029461186 -0.18175831 0.33266315 -0.014932797 0.019405808 0.016873106 -0.09265185 -0.07685674 0.13231145 0.12371027 0.25562838 0.2869187 -0.105414845 -0.10392278 0.2785738 -0.6269214 -0.28454274 -0.025899144 0.01325302 0.21196343 -0.05339614 0.09798246 0.029554982 0.03828548 -0.22467652 0.25129285 0.20215647 -0.04678673 -0.36102346 0.40457565 0.18955947 -0.091121644 -0.007387864 0.20101932 0.38824072 0.2825914 -0.11152755 0.14878657 -0.22879022 -0.23818693 0.07241883 0.19086029 -0.04807202 -0.33139384 0.27295926 -0.22754334 -0.018890984 0.14759457 0.038162522 -0.24096683 0.28998786 -0.28878677 0.08579739 0.001411834 -0.09818888 -0.035063062 0.15850078 0.17227167 -0.002115889 0.06176834 -0.13690569 -0.1361383 0.1863442 0.14516304 0.19564925 0.32918882 -0.078474954 0.40628386
MDG 0.046545602 -0.1627984 0.28106338 0.053168625 0.14936508 -0.099544115 0.018543253 0.06560622 0.09013726 0.06610063 0.49199045 0.3901393 -0.30549812 0.10023034 0.28918734 -0.19956462 -0.08801369 0.2108443 0.017294662 0.3992697 0.09160606 -0.1320762 -0.064853534 -0.22582915 -0.58557725 -0.21915558 -0.077880435 0.052325435 0.09480562 -0.039850432 0.12830657 0.15504056 0.17551742 0.060452472 0.12988749 0.1455453 0.32288665 -0.2733262 -0.3574588 0.24441825 0.19465892 0.3041774 -0.23113091 -0.0069285994 0.1494496 0.25049707 -0.521619 0.33975986 -0.0812479 0.20167485 -0.057962354 0.34792376 -0.05545227 0.037375662 -0.10804811 0.23303269 0.315976 0.09051841 0.11142388 -0.31234592 -0.14983237 0.11560625 0.14967594 -0.24972479 0.43253842 0.13044545 0.11882236 0.09345241 0.10418303 -0.1708948 0.25890714 0.18349291 -0.3583323 -0.5373309 0.04936655 -0.018288087 0.013847215 -0.06113884 -0.16442782 0.095944926 0.04019592 -0.30132595 0.1745252 0.2278247 0.28780338 0.030812498 -0.022698542 -0.21479328 -0.19535759 0.10083305 0.003117317 -0.09790197 -0.06937938 0.04859167 -0.0012809697 0.1753186 -0.16558251 -0.12056999 0.09881803 0.094981894 -0.26044968 -0.043620702 -0.25977483 -0.10338045 0.13533321 0.01731404 0.01709497 0.2537703 -0.22159572 0.0017399986 -0.11900843 0.12825076 0.1578668 -0.0049605058 -0.084895834 0.14855528 -0.11549711 0.15298761 0.08684735 0.24087735 -0.059934914 -0.06523362 0.208026 0.05954662 -0.1259946 0.30363175 0.23581833 0.19856791
TJK 0.052197397 -0.19666713 -0.11671825 0.20941767 0.04302514 -0.0957451 0.09384241 0.18093066 0.0070986375 0.21570703 0.34203744 0.20188479 -0.38130203 0.0309405 0.20902789 -0.17837793 -0.4115559 -0.12786804 0.10709023 0.27629396 0.30942592 -0.18319175 -0.26805437 -0.55054826 -0.60449797 0.1602852 -0.0960606 0.29683825 -0.03844251 -0.1673036 0.15916716 0.18194659 0.27502102 0.06487858 0.013879332 0.15145299 0.25082326 -0.4117172 -0.31081554 0.24120636 -0.02709068 0.17756578 -0.56018364 0.12729004 0.38411608 0.114921935 -0.4880964 0.5807574 -0.099751346 0.03892301 0.03527303 0.04615099 0.062946334 0.01273365 0.20574369 0.22086348 0.4765089 0.12018472 -0.1515071 -0.04099794 -0.057476625 -0.041248854 0.28525227 -0.195659 0.08597296 -0.0022853112 0.0015637437 -0.02677454 0.039215863 -0.13159023 0.35867625 0.1153016 -0.14561276 -0.7831361 0.24914691 -0.14221439 -0.030371815 0.1664397 -0.08842033 0.026591957 0.13168748 -0.09763637 -0.00020288181 0.06614946 -0.05653896 0.07330101 0.15136915 -0.21846597 0.057655226 0.16923127 -0.03458558 -0.05976687 -0.09105379 -0.055685956 -0.004970166 -0.1942162 -0.29929513 -0.11562541 0.08318981 0.2790248 0.012994606 -0.1197373 0.075299926 -0.11083372 0.044881202 -0.012290926 -0.080904976 -0.12758283 0.17696351 -0.12100602 -0.03503463 0.03764353 0.018034386 -0.0020341408 -0.12201349 -0.052778497 -0.1375243 0.07267852 0.0035329408 0.27486742 0.020993443 0.003178309 0.21847206 -0.09089999 0.062727734 0.11154609 -0.09715927 -0.039807793
GUY -0.097599484 -0.1475797 -0.01602278 -0.053568643 0.013430924 -0.20654306 -0.09944477 0.019743614 -0.17421325 0.21427596 0.0069907843 0.011898532 -0.40216276 0.01372694 -0.1525801 0.13065398 -0.09658443 -0.035954606 -0.22554837 -0.13383564 0.15070018 -0.041537758 0.39939663 -0.2584074 -0.1547073 -0.13146539 -0.30586216 0.2293596 0.010302552 -0.21724033 0.13146445 -0.16280651 0.22812241 0.14312114 0.03334774 0.09120549 0.19254814 -0.07727869 -0.014910903 -0.096755736 -0.0059379875 0.28582942 -0.22928359 -0.24647775 0.39341143 0.25413606 -0.37571666 0.03366777 0.23977558 0.14195742 -0.18467912 0.020240549 0.23276146 0.0058190613 -0.029022086 -0.106108986 0.15693332 0.1421269 -0.19034505 0.019719819 -0.12881583 -0.113033004 0.086832985 -0.022549106 0.23518169 0.029009543 -0.13926445 -0.50024694 0.16313569 -0.2082151 0.11666399 -0.08994674 -0.14757477 -0.013084372 -0.15700577 -0.32052574 -0.22499457 0.13569988 -0.07100445 0.18688193 0.046604298 -0.07544902 0.11341142 0.29114345 0.0936914 0.32042465 0.25196832 -0.065097 -0.049425732 0.031829897 0.08307272 -0.092659414 0.026923796 -0.03804757 0.47316965 0.21029018 0.059559107 -0.028555937 -0.012884056 0.016110439 -0.21530862 0.2208347 -0.20957081 -0.037689872 -0.026760595 -0.32574478 0.035381153 0.41254112 0.2411799 -0.029280663 0.059953813 -0.047916953 0.048088137 0.16531451 -0.008523524 -0.013552749 0.012886731 0.25713655 -0.012384944 0.09929702 -0.13009398 -0.35646927 -0.12470089 -0.1233939 -0.19654953 0.06353995 -0.23363264 0.054921877
BLZ 0.16561939 -0.36309266 0.2973544 0.039754253 -0.0061662686 -0.08797881 0.020827083 -0.18314147 -0.17071477 0.20411807 0.26425833 -0.08741147 -0.14752546 -0.042468816 -0.014573027 0.28823712 -0.10404804 0.20029257 -0.24089158 0.039796155 0.16596901 0.1045524 0.049008343 -0.20079827 -0.0037329635 -0.011740815 -0.078685775 0.12962829 0.09365514 -0.0655659 -0.18039037 0.07056282 0.014131708 0.08961133 -0.1649863 -0.09650678 0.10861779 0.056075532 -0.028608235 -0.20958377 -0.093917385 0.2259829 -0.07579897 0.010599811 0.08490136 0.24207152 -0.024834191 0.07345415 -0.33966506 0.13349967 -0.07726609 0.038303774 -0.025469929 -0.092769966 0.050805893 0.14853951 0.18922734 -0.117289305 -0.018829282 0.028582577 0.17440245 0.0010699772 0.093211934 -0.033775333 0.14546031 -0.24148689 -0.0064356774 -0.089679174 0.04727364 -0.050636996 -0.12095544 -0.0308585 -0.3675757 -0.11626697 -0.23477018 -0.23612487 0.045310467 -0.03627758 -0.012662793 0.16627333 -0.34609273 -0.24341406 0.028257038 0.21294028 0.14184928 0.042936265 0.16600634 -0.057055645 0.14538527 0.012685084 -0.1897894 -0.089842916 0.11004113 0.12337133 0.26428407 0.28456855 -0.03565007 -0.09952593 -0.28597555 0.0070183137 0.06211052 0.066189125 -0.20496769 0.091741584 0.047925025 -0.0424515 0.2268191 0.28690055 0.1405611 -0.067833394 0.18590547 -0.16326553 -0.008578906 -0.06935905 -0.15510581 0.075728916 0.103441805 0.25425848 -0.21265592 -0.13164099 -0.20763606 -0.12017118 -0.23560464 0.098084986 -0.22825184 -0.03231156 -0.060572267 0.036464944
CPV 0.21899077 -0.51020914 0.12750664 0.16727236 0.03949929 -0.14420836 -0.16783327 0.08851461 -0.113708615 0.16503496 0.17280853 0.0579296 -0.4418748 0.1377036 0.21108942 0.12565249 -0.035347365 0.08938281 -0.10063073 -0.021051295 -0.10697121 0.01977863 0.15504153 0.09278925 0.08803214 -0.112638034 0.037918326 0.04625203 0.08483784 -0.020914638 0.059755534 -0.15527932 0.17247848 0.066153824 0.19283193 0.11717801 0.122580305 0.08788419 -0.1416398 -0.2793845 -0.00767567 0.29800475 -0.27815735 -0.16467693 0.27001646 0.19197194 -0.44862324 0.22529578 -0.023045437 0.18720295 0.0058128634 -0.025169436 0.06928352 -0.015131077 -0.12971094 -0.032248862 -0.14611389 0.039753065 0.039912205 -0.009483526 -0.12036404 0.042695187 0.18413241 -0.07295007 0.008046479 0.02472771 -0.028025609 -0.3811256 0.1275973 -0.13830481 -0.17734165 -0.11620258 -0.060182806 0.003392626 -0.14343047 -0.16917238 -0.100784406 0.115470015 -0.16321816 0.24736851 -0.12050923 -0.032537512 0.12302501 0.18326052 0.044503126 -0.051448844 0.32163435 -0.12188271 0.12935244 -0.14045498 -0.023058325 -0.17522214 0.11708357 0.13417506 0.37553343 0.26240346 0.13883594 -0.01973602 -0.063894734 -0.042078793 -0.17055899 0.0051256367 0.051032383 0.14550784 0.041773263 0.013466146 0.15376711 0.34709558 0.009924306 -0.029438447 0.15203026 -0.047904022 0.12665239 -0.04022221 -0.10464697 0.09735416 0.108998105 0.15443826 -0.039739255 0.21460095 -0.1570744 -0.17778657 -0.25336203 0.05827773 -0.022593562 -0.062392097 -0.041072674 0.19701618
PRY 0.083533175 -0.30812216 0.15025526 -0.030430427 0.09862344 -0.13786364 -0.007308051 -0.09042864 -0.26355633 0.32882142 0.12276968 -0.0799849 -0.2857551 0.0037475298 -0.033669397 0.1726131 -0.13521834 0.13044891 -0.21742752 0.01739583 0.25807098 -0.085434385 0.3524652 -0.2540065 -0.05639361 -0.0702441 -0.27623954 0.13358891 0.13104907 -0.12209145 0.06832858 0.059006035 -0.014871131 0.06462399 -0.21400426 -0.097807094 0.08548913 0.025853008 -0.11804402 -0.10652691 -0.043216266 0.27915967 -0.19922525 -0.060114127 0.15375498 0.26016334 -0.15292886 0.11881344 -0.13297777 0.10233393 -0.018244905 0.032958202 0.12461322 -0.09780926 -0.07601641 0.010577847 0.19746304 -0.05550761 -0.059720777 -0.017449673 -0.02390976 -0.11393821 0.1132187 -0.029938268 0.3020286 -0.17636807 -0.07162752 -0.38292724 0.18789966 -0.1186334 -0.092812926 -0.05521397 -0.21131627 -0.018986579 -0.3272707 -0.36975345 -0.2679505 0.17173375 -0.07757188 0.13932455 -0.19621666 -0.13758887 -0.028972257 0.24920693 0.22591847 0.17803334 0.2436217 -0.089566395 0.051118873 0.010785454 -0.07299746 -0.0633583 0.050911248 0.039128073 0.3788704 0.25491017 0.057921067 -0.05288756 -0.055443995 0.11495155 -0.09774469 0.19354257 -0.28615925 -0.10804837 -0.042014677 -0.22988707 0.12880222 0.46620664 0.303987 -0.009186941 0.19176868 -0.13195677 -0.08468087 0.03610973 0.0016211291 0.121441856 0.065533794 0.3824785 -0.102663085 -0.003168871 -0.09443219 -0.29453057 -0.18086953 -0.026703011 -0.30023354 -0.09695736 -0.35565674 0.14822781
MNG 0.24331175 -0.2225826 -0.010386679 0.09401328 0.09906138 0.11255976 -0.07881167 0.06024908 -0.03974845 -0.0842383 0.09298244 0.10225764 -0.23618996 -0.018875953 0.057921346 0.064056054 0.103410065 -0.03343307 -0.06413439 -0.011459432 -0.16471 0.18808882 -0.15925601 -0.16042975 -0.290169 0.1081308 0.03546893 0.16786148 -0.13862278 -0.18057951 -0.109124176 0.041748114 0.16126764 0.06798094 0.22363332 0.08032039 0.14414012 -0.1730694 0.078442015 -0.0034239655 0.045289543 0.022898143 0.044351842 -0.14637367 0.16373838 -0.12512068 -0.26058137 0.18737948 0.20635204 0.063396186 -0.10298367 -0.12127797 0.16759962 0.23936325 0.12932049 0.2407633 0.29323816 0.063253716 -0.09314049 0.08475966 0.004105265 0.029735833 0.17132929 0.09927496 0.0016192278 0.06084172 0.023213388 0.23722626 0.06817274 -0.14509037 0.21680374 -0.0015061657 -0.1943843 -0.4078319 0.13398978 -0.16129869 0.05861749 -0.090680905 0.062353976 0.07966457 -0.006301124 -0.20217103 0.09751623 0.25563586 0.08169483 0.1949594 0.21090528 0.043624204 -0.0021653906 0.20402674 0.0101883765 -0.12459984 0.104807734 0.20796931 0.08903108 0.020837853 -0.04086763 -0.10816198 -0.10520315 -0.26255012 -0.029678388 -0.1845993 -0.07355191 0.12992169 0.1436741 -0.051520858 0.054729026 0.06875557 -0.032230392 -0.06567135 -0.019417595 -0.1941203 0.2040667 -0.10262604 -0.26978388 -0.11563081 0.1656214 0.039156012 0.06358448 0.0033596132 -0.21822071 -0.20606735 -0.026323734 0.080791965 -0.13125224 0.2579631 0.26499733 -0.027394671
JOR 0.1956485 -0.5349487 0.25261644 0.048511896 0.14447778 -0.031706396 0.07872344 0.20835531 -0.0147273615 0.09911232 0.10532711 -0.21088913 -0.13400643 0.105890945 0.1505754 0.0771087 -0.10902657 0.14372939 -0.10990715 -0.14977264 0.031549916 0.13590042 -0.302923 0.018714882 -0.11149405 0.03634612 -0.02305876 0.20204 0.22762501 -0.24079384 -0.10452964 0.09388247 0.14651237 0.19239955 0.12932272 0.018328412 0.08224391 0.013246521 0.12120896 -0.014478219 -0.13628796 -0.077416085 0.04713936 0.029277222 0.01047545 -0.007049872 -0.20314024 0.18764643 0.1161362 -0.09218275 0.17530626 0.009282977 -0.005840447 0.08425798 0.07610793 0.23868577 0.21522053 0.046204258 0.017908864 0.15102793 -0.06735979 -0.042168614 0.1570475 0.08474504 0.1368717 0.11513826 -0.08112924 0.2435267 -0.05591626 -0.017199978 -0.052557174 0.08016194 -0.2644107 -0.044871062 0.3097492 -0.24310486 0.030018596 -0.15872577 0.15415525 0.05116727 0.040502492 -0.2057381 0.016835699 0.26973426 0.2014227 0.14732587 0.22263145 -0.09623503 -0.07712071 0.19357696 0.048500612 0.012842292 0.24336965 -0.02284708 0.1850749 0.09082411 -0.10816371 -0.14551368 -0.20963266 -0.102549374 0.04627634 -0.07519778 0.18008672 -0.098098904 0.076756604 -0.045181483 -0.1269362 0.09984017 0.070824474 0.036056165 0.13000017 -0.14084381 0.17859928 -0.1105351 -0.05428972 0.05956962 0.14725606 0.096024334 -0.12134293 -0.11505775 0.0042904676 -0.18398651 -0.0028021215 0.29282862 -0.117384456 0.32681745 0.061859075 0.07678116
SWZ 0.07695167 -0.026871745 0.24922433 0.07216676 0.078257956 0.05378991 -0.25945234 0.079906456 -0.29659894 0.024903413 0.42346168 0.33452123 -0.16985075 0.095630564 0.3737928 -0.074595615 0.06614828 0.34365463 0.18170457 0.2787533 -0.10264307 -0.008578605 0.18675171 -0.17474814 -0.5693108 -0.27803278 -0.022224903 -0.0065742633 0.07224984 -0.04201456 0.16895749 0.17653151 0.107710086 0.13061306 0.1750459 0.18898456 0.37865442 -0.12298407 -0.100833654 0.26927304 0.18185695 0.23060612 0.17685804 -0.22832564 0.08601233 -0.0039062854 -0.48328215 0.2119755 0.08464954 0.11943369 0.07510994 0.11631429 -0.08245457 0.17870702 -0.20896451 0.09497557 0.4320838 0.06779322 0.28432003 -0.33614585 -0.23185413 -0.0810131 0.07956555 -0.30165455 0.26700228 0.020093417 0.10582943 0.24653047 0.1445504 -0.33378008 0.043492056 0.10063728 -0.33960694 -0.4644181 0.16523862 -0.14329068 0.023332251 0.06897973 -0.2702393 0.3134817 -0.09226957 -0.20016629 0.18468 0.17037427 0.5079704 -0.10855442 0.10090092 -0.27138755 -0.2520317 0.06517621 0.003558592 -0.11076412 0.05406489 0.17288277 0.23014456 0.07547295 -0.20618711 0.06830188 0.1919768 -0.10632607 -0.382306 -0.036663443 -0.22822212 -0.0064613232 0.27590302 -0.069092885 0.2285157 0.38323358 -0.21322784 0.0041084145 -0.28119788 -0.024948684 0.17651273 -0.085050955 -0.15405335 0.102951065 0.12376695 0.17169136 0.41749817 0.2926003 -0.12108507 -0.121728845 0.15121993 0.12251512 -0.09022095 0.12806562 0.10095963 0.2869815
CUB 0.13861069 -0.15693384 0.34112856 0.1940756 0.23216946 0.2691893 -0.08231259 -0.15635154 -0.30667844 0.41975024 0.34994394 -0.33525607 -0.06687409 0.15725276 -0.12563793 0.2534398 -0.053261526 -0.022302117 -0.10312796 -0.1461708 0.092773356 0.14364167 0.07590855 -0.088448115 -0.115621105 -0.2503638 0.11749339 0.18144755 -0.054299276 -0.0538273 0.12155656 0.056380186 0.22461769 0.016101535 -0.07482313 -0.1374787 0.22011328 0.11146531 0.20195417 -0.03924973 -0.056454614 0.1727546 0.13169838 -0.24735676 0.026939139 0.12064305 -0.14430031 -0.01018939 0.05707894 0.18265018 0.038249224 0.14246924 0.04177071 -0.0026032631 -0.011086732 0.2623236 0.35990795 -0.10793066 0.061636686 0.3871887 -0.011571362 -0.13264905 0.22330564 0.14496394 0.17808066 -0.22064231 -0.21301393 -0.03285879 -0.022111436 0.107755624 -0.06309221 0.018234437 -0.42080846 0.0978099 0.18237543 -0.5745964 -0.25222838 0.0802142 -0.13383132 0.23366605 -0.21029687 -0.1534539 0.1102816 0.3077316 0.26732758 0.22000392 0.01633504 0.05578234 -0.12898013 -0.020867614 -0.088506036 0.08655111 0.13487679 0.29641864 0.40805736 0.3922124 -0.019292394 -0.009357662 -0.24781875 -0.2028019 -0.030151255 0.1439802 -0.09167116 -0.20689507 0.05847674 -0.23563704 0.095560454 0.17841773 0.11699524 0.006634798 0.214949 -0.2735175 0.016080512 0.08866389 -0.12962878 0.22718684 0.06674519 0.25172246 -0.08084389 0.031049851 -0.19251065 -0.12678218 0.06183068 -0.021844933 -0.027296815 0.00510913 -0.07114601 0.06101748
TKM 0.35137632 -0.46404806 0.16779299 0.21614073 0.19106184 -0.20499177 0.277592 -0.304519 0.040334374 -0.14528301 0.28573495 0.14190756 -0.31614757 -0.18669555 0.21424171 0.40061596 -0.16927911 -0.1788968 -0.1330027 -0.05338891 -0.032061145 0.5472526 -0.09110378 -0.47487444 -0.37724754 0.32872957 0.07926841 0.2511675 -0.115604885 -0.16733764 -0.2542285 -0.15691538 0.20853147 0.10236734 0.14496943 0.12516923 0.15484022 -0.31196085 0.18883346 -0.077362426 0.07837581 -0.040632177 0.08248652 -0.1081483 0.37739605 0.15494831 -0.26001677 -0.004898372 0.3907275 0.094334394 -0.22256407 -0.13900182 0.098032355 0.12925375 0.09774874 -0.009862908 0.49803546 -0.028480902 -0.36246833 0.036956284 0.20806018 -0.027372878 -0.023522492 0.24655268 -0.014574056 -0.09740365 0.18264396 0.27404162 0.025008436 -0.015427369 0.22803219 0.012394 -0.49072844 -0.32219467 0.06813247 -0.22010344 0.14000766 -0.25225627 0.122455545 0.007165204 -0.20355949 -0.087893195 0.36194664 0.06662585 0.13485424 0.24264055 0.02671462 -0.047007035 -0.057286985 0.29052636 0.15752162 -0.009894441 0.2594649 -0.058975704 -0.07144174 0.15622827 -0.06992727 0.005702179 -0.2161989 -0.27835292 0.119333416 0.052582785 -0.27492106 0.32012892 0.17958611 -0.23558213 -0.013880155 0.068504505 0.044451512 -0.45039043 0.13366544 0.08430543 0.02068725 0.0428997 -0.25180438 -0.3351489 0.12744643 -0.08843044 0.05220543 -0.20004036 -0.44999924 -0.09244484 0.054575317 -0.10460277 0.10150052 0.2800771 0.36906418 0.008050617
MDA 0.033740047 -0.4297217 -0.0037734215 0.096781336 0.048868317 -0.011604377 -0.008063509 -0.08121271 0.023733633 0.0529769 0.18822677 0.045273464 -0.24032354 -0.035217557 -0.040003635 0.18808115 -0.13748173 -0.051365867 -0.02029159 -0.032327358 0.038046207 -0.013493424 0.0047065257 -0.55838645 -0.113502875 0.29106572 -0.13330548 0.30970266 -0.092339374 -0.14394306 -0.26231566 0.06275568 0.26055086 -0.021180525 0.22520256 -0.06714385 0.2905872 -0.20277205 -0.012458371 -0.16598305 -0.23701385 0.037738066 -0.31969234 -0.006641711 0.15382268 0.0074746846 -0.35290238 0.2180296 0.20556033 0.111787036 -0.1941054 -0.123469986 0.059820306 0.38999736 0.22607374 0.20538378 0.3677701 0.24404262 -0.35563096 0.07212692 0.14143771 -0.0814094 0.41692176 -0.051018465 -0.09617143 -0.03720759 -0.018896233 0.087249175 0.09408961 -0.027798086 0.2667132 -0.03873532 -0.13263679 -0.65137607 0.11374073 -0.31021577 -0.13034476 0.1580183 -0.07442189 -0.008831894 -0.17519379 0.09925282 -0.10486984 0.17411764 -0.30086556 0.15704502 0.3100905 -0.10501923 0.08243513 0.35234168 -0.022563962 -0.046955187 -0.013909885 -0.02591965 0.15931644 -0.171147 -0.08791663 0.038649693 -0.09286945 0.020338604 0.12292658 -0.20185888 -0.018123658 0.07945605 0.013238022 0.051860675 -0.028704518 0.08531507 0.45754948 -0.09331452 0.13035929 -0.36861938 -0.08607157 -0.058236077 -0.43712848 0.015285223 0.052474886 0.13056934 -0.0014587727 0.16780058 -0.068030745 -0.14677477 0.16810167 -0.0045864074 -0.029105328 0.18026952 -0.23618074 -0.10081696
SSD -0.009563134 -0.4630202 0.30360687 0.11386058 0.05556804 -0.28049886 0.036049876 0.043810733 -0.13574538 -0.045924537 0.37946734 0.31146142 -0.36141863 0.14325044 0.22892652 -0.04971934 -0.08500823 0.1728904 0.043187782 0.333522 0.06703054 0.023414908 0.10775433 -0.06865825 -0.39381653 -0.26629955 -0.0057346555 0.086379156 0.13027978 0.11938514 0.27366313 0.095072016 0.4469755 0.2633052 0.12519787 0.25806755 0.28016296 -0.26447037 -0.35957035 0.14655247 0.24835132 0.41922295 -0.38171598 -0.19409063 0.43067658 0.3954223 -0.70025045 0.22692399 -0.011642861 0.13382322 0.019447932 0.21926941 0.10073602 -0.1397771 -0.25825128 0.085039034 0.21355277 0.07790756 0.16020422 -0.25979626 -0.27147448 -0.010489324 0.1298603 -0.27611008 0.32892844 0.15855609 -0.09204341 -0.32615417 0.09931089 -0.119117536 0.03970054 0.029611764 -0.261105 -0.29935604 -0.008860893 -0.0033265022 -0.10340289 0.05900852 -0.31790185 0.22272791 -0.015467294 -0.14780441 0.26036075 0.157076 0.4489941 -0.13820557 0.0073537854 -0.1634091 -0.16647872 -0.088178046 0.02864115 -0.21066877 0.10024713 0.06477461 0.14855064 0.2302911 -0.3106252 -0.09047317 0.123888165 0.07306359 -0.32562792 0.0600244 -0.259968 -0.09941659 0.2961235 -0.066460036 0.037132196 0.28110424 -0.04110496 -0.03663457 -0.17068544 0.14594029 0.13328989 0.15756494 0.0157526 0.11691131 -0.24334449 -0.06901562 0.12431585 0.23130526 -0.1054229 -0.045417484 0.1454538 -0.020685837 0.12883022 -0.0051467996 0.20347132 0.19792534
MSR 0.17140087 -0.54402673 0.27859947 -0.09746705 0.06655525 -0.12530133 0.18393645 -0.13100223 -0.44877303 0.28458992 0.49746335 -0.046291273 -0.18062969 -0.09608522 0.009235579 0.15359762 -0.07403761 0.37881845 -0.34267473 0.102640375 0.3643076 -0.19826828 0.42323062 -0.3120785 -0.109788924 -0.13520308 -0.2783617 0.19699948 0.33915433 -0.09445164 -0.074264996 0.21987674 -0.10595747 0.1472807 -0.39631742 -0.17443727 0.1315545 -0.05179851 -0.2412894 -0.19288757 -0.36950746 0.33140975 -0.122080706 -0.13393319 -0.027661595 0.1927459 -0.038162224 0.2505598 -0.5654584 0.17813034 0.10800125 -0.00079122226 0.009305321 0.016598605 0.18709666 0.37605637 0.5648655 -0.33050177 0.08633032 -0.09208303 0.23609686 -0.066880755 0.2793064 -0.28700292 0.24593168 -0.34573507 -0.06083216 -0.11796031 0.25711963 0.026368631 -0.100150116 0.03667929 -0.45421252 -0.26358473 -0.42682844 -0.3894795 0.07279475 0.30190903 -0.088850655 0.062811665 -0.35113165 -0.13161883 -0.1374501 0.23826995 0.37375814 0.13855268 0.33880183 -0.2543228 0.19462337 0.23049098 -0.3314362 -0.19150576 0.2393993 0.19667797 0.39020956 0.25616944 -0.0806677 -0.004815433 -0.12913695 0.26163262 0.13350517 0.11315011 -0.33825395 -0.013812924 0.04636309 -0.1778059 0.17082317 0.4104199 0.2754784 -0.28081805 0.16814785 -0.27848965 -0.13456634 -0.018187419 -0.11810568 0.15478061 0.25384215 0.58282965 -0.35759038 -0.22205557 -0.44081897 -0.4362688 -0.28530103 0.17561898 -0.312931 -0.038522307 -0.5418587 0.18833838
GNQ 0.06626074 -0.3850409 0.22801323 0.15795343 -0.14799489 -0.38208935 -0.15302432 -0.17364113 -0.066704825 -0.027346509 0.22473343 0.24010092 -0.08276014 0.007294025 0.30666703 0.17551605 -0.11062074 0.17189519 -0.12695889 0.16790597 0.20660089 0.06303004 0.2057984 -0.13040015 0.025404248 -0.05877092 -0.1085591 -0.0027409776 0.29058704 0.072027095 -0.08385601 -0.18882068 0.14590523 0.0002730682 0.1191741 0.21565138 0.017210605 0.09053941 -0.16809933 -0.42081767 0.0064537507 0.3121757 -0.20267877 -0.05475028 0.24876699 0.32460904 -0.28757772 -0.0144283315 -0.2742706 0.10761058 0.035835687 -0.070605844 -0.0698338 -0.06644446 -0.06941294 -0.20570391 -0.06310481 -0.0436694 0.029395722 -0.27144483 -0.06325538 -0.063242555 0.12503232 -0.25878143 -0.017866246 -0.122048475 0.032019984 -0.29095343 0.08506556 -0.1629257 -0.24438617 -0.025895614 -0.14465934 -0.19785433 -0.159557 -0.102214105 0.025015805 0.13301907 -0.31438386 0.3563295 -0.43557078 -0.0001758176 0.36359802 0.34804547 0.1610124 -0.23516452 0.5167583 -0.3395412 0.33493534 -0.0066718115 -0.14528926 -0.15293652 0.3046937 0.25745618 0.5896158 0.23443638 -0.22942176 -0.046953842 -0.4267963 -0.0054957126 -0.24673928 0.07871541 -0.023364047 0.24551325 0.21558721 -0.0212571 0.3608876 0.6580631 0.21493362 -0.18187745 0.096597604 -0.015784325 -0.010173481 -0.100920394 -0.26507607 0.25875983 0.19942999 0.18473457 -0.07225868 0.20731807 -0.20391703 -0.053963207 -0.3198825 0.03138475 0.07321551 -0.2025431 -0.23026091 0.20987253
MHL 0.1475717 -0.33095556 0.22995238 0.020368835 0.06256354 -0.11698933 0.09234432 -0.14357553 -0.22196873 0.19362515 0.30595642 0.00073932484 -0.0535581 -0.053347114 0.10050602 0.1837882 -0.13773169 0.21802284 -0.16680865 0.12829217 0.27791452 -0.07282657 0.14778152 -0.30355722 -0.066715255 0.03878411 -0.15507026 0.10698518 0.20162122 -0.042099766 -0.13523827 0.18590456 -0.08318441 0.054902546 -0.25821385 -0.09331037 0.06373669 0.024007317 -0.09919759 -0.13540368 -0.10967442 0.21739197 -0.08088638 0.049631964 -0.019434216 0.16814117 -0.062272023 0.11830958 -0.34564608 0.05137499 0.06282776 -0.009966074 -0.027798967 -0.0032930754 0.046384193 0.13580364 0.272198 -0.13834181 0.008064793 -0.04949137 0.1216859 -0.072905876 0.13965881 -0.124112934 0.13880254 -0.23330401 0.015247595 -0.02922146 0.09119063 -0.050284754 -0.13876462 -0.009257352 -0.26542914 -0.20008974 -0.23081982 -0.26742312 -0.0005776127 0.10316645 -0.058313295 0.11091691 -0.36256123 -0.13133481 -0.018921856 0.20338777 0.22184536 -0.011745321 0.26731393 -0.17435578 0.17306133 0.09364622 -0.23278537 -0.07791655 0.13948897 0.12327407 0.24055038 0.15785955 -0.09724791 -0.06318627 -0.23127654 0.12676321 0.0327597 0.058433644 -0.21786281 0.01631857 0.0477297 -0.06934335 0.18504654 0.3585149 0.25835815 -0.0961517 0.19510199 -0.16278434 -0.08818596 -0.08604372 -0.14102109 0.18551657 0.1531285 0.31124747 -0.13334256 -0.08866245 -0.18153319 -0.18286544 -0.14777954 0.098459385 -0.21639729 -0.09242786 -0.29398647 0.101555526
SYR 0.21791647 -0.40522304 0.17553969 0.12802926 0.08463691 0.28204688 -0.11091191 0.10569954 -0.12772956 0.12701446 0.06714326 -0.18208149 -0.6758926 0.079755075 0.12264923 -0.10344753 -0.09912751 0.076237574 -0.2521676 -0.11107879 -0.0038854752 0.17006989 -0.2877194 0.15551843 -0.25177222 -0.23036778 -0.0030338806 0.17943035 0.104051605 -0.20937577 0.116607726 -0.08617325 0.16270617 0.36338374 0.33236668 0.19333415 -0.026395977 -0.308708 0.07021907 0.20853825 -0.14244175 0.109680966 -0.07908319 -0.26939693 0.31618956 0.25459772 -0.08786517 0.62282825 -0.31535792 0.033504903 0.17490439 -0.056616638 0.032359134 -0.027639184 -0.044643898 0.15133575 0.25310922 -0.11764551 -0.01879134 -0.06532982 -0.016288657 0.04284317 0.099478714 0.13872239 0.19020948 0.07020315 0.087980814 0.17571656 0.02981028 -0.30600908 0.103968285 0.09589466 -0.36778787 0.04613393 0.028512271 -0.22342055 0.1990027 -0.22854252 0.031857982 0.011613955 0.094380766 -0.19531052 0.1615448 0.03344195 0.015488781 0.19751087 -0.027361618 -0.19298293 -0.009163071 0.03160486 0.2289033 -0.1290337 0.057133496 0.10954414 0.18993248 0.08488147 -0.05260363 -0.20209198 -0.112111345 -0.103555754 0.014673959 0.060635716 0.12951678 0.05282645 -0.04944892 -0.23505618 0.035291735 0.045732744 -0.23507039 -0.059757657 -0.08184136 -0.2786867 0.19891194 0.12997416 0.024187023 -0.1530569 0.1447217 0.10464514 -0.16054368 -0.14061703 -0.18433869 -0.27316082 -0.21293129 0.27301615 -0.2014099 0.3915016 0.09768106 0.21024688
KHM 0.29125133 -0.5495175 0.033219345 0.2250836 0.1509622 -0.100954704 0.17893885 0.10370132 -0.24265648 0.047726873 0.0535735 0.025098616 -0.06157829 -0.04826022 0.13625637 0.17724589 -0.08694695 0.13441359 -0.27142537 0.17709093 0.18124251 0.23589411 -0.33128962 -0.086888924 -0.1770391 0.07326356 0.054529056 0.21923791 0.104734495 -0.09576332 0.0086703375 0.29909715 0.14116359 0.32740554 0.11533995 0.18109456 -0.08530431 -0.3052401 -0.15202227 0.06642035 0.3811121 0.044402502 -0.25573727 0.16413398 0.20011015 0.34044832 -0.29562128 0.4426068 -0.25580806 -0.13246164 0.26561388 -0.11897925 0.3353044 -0.116887465 0.004593538 0.26734143 0.35692808 0.04280373 -0.08383926 0.07127542 -0.11821619 -0.023159727 0.16327907 0.097393155 0.18592529 -0.000430724 -0.0954069 0.06638648 -0.054228656 -0.18005842 -0.09866243 -0.14609882 -0.10919919 -0.11372423 0.023945417 -0.10878793 0.07948066 -0.11879219 -0.007002522 -0.09984054 0.07766972 -0.36387575 0.07059253 0.20131983 0.30706972 0.083333395 0.023238707 0.17104286 0.03706767 -0.063602805 0.1046698 -0.10224896 0.2570992 0.13973318 -0.05884798 -0.11044704 -0.23132168 -0.4006479 -0.18538646 0.053873632 -0.14396049 -0.12144069 -0.13926485 0.16104828 0.18248339 -0.24573871 -0.107296556 0.2066952 0.14345706 0.20242424 0.020797955 -0.18085428 0.2546375 0.0015256102 -0.081044294 0.019766038 -0.07709406 -0.06052737 0.018397316 -0.338411 -0.04276576 -0.13368872 -0.06917816 0.27720246 -0.26428622 0.13059115 0.15600052 -0.05313694
KNA 0.10441749 -0.26687768 0.17431477 0.045786798 0.014593188 -0.13758264 0.052563857 -0.16957629 -0.22641248 0.22227031 0.28725982 -0.018533796 -0.10397549 -0.057715267 0.042128604 0.17882481 -0.1402725 0.165589 -0.19138317 0.107806 0.33130494 -0.050069265 0.16576491 -0.2933937 -0.100421704 -0.0090341745 -0.18601054 0.10845504 0.17587347 -0.055578254 -0.10762811 0.1395972 -0.06560987 0.033812165 -0.28678 -0.079360515 0.059131477 0.023710372 -0.12286473 -0.12891468 -0.0863753 0.23222007 -0.10646447 0.025785295 0.0354538 0.21482445 -0.04465329 0.08339585 -0.3909149 0.10049074 0.042956617 0.0141067775 -0.0038852969 -0.07762709 0.06981836 0.099997155 0.26729017 -0.14845562 -0.032916628 -0.038564302 0.100955926 -0.05348209 0.11576597 -0.10805507 0.15258065 -0.24631812 0.0055379537 -0.13901709 0.09299012 -0.07602498 -0.110013425 -0.00052510493 -0.29264706 -0.1747746 -0.2619146 -0.2540205 -0.006539491 0.12583824 -0.06415838 0.12377112 -0.3460107 -0.14717937 0.038826346 0.21467711 0.22671644 0.03223921 0.2669751 -0.15587924 0.18743593 0.07288234 -0.23527724 -0.07329525 0.12320878 0.1237979 0.30755305 0.19663233 -0.065082446 -0.081100084 -0.21845876 0.13309094 0.0031038402 0.11817823 -0.20998965 0.024481595 0.012110817 -0.100914635 0.20255573 0.35349885 0.23458217 -0.09638161 0.16086513 -0.112301126 -0.09801266 -0.023839893 -0.12739877 0.16030535 0.12608325 0.32271475 -0.15854684 -0.05364195 -0.19359022 -0.18660335 -0.19179012 -0.004182317 -0.19603854 -0.112846 -0.3013288 0.08170379
TLS 0.29480612 -0.70273876 0.13906121 0.13126338 0.15559486 -0.075630814 0.06818971 0.09985624 -0.16349654 0.15601721 -0.029032355 -0.15322609 -0.15859129 -0.01814907 0.069379225 0.27193692 0.008789455 0.0778254 -0.075370096 0.010313554 0.033457506 -0.04402229 -0.18869303 -0.121147886 -0.11798815 0.27320942 0.03590507 0.16838239 -0.03302256 -0.13725176 -0.10745776 0.36903626 0.23931193 0.26745856 0.2570225 0.07024309 0.019034185 -0.27981502 -0.06678019 -0.058685318 0.18392456 -0.0074924147 -0.33155409 0.20361608 0.10934722 0.23730019 -0.4589315 0.50218594 0.08358766 -0.15393972 0.1103015 -0.21685193 0.26546794 0.16207954 -0.0019120866 0.19092138 0.15038282 0.3649177 -0.14115137 0.0809488 -0.034532126 -0.10895824 0.28426757 0.14714445 0.100460194 -0.019728271 -0.23634286 0.22951268 -0.07421271 -0.18933319 -0.04439392 -0.11283949 0.09456415 -0.1509976 0.16045329 -0.18627745 -0.16621634 -0.1082368 -0.04361918 -0.105826646 0.08113396 -0.32688165 -0.14135674 0.31490365 0.13864365 0.06564294 0.24126677 0.14428826 0.08752149 0.1479473 0.15285206 0.07915505 0.25310168 0.10211416 0.07040902 -0.21509275 -0.22978742 -0.22355355 -0.072347514 -0.06368491 -0.062366527 -0.31773245 -0.050419413 0.09204472 0.2099961 -0.25889495 -0.14285745 0.34841534 0.46280363 0.30659014 0.026849348 -0.41967553 0.20560525 -0.28160715 -0.3494112 -0.018566014 0.11134637 0.051459793 0.002319595 -0.1967544 0.3127409 -0.17071441 0.15681987 0.4081484 -0.48411638 0.112846464 0.11200702 -0.107716106
MKD 0.1592299 -0.35084167 0.22485474 0.010175129 0.10048595 -0.091571115 0.106675714 -0.128117 -0.221037 0.24703144 0.25346705 -0.052029703 -0.09962758 -0.04734183 0.08323744 0.10601167 -0.16301449 0.1657644 -0.20787239 0.12823476 0.27194104 -0.094865315 0.19064994 -0.24939232 -0.060063913 -0.020672979 -0.16643247 0.14431418 0.20147164 -0.07159371 -0.024071978 0.14620203 -0.059176285 0.04619508 -0.24818029 -0.14441134 0.027022729 0.003751854 -0.13469316 -0.11186 -0.16344853 0.21966359 -0.1417295 -0.0076815905 0.024880277 0.1830389 -0.043964643 0.17522052 -0.32797337 0.08964365 0.03305091 0.022615347 0.007576528 -0.044244125 0.041312046 0.16539724 0.28438455 -0.17562972 0.018380636 -0.06932124 0.1114172 -0.11116328 0.19501095 -0.11571832 0.19140814 -0.2086312 -0.018143045 -0.13847686 0.13061532 -0.008465385 -0.11626601 0.01152232 -0.2527936 -0.12949343 -0.23588142 -0.3135862 -0.05060516 0.09741288 -0.048129916 0.11697619 -0.2698697 -0.09949942 -0.03410185 0.19303238 0.17874521 0.033031754 0.25733605 -0.14252613 0.15414536 0.10539346 -0.19209445 -0.08022591 0.13423747 0.11428388 0.29123676 0.19062944 -0.08079011 -0.045193214 -0.16246977 0.14558676 0.021647735 0.10331167 -0.17435794 -0.07841781 0.029852852 -0.11186793 0.12562542 0.33707276 0.23728465 -0.13135457 0.203675 -0.14399149 -0.06415559 -0.03901737 -0.06505956 0.1554211 0.15861304 0.35214075 -0.18718426 -0.09169314 -0.19147637 -0.22059505 -0.16230124 0.08630662 -0.2125164 -0.07128239 -0.31846982 0.13954736
MUS 0.12736395 -0.28203484 0.23252699 0.06181881 0.12824579 -0.075547814 -0.040195826 0.18147632 -0.09447382 0.082687646 0.3119971 0.28862283 -0.25558376 0.098158106 0.3393894 -0.17282502 0.019303396 0.2529188 0.030303579 0.32289732 -0.008570749 -0.09929049 -0.029040104 -0.11797064 -0.43278044 -0.18471302 -0.052592527 0.033770286 0.14565577 -0.023010183 0.14628038 0.21625319 0.113005385 0.14868067 0.14531252 0.14585914 0.22326565 -0.21951903 -0.2796833 0.21384798 0.17383559 0.21359876 -0.13965791 -0.05069145 0.14438641 0.13666539 -0.44553497 0.3537225 -0.03522863 0.08531769 0.04589631 0.1919658 -0.023657193 0.018779831 -0.17245494 0.1754289 0.27040333 0.054513365 0.22582297 -0.2850413 -0.20992537 0.027371755 0.11583174 -0.22896163 0.32767788 0.16082895 0.0921589 0.08784168 0.14707883 -0.22861287 0.06796915 0.123727046 -0.24814036 -0.38957736 0.09743889 -0.007317683 0.023795836 -0.03431314 -0.13002217 0.1225097 0.05409862 -0.24929303 0.0836846 0.1536275 0.35512578 -0.07959376 0.108809434 -0.126691 -0.17627516 0.065313905 0.011485077 -0.11261294 0.013327176 0.07997373 0.044105012 0.093994655 -0.18232498 -0.09354498 0.14913324 0.030215777 -0.26732114 -0.035156827 -0.16902415 -0.092512734 0.24598597 0.008937808 0.024228688 0.28022012 -0.11696992 0.07963151 -0.1720718 0.03898541 0.17111622 -0.060804646 -0.049526073 0.096796736 0.007253255 0.093278944 0.17885868 0.18290855 0.006010879 -0.066445716 0.09213989 0.123088405 -0.106828265 0.18071285 0.1733044 0.22376005
CUW 0.08557773 -0.32532185 0.21573804 0.022661967 0.0509085 -0.17084172 0.05900414 -0.1001495 -0.18941712 0.18732734 0.25513977 0.015736906 -0.11987451 -0.038719546 0.06160973 0.10922135 -0.124595344 0.23149243 -0.15981515 0.13302015 0.28002623 -0.06503931 0.17070183 -0.2039514 -0.088792115 -0.03008166 -0.17864923 0.09943494 0.19791023 -0.04173897 -0.06964047 0.13041042 -0.05035174 0.06693924 -0.2218632 -0.068967365 0.055865128 -0.0059490474 -0.17162627 -0.12050977 -0.084870115 0.20546879 -0.14520311 0.021132449 0.01911268 0.22063741 -0.1028877 0.131105 -0.37206832 0.056196615 0.09070531 0.029826488 0.018750427 -0.07786922 0.004136719 0.09711492 0.23816285 -0.12548773 0.048556037 -0.113176025 0.06979044 -0.057923302 0.13703948 -0.17065297 0.19250576 -0.17826155 -0.028622564 -0.10843981 0.110171005 -0.03800656 -0.12026702 -0.002931029 -0.27995324 -0.16406004 -0.24549681 -0.22342205 -0.04941579 0.12440649 -0.08015044 0.109339856 -0.26304087 -0.13384067 0.025901569 0.24809547 0.26322505 0.028838256 0.25548142 -0.19916305 0.16092311 0.064851984 -0.18237852 -0.0762942 0.14862919 0.08251718 0.28069252 0.16891253 -0.048685502 -0.05241021 -0.11907764 0.13380103 -0.038964234 0.06736236 -0.17341058 -0.015047621 0.011962531 -0.087815 0.14240202 0.3486294 0.17993791 -0.10397325 0.14335644 -0.108757906 -0.064511955 -0.051694065 -0.061575014 0.14380883 0.10992495 0.29879662 -0.15571648 -0.070235275 -0.13126908 -0.19061846 -0.16007821 0.06469136 -0.2138318 -0.08669218 -0.2667513 0.112715155
NPL 0.12234363 -0.57718164 0.36340365 0.006255335 0.12643108 -0.23500513 0.2840382 -0.1556503 0.073116235 -0.071382016 0.0094501395 0.103446975 -0.23968591 0.077293456 0.31715724 0.16705514 -0.39708787 0.24002168 -0.15981542 0.026814982 0.067326196 0.52528393 -0.2608784 -0.20375317 -0.20210305 0.18940994 0.037876792 0.28583205 0.3584327 -0.26792565 -0.20773517 -0.11554547 0.20386475 0.18536675 -0.10815929 0.1523133 0.07535432 -0.010462811 -0.071827196 -0.05115185 -0.09648896 -0.11218075 -0.10904868 0.1061943 0.12242698 0.31880337 -0.102343895 -0.008414178 -0.12967591 -0.11373772 0.15976693 0.11896095 0.065556884 -0.20443779 -0.067310065 0.13546944 0.27854246 -0.06699289 0.06179544 -0.15900043 -0.070133984 -0.109388836 0.06727592 0.055991758 0.30819714 0.024690902 -0.03121882 0.1192851 -0.1971354 0.1869111 -0.01802558 0.045670006 -0.4771853 -0.074025236 -0.014668245 -0.060058065 -0.22454065 -0.19624116 0.055014633 0.030549353 -0.14674653 -0.09777631 0.30202702 0.43773752 0.20416556 0.09220079 0.021471908 -0.31724942 0.07834394 0.10700056 0.11925403 -0.0039354083 0.3725303 -0.0013532494 0.22187519 0.36459768 -0.18671958 0.04541057 -0.19870126 -0.05218614 0.19561508 0.087695315 0.04034057 -0.036257457 0.15556757 0.05762223 -0.006591216 0.26980996 -0.024961105 -0.19274022 0.375875 0.1516638 0.027836278 0.16677852 0.12512685 -0.021706369 -0.09645185 0.02576709 -0.093536496 -0.1103743 0.025741195 -0.04165717 0.031905256 0.22078237 0.15414107 0.10768497 0.06140071 0.18012522
FLK 0.05957309 -0.30613387 0.08148545 0.043232042 -0.09390033 -0.13505575 -0.06661035 0.041574102 0.02763089 -0.04511572 0.23317403 -0.061858233 -0.24138847 0.14085777 0.00020943771 0.13646959 -0.05318699 0.15272768 -0.104080826 -0.12623884 0.16281608 0.22032543 -0.100907035 -0.023676524 -0.10194128 -0.07396546 0.0029724257 0.08612235 0.07241619 -0.11373616 -0.19888599 -0.17678002 0.15821919 0.12220152 0.14168902 0.15564369 0.1983908 0.11295915 0.014690255 -0.28154907 -0.043850064 0.21146935 -0.069208786 -0.034510486 0.17729351 0.22456826 -0.2512715 0.011030757 0.019173477 0.08691014 0.062191684 0.012279258 0.035656054 0.116626285 0.18246159 0.17505716 0.12060451 0.12544912 -0.21951188 0.081644766 -0.033929307 0.08226155 0.20229189 -0.17017622 0.046542462 0.03936489 -0.11032633 -0.13508178 -0.07393198 -0.106834926 0.016100185 0.022597581 -0.30018973 -0.34748855 0.034363545 -0.19317867 0.14623094 0.035095755 -0.104570635 0.2828867 -0.11037702 -0.020534007 0.103735425 0.21920699 0.045174725 0.045993894 0.16051646 -0.17530149 0.012732685 0.021000728 -0.08865798 -0.21180393 0.06390253 0.072378345 0.32460016 0.12865764 0.022532474 -0.17030121 -0.33760458 -0.06605392 -0.18266225 -0.16095763 0.020058969 0.32982913 -0.0027790652 0.0062636794 0.18262422 0.10455172 -0.07875567 -0.091065444 -0.0068575316 -0.19334626 -0.006382481 -0.015636526 -0.27191854 0.0397231 0.08576121 0.118510455 -0.13708164 0.102875546 -0.17035607 -0.011233831 -0.1713516 -0.03233492 0.14834052 -0.007715417 -0.021789366 -0.018384939
GNB 0.08280093 0.04073246 0.16552667 0.12132317 0.12847826 0.2260131 -0.16586958 0.08510048 -0.2576337 0.21334249 0.30328628 0.0061176554 -0.057906482 0.15845706 0.16078186 0.05016585 0.048878904 0.15523346 0.22364905 0.010246228 -0.07542943 0.04687933 0.14391154 -0.18710825 -0.42531553 -0.15656096 -0.008764188 0.012511277 -0.022012481 -0.13408592 0.10594651 0.15113689 0.11063962 0.08205077 0.20055407 0.025069801 0.3262173 -0.06661433 0.18745846 0.23133117 -0.0449783 0.052432142 0.24382463 -0.20644653 -0.05454421 -0.10543638 -0.44692436 0.18338229 0.28930083 0.044428587 0.17942427 0.04361616 -0.10084019 0.33625415 -0.048587818 0.10099691 0.46936014 0.13284643 0.075098716 -0.029364895 -0.16607141 -0.13755657 0.16985846 -0.043429665 0.16785537 -0.0695476 -0.0030051116 0.3842444 0.012585522 -0.16426595 0.04678348 0.10903175 -0.3176438 -0.32813555 0.36320695 -0.35859838 -0.026312463 0.06910574 -0.21002232 0.27925047 -0.07554427 -0.07879975 0.1142579 0.18826343 0.38642508 0.0409632 0.1143222 -0.2442578 -0.3377208 0.1811641 0.07107293 0.02796822 0.13422933 0.053788695 0.35484442 -0.036563456 -0.12840228 0.082790986 0.09034605 -0.15810874 -0.1791475 -0.06292103 -0.13256805 -0.06586729 0.1440448 -0.19612287 0.12271956 0.25366184 0.03875412 -0.011210227 -0.098528236 -0.22619717 0.03857624 -0.051200654 -0.26646888 0.11573612 0.20984645 0.22091144 0.36302388 0.21540684 -0.014116999 -0.063681915 0.27218148 0.03561062 -0.03359312 0.13413587 -0.0057335603 0.12947126
ATG 0.12775722 -0.37759387 0.22173753 0.009012083 0.08800206 -0.19799535 0.12186901 -0.12653589 -0.2204199 0.22195584 0.30694002 0.0338471 -0.11644568 -0.053271886 0.06321454 0.15599988 -0.14976677 0.17300375 -0.16205953 0.16809683 0.2841452 -0.09480939 0.25709 -0.2924015 -0.09280179 -0.023516212 -0.19325092 0.13165987 0.18576139 -0.04333348 -0.029862292 0.15402149 -0.035661995 0.024762442 -0.28406915 -0.12600526 0.06987762 -0.0046031433 -0.21019322 -0.1199985 -0.07254864 0.2588175 -0.18438919 0.017705305 0.042328294 0.19294846 -0.11852073 0.094312824 -0.29540578 0.106743634 0.0014682928 0.06170313 0.047506113 -0.06031354 -0.01265701 0.11867624 0.25691208 -0.15702005 0.012833653 -0.054647002 0.0854755 -0.07723056 0.1765228 -0.14125277 0.20494767 -0.1924138 -0.019509442 -0.2305379 0.1618576 0.0032753674 -0.13353729 -0.026749993 -0.25731757 -0.15989743 -0.29676065 -0.27163842 -0.10319983 0.14754972 -0.0820745 0.1320472 -0.310806 -0.115181185 -0.027265923 0.2178742 0.25417566 0.011629224 0.2603766 -0.14156058 0.14512235 0.06399345 -0.20498265 -0.081058554 0.12608519 0.08515565 0.26122895 0.23118262 -0.041840754 -0.0465514 -0.12646824 0.17270334 0.0024929282 0.11291602 -0.27028558 -0.089382395 0.039165784 -0.09763324 0.13177495 0.39411226 0.28119758 -0.12576975 0.20161328 -0.06972724 -0.08174971 -0.028779548 -0.05216446 0.18574104 0.09042306 0.32169202 -0.16084264 -0.038739365 -0.22260822 -0.22341996 -0.15265138 0.008347238 -0.22123536 -0.12663093 -0.29204348 0.1370602
NCL 0.3864569 -0.5111524 0.06321667 0.20799983 0.24302743 -0.11102117 0.1919265 0.12338475 -0.27206403 0.17858359 0.13510382 -0.08523479 0.067398936 -0.07893514 0.1667144 0.19090618 -0.005033822 0.073849656 -0.17703943 0.2239633 0.22161649 -0.014732925 -0.15347593 -0.11411837 -0.122045085 0.10904062 0.054791454 0.082514755 0.065558195 -0.020186735 -0.03286602 0.40045163 0.083737805 0.27855203 0.019280879 0.07687351 -0.14016575 -0.23114298 -0.1842927 -0.014981308 0.38264406 0.21284321 -0.24109733 0.1671638 0.093150675 0.24175446 -0.3810889 0.45349786 -0.12679707 -0.07023719 0.20290717 -0.14562969 0.23306105 0.016365994 -0.012026115 0.24872972 0.30227673 0.08930654 -0.08411594 0.07086014 -0.07514308 -0.054080985 0.18435138 0.0851939 0.17360084 -0.07576928 -0.07247674 0.09160078 -0.024442608 -0.2206065 -0.22911732 -0.11492113 0.06150804 -0.08682603 0.043929152 -0.13327222 0.12947178 -0.15750907 -0.028495437 -0.027673298 -0.07368968 -0.3426269 -0.07227163 0.102648415 0.35487494 -0.11498669 0.15746874 0.24567665 0.062016543 -0.07877387 -0.06938859 -0.08502188 0.3240335 0.20670451 -0.028906899 -0.08061706 -0.274309 -0.38256505 -0.25373334 0.03741199 -0.18881045 -0.19791217 -0.14582855 0.12125603 0.25185803 -0.28831545 -0.11087142 0.31493226 0.31865072 0.2524032 0.0089977905 -0.22791976 0.20137373 -0.18638717 -0.30939016 0.13341878 0.1205689 0.053554323 0.08569212 -0.2127964 -0.079859234 -0.23836435 -0.021602564 0.2862695 -0.30657792 0.006051373 0.123799995 -0.0074984347
MLI 0.1985753 -0.35281962 0.13651948 0.22232321 -0.021082055 -0.055811703 -0.15084134 -0.07222713 -0.36357722 0.003577447 0.19319747 -0.16209757 -0.27249014 -0.014675636 0.048702065 0.13191561 0.04545061 0.29595786 -0.24898507 -0.042034272 0.24583654 0.1002273 0.020494584 0.08057619 0.02215198 -0.178097 -0.105094455 -0.03471911 0.1411405 0.094916254 -0.1488189 -0.006930602 -0.111633025 0.24306059 -0.05618929 0.27225333 0.019502586 0.029243167 -0.050903447 -0.35632962 0.078840226 0.3283992 -0.05280482 -0.17030695 0.08094249 0.36814016 -0.07620326 0.1277752 -0.5203688 0.08637076 0.30579123 -0.19109948 0.08639933 -0.12067051 -0.072838515 0.02266833 0.22605582 -0.12658341 0.0019935707 -0.07990235 0.021154735 0.035236623 0.09437785 -0.22336349 -0.032828163 -0.0977281 0.05738326 -0.003726932 0.04850741 -0.4427486 -0.24821796 -0.054649323 -0.35775188 -0.123592936 -0.27841923 -0.23230363 0.16420253 0.12333486 -0.16222744 0.17445527 -0.308491 -0.07953148 0.21922512 0.2622954 0.34720916 0.03782249 0.27844456 -0.27540556 0.24332662 -0.10671799 -0.19516167 -0.2544239 0.1841439 0.3208405 0.36734772 0.12272091 0.1290243 -0.22003959 -0.30133316 -0.09019289 -0.3294328 0.08913573 -0.02605308 0.41298243 0.020770859 -0.1353535 0.2935826 0.28019 -0.14052407 -0.07321466 -0.09622423 -0.307371 -0.012855699 -0.11352656 -0.22849663 0.09957244 0.22066502 0.26746467 -0.07372817 -0.0750002 -0.32420233 -0.30566204 -0.39736262 0.14726384 -0.1290429 -0.006875213 -0.24686515 0.17879063
DMA 0.12004567 -0.3252016 0.22200051 0.06900033 0.044363655 -0.19593781 0.09175181 -0.12796132 -0.21251315 0.22525823 0.30165923 0.013186903 -0.069917515 -0.062492702 0.09268815 0.14421323 -0.17604731 0.18812889 -0.22556815 0.19399394 0.34934604 -0.009541979 0.11093604 -0.24387927 -0.13127585 -0.012956936 -0.16001894 0.14998665 0.22000864 -0.06883782 -0.074394874 0.14318578 -0.023924371 0.04431387 -0.29158747 -0.076121956 -0.004016229 -0.008040377 -0.16616143 -0.106950186 -0.056666847 0.20591055 -0.14713787 0.050080184 0.04742852 0.2480658 -0.064244404 0.11660053 -0.41135237 0.08360519 0.08005356 0.03691159 0.03425824 -0.13717352 0.0406776 0.10553971 0.24604473 -0.19226415 0.025037408 -0.042363007 0.085841976 -0.06395093 0.1165085 -0.10616167 0.2017742 -0.21675988 -0.00863688 -0.17189075 0.09422689 -0.019320637 -0.15414879 -0.017630907 -0.2790986 -0.13123158 -0.25067806 -0.22440448 -0.012650287 0.094982974 -0.08807662 0.122645214 -0.31633788 -0.15310314 0.05639847 0.22975633 0.2639844 -0.0077865585 0.24310063 -0.13179223 0.21411106 0.020328108 -0.21798848 -0.07561948 0.18303816 0.10565315 0.2750407 0.2248032 -0.105826125 -0.11512106 -0.20849451 0.16652857 -0.0083936965 0.1040025 -0.19841722 -0.007216995 0.011381533 -0.10052687 0.15292552 0.34098396 0.22787702 -0.09577813 0.15592709 -0.036460187 -0.07220392 -0.0067780577 -0.05359337 0.18103096 0.08874103 0.28180292 -0.19242384 -0.08373619 -0.19039497 -0.17099223 -0.1946216 0.01739496 -0.18544789 -0.14109829 -0.26347035 0.08206706
RWA 0.21506213 -0.2505541 0.113484025 0.14614302 0.15531866 0.1626027 -0.08690019 0.05224404 -0.22625846 0.044838384 0.021304836 -0.060109984 -0.28777468 0.0033772276 0.125484 -0.003806069 -0.0299172 0.16347785 -0.23088618 -0.033311907 0.024691077 0.22413461 -0.18898699 -0.053097703 -0.20798849 -0.06589485 0.0070626037 0.11470067 0.10136036 -0.09830431 -0.051377453 0.08752524 0.008166263 0.29175377 0.09439724 0.17770904 -0.0071969284 -0.19788909 0.102655925 0.1042757 0.095257744 0.015620697 0.0708092 -0.13327613 0.084813 0.17376254 -0.096235596 0.3423689 -0.26648346 -0.018541982 0.23457341 -0.111281686 0.075733095 -0.043464884 -0.048164017 0.19900134 0.41520494 -0.049654733 0.08712975 -0.09103647 -0.067809865 -0.006748829 0.0244072 0.04785774 0.14196046 -0.006262926 0.07780306 0.33241466 -0.0152966995 -0.32222733 0.024443345 0.019883778 -0.35347566 -0.0956035 0.0016370958 -0.18020797 0.16721357 -0.15305528 -0.007071898 0.045157075 -0.007864248 -0.20542194 0.1899273 0.13004704 0.2699777 0.124911994 0.072811656 -0.084012076 -0.009756135 0.037673667 0.044189926 -0.09774844 0.145458 0.12695439 0.14343502 0.034237128 -0.058330763 -0.1351339 -0.110705614 -0.1359968 -0.08240232 0.09085754 -0.0025332903 0.13281392 0.12973826 -0.16737305 0.05029734 0.083025575 -0.20935534 0.037462555 -0.0922904 -0.16031866 0.19463038 -0.031246573 -0.07977981 -0.06931136 0.12374825 0.100606464 0.110294625 -0.20737845 -0.16536875 -0.29034212 -0.108601786 0.27814803 -0.16778491 0.3201303 0.10685385 0.16247329
HTI 0.1386163 -0.3177293 0.19401468 0.05904829 0.038653437 -0.10413937 0.026216539 -0.10784489 -0.22072375 0.2745499 0.29255244 -0.09469454 -0.15515803 -0.00699556 0.036319498 0.13149177 -0.13585043 0.15054248 -0.17714582 0.07712463 0.3027296 -0.061245207 0.14698614 -0.21243976 -0.06706425 -0.05704107 -0.17445499 0.12667997 0.1513123 -0.063801326 -0.031429365 0.100549616 -0.044081815 0.02197867 -0.19085139 -0.111321315 0.041209362 0.027962169 -0.11585526 -0.14990231 -0.13049373 0.25803724 -0.12516823 -0.0039219796 0.062824205 0.18871076 -0.06962029 0.15503907 -0.32740673 0.096879914 0.06102481 0.014596059 -0.0025416554 -0.061520692 0.06881932 0.11093697 0.23109564 -0.14440413 -0.024041492 0.0057335235 0.08577665 -0.06622352 0.15633966 -0.10720937 0.14421403 -0.21457675 -0.030451935 -0.18212017 0.112598024 -0.047727313 -0.11602565 0.014067549 -0.25242049 -0.13210078 -0.19753103 -0.30699494 -0.01809017 0.13423082 -0.06531207 0.15495878 -0.29975194 -0.13406792 0.007009987 0.19337292 0.19297178 0.04909043 0.25635397 -0.15708034 0.14295244 0.05306917 -0.19206832 -0.100076735 0.11284871 0.14100635 0.35266802 0.2059618 -0.037655823 -0.08925974 -0.20840834 0.10655852 -0.021723317 0.07804484 -0.14330174 -0.017334819 -0.018545343 -0.120347895 0.17844714 0.30787823 0.20815253 -0.099660926 0.15139557 -0.15497337 -0.056295376 -0.03221924 -0.11706285 0.16206539 0.14526099 0.33198625 -0.21540818 -0.041629277 -0.19141221 -0.16534403 -0.21090977 0.012732296 -0.17875044 -0.09509986 -0.28436947 0.102725185
AFG 0.13693702 -0.25732875 -0.0488011 0.12728402 0.049155705 0.040999476 -0.0127139315 0.11994683 0.059188258 0.15121488 0.16226178 0.05033958 -0.32468885 0.0888315 0.129346 -0.019089201 -0.19025809 -0.15141743 0.074472025 -0.10193344 -0.03807146 0.0038493637 -0.033483002 -0.38284644 -0.27620596 0.09138423 -0.03326073 0.22998677 -0.096351415 -0.22131334 0.06354127 -0.07992598 0.24672447 -0.013830632 0.23723929 0.06323717 0.2421939 -0.1199052 0.014602262 -0.0480834 -0.2546237 0.094340056 -0.23362951 -0.07309532 0.28841805 -0.085628435 -0.37617418 0.3020396 0.33402696 0.0946218 -0.114603266 -0.069770075 0.015737915 0.2566527 0.22068414 0.15598033 0.27008897 0.21788862 -0.19479872 0.096504785 -0.02169754 -0.08802124 0.3104891 -0.045154225 -0.05423696 0.039325744 -0.061179586 -0.041436195 0.07220105 -0.02781972 0.2590388 0.113260336 -0.033569504 -0.5249229 0.2906319 -0.28516385 -0.076946765 0.12101405 -0.03634336 0.15261623 0.041119236 0.054292224 0.0053411108 0.17698416 -0.24979322 0.16208239 0.3056066 -0.12642477 -0.03050897 0.30264816 0.05208037 -0.076819144 0.0029941543 0.048508834 0.3027327 -0.02119967 -0.14635482 0.020380579 -0.117400065 -0.04830269 0.08062249 -0.13987674 0.07759734 0.03270167 0.12354607 -0.065532275 0.02841756 0.15294866 0.2577937 -0.21446973 0.16992062 -0.18143603 0.06800774 -0.040745582 -0.33615494 -0.08291478 0.14204577 0.18743367 -0.01210555 0.29915103 -0.105855495 -0.097186185 0.09404716 -0.008577813 0.107294306 0.19266409 -0.11675047 0.07036072
PSE 0.20507684 -0.43252248 0.15288284 0.043251127 -0.08717321 -0.22153123 0.013077247 -0.09260159 0.045763314 0.12795568 -0.032954343 0.030572275 -0.22833748 0.08797348 0.32189998 0.15403202 -0.2272501 0.1774226 -0.05835077 -0.082657374 0.021199724 0.18648176 0.029800564 -0.28954452 0.008203593 0.21177486 -0.03676841 0.103367805 0.24198182 -0.16651514 -0.13754512 -0.20700012 -0.0134513965 -0.04956915 0.05513185 0.056153696 0.0037078029 0.21253994 -0.121542014 -0.35085958 -0.24691275 0.084521584 -0.17629158 0.12848765 0.15137148 0.14381422 -0.15088405 0.10555861 -0.0028246897 0.023963192 0.060752142 -0.0820372 -0.034435123 0.06795114 0.061169468 -0.03942086 0.07268325 0.11353265 -0.091720834 -0.16275552 -0.09402458 -0.11653475 0.219588 -0.10930963 0.047839552 -0.07112319 -0.01171226 -0.15502062 -0.007732883 -0.02143636 -0.12370123 0.1074178 -0.066795915 -0.29595065 -0.072815135 -0.10758124 -0.13290133 0.08627537 -0.08350749 0.15717407 -0.23706311 0.05465021 0.1565588 0.37072554 -0.0782535 -0.06651351 0.46054146 -0.2997469 0.18733782 0.1812727 0.012933116 -0.07032472 0.2904365 0.21431391 0.57266235 0.22367641 -0.10045834 0.10065319 -0.24277264 -0.05398853 0.053499807 -0.05637681 0.11702498 0.2264329 0.21313164 0.085585386 0.23733795 0.53033316 0.2400405 -0.18123329 0.36735755 -0.0796881 -0.012719566 -0.08295861 -0.2713659 0.052398894 0.21411759 0.21662697 -0.07121342 0.19779326 0.07943368 -0.0004257059 -0.17253257 0.12840042 0.10895373 -0.1015585 -0.22608273 0.21072064
PRK -0.08820692 -0.47615615 0.16315751 0.053493116 -0.1197773 -0.4302707 0.005814919 -0.10545092 0.060209483 -0.14031488 0.18277317 0.27166164 -0.3457444 0.10402871 0.18650864 0.20316662 -0.11593453 0.06256294 -0.065282114 0.014791918 0.056520957 0.13906778 0.21401395 -0.17354558 -0.01462347 -0.05412763 -0.07179525 0.116753556 0.15534984 0.054665767 -0.04739564 -0.31163126 0.4110446 0.15452316 0.2713139 0.30147418 0.21469499 -0.0054636225 -0.18988235 -0.30408868 -0.050781388 0.3399741 -0.34334207 -0.18477468 0.4927734 0.3160664 -0.5367174 -0.07411984 0.174009 0.0829562 -0.11548237 -0.0067488556 0.039901298 0.022286233 -0.04806737 -0.09791389 -0.030389084 0.21350844 -0.17149279 -0.18141325 -0.1551397 -0.027196188 0.17908464 -0.2876692 0.033669934 0.12603441 -0.102253355 -0.517102 0.024319861 -0.04524263 0.004818344 -0.04657339 -0.0971017 -0.21720754 -0.0944464 -0.073953934 -0.05256434 0.06274379 -0.2322752 0.3019034 -0.1613258 0.11720861 0.2861222 0.23634896 -0.026103731 -0.11260578 0.25423223 -0.25475454 0.065627985 0.041151416 0.027474344 -0.2170273 0.14485404 0.025605068 0.41960156 0.24801674 -0.1966282 0.025578396 -0.23106036 0.039465167 -0.23146302 0.059078768 -0.07824535 0.1718147 0.20853677 -0.010106378 0.15092443 0.42216334 0.12847248 -0.19231062 0.063561514 0.050146654 -0.0040543126 0.1309142 -0.1167317 0.09362181 -0.047195144 -0.03230588 -0.025935505 0.20993024 -0.09705583 -0.007891224 -0.10343423 -0.06317273 0.3073295 -0.083286524 -0.07054379 0.109250255
WSM 0.111908466 -0.39340997 0.026028087 0.3118444 0.17204674 -0.068850406 -0.0031792899 0.3078492 -0.31597638 0.24027514 0.19538726 0.030731164 -0.28884968 -0.08670238 0.090038314 -0.058808688 -0.059519656 0.16012888 -0.2928005 0.05308629 0.22168662 0.09424501 -0.41415423 -0.15190037 -0.4033455 -0.09268228 -0.084336534 0.2077983 0.114134476 0.0017764452 -0.07214022 0.37072873 0.09743835 0.34005123 -0.09889542 0.15784435 0.0640707 -0.33157432 -0.15232636 0.18397972 0.41688222 -0.019762153 -0.13949299 0.079197645 0.021424295 0.14103381 -0.45050564 0.37146547 -0.32557315 7.9909456e-05 0.24923237 0.0692924 0.10248384 -0.15194377 0.029383648 0.33433828 0.35418475 0.048892535 0.1639991 0.08384775 -0.21843158 0.27096125 0.07046466 -0.026115818 0.10140138 0.16654035 0.05158219 0.21756884 0.14934228 -0.39319345 0.03147488 -0.0036746443 -0.42317414 -0.23514321 0.06105866 -0.08499906 0.3305063 0.016393961 0.10314737 0.0017079144 0.13346685 -0.40301552 0.08140124 0.032246724 0.5462293 0.027004842 0.20819165 0.037524715 -0.044075105 -0.0730235 -0.17775612 -0.014116395 0.09361713 -0.078986116 -0.047485024 -0.024732077 -0.05531849 -0.3210564 -0.0094292145 0.015433197 -0.17614856 0.16161282 -0.037351087 0.0741263 0.18663105 -0.046445753 -0.13432528 0.06627168 -0.08874325 0.1815983 -0.11006277 0.00819059 0.17842816 -0.084918216 -0.11211387 -0.024285376 -0.059844874 0.0036511966 0.214675 -0.1527622 -0.2107388 -0.2852197 -0.1039377 -0.008621432 -0.17843866 0.31908342 0.20974691 0.10086621
ATA 0.052870087 -0.134892 0.24002883 0.034273405 0.07815383 -0.024960954 -0.09573975 0.10896863 -0.1004491 -0.0023302734 0.36430696 0.3384879 -0.25517604 0.10406979 0.3166068 -0.1635912 0.01622925 0.26286957 0.07990927 0.29417804 -0.01866015 -0.029770887 0.036229447 -0.16816203 -0.52964556 -0.21736301 -0.07303954 0.03539835 0.12008647 -0.043182272 0.11469685 0.13878281 0.13819449 0.13228989 0.14284402 0.18577515 0.2988904 -0.2081522 -0.1722858 0.2406586 0.1289215 0.22463836 -0.018163322 -0.15624924 0.134477 0.106146686 -0.4194265 0.230059 -0.01267677 0.11669298 0.02612482 0.19774583 -0.07345756 0.060305603 -0.15160097 0.14487173 0.3425926 0.030547969 0.22424665 -0.31910938 -0.18749925 0.01848538 0.067181796 -0.24951947 0.32375452 0.12607329 0.11437316 0.15400222 0.1389071 -0.23383535 0.12602803 0.13814054 -0.37944365 -0.46622267 0.10484083 -0.050049752 0.045346692 -0.028775213 -0.16584735 0.18793623 -0.011341195 -0.203738 0.1847536 0.18919581 0.4002462 -0.04430778 0.061336473 -0.23120096 -0.19769403 0.10229971 -0.011860423 -0.112938926 0.0014817729 0.0973969 0.10226554 0.12422603 -0.18538855 -0.021265047 0.12359459 -0.022389747 -0.25956076 -0.0023465238 -0.21310177 -0.06278274 0.22647546 -0.009177313 0.101868615 0.25922698 -0.20812455 -0.018363308 -0.21052694 0.050618418 0.1254688 -0.009293516 -0.048815835 0.08913563 0.019432366 0.09479013 0.24436854 0.21553122 -0.08083846 -0.09198097 0.116671816 0.082948774 -0.057395373 0.19435129 0.15872319 0.2287485
TON 0.1503732 -0.4886118 0.09959309 0.30980116 0.1819697 -0.11062416 0.06396009 0.26292613 -0.29868528 0.21514316 0.21149063 0.053715818 -0.29063293 -0.06776092 0.12911984 0.0039281435 -0.044905286 0.1712685 -0.27538455 0.09318208 0.19992356 0.13883804 -0.4142312 -0.17465779 -0.39971718 -0.07288465 -0.06838 0.18156828 0.121187575 0.012359247 -0.061012063 0.3715466 0.16991079 0.35674024 -0.022471592 0.1748855 0.088431105 -0.33791646 -0.18186752 0.17990547 0.45577756 -2.2076129e-05 -0.19021815 0.10006293 0.065688044 0.20485485 -0.511887 0.37522924 -0.25163016 -0.016796581 0.21569379 0.09955596 0.10392104 -0.11886653 0.0038010783 0.3344535 0.36259308 0.10770791 0.11375031 0.048272815 -0.22713277 0.24463373 0.0980254 -0.005604431 0.13597743 0.17800862 0.038233414 0.20196022 0.113287956 -0.3722479 0.016023861 0.003388651 -0.3445692 -0.24949428 0.08602313 -0.025016135 0.3126823 -0.04585606 0.07547724 -0.0097739985 0.10785872 -0.40970293 0.084441744 0.054855663 0.52769816 -0.027443776 0.1818099 0.07622797 -0.08601553 -0.05858648 -0.12255456 -0.028936006 0.1280377 -0.050031386 -0.044464402 -0.012291612 -0.13237107 -0.33637866 -0.052643124 0.0050373 -0.19191203 0.11095972 -0.097773984 0.09157757 0.25591996 -0.055616785 -0.12367703 0.13930129 -0.033032868 0.2044642 -0.09944604 -0.024144627 0.17578945 -0.06799184 -0.15417431 0.0025649883 -0.071084 -0.020681577 0.22851078 -0.1284543 -0.15119293 -0.21757247 -0.05262409 0.03316457 -0.16713338 0.31822002 0.2677007 0.08416954
GIN 0.13225028 -0.35285565 0.22722746 0.044216476 0.039206885 -0.20197901 0.07945471 -0.15505686 -0.19321452 0.22539355 0.3034458 0.015716761 -0.07317205 -0.035102833 0.091448106 0.19720438 -0.14057991 0.19561866 -0.17933099 0.16008945 0.30311278 -0.03200005 0.19722445 -0.26818833 -0.074712105 -0.01632742 -0.15164483 0.10533963 0.18324846 -0.046461206 -0.07237658 0.11122923 -0.018015731 0.0057803066 -0.250061 -0.08519826 0.060608335 0.04776847 -0.17745562 -0.19461001 -0.05947465 0.25244895 -0.14597334 0.036793675 0.050681453 0.23900357 -0.10294158 0.0765496 -0.32170734 0.11212382 0.020825729 0.055629227 0.014359833 -0.080242954 0.018076876 0.08269635 0.22207114 -0.13763861 0.008662506 -0.050645594 0.07215403 -0.08087656 0.13997541 -0.11372229 0.17830947 -0.21699487 -0.006511902 -0.20791127 0.10011306 -0.023165276 -0.15639822 -0.027322099 -0.2623515 -0.15090495 -0.2663086 -0.24296759 -0.063492686 0.13121529 -0.10607963 0.13821757 -0.35742623 -0.13216068 0.035509005 0.24606007 0.2335303 -0.005638546 0.2562698 -0.1383032 0.19203892 0.026270466 -0.20846003 -0.07305891 0.16963579 0.13626613 0.3191432 0.2544209 -0.06415585 -0.06875529 -0.2163463 0.13182694 -0.023903498 0.09540244 -0.21581498 0.021018906 0.050264873 -0.09069214 0.17910361 0.40819743 0.25234032 -0.103945665 0.20057914 -0.07283676 -0.09179886 -0.026126126 -0.12288346 0.18551739 0.11329529 0.2979859 -0.15914953 -0.027537653 -0.18469666 -0.16341546 -0.18108906 0.0024514939 -0.17217372 -0.16307543 -0.2600632 0.10101334
BEN 0.11423834 -0.32378244 0.08156329 0.071602486 -0.05913449 -0.1047862 -0.11852178 -0.11078439 -0.090443686 0.095114075 0.10037318 0.013761289 -0.33961806 0.074987195 0.07299893 0.16690098 -0.048482616 0.08403468 -0.13153972 -0.11477474 0.05904759 -0.004740058 0.19265147 -0.14396441 0.089831784 -0.04551103 -0.10731385 -0.0023025998 0.10413586 0.012968007 -0.020024974 -0.13993447 0.024404949 0.01981045 0.09094591 0.106588796 0.13568698 0.13666931 -0.08032938 -0.30804774 -0.11805941 0.32459354 -0.17671567 -0.12461828 0.2636525 0.16097707 -0.21598548 0.06535516 -0.09320718 0.13872258 -0.07069925 -0.09669799 0.025008958 0.048036203 -0.018251557 -0.042353295 0.040532164 0.05241311 -0.13959768 -0.05870169 -0.03955508 -0.0048055495 0.17134967 -0.13650696 -0.0026257695 -0.07412789 0.009795057 -0.32396623 0.12947834 -0.230038 -0.06833849 0.010391618 -0.08649489 -0.1571103 -0.21172538 -0.24448778 -0.06358853 0.15492383 -0.10624186 0.22707942 -0.2957438 -0.023811733 0.12584832 0.19726832 -0.01233995 0.009531076 0.3594157 -0.20350394 0.14368327 0.03661161 -0.0574081 -0.16062987 0.06758559 0.17883417 0.49115175 0.24378607 0.03972875 -0.025842128 -0.25926474 -0.044043653 -0.1599419 0.085278556 -0.0767286 0.18218611 0.07384676 -0.046293207 0.26849613 0.4380945 0.1404512 -0.0901039 0.1530002 -0.19243987 -0.011587042 -0.05243245 -0.2252233 0.07744997 0.18181106 0.2772099 -0.07749963 0.17715569 -0.17244129 -0.16114528 -0.29248405 -0.012943155 -0.024719782 -0.019681526 -0.2584068 0.20465595
OMN 0.23185343 -0.30292138 0.08911504 0.15322103 0.14792064 0.10902506 -0.04092138 0.03355721 -0.2298381 0.0122537725 0.037471067 -0.041904297 -0.2336539 -0.05195833 0.08871945 0.05470048 -0.023924623 0.13904303 -0.21800607 0.010577055 0.06630463 0.1801345 -0.22688748 -0.08122928 -0.19847102 0.010640939 0.007924538 0.13525426 0.060767047 -0.108674206 -0.10839399 0.15172577 0.042266976 0.27733 0.08489051 0.19202161 0.009744614 -0.22680998 0.0619728 0.0683495 0.14802046 0.0042930623 0.0021931024 -0.058868833 0.07957078 0.1973992 -0.11970594 0.30381203 -0.24896489 -0.04506342 0.20122853 -0.13433181 0.14606899 -0.0070354706 -0.008156139 0.2229873 0.39684635 0.0033357567 0.0047034468 -0.037117723 -0.029692467 -0.0094253905 0.07334531 0.06190752 0.09984386 -0.02494529 0.037718263 0.31888622 -0.0446023 -0.30100283 0.025653485 -0.04084778 -0.28821427 -0.14794953 0.011695085 -0.16187562 0.11781211 -0.13584486 -0.002650583 -0.010961153 -0.0057136947 -0.22633083 0.13149433 0.18027425 0.23551674 0.13442206 0.09055113 -0.03240081 0.0461492 0.049157336 0.03092613 -0.08524735 0.1619916 0.14789848 0.075598426 -0.032481793 -0.08871255 -0.17422801 -0.14742737 -0.11076662 -0.07046278 0.015006107 -0.035845313 0.1597982 0.12689963 -0.17747173 0.040122323 0.09748237 -0.095936514 0.060420614 -0.082728565 -0.21234901 0.17604838 -0.06865278 -0.11332739 -0.068490975 0.09657896 0.06840818 0.06612345 -0.233657 -0.122325405 -0.25993797 -0.07865344 0.2644754 -0.22499491 0.24108198 0.08744259 0.052357752
MDV 0.32938972 -0.4664323 0.21595384 -0.009887007 0.36177155 0.047771484 0.22258148 -0.0053812037 -0.010618562 -0.10762271 -0.19662958 0.11308387 -0.3864238 0.018691888 0.35650307 -0.04349294 -0.39779344 0.1802984 -0.23608771 -0.035891876 -0.14712644 0.5564189 -0.27295017 -0.3406212 -0.30333126 0.3265213 0.19064605 0.42785388 0.23422039 -0.31571758 -0.18336783 -0.07564937 0.123834096 0.26299357 -0.06865457 0.13830966 -0.005587125 -0.23911606 0.022054281 0.057859585 0.0144493 -0.28416362 -0.05913634 -0.053736977 0.0678565 0.17052943 -0.12873904 0.20657843 0.0021016647 -0.15747765 0.15735902 -0.017895076 0.17324005 -0.033439722 -0.17188506 0.38539982 0.54902667 -0.026854027 0.17863992 -0.19400421 -0.06098648 -0.14967589 0.19021964 0.13140331 0.2826876 0.11586953 0.030932525 0.4707339 -0.08182504 0.013522663 0.08358051 0.00029912248 -0.49357653 -0.22261909 -0.022441495 -0.16772743 -0.14619453 -0.30828327 0.14081836 -0.03424011 0.061799392 -0.044228356 0.19503751 0.35189828 0.12042594 0.13313028 0.060871247 -0.21832575 0.012607629 0.11897621 0.15635851 -0.013949404 0.32151347 0.019818716 0.0068466505 0.19012138 -0.13919532 0.023896495 -0.064517014 -0.25593695 0.23442069 0.054432787 0.032744996 -0.004885982 0.3056443 -0.026034644 -0.12794496 0.23111904 -0.11636308 -0.21776414 0.30862153 0.033981368 0.15226345 0.02300066 0.08482541 -0.17496684 -0.00046242747 0.035917204 0.15302043 -0.2439083 -0.16830944 -0.32275435 0.05722285 0.4300529 0.008887965 0.33446425 0.1751623 0.28522855
LSO 0.09431286 -0.14267118 0.23274389 0.039661188 0.084564365 -0.03548741 -0.11305686 0.10567974 -0.10829779 0.01283127 0.38364857 0.3309514 -0.2192291 0.061544687 0.2994481 -0.18011887 0.046867937 0.26090103 0.04839817 0.3409233 -0.02623861 -0.092465535 0.074794054 -0.13167186 -0.45330775 -0.22759731 -0.039075665 0.020772303 0.090065815 0.0031437527 0.0943021 0.16412526 0.091100074 0.117674015 0.11087521 0.14799546 0.263203 -0.19705151 -0.20950592 0.18211721 0.13662544 0.27207342 -0.0522747 -0.16144612 0.10934787 0.10109647 -0.38642594 0.2524255 -0.06415694 0.15073211 0.011157449 0.16968521 -0.047806766 0.06332654 -0.14372475 0.16158035 0.2994773 -0.0024207484 0.25084975 -0.32046852 -0.13390464 0.020882774 0.10128236 -0.28794533 0.28680155 0.09611212 0.12742463 0.10756166 0.17266865 -0.2292662 0.07508989 0.10152265 -0.33914196 -0.46645698 0.037283313 -0.060410015 0.057104073 -0.0053852815 -0.18281549 0.20361511 -0.019769775 -0.20619963 0.1284483 0.14968438 0.35842964 -0.09296554 0.09757559 -0.19116029 -0.14141163 0.07538958 -0.061921295 -0.16111213 -0.021033026 0.16817959 0.06455779 0.10538446 -0.17736134 -0.043595284 0.098137386 -0.028245922 -0.27219832 -0.042080786 -0.21817465 -0.031716786 0.23425779 -0.015380604 0.12605499 0.28201342 -0.18463936 -0.026210688 -0.18919447 -0.0014098407 0.15114726 -0.07174078 -0.078377046 0.107957244 0.039845508 0.11122381 0.18305057 0.19389145 -0.147857 -0.1260604 0.06930998 0.10751609 -0.0979481 0.12493497 0.1448452 0.22365487
KIR 0.5177758 -0.6281263 0.007710749 0.28923467 0.26686934 0.018711092 0.11852819 0.16026391 -0.25662372 0.045653094 0.08521191 -0.00894839 -0.09591629 -0.103362255 0.17368148 0.17698672 -0.007051168 0.02694492 -0.27438194 0.19177163 0.1414215 0.18307273 -0.46711928 -0.12779678 -0.25853467 0.20011298 0.1214638 0.19323236 -0.015910791 -0.130964 -0.096382394 0.41372633 0.13432162 0.33350027 0.13009116 0.21163613 -0.12345146 -0.36213836 -0.096267216 0.055750396 0.46788168 0.06581246 -0.23650622 0.15415049 0.17970856 0.20309296 -0.36507833 0.54887474 -0.19573948 -0.1029033 0.23127386 -0.23073108 0.38404173 -0.024334015 0.06781277 0.40896884 0.41500762 0.051380996 -0.08215187 0.15024075 -0.07783423 0.00045294486 0.1858705 0.2135689 0.12515748 -0.02338409 -0.06378089 0.2853546 -0.056391887 -0.30251873 -0.049062412 -0.16946425 -0.116155244 -0.2386935 0.11908585 -0.15822585 0.13126534 -0.19146834 0.06464661 -0.12281656 0.04911526 -0.48747438 0.022572313 0.20601991 0.30896237 0.06820015 0.12093796 0.26688555 0.104303196 -0.040985975 -0.0090261195 -0.096611276 0.2649332 0.2710829 -0.13782378 -0.17224246 -0.25149587 -0.44990593 -0.26728293 -0.04692001 -0.12156972 -0.20692027 -0.1342845 0.21058847 0.25806794 -0.23452821 -0.11124172 0.15926866 0.13729855 0.27391613 -0.022730941 -0.26407018 0.36821997 -0.17176546 -0.26049283 -0.018142175 0.047244985 -0.032488365 0.069667995 -0.3526582 -0.114822425 -0.28514993 -0.078024074 0.34911317 -0.40364617 0.20222002 0.30628723 -0.082946725
NER 0.26974297 -0.35560548 0.15782492 0.15689245 0.2102931 0.17601842 -0.054061793 0.07999524 -0.2111524 0.07584722 0.011437904 -0.10389904 -0.36893004 -0.0049292548 0.15294588 -0.07929108 -0.0861052 0.13206933 -0.284536 -0.05746722 0.008036909 0.19585261 -0.30507168 0.0044297567 -0.21509343 -0.07018445 0.06720196 0.18403229 0.11640439 -0.12716259 -0.019400703 0.08884383 -0.0017058378 0.31009382 0.061411235 0.16695473 -0.050890215 -0.23760617 0.055832043 0.10464187 0.06454384 -0.01720121 -0.00010596827 -0.108414985 0.083249435 0.17375201 -0.04815079 0.43208987 -0.35085648 -0.020575313 0.249278 -0.103395954 0.09356207 -0.10696621 -0.049937412 0.3047317 0.41366816 -0.09236119 0.1466792 -0.07754842 -0.0542244 0.011595652 0.091110125 0.048728604 0.14409709 0.02473749 0.037158012 0.35377562 0.0029871112 -0.29525355 0.036659338 0.050725777 -0.3889046 -0.07590667 0.012627582 -0.21836789 0.15144904 -0.17721471 0.044296555 -0.002012588 0.07132615 -0.24047221 0.1455331 0.13989395 0.22318862 0.15073426 0.09725012 -0.08393399 0.041743927 0.045288596 0.039066177 -0.08650645 0.1451225 0.18148576 0.10164522 0.056855362 -0.07185242 -0.1635644 -0.12781423 -0.14449924 -0.02387361 0.082858555 0.06140812 0.077377245 0.1395183 -0.14776237 0.00037524092 0.09371309 -0.22076608 0.02596752 -0.034440435 -0.1954519 0.24089132 -0.074831165 -0.033548955 -0.09262862 0.11657494 0.11473963 0.007700594 -0.2774981 -0.16914365 -0.33565181 -0.15429512 0.3708053 -0.22525243 0.3484483 0.12306617 0.20117468
