174 128
RUS 0.18263118 -0.3472012 0.094685644 0.22545224 -0.22754265 -0.10857039 0.058615793 0.03234847 -0.213686 0.08031365 0.28416073 0.020112086 -0.053186297 -0.066382155 0.04512922 0.15305881 -0.1677082 0.0883825 -0.32387203 -0.093348436 0.05318508 -0.045532454 0.026183367 -0.21109815 -0.20983195 -0.07587076 -0.24091378 0.017251905 0.12096056 -0.042652126 -0.13148116 -0.00053416844 0.30034953 0.12087316 -0.06257302 -0.15363105 0.12590176 0.011324341 -0.07944596 0.09014539 -0.1795323 -0.079148956 0.0062014568 -0.018409243 -0.03493881 -0.06550693 -0.06823641 0.05090371 -0.12539133 0.013791324 -0.20227756 0.024116898 0.06777495 -0.024220517 0.16673689 -0.06618328 0.17498106 -0.052164525 -0.13313381 -0.06899531 -0.00982726 -0.0059626345 0.040058922 0.0472545 0.090447515 -0.052748196 0.14329964 0.011132457 0.18958497 -0.21809907 0.078887634 0.11492226 -0.19201154 -0.25123182 0.07089329 -0.0960262 0.09704752 0.09991547 -0.012654088 -0.052431304 -0.11714793 -0.13815372 0.24278326 0.3925086 -0.023891341 0.17049903 0.2568052 -0.14511041 0.2421473 0.2606757 0.033369105 0.14097022 0.16232947 0.036772214 0.45815513 -0.005020294 -0.15936856 -0.13412882 0.006633942 0.0052903597 -0.026345536 -0.01909835 0.07033921 0.022706931 -0.0011921746 0.07264441 0.05468944 -0.051786646 0.19320758 -0.05802817 0.050351586 0.11554799 0.063192956 0.22529311 0.017523333 -0.012283813 0.15699445 0.07611423 0.11366479 0.12061173 -0.05350823 -0.123600945 0.051146325 -0.10232642 -0.13695817 -0.08176969 -0.15517208 0.0081614675
ARE -0.012118527 -0.19077796 0.19704247 0.049209755 -0.048790224 -0.07070798 -0.09308611 0.12413338 0.17524953 -0.066974044 0.24390385 0.024481442 -0.049583018 -0.115561 0.13307676 0.21471083 -0.22649267 0.049878158 -0.11036363 -0.1592295 0.028257921 0.31500068 0.17266577 -0.38556942 -0.10964529 0.27135006 -0.0698636 0.2143158 0.29324576 -0.08310181 -0.11780889 -0.0028264916 -0.073653124 -0.032878846 -0.10053817 -0.017041674 0.22903918 0.12735918 0.37958428 0.068064466 0.035794765 0.07830786 0.16890857 -0.2850327 0.1608367 0.15706964 0.045443803 -0.044070642 0.064727284 -0.15645956 0.17834087 -0.09130243 -0.085111424 0.25372803 -0.019482275 -0.02094674 0.19064394 -0.25392056 -0.1001029 -0.084382355 0.014761835 -0.045577556 0.117553644 0.0932755 0.15857832 -0.00017663097 0.046652183 0.26796082 0.13729343 -0.21887186 0.025164736 -0.037869 -0.21639082 -0.11453052 0.057102393 -0.03322229 -0.053496055 0.14022084 -0.07830489 0.01288178 -0.22519018 -0.08117974 0.23391417 0.0977094 0.15975353 0.14263102 0.11047977 -0.09912191 0.027016738 0.152321 -0.013969653 -0.22076465 0.03762052 0.0056066574 0.16341656 -0.056153234 0.11914357 -0.032790333 0.083487846 -0.22594026 -0.06753012 0.12016927 -0.036432806 -0.036606055 -0.095684774 -0.13571122 0.17310137 -0.08978853 0.07101156 -0.19644092 0.20084426 -0.0061683515 -0.016506253 0.17542492 -0.025606085 0.065602094 0.05683269 -0.051825233 -0.010255882 -0.12296999 -0.16052625 0.022990309 -0.05653662 0.13696258 -0.14764662 -0.03199273 -0.19473143 -0.16430281
USA 0.11186928 -0.12595144 0.08744421 0.1640796 0.04546135 -0.12762997 0.14527482 0.06977241 -0.08003369 0.15130247 0.0392614 0.094132416 0.088527754 0.09530958 0.2815386 0.32894367 0.013417271 0.11597555 -0.028739683 0.18295926 0.15082362 0.20633297 -0.21147677 -0.09140641 -0.08632616 0.024619108 -0.118666895 0.26518616 0.10081804 -0.06464921 -0.036320556 -0.08216222 0.11833464 0.067515574 0.026548006 0.07207907 0.27966046 0.0016126317 0.22586158 0.14943622 -0.27016434 0.033149347 0.14638126 0.10384475 -0.010431896 0.11252095 0.03326629 0.16156308 -0.057209145 0.01804583 0.08687216 0.21717137 0.047635816 -0.14985652 0.16378245 -0.06073683 0.1825454 0.0111330915 -0.034938592 -0.073269136 0.14766268 -0.034126487 0.040064592 0.1500288 0.16199504 -0.15945503 -0.014097159 0.0870889 -0.22327708 0.02042104 -0.18301263 -0.13461736 -0.2530244 -0.01534735 0.118001655 -0.12598506 0.06756107 -0.018504744 0.15333948 0.1964263 0.00035681954 -0.12845393 0.06394227 0.19325028 0.061383285 0.3081067 0.07011456 -0.19239125 0.13283446 -0.06623518 0.07802723 -0.08456596 -0.009968813 -0.06769935 0.11309256 0.0703184 0.041838855 -0.29823184 -0.13629413 0.11128054 0.0045216605 -0.08587841 0.078321606 0.16317931 -0.084100425 0.0075723547 0.11062217 0.055468705 0.37937507 -0.15664874 0.1686473 0.1133352 -0.018533677 -0.11686221 -0.037472453 0.1370679 -0.17170468 -0.044452738 -0.04108458 -0.08299809 -0.20784348 0.09686779 -0.12932785 0.20534027 -0.37620384 0.049678013 -0.20975475 0.0076792007
SAU 0.033029106 -0.2106688 0.1689606 0.02519671 -0.00034804837 -0.18094209 -0.1625008 0.20079988 0.083726354 -0.061156847 0.19226523 0.0041524516 -0.0058846422 -0.02384346 0.19845554 0.09114183 -0.14448032 0.16444978 -0.018697906 -0.0039120377 0.018059518 0.2894451 0.035875004 -0.14936312 -0.14268988 0.16813791 -0.15132412 0.25202376 0.115630105 -0.075402565 -0.14495683 -0.059176404 0.07176361 0.030077513 -0.0262118 -0.12737773 0.18234672 -0.039661217 0.23553607 0.1081315 -0.11166515 0.036601637 0.12101165 -0.11792935 0.049907032 0.06919453 0.074046455 0.0020296425 0.04347533 0.049457025 0.2529062 0.05888075 -0.052920785 0.12171766 -0.1032588 0.015613074 0.2731122 -0.14319512 -0.11750846 0.09203022 -0.09025014 -0.06963935 0.12967056 -0.06256395 0.15415771 0.044124678 0.09985428 0.23693855 0.13835081 -0.14373931 0.0371686 -0.044065274 -0.41028738 -0.18898939 0.13331154 -0.07802121 -0.09494832 0.010529607 -0.12072972 -0.017196612 -0.08502343 -0.20662129 0.3024796 0.21303779 0.115880296 0.15214595 0.009733032 -0.102859445 -0.02511105 0.07578161 -0.057412937 -0.12707192 -0.05162695 0.056644376 0.19634219 -0.15464455 0.14632155 -0.060522117 0.13184899 -0.13178082 -0.11994857 -0.034869917 -0.033687275 0.069941804 -0.04957273 -0.17773262 0.10502907 -0.040781002 0.14475414 -0.17292373 0.14795572 -0.0619733 -0.079402946 0.12998442 -0.118277356 0.12243234 -0.06900775 -0.052281175 0.108034246 0.010206776 -0.12622456 -0.011226329 -0.050197437 0.15553373 -0.08976084 0.05612848 -0.1417422 -0.002815775
NGA 0.088861674 -0.14258336 0.09660889 -0.008645765 -0.12944996 -0.23724633 0.010699097 -0.20279577 -0.110456534 -0.0761442 0.11019572 0.09551864 -0.04485334 -0.11173669 0.09421637 0.039638247 -0.09715911 0.014518873 -0.037932318 0.08766017 -0.028004512 0.07662389 -0.03927177 0.03821338 0.061029952 -0.013243739 -0.14836788 0.042325005 0.21961935 -0.042562805 -0.1390437 0.0059962086 0.06972077 -0.099481806 0.0071259313 0.13639684 0.13109094 0.06845919 -0.02237039 -0.021682395 -0.07109439 0.1477747 -0.0072271647 -0.0027685403 0.22585866 0.063780904 -0.27299803 -0.11950772 0.047029268 0.07604263 0.016247446 0.035293356 -0.06673779 -0.04896 0.13443877 0.03165285 0.15681633 0.10628015 0.03360174 -0.15070844 0.08930339 -0.039910566 0.010624702 0.1256424 0.13588685 0.0047759362 0.039194033 0.19546334 0.092948176 -0.19878834 0.116332605 -0.04672873 -0.5643057 -0.26948002 -0.0076364614 -0.0840403 -0.035252847 0.017157085 0.103258796 0.27452424 -0.12651782 -0.1947959 0.20071262 0.3316333 0.017912367 0.11195959 0.13721289 -0.22706184 0.15885898 0.22094336 -0.049112316 0.033505037 0.2157153 0.0028374058 0.411968 0.0915269 -0.24408999 -0.102140844 -0.13238263 0.115829274 0.10667677 0.032883774 0.004076066 0.17729867 0.16712427 0.1647568 0.12119089 -0.03629533 0.09608281 -0.117321916 0.24955097 0.05651402 0.11815799 0.024961744 -0.13109156 -0.1505874 0.090314336 -0.087606855 0.09280061 -0.036980927 -0.16597693 -0.07029966 -0.14478661 0.15262564 -0.1482009 -0.050585657 0.031673912 0.08843399
KAZ 0.17448682 -0.59905374 0.117034234 0.23226114 -0.1160784 -0.093490995 0.030951343 -0.12616934 -0.25719675 0.14534543 0.47816753 0.050839208 -0.18950494 -0.118732974 0.11192893 0.24118195 -0.046259016 0.21508878 -0.20853369 -0.15630212 0.06820135 0.120550156 0.13692708 -0.20343478 -0.45253232 0.094679795 -0.18199708 0.12588786 0.15073416 0.06813876 -0.2091316 -0.029627634 0.2846455 0.19008651 -0.013522647 -0.12056371 0.393778 -0.031368803 -0.0008683604 0.041108605 -0.002250037 -0.15404853 -0.050475977 -0.09431276 0.04356366 -0.029739885 -0.1271374 -0.049694844 -0.18767005 -0.12865928 -0.14946993 0.01279933 0.09047918 0.019519597 0.103952885 -0.13001281 0.25805196 -0.005007727 -0.122603 -0.12938525 -0.023371998 0.018838707 -0.029387653 0.059370995 -0.06245133 -0.12517625 0.08997347 0.011373372 0.0029037567 -0.17054944 0.240427 0.08335114 -0.27483913 -0.26707464 0.0076517174 0.025146 -0.12648569 0.16822027 -0.05374401 -0.15351808 -0.12723683 -0.102889396 0.13970873 0.22095346 0.014476738 0.09325532 0.17191155 -0.28605002 0.014210197 0.26953283 0.012149946 0.17995319 0.017768312 0.1101863 0.25105485 -0.031016283 -0.22882245 -0.035038136 -0.09270155 0.06987248 0.13329326 -0.10596536 -0.09571709 0.11862028 0.05099097 0.097350545 0.088126875 -0.0021280982 0.11743426 -0.09264124 -0.058952533 0.110660635 0.101666056 0.056737848 -0.07959712 -0.08117951 -0.04639612 -0.0055187973 0.03976501 0.015399252 -0.013929546 -0.12904099 0.052624084 0.01645131 -0.025930364 -0.011323736 -0.17456342 0.09458067
ZAF 0.14427549 -0.13820294 0.3077861 -0.03407222 -0.03725673 0.16271853 -0.055682052 0.083185524 -0.005729358 0.015711939 0.17409538 0.03897862 -0.117118254 -0.022121448 0.12120862 0.18547727 -0.11432414 0.06608607 0.012982413 0.09222734 0.1832312 0.16822426 -0.08638994 -0.02936014 -0.35853037 0.12949736 -0.012940824 0.20361842 0.04328781 -0.04034436 0.062628254 -0.11551415 -0.16842346 -0.01640074 -0.07568122 0.052957706 0.030409822 0.044857893 0.121130615 0.024343437 -0.066796064 0.21537344 -0.0033754823 -0.23407869 0.29808876 -0.05176089 0.25961667 0.106200345 -0.24652499 0.08998918 0.12478811 -0.008011887 0.04578892 0.12104367 0.097148746 0.03663012 0.26652133 -0.05374586 -0.008465954 -0.097935505 -0.16319904 0.043150872 0.18187883 0.08794961 0.17334087 0.0477863 -0.033657428 0.27448875 0.006365099 -0.06390094 0.19188648 -0.059665143 -0.20054866 0.019911023 -0.0056574936 0.053720444 -0.19040559 0.08080506 0.048729483 0.113463864 0.18182404 -0.24010138 0.023443284 0.2616089 0.08947307 0.3124133 0.090301335 -0.22645038 0.16777356 0.23194748 -0.10460445 -0.053783376 0.13833123 0.039174587 0.30959842 0.059947502 0.0628542 -0.0469604 0.007568365 -0.17263693 -0.19838673 0.15473826 -0.15324652 0.20830879 0.19335066 0.1251964 0.15672576 -0.20622763 0.22228388 -0.2341374 0.008440508 -0.16961102 -0.16062766 -0.09200165 0.110535786 0.075028166 -0.013628514 -0.13964067 0.097530924 -0.04527945 -0.22228485 -0.13712794 -0.14846648 0.1465334 -0.19215578 -0.1169204 -0.14832814 0.1748668
GBR 0.14166306 -0.22193328 0.15378222 0.06041581 -0.043988645 -0.20368986 -0.022230614 0.25705534 -0.05875411 -0.19358431 0.17112176 0.056023784 -0.13260478 0.09712094 0.21214536 0.19979069 -0.39011276 -0.005723299 -0.1483191 0.08786551 0.029822703 0.12466383 0.060791343 -0.32737222 -0.098734096 0.10468627 -0.18406613 0.090448506 0.34202167 -0.0032814548 -0.0321114 -0.10562643 0.06721678 0.09938435 0.015772846 -0.08590169 0.19423003 0.1821288 0.11412328 0.016062528 0.012924902 0.03543109 0.1838939 -0.0283955 0.20038801 0.13770775 -0.22074704 0.02629579 0.015562462 -0.1064111 0.101547025 0.067034125 -0.06982582 0.19938453 0.0445862 0.13858347 0.26328495 0.110903144 0.03992468 -0.42401478 -0.25180194 -0.13364503 0.20238166 0.10280746 0.093171895 0.07865864 0.25078684 0.07471943 0.083725445 -0.31551343 0.05095343 -0.087782696 -0.47834742 0.04211255 -0.0085607935 -0.19938394 -0.016488273 -0.032708418 -0.2171864 -0.03308341 -0.26978666 -0.14819117 0.4890344 0.24881732 0.049610283 -0.019322472 0.13504548 0.03538347 0.18568206 0.020476395 0.15711834 -0.21557222 0.040324748 0.010031352 0.14396603 -0.08635098 -0.061543133 0.03914907 0.01621102 0.03782765 -0.045162044 -0.058956657 -0.01290861 0.028190117 0.17821568 -0.05881294 0.017035194 -0.1846528 -0.17427248 -0.122346655 0.14720327 0.1201518 -0.028708883 0.11009012 0.10529853 0.105643004 0.2454481 -0.12498009 0.12786682 0.060518846 0.064543255 -0.02470969 -0.11276754 0.12131777 -0.31542552 0.027268054 0.0029404503 0.032887794
CHN -0.07156718 -0.29946786 0.16373946 -0.015608741 0.26444295 0.1240003 -0.03528141 0.119141355 0.18024996 0.02804424 0.32043642 0.042889986 -0.07069814 0.04331842 0.26041052 0.053255964 -0.29321623 0.08128843 -0.30457398 -0.005056161 0.034456138 0.13389844 -0.005096095 -0.2671044 -0.4402582 0.22075744 0.114153385 0.32271284 0.021280505 0.06138803 -0.0440466 -0.08177189 0.11838207 -0.051178962 -0.038404595 -0.14976066 0.1055981 0.07382918 0.04178099 -0.011956325 -0.4368995 0.22687872 0.06676709 -0.0600214 0.008109527 -0.07026653 0.16158795 0.1952473 0.17209369 0.11597097 0.03644594 0.3327836 0.106194094 0.007877792 -0.1573541 0.20292431 0.372201 0.08298739 -0.04221425 0.17241998 -0.1898743 0.07153564 -0.124142624 -0.14822482 0.31959957 0.11733875 0.28424013 0.1810363 -0.07229475 -0.10358271 -0.14447744 -0.108223855 -0.2649623 -0.29271826 0.09159093 -0.15728013 -0.025743015 0.1238402 -0.0064220177 0.17329518 0.018546257 -0.19877872 0.36276323 0.33935586 -0.03426337 -0.027717885 -0.014374365 -0.100740574 -0.12849605 -0.10513121 0.117220715 -0.15697177 0.05882981 -0.058426503 0.094634034 0.12134517 0.032342613 -0.19645992 0.1230466 -0.17449932 -0.30922145 -0.1561587 -0.15057136 0.22689754 0.052371226 0.026645973 0.05191521 -0.20308521 0.23250444 -0.06937567 0.0795998 -0.033348523 -0.096876696 0.042246386 -0.043794263 0.1976585 -0.10635937 0.015805636 0.26460257 0.085019626 -0.20546739 0.0049391994 0.049581494 -0.0029665981 -0.0457799 0.112395026 -0.12866609 0.013272275
FRA 0.10788268 -0.27558875 0.20831697 -0.046732295 -0.008761239 0.08203301 0.01116028 0.090776905 -0.23895976 0.10783942 0.37590134 -0.077739365 -0.099525906 0.05619782 0.20870171 -0.003402195 -0.12107797 0.17255615 -0.09334823 0.1666941 0.04740665 0.045649037 0.038171303 0.037408575 -0.3095209 -0.059066895 -0.06771792 0.010129569 0.12715435 0.05526796 -0.053666994 0.10760323 0.20826545 0.30471542 -0.11871086 -0.11491276 0.20435357 -0.14911243 -0.07192196 0.11402829 -0.20126717 0.15486644 0.062441096 -0.14497238 -0.019670408 -0.093422726 0.024012737 -0.054650404 0.021984443 -0.12360274 0.06011397 0.054393083 0.060103863 0.01947112 -0.07423366 0.096599475 0.13970764 -0.07728568 0.027496707 -0.1125875 -0.116777904 -0.095582835 0.01347837 0.027509289 0.11879516 0.03366071 0.07667499 -0.029462159 0.15611571 -0.32708234 0.17558406 -0.060721647 -0.3229053 -0.155902 -0.03679749 0.027210047 -0.040442437 0.03515158 -0.10901725 0.122635424 -0.005591886 -0.26636866 0.12535474 0.172285 -0.009281349 0.09972702 0.022310423 -0.1601316 0.0036649813 -0.062603034 -0.16563459 -0.01467413 -0.20133021 0.0839534 0.3427206 0.05269976 0.026801933 -0.005982603 0.18662642 -0.24196288 -0.23621175 -0.07100288 -0.124025844 0.022392247 -0.10321169 0.20955426 0.23226947 -0.0027033996 0.20677325 -0.09143403 0.08962027 0.1818423 0.072936125 0.1888285 0.17029865 0.12527554 -0.07597444 -0.15623505 0.17748573 0.070931256 -0.10011866 -0.18925975 0.014474307 0.15334143 -0.22146146 -0.12194736 -0.13107634 -0.18752657
COL 0.14725442 -0.20101975 0.2028291 0.35102162 -0.11457172 -0.053946175 0.36867496 -0.15191436 -0.22195798 0.19711742 0.2737342 -0.113944314 0.033220883 -0.00979039 0.27372786 0.2661566 0.050467584 0.3791843 0.034041695 0.34594274 0.0341946 0.29038802 -0.33810124 -0.06768625 -0.32161134 -0.19425966 -0.11411203 0.21035583 0.08285471 -0.10193618 0.03405007 -0.04633901 0.071265996 0.036972012 -0.033417687 0.08985229 0.29405367 0.08320923 -0.029307965 -0.015900936 -0.29317552 0.07769365 0.11626736 0.107886136 0.114836 0.14589854 -0.094338425 0.032277647 0.00918944 0.09078282 0.23180147 0.119909465 0.30915663 -0.24731946 0.04124057 0.17950834 -0.08585841 0.14656273 0.070652105 -0.11774408 0.08188114 0.003953365 0.20099582 0.11330169 0.11929914 -0.24819688 -0.07041682 0.047563642 0.10004794 -0.039772872 -0.0407079 0.017501963 -0.40132004 -0.0333175 0.084284216 0.06018493 0.08877174 -0.060939975 0.007782593 0.32849932 0.2302296 -0.01556444 0.050475407 0.28951448 0.074310966 0.23610222 0.034778044 -0.32972783 0.16112092 -0.07030648 0.073733084 -0.19206034 -0.02848477 0.31605282 0.2906615 0.3047164 -0.06198091 0.0184461 -0.025690254 -0.09069091 -0.11406476 -0.23763959 0.24384664 -0.017042486 -0.14202127 0.3600921 0.3115756 0.19557178 0.2920956 -0.41228545 0.39402753 0.07945209 0.13903275 -0.15795895 -0.10668736 -0.10260656 0.07092267 -0.17332879 -0.20711629 0.11673338 -0.11411606 0.14960341 -0.04039 0.016108993 -0.07276318 -0.013087251 -0.17365149 0.12470908
NOR 0.24967094 -0.17525955 0.12518415 -0.085605256 -0.18941012 -0.26985183 -0.08574214 0.03669162 -0.029186506 -0.19655055 0.20320109 -0.015120814 -0.024092084 0.061177593 0.059688248 0.091297835 -0.515198 -0.015229207 -0.055937923 0.112913966 0.16485906 -0.07646436 0.03420319 -0.028009223 0.016208917 -0.16607337 -0.27308697 -0.14820062 0.2672431 -0.032413434 -0.017949367 -0.018952493 0.19946612 0.07090098 -0.07107274 -0.04526157 0.116199985 0.22701406 -0.10609077 0.010249388 0.009290874 0.23589483 -0.024911365 -0.021516142 0.24161673 0.10901046 -0.17963006 0.01240655 -0.027475772 0.078787535 -0.14995894 -0.069804795 -0.23715717 -0.0017316984 0.15647087 0.19713849 0.21461079 0.08745541 0.108120896 -0.23552456 -0.07685585 -0.111153305 -0.060573135 0.19111417 0.1626821 -0.024537187 0.09612208 0.10987611 -0.047262877 -0.4161359 0.045628525 -0.19327155 -0.49567193 -0.09328072 -0.008778645 -0.23514342 0.051022075 -0.027186278 -0.056979243 0.061160382 -0.19990212 -0.40092903 0.3055204 0.31707263 0.062366985 0.17262538 0.18506163 -0.05650067 0.19924244 0.16120698 -0.15610392 0.009170701 0.29247662 -0.024557762 0.42719743 0.05274103 -0.10832698 -0.1434289 -0.1753606 0.20960282 -0.013730185 0.08729182 0.019655973 0.08169068 0.24976458 0.1548928 -0.0023213397 -0.14534797 -0.086482555 0.0076206815 0.15721953 0.10310642 0.0641962 0.17889656 0.04427093 0.0466179 0.12875941 -0.010359045 0.24792731 0.045892317 -0.11009865 -0.18805414 -0.18637957 0.13690345 -0.23708072 -0.005561757 0.055922084 0.08010963
IRQ 0.15574825 -0.33253542 -0.03915925 0.34244505 -0.22368158 -0.21252419 -0.068478934 0.31726968 0.053442907 0.19996463 0.24360192 -0.13479991 -0.0037811405 -0.1778053 0.067945 0.23774269 0.022329217 0.15456404 -0.0915156 0.04028077 0.09021846 0.1009221 0.01579087 -0.2393233 -0.16691609 0.05697123 -0.34211755 0.1448571 -0.0077883233 0.0026949598 -0.1089353 0.087690614 0.30581596 0.1478997 -0.092057124 -0.24717563 0.41003254 -0.18964572 0.40892994 0.13422896 -0.07803198 0.12970498 0.08201496 -0.1593895 -0.033670805 0.057596125 -0.032369114 0.11547745 0.040722743 0.10314651 0.010843999 -0.05732067 0.02392685 0.07423928 -0.009134918 -0.20214064 0.2338399 -0.24988563 -0.1563797 0.16400416 -0.07278176 0.04080994 0.32463846 0.21840155 0.0825396 0.050856203 0.002078929 0.12695926 0.24821545 -0.19420928 -0.10733794 0.013819273 -0.18052904 -0.2854703 0.105483405 -0.32869944 0.0362765 -0.11424062 -0.13770916 0.015133512 -0.056048147 -0.10314387 0.04079718 0.21428482 0.12206471 0.2125256 0.19776452 -0.02960628 0.11539717 0.20479845 -0.030364586 -0.18286894 -0.030733392 -0.03259355 0.13041088 -0.23264033 0.13321096 -0.22303373 0.017230008 -0.16156554 -0.03848522 -0.047997728 0.020378368 -0.096508205 -0.025914036 -0.14038526 0.03062228 -0.1310301 0.14435223 -0.20232593 0.048429605 -0.07609066 -0.011857261 0.20689999 -0.11340919 -0.16716142 0.013341745 -0.16093455 0.114379115 -0.17062166 -0.2966188 -0.13220386 -0.067136735 0.22411416 -0.0687262 -0.09453431 -0.13582014 -0.018543217
NLD 0.1434125 -0.15505752 0.08204855 0.14437144 -0.065995954 -0.26017237 -0.08757233 0.10204433 0.085526496 -0.25251547 0.27884063 -0.021042692 -0.0568505 -0.044071615 0.29152223 0.1766036 -0.49643153 0.034977872 -0.113857254 0.25683936 0.06290401 -0.0007149181 -0.07978186 -0.24195327 -0.072382286 -0.10379645 -0.15909752 0.067538336 0.20682107 0.0024500974 -0.06142751 -0.08857861 0.2788659 0.05957106 -0.10014622 -0.008074199 0.22280942 0.18233366 0.052970067 0.07002481 -0.006187763 0.25544453 0.16709898 -0.030312298 0.15541294 0.023307672 -0.20306472 0.10933266 0.17518553 0.07287503 -0.15609051 -0.12008919 -0.12624812 0.041718602 0.11498387 0.067303784 0.22721839 0.002418223 -0.0422125 -0.19434008 -0.098308384 -0.062708735 0.09213981 0.16574614 0.21846986 -0.0018469478 0.15561938 0.2405147 0.09997284 -0.067552455 -0.096648395 -0.13200016 -0.34612837 -0.041459497 0.13777605 -0.19987407 0.27237383 -0.09862572 -0.0020326707 -0.010586067 -0.1823825 -0.392989 0.20419621 0.23275691 0.03706355 0.07835957 0.15846282 0.15459906 0.26508716 -0.015448454 0.17932595 -0.08829562 0.19180205 -0.13083994 0.30638278 0.026218744 -0.21154536 -0.22828619 -0.0841466 0.06965095 -0.14311105 -0.079935424 0.08526417 -0.02678122 0.2526796 0.082698196 0.0034556591 -0.30608442 0.113581374 -0.21336783 0.30032432 0.09062741 0.077321924 0.11553889 0.08193626 0.15723391 0.16670527 -0.024047116 0.22451377 0.08756388 -0.052536927 0.09670684 -0.010267005 0.2541824 -0.17134537 0.068219736 0.17039536 0.14319603
AUS 0.009699342 -0.13200496 0.30765495 0.03814919 -0.013426265 -0.0350678 -0.0010490123 0.061938807 0.14784217 0.035537276 0.14257973 -0.01132317 0.12925433 -0.19289063 0.2335991 0.15548335 -0.08817325 -0.19405282 -0.152613 -0.20357272 -0.02489831 0.3045767 0.10786835 -0.02818032 -0.099670544 0.38542724 -0.05255667 0.2560534 0.19185494 -0.25764474 -0.24374759 0.024455275 -0.18378249 -0.24738537 -0.12755702 0.13970461 0.23891689 0.19397843 0.41901445 0.15029794 -0.24640206 0.16371326 0.043807853 -0.34683383 0.4645238 0.2559889 0.29619884 -0.019909035 0.0137499785 0.022542544 0.2079957 0.14020602 -0.046458606 0.111785084 0.092353776 0.03360638 0.1814578 -0.27172795 -0.15921548 0.15287103 0.1121256 0.004275009 -0.15918124 0.24779569 0.23695974 -0.068241626 -0.010955186 0.24163617 -0.13086131 -0.1190709 0.019432906 -0.14290462 -0.27667192 -0.02957402 0.22374994 0.14104371 -0.2699583 0.31976742 0.23665738 0.092448905 -0.09530963 -0.1787663 0.21680707 0.05879405 0.014029705 0.327201 -0.043633524 -0.08090449 0.154155 0.2339105 -0.26712334 0.063782886 0.25847307 -0.04084922 0.083725505 0.16812779 0.07829856 -0.07159683 0.09085575 -0.070216745 -0.25722134 0.3432702 -0.18727985 0.30639425 -0.12257698 0.0007112843 0.31896946 -0.04398058 0.20968372 0.041132987 0.1006041 -0.117468685 -0.05423458 0.10944988 0.044856068 -0.010736818 -0.08842636 0.0600701 -0.10590863 -0.13643703 -0.21154083 -0.10453474 -0.24655217 0.2355883 -0.0642996 0.039232794 -0.032566436 -0.17196442
AZE 0.08285863 -0.3134962 -0.0040641045 0.15342486 -0.13908195 0.05504959 0.0766819 -0.10406897 -0.20148326 0.2955653 0.06046132 0.21146138 -0.046541892 -0.10669515 -0.030205796 0.27138135 -0.020035656 0.040403012 -0.4029575 -0.34586462 -0.09580989 0.19231576 0.09284974 -0.28747702 -0.18552342 0.18921624 -0.11116208 0.124750465 0.1515825 -0.029892856 -0.09848605 0.054520987 0.04843969 -0.057843264 0.072135374 0.004917216 0.26312658 0.07950937 0.12531169 0.024093483 -0.34917927 -0.21855536 0.07312079 0.027379835 0.04017122 0.02633526 0.01260325 -0.05856693 -0.08728622 -0.11212824 -0.017613223 0.1929599 0.06314289 0.07313055 0.10515143 -0.23011471 0.3190462 0.060145885 -0.14537261 0.00060814444 0.06293842 0.025568614 0.0068995855 0.007401501 0.07648441 -0.01661619 0.09641748 -0.09251767 -0.033830825 -0.24130915 0.15409625 0.12622133 -0.3459129 -0.33218613 0.04535048 -0.1155154 -0.1719185 0.17878523 0.14085005 0.16328187 -0.0131435795 0.02322068 0.29053888 0.4572423 -0.031421013 0.2907397 0.20215516 -0.20217521 0.058230706 0.2719758 0.056321457 0.17047465 0.20245656 0.043090805 0.34109282 -0.07407899 -0.045360744 -0.06548291 -0.051904235 -0.016359914 0.19892758 0.12351849 -0.11253894 0.117931545 -0.107666925 -0.023328785 0.097661115 0.13132463 0.124152 0.006484611 -0.05308149 0.120349966 0.13471721 0.07629246 -0.025912277 -0.2104809 0.008651129 0.13291492 -0.042188615 -0.014436223 0.011106643 -0.014559716 -0.08007371 -0.14326748 -0.09459491 -0.048464607 -0.21558028 -0.077444814
DEU 0.21725085 -0.26049903 0.15491192 0.07238672 -0.17524594 -0.07240013 -0.05324251 0.03460847 0.039915595 -0.10112631 0.27598867 -0.0386979 -0.23706482 -0.05030616 0.17462745 0.10816327 -0.51428884 -0.04139001 -0.2762412 0.084976576 0.18650952 -0.2392023 0.123349346 -0.27639613 -0.2661587 -0.021463793 0.0032793093 0.060972426 0.15833357 -0.018756742 -0.015604202 -0.051991906 0.18753822 0.13035324 -0.11386154 -0.14514239 0.013698569 0.12537856 -0.13511437 0.09464713 -0.20562625 0.3053081 0.0035688765 -0.1239492 0.10563786 -0.036656074 -0.13601302 0.13094375 0.108794115 0.010375755 -0.35173306 -0.1199837 -0.12858537 0.2340971 0.105415486 0.1359083 0.23108558 0.0043418426 -0.15207736 -0.21767907 -0.053905506 0.035960216 0.059206385 0.1362361 0.20314178 0.031402323 0.13265048 0.12848501 0.21698767 -0.2979712 -0.010600949 -0.0359208 -0.12667233 -0.22719203 -0.018889146 -0.071646824 0.23773706 0.06796351 0.053704724 0.03376706 -0.051194124 -0.33164874 0.24220432 0.22933458 -0.122387126 0.019623758 0.29537556 -0.037021514 0.17547314 0.1343457 -0.004262333 -0.040455513 0.29399732 -0.10550713 0.42035842 0.20413479 -0.32830605 -0.25796655 0.0071972837 -0.06078959 -0.17151871 -0.07540742 0.17286311 0.17122006 0.2005117 0.19996865 0.06800887 -0.3305039 0.19520776 -0.11127462 -0.03820199 0.020662326 0.06571644 0.17912936 0.081981674 0.20997185 0.30183795 0.06813898 0.240228 0.103455655 -0.096897304 -0.11739483 0.11284237 0.109716006 -0.010356838 -0.10423116 0.1544436 0.032830846
NZL 0.053999104 -0.26886797 0.26619607 0.026593028 0.107749134 -0.03162137 -0.061024077 0.19460219 0.107019864 -0.05715223 0.22662096 -0.048584405 0.053452674 -0.08778862 0.30109605 0.094178036 -0.19891846 -0.20762755 -0.25549582 -0.17145506 -0.048410114 0.3374531 0.15101542 -0.21732321 -0.177304 0.41320524 0.053232476 0.31187785 0.23473 -0.24161515 -0.24978599 0.0828444 -0.039294392 -0.14833863 -0.06680735 -0.02515105 0.25960824 0.14489721 0.3939908 0.22074164 -0.25566316 0.1255857 0.15414742 -0.3479921 0.31154492 0.22023684 0.26668307 -0.004784351 0.12651837 -0.09682256 0.138452 0.115605585 -0.04716966 0.1619398 0.053608317 0.08116605 0.24990982 -0.37892845 -0.20598894 0.10732105 0.08743723 -0.053083964 -0.14007773 0.23047669 0.19401549 0.02769443 -0.0062437668 0.17210749 -0.08530003 -0.17315574 0.008226609 -0.17617583 -0.24290808 -0.12985894 0.23153771 0.117410764 -0.2079214 0.31377116 0.121523194 0.030274756 -0.16205603 -0.22435498 0.29573846 -0.0007994673 0.010777196 0.1752423 -0.044339743 0.07382405 0.05175683 0.15530746 -0.22317006 -0.009432071 0.066788524 -0.019571317 0.016806114 0.17233807 0.079166435 -0.111106955 0.14280882 -0.12068427 -0.33253932 0.3104221 -0.24657083 0.25976264 -0.20524953 -0.114619575 0.29713884 0.0004326254 0.19196801 0.1076353 0.06448378 -0.054331023 -0.008833912 0.24131593 0.029536014 0.116785675 -0.09302952 0.10841447 -0.016913477 -0.11325437 -0.21239583 -0.086232655 -0.09500127 0.26168397 -0.069237664 0.050995912 -0.07361257 -0.23339558
MYS 0.023966791 -0.3296357 0.15508643 -0.029501686 -0.049098365 -0.05246758 -0.10846325 0.17091928 0.110815026 -0.016731845 0.21654293 -0.058218826 0.08206525 -0.14219148 0.2656177 0.11872884 -0.16093168 -0.05694267 -0.17760684 -0.37358692 -0.024690056 0.33742344 0.119736135 -0.19240178 -0.15388003 0.3670608 -0.0042015994 0.19412033 0.18048804 -0.22658558 -0.27240074 -0.053742684 -0.012308434 -0.13511468 -0.12971906 -0.027379742 0.21758394 0.2246467 0.39589265 0.12933008 -0.2574257 0.0065332996 0.07720369 -0.24268794 0.23511642 0.20429002 0.304753 0.06626663 0.11912022 0.030611455 0.1984911 0.16692717 0.009164904 0.19979447 0.005504254 -0.008482331 0.23075756 -0.28005815 -0.27366823 0.27870947 -0.013106917 -0.0012235079 -0.08819176 0.007396964 0.26118413 -0.0028160927 -0.0031370358 0.1882891 -0.13493769 -0.2766704 0.03503099 -0.07020235 -0.24603762 -0.22178233 0.29293537 0.07258721 -0.28651115 0.286002 0.07524796 0.06420626 -0.19149494 -0.18516657 0.33877897 0.18975006 0.064746976 0.1845046 0.058075022 -0.012565241 0.01939671 0.15438297 -0.19977733 -0.07477067 0.24533659 0.050267532 0.16267812 0.117463544 0.18933378 -0.030872907 0.14880657 -0.19834208 -0.2561041 0.13966958 -0.06502062 0.22195043 -0.21259187 -0.24563128 0.2565753 0.047960807 0.08604021 0.07247709 0.0041614464 -0.0055363895 -0.014256556 0.21506049 -0.11061896 0.06654 -0.097317845 0.1280692 0.028069548 0.0330552 -0.11594289 -0.054607667 -0.14939635 0.0882461 0.1503844 0.03956239 -0.09971894 -0.17014043
BRA -0.06292174 -0.112682246 0.18524675 0.14103238 0.25866178 -0.26137078 0.21185617 -0.008646757 -0.079653375 -0.037053283 0.250795 0.051484566 0.07258633 -0.013933977 0.37204134 0.21614498 0.035372514 -0.069958925 -0.085908726 0.30438882 0.0051123993 0.24022774 -0.12719597 0.019803315 -0.12277979 0.31144467 -0.057718817 0.344274 0.15484612 0.03410608 -0.08531437 -0.09994961 0.16782288 -0.070435084 0.0056222724 -0.017202444 0.29450488 0.041199688 0.02564414 -0.12540339 -0.2881088 0.12549579 0.20086008 0.130501 0.22594942 0.16159014 -0.24187554 0.039607976 0.11090078 0.12197276 0.15418723 0.40567487 0.10241153 -0.021006122 -0.056082036 0.1426487 0.24185677 0.34219044 0.03465432 -0.2962436 -0.15346737 -0.042000324 0.12716897 0.0069638775 0.21523744 0.028163154 0.20531812 0.15135936 -0.0020086453 0.04243162 0.0056781275 -0.1122341 -0.6333988 -0.12444258 0.11484623 -0.11488165 -0.08240416 -0.031597666 -0.10753308 0.28677377 -0.059826825 -0.059279706 0.29430228 0.24266219 -0.11953651 0.0071782246 -0.12645152 -0.2947693 0.031502284 0.0030858717 0.10419955 -0.1606723 0.059202798 -0.02749944 0.032101694 0.046314012 -0.09489883 -0.07078565 0.028486744 0.13437013 -0.14690933 -0.23498835 -0.041777726 0.28572133 0.16825837 0.06404726 0.051692296 -0.017083572 0.16982394 -0.1518483 0.24205102 -0.08082284 -0.07416464 -0.17116983 -0.112756066 -0.006201068 -0.019232243 -0.19172195 0.026660344 -0.11983646 -0.12781739 0.007499841 -0.15164264 0.18844357 -0.36339903 0.08951469 -0.053374246 0.12256942
AGO 0.089151494 -0.16009298 0.2068296 0.027473064 0.13306771 0.08479329 0.05687029 -0.16402699 -0.13998511 0.10560113 0.14365743 -0.122821555 -0.06573112 0.066196494 0.1832265 0.12557377 -0.07791793 0.2609706 0.08692108 0.16614853 0.16022272 0.23518519 -0.24326113 0.05539117 -0.26803812 -0.010705611 0.06342266 0.24990086 -0.014544763 0.07426676 -0.021751022 -0.11862627 0.07061954 0.058108605 -0.10158772 0.022107014 0.12861055 0.08483159 -0.047109798 0.0019897593 -0.2952074 0.24436137 -0.08304753 0.018505845 0.08163127 -0.03386811 0.03990453 0.11833373 -0.16766946 0.12554108 0.046414133 0.2477564 0.2004354 -0.22644666 0.060090497 0.13687325 0.2899512 0.20759697 0.1285165 -0.03678371 0.03574027 0.046207774 -0.0009350552 0.097968586 0.18996423 -0.08570382 0.008212286 0.191991 -0.2645901 -0.009715331 -0.020966213 -0.22021753 -0.3733456 -0.088658966 0.0331576 -0.082698025 -0.12951593 0.015237358 0.086598866 0.25370374 0.1286394 -0.25461295 -0.06085635 0.38401705 0.060569488 0.25893456 -0.0057352423 -0.30387142 0.059378657 -0.0079904655 -0.02429431 -0.040557444 0.0002991137 0.08691415 0.25502455 0.27696976 -0.038767662 -0.07711296 -0.18468618 -0.021560911 0.008736875 -0.17338179 -0.093555786 0.24088326 0.13809115 0.20465432 0.1884885 -0.06796978 0.19468297 -0.046505176 0.18144037 -0.06876469 -0.048799116 -0.25678754 -0.10159957 0.13016644 -0.20873708 -0.1892986 0.07861671 -0.055776056 -0.28142473 -0.016308766 -0.11362619 0.16792315 -0.20202255 0.015883809 -0.15670076 0.22673017
SGP -0.04571005 -0.15466724 0.10581327 -0.18489341 -0.020798609 -0.100175224 -0.26598912 0.06862552 0.18023412 -0.1449034 0.09291049 0.04362273 0.002628473 0.11027698 0.2501634 0.19954164 -0.233547 0.178155 -0.023560321 -0.118251674 0.045165997 0.42113933 0.083037116 -0.30589077 -0.12741299 0.21923472 -0.08671006 0.18777137 0.21934262 -0.15294552 -0.06543544 -0.16825445 -0.021089569 -0.00054379785 -0.078581125 -0.07144186 0.09263967 0.11937244 0.27678964 0.05450446 -0.24779627 -0.01831744 0.26019824 -0.057229925 -0.062054157 0.019007767 0.16173074 0.11867495 0.18162942 0.047460448 0.3336679 -0.0068667918 -0.13472454 0.20309746 -0.12398792 -0.0069842385 0.32780898 -0.13622455 -0.14548187 0.10405507 0.005848493 -0.056585114 0.0884608 -0.2726505 0.3151342 0.043164834 0.067430474 0.2832782 -0.01530898 -0.24250828 0.08372094 -0.09207951 -0.42005888 -0.27545908 0.23067765 -0.10907937 -0.015869666 -0.018195068 -0.12800142 0.0889458 -0.094939694 -0.22198929 0.33295277 0.24196835 0.18531466 0.17276129 0.044736 -0.17500836 -0.2525886 -0.10750712 -0.027567863 -0.26653337 0.042919606 -0.027358199 0.35603514 -0.13539702 0.38309798 -0.14968118 0.08391019 -0.29062775 -0.013981084 0.026147308 0.10000668 0.10246029 -0.041155647 -0.35928005 0.06462845 0.057093464 0.1932087 -0.20815329 0.15662597 0.0118168015 -0.048198994 0.1165982 -0.21255375 0.25899348 -0.13642503 0.09329763 0.13478534 0.0020292301 -0.06012565 0.1576968 -0.13318305 0.069061406 -0.16401862 0.11327736 -0.31028518 -0.07204238
DZA 0.13109797 -0.1980604 0.0659359 0.20348836 0.038067363 -0.110551484 0.16730602 0.19515125 -0.23914528 0.027632117 0.114240855 -0.048325237 0.046592306 0.12861896 0.23295814 0.2510798 -0.03855319 -0.05722267 -0.13865727 0.06875428 0.08404687 0.06807835 -0.086832374 -0.011592614 -0.20872903 0.18817501 -0.17485897 0.024694126 0.17203674 0.021447586 -0.05147278 -0.07781211 0.2336392 0.25351334 -0.055252213 -0.14221635 0.21693082 -0.00013472443 0.06359135 0.07510748 -0.257237 -0.034159895 0.17386852 0.1703856 -0.00926964 0.029058162 -0.14490286 0.11547748 -0.09792783 -0.15239614 -0.026396852 0.15634008 0.11314369 0.09592724 0.048562046 0.0017603193 0.15563507 0.15067285 -0.07587346 -0.32007897 -0.16119795 -0.11320316 0.18438293 0.19779398 0.07339069 -0.022232596 0.17636417 -0.0781424 -0.06576482 -0.37834516 0.07490095 -0.13222131 -0.43465772 -0.10617825 0.13162848 -0.17177203 0.000426802 -0.019134378 -0.23018064 0.037970044 -0.17158434 -0.16031772 0.34292746 0.29810235 -0.18242012 0.020111704 0.025087131 -0.23031041 0.14114727 -0.063555434 0.052621078 -0.054332383 -0.0574173 0.04703279 0.13778922 -0.15770495 -0.01119099 -0.11015664 0.07071546 0.08768857 -0.10788283 -0.2831932 0.0811086 0.072099365 0.035809316 0.011482133 0.102666505 0.09779366 0.12685817 0.077260256 -0.045510642 0.09273807 0.025728742 0.11066199 0.015339058 0.21230613 0.05117082 -0.08411102 0.12918027 -0.020385744 0.052294895 -0.09333937 -0.13849497 0.13404381 -0.48229688 -0.0569807 -0.14539891 -0.13618821
CAN 0.28879443 -0.2034028 -0.07346454 0.4083467 -0.09847786 -0.16478518 0.12535766 0.32133013 -0.2941435 0.13876072 0.15562528 -0.2093748 0.2123606 0.0054856422 0.2748317 0.31653056 0.08344057 -0.07095148 -0.012993193 0.05986368 0.078649394 0.23386192 -0.32462698 -0.061871514 -0.21873476 0.13150653 -0.28849196 0.11244527 0.05763276 -0.038670104 -0.13895838 -0.07110078 0.32446927 0.29488674 -0.15071864 -0.092515625 0.24526261 -0.048292346 0.234894 0.2929626 -0.21057537 0.008952305 0.13525054 0.19008304 -0.12408195 0.10586945 0.014527783 0.195173 -0.2084942 -0.010267945 0.0071048825 0.1010926 0.2543563 -0.128248 0.17215611 -0.17039636 0.03207391 -0.16470088 -0.17451681 -0.009860083 0.011809778 -0.10454831 0.31430805 0.336851 0.12499036 -0.048599325 -0.019380951 -0.062486917 -0.06056343 -0.3233732 -0.16104856 -0.20223261 -0.18174039 -0.18899556 0.30005726 -0.292307 0.10714666 -0.1354909 -0.201603 0.054556277 -0.18187377 -0.17264304 0.10551525 0.30896965 0.004309632 0.10337591 0.10102466 -0.059408657 0.35307667 -0.004358755 -0.0017264502 -0.07260501 -0.071010984 0.13567962 0.16049348 -0.0705361 0.17244484 -0.3470751 0.026676172 -0.03329765 -0.18624301 -0.27588022 0.17804365 -0.039624304 -0.1354369 -0.18674947 0.14096633 0.092678316 0.2685765 0.059865236 0.034298673 0.06703978 0.05979765 0.1735308 -0.065593995 0.14447787 -0.013301951 -0.17128791 0.11648536 -0.07187364 -0.15589756 -0.088488095 -0.13959815 0.21612631 -0.40245396 -0.23105745 -0.277889 -0.1713323
NAM 0.15737635 -0.078860775 0.3426788 0.16785634 -0.14466219 0.20342268 0.15488473 -0.16744062 -0.050060496 0.11059544 0.29880604 0.011595293 0.09452448 -0.26662463 0.14936925 0.26549742 0.103818245 -0.11263369 -0.15688002 -0.10026458 0.06438899 0.31885073 -0.06355318 0.10740947 -0.4244471 0.26937732 -0.10867648 0.14058293 0.07264269 -0.30867898 0.050364498 -0.09176461 -0.24982275 -0.19742529 -0.25823393 0.22133458 0.106901005 0.22711262 0.08817205 0.010498155 -0.07677883 0.15185119 -0.051740807 -0.20649627 0.39524496 0.13382964 0.34020883 0.019501328 -0.22928077 0.16554995 0.23766753 -0.13863708 0.20125988 0.062163558 -0.0031460545 0.11651364 -0.011195928 -0.2182272 -0.17746146 0.016914139 0.02672743 0.07136476 0.040671542 0.22540936 0.26868016 -0.23874253 -0.04724747 0.24286361 -0.0015774847 -0.22190753 0.2009996 -0.060044788 -0.081625305 -0.00018635462 0.12709072 0.26310292 -0.21845807 0.14417799 0.083407626 0.15679888 0.21397614 -0.15053204 0.0131869335 0.16457094 -0.084027395 0.34915027 0.08425669 -0.36496225 0.33778328 0.33877316 -0.19767132 0.12146799 0.4234445 0.13558508 0.33098707 0.2327175 0.13151626 -0.05190236 0.050121468 -0.22857158 -0.304217 0.15453117 0.08201708 0.20612863 -0.10337143 0.1960739 0.36043823 0.04940292 0.34335053 -0.21916646 0.10418653 -0.21874216 0.0320191 -0.002567335 0.06595374 -0.2403567 0.09357755 -0.008853565 -0.10500559 -0.035738446 -0.07991325 -0.19561407 -0.21168268 -0.00012804204 -0.104815304 -0.14313965 -0.19215593 -0.05329955
KWT 0.30106306 -0.2849296 0.0032827568 0.25457335 -0.09499349 -0.1415226 -0.13795328 0.3697507 0.036886416 0.010576973 0.023129532 0.096155845 -0.09914563 0.0281834 0.14848083 0.30295563 -0.12554419 0.059649408 -0.13617137 0.19631216 0.16544747 0.08033301 -0.073113404 -0.34597427 -0.21417974 0.054962855 -0.10316105 0.30926976 0.03470081 0.062323313 -0.08570919 0.059219044 0.15913181 0.016716937 0.12906934 -0.16375779 0.17838614 -0.17744125 0.31738368 0.14891042 -0.044715106 0.15726672 0.12230269 -0.10707687 0.030896096 -0.014248085 0.20766163 0.19280043 -0.008041747 -0.063052684 0.014955905 -0.09494114 -0.19010445 0.15035658 0.14544669 -0.26537305 0.33875203 -0.25415573 -0.11650248 0.013894061 -0.095353834 0.05869129 0.41333264 0.26391122 0.027555073 0.12467992 -0.17639276 0.17131957 0.11666024 -0.007608294 -0.080135964 0.007130451 -0.19568983 -0.22736265 0.1458054 -0.15634024 0.07156873 -0.09909824 0.01344275 -0.0007798384 0.10162187 -0.2693334 0.056536786 0.18362683 0.19673832 0.3549062 0.112560526 0.14893673 0.10193362 0.1826816 -0.020069651 -0.14204031 -0.023565268 0.019361597 0.10523764 -0.20375772 0.15724257 -0.35767892 -0.012330467 -0.10679628 -0.092268735 0.12416567 -0.058338102 0.015044399 0.09803178 -0.12773842 0.08594802 -0.08463028 0.24880081 -0.249415 -0.075308375 -0.06526043 -0.1096568 0.115552284 -0.032417826 0.0794538 -0.0011241962 -0.17267278 0.12407953 -0.065245 -0.279292 0.017678598 -0.065364845 0.38088968 -0.23262885 -0.11321437 -0.17229047 0.12765959
ISR 0.11244258 -0.36642635 0.08857434 0.13378377 -0.11468552 -0.003322186 0.11068834 -0.3938118 -0.20913762 0.23418121 0.28108758 0.18292998 -0.19313319 -0.18763544 -0.0062092664 0.23682716 0.07111206 -0.013067406 -0.3993511 -0.18834025 -0.14181916 0.20527181 0.18437293 -0.26341048 -0.23686782 0.18344617 -0.019935012 0.2014155 0.08387211 -0.034506027 -0.018534409 0.10728481 -0.01591411 -0.085609354 0.06547066 0.06094558 0.29885715 0.05027575 -0.04501832 -0.047542546 -0.24907804 -0.036539175 0.010402077 -0.047815077 0.13334544 -0.020162253 -0.122215845 -0.16044489 0.05285686 -0.05424806 0.006822203 0.021972287 0.005398657 0.05528912 0.03665727 -0.1194826 0.35091898 0.085519575 -0.10064981 -0.12608941 0.17437844 0.061048336 -0.077360936 -0.0502042 0.10521668 -0.02301236 0.08027333 0.01967912 0.022321096 -0.2978536 0.2633973 0.047320765 -0.40954566 -0.47121802 -0.039196912 -0.0849676 -0.1395508 0.053989105 0.123548105 0.27817014 0.08056504 -0.0072385124 0.18383192 0.30096576 -0.073329605 0.22155474 0.26545703 -0.36817634 -0.04700185 0.37697732 -0.014177539 0.16078523 0.2652138 0.025058853 0.43552864 0.19649926 -0.16046537 -0.109340034 -0.12089954 -0.09770567 0.30611795 0.05138283 -0.09163364 0.21450548 -0.022858473 0.07532994 0.110268556 0.07652963 0.1058045 -0.06394913 -0.02748089 0.068260886 0.23929678 -0.0038792049 -0.12189408 -0.37882248 0.04872823 0.032714885 -0.12060316 -0.13136049 -0.028371552 -0.1010723 -0.023689736 -0.15172794 -0.011964739 -0.026530527 -0.0648837 -0.0067579923
ECU 0.056152165 -0.19463414 0.23975417 0.2383431 0.041509345 -0.23813163 0.16181806 0.030360267 0.0076204417 -0.055660155 0.2687373 -0.040610295 -0.028819004 0.06267782 0.42993027 0.19932309 -0.32555172 0.2825356 -0.05336484 0.3729618 0.045076855 0.15476984 -0.20615977 -0.18186285 -0.1678101 -0.112590834 -0.09814363 0.25671318 0.17801502 -0.029930836 -0.051235892 -0.1662108 0.2258797 0.07531442 -0.024380704 -0.006654306 0.34923685 0.21980156 0.0661698 0.04027306 -0.3123966 0.14899576 0.14966294 0.10055037 0.21255441 0.10438357 -0.20452374 0.14104356 0.1752238 0.12878841 0.08930835 0.17878786 0.066645585 -0.1181011 0.03374541 0.26237217 0.11946984 0.2382718 0.036926858 -0.16899423 -0.060051482 -0.041951414 0.07031548 0.04252835 0.23006639 -0.10994547 0.21563691 0.11694749 0.011443578 0.03286673 -0.20749149 -0.10160961 -0.47242376 0.06703795 0.16994531 -0.13364679 0.20646235 -0.04227185 0.040909454 0.12050344 -0.08325104 -0.17295285 0.29163346 0.24825478 -0.016705021 0.040431242 0.033580784 -0.04360976 0.22458754 -0.15975438 0.2677845 -0.19980082 0.0671255 -0.01073572 0.16066894 0.22818923 -0.2602703 -0.03678672 -0.0060799536 0.16456799 -0.18138912 -0.310502 0.13797234 0.044797834 0.060189914 0.24835733 0.08284907 -0.1836202 0.11968939 -0.29067075 0.37873957 0.08641302 0.048848752 -0.124926955 -0.011363716 0.16413867 0.1287053 -0.069364734 0.008211213 0.19387728 -0.0009051177 0.19797282 -0.048409034 0.11392888 -0.097307205 0.18606175 0.067451395 0.21232322
VEN 0.220897 -0.20398512 0.27686855 -0.10767769 0.120166875 0.077824995 -0.06314213 0.031035945 -0.28446698 -0.0198162 0.20776553 -0.24488913 -0.104867235 0.17126614 0.29670087 -0.023843693 -0.21756187 0.0811646 0.0064802268 0.13825795 0.027084937 0.14461674 -0.14624473 -0.06770188 -0.14133602 -0.16313864 0.0015908845 0.07341311 0.17411186 -0.045899116 -0.06531199 0.06548949 0.22704443 0.3638763 -0.14819202 -0.038953647 0.14789957 -0.038309492 -0.096108325 0.4215833 -0.42195323 0.24445064 0.12528318 -0.20985366 -0.11112962 -0.13754126 0.12757553 -0.028598577 -0.08411109 -0.20852372 -0.051929094 0.09948597 0.15377937 -0.2540347 0.2089978 0.18593547 0.21811418 -0.17849036 0.034223348 -0.11724815 0.31168172 -0.1466014 -0.08580063 0.20882298 0.18600796 0.0033737181 0.0153427785 -0.028324379 -0.07153511 -0.24217746 -0.0005019588 -0.380813 -0.21085048 -0.093691215 0.054450225 -0.0026915716 0.12587228 0.039939668 0.10889897 0.05335847 -0.07442486 -0.41812998 -0.023070952 0.17256516 0.07216668 0.1916258 0.03812136 -0.0052190167 0.0750931 -0.13803539 -0.16276999 0.09555186 -0.32008472 0.009297772 0.35977936 0.33768773 -0.002916288 -0.19776064 0.0042917575 -0.17659102 -0.1247564 0.0675844 -0.15476994 0.18944702 -0.14597026 0.02874691 0.19687606 0.046315927 0.36591315 0.22922508 0.2107727 0.19689624 0.07383934 0.20844302 0.03881858 0.41379833 -0.16420424 -0.0067646904 0.1432407 0.009557552 -0.37334388 -0.13950852 0.08581459 0.25922206 -0.42382812 -0.038671933 -0.12838994 -0.21449493
TTO 0.07340882 -0.45790434 0.15861085 0.38258776 -0.15598692 -0.08367559 0.13191643 -0.019653358 -0.041644886 0.27948505 0.40619242 -0.051123973 0.15965936 0.0046711224 0.11684579 0.22671299 -0.25871822 0.31778756 -0.2852908 0.1550107 0.16882513 0.04518869 -0.09550124 -0.09447614 -0.36323088 -0.16286829 -0.32128185 0.098994054 0.1648208 0.010074236 -0.058689877 0.16042274 0.42538062 -0.0123676 -0.032946743 -0.1208736 0.34810394 0.02416236 -0.001012888 -0.08228953 -0.27093852 0.07935344 0.058495574 0.07050406 -0.045034457 0.16937357 0.10688869 -0.0067851804 0.1951783 -0.044307865 -0.050129484 0.102366686 0.06400725 -0.06680884 -0.1635149 0.019991111 -0.094581746 -0.02555755 0.061036397 0.18123926 0.0029390284 -0.057962943 0.051661555 0.19244163 -0.04922964 -0.20950282 -0.027602304 -0.058031023 0.06871617 -0.108112834 -0.10313025 0.04649004 -0.23590924 -0.15987802 0.15913995 -0.016413188 0.0077176215 -0.06301402 -0.012596088 0.076130405 0.03006767 -0.096822605 0.17705517 0.3155489 -0.015524232 0.33695722 -0.014212779 -0.23411629 0.018972885 -0.07364028 -0.0488218 0.053352192 0.110241994 0.35233375 0.25620526 -0.104389586 0.0773651 -0.05218306 0.0028392384 0.014417977 -0.24983014 0.040630132 0.110260576 -0.33476317 -0.23875184 0.5135486 0.26089814 0.2381926 0.31659272 -0.32524684 0.231431 0.17662615 0.17418991 0.08220616 0.19621119 -0.3082347 -0.011902883 0.025928205 -0.07908785 0.10165595 -0.011897841 0.088555075 0.09563437 -0.07923948 -0.0029234993 0.008416722 -0.20057008 -0.103559844
GAB -0.034235068 -0.2908768 0.19818005 0.20181392 -0.060184225 0.003025555 0.119461864 -0.0794448 0.03479335 0.27209368 0.3353949 -0.0027928136 0.13619144 0.06567723 0.19841051 0.16035785 -0.167134 0.38248116 -0.20059158 0.2956326 0.16939442 -0.04830652 0.005383297 0.06839782 -0.26487422 -0.20319529 -0.18633133 0.100124456 0.028430225 0.13282087 0.08723604 0.03627728 0.26962993 0.1821901 -0.069460906 -0.1078066 0.397563 0.013340012 0.10187735 -0.04964241 -0.43283296 0.10840782 0.037116133 0.029115982 -0.05654165 -0.108829625 0.15084003 0.10182633 0.26933464 0.08951636 0.11746399 0.09317614 -0.08931124 -0.10141644 -0.27818686 0.14470163 0.08261766 0.045338463 0.07575827 0.06173919 -0.06864269 0.018570596 -0.008543545 -0.041298945 0.15076819 -0.14074865 0.18336582 -0.10110195 -0.030231506 -0.2195576 -0.08203704 -0.14796223 -0.3934475 -0.04815217 0.18327352 -0.124520734 0.08777678 -0.09823669 0.05815909 0.17774944 0.11137119 -0.1694073 0.16305839 0.3107028 -0.16300306 0.25725806 0.036034547 -0.34523484 0.024922553 -0.24261245 0.026538383 -0.13421738 0.013093142 0.059021886 0.23628089 -0.0012905131 0.08981554 0.032084607 -0.011375288 0.021196775 -0.23678918 -0.19345757 0.08742132 -0.05801619 -0.21727571 0.43574336 0.22849287 -0.019844143 0.2845116 -0.2720516 0.1963934 0.16478284 0.09015191 -0.00673329 0.20450085 -0.012220846 -0.16769178 -0.1265601 -0.022617076 0.035022967 0.0003640816 0.05069362 -0.110797755 0.0009129689 -0.13563348 0.08534751 -0.24729948 -0.09305841
IND 0.28140903 -0.30422115 0.0502767 0.17217559 -0.0704789 -0.042872306 -0.09522972 0.4796614 0.03764225 0.21980837 0.1915348 0.018392893 -0.041537065 0.017645974 0.12226863 0.20072274 -0.04125067 0.08559153 -0.12359358 0.09176354 0.10916044 0.14044246 -0.12151506 -0.22613408 -0.34788117 0.03660164 -0.28669232 0.2775914 -0.10771147 0.09619398 -0.04380911 0.10738499 0.19466014 0.07575031 -0.04236451 -0.28974533 0.23984143 -0.24997318 0.1855094 0.039878067 -0.074697405 0.22743422 -0.034701727 -0.13887145 0.07145378 0.024600757 0.2241412 0.11128641 -0.20511898 0.15171538 0.08682151 0.19831416 -0.022141218 -0.045251235 0.025753638 -0.11998876 0.4491492 -0.10476659 0.037972182 0.20877637 -0.290427 0.053785812 0.2763134 0.13899788 0.050553065 0.13834697 -0.14052698 0.13024375 0.073150024 -0.11837005 -0.05464476 -0.016944252 -0.33960828 -0.19022502 -0.01350452 -0.29030982 -0.16144562 -0.22689292 -0.10512745 0.06352125 0.16733064 -0.22262803 0.12146694 0.29972297 0.17669761 0.3080921 0.15533766 0.057613965 0.109564416 0.23338999 -0.24689142 -0.12213276 -0.034621675 0.023728203 0.0755318 -0.1729237 0.28679264 -0.25411674 -0.02190507 -0.12292392 -0.13588016 0.17639078 -0.21476315 0.1084668 0.16746573 -0.027476897 -0.00083385466 -0.17217782 0.0651397 -0.070898905 -0.048543233 -0.119794264 -0.23869887 0.14647633 0.007054708 -0.12043843 -0.11536471 -0.25912654 0.22745271 -0.083650805 -0.3688048 -0.29068553 -0.09039705 0.22172678 -0.034971245 -0.11726231 -0.099391446 0.18111399
LBN 0.043862246 -0.1408292 0.026583772 0.21423312 -0.23384295 -0.110602446 0.11748233 -0.13641164 0.03822236 0.36089244 0.09251334 -0.015042717 0.12832525 -0.09648414 0.044731792 0.35623902 0.11606583 0.17025784 -0.066175036 0.022851856 0.094563074 0.12631367 0.06863562 -0.018933652 -0.057548378 0.001770843 -0.34361342 0.033578377 0.018461268 -0.03490268 0.08620374 0.082836844 -0.005412405 0.039612178 -0.09563343 0.004123334 0.4447696 0.014095276 0.3664534 0.013956367 -0.2595888 0.11703674 0.063775875 -0.11446791 0.03668257 0.051061086 0.083842926 0.0074550323 0.08149271 0.042119112 0.15108421 -0.111894235 -0.10506812 -0.01222325 -0.005351642 -0.123819344 0.13288823 -0.08220934 -0.04982117 0.04305048 0.17986427 0.045680832 0.048261084 0.19406882 0.15829776 -0.1479824 0.0034002685 0.022089709 -0.037272807 -0.31051895 -0.07785752 -0.15921092 -0.30861223 -0.10048501 0.09096055 -0.18984927 0.044436764 -0.082358524 0.096787706 0.18004805 0.12903482 -0.024649352 -0.06454809 0.15503636 -0.031334378 0.40644684 0.17210016 -0.31092826 0.0607407 0.06542307 -0.1288344 -0.07207758 0.12894481 -0.06760102 0.20353128 -0.09297016 0.22006364 -0.14131865 -0.124737576 -0.040370744 0.1288307 0.008644105 0.11129375 0.023924572 -0.15370882 0.11527629 0.11000503 -0.01129108 0.2287269 -0.2153432 0.12415574 -0.02546211 0.06624768 0.014794596 0.00043133748 -0.20427234 -0.16748546 -0.13949059 -0.15503865 -0.22554076 -0.18687932 -0.051957764 -0.27369618 0.115294755 -0.22413926 -0.01853765 -0.21317251 -0.15856794
EST 0.30222285 -0.36188498 0.1427239 0.15310857 -0.15412663 -0.06515496 -0.017570728 -0.28079906 -0.24278268 0.07270985 0.35585403 0.021704962 -0.094998024 -0.104272544 0.075883456 0.21902047 -0.07441252 0.20415196 -0.052208148 -0.010518022 0.096776605 0.14353149 -0.065422125 0.031684183 -0.25411978 -0.036094382 -0.17735928 0.05520315 0.11322919 0.010511686 -0.056349933 -0.07956224 0.2180778 0.11044172 -0.09639221 0.05193178 0.20674007 0.10819782 -0.082473986 0.053009335 0.061061762 0.032296576 -0.17313783 -0.056057345 0.054419823 -0.013947583 -0.06352874 0.0060481424 -0.29250053 0.027207576 -0.022780277 -0.13290247 0.072494365 -0.1287721 0.10053028 -0.0010041734 0.19553383 -0.020806609 -0.03192135 -0.14199844 0.035684414 0.015640525 0.007179156 0.14752087 0.07310512 -0.19053067 0.022207953 0.0863456 -0.13406533 -0.2274559 0.1638398 -0.13096443 -0.24069183 -0.17652324 0.023775505 -0.04076479 -0.11933095 0.0435768 -0.01571433 -0.0199753 -0.048220888 -0.3040835 -0.045790575 0.3347536 0.053423755 0.20577542 0.23428708 -0.33957994 0.1925382 0.31185675 -0.07158358 0.19634749 0.19070771 0.12495089 0.41961366 0.07076148 -0.14084032 -0.13414842 -0.23604856 0.07691232 0.11067243 -0.08431652 0.014960478 0.14270386 0.08051619 0.09854403 0.13080402 0.018722774 0.10477407 -0.025316676 0.043368798 0.023659619 0.10315441 -0.014270771 -0.12731214 -0.10029929 -0.042187106 -0.022790689 0.11231991 -0.016103161 -0.07585577 -0.14541243 -0.10342932 0.07427981 -0.16140176 -0.07771534 -0.15526666 0.14334759
MEX 0.22141036 -0.07053787 0.070324205 0.2217917 0.01589523 -0.12930365 0.11599155 0.115382165 -0.24307853 0.021771384 0.049580615 -0.14022462 0.11257614 0.081192814 0.2506835 0.20898409 0.10217473 0.06440811 0.13417645 0.090801656 0.011408938 0.31721625 -0.37968552 -0.061121333 -0.0025080405 -0.05929791 -0.16433023 0.14008176 0.07747707 -0.05435039 -0.02507441 -0.031588078 0.17764646 0.16788177 -0.093392916 0.08704221 0.23974071 -0.011165849 0.18553019 0.34931907 -0.29396853 0.06410825 0.20263742 0.14114381 -0.18086392 0.110598974 0.077923924 0.054535005 -0.1283829 -0.05106853 0.13446248 0.11412841 0.2513995 -0.2778206 0.22897367 -0.06896538 -0.0043375455 -0.19727202 -0.057248484 0.035653576 0.32442692 -0.13172704 0.1663441 0.27099016 0.16284919 -0.110968135 -0.13539582 0.0629074 -0.09415661 -0.13896108 -0.18229291 -0.22686385 -0.2066211 -0.18917847 0.24049023 -0.18118389 0.11271374 -0.1296976 -0.00387445 0.20387547 -0.10699676 -0.15089343 0.005731115 0.25052905 0.12166147 0.2532577 0.03196138 -0.12236442 0.21038875 -0.08331234 -0.0253884 -0.0661663 -0.15857036 0.13963248 0.25653923 0.097129345 0.19597962 -0.3346731 -0.04086225 -0.10744503 -0.08979356 -0.087263726 0.13887951 -0.035594847 -0.25557205 -0.12122193 0.203633 0.20696335 0.43976083 -0.08622559 0.31869853 0.12447356 0.08251461 0.08753255 -0.13637704 0.13765188 -0.14365992 -0.110708766 0.0042280694 -0.053153556 -0.30813122 0.034871276 0.0029207845 0.23030493 -0.4594397 -0.12015062 -0.3373805 -0.11749824
KOR 0.18891421 -0.23560433 0.051158566 0.20027897 0.047326293 -0.14608032 -0.14267357 0.13300301 0.06984675 -0.14190555 0.12406893 0.17213002 0.05664975 0.10606425 0.22507526 0.34295073 -0.19149579 0.119638175 -0.1842701 0.05414934 0.095038414 0.39201564 -0.17609799 -0.3856578 -0.24364053 0.10118533 -0.097619295 0.35250708 0.14300506 -0.03282699 -0.0489964 -0.056488644 0.2026372 -0.096004665 0.08055081 -0.007483957 0.119095914 0.038503036 0.17876646 0.10540233 -0.06502817 0.050166678 0.23545544 0.08774872 -0.12126486 0.069693185 0.23498295 0.13868305 -0.00068273797 -0.03859769 0.1520098 -0.005968138 -0.03317535 -0.0036684957 0.057507843 -0.1145466 0.22537684 -0.26733384 -0.09946672 0.10802136 0.050836813 0.007947525 0.20545675 0.060255673 0.061610166 -0.00065159047 -0.14225493 0.24838844 -0.0334255 0.08362167 -0.08355809 -0.03753362 -0.18390694 -0.25556475 0.21694772 -0.025858672 0.07444251 -0.10273257 -0.02725303 0.0033608852 0.0016347517 -0.17708883 0.1509748 0.19032823 0.18812636 0.28104705 0.02461935 0.025150325 -0.029620016 0.038116075 0.09748259 -0.09112165 0.005986914 0.13029003 0.1857073 -0.14358424 0.2708587 -0.37878835 -0.046498686 -0.10894828 -0.071532376 0.12947308 0.024995755 -0.074766755 0.0032296106 -0.18508568 0.0796446 0.09509741 0.3209232 -0.28668758 0.17278346 0.02029884 -0.07787345 0.034502074 -0.115434125 0.0063426844 -0.081858985 0.008561897 0.0550548 0.01829508 -0.1542419 0.18353622 0.031505633 0.134385 -0.20851642 0.008558117 -0.37476888 0.108875915
OMN 0.0012477216 -0.18045822 0.13908844 0.009931162 0.1437677 -0.0033799428 0.013553626 0.27001873 0.1599032 0.0018037222 0.18017411 -0.05651878 -0.11110778 0.101648845 0.13704263 0.17469504 -0.34485194 0.09450422 -0.07895517 -0.05920928 0.04083684 0.217845 0.031233849 -0.35616902 -0.1738009 0.08664247 -0.07375975 0.17614307 0.1789416 -0.00025114417 0.102693826 -0.10390629 0.01532985 0.042078067 -0.14591911 -0.10312168 0.35169607 0.23933387 0.33650747 -0.020908859 -0.16788195 0.20176727 0.14788085 -0.2123598 0.14738874 0.1667136 0.01605887 0.04944836 0.0052721887 0.009183081 0.16713099 0.19902024 0.063580774 0.054653987 -0.064318545 0.20531552 0.38333538 0.03707347 0.06986445 -0.106192574 -0.22981423 0.00024422968 0.110618785 0.107166596 0.16116552 0.064358376 0.1711636 0.14690961 0.01090359 -0.25551912 -0.08021868 -0.15972696 -0.39019108 0.04527218 -0.103867 -0.25996727 -0.12916881 -0.026991803 -0.10608499 0.1090964 -0.13551225 -0.02879577 0.34694415 0.28970975 0.07041071 0.08561322 0.12483525 0.0010435847 0.05508181 -0.011327265 0.12716384 -0.37384972 -0.042865664 0.0028605806 -0.038157683 0.0054171965 0.11328703 0.07975544 -0.018566296 -0.095038444 -0.02872199 0.0477694 -0.18332139 0.008926473 0.056400508 -0.027887175 0.01334851 -0.2631263 -0.15305655 -0.16138506 0.24418412 0.015348503 -0.1001134 0.06534682 0.1115891 -0.0022851902 -0.011606213 -0.16410285 0.11200458 -0.039266814 -0.22906667 -0.12088702 -0.046572655 0.09818031 -0.12610997 0.07795776 -0.15880466 0.053778935
THA -0.14836416 -0.23365837 0.09589118 -0.12811312 0.19508591 0.06671707 -0.14008221 0.0627868 0.17824624 -0.04940106 0.28242424 -0.020893395 -0.024487635 -0.06903562 0.2382971 0.07268943 -0.25487813 -0.0020175008 -0.2463009 -0.24059333 0.016483951 0.2801902 0.092376076 -0.29371595 -0.2572754 0.34289917 0.06810839 0.24423319 0.13878486 0.0092564365 -0.11693817 -0.04226743 0.06630836 -0.08479851 -0.14836302 -0.049514562 0.1949779 0.13769582 0.2036051 0.0018045958 -0.32956454 0.20866051 0.109975815 -0.07338048 0.03921001 0.05055922 0.19399086 0.1054881 0.2338846 0.0572973 0.12507433 0.28315094 0.02984479 0.12335105 -0.16191758 0.085750446 0.368885 -0.01779288 -0.11908461 0.25459152 -0.10284141 0.016765019 -0.13766594 -0.1549976 0.37210986 0.1245831 0.19213977 0.23923424 -0.10400905 -0.21153007 -0.083212174 -0.12218452 -0.2816646 -0.3850149 0.19062641 -0.13944905 -0.0977331 0.15441012 -0.0025963765 0.20473051 -0.16440174 -0.18933205 0.35117543 0.27243888 0.05069106 0.029703418 -0.024742931 -0.04466968 -0.17101292 -0.025506241 -0.012475561 -0.1861839 0.13171336 -0.07034878 0.19470695 0.09695702 0.22064902 -0.13756996 0.12220011 -0.2400743 -0.22248343 -0.024626022 -0.16733447 0.17491636 -0.0117308125 -0.15119396 0.10393371 -0.13694601 0.1686438 -0.04369242 0.0955496 -0.029515652 -0.07472618 0.122570224 -0.079356425 0.13136005 -0.17914437 0.008120458 0.23989584 -0.029842576 -0.2112468 0.009255061 -0.051393624 0.028634878 0.022797244 0.09236087 -0.17522044 -0.11147316
ITA -0.004239381 -0.24711424 0.035935488 0.30813852 -0.22602972 -0.019866055 0.13396645 -0.21795706 -0.13564299 0.4044733 0.15903078 0.15539783 -0.037152063 -0.15285489 -0.073122226 0.31180364 0.048921242 0.06706122 -0.38719547 -0.2221147 -0.11836572 0.1989268 0.23724207 -0.28325388 -0.23661338 0.11641668 -0.21617799 0.0869486 0.018554699 -0.021020649 -0.023688575 0.14337331 -0.07451658 0.034996405 0.0011190429 -0.059275158 0.36271256 0.0037298384 0.13593209 -0.032749005 -0.2673354 -0.074583724 0.083077766 -0.014743406 0.11612862 -0.031466123 -0.09304064 -0.08253077 0.059036054 -0.05327789 -0.03814617 -0.072960764 -0.05321612 0.10312727 0.07064582 -0.2238055 0.27021316 0.07275209 -0.089933574 -0.0614505 0.17646952 0.04223532 -0.08149938 0.04587826 0.08505344 -0.104714885 0.11708791 -0.00783159 -0.033560183 -0.339885 0.13582507 0.020604573 -0.40615574 -0.35049456 -0.06534852 -0.21856442 0.0038122563 0.0044952584 0.124819204 0.1500515 0.14884956 0.086194165 0.17039639 0.29732507 -0.08387756 0.39295208 0.24765138 -0.34051907 0.009332567 0.2392768 0.0009349745 0.21240449 0.26265755 -0.106479175 0.3911918 -0.022940414 -0.038644772 -0.17153797 -0.033264425 -0.07671178 0.27321774 0.018159518 -0.06756955 0.0649808 -0.011691519 0.15389657 0.06850624 -0.024298254 0.16269207 -0.15984413 -0.058006234 0.07933062 0.19482653 0.058285777 0.028680313 -0.36801627 0.06247169 0.046251237 -0.20551604 -0.18861526 0.0060652643 -0.039457045 -0.0950496 -0.14337547 -0.15400471 -0.0037176367 -0.038013607 -0.13904686
QAT -0.037254415 -0.29377204 0.17508942 0.0566742 -0.09582721 -0.14275032 -0.15848984 0.20552674 0.18095185 -0.1440265 0.21154062 -0.00020166353 -0.027390713 0.078640305 0.29141772 0.21550417 -0.32792217 0.24381849 -0.010878334 -0.06288873 0.028955622 0.3380098 0.09011545 -0.21102086 -0.13180208 0.16243325 -0.23944116 0.15431125 0.2606518 -0.09623134 -0.06379389 -0.18611118 0.055383597 0.03756333 -0.058831897 -0.13797398 0.21085341 0.16541672 0.40502727 0.09000206 -0.11055372 -0.10466527 0.18313834 -0.11719222 0.08481431 0.09797705 0.04087575 0.07950222 0.15517958 -0.0006817971 0.34084284 0.0033106685 -0.095234685 0.20889528 -0.11717635 0.09105666 0.20752886 -0.13712652 -0.13506229 0.007869612 -0.12884873 -0.09936692 0.10470007 -0.15917157 0.1505456 -0.009281853 0.21981016 0.20884585 0.08420288 -0.27455392 0.09019264 -0.10113457 -0.44837335 -0.057059247 0.20190021 -0.094339125 -0.10216529 0.06641638 -0.174668 -0.10323399 -0.24098998 -0.16534442 0.41720286 0.2334481 0.10417985 0.04386999 0.10979713 -0.16923143 -0.008829641 -0.0018729937 0.066872224 -0.24910355 0.023845421 -0.003421118 0.19032098 -0.21485898 0.1435665 0.09117548 0.11312178 -0.10326249 -0.061619677 -0.042533837 0.05274943 0.007967776 -0.09222082 -0.15817556 0.093082294 -0.10001545 -0.029587971 -0.20595974 0.18846314 0.019123398 -0.058193646 0.13728079 -0.08626338 0.14556436 -0.00074064225 0.031374283 0.06339171 0.068938315 0.06701328 0.09978438 -0.08787393 0.020154195 -0.10667068 0.12718835 -0.18150342 -0.078213386
CMR 0.16224913 -0.32768983 0.12984347 0.017457569 -0.15400189 -0.19152099 -0.01392362 -0.20398292 0.079395436 0.20980492 0.12687458 -0.12720479 -0.07140503 -0.022339612 -0.046486646 0.15587263 -0.19980122 0.19903468 -0.08577497 0.13962498 0.23401058 -0.081730895 0.11599149 0.009102812 0.08411382 -0.15774737 -0.23191081 0.030572947 0.07230228 0.14501432 0.09034172 0.16672243 0.15618393 -0.0029639106 -0.049446505 -0.10239902 0.34638324 0.06839717 0.12747785 -0.24226904 -0.192224 0.40499684 -0.14321184 -0.118306585 0.095213644 0.09975276 -0.13031352 -0.00020327546 0.17760022 0.14803176 0.11599523 0.10184168 -0.2660921 -0.07600288 -0.23942126 0.11313368 0.35683084 0.20808949 0.27447748 -0.023934444 -0.12711656 0.04827443 0.0059665446 0.18554121 0.12851903 0.046663355 0.06350019 0.028738933 -0.08782272 -0.4354093 -0.07010156 -0.18268836 -0.5732369 -0.22688639 -0.049628273 -0.2884645 -0.19151841 -0.16757803 -0.014352295 0.38442588 -0.0051201372 -0.19414766 0.060822736 0.42311442 -0.078683935 0.30596772 0.27259663 -0.3234654 -0.05720847 0.18780452 -0.22906533 -0.31719157 0.21066183 0.020762838 0.29880247 0.082579635 0.029057687 0.05180717 -0.3905972 0.08265034 0.27257964 0.023488317 0.03030704 0.1327386 0.104346365 0.26837212 0.19883175 -0.05773025 -0.16205488 0.0076062805 0.12315782 0.01874581 0.066604316 -0.09718164 -0.08593345 -0.2563334 -0.15346071 -0.27863303 0.09491338 -0.23684567 -0.3372254 -0.20317309 -0.28451264 0.18335839 -0.0027725569 0.06501137 -0.0875555 0.09713589
DNK 0.2833857 -0.2621975 0.032800227 -0.06346818 -0.16622213 -0.29803163 -0.096906886 -0.21380037 -0.16266385 -0.14526781 0.30853465 0.06508871 0.02886425 -0.113754764 -0.026559222 0.11324155 -0.3714535 0.039100718 -0.13381246 -9.457226e-05 0.11764318 0.016485993 -0.019169942 -0.047158044 -0.015718762 -0.15990593 -0.23698817 -0.13384308 0.24535236 -0.045243956 -0.078160755 -0.049664717 0.2982479 0.038783275 -0.12819204 0.032841474 0.0971547 0.22656517 -0.23348224 -0.040107206 0.032599572 0.11782675 -0.114588544 0.057092123 0.11966112 0.07972777 -0.21672338 -0.056026712 -0.12482746 0.1470043 -0.17056711 -0.0745356 -0.11959968 -0.12503135 0.1464559 0.11566309 0.2077343 0.07034287 0.027304417 -0.12469919 0.0049301935 -0.09397011 -0.12917347 0.09918371 0.17293368 -0.10894387 0.09971008 0.12314345 -0.13047627 -0.3364969 0.05367344 -0.10358118 -0.4090941 -0.24349575 0.015569281 -0.19737032 -0.0040296097 0.025819367 -0.06676594 0.13780843 -0.20607525 -0.36439022 0.24293871 0.42007676 0.10308879 0.16332577 0.20326836 -0.12401627 0.21188615 0.27234328 -0.11647855 0.104875274 0.35364747 0.08273623 0.57013214 0.06765642 -0.08891104 -0.16402993 -0.27405527 0.21497475 0.10689466 -0.032931414 0.0019389257 0.085153654 0.1642091 0.08632899 -0.0031548908 0.02661437 0.015906442 0.023480168 0.20524876 0.14390191 0.12725732 0.14461888 -0.1295476 -0.07802249 0.0066245478 -0.010996465 0.2798659 0.08609259 -0.10224347 -0.12816465 -0.14783335 0.030552119 -0.06881623 -0.04108354 -0.0513097 0.11323357
MAR 0.075942 -0.32900932 0.07786332 0.12681727 -0.042392068 -0.21636055 -0.057651207 0.32792696 -0.17477988 0.118097134 0.53877413 -0.15275864 -0.056702588 -0.21904175 0.14712475 0.083390065 -0.03836744 0.25139785 -0.07740758 0.048174404 -0.008419997 0.18145889 0.11752444 -0.1411845 -0.3108206 0.0634686 -0.28618282 0.05094254 0.10975184 -0.009459544 -0.18334165 0.07487878 0.36320928 0.32552224 -0.19792652 -0.20079738 0.4702526 -0.166459 0.18903504 0.117827386 0.02560733 0.030837009 0.113439776 -0.14744554 0.02775972 0.0853623 -0.12737696 -0.060046114 0.01092626 0.009712161 0.088302836 -0.016049402 0.09805408 0.096147396 -0.06780583 -0.07821501 0.17851773 -0.13819271 -0.115642615 0.0143171325 -0.23455095 -0.117762305 0.14568439 0.036783043 0.07396438 0.10843785 0.13580891 0.018591601 0.2496272 -0.279175 0.13353321 0.020884313 -0.30246365 -0.2671016 0.13276002 -0.19269517 -0.05700283 0.03337486 -0.3210191 -0.08308302 -0.17438945 -0.20357189 0.18717116 0.19645974 0.09623347 0.025785407 0.06768239 -0.024340866 0.09324427 0.10691354 -0.10516692 -0.098511286 -0.17705595 0.053794324 0.2104106 -0.18222575 0.16100205 -0.0066581652 0.24672373 -0.1974829 -0.18832755 -0.19339822 -0.095883645 -0.08152999 -0.102493726 -0.10516955 0.049400758 -0.09343978 0.029297033 -0.19946203 0.12606311 0.06453282 0.09486156 0.25349998 0.051893283 -0.047087573 0.007634589 -0.16981912 0.23343265 -0.013359664 -0.102344066 -0.13919997 -0.0033250686 0.21213815 -0.04452966 -0.034884874 -0.156372 -0.14145948
JPN -0.011511909 -0.2871086 0.19882305 0.05002823 -0.18027304 -0.115170985 -0.18197769 0.16162375 0.13786402 -0.17404403 0.19819227 -0.07652506 -0.17747986 0.19871327 0.30641347 0.24119377 -0.42059904 0.15450571 -0.007042477 -0.024873706 0.055181004 0.2480391 0.17089507 -0.32550162 -0.10936248 0.12732741 -0.1943932 0.09402923 0.29038614 -0.047148366 -0.04003925 -0.1335212 -0.008569542 0.17568463 -0.018407684 -0.17224935 0.15777217 0.07454641 0.3406624 0.15671954 -0.13769844 0.039025426 0.2542171 -0.21261965 0.07683976 0.010775104 -0.042592965 0.071016096 0.23447707 -0.23738387 0.22771712 -0.16644445 -0.18343261 0.29816952 -0.05336892 0.06903902 0.22531067 -0.15558763 -0.047345407 -0.14580922 0.0033235257 -0.10818156 0.09117241 -0.04480042 0.15218946 0.015796524 0.13388127 0.21735497 0.11389634 -0.37113187 0.089547336 -0.15677921 -0.38173482 -0.095463894 0.1288996 -0.09409189 0.0688096 0.030971956 -0.12955011 -0.13930352 -0.24788226 -0.25839055 0.33646247 0.13118167 0.13500004 0.105059795 0.12978294 -0.12619936 -0.13160951 -0.12316965 0.053689413 -0.23327631 -0.04710961 -0.04714651 0.26839638 -0.11428543 0.07987982 -0.05403869 0.092562065 -0.23397997 -0.03594455 -0.002540231 0.10628061 0.0014553398 -0.0026081044 -0.16044497 0.13965765 -0.10208618 0.049367968 -0.22269244 0.14285634 0.11287047 -0.02460413 0.20543729 -0.0118277315 0.2883362 0.11359791 0.067779526 0.011579311 -0.044993374 -0.014877811 0.13516393 -0.035050284 0.10833686 -0.2789751 0.086132675 -0.035171166 -0.20823951
BEL 0.16895929 -0.30350885 0.20985308 0.09039266 -0.0973514 -0.08879552 -0.13417812 0.11380061 -0.108023606 -0.103606366 0.34973136 -0.1847786 -0.16145508 0.123215884 0.37465897 0.11575218 -0.40681618 0.07492498 -0.05987478 0.09465235 0.040249757 0.04163737 0.023369415 -0.19678116 -0.23701759 -0.0566248 -0.1488997 0.037734125 0.19939525 -0.038912956 -0.13680139 -0.10314211 0.32207018 0.3561112 -0.14608729 -0.17222363 0.19073671 0.023844777 0.012186854 0.33541852 -0.27521414 0.12177209 0.16064648 -0.19746825 -0.022124408 -0.073296174 -0.08253752 0.07670877 0.004565826 -0.16719092 -0.11312953 -0.084270366 -0.006650917 0.028680118 0.14557847 0.14142773 0.19620876 -0.18087493 -0.081850894 -0.15482755 0.10506734 -0.124724895 -0.03583263 0.0945554 0.14180239 -0.04245524 0.18034607 0.073886424 0.07024786 -0.22816753 0.035079557 -0.2414175 -0.19180742 -0.08175492 0.08063548 -0.017287087 0.22218321 0.026162194 -0.008462392 -0.21750966 -0.23261626 -0.37415135 0.14641124 0.10280572 0.0044680317 -0.024852816 0.13464768 0.03674891 0.09765428 -0.1290471 -0.036792293 0.11805375 -0.14437577 -0.09581334 0.3228675 0.14013736 -0.16270307 -0.20733811 0.087817036 -0.11404889 -0.16145886 -0.040793844 0.07000032 0.10750728 0.00020992398 -0.0029815116 0.11258887 -0.16542993 0.1903187 0.05098572 0.09610041 0.21274614 0.03753364 0.23796621 0.044428002 0.3764615 0.09277354 0.13701062 0.1492913 0.08255124 -0.06996251 -0.064793974 0.13693294 0.14027406 -0.23682539 0.02117626 0.097322315 -0.17232034
WSM 0.16946712 -0.27880183 0.20794852 0.12504186 -0.05950477 -0.30178064 0.07613263 0.06676106 0.07578246 -0.023276199 0.06794183 0.1491835 0.13900888 -0.19291912 0.27695853 0.21966851 -0.10229925 -0.1874499 -0.1338022 0.011739815 0.06882032 0.068482116 -0.023705216 0.04764953 0.038752496 0.20052725 -0.10116329 0.2889658 0.19955042 -0.26217008 -0.29248738 0.051537663 0.0071580983 -0.32432187 0.09902622 0.1891025 0.2997684 0.14386667 0.34226185 0.12156037 -0.264539 0.17728478 -0.041734744 -0.101301 0.54891783 0.45424065 0.10361569 0.005842876 0.045506127 0.08980559 0.108052395 0.300485 -0.17718755 -0.051959973 0.16917495 -0.038578592 0.1656151 -0.15101454 -0.11406201 0.15363513 0.15201409 -0.04857196 -0.15334663 0.32266343 0.13168786 -0.19501798 -0.214815 0.1683477 -0.19214417 0.030285187 -0.19874562 -0.07784779 -0.38530627 -0.13188413 0.24021068 0.1421677 -0.22096175 0.2677604 0.37579408 0.2170106 -0.17225954 -0.18077876 0.34930676 0.102258116 0.056536976 0.29787296 -0.032855928 -0.012326776 0.22149827 0.26380447 -0.21549238 0.017243195 0.29788917 0.024652522 -0.015873645 0.2313868 -0.07796963 -0.13698372 -0.14255984 0.25759065 -0.16805167 0.34160504 -0.0931189 0.34380236 -0.083597474 0.04423129 0.30658674 0.16107936 0.2963161 -0.07635144 0.101825714 0.025948057 0.016236387 -0.035395633 -0.055214062 -0.11952125 -0.07927952 0.12663133 -0.12446499 -0.11856397 -0.26698887 -0.06395178 -0.23563762 0.31592923 0.011564946 0.16097209 -0.0027386239 0.00780518
PAN 0.22472666 -0.30885205 0.2427452 0.20751607 -0.0043584486 -0.03969251 0.23657666 -0.04765394 -0.18406133 0.15438375 0.2924567 -0.0818949 -0.090293236 0.04248188 0.32937324 0.23575486 -0.11322071 0.4456681 0.026614258 0.2704052 0.09030136 0.2695572 -0.32041493 -0.18239664 -0.41289088 -0.19022627 0.015411387 0.30065933 0.092846595 -0.10773861 -0.06717124 -0.15483195 0.11195393 0.09913472 -0.028577385 0.034631137 0.22344895 0.118604094 -0.0933931 0.026775384 -0.26190272 0.040382933 0.00029171281 0.059621546 0.15291607 0.061996166 -0.10839139 0.13424616 -0.10583537 0.121549405 0.098709024 0.23170261 0.2989326 -0.25493425 0.13604528 0.25428036 0.14601074 0.23668462 0.06590069 -0.098862365 -0.0050732614 0.021963768 0.026615396 0.031030994 0.1256021 -0.22437532 0.03381572 0.10155515 -0.11174718 0.0585234 -0.051174693 0.00980565 -0.41974086 0.0227509 0.07405874 0.017587036 0.005960511 0.047097724 0.056228764 0.20340067 0.1488021 -0.1622951 0.096143715 0.3074622 0.13816792 0.14965764 0.05367696 -0.22999986 0.14289282 -0.055413064 0.111943 -0.14208204 -0.048797805 0.2363404 0.22367428 0.3604733 -0.20423247 0.025954125 -0.13583058 0.07399049 -0.054694004 -0.29074496 0.1129758 0.13128917 0.047910713 0.31664503 0.187935 0.0410747 0.16112101 -0.21658929 0.30707854 0.037096508 0.04652493 -0.2137163 -0.13813664 0.15176488 0.002683955 -0.11602425 -0.044681434 0.2088761 -0.10355542 0.13124193 -0.019304588 0.046878923 0.026148718 0.12172818 -0.042677864 0.2861017
UGA 0.017355561 -0.21989802 0.2551263 -0.0514065 -0.13952819 0.20667198 -0.14747807 0.2561995 0.15510231 -0.010423597 0.16123198 0.12161335 -0.30554312 0.101810984 0.17674205 0.22315525 -0.39697412 0.13082474 -0.030427376 0.10325567 0.2615524 0.021646457 0.1427031 -0.24004692 -0.36526892 0.16581543 0.02286318 0.16424668 0.20701343 0.061924607 0.07337733 -0.04395842 -0.23730117 0.085213095 0.04150698 -0.055883504 0.02174052 -0.050629415 0.3090692 0.10251325 0.008131437 0.2374605 0.12384233 -0.29208905 0.21388988 -0.065972835 0.16472496 0.18383747 0.112663046 -0.19100213 0.06461952 -0.1605569 -0.24442546 0.4247466 -0.055913977 -0.0626752 0.2766996 -0.15861574 -0.023745187 -0.19388953 -0.18639608 0.01188749 0.22346073 0.084667824 0.20484497 0.08555619 -0.032396104 0.32665733 0.1717947 -0.30311146 0.15086289 -0.017991967 -0.19812605 -0.06092642 -0.018751603 -0.010065457 -0.07348622 0.14988796 0.03366063 0.05854984 0.048844054 -0.34350407 0.17287056 0.16571645 0.14243783 0.29889634 0.123595685 -0.18613607 -0.050517112 0.035055615 0.020471178 -0.25025237 0.11237169 -0.056324184 0.22752382 -0.10843786 0.042869985 -0.12466425 0.12305521 -0.35136044 -0.2443319 0.0898114 -0.08974316 0.03210391 0.17335345 0.106733136 0.22396833 -0.2992473 0.29704294 -0.45729336 -0.026716843 -0.041741606 -0.06629271 0.09437509 0.22621544 0.28815138 0.11065425 -0.12527159 0.17249809 -0.044960774 -0.1538274 0.003938596 -0.08567905 0.266823 -0.34504268 -0.16684647 -0.13216457 -0.0732761
GTM 0.1524824 -0.169597 0.086585484 0.2807446 0.040520173 -0.07561221 0.018282285 0.18237157 -0.038570546 0.08092629 0.055300012 -0.037067473 0.16940303 0.11007106 0.18506931 0.2871664 -0.14702004 0.1076693 -0.13435566 0.14422382 0.06846924 0.25703046 -0.25821412 -0.26697075 -0.16011018 -0.04964752 -0.19061899 0.24190696 0.14236425 -0.021162722 -0.028115284 0.14215651 0.22985467 -0.019422844 0.026378136 -0.0037578037 0.24930505 -0.03294237 0.13071772 0.1847037 -0.31288975 0.11898731 0.25813943 0.17121585 -0.17905116 0.15721114 0.27789828 0.050804913 0.12714188 -0.12913863 0.002582039 0.122172415 0.07770925 -0.1468988 0.10304071 -0.10810108 0.0578449 -0.1630114 0.029708846 0.17961945 0.25198698 -0.11189028 0.18217686 0.2809243 0.07047922 -0.054121364 -0.14868324 -0.0053362423 -0.041771982 -0.06772705 -0.2479331 -0.1348743 -0.22397628 -0.25412065 0.2303163 -0.20991094 0.20138961 -0.15917589 0.05222617 0.17763661 -0.007291818 -0.16189185 0.11047681 0.25515094 0.15917166 0.4225365 -0.090241775 0.04457962 0.006493846 -0.17207019 -0.016931543 -0.06465845 -0.0987949 0.1891756 0.17559005 -0.09754342 0.35783818 -0.36767098 0.0055821748 -0.057823364 -0.1446118 0.15147799 0.04521086 -0.2543509 -0.21853337 0.08411203 0.13692947 0.26397434 0.45959526 -0.20143305 0.27638203 0.10574841 0.09659819 0.12979965 0.06227045 -0.0078892 -0.1400867 -0.029787457 -0.04164935 -0.06494499 -0.27655196 0.15632764 0.0664444 0.14737622 -0.40242118 -0.042317823 -0.36863726 -0.15552492
TUR 0.12071039 -0.43115872 0.15815844 0.18890399 -0.11971961 -0.048423916 0.055176057 -0.20140651 -0.26375657 0.09504268 0.2771718 0.09820192 -0.115341164 -0.23857749 0.074070506 0.22721605 -0.13527316 0.077465095 -0.33266887 -0.12302392 0.048118845 0.07534573 0.06919868 -0.25660893 -0.21772347 0.1275656 -0.13501967 0.13935709 0.33766416 0.05232973 -0.12779076 -0.13186903 0.11134801 -0.03732909 -0.042833526 -0.006925719 0.14209262 0.16586272 0.23219301 0.020917809 -0.15624079 -0.16532503 0.038865387 -0.2374017 0.023509208 -0.04765585 -0.07389887 -0.060635805 -0.13406806 -0.08791173 0.06368248 -0.019868108 0.03618189 0.02757335 0.18892418 -0.1287647 0.19975822 -0.124124184 -0.20536083 -0.25436655 0.043012716 0.05198325 0.09915834 -0.023627784 0.061687734 0.028227525 0.24390537 -0.017339453 0.29793334 -0.122005895 0.1406866 0.14202446 -0.19004747 -0.15133323 0.046551213 -0.023844246 -0.08068661 0.35749686 0.055652782 -0.006767219 -0.23146304 0.058955032 0.18228516 0.43161637 -0.007884729 -0.056865267 0.28379324 -0.20455001 0.33661783 0.4199297 0.18436892 0.11071577 0.18801677 0.016463986 0.36961395 -0.06560473 -0.28590927 0.112605385 -0.11316358 0.015940769 0.14907068 0.018555993 -0.098941006 0.13141848 -0.10098672 0.008829603 0.018184194 -0.14031199 0.12760161 -0.040213548 0.0804613 0.10963974 0.042646136 0.05603049 -0.11972952 -0.09587089 0.18303715 0.00022353488 0.082441054 0.03659305 -0.16725108 -0.040185764 -0.010940042 -0.07285177 -0.10227378 -0.1751602 -0.32036257 0.08466987
ESP 0.12553702 -0.02471671 0.15273207 0.1567255 -0.0396552 -0.09632658 0.11179331 -0.09755585 -0.24746212 -0.07377941 0.21046792 -0.08401869 0.07175316 -0.056656864 0.19487767 0.15179163 0.052389134 0.09602569 0.051321264 0.099778846 -0.08209694 0.35445365 -0.26305434 -0.0012426754 -0.09812885 -0.023346238 -0.14903103 0.06950371 0.15024737 -0.16231371 0.01975892 -0.07762226 -0.0041932403 0.002945764 -0.1482514 0.18525353 0.12852558 0.11557741 -0.048170142 0.11503412 -0.14409406 -0.014709333 0.1840008 0.059265576 0.015826538 0.11713066 -0.0075900555 -0.0958952 -0.090799816 0.050081898 0.25092822 -0.037844524 0.27046195 -0.14972784 0.062419258 0.102363005 -0.09033339 -0.051032476 -0.062145766 -0.09687484 0.14757232 -0.094734296 0.13108452 0.074723005 0.1739662 -0.12332607 -0.0014574494 0.14024217 0.111219764 -0.1715817 0.074038684 -0.08485114 -0.33592698 -0.16095658 0.1977499 0.018441781 0.01549451 -0.010067922 -0.086545214 0.16879451 -0.011114705 -0.08818044 0.14878303 0.25887573 0.04921765 0.2140205 -0.006351792 -0.25885734 0.1986648 0.035908245 0.016589044 -0.05536561 0.032192633 0.24050114 0.39588544 0.13824826 0.12755547 -0.08266572 0.08155694 -0.16617909 -0.15793726 -0.08719032 0.1679887 -0.00061423855 -0.18710905 0.03558362 0.20860611 0.21715024 0.32413194 -0.27089527 0.3892778 0.020747304 0.13956878 0.057208464 -0.10315433 -0.05158619 0.025170607 -0.08841279 -0.056078315 0.057617623 -0.11123088 0.012601469 -0.022371281 0.054313496 -0.27257916 -0.06410156 -0.26238474 -0.04056239
KEN -0.038032062 -0.2677024 0.18078195 0.038290456 -0.16028301 0.032374755 -0.06912067 0.13024269 0.08306795 -0.15092054 0.15854242 -0.003902614 -0.26096737 0.11556301 0.20647015 0.23698917 -0.37354088 0.10491507 0.015462289 -0.051079147 0.07812552 0.21347082 0.19697423 -0.27171904 -0.23969255 0.2143737 -0.075174436 0.03927151 0.2923036 -0.056126885 -0.027123787 -0.115406014 -0.15196595 0.09126708 0.015987253 -0.07377124 0.13178274 0.104220435 0.3273748 0.11913441 0.041293923 0.048902202 0.22572353 -0.21119402 0.22410825 0.096298054 -0.02206604 0.09422418 0.17358874 -0.3105323 0.13019298 -0.18211812 -0.12750731 0.43288502 0.021818358 0.0030698222 0.20848279 -0.11590861 -0.07393016 -0.27302188 -0.08392064 -0.1009337 0.14268138 0.08387329 0.15031986 0.003831747 0.079956025 0.2790997 0.0936529 -0.38598776 0.20875914 -0.073173545 -0.3625779 -0.083723776 0.014769889 -0.011524175 -0.053185463 0.13957351 -0.10494591 -0.070297524 -0.15540873 -0.23747282 0.31266662 0.13230035 0.1458402 0.13094135 0.09617361 -0.19804858 -0.069896765 -0.010584806 0.07174432 -0.1961393 0.07800412 0.0030200116 0.23740529 -0.113474324 -0.05562987 -0.009907857 0.12046216 -0.23629396 -0.10366827 0.016657362 0.016879518 -0.00025740382 0.08326904 -0.024686383 0.20427118 -0.13296688 0.04815187 -0.35077992 0.039782874 0.02677308 0.026619524 0.15569738 0.044236638 0.20029303 0.18690008 0.024407232 0.018577632 -0.05128527 -0.0029418967 0.0837884 -0.053507842 0.15205781 -0.32290876 -0.009428726 -0.022471067 -0.1625238
CHE -0.05575483 -0.25670618 0.0133462865 0.19435829 -0.028013317 -0.29017198 0.06554948 -0.23550436 -0.20907477 0.14606002 0.25442386 0.21346426 -0.110488884 -0.10002792 0.026388852 0.26255736 -0.013662516 0.03911971 -0.21125107 -0.006305895 -0.15165973 0.18568826 0.16218626 -0.22304344 -0.10981158 0.16797365 -0.1938667 0.19088419 0.09925525 0.0871894 -0.12141486 0.08894403 0.124975905 0.03304115 0.029477833 -0.023504086 0.482116 -0.010149514 0.102615654 -0.017040849 -0.12337582 -0.06383498 0.1393267 -0.03815248 0.12136677 0.007871879 -0.3550033 -0.16404401 0.014974808 -0.0683705 -0.13244744 -0.06751329 -0.07448269 0.067029454 0.26560867 -0.18236566 0.3155161 0.2008667 -0.067611806 -0.23226553 0.2003401 -0.02866137 -0.108448066 0.09688684 0.003669189 0.00771749 0.084395275 0.13022463 -0.06579945 -0.0810814 0.19634955 -0.0936479 -0.5336035 -0.3760811 0.02058069 -0.21921492 0.017805014 0.033975426 0.10403741 0.03499969 -0.03192249 -0.026177336 0.13006149 0.20794687 -0.050389156 0.2408077 0.084226064 -0.29676878 -0.03782695 0.25839671 0.05465229 0.30055657 0.124728054 -0.17455463 0.28987065 -0.06550854 -0.21315305 -0.23387928 -0.07309986 0.18041737 0.2416516 0.005592412 -0.19404407 0.15566915 0.108615085 0.11735554 -0.08799994 -0.026373735 0.21690251 -0.13026214 0.07243163 0.008104103 0.10337583 -0.00011352017 -0.1340162 -0.20837191 -0.06985433 0.01733851 -0.060807385 -0.21652539 -0.12545277 -0.011207585 0.0040945886 0.10028134 -0.30651635 0.087090954 -0.01840839 0.039793413
LBY -0.06194175 -0.2290955 0.010445834 0.21380576 -0.17440778 -0.16826567 0.05435265 -0.05624502 -0.12051986 0.18503682 0.12860107 0.12651525 -0.07028742 -0.07166202 -0.0129608335 0.2678016 -0.16220893 -0.038341038 -0.31232613 -0.22516473 -0.123253934 0.17500652 0.28962472 -0.27827945 -0.13502754 0.2059124 -0.23047188 0.020803014 0.12253036 -0.008801044 -0.069285706 0.09313076 -0.032653593 0.047137532 0.037152465 -0.088904895 0.37928778 0.0458875 0.13520202 -0.054295704 -0.17833653 -0.063798755 0.14640903 0.028912503 0.1739478 0.05092538 -0.3067798 -0.12130664 0.09219528 -0.10820294 -0.14802831 -0.047542434 -0.09685499 0.26313484 0.12715115 -0.17904554 0.29179245 0.2322875 -0.06134016 -0.19647107 0.03126691 -0.051552184 -0.056809906 0.15963884 0.01641173 0.025965858 0.18595873 0.021861563 -0.08239303 -0.41496548 0.1434217 -0.057128213 -0.5296961 -0.32478684 -0.06691092 -0.3236071 -0.0017654551 0.004284337 0.0072418917 0.055932373 -0.014450902 0.06784251 0.37357667 0.2850323 -0.14113657 0.28796425 0.16046989 -0.24808672 -0.02768037 0.16419059 0.046055112 0.19430606 0.25539732 -0.12974674 0.30004212 -0.12146882 -0.1436995 -0.13757318 -0.007130036 0.05488209 0.23160256 0.009892326 -0.12881477 0.04927745 0.17224808 0.08356398 -0.010629077 -0.05868531 0.020081982 -0.13803019 -0.05797636 0.027207574 0.14613432 0.08435611 0.053323794 -0.2506984 0.10653978 0.039472476 -0.1115781 -0.21194267 0.062442955 -0.047094297 -0.13079311 0.008546876 -0.25304562 0.07400261 0.052728664 -0.098653786
ROU 0.2226693 -0.5104491 0.091757804 0.3789208 -0.29159614 -0.1987374 -0.0129715465 0.07141961 -0.21100801 0.2869337 0.21536969 -0.08348971 -0.09470956 -0.11448696 0.0794788 0.30214164 -0.11825148 0.27771804 -0.26226804 -0.05500454 0.08911813 -0.039133158 0.03082911 -0.23450753 -0.2501556 0.008130879 -0.23347867 0.11760595 0.094204545 -0.046060536 -0.118184336 -0.05118372 0.35482445 0.22900374 -0.11421216 -0.25363874 0.23454958 0.025926512 0.2582862 0.17152531 -0.2652105 -0.1047836 -0.05294258 -0.16523187 -0.08854899 -0.042367443 -0.075836495 0.12205219 -0.14040777 -0.015896268 -0.053577013 -0.053421006 0.050858505 0.06114977 0.15152302 -0.13962904 0.2569545 -0.17012425 -0.21114425 0.005998692 -0.020831749 0.09989976 0.18395731 0.14525309 -0.03337068 0.00079903554 0.14204705 -0.09434964 0.19242664 -0.2006347 0.0020093464 0.059129875 -0.107330225 -0.21548408 0.1666193 -0.13692585 0.004020984 0.17073573 0.017611781 -0.15622859 -0.11725715 -0.09338283 0.086404555 0.42448735 -0.07674961 0.11659742 0.33147103 -0.11999753 0.29157522 0.33532408 0.038412817 0.11395664 0.07164184 0.041396745 0.2622947 -0.11357377 -0.17272863 -0.0030333807 -0.024439724 0.05270032 0.04854393 -0.12525009 0.111941434 0.0856284 -0.10594965 -0.005013934 0.051043745 -0.13263853 0.082591325 0.06608441 -0.1277198 0.01890972 -0.019908387 0.13903807 -0.101745166 -0.013207077 0.08975503 0.03731123 0.12282947 0.016834505 -0.106993414 -0.12909994 0.022876063 -0.01064743 0.0074038017 -0.102989845 -0.20381983 0.03656249
BHR 0.13903564 -0.26791203 0.103692174 0.17843923 -0.05207667 -0.23245555 -0.12839277 0.39812356 0.06343078 -0.09697903 0.20120268 0.021309452 -0.059978757 0.07076813 0.2510972 0.2318585 -0.16559537 0.14265658 -0.015486285 0.124796465 0.059256725 0.2706601 -0.0068267873 -0.269569 -0.20030868 0.13119075 -0.2021786 0.24029905 0.122025184 -0.012351176 -0.106600456 -0.047375727 0.17252398 0.08567894 0.017777981 -0.178784 0.2903553 -0.033536296 0.32051948 0.09535244 0.04012925 0.05949246 0.19338292 -0.14645824 0.0968352 0.086418584 0.030868914 0.11087787 0.034876853 -0.022736946 0.18177626 -0.05382574 -0.09390226 0.17376351 0.041514274 -0.059950273 0.25319082 -0.19104877 -0.10377064 -0.072667986 -0.1872343 -0.021009328 0.28705373 0.10874786 0.032683033 0.08662087 -0.024019983 0.21333383 0.10721463 -0.11252404 0.047302812 -0.07154423 -0.39018694 -0.101132125 0.16423401 -0.10008812 -0.04312804 -0.081728525 -0.16534752 -0.13562486 -0.061090764 -0.20564099 0.23126455 0.10939216 0.12809023 0.16790117 0.072941266 0.02680956 0.048445366 0.0850846 0.01781249 -0.16880229 -0.04717358 0.018046355 0.061807763 -0.20430152 0.13182193 -0.15689029 0.10071765 -0.098908894 -0.16725785 0.011081984 -0.04043161 0.012685107 0.09227591 -0.13479708 0.05432382 -0.12094452 0.043070238 -0.24265637 0.07337196 -0.039923333 -0.10837726 0.13404873 -0.063038155 0.058084086 0.026145613 -0.13791068 0.10181156 0.0020119427 -0.087637715 -0.0041112965 -0.076761626 0.29873317 -0.1786944 0.021352626 -0.10703112 0.08527505
SRB 0.32862628 -0.5487883 0.17246829 0.34372655 -0.27630016 -0.091649815 0.06268462 -0.05914507 -0.23801024 0.22184798 0.2439564 -0.023777576 -0.13836701 -0.07521366 0.17483798 0.27232867 -0.16225372 0.20682561 -0.35843828 -0.015852591 0.11914407 -0.12907782 0.0629873 -0.23086944 -0.38684586 -0.015599614 -0.09625399 0.17165692 0.096546 -0.10922494 -0.098967716 -0.088494316 0.29110786 0.21923324 -0.07755781 -0.2554774 0.14941658 0.09514769 0.07615325 0.20521447 -0.32504496 -0.07243266 -0.09853015 -0.11202084 -0.09843403 -0.08420978 -0.04706072 0.1601072 -0.12353206 0.009119663 -0.15590805 -0.05694374 0.047525283 0.037807666 0.15770313 -0.020561984 0.2999657 -0.14961818 -0.27374867 -0.09510018 0.026227264 0.108158864 0.0434762 0.12964395 -0.009526061 -0.094162375 0.17910564 -0.112098515 0.1854209 -0.22161356 0.008219267 0.028250422 -0.066264786 -0.19298586 0.13344747 -0.018617855 0.08657012 0.22241212 0.06629896 -0.15680921 -0.027181378 -0.13616505 0.11915607 0.3599975 -0.18990551 0.069376044 0.36595148 -0.21143092 0.31084943 0.32717484 0.038101308 0.1438672 0.14359063 -0.0063742916 0.32424065 0.06716655 -0.34384087 -0.086108625 -0.05779988 0.11482702 0.01952902 -0.13791697 0.15592095 0.25486228 -0.06689525 0.081739224 0.10017874 -0.14890802 0.21012133 0.11286282 -0.20730717 0.0046863654 -0.001971576 0.12160247 -0.10193641 0.13878632 0.16763426 0.14956662 0.13395452 0.113501415 -0.08096108 -0.15144938 0.07652796 -0.053386014 0.014990505 -0.07545749 -0.16011278 0.12693617
GHA 0.3260195 -0.33228213 0.070735194 0.012741597 -0.05794899 0.03407562 0.15780078 -0.45024422 -0.31802076 0.03196396 0.27152345 0.1827534 -0.15423946 -0.19644271 -0.030657072 0.06916414 0.021866934 -0.13593854 -0.34882936 0.028546741 -0.12331675 0.15762655 0.037163798 -0.1741346 -0.072277434 -0.0036280507 0.04380901 0.108532034 0.19974093 -0.06533075 0.030109463 0.25562704 0.0413714 -0.13548496 0.14213052 0.18793721 0.16741309 -0.0069817333 -0.33401614 -0.038604923 -0.11916002 0.14692287 -0.016926976 0.039359264 0.21697341 0.104884 -0.10225694 -0.2697232 0.10970506 -0.09214992 0.06459833 0.088409275 -0.039607022 -0.100081354 -0.07745884 0.021111349 0.24681164 0.011828603 0.05681834 -0.21825242 0.1340194 -0.08839159 0.02460573 0.057381548 0.16310297 0.00563273 -0.08591084 -0.021222834 0.14746569 -0.33922285 0.25696266 0.09200619 -0.51490486 -0.5030099 -0.10897254 0.0115535725 -0.15694323 -0.0639134 0.055805348 0.560406 0.050259225 -0.16562955 0.19897142 0.2793843 0.05264305 0.15869096 0.19831893 -0.20512708 0.0044911564 0.35961926 -0.14257595 -0.0226439 0.19736193 0.25679547 0.5833345 0.33348098 -0.10466598 -0.08435197 -0.21122155 -0.1352894 0.19121405 0.12890342 -0.068331376 0.101396956 -0.06878864 0.16484532 0.30769843 0.30474663 0.10697484 -0.07384139 0.16242029 0.23021042 0.40757135 0.08302198 -0.09480152 -0.4469611 0.11343294 -0.12245509 -0.04087288 -0.05510766 -0.10166175 -0.1436052 -0.04957678 -0.01598252 0.009374255 -0.13324437 -0.026255732 -0.010760394
MOZ 0.17475788 -0.21221621 0.16676202 0.015884193 -0.033202056 0.019903276 -0.09846057 0.37226015 0.17015421 0.099389106 0.11488691 -0.078457244 -0.16729516 0.033315144 0.0579596 0.15272951 -0.21523817 0.17126271 0.022249272 0.1256111 0.23853318 0.061738566 -0.055505645 -0.18417946 -0.17508045 0.0242471 -0.19864252 0.22178736 0.008889354 0.09674698 0.106564984 0.0007385814 0.034741987 0.021609467 -0.07791965 -0.2037825 0.21161367 -0.040834356 0.323458 -0.06621922 -0.10476999 0.3887773 -0.060941923 -0.2942306 0.23858923 0.102763444 0.09560368 0.13856456 -0.14191183 0.195682 0.24305405 0.22999224 -0.041062467 0.016281517 -0.13266788 0.096069224 0.48282173 -0.00018658431 0.16072775 0.035537764 -0.39369237 0.081166394 0.26035842 0.18173707 0.115759455 0.1837115 0.009088017 0.21939665 0.092018396 -0.22835921 -0.039013743 -0.0691808 -0.40855792 0.018309088 -0.09096925 -0.278362 -0.2835165 -0.0986853 -0.11233314 0.16583158 0.054092493 -0.2252907 0.1637055 0.39272895 0.145386 0.23114735 0.20580943 -0.054650348 0.13984643 0.18964678 -0.12379344 -0.4203055 -0.016215807 0.019211281 0.07570782 -0.07184953 0.18892741 0.036726426 -0.13010743 -0.158913 -0.037497014 0.12712401 -0.17532909 0.16295527 0.20346832 0.020956459 0.06654105 -0.31963953 -0.1444116 -0.13144147 0.12424851 -0.14716737 -0.23360746 -0.021253955 0.053459194 -0.0490579 -0.060580794 -0.35782325 0.23325542 -0.15349704 -0.3952255 -0.28389892 -0.17776053 0.26755092 -0.072724685 -0.020440131 -0.13538735 0.24619526
PRT 0.15903503 -0.24582131 0.17165914 -0.0715048 -0.027095957 -0.016304376 -0.09156367 -0.011050755 0.066315114 0.13457927 0.16497062 -0.12716725 -0.17186944 0.030449444 0.08820933 0.09581981 -0.14985618 0.27243468 0.0832691 0.14993128 0.23116711 0.09965535 -0.08024676 -0.033728283 -0.13674091 -0.08223228 -0.08256999 0.22002044 0.03184947 0.087584235 0.008478784 0.0021884418 0.067319915 0.03516812 -0.077581264 -0.07591083 0.20801215 -0.026606806 0.1179474 -0.106976464 -0.17395745 0.37628713 -0.148508 -0.20718545 0.12616734 0.0046889554 0.012224375 0.10538819 -0.064486 0.17930445 0.1756945 0.17731045 -0.06761169 -0.1207688 -0.103196226 0.15152979 0.41787148 0.14061445 0.19695362 0.042087846 -0.1375773 0.09375655 0.09341785 0.07576361 0.16440906 0.07804331 -0.034372922 0.20077318 -0.10562233 -0.1851083 -0.0017792735 -0.11768449 -0.40451705 -0.13870375 -0.04920018 -0.17375152 -0.21858388 -0.056550678 0.030268226 0.27669108 0.052587382 -0.2841299 -0.048847776 0.33725113 0.1174847 0.26289517 0.16559434 -0.23858088 -0.06376436 0.14562179 -0.20451388 -0.31241485 0.0019235855 0.04670097 0.20712416 0.14759034 0.08264789 -0.00084424834 -0.2581587 -0.042761046 0.10324395 0.023483787 -0.09306146 0.2515349 0.16754904 0.12439168 0.17767175 -0.119943514 -0.02433204 -0.025268199 0.13675751 -0.07114492 -0.11652128 -0.14280498 -0.13446261 0.011932039 -0.20353188 -0.23061372 0.18112588 -0.15561591 -0.43966925 -0.1801785 -0.19680403 0.24203818 0.014654826 0.03042498 -0.11936889 0.23120663
PHL 0.05991576 -0.42204362 0.23357546 0.2147717 -0.14614615 -0.06971225 -0.051807836 0.102548994 0.11142909 0.021554075 0.34676188 0.029281402 -0.051835157 0.093047686 0.30411983 0.17454307 -0.32169804 0.3674882 -0.13253738 0.085373156 0.09365414 0.15551838 0.029480442 -0.14062183 -0.32013538 -0.047254816 -0.20486562 0.15923952 0.10816325 0.0065226685 0.030144237 -0.19175138 0.14649676 0.15184493 -0.016655214 -0.15736444 0.2467682 0.109499395 0.2047145 0.014559163 -0.23614635 -0.07014162 0.020178419 -0.06988974 0.072190925 -0.06645085 0.03363396 0.09544682 0.12414404 0.12152532 0.2466325 0.019253388 -0.043381732 0.043252185 -0.18081799 0.13688172 0.15796728 -0.02729431 -0.05292612 0.013342019 -0.17822418 0.0041042985 0.029922586 -0.17966102 0.07692347 -0.09585959 0.26301858 0.042991802 0.09543775 -0.18436107 -0.01380961 -0.048783313 -0.37055618 0.024790384 0.14573272 -0.08793675 -0.06134836 0.017686134 -0.08763938 -0.0983498 -0.061118826 -0.16495533 0.3656236 0.29738316 -0.02719104 0.01642916 0.21418627 -0.23924017 0.10800227 -0.02831866 0.1526372 -0.16506429 0.03556816 0.021270148 0.18075246 -0.05677113 -0.053273812 0.11812674 0.018396439 -0.009741443 -0.12603012 -0.17856193 0.060217008 0.015831087 -0.10193122 0.1257255 0.08337298 -0.18329117 0.06473911 -0.28085756 0.15832727 0.06795161 -0.03278174 0.031906463 0.07441707 0.0601773 0.03013968 -0.011667523 0.041972425 0.18973847 0.12482349 0.06243529 -0.006669619 -0.11767647 0.08636696 0.11260697 -0.10822333 0.08708539
LKA 0.0142491525 -0.2919259 0.17235021 -0.035136297 0.120351166 0.027598897 -0.11349111 0.3799099 0.180299 -0.056715462 0.2896845 -0.053128954 -0.14962278 0.074528076 0.18725207 0.14345473 -0.33132002 0.15087843 0.042053826 -0.10879799 0.035992403 0.30877027 0.05019942 -0.34206927 -0.20257048 0.14153463 -0.061378438 0.1977504 0.17625925 0.07152751 0.08616588 -0.11701595 0.016013142 0.10337434 -0.19627678 -0.102410614 0.41019607 0.14938849 0.43149474 0.02317301 -0.0764908 0.20245634 0.16608098 -0.33862895 0.13151225 0.12715377 0.055189956 0.012415269 -0.03890875 -0.03617656 0.23812221 0.10888468 0.12153915 0.1147545 -0.0760923 0.1565492 0.34200874 -0.08683459 0.037058935 -0.10644031 -0.2594575 0.013775808 0.13347128 0.063018225 0.1227774 0.096350074 0.12138476 0.25390762 0.08260126 -0.27651548 0.017275456 -0.17876628 -0.31464726 0.04355975 -0.11549152 -0.18516012 -0.21922617 -0.03782387 -0.15496844 0.047647122 -0.19220498 -0.06506279 0.3431448 0.22840694 0.11646597 0.0521347 0.1358319 -0.061834447 0.028272247 -0.02658553 0.07918697 -0.41576394 -0.116565585 0.037745856 -0.03890785 -0.011065132 0.18340178 0.11071065 0.05925079 -0.25573444 -0.07130397 0.05355918 -0.24562351 -0.003825557 -0.0053970814 -0.061276507 0.02642077 -0.28117633 -0.14803606 -0.24426258 0.2874243 0.0046273577 -0.10934607 0.15027627 0.14600039 -0.004155714 -0.106468126 -0.27175325 0.111903675 -0.054366875 -0.21745683 -0.1854925 0.039086573 0.15879881 -0.10889085 0.059721794 -0.19546275 0.024254512
BGR 0.204586 -0.43658248 0.1287449 0.22428378 -0.16237447 -0.009109519 0.06938735 -0.096206434 -0.3553476 0.19302282 0.1220621 0.107834086 -0.09091954 -0.14937688 0.04896441 0.20905422 -0.16222611 0.08121128 -0.45002514 -0.15959339 0.0012333182 -0.003112874 -0.018331083 -0.29905805 -0.22273448 0.07787564 -0.21297427 0.08123659 0.25343046 -0.053700607 -0.07972849 -0.102902755 0.16643836 0.025931105 -0.01876299 -0.11692002 0.05216054 0.16564591 0.13475652 0.109195225 -0.34168822 -0.20692182 0.025556559 -0.10861021 -0.03948855 -0.11316114 -0.04673533 0.042368088 -0.19263798 -0.014991183 0.028279552 0.08561725 0.097687505 -0.013745615 0.20686533 -0.11751784 0.29411495 -0.098690115 -0.20868789 -0.12603842 -0.042138502 0.041596543 0.09928607 0.008081703 0.092159376 0.06593758 0.28024593 -0.14338262 0.24157113 -0.21142466 0.06610519 0.14377062 -0.21614318 -0.21209523 0.060202178 -0.1286959 -0.080967814 0.3052724 0.048595816 -0.011020234 -0.15725285 0.034577306 0.2904891 0.57866335 -0.094963446 -0.021392975 0.34477925 -0.115535766 0.40682107 0.40589818 0.18003185 0.19853538 0.19500095 -0.0072976407 0.383915 -0.09874052 -0.23428486 0.096861064 -0.061371535 0.03367031 0.11998287 -0.010626056 -0.06579643 0.17281038 -0.09581993 -0.041945964 -0.033252474 -0.11355937 0.101229854 0.11576209 -0.025494225 0.10247944 0.020113258 0.14061376 -0.06822443 -0.052489664 0.2081477 0.08659546 0.19998036 0.122240126 -0.086649865 -0.11962556 -0.030496728 -0.18064107 -0.101136535 -0.1701449 -0.27389032 0.045937795
VNM -0.08511402 -0.27730295 0.05936063 -0.12416956 0.0140376855 0.19943169 -0.12396191 -0.05177458 0.078194164 0.10172758 0.09140574 0.12178826 0.019309433 -0.08036442 0.10868998 0.12800846 -0.20052682 -0.047517326 -0.42203414 -0.44624215 -0.043548767 0.2521152 0.14496754 -0.36687863 -0.24162808 0.35398844 0.09181933 0.1759502 0.115640216 -0.08162639 -0.1252472 0.009873912 -0.017589971 -0.17026724 -0.0877921 -0.032251112 0.096040994 0.18544933 0.12716016 0.016575951 -0.4462693 0.03381964 0.119882606 0.003390958 0.03908964 0.015832491 0.3038201 0.10726527 0.20428321 0.008767991 0.027567416 0.2393169 0.014428121 0.20341349 -0.04574061 -0.11021804 0.3977518 -0.02982905 -0.23644842 0.3139003 0.0078342175 0.025347574 -0.15795399 -0.1717419 0.39719182 0.043328807 0.0730548 0.13315076 -0.22087796 -0.29766256 0.03324255 -0.020078387 -0.2244619 -0.48568764 0.20294282 -0.10765455 -0.15951237 0.20634013 0.13122267 0.28743637 -0.048039395 -0.13748261 0.3747245 0.43591425 0.039698213 0.32072753 0.075427406 -0.08941915 -0.14145657 0.0866866 -0.07096639 0.011911086 0.36584216 -0.016562074 0.41529793 0.100200556 0.24559736 -0.18504679 0.122470684 -0.28747544 -0.11845957 0.10099761 -0.1164763 0.16432083 -0.11432482 -0.16691993 0.13220593 0.08303844 0.25409135 0.02267774 -0.059886727 0.033175647 0.04528576 0.15271252 -0.047947448 0.047474846 -0.13557889 0.20813943 0.12644814 0.030506674 -0.04409578 0.06449106 -0.09566286 -0.15739337 0.04623407 0.029028537 -0.19899003 -0.21194111
FJI -0.032304533 -0.25182697 0.3067222 0.022718877 0.2506654 0.03737375 -0.047165263 0.14176232 0.16234681 -0.00738039 0.24273324 -0.040908363 0.08434557 0.0057711774 0.38964617 0.111528486 -0.29139042 -0.17242074 -0.30697483 -0.10234604 0.018759955 0.258947 0.076435864 -0.1914279 -0.30433926 0.37523794 0.10034236 0.340079 0.15856394 -0.21816729 -0.21954049 0.014391716 0.038924064 -0.13596126 -0.040577196 -0.0786738 0.23314139 0.20993915 0.24534012 0.20836489 -0.47129586 0.19341564 0.13236879 -0.23501876 0.27241784 0.1409981 0.31618538 0.09213923 0.13716227 -0.043923233 0.049554132 0.25047743 -0.0066906214 0.045169346 0.0686557 0.18044008 0.36118484 -0.2580741 -0.19064619 0.16799499 0.105716854 -0.0037308077 -0.28712714 0.16066825 0.24623388 -0.045527432 0.09213591 0.16085826 -0.23838232 -0.07136422 -0.14751576 -0.2572495 -0.22903757 -0.11696303 0.2414893 0.0960088 -0.1226172 0.34265473 0.18462233 -0.0053196335 -0.12364384 -0.24953204 0.32154998 0.059013885 -0.042968404 0.11232108 -0.103105225 0.06260961 0.008154613 0.0012573921 -0.122384936 0.06394221 0.08646446 -0.1178655 -0.038133264 0.27039108 0.028120749 -0.16287938 0.1295096 0.0088296225 -0.35925895 0.20576385 -0.24951284 0.3158557 -0.1476258 -0.04673596 0.22511308 -0.028321292 0.2908529 0.15369713 0.035440832 -0.08827453 -0.08364633 0.13721673 0.061511993 0.27204797 -0.10705646 0.23179843 0.040542655 -0.03425751 -0.19905585 -0.034977295 -0.066587605 0.13094427 -0.0968494 0.1479279 -0.09514933 -0.18089196
CIV 0.28129488 -0.24853243 0.13913412 0.05072289 -0.06600787 0.014806417 0.20552558 -0.24240644 -0.30349842 0.056553617 0.34054437 0.050783843 -0.14347117 -0.09920691 0.12568583 0.0500764 -0.060975302 0.04346651 -0.18400246 0.24019489 -0.02322526 0.08303299 -0.08597206 -0.065258 -0.24282913 -0.1716609 0.027075851 0.09608956 0.15125345 -0.11236607 0.051715534 0.11919947 0.06564879 0.024211932 0.03347883 0.10821533 0.11947085 -0.043309554 -0.33933622 -0.0027520314 -0.15665683 0.16736516 0.008590581 0.04958773 0.1429089 0.04689279 -0.124411754 -0.114809975 0.0806953 -0.017611021 0.07890036 0.08007558 0.062893994 -0.124513656 -0.061663847 0.17980763 0.09906417 0.06639872 0.07421011 -0.22273014 0.027148081 -0.07419171 0.057955172 0.057449132 0.14392658 -0.080885194 -0.029717268 0.0016286196 0.17513128 -0.25467512 0.13642016 0.054790832 -0.40274626 -0.27482903 -0.08044886 0.08008239 0.00871352 -0.04860126 0.02186307 0.38767478 0.14587489 -0.17126663 0.19202694 0.20787421 0.027553108 0.094846755 0.08034744 -0.20451389 0.0748215 0.10449213 -0.089079246 -0.07301756 0.055727534 0.26334044 0.43755785 0.35909534 -0.119382896 -0.026360866 -0.07046926 -0.13840534 -0.08546677 -0.057770453 0.040899403 0.07950356 -0.06822584 0.29665306 0.31193632 0.19854899 0.21374112 -0.1965245 0.2186194 0.18689221 0.2473731 0.026927782 -0.003383768 -0.18287854 0.17850603 -0.13985221 -0.0077568125 0.098510385 -0.101933524 -0.10418284 -0.009943434 0.03334196 -0.023295732 -0.11250057 -0.04118534 0.0024099115
FIN 0.2680019 -0.32364655 0.019508023 0.064800665 -0.16977702 -0.26536548 -0.083542444 -0.16385767 -0.17893417 -0.07450942 0.39119437 0.08036134 0.010818748 -0.091167025 -0.005303147 0.15601517 -0.3778426 0.14840996 -0.11617681 0.018847425 0.07740271 0.036417313 -0.0031904508 -0.040844806 -0.1287921 -0.15570723 -0.35431808 -0.11490662 0.21676335 -0.006512342 -0.056477334 -0.065076746 0.33269435 0.06912829 -0.10892835 -0.04399336 0.20556577 0.20176621 -0.19454335 -0.009420432 0.09371269 0.03042041 -0.100313336 0.031029776 0.11648243 0.05520568 -0.2519512 -0.0442046 -0.1820673 0.11701109 -0.22314252 -0.12181882 -0.054433964 -0.06641746 0.16969094 0.084065765 0.20532812 0.08436841 0.017500425 -0.13568138 -0.058196295 -0.0811368 -0.10600918 0.15703051 0.106788784 -0.146793 0.12991877 0.10457334 -0.1162765 -0.33156228 0.10875022 -0.12954907 -0.4265771 -0.22058903 -0.005256971 -0.23150748 -0.0028469 0.030350342 -0.08477486 -0.02417751 -0.1895431 -0.36834958 0.20855424 0.4433373 0.080504015 0.1628366 0.209207 -0.16556099 0.20183381 0.24824534 -0.0730289 0.22136323 0.3228632 0.06352468 0.48473492 -0.07960298 -0.149407 -0.18088488 -0.2259756 0.2613618 0.07200959 -0.06554612 -0.0073810546 0.045643058 0.18433821 0.15621135 -0.052697815 -0.04233917 -0.012431367 -0.010509514 0.1653796 0.0871999 0.13091023 0.16578361 -0.07166848 -0.119645 0.056419265 0.049882345 0.29211897 0.07325068 -0.033233296 -0.14904106 -0.101725146 0.018401159 -0.12515369 -0.0444361 -0.029678298 0.117688686
HUN 0.11557189 -0.4995794 0.0716904 0.4066574 -0.27641338 -0.13810414 0.026461877 0.07619359 0.03865494 0.2923101 0.4807911 -0.085650496 0.016641859 -0.19634476 0.068112746 0.25425902 -0.20811565 0.28710258 -0.20913666 -0.022993606 0.066067696 0.021103991 -0.044681206 -0.21586423 -0.3193805 -0.07829384 -0.34369388 0.04403486 0.053691503 0.0060094795 -0.108503364 0.100521125 0.45752028 0.03236955 -0.0991701 -0.165018 0.3554549 -0.03866412 0.03027947 -0.007081043 -0.15764365 0.058191147 -0.018313307 -0.011432467 0.026501924 0.13186905 -0.06431222 -0.010611136 0.06473052 0.06668661 -0.17923997 0.060698237 0.12515952 -0.057034228 -0.053457405 -0.08626221 0.038315997 -0.04906756 -0.018289398 0.25307724 -0.03481174 0.0031790426 0.09541369 0.15413705 0.016127616 -0.12967296 -0.014626602 0.03531693 0.1628574 -0.10481765 -0.07699075 0.10740855 -0.100971185 -0.3177541 0.1150798 -0.14086099 -0.0061723245 -0.0045335293 -0.004401057 0.0050706393 -0.01828283 -0.13381365 0.07781119 0.42751756 0.052481186 0.24742267 0.17548668 -0.16420285 0.14305581 0.21504702 -0.056390848 0.09571905 0.21458122 0.21529959 0.26751664 -0.09284124 -0.05405954 -0.111646734 -0.00495293 -0.060879845 -0.13027129 0.010541858 0.102690816 -0.24612673 -0.12935738 0.27830902 0.12242909 0.052436307 0.1992652 -0.25297394 0.14872485 0.045685627 0.11707676 0.15359755 0.03778463 -0.3631524 0.05769274 0.04187238 0.061246116 0.03348364 -0.14137875 -0.0349381 0.12163934 -0.1358876 0.17023888 -0.071525104 -0.0829901 -0.058865648
SVN 0.11382609 -0.295909 0.032705408 0.28341475 -0.17916508 -0.1219508 0.1560537 -0.3667693 -0.26135868 0.27085125 0.30439848 0.22954392 -0.09367215 -0.23348053 -0.00061408663 0.23550884 0.087405466 -0.07459545 -0.40203002 -0.13478252 -0.21913825 0.23000267 0.23103264 -0.2617179 -0.2615608 0.14256695 -0.15995295 0.1714038 0.0027777865 -0.051571693 -0.116728745 0.18358043 -0.004299826 -0.020145208 0.11359704 0.00829665 0.39213157 -0.10484034 -0.029046634 0.037665024 -0.16072567 -0.041717075 0.054009005 -0.022019673 0.21031326 -0.019940482 -0.264629 -0.2156298 0.070653 -0.025432738 -0.13865493 -0.074937984 -0.05706969 0.066808 0.1911994 -0.2544484 0.34412515 0.04944122 -0.13934824 -0.14201955 0.2781282 -0.0019008941 -0.13727106 0.09313982 0.060977146 -0.060596157 0.08583568 0.07062573 0.055348236 -0.26974112 0.19971205 0.037036054 -0.47406995 -0.50955963 -0.10821229 -0.14150834 0.0520915 -0.04644673 0.16506343 0.17914343 0.14802474 0.012066743 0.2051122 0.19259186 -0.05127749 0.29627457 0.2340146 -0.31776124 -0.0048658764 0.34446236 -0.045918323 0.3647382 0.26424584 -0.09657263 0.43541077 0.1257484 -0.23549473 -0.27912015 -0.067428745 -0.04691486 0.2996115 0.080728166 -0.15260632 0.19475345 0.062412083 0.11883209 0.039667822 0.01508511 0.25188422 -0.19594808 -0.018154321 0.08853293 0.25638637 0.045301065 -0.06035421 -0.4310955 0.0999359 0.02054123 -0.19929993 -0.19724089 -0.07145687 -0.07922415 -0.00021685884 -0.05763189 -0.11844849 0.014412409 0.08488195 -0.028116114
BWA 0.07947482 -0.050346646 0.31204662 0.028498864 -0.14950562 0.12963791 -0.06345311 0.07005022 0.09121135 -0.014331224 0.19610296 -0.04354123 -0.012942664 -0.12554325 0.15258415 0.25909066 -0.11471796 0.043386213 0.012823833 -0.054463714 0.1686765 0.25894982 -0.0066869836 -0.016469356 -0.30453843 0.21955976 -0.07767576 0.17803608 0.16780415 -0.17041703 0.03563439 -0.15240842 -0.26383045 -0.07821792 -0.2303311 0.14817263 0.07018632 0.20785551 0.33320737 0.074283704 0.0027196687 0.19796114 0.03624255 -0.30738238 0.31524366 0.081061296 0.29104304 0.102515586 -0.16485329 0.07743163 0.26071036 -0.16427623 0.04154348 0.22659186 -0.0022204341 0.056312155 0.10264371 -0.28223658 -0.14507364 -0.045883376 -0.10319171 0.07110584 0.21413386 0.16281606 0.21298799 -0.055902433 0.0029590349 0.32000032 0.123747766 -0.19950412 0.2130026 -0.070689194 -0.13678338 0.085658394 0.12352749 0.14946207 -0.17062254 0.14276536 0.0071922257 0.026313342 0.05289488 -0.21064952 0.05324455 0.17625539 0.04463806 0.31548342 0.10694426 -0.2682844 0.2358695 0.23645625 -0.110018864 -0.1289697 0.23361044 0.07696706 0.31261197 0.03598573 0.16336776 0.030944942 0.076600865 -0.2997329 -0.21823442 0.17470515 0.013277068 0.11575395 0.04741814 0.06058457 0.28042623 -0.22297275 0.19663641 -0.2918847 0.1263693 -0.1940852 -0.086156584 0.0017402989 0.125367 0.041479535 0.05046364 -0.14153768 -0.023643289 -0.08462477 -0.115259565 -0.12643777 -0.20140952 0.18301575 -0.20817271 -0.11991386 -0.244928 0.003588565
ZMB 0.1801777 -0.066229366 0.16838323 0.1395906 -0.0951997 0.08231916 -0.090824574 0.39432675 0.12259868 -0.06383507 0.039706014 0.105926365 -0.10091305 0.048165195 0.18971865 0.2488438 -0.34238568 0.0036319022 -0.08757282 0.21661174 0.25934276 -0.008610391 -0.11851956 -0.20210901 -0.29596072 0.07119697 -0.031733334 0.20502305 0.06765835 0.0038602725 0.024983171 -0.059973877 -0.056858134 0.027958727 0.006669698 -0.036803015 0.00021907437 -0.004577301 0.15848354 0.08557198 -0.02218228 0.32848012 0.09013587 -0.10218061 0.21443847 -0.02751981 0.18078779 0.29715273 -0.064339936 0.054093324 -0.072126895 -0.08430771 -0.15369523 0.1918306 0.10827171 -0.043151703 0.2541296 -0.08371303 -0.048788037 -0.15042935 -0.21446897 0.059709474 0.32720205 0.28108022 0.203692 0.07158687 -0.06768473 0.32391778 0.08675311 -0.10598525 -0.07370549 -0.051450722 -0.1466473 0.0019012031 0.049215656 -0.09168019 0.10141472 -0.035264082 0.08229575 0.06092639 0.14237745 -0.3433636 0.16449367 0.19338788 0.054687526 0.34907055 0.071997814 0.054347083 0.22929068 0.059273344 0.03746067 -0.1400837 0.22316821 -0.11049363 0.18047798 -0.025933199 0.039412305 -0.3003001 0.029089073 -0.1389711 -0.31623325 0.05711416 -0.020151397 0.056725025 0.31682402 0.108011894 0.11708225 -0.30727595 0.32623324 -0.33849525 0.0028455649 -0.120830275 -0.10431941 0.013253195 0.20803604 0.2098017 0.1676766 -0.17570391 0.20234512 0.021153964 -0.1962085 -0.038648676 -0.14498852 0.33832896 -0.32388487 -0.1155031 -0.055124518 0.1608909
IDN 0.0014191839 -0.17255104 0.18510324 -0.0074702045 0.014066659 -0.07523306 -0.034987867 -0.03585777 -0.057130832 -0.001887561 0.104447804 0.081368335 0.008274376 -0.111651756 0.118814975 0.100420274 -0.09385266 -0.07230301 -0.16504602 -0.13357046 -0.10344251 0.23872909 0.028333755 -0.15997674 0.028970787 0.17582522 -0.08130966 0.17780137 0.17115317 -0.12655057 -0.13266973 0.029842226 -0.047056347 -0.18148668 0.033105265 0.089450374 0.18471247 0.11944869 0.17306428 0.07252664 -0.21575865 -0.0069567314 0.07695426 -0.1514532 0.31136906 0.15107962 0.048858277 -0.11058078 0.042748056 0.018528728 0.18306686 0.18599728 -0.021895247 0.014490219 0.10758898 -0.02223882 0.25926882 -0.043248836 -0.060252704 0.04772048 0.08461284 -0.046164885 -0.067304544 0.037116986 0.16560309 0.013502701 0.031894725 0.13331382 -0.03583778 -0.09753459 0.060952425 -0.042086184 -0.40979055 -0.19222824 0.13365424 -0.047802348 -0.2096739 0.18212973 0.14359182 0.15018697 -0.12159679 -0.06956775 0.26427954 0.26167303 0.07537015 0.25496688 0.055136304 -0.061343744 0.097786695 0.24018304 -0.062584914 0.055762015 0.18544698 -0.010039806 0.24663611 0.07312139 0.006855741 0.022806635 -0.015190924 -0.02265356 0.012385202 0.24263278 -0.23342922 0.1866465 -0.062161878 -0.042515513 0.10629173 0.04633879 0.12480913 -0.018057747 0.1596658 0.005614837 0.022196952 0.039864875 -0.08528231 -0.12809762 -0.051025674 0.044628993 -0.04212615 -0.09238589 -0.1538186 -0.01155712 -0.12333385 0.08408046 -0.10462256 0.07841958 -0.053677145 -0.032720294
CZE 0.09574603 -0.5506505 0.04499987 0.2733013 -0.19790252 -0.06882782 0.08357964 -0.06011715 -0.1926121 0.31081817 0.43431565 0.057435043 -0.103476666 -0.15939692 0.083559245 0.24523532 -0.15089037 0.20799114 -0.331152 -0.2675312 -0.073181294 0.046817325 -0.011352788 -0.24759075 -0.3439931 0.05694818 -0.23940344 0.045484763 0.11911181 -0.011325064 -0.15113892 0.0030111787 0.40288225 0.060680185 -0.06172642 -0.100838766 0.36352453 0.06876591 -0.02107315 0.06467867 -0.3338806 -0.13919255 0.026512336 -0.015951283 0.022163544 0.03354766 -0.1580736 -0.050451234 -0.07129521 -0.0156417 -0.23865199 0.20146763 0.24012536 -0.04782852 0.1322402 -0.11830895 0.18646832 0.106046565 -0.13772933 0.085015796 0.028196357 -0.0012377839 -0.08336654 0.04036268 0.0502618 -0.11730815 0.13162607 -0.051773023 0.01868988 -0.15567936 0.074328676 0.07010033 -0.17676227 -0.3351624 0.07193962 -0.078662194 -0.09016654 0.21259867 0.08142149 -0.030972622 -0.0987189 -0.08062192 0.22878213 0.5094416 -0.024402056 0.17729035 0.23582706 -0.22323243 0.1380988 0.29102167 0.06725454 0.3185619 0.23281331 0.07915571 0.33032128 0.022495896 -0.23438226 -0.088736385 0.025813779 -0.009321274 0.062124077 0.0013855895 -0.02957716 0.010178062 -0.10971756 0.13264838 0.032626644 0.030269716 0.16719145 -0.022919279 0.0032646987 0.12724176 0.11653057 0.112855196 -0.04617698 -0.25363657 0.033874437 0.18322341 0.059908215 0.11091468 -0.046961382 -0.053923886 0.14561458 -0.2612841 0.094846666 -0.013724177 -0.075213574 -0.0804592
SLV 0.19586548 -0.15567294 0.13703856 0.19840924 0.07912086 -0.050796755 0.039055634 0.13944095 -0.19670883 0.21973456 0.027588233 -0.03229657 0.15409735 0.14335845 0.26468742 0.29964706 -0.12062403 0.17098485 -0.116630435 0.18332928 0.06906962 0.1965324 -0.24231632 -0.18021774 -0.10819161 -0.13192266 -0.17993812 0.23844948 0.21165018 -0.03505901 -0.06368089 0.18347399 0.26255482 0.18381219 0.015043724 0.032778583 0.38535568 -0.020034669 0.20193514 0.3872802 -0.5192973 0.14420164 0.2474259 0.05179448 -0.1634772 0.063713014 0.30006188 0.05508439 0.010413646 -0.2386916 -0.016825749 0.17986189 0.05815018 -0.25099283 0.26561 -0.072261654 0.181771 -0.18148808 -0.011010844 0.039021857 0.40536764 -0.10282242 0.046452574 0.35130152 0.102024525 -0.082851455 -0.067345224 -0.10729716 -0.09773387 -0.08749857 -0.160175 -0.22555447 -0.27222994 -0.15185441 0.21193251 -0.11470261 0.2319321 -0.028525533 0.20349832 0.15178798 -0.03662014 -0.2959139 -0.028264107 0.19807044 0.10740992 0.49087915 -0.09480921 0.03927768 0.038312368 -0.22697613 -0.069578625 0.058264222 -0.28169638 0.03978954 0.20357133 -0.023072407 0.23691013 -0.34020266 -0.020886242 0.057759054 -0.101606935 0.19538489 -0.067739956 -0.06156047 -0.29243577 0.12610747 0.19101097 0.22419351 0.5452069 0.011447547 0.23990697 0.20188288 0.099840745 0.13449703 0.12885642 0.20841873 -0.27798286 0.014230263 -0.05570293 -0.06411391 -0.34481853 0.096755594 0.012652445 0.23904522 -0.5468138 -0.008622602 -0.34061185 -0.25680843
KGZ 0.16498128 -0.5804312 0.06416378 0.20780446 -0.016192026 -0.14796834 0.039582644 -0.13339916 -0.27015823 0.068232596 0.5607788 0.09604633 -0.085106306 -0.037024215 0.25544143 0.34813327 -0.055590462 0.18385035 -0.15592262 -0.15036511 0.20873216 0.13750589 0.005791671 -0.03953964 -0.5211136 0.22086443 -0.18698318 0.04938394 0.2924073 0.1860445 -0.18001427 -0.22965842 0.41221777 0.3242042 -0.1906399 -0.0617558 0.37546247 0.13848932 0.004895696 0.011552782 -0.07785709 -0.15350792 0.03691127 -0.006394009 -0.1253198 -0.06974676 -0.119432665 0.051339995 -0.25274616 -0.20632413 -0.15457897 0.039493363 0.14081404 0.070076644 0.11961924 -0.03069325 0.1498065 0.07656472 -0.21513416 -0.31529117 -0.0854731 -0.006987378 -0.08452971 -0.022960547 0.009088523 -0.20527844 0.23898682 -0.0120814545 -0.17257787 -0.24896662 0.2656422 -0.0837426 -0.26292095 -0.13695024 0.112030685 0.09425387 -0.15580568 0.24140258 -0.15714636 -0.1950185 -0.28360122 -0.24635024 0.16139126 0.29793844 -0.13919352 -0.07480096 0.17435361 -0.42091087 0.1419914 0.13943316 0.057585347 0.21128725 0.07385542 0.13635592 0.2857204 -0.10474481 -0.17681411 -0.091400996 -0.0542447 0.19343312 0.014075023 -0.38198504 0.04335508 0.22062647 0.028092315 0.13921565 0.065285504 -0.045322638 0.100444704 0.06720859 -0.107436195 0.16030954 0.016572818 0.05314315 -0.07041914 0.1356706 -0.12106372 -0.07120139 0.16424546 0.14096981 0.12921321 -0.14475346 0.045255896 -0.09073109 -0.12883314 -0.09946461 -0.21343616 -0.03274554
TUN 0.023366671 -0.14815345 0.019002214 0.18361562 -0.08023844 -0.12486838 0.1112866 0.23064849 -0.15764004 0.070240214 -0.014188711 0.13949624 -0.004227841 0.12831348 0.04610141 0.28295693 -0.24402235 -0.14413972 -0.35019034 -0.20471177 -0.09893936 0.16124247 0.16042592 -0.28698415 -0.01600351 0.2201306 -0.21355635 0.03801711 0.19387992 -0.051912714 -0.027333282 0.054020733 -0.011047846 0.0795278 0.06747473 -0.10035301 0.2677946 0.13200125 0.17222056 -0.039492108 -0.1678847 -0.1104468 0.20354697 0.10957328 0.26977414 0.10279138 -0.21711458 0.0126360785 0.031629894 -0.1268202 -0.010925731 0.12426857 -0.08889192 0.28687072 0.08421598 -0.10547052 0.29852122 0.25846395 -0.026947172 -0.30252936 -0.23190713 -0.11173731 0.08538491 0.20272909 0.061090507 0.036788456 0.2253897 -0.052747034 -0.15316333 -0.5036161 0.11175921 -0.09775864 -0.64716107 -0.10714121 0.030505143 -0.35066247 -0.08078984 -0.040107895 -0.13571605 0.08679384 -0.16276233 -0.037735716 0.6120905 0.3606703 -0.1343253 0.27544323 0.16108991 -0.100541204 0.123857036 0.108514905 0.13899724 -0.0018754367 0.20222053 -0.092496864 0.24571973 -0.17270735 -0.041806746 -0.031381037 0.01725354 0.107094824 0.11669272 -0.04121179 -0.13349843 0.012640067 0.18188596 -0.014155224 0.031900216 -0.024787841 -0.16079809 0.039930653 -0.094377175 0.11287288 0.11281465 0.14761357 0.14120536 -0.07964179 0.16663553 -0.009904926 -0.03569305 -0.09601256 0.22595634 -0.018622762 -0.2966556 0.053397946 -0.4247148 0.074472226 0.020477781 -0.12995368
MUS 0.30530435 -0.35260314 0.15774968 0.04266935 0.08687365 0.18278229 -0.03306622 0.44748017 -0.06534835 0.13009912 0.3887579 0.09144719 -0.04793768 0.024637487 0.21647699 0.061365295 -0.06830477 -0.025696307 -0.17345838 0.15393479 0.06480769 0.08809261 -0.2238904 -0.11658837 -0.59488386 0.032460943 -0.22492374 0.2721252 -0.102149114 0.12208762 0.0016828793 0.07191524 0.2747421 0.15028669 -0.113223895 -0.23351136 0.15606265 -0.26160786 -0.042229153 0.080880985 -0.120101474 0.3333444 -0.045911442 -0.19159186 0.050401766 -0.11620222 0.34433517 0.10789404 -0.31030735 0.18596333 0.038180146 0.2939317 0.17519625 -0.17434132 0.0001686859 0.044715054 0.42365324 -0.15809932 0.06950595 0.13338909 -0.3815086 0.015512905 0.16119254 0.07791208 0.1502058 0.16694678 0.011862694 0.14121914 0.19372644 -0.115197696 0.030779274 -0.047482833 -0.2782103 -0.12775442 -0.12066559 -0.13240731 -0.18437846 -0.18371454 -0.14939514 0.09204584 0.19497225 -0.30116472 0.14440091 0.310259 0.108925685 0.072164 0.07032846 0.03316322 0.25857842 0.17708275 -0.21142578 0.024829434 -0.12594567 0.056145757 0.12921682 -0.04439871 0.1731816 -0.22669315 0.068902336 -0.21146865 -0.39318293 0.18004498 -0.35423827 0.15620881 0.17571238 0.1025259 0.0025278723 -0.28103602 0.20495102 0.000581153 -0.0044711954 -0.116512 -0.29109108 0.19004695 0.17439383 -0.05612521 -0.089549825 -0.30990598 0.3906096 0.09244663 -0.37786043 -0.4557172 -0.009664964 0.10356076 -0.090622135 -0.1990558 -0.09177269 0.1922786
ETH 0.1793646 -0.33810812 0.10705104 0.11276128 0.06238945 0.23266314 0.053728137 0.21338084 -0.040493764 0.22016013 0.3861244 0.093824744 -0.023958951 -0.02018728 0.19307297 0.058580246 -0.11832973 -0.062137894 -0.33723867 0.079153776 0.041522793 0.009542023 -0.16371104 -0.13451575 -0.5397594 0.06106692 -0.12482122 0.17954259 -0.094451256 0.07477155 0.04311568 0.03493742 0.22401193 0.06894547 -0.115148924 -0.19588025 0.1114613 -0.119828165 -0.115989946 0.014417611 -0.2703265 0.2431432 -0.068927616 -0.012294414 0.05432991 -0.10457271 0.19261357 0.1456157 -0.14339657 0.2210421 -0.07308195 0.33520782 0.19302945 -0.16292284 -0.043084312 0.106499076 0.3542252 0.009607757 -0.001410146 0.16088167 -0.30956897 0.01607486 -0.011864547 -0.018059976 0.22478086 0.07216534 0.15933815 0.0569995 0.09996062 -0.12412902 -0.07399936 -0.025669718 -0.19580911 -0.18756169 -0.05586462 -0.19507714 -0.09437784 -0.051791016 -0.07187253 0.16772121 0.13040234 -0.200046 0.24371733 0.3939509 -0.023475034 -0.02087099 0.09275414 -0.03486443 0.23619446 0.13786855 -0.062535696 0.057493996 0.09146158 -0.038704388 0.1823365 0.07651195 0.044733986 -0.19378126 0.09015784 -0.12877963 -0.35909247 0.01893931 -0.25879344 0.14842947 0.079484135 0.16129825 -0.0056496174 -0.25268963 0.2266486 -0.009628521 -0.018461334 -0.079087175 -0.18161093 0.13890995 0.1602995 -0.065127976 -0.02862803 -0.14163078 0.351808 0.09743677 -0.23506549 -0.30187893 0.016827064 -0.09463336 0.00022425325 -0.178579 -0.070668064 0.10402183
BIH 0.34061202 -0.5114006 0.18976352 0.26791215 -0.26319188 -0.15257409 0.039390873 -0.04913209 -0.10370739 0.08965146 0.26756528 -0.06910972 -0.15879345 -0.06148576 0.18572946 0.22971578 -0.37160075 0.10616138 -0.3762484 0.05368176 0.14489773 -0.18748207 0.049191684 -0.29600906 -0.31904003 -0.066147216 -0.08653107 0.13535988 0.1580723 -0.13435301 -0.09543708 -0.04647685 0.320689 0.18521404 -0.07509272 -0.23233148 0.06913743 0.11861647 -0.04873146 0.18643644 -0.37961152 0.1010228 -0.06670536 -0.099878795 -0.042488314 -0.0518515 -0.11324458 0.16627447 0.024269266 0.024768101 -0.25138125 -0.059309 -0.04606055 0.08713902 0.1524105 0.09064757 0.25277242 -0.109563686 -0.22401454 -0.0919165 0.07357149 0.07483379 0.021515762 0.12958331 0.04596249 -0.059860833 0.14006826 -0.06161905 0.1784188 -0.27851525 -0.06650546 -0.0075307325 -0.079061076 -0.21779853 0.07858356 -0.0496844 0.19719519 0.13062961 0.08126045 -0.054764166 -0.08061013 -0.22135219 0.19994341 0.31822637 -0.188388 0.033045266 0.35511056 -0.08251142 0.2594121 0.22204497 0.010373355 0.07028773 0.17882589 0.004801113 0.36878702 0.2184229 -0.37356117 -0.15518604 -0.07923342 0.10462825 -0.0058570523 -0.119545996 0.2561021 0.21029346 0.0024097213 0.1558431 0.112847984 -0.15436071 0.19785091 0.08903871 -0.11411992 0.06164014 0.06953218 0.15623724 -0.05003075 0.17092735 0.26552057 0.15139063 0.14570644 0.15447474 -0.094969325 -0.13367283 0.10251649 -0.044788767 0.10609747 -0.05875859 -0.036956053 0.07591186
LVA 0.22594254 -0.3541171 0.036136616 0.17831434 -0.16098191 -0.19631962 0.008190357 -0.26551872 -0.26344314 0.1160973 0.3749125 0.110879235 0.029901637 -0.117620304 0.011763097 0.24643928 -0.12549691 0.25768724 -0.08634978 -0.07578767 0.08714028 0.18615124 -0.026467383 0.04211365 -0.2998571 -0.0501722 -0.2909714 -0.040409442 0.17471667 -0.033725616 -0.13237874 -0.11024656 0.26516214 0.10105823 -0.13504805 0.016549096 0.264913 0.18095101 -0.099739596 -0.0001672217 0.06520261 -0.090480804 -0.15759766 0.021250531 0.063457996 0.06806449 -0.14400256 -0.034756687 -0.33202016 0.051786583 -0.1122204 -0.11428257 0.060825814 -0.14403574 0.21526174 0.007749161 0.19311109 0.042341996 -0.051083796 -0.1275237 0.040830024 0.008033064 -0.13632707 0.14895347 0.056163665 -0.24830502 0.07356182 0.08843953 -0.19288866 -0.22932802 0.17874417 -0.080580056 -0.38728586 -0.22953708 0.032571178 -0.10293815 -0.12684217 0.14130478 -0.030688256 -0.068986766 -0.08396842 -0.26114762 0.05403511 0.41972032 0.064992666 0.24523602 0.18257599 -0.3762048 0.21089976 0.36177352 -0.08627591 0.32037473 0.291927 0.1110677 0.46387804 -0.036849625 -0.16299364 -0.15658844 -0.23376401 0.26031974 0.11553325 -0.085430406 0.011760345 0.12380335 0.06267829 0.1918025 0.04034123 0.044100113 0.07458765 -0.06321297 0.09141362 0.062180974 0.10420605 0.062094174 -0.11674593 -0.17699966 -0.07382851 0.030903265 0.1593285 0.02901362 -0.031247484 -0.13532981 -0.09377453 -0.019131493 -0.12859891 -0.045166347 -0.18873408 0.14316621
COG 0.023175383 -0.27189353 0.13005961 0.12905167 -0.20411289 -0.07427447 0.09136107 -0.2813711 0.10075467 0.4016333 0.21552327 -0.08251552 0.09971229 0.025619866 0.01209705 0.23676732 -0.12760626 0.29918912 -0.18069363 0.19311902 0.24552254 -0.120833606 0.1378724 0.117584966 0.007529273 -0.19849199 -0.31836963 -0.018053705 0.06955323 0.1104921 0.17917694 0.18972692 0.19083008 0.072557375 -0.10919745 -0.05705934 0.4565842 0.067211635 0.20494491 -0.18179865 -0.3971566 0.33629617 -0.08013548 -0.09920489 -0.023293756 -0.01676754 0.09327755 0.055743054 0.30529577 0.101076916 0.16976869 0.024826024 -0.24302585 -0.10057992 -0.33247876 0.13263763 0.18640636 0.08600587 0.2090247 0.04346166 0.023798915 0.061244544 -0.009225778 0.14079838 0.18419136 -0.1467035 0.1553096 -0.08845889 -0.059955414 -0.45258582 -0.10765141 -0.2314386 -0.4033558 -0.07255308 0.027847074 -0.20880252 -0.011465415 -0.15046293 0.07128115 0.33154747 0.07945868 -0.14887355 -0.022092162 0.2653802 -0.18957847 0.3836239 0.20831104 -0.4243894 -0.056916416 -0.08396721 -0.1533461 -0.24951619 0.13885508 -0.02981088 0.28330138 -0.019871155 0.18550788 0.052182864 -0.2263704 0.031292435 0.09928318 -0.029650634 0.1155564 -0.0043108454 -0.19266947 0.43310723 0.21539006 -0.020816186 0.06862537 -0.08811084 0.17540069 0.09265534 0.07850537 -0.040557537 0.06700345 -0.22023433 -0.25338045 -0.17954879 -0.043409694 -0.172076 -0.1858921 -0.11264238 -0.30360022 0.047860928 -0.10819602 0.057173695 -0.20347132 -0.13859549
SYC 0.21057265 -0.2489415 0.20586014 -0.13654815 0.04658516 0.26078117 -0.052854363 0.3284237 -0.1682503 0.13510504 0.33920032 0.0530869 -0.13749576 0.100927666 0.14460896 -0.0063331653 -0.09393543 -0.012168105 -0.06264793 0.116069585 0.13681969 0.024343535 -0.1092821 0.033607434 -0.50497526 0.011023943 -0.124884 0.11550231 -0.011438114 0.12004086 0.071066506 0.056934766 0.06799999 0.23317538 -0.14119543 -0.15651964 0.08711709 -0.23560128 -0.05811226 0.088609494 -0.06770878 0.28410992 -0.049311765 -0.22631453 0.10159518 -0.15382409 0.26181707 0.07259344 -0.3229134 0.060324747 0.056555163 0.19725046 0.11602138 -0.038479608 -0.002850291 0.06313435 0.39066035 -0.07936075 0.09764916 -0.03671155 -0.3684508 -0.034559485 0.09974612 0.06534023 0.15204172 0.13735344 0.03304575 0.13790683 0.12821606 -0.2729669 0.23504226 -0.07931546 -0.28903928 -0.057583973 -0.15098467 -0.04606695 -0.2616144 -0.0634797 -0.13125786 0.08480528 0.15087138 -0.35154742 0.13714908 0.29429823 0.08487998 0.16639894 0.053602874 -0.14461237 0.14541662 0.11124152 -0.2463541 0.01281482 -0.12118879 0.03144535 0.25840902 -0.018756174 0.17632343 -0.07047076 0.12220035 -0.27693245 -0.33164334 0.16037336 -0.3777153 0.18649523 0.1666589 0.15149064 0.099609464 -0.23697111 0.20563605 -0.02930861 -0.03994393 -0.025783055 -0.22792268 0.15791804 0.24265821 0.090762064 -0.13628297 -0.30596083 0.33629203 0.016561361 -0.30563146 -0.43812403 -0.051061973 0.1809474 -0.27452433 -0.22276576 -0.12704617 0.067274004
ZWE 0.082560666 -0.115563124 0.2792598 -0.050144427 -0.125489 0.17868693 -0.15828866 0.14820312 0.105119705 -0.040962845 0.18988617 -0.01012027 -0.06377983 -0.119546615 0.20059459 0.26522216 -0.16083619 0.022928223 -0.028374728 -0.07173796 0.16962571 0.32273522 -0.020841368 -0.11286745 -0.34750816 0.2631793 -0.041214045 0.22350676 0.20119268 -0.12987366 -0.012730284 -0.17419648 -0.27471745 -0.08943928 -0.20214105 0.12557928 0.037624203 0.18429106 0.38013148 0.051970974 0.002257797 0.18085116 0.029917704 -0.30156413 0.3523718 0.039771553 0.29115465 0.1542413 -0.16752283 0.07656496 0.29105023 -0.09546869 0.010261257 0.27222666 0.014747474 0.00749259 0.22843811 -0.22674215 -0.13147958 -0.012448161 -0.19660425 0.059471224 0.23982604 0.09151682 0.2457695 0.018127713 0.013217532 0.37744725 0.07747637 -0.17474516 0.25687864 -0.019877449 -0.15665264 0.068597965 0.13389358 0.1159679 -0.22484572 0.14117983 -0.0005497 0.028558193 0.0038182484 -0.22527443 0.08613123 0.21339715 0.11809704 0.28400117 0.10291727 -0.18007435 0.18247195 0.23073526 -0.06675197 -0.1805182 0.2065742 0.019039935 0.29456624 -0.007886096 0.20418218 0.07486827 0.038065717 -0.33032814 -0.1632205 0.19613259 -0.086240135 0.14518142 0.117263824 -0.023756342 0.24453497 -0.24590038 0.12193754 -0.23654775 0.08012197 -0.19628906 -0.15020534 -0.011552556 0.06568971 0.07918037 0.04400841 -0.13877867 0.03432028 -0.07121608 -0.11684218 -0.08856068 -0.21345228 0.17890498 -0.14559661 -0.09255846 -0.20680268 0.06054313
POL 0.17780879 -0.18057 0.09843041 0.035068307 -0.08827128 -0.21138458 0.009046404 0.05246138 -0.114172556 -0.07943283 0.27941585 -0.027312499 -0.053445276 -0.0050822254 0.116681255 0.11851834 -0.3498131 0.048464835 -0.101128474 0.07611026 0.024315264 0.05066844 0.008738155 -0.13148876 -0.11168215 -0.0396545 -0.24056542 -0.05363795 0.25679728 -0.11226205 -0.041293006 -0.08136572 0.21813202 0.07528967 -0.108421005 -0.0655809 0.17357586 0.21887283 -0.029100927 0.051573873 -0.056527723 0.057092536 0.064577006 -0.056908477 0.1907433 0.15007442 -0.2296679 -0.009657944 -0.047894683 0.054509073 -0.026046203 0.011271343 -0.026964298 0.0014200462 0.10786974 0.19040881 0.18388264 0.038534403 0.01093444 -0.17440356 -0.09896892 -0.107675314 -0.009251122 0.11899601 0.1378819 -0.022701878 0.18887077 0.07045506 0.05494883 -0.31403142 0.077274166 -0.08633824 -0.4489634 -0.089451686 0.037209734 -0.1343643 0.0063530076 0.063231535 -0.13890918 0.011532204 -0.1903206 -0.24306226 0.30489254 0.2956022 0.042144608 -0.024722053 0.15744537 -0.03884273 0.20057938 0.12217855 -0.02202734 -0.0058383076 0.14002745 0.02374531 0.29602212 0.008796822 -0.11923457 -0.023075445 -0.023464086 0.11087617 -0.045587834 -0.021126091 0.04734806 0.0769559 0.08626122 0.038782585 0.0006755417 -0.058138218 -0.08768881 0.0017115445 0.2004793 0.0801891 0.06788108 0.1600993 -0.026830584 0.043857634 0.17987674 0.029262694 0.2152232 0.10536343 -0.041131895 -0.098737635 -0.08350112 0.033447158 -0.111392036 -0.013158654 0.016639018 0.014551061
RWA -0.0137220435 -0.16397464 0.20310122 0.06364942 0.06062038 0.18605597 -0.053107288 0.13416372 0.19485176 -0.031969912 0.15065151 0.0529632 -0.22170216 0.046058785 0.2467538 0.12188828 -0.49775344 0.026864674 -0.24871747 0.113644466 0.18814735 -0.09736029 0.02976844 -0.3583005 -0.39547095 0.12243506 0.20341085 0.19541945 0.040714197 0.031872444 0.06398277 -0.09926039 -0.026830468 0.055903144 -0.025940001 -0.1606254 -0.05679649 0.026872579 -0.004271385 0.1008037 -0.36827675 0.341451 0.14000848 -0.054803923 0.04791341 -0.12919867 0.058745664 0.29740632 0.23677768 -0.00089392124 -0.22118509 0.06732796 -0.081948526 0.24145672 0.025474463 0.103216946 0.37217855 0.07577556 -0.15040675 -0.09639701 -0.104077525 0.08497324 0.042030178 -0.0050301217 0.34472603 0.11057416 0.17093818 0.23519173 0.0854807 -0.16013953 -0.19810359 -0.08533518 -0.09435773 -0.22857314 -0.011264255 -0.1876044 0.24899319 0.12820198 0.12821002 0.14950477 0.0905138 -0.280136 0.27741766 0.30298695 -0.07083128 0.111374184 0.094806306 0.0015747972 0.0067503946 -0.08047516 0.17065458 -0.16318645 0.2439508 -0.21683569 0.22742678 0.1879203 -0.1215781 -0.35389057 0.14355671 -0.18603995 -0.29988492 -0.1533444 -0.0007254199 0.17431287 0.23319976 0.14109702 0.060946573 -0.38126498 0.43725166 -0.3145323 -0.007706751 -0.082923226 -0.064871974 0.041225985 0.1731454 0.41922215 0.17194346 0.025382252 0.2762103 0.08639671 -0.23609236 0.04621039 0.092298485 0.08080294 -0.1735741 -0.06331111 -0.025177963 0.028078632
ISL 0.08310768 -0.26506558 0.19298159 0.05470778 -0.11450972 -0.13939744 -0.12991974 0.18483232 0.035547882 -0.22063644 0.20728862 -0.13458724 -0.19577864 0.25935483 0.37230992 0.19727002 -0.50212586 0.11766801 0.028110612 0.077893116 0.031401515 0.14836006 0.10704726 -0.21347377 -0.10447886 0.013012463 -0.20791782 0.009599646 0.26133874 -0.0801566 -0.04162348 -0.14535144 0.12739219 0.29187474 -0.061985955 -0.20247328 0.20263833 0.09649595 0.20006406 0.2588469 -0.16480239 0.06279066 0.22606269 -0.15786944 0.100007765 -0.00901406 -0.09540221 0.09376696 0.14283115 -0.2240639 0.07416953 -0.11767422 -0.15774271 0.15660055 0.05604439 0.16837005 0.26572585 -0.09901373 -0.01509845 -0.24702756 0.022136351 -0.19318527 0.009867528 0.054914333 0.13290285 -0.013561321 0.21247788 0.1393328 0.0041857837 -0.36112753 0.097705215 -0.2759327 -0.4488853 0.020218505 0.064842716 -0.11330209 0.14497216 -0.027993737 -0.09649827 -0.21799481 -0.25185284 -0.35724038 0.3223784 0.08160614 0.07872496 0.016720608 0.123946615 -0.044373102 -0.01227215 -0.14919057 0.030558623 -0.07348165 -0.1111844 -0.1027407 0.25578335 0.004851597 -0.10570169 -0.057679776 0.07973997 -0.06118053 -0.04793108 -0.017995166 0.05596735 0.06538984 0.08065208 -0.075342365 0.10164573 -0.13448344 -0.010823185 -0.022326916 0.12149048 0.1750358 -0.0019057133 0.22029026 0.024516875 0.41039658 0.13415506 0.14081946 0.08086663 0.01546802 0.020732598 0.028035086 -0.015823815 0.14947067 -0.36184192 0.1477685 0.11237826 -0.14837797
KHM -0.09981261 -0.19236578 0.14853059 -0.14611037 0.24627848 0.136314 -0.24344401 0.08057057 0.23726983 -0.10947549 0.22203685 0.0509611 -0.037604276 -0.0033321953 0.28965923 0.115638554 -0.26670888 0.09482784 -0.17925945 -0.07629095 0.058020733 0.33790946 -0.026470045 -0.32587534 -0.35419765 0.32177004 0.15655845 0.34500578 0.111829326 -0.03460364 -0.069444925 -0.10287025 0.040242158 -0.12025977 -0.08359299 -0.040494762 0.06451326 0.08956933 0.115565665 0.03801344 -0.363874 0.23418128 0.20416574 -0.021583185 -0.07549589 -0.029220501 0.29098716 0.17755571 0.22635572 0.073688135 0.14255992 0.22952177 0.022080785 0.10103865 -0.16318236 0.06228741 0.40185976 -0.074493386 -0.116558656 0.252846 -0.04206636 0.012714602 -0.038678747 -0.22400047 0.40550962 0.12975681 0.11082976 0.34195608 -0.08057894 -0.06495083 -0.06987973 -0.08871345 -0.2612633 -0.39801112 0.21624838 -0.089826494 -0.023951389 0.09227182 -0.023896597 0.21491197 -0.023035683 -0.2574835 0.27997494 0.30643922 0.12759681 0.091470025 -0.08106244 -0.069038115 -0.2469346 -0.10831366 0.042550713 -0.23440047 0.08217222 -0.046533506 0.23467164 0.046723466 0.30019477 -0.250618 0.13801807 -0.31882146 -0.22220069 -0.021778412 -0.0788438 0.14022945 0.022286236 -0.2236411 0.10206054 -0.058814287 0.33671188 -0.17028897 0.13993633 -0.09609407 -0.101096466 0.023700027 -0.13864838 0.28448346 -0.16939579 0.022742333 0.27303368 0.001216179 -0.22622555 0.12046048 -0.00069502473 0.039678883 -0.09494292 0.05488949 -0.3078216 -0.05043847
HKG -0.022669919 -0.39874947 0.2742993 0.2855438 -0.03239604 -0.059086766 0.09005346 0.0054792687 0.09446251 0.13785388 0.3500491 -0.001320526 0.04884124 0.11797823 0.3449904 0.15225746 -0.31394944 0.4179564 -0.23703623 0.27723062 0.0867077 0.07118592 0.0095276255 -0.09496965 -0.17792755 -0.1463105 -0.17245477 0.18773694 0.121955015 -0.0030938508 0.08861875 -0.08338042 0.21361889 0.09982957 0.011811331 -0.12677933 0.35979894 0.13947053 0.21365114 -0.014143512 -0.36872098 0.008388305 0.055125218 0.010061729 0.05097593 -0.058336712 0.019560471 0.12896578 0.35454133 0.12575522 0.3106599 0.097848065 -0.049812246 -0.04283056 -0.3035975 0.24106358 0.08684678 0.0244338 0.0043690787 0.00030298604 -0.15721235 -0.004143105 0.062407393 -0.10384977 0.14001194 -0.13470513 0.36208725 -0.051841818 0.1259141 -0.19623612 -0.16152924 -0.105677314 -0.41246742 0.099491864 0.22846495 -0.13598816 0.038552564 0.0019235144 0.0011407277 0.060871806 -0.06465457 -0.11236553 0.34383646 0.28709373 -0.1507695 0.09669539 0.16304176 -0.20207813 0.13410586 -0.19380906 0.27151933 -0.24981877 0.021335531 0.01035426 0.1513381 0.006465132 -0.026320796 0.19218415 0.017501326 0.06042851 -0.19177599 -0.2694195 0.088381805 -0.09202065 -0.27127185 0.31360376 0.1691252 -0.12593317 0.10720897 -0.29168138 0.30264735 0.12562846 0.06675553 -0.02104017 0.13037384 0.03175322 -0.014671081 -0.047792323 -0.028798388 0.19314002 0.13737579 0.17080094 -0.068552665 -0.052571144 -0.007786278 0.19939233 -0.15491608 0.02806765
LBR 0.071157694 -0.043005727 0.19010773 0.28304413 -0.24856646 -0.050999396 0.20713589 -0.20294017 -0.047052264 0.29758424 0.2095662 -0.07215228 0.18618007 -0.14536428 0.100536644 0.3683855 0.13870531 0.16002859 -0.017333036 0.032896027 0.05371447 0.30348328 -0.054730892 0.12391563 -0.20048606 0.034127954 -0.25666472 0.072890684 0.06685162 -0.21781154 0.058193903 -0.0076301387 -0.1161925 -0.015173777 -0.20924544 0.16585861 0.30679804 0.1548749 0.20210218 -0.0072018323 -0.16444421 0.084512584 0.02320412 -0.09092878 0.20648955 0.15577054 0.11495484 0.0020819826 -0.065783285 0.095052086 0.2586405 -0.16018015 0.07649205 -0.0312938 -0.021009998 0.03632842 -0.07563853 -0.1064289 -0.03912411 -0.06444042 0.14981622 0.061814174 0.09526204 0.2364217 0.20233458 -0.30406636 -0.036288567 0.091111414 -0.043123674 -0.26399726 0.046252143 -0.14635646 -0.26822135 0.021510307 0.096508235 0.06571595 -0.020215467 0.007417791 0.03952674 0.18549255 0.18173257 -0.059257094 -0.043021463 0.11893268 -0.03729001 0.42306468 0.10393258 -0.4337753 0.19183221 0.105664365 -0.14560564 -0.034540534 0.2120783 0.09592286 0.27276024 0.1067028 0.1609835 -0.052191317 -0.0018486623 -0.13163993 -0.05938477 -0.0013626794 0.18483034 0.07165773 -0.2020302 0.2332045 0.29649585 0.09275497 0.24020797 -0.26882952 0.22077936 -0.054090515 0.11744059 -0.01995585 -0.012467171 -0.24453047 -0.03245711 -0.0970195 -0.24381126 -0.13283017 -0.07229769 -0.050245263 -0.28534287 0.07615953 -0.22105227 -0.0689114 -0.20586258 -0.1437007
PRY -0.06600318 -0.09225904 0.15169385 0.10908613 0.39584875 -0.008023441 0.15666755 0.06428802 0.012560473 0.07707053 0.15574817 0.08713499 0.10549239 0.046779893 0.35371995 0.17211857 0.030344298 -0.08098825 -0.14743313 0.15392709 0.027837606 0.24291593 -0.19756949 -0.057231262 -0.25554517 0.3518938 0.053567182 0.36521414 0.08077773 0.05993558 -0.07493338 -0.081823066 0.14093564 -0.07022726 0.00081755745 0.011461643 0.25826618 0.006778531 0.048000872 0.042301435 -0.43835062 0.1527794 0.19064493 0.15569653 0.04690518 0.107554495 0.05136715 0.111676335 0.07569557 0.04268121 0.078861326 0.4998209 0.17446153 -0.108702466 -0.024598207 0.11593542 0.26981497 0.15640509 -0.032634158 -0.037714627 -0.03566448 -0.030252235 0.01857953 0.041943412 0.28001645 0.032653812 0.16240753 0.14174384 -0.14630562 0.06085966 -0.14851786 -0.1428518 -0.42694932 -0.20053291 0.14913328 -0.15341341 -0.05847632 0.027862424 0.018180288 0.29986933 -0.038143255 -0.10032426 0.24533731 0.24754737 -0.089178205 0.011197378 -0.17925093 -0.15695243 0.0032066214 -0.115034685 0.101917826 -0.09852072 -0.009187833 -0.050892174 -0.030776344 0.07255784 0.05892736 -0.2772436 0.08570147 0.08113205 -0.25982317 -0.17563865 -0.097053364 0.24962367 0.022149896 0.021945618 0.061580345 0.035769686 0.33575022 -0.058369696 0.1898255 -0.0642115 -0.084302336 -0.080162995 -0.020958705 0.1848863 -0.18319032 -0.10542821 0.13539767 -0.08701018 -0.19794218 0.014491782 -0.05069675 0.1254158 -0.377938 0.03228012 -0.15907143 -0.022178013
SDN -0.062054053 -0.17835318 0.16124943 0.0718074 -0.034748945 -0.21829577 -0.026925933 0.25597626 -0.06170918 -0.0072501297 0.3555911 -0.09830293 -0.02089678 -0.12575537 0.17450655 0.09623433 -0.15084279 0.11450258 -0.06344847 0.0078342175 0.018721092 0.17267217 0.15029827 -0.09033444 -0.1381101 0.15626882 -0.254912 0.053070985 0.21948157 -0.076911725 -0.16651672 -0.016796125 0.1583512 0.18795045 -0.15496188 -0.106046036 0.42652202 0.04919602 0.35833532 0.09462988 0.008478426 0.0411647 0.16578467 -0.2020061 0.19683795 0.14625305 -0.09020842 0.001274452 0.059828173 0.0076309144 0.12180063 -0.0050586364 -0.009329365 0.19867882 -0.020009037 -0.010498567 0.16675408 -0.099189095 -0.12998861 -0.10665317 -0.2155981 -0.101955384 0.095216036 0.11306302 0.13884208 0.0631576 0.21912429 0.11461327 0.12983264 -0.27374765 0.1186117 -0.049702704 -0.3943147 -0.03572206 0.13332771 -0.13396278 -0.057205353 0.10236829 -0.16865097 -0.09834967 -0.21810234 -0.17508931 0.25161022 0.15897381 0.033967096 0.09043334 0.05083394 -0.023075882 0.13385686 0.072385855 0.0075213416 -0.09531814 -0.021688884 -0.09580233 0.15764593 -0.1671442 0.050975338 0.054657884 0.19073232 -0.07164046 -0.19538775 -0.094757706 -0.10147949 -0.0026730637 0.0067152344 -0.0882836 0.06851275 -0.21109426 -0.016497046 -0.17173645 0.15183422 0.036405265 0.054089826 0.18209924 0.09952564 0.06941268 0.04963549 -0.121538065 0.12444696 -0.043300476 -0.016589072 -0.07182303 -0.120788045 0.26120475 -0.20390221 0.031663664 -0.06705168 -0.14524211
MLT 0.15315704 -0.2126554 -0.03684471 0.2871337 -0.050375562 -0.10745498 0.16318673 0.26995042 -0.37427318 0.110140756 -0.035371024 0.112007156 0.06609252 0.24593073 0.10730723 0.34802726 -0.19959727 -0.14190044 -0.40766504 -0.104929104 -0.02451068 0.12565354 0.04221381 -0.16970839 -0.07965732 0.19543523 -0.25774512 -0.030448236 0.24504457 0.052309994 -0.0054920525 0.11591102 0.14531378 0.23857534 0.08693938 -0.12641388 0.24637932 0.03581512 0.006595645 -0.06971396 -0.25716156 -0.11426464 0.20606096 0.34529415 0.07273321 0.060477294 -0.21436429 0.04164109 -0.064239055 -0.26482368 -0.04023347 0.21872349 -0.06411141 0.23215799 0.038722306 -0.12268956 0.22663856 0.39773455 0.058092833 -0.43580598 -0.29932424 -0.18317375 0.18914753 0.31299174 -0.020153057 0.031353265 0.23143403 -0.24064448 -0.22590007 -0.6422302 0.11766859 -0.13932534 -0.71803087 -0.14455196 0.06007719 -0.37066916 -0.045629997 -0.1628412 -0.2661813 0.14952621 -0.16733825 -0.08236037 0.6273904 0.4554586 -0.25715876 0.2996833 0.10351034 -0.16922101 0.15266567 -0.027700514 0.090984106 0.012571449 0.08666497 0.06749947 0.3074929 -0.27539378 0.012995168 -0.049494695 -0.008608728 0.18418328 0.10202548 -0.15849783 -0.067242056 -0.028912256 0.17191677 0.071472466 0.10109526 0.16703385 -0.11381816 0.16026953 -0.18847345 0.17660262 0.111100405 0.15571077 0.18488353 -0.028977005 0.11663454 -0.12761876 0.015027697 -0.10096197 0.30952 -0.05783859 -0.3373668 0.08519753 -0.62567145 0.0259847 -0.07607201 -0.19879085
YEM 0.018139107 -0.17207088 0.12898083 0.0018204018 0.032268785 -0.10420842 -0.026217865 0.22184603 0.13598783 -0.12414946 0.19716229 0.033314694 -0.12245128 0.04502875 0.15593484 0.22500283 -0.34685478 0.06815392 -0.07852444 0.01488278 0.056843076 0.22545677 0.059690114 -0.3566485 -0.14163388 0.17061758 -0.12937818 0.15030347 0.29235372 -0.038166817 0.036786497 -0.13438047 0.0203614 -0.008669329 -0.079946674 -0.053541545 0.2986812 0.26160806 0.3482876 -0.0048654918 -0.045600295 0.14815518 0.21778464 -0.1838008 0.21178779 0.18778631 -0.07496417 0.054181553 0.07954761 -0.017517893 0.21214673 0.053565335 -0.032037616 0.18313055 -0.026239784 0.14210497 0.30101097 -0.045724157 -0.012737208 -0.20001866 -0.22706062 -0.018721486 0.15915284 0.073308066 0.1716266 0.07467736 0.18391232 0.19399457 0.093028255 -0.24344225 0.025304658 -0.08667315 -0.41932824 0.034000296 -0.006843362 -0.163107 -0.08289424 0.02824333 -0.166799 0.05051897 -0.18856715 -0.100123085 0.3674309 0.22599578 0.10827546 -0.0008253524 0.13926779 -0.002378508 0.068915054 0.03424812 0.14513186 -0.34288332 0.061682247 -0.040615764 0.07582305 -0.07487757 0.045971565 0.042540967 0.011802232 -0.104049556 -0.02757713 0.025251096 -0.04034216 0.045134246 0.089546524 -0.10320917 -0.009825379 -0.25601134 -0.16132423 -0.20858917 0.22629233 0.0042490694 -0.04610301 0.08539266 0.017060546 0.040108282 0.0983401 -0.10660875 0.11875678 -0.005678344 -0.083402485 -0.03230643 -0.09408284 0.13386102 -0.17216758 0.028912535 -0.10997492 0.041527398
UKR 0.15317477 -0.45168838 0.03857669 0.17006001 -0.14165579 0.02477804 0.024576174 -0.09361777 -0.22255497 0.1923494 0.25679076 0.14849943 -0.13292955 -0.09158846 0.05502054 0.25749886 -0.11020976 0.1023053 -0.31529427 -0.25184673 -0.013635417 0.10461198 0.08374879 -0.24703738 -0.31881464 0.14512743 -0.12580349 0.057566952 0.19035059 0.04093571 -0.095103085 -0.0053168326 0.17567146 0.10618504 -0.0108772125 -0.052617308 0.25458792 0.10039031 0.038071327 0.063771576 -0.18003656 -0.14813042 0.0077231484 -0.020992592 0.0074430155 -0.031345382 -0.040811002 -0.00038059248 -0.115687385 -0.15771478 -0.11164872 0.062485658 0.07567142 0.07802972 0.13636523 -0.13539718 0.26153693 0.025442561 -0.14490485 -0.123609275 -0.0053398646 -0.00042790052 -0.023135416 0.0363809 0.053947207 -0.066406384 0.12672411 -0.065642536 -0.038127616 -0.28627938 0.19300392 0.033752784 -0.2368644 -0.2738967 0.028210329 -0.06835703 -0.13011871 0.19736336 0.016622283 -0.016320555 -0.13843276 -0.11731938 0.20883618 0.38945344 -0.02654707 0.11944122 0.23798208 -0.20858257 0.12309618 0.27869356 0.06418011 0.20528987 0.16365924 0.05191622 0.3291405 -0.045146737 -0.1375296 -0.061911188 -0.04865282 0.024023982 0.13704091 -0.024675466 -0.06651772 0.08757898 -0.028960971 0.039723333 0.07263246 -0.002274125 0.055581097 0.05600186 -0.11048145 0.12932982 0.11278802 0.11003765 -0.0087618595 -0.099079385 0.03208297 0.057871588 0.082004026 0.04372907 0.04787811 -0.0894774 0.012477449 -0.14426829 -0.08486754 -0.08737805 -0.16014892 -0.06202739
ARG -0.11618753 -0.12219677 0.06525424 0.25706583 0.11597531 -0.31648892 0.11470013 -0.1885934 -0.11157684 0.18632834 0.123939596 0.25827795 -0.00734735 -0.009296387 0.19958484 0.36630896 0.13460489 0.0718637 -0.08440807 0.16062853 -0.0819841 0.25520918 -0.015553886 -0.08064885 -0.15245904 0.28583 -0.19445154 0.34879106 0.0857707 0.10906992 -0.110287696 -0.060421575 0.13499382 0.011016116 0.09136859 0.02649092 0.505872 -0.06407237 0.22933884 0.053561162 -0.27808976 -0.08533314 0.24986099 0.04075807 0.03368377 -0.0037696792 -0.22871304 -0.05202136 -0.0050341478 -0.046960723 -0.022812683 0.004742275 -0.03016243 0.020645984 0.26025802 -0.19568035 0.2873698 0.17924075 -0.10145183 -0.24836572 0.27228925 -0.004472191 0.01658364 0.10076024 0.031451795 -0.025160372 0.060189046 0.19429362 -0.11629856 0.12679377 0.16023481 -0.12940419 -0.5190348 -0.27324978 0.16382587 -0.17909053 0.07928046 0.0054665604 0.12103898 -0.013284958 0.04309636 -0.039930314 0.026513964 0.12204923 -0.1363998 0.26799414 -0.05221025 -0.41594028 -0.06504397 0.11916206 0.13329685 0.2840006 -0.000523774 -0.2009865 0.12359388 -0.18526502 -0.122775674 -0.38490734 0.0014885489 0.23652709 0.12683606 -0.047786847 -0.03308613 0.21434435 0.07554594 0.06691066 -0.10990215 0.05744032 0.4558417 -0.26524004 0.13849711 -0.069512874 0.00883655 -0.13319711 -0.11961348 -0.028977929 -0.18722303 0.023683043 -0.09693321 -0.24922888 -0.15501657 0.08767359 -0.017757561 0.19579738 -0.5221901 0.12202056 -0.18306555 0.07144481
PNG 0.04962733 -0.22786343 0.24059539 -0.05443995 -0.02128165 -0.028328057 -0.07194131 0.14013886 0.18982662 -0.029513353 0.15297496 -0.016793204 0.16672364 -0.13356107 0.21599858 0.12608746 -0.20718274 -0.23171017 -0.23532395 -0.3174659 -0.007933787 0.29824248 0.13106637 -0.15825787 -0.130361 0.3833592 -0.05840271 0.19961369 0.19571517 -0.28142196 -0.26649052 0.042129453 -0.11717003 -0.29012102 -0.11291764 0.048176475 0.19315772 0.26004988 0.40276936 0.1504265 -0.23679563 0.17735982 0.06478209 -0.28716552 0.36383694 0.27995336 0.3867764 0.042019453 0.11220739 0.013596869 0.16706331 0.13219985 -0.0770244 0.17307699 0.05366359 0.017182061 0.20876636 -0.37445208 -0.20236261 0.30142087 0.07213137 -0.00924011 -0.18907885 0.21595772 0.27174675 -0.059383083 -0.082794905 0.22475182 -0.19845128 -0.24252309 -0.02180296 -0.13862042 -0.2371637 -0.14916636 0.27721277 0.11056802 -0.26475486 0.2633754 0.17035516 0.107245855 -0.15158986 -0.22229785 0.31298748 0.08506709 0.064571105 0.30858698 -0.0015445147 0.052855317 0.08125089 0.20446151 -0.2930471 0.016000457 0.30458337 0.03321522 0.14897607 0.15900852 0.2006317 -0.12726058 0.08179791 -0.13943571 -0.281173 0.3696747 -0.14607048 0.19720626 -0.1727806 -0.12199385 0.3331428 0.048964318 0.16611037 0.09520626 0.05381945 -0.06315141 -0.013636265 0.20190375 0.0044216337 0.018607488 -0.093613036 0.1570054 -0.037404656 -0.025857197 -0.15669326 -0.08314493 -0.22173777 0.15888941 0.045911543 0.056332294 -0.06458298 -0.20916606
SWE 0.23735973 -0.21188803 0.05388934 0.08819265 -0.18169904 -0.22528253 -0.03278937 -0.045028493 -0.15222006 -0.012869383 0.22855467 0.01726293 -0.0017462557 -0.0766504 0.03198081 0.16276255 -0.29493812 0.027752701 -0.14162202 0.07335836 0.08071415 -0.0012044655 -0.03929125 -0.072790526 -0.07881509 -0.10142585 -0.27113113 -0.04306245 0.1926091 -0.029909005 -0.039942868 -0.037884977 0.24959089 0.041809607 -0.09856559 -0.0052696685 0.14579971 0.15745924 -0.0755251 -0.004525138 -0.07628263 0.11006432 -0.01842678 0.009630461 0.1285816 0.094112806 -0.20101255 -0.02131968 -0.10587197 0.11048814 -0.08927975 -0.023921685 -0.072012775 -0.058051206 0.10424513 0.041117612 0.15624528 0.07951119 0.017112527 -0.13777305 -0.054228034 -0.06562082 0.028959466 0.17340961 0.12202885 -0.0472313 0.098254815 0.071325 0.02371306 -0.2864272 0.019431055 -0.073522806 -0.3725825 -0.18047583 0.026518745 -0.16043663 0.011169286 -0.010950879 -0.051903762 0.106770724 -0.13015889 -0.22763929 0.2196607 0.37386703 0.009724834 0.13161369 0.19093777 -0.105208874 0.2526057 0.21438132 -0.051263303 0.06450421 0.2469703 0.06691074 0.40839767 0.007618502 -0.10079813 -0.102043666 -0.14278676 0.12652537 0.03850878 -0.0059568183 0.028593794 0.05438748 0.11459323 0.10675522 0.029108165 -0.037874766 0.042982444 -0.032652974 0.13091289 0.07760032 0.08739955 0.092215 -0.0347132 -0.114287056 0.10788403 -0.04662561 0.1906273 0.05418645 -0.09204125 -0.12270886 -0.10791806 0.045616083 -0.098500766 -0.07584598 -0.022492873 0.07559045
BRN -0.048176475 -0.2622682 0.08781017 -0.1715559 0.018304143 0.05049185 -0.210875 0.05096736 0.17188273 -0.018998243 0.08051969 0.12041469 0.08139989 -0.027662821 0.21249227 0.19063242 -0.2112963 0.0053934124 -0.25699073 -0.37949616 -0.02280499 0.3975521 0.10792892 -0.35804635 -0.1854118 0.42195967 0.036265492 0.2453779 0.20392187 -0.14725648 -0.1556526 -0.071560465 -0.026714832 -0.18270335 -0.07902215 -0.03916475 0.116995096 0.21901646 0.29200572 0.090719976 -0.36833808 -0.019890927 0.2080396 -0.018692318 -0.025679149 0.082281925 0.32756004 0.12804772 0.23249835 -0.016875517 0.19102396 0.18636945 -0.026176654 0.26316032 -0.05930406 -0.112082876 0.35355797 -0.19625454 -0.29470426 0.30028546 0.034705345 -0.038287975 -0.03537442 -0.24028355 0.37212008 0.04652844 0.011434517 0.19777025 -0.16001372 -0.24874945 0.06521244 -0.037714154 -0.29053372 -0.4359271 0.31586018 -0.047989048 -0.1705081 0.15370196 0.047088917 0.20078915 -0.09702367 -0.18638337 0.3798777 0.32374498 0.13094223 0.2510243 0.04138709 -0.10304766 -0.21099745 0.05248285 -0.080817826 -0.12231582 0.26787588 0.011670442 0.3825291 -0.0375009 0.38568935 -0.20422342 0.1511502 -0.30720243 -0.13447738 0.10393692 0.0153411785 0.12036832 -0.17440467 -0.35317114 0.1418275 0.1414318 0.21838652 -0.048702113 0.01795126 0.017765932 0.0161725 0.14470713 -0.13420592 0.13720936 -0.1715981 0.19341819 0.08677577 0.072899766 -0.0071044033 0.14081186 -0.0935122 -0.091890305 0.035683725 0.033152357 -0.27537394 -0.23023911
COD 0.035533734 -0.12912886 0.1862328 0.10152621 -0.039322235 0.21085685 -0.09559223 0.28678155 0.21859737 -0.039298717 0.07358242 0.07678178 -0.26519042 0.07956111 0.205345 0.23684882 -0.47399354 0.072242536 -0.1025907 0.1408343 0.3287812 -0.123444624 0.007355859 -0.2435624 -0.48004794 0.14113215 0.16669351 0.1598813 0.042720944 0.0668575 0.120309986 -0.16242997 -0.13386492 0.06092719 -0.019450873 -0.0947016 -0.045813717 0.041176826 0.14603092 0.074397214 -0.20481674 0.35646513 0.13181567 -0.12297195 0.12791355 -0.12716305 0.17903264 0.34778085 0.124694325 -0.0809139 -0.1632363 -0.10247227 -0.15429902 0.33816358 0.042237185 -0.030899428 0.28351143 -0.05548641 -0.1541219 -0.16833073 -0.20639218 0.10788404 0.21201716 0.14826556 0.30561957 0.051703542 0.041885335 0.32325345 0.061917927 -0.15991168 -0.102185905 -0.062346764 -0.07203567 -0.10712869 0.021623826 -0.06568907 0.11523606 0.16753925 0.13383383 0.08969955 0.16078411 -0.37132177 0.19122566 0.30320972 0.015293966 0.2661778 0.127637 -0.092164956 0.119781 -0.029624442 0.16631436 -0.21102326 0.26158574 -0.15491378 0.21156287 0.034118112 -0.0641665 -0.35073957 0.15832523 -0.26398465 -0.39912906 -0.10792943 0.024159104 0.087049626 0.2488053 0.13323444 0.1597858 -0.41313094 0.45544878 -0.49646056 -0.07723921 -0.08285121 -0.08419462 -0.0113888 0.27492377 0.41459167 0.16755585 -0.05472261 0.26442537 0.035048395 -0.19088267 0.076070316 0.020397529 0.19328386 -0.3130145 -0.1481599 -0.09428075 0.021259332
AUT 0.18798693 -0.3430949 0.10800455 0.17956893 -0.16450411 -0.106255315 0.00859119 -0.043018162 -0.21056171 0.0745818 0.34464723 0.07801785 -0.14416069 -0.11283575 0.120490864 0.16042633 -0.15782042 0.042217504 -0.18648867 -0.012203989 0.017350078 0.028034074 0.0050583645 -0.15116651 -0.29805714 0.038492493 -0.16202284 0.07343491 0.10527173 0.021632006 -0.08985982 -0.040427946 0.20334432 0.115403935 -0.06375351 -0.04270043 0.19943586 0.0045681642 -0.0496414 0.05920173 -0.07916839 0.022176934 -0.002366617 -0.062483646 0.095590115 -0.033797007 -0.1719892 -0.022594627 -0.11726089 0.026177369 -0.11322776 -0.011997483 0.057281803 0.025689837 0.15408348 -0.060191892 0.2040664 0.054060314 -0.11482766 -0.16692294 -0.06837292 -0.020088235 0.024587952 0.06651627 0.060613737 -0.025498772 0.144684 0.06312304 0.12634401 -0.17413667 0.13316777 0.0042194785 -0.26133552 -0.22616829 -0.0009166739 -0.049888678 -0.036484636 0.07187934 -0.012340852 -0.011714696 -0.045201708 -0.1344474 0.19422618 0.3028773 -0.05063131 0.08181786 0.2062055 -0.186401 0.22992851 0.27900144 0.024897363 0.17224419 0.17941716 0.013586695 0.37402937 0.04625286 -0.22714129 -0.080715075 0.004381887 -0.0055763475 0.0012265362 -0.06270811 -0.052847516 0.1270647 0.11735564 0.11175735 0.03913778 -0.15200496 0.1548793 -0.10718449 -0.0002722703 0.054795887 0.04166184 0.058320753 -0.0038543479 -0.09863757 0.100460544 -0.05221434 0.10113714 0.07342516 -0.05561785 -0.13066615 0.022306422 -0.013637671 -0.048465386 -0.08158464 -0.001830884 0.08701209
LUX 0.1900151 -0.2983962 0.22422916 -0.014337125 -0.07994188 0.003000732 -0.05803586 0.064295866 -0.10098673 -0.12242379 0.3572797 -0.114318535 -0.251916 0.06477478 0.292982 0.0939881 -0.44335505 -0.006646531 -0.13955058 0.08061943 0.17060702 -0.1432184 0.10482786 -0.15243761 -0.27575558 -0.06756586 -0.025516897 -0.014532613 0.22496283 -0.014099701 -0.00905734 -0.031461995 0.20861703 0.382226 -0.16384372 -0.14379174 0.12287654 -0.032115977 -0.10658944 0.29427543 -0.26224115 0.25333673 0.12426679 -0.18161218 -0.042694766 -0.1476585 -0.009160698 0.08611251 0.055429205 -0.2111449 -0.26277837 -0.10277137 -0.061247326 0.12849563 0.098300435 0.14279802 0.22276117 -0.118926086 -0.13132755 -0.29568082 0.059616305 -0.07056733 -0.00026158133 0.13490416 0.1433759 0.015623277 0.13498503 0.0324649 0.14116637 -0.3635232 0.099564694 -0.19751285 -0.09574304 -0.092188925 -0.05035325 0.0040697637 0.2607021 0.044903286 0.027229339 -0.11133833 -0.12630154 -0.4050967 0.13444167 0.086314514 -0.10315201 0.042604286 0.19004004 -0.063113146 0.06450432 -0.07424752 -0.057831585 0.008300309 -0.05216082 -0.09364178 0.37769893 0.19755106 -0.15744364 -0.22006866 0.10725239 -0.1453351 -0.17832068 -0.06810351 0.06523113 0.15570924 0.074521795 0.1451716 0.15512396 -0.19780776 0.30918324 -0.013650401 0.0092756115 0.18959625 0.07628491 0.27611992 0.21313809 0.415947 0.13760678 0.053864334 0.18152769 0.046604235 -0.12746161 -0.17239235 0.1427863 0.17732848 -0.3077124 -0.06903711 0.016926853 -0.19206667
GRC 0.19072469 -0.44817397 -0.037177105 0.2782064 -0.20589755 -0.2013438 -0.04576234 0.04452244 -0.12015644 0.1750661 0.4456363 -0.027028454 -0.065808 -0.1620694 0.07770919 0.27791238 -0.062121656 0.21182007 -0.1412997 -0.048766606 0.10762146 0.13074824 -0.0015175847 -0.20503998 -0.31952 0.05516565 -0.30857095 0.06251229 0.11909116 0.069754295 -0.0953455 -0.06483766 0.37408748 0.21413526 -0.15103692 -0.17540205 0.33029863 -0.028912546 0.15010744 0.064305 -0.022560295 -0.06653935 0.016507067 -0.10017978 -0.10859184 -0.013130345 -0.13994782 0.018626422 -0.12918538 0.027626228 -0.0747113 -0.09605642 0.08593414 0.01001255 0.070847586 -0.1436393 0.1959306 -0.11020959 -0.17238176 -0.035061322 -0.06416556 0.027968984 0.16947441 0.05602885 0.03449297 -0.038875863 0.090108834 0.04663292 0.1564466 -0.20192194 0.07561815 0.019870196 -0.16890658 -0.25589553 0.068295576 -0.17946653 -0.006214963 0.022969749 -0.16649294 -0.092534475 -0.12641412 -0.14038573 0.03862473 0.3340116 0.055262644 0.059270803 0.2779498 -0.18224163 0.14568242 0.28068104 0.012939259 0.03187179 0.06358224 0.08188766 0.2796749 -0.16889164 -0.019659974 -0.15100968 -0.04294462 -0.047991402 0.06313743 -0.16130504 0.064706385 -0.0076719695 -0.03415666 -0.05144683 -0.025200346 -0.102283485 0.08168392 -0.110425055 0.03351222 0.027887883 0.03081281 0.16982876 -0.1293926 -0.14575577 -0.00024998482 -0.105275966 0.17294137 -0.002826927 -0.10347332 -0.1298244 0.045340292 -0.026158663 0.0043447437 -0.1430608 -0.19701271 0.0089238165
CHL -0.03751944 -0.14145464 0.25222263 0.17498574 0.21366845 -0.27335548 0.15560804 0.10946558 -0.042431355 -0.111113064 0.31800774 -0.017009111 -0.022641478 0.09091282 0.43727088 0.20366766 -0.21334916 0.1295995 -0.037653454 0.34074402 -0.05620398 0.26080394 -0.14221169 -0.15498765 -0.14574862 0.10732505 -0.07634122 0.25351578 0.21303791 -0.028685383 -0.056328688 -0.15616821 0.21136816 0.07368239 -0.0030797157 -0.028779073 0.34906918 0.13887618 0.034785077 -0.014066983 -0.22780053 0.0780443 0.28909048 0.06507283 0.20674646 0.14152549 -0.31430453 0.021860003 0.16921341 0.060625054 0.15548149 0.2474535 0.10872072 -0.023628658 0.007946142 0.28224832 0.17777662 0.28900522 0.04695996 -0.33620334 -0.1531526 -0.09503523 0.12664093 0.0043070195 0.16806304 0.01794392 0.30149776 0.14153363 0.06524392 -0.007990999 -0.028325882 -0.13684261 -0.67198664 0.017483184 0.09807996 -0.17591344 0.08024866 -0.047833394 -0.1430582 0.11548145 -0.12936829 -0.11801171 0.37395704 0.22472255 -0.046547506 -0.05535432 -0.042791482 -0.110888995 0.095551684 -0.14219989 0.24252094 -0.19387417 -0.037525672 -0.043493465 0.07514241 0.09101701 -0.18557705 -0.03524733 0.08486069 0.12822826 -0.17575437 -0.2678725 0.037228916 0.13311729 0.13239087 0.10271995 0.0013727399 -0.099398226 0.046074178 -0.22376178 0.3956249 0.039282918 0.036675222 -0.06914447 -0.02571208 0.16419491 0.100802176 -0.1162821 0.05405931 0.06918453 -0.006297897 0.11977555 -0.0271062 0.15826814 -0.32234925 0.19316968 0.075827345 0.103142895
CUW 0.14966957 -0.1696464 0.32018402 -0.09873341 0.1760921 0.09074219 -0.07298128 -0.0470712 -0.22478239 0.018279662 0.1612222 -0.24943383 0.0020106013 0.09535846 0.31097266 0.031208262 -0.27003124 -0.07545633 -0.15324256 0.010994839 -0.0021186047 0.206743 -0.04208518 -0.11584039 -0.10541509 -0.026371304 0.03929842 0.13707052 0.24999583 -0.14746818 -0.12241918 0.17620717 0.15081427 0.20275404 -0.15820038 0.009877572 0.2037817 0.11977168 0.009222895 0.43713143 -0.5709043 0.275647 0.1423117 -0.25356665 -0.027383026 -0.04076938 0.27634227 -0.058893453 0.00842906 -0.27364042 -0.07499632 0.0871544 0.056623805 -0.21281725 0.25359926 0.22198291 0.30096662 -0.26659796 -0.06510502 -0.051014572 0.45526674 -0.11980027 -0.21947093 0.31646404 0.24112856 -0.025414225 0.042135946 -0.06317683 -0.17060561 -0.2784862 -0.04392617 -0.45269716 -0.24848957 -0.15299219 0.14991428 0.06394674 0.11103788 0.20707805 0.24420534 0.07985461 -0.13297528 -0.44384277 0.0040559736 0.12391327 0.025115564 0.32661662 -0.06932348 0.033586785 0.0007853623 -0.1405878 -0.24953 0.1621281 -0.23217955 -0.043162417 0.31855893 0.3772298 0.049858816 -0.22187908 0.022294927 -0.075098746 -0.16682148 0.25729588 -0.24373296 0.26268536 -0.27378964 0.058259536 0.29084903 0.14071299 0.4254017 0.36573344 0.18083008 0.1351326 0.12031523 0.25547567 0.056541722 0.4212884 -0.2529412 0.13929678 0.06190629 -0.08789866 -0.40811887 -0.10358408 0.01008242 0.29970002 -0.46947458 0.02186435 -0.16520628 -0.356003
LAO -0.13465321 -0.21753895 0.08211027 -0.13608561 0.1961628 0.1911119 -0.106179655 -0.015132236 0.17625728 0.044436987 0.15289046 0.09428097 0.030995447 -0.073448375 0.21894914 0.105951495 -0.2161109 -0.024733843 -0.35802346 -0.26467884 0.016234297 0.28321624 0.04974611 -0.34123185 -0.2776873 0.3851561 0.16196917 0.3014898 0.091199264 -0.023844117 -0.116908975 -0.01495734 0.02373207 -0.19093469 -0.06941522 -0.02388843 0.10221672 0.16105053 0.11531535 -0.058240235 -0.4331361 0.18865736 0.1212601 0.037696198 0.013685631 0.0125023415 0.30004063 0.16676165 0.28690493 0.08832684 0.08517294 0.3782239 0.028591964 0.14223813 -0.17134614 0.0031410868 0.40400445 0.052955303 -0.15469182 0.2975214 -0.08776208 0.019831933 -0.13152976 -0.21614681 0.46016252 0.12244319 0.14166231 0.2146298 -0.20682973 -0.15684457 -0.11296645 -0.041666932 -0.27946603 -0.43455496 0.22428037 -0.14235137 -0.14181724 0.1358594 0.09205374 0.35180113 -0.04083634 -0.16426995 0.38000965 0.3873688 0.047147375 0.16865739 -0.050004434 -0.03502582 -0.19701482 -0.029321952 0.018944912 -0.18334243 0.26905227 -0.058113564 0.2661597 0.1395989 0.27156073 -0.18592547 0.122407414 -0.23819229 -0.21035947 -0.024584059 -0.12929244 0.18622468 -0.023273863 -0.16204153 0.12960947 -0.018764796 0.24120708 -0.02508714 0.03318123 -0.03353987 -0.040896952 0.034631595 -0.06191938 0.13567574 -0.17687434 0.06497991 0.19917445 -0.011502293 -0.1493081 0.09846616 -0.096684285 -0.04126892 0.02761227 0.04504343 -0.21206562 -0.113864794
GIN 0.06297539 -0.29750818 0.07001487 0.23500103 0.05030884 0.010425907 -0.12970553 0.068974875 0.14515954 0.028474554 0.2504918 0.07735774 -0.016199991 0.049284376 0.16635107 0.24139252 -0.26968077 0.12974766 -0.31808597 -0.020119129 0.1319111 0.16613215 -0.01962141 -0.33198825 -0.3992676 0.12228716 -0.037534133 0.24772048 0.039635308 0.007736395 -0.0502954 -0.08206631 0.21640661 -0.04558161 -0.03512995 -0.123637475 0.13692541 0.06333198 0.052385215 0.013483237 -0.26361787 0.10891648 0.11028817 0.07826108 -0.15112929 -0.02184287 0.1580333 0.17650227 0.09688171 0.006985581 -0.054454077 0.05546525 -0.0077562295 -0.005183164 -0.07207881 -0.031186298 0.27314398 -0.12729658 -0.096754484 0.1570145 -0.008866207 0.040463056 0.00874684 0.0052325283 0.16552114 -0.050855216 0.12498818 0.12761194 -0.09233712 -0.07097801 -0.21167837 -0.07514447 -0.089708515 -0.30562216 0.14520685 -0.15756327 0.10091682 0.028883414 -0.017610544 -0.0070078853 -0.016198466 -0.13285165 0.20998012 0.28373888 0.028284207 0.12524317 0.059918597 -0.054758664 -0.058890957 -0.030289663 0.13189057 -0.02292535 0.09093771 -0.0030166833 0.13832246 -0.02902531 0.15145299 -0.31737286 0.028284963 -0.09227445 -0.093131214 -0.05653836 0.0023861355 -0.013927559 -0.020058466 -0.04399419 0.073216766 -0.036911976 0.2870707 -0.16276528 0.04556533 -0.0031781844 -0.052798394 0.050528333 -0.013473768 0.08297968 -0.028486608 0.0934507 0.15018849 0.036839306 -0.116564445 0.10695268 0.07607719 -0.088716745 -0.09161331 0.0103352545 -0.3058013 -0.015196093
HRV 0.1190205 -0.33785835 0.048801813 0.26207298 -0.18388559 -0.1508398 0.08099404 -0.17131458 -0.23646152 0.21069555 0.38485444 0.14593272 -0.107654184 -0.23154888 0.040456362 0.20860438 0.01627381 0.013813802 -0.27466148 -0.10855708 -0.17540142 0.19316256 0.10254906 -0.23507838 -0.31193036 0.08039182 -0.2116472 0.121614315 0.04822911 0.00029459657 -0.16437694 0.11819085 0.12009748 0.059458308 -0.021731572 -0.022918792 0.3596962 -0.07094445 -0.008927285 0.08822454 -0.08910437 -0.03445821 0.058535237 -0.06753903 0.13329189 -0.023154147 -0.21500999 -0.16361232 -0.068694696 -0.03912062 -0.17615081 -0.10567281 0.046106663 -0.0033165533 0.25929093 -0.20202449 0.26202542 0.004713433 -0.1506939 -0.08140777 0.19986472 -0.0127589675 -0.10323866 0.060490377 0.03034101 -0.0601889 0.073525995 0.08110236 0.10225225 -0.16522203 0.21384904 0.035578374 -0.36429864 -0.4243272 -0.047609646 -0.13279448 0.016356636 0.032416455 0.09695785 0.040685862 0.040956534 -0.08677939 0.10689897 0.2724971 0.011670107 0.22638083 0.19843177 -0.24178109 0.10272587 0.3548234 -0.061858833 0.3719648 0.1861553 -0.044195693 0.42831242 0.058294084 -0.23576318 -0.27305725 -0.028091831 -0.022720238 0.1484784 0.0464852 -0.13792238 0.11720999 0.053145915 0.1276465 0.031102603 -0.05168814 0.23206365 -0.13664345 0.026016446 0.065335475 0.18196142 0.12665129 -0.06271868 -0.3301897 0.085280456 0.030027103 -0.065869845 -0.0621691 -0.10381732 -0.123881765 0.0730299 -0.05460876 -0.050649688 -0.057273533 0.06821245 -0.0034671014
PAK -0.035189737 -0.17405485 0.13645718 -0.085703224 0.024950605 -0.061681144 -0.20425245 0.11913751 0.15367593 -0.14092423 0.22960164 -0.019600863 -0.019787364 -0.030777872 0.20971563 0.12084245 -0.21085237 0.119945824 -0.039276622 -0.07053331 -0.007931946 0.37105903 0.055889267 -0.24859314 -0.14700352 0.18085037 -0.08219634 0.18975031 0.21003197 -0.09140531 -0.063252844 -0.059205614 0.011662858 -0.02764995 -0.10244315 -0.022402061 0.19950041 0.09957148 0.25747183 0.090307795 -0.13285984 0.079297535 0.23236936 -0.15161003 0.022971006 0.053893603 0.12613101 0.008066143 0.16600811 0.005707091 0.22609504 -0.0024709029 -0.010003402 0.13284315 -0.070507236 0.02919998 0.23695341 -0.18854962 -0.13542923 0.07113903 -0.014265574 -0.057890937 0.05940216 -0.09940641 0.21983984 0.07028871 0.07417428 0.26429284 0.085746825 -0.1784502 0.09429044 -0.081534065 -0.33070087 -0.20229508 0.15080819 -0.05984815 -0.03521523 0.013075026 -0.08892335 0.058080837 -0.10203967 -0.1841183 0.25705108 0.15854535 0.1494517 0.12764397 0.003200717 -0.08623574 -0.12977338 -0.042022634 -0.010352491 -0.21214345 0.02552259 -0.0030974182 0.24898006 -0.07216707 0.25434864 -0.07264168 0.10209171 -0.2726404 -0.09584524 0.064379565 -0.032350887 0.011057111 -0.054482233 -0.18649569 0.090380214 -0.05072644 0.12542936 -0.23100385 0.24106131 -0.022287788 -0.0010506138 0.1419543 -0.07062723 0.08723986 -0.075354986 -0.036002968 0.08439752 -0.012789442 -0.102636434 0.051169094 -0.021221885 0.119308725 -0.101296164 0.03956152 -0.20636599 -0.099981606
FSM 0.11673932 -0.09880687 0.0765961 -0.08700934 0.075170055 -0.16504663 -0.20009252 0.020171795 0.11993914 -0.13344152 -0.061686225 0.26204506 0.093931176 0.15716252 0.30964464 0.3955313 -0.12876964 0.14132313 -0.061438445 0.15415822 0.09271864 0.45896256 -0.13759524 -0.22515142 -0.20357454 0.24677262 0.0153385475 0.4028227 0.22032101 -0.17013077 -0.05710135 -0.17845711 0.026630448 -0.11152258 0.053563956 0.07267201 0.12275049 0.12356107 0.25171384 0.057283502 -0.28695533 -0.0047018984 0.3238295 0.13019753 -0.112673864 0.05346089 0.17629573 0.18237494 0.060041245 -0.030546065 0.30577883 -0.008491367 -0.17873225 0.09566736 -0.00569801 -0.09228277 0.339939 -0.18123296 -0.12660854 -0.058740415 0.17738989 -0.046615988 0.19165419 -0.096729994 0.2755575 -0.06864432 -0.14099976 0.31360123 -0.15072128 0.0013629363 0.044160143 -0.09422745 -0.42574698 -0.23221886 0.28681144 0.056550995 0.07685222 -0.09189213 -0.006796064 0.17905073 0.037773177 -0.25468695 0.24367557 0.1302303 0.17292616 0.26145402 -0.042468578 -0.19256459 -0.2400228 -0.149951 0.035271544 -0.2166669 -0.05032232 0.03283979 0.26694778 -0.14892678 0.34782076 -0.372654 -0.03380871 -0.11956676 0.036474314 0.06862169 0.1741919 0.1311454 -0.041843258 -0.3831832 0.10906297 0.29337844 0.41008055 -0.27610183 0.16767812 0.0446061 -0.05523849 -0.0524308 -0.25433564 0.2848997 -0.17001441 0.09097156 0.040565033 0.023646198 -0.014354343 0.2574041 -0.17091241 0.1643646 -0.39583468 0.0870109 -0.4422898 -0.0010506078
EGY 0.27876332 -0.39097756 -0.0001311739 0.33182275 -0.22796199 -0.13803321 -0.090837546 0.2986958 0.015817428 0.1420784 0.19482388 0.0027242056 -0.0970721 -0.10355643 0.08445453 0.28156242 -0.11472936 0.13279031 -0.1897088 0.04006804 0.13883778 0.06217525 -0.037598822 -0.36975345 -0.24793841 0.0550048 -0.21638285 0.2137883 0.02962197 0.016173068 -0.10854012 0.038437646 0.26395193 0.09479798 0.022797562 -0.21179247 0.20000765 -0.14178865 0.24208313 0.15345843 -0.049540035 0.06464796 0.060102146 -0.12821262 -0.087336406 -0.009367446 0.09979373 0.13337739 -0.02748331 0.00078890764 -0.031586435 -0.0854589 -0.06813831 0.06831698 0.09662545 -0.25275627 0.2652263 -0.2987786 -0.18996686 0.09038558 -0.059972208 0.068731956 0.32775256 0.17212394 0.017835928 0.081493415 -0.11242169 0.10658295 0.19994158 -0.10284517 -0.10538158 0.039276816 -0.06376809 -0.29525208 0.11227718 -0.1664426 0.06404935 -0.054830983 -0.021654716 -0.0693464 0.04163128 -0.15674625 0.02947964 0.23473006 0.111127816 0.20521326 0.24365336 0.044381935 0.16655503 0.26978397 -0.016212236 -0.07168314 0.06491568 0.021816954 0.16235441 -0.17226537 0.08059014 -0.295147 -0.01030734 -0.15838715 -0.06821675 0.02287857 0.048575353 -0.032486994 0.0085153375 -0.13468865 0.053012565 -0.106190376 0.21355955 -0.17726988 -0.044948395 -0.05069906 -0.05728728 0.1699713 -0.09716167 -0.055369407 0.052121602 -0.09937718 0.15608269 -0.027007496 -0.26640972 -0.07188299 0.0038571516 0.16565375 -0.022718653 -0.1639504 -0.19987799 0.052439146
BDI 0.037220478 -0.21925305 0.19660951 -0.062823124 -0.11045695 0.11012825 -0.10496643 0.18088168 -0.008663364 -0.03318585 0.16067126 0.00820034 -0.17822865 0.0059328806 0.15377009 0.08370482 -0.23426268 0.08085474 0.015083758 0.08179879 0.115802534 0.024033353 0.17052244 -0.11411501 -0.20802487 0.07445937 0.013446759 0.01784942 0.1934807 0.026501775 -0.006958406 0.07194733 -0.12649098 0.12935868 0.015240719 -0.015064193 0.16848113 -0.084049605 0.29482773 0.18282703 -0.01574317 0.19668426 0.17545515 -0.28460866 0.1420057 -0.03288601 0.16949955 0.05369495 0.18806425 -0.24049008 0.10482637 -0.14061517 -0.15182117 0.31248325 -0.031953376 -0.0861796 0.21431424 -0.24028522 -0.06840854 -0.17377663 -0.08617008 -0.07100492 0.17896667 0.15356039 0.14523202 0.08145943 -0.016967285 0.16141549 0.19546945 -0.3534711 0.17660706 -0.06408355 -0.22670232 -0.11043973 -0.0033706333 0.023937963 -0.041065343 0.11655703 0.01025602 0.055224612 -0.018127406 -0.26867634 0.15758924 0.08642882 0.11544452 0.21094456 0.063551985 -0.105883405 -0.02217192 -0.02933786 -0.04756448 -0.18534264 -0.042033352 -0.011366815 0.223076 -0.09290427 0.07850372 -0.03019949 0.15406062 -0.3496286 -0.24330114 0.115226895 -0.12644883 -0.015493908 -0.018295975 0.044739235 0.26473343 -0.1739462 0.2612089 -0.35849988 0.01625087 0.07795187 0.031028096 0.17216188 0.19594553 0.15150602 0.042310182 -0.15717901 0.09081937 -0.049655028 -0.1512367 -0.055541717 -0.045557614 0.29193687 -0.28496218 -0.15349905 -0.15099487 -0.2027913
SEN 0.14462245 -0.09934376 0.162998 0.069124095 -0.15527487 -0.22539446 -0.15903333 -0.18331492 0.012958121 -0.29319045 0.20508987 -0.039960455 -0.056323137 -0.15677953 0.20587285 0.1712812 -0.4067389 0.010629545 -0.08153012 0.22561501 -0.012117533 0.09708154 -0.021600546 -0.288382 0.10163673 -0.1416091 -0.09796268 0.011310128 0.26605588 -0.02012861 -0.094543315 0.018356405 0.10742522 -0.03833869 -0.11769837 0.24493265 0.15714745 0.24727347 0.04360593 0.04440001 0.14910275 0.35515696 0.11973695 -0.08214167 0.21092907 0.04817264 -0.1465107 0.023680475 0.2206649 -0.04409532 0.011075604 -0.2247352 -0.20662464 0.10290879 -0.0067189233 0.0153251495 0.13814314 -0.0739108 0.06103374 -0.24859351 0.035034727 -0.07417089 0.17435206 0.21460322 0.27583924 0.016452298 0.07874198 0.28469718 0.19497706 -0.13546626 -0.007089069 -0.088295355 -0.32183316 -0.09686653 0.15983076 -0.100574 0.20651573 -0.14019433 0.020351728 0.16117087 -0.25777802 -0.32887745 0.10346614 0.16752991 0.066800915 0.18490653 0.1874617 0.08316169 0.24692017 0.07053194 0.12384991 -0.17784216 0.2424736 -0.03191677 0.5133367 0.09007158 -0.15620422 -0.08297444 -0.16641727 -0.10155072 -0.022156423 0.023150075 0.10320928 -0.16326238 0.19552104 0.11416634 0.18768303 -0.23705593 0.04397402 -0.26010904 0.36337203 0.097512566 0.20388748 0.06356685 0.032547165 -0.016545897 0.19345094 -0.2064945 0.04666969 0.039964102 0.0044891997 0.14453596 -0.15229824 0.30578473 -0.16280928 -0.010937484 0.13874422 0.10434838
CRI 0.23742028 -0.20308544 0.16748032 0.22420959 -0.04934759 -0.031116381 0.29971334 -0.041507162 -0.19402345 0.18887043 0.11424599 0.014730756 0.020405421 0.054195058 0.32772166 0.3576254 -0.017032096 0.3543434 0.020144386 0.30596843 0.09285814 0.3342457 -0.3939999 -0.15179686 -0.34289128 -0.09485512 0.026526432 0.34961224 0.12619859 -0.20000196 -0.00942652 -0.16107695 -0.035046965 -0.004083726 0.018873267 0.10524499 0.20013486 0.16075347 0.056419976 0.10388585 -0.31813955 -0.03497382 0.10646778 0.13620144 0.12147486 0.14435017 0.00039889707 0.1899909 -0.117009975 0.056193832 0.18244623 0.14545925 0.27196953 -0.19302677 0.21490712 0.12466396 0.0711825 0.086348236 -0.029503798 -0.10174592 0.16222486 -0.0065318197 0.16202052 0.10507809 0.15980653 -0.29251507 -0.1075178 0.108295776 -0.07508259 0.09699502 -0.08334993 0.00801375 -0.30881307 0.061927162 0.1376811 0.08042164 0.08964076 0.081506126 0.10632403 0.22486472 0.20450509 -0.10509465 0.059072327 0.21572223 0.15635164 0.24669202 -0.006841122 -0.19632752 0.18380053 -0.097153105 0.14193374 -0.127086 -0.026853422 0.22720705 0.20117165 0.26860029 -0.068879455 -0.062456004 -0.07529003 0.019344738 -0.07324951 -0.20649344 0.20727192 0.106685646 -0.11986137 0.20152263 0.23127785 0.17434767 0.36767417 -0.2888538 0.31987113 0.06238055 0.05670169 -0.21797407 -0.16172667 0.15774295 0.0278084 -0.060365375 -0.14800942 0.18821038 -0.09976314 0.20621313 -0.0903526 0.08038853 -0.13436395 0.03695452 -0.20252533 0.19242018
IRL 0.29794347 -0.194956 0.020555455 -0.13219178 -0.12575713 -0.24413657 -0.12497832 -0.18610653 -0.205767 -0.2360933 0.3192231 0.05231541 -0.03612479 -0.1241143 0.011109719 0.038505 -0.36475837 -0.017354202 -0.07737513 0.040849276 0.04112903 0.07876286 -0.009643973 -0.075183704 0.010723323 -0.13261251 -0.19468343 -0.13175899 0.2910262 -0.08829688 -0.058951396 -0.056825366 0.21096963 0.0011343027 -0.13327932 0.07474553 0.05017606 0.24010801 -0.24935079 0.012184859 0.09537225 0.13093431 -0.05339298 0.006707342 0.17774336 0.10033867 -0.26150206 -0.0788796 -0.11323786 0.11302236 -0.098783284 -0.07985479 -0.09359861 -0.066735476 0.13821003 0.16204253 0.18583722 0.042055562 0.024439646 -0.20656839 -0.040565148 -0.11526903 -0.06612057 0.06689254 0.23921236 -0.031512477 0.07641943 0.16770688 -0.006103495 -0.3713064 0.13382387 -0.09897209 -0.4675505 -0.2801091 0.017150356 -0.16411918 -0.020274902 0.03304045 -0.09771992 0.17465284 -0.2455348 -0.3872129 0.25902712 0.38183805 0.1506329 0.052853953 0.19236408 -0.055570837 0.1921331 0.26110724 -0.11778049 0.032383297 0.31315365 0.09168223 0.58331954 0.11352213 -0.07047935 -0.10825177 -0.18009958 0.11562613 0.034641076 -0.02168559 -0.017536813 0.12735413 0.1624515 0.014557242 0.013818573 -0.002783882 -0.03673497 0.017234212 0.2534764 0.11835368 0.15605201 0.18745774 -0.14090124 -0.040766258 0.117157996 -0.021400757 0.33121124 0.09089666 -0.112286754 -0.14702387 -0.1417834 0.093496665 -0.08539028 -0.101227336 -0.0009262942 0.097784534
URY 0.12496797 -0.11408439 0.30274066 -0.16960755 0.08910471 0.020749362 -0.07793129 -0.3064692 -0.22041418 -0.068575725 0.2189657 -0.14281936 -0.14826655 0.014639584 0.15549491 -0.047091506 -0.17777558 0.17978841 0.08936782 0.122330785 -0.03107247 0.228105 -0.11600926 0.003587675 -0.032935165 -0.1712107 0.0689758 0.107785776 0.14887244 -0.05966303 -0.03260796 -0.0123128705 0.07310845 0.10726613 -0.15821894 0.11618041 0.12667592 0.104955584 -0.14409469 0.17368154 -0.26301134 0.23644754 -0.04007558 -0.2321353 0.09500652 -0.045747377 -0.057936057 -0.13582356 -0.12281744 -0.0045377123 0.08497478 0.053799223 0.09733347 -0.27495575 0.1505304 0.24898623 0.24152815 0.012255952 0.11216211 -0.12511373 0.24376342 -0.027720938 -0.15238085 0.079651445 0.23042461 -0.018681513 0.013551354 0.12764244 -0.10481061 -0.13064195 0.05351569 -0.26520312 -0.360748 -0.1493804 -0.021702848 0.020879928 -0.03255866 0.07987547 0.15516327 0.19287749 -0.038320642 -0.2975178 -0.054182496 0.26920342 0.11694511 0.24540302 0.048410546 -0.17238638 0.031671546 0.07835312 -0.13755693 0.07352546 -0.07574859 0.05505244 0.4330114 0.4234026 -0.12630935 -0.022409974 -0.15201496 -0.07346375 0.049344648 0.098775424 -0.18716551 0.2773129 -0.008172064 0.112500645 0.20586221 0.006526199 0.2039668 0.05422309 0.321079 0.077164195 0.090607345 -0.015374494 -0.14614007 0.15016049 -0.17791738 -0.02960412 0.08630789 -0.06388257 -0.37404945 -0.08783364 -0.0059236614 0.23118289 -0.2273614 0.032373827 -0.09200506 0.05090039
TZA 0.02582405 -0.124722764 0.25331375 0.023779757 -0.10394876 0.014330703 -0.051172223 0.16377896 0.07777228 0.014972352 0.10275947 0.022398038 0.05190622 -0.11894819 0.20881277 0.26033562 -0.123231545 -0.07613223 -0.071194656 -0.10732465 0.080750756 0.27689397 0.025163075 -0.0734302 -0.20489278 0.3229564 -0.097945414 0.22487321 0.19858421 -0.18388124 -0.1339215 -0.06375417 -0.21980907 -0.15544242 -0.11260916 0.12648694 0.17416091 0.18785451 0.42290327 0.08522157 -0.069431484 0.11858204 0.0815126 -0.26975965 0.42344263 0.19427444 0.2582414 0.08457854 -0.06076482 0.019582678 0.23436369 0.0013225434 -0.047332544 0.24242093 0.09722516 -0.06266765 0.17976052 -0.22126631 -0.14411658 0.029881604 -0.05420338 -0.002412959 0.09486518 0.2090297 0.19850852 -0.045193937 -0.060727946 0.27963877 -0.058646083 -0.14818695 0.1255174 -0.06690434 -0.25056127 0.036178477 0.19717543 0.116288014 -0.21962474 0.18072836 0.103030846 0.035164136 -0.04578008 -0.16224334 0.18294959 0.1258355 0.07135023 0.33525014 0.010031142 -0.09904005 0.18836586 0.20039746 -0.13250838 -0.038087714 0.23815641 0.016759835 0.16196486 -0.004547079 0.13479479 -0.001852778 0.064584725 -0.14917046 -0.18987146 0.26819494 -0.11624766 0.16468945 0.027273787 -0.00885255 0.24923976 -0.101959914 0.17739542 -0.15209861 0.045679133 -0.13329197 -0.09048173 0.015523255 0.06413008 0.013609628 -0.0056770225 -0.039101053 -0.08739451 -0.10384104 -0.09283359 -0.0444094 -0.252008 0.22646017 -0.17001344 0.0047964924 -0.10581206 -0.052603927
CYP 0.14314324 -0.19103576 0.23146725 0.1466571 -0.14482437 0.141195 0.09557287 -0.37037584 -0.15963373 0.19439945 0.30536932 0.12707254 -0.03526076 -0.21726654 0.01146655 0.21653618 0.09389827 0.049530085 -0.15445466 -0.22455499 -0.049264267 0.3120139 0.117241554 0.074010216 -0.36440536 0.22457387 -0.066628695 0.06935285 0.03341933 -0.16145788 0.0077680345 -0.06825307 -0.16711219 -0.07867709 -0.10277044 0.15554485 0.17426509 0.17546313 -0.04441033 -0.014702387 -0.015603229 -0.016924815 -0.15213218 -0.11803105 0.30092257 0.059930768 0.10811184 -0.09317345 -0.24164851 0.06068145 0.09911703 -0.124584995 0.09725836 0.05864545 0.03451522 -0.009786434 0.14906238 -0.08299357 -0.12865242 -0.101981975 0.063753136 0.10704492 -0.07618605 0.07637132 0.15384297 -0.19646622 0.040392358 0.15652898 -0.081953384 -0.27026415 0.3239805 -0.0027835341 -0.26930332 -0.22516294 -0.029576298 0.11781422 -0.28105414 0.14314064 0.062198915 0.10573783 0.14887129 -0.1392439 0.014123129 0.24548067 -0.04706629 0.29149583 0.20299855 -0.48961598 0.13791323 0.4563304 -0.16328329 0.23401292 0.40710095 0.09302054 0.45612344 0.16339673 -0.04855717 -0.069620036 -0.044448834 -0.08605899 0.030965427 0.06501149 -0.022897884 0.24779488 -0.0090195285 0.1793657 0.2523634 0.022142489 0.15254839 -0.16172816 -0.016612643 -0.09339899 0.17469093 -0.036054354 0.005309953 -0.31416655 0.010542451 0.026334284 -0.097532764 -0.08270032 0.034427214 -0.17190614 -0.1475002 -0.074926876 -0.10344191 -0.11035806 -0.1252878 0.035434097
LTU 0.26164156 -0.48255876 0.1338252 0.23903273 -0.11682806 -0.007921401 0.15353538 -0.071608365 -0.25912285 0.22580391 0.37889156 0.041846633 -0.20937283 -0.043497313 0.2093383 0.27577904 -0.11881471 0.34585035 -0.1530983 0.04008467 0.052206665 0.19563775 -0.13300298 -0.23571603 -0.5027529 0.0059138713 -0.044199064 0.25936136 0.11316561 -0.036648184 -0.07907931 -0.15275668 0.094046384 0.113663994 -0.0095321145 -0.043882504 0.19946414 0.11972192 -0.0120111285 0.05569639 -0.14562379 -0.11092776 -0.06309674 -0.029864756 0.09633649 -0.020937296 -0.15162356 0.107807994 -0.22021113 0.04143172 -0.0061252173 0.089112416 0.25062215 -0.056337096 0.18359601 0.039624635 0.24485824 0.1481981 -0.075945675 -0.12528951 -0.058821432 0.046175115 0.0038107159 -0.01745872 0.029396174 -0.17520158 0.124366164 0.0378997 -5.2659183e-05 -0.061592035 0.12602514 0.052409686 -0.27827433 -0.06321863 -0.016768629 -0.007959767 -0.08134039 0.18512301 -0.012716458 -0.0051939986 0.033552494 -0.12442159 0.13318126 0.35166982 0.049060296 0.026903812 0.23142965 -0.2680792 0.21393608 0.19689924 0.14384656 0.08919141 0.06323701 0.13944615 0.25436288 0.17845835 -0.32007614 0.031850234 -0.10770252 0.041704547 0.0712065 -0.244277 0.02976282 0.19337639 0.040882673 0.19970141 0.09649227 -0.11274396 0.08684776 -0.10482483 0.04662324 0.043913033 0.04277148 -0.115050934 -0.13969843 0.017913546 0.109538235 -0.021799166 0.040479295 0.2065442 0.0013581468 -0.013246734 0.032892074 -0.09972678 0.100553885 -0.0056721107 -0.07169859 0.25886673
PER 0.16070093 -0.21532989 0.18869312 0.2526089 -0.06617618 -0.13397984 0.20907663 -0.13418327 -0.1442764 0.041328616 0.27371973 -0.0065518334 -0.019657893 -0.06144947 0.2673061 0.1914776 -0.16492826 0.23948343 -0.07264895 0.34482312 0.023395244 0.15500104 -0.2851586 -0.1047147 -0.2098537 -0.21725741 -0.053382814 0.1728678 0.1540409 -0.07828205 0.0029107756 -0.06899066 0.12254763 -0.035781465 0.018371291 0.11741118 0.18712826 0.13040571 -0.12607473 -0.031023098 -0.21255182 0.10655805 0.08468204 0.12616062 0.18155688 0.11748442 -0.19216317 0.007452455 0.08230348 0.122632556 0.08997859 0.12216397 0.15453044 -0.22478642 0.0614966 0.18644512 0.0050037955 0.18718238 0.08397799 -0.15665537 0.035998642 -0.015588247 0.124587215 0.07115744 0.17721184 -0.16781715 0.045183558 0.10686454 0.12223194 0.039703418 -0.12514502 0.030309929 -0.42933455 -0.08770359 0.084416315 -0.0138840815 0.12030447 -0.005122916 0.07428935 0.29723614 0.088817336 -0.10232502 0.18072893 0.33598146 0.08162446 0.15987082 0.036828473 -0.14595442 0.21458025 -0.0050845616 0.1693505 -0.13212836 0.12965962 0.18336485 0.33722678 0.29678157 -0.2062466 -0.033854157 -0.08837135 0.043216754 -0.11236713 -0.18514353 0.120838925 -0.008407364 -0.011333908 0.31365967 0.19308253 0.055958185 0.25488043 -0.3589785 0.42081007 0.10817953 0.16624789 -0.13305043 -0.063539796 -0.08784309 0.14096276 -0.10653702 -0.06433119 0.15606007 -0.13858554 0.15042277 -0.029441694 0.044012725 -0.07055774 0.03288292 -0.024170913 0.1710329
SVK 0.091584854 -0.54305935 0.04322671 0.39096057 -0.29753748 -0.08880976 0.021347152 0.116501935 -0.022399066 0.35360473 0.4268201 -0.025687985 -0.07965158 -0.10750126 0.098147966 0.24117318 -0.25442794 0.27778107 -0.2819692 -0.14872028 0.04732344 -0.019798938 -0.026090076 -0.29691344 -0.37651792 -0.03938769 -0.32154015 0.044367626 0.044022653 0.036899507 -0.15163542 0.04808407 0.46927983 0.09733292 -0.0506138 -0.21947768 0.33100563 -0.014723192 0.01569726 0.03381849 -0.29788926 -0.07657444 0.014101353 0.0021851035 -0.02467424 0.057097238 -0.10766671 0.032274015 0.0009954583 0.010048802 -0.27673686 0.1702851 0.18745436 -0.048756156 0.005492355 -0.10787322 0.13904503 0.09136344 -0.067419134 0.24852876 -0.09792641 0.03081508 -0.008355425 0.0856064 0.015703332 -0.13638799 0.14671245 -0.030852161 0.10053126 -0.14526333 -0.06355247 0.11975049 -0.16380474 -0.34358707 0.10185645 -0.1948454 -0.025805805 0.11999588 0.009541679 -0.07121488 -0.081835814 -0.10257847 0.21731181 0.5270456 -0.005960853 0.22492224 0.24741365 -0.19991504 0.09162459 0.19211875 0.05354216 0.17212634 0.19597875 0.11522142 0.28526473 -0.09898393 -0.16894805 -0.14524016 0.0380549 -0.033972144 -0.07611974 -0.020658262 0.067854464 -0.16055664 -0.094196565 0.20982572 0.093119524 -0.019235888 0.17949052 -0.14427699 0.04025457 0.10482192 0.10233505 0.15227191 0.028443873 -0.24655229 0.07093923 0.1862435 0.09693671 0.11887744 -0.05418594 -0.013715386 0.1616965 -0.23362206 0.16610539 -0.032183297 -0.017865444 -0.058259927
BGD 0.026041927 -0.18754634 0.110754035 -0.080877624 0.034184318 -0.07262318 -0.19660453 0.18722498 0.13689677 -0.1578688 0.15428703 0.027002929 -0.04043834 0.010780172 0.21358359 0.18424246 -0.24133761 0.07845554 -0.08091117 -0.08113312 0.024133135 0.37036532 0.031529326 -0.32182017 -0.16314879 0.21726719 -0.04564884 0.24828568 0.22019586 -0.0927371 -0.07385382 -0.09229647 -0.010399442 -0.044146333 -0.043874532 -0.04434797 0.15587871 0.1026835 0.26165873 0.08187404 -0.130275 0.07073117 0.22689721 -0.107548706 0.03913338 0.073944256 0.14626208 0.051485848 0.108991966 -0.017857987 0.21875 0.042261682 -0.043739084 0.16528668 -0.03830439 -0.010265418 0.29589823 -0.17298745 -0.13719198 0.05293267 -0.043792255 -0.05354053 0.11108118 -0.08446128 0.18860726 0.081955925 0.024721375 0.2433832 0.040973525 -0.14286943 0.06701076 -0.0696593 -0.32682496 -0.19197913 0.15976614 -0.05532952 -0.05276329 0.0023676811 -0.09737193 0.055650923 -0.101709925 -0.18588756 0.3020303 0.18100259 0.16707855 0.12197766 0.020020938 -0.038636204 -0.110007696 -0.0053309607 0.005303865 -0.23472212 0.025580322 0.02505701 0.21017495 -0.08165894 0.24213663 -0.09873145 0.06871287 -0.24871022 -0.058505498 0.08518007 -0.03472745 0.042573538 -0.006803211 -0.25579765 0.08375576 -0.019421032 0.108356625 -0.19639249 0.16831788 -0.02223989 -0.049203306 0.11944822 -0.09578648 0.1254041 -0.05093433 -0.017686952 0.093997926 -0.007609395 -0.09418317 0.07350124 -0.057012312 0.13808966 -0.10834607 0.047244675 -0.21330878 -0.046370115
JOR 0.04343381 -0.29039785 0.02332547 0.13342364 -0.09401737 -0.1585814 -0.093812115 0.16243869 0.10973401 0.0679919 0.2853215 -0.08791555 -0.034120556 -0.158794 0.1229512 0.21986091 -0.102283925 0.20276356 -0.039228432 -0.015134292 0.08215678 0.23069413 0.04507052 -0.26083735 -0.17970686 0.13090752 -0.16455862 0.13313125 0.117556706 0.009502436 -0.06149423 -0.009424343 0.15155137 0.020081267 -0.11419514 -0.10126168 0.29931277 0.014923304 0.35848117 0.032354653 -0.064200856 0.11243559 0.13222092 -0.15126702 0.012021411 0.095598854 0.022938065 0.051963203 0.12231524 0.050808046 0.13754374 -0.01945734 0.0036440794 0.106704704 -0.074276544 -0.09407906 0.19275974 -0.14683652 -0.114095576 0.07827829 -0.099778295 0.038996737 0.23166637 0.033546224 0.13715737 0.08345272 0.015602038 0.16783972 0.20365795 -0.15567148 -0.014520239 0.016136391 -0.21967909 -0.23220891 0.12432711 -0.18065222 -0.042013444 -0.002116099 -0.11677187 0.08885474 -0.07861203 -0.1159176 0.08527098 0.23597577 0.1298824 0.12742378 0.15740992 -0.07504539 0.0060789715 0.12326931 0.004991241 -0.28355676 0.054451328 0.04867961 0.15791042 -0.14503773 0.16213654 -0.074255064 0.036249146 -0.21361654 -0.043923523 -0.056846935 0.021373672 -0.04553238 -0.044814635 -0.112147294 0.044543445 -0.13117762 0.06405056 -0.2718565 0.16645193 -0.06259294 0.007841951 0.12463997 -0.11140396 -0.102275446 -0.045998856 -0.16898496 0.11521639 -0.08009523 -0.20068735 -0.0150056975 -0.041113243 0.14627334 0.011677398 -0.055270664 -0.21156958 -0.015330272
JAM 0.16808943 -0.04371194 0.17283797 0.07333172 0.10284668 -0.044025313 0.030783165 -0.0033513939 -0.23223612 0.00959966 0.1204857 -0.15697263 0.08697878 0.10384957 0.28395766 0.14033657 -0.027321588 0.05155734 0.06499071 0.12635837 -0.022330398 0.29633564 -0.27567524 -0.04325166 -0.06313873 -0.079763316 -0.093353815 0.12457794 0.15699998 -0.08714104 -0.042994678 0.010143324 0.15809329 0.17690435 -0.12355893 0.109339945 0.26738283 0.045257583 0.075608686 0.36902434 -0.36472225 0.10354378 0.21118246 -0.0024579628 -0.11379318 0.043536946 0.12935166 -0.008309104 -0.097136654 -0.12098634 0.049614284 0.037532333 0.1991695 -0.2907003 0.23279335 0.045807634 0.06582495 -0.20162414 -0.029443711 -0.02932182 0.38039294 -0.12525842 0.025999866 0.26284957 0.17776614 -0.10235057 -0.06386329 0.034866083 -0.13707753 -0.14336744 -0.07525732 -0.2942429 -0.24279405 -0.13516752 0.20435454 -0.07932877 0.15494433 -0.02988568 0.09677361 0.1282905 -0.06785172 -0.25315037 -0.034807023 0.16211796 0.10195958 0.3060034 -0.052871898 -0.07431827 0.093812 -0.15438835 -0.06110045 0.09348096 -0.22106701 0.079186805 0.29388 0.18784894 0.13744931 -0.31924343 -0.017262805 -0.09220373 -0.09828215 0.044578306 0.0132594295 0.034918737 -0.23558645 -0.027461693 0.20614076 0.2222136 0.4504981 0.013013467 0.3282771 0.16501708 0.1431329 0.12011086 -0.049253833 0.21492632 -0.2103031 0.017330933 -0.0024118104 -0.073527426 -0.30091488 0.010371241 0.01801854 0.25307107 -0.52415305 -0.04195005 -0.27499443 -0.18879865
GIB 0.1361077 -0.05970247 0.22436067 0.23933335 -0.099917985 0.10620397 0.14488114 -0.15653168 -0.19504735 0.07220269 0.35282555 -0.06837562 0.0880636 -0.23427872 0.1425202 0.19100855 0.06908508 0.004418767 -0.091308884 -0.07780268 -0.025191342 0.2563246 -0.22474448 0.071515545 -0.37428865 0.12333901 -0.17480187 0.057662766 0.03326784 -0.20015025 0.027397241 -0.16735087 -0.016022718 -0.038638733 -0.26434562 0.16712561 0.023284353 0.15511285 -0.072691426 0.0921023 -0.1477589 0.027642181 0.00024080287 -0.019928748 0.09736526 0.06914489 0.11203165 -0.022915712 -0.2768068 0.19052927 0.15322775 -0.07716578 0.32380038 -0.105701976 0.06715734 0.04567313 -0.10565224 -0.19210929 -0.20536342 0.024801921 0.061290555 0.050732404 0.07220316 0.0960865 0.23491187 -0.16059834 0.045210157 0.16979471 0.15447389 -0.16338374 0.09621071 -0.03301496 -0.068600565 -0.15608029 0.15476875 0.10438516 -0.07514003 0.12513973 -0.04859106 0.07306326 0.081738934 -0.07862043 0.059808385 0.30138934 -0.059315965 0.12537254 0.100765705 -0.32232884 0.37792084 0.27998054 -0.068044595 0.16979991 0.26171395 0.1736834 0.4000706 0.1492401 0.05931968 -0.12205736 0.14613572 -0.2245512 -0.28591067 -0.030055784 0.123160064 0.091321744 -0.16329923 0.08532129 0.19770738 0.03246523 0.4201752 -0.23983543 0.2368487 -0.11087363 0.06664937 0.0448781 0.002950214 -0.16029303 0.13116142 -0.007927524 0.049599458 0.063600756 -0.095491186 -0.152459 -0.041815896 -0.086625226 -0.14926916 -0.22452666 -0.2850805 -0.0037093428
PLW 0.21222477 -0.1250303 0.038956113 0.17433314 0.11798555 -0.14845878 -0.11517317 -0.0067628575 0.07024598 -0.09955405 -0.057474956 0.2965107 0.108687185 0.16184406 0.2757812 0.50733984 -0.07701237 0.03428983 -0.23636042 0.2422573 0.11027242 0.45984188 -0.22273754 -0.3165876 -0.29130197 0.22993016 0.05707998 0.48596457 0.15752614 -0.15063107 -0.05110756 -0.13429907 0.06962682 -0.20574892 0.10427153 0.15433618 0.1163994 0.086000524 0.18607537 0.009453666 -0.20217313 0.032912973 0.30275512 0.21337505 -0.11116828 0.08082158 0.20416112 0.17476451 0.00315947 -0.081389144 0.21762443 -0.039546646 -0.12144061 0.025152542 0.0009585286 -0.18477131 0.26910514 -0.22407249 -0.062312692 -0.08812955 0.17956997 -0.00020078121 0.28888524 0.13134447 0.17014101 -0.0925198 -0.18692912 0.26718017 -0.1367298 0.1321741 -0.09086086 -0.06589671 -0.28786185 -0.21521619 0.2819011 0.05139212 0.1253837 -0.13347255 0.029179204 0.14667185 0.08689953 -0.17597546 0.18890741 0.12347558 0.13061884 0.3176043 -0.053890347 -0.07716191 -0.10223142 -0.08602999 0.16296262 -0.14284371 -0.050413247 0.11959495 0.14416455 -0.11887401 0.2981498 -0.45596042 -0.09702739 -0.072289035 0.04422178 0.12600216 0.13011608 0.032319926 -0.034147747 -0.26561388 0.14025801 0.3212471 0.46672133 -0.30722737 0.15874077 0.016229527 -0.057749283 -0.0845328 -0.19145785 0.11024097 -0.079919636 0.04588295 -0.04541523 -0.03348626 -0.044035368 0.28774378 -0.122019276 0.16974965 -0.46416217 0.017487979 -0.5075463 0.09610656
NIC 0.23184082 -0.16206917 0.2642824 -0.0600005 0.16013972 0.13686088 -0.07570356 0.0024758112 -0.28013718 0.0992439 0.14144641 -0.19608942 0.029308707 0.15709409 0.29206476 0.11712966 -0.20433934 0.039395723 -0.16352214 0.12540998 0.028465549 0.18200603 -0.1392595 -0.13533723 -0.16963293 -0.118025236 0.0174084 0.1396679 0.22127908 -0.07606085 -0.06321536 0.21756291 0.2427296 0.28525206 -0.13137127 -0.014680262 0.24055903 0.0046843626 -0.010745954 0.465195 -0.5962223 0.25536284 0.201671 -0.18591349 -0.16541749 -0.10611666 0.37415615 -0.008098425 -0.053752948 -0.31336662 -0.09603701 0.0650857 0.045562513 -0.26326182 0.29860777 0.10196519 0.29688978 -0.3035336 -0.023052277 -0.036350694 0.4759622 -0.10741253 -0.12172369 0.33308792 0.2121956 -0.035578392 -0.024281317 -0.10682556 -0.11333324 -0.22534712 -0.027680758 -0.39208323 -0.2208984 -0.20111865 0.165065 0.022973234 0.21871078 0.09115966 0.24099657 0.10161606 -0.03056558 -0.4711299 -0.09204963 0.13396837 0.04680814 0.42077637 -0.065710045 0.06252351 -0.0064913514 -0.1918924 -0.23880398 0.18302444 -0.34524804 -0.006797286 0.38523033 0.2458974 0.16948317 -0.32919413 0.014670637 -0.117526144 -0.15428305 0.26394722 -0.20551032 0.13336335 -0.29237273 0.097311094 0.2460893 0.19404034 0.5524437 0.30195454 0.17811912 0.18788296 0.12680447 0.26628163 0.09462544 0.4344678 -0.2858338 0.07639185 0.08284768 -0.046613675 -0.40517572 -0.060893618 0.062230267 0.29160798 -0.574001 -0.02180219 -0.2750622 -0.35720706
DOM 0.19776158 -0.06962506 0.16795217 0.08942224 0.075508736 -0.06954319 0.08221669 0.003248734 -0.2804556 0.0033208407 0.16299038 -0.1580881 0.05707169 0.10680776 0.3122367 0.13873821 -0.015032846 0.02199611 0.090805784 0.21970224 -0.012072608 0.23860171 -0.28802225 0.0064234347 -0.0687969 -0.08359571 -0.122721456 0.08652556 0.15735064 -0.05587946 -0.0405712 0.0038399887 0.16239257 0.23113757 -0.10545622 0.084435895 0.25372693 -0.010216666 0.05636443 0.35626116 -0.3212232 0.11262423 0.21250525 0.011010107 -0.08902986 0.023281142 0.06542274 -0.012652269 -0.077456646 -0.11511862 0.0902555 0.06469231 0.17017825 -0.28097475 0.2252699 0.07464849 0.05787036 -0.15042067 0.003769853 -0.1243448 0.31801558 -0.14917713 0.051821727 0.24144685 0.19144613 -0.08612945 -0.031994823 0.037534386 -0.07952801 -0.1739306 -0.06424694 -0.29696023 -0.31353647 -0.09436375 0.18572913 -0.09677242 0.15072171 -0.05940791 0.041637003 0.14986503 -0.08926891 -0.27334103 -0.0050348183 0.14801772 0.07421939 0.19774695 -0.025658384 -0.08838416 0.15781307 -0.15965661 -0.06760247 0.035593323 -0.25054234 0.05131756 0.288157 0.17974971 0.10321046 -0.29549107 -0.0064443615 -0.082200676 -0.13219644 -0.03807438 0.034527138 0.07992356 -0.1998091 -0.0019734015 0.18863735 0.15142135 0.40580425 0.005790538 0.31720027 0.16570666 0.118748166 0.114697374 -0.04080905 0.25355572 -0.16112804 -0.08283924 0.047848456 -0.047651958 -0.2909003 -0.024953045 -0.024192788 0.26864192 -0.52671415 -0.07434925 -0.206409 -0.17839852
MWI 0.20506875 -0.20707089 0.23576161 -0.031832773 -0.1765508 -0.04515981 -0.07152638 -0.036811784 0.019378114 -0.11359564 0.25680372 0.029674433 -0.13284817 -0.16862136 0.11522063 0.11283967 -0.34573656 -0.09170927 -0.16139564 0.053973664 0.20309636 -0.106464975 0.04775854 -0.07499454 -0.21645463 0.031713907 -0.015967118 0.08065661 0.14787602 -0.0641863 -0.021386199 -0.07456899 0.025259906 -0.027295675 -0.12911834 0.022833768 -0.05026151 0.09996578 -0.10999259 0.018524993 -0.06542398 0.29923815 -0.08949404 -0.14714374 0.2696967 0.012611005 -0.03184317 0.063367866 -0.074215345 0.15734895 -0.17761229 -0.058806393 -0.09955934 0.18006942 0.11325456 0.08932624 0.23665227 0.0027922771 -0.09048918 -0.13411029 -0.10093451 0.050699577 0.087283544 0.11252367 0.18182613 0.035314113 0.011531234 0.24770273 0.15733457 -0.17050463 0.08697616 -0.0043353713 -0.14274746 -0.1462522 -0.030616248 -0.013062642 0.0029447791 0.08685152 0.08645144 0.10681153 -0.006226832 -0.280612 0.15601702 0.28293413 -0.0376986 0.17995209 0.20550095 -0.11234104 0.23832072 0.32538235 -0.13440652 -0.023908362 0.40574408 -0.021797776 0.4523459 0.1956953 -0.1784295 -0.13110064 -0.040549427 -0.03663595 -0.13226143 0.09147177 0.0026092934 0.23445113 0.28554812 0.21145804 0.11956328 -0.25340703 0.22457999 -0.18384229 0.036738504 -0.08458395 -0.01612474 0.047303647 0.10083857 0.043817144 0.17779976 -0.05983172 0.17151245 -0.014034239 -0.20633343 -0.20911969 -0.04620887 0.1423 -0.033431843 -0.11625411 0.027446985 0.17248905
BHS -0.0016143816 -0.15574719 0.28272167 0.18234926 0.20210694 -0.08794676 0.24260078 -0.15979266 -0.14208175 0.16395271 0.26563093 -0.116766825 0.03991834 0.04178187 0.30005497 0.1646863 0.08901298 0.24714285 0.064149775 0.32052588 0.028976042 0.37738642 -0.31251538 0.048638728 -0.24527009 0.057890516 -0.007812578 0.33905068 0.09439662 0.0034051884 -0.055158082 -0.07492638 0.10691142 -0.030062618 -0.062377416 0.05268771 0.27576166 0.039761063 -0.060092106 -0.08739084 -0.3159872 0.15574026 0.08348432 0.049457602 0.12993154 0.15023881 -0.14735864 0.0047656246 -0.029029101 0.09884241 0.26355475 0.34193856 0.29387426 -0.24237384 -0.045398444 0.28285488 0.10571806 0.27358085 0.153673 -0.14196561 -0.0073797745 0.01409188 0.11019939 0.08064841 0.1700357 -0.09816096 0.054815643 0.13449614 -0.11639656 0.03961256 -0.0113633 -0.11593134 -0.5612041 -0.063573785 0.061588593 -0.011991939 -0.13044612 -0.01729936 -0.03346252 0.32179078 0.10488899 -0.07570155 0.043198556 0.31026244 -0.008854354 0.18622285 -0.13036415 -0.39894077 -0.0009546046 -0.050062764 0.012958708 -0.14215212 -0.06647355 0.21079649 0.13472664 0.25959045 -0.07778589 -0.017047508 -0.048478153 0.05004857 -0.10484017 -0.21920751 0.014787377 0.19056836 0.0071954057 0.27894208 0.23008983 0.17261685 0.19111581 -0.15214688 0.3770616 -0.0510253 0.023452852 -0.23397483 -0.17783223 0.007383446 -0.14010435 -0.2046211 -0.059268255 -0.057782535 -0.22639813 0.051378086 -0.076117314 0.16061738 -0.21843036 0.07381916 -0.114077576 0.13743792
TON 0.033110213 -0.21586227 0.36883736 -0.12377033 0.26405945 0.11723194 -0.06165252 0.094254985 -0.03175492 0.0548831 0.2246163 -0.23637956 0.09658669 0.02671609 0.33554918 0.00528688 -0.27355716 -0.18854572 -0.2333731 -0.06751843 -0.05373717 0.23671716 0.06940096 -0.11371542 -0.16184208 0.1903042 0.07733459 0.22252353 0.20330514 -0.19048077 -0.19353244 0.1797198 0.037219867 0.016326072 -0.15793532 -0.024645666 0.27999035 0.1740951 0.23037252 0.37584558 -0.5714294 0.2866952 0.1407983 -0.41631085 0.16852392 0.050387755 0.40505493 -0.029096697 0.0956125 -0.1917371 0.0031683203 0.16234438 0.03587101 -0.11498272 0.19316633 0.22472583 0.2959417 -0.36628187 -0.10263712 0.11923506 0.33860978 -0.08530001 -0.36084735 0.3394359 0.2562396 -0.006439299 0.08359094 0.038079195 -0.22422981 -0.23349865 -0.08833404 -0.44229373 -0.20361349 -0.07433868 0.21656333 0.065900385 -0.06159683 0.33612484 0.2715871 0.025758347 -0.13676348 -0.32516283 0.12350575 0.009349323 -0.06159276 0.26894757 -0.14005426 0.106508695 0.018022556 -0.09018135 -0.27440995 0.16265996 -0.12735818 -0.11906113 0.09268913 0.3549405 0.091785476 -0.14821345 0.11696803 -0.09688413 -0.3427459 0.36291623 -0.38530573 0.28534362 -0.30311644 0.04871512 0.29719043 0.031152036 0.3703056 0.37426543 0.15145719 0.0046484503 0.021471929 0.28878102 0.11785436 0.35159045 -0.260182 0.17988484 0.01382229 -0.09519468 -0.39196178 -0.14823301 -0.057812788 0.29398578 -0.32130912 0.09517137 -0.1211593 -0.38278687
NER 0.6626946 -0.63204014 0.28334755 -0.03302127 0.15692239 0.25134546 0.28900304 -0.64187366 -0.5087239 -0.11927986 0.5471304 0.28199956 -0.42324048 -0.24727933 0.15212503 0.14660625 -0.12172812 -0.39392918 -0.71094173 0.2193121 -0.14628127 0.35005015 -0.008889974 -0.52444184 -0.3114517 0.22022778 0.24664551 0.39453405 0.52114844 -0.09735533 0.097892955 0.45164114 -0.027170116 -0.24517417 0.30977502 0.30173218 0.18204026 0.0037039663 -0.65044177 -0.010978683 -0.19422656 0.3749907 0.07224269 0.008262283 0.4593073 0.14713609 -0.07278888 -0.33946753 0.2128455 -0.32542408 0.10891285 0.17181727 -0.035795204 0.02399309 -0.12957214 0.2643151 0.57073665 0.016967399 0.14545688 -0.61935997 0.1555976 -0.19059047 0.20599383 0.15246037 0.29133525 0.14210343 -0.07650117 0.058707666 0.3141983 -0.5629199 0.5514396 0.13800234 -0.8503296 -0.75025934 -0.15593593 0.062141676 -0.27321413 -0.13603175 0.033857197 0.91584396 0.06044983 -0.4758761 0.35815457 0.3775904 0.03327714 0.15112999 0.28081012 -0.27980065 -0.008874145 0.5711123 -0.17352314 -0.13761516 0.2387615 0.44219282 0.9076198 0.669141 -0.2796545 -0.16898237 -0.4008079 -0.25212106 0.14833021 0.28389606 -0.13219054 0.26472175 0.015993798 0.34252816 0.53413874 0.4764423 0.13244426 -0.0042056455 0.28968954 0.24669716 0.657491 0.15462478 -0.13728881 -0.4972907 0.35360053 -0.2470789 0.015583404 -0.12750597 -0.16136482 -0.23708628 0.0378116 0.12918024 -0.16083504 -0.2691505 0.03089655 0.050157283
TGO 0.5243783 -0.47293884 0.16874513 0.006243018 0.04969936 0.16369751 0.20708601 -0.52883977 -0.4037132 -0.07994117 0.4291871 0.2653171 -0.3235323 -0.20453002 0.06018059 0.11684849 -0.10692245 -0.22535919 -0.5631357 0.2092974 -0.106038354 0.23485647 -0.0140290195 -0.41546977 -0.24256648 0.040306 0.14358097 0.24031943 0.37715602 -0.04766744 0.11389 0.36181346 0.02214757 -0.19028342 0.25000837 0.23585613 0.12821767 -0.029348677 -0.55712855 -0.055318486 -0.102089256 0.28197604 0.039532747 0.058355466 0.2784652 0.07629464 -0.099781014 -0.28577262 0.17354883 -0.22916748 0.059622258 0.08668762 -0.06573529 -0.012380839 -0.12404553 0.15902494 0.41858226 0.029931052 0.13711543 -0.48091757 0.11125788 -0.12282313 0.18638462 0.10087396 0.22088861 0.10407289 -0.07435453 0.03566136 0.28536725 -0.44258058 0.40738022 0.14940466 -0.6695594 -0.62902164 -0.16938114 0.022881487 -0.14247517 -0.16473049 0.008883386 0.73655355 0.095932245 -0.3500154 0.2785039 0.34973285 0.06414336 0.1442513 0.2426818 -0.20862456 -0.006870084 0.4365602 -0.10589842 -0.10951126 0.188377 0.36773616 0.75904804 0.46035486 -0.197489 -0.14676298 -0.33428773 -0.19311754 0.16354427 0.1981675 -0.09605786 0.11461266 0.005684009 0.2941704 0.3891615 0.38238683 0.09787908 -0.08398474 0.24430679 0.24234396 0.53233516 0.12456691 -0.08837594 -0.46279076 0.2739966 -0.21430895 0.02369485 -0.059617106 -0.12165977 -0.14895985 0.032031864 0.048068706 -0.11222803 -0.23112285 -0.003887149 0.05866883
SWZ 0.08067791 -0.005193829 0.19737287 0.053154297 -0.03403418 0.10065961 -0.006610846 0.10537012 -0.02015796 0.07745936 -0.040882822 0.14052305 0.008534179 0.03665227 0.20058294 0.28500998 -0.03627239 0.07421597 0.030812582 0.13694382 0.13266252 0.22512086 -0.20173506 -0.05002797 -0.25495642 0.13465734 -0.012965953 0.29026756 0.080459595 -0.058031127 0.010866911 -0.11243758 -0.17447886 -0.023099255 -0.011640251 0.1303595 0.072724655 0.03001046 0.21494083 0.13838425 -0.1825984 0.08539742 0.0969483 -0.041544475 0.16917431 -0.016977064 0.2261186 0.15977688 -0.18843761 0.00737188 0.14610347 0.0017552965 0.008000908 0.05229026 0.20447841 -0.09433012 0.19870445 -0.09413261 -0.07742597 -0.07677739 0.09087843 0.02110632 0.20704195 0.15183635 0.17570059 -0.059197024 -0.11609072 0.28057593 -0.06445885 0.010890171 0.08895964 -0.06631353 -0.23366666 -0.007985748 0.15355277 0.030940795 -0.04088748 0.06451341 0.16958652 0.11829534 0.150838 -0.22794941 0.010278398 0.20901161 0.092068374 0.4021874 -0.015456205 -0.20794046 0.14630559 0.048561476 -0.0019457119 -0.0023251201 0.06003102 -0.01736505 0.22811307 -0.03188956 0.12677138 -0.21375972 0.017224882 -0.09163734 -0.13062453 0.107737705 -0.026287425 0.1362538 0.052886005 0.06488919 0.16465412 -0.027875694 0.45372316 -0.27493742 0.112986185 -0.08270414 -0.09041789 -0.10565206 0.06632656 0.19195016 -0.07762419 -0.08889488 -0.008674598 -0.059899557 -0.17637177 0.050768122 -0.1493966 0.21230575 -0.42859456 -0.062086232 -0.23980972 0.060046393
MRT 0.06720244 -0.29006234 0.11672622 0.058163878 -0.09887453 -0.1395324 0.014691128 0.23638032 -0.31854388 0.22920544 0.5743864 -0.15533464 -0.075829364 -0.1349251 0.08433385 -0.010401035 0.02141653 0.33382827 -0.038415305 0.08155061 0.052129395 0.095709324 0.09440489 0.04257943 -0.407508 -0.09647071 -0.31187665 -0.016069693 0.077463515 -0.0017395699 -0.1080616 0.10042061 0.31843176 0.4631245 -0.21277298 -0.21335904 0.46499896 -0.25295532 0.015243078 0.08126235 -0.008926763 0.06808801 0.06777538 -0.13480638 -0.03589866 -0.03424583 -0.09156983 -0.08722998 -0.077324726 0.04359166 0.048308868 -0.0039611193 0.16844738 0.033317257 -0.10893687 -0.033170544 0.1511373 -0.044007044 -0.05363907 -0.053157374 -0.269053 -0.10332911 0.11555424 0.032154504 0.03684343 0.046247534 0.13700965 -0.032771487 0.23480234 -0.40805605 0.2818351 0.020549107 -0.38069412 -0.20248476 -0.009607964 -0.087597616 -0.0672713 -0.039578866 -0.30831075 -0.067401774 0.039155312 -0.23315214 0.1217012 0.21599029 0.018966036 0.12743674 0.061731197 -0.21506153 0.030030096 0.017053772 -0.1752928 -0.012497794 -0.22951193 0.12675647 0.3292149 -0.17109242 0.17982113 0.07060857 0.24975422 -0.25230077 -0.23193005 -0.22262251 -0.10896095 -0.043117914 -0.050301675 0.09621181 0.1258284 -0.061089788 0.13119748 -0.2359185 0.116609864 0.120357424 0.108481966 0.25688827 0.15779194 -0.047361992 -0.0413696 -0.27047092 0.19864213 0.015616481 -0.069308914 -0.2652582 -0.009955801 0.20346785 -0.14203262 -0.077067144 -0.18422697 -0.17065386
GNQ 0.2107607 -0.28753695 0.09569468 -0.039952703 -0.21720718 -0.24163486 -0.045255475 -0.21267408 0.032960765 0.08002893 0.21603754 -0.11585334 -0.06233226 0.02244953 -0.045655437 0.14281142 -0.38858157 0.09690375 -0.1454215 0.15172732 0.2653949 -0.18525948 0.15996692 0.0044518113 0.12377298 -0.21383992 -0.33546478 -0.111067034 0.19664241 0.06892513 0.07004579 0.14333285 0.25707054 0.020226527 -0.06458297 -0.11773222 0.2432862 0.14582328 -0.028845007 -0.18529198 -0.15200014 0.38818055 -0.13278022 -0.08572671 0.13331826 0.10202096 -0.19245215 0.001805857 0.18615599 0.09948383 -0.03689992 0.03778403 -0.3598938 -0.05595246 -0.19023393 0.21001194 0.3338328 0.18163434 0.25570518 -0.09723179 -0.08058291 -0.054323915 -0.057950154 0.190421 0.18390644 -0.037155904 0.14508063 0.028919965 -0.09731475 -0.5829929 -0.047261026 -0.20028594 -0.5730469 -0.19107853 -0.053648315 -0.30659282 -0.059934363 -0.12256028 -0.037241574 0.3240516 -0.16215925 -0.34442815 0.16291639 0.3763329 -0.049526915 0.22485498 0.28246516 -0.22610842 -0.013085362 0.12224245 -0.2514329 -0.24672697 0.27262554 0.0015268659 0.42884994 0.07101491 -0.011273945 -0.006466779 -0.3663674 0.18759757 0.2184076 0.023140965 0.07479844 0.09051428 0.13157263 0.262841 0.17257382 -0.035904404 -0.18865336 0.11439433 0.13730218 0.11044692 0.096008286 0.053957105 -0.04889594 -0.12940738 -0.026836988 -0.120680586 0.19328243 -0.13233943 -0.22994743 -0.19178486 -0.31189883 0.14026329 -0.060922127 0.018392758 0.014233764 0.01113324
MKD 0.2904169 -0.38749373 0.14586549 0.14258122 -0.13022803 -0.041764047 0.019751392 0.019021867 -0.06988287 -0.07910958 0.39626718 -0.009801039 -0.2010939 -0.07464407 0.21707001 0.13326083 -0.4613406 -0.041580375 -0.36217043 0.044379663 0.12363161 -0.18468179 0.028012494 -0.27901426 -0.38539684 -0.037948232 -0.059209693 0.045207363 0.15217164 -0.06666255 -0.032039173 -0.06842924 0.34206688 0.16367467 -0.10334419 -0.17627805 0.036869098 0.06642177 -0.2408845 0.15246472 -0.25530076 0.1643301 0.021059986 -0.03801665 -0.035739623 -0.064005084 -0.09636582 0.13019457 0.01498729 0.02630894 -0.3542611 -0.0044801785 0.007177479 0.08486599 0.099465616 0.1359845 0.2443638 -0.032638557 -0.19748451 -0.17146605 -0.05693503 0.002662549 0.02011345 0.05353655 0.16289286 -0.0017327587 0.17729634 0.017404923 0.22356677 -0.2495738 -0.016246438 -0.012362297 -0.05949538 -0.23618132 0.0097116325 -0.06848211 0.22037585 0.07945843 -0.0058074496 -0.048546236 -0.092396274 -0.31332693 0.2696211 0.2993559 -0.13780233 -0.059374373 0.2862663 -0.016050067 0.23628038 0.181862 0.032619093 0.06509014 0.22795627 -0.033711698 0.40061355 0.21086667 -0.2989978 -0.27804482 0.024435572 -0.00943697 -0.17394307 -0.10489768 0.15173088 0.14518932 0.11214657 0.15019758 0.04408944 -0.19341168 0.2628349 -0.023786904 -0.01115532 0.07998529 0.0838009 0.2212234 0.083032876 0.18689868 0.29632783 0.13885929 0.27148446 0.20764798 -0.084660016 -0.1605833 0.1892304 -0.047332764 -3.721149e-05 -0.10364679 0.023723431 0.046295322
PRK -0.09302272 -0.35180727 0.21261309 0.12294329 0.1515407 0.15595378 0.013089118 0.008339296 0.17766142 0.24659036 0.3792404 -0.014173894 0.045410916 0.13285504 0.2909933 0.0610048 -0.3142184 0.30540964 -0.2982207 0.23079704 0.18074533 -0.027779156 -0.029441124 -0.05342666 -0.36353752 -0.078453325 -0.069551535 0.20146278 -0.0399249 0.14833012 0.08251577 0.016385451 0.30695248 0.095579624 -0.09218501 -0.20927104 0.30995703 -0.0022271036 0.053798106 -0.07612775 -0.5415408 0.3052859 -0.019139247 0.03183969 -0.07725686 -0.123063765 0.24163947 0.18621282 0.32812956 0.14962307 0.12627195 0.32026935 -0.023902247 -0.17774102 -0.36879715 0.2389876 0.28056714 0.08033693 0.10299508 0.26302764 -0.18142916 0.046683803 -0.14223227 -0.110484436 0.27757296 -0.046964515 0.28608915 -0.0074528106 -0.07878088 -0.15765353 -0.297711 -0.19050135 -0.3113659 -0.14559358 0.12470722 -0.21194744 0.019043827 -0.035082996 0.052549798 0.19537361 0.07446693 -0.19299774 0.23465872 0.34789252 -0.123923555 0.12385409 0.005073632 -0.18669894 -0.08188789 -0.28366444 0.058057897 -0.19710155 -0.0060975766 -0.04750761 0.115174316 0.10622694 0.15305987 -0.059000123 0.037171315 -0.040892653 -0.3370311 -0.18470165 -0.09359527 0.008150291 -0.16713414 0.3472741 0.16192473 -0.1332216 0.3020242 -0.1864299 0.18291973 0.0757595 -0.096685566 -0.023442479 0.19036342 0.1041177 -0.2409223 -0.053257193 0.19022703 0.08413286 -0.15541759 0.009305468 -0.03166822 -0.073590286 -0.010509223 0.12818094 -0.22312213 -0.050589807
GMB 0.18880327 -0.17954117 0.042425524 0.04711776 -0.1965531 -0.2030597 -0.14607039 -0.08601385 0.016550168 -0.31224656 0.24331819 -0.02633722 -0.068123035 -0.19813265 0.17264056 0.18078633 -0.30034822 -0.070731245 -0.11696869 0.07047709 -0.042002723 0.19860329 0.027104283 -0.31224614 0.040038817 0.011435644 -0.08214659 0.037916407 0.27852404 -0.042336386 -0.1395615 0.028178412 0.123699754 -0.04611868 -0.15571307 0.20836924 0.2177918 0.18998055 0.19236004 0.043741167 0.21311334 0.2988977 0.17335193 -0.16455023 0.17504041 0.0908035 -0.084819846 0.0036552993 0.23041016 -0.06893788 0.033815674 -0.252461 -0.12519163 0.1905169 0.012937256 -0.06902725 0.17645435 -0.20745912 -0.079595 -0.19732909 -0.052608307 -0.040850513 0.19956851 0.19433384 0.24128272 0.03332646 0.00032380992 0.3132665 0.26199058 -0.1751579 0.09868586 -0.033250943 -0.255961 -0.17107993 0.12811291 -0.009266489 0.09844144 -0.14858264 -0.055407427 0.12152483 -0.26698852 -0.32575008 0.13938212 0.14409967 0.117922 0.11657747 0.18602118 0.13167961 0.22531791 0.14105724 0.08798125 -0.23289014 0.19408195 0.06457451 0.44480532 0.06729605 -0.094044745 -0.072753645 -0.12005742 -0.24786271 -0.03177114 0.058865 0.06538741 -0.13778968 0.122233175 -0.01111816 0.21915433 -0.19159342 -0.034711156 -0.22614527 0.27065852 0.09916442 0.15833285 0.19255456 -0.010353891 -0.09518335 0.18112706 -0.20511805 0.047213286 0.008156625 -0.013939221 0.064244404 -0.09359491 0.28430238 -0.038724944 -0.046579894 0.109246686 0.03913752
NCL 0.029693754 -0.22393227 0.338771 0.07650114 0.025328595 -0.02434798 0.021662125 0.16490617 0.13152872 -0.023355588 0.22445937 -0.04110859 0.120935045 -0.15640423 0.3248444 0.21389994 -0.13797092 -0.2982109 -0.2078812 -0.22490613 -0.009150194 0.32892683 0.12245537 -0.08719586 -0.21743593 0.5041301 -0.031796314 0.29489738 0.23955786 -0.2979507 -0.25931224 -0.0019970227 -0.19414298 -0.24849732 -0.10548524 0.10266862 0.2518906 0.24699041 0.4460907 0.20669095 -0.2437109 0.14607689 0.10978614 -0.365673 0.49853078 0.2879239 0.33581266 0.023469983 0.032146372 -0.06942881 0.17961906 0.08303287 -0.030137168 0.20636734 0.13368286 0.026440926 0.15970781 -0.39302754 -0.23693743 0.11264221 0.11646774 -0.016637579 -0.14457212 0.3268283 0.20497458 -0.0900992 -0.03210656 0.26305974 -0.16398118 -0.18083237 0.017669333 -0.19074038 -0.22486751 -0.027815001 0.2730623 0.21498108 -0.26388624 0.36000958 0.20081402 -0.011843374 -0.15834746 -0.18842779 0.29130626 -0.03580963 -0.016747925 0.25579613 -0.04652717 -0.04298589 0.16486742 0.22559059 -0.23539467 0.08576636 0.26135045 -0.016150277 0.018381217 0.1966392 0.058622327 -0.10467939 0.14154302 -0.086243875 -0.33555534 0.34058404 -0.16546802 0.29416925 -0.14686306 -0.051903978 0.35869798 -0.005083562 0.25448123 0.053251043 0.02451049 -0.11992801 -0.028191654 0.15383033 0.046782654 0.059329662 -0.007049251 0.1429242 -0.13920477 -0.11522538 -0.16255362 -0.10910033 -0.21295832 0.25810415 -0.12507513 0.050928537 -0.051476404 -0.22373818
UZB 0.13176534 -0.6028389 0.022951117 0.2493832 -0.0391151 -0.1514404 0.073744565 -0.20993394 -0.35242394 0.17417233 0.57574964 0.16321762 -0.09500137 -0.11758627 0.19001596 0.3569645 0.05138062 0.21660493 -0.19744125 -0.16003963 0.12722878 0.13378711 0.04328142 -0.033089973 -0.541667 0.19175252 -0.19478984 0.0865504 0.21752995 0.22966193 -0.18458828 -0.12675135 0.4580438 0.28673086 -0.15511565 -0.03575803 0.48370162 0.050519165 -0.012880373 -0.018048465 -0.049763966 -0.18354212 0.010952413 0.013509321 -0.10503423 -0.076631814 -0.15075286 0.017260183 -0.2702175 -0.17353722 -0.21312672 0.04037436 0.14837748 0.024116019 0.16437846 -0.15036191 0.19516449 0.13011204 -0.19864467 -0.28391245 -0.055341877 0.023388576 -0.09151112 -0.005551233 -0.03598364 -0.192855 0.16533129 -0.006804919 -0.14482884 -0.15606721 0.32567123 -0.0022532768 -0.275367 -0.2289919 0.10218468 0.07304171 -0.16795804 0.20708898 -0.08859658 -0.14782082 -0.20766236 -0.21487486 0.07240683 0.30895522 -0.103695825 0.023706073 0.16539107 -0.45444477 0.104704924 0.22951455 0.079798296 0.31047875 0.08509086 0.1071965 0.32846975 -0.099356055 -0.22391196 -0.13552308 -0.065230295 0.21282144 0.09180321 -0.31164607 -0.023010528 0.19400789 0.041659568 0.18276434 0.03616801 -0.016474018 0.14122644 0.025747122 -0.12850437 0.15081282 0.06483323 0.015234001 -0.06340021 -0.03411017 -0.17531647 -0.08662952 0.13649516 0.08116118 0.08841873 -0.118897185 0.07524588 -0.06370811 -0.14835721 -0.08902398 -0.23365355 0.035456695
MMR -0.13526446 -0.29399225 0.12413391 0.00096287625 0.30797622 0.1251843 -0.052898824 -0.00041621394 0.21495448 0.037842624 0.39488086 0.062021423 -0.0065447274 -0.14483298 0.267892 0.07927603 -0.20191436 0.023137167 -0.32809913 -0.1373813 0.0021963357 0.24583486 0.005869183 -0.31202927 -0.42017344 0.34907067 0.14206636 0.36813447 0.018995885 0.038843248 -0.09497162 -0.07209807 0.15440752 -0.15960446 -0.0953344 -0.07064485 0.21269706 0.122137465 0.08002931 -0.070058785 -0.39251807 0.24911453 0.049965613 -0.019642012 0.058018945 0.020646906 0.17464802 0.11166486 0.22951132 0.1869999 0.055957276 0.4151412 0.12119968 -0.025834812 -0.18219478 0.12327937 0.40797937 0.07555514 -0.1160089 0.30905002 -0.12368776 0.06650002 -0.20882621 -0.19922233 0.40608802 0.084840216 0.2349916 0.25045237 -0.116232745 -0.02569454 -0.20147698 -0.05873971 -0.26159802 -0.39517426 0.16707094 -0.1745765 -0.111942545 0.16881308 0.034612484 0.26444453 -0.07033608 -0.137351 0.36618 0.3654532 0.022758963 -0.059962083 -0.053933162 -0.04163262 -0.08549455 0.0119324345 0.085544445 -0.12590528 0.18952668 -0.06896885 0.08807337 0.2121351 0.07537523 -0.1824942 0.0894739 -0.14068858 -0.26446292 -0.14263451 -0.18009406 0.21731138 0.008048607 -0.059408598 0.045061886 -0.18069415 0.23940219 -0.06605183 0.108931184 -0.08777957 -0.102630675 -0.004529656 -0.100920476 0.06999365 -0.13563699 0.014018042 0.27284622 0.022472428 -0.24473998 0.022911292 0.035307087 -0.08645419 0.15246984 0.0878858 -0.15408228 0.028075973
AFG 0.04503277 -0.39180046 0.090680726 0.072154194 -0.10747622 -0.043927494 -0.040975142 -0.076190025 -0.07503114 0.044287518 0.3568234 0.054667555 -0.22962788 -0.08999595 0.1114237 0.24959561 -0.16016704 0.18306503 -0.116897896 -0.15155971 0.050133962 0.16262902 0.19186 -0.24654706 -0.3470204 0.1605678 -0.03386389 0.08214671 0.1993773 0.054944642 -0.055323914 -0.10708377 0.063421376 0.14410271 -0.13117357 -0.039270233 0.30890635 0.11642232 0.23616229 0.05771346 -0.004583265 -0.019778281 0.09227487 -0.2504253 0.011855963 -0.038273755 -0.053324476 0.008055403 -0.015305267 -0.17311603 -0.011414966 -0.16072005 0.026423614 0.22079077 0.082153246 -0.069928475 0.27348906 -0.099448204 -0.20179652 -0.23111856 -0.035138853 0.06323331 0.034498952 0.012860387 0.06408915 -0.03140041 0.12793775 0.13382381 0.11025794 -0.24430847 0.27007043 -0.024903396 -0.20480677 -0.16113725 -0.02510483 0.03429129 -0.072450124 0.1819421 -0.025156915 -0.10910153 -0.12119088 -0.13863368 0.10773847 0.19321562 0.024594698 0.056908865 0.2218272 -0.24799417 0.017049361 0.19561271 0.09497446 -0.011067586 0.08692297 -0.012640835 0.268478 -0.021144243 -0.13445447 -0.02273872 0.014188067 -0.14465345 0.07028554 -0.075719945 -0.0461045 0.11402134 0.0368341 0.013737056 0.07896818 -0.23982039 0.045662507 -0.19682547 -0.020569488 0.05155853 0.02950873 0.09853271 -0.015683627 0.005993196 0.018862369 -0.05868793 0.06981642 -0.0012333521 -0.037552718 -0.076627 0.061992116 0.028242799 -0.078549854 -0.074363336 -0.16155943 -0.021524016
BOL -0.16916528 -0.12444339 0.1937926 0.21112621 0.31649998 -0.37302613 0.1347699 -0.10268895 -0.09291672 0.03192032 0.25623003 0.17384376 -1.5885482e-05 0.028722886 0.3212224 0.27570105 0.046346985 -0.01125816 -0.11666073 0.33120275 -0.13806881 0.30676213 -0.10365699 -0.11180703 -0.12681124 0.37280354 -0.121076636 0.4225049 0.13871256 0.08272957 -0.12883519 -0.08057148 0.2198213 -0.06487358 0.067703925 0.0068787676 0.4627673 -0.037713785 0.033740096 -0.06409109 -0.29049528 -0.0012242756 0.29169783 0.07746013 0.11378147 0.08694414 -0.40851128 -0.09863261 0.07404099 0.03403569 0.019175092 0.22175968 0.08420782 -0.0037301192 0.12123779 0.052903857 0.2926146 0.3692857 0.013728288 -0.3695768 0.065715894 -0.062101986 0.06120304 0.10185878 0.08400042 0.08490374 0.20057276 0.22895575 -0.07472455 0.18417183 0.10419884 -0.18688384 -0.7012224 -0.222352 0.12603275 -0.22195859 0.013216441 -0.036278803 -0.02346062 0.085686274 -0.06603016 -0.028995732 0.19397916 0.1925805 -0.19697657 0.07573408 -0.14277641 -0.3549208 -0.055195734 0.03976743 0.18794847 0.13966101 -0.028803863 -0.1999412 0.027898073 -0.094614565 -0.21614507 -0.30108568 0.047211714 0.2720864 -0.016327713 -0.15276802 -0.07779925 0.26305285 0.18021435 0.12336126 -0.13455291 0.041590318 0.32165664 -0.17310041 0.29397783 -0.12020861 -0.026039757 -0.14152686 -0.1493074 0.0073141386 -0.10893854 -0.06397418 0.020177452 -0.21456356 -0.13234459 0.044175033 0.022310589 0.22909914 -0.5567962 0.1864854 -0.028070109 0.12172212
BRB 0.18061486 -0.35333842 0.12717812 0.38571844 -0.08862312 -0.16008565 0.0588911 0.156698 0.02306522 0.15588403 0.24242917 -0.055583637 0.24462934 0.08007304 0.11357586 0.23567952 -0.32631505 0.27955705 -0.25931507 0.17601149 0.17605239 0.09054739 -0.2232328 -0.22793956 -0.26308694 -0.23720837 -0.29629722 0.1584579 0.1600864 -0.028973972 -0.02846207 0.1885439 0.4855166 -0.021022579 -0.0032165137 -0.120587476 0.24774987 0.0006244482 -0.0032907387 0.08871316 -0.33533993 0.13072266 0.141594 0.19989222 -0.16436152 0.19541922 0.23888624 0.054351658 0.16038351 -0.03431983 -0.13740464 0.13383207 0.06368578 -0.18482278 -0.016222276 -0.014938418 -0.07024994 -0.16108401 0.07531085 0.2959447 0.15916032 -0.07866702 0.07807435 0.26974657 -0.03410467 -0.17325573 -0.16008116 -0.07326755 0.0130151445 -0.035648424 -0.2562038 0.014891161 -0.14225164 -0.22988759 0.22018622 -0.10887842 0.19493227 -0.14102255 0.035389524 0.11015053 0.025875684 -0.15895274 0.15922245 0.3409764 0.0862298 0.44325903 -0.06394806 -0.03439408 0.03894396 -0.15384378 -0.06147534 0.038862623 0.03261534 0.3518787 0.24249892 -0.1084543 0.22047378 -0.28761107 -0.016358912 0.050508976 -0.2631636 0.14822109 0.1569683 -0.4052637 -0.23342991 0.36847448 0.18202014 0.30689436 0.45235285 -0.27563733 0.28734505 0.1970616 0.14949042 0.17669801 0.16822141 -0.16676515 -0.07642648 0.06452372 -0.01354418 0.096834265 -0.18312478 0.15178666 0.17819846 -0.040633976 -0.1124536 -0.024354005 -0.33024728 -0.093216665
TKM -0.023762345 -0.39868486 0.13754205 0.083667696 -0.11960281 -0.05960008 -0.035841916 -0.039662194 -0.06279875 -0.04205318 0.2758074 0.102885395 -0.15653208 -0.22133262 0.13498954 0.27583823 -0.18853192 0.13376208 -0.21539937 -0.20341697 0.026207916 0.21773112 0.18175974 -0.35235587 -0.26973447 0.2746594 -0.12099995 0.16339843 0.3833307 -0.011202514 -0.11428782 -0.22216083 -0.061607573 -0.051836014 -0.098061465 0.004710266 0.22454049 0.23156278 0.47197413 0.022739159 -0.013651516 -0.15591855 0.15672192 -0.3446376 0.12510037 -0.0012376506 -0.03400078 0.0049684085 -0.042611282 -0.09687601 0.18425973 -0.11164272 0.026388219 0.276932 0.15939939 -0.1059444 0.23550053 -0.18418027 -0.28010982 -0.2298066 -0.09708789 0.06527719 0.14146423 -0.07259024 0.11355532 0.04551757 0.22333163 0.15323228 0.30754927 -0.11279952 0.22780272 0.11339719 -0.22567554 -0.061758187 0.062586136 0.03212329 -0.12018116 0.3716251 -0.014603189 -0.12837473 -0.26132357 0.04765969 0.24615796 0.29741043 0.06375139 -0.042894945 0.23087494 -0.16520648 0.23376767 0.34658584 0.23916472 -0.063955955 0.19429015 -0.03730311 0.24782558 -0.14153652 -0.18315157 0.1760637 -0.009112659 -0.090599686 0.09765691 0.013696809 -0.10262778 0.11582858 -0.003539848 -0.11455099 0.022719502 -0.32225907 0.03933526 -0.23568669 0.08414863 -0.0067226337 -0.03893533 0.096878156 -0.089332394 -0.0172592 0.16108209 -0.025455484 0.042333327 0.016853347 -0.09743644 0.0020748435 -0.039170224 0.024962585 -0.06368178 -0.09283836 -0.27185458 0.05432381
GUM 0.13953908 -0.08799561 0.09761733 0.013151176 0.18847798 -0.18581267 -0.16154183 -0.036603983 0.11847139 -0.11347485 -0.110612124 0.37245825 0.15598592 0.22449404 0.3284583 0.5527493 -0.087192945 0.056774285 -0.23187032 0.25559998 0.10707818 0.5641268 -0.13415861 -0.34244636 -0.2539946 0.31616434 0.041887064 0.5531586 0.2199884 -0.2157301 -0.004659849 -0.12921788 0.047583155 -0.22526255 0.14687319 0.13801676 0.17630792 0.10138447 0.29342622 -0.008672398 -0.30172783 0.029285667 0.3975876 0.1923951 -0.1013714 0.12857398 0.24915935 0.19432315 0.05376714 -0.08038977 0.39183775 0.013747992 -0.23751469 0.061999395 -0.095292315 -0.15252957 0.43161705 -0.2541089 -0.0540984 -0.14012067 0.17954947 -0.025138244 0.26420408 0.036863815 0.2532679 -0.08839228 -0.20225878 0.31663898 -0.18237464 0.10389618 -0.02311323 -0.107562505 -0.4560746 -0.23268954 0.29308408 0.08889524 0.061732862 -0.1670752 0.021037742 0.269617 0.09489021 -0.21025567 0.26259586 0.107415564 0.13415702 0.4030693 -0.05544695 -0.20040451 -0.25690806 -0.1305057 0.115733676 -0.2285206 -0.08648013 0.06516696 0.17009526 -0.16825391 0.40014714 -0.46303767 -0.119481094 -0.12045341 0.1017189 0.21417658 0.12746178 0.10783922 -0.080046825 -0.4101066 0.1667366 0.4024447 0.50574815 -0.32973856 0.16501616 0.034657054 -0.07616455 -0.13425562 -0.21008462 0.18420216 -0.2167001 0.09008613 -0.03792506 -0.07986245 -0.047254123 0.31564015 -0.21886693 0.23042856 -0.573593 0.11654724 -0.60797626 0.052267756
SOM -0.0014479584 -0.26437297 0.15141116 0.023023516 -0.1593813 -0.057538785 -0.096716955 0.16435987 0.087428726 -0.11582524 0.17611358 -0.0681432 -0.181495 0.013539083 0.22070907 0.26486248 -0.35226846 0.108171135 -0.0042477706 -0.075115085 0.07879656 0.24481763 0.16203271 -0.32533583 -0.16915143 0.21149917 -0.14875905 0.063126676 0.33994532 -0.0599448 -0.059660733 -0.10753552 -0.11873742 0.07686885 -0.09433331 -0.046049766 0.19833332 0.14482301 0.44525647 0.1341947 0.05607878 0.09408471 0.19901678 -0.2619423 0.18340518 0.12028031 -0.0038445657 0.08949157 0.15610452 -0.23458658 0.15717384 -0.18365274 -0.07743431 0.36257845 0.05178032 -0.009418526 0.19149216 -0.15780257 -0.12225926 -0.18137269 -0.0842616 -0.074871324 0.17240909 0.10376009 0.1710833 0.04453012 0.0818032 0.2594667 0.14206736 -0.3550661 0.15393656 -0.08649578 -0.28550717 -0.057304222 0.05569021 -0.07742064 -0.023152072 0.120056115 -0.0933278 -0.07432792 -0.22685151 -0.19326405 0.22351283 0.14193016 0.1624832 0.132704 0.13571553 -0.078608505 0.027034322 0.040370047 0.056636915 -0.25258172 0.088835716 -0.017617788 0.20785834 -0.116613165 0.0051415814 0.007785835 0.087597206 -0.23112206 -0.061991196 0.019180732 0.010698452 -0.020466413 0.062873654 -0.085299954 0.14680074 -0.22994113 -0.014710505 -0.27599522 0.11115941 -0.010359008 -0.0064244377 0.18481572 -0.0028767057 0.1648449 0.12807722 -0.06429395 0.031628575 -0.068037644 -0.07307963 0.04557788 -0.073459454 0.21292709 -0.23998325 -0.03718309 -0.036318563 -0.13886295
MDA 0.2674372 -0.5876875 0.13930783 0.3865179 -0.25657162 -0.10596727 0.08020766 -0.05500872 -0.38851398 0.28883246 0.17468958 0.017816776 -0.13872415 -0.17562653 0.08397339 0.29941446 -0.18281446 0.19542547 -0.4876131 -0.124008894 0.034601536 -0.12095022 0.014848533 -0.36641893 -0.26180652 0.017141288 -0.2257224 0.113255374 0.23257264 -0.0047828797 -0.13847078 -0.13001297 0.3293906 0.1337494 -0.035323545 -0.25643823 0.13365227 0.15044922 0.19283265 0.14252107 -0.44598028 -0.23510107 -0.0050377394 -0.13903959 -0.13633753 -0.11624003 -0.14076047 0.101272926 -0.17403236 -0.015138099 -0.060304176 0.08763509 0.078779794 0.015617119 0.22330809 -0.15198709 0.34769037 -0.10007637 -0.28931352 -0.13690141 -0.0061958153 0.09434629 0.12856108 0.0406503 0.01214262 0.051503234 0.3390865 -0.2093977 0.3233317 -0.19670436 0.011919167 0.1661741 -0.15149423 -0.22272466 0.1365503 -0.17175388 0.021440754 0.3414962 0.063722655 -0.12043959 -0.21144928 0.046873175 0.23359823 0.6200777 -0.16910405 -0.05179742 0.4128443 -0.12815008 0.47197768 0.43418774 0.22944036 0.20094198 0.16570584 -0.03838218 0.36723897 -0.123304926 -0.36622727 0.05513041 -0.084869936 0.14168425 0.15690692 -0.1079565 0.04075786 0.19479036 -0.12271736 -0.04806107 -0.05481732 -0.16430746 0.13581197 0.15829383 -0.090887554 0.082626276 -0.01883852 0.14578174 -0.1298024 0.030446956 0.25222075 0.12586978 0.2257164 0.14526533 -0.14089508 -0.12071938 0.019535478 -0.16860849 -0.05528949 -0.15583731 -0.27933654 0.12987936
BLZ 0.1556744 -0.11786117 0.08263132 0.22065645 0.058602545 -0.109628394 0.11766736 0.08220078 -0.18946426 0.21276096 0.0187537 0.037320267 0.16008748 0.14718652 0.2641008 0.36172485 -0.025319656 0.24438609 -0.041421562 0.2792426 0.07354871 0.21728331 -0.29151094 -0.109117106 -0.108640224 -0.1211309 -0.1820821 0.2482127 0.16201977 -0.0066634826 -0.011820847 0.07752795 0.2525601 0.16932875 0.034759473 0.051528852 0.417575 -0.012670748 0.19138762 0.26436117 -0.4597584 0.061306745 0.24294293 0.15450646 -0.13205737 0.07384918 0.17222543 0.092953674 -0.030933548 -0.13961506 0.062090144 0.19841395 0.05797749 -0.25542966 0.2442862 -0.08180518 0.19449604 -0.050862286 0.0067512216 -0.043624252 0.33065057 -0.07831369 0.124204576 0.24595416 0.10303484 -0.14559639 -0.035306707 -0.06406697 -0.09992163 0.024088716 -0.146818 -0.1813903 -0.34621903 -0.10628859 0.20103812 -0.13050112 0.22250468 -0.09037105 0.17377238 0.17038588 0.021985179 -0.23659572 -0.02677643 0.21083373 0.09932632 0.42398247 -0.06808434 -0.0934686 0.04467057 -0.20220186 0.037180346 -0.009904566 -0.24144885 0.030798132 0.16369371 -0.08650264 0.19716828 -0.3066962 -0.074229985 0.12796907 -0.0047693974 0.026930306 0.02587977 -0.024854006 -0.22989586 0.107482664 0.09514453 0.21995631 0.4924116 -0.0946759 0.27337614 0.15722947 0.070046596 -0.0015211311 0.04393516 0.17463659 -0.27178228 -0.058119953 -0.059327688 -0.0658399 -0.25197393 0.16329154 -0.043494258 0.2130342 -0.5580178 0.060693152 -0.33114022 -0.12969774
TKL 0.23896508 -0.19517592 0.15498774 0.042697076 -0.08223868 -0.27699146 0.035047024 -0.17308511 -0.051352233 -0.05616385 -0.017086623 0.16056521 0.0037417205 -0.14667113 0.13795735 0.1605647 -0.14379162 -0.14589797 -0.12480172 0.06954822 0.034096245 0.015595616 0.023503566 -0.01498975 0.16834314 0.03317998 -0.052853957 0.18737796 0.24151938 -0.18233301 -0.1866634 0.13541152 0.00314909 -0.2236233 0.08478136 0.23486596 0.24081627 0.13503861 0.14644933 0.089487955 -0.1957168 0.22768895 -0.043447968 -0.07457241 0.4547412 0.34874138 -0.05902287 -0.08219529 0.045734856 0.025798202 0.071176305 0.19422936 -0.26165226 -0.05861015 0.13594961 -0.0067105535 0.2143703 -0.033729993 0.007553769 -0.05671841 0.19990431 -0.059221618 -0.116712 0.2926684 0.1520243 -0.104369506 -0.16221803 0.12189547 -0.115791775 -0.08571001 -0.09886116 -0.05884082 -0.47290683 -0.19794467 0.09810427 0.074335374 -0.12243191 0.11068322 0.3458267 0.32401776 -0.16565503 -0.21342002 0.26869807 0.16297083 0.054622576 0.30235288 0.0816712 -0.013556697 0.17006122 0.28617486 -0.20750931 -0.0039827665 0.2435444 0.033801813 0.20255485 0.25417668 -0.16008088 -0.11048257 -0.23759727 0.23301752 0.04134038 0.30278072 -0.09084399 0.30203068 0.0011157468 0.1121535 0.2840637 0.12533282 0.2079454 -0.0453306 0.13506667 0.114692986 0.102937154 -0.034544762 -0.06463432 -0.122617215 -0.020971794 0.017300839 -0.091210425 -0.15280521 -0.26139653 -0.058499917 -0.21315198 0.31378323 -0.08154743 0.104782864 0.03885187 0.04675908
TJK 0.15135817 -0.4233659 -0.033230025 0.26873493 0.054773904 -0.13424188 0.13625668 0.11689017 -0.35269383 0.070595875 0.38160866 0.059422918 0.02938644 0.0716804 0.26815405 0.36515853 0.042521935 0.031815518 -0.19864684 -0.104039796 0.17281552 0.15366879 -0.048196916 0.00039772724 -0.46738604 0.2958498 -0.15158135 0.08011089 0.22900915 0.15878409 -0.15283741 -0.13839324 0.41204992 0.36272693 -0.12671214 -0.1138806 0.30102405 -0.009411751 -0.051668588 -0.0016775761 -0.1609447 -0.18158624 0.12540108 0.23639967 -0.16227747 -0.01592114 -0.09830849 0.12631384 -0.23725826 -0.23435044 -0.14405942 0.1824937 0.15737362 0.10232689 0.06943422 -0.0888121 0.08273705 0.16963078 -0.1911215 -0.3491581 -0.18287148 -0.050915673 0.07613423 0.07310876 0.0019589802 -0.122741766 0.16764975 -0.09499321 -0.20188838 -0.28514424 0.20466067 -0.060995862 -0.31846964 -0.16108432 0.16432562 0.00238236 -0.09383986 0.072056584 -0.24123229 -0.06303942 -0.23390108 -0.2183361 0.26439598 0.26967546 -0.18161422 -0.035540596 0.051202822 -0.34132022 0.09459195 -0.0111801205 0.07888519 0.09812724 -0.042167142 0.16485398 0.1918286 -0.15643302 -0.014027867 -0.19860215 0.068821974 0.17211355 -0.07530042 -0.43009073 0.07001709 0.152714 0.017792296 0.027371397 0.08876276 0.11549606 0.12002642 0.13584076 -0.19087 0.15895988 0.012553898 0.09116401 -0.0017535419 0.18145269 -0.08612031 -0.12374146 0.15791081 0.05802338 0.20000823 -0.102762826 -0.03396831 0.005876497 -0.39313728 -0.11902196 -0.25207728 -0.13410822
TCA 0.28763235 -0.15958631 -0.0381141 0.44111243 -0.16393097 -0.16032955 0.15908822 0.39658955 -0.3359722 0.14247102 0.1156935 -0.18463947 0.22756593 0.023201346 0.2394484 0.34931958 0.15986976 -0.0736855 0.009673405 0.09723639 0.10286546 0.17813258 -0.31447768 0.030696617 -0.20752929 0.11697459 -0.3392145 0.060212713 0.041571587 -0.041283693 -0.099247076 -0.059329286 0.31759006 0.3578981 -0.16165091 -0.14472368 0.27451995 -0.1250615 0.29693753 0.3170674 -0.18829466 -0.049472816 0.16198573 0.18537815 -0.14568925 0.06195235 -0.008175044 0.20884064 -0.29305157 -0.06517952 -0.02106623 0.014367934 0.25442252 -0.08772974 0.24041018 -0.20911522 -0.015074027 -0.22604807 -0.1952266 -0.12209995 0.025956938 -0.11985347 0.39490178 0.4117703 0.08524394 -0.08637009 -0.013143643 -0.062844075 -0.02247877 -0.33942398 -0.11138669 -0.19529186 -0.17291526 -0.12132554 0.27059722 -0.28697622 0.11634946 -0.1443268 -0.21658587 -0.005736173 -0.13482288 -0.16651198 0.10362518 0.29909682 0.001084932 0.17519088 0.07299507 -0.15708847 0.39042133 0.007185103 -0.013065294 0.011879048 -0.13100281 0.091042705 0.17190497 -0.16580743 0.17050725 -0.33904046 0.063716136 -0.01808048 -0.1978727 -0.2500363 0.18257424 -0.07131729 -0.13039266 -0.16964552 0.15347658 0.111001655 0.3245329 0.013714 0.009015161 0.06288983 0.011681193 0.21181682 -0.0002827701 0.15751 0.025881844 -0.17713709 0.07429953 -0.11927508 -0.1335997 -0.10830314 -0.15495826 0.2512196 -0.59492207 -0.27597746 -0.33249378 -0.20812683
MLI 0.72687817 -0.6595543 0.28975183 -0.025547417 0.15931533 0.27045414 0.30258295 -0.6684478 -0.55382377 -0.12515177 0.58524984 0.3085347 -0.45837355 -0.26467326 0.16271582 0.16340299 -0.06373764 -0.3811156 -0.7111567 0.28881308 -0.12537776 0.39492556 -0.05588597 -0.5401485 -0.3745222 0.22385521 0.27208748 0.44398615 0.5327909 -0.09101958 0.10356556 0.46245283 -0.046315685 -0.25597635 0.34033638 0.32817116 0.18556587 -0.05196237 -0.69958544 -0.002319023 -0.17317976 0.38410902 0.07893356 0.03425831 0.45840898 0.14108573 -0.07240405 -0.34112474 0.18476515 -0.34537554 0.12867637 0.18015915 -0.018641794 0.018453155 -0.15040173 0.25874045 0.6012491 -0.0027359345 0.16212842 -0.67624885 0.17153725 -0.19423501 0.2810448 0.15544836 0.3053787 0.16063634 -0.13015102 0.100663915 0.34557554 -0.5806079 0.5957166 0.16401017 -0.91648227 -0.80742234 -0.18588881 0.08187633 -0.2798029 -0.17478703 0.009977745 0.99477476 0.110039294 -0.51574224 0.3512742 0.40883434 0.07043147 0.1669116 0.29935014 -0.33013782 -0.030225514 0.6073692 -0.18095514 -0.1884771 0.19828051 0.5028656 0.9592344 0.6925652 -0.27100596 -0.22166549 -0.42289352 -0.2892189 0.16355589 0.2681149 -0.12820446 0.2865205 0.015237313 0.3539718 0.56807244 0.5330557 0.18172786 -0.06556468 0.30540344 0.24383385 0.69003457 0.13957405 -0.17682664 -0.53227633 0.3601093 -0.29192922 0.01358852 -0.13776597 -0.19245219 -0.23893967 0.04040326 0.15092494 -0.19238243 -0.32137302 -0.016035134 0.079916894
MSR 0.07250844 -0.08835704 0.09153379 0.21429367 0.05121799 -0.11590468 0.08877889 0.072759815 0.0144537985 0.11876112 0.012673265 0.10503503 0.11557763 0.1442738 0.2802406 0.36503744 -0.032118678 0.18680379 0.031433865 0.24182077 0.15771541 0.21240367 -0.22948234 -0.06377751 -0.16095018 0.044560093 -0.11492951 0.28772685 0.09328346 0.010531497 -0.011326011 -0.07659522 0.08868064 0.04532536 0.04212342 0.08237599 0.32978958 0.016413765 0.30043676 0.14762601 -0.34166735 0.08580402 0.20401797 0.12697536 -0.023214707 0.0918119 0.14390032 0.19090344 0.017256092 -0.051599167 0.14167784 0.11879578 -0.018882642 -0.093181916 0.09754534 -0.090899125 0.13145107 -0.03569931 -0.008136718 -0.0404196 0.19304104 -0.01929897 0.14637421 0.18381059 0.16658948 -0.14594434 -0.10437921 0.14620137 -0.18266287 0.035579048 -0.1445695 -0.15783562 -0.322765 -0.061011467 0.254017 -0.07913129 0.09920748 -0.065729745 0.13850841 0.16996163 0.046163823 -0.20134215 0.048996806 0.15571205 0.060460288 0.3498237 -0.04653654 -0.20219669 0.0179951 -0.17987414 0.0875278 -0.11327966 -0.07782672 0.014827766 0.07107514 -0.057013623 0.1753873 -0.3153777 -0.06250052 0.063194394 -0.07430252 -0.056429062 0.11259546 0.03009083 -0.107590236 0.03186106 0.16008222 0.12884389 0.4617656 -0.28512987 0.20832728 0.057046503 -0.018304437 -0.11637898 -0.0065773 0.18449618 -0.20579027 -0.062359575 -0.07097291 -0.08075756 -0.16324158 0.17626496 -0.13224979 0.22161122 -0.46684894 0.047476873 -0.3133892 -0.017816203
IRN -0.03226909 -0.25197285 0.12113011 0.053958125 -0.084837064 -0.1057083 -0.117290266 0.17822863 0.1070567 -0.08674979 0.26273826 -0.00792345 -0.08412281 -0.094939195 0.20428377 0.24167627 -0.25199014 0.08907704 -0.07575173 -0.15058537 0.023118904 0.3037435 0.12793645 -0.31823668 -0.21327503 0.26466668 -0.11166466 0.13603345 0.25557667 -0.08722261 -0.13420953 -0.122593634 -0.0145826405 0.010250893 -0.13781707 -0.016703125 0.2610164 0.17866543 0.41664076 0.088299535 0.011121345 0.0291954 0.19707592 -0.22920585 0.1523543 0.10583265 0.037703604 0.06480434 0.08317757 -0.08352372 0.13167365 -0.10286855 -0.0074428474 0.299105 0.033228982 -0.064031616 0.20049967 -0.20382519 -0.19671145 -0.05092123 -0.109550685 -0.01903689 0.13457863 0.055875126 0.16893233 0.025777604 0.098247916 0.27750573 0.10065958 -0.21449278 0.12186062 -0.037125427 -0.23347166 -0.09207467 0.14542137 -0.019566955 -0.07005584 0.14849983 -0.08608063 -0.07541545 -0.20414814 -0.1516132 0.2479335 0.16261752 0.11327557 0.10985934 0.10593244 -0.0613134 0.059832547 0.108716205 0.07598829 -0.15195398 0.12344743 -0.018654587 0.18173602 -0.116678745 0.06663995 -0.012610536 0.11480539 -0.21739058 -0.114385724 0.018253962 -0.018526508 -0.007938199 0.019279595 -0.15672803 0.102187164 -0.19533306 0.04441499 -0.24476917 0.11696572 -0.04111938 -0.02371747 0.15461226 -0.023875104 0.07774781 0.061019156 -0.022451578 0.06356594 -0.014442058 -0.04420377 0.041378018 -0.058577966 0.14867252 -0.09966269 -0.02024779 -0.13766952 -0.07644534
SPM 0.26691318 -0.18799032 -0.040127248 0.40936643 -0.065139614 -0.2057479 0.21477787 0.31651562 -0.34597617 0.16696133 0.12707332 -0.15866862 0.20539321 0.035212655 0.2507973 0.32730067 0.2381006 -0.113265246 0.01721288 0.0871511 0.058378078 0.22843248 -0.28931946 0.04793847 -0.17316349 0.17581226 -0.27634308 0.11992792 0.020950548 0.0012361885 -0.13084745 -0.033946946 0.30212438 0.30286607 -0.08978171 -0.14606865 0.33752957 -0.15751399 0.24033687 0.25597742 -0.1842351 -0.042753797 0.118096635 0.21462879 -0.08472248 0.09538151 -0.091058694 0.14906394 -0.26951885 -0.065165386 -0.0010824928 0.13127029 0.2632348 -0.13213007 0.22564806 -0.1691738 0.07066465 -0.08577826 -0.15187204 -0.1512898 0.03229197 -0.11161558 0.31926796 0.39206812 0.0809105 -0.08172521 -0.007571951 -0.06828157 -0.12420627 -0.32870218 -0.10898937 -0.21847518 -0.29721865 -0.1603909 0.22808956 -0.32208547 0.043984834 -0.15011041 -0.2200508 0.06294972 -0.15548246 -0.1353652 0.1156251 0.260066 -0.015565761 0.12571454 0.053425584 -0.18783526 0.30280823 0.016752806 -0.034647793 0.0016243745 -0.15608205 0.08255296 0.08453216 -0.09755206 0.118566036 -0.33803776 0.0027771168 0.06597442 -0.10313675 -0.3080186 0.10490413 0.024033254 -0.08494245 -0.1570759 0.14228393 0.14966848 0.24317797 0.112009294 -0.011137678 0.05705114 0.023086445 0.1426304 -0.08287069 0.11641398 -0.04818649 -0.21971641 0.03821536 -0.1723079 -0.14931975 -0.13200283 -0.18535356 0.2787421 -0.5657264 -0.2032984 -0.24931695 -0.15514174
ALB 0.19276078 -0.21437633 -0.050662734 0.35728446 -0.114687 -0.14884688 0.2446943 0.216714 -0.46644112 0.18281062 -0.004753793 0.096525386 0.10800855 0.21481565 0.05996273 0.41064012 -0.12614311 -0.14785814 -0.42376405 -0.1274619 -0.08070294 0.22966021 0.029522648 -0.20398428 -0.11127338 0.18582717 -0.34509498 -0.030799834 0.24024157 0.01753472 -0.02662469 0.15550894 0.14023857 0.26267868 0.07856265 -0.13283134 0.3153558 -0.0059220777 -0.010466283 -0.034713317 -0.2511294 -0.17347537 0.22092217 0.398947 0.09352863 0.08229762 -0.2849181 -0.029185163 -0.11807727 -0.2818053 -0.06872092 0.16647981 -0.004481382 0.19198945 0.10251473 -0.19139655 0.23701032 0.42393342 0.042188503 -0.4632165 -0.22059079 -0.19182287 0.20826824 0.3763628 -0.013136275 -0.022690333 0.1798611 -0.23969457 -0.25081512 -0.6881217 0.15742742 -0.13859105 -0.8148142 -0.22315867 0.058883455 -0.43213528 -0.015662672 -0.19566852 -0.27348256 0.19419245 -0.14047436 -0.065910734 0.6273997 0.48773405 -0.22838502 0.4031918 0.07800994 -0.25437513 0.13456897 0.03265747 0.0710026 0.09543518 0.09378432 0.08851 0.3702771 -0.29945752 0.02232411 -0.12935627 -0.015541451 0.19718507 0.1653916 -0.1738051 -0.085746266 -0.078472644 0.14605966 0.09484144 0.10474593 0.26422894 -0.028060237 0.13447766 -0.14427769 0.17957781 0.18966597 0.18870303 0.124099866 -0.115839444 0.107180454 -0.123966925 -0.03185964 -0.15678608 0.2766195 -0.05983056 -0.36416635 0.09506336 -0.7131838 -0.004347828 -0.10516156 -0.2019388
KIR 0.12928168 -0.08531958 0.04985279 0.13885286 0.0021545284 -0.10631995 0.08941296 0.14632198 -0.086292624 0.09194469 -0.056537777 0.108533286 0.08144798 0.09653947 0.22701275 0.32992363 -0.005639601 0.11254332 -0.0014224027 0.13179362 0.061060946 0.26731357 -0.20683855 -0.13584614 -0.13083743 0.06615182 -0.09901367 0.26303622 0.14526151 -0.046629436 -0.059790388 -0.040492985 0.019718718 0.029733932 0.054641057 0.08084901 0.28657165 0.03083053 0.30670375 0.17980829 -0.2859513 0.015378236 0.20668672 0.09045273 0.036437336 0.112129256 0.13173336 0.13552323 -0.064750604 -0.07464202 0.14954829 0.13153376 0.02869344 -0.047415383 0.21099332 -0.12808442 0.17549333 -0.045371305 -0.0647112 -0.05945526 0.1607514 -0.03704195 0.18231647 0.17468892 0.12530848 -0.08987268 -0.11667613 0.09570151 -0.1220693 -0.008025411 -0.058682643 -0.08549227 -0.34781057 -0.071485296 0.19271347 -0.06844701 0.06772758 -0.036128078 0.10968897 0.15649244 0.032247555 -0.13724166 0.09826089 0.1629077 0.117190525 0.30043086 -0.036562923 -0.07939791 0.06902696 -0.09431824 0.06465593 -0.07322077 -0.088871315 0.03193355 0.09698615 -0.06698878 0.1642254 -0.23078665 -0.038663708 0.035542548 -0.01564028 0.022201769 0.016145734 0.05894464 -0.062779926 -0.04271036 0.11848967 0.12097343 0.33475536 -0.18015037 0.14940052 0.07078295 -0.00930851 -0.045319106 -0.04769518 0.14838533 -0.13260344 -0.07051209 -0.0755964 -0.05091391 -0.16000167 0.13033034 -0.14461695 0.2346423 -0.41769916 0.022587981 -0.24218723 -0.014412016
ABW 0.18317264 -0.14746918 0.24533024 0.3575499 -0.0502036 -0.02175027 0.39570478 -0.1271724 -0.19271383 0.20066659 0.27647582 -0.12477884 0.06999241 -0.050999384 0.2711025 0.2759484 0.04985293 0.25774106 -0.0065235156 0.38574746 0.038775828 0.31910995 -0.38253787 -0.044624276 -0.33401653 -0.15639476 -0.08039062 0.2429411 0.10182982 -0.17198244 0.05037758 0.01747549 0.017572762 -0.049352773 -0.04486661 0.15003729 0.2626891 0.07106814 -0.11691416 -0.0072408016 -0.25791836 0.16016397 0.110002294 0.1513897 0.1702505 0.2215856 -0.033237137 0.007937943 0.026254384 0.07840271 0.20105827 0.11885326 0.3273453 -0.23714083 0.029091395 0.22642343 -0.12219183 0.10904477 0.07741491 -0.10769014 0.12299445 -0.03107379 0.21820144 0.23141094 0.15069334 -0.26821387 -0.09461718 0.1015434 0.08058106 -0.005932424 -0.07750526 0.005948844 -0.3712719 -0.05078334 0.08483066 0.083500735 0.07860155 -0.08235009 0.033199232 0.36775297 0.2625642 -0.05524684 0.042527836 0.23832358 0.069521956 0.30995387 -0.06821452 -0.29128543 0.18446553 -0.066647016 0.019778734 -0.15763496 0.043203138 0.36175126 0.28786212 0.33459565 -0.036033597 -0.06959182 -0.014483308 -0.08935316 -0.23042768 -0.16408297 0.2321126 -0.058705162 -0.14731151 0.45828062 0.35711935 0.25358805 0.3890422 -0.42997685 0.46049622 0.021592516 0.1818816 -0.14921871 -0.036958598 -0.1510912 0.11192109 -0.19097488 -0.22278416 0.08703828 -0.15471649 0.121591926 -0.030021405 0.08599638 -0.14451455 -0.03177099 -0.14668737 0.07319515
ATG 0.09802059 -0.046273075 0.4096312 0.152329 -0.14924185 0.16340707 0.15749279 -0.2601227 -0.020046975 0.08891378 0.29985815 -0.025876123 0.0382017 -0.27321652 0.18519937 0.28215498 0.041402902 -0.046743713 -0.051093683 -0.0703978 0.049019143 0.3384243 -0.01899908 0.13225648 -0.36057502 0.27654636 -0.06957154 0.17346822 0.13552593 -0.3177756 0.027402537 -0.10308789 -0.37261897 -0.20507601 -0.2280972 0.3088569 0.12752923 0.28562132 0.16426614 0.061936036 -0.09180227 0.1720867 -0.04493232 -0.30553856 0.48567933 0.18621506 0.29889208 -0.012018478 -0.18127401 0.10105623 0.28879014 -0.19252038 0.11435316 0.12169199 0.06624739 0.1201896 -0.0067841113 -0.2650957 -0.18201889 -0.08474743 0.12230362 0.09813124 0.033167336 0.23320763 0.27706948 -0.23486458 -0.054923646 0.31882232 0.0113225505 -0.20813106 0.25289986 -0.1010728 -0.16762754 0.020804306 0.14588879 0.32630336 -0.23480818 0.2667427 0.16610113 0.12049845 0.17917086 -0.18836379 -0.01505131 0.12294797 -0.037287407 0.4168108 0.08556138 -0.45019928 0.30763915 0.38223508 -0.22470513 0.09459048 0.4357121 0.117087 0.38088533 0.291389 0.046873637 -0.040950216 0.070630655 -0.23426905 -0.28405958 0.21172138 0.07279674 0.27415422 -0.10427829 0.2396545 0.41975865 -0.022177266 0.36861423 -0.29606497 0.16122028 -0.21659704 0.080294356 -0.04378631 0.06849662 -0.1622717 0.09042348 0.00831249 -0.20981966 -0.089857966 -0.0996587 -0.13828953 -0.22641085 0.11191541 -0.173371 -0.1100209 -0.16665396 -0.045543443
COK 0.15406749 -0.18002172 0.28008687 0.03588293 0.0021630807 -0.15108608 0.068201855 -0.06673832 0.03427006 -0.028635245 0.008897037 0.08825854 0.09252805 -0.1641854 0.257494 0.14892563 -0.14062788 -0.20600688 -0.13346459 -0.026471367 0.040463127 0.1047346 -0.0018493908 0.027966939 0.06171925 0.20105956 -0.013815891 0.2685211 0.26947933 -0.2830632 -0.2439884 0.089599535 -0.0798468 -0.29936537 0.02276336 0.25616395 0.25972733 0.20973384 0.32148826 0.18882725 -0.34760207 0.2380529 -0.011188477 -0.17832616 0.53324777 0.42275178 0.16958919 -0.024211975 0.052004144 0.031964943 0.14650875 0.28910002 -0.13501002 -0.055377778 0.15544023 0.054486915 0.1685297 -0.18958654 -0.09278604 0.09763344 0.24207605 -0.05968697 -0.20123924 0.35229886 0.2313759 -0.14974545 -0.15817848 0.1565082 -0.21336944 -0.066785775 -0.16566175 -0.13287017 -0.37692127 -0.10590507 0.21025826 0.16433297 -0.21347548 0.29266325 0.41654298 0.27927116 -0.18479638 -0.21132338 0.2949917 0.11103682 0.047106706 0.31151167 -0.02443045 -0.014497851 0.20845656 0.22212286 -0.24976611 0.02069788 0.25374383 0.005563315 0.06765522 0.3328288 -0.08755522 -0.10569733 -0.13090889 0.16637453 -0.18334094 0.38289374 -0.13723643 0.3780535 -0.14651112 0.09101688 0.38586625 0.1406627 0.32017523 -0.0005045652 0.14941624 0.04519436 0.052474327 -0.015262152 -0.006940223 -0.021585084 -0.0826387 0.120119914 -0.12823367 -0.1601091 -0.31277943 -0.062076297 -0.2384366 0.34308165 -0.09792596 0.12402155 -0.045435302 -0.08660549
GEO 0.21540734 -0.28695074 0.1267267 0.14430732 -0.17326571 -0.19857477 -0.13459896 0.057489783 0.031302013 -0.20231527 0.27231705 -0.0030099694 -0.17230408 0.002927152 0.23572358 0.24180815 -0.57007116 0.12609662 -0.1841082 0.23878506 0.16574486 -0.07021396 0.002401263 -0.32566398 -0.13080995 -0.13554232 -0.16291672 0.027160749 0.27018443 0.032692865 -0.043690577 -0.08917062 0.28928298 0.13255306 -0.05594216 -0.04781396 0.16529112 0.18369271 0.029045675 0.04901435 -0.006716246 0.2701283 0.11877414 -0.05667586 0.115502544 -0.010345167 -0.17355707 0.17543848 0.13072585 -0.01908117 -0.16238494 -0.19330828 -0.20775303 0.13948606 0.048894107 0.05420067 0.23458855 -0.004833397 0.0022927155 -0.28014755 -0.12331025 -0.045480993 0.16903281 0.16458613 0.18099271 0.0120323775 0.17621778 0.18171711 0.16185237 -0.17849566 -0.041245904 -0.060543455 -0.23252118 -0.048811723 0.075424455 -0.13753079 0.2649069 -0.0682806 -0.028757317 -0.03250735 -0.18886377 -0.3655204 0.2230853 0.24605322 0.019257085 0.08035186 0.23059465 0.09510954 0.23417114 0.04137855 0.15547293 -0.118447915 0.20672178 -0.086815506 0.3943448 0.00023702267 -0.22380264 -0.16333833 -0.11453057 0.03657777 -0.07884639 -0.074813366 0.15881163 -0.05976131 0.23599057 0.127147 0.05873324 -0.3046386 0.047128446 -0.20960258 0.15357809 0.12319449 0.10259708 0.103553094 0.094749294 0.14436802 0.25909013 -0.042880476 0.21406506 0.13676111 0.0050659706 0.07270399 -0.027296677 0.19007763 -0.123974405 0.009586179 0.107197106 0.14794245
BEN 0.14050019 -0.33009073 0.14325753 -0.047492176 -0.14594683 -0.12080311 -0.057430845 -0.22019708 0.09822685 0.2459005 0.226142 -0.12966037 -0.08724969 0.03401815 -0.01755316 0.11869055 -0.26345545 0.2966008 -0.06903249 0.18497783 0.28434998 -0.096730635 0.10400765 0.03731645 0.009187572 -0.22111337 -0.27542993 0.016176721 0.06050485 0.15493567 0.12137153 0.1450585 0.18602483 0.016758002 -0.074495114 -0.1242196 0.33012548 0.04672792 0.08104703 -0.25434753 -0.25824538 0.4557073 -0.16668771 -0.142842 0.06290324 0.0210841 -0.050907698 0.038903177 0.19730332 0.18146506 0.16611786 0.14705162 -0.27071992 -0.1460744 -0.31238532 0.21517706 0.40967306 0.21713413 0.3256704 0.04991985 -0.15297294 0.054202657 -0.03294596 0.096870594 0.20430909 0.0031303405 0.12970641 0.055268932 -0.10099088 -0.477888 -0.06278244 -0.20070055 -0.57006514 -0.19356568 -0.06877492 -0.29892915 -0.18041392 -0.14839503 -0.0054877573 0.4158674 0.0042696744 -0.27852523 0.053058118 0.4389113 -0.029356161 0.29724187 0.25743267 -0.36124945 -0.11109432 0.07857287 -0.23042724 -0.3710885 0.16061127 0.029753214 0.3663546 0.082787804 0.103324495 0.08086541 -0.36124766 0.033268556 0.2200457 0.00021801284 -0.011032292 0.122096516 0.07925527 0.29061395 0.20802124 -0.09232663 -0.12564932 -0.008775704 0.16766676 0.04143004 0.014412585 -0.085522145 -0.06477629 -0.17385124 -0.21875721 -0.24537191 0.15533505 -0.17188884 -0.35119727 -0.19106397 -0.32291004 0.12921746 0.017305093 0.06891258 -0.11225746 0.09051967
LSO 0.08123586 -0.090683416 0.33802336 -0.08825899 -0.015899772 0.24408635 -0.065788165 0.058200043 0.06272603 -0.018295031 0.21618295 -0.008272979 -0.13747124 -0.08411436 0.20004132 0.13099699 -0.13143447 0.039931323 0.059765827 0.06799845 0.16155401 0.22327079 -0.050477307 -0.00019669975 -0.37389994 0.17864604 0.057435542 0.23490359 0.10079816 -0.09359271 0.052010044 -0.1279515 -0.27767637 -0.05672196 -0.1584645 0.12462518 0.011648342 0.09509008 0.17046529 0.06420761 -0.03049745 0.28726476 -0.023579456 -0.33294868 0.34204748 0.0012989645 0.26250026 0.109397076 -0.17795515 0.07830646 0.22405928 -0.058075827 0.05709883 0.13442934 0.020897398 0.10928948 0.22848858 -0.16560033 -0.046698403 -0.08703528 -0.1340936 0.060905967 0.14629424 0.11468814 0.24790783 0.018712817 -0.035816878 0.3850245 0.07651846 -0.13891709 0.19140151 -0.08127702 -0.1739142 0.037647083 0.004662825 0.13665968 -0.2314257 0.15853538 0.07309775 0.11456304 0.13368791 -0.27566418 0.020931434 0.18274051 0.09842048 0.26328453 0.061354917 -0.2439364 0.15462442 0.20635974 -0.13175088 -0.13626109 0.15835837 0.024566976 0.27854198 0.16727446 0.07036528 0.00500795 0.057194468 -0.3158277 -0.24944757 0.15142295 -0.13104795 0.24421908 0.12094839 0.11604362 0.27045342 -0.23660499 0.24725132 -0.280559 0.12781292 -0.19069391 -0.11505399 -0.062476404 0.09496641 0.10630789 0.010638167 -0.17475995 0.08512228 -0.07049351 -0.25247854 -0.16680944 -0.14429109 0.23162217 -0.19039845 -0.12117914 -0.16245624 0.10362384
GRD 0.1285956 -0.45154086 0.17029662 0.48982707 -0.1818722 -0.11210786 0.19301397 -0.0012589531 -0.0964917 0.29456693 0.42687017 -0.07956094 0.21770729 -0.029731954 0.116665564 0.23168883 -0.21488607 0.25726953 -0.35257322 0.14320809 0.12332863 0.0051399968 -0.08437735 -0.0905719 -0.36551848 -0.19265425 -0.3478366 0.040185943 0.14205158 0.0146966595 -0.053475805 0.1751867 0.49816757 0.08761199 -0.08314489 -0.12899037 0.36619303 -0.005625041 -0.052946825 -0.014087688 -0.33476022 0.04663883 0.056533888 0.17459801 -0.07956878 0.14351943 0.08928812 0.0066411044 0.1846885 -0.028541202 -0.13975845 0.09379545 0.101008676 -0.11167017 -0.12585357 0.014245842 -0.13448744 -0.04474146 0.048136313 0.17084402 0.032353375 -0.060616013 0.04475305 0.24750103 -0.03167758 -0.22656217 -0.0011878613 -0.1627209 0.056337856 -0.20033428 -0.12628789 0.0379844 -0.21329644 -0.21898565 0.18795297 -0.07351889 0.11164118 -0.11206866 -0.02313216 0.09855838 0.02388221 -0.08886241 0.18871212 0.3916668 -0.10914258 0.34057993 0.008291347 -0.24244635 0.12501426 -0.059376244 -0.041884307 0.13264161 0.14045846 0.36477888 0.32029423 -0.079567425 0.055094685 -0.112940826 0.019070096 0.060327213 -0.28902137 -0.019203462 0.18053961 -0.3485734 -0.2507828 0.5450739 0.2584342 0.2616851 0.36682525 -0.27374732 0.21041162 0.21750975 0.23539211 0.16969638 0.24102463 -0.30187812 0.015814247 0.01179589 -0.069141775 0.07055468 -0.0031497022 0.051152855 0.10687212 -0.121054836 -0.06803375 -0.056973793 -0.24489722 -0.16062753
LCA -0.13162121 -0.15729214 0.25185654 0.10874088 0.36231014 -0.24622613 0.19862457 -0.14624637 -0.09459384 0.007386869 0.29412836 0.010368461 0.023787223 -0.02059294 0.35851532 0.1858405 0.017037755 0.06336139 -0.0690997 0.29874286 -0.015074728 0.29102582 -0.12703806 -0.048468444 -0.10782933 0.27644044 -0.010459084 0.33145815 0.22318405 0.07799743 -0.08014511 -0.093960844 0.21329221 -0.06371364 0.009652978 0.057804596 0.37646866 0.069991305 -0.019063031 -0.10414234 -0.33775908 0.13446912 0.24014844 0.07552258 0.13214673 0.12987058 -0.2748767 -0.048108954 0.18851301 0.04528818 0.16010514 0.40117726 0.15979277 -0.064633355 -0.05628614 0.22800338 0.2391647 0.3877807 0.05052443 -0.32031745 -0.07593571 -0.036735125 0.09763169 -0.0142613435 0.21734121 0.077637106 0.27843806 0.13286957 -0.0056783557 0.033567537 0.03204126 -0.13154891 -0.6928229 -0.16809021 0.08712351 -0.16535728 -0.07330101 -0.006840247 -0.07989007 0.33642134 -0.11495049 -0.06283582 0.23314993 0.2900836 -0.14593166 -0.014010126 -0.12729928 -0.3364336 -0.044775646 -0.044870973 0.1594079 -0.17804535 0.011761412 -0.027884582 0.095826775 0.08735173 -0.1519533 -0.078878686 0.003448902 0.15005723 -0.08562079 -0.28278726 -0.026418593 0.25697935 0.11419842 0.15809458 0.031460546 0.019102205 0.1552772 -0.15443154 0.37570328 -0.043607272 0.044932965 -0.16562542 -0.12951161 0.03780755 -0.09352266 -0.20896089 0.060289748 -0.11664734 -0.15223412 0.056540005 -0.0624023 0.19357215 -0.36850935 0.1312267 -0.063240185 0.08533046
SHN 0.16247906 -0.04534884 0.2801896 0.00051100424 -0.07396876 0.21474683 -0.07772137 0.24926022 0.0994822 0.016520591 0.13539062 0.027436716 -0.062334966 -0.030746808 0.19340603 0.21027692 -0.07942694 0.032464176 0.072818175 0.16277713 0.21781346 0.20447427 -0.16655143 0.0066612074 -0.36938512 0.13563319 -0.02959022 0.27142137 0.023686016 -0.058194485 0.07764577 -0.08695558 -0.25321814 -0.030003237 -0.109612115 0.08775491 0.0053391573 -0.022396624 0.22645535 0.059188787 0.0071720327 0.3246481 0.0064351396 -0.2339657 0.30176693 -0.013902918 0.32796353 0.18363777 -0.21675797 0.14165866 0.24933626 -0.052688528 0.010545144 0.12410929 0.005143497 0.018334512 0.237698 -0.1983574 0.0001347753 -0.037415665 -0.20591013 0.06815142 0.31491974 0.17487657 0.22305445 0.034826707 -0.12990941 0.39970747 0.10884527 -0.104310334 0.13811488 -0.06315681 -0.18716888 0.084974304 0.045948412 0.051840983 -0.19186227 -0.012564523 0.024291709 0.14672846 0.21017924 -0.30828208 0.013072908 0.18677363 0.13939852 0.36517435 0.06106711 -0.19127917 0.20892386 0.15903382 -0.13771914 -0.20620051 0.1020832 0.044372432 0.22467873 0.04663067 0.21707143 -0.08298874 0.031771343 -0.3294119 -0.27507147 0.18688895 -0.096436724 0.15188788 0.16861816 0.09286112 0.25464118 -0.21505569 0.28923324 -0.34924263 0.11764037 -0.19745037 -0.17215532 -0.07006875 0.14889388 0.06894579 -0.0027116425 -0.2917332 0.084813334 -0.1018368 -0.26654923 -0.16979568 -0.21410617 0.29150587 -0.26674694 -0.15529035 -0.19841585 0.15258951
NPL 0.255575 -0.3242032 0.032816794 0.17282338 -0.10761745 -0.0041400217 -0.14823382 0.4940839 0.08130218 0.1565628 0.21871746 0.09584582 -0.09732104 -0.011769475 0.14297988 0.22010395 -0.04770832 0.12887691 -0.11922553 0.08833084 0.11811874 0.16719387 -0.109867394 -0.28220764 -0.456463 0.083853744 -0.24493906 0.3030294 -0.11361348 0.0766892 -0.015882313 0.0188894 0.17460707 0.06152723 -0.01829028 -0.27631685 0.19675554 -0.24852297 0.25897524 0.026165782 -0.023314178 0.20822771 2.1849242e-05 -0.18053609 0.07125909 -0.026881956 0.22468202 0.16368619 -0.1959137 0.19308506 0.14349501 0.12261914 -0.015862964 0.04302229 -0.043171864 -0.15582392 0.46885625 -0.17984049 -0.0388198 0.17739794 -0.380756 0.107125506 0.35090458 0.05198219 0.08023585 0.15534489 -0.11592959 0.21485224 0.22739218 -0.069030195 -0.010434131 0.073890984 -0.2915198 -0.20123021 0.00028502417 -0.21289347 -0.16175345 -0.19037789 -0.15547563 0.033531584 0.19347 -0.207798 0.17452313 0.33686638 0.21343811 0.25400782 0.18438385 0.04222079 0.13822378 0.27182472 -0.12309844 -0.16388522 -0.019656971 0.049964238 0.1108494 -0.22949323 0.24636082 -0.22612561 0.026932688 -0.23684172 -0.17557628 0.12424258 -0.2010249 0.079638086 0.17996751 -0.11514928 -0.007518128 -0.25570077 0.10218787 -0.24741541 -0.07089143 -0.15412359 -0.27332884 0.122087575 0.009604751 -0.13763124 -0.023452703 -0.28002203 0.27617252 -0.0018087795 -0.2889595 -0.24114142 -0.078778215 0.19101715 -6.789861e-05 -0.13884011 -0.14041004 0.2574553
COM 0.038544193 -0.19587182 0.12904023 -0.05242203 -0.061742898 -0.059806537 -0.14702876 0.16375262 0.10821518 -0.15345152 0.14959808 0.04731601 -0.162105 -0.06464561 0.16730824 0.20481877 -0.2615367 -0.011025949 -0.06592199 -0.07203306 0.029179538 0.2729371 0.15090647 -0.33766776 -0.14011544 0.2502065 -0.027942082 0.17413636 0.2669539 -0.07900722 -0.06890791 -0.049601085 -0.12789065 -0.03135051 -0.04037422 0.023911841 0.22229119 0.1245843 0.38581207 0.120967776 0.048236854 0.11599215 0.20375645 -0.27116412 0.21970804 0.095588535 0.06646724 0.034194686 0.10681581 -0.14771327 0.15000528 -0.12919985 -0.1259563 0.33152753 0.05075798 -0.061346482 0.30599308 -0.2166026 -0.14811651 -0.1501362 -0.06926882 -0.035091043 0.1710384 0.10100917 0.16887511 0.09292289 0.0010848017 0.29481792 0.128964 -0.2248072 0.16979359 -0.04511418 -0.27301005 -0.106732294 0.06134452 -0.009146936 -0.064075634 0.095907986 -0.021006946 0.0090939775 -0.13905689 -0.20915014 0.2254892 0.0835157 0.16029216 0.15264797 0.11084507 0.00021286997 -0.0053970623 0.118163615 0.031316284 -0.21811195 0.08662041 -0.042956077 0.18995664 -0.07545491 0.061508127 -0.06455418 0.064363256 -0.24374406 -0.055725582 0.15592404 -0.0962743 0.050794996 0.08079115 -0.16338038 0.13574596 -0.18658248 0.045067374 -0.25394967 0.08957267 -0.040666714 -0.0043794215 0.14808537 -0.00058691954 0.090542175 0.069248095 -0.05983757 0.04816559 -0.07957623 -0.10075712 0.013231123 -0.0868233 0.26562557 -0.1733243 -0.019045651 -0.07683107 -0.056760717
PSE -0.033385642 -0.18823266 0.092848174 0.025495365 -0.064218245 -0.006554515 -0.06257886 0.13992307 0.08525108 -0.007676083 0.1817195 0.004893089 -0.060647544 -0.068548806 0.12763214 0.2186175 -0.1331689 0.03277577 -0.07441323 -0.14736737 -0.00072515797 0.32860774 0.1336225 -0.2710943 -0.17294335 0.25752336 -0.08373391 0.13950075 0.17835797 -0.04508891 -0.040017422 -0.012223432 -0.12908831 -0.02241492 -0.08069467 0.016698932 0.2584702 0.08986336 0.3647227 0.032646883 -0.005322798 0.09085992 0.17897445 -0.18686432 0.18871091 0.09557054 0.07055912 0.014138983 0.09902699 -0.09506163 0.17971115 -0.040626608 -0.019029148 0.27617723 -0.033910897 -0.08362651 0.20816794 -0.10711622 -0.09866848 -0.05002674 -0.10647227 -0.028720187 0.13764001 0.08014691 0.16340902 0.05749115 0.04440475 0.22142018 0.049252525 -0.27892247 0.13673978 -0.057133798 -0.3068769 -0.12637015 0.053668533 -0.09897663 -0.12100987 0.036102112 -0.068145186 0.080439635 -0.092138864 -0.09987715 0.22150542 0.15615542 0.101731256 0.20878564 0.070319876 -0.10821443 -0.005849775 0.08485014 0.016767118 -0.19323234 0.11376897 0.009162886 0.1847919 -0.0885331 0.16153114 -0.015593065 0.07512891 -0.2659117 -0.046824932 0.047951326 -0.099847354 -0.013738869 0.027254738 -0.09069887 0.13729429 -0.14526826 0.028648471 -0.253106 0.09518813 -0.044317864 0.015703635 0.1114293 0.010330268 -0.056403115 0.00978411 -0.1392643 -0.020839246 -0.1301579 -0.07201881 -0.007340169 -0.133842 0.16372326 -0.1599681 -0.036053777 -0.10205036 -0.10777034
MDV 0.039196763 -0.296518 0.14519802 -0.0223805 0.071864605 -0.022800796 -0.101017416 0.44503614 0.23390411 -0.04156601 0.30040738 -0.043117613 -0.13230836 0.04472056 0.17217678 0.15417519 -0.33689073 0.17420177 0.050127435 -0.072618484 0.08439864 0.28458667 0.046443507 -0.34550974 -0.18966387 0.13346316 -0.13574433 0.19614609 0.1893801 0.07131872 0.1074679 -0.09671551 0.022075111 0.07461092 -0.16549252 -0.12652297 0.42864633 0.099828504 0.48447198 -0.011698859 -0.060645424 0.24334061 0.15012938 -0.334742 0.12506703 0.11713085 0.058332734 0.014981891 0.005977318 0.018767547 0.30014873 0.119487956 0.07606125 0.15984078 -0.14816527 0.10793631 0.369397 -0.10906787 0.04217761 -0.06519435 -0.33811563 -0.008046497 0.2647029 0.058532022 0.13970917 0.13144474 0.11011329 0.28026855 0.20698856 -0.3101144 0.034565933 -0.112263314 -0.37624803 0.016015945 -0.11380013 -0.25431493 -0.24001041 -0.10485161 -0.19091754 0.11972966 -0.17272499 -0.100270145 0.3638052 0.26973486 0.1388012 0.0720687 0.15447773 -0.070122495 0.056338664 0.02049391 0.061644096 -0.4969428 -0.103277445 0.04730843 0.0072888453 -0.093104884 0.23389907 0.12147225 0.036591135 -0.274722 -0.08110073 0.04414905 -0.19503742 -0.057854638 -0.0028654437 -0.09093054 0.03223403 -0.31498992 -0.14559457 -0.31822142 0.3085449 0.017719196 -0.0987582 0.15776873 0.15033485 -0.06867694 -0.0570426 -0.3096392 0.12894729 -0.043769985 -0.25308514 -0.20473851 -0.021035256 0.18307087 -0.08519909 0.019616708 -0.19959754 0.05455532
GUY 0.13037844 -0.14817186 0.07755485 0.241429 0.003267698 -0.060638495 0.13660084 0.062415894 -0.13938585 0.15306515 0.022745108 0.087591976 0.07905208 0.07824207 0.24526304 0.3377107 -0.0015005451 0.1475226 -0.057740226 0.15618978 0.1041612 0.19067834 -0.21716875 -0.100371026 -0.22551216 0.048834108 -0.10161261 0.24973953 0.1198342 -0.015237931 -0.0664999 -0.04790276 0.097996645 0.085408226 0.040004008 0.055704635 0.2829187 0.0127786575 0.21291307 0.18270418 -0.32864985 -0.006060915 0.18419398 0.10092634 -0.013435585 0.063817985 0.11464762 0.13670649 -0.07762269 -0.107392244 0.04675316 0.10640376 0.06961806 -0.069917 0.19962735 -0.108051136 0.12278216 -0.039709225 -0.09371672 -0.078031436 0.19118102 -0.021925543 0.13925491 0.19535632 0.10893162 -0.14820613 -0.06724595 0.05164151 -0.12555704 -0.0034844917 -0.06262046 -0.08788581 -0.2651073 -0.07894543 0.1972508 -0.028867368 0.08410596 0.024121739 0.124752305 0.1018546 0.05396711 -0.15055159 0.057549473 0.1940711 0.044655163 0.3027964 -0.028449047 -0.16466713 0.101809904 -0.08495594 0.076910965 0.018047968 -0.057514913 0.06208676 0.13214223 -0.042261776 0.062383078 -0.25885928 -0.021923218 0.055667747 -0.07019225 -0.047026973 0.06337239 0.042096864 -0.089199424 0.05816116 0.16091183 0.12914294 0.420534 -0.18955347 0.112278104 0.07441564 0.02567885 -0.04777419 0.0015532819 0.15508068 -0.10885864 -0.0320114 -0.076418385 -0.024934972 -0.12632535 0.12524578 -0.07776995 0.15753949 -0.4089458 -0.007222849 -0.2599576 -0.040347066
BFA 0.10103015 -0.118016616 0.05174515 0.18668005 0.060520217 -0.08786415 0.111656 0.12643333 -0.08849581 0.20902295 -0.0027780032 0.12846902 0.10662802 0.13799568 0.24770264 0.3484503 0.05107703 0.15313512 -0.02314648 0.1645453 0.06507706 0.25199857 -0.213756 -0.08107407 -0.20629731 0.0940744 -0.1549274 0.29437917 0.07307287 0.0024090905 -0.060388103 -0.033014942 0.12826535 0.092270605 0.040240716 0.017377483 0.37649858 -0.046402737 0.2823891 0.15952696 -0.36912602 0.011059914 0.18255186 0.090445474 -0.01613404 0.08338857 0.13844629 0.12890436 -0.08773479 -0.06211637 0.12489822 0.20386252 0.05564865 -0.11717677 0.15089454 -0.116719 0.2317727 -0.013756724 -0.023632526 -0.016444495 0.1509407 -0.04135198 0.12462998 0.17757519 0.123096205 -0.11443486 -0.08115373 0.07828095 -0.17904292 0.0083663585 -0.077487566 -0.13598666 -0.3880937 -0.08903507 0.17089267 -0.11461536 0.030825019 -0.07238284 0.09650995 0.12275962 0.07005131 -0.15348089 0.070680305 0.1842033 0.057501458 0.32899597 -0.06168407 -0.17298321 0.0299312 -0.12075845 0.018393297 -0.0058309427 -0.1369277 -0.005808592 0.05515872 -0.11505669 0.18621044 -0.28422242 -0.020676967 0.06663327 -0.040206116 0.0019680005 -0.008313614 0.08499235 -0.089583226 0.0061593866 0.08969881 0.14138532 0.389963 -0.15842175 0.12172925 0.04940298 -0.054607403 -0.054797206 -0.01407464 0.12964566 -0.2399381 -0.061674997 -0.046817463 -0.08132055 -0.17250647 0.070451096 -0.13808249 0.19977327 -0.45045948 0.035900082 -0.27543372 -0.036827084
BLR 0.17017207 -0.37078047 0.070392855 0.23017354 -0.13218169 -0.07749171 0.026767204 0.015594208 -0.1474322 0.09618803 0.32771385 0.05259213 -0.060282815 -0.07417204 0.13735332 0.19007313 -0.24084036 0.06134255 -0.31186923 -0.049339682 0.01799977 0.02106254 -0.0013000963 -0.2245695 -0.31650454 0.041496262 -0.19884546 0.05756 0.13562867 -0.022928707 -0.09356378 -0.05513987 0.28934088 0.13524258 -0.081641234 -0.12847538 0.17187554 0.06598692 -0.034623336 0.099114396 -0.2231596 -0.03033703 0.038641922 -0.008478701 -0.034623016 -0.043363206 -0.106238596 0.05479664 -0.06653543 0.014442122 -0.14771372 0.015700934 0.06787918 0.0076630064 0.11349565 -0.028919907 0.19864227 -0.020892195 -0.14417472 -0.07155708 -0.04129726 -0.015419605 -0.016271474 0.04537265 0.09407177 -0.034500368 0.19638535 -0.0114827 0.0869521 -0.20199522 0.010965316 -0.02209681 -0.18970297 -0.23919311 0.078322835 -0.115752704 0.05689599 0.09950501 -0.037120108 -0.06435552 -0.088514075 -0.14585274 0.23262858 0.34627178 -0.07948144 0.014584486 0.20195642 -0.11362381 0.21259384 0.19168189 0.07395852 0.16279355 0.15293144 0.00039405978 0.29730952 -0.023005884 -0.16536091 -0.15171964 0.020978706 0.021623936 -0.06459513 -0.10033941 0.026793202 0.06487751 0.0015678245 0.04257381 0.007761704 -0.08685769 0.1808792 -0.019148512 -0.00028352314 0.062303662 0.05469173 0.15460177 0.0052487347 0.008448462 0.1261563 0.08294902 0.18125741 0.12007745 -0.02617366 -0.09152878 0.044773422 -0.09436044 -0.063852146 -0.081067264 -0.096268326 -0.018642955
