178 128
RUS 0.05812593 -0.15109546 0.19741854 0.15067263 -0.015320317 0.0055893273 -0.21847716 0.0911161 -0.14305767 0.052976407 0.019326625 -0.04830489 -0.13601483 -0.03970823 0.045594923 0.020762892 -0.061131172 0.057536967 -0.24822567 -0.10136018 0.037350778 0.12144757 -0.06666612 0.01706028 -0.06742945 -0.0653371 -0.025848912 0.114086345 -0.24174172 -0.1479532 -0.06200764 0.13150397 0.24856162 0.1756942 -0.19955426 -0.1239243 0.15831055 -0.038809717 0.07172542 -0.12189172 -0.07511289 0.25712833 -0.085316926 -0.072340235 -0.072800204 0.008115213 -0.107843466 0.19428404 0.039527092 0.05748031 -0.2422906 -0.03197185 -0.045910556 0.11714872 0.030803215 -0.042097 0.35334665 -0.04341229 -0.07465976 0.11022533 0.004191478 0.18871203 0.26007 0.18048799 0.20354559 -0.008438419 0.029450674 0.009060736 0.12050129 -0.09496631 -0.03646347 0.09450919 -0.17581199 -0.31841397 -0.018573258 0.009939093 0.0040110755 -0.017547518 -0.17116447 0.13787185 -0.12486887 0.1385345 0.15458378 0.15265352 -0.17905529 0.19013445 0.08756574 0.051771745 -0.278423 0.03871653 0.0032837442 -0.17687911 -0.045550186 0.10929 0.14249018 0.07407345 -0.16182646 -0.21196398 -0.18890746 -0.12642121 0.0570532 -0.023724262 -0.07766417 0.1611742 0.19845928 -0.13843273 0.17354906 0.32942644 0.34460434 -0.07482979 0.017715726 -0.04266663 0.13514331 0.16955888 -0.07030616 -0.03387171 -0.019267904 0.06429722 0.021441225 0.041427977 0.16717248 -0.1548773 -0.011887152 -0.006836535 0.031858034 0.2392539 0.01248899 0.11308602
USA 0.31024975 -0.07187449 0.20163132 0.054839 0.11273686 -0.26771283 -0.22212899 0.20086588 -0.10983816 0.28373125 0.46631742 -0.047560483 0.020758722 -0.2403599 0.20659739 0.1737055 -0.07866622 0.03411279 0.08177074 0.045792513 0.023287361 -0.117413975 -0.123869285 -0.37382525 -0.18237095 0.1999196 0.07689729 0.25304767 0.16104206 -0.030771693 -0.13928206 -0.012969836 0.039715238 0.29220662 -0.0528669 0.09853871 0.147538 0.02766575 0.15514451 0.079400904 0.013884557 -0.008475929 0.13603786 -0.14738338 0.30997622 -0.17236462 -0.028723203 -0.20517729 -0.07572175 0.19670053 0.065754995 -0.17195456 0.007900827 0.32930076 0.2173092 -0.2778817 0.22215106 -0.02349266 -0.052570138 0.13972493 0.0014875071 0.24883074 0.09813072 0.12712884 0.14075856 -0.060543504 0.16302815 0.2160986 0.040174626 0.099804744 0.07305069 -0.01751054 -0.2438555 -0.14203563 0.12171338 -0.08252039 0.18820037 -0.07128661 -0.22891009 0.12372672 -0.21083963 -0.2609223 0.113932766 0.29722863 0.15235354 0.011669783 0.21556649 -0.20484315 0.036519065 -0.0374987 -0.160005 -0.21553493 -0.071057156 -0.2343481 0.23872244 0.031632748 -0.016061617 -0.26410034 -0.02499596 -0.03874413 -0.069026776 0.06626045 -0.016325325 0.04891599 -0.045440912 -0.18502283 0.024577228 0.16867155 0.006038687 -0.016989516 -0.048121102 0.04946684 0.08672618 0.14890572 -0.14230542 0.11441388 0.22583511 0.044289965 -0.02134589 -0.04256448 -0.24192049 0.051859505 -0.10703934 -0.11818158 0.00084352185 -0.005780085 0.14546469 0.005856542
ARE 0.20322196 -0.28035298 0.17287487 -0.07728181 -0.028987775 0.0316506 -0.17338802 -0.13051991 -0.1846133 0.4028792 0.23448527 -0.097094215 0.05906281 -0.23512352 0.21344471 0.13644433 -0.042657133 0.19228072 -0.08870268 0.06460649 0.019366145 0.16250144 -0.14267552 -0.11661512 -0.047958437 0.047920693 -0.16281827 0.024480062 -0.05075598 0.32381475 0.05167327 0.050636582 0.0655165 -0.074566245 -0.0017921524 -0.19919534 0.22083384 0.07591933 0.17726916 0.042354867 0.040433828 0.18684661 0.13203889 -0.050283473 -0.009251846 0.08919308 -0.105028614 -0.026056029 -0.009404532 0.13145609 0.29188642 -0.026744604 0.0071802717 0.041670743 -0.003813184 0.095131345 0.19031623 -0.2290272 0.13176683 0.07983117 0.026177242 0.08771235 -0.13105965 0.33574012 0.10994888 -0.30353996 -0.05767763 0.035212964 -0.01968066 -0.14695607 -0.0007785019 -0.1542531 0.046539962 -0.011469798 0.16172595 -0.124383524 -0.16222905 0.015293928 -0.13007246 0.20785078 0.08085734 -0.12785256 -0.02188339 0.28784332 0.059197593 0.19380988 0.14438154 -0.0047784345 0.03105513 0.005006168 -0.21825339 -0.0440272 0.00057798694 -0.0042528044 0.3556803 0.03448695 -0.1688389 -0.3187253 -0.30565715 -0.27180803 0.008044098 0.08506429 -0.016018867 0.054933567 0.16181871 -0.11037497 0.1305881 -0.17563707 0.17287816 -0.059150033 0.3461454 -0.16110985 -0.061612085 0.06301192 -0.05562806 0.10903362 -0.08433588 -0.08791019 0.10194529 0.05881922 -0.07467664 0.041465823 -0.06275436 0.13794601 -0.19909696 0.072397724 -0.1352111 -0.11957505
SAU 0.16456209 -0.1670339 0.27085057 0.116691284 -0.0053986935 -0.15790339 -0.18340047 0.0025445444 -0.12602569 0.2099474 0.20960721 -0.1973759 0.011484729 -0.23389493 0.15223962 0.024061834 -0.21583362 0.18919018 -0.09364791 0.09938511 0.028022159 0.13182694 -0.029085426 -0.027092269 -0.036810864 0.028594498 -0.13476285 0.11998054 -0.18167421 0.19499445 -0.07399584 0.120192744 0.08525388 0.021571511 -0.012137705 -0.123445466 0.10276146 0.11979307 0.13748352 0.05824429 -0.06977308 0.10664077 0.10447834 0.03224025 0.02441658 -0.013230648 0.075208366 0.032790165 0.12074746 0.10784509 0.10784383 -0.07677027 -0.1743941 0.037401315 -0.012919396 0.031402476 0.22032255 -0.1784939 0.025013346 0.14414997 0.024119701 0.146204 0.12191022 0.104045466 0.10411624 -0.11010494 0.06124497 0.039585978 0.18756561 -0.020011382 -0.07229815 -0.033041127 -0.08121003 -0.22398879 0.11131825 -0.056009017 -0.03672814 -0.07364724 -0.13274854 0.18865068 -0.067236535 -0.092353314 0.15583518 0.26127958 -0.016103316 0.14029945 0.119183645 0.011071598 -0.10567648 -0.026192648 -0.20803294 -0.14430541 -0.021167433 0.0014694135 0.2882402 0.111556716 -0.1977153 -0.101458855 -0.10181631 -0.20002495 -0.0076025515 -0.043973725 0.057103604 0.2185483 0.04482572 -0.02257357 0.28413394 -0.03870185 0.09524407 -0.07759236 0.1203131 -0.06987901 0.045325864 0.0635999 -0.1748648 -0.037588533 0.03391942 -0.08317956 0.024333354 -0.021890474 -0.04814007 0.047631767 -0.1958289 0.10765647 -0.07112222 0.052449495 -0.067516 0.045684043
ZAF 0.07537632 -0.43958768 0.10556421 -0.0076101446 -0.3179367 -0.027013287 -0.26035032 0.01326859 -0.16105625 0.30219233 0.1669025 -0.012172444 0.27862138 -0.068662785 0.2807842 0.054350503 -0.23585017 0.2825962 0.004096999 -0.04721473 -0.05439779 -0.13770632 -0.10484797 0.2955681 -0.13693292 0.10181612 0.23487549 -0.07937189 0.08519999 -0.017342374 -0.11874656 0.05231792 0.13058813 0.05582717 -0.07577937 -0.0170723 0.07773581 -0.07123261 0.1324324 0.08710543 -0.11966512 0.1698476 -0.1320497 -0.046733446 -0.0023581826 -0.16749762 -0.12643394 -0.054392233 0.25780013 0.24906945 0.1102086 -0.17349274 -0.18355879 0.13199513 0.0248158 0.03789069 0.020784762 -0.1588153 0.10547785 0.124665976 0.06693176 0.38216248 0.13238698 0.6039252 -0.11474588 -0.07228946 -0.073757626 0.06420719 0.29732934 -0.13302429 0.063330024 -0.18133083 -0.37495595 -0.34091327 0.22469757 -0.022550186 0.04957725 0.020943064 0.12589228 0.32695457 0.15478715 -0.30734077 0.42277554 0.3647638 0.06146398 0.019191615 0.07738016 -0.06669538 -0.02894653 -0.073390745 -0.047291446 -0.070626274 0.073611885 0.050115425 0.6051669 0.075413935 -0.19163574 -0.11532043 -0.044404373 0.048382256 0.14482893 0.16574346 -0.24240887 0.12358457 0.21140909 0.051860396 0.06833988 0.046517704 0.20944959 0.014431516 0.27338096 0.09262694 0.07295695 0.13390024 -0.21077351 -0.06160367 0.15259323 -0.254982 0.055283967 0.120721355 0.008189178 0.057463612 -0.11072153 -0.00986032 -0.24617259 0.023771478 -0.030025607 -0.13508403
KAZ 0.18639734 -0.15736735 0.2264828 -0.009029993 0.008012382 0.0885049 -0.3408734 0.007449805 -0.23865883 0.19851927 -0.135064 -0.02792312 -0.083584435 -0.07089288 -0.0335543 0.010951141 -0.17938791 0.0960206 -0.115116864 -0.03556106 -0.061845336 0.09593257 -0.05139032 0.18139964 -0.039502185 0.12970926 -0.037897743 -0.025698677 -0.2669936 -0.053468697 -0.0415327 0.18812768 0.20031743 0.14085844 -0.094338946 -0.029956331 0.063201725 0.04847436 -0.044189133 -0.13951579 0.04105466 0.1908575 0.101134926 -0.1450769 -0.14041466 -0.07910397 -0.024920281 0.121688806 0.08289661 -0.053867437 -0.3286669 -0.24324958 -0.08401158 0.04498079 0.22717966 0.07114881 0.36884135 -0.02568552 -0.09572812 0.005105155 0.040741645 0.26758128 0.15995446 0.34999764 0.14565603 -0.13631351 0.029785102 0.06821118 0.10572305 -0.13760604 -0.043819424 0.016690385 0.11222771 -0.2541882 -0.07805773 0.17069562 0.035244558 -0.15406902 -0.21011384 0.031323276 -0.1869924 0.09702254 -0.07424606 0.15438949 -0.27527994 0.16442692 0.056834165 0.12658012 -0.10665227 -0.10102051 -0.07721958 -0.27101925 -0.071468614 0.119728126 0.25572067 0.16823085 -0.39912325 -0.18026526 -0.2263888 -0.035098918 0.07938238 -0.07708522 -0.087970324 0.09670572 0.31489116 -0.19017348 0.20846792 0.37869033 0.21140918 -0.072159655 -0.021587605 -0.17676973 0.059331678 0.1948982 -0.31544277 -0.012264349 -0.1539514 -0.058816846 0.0066688005 0.06258699 0.23950568 -0.05893369 -0.2398382 0.11050803 -0.017979834 0.32207885 0.12217031 0.17176199
VEN 0.19503137 -0.23950848 0.22018562 0.18405655 0.15480985 -0.2961319 -0.47665408 0.051978175 -0.09070738 0.2998183 0.35469276 0.14545242 -0.15744077 -0.11253257 0.21204387 0.21248856 -0.13065277 0.044756766 -0.006916346 -0.025506686 -0.038058467 -0.14274415 -0.09592362 -0.2069968 -0.16845909 0.28461808 -0.07359356 0.2038737 0.115414485 -0.22511178 -0.014900672 -0.037380308 0.096158974 0.46246737 -0.10986172 0.22268668 0.40980837 0.033431664 0.19127904 0.015633687 -0.0712888 -0.09245008 0.18026362 -0.16622773 0.28102162 -0.09373154 -0.024235606 -0.09585697 0.02150599 0.27614266 -0.06820403 0.0045454022 0.113732524 0.43692687 0.12931299 -0.24890697 0.31735438 0.16370815 -0.062028576 0.25748155 -0.10085481 0.1316664 0.1831025 0.06604751 0.2783379 0.05490497 0.18050623 0.24270518 -0.047240037 0.06740693 0.15327834 -0.30781987 -0.32792425 -0.19585875 0.15773301 -0.065241925 0.23998804 -0.1924794 -0.098007284 0.0131382905 -0.31704256 -0.25541368 0.0574256 0.36256504 -0.09015838 0.09045255 0.26921272 -0.31941783 -0.07189102 -0.10004746 -0.1596872 -0.1839554 0.11114023 -0.30070812 0.28604612 0.08027335 0.017123343 -0.27678764 0.012603852 0.057027392 -0.31374076 -0.021518499 0.03755402 0.045852497 -0.021338478 -0.05239977 0.11964855 0.2646449 0.10208158 -0.26382655 -0.2858682 -0.021611344 0.1331636 0.12207426 -0.034026258 0.13571306 0.03493807 0.16341841 -0.0792466 -0.13238193 -0.110723875 -0.01505423 -0.03725274 -0.031146683 0.06000449 -0.030937137 0.23372379 0.06932252
NGA 0.15703347 -0.14518717 0.23952141 0.11269453 -0.040447574 0.07719384 -0.1735117 -0.051126905 -0.09777833 0.21092914 -0.06916556 0.050610907 -0.14039399 -0.19074577 0.12119732 0.120428704 -0.061889574 -0.13569663 -0.2557143 0.13083504 0.057900477 0.098204866 -0.10970949 -0.002321099 -0.16387926 0.18682899 -0.087714255 0.16860272 0.17520174 -0.0639862 -0.15711197 0.18507329 -0.17289917 0.03239058 -0.08519237 0.13057338 0.19521877 0.027451565 -0.002661951 0.04979803 -0.08042899 0.14845002 0.090826385 -0.088520445 0.13662349 0.04065393 -0.0022358494 0.08540284 0.05271814 -0.054833706 -0.03663213 -0.06324905 -0.06714964 0.25231427 0.09631282 0.023876578 0.25832227 -0.089519754 -0.03593812 -0.062875815 -0.122272804 0.13598347 0.26468658 0.43115944 0.174849 0.070925266 0.06620656 0.1864582 -0.09517161 -0.26261577 -0.030047556 -0.150251 -0.41575652 -0.09212822 -0.07453666 0.08929733 0.18616623 -0.2588503 0.08584455 0.17992976 -0.13043024 -0.20804572 0.23022664 0.13398592 -0.03718891 0.1397404 0.122425094 0.044127237 -0.003739476 -0.034837194 -0.31318995 -0.31118867 0.019425064 0.09964604 0.14561212 0.16045341 -0.06456418 -0.07789563 -0.06567079 -0.037903134 -0.1495236 0.21239972 -0.04627201 0.20980473 -0.101161785 -0.002957048 0.23654138 0.028101048 -0.100135274 -0.20646812 0.02260889 -0.2739624 0.008500337 0.09224629 -0.0020108111 -0.059915096 0.06440075 -0.13019401 -0.014650276 -0.14508504 0.08522674 -0.15166414 0.09197787 0.08769773 -0.07799342 0.0019660662 0.023623692 -0.049749255
FRA 0.2042371 -0.11695162 0.1163898 -0.13863339 0.1319811 0.00863476 -0.09464335 0.029414153 0.12713397 0.23191424 0.03507912 -0.058343437 -0.055518717 -0.18277234 0.17327413 0.113498345 -0.046785656 -0.083228625 -0.120707504 0.23162118 -0.14225526 -0.11141648 -0.07717497 -0.10465459 -0.15301381 0.22033727 -0.04935141 0.08619732 0.021897342 0.10115315 -0.11882433 0.141398 -0.11486303 -0.09876996 -0.07389021 -0.09985708 0.11507307 -0.08567371 0.17844038 0.12455391 -0.060802523 0.20410848 -0.08904718 0.03955931 0.13838004 0.24313504 -0.22082402 0.21117087 0.0621542 0.15361416 -0.13832095 0.08847157 0.054941144 -0.03907378 -0.18407938 -0.10372148 0.18498804 0.14615361 0.07085735 0.21789697 -0.36619246 0.018912418 -0.042109717 0.305572 0.17516428 -0.07146975 0.0013399546 0.021799516 -0.034568954 -0.13215071 -0.15969959 -0.0476635 -0.013440023 -0.113163054 0.1131447 -0.31425512 -0.07790604 0.11390286 -0.2519786 0.13580573 -0.08814946 -0.20237009 0.12302379 0.14694412 -0.022088623 0.063438885 0.1752307 0.13406323 -0.13843572 0.051794577 -0.17767759 -0.1867698 0.14363492 -0.00459688 0.06484913 0.08122879 -0.14523092 -0.35842377 -0.047137182 -0.20949139 -0.0959057 0.063074626 -0.036497477 0.274048 0.28014225 -0.15112162 0.03037408 -0.16610338 0.26260957 -0.050658375 0.074219115 -0.20935489 0.057949286 0.15353274 -0.18840843 -0.07906733 -0.13465752 -0.11436857 0.058425903 0.049029756 -0.08667931 -0.38436535 0.10146615 0.102191724 -0.09008811 0.037831437 -0.0110245375 0.0123290485
DZA 0.26109567 -0.04479557 0.13645796 0.15986879 0.16037418 0.1568394 -0.3077504 0.0013390827 -0.17719497 0.06670718 -0.041385148 0.0890471 -0.16987923 -0.023188177 0.1704201 -0.009975697 -0.08750752 -0.101901926 -0.34719372 0.24753582 0.038368322 0.0019120969 -0.14234556 -0.05908291 -0.05213278 0.18180732 0.097102754 0.14799866 0.051194683 0.1141746 -0.15787743 0.23625319 0.06272527 0.040275984 -0.19815212 -0.012052123 0.010159 0.04404733 0.10102129 -0.24980685 -0.0713225 0.3596707 0.17005192 -0.103092685 -0.06801496 -0.04070465 -0.1150296 0.09796633 0.05779408 -0.091367714 0.18060385 -0.18509945 -0.0017917505 0.30750063 0.030134263 0.05508541 0.36259 -0.040192027 -0.004925721 0.08137932 -0.21918672 0.16413228 0.10694804 0.12542537 0.23411229 -0.0020390865 0.074662864 0.09721605 -0.028303677 -0.0026557685 -0.10645253 0.11348528 -0.088089146 -0.18798669 0.06380664 -0.006953982 0.14841521 -0.11870652 -0.33616385 0.23434362 -0.19315833 0.045992162 -0.13533221 0.03933074 -0.059915088 -0.024604145 0.10016448 0.0038069698 -0.18228126 -0.03628142 -0.20372014 -0.29493138 -0.026610117 -0.10935373 0.15187992 -0.057677843 -0.031521082 -0.24415426 -0.19962013 -0.23907277 -0.16356128 0.031666074 0.023146268 0.09454976 0.03978511 -0.11421511 0.20302193 0.4122398 0.18749483 -0.10969097 -0.028719407 -0.3375033 -0.091537766 0.1798204 -0.01890448 0.006735951 -0.010976857 -0.07203216 0.057778493 0.10231494 0.12337331 -0.19081047 0.012715609 -0.025685385 0.059293102 0.17898239 0.036512833 -0.14977823
IRN -0.03920357 -0.13430937 0.21360053 0.093815945 -0.14877243 -0.16081488 -0.037353884 -0.12948993 -0.021149483 0.20773026 0.10259675 -0.05218821 0.13231318 -0.22393057 0.15272936 -0.09250319 -0.09411914 0.3642619 -0.058581013 0.076700985 0.010589085 0.27427483 -0.031212324 0.25628453 -0.0044877394 -0.11575135 -0.20707914 -0.03601634 -0.26532924 0.15227942 -0.082159035 0.25868797 0.16066615 -0.017388603 0.013923531 -0.05670969 0.2556982 0.13100739 0.15634008 0.029723244 -0.17594652 0.15531252 -0.08531317 -0.01213076 0.07080009 -0.07092511 0.035637334 0.15544692 0.1994697 0.2211108 -0.027291268 -0.11237219 -0.21565175 -0.056449242 0.026035802 0.07980538 0.1983757 -0.07178739 0.013035135 0.013543106 0.071911216 0.23147583 0.199308 0.2548081 0.16190463 -0.329348 -0.1278114 0.11904912 0.29121748 -0.13715881 -0.10573317 -0.09955547 -0.06499095 -0.35402498 0.007820715 0.0120213 0.019325556 -0.05835516 -0.17319727 0.18010266 -0.026161235 0.019685443 0.2338258 0.33480015 -0.19848095 0.2824402 0.2542391 -0.0075889807 0.055896677 -0.019362152 -0.14957386 -0.24314193 -0.21832122 -0.0018638461 0.5272835 0.19967297 -0.24326469 0.0009662336 -0.1393572 -0.18966432 0.12488847 -0.14506328 -0.036177672 0.32921097 0.11284607 0.09312292 0.3682777 -0.004906373 0.062728845 -0.06914388 0.20244826 0.041029878 0.07290045 0.18087399 -0.3430488 -0.20134759 -0.016093003 -0.20679067 0.012902221 0.12636209 0.13716623 0.049095664 -0.29516155 0.008993242 -0.056462802 0.229497 -0.031974193 0.099462375
IND 0.46997544 -0.3660402 0.45644554 -0.24860314 -0.068784 -0.23288187 -0.11958423 -0.0759106 -0.018114403 0.3634981 0.2649898 -0.30424783 0.07186535 -0.29781145 0.1554504 0.20575891 -0.03911242 0.049435053 -0.253485 0.20392756 0.106420584 0.1324915 -0.18544134 -0.123019524 -0.04843157 0.06948102 -0.02441765 0.07611611 0.2332855 0.3225301 -0.10052963 0.16578108 -0.08810583 0.0218263 -0.017375544 -0.057807986 0.297063 0.22173078 -0.035385787 0.17703165 -0.38735688 -0.0530939 -0.095235646 -0.07304489 0.2945383 -0.07939011 -0.16614452 -0.16356875 -0.1819887 0.32281047 -0.029116787 0.08266339 -0.17093642 0.14521703 -0.030746646 0.07574462 0.14060438 -0.038981296 -0.03195188 0.14329757 -0.11656201 0.25387564 0.23213929 0.2532402 0.05943879 -0.13110374 -0.10930697 -0.05562876 0.12491961 -0.118854046 0.06513954 -0.23409085 -0.31329098 -0.14861313 0.04470367 -0.13386029 0.03919406 -0.03260869 0.05979305 0.09400024 0.13448478 -0.31762788 0.26346105 0.24684745 0.0149124535 0.2832459 0.06916632 0.02371211 -0.019121084 0.06927226 -0.37472692 -0.048917677 -0.049230494 -0.013156407 0.1881361 0.21894458 0.032281086 0.0073580444 -0.11814664 -0.02611515 -0.038818307 0.15626802 -0.14044137 0.32500067 -0.0041848263 0.17514163 0.124548666 -0.36929944 -0.1204159 -0.073515706 0.10288101 -0.053446088 0.007883055 0.048388183 0.011585573 0.003326783 0.09110976 -0.27477875 -0.09788292 -0.0045930166 -0.19233501 -0.1740181 -0.052246384 0.21397124 -0.020072224 0.05109728 -0.29327664 -0.091003366
NOR 0.12666692 -0.20140623 0.050658736 -0.05010866 -0.021554383 -0.05422151 0.023680724 -0.037779268 -0.050901566 0.080774695 -0.03313175 -0.113436885 0.00069961656 -0.08937749 0.033462968 -0.019599436 -0.003932628 -0.045747258 -0.18867423 0.08013468 0.108017184 0.04416714 -0.12799056 -0.013988837 -0.020248486 0.11427643 -0.011973761 -0.02716684 0.09572362 0.04304171 -0.21094963 0.15190949 0.11530132 0.044362362 -0.19979341 -0.11277153 0.042436134 -0.0723328 0.16578902 -0.12654997 -0.16770926 0.23404785 -0.124395154 -0.09852194 -0.07396536 -0.062242646 -0.22252083 -0.0013546223 -0.05882737 -0.02955332 -0.028394539 -0.14568855 -0.034735292 0.1255782 0.01615633 0.017674066 0.24581744 0.01924857 -0.0939148 0.025325183 -0.1615934 0.23605552 0.09577886 0.12198421 0.13243221 -0.20285344 0.040007982 -0.0053140502 0.05323523 -0.16613983 -0.10469914 0.1414794 -0.1725206 -0.18649296 -0.0320416 -0.024619978 -0.07343784 0.10281129 -0.3182199 0.24737109 -0.22136815 -0.003660425 0.10432804 0.11438435 -0.003171628 0.07266538 -0.05345871 -0.007362396 -0.10750819 0.12345404 -0.1440638 -0.1504334 0.008615059 0.052935906 0.19986925 -0.047502518 -0.22676265 -0.22573479 -0.24023949 -0.110832445 0.061623726 -0.05338564 -0.14286642 0.15265946 0.2705481 -0.09520616 0.015368757 0.25609046 0.4469692 0.015528707 -0.0031925507 -0.19304463 -0.01540785 0.28627104 -0.33380112 0.098891325 0.0063690534 -0.15898147 0.20338781 0.3311001 -0.011780078 -0.26169348 -0.25266138 0.050846215 0.06963996 0.123741984 0.12838325 -0.024857707
BRA 0.2677702 -0.08059852 0.1491525 0.29749674 -0.05788755 0.011824785 -0.14120151 0.123169474 -0.18224719 0.09270173 -0.045294356 0.03389196 0.03396855 -0.15901263 0.012469346 0.13659911 -0.0814664 -0.079145715 -0.1550048 0.017846348 0.024218133 0.03542351 -0.1911405 -0.28696045 0.04698455 -0.0047474005 -0.11056914 0.14720914 0.13025822 0.049077507 -0.15837464 0.14703538 -0.05548058 0.13816924 0.10353168 -0.0055971146 -0.015368746 0.111781806 0.026190931 0.122952625 -0.07542841 0.049355637 0.2615603 -0.042367183 0.18091395 -0.091851644 -0.11595587 0.13075355 -0.03816525 0.003989443 -0.022238333 -0.14201045 -0.06509763 0.39279908 0.13839261 -0.01934086 0.25569555 -0.19758391 -0.022609904 0.1529557 -0.10350665 0.16210541 0.198708 0.3542289 0.07876296 -0.06249503 0.18513379 0.18299653 -0.066840544 0.0743311 0.12244129 -0.0134411985 -0.20196456 -0.033886783 0.1304628 0.066114165 0.13012168 -0.26555008 -0.07312839 0.057952087 -0.2416279 -0.36349663 0.07841536 0.28472757 -0.05670639 0.12391025 0.15770632 0.086492166 0.03970908 -0.060718328 -0.05812204 -0.3481534 0.010318435 -0.062350016 0.22579801 0.13948278 -0.13268243 -0.22995761 -0.30906984 0.0020295312 -0.073740356 0.17031036 0.13175906 0.037006225 0.03867744 -0.22777644 0.27444848 0.012986051 -0.009469321 0.004331515 0.18992242 -0.15132773 0.122638285 0.18256693 -0.20203775 0.13885051 0.05908233 0.052125458 -0.05518471 -0.12071795 0.03221499 -0.043426447 -0.019664241 0.12035793 0.027002562 0.11221988 0.1885678 -0.030232638
GBR 0.118122816 -0.28258604 0.089301676 0.1531311 -0.11527081 -0.02940799 -0.030748645 -0.08642351 -0.12972602 0.12263592 -0.041882023 0.023163946 0.013609115 -0.04088494 0.18917884 0.092431866 0.029259214 0.04335908 -0.19267279 -0.01843738 0.09906817 0.06782022 -0.17806442 -0.0071185166 -0.063112035 0.10535259 0.13941482 0.039751682 0.18548301 -0.09870514 -0.23499809 0.118231125 0.12594138 0.078005254 -0.24075672 0.054580778 0.077830106 -0.06638427 0.15540268 -0.21635988 -0.10902136 0.25492558 -0.0608862 -0.09796182 -0.09640617 -0.11178112 -0.20772617 -0.023655389 -0.054972712 0.06182398 0.21588221 -0.15711121 0.09154298 0.33035818 -0.023840804 -0.028823556 0.23157015 0.0027252443 -0.1434798 0.04720481 -0.19933985 0.2239297 0.18258594 0.107915945 0.13514982 -0.06548517 0.15951443 0.04389157 0.010980557 0.0010206632 -0.007517432 0.11374768 -0.4041095 -0.22638264 0.13426702 0.050582886 0.0050431257 -0.0023259772 -0.19805992 0.1849044 -0.17906614 -0.027580326 0.09354777 0.14814556 0.057165638 -0.021484086 0.032698505 -0.27681273 -0.18876904 0.10223726 -0.029701058 -0.18108788 0.12510276 -0.15807967 0.36415035 0.006472109 -0.09333146 -0.35604858 -0.16750072 -0.11977928 -0.008735453 0.049012944 -0.11438375 0.015256822 0.25539905 -0.08519112 0.02309845 0.38549885 0.400117 -0.09497334 0.032905415 -0.1967771 0.011754667 0.17073172 -0.08085251 0.17635638 0.10282073 -0.037006248 0.12120445 0.260398 0.060942873 -0.11952116 -0.12940834 -0.03457695 0.098561384 0.083254255 0.050096855 -0.0873473
SEN 0.17131937 -0.15088707 0.093764074 -0.17451218 0.0029853245 -0.0819607 -0.11087362 -0.27525687 -0.008988187 0.5649892 -0.022303646 -0.089387305 -0.22321478 -0.22461022 -0.09437572 0.29662156 -0.23385836 -0.1906184 -0.3822247 0.23670878 0.0694214 0.24740012 -0.25991988 0.022043983 -0.22405007 0.27558514 -0.27358708 0.006661866 0.25747156 0.105866805 -0.32778442 0.31317872 -0.20555887 0.02586324 -0.11211867 0.118601434 0.4554103 0.1410314 0.100412264 0.021729652 -0.13025483 0.09191815 -0.16135117 -0.13457724 -0.00023896177 0.11029265 -0.2821062 -0.2110617 -0.24914517 -0.15578617 -0.18897487 0.1767636 -0.102021515 0.1033136 -0.0017533799 0.024505012 0.31119442 0.14326547 -0.24971525 -0.18427536 -0.3096155 0.21291138 0.24410538 0.3151695 0.30811805 -0.18161137 0.051310077 0.018835835 -0.13397813 -0.49398482 -0.16642386 -0.0899241 -0.37748814 0.09498365 -0.30415538 0.08683784 -0.022016078 -0.10329694 0.10945215 0.33914098 -0.24735364 -0.31897998 0.17419294 0.22817229 0.06037128 0.1904449 -0.054153383 0.014013101 -0.05786229 -0.0014040448 -0.4008757 -0.26957893 0.07489378 0.10313283 0.14069094 0.13208833 -0.29156098 -0.11258989 -0.20161095 0.06363331 -0.2613859 0.03319363 -0.2331927 0.1567853 0.10982172 -0.027768953 0.25218496 0.016396984 -0.04252256 -0.33267373 -0.024611056 -0.34441173 -0.03647851 0.14862047 -0.10443732 0.14715537 0.0053877803 -0.0058869906 0.073736265 0.13020743 0.082936205 -0.22313766 -0.21046107 0.39500138 0.010854276 -0.22017942 0.0023208128 -0.013436753
NLD 0.12902348 -0.07753968 0.22827734 -0.13357928 0.11666438 -0.040339403 -0.12349168 0.00033750973 -0.123978965 0.18360479 -0.072832465 -0.23036003 -0.102418676 -0.023966659 -0.017111845 0.0424876 -0.09012463 -0.008944349 -0.3279795 0.0653642 0.08929388 0.071925506 -0.05221101 0.05486508 -0.07926203 0.09872318 0.057902783 0.08574447 -0.12709287 0.052993014 -0.24425621 0.271962 0.08401169 0.08934636 -0.19868937 -0.028762087 0.055879362 0.012980127 0.0875755 -0.1773606 -0.050465263 0.25565875 -0.1891159 -0.094251215 -0.12168498 0.047597628 -0.227168 -0.08383751 0.032085847 -0.18416578 -0.28305337 -0.060989443 -0.094765276 0.11071406 0.052954454 -0.05554999 0.2808322 0.15158045 -0.20404407 -0.021333445 -0.014889361 0.3118525 0.20941634 0.005959895 0.22278108 -0.14542432 -0.04192453 -0.026417937 0.19219323 -0.28628194 -0.16752648 0.09807111 -0.12721375 -0.23103026 -0.15302628 -0.0077620717 -0.048056707 -0.025596585 -0.23938254 0.29092395 -0.20550202 0.02067507 0.1999022 0.113333635 0.0036302642 0.067075536 -0.078847185 -0.061987013 -0.2775084 -0.055540927 -0.11910515 -0.2523376 -0.027489198 0.26242357 -0.05670332 -0.046914462 -0.35359088 -0.10938976 -0.27352944 -0.17182131 0.024688413 -0.11580264 -0.17565376 0.259983 0.17484197 -0.09914532 0.10348457 0.29568395 0.40300912 -0.11288088 -0.15585874 -0.22226186 0.094324484 0.23091826 -0.30550817 0.048190497 0.11516254 0.01737476 0.11471108 0.25282535 0.12421138 -0.10167731 -0.230004 0.17726538 -0.014167411 0.12665425 0.11019124 0.075634964
ESP 0.107430615 -0.02744922 -0.019310795 0.19603097 0.15519923 0.034362096 -0.23866144 -0.07873634 0.011529573 0.10016573 0.23992284 0.2186065 -0.08295733 -0.21616736 0.26423758 -0.08131889 0.03561111 -0.25522003 -0.31611013 0.082213886 -0.11741573 0.085628785 -0.23142071 -0.061222892 -0.09338231 0.30247578 -0.13215993 0.0694997 0.18775687 -0.024231238 0.04945969 0.16702007 -0.087085605 0.06705857 -0.091598906 -0.030667149 0.13983522 -0.019587832 0.13322721 0.09868629 -0.21281858 0.1866326 0.040521644 -0.031969104 0.31665072 0.06096317 -0.24520744 0.26692745 -0.012554832 0.20521891 0.059980687 0.0027196384 -0.006873261 0.23740941 -0.015998488 -0.06667274 0.22935887 0.047290526 0.011412995 0.08295998 -0.25573173 -0.009398724 -0.058183856 0.2814458 0.32104707 -0.06364945 0.15718174 0.06898031 -0.17878854 -0.12556928 0.053799614 -0.07767809 -0.17931676 -0.051725354 0.0057149283 0.022683429 0.090521425 -0.094820656 -0.16728915 0.19246112 -0.10289405 -0.16614203 0.019091638 0.12534116 -0.23242821 0.20926502 0.22956146 0.021756561 -0.063954085 0.0858574 -0.23739074 -0.10681692 -0.06463678 -0.15814075 0.12681031 0.11656827 0.013533705 -0.2645709 -0.28109244 -0.12493673 -0.26404092 -0.03906384 0.13338473 0.31120536 -0.0012216729 -0.1561677 0.28960752 0.10892013 0.1366992 -0.09059438 -0.13601138 -0.18235189 0.05986134 0.2023458 0.017998323 0.046491995 -0.20899081 -0.03684211 -0.012343971 0.041256774 0.0079685245 -0.3547316 0.10142947 0.03496262 0.11937151 0.15047237 0.25221536 -0.15964869
ECU 0.26183134 -0.19975391 0.01951997 0.14194977 0.21513742 -0.3146792 -0.46199402 0.11849247 -0.048438575 0.28844842 0.44376543 0.19683138 -0.038568623 -0.15439878 0.25453168 0.23002918 -0.07264035 -0.035260882 -0.07285517 0.034338713 -0.14110108 -0.22649287 -0.23057875 -0.2922521 -0.14259346 0.2692886 0.03147088 0.16237193 0.19105095 -0.17153184 -0.029615544 -0.02333145 0.07365025 0.35915324 -0.03528972 0.17366609 0.29040876 0.07186081 0.17257038 0.110166095 -0.09679075 -0.099948354 0.092084475 -0.04946431 0.42917553 -0.055223484 -0.20977038 -0.05320643 -0.060532965 0.3701147 -0.072219856 0.1125119 0.18046385 0.52600497 0.03384303 -0.33685353 0.24160402 0.22578998 0.016573805 0.41055658 -0.20951195 0.10682273 0.13614549 0.15290861 0.2760059 0.042376265 0.22896883 0.22188252 -0.10369648 0.1292531 0.24363191 -0.212632 -0.22135206 -0.11532541 0.22176667 -0.11844321 0.07635758 -0.15056872 -0.16191006 0.07645474 -0.19912672 -0.44051158 0.07323637 0.35532075 -0.059160095 0.099049 0.24669252 -0.24117021 -0.14132012 -0.15662317 -0.100090094 -0.10829205 0.110756546 -0.30240026 0.16574942 0.07370708 0.0740976 -0.28784698 -0.096971795 0.016828317 -0.3487438 0.014364815 0.10127664 0.103175566 0.020331388 -0.15084222 0.16406418 0.2282516 0.12321264 -0.15706994 -0.20948046 0.07447452 0.23827325 0.19615693 -0.007671706 0.12615536 0.05768024 0.14681351 -0.11768224 -0.033396136 -0.15309344 -0.16976926 0.04456952 -0.054041214 0.11294896 0.012418195 0.37125528 -0.01826398
AUS 0.46069336 -0.08121146 0.43218225 -0.20935212 0.39838108 -0.22549437 -0.025602873 0.021824222 -0.10758325 0.3276005 0.3220103 -0.5501269 0.13305478 -0.43638155 0.05233672 0.27746615 0.087874524 0.10952607 -0.24775343 0.26180336 0.017022206 0.12003101 0.045837533 -0.19840679 -0.19656967 0.13055986 0.06678142 0.42535827 -0.24200055 0.23022343 -0.06558285 0.12608047 -0.07118484 -0.14214559 -0.076452166 -0.07121442 0.11722369 0.22187601 -0.03839629 -0.0727378 0.093695804 0.080560245 -0.08488335 -0.009041403 0.28868142 0.2159696 -0.082269564 -0.064253755 0.022294303 0.09954244 -0.19415845 0.019705515 -0.09354946 0.13863407 -0.055503055 -0.3030501 0.31858924 -0.10482453 -0.23370877 0.21965039 0.019792339 0.2114181 0.19088672 0.17275396 0.19202112 -0.11975679 -0.0014298558 0.004080728 0.23177314 0.004727532 -0.16450319 -0.095011964 0.07573581 -0.11610519 0.09092536 -0.28842774 -0.13748945 -0.14400515 -0.31495523 0.022552665 0.0734473 -0.014046552 0.2171967 -0.013088658 0.17045859 0.31949574 -0.064122394 -0.029662088 -0.2581734 -0.023263298 -0.3753488 -0.03767534 0.028198015 0.18000433 -0.22521994 0.050160695 -0.096848145 -0.09645095 -0.21530013 -0.38807046 0.030171057 0.0468254 -0.07499488 0.41750365 0.06861722 -0.2622618 0.10617303 -0.21336338 0.13658284 -0.15237065 0.13201268 -0.11046292 0.09470462 -0.053932756 -0.057399075 -0.24342868 0.28617194 -0.19122897 -0.05375702 -0.17345823 -0.12053719 -0.16847801 -0.20359078 0.15715064 -0.11719446 0.14900072 -0.24439652 0.15218212
MYS 0.4015398 -0.1415342 0.38481447 -0.108743586 0.17301251 -0.2818155 -0.030621052 0.04939571 -0.104937546 0.31260213 0.29933316 -0.38109025 0.022497637 -0.42321962 0.14597754 0.18669206 -0.036799613 0.18305525 -0.13399787 0.22474693 0.019991068 0.1824331 -0.069669046 -0.11267437 -0.15831168 0.053358242 -0.024880623 0.2346172 -0.15663826 0.20236991 -0.07703117 0.12950015 -0.0056262687 0.027021721 -0.07632255 -0.09527069 0.16115008 0.22158615 -0.012793801 0.06570208 -0.1417235 -0.0019307005 -0.06892027 -0.009859752 0.2819953 -0.004940894 0.0023955505 -0.033529527 -0.078146055 0.25706547 -0.09914384 -0.054181434 -0.15470786 0.019076545 0.033468086 -0.11678207 0.23825356 -0.12537606 -0.113743775 0.116304085 -0.007130089 0.20468374 0.1821601 0.14060543 0.13441156 -0.16390061 0.017942065 0.03016201 0.19795452 0.03711108 -0.03870573 -0.06622065 -0.037880328 -0.15136449 0.034783818 -0.1498958 -0.095262475 -0.06663753 -0.19574301 -0.0042490847 0.066507705 -0.076038174 0.17156282 0.14208257 -0.0016919937 0.28484365 0.1366876 -0.010489624 -0.02539243 0.037524223 -0.29287758 -0.06764075 -0.11490751 -0.05054342 0.09559641 0.21506318 -0.06678635 -0.03113685 -0.0719099 -0.23689228 0.024227059 0.05064872 -0.05154508 0.34475532 0.0108310385 -0.013968126 0.20145649 -0.24422427 -0.09408084 -0.05685022 0.10730982 0.047471367 0.06798868 0.022744332 -0.07470231 -0.15646328 0.15238585 -0.2049281 -0.07440959 -0.07977968 -0.16760086 -0.11037503 -0.20505953 0.103869505 -0.03725419 0.1664316 -0.16762578 0.14455602
MEX 0.3037838 -0.16221608 0.1533378 0.060884804 0.12741075 -0.394417 -0.41493878 0.14468543 -0.16207245 0.31681463 0.3911691 0.01630905 -0.069220714 -0.072399996 0.13158731 0.18595058 -0.048479825 0.05586519 -0.07904877 -0.032498855 0.028196754 -0.12858647 -0.15927799 -0.34903455 -0.07705425 0.20514706 0.03166069 0.1499167 0.2014822 -0.14180733 -0.123619124 -0.027107386 0.08772475 0.49379176 -0.07791382 0.25228313 0.22201978 0.059557807 0.09549487 0.018832592 -0.1134156 -0.15814227 0.12850098 -0.19685274 0.32205474 -0.23189239 -0.1940847 -0.25230783 -0.116274215 0.32547614 -0.038937613 -0.061580982 0.043051157 0.46820384 0.17216906 -0.28934598 0.22919676 0.19843335 -0.11007776 0.23300645 -0.020685853 0.33104604 0.24277298 0.0007126917 0.1637026 0.027425053 0.14268903 0.2345379 0.062020775 0.08682171 0.22280222 -0.17287806 -0.30012095 -0.22975078 0.19411995 -0.00362844 0.24879329 -0.20477681 -0.19462167 0.01712859 -0.18677095 -0.29358926 0.08630425 0.34861514 -0.036190573 0.037094247 0.19017528 -0.30123302 -0.08483104 -0.11460992 -0.06970733 -0.1446539 -0.021266928 -0.27337578 0.20785365 0.0658275 0.028052418 -0.22307746 -0.09375103 0.08162245 -0.14546676 -0.033334043 0.028600115 0.09139818 0.011144572 -0.09509504 0.054688822 0.30344602 0.036139138 -0.10612937 -0.272147 0.054099403 0.18868923 0.15667376 -0.09161057 0.18280578 0.11186622 0.12330764 -0.10934864 -0.047746055 -0.14295241 0.07444698 -0.11257372 -0.054438394 0.20677362 0.062671885 0.23850894 0.048852425
DNK 0.23991412 -0.26032573 0.17155437 -0.07837776 0.038797095 -0.059765253 0.03750931 0.092820115 -0.13372137 -0.004778409 -0.06084033 -0.21590388 0.087302744 -0.084377006 0.029774148 0.09921924 0.12952095 -0.06627463 -0.2477332 -0.009841435 0.018696032 0.10588989 -0.07781342 0.051136207 -0.06580192 0.119340174 0.08536385 -0.0073369043 -0.15006177 -0.0483631 -0.15478225 0.053117123 0.1585569 0.17198823 -0.3396711 -0.12868337 0.009554744 -0.06750927 0.09231811 -0.26653862 -0.18427664 0.21029286 -0.21749964 -0.09895172 -0.028157538 -0.087612756 -0.17643309 0.012158896 -0.030891426 -0.03187725 -0.27916566 -0.29212806 -0.014617289 0.14925711 0.16293213 -0.1496906 0.3731318 -0.009426693 -0.17680907 0.09579262 -0.019210784 0.24396181 0.13730298 0.121204734 0.091219194 -0.22220191 -0.021295708 0.03319212 0.08682691 -0.17612323 0.002223214 0.112020664 -0.16044353 -0.31484514 -0.09404949 -0.04339094 -0.105475195 0.063133866 -0.33401638 0.06838988 -0.18797246 0.1344184 0.24459709 0.022106593 -0.09339039 0.0842162 -0.14933087 0.009053369 -0.11936792 0.12847053 -0.16649014 -0.042353444 -0.049191874 0.14696927 0.011087612 -0.10576004 -0.15050244 -0.10538677 -0.19613226 -0.1293983 0.13342465 -0.0130416015 -0.24519566 0.2253185 0.31117693 -0.14203861 -0.05106114 0.39724812 0.59385586 0.045060877 -0.03189566 -0.083867624 0.060314804 0.27400446 -0.40128842 -0.03768895 0.06257484 -0.23784809 0.2178831 0.19465353 0.00064843404 -0.38627976 -0.19692172 -0.03456679 -0.0067101554 0.30516937 0.18537799 0.15065345
AGO 0.26942265 -0.24884719 0.16731209 0.06213813 -0.18921457 -0.23823252 -0.07098726 0.050148755 -0.17785195 0.34444368 0.09520882 -0.06999871 0.08895256 -0.10326543 0.12941821 0.20478235 -0.0067645013 0.16433197 -0.051631726 0.017881503 0.102002405 0.038864575 -0.2517396 -0.19555491 -0.018886931 0.0015650643 0.0779866 0.07506263 0.23117048 0.04157382 -0.20537727 0.033298064 0.019066816 0.21073714 -0.009439806 0.058495887 0.09363632 0.10978523 0.0358372 0.06331058 -0.18603607 0.021489205 -0.0029408557 -0.05970964 0.13161027 -0.2111279 -0.1962882 -0.080641925 -0.1564988 0.25003013 0.14887771 -0.09234765 0.016151307 0.2596298 0.019166669 0.035024263 0.059605803 0.0056558116 -0.098776616 0.12105602 -0.12017426 0.316224 0.25764608 0.21025534 0.05620658 -0.10336873 0.0677632 0.036953323 0.03214677 0.027128918 0.09258728 -0.09437279 -0.35091722 -0.21160762 0.21417429 0.059879925 0.09704185 -0.11568239 -0.047730338 0.059184477 -0.08710698 -0.26743665 0.09390649 0.30360827 -0.018930383 0.074055836 0.15610819 -0.18505657 -0.007858098 0.03913109 0.010427209 -0.18573898 0.090328746 -0.20482382 0.33762458 0.18853077 -0.062001433 -0.22485158 -0.09988166 0.018075552 0.010142988 0.04127754 -0.019953223 0.00048564043 0.15722434 0.039908715 0.040276583 0.016552566 0.109781004 -0.027974015 0.07337267 -0.08371137 0.12813081 0.10566489 -0.11920173 0.24668488 0.107818246 -0.09280543 -0.010232755 0.083142355 -0.066367574 0.034420803 -0.1273703 0.06859031 0.043455407 0.11240721 0.02257543 -0.07828567
ITA 0.11056036 -0.14239231 0.19904946 0.25493684 0.10027158 0.041714724 -0.28768885 0.012039583 -0.23189342 -0.02204651 0.12638278 0.16044289 -0.25546595 -0.04965894 0.34297737 -0.07966046 0.018129515 -0.03636315 -0.17426735 0.037187297 -0.08056785 -0.040054403 -0.07136725 0.055920262 -0.116526335 0.13668036 0.15331246 0.06993779 -0.07997229 -0.13501605 -0.0019154681 0.20448066 0.081207626 0.15648659 -0.2880719 0.063287966 0.10882948 -0.027694596 0.08706755 -0.17431101 -0.15449308 0.2730735 0.11294718 -0.08485055 0.02893358 -0.13245079 -0.059410803 0.13966072 0.12765817 0.20096959 0.21576414 -0.14622611 0.08953856 0.27034009 0.0117888935 -0.011460148 0.314756 0.027953686 0.026991136 0.21095626 -0.14179605 0.11203414 0.085995845 0.062496573 0.3063551 0.07795265 0.2237992 0.09403186 0.071840934 0.0228784 0.04633945 -0.0044533494 -0.29430684 -0.35011163 0.119428426 -0.008670681 0.114858575 -0.118690275 -0.15058905 0.19200274 -0.14942299 0.06337911 -0.035291098 0.10665362 -0.1607611 0.052321527 0.22031558 -0.1805615 -0.28062585 -0.0807535 -0.120995946 -0.14528537 0.072504014 -0.28165784 0.23173441 0.14319456 0.05216321 -0.22310086 0.029504845 -0.27472797 -0.2509429 0.056611102 -0.02507562 0.28937006 -0.0091092065 0.062878534 0.23623483 0.35329986 0.27875018 -0.10960074 -0.18165395 -0.13869932 0.001060291 0.13442226 0.012164747 0.029170258 0.04406839 0.0015663614 0.08354975 0.12976469 -0.038579084 -0.23393084 -0.0012246941 -0.14545548 0.018041387 0.20832561 0.13442717 -0.064334035
COL 0.2522153 -0.1091752 0.017938627 0.14025275 0.17831188 -0.3040176 -0.35022613 0.12842017 -0.044155493 0.2465317 0.39246368 0.12265778 -0.07638447 -0.18625703 0.13093656 0.18261544 -0.15575834 0.007871595 -0.01595957 0.06091259 -0.08411747 -0.12365938 -0.1375019 -0.35139716 -0.094519384 0.17061506 -0.113903485 0.17111711 0.108651154 -0.066616304 -0.10932354 0.03296488 0.04888401 0.25795758 0.036773648 0.10575478 0.22494112 0.075571515 0.18441585 0.12295375 0.010121597 -0.08296913 0.13161053 -0.049667235 0.36336055 -0.055038184 -0.1292967 -0.062751345 -0.112849586 0.26050445 -0.052243527 0.03696776 0.09808335 0.376413 0.07316137 -0.2982478 0.27875328 0.13030896 -0.024564305 0.31466144 -0.1647547 0.10911318 0.07059757 0.102749966 0.23196167 -0.07945928 0.2573693 0.29751846 -0.07795459 0.12064329 0.12227985 -0.13958815 -0.11573143 -0.10947593 0.1377585 -0.12937735 0.07236937 -0.10828224 -0.27627113 0.056210395 -0.28861094 -0.36475685 0.035115726 0.33586615 0.02236853 0.08227152 0.25027403 -0.18405722 -0.030852221 -0.07632995 -0.10718525 -0.15231982 0.02381834 -0.3415769 0.20881395 0.063653536 0.013404463 -0.2686522 -0.119710326 -0.010465743 -0.21416566 -0.00075749273 0.041808244 0.056458727 0.046131745 -0.21296747 0.20840473 0.19615702 0.031780593 -0.13650818 -0.08412707 0.079121925 0.14013493 0.21418162 -0.122562 0.097661436 0.061851818 0.12605923 -0.04639308 -0.022826988 -0.16267326 -0.10568187 -0.1529144 -0.008910253 0.105525136 0.007131153 0.29213244 0.02592338
SYR -0.10248194 -0.20266221 0.1396036 -0.06215137 -0.1625508 0.22329053 -0.3957975 -0.018555408 -0.4277264 0.389641 -0.064963974 -0.1143025 -0.23419046 0.026492503 0.017290946 0.05582214 -0.0045458334 0.1376555 -0.19018753 -0.25676808 -0.061234955 0.19695327 -0.1690879 0.13448964 -0.03980294 -0.1773639 0.019188765 -0.05987004 -0.3013831 -0.0063167256 0.09649112 0.062101785 0.23214772 0.19727975 -0.23997106 -0.12984493 0.2730577 -0.01357443 -0.0026207778 -0.20829228 0.10162879 0.3012533 0.14664839 -0.19594723 -0.27165192 0.020671273 -0.08225181 0.007038342 -0.13271149 0.119560905 0.057191562 -0.033784762 0.19453797 -0.016927583 0.12149123 0.07356402 0.3960692 -0.061400563 0.06822115 0.028784875 0.15562889 0.3013901 0.11837258 0.29976833 0.22899069 -0.15232536 -0.12042569 0.017838866 0.019981943 -0.31825688 0.018332526 -0.122321114 -0.049207386 -0.20226204 0.022789974 0.07975206 -0.07503086 -0.12512127 -0.1459549 0.14119942 -0.00725435 0.19555052 -0.17343642 0.19415955 -0.11796524 0.22597785 0.13578057 0.05806121 -0.18921733 -0.15131535 0.009722296 -0.06312043 -0.01105736 0.1370644 0.2339572 0.13035448 -0.12213107 -0.28308603 -0.25636598 -0.3249059 0.085076354 0.018547438 -0.21202452 0.06262542 0.28317395 -0.14881513 0.062172737 0.45052555 0.3677982 -0.07556392 0.274476 -0.13153109 0.1431044 0.23666428 -0.008906759 0.029839952 -0.1991915 -0.06573458 0.107184865 0.12512147 0.26598096 -0.010454506 -0.07976532 0.03780542 -0.20697208 0.44655955 0.0062685306 -0.063316785
ARG 0.3209331 -0.08783194 0.31449848 0.1511107 -0.03688608 -0.058200423 -0.17182681 0.10217315 -0.1893835 0.3921677 0.13888846 0.15414575 -0.18780626 -0.27952182 0.31541932 0.4001591 -0.07568883 -0.13088469 0.10375061 0.1871612 -0.14101203 -0.08950285 -0.40973902 -0.2814611 -0.2636915 0.22991952 -0.070906505 0.16561796 0.24011973 -0.06895913 -0.030790687 0.03789202 0.026076533 0.3885252 -0.13553818 0.03207457 0.35573953 0.0588914 0.072085686 0.25244573 -0.16245528 0.060948756 0.25381562 -0.07318543 0.24905981 -0.026654735 -0.05867524 -0.032943655 -0.050909884 0.07867713 -0.038006652 -0.080269195 0.06445348 0.1978415 0.22947791 0.12038745 0.20665973 -0.04012953 -0.05919573 0.0733099 -0.3626007 0.21106595 0.11905959 0.55443627 0.3926734 -0.052058153 0.24119559 -0.13480248 -0.24581727 -0.0039524934 0.012719002 0.0030041246 -0.3786345 0.08823523 0.18739998 0.06455426 0.07851615 -0.14168927 0.039230708 0.06091733 -0.34031937 -0.3315976 -0.029666618 0.28437996 -0.13845222 0.120558195 0.21329376 0.044685237 0.08510961 -0.01811162 -0.057873484 -0.43438655 0.22114809 -0.15858854 0.16167623 0.31746304 -0.21433963 -0.47695822 0.13405107 -0.07222792 -0.254682 0.13095056 0.21080236 -0.029052325 0.0016728224 0.10638019 0.074692525 -0.2029318 0.08505132 -0.073921114 -0.020938989 -0.28038284 0.1980228 0.08671089 0.008929572 0.23715398 -0.1959566 0.049639136 -0.1345315 -0.0018389068 -0.069924444 -0.21991089 0.175997 0.16628644 -0.15745431 0.08984061 0.2969342 0.026731666
KEN 0.32255384 -0.45836428 0.087296255 -0.2863985 -0.16923249 -0.07124699 -0.15487397 0.006426488 0.08182684 0.39468366 0.073572576 -0.2300693 0.24634416 -0.1313894 0.1336646 0.057041433 -0.07446655 0.11993397 -0.09793638 0.002174565 0.0056211273 -0.068424374 -0.013986793 0.121143095 -0.16138308 0.27613056 0.21681978 -0.11502073 0.16523756 0.08586116 -0.11635517 -0.056407873 -0.20626333 0.04256649 -0.12489812 -0.09524399 0.15827282 -0.12790494 0.18141748 0.101340555 -0.18321124 0.033266954 -0.32183918 -0.05233422 0.20439865 -0.08179978 -0.310586 0.005751851 0.0635949 0.31533694 0.025326267 -0.092991695 -0.13420115 0.1457673 -0.13295119 -0.042128243 0.10575275 0.04213106 -0.0071042236 0.091869995 -0.11133365 0.3084448 0.08422484 0.63619125 -0.105840586 -0.20911697 -0.18956698 0.15936875 0.114931166 -0.33879647 0.12930931 -0.30847982 -0.29583123 -0.20992264 0.06951148 -0.18825412 0.0019154566 0.03519545 0.001362163 0.17454547 0.23318744 -0.255737 0.3784912 0.24148576 0.007426484 0.15840125 0.033912886 -0.09334326 0.059224743 0.14716966 -0.12023212 0.06120091 0.08258701 -0.023471097 0.38394073 0.08415278 -0.091922574 -0.07999432 -0.10782122 0.10734883 0.2026641 0.1615279 -0.299383 0.26266503 0.3081361 -0.15328938 -0.113445744 -0.21751863 0.10347804 0.022877757 0.16979937 0.014778267 -0.06968858 0.14781688 -0.23645815 -0.04343044 0.16200876 -0.37444526 0.13725707 -0.028281208 -0.17210002 -0.18393755 -0.044981092 0.0117938435 -0.16031738 -0.019976879 -0.14672594 -0.07647739
SVK 0.077616476 -0.25399268 0.17312585 -0.028836822 0.051359903 0.19462536 -0.4253821 -0.038885143 -0.33753097 0.3679522 0.11599399 -0.18155673 0.16310985 0.09557265 0.068140306 0.21905945 -0.073209405 0.05530935 -0.33330363 0.035903312 -0.03749774 -0.025950529 -0.25705796 0.17271923 -0.1565496 -0.07115661 0.30479792 0.13831986 -0.06365543 -0.09311283 -0.020234663 0.19059126 0.32729295 -0.05352338 -0.08147819 0.0053936206 0.06701474 0.008070239 -0.17275204 -0.18991517 0.08202107 0.28247866 -0.11083205 -0.13879849 -0.17354627 0.12971212 -0.21053255 -0.16852345 0.03264859 0.036430366 -0.11185231 0.16034311 0.036989287 0.20571792 -0.03684566 -0.12103568 0.093393445 0.033231143 -0.088913076 0.20668815 0.11072395 0.30935907 0.37189493 0.39905012 0.09989895 0.10861872 -0.14157148 -0.120125696 0.29276606 -0.05734926 -0.16274564 -0.07716756 -0.16521353 -0.23674461 0.24198836 -0.03129238 -0.03151466 -0.15317692 -0.025194315 0.21439151 0.114989296 -0.04974658 0.14136796 0.10634178 0.15689993 0.08792039 -0.1344181 0.11744725 -0.4297764 -0.2358475 -0.051528968 -0.10428372 0.08357114 0.3685525 0.061446737 -0.028630137 -0.024124144 -0.28598046 -0.33692324 -0.23433684 0.04132636 0.04962867 -0.21003243 0.11927463 0.15864114 -0.06840909 0.022003097 0.43436247 0.48228806 -0.13679846 0.1757902 -0.111744724 0.27860105 0.11321622 0.089188196 -0.16894938 0.14337671 -0.11810602 -0.14590058 0.15746543 0.31928983 -0.086700894 0.014539485 0.14251268 -0.23614432 0.3414551 -0.043719437 -0.18433869
IDN 0.3740341 -0.15645404 0.45991102 -0.07711852 0.20130934 -0.17284156 -0.04353035 -0.044483095 -0.05786778 0.2715387 0.22125025 -0.38175488 0.10535035 -0.39335132 0.14968258 0.21880175 -0.03961783 0.11411529 -0.2751254 0.2833362 0.05771224 0.11898016 0.05314086 -0.03444851 -0.22730136 0.18128796 0.07278152 0.3817985 -0.10655624 0.19506486 -0.12625627 0.15372156 -0.14182226 -0.11387983 -0.111000784 0.03173055 0.12211778 0.20069802 0.0074991523 0.0022410105 -0.013742789 0.053459756 -0.030558517 -0.029303271 0.24306463 0.10357313 0.08472879 -0.037913598 0.16325502 0.07273119 -0.05443725 -0.10829721 -0.24382763 0.12926722 -0.034517683 -0.15705997 0.28430456 -0.25176394 -0.17155918 0.11152645 0.00059347705 0.26661628 0.19341794 0.2677818 0.10314451 -0.03454231 0.0045194845 0.0672565 0.21218605 -0.078672685 -0.11185001 -0.14425464 -0.17799696 -0.18345793 0.07386232 -0.19022813 0.012996151 -0.20519012 -0.11252574 0.15570678 0.09083802 -0.07341976 0.33422074 0.017709464 0.10778135 0.25720942 -0.020597348 -0.07884155 -0.121312276 0.018419748 -0.44717416 -0.12762831 0.030320954 0.14958073 -0.017590467 0.11928195 -0.11034555 0.042356838 -0.117564745 -0.26460433 -0.0009422402 0.13781802 -0.094671644 0.41533116 -0.10388113 -0.07116869 0.22555177 -0.2668126 -0.063671544 -0.17496704 0.07999794 -0.12561768 0.042102885 -0.05899401 -0.04756221 -0.27563184 0.28586164 -0.29981664 -0.052497625 -0.22714362 -0.09416338 -0.07853507 -0.18068531 0.15969408 -0.13580295 0.044132926 -0.2695085 0.08539305
NZL 0.45275724 0.038214922 0.1466059 -0.20261475 0.34530842 -0.102151655 -0.1577359 0.13856624 -0.20519233 0.45763746 0.32013962 -0.47276178 0.03383205 -0.46015218 0.034312062 0.22979821 0.05992358 0.14811131 -0.017610265 0.18712342 -0.11222871 0.08406596 -0.00913413 -0.3014691 -0.261685 0.10955008 0.057933263 0.21732813 -0.39188218 0.19373272 0.102059625 -0.044015806 -0.30283388 -0.15651311 -0.012624459 -0.15523556 0.0686367 0.11210985 -0.014876037 0.010054862 0.25859842 0.102384225 -0.04682339 0.09575593 0.31791878 0.18819761 -0.1871409 0.032912813 -0.15959291 0.1895387 -0.016507281 0.018840697 -0.008458727 0.10954756 0.01039244 -0.3211238 0.32294723 -0.11773722 -0.14298154 0.27157784 0.014349493 0.12408488 0.013820884 0.5036439 0.20514224 -0.19664365 0.0851339 0.17392078 0.07186611 -0.041935615 -0.06712129 -0.14707077 0.18344724 0.01460813 0.14896294 -0.34734163 -0.2130522 -0.14876033 -0.3250491 -0.068587095 0.21337809 -0.063354306 0.09794651 0.04980308 0.09917153 0.32238153 0.11361326 0.108958215 -0.18412475 -0.1080683 -0.22800389 0.09067127 -0.03897778 -0.08479655 0.0114694415 0.15791969 -0.114605695 -0.32820535 -0.22836033 -0.38906518 0.042464614 0.20056449 -0.12206931 0.36790523 0.25611135 -0.4628589 0.17286307 -0.3052882 0.04575601 -0.07367592 0.3533957 -0.039756317 -0.0075710723 0.010920504 -0.0716485 -0.058394834 0.25713122 -0.15030578 -0.016227627 -0.22154279 -0.22939542 -0.22786604 -0.1029694 0.057809997 -0.17908083 0.17551991 -0.11878253 0.15579937
LBN -0.14877492 -0.11368591 -0.20732735 -0.06167009 0.14257798 0.0909673 -0.09495035 -0.41389245 0.14879948 0.31610852 0.27127632 0.09179853 0.013054268 -0.26371545 0.14800847 -0.121403255 0.029985227 -0.08678782 -0.29616514 0.013468237 -0.011988304 0.20070343 -0.21128826 0.057004735 -0.128059 0.38273314 -0.3240631 -0.13000253 0.19402355 0.09748783 0.08499495 0.22507499 -0.057351474 -0.112952486 -0.08915447 -0.10050759 0.27517974 -0.09881433 0.2036907 0.01233568 -0.022767207 0.33116376 -0.17976591 -0.08971303 0.055261068 0.20947239 -0.39834565 0.102421485 -0.14972106 0.05808626 0.19100368 0.10385354 0.0055868775 0.17380843 -0.12354734 -0.11581999 0.22167273 0.07396932 -0.062340856 -0.14845791 -0.15311898 -0.040033247 -0.2231122 0.22302955 0.3417919 -0.3060109 0.14053936 -0.005049432 -0.13305314 -0.41669422 -0.11946709 -0.22928078 -0.13055454 0.10632732 -0.12489238 -0.018881166 -0.11535149 0.043821573 -0.23232058 0.33064255 -0.021698767 -0.11470299 0.025638403 0.19306292 0.007383283 0.23091014 0.05926882 -0.1833629 -0.08144075 0.14949349 -0.24853446 0.16294172 -0.034607287 -0.052715518 0.35890776 -0.051372983 -0.20485246 -0.40236083 -0.5623898 -0.16909945 -0.13220361 -0.15580837 0.0067329 0.18069501 0.33312964 -0.34598526 0.22996818 0.0617126 0.40429047 -0.24713044 0.052444242 -0.21291141 -0.061133552 0.2107843 -0.029273452 0.21942447 -0.21408701 0.020218795 0.1314228 0.32729864 -0.0044743815 -0.19783032 -0.12908348 0.14620012 -0.0016515951 -0.077074505 0.118087485 -0.21991366
DEU -0.044314165 -0.16268872 0.025341759 -0.030467318 0.09517399 0.08567423 -0.05469581 -0.21839763 0.07781771 0.15488005 0.104365565 0.050725147 0.024160042 -0.093560316 0.23309477 -0.106965676 0.06966178 -0.018926293 -0.2564463 0.01564115 0.023996944 0.03024496 -0.19124009 0.14054401 -0.09691653 0.20401451 0.009026527 -0.017759599 0.11364404 -0.01525017 -0.09224526 0.2567188 0.14568265 -0.083904535 -0.103486 -0.039440755 0.0742581 -0.1423478 0.13226618 -0.10614794 0.011600104 0.38998854 -0.17723909 -0.02721618 -0.084342115 0.13582987 -0.3162342 0.24070723 -0.0005846902 0.063773446 0.06117625 -0.030374108 0.05030178 0.18376456 -0.15842713 -0.08982426 0.14651856 0.13056746 -0.06049037 0.011449937 -0.19205652 0.05776967 0.015937323 0.09473655 0.22151987 -0.16313162 0.021188349 -0.027483553 0.025540533 -0.14330845 -0.16922043 -0.021806499 -0.13920361 -0.15608278 0.017299974 -0.07314837 -0.04926629 0.0044041728 -0.36594635 0.18523946 -0.084113404 -0.031144228 0.040770624 0.106729925 -0.0050428947 0.07192596 0.101699196 -0.1716409 -0.2326041 0.124157414 -0.07512215 -0.07163928 0.04287787 -0.0016494761 0.28246638 0.0019171713 -0.21277763 -0.42204663 -0.38473904 -0.22899649 0.010784854 -0.10408008 -0.026787052 0.1723412 0.379751 -0.24950883 0.06699678 0.30579543 0.5341425 -0.16161905 -0.030988593 -0.23459266 0.06456301 0.19195478 -0.12412411 0.13498683 -0.101152144 0.031157719 0.053910945 0.32487994 0.09409864 -0.22381969 -0.084341966 0.05854725 0.0015842841 0.15538706 0.09817731 -0.09038108
SGP 0.2649545 -0.22015567 0.31313303 0.16224474 -0.0030235026 0.09114938 -0.21501239 -0.032061588 -0.21492372 0.05048146 0.10717497 -0.11332317 0.07560365 -0.16162144 0.0060252734 0.102548085 -0.10102862 0.060672004 -0.15773784 -0.019545745 0.1094549 0.15480314 0.0011730291 -0.26664567 0.18406104 -0.087159924 -0.26703864 0.17796637 -0.05927965 0.42804843 0.047924306 0.097730435 0.1381364 0.0876966 0.026005575 -0.26120484 0.16626303 0.18876249 0.15229167 -0.08182854 -0.15937907 0.235935 0.19565566 -0.07726293 0.005790626 -0.07331999 -0.027686743 0.017819842 0.02243042 0.021116016 0.23106062 -0.061516434 -0.16136439 0.31375074 0.044972964 0.17910135 0.32201925 -0.33818778 0.18213621 0.2625836 0.12124214 0.08980341 0.039185688 0.1924288 0.037334405 -0.2798548 -0.11021146 0.104341865 -0.03862319 0.025437413 0.011536637 -0.21428293 0.009052712 -0.1085917 0.13591191 -0.17911072 0.0062625255 -0.06320254 -0.18435833 0.16039574 -0.15942444 -0.08135372 0.052112997 0.35945025 0.080307834 0.18914448 0.026937546 0.051853076 0.011128955 -0.087155744 -0.40611476 -0.11370359 -0.053324092 0.08741084 0.31975186 -0.19932695 0.0122742625 -0.1391958 -0.5126734 -0.25837007 -0.07762411 0.1104312 0.0407887 0.08213965 0.02257242 -0.18982123 0.2469457 -0.019173771 0.18109101 0.012123884 0.45453897 -0.16787641 -0.20088841 0.18000244 -0.2707163 0.046670906 0.12314947 -0.13738614 0.17149636 -0.08421592 -0.040761173 0.021274576 -0.11416274 0.07267615 -0.21550311 0.109213375 -0.19136606 -0.20988865
CHN 0.3387862 -0.25198704 0.34019026 0.3196669 -0.09568814 -0.20576297 0.00958757 0.02411533 -0.25518483 0.18791504 -0.021549074 -0.18437573 0.08550122 -0.2183641 0.11744207 0.24819978 -0.049105447 0.17909068 -0.17437015 0.09127632 0.1587558 0.20315817 -0.16253187 -0.2565018 0.092969075 -0.16854554 -0.091884755 0.21814132 -0.01166699 0.10833833 -0.21641931 0.12693281 -0.06378482 -0.04444727 0.13637084 -0.07534634 -0.15618171 0.1601078 -0.0053702896 0.054912597 -0.15965098 0.058915224 0.110311985 0.08393735 0.09463416 -0.009429672 -0.104136735 0.24460407 -0.074497804 0.20942384 0.11389728 -0.07384758 -0.1418391 0.22724345 -0.04254074 0.028614365 0.08441957 -0.27597395 -0.12877296 0.30846223 -0.10118808 0.1461868 0.24927926 0.16512746 -0.011236085 -0.04077218 0.17306238 0.097865544 0.092561185 0.22761495 -0.05994533 -0.07566249 -0.19922991 -0.20889296 0.36885005 -0.06277508 -0.04496795 -0.16122839 -0.116168424 -0.14369443 -0.10595468 -0.23268051 0.16347837 0.27410948 -0.027913114 0.17638011 0.19990155 0.0093786735 -0.13940758 0.12088361 -0.12653264 -0.22348955 0.16486123 -0.1700899 0.28673244 0.24658659 -0.042093344 -0.2525908 -0.19494121 -0.14860436 0.022651948 0.13285266 0.08707499 0.17030917 0.107131824 -0.059379254 0.20135991 -0.16733536 0.19460547 -0.049963515 0.28121927 -0.16850726 0.10985803 -0.030285392 -0.19669321 0.096427105 0.12014432 -0.067236714 -0.09988921 -0.11804288 -0.0139730675 -0.031717572 -0.19315116 0.20563455 0.014503652 0.1756992 -0.11945463 0.01007421
BLR 0.015032608 -0.24324416 0.042752746 0.12528323 -0.27325296 0.09729798 -0.07218207 0.06689359 -0.0073802415 0.033473525 -0.12718323 -0.012566978 0.0600624 -0.014821076 0.012354782 0.05307084 0.21295737 0.02521434 -0.26200378 -0.39911523 0.08222639 0.24989474 -0.10639349 0.09661597 -0.015441164 -0.23721714 0.048560634 -0.17974845 -0.03454996 -0.15359768 -0.078590766 0.00973922 0.079984084 0.36842522 -0.1690532 -0.05855385 0.23663244 -0.04556154 0.07798919 -0.09960918 -0.1410538 0.22446772 -0.3182641 -0.03768085 -0.031638015 -0.14243264 -0.23983026 0.1983187 -0.21062128 0.12075063 -0.2008104 -0.12504844 0.0412085 0.25077704 -0.056146443 0.075503215 0.29600653 0.10190983 -0.18758081 -0.03612142 -0.033430103 0.23253173 0.39199474 0.24507074 0.16383511 -0.28880438 -0.099066906 0.018819874 -0.008083121 -0.22594833 0.12982167 -0.059160143 -0.43496588 -0.32627928 -0.13097915 0.07463315 0.07589477 -0.028334636 -0.15759924 0.04502321 -0.1447569 0.114867195 0.21759176 0.2654833 -0.20597807 0.30394801 0.031738084 -0.057217613 -0.13554497 0.12672004 0.17143121 -0.25935593 -0.1307091 -0.07867921 0.24999309 0.063211195 -0.05122339 -0.24824306 -0.384752 -0.02907799 0.18293907 -0.02439471 -0.18599416 0.13058698 0.57260436 -0.3095595 0.06475211 0.44998372 0.49454457 -0.037788358 0.08518383 -0.057723373 0.2065931 0.32308924 -0.2775674 0.038990363 0.02947764 -0.07191328 0.16995679 0.051589593 0.22245167 -0.39843115 -0.1689748 -0.0008567828 -0.037332535 0.61383593 0.13694182 0.065531
CAN 0.17500854 -0.08347262 -0.017017776 0.017502723 0.0815871 -0.10901636 -0.034081586 -0.03730992 -0.08164873 0.12567572 -0.046798285 -0.0227701 -0.12700532 -0.07856306 0.01472294 0.05584318 -0.13798223 -0.0489285 -0.14926364 0.21902585 0.08476404 0.029786348 -0.16989751 -0.12293748 -0.11284809 0.19860883 -0.04338278 0.07105167 0.1543699 0.0585954 -0.3152558 0.18289378 0.08617244 0.08004029 -0.21343233 0.07914439 0.11159612 0.036004737 0.1708331 -0.21976863 -0.013472071 0.19674002 -0.01682917 -0.122587994 -0.023177344 -0.123668194 -0.15351254 -0.16276217 -0.05581149 -0.11709148 0.11282315 -0.14920077 -0.024657631 0.23615843 0.10736533 -0.049851514 0.29735628 0.018033367 -0.116713695 -0.0049504405 -0.21224296 0.27928188 0.1357597 0.10571031 0.18872935 -0.0773736 0.15155265 0.15063561 -0.024619935 -0.10003146 -0.14772503 0.16755807 -0.21902765 -0.16826509 -0.024515992 0.0026780178 0.03243942 -0.025887525 -0.31513444 0.25641063 -0.33774453 -0.03425082 0.011587859 0.10316233 0.14199634 -0.08953438 0.0034444248 -0.12018233 -0.040037774 0.033485245 -0.22436164 -0.2233135 -0.035937402 -0.11611164 0.26975083 -0.06968574 -0.19718811 -0.2571136 -0.19152737 -0.09580236 -0.09044273 0.026756253 -0.13223793 0.020057892 0.14275086 -0.087483056 0.07476166 0.3221329 0.118881896 -0.10893376 0.039225083 -0.1896535 -0.13672578 0.18864578 -0.19392355 0.054288134 0.07982411 -0.07469428 0.14954573 0.19978191 -0.04588445 -0.08647188 -0.24985014 -0.042880967 0.12601024 -0.041293003 0.13990055 0.007409549
LBY 0.16031708 -0.022942543 0.02669175 0.24957578 0.17873527 0.17453013 -0.33167797 -0.043457408 -0.14116745 0.046527714 0.072960176 0.16813812 -0.21625017 -0.13911904 0.2691981 -0.1025757 0.084220156 -0.25934392 -0.40155125 0.12292994 -0.13309017 0.0837761 -0.12523344 0.09882824 -0.18000728 0.2321873 0.15865037 0.075261906 -0.004294858 -0.10912734 -0.002733483 0.18335676 -0.2570283 0.018714966 -0.25758713 0.04333974 0.033283003 -0.057186335 0.060781293 -0.09409732 -0.14827901 0.30879587 -0.030498588 0.020629477 0.18722342 0.046926513 -0.21845414 0.3235286 0.05109328 0.17184334 0.22150558 -0.02419669 -0.022688096 0.21278247 -0.10729166 -0.048892096 0.30193707 -0.008247237 -0.022073006 0.08147175 -0.2531465 0.03467605 0.008322137 0.31790215 0.3569553 0.08297517 0.1755605 0.19700149 -0.13937706 -0.19682053 -0.01477596 -0.07763495 -0.315913 -0.20974514 0.016523328 -0.0069325855 0.12952808 -0.21024916 -0.0989557 0.18273078 0.007043755 0.045664743 0.032075506 -0.061452515 -0.2025733 0.17178409 0.21983036 0.0010611905 -0.28177443 -0.0005149641 -0.24378507 -0.116693735 0.0003145748 -0.2260231 0.040880553 0.18242158 0.14887449 -0.1975213 -0.0819137 -0.27806553 -0.26256737 0.12099692 -0.031171264 0.4417503 -0.024330167 -0.13881327 0.30350497 0.24272577 0.13030903 -0.14583495 -0.14387657 -0.24568103 -0.025264513 0.107732594 0.17118022 -0.06630206 -0.017116569 -0.13203229 0.021865444 -0.08557043 0.079770595 -0.46508852 0.18824506 -0.08039244 0.030217936 0.2892537 0.14251919 -0.15655534
JPN 0.14144121 -0.37004837 0.37539843 0.14782824 -0.12157749 -0.17898007 -0.05101711 -0.1533927 -0.014703842 0.22160119 0.038331963 -0.05640125 0.11111125 -0.35610452 0.3300038 0.14950061 -0.15101928 0.39936623 0.024717981 0.12054772 0.03307972 0.19473627 -0.09321536 0.066529416 -0.033523336 0.015389618 -0.19692549 0.0979585 -0.073744 0.20736963 -0.053736836 0.19166188 0.07038193 -0.075866014 -0.0247465 -0.06390825 0.16579446 0.20076904 0.15346898 0.051194925 -0.10542472 0.113400854 0.067947954 0.05613398 0.042311043 0.023893554 0.16434161 0.14312597 0.22220884 0.22399586 0.14308763 -0.16202676 -0.12005614 0.08503113 -0.023679 0.089210175 0.21492021 -0.26372012 0.029085316 0.1351014 -0.003550227 0.08881966 0.103935234 0.23471315 0.11137744 -0.21776043 0.09039585 0.058744587 0.13759683 0.013222901 -0.0652973 -0.16710642 -0.1374716 -0.22533703 0.18907145 -0.09958033 -0.1825844 -0.03603811 -0.12923211 0.062043928 -0.0029570337 -0.11161204 0.18317828 0.29224628 -0.06498127 0.20428047 0.18942997 -0.13520296 0.054196745 0.07901876 -0.2460225 -0.16565117 0.047102094 -0.08915053 0.49856207 0.1611019 -0.1990606 -0.08850878 -0.09382487 -0.20550822 0.03017174 0.07436459 0.039707217 0.16318722 0.12850699 0.13842909 0.32799873 -0.27806073 0.17846537 -0.10845946 0.27777213 -0.08767171 0.045433972 0.04083467 -0.22338805 -0.020775875 -0.046993215 -0.21543588 0.03027237 0.0629814 -0.058750615 0.057288453 -0.17879876 0.113645464 -0.15596041 0.064512566 -0.16926269 0.042642843
OMN 0.30029052 -0.25900444 0.30762923 -0.060484793 -0.0042995834 -0.20288584 -0.029688053 -0.037677195 -0.012596017 0.29447284 0.10585313 -0.2883955 0.041694146 -0.3062248 0.16436979 0.19131704 -0.03466475 0.119290955 -0.19256526 0.20457315 0.079133995 0.12985633 -0.104192354 -0.2007825 0.0101017915 -0.045654453 -0.11078238 0.15137844 0.036896825 0.2971674 -0.12496553 0.12619254 -0.07022325 -0.067361616 0.012713818 -0.13344996 0.12098995 0.1566197 0.11254534 0.09152759 -0.18960388 0.06272711 -0.040751882 0.052255824 0.15598662 0.12622222 -0.11099505 0.089955755 -0.06459739 0.26289845 0.04554179 0.044235885 -0.104858235 0.0785838 -0.14107485 -0.026195683 0.14913186 -0.092317924 0.02989436 0.24241568 -0.16876185 0.1202097 0.14610791 0.14102933 0.063214555 -0.14299722 -0.06564654 -0.016462967 0.098750085 -0.006686365 -0.10349979 -0.13487825 -0.08044032 -0.12473364 0.19942057 -0.22153519 -0.13264136 0.0134847425 -0.22020943 0.02223488 0.028309047 -0.18334611 0.13916655 0.28139603 0.027619813 0.24316432 0.17241718 0.07715888 -0.06765088 0.09958529 -0.28409028 -0.11139615 0.055989426 -0.025931418 0.21558136 0.122169174 -0.019754054 -0.14981359 -0.17249547 -0.2131442 0.02337255 0.09894441 0.03670247 0.27346975 0.13118276 -0.00082947663 0.12270897 -0.27676556 0.11553097 -0.04703867 0.22917217 -0.12480073 0.07016401 0.06327431 -0.10082462 -0.018627318 -0.009545835 -0.20028636 -0.024378859 -0.009121407 -0.09958573 -0.14851277 -0.08019475 0.19568524 -0.02926939 0.08592375 -0.2314152 -0.035073448
SWE 0.19488925 -0.40932304 0.059984706 -0.117249444 -0.14972505 -0.046247367 -0.057087783 0.112425245 -0.13263068 0.10252581 -0.087769814 -0.18150187 0.10784282 -0.045833644 0.02530857 0.019299807 -0.07817384 -0.07878941 -0.19030204 0.020941472 -0.0021051907 -0.030165186 -0.17972888 0.046084568 -0.046517696 0.17132601 0.122740924 -0.11587291 0.04979315 -0.104971744 -0.1988325 0.031794984 0.14003007 0.11379691 -0.30280676 -0.21673548 -0.07819469 -0.21542867 0.14030144 -0.13249306 -0.30094606 0.19577482 -0.22206278 -0.11523412 -0.04779002 -0.075349875 -0.29433602 0.01415413 -0.03250507 0.06090736 -0.18000177 -0.26288986 -0.06846398 0.083598964 0.13616277 -0.06726926 0.26741755 0.0027346087 -0.04425777 0.13935773 -0.107322186 0.27877757 0.09639447 0.26015577 -0.061880402 -0.16519554 0.056279343 0.01259142 0.0795861 -0.23608258 0.02498781 0.1356175 -0.25720862 -0.26672253 -0.028734513 -0.023896962 -0.14959188 0.14778653 -0.27035475 0.22523469 -0.12425687 -0.064517684 0.28281647 0.16399199 -0.060847588 0.047172915 -0.12485999 0.07532121 -0.05710039 0.15343451 -0.053539228 -0.0004960457 0.09031111 0.1934107 0.19265985 -0.09633867 -0.21728474 -0.17925406 -0.2558869 0.051068015 0.2063049 0.01156636 -0.22166242 0.22715186 0.38457772 -0.109338105 -0.10906439 0.35151386 0.61778575 0.10249023 0.025761697 -0.054115646 0.06328656 0.33928385 -0.45835602 0.033868123 0.014184163 -0.25010303 0.21383798 0.36836448 -0.04976281 -0.320234 -0.16312127 -0.018452091 0.023796305 0.13857956 0.24373406 -0.01493973
VNM 0.3537937 -0.13456057 0.3731441 -0.17369749 0.19079429 -0.37306234 -0.03141297 0.049381748 -0.022567516 0.2948438 0.37457192 -0.40069148 0.03216367 -0.34837976 0.1235374 0.17211856 0.030706866 0.16589847 -0.14703628 0.18173826 0.058968987 0.10868647 -0.010562823 -0.19627726 -0.13670497 0.04409752 0.0034451582 0.23873474 -0.08742707 0.15937175 -0.08525602 0.0840558 0.034847233 0.09734649 -0.07038944 -0.019745069 0.24067822 0.1739653 0.027139945 0.08401401 -0.15236954 -0.0762022 -0.12705024 -0.05989907 0.3380869 -0.02252105 -0.066179715 -0.12889726 -0.07498631 0.30312246 -0.13840032 0.002446397 -0.114212416 0.06802453 -0.03574489 -0.18872355 0.21916403 2.0797648e-05 -0.1442758 0.16997729 -0.022098849 0.2808371 0.19785568 0.051352393 0.16096088 -0.114971824 -0.011215603 -0.010640205 0.25831485 0.021177974 -0.041536998 -0.11423562 -0.08590755 -0.19033892 0.06220119 -0.20533413 -0.020638201 -0.03536056 -0.24028754 0.024554389 0.024092756 -0.11816755 0.20292929 0.18091927 0.034818493 0.289448 0.10741404 -0.11291826 -0.07278814 0.04047198 -0.23015703 -0.049319837 -0.09324193 -0.079380706 0.022023093 0.17381275 -0.046572722 -0.030292183 -0.06451908 -0.18113537 0.044980302 -0.04523007 -0.06679557 0.37247434 -0.023142274 -0.014645227 0.11325634 -0.21734315 -0.051635727 -0.09463921 -0.03125067 0.07646932 0.1266338 0.03603209 -0.050573613 -0.12443031 0.19046375 -0.1279892 -0.07859815 -0.06149197 -0.21795705 -0.04363064 -0.2550665 0.094953924 0.03494713 0.12896623 -0.15408576 0.1303445
YEM 0.331041 -0.2926121 0.28762367 -0.081614785 0.0073244977 -0.10893035 -0.23832262 -0.055589486 -0.11901052 0.18577455 0.23876022 -0.1733731 0.006465872 -0.20382255 0.04311401 0.18119599 -0.072575234 0.06970256 -0.037415594 -0.014537241 0.046337817 0.08268237 -0.024403991 -0.35244703 0.085337825 0.059478432 -0.2596055 0.13583693 0.019847674 0.40310794 0.04200951 0.002171792 0.07723604 0.18578927 -0.0041574677 -0.20395872 0.33436725 0.16225275 0.18734892 -0.03255924 -0.14400676 0.049251143 0.12582813 -0.13538945 0.18051246 -0.14201711 -0.08394464 -0.21311365 -0.06586116 0.13217339 0.14415944 -0.0692361 -0.030964829 0.30256328 0.10890628 0.0836976 0.31560424 -0.11930311 0.12384183 0.27421945 0.045919307 0.14881323 0.002472884 0.123832524 0.05706431 -0.28121883 -0.157954 0.082257725 -0.02698207 -0.01770821 0.109280474 -0.22370131 -0.005457549 -0.05926028 0.073274635 -0.23146516 0.011801235 0.05074819 -0.20147085 0.052115988 -0.13249852 -0.15460265 0.058825046 0.3147988 0.1164781 0.17238675 0.029233694 -0.0061922763 0.048592232 -0.06826938 -0.33646503 -0.023801567 -0.09770195 -0.06045008 0.28172797 -0.14548674 0.045087032 -0.09752529 -0.29607147 -0.1255311 -0.069531485 0.088998176 -0.06331647 0.061755285 0.07395196 -0.12136039 0.06307369 -0.09129482 0.06744418 -0.017673433 0.3010417 -0.03650472 -0.18700261 0.18189296 -0.18812132 0.11697184 0.0880389 -0.10113081 0.12608919 -0.061144378 -0.21528414 0.008737614 -0.14504552 0.026692022 -0.073619984 0.0061850143 -0.12290087 -0.11380736
QAT 0.31749472 -0.21203096 0.2999208 0.29310519 -0.08468742 0.09402694 -0.24892558 -0.0023164286 -0.33390749 0.1900336 0.006525956 -0.14413458 0.064253315 -0.19485751 -0.097027145 0.13914609 -0.07631675 0.054300904 -0.18689498 0.016248548 0.09441472 0.2044195 -0.02327593 -0.39038962 0.27009842 -0.19401571 -0.32843164 0.1526501 -0.058360472 0.35536364 -0.0025905916 0.08850525 -0.046628952 -0.019382467 0.19778293 -0.2724806 0.025056459 0.19162148 0.020327015 0.024450703 -0.16567284 0.119474925 0.29660955 -0.064610355 0.0859788 0.00066282577 -0.14996754 0.21173386 -0.15158908 0.13222267 0.2190472 0.009784016 -0.1512703 0.3407388 -0.014928425 0.16138722 0.2320692 -0.3841766 0.15264478 0.34060916 0.04525983 0.04529137 0.13097936 0.29373372 -0.055725764 -0.21828927 -0.01264696 0.18808399 -0.03772249 0.11262937 0.06429636 -0.28318352 0.012218467 -0.0863229 0.2487176 -0.12912135 0.060119756 -0.20162441 -0.106704615 -0.06073595 -0.13665962 -0.20650028 0.0065270723 0.3938627 -0.031182114 0.25533625 0.16874203 0.19617231 0.0021577706 -0.069017306 -0.30151418 -0.11602683 -0.000945615 -0.100013494 0.37991232 0.040837403 0.0739372 -0.25170153 -0.5163799 -0.16758747 -0.042138994 0.19712546 0.11014577 0.09886851 0.08155188 -0.255497 0.3075489 -0.14405653 0.061976124 -0.011832575 0.52977663 -0.20134811 -0.12172998 0.10742337 -0.26476794 0.092668794 0.06441274 -0.089349635 0.027849821 -0.21744971 0.0024360223 -0.042550124 -0.12448461 0.20155288 -0.14257047 0.1816668 -0.21580277 -0.18994583
LTU -0.017346572 -0.23654044 0.16153683 0.07339067 -0.15469582 0.09888484 -0.06919487 0.06693183 -0.07048964 -0.0023469161 -0.14223802 -0.05699432 0.033552613 -0.015303619 -0.0024843742 0.110473394 0.26976204 -0.013030406 -0.3614825 -0.3288644 0.0939166 0.260828 -0.04841663 0.117254555 0.049216606 -0.21731108 -0.04026814 -0.013122235 -0.12192623 -0.09051311 -0.09155577 0.054120228 0.103211135 0.33285093 -0.22998877 -0.053181298 0.26962048 -0.041031007 0.070213966 -0.20184423 -0.112805866 0.21821769 -0.2531773 -0.06522339 -0.053991895 -0.040048104 -0.1321283 0.12940745 -0.15580063 -0.016842706 -0.26400816 -0.12555449 0.06564484 0.20874317 0.031529795 -0.02066715 0.38455656 0.0652385 -0.16188999 0.005658903 0.032312606 0.15566975 0.3959577 0.060052395 0.17618322 -0.25967103 -0.21719387 0.052130807 0.024249395 -0.246099 0.06222453 -0.11689345 -0.37485805 -0.33536842 -0.18499844 -0.044112794 0.09010498 -0.055724423 -0.18718092 0.06301178 -0.18968566 0.19073969 0.26092038 0.14760326 -0.14388025 0.30311868 -0.051488616 -0.012001357 -0.15297896 0.054694064 -0.058354713 -0.21918477 -0.117995754 0.11558298 0.06657928 -0.03620483 0.022449419 -0.0919503 -0.37515596 -0.13917962 0.12314943 -0.013028481 -0.2194784 0.20601171 0.4109054 -0.28245816 0.055804893 0.5573297 0.5544457 -0.10238464 0.09695515 -0.122171395 0.20747907 0.37494904 -0.30262974 -0.07986438 0.037939265 -0.13744137 0.19369382 -0.018245807 0.2652011 -0.42660218 -0.16497241 0.031689253 -0.10266924 0.5905057 0.08460234 0.09925667
CHL 0.3637381 -0.10717408 0.30324632 0.17280002 -0.13169278 -0.11639376 -0.011911652 0.14803347 -0.27844614 0.34714395 0.08953793 -0.015357775 -0.030916939 -0.24188368 0.15995754 0.3578817 -0.021018077 -0.049244992 0.09205811 0.13872908 0.018392846 -0.03960146 -0.37862867 -0.45581055 -0.12552157 0.083434 0.011266244 0.1825737 0.25434232 -0.036448564 -0.20081761 0.028965482 -0.0005610786 0.27192622 0.01161425 0.039044995 0.08188977 0.057579473 -0.0011423812 0.21710786 -0.13193819 0.06196589 0.229116 -0.09142695 0.23199253 -0.116721794 -0.1809571 -0.042456154 -0.15110058 0.06683667 -0.0047930432 -0.14890134 0.06175448 0.2616951 0.2350446 0.07409894 0.115516774 -0.13273303 -0.1315452 0.09096445 -0.25376362 0.34320286 0.18682434 0.51524335 0.19133857 -0.05782511 0.26722908 -0.06370528 -0.12461252 0.10812896 -0.0063567674 0.07646671 -0.3532354 0.0036988943 0.21040554 0.09964762 0.09256728 -0.13739254 -0.060642343 0.053368963 -0.28964686 -0.34473434 0.03857015 0.30455187 -0.021672873 0.039619934 0.19265938 0.012272418 0.05343326 0.048004862 0.0305405 -0.4230173 0.16318853 -0.1440942 0.1675894 0.2978029 -0.23475866 -0.44846827 -0.02445346 -0.039349183 -0.05962973 0.13932809 0.13278484 -0.04620113 0.07030759 0.00042867893 0.031284634 -0.1691067 0.08941391 -0.031167611 0.084404975 -0.28530452 0.19611214 0.07064133 -0.10713354 0.27354312 -0.012469641 -0.0135366935 -0.14510836 0.025466423 -0.12458174 -0.049299058 0.018311806 0.13215907 -0.046510387 0.10109917 0.22763324 0.013858355
BEL 0.020950943 -0.12319877 0.21584177 -0.038252573 0.12435856 0.019352617 -0.083520345 -0.036473613 -0.079243094 0.12317809 0.029813053 -0.025589656 -0.10452633 -0.031723715 0.16355774 -0.07885499 0.051458593 0.021725373 -0.31504732 0.11105894 0.031151462 0.008873722 -0.10948431 0.043646634 -0.0055768103 0.06183418 0.031907834 0.13746694 -0.09217287 0.017911175 -0.19587883 0.339054 0.1345726 -0.05131 -0.08996338 -0.013254982 -0.0036688815 -0.09450311 0.09194023 -0.10570137 -0.01719054 0.31872022 -0.065561354 -0.03394442 -0.08402049 0.12213994 -0.20090945 0.22334744 0.088929676 0.014624944 -0.10772143 -0.02746672 0.037441477 0.12961939 -0.107814796 -0.10942804 0.24749412 0.14784159 -0.0046952143 0.11325454 -0.13509473 0.11877238 0.17375417 -0.06692423 0.25855225 -0.09488058 -0.037853356 0.027411906 0.18393266 -0.09013056 -0.16410546 0.049026217 -0.014087383 -0.28676197 0.041259613 -0.08879735 -0.039979223 -0.030103901 -0.33112797 0.21528836 -0.17418548 0.0042239763 0.057364892 0.086462334 -0.08923024 0.08438279 0.12456509 -0.03997189 -0.3401023 -0.0078095566 -0.090094805 -0.24612926 0.04848377 0.14763929 0.03826622 0.07610063 -0.21278627 -0.22086458 -0.1989714 -0.33905607 -0.0067391186 -0.08683352 -0.033285532 0.26020104 0.24052516 -0.08757317 0.1252223 0.25125256 0.4886803 -0.12063641 -0.09920336 -0.27736506 0.14533238 0.22734788 -0.21489847 0.019820498 -0.044341337 -0.014586837 0.04137584 0.24351403 0.14124325 -0.19375938 -0.09510931 0.11948355 -0.01572061 0.1952974 0.052200776 0.058924444
CMR 0.2777168 -0.3725685 0.46683854 0.08418003 0.107721865 0.016587522 -0.23272164 -0.0475152 0.020562526 0.26381707 -0.112385444 0.13736324 -0.103570305 -0.17587496 0.25215036 0.33817604 -0.06543429 -0.08022931 -0.10508245 0.18478106 0.012718191 -0.1169863 -0.02163846 0.015653234 -0.28724566 0.4676866 -0.073361516 0.4699276 0.20747757 -0.2541514 -0.16300607 0.08649278 -0.15299033 0.054578368 -0.17554355 0.22027336 0.3153947 -0.11160077 0.07583525 -0.07514567 0.094913416 0.076294325 0.14523128 -0.07676196 0.12627982 0.2243754 0.1691104 0.17116839 0.24935248 -0.13431014 -0.26789856 -0.16119492 0.14004226 0.32984594 0.1333948 -0.17951238 0.31700987 0.026896289 -0.088959046 0.10631101 -0.23239599 -0.077872716 0.27136377 0.45647332 0.16370185 0.10422412 -0.046251513 0.26214018 -0.149881 -0.07155533 -0.07134257 -0.28312907 -0.37758973 -0.08833406 -0.0014796202 -0.18860336 0.2681106 -0.20031637 0.010063655 -0.02257568 -0.24523765 -0.20692055 0.2351887 0.035450865 0.0026724676 0.055537514 0.121210344 -0.11895402 0.03719756 0.02502081 -0.37924242 -0.32830128 0.27571616 0.16259356 0.13311557 0.051815096 -0.0018634803 -0.1650375 0.14393869 0.056367733 -0.17438985 0.26703936 -0.05740554 -0.012458169 -0.06094315 -0.075326085 0.047305916 0.064640276 0.11257124 -0.3925568 -0.042349543 -0.38089085 -0.015261953 0.080138154 -0.084084734 -0.11677603 0.016006447 -0.102458104 -0.04731734 -0.31433767 0.069628395 -0.26279378 0.19872172 0.1170824 -0.18730727 -0.17446847 -0.07186139 0.120951824
KOR 0.17909384 -0.047776468 0.18760489 0.08846357 0.10096447 -0.038461372 -0.3014704 -0.061123487 -0.13660984 0.2652721 0.24151541 -0.13808851 -0.024398906 -0.19963051 0.24827074 0.034011297 -0.22413477 0.09775215 -0.07088012 0.14267555 0.077757165 0.13279758 0.034450263 -0.23321314 0.006574775 0.1260589 -0.25572994 0.18947062 -0.061769307 0.37388092 -0.010521661 0.012192431 0.12882079 0.10434492 -0.09686471 -0.11667836 0.18371291 0.06967142 0.2781161 -0.0791271 0.06664529 0.20246522 0.35480848 -0.1947785 0.04730636 0.0127889225 0.13709599 -0.07131929 0.12520452 0.14357041 0.36777422 -0.18563725 -0.21859166 0.022171825 0.13058159 -0.016089708 0.27697563 -0.3202292 0.13266374 0.07847073 0.080001764 0.21768358 -0.17642027 0.10586746 0.11257825 -0.20290804 -0.11566447 0.15418807 0.11736032 -0.04846135 -0.19502552 -0.23710917 0.068783194 -0.18596448 0.2686715 -0.22528648 0.17592642 -0.04971217 -0.3758406 0.14800404 -0.11312022 0.07848225 -0.106096365 0.3313422 0.08987511 0.052161463 0.257533 0.0138437 0.13231699 0.046371892 -0.4628856 -0.10583835 -0.053137004 -0.14386427 0.5233609 -0.06573946 -0.08490754 -0.3367902 -0.29679275 -0.35060048 -0.028787315 0.054508615 0.044906948 0.09738542 0.00020015541 -0.19309145 0.1304281 -0.005062567 0.03554832 -0.09419948 0.32145312 -0.16794303 -0.2398356 0.09820048 -0.19635966 -0.09745533 -0.09581162 -0.23064454 0.037512146 -0.13191846 -0.13567245 0.19960435 -0.21889284 0.018355984 -0.15406896 0.043536507 -0.24955626 -0.10849107
TUR -0.06021488 -0.21735154 0.112783775 0.22693668 -0.065498576 0.21763149 -0.32044545 -0.07759074 -0.40277535 0.1436156 -0.07098378 0.08494899 -0.26414618 0.05677456 0.18378635 -0.037363738 0.018716348 0.048796095 -0.28051516 -0.07416363 -0.016707595 0.13728514 -0.19114801 0.08743076 0.007174211 -0.052806545 0.07018544 -0.01196499 -0.10661604 0.01380945 -0.01925424 0.22188076 0.16753702 0.1032053 -0.2596422 0.0012662595 0.1435416 0.022825515 0.028479435 -0.29055032 -0.038197726 0.3453304 0.18484549 -0.14662702 -0.2250568 -0.09073504 -0.11502532 0.024123307 -0.05909044 0.054126456 0.3275233 -0.08418009 0.2156349 0.23281737 0.018033018 0.11321823 0.36090988 -0.065126464 0.05343201 0.075642146 -0.042382356 0.20280415 0.18476108 0.11136235 0.25439787 0.007851683 0.101512395 0.048789468 0.034304958 -0.14185019 0.008550529 0.013834367 -0.2553406 -0.30139318 0.03487576 0.09952444 0.012573765 -0.15158005 -0.14093843 0.3259894 -0.16522455 0.1742293 -0.17555322 0.18312664 -0.07483519 0.058648445 0.14886183 -0.13829026 -0.24460055 -0.14232363 -0.03630062 -0.20030798 0.008826736 -0.077275895 0.30636787 0.10635743 -0.032442633 -0.29756662 -0.25975096 -0.3260625 -0.14028244 0.023409983 -0.10447766 0.10819828 0.120902725 -0.03619331 0.26053146 0.5595979 0.32238546 -0.16156691 0.095299326 -0.30831134 0.014472212 0.21600726 0.02609163 0.09548741 -0.043685507 -0.029788079 0.13607652 0.2341178 0.17765285 -0.102889545 -0.08497501 -0.014143937 -0.053780794 0.33577704 0.06480871 -0.15685771
TTO 0.24466214 0.10008901 0.13109848 0.1919666 -0.03575531 0.068208136 -0.16982521 0.12754036 -0.04624369 0.12293651 0.103913404 -0.03652945 -0.17999405 -0.20507933 -0.0021080049 -0.00038789757 -0.09385383 -0.25867182 -0.23667125 0.18749963 0.21796255 0.080774195 -0.1402549 -0.3920039 -0.15607835 0.08350782 -0.117647916 0.22755179 0.28814182 -0.044250473 -0.26229963 0.13172495 -0.2383964 0.095116556 0.12625636 0.22288744 0.050775193 0.023235206 0.060947992 0.24010971 0.0659404 0.123208836 0.290256 -0.14544086 0.27862796 -0.06555489 0.10359131 0.08511146 -0.10477565 -0.1535375 0.040601272 -0.16747755 -0.13596155 0.39392272 0.1843126 -0.073000014 0.29715 -0.23485348 0.013107886 -0.09623326 0.0030570342 0.2670519 0.2924693 0.4982211 0.19577906 0.03221575 0.13430479 0.42437288 -0.09531746 -0.20414771 0.001644535 -0.04568102 -0.4349068 -0.042108864 -0.08292538 0.11260056 0.45763615 -0.4049913 -0.18148248 0.2587775 -0.26168704 -0.41720676 0.18033126 0.22675498 0.034495868 0.07821439 0.19088076 0.027471371 0.13578075 -0.12736996 -0.12052866 -0.50886035 -0.23295364 -0.059697364 0.13057443 0.11759428 -0.12078189 -0.20589204 -0.31196395 0.060624916 -0.009351175 0.21820404 0.017114118 0.21292637 -0.2057423 -0.29567245 0.31950983 0.15103632 -0.33976555 -0.11842971 0.056803953 -0.24279055 0.072075985 0.22370727 -0.16648996 -0.027656479 0.21233255 -0.013593017 -0.05924379 -0.22274837 -0.08178831 0.027289009 -0.055711962 0.02840205 0.004488934 0.08187443 0.16575319 -0.0950575
KWT 0.23609935 -0.038794 0.11919817 0.13792254 0.13188943 0.15341635 -0.35276347 -0.08975921 -0.2067729 0.13017818 0.12787196 0.024490923 -0.09935723 -0.14107992 0.12901708 -0.009687209 -0.15691377 0.011473617 -0.1971827 0.14530471 0.03496065 0.1259369 0.006840263 -0.25541893 0.06977501 0.1434849 -0.24801333 0.14398906 -0.02393166 0.4316853 0.037845984 0.12117752 0.1106778 0.13178967 -0.11099712 -0.14618176 0.21181624 0.14007884 0.22623572 -0.19161509 0.041160647 0.3081804 0.3780989 -0.18386541 0.032230098 -0.08212633 0.012652278 -0.041045427 0.105775476 -0.0058165323 0.450318 -0.18853724 -0.13805823 0.25069764 0.10900978 0.15674128 0.37416863 -0.26286668 0.18919434 0.097064376 -0.006102711 0.15172502 -0.14865994 0.15943463 0.1655458 -0.21929368 -0.110142015 0.16549185 -0.07358044 -0.042219564 -0.054677993 -0.15147036 0.11885271 -0.13258782 0.14360294 -0.12616019 0.1631268 -0.11041241 -0.32404837 0.24832521 -0.15266274 0.09406811 -0.22275618 0.24707673 0.050101493 0.05541793 0.1435913 0.042583145 0.06314461 -0.049503054 -0.43656787 -0.15516189 -0.13794896 -0.13926345 0.42644125 -0.16983241 -0.018031567 -0.2699449 -0.43588254 -0.3394704 -0.15381694 0.08092434 0.07028032 0.01613702 0.01949717 -0.1995441 0.22463216 0.12702958 -0.020926604 -0.059601452 0.30495253 -0.29598796 -0.35323954 0.17812705 -0.13116452 -0.017305726 -0.08943118 -0.15529168 0.15125448 -0.11165138 -0.042633783 0.07068326 -0.09618161 -0.026844488 -0.09395115 0.10704879 -0.13391407 -0.22048694
ROU 0.07150081 -0.17058267 0.13275747 0.1255726 0.08297032 0.23264736 -0.42404878 0.09487302 -0.31329852 0.0025601084 -0.004200655 -0.1416821 -0.092946924 -0.10116577 0.01475873 0.08759844 -0.12974022 0.030442646 -0.13966876 -0.18594182 -0.14173554 0.19615453 -0.04901062 0.11299646 -0.109406665 0.109522805 0.02021047 -0.1588422 -0.3794339 -0.17508169 0.21441041 0.13003168 0.316778 0.2594417 -0.18240105 -0.08631639 0.09598608 0.07864014 -0.20820604 -0.14137289 -0.027190473 0.2784326 0.054704014 -0.16474713 -0.1653662 -0.018181412 -0.23983333 0.07727342 -0.11281629 -0.043050747 -0.51281786 -0.11946385 -0.026213294 0.09749153 0.25324965 -0.021509062 0.29240796 -0.12968262 -0.16407932 0.07077151 0.11571597 0.26221126 0.22747724 0.39020333 0.1282585 0.085464545 0.25626943 -0.237961 0.22993028 -0.08811759 -0.012554102 0.05249536 0.00022582206 -0.39113313 -0.20177102 0.06242771 -0.057969905 -0.02176335 -0.18904202 0.07181121 -0.040501546 0.27288568 -0.02734685 0.25604814 -0.24328996 0.08560915 -0.06077875 0.21901488 -0.28449035 -0.09747084 0.063024454 -0.040949315 -0.16281424 0.0275327 0.31901708 0.19200931 -0.41606063 -0.40654504 -0.4696862 0.027884753 0.014640509 -0.092724234 -0.14084218 0.19708045 0.47197962 -0.31071106 0.38697252 0.49118727 0.33432236 -0.11523405 -0.06511606 -0.07912869 0.10690914 0.150209 -0.18756066 -0.035857737 -0.0004169732 0.027593182 -0.08571417 0.08366435 0.09628346 -0.25505555 -0.31742328 0.055508748 -0.005343017 0.4877122 0.16301966 0.1726582
CZE -0.0046603847 -0.26762992 0.18497266 0.0907274 0.00492564 0.27659872 -0.46456847 0.027133616 -0.37459505 0.19816837 0.0016710977 -0.16126241 0.018445749 0.07849908 0.034479488 0.19106555 -0.08465049 0.0900524 -0.23344295 -0.14751254 -0.09883499 0.103245236 -0.12413511 0.14713168 -0.10123788 -0.106318355 0.18097389 0.057959158 -0.29695666 -0.13017449 0.16578384 0.09347284 0.37496594 0.10521687 -0.16304676 -0.06470494 0.11359331 0.032601874 -0.17810099 -0.21816057 0.100706056 0.2919399 0.050900616 -0.15787014 -0.22828695 0.09058102 -0.10410369 -0.04147325 0.0016272743 -0.0052007292 -0.20161374 0.03341666 0.0757536 0.13004075 0.12544446 -0.03800384 0.2495456 -0.15434434 -0.015323231 0.18899044 0.22030124 0.2836976 0.2906224 0.39875907 0.08704391 0.101897396 -0.03067479 -0.14749983 0.23452303 -0.061829783 -0.064945616 -0.07034026 -0.10136942 -0.30401564 0.11123466 -0.0056127748 -0.056464586 -0.11267233 -0.053115528 0.16037817 0.06743268 0.15099035 0.03709667 0.18522659 0.009535818 0.11279804 -0.06887436 0.1818424 -0.34773597 -0.18088862 -0.009961065 -0.04311517 0.025359286 0.28999126 0.16698171 0.027787546 -0.12717555 -0.32624203 -0.4130651 -0.19342788 0.054779995 0.04211437 -0.18633296 0.12151502 0.23710491 -0.16327827 0.14506447 0.50619245 0.4559339 -0.09828575 0.20404303 -0.08202382 0.22341432 0.14093274 0.0043824147 -0.17257886 0.04766495 -0.09098775 -0.08601894 0.06772449 0.28487432 -0.08936548 -0.07515827 0.058318295 -0.24651831 0.42541742 -0.027397502 -0.07542011
ISR 0.047713615 -0.1472308 0.19937259 0.14476845 0.03265804 0.17900456 -0.4565257 0.0744825 -0.29163814 0.06284751 0.052344333 -0.021546924 -0.1807142 -0.016132709 0.09854094 -0.03722492 -0.120483674 0.08044692 -0.093270816 -0.19713095 -0.13595782 0.13475794 -0.044608932 0.1968661 -0.12675041 0.035323624 0.121126056 -0.12606166 -0.38148206 -0.23616178 0.18237408 0.19408996 0.2527928 0.23137273 -0.18189603 -0.029270323 0.15247065 0.022685414 -0.15090598 -0.115185596 -0.060360637 0.2913579 0.010527239 -0.16159971 -0.12558775 -0.0920662 -0.19009274 0.12562914 -0.0016101499 0.090114616 -0.34173343 -0.06977126 -0.03868454 0.06869501 0.14629981 0.031400725 0.28698096 0.007562024 -0.12908815 0.08119007 0.10508326 0.27833375 0.2077918 0.3260755 0.2145273 0.065808065 0.2204851 -0.13003674 0.24889937 -0.087074734 -0.016328288 -0.0070952694 -0.118627034 -0.3699075 -0.1028899 0.1450789 0.04096471 -0.09600544 -0.04594151 0.10304493 -0.044039685 0.16244833 -0.030244837 0.20257576 -0.28145418 0.15824974 0.074746944 0.08703586 -0.35638386 -0.15212485 0.12512681 -0.095452644 -0.058005273 -0.048197724 0.22220694 0.2951299 -0.2995841 -0.3208536 -0.22413124 -0.05356135 -0.04427148 -0.10251776 -0.13847686 0.28767237 0.31402302 -0.12864028 0.36400002 0.42779872 0.31340653 -0.11499844 -0.19008668 -0.006766601 0.14674518 0.13994697 -0.122976914 -0.02744607 0.007893002 0.08135797 -0.049873896 0.15008438 0.11971544 -0.16717592 -0.240897 0.026506249 -0.040097903 0.44499022 0.1552853 0.10987397
BWA 0.08126273 -0.2637553 -0.063762195 -0.10402603 -0.19246863 -0.031532582 -0.3526254 0.067556255 -0.083904564 0.31215414 0.2704285 0.03941101 0.23675963 -0.044404387 0.22444823 0.01420821 -0.20533998 0.23394176 0.15228988 -0.052553367 -0.15341978 -0.3346658 0.029861704 0.06685128 -0.17631683 0.2066262 0.2777762 -0.10095458 0.03263412 -0.014891289 0.006055168 -0.10984795 0.010532324 0.052500382 -0.040535282 -0.019262265 0.09858483 -0.098480746 0.28599438 0.15242714 0.051942077 0.059905916 -0.06245658 -0.023796605 0.12878071 -0.104449764 -0.1671218 -0.09926543 0.23203786 0.28381208 0.17485029 -0.089438595 -0.030861741 0.19576387 -0.04728061 -0.11662836 0.13132475 -0.028775156 0.16591741 0.20115206 -0.023449315 0.3559528 -0.08809294 0.6288465 -0.036592025 -0.14464211 0.004098322 0.15511969 0.19973153 -0.1846414 0.12785774 -0.20589025 -0.2672391 -0.27159622 0.2456094 -0.14178397 0.048346043 0.051709637 -0.040235944 0.43926695 0.10321415 -0.33032617 0.31530377 0.4111108 0.0710191 0.018129973 0.11227287 -0.21615915 -0.0026284498 -0.15224777 0.028198108 -0.025313681 0.087156676 -0.076988444 0.5355008 -0.041080642 -0.19760075 -0.23231643 -0.11612103 0.00744254 0.07329356 0.120663606 -0.25055233 0.13805981 0.16759874 -0.16694605 0.07212057 -0.018989494 0.09985797 0.033229087 0.16446277 0.119256094 0.013658728 0.13653998 -0.22507966 -0.000117819756 0.20516025 -0.1396313 0.14221853 0.08884601 -0.15344106 0.086849086 -0.09102659 -0.10852909 -0.24715696 -0.06982536 0.06929064 -0.1391781
AZE 0.07382848 -0.2273475 0.22092421 0.12368235 0.089413986 0.23670705 -0.5527343 0.15902469 -0.3818571 0.001429823 0.12540136 -0.21363346 -0.093877956 -0.015290971 0.056722917 0.08302986 -0.18366307 0.012204062 -0.08761994 -0.23167199 -0.18703784 0.10057815 -0.037715066 0.13140713 -0.14238851 0.061529152 0.15600978 -0.063128814 -0.45907792 -0.26109502 0.24774013 0.09377171 0.41356182 0.28655487 -0.18914716 -0.09167059 0.08704861 0.036465455 -0.22188257 -0.10712707 -0.007015968 0.28518713 0.046117216 -0.20440306 -0.17345119 -0.050044242 -0.20139383 0.0137963025 -0.03259422 0.03528592 -0.5500858 -0.07037315 -0.024037879 0.04456084 0.2501151 -0.08269094 0.27623838 -0.13715443 -0.12851894 0.16860238 0.19941993 0.29447114 0.25080013 0.42688584 0.12516108 0.19790205 0.21079543 -0.25118366 0.3284696 -0.028169286 0.009861606 0.023767853 -0.057300698 -0.45580846 -0.10525526 0.05953073 -0.0009770407 -0.029141437 -0.14625189 0.13191484 0.0062127355 0.22951207 -0.008179885 0.24570654 -0.1781913 0.07428924 -0.0794673 0.2279297 -0.40842515 -0.1560387 0.09963281 -0.015467187 -0.1062071 0.08039651 0.27440995 0.19756691 -0.37256563 -0.3994654 -0.37764037 -0.008169 0.047200017 -0.09531056 -0.1823758 0.24967192 0.3745538 -0.29960918 0.35732692 0.5278417 0.40119633 -0.089012735 -0.09815117 0.044583794 0.21506917 0.13932288 -0.14860219 -0.08612187 0.039485473 0.022364572 -0.13457851 0.07785367 0.06863955 -0.1796749 -0.27546665 0.0177189 -0.06414194 0.48670492 0.1272819 0.15255347
ZMB 0.16012624 -0.31002307 -0.048053056 -0.19072534 -0.13880889 0.060775414 -0.26075363 -0.013628692 0.09368031 0.36543775 0.102790006 -0.021269396 0.11356552 -0.12668902 0.22614324 0.03950766 -0.07819971 0.087621845 0.022648726 -0.021855153 -0.08746396 -0.16259241 -0.021600878 0.0056151072 -0.14778069 0.26747367 0.08994882 -0.12773484 0.12948842 0.12183129 0.008348716 -0.061496235 -0.13757162 -0.03149367 -0.07744639 -0.107711665 0.20058593 -0.1478584 0.29867032 0.14245558 -0.011749472 0.1489768 -0.13650303 -0.022684457 0.16196746 0.0709481 -0.2874497 0.05820586 0.092778645 0.29263315 0.11977157 0.0010991987 0.049167596 0.06781011 -0.17288104 -0.0487647 0.14128587 0.052159958 0.11763171 0.11000118 -0.21966073 0.1926537 -0.09590397 0.6479832 -0.0026544337 -0.18166025 -0.11258116 0.059079785 0.024537858 -0.3084367 0.02554846 -0.23327388 -0.15268137 -0.1285852 0.121943414 -0.2537514 -0.041101243 0.13143943 -0.09865938 0.29060766 0.14460619 -0.19656043 0.19075692 0.3278598 0.011770323 0.11524601 0.16679478 -0.022019133 0.05784319 0.07179625 -0.07546072 -0.037254754 0.10754035 -0.09828829 0.44924152 0.03692175 -0.13558502 -0.31410977 -0.13052978 -0.03718088 0.08448447 0.10945062 -0.18706754 0.1545876 0.3497971 -0.23749326 -0.037090752 -0.20857795 0.15025304 -0.004859685 0.22387916 -0.11717513 -0.08343813 0.13990681 -0.16366927 -0.022948314 -0.037708312 -0.25683558 0.13482594 0.021023866 -0.13340455 -0.17836592 0.03538123 -0.020374812 -0.19760013 -0.027929833 -0.10735366 -0.12270002
POL 0.11865941 -0.35987505 0.06511892 -0.11146509 -0.25953367 0.179176 -0.30887666 0.118240714 0.0979427 0.14072163 -0.15858057 -0.013176904 0.0915025 0.056460984 0.068327665 -0.011387299 0.064781845 0.13056022 -0.16720377 -0.36598608 -0.02643008 0.034038063 -0.02655115 0.2692792 -0.09697505 -0.02356634 0.24560627 -0.22406709 -0.03484785 -0.18803546 -0.026557172 -0.049774703 0.061807647 0.31070602 -0.17085506 -0.027313065 0.25808528 -0.14837086 0.014202811 -0.06746809 -0.024780378 0.14681439 -0.32326844 -0.06800146 0.00033732876 -0.13764435 -0.22803664 0.23115645 -0.06320715 0.2602573 -0.26601434 -0.14689332 0.017909907 0.18371913 -0.12457761 0.077015415 0.2570143 0.19550717 -0.08047623 0.019011676 -0.11050875 0.3112171 0.34580636 0.49997187 0.0009169227 -0.16017695 -0.18906765 0.07027855 0.050525755 -0.26221386 0.17299727 -0.17255864 -0.29483306 -0.39252108 -0.070722826 0.01844927 0.12973864 -0.040975295 -0.09437466 0.0048170937 0.024348117 0.07570115 0.1654333 0.21509191 -0.22791575 0.26460326 0.0778149 -0.055553846 -0.09592834 0.09622022 0.17659959 -0.21405149 -0.069396 -0.02774745 0.34053943 0.18473946 -0.10800029 -0.23393582 -0.29702666 0.123346336 0.26022604 0.03125229 -0.20204812 0.13730203 0.6605636 -0.3366371 0.0037137684 0.31129077 0.24879014 -0.028858587 0.012581053 -0.00894926 0.12681423 0.24717678 -0.21091573 -0.03618872 -0.05546286 -0.13361743 0.10773251 -0.06818128 0.20305532 -0.35799643 -0.07146559 -0.04235262 -0.07230554 0.541038 0.021693064 0.09351951
MUS 0.21009466 -0.44321027 0.29187325 0.2891565 -0.33667704 -0.20289722 -0.03540422 -0.0662966 -0.14629075 0.25882885 -0.037902314 -0.059579983 0.24807186 -0.19916332 0.30311257 0.17965738 -0.14616553 0.3515343 -0.09784148 0.07127882 0.13003097 0.13576335 -0.12562537 0.05061472 0.013458526 -0.06875425 0.03917534 0.11518367 0.09575898 0.12229799 -0.23290655 0.109490745 -0.060879182 -0.09974388 0.061804794 0.020475183 -0.055005983 0.13782653 0.16309685 0.03431619 -0.1865444 0.07788532 0.011202762 0.11217414 0.022731595 -0.08628582 0.026616728 0.17539087 0.19012454 0.24947596 0.31786272 -0.17676373 -0.17972669 0.256999 -0.10133596 0.07837358 0.066467576 -0.28726637 0.009889752 0.23239711 -0.053770076 0.19490257 0.2407279 0.28138983 -0.08740008 -0.12818083 0.06879011 0.14057782 0.14824365 0.13409261 0.014022606 -0.10375737 -0.37748113 -0.31638467 0.39080158 -0.0016264659 -0.037489433 -0.117312916 -0.00941333 0.07979016 0.019527918 -0.29195866 0.32991526 0.3521675 -0.0017057235 0.113286726 0.17812946 -0.19799083 -0.07079244 0.10161535 -0.13193062 -0.23776405 0.1893977 -0.13329308 0.62174755 0.1759866 -0.12763298 -0.122758634 -0.1388306 -0.07719995 0.10244065 0.19614716 -0.029620456 0.13666777 0.12975629 0.10171531 0.22331049 -0.10594607 0.22933051 -0.057168532 0.33907485 -0.11285845 0.0606338 0.05268398 -0.24683295 0.098952964 0.15478851 -0.22251059 0.021737836 0.039278496 0.043976344 0.07005177 -0.1784778 0.106986076 -0.098490596 0.010420129 -0.14223534 -0.09727972
SCG 0.038817767 -0.13821991 0.17841169 -0.1107379 -0.043799996 0.1268895 -0.42806727 0.17689252 -0.38996425 0.39007464 -0.08601968 -0.1516037 -0.23396823 0.025537377 -0.015786368 0.08368263 -0.08609195 0.10680388 -0.14246032 -0.20947908 -0.08863053 0.08429054 -0.101682596 0.030039104 -0.057192907 -0.051064715 0.10598994 0.10882424 -0.30708778 -0.12269516 0.035902992 0.003429453 0.2370985 0.26626694 -0.28837144 -0.1071647 0.19516464 -0.105576284 0.043303832 -0.15837756 0.15570618 0.15621199 0.17125557 -0.18845078 -0.13733694 0.09139722 -0.09029458 0.043630008 -0.06406031 0.08377752 -0.17040077 -0.07204285 0.18226609 -0.035472386 0.14344649 -0.06746163 0.40900758 0.076869376 0.032652136 0.0431508 0.057435248 0.29283616 0.12218955 0.25424942 0.20544794 -0.06521065 -0.077789456 0.120006524 0.033086132 -0.28458786 -0.005878232 -0.031106072 -0.024650043 -0.17073637 -0.008461749 0.02028896 -0.05199648 -0.15649226 -0.1738427 0.119559094 -0.096665025 0.15482318 -0.0756365 0.1744776 -0.13324647 0.16185768 0.17071547 0.05937296 -0.18707095 -0.18574493 0.060101125 -0.15637632 0.00807754 0.27731606 0.04205322 0.13616733 -0.14190626 -0.21431515 -0.14786083 -0.2745641 0.14553156 0.03281848 -0.17874718 0.0980958 0.19981553 -0.24182142 0.01073975 0.5294228 0.29973048 -0.035094365 0.1292255 -0.10236607 0.21601956 0.32307354 -0.08090405 -0.01869949 -0.13732156 -0.040161002 0.09240701 0.04243551 0.27793753 -0.05081709 -0.01887386 0.020326598 -0.15621522 0.42797744 0.07579218 0.08881498
PHL 0.21538995 -0.117254354 0.32043743 -0.020520061 0.10949097 -0.27047807 -0.0024233998 -0.020641387 -0.07399319 0.21521118 0.22318612 -0.24803722 0.05994861 -0.34443694 0.13296276 0.070702046 -0.034716386 0.22328688 -0.09888313 0.15602136 0.008724836 0.17762572 -0.048229575 0.03131208 -0.060117077 -0.03483354 -0.07273464 0.13511929 -0.24624549 0.13439488 -0.029612629 0.18657973 0.04323652 -0.012740181 -0.008168649 -0.08814245 0.12915269 0.19984229 0.020798652 0.07578731 -0.15861017 0.035345573 -0.06978463 0.044806737 0.211879 -0.010926823 -0.008359765 0.105603255 0.04547057 0.2693368 -0.11862632 -0.06507483 -0.18212426 0.020150362 0.0026465796 -0.0862033 0.2518173 -0.093179435 -0.09116415 0.15026253 0.024516717 0.1961976 0.19766618 0.17449571 0.21219833 -0.2161315 0.023490002 0.05284707 0.26242247 -0.0018379432 -0.08444394 -0.09382101 -0.015259 -0.21572044 0.045172483 -0.11564611 -0.113556206 -0.08498127 -0.20501187 0.030494751 0.021009963 -0.07722472 0.21329185 0.20556574 -0.09235942 0.3232411 0.17605314 -0.017528966 -0.06649563 -0.02643501 -0.20950392 -0.090185925 -0.110719495 -0.019242914 0.17883289 0.24089158 -0.12788534 0.049273565 -0.06433336 -0.252279 0.054234058 -0.034713272 -0.013886592 0.38653934 0.009033777 0.02556314 0.24912483 -0.19871327 -0.011005211 -0.027396211 0.12638597 0.101813175 0.12566514 0.04406394 -0.17035203 -0.16089506 0.11954115 -0.15335502 -0.045776114 -0.020472113 -0.06564529 -0.054200534 -0.23091595 0.07181574 -0.062361233 0.20666347 -0.07769253 0.1391655
BHS 0.2456147 -0.25392944 0.05787331 0.05683572 0.10283201 0.11667888 -0.24226837 -0.004269253 -0.11507862 -0.07178858 -0.2245836 0.035903342 -0.17343703 -0.019644922 0.14189282 -0.076538846 -0.14879909 -0.12076046 -0.29205957 0.13963479 0.0372283 -0.019173708 -0.11092762 -0.021900224 -0.07956781 0.33465317 -0.0023933395 0.0067968597 0.040980432 0.119086444 -0.18057193 0.21461216 0.18704857 0.10010191 -0.22029746 -0.041216385 -0.070993684 -0.028267931 0.09812291 -0.29872292 -0.089692324 0.26683187 0.11775976 -0.15097028 -0.042968675 -0.12939036 -0.10042656 0.08908167 0.1364051 -0.14173254 -0.06861463 -0.35675243 -0.10154156 0.23412374 0.25550482 0.05256341 0.36315212 -0.037335843 -0.080098026 0.089115545 -0.24429142 0.2951863 0.068070345 0.17074439 0.039637744 0.033580817 0.06744759 0.013414875 0.029332008 0.021007853 -0.06471276 0.23738848 0.051128272 -0.25198087 -0.040975727 0.07971888 0.019201783 0.037173655 -0.4159558 0.20430261 -0.29097876 0.17265217 -0.11085711 0.14724214 -0.046416216 -0.016059034 0.020245679 0.12064449 -0.04846772 0.11023936 -0.21129 -0.27393642 -0.05060765 0.036866218 0.3280538 -0.032906428 -0.33421004 -0.26977536 -0.31295043 -0.0447033 -0.06135375 -0.018944236 -0.048233 0.1254046 0.21260557 -0.13839792 0.067051396 0.41807893 0.20687072 -0.01280738 -0.11465568 -0.31021258 -0.22020994 0.2605591 -0.33158436 0.015906895 -0.10258268 -0.08935553 0.088563904 0.21430278 0.059588842 -0.17065984 -0.25762528 -0.04997006 0.22559676 0.12117966 0.19723551 0.017546117
PAN 0.20090279 -0.20681249 0.029192995 0.16060774 0.26289374 -0.3410506 -0.4180651 0.08764531 0.053849187 0.24102074 0.4068238 0.20281696 -0.09397183 -0.16004469 0.2651059 0.1667228 -0.20170675 -0.0049487487 -0.025776431 0.10892975 -0.15310656 -0.23705697 -0.14991516 -0.2417781 -0.18964969 0.27418026 -0.075414866 0.16868915 0.097672366 -0.2043456 -0.103113145 0.07794266 0.13289705 0.2427479 -0.06542082 0.13491467 0.33308837 0.014923279 0.24022488 0.066324025 -0.015863715 -0.033595998 0.082386054 -0.010394393 0.37536278 0.014844017 -0.09823283 -0.025493491 0.038812626 0.31352177 -0.09546229 0.0807879 0.18295197 0.4191826 0.007997474 -0.3822721 0.36699563 0.22684434 0.03390436 0.43059802 -0.23828655 0.041332066 0.06376493 0.07370385 0.2935257 -0.031102415 0.24406455 0.3222918 -0.06390491 0.14209837 0.09926366 -0.15217698 -0.1773641 -0.17349394 0.17527089 -0.2107878 0.03022824 -0.0592412 -0.32453525 0.08031217 -0.33940968 -0.3794728 0.10108056 0.33313906 0.0122094955 0.04723114 0.29230103 -0.25149646 -0.08998917 -0.11045294 -0.14202695 -0.1585236 0.10823742 -0.37470403 0.25509918 0.024536746 0.04492037 -0.30696568 -0.017294021 -0.010314408 -0.30887148 0.008312112 0.0421093 0.09337255 0.049200363 -0.1488719 0.18728863 0.29694304 0.1651416 -0.18903302 -0.14932166 0.109423436 0.17713492 0.23811212 -0.106324494 0.0069098114 0.03515755 0.17025793 -0.044184983 0.023696966 -0.16443826 -0.19637811 -0.09219144 -0.11313878 0.09229296 -0.051187966 0.34346035 0.057765648
CHE 0.08793282 -0.092769675 0.17500776 0.20170103 0.035764378 0.14720662 -0.28306094 0.0075830184 -0.11167143 -0.0015119147 -0.049278915 0.1565616 -0.21751466 -0.07227609 0.1870501 -0.027185565 -0.012055153 -0.12825872 -0.2717049 0.0061473334 -0.03129894 0.104342036 -0.06944563 0.089599505 -0.10187806 0.108266935 0.01961216 0.11989884 0.019418119 -0.13168679 -0.03526713 0.18171357 -0.01249913 0.16281284 -0.2065643 0.09122665 0.16766882 -0.013583344 0.021665284 -0.102684915 -0.099188074 0.23371184 0.08286838 -0.08463619 0.062416006 -0.028567249 -0.008670091 0.2043261 0.09128044 0.03138463 0.0013404116 -0.08766019 -0.002765879 0.21730505 0.041039668 0.03268834 0.3244223 0.015626619 -0.012491479 0.041311387 -0.16242732 0.09659914 0.21437845 0.23817529 0.24837764 0.06619091 0.058062814 0.15442409 -0.040047918 -0.12976809 0.012661271 -0.05741475 -0.31414422 -0.26660874 -0.057373915 0.026801905 0.20595615 -0.18582417 -0.094789736 0.16585222 -0.13373135 0.05023805 0.051757004 0.081201136 -0.17781964 0.116971396 0.15720704 -0.005207184 -0.14748968 -0.03180761 -0.19175564 -0.29781872 -0.034991324 -0.058382776 0.18610701 0.12501381 0.03649758 -0.14285609 -0.11474195 -0.15601642 -0.1537029 0.08945725 -0.041466277 0.26771948 0.013277131 -0.043808367 0.275682 0.32478455 0.09180491 -0.14606549 -0.07392213 -0.22129542 0.019674657 0.19458449 -0.014127973 -0.103685446 -0.025801862 -0.10882067 0.02354196 -0.06432051 0.12504876 -0.30324948 0.049695436 -0.03718963 -0.0093958555 0.25606608 0.07347183 -0.042232964
BGD 0.2013473 -0.23536223 0.3158709 0.094039306 0.028625006 0.11106149 -0.25888607 -0.12033386 -0.22506486 0.17411423 0.36298943 -0.12618412 0.14940363 -0.26699498 0.06239448 0.2608404 -0.094345674 0.075291365 0.006103098 -0.054145347 -0.007013704 0.12741843 -0.042231843 -0.36120415 0.14175768 -0.07149812 -0.36883345 0.21813916 -0.025871154 0.46236274 0.26608643 0.024533568 0.1629561 0.055800535 0.109310344 -0.30161226 0.3465459 0.21739766 0.09778518 0.06117316 -0.12012543 0.1867963 0.23912868 -0.11708284 0.114489034 -0.008116943 -0.04529017 -0.16058044 -0.009464411 0.10435591 0.20456576 0.08213538 -0.060388774 0.29955208 0.083427496 0.15885338 0.27738273 -0.32229856 0.24895838 0.31785125 0.17683515 0.06475976 -0.038475458 0.29864785 0.14171922 -0.30575716 -0.14030947 -0.05023081 -0.061426103 -0.02615577 0.015771152 -0.36318627 -0.030977717 0.00017885093 0.16533716 -0.25900915 -0.042146444 -0.002078362 -0.07427644 0.20524454 -0.0814473 -0.23220943 0.09724035 0.46268645 0.173448 0.27699205 0.018018292 0.11699688 -0.009706176 -0.19754274 -0.4533266 -0.017089548 -0.0013105783 0.16700412 0.29905927 -0.18575983 0.013852838 -0.23379526 -0.53055483 -0.31140378 -0.13196383 0.09339174 0.05188021 0.09263046 -0.012980972 -0.13602743 0.23649044 -0.21513924 0.20529583 -0.0016493875 0.5387251 -0.14838336 -0.10196132 0.15195425 -0.17151284 0.101260364 0.09644538 -0.11810425 0.14606027 -0.0843831 -0.15554526 0.053968247 -0.05038022 0.118629515 -0.34021214 0.02570789 -0.21008882 -0.26579955
HUN 0.13522172 -0.17613146 0.23262951 -0.064512275 0.17190772 0.07898917 -0.22933978 0.04582823 -0.2365819 0.24610113 0.09157797 -0.28221875 0.15031941 0.01029449 0.006935711 0.26473546 0.06769227 -0.016716946 -0.37736812 0.033455364 -0.024809586 0.026770843 -0.13973075 0.0986737 -0.17933936 -0.0328705 0.31560034 0.23196828 -0.15456651 -0.14746992 -0.11120804 0.1503144 0.23357776 0.027730746 -0.16844013 0.039685912 0.0626412 -0.00046251348 -0.13453422 -0.22634274 0.07606596 0.24720545 -0.2131581 -0.093794554 -0.05707623 0.15761268 -0.20689064 -0.12385439 0.017310744 -0.055919588 -0.3105991 0.0718868 0.017415546 0.18860479 0.013006464 -0.23817618 0.22132531 0.04073744 -0.20711261 0.16643329 0.105278 0.31495094 0.40262645 0.23750688 0.16090271 0.03932397 -0.10786184 -0.092660286 0.26367766 -0.08965982 -0.14538121 -0.0065837284 -0.1803934 -0.26835668 0.11744366 -0.079485364 -0.04155288 -0.14569706 -0.11209247 0.15712447 0.016758058 0.032723524 0.24580505 -0.004097925 0.12876083 0.12387237 -0.18459885 0.052712407 -0.4286774 -0.118884906 -0.09372008 -0.13748375 0.07531992 0.40033343 -0.19520319 -0.074735515 -0.06745344 -0.18409614 -0.3187117 -0.26833212 0.07166563 0.0042744763 -0.2246331 0.22921821 0.16755518 -0.14325143 -0.058554277 0.42854092 0.5446419 -0.13151182 0.04678522 -0.11577771 0.3194315 0.124042176 -0.009615444 -0.22251633 0.22440416 -0.11446804 -0.06387125 0.06208434 0.26265103 -0.18601237 -0.059381027 0.108360514 -0.18899982 0.33783457 -0.012639019 -0.011080253
FJI 0.6696363 0.022467576 0.4416098 -0.20291792 0.5725524 -0.18687494 -0.02537693 -0.05088123 -0.31584245 0.44691437 0.36145738 -0.64157736 0.11441383 -0.6028888 0.028930001 0.3431593 0.107131176 0.07589603 -0.19598177 0.26215354 -0.12977031 0.26033366 0.120820455 -0.16358949 -0.35564798 0.3698735 0.08727326 0.43257415 -0.6404931 0.18929295 -0.054302257 0.13254103 -0.3119764 -0.19049466 -0.13196556 -0.016264595 0.04373765 0.18381017 -0.049726173 -0.17757557 0.28194687 0.2228412 -0.022933533 -0.06434812 0.38979074 0.21429549 -0.19060631 0.04954766 0.088848345 0.13862893 -0.2577635 -0.23838952 -0.1536939 0.12999402 0.17133014 -0.4693151 0.5462056 -0.31347886 -0.47464815 0.2638172 0.08784956 0.3049181 -0.07791103 0.529453 0.32310566 -0.25530165 0.12748054 0.25456828 0.23412396 -0.12365599 -0.21979018 -0.2074713 0.21272583 -0.212495 0.021922562 -0.33221117 -0.07897527 -0.30342337 -0.38632926 -0.14289102 0.035767347 0.095620476 0.25724015 -0.17220476 0.04326308 0.3070232 0.025073674 0.0032981462 -0.2969551 -0.009688328 -0.5406422 0.09489721 0.051683206 -0.04298386 -0.16232896 0.25180435 -0.23393561 -0.22170433 -0.120411724 -0.49357876 -0.01661086 0.19341485 -0.31177497 0.5298491 0.13472982 -0.5520409 0.13813102 -0.22858505 0.11466225 -0.21444298 0.19904041 -0.24294181 -0.10470339 -0.08789328 -0.18071721 -0.25119543 0.4093879 -0.29152048 0.032159287 -0.37831664 -0.2287807 -0.2788735 -0.34735218 0.04010378 -0.15393175 0.2302607 -0.17507432 0.3630175
PRK 0.37499967 -0.21656191 0.33634424 0.39114088 -0.14763664 0.034082577 -0.2063732 0.11184859 -0.3087275 0.13880739 -0.060954094 -0.07280079 0.04707905 -0.16062142 -0.05227574 0.18845992 -0.05626355 0.088752344 -0.1351435 0.0016995115 0.13084517 0.12294132 -0.098789744 -0.42179227 0.22293462 -0.2176482 -0.18007053 0.18804522 0.030952353 0.17677298 -0.12204075 0.108869985 -0.09217689 0.019224036 0.2528957 -0.09847634 -0.10310937 0.19553879 -0.018442672 0.093358815 -0.12709881 0.09166109 0.2911835 0.010878177 0.10922708 -0.055847228 -0.13794108 0.30343145 -0.15981852 0.10234511 0.081239805 -0.07235274 -0.030731555 0.45126563 -0.004600742 0.1263444 0.172915 -0.28198045 0.07784104 0.35938007 -0.022176066 0.07938279 0.30327708 0.29941463 -0.068645306 -0.10206045 0.15012677 0.21600297 -0.033087708 0.24332882 0.10672772 -0.15620865 -0.11021383 -0.11382399 0.2608806 -0.026934136 0.1101042 -0.26168907 -0.13996914 -0.101577 -0.21481815 -0.32715034 0.03921899 0.4033981 -0.07523027 0.18097986 0.21063025 0.070891544 -0.030875122 -0.0623608 -0.057751145 -0.30544847 0.055650663 -0.12983352 0.31793693 0.14850263 -0.003209729 -0.27165604 -0.41734648 -0.049907263 0.009614268 0.18830273 0.16768754 0.04072509 0.10994444 -0.24159259 0.3186395 -0.04421771 0.03904838 -0.01147637 0.35185814 -0.24942946 0.055328265 0.11671077 -0.26513353 0.16741891 0.12764733 0.003214235 -0.050276354 -0.18436293 0.036251746 -0.059937187 -0.12650768 0.17982318 -0.050491937 0.23048158 -0.053468745 -0.11128141
ABW 0.19914696 -0.1104988 0.14972822 0.13198051 0.023424033 -0.1245167 -0.28457773 0.2065022 -0.20747302 0.15891291 0.15288968 -0.056300025 -0.015319904 -0.009426718 -0.014273085 0.11202873 -0.013972339 0.0037811897 -0.21487135 -0.07270727 0.075446464 -0.035899386 -0.12945801 -0.26358482 0.056522105 -0.0001252965 0.027573757 0.15286347 0.084020786 -0.10272069 -0.10542031 0.028953357 0.11257352 0.30102426 0.0055687604 0.05145215 0.03535127 0.022325655 0.0033962764 0.0462346 -0.11090477 -0.016294815 0.07960095 -0.11881479 0.17180388 -0.10395985 -0.19246033 0.006499683 -0.134317 0.13039793 -0.15983762 -0.029890545 0.0069440925 0.32970718 0.08838416 -0.15113899 0.21079656 0.08614796 -0.058175527 0.20448214 0.022833934 0.25677094 0.31464007 0.09780685 0.06008087 0.033495925 0.10013733 0.13000326 0.0793152 0.04473097 0.15144773 -0.08068397 -0.19249974 -0.1979202 0.117734805 0.03112207 0.18753468 -0.19867411 -0.16923538 0.053168107 -0.15130322 -0.22599521 0.108305335 0.26186424 -0.089179456 0.12270366 0.09542495 -0.06080763 -0.13854407 -0.0911234 0.025482452 -0.18496738 -0.03139546 -0.028694216 0.055887975 0.053403735 -0.02612035 -0.16015501 -0.29609808 0.014908142 -0.014070847 -0.049558524 0.048879 0.15285097 0.05498541 -0.16925038 0.11251963 0.30023962 0.18678719 -0.016123798 -0.13233486 -0.015026208 0.24000427 0.20436686 -0.17791225 0.09162347 0.11339279 0.07344191 -0.08521112 -0.02775095 0.016309619 0.004163819 -0.096614055 0.04272999 0.10087471 0.22478804 0.18973722 -0.008323993
SVN 0.28415695 -0.07017338 0.31493303 -0.13938278 0.3154696 -0.091254115 -0.07935555 0.06154938 -0.2143744 0.2553712 0.15552974 -0.44200122 0.07413071 -0.1700674 0.000491599 0.28067023 0.06216447 0.007351799 -0.31761312 0.19440204 0.008123301 0.02633031 -0.09376737 -0.093147345 -0.22758563 0.049398977 0.2534923 0.3276344 -0.22429888 -0.00079970295 -0.14356747 0.1568406 0.06960425 -0.06765833 -0.14147191 0.024956666 0.0013914139 0.07419981 -0.08953255 -0.16054447 0.099524125 0.19343767 -0.1914423 -0.040533144 0.06795729 0.19030881 -0.21946524 -0.13767776 0.037444524 -0.08761826 -0.28057778 0.03960216 -0.03136345 0.14060591 0.0032748808 -0.2865663 0.2648399 -0.0005654711 -0.27827284 0.16192755 0.06574115 0.3131211 0.31575713 0.17107078 0.21182206 -0.0026063565 -0.0034421752 -0.10082051 0.27304476 -0.052344482 -0.21719614 0.061882783 -0.04471198 -0.17954737 0.103104986 -0.15579069 -0.13321342 -0.099997915 -0.23100905 0.13323015 -0.0026699977 0.048112065 0.23332702 -0.050542396 0.15147285 0.15863246 -0.18276414 0.03766224 -0.40724033 -0.075170234 -0.15632264 -0.11659552 0.061541263 0.31742376 -0.3114077 0.00095848605 -0.17511457 -0.14644709 -0.22408918 -0.33494964 0.06349791 0.003352181 -0.1625442 0.32808718 0.121568255 -0.18899812 0.00094808603 0.13060878 0.41602835 -0.10989262 0.01270986 -0.16134933 0.21865003 0.01532325 -0.05967213 -0.18634376 0.297769 -0.1036774 -0.077490315 0.02090217 0.09611147 -0.14143431 -0.142202 0.15916859 -0.11455098 0.20816174 -0.04668591 0.102089435
CUB 0.22599664 -0.21098448 0.12472164 0.13751748 0.15776958 -0.31547487 -0.48546126 0.16721065 -0.12304126 0.2615587 0.42744407 0.10361683 -0.10935858 -0.07081868 0.2320107 0.19331789 -0.11139639 0.045990247 -0.042589348 -0.05686298 -0.07736369 -0.22980317 -0.12273093 -0.2622192 -0.15172692 0.24203944 -0.0049380814 0.1960217 0.11898582 -0.2088988 0.006263045 -0.07256315 0.15705134 0.49382955 -0.11877073 0.17904517 0.34269243 0.0074306135 0.17321566 0.054052543 -0.081089154 -0.08958105 0.14070304 -0.13943169 0.35393202 -0.14456797 -0.10136725 -0.13650104 0.021047272 0.33565837 -0.0716153 -0.00093460566 0.10534579 0.44114342 0.13011011 -0.30068508 0.3033371 0.1799616 -0.012657819 0.33004236 -0.062812366 0.20609993 0.16604453 0.11575241 0.22573823 0.064273104 0.13577133 0.2308655 0.016718395 0.09099451 0.20315102 -0.25051892 -0.29722247 -0.24449852 0.20726585 -0.12526149 0.24623895 -0.15886682 -0.1811652 0.04278598 -0.21772058 -0.2680384 0.11569793 0.36068487 -0.058689896 0.08233026 0.24606396 -0.2762238 -0.08712059 -0.12843055 -0.09345424 -0.11279944 0.053954594 -0.3017908 0.25167078 0.035203863 0.06014692 -0.25680265 -0.029351227 0.031916205 -0.24000305 -0.001847827 0.025750758 0.09615774 -0.032512017 -0.09883966 0.075763196 0.3130734 0.11554016 -0.15589024 -0.22285691 0.09083748 0.15878107 0.18392543 -0.0649039 0.08609362 0.08793406 0.11858424 -0.09396967 -0.106443256 -0.15962784 -0.017628806 -0.037686683 -0.12658966 0.0840142 0.060237702 0.2609433 0.032741882
DOM 0.34428713 -0.1261327 0.09658268 0.11680644 0.099904716 -0.36263272 -0.35965812 0.24338931 -0.12414804 0.25302398 0.4844398 -0.0141720995 0.056160755 -0.16145512 0.13085328 0.22466856 -0.10959072 0.06610552 0.039155446 -0.014160558 -0.0236867 -0.20258965 -0.117330685 -0.46722817 -0.0935021 0.13616544 0.011398951 0.23173627 0.1462274 -0.07900237 -0.08261183 -0.12044034 0.106086604 0.41905576 0.010720074 0.09699144 0.23252667 0.058538396 0.18377279 0.16422673 -0.015473235 -0.12440126 0.1411332 -0.084557146 0.41073257 -0.17939372 -0.11263117 -0.17349273 -0.114928305 0.29582468 -0.0020733364 -0.03204351 0.05832989 0.42500225 0.1211514 -0.3158807 0.24831983 0.073430814 -0.01594327 0.3367465 -0.034572624 0.2620854 0.10208996 0.14749964 0.15780641 -0.058188576 0.2018616 0.259601 0.004331667 0.1621067 0.21348494 -0.17764577 -0.26866844 -0.1853521 0.24043743 -0.16062397 0.20437847 -0.14654315 -0.28569156 0.052355886 -0.24327001 -0.3884707 0.13676192 0.36568284 0.07092246 0.091868065 0.19038904 -0.26275888 -0.030821368 -0.10227824 -0.039452408 -0.12941457 -0.004819584 -0.3406479 0.223948 0.010214333 0.039892845 -0.31366548 -0.18157883 0.01943165 -0.11197061 0.04843795 0.026119389 0.07394078 0.020505706 -0.25971356 0.11351348 0.20128189 0.06959524 -0.053345297 -0.072389 0.1726033 0.18993935 0.20919243 -0.13963695 0.12684596 0.20682825 0.10668466 -0.08004318 -0.10054476 -0.2680783 0.013769298 -0.1619389 -0.10749373 0.051659197 0.075840816 0.25923142 0.0023029225
FIN 0.11864192 -0.181753 0.09708758 0.045974575 0.054929733 -0.020058531 -0.01672473 0.029034391 -0.098261274 -0.0198527 0.026790038 -0.13053384 -0.016186997 -0.08413394 0.07698685 0.040466286 0.11284686 -0.12838049 -0.2466524 0.0059255967 0.019324884 0.09179636 -0.17274918 -0.055417195 -0.037520804 0.059929386 0.027380414 -0.003420253 -0.008620888 -0.07559556 -0.13897672 0.11455378 0.15486962 0.13793316 -0.2541096 -0.105174005 0.039303914 -0.076742955 0.09174626 -0.16452739 -0.1899378 0.2711895 -0.16939364 -0.08190063 -0.01219457 0.0095545435 -0.29603451 0.024315044 -0.10035649 -0.015197494 -0.16455291 -0.10650227 0.042640183 0.12864356 0.049181342 -0.12243998 0.26533502 0.020975314 -0.13838308 0.10641737 -0.11428256 0.15666817 0.12672122 0.04208602 0.15848097 -0.110038646 0.10605482 -0.08091205 0.039937366 -0.11556864 -0.092384785 0.14366788 -0.20436816 -0.23464167 -0.03354404 -0.08502516 -0.09216228 0.09883784 -0.36396763 0.13587473 -0.19782619 0.089013636 0.13932383 0.080138706 -0.043700952 0.067958616 -0.04617549 0.03287284 -0.19355068 0.1255552 -0.088247396 -0.074517645 -0.022168707 0.042195115 0.026390642 -0.08433045 -0.12190952 -0.2811351 -0.29191333 -0.14749295 0.010907825 -0.09000652 -0.10771035 0.24602994 0.2981729 -0.14738679 0.01948271 0.38796738 0.5927138 -0.012562492 -0.05566948 -0.14181536 0.13714798 0.25185788 -0.22886606 0.016989822 0.025796853 -0.08738052 0.094643585 0.2692348 -0.0076580923 -0.34207827 -0.14575256 -0.021981973 0.09256211 0.2459292 0.18102627 0.0064502
NIC 0.25329208 -0.2630047 0.20106398 0.13759604 0.1024526 -0.33974314 -0.4733546 0.14326821 -0.14460622 0.31637338 0.37539652 0.09379593 -0.119276725 -0.06253341 0.23436372 0.23094198 -0.13725671 0.03710963 -0.05174753 -0.0011164661 -0.048637465 -0.2451038 -0.16824074 -0.29689306 -0.114652984 0.20865358 -0.00575452 0.19536768 0.20674494 -0.17682032 -0.046323758 -0.041962497 0.16192897 0.46816167 -0.0970504 0.19782616 0.32240745 0.015712863 0.13447282 0.07765571 -0.12820353 -0.11442692 0.17894448 -0.15180005 0.33353403 -0.116432846 -0.10564357 -0.1518185 -0.005950873 0.34520125 -0.034494083 0.013785748 0.10742441 0.43579945 0.120106235 -0.23357055 0.25122896 0.191693 0.0032734736 0.34524307 -0.13084657 0.22832663 0.21366285 0.10468495 0.17880236 0.0880832 0.15889134 0.17463163 0.010267504 0.12535194 0.1633013 -0.25414225 -0.36379957 -0.23129724 0.27940223 -0.10793322 0.24828963 -0.177517 -0.16826688 0.009462158 -0.26406282 -0.3291731 0.10352145 0.39588392 -0.049492083 0.063446954 0.27583057 -0.26045316 -0.06991792 -0.10119992 -0.08943329 -0.17115365 0.11039747 -0.30464232 0.26975903 0.062149875 0.07567601 -0.2922946 -0.009487969 0.06471407 -0.24003278 -0.0018646575 0.06689827 0.06753529 -0.030879933 0.008079117 0.02817836 0.2801893 0.11894565 -0.15413079 -0.24160638 0.045174073 0.20332704 0.15647703 -0.03462666 0.112327844 0.032599617 0.11530124 -0.13461317 -0.056485873 -0.13356777 -0.011582377 -0.030105863 -0.0662683 0.086500384 0.037185263 0.25612357 -0.013562864
ISL 0.24348281 -0.38383228 0.35516778 0.11007459 0.08368435 0.13951242 -0.12863798 0.00839803 -0.027461946 0.061562724 -0.32410702 0.20686291 -0.057257004 -0.050781574 0.19320425 0.2105171 0.08391479 -0.013087614 -0.16226487 0.122994654 -0.024334036 -0.078026585 -0.017409876 -0.023042515 -0.06633386 0.28725863 -0.10343832 0.34753075 0.06680902 -0.12945952 -0.20005484 0.18103904 0.019458065 -0.011447597 -0.18867362 0.050196156 0.12755212 -0.14182416 0.08633397 -0.24011295 0.07797453 0.30327058 0.107598744 -0.05688263 -0.052350886 0.19597629 0.009422099 0.3224788 0.19758734 -0.14775832 -0.21705425 -0.21776244 0.23365623 0.24949996 0.018530024 -0.10368666 0.31153283 0.0630805 -0.003233793 0.16709015 -0.29250467 -0.13148008 0.22230268 0.25912207 0.12840971 0.023843776 -0.08231975 0.18403444 -0.093074225 0.013064115 -0.13838832 -0.104878105 -0.102844834 -0.2008914 0.024550274 -0.21945715 0.10583197 -0.043193836 -0.2681578 -0.049384873 -0.27836436 0.03562804 0.07197972 -0.018386781 -0.07083923 0.0056396937 0.084485196 -0.014847002 -0.037290085 0.06913441 -0.2799609 -0.305584 0.21503185 0.14659229 0.12391301 -0.036548693 -0.030613795 -0.28861165 -0.021218952 -0.14425425 -0.08356046 0.19725312 -0.038931284 -0.045034662 0.25612018 -0.16270447 0.026135845 0.23446779 0.4249364 -0.23876444 0.08945787 -0.4702652 -0.063656285 0.20101528 -0.25650728 -0.14159507 -0.107139796 -0.16680518 0.09286146 -0.102396786 0.14256139 -0.4209304 0.10823134 0.05133645 -0.09691554 0.10898988 -0.061516847 0.13359685
GAB 0.28119475 -0.35907528 0.33754545 0.036918044 0.12581809 0.08310075 -0.1479093 -0.032359097 0.1087596 0.18440475 -0.21179084 0.17547077 -0.08386756 -0.13889402 0.2729687 0.29571792 0.009572418 -0.09078461 -0.12796265 0.15557882 -0.04654606 -0.081903525 0.0023869171 -0.014690185 -0.15767059 0.4143126 -0.15604216 0.38046646 0.1422334 -0.17652158 -0.18306483 0.12220505 -0.0848931 -0.035358306 -0.20768584 0.08371238 0.25847593 -0.16931637 0.17232111 -0.13374369 0.13396913 0.28920034 0.08511066 -0.009221574 0.044794332 0.3257732 0.037770357 0.35392672 0.22536215 -0.1163727 -0.2932067 -0.15396985 0.21025872 0.18409202 -0.0054109027 -0.15080197 0.32551858 0.10589929 -0.04314886 0.1438205 -0.35476702 -0.1988108 0.12550564 0.35891134 0.16633548 -0.005995414 -0.11711299 0.20158067 -0.19290113 -0.05767115 -0.19640094 -0.18682075 -0.106660515 -0.06710997 -0.004008669 -0.32377452 0.12168261 -0.036823336 -0.2536937 -0.0878315 -0.29702514 -0.056020617 0.13754459 -0.044467244 -0.03726835 0.018599913 0.12829779 0.0014422681 0.022589473 0.117143154 -0.34276953 -0.2928583 0.2639147 0.12647533 0.106015615 -0.0053690188 -0.026708756 -0.315295 0.111991495 -0.08438414 -0.12000113 0.19937108 -0.029424228 -0.026322505 0.19404244 -0.2321628 -0.0321373 0.10340368 0.32633904 -0.30630824 0.07983021 -0.455508 -0.06472625 0.15994532 -0.19272824 -0.16895944 -0.16245876 -0.16262478 0.07768766 -0.22241767 0.09886394 -0.42714489 0.16840848 0.07013324 -0.13053963 -0.034844633 -0.1026231 0.16764848
GIN 0.28741667 -0.19624652 0.16837752 -0.28055617 0.017269148 -0.062386237 -0.088816196 -0.16045934 0.036407813 0.41778153 0.10015126 -0.19179553 -0.13786139 -0.25593492 -0.0067055784 0.225651 -0.0979571 -0.17307475 -0.323431 0.20156528 0.03582364 0.15433295 -0.17831267 -0.13880539 -0.09417981 0.15210652 -0.20072119 0.04429838 0.20617528 0.25549623 -0.20595336 0.21303993 -0.16757311 -0.023245227 -0.038748875 -0.062777236 0.37369823 0.1085562 0.07053761 0.122079186 -0.19954251 0.08981481 -0.15294954 -0.07462217 0.13610308 0.10347093 -0.275743 -0.11386981 -0.22456522 0.08499743 -0.13886265 0.21521066 -0.095213376 0.07292348 -0.11813518 0.03837044 0.20695062 0.08749793 -0.06424079 0.015755065 -0.27813187 0.15543093 0.15383182 0.24808459 0.14113393 -0.15523486 -0.109391086 0.007994108 -0.09183088 -0.36132643 -0.0859615 -0.12643085 -0.21546824 0.031172667 -0.17295448 -0.102523685 -0.03461209 -0.024649717 0.00047826045 0.20701894 -0.10241464 -0.32223126 0.17808093 0.21206094 0.062142782 0.21703859 0.024852706 0.14021863 -0.07977909 0.012728616 -0.3733 -0.1749643 0.009830069 0.07491948 0.06505101 0.12448703 -0.09736978 -0.106808595 -0.17772605 -0.0030243723 -0.16101083 0.085486494 -0.1610964 0.2374834 0.13418785 -0.03679871 0.11907408 -0.16947487 -0.06528976 -0.17402637 0.076783456 -0.23106468 -0.050704565 0.14134294 -0.043846916 0.0682 -0.00031810423 -0.103192665 0.07051799 0.021046858 -0.05903135 -0.2742211 -0.06262929 0.28121272 0.0158517 -0.08639936 -0.14108546 -0.06495914
EST -0.030428803 -0.21492553 0.041572735 0.106779344 -0.16825849 0.08608393 -0.025925154 0.0030341055 -0.03851112 0.07312418 -0.11930486 0.012667779 0.046201754 0.033512194 0.09000005 0.049263824 0.19088736 0.06319913 -0.22879806 -0.23769055 0.10744207 0.12964521 -0.13135707 0.13610284 -0.08602981 -0.13385893 0.1721564 -0.062111266 0.03903335 -0.18404497 -0.14859161 0.07665202 0.11404641 0.21346505 -0.1937296 0.050023288 0.15832208 -0.069698766 0.042138036 -0.18388991 -0.030631287 0.27749255 -0.27156022 -0.038695358 -0.098023966 -0.09309226 -0.23229383 0.15727091 -0.10002596 0.05762801 -0.036623154 -0.104853116 0.09389607 0.25888976 -0.07164481 0.025544792 0.22292122 0.10783976 -0.18098539 0.0004201592 -0.07624401 0.25656623 0.35695973 0.21970063 0.1688931 -0.14133777 -0.03550605 0.016964735 0.037651464 -0.12075723 0.011603197 -0.0061073666 -0.42555857 -0.3327382 0.009037882 0.029328037 0.08204686 -0.06660814 -0.15851746 0.105890535 -0.1250489 0.098191455 0.13319214 0.16677262 -0.05816742 0.17455707 0.024355125 -0.14694616 -0.22400661 0.08139552 0.12107771 -0.25049114 0.011379803 -0.076751426 0.26456782 0.06993828 -0.07822902 -0.31764418 -0.30869123 -0.09885383 0.13087039 -0.004397834 -0.16045272 0.11523215 0.45475984 -0.20092973 -0.0032666533 0.44391307 0.48001528 -0.086087845 0.056717284 -0.12961458 0.15313983 0.23792459 -0.16205856 0.04031996 0.07032323 -0.052324153 0.124736294 0.11816517 0.2193149 -0.27734652 -0.1323607 -0.021572098 -0.057807874 0.4455236 0.09453499 -0.0017777379
GRC 0.047290307 -0.14653675 0.27294105 0.119909294 -0.02563158 -0.108036436 -0.051407095 -0.020420227 -0.07443814 0.11803598 0.0017316478 -0.040565416 -0.011575024 -0.14122592 0.1317424 0.048866745 -0.061551668 0.14809485 -0.15200303 0.09481738 0.039265312 0.1662944 -0.0685332 0.10858963 -0.0026623355 -0.021769099 -0.14906375 0.114917584 -0.11580196 0.019032288 -0.12306397 0.2362999 0.16740148 0.10572875 -0.110789634 -0.02659252 0.17573515 0.086523235 0.0764074 -0.03851387 -0.17565127 0.14919715 -0.032798715 -0.07827573 0.018984817 -0.022304209 0.03823068 0.121312976 0.14079511 0.07054101 -0.17736585 -0.12867717 -0.13610478 -0.011643162 0.07884909 0.019599462 0.26240218 -0.061893363 -0.06401854 0.035304293 -0.018151574 0.18993397 0.23022623 0.14119443 0.19389905 -0.15773109 -0.013762456 0.047621004 0.18027681 -0.07988758 -0.1537356 -0.025618799 -0.12046998 -0.28167403 -0.0023613889 -0.040554944 0.029331287 -0.060523756 -0.1824199 0.108971804 -0.1485791 0.01708212 0.16045114 0.19754763 -0.1512469 0.21209697 0.17036906 0.036673512 -0.021269366 0.016398253 -0.20847844 -0.28026038 -0.083089806 0.04647726 0.26491472 0.12760091 -0.18672109 -0.058011554 -0.10663355 -0.19802056 -0.00043229142 -0.06710184 -0.03137832 0.26573172 0.045429565 0.09329111 0.21676844 0.06055659 0.17445415 -0.06923666 0.07874023 -0.07346041 0.10978437 0.1627833 -0.28128573 -0.14433773 -0.061198313 -0.15676722 -0.008518387 0.05853004 0.08555299 -0.07801229 -0.20126484 0.067987144 -0.044812784 0.2182001 0.0013553675 0.12164784
PER 0.26821446 -0.15431581 0.086201355 0.17148516 0.2479437 -0.33150032 -0.47239813 0.12022175 -0.08657272 0.32062235 0.47699964 0.13085787 -0.13318719 -0.21286698 0.22151883 0.2163634 -0.17687769 -0.00846515 -0.016436365 0.043962736 -0.13641307 -0.1794982 -0.1648325 -0.2952496 -0.2127189 0.26381078 -0.07720873 0.17302132 0.06111029 -0.19693248 0.013496698 0.010565796 0.06620098 0.3684412 -0.038841426 0.14760007 0.3732602 0.07132246 0.1438202 0.124407604 0.008242835 -0.09684735 0.15512134 -0.057227194 0.44720596 -0.03610375 -0.11558893 -0.050278008 -0.061831683 0.34377617 -0.10260779 0.07961911 0.14995667 0.46999204 0.10771605 -0.36818668 0.35910162 0.14916489 -0.02816048 0.37673864 -0.15087458 0.08906766 0.0888882 0.19092327 0.31275484 0.008716583 0.31636795 0.2987725 -0.07072212 0.13877487 0.19355114 -0.22053301 -0.20821613 -0.10992602 0.14075413 -0.12578501 0.10320068 -0.20271505 -0.20420873 -0.013431971 -0.2655829 -0.38312575 0.06762451 0.3468452 -0.027069984 0.14019436 0.29928225 -0.24221213 -0.084806755 -0.14473395 -0.11296513 -0.11073652 0.05954487 -0.4194526 0.223746 0.11849055 0.05021245 -0.28495792 -0.034624625 0.024041267 -0.3266306 0.050211877 0.06427647 0.08329822 -0.024360124 -0.1813566 0.21931864 0.21911824 0.008427935 -0.20966811 -0.17868152 0.14071016 0.170644 0.16834882 0.01065822 0.08869521 0.060297128 0.21264014 -0.13434042 -0.11457643 -0.18067442 -0.13735026 -0.055876296 -0.06809783 0.07593203 0.0030023945 0.3549693 0.06938463
PRT 0.17905976 0.023626516 0.058665898 0.12106331 0.13054614 0.19935195 -0.24754374 -0.045880303 -0.1688957 0.123580016 0.0118868 0.09048913 -0.21955329 -0.16113725 0.20959859 0.007024968 -0.0020495874 -0.27131596 -0.37627253 0.18105385 -0.07696508 0.115507156 -0.17979676 0.04508221 -0.19440871 0.23977718 0.11995905 0.13197383 0.07798418 0.020844048 -0.044601116 0.17257112 -0.22276172 0.020137671 -0.23669405 0.04822713 0.057208892 0.006317685 0.05098186 -0.08490981 -0.100715645 0.25589025 0.0705456 -0.043997966 0.14242588 0.041936956 -0.13330035 0.15091169 0.04338527 0.040521674 0.20310706 -0.04923932 -0.07132767 0.17347996 0.03131388 0.02665364 0.289527 -0.0641249 -0.04585551 0.0069118994 -0.2890142 0.13192488 0.03404582 0.37245664 0.30953097 0.06355462 0.114279635 0.103496835 -0.14489329 -0.20719342 -0.023028621 0.004799811 -0.2733644 -0.1168541 0.0011687857 0.034506008 0.12841277 -0.19999152 -0.047122784 0.2698281 -0.028206062 0.031772364 -0.026600346 -0.008496639 -0.11439303 0.12398778 0.14788058 0.08239219 -0.16792591 0.016935946 -0.30004847 -0.22132099 0.0067399936 -0.08490893 0.082244396 0.15788151 0.059103053 -0.14348522 -0.11164181 -0.26013285 -0.24978179 0.16529885 -0.051011454 0.3106579 -0.07931619 -0.066036195 0.23273957 0.1401683 -0.010227714 -0.122299924 -0.026082687 -0.3299519 -0.08591797 0.10946327 0.14941323 -0.04566779 -0.033043336 -0.19712418 0.01762379 -0.074246444 0.08322305 -0.34390488 0.15153278 0.012843435 -0.008955695 0.16445196 0.046779968 -0.15399688
JAM 0.31428248 -0.2231923 0.16812767 0.15001373 0.25863287 -0.3660909 -0.56093496 0.11411777 -0.1404183 0.32195148 0.4696309 0.14603737 -0.14780179 -0.12196026 0.26728666 0.21021946 -0.15482044 0.022333113 -0.14102595 0.06201708 -0.08493048 -0.23050366 -0.15206374 -0.26532653 -0.16532108 0.31532082 -0.02590762 0.22810756 0.1549725 -0.17267305 -0.018409224 0.009888034 0.13709868 0.44826838 -0.109231375 0.22411054 0.3398999 0.057021514 0.14775942 0.051450033 -0.10181176 -0.106570356 0.16439523 -0.12542573 0.40520546 -0.09334205 -0.11535546 -0.120618924 0.031078843 0.3509868 -0.06348949 0.051645324 0.08448807 0.50636715 0.111937314 -0.3216598 0.3290289 0.23217574 0.0031702844 0.37557378 -0.12864996 0.16544656 0.17943905 0.07441489 0.26574892 0.08947617 0.18833107 0.25677252 -0.009966911 0.11679744 0.20864554 -0.27361453 -0.2886675 -0.22826992 0.2225253 -0.10408878 0.22567841 -0.22131605 -0.1815189 0.035970077 -0.2328031 -0.34647468 0.113454185 0.35380766 -0.07040416 0.091869906 0.27012014 -0.2799924 -0.13996066 -0.17289944 -0.20179401 -0.1321557 0.06280792 -0.3156299 0.21288568 0.035503447 0.10939411 -0.21536553 -0.01698982 0.021830132 -0.34162456 0.0009538056 0.07732599 0.1289743 -0.10056124 -0.031270742 0.13278124 0.32412153 0.057443526 -0.20498626 -0.3074755 0.06343883 0.17103736 0.15654173 0.016029183 0.09467804 0.07787992 0.14553137 -0.13316391 -0.10160512 -0.13577333 -0.05407444 0.00087925955 -0.08288912 0.13484414 0.019664967 0.28868535 0.00315072
LUX 0.024859617 -0.12227996 0.115053385 -0.122310884 0.1543131 0.03373534 -0.0026061537 -0.12921284 0.15413453 0.16893305 0.053658664 -0.011276036 -0.04847957 -0.1002459 0.19837235 -0.05209496 0.08921373 -0.030945716 -0.25723484 0.13094749 0.057368726 -0.09832665 -0.09813351 -0.01878323 -0.07466757 0.15879698 0.037114527 0.10594439 0.0629013 -0.022786956 -0.17641963 0.25442863 0.04890833 -0.15524349 -0.13253357 -0.054923985 0.07955901 -0.22199775 0.18777564 -0.048599124 0.03476629 0.3811715 -0.16472621 0.012563455 -0.020441085 0.27833512 -0.29401398 0.27381065 0.06873604 0.039299127 -0.05159935 0.074554846 0.14640912 0.16443478 -0.28566775 -0.14736716 0.23013645 0.24529865 -0.017831475 0.105920024 -0.3008036 0.0067022727 0.037695516 0.016707562 0.2970879 -0.13188377 -0.01823012 0.026501954 0.05919394 -0.18223959 -0.246225 -0.00896627 -0.09517766 -0.14223313 0.045282144 -0.28552952 -0.065043785 0.07694577 -0.43523043 0.19946958 -0.16123122 -0.09166334 0.13677685 0.056169353 0.0033564076 0.07736377 0.14736027 -0.10058859 -0.31819776 0.09013231 -0.08003839 -0.1908032 0.14726597 0.055523705 0.06236635 -0.0048941076 -0.13954212 -0.4143491 -0.20281741 -0.31845877 0.038400088 -0.026540462 -0.0195764 0.24102011 0.33738825 -0.22826205 -0.011054856 0.13689503 0.58163965 -0.16551319 -0.020375399 -0.31296855 0.111611724 0.24125208 -0.122359015 0.050268464 -0.05147379 0.0029222756 0.08282743 0.28086475 0.04231259 -0.3567551 0.023240332 0.059195552 -0.02757115 0.082124144 0.016079072 -0.026501756
JOR 0.1720395 -0.27610338 0.15370156 0.19532427 -0.10227819 0.038998213 -0.25682497 0.0655259 -0.07721528 0.18975474 0.07430296 -0.1026887 0.27406955 -0.13102266 0.16244945 0.14919287 -0.48954898 0.17889152 -0.066311814 0.078591906 -0.056572106 -0.11566317 0.056068156 0.23714393 -0.13856515 0.13330895 0.032193802 0.14237393 -0.089972615 0.092577636 -0.06734475 0.059704416 0.07274688 0.010696149 -0.06982916 -0.16526686 0.007986057 -0.015229468 0.19932745 0.08586756 0.042702783 0.16235556 0.079998426 0.09412161 -0.07525519 0.05963108 0.167977 0.095058 0.37650365 0.023281189 0.18972202 -0.15580837 -0.41278115 0.08954023 -0.08022228 0.027893314 0.22325492 -0.3426506 0.17454538 0.11346989 0.017931337 0.17056173 0.031378385 0.4856038 -0.02023634 -0.09604554 -0.029669706 0.17017648 0.15584175 -0.08666127 -0.041809984 -0.20395729 -0.32048404 -0.15021798 0.24677032 -0.15353742 -0.039947003 -0.17740172 0.116484225 0.39933014 0.04667157 -0.36234784 0.45104706 0.25498563 0.20539586 0.0391374 -0.016201325 -0.065116465 -0.054807145 -0.09840157 -0.36997536 -0.082911946 0.21267004 0.32719064 0.4244054 -0.011115403 -0.23940288 0.0021942675 -0.19924223 -0.18952794 -0.03521206 0.23935169 -0.053733923 0.12579939 -0.04711449 -0.19590646 0.2372549 0.043521415 0.064325646 0.0010798769 0.36480847 0.04387153 0.016911818 0.12612219 -0.31491366 -0.17012028 0.28288072 -0.19755287 0.14586237 -0.18438704 0.040318023 0.051638965 -0.13355677 0.07132196 -0.45001906 -0.06288822 -0.05329604 -0.06697427
VGB 0.17804456 -0.0943081 0.1902078 0.17581773 -0.009921488 0.10358777 -0.30213234 0.13012414 -0.20461102 0.09227684 -0.063526586 -0.016404463 -0.046235867 -0.10038472 -0.0153511595 0.08438771 -0.08935018 0.013158881 -0.13590784 -0.05253834 -0.022613075 0.096511655 -0.07556047 -0.046433873 -0.029221691 0.030284401 -0.030481758 0.030895395 -0.12927017 -0.0949366 -0.04060013 0.13384077 0.13497505 0.185599 -0.014599071 0.010215467 0.0499749 0.057629876 -0.094258696 0.002262784 -0.018332446 0.15016204 0.13997503 -0.10826629 -0.010989457 -0.05973746 -0.08385707 0.16331342 -0.052815784 -0.03691954 -0.31708798 -0.14906527 -0.051883824 0.18275192 0.15887257 0.006431102 0.24230555 -0.07853521 -0.08931347 0.07595502 0.0128476005 0.23491669 0.26121858 0.33887544 0.06890574 0.006547552 0.15363741 0.046472263 0.08518103 0.022590062 0.023009563 0.016016627 -0.057093013 -0.19438258 -0.03646229 0.12892625 0.114680864 -0.17783703 -0.13672034 0.0074443407 -0.16247457 -0.0611686 0.002416432 0.22184487 -0.16992277 0.130902 0.062103517 0.11919224 -0.0929363 -0.08201697 0.044520367 -0.2729907 -0.07981452 0.011537507 0.167608 0.16757959 -0.25586897 -0.24580488 -0.29774758 0.031307995 0.028610574 -0.008462314 0.022258857 0.107965134 0.21001917 -0.22825171 0.28703374 0.25362793 0.0915646 -0.06546819 -0.025559047 -0.12785633 0.13370569 0.1539867 -0.23629358 -0.022509275 -0.01021242 0.027610505 -0.09478344 -0.05424829 0.1359068 -0.11139701 -0.19174284 0.09890337 -0.0008797938 0.34035686 0.1517952 0.096092
LKA 0.18195224 -0.13907686 0.36129954 0.09781192 0.06333026 -0.2622078 -0.043063305 0.011818266 -0.08084656 0.13139752 0.15648949 -0.19838947 0.060329333 -0.26105294 0.11499332 0.041660123 -0.114046 0.2957185 -0.095417164 0.15780063 0.047021326 0.18223423 0.015860345 0.0146160005 0.013375757 -0.103784986 -0.1475984 0.16955608 -0.2697461 0.16981521 -0.046130396 0.20072848 0.16292022 0.04917212 -0.021196129 -0.10349068 0.12703222 0.20389985 0.056711648 0.02429472 -0.1813517 0.04884801 -0.024953794 0.031843808 0.1368648 -0.0512547 0.08917283 0.10701309 0.12612027 0.22527975 -0.05895151 -0.11057387 -0.23548435 0.034816094 0.011880825 -0.012403775 0.26659337 -0.14489625 -0.008635101 0.16389704 0.08426828 0.21117042 0.21785013 0.09729576 0.17600943 -0.22634569 0.023264004 0.09080536 0.2919336 0.0321118 -0.078045286 -0.10295671 -0.033318028 -0.2927617 0.10412576 -0.10878421 -0.0882636 -0.082462735 -0.2314387 0.066777736 -0.060858004 -0.05013221 0.20584513 0.27663052 -0.108177684 0.29957354 0.19976081 -0.052218102 -0.021830915 -0.033440787 -0.2149306 -0.15246803 -0.12944299 -0.01852621 0.27752417 0.16298336 -0.14045013 0.033631522 -0.12313546 -0.2520336 0.06488712 -0.046408143 0.03882017 0.33253494 -0.03310087 0.07430521 0.30912876 -0.13546327 0.03112611 -0.01979604 0.1524065 0.09617293 0.111251995 0.072516315 -0.25379902 -0.18358868 0.08028322 -0.13839419 -0.031254947 -0.018402897 -0.040360425 0.044494122 -0.27178723 0.05187626 -0.07512127 0.21634637 -0.08770762 0.1448548
PAK -0.008429484 -0.13694191 0.19918004 0.110761456 -0.05916756 -0.10046385 -0.122933574 -0.0843041 -0.17486283 0.22490153 0.15534459 -0.12484333 0.010584338 -0.20676437 0.07983739 0.055811808 -0.11790362 0.22863255 -0.05521587 0.0022032936 0.041626707 0.22178903 -0.05989149 -0.018821983 0.051277056 -0.12087841 -0.2885434 0.05718991 -0.23226574 0.2018272 0.02850704 0.15151176 0.16373168 0.061470225 -0.011194543 -0.1633207 0.18611711 0.12303297 0.13847134 0.03600367 -0.11328714 0.12781219 0.06731564 -0.055977322 0.012958377 0.011988575 0.011908527 0.062263228 0.061708108 0.15500568 0.051462818 -0.051407177 -0.14594184 -0.0029374287 0.082219854 0.044149123 0.25640863 -0.21104217 0.061419357 0.08725594 0.14526132 0.17616552 0.06543166 0.19844823 0.18466714 -0.27539754 -0.04672207 0.05870796 0.17164509 -0.12763682 -0.086970896 -0.15858886 -0.010912663 -0.18822654 0.07631036 -0.09056725 -0.07549316 -0.020238109 -0.15476467 0.15486507 -0.046042413 -0.041669466 0.13826759 0.33627632 -0.07520454 0.24633166 0.18383588 0.049145762 0.011318095 -0.056455184 -0.21182406 -0.08318049 -0.11302234 0.010510291 0.3695435 0.08820103 -0.16337731 -0.086089514 -0.21901354 -0.2556177 0.031572443 -0.037064638 -0.031863563 0.23298174 0.02015184 2.2300403e-05 0.25055963 -0.082795136 0.14901279 -0.02679009 0.3115948 0.012020261 0.044338007 0.13265528 -0.2457979 -0.042146333 -0.033852477 -0.1056028 0.052104335 0.046283588 -0.00811781 0.10142832 -0.21356584 0.08141541 -0.14563753 0.12118866 -0.07905867 0.00889477
HRV -0.036308486 -0.17749572 0.18310554 -0.05111972 -0.036202583 0.15187626 -0.36886495 -0.0010356889 -0.25200412 0.3047984 -0.030668309 -0.10937784 -0.19763526 -0.018611962 0.07342088 0.03080207 -0.050165996 0.120161794 -0.18117815 -0.17214847 -0.0703761 0.17965578 -0.109790236 0.19562982 -0.08207116 -0.04877696 0.024176298 -0.029170286 -0.29355586 -0.0673851 0.10404528 0.10446131 0.22489756 0.180143 -0.22667643 -0.08936858 0.27403665 -0.020223059 -0.029873407 -0.12915784 0.019177526 0.20357214 0.046388846 -0.14454038 -0.15367597 0.052091043 -0.080167115 0.067546315 -0.043204486 0.12416185 -0.16321875 -0.0035156223 0.106642134 -0.03776319 0.07219871 0.024120424 0.343157 0.02903094 -0.013519858 0.032155935 0.059393737 0.23963149 0.1723124 0.2649699 0.20708326 -0.08588815 -0.054156777 -0.0013460786 0.10412134 -0.26566875 -0.041992754 -0.07075152 -0.06939354 -0.21176653 -0.07022663 0.02829503 -0.05808633 -0.09855898 -0.12681395 0.12958388 -0.02736693 0.17269072 -0.052068032 0.18799876 -0.17078084 0.23407722 0.13883668 0.074548736 -0.1763655 -0.12811011 0.014989967 -0.11838916 -0.05083954 0.15466876 0.1758313 0.18117753 -0.16315717 -0.20282859 -0.20634891 -0.20665284 0.07325734 -0.047052186 -0.16028295 0.20301682 0.22607511 -0.12285097 0.13530469 0.3741882 0.2664067 -0.096277796 0.0867205 -0.09636156 0.16609375 0.22205998 -0.051678352 -0.047365207 -0.16440584 -0.052872237 0.042630862 0.1048148 0.23590295 -0.112814344 -0.110309035 0.06266793 -0.13371713 0.4188452 0.03768587 0.058127105
MLI 0.108424455 -0.1337417 0.040038835 -0.043776393 0.036439247 -0.10696616 -0.0057003256 -0.20520249 -0.026578123 0.35670552 0.034809455 -0.058021672 -0.20399407 -0.16436428 -0.0006738172 0.14116205 -0.14572127 -0.18621877 -0.34788325 0.24111813 0.09884717 0.18262401 -0.22492217 0.0011959125 -0.21029992 0.2639317 -0.14867237 0.05557176 0.2650392 0.018320445 -0.31993577 0.2629324 -0.14786844 0.04596208 -0.19765116 0.092815556 0.32040587 0.058636233 0.16372134 -0.07626603 -0.16249397 0.11402936 -0.15154172 -0.12962891 -0.004980496 0.014147552 -0.20493226 -0.1707506 -0.1760234 -0.09860361 0.0052819937 0.045228455 -0.069377005 0.13015433 0.008654372 -0.045718513 0.28527194 0.07255651 -0.23882072 -0.14021364 -0.30874643 0.2175709 0.17930856 0.17348012 0.2330161 -0.102830924 0.14169277 0.119832754 -0.09934639 -0.35558623 -0.12240283 0.0439781 -0.43617308 -0.021929486 -0.20211127 0.06876359 0.039351802 -0.101654 -0.030184913 0.35694644 -0.24133614 -0.2127771 0.14493328 0.16510263 0.09319039 0.09930407 -0.0052848845 -0.097081654 -0.05310903 0.066549584 -0.3132575 -0.22700442 0.04034889 -0.050113056 0.1717108 0.052161355 -0.16393417 -0.11036194 -0.11679899 0.018287744 -0.22122703 -0.0034416975 -0.20975669 0.14928326 0.034205005 0.0055431956 0.16494921 0.1658001 0.032285254 -0.23930632 -0.07744856 -0.23390584 -0.050761506 0.14781594 -0.07878451 0.104696855 0.05994371 -0.059047285 0.12281427 0.18747231 0.044487525 -0.19963278 -0.18741459 0.19636126 0.095018536 -0.17750664 0.08884578 -0.049346853
TUN 0.17033686 -0.028003173 -0.0185211 0.12517458 0.20515725 0.11001793 -0.31115288 -0.016590351 -0.054819964 0.10336156 0.17328018 0.11362192 -0.16025525 -0.17816262 0.28897044 -0.061410837 0.064648695 -0.2656795 -0.3523903 0.08650812 -0.14428541 0.072784185 -0.15504843 0.062063783 -0.1592505 0.26047847 0.1049029 0.06118603 0.023974828 -0.09878458 0.049317382 0.1334418 -0.23115985 -0.002307676 -0.20396623 0.0022048687 0.05820283 -0.08632972 0.07830387 -0.0015160202 -0.1491217 0.2807162 -0.06465939 0.035836007 0.25393954 0.14088845 -0.26756182 0.33744782 0.024445487 0.25969732 0.08486311 0.078689076 0.0018320353 0.12481667 -0.13599148 -0.13493352 0.24342638 0.10432915 -0.016559405 0.13532802 -0.30470142 -0.022509469 -0.051864527 0.33221185 0.3326537 0.045470916 0.14322022 0.10490511 -0.12692353 -0.21991989 -0.029608848 -0.099275514 -0.19214948 -0.15183616 0.016256861 -0.10614053 0.06981995 -0.12301431 -0.14740549 0.151804 0.04664136 -0.015242966 0.047373198 -0.0029737996 -0.22096363 0.19526267 0.23721744 0.09453981 -0.26482466 0.041073017 -0.2285929 -0.06677424 0.019287804 -0.18858717 0.012912811 0.1997311 0.15400963 -0.22480056 -0.077734455 -0.24203192 -0.23750141 0.07607462 0.0041459943 0.4645608 0.05096832 -0.17578311 0.21644855 0.14101902 0.17550038 -0.0949888 -0.15471521 -0.20287003 0.016542966 0.13231237 0.15440127 -0.076767646 -0.09360786 -0.14928855 9.9276134e-05 -0.061080735 0.008633546 -0.5054458 0.1932805 -0.052234113 0.046526894 0.23859696 0.10179998 -0.13433439
GHA 0.15061444 -0.09831766 0.19525772 -0.036747362 -0.054900475 0.018831572 -0.095221385 0.06861591 -0.0960546 0.35625902 0.1751757 -0.037012357 -0.14279932 -0.28376257 0.2006127 0.36478004 -0.033027634 -0.12000252 0.14781903 0.08078032 -0.119819194 -0.045341972 -0.31481305 -0.40176222 -0.15908287 0.100002356 -0.2362532 0.03852627 0.12546213 0.17348745 0.07052517 -0.07550879 0.09850918 0.31299418 -0.11965294 -0.16664743 0.39282486 0.01973878 0.18447895 0.24226789 -0.064046584 0.1768944 0.2251699 -0.082088 0.18666905 0.14256164 -0.12466231 -0.07963631 -0.05012811 0.09404818 -0.012325523 -0.0111969765 0.087876655 0.0038445697 0.17883211 0.10482313 0.23468035 -0.102954455 0.05752606 0.117158376 -0.23120308 0.2041088 -0.0613357 0.48716587 0.31343254 -0.2298947 0.013456766 -0.24187426 -0.22109279 -0.13118397 -0.109298386 -0.07564559 -0.11637495 0.14285713 0.1843846 -0.1407413 -0.089166515 0.10320372 -0.20080666 0.089519136 -0.2606285 -0.14552833 -0.058455665 0.32882538 -0.0068302234 0.15500554 0.16956134 0.24883479 0.10872948 0.04052863 -0.09596067 -0.28360236 0.15841308 -0.046841875 0.129622 0.113203876 -0.22769926 -0.52586347 -0.041039012 -0.23511547 -0.10853366 0.060027953 0.16519837 0.05345619 0.19098175 -0.012684743 -0.12907481 -0.31387612 0.32995766 0.011269036 0.20772709 -0.2732029 0.14473218 0.14947236 -0.116832964 0.14815842 -0.3631526 -0.04651431 -0.00693779 0.050943993 -0.15396456 -0.20271616 0.1368345 0.15354866 -0.24103527 0.08813001 0.18165274 -0.02338567
LVA -0.022616107 -0.26046875 0.13152602 0.12103186 -0.17209268 0.043435454 -0.14724983 0.089660786 -0.056773126 0.036489315 -0.1210268 0.011036158 -0.018121807 0.0150433 -0.0046025096 0.10380242 0.22237901 0.039772958 -0.29429173 -0.3617663 0.078702815 0.25856674 -0.090815976 0.058835845 -0.000746697 -0.1925284 -0.07104861 -0.038366526 -0.09187483 -0.1752271 -0.07407826 0.06449371 0.20721346 0.4343679 -0.20818172 -0.027543698 0.333229 -0.020725757 0.053618487 -0.17803608 -0.10085812 0.1778595 -0.2525346 -0.09838718 -0.034391038 -0.10613625 -0.15185404 0.11634882 -0.18048051 0.0078331325 -0.3410885 -0.12124491 0.12513995 0.2332719 0.08721777 -0.028564386 0.36770058 0.13391341 -0.164287 0.0032007047 0.04024613 0.17768577 0.42302337 0.099886194 0.2097522 -0.24519129 -0.14341748 0.061924215 0.009543545 -0.20719425 0.102999374 -0.08564632 -0.34997922 -0.3474489 -0.21113566 0.030378928 0.094432 -0.027076242 -0.21599786 0.024566608 -0.23348548 0.17340176 0.17400861 0.23600498 -0.1795073 0.29207996 0.018127235 -0.045723584 -0.09293685 0.07324621 0.045213357 -0.2278808 -0.18583083 0.03363189 0.15342702 -0.0133759165 -0.016285298 -0.16230562 -0.36628583 -0.054796375 0.12835184 -0.054295078 -0.18359397 0.120750405 0.4253598 -0.2406912 0.101265185 0.5781002 0.49084663 -0.08999474 0.02379799 -0.04146257 0.2217714 0.36362594 -0.29636168 -0.04590527 -0.02801545 -0.05704872 0.13004959 0.040204976 0.2655557 -0.38034368 -0.17823392 -0.01982302 -0.036114052 0.60789925 0.17095311 0.13762037
CIV 0.28620738 -0.29573733 0.36821035 0.15543948 0.14214039 -0.20613824 -0.31763318 -0.03555184 -0.037579916 0.29903316 0.13221468 0.13770194 -0.20965937 -0.20581819 0.24919087 0.2742548 -0.13883738 -0.12929934 -0.13170803 0.17007095 0.001862132 -0.092784 -0.097264156 -0.13408169 -0.24388653 0.4690893 -0.1761016 0.35735416 0.25509548 -0.21603632 -0.13373476 0.03953078 -0.16341574 0.25591975 -0.14056669 0.25163332 0.35753533 -0.02749703 0.18319023 0.030596094 -0.09245438 -0.042887114 0.17388186 -0.1178133 0.29179308 0.028913876 0.08515966 0.03544412 0.15812258 0.02937397 -0.109954365 -0.10685377 0.029550908 0.42595342 0.18157221 -0.18651554 0.35501626 0.03986551 -0.06545846 0.16572832 -0.1812528 0.0181294 0.2136167 0.2947338 0.22971189 0.10248188 0.09702402 0.3718385 -0.16490844 -0.077791914 0.09500283 -0.29350048 -0.4530557 -0.072937615 0.023574518 -0.10090388 0.29878417 -0.26011565 -0.010993198 0.0049272217 -0.2957675 -0.32579958 0.24819203 0.16702203 -0.067540765 0.07800361 0.16421168 -0.21257219 0.055809382 -0.025054863 -0.37549996 -0.24287947 0.14584385 -0.08525713 0.1982059 0.058693383 0.015744673 -0.10461415 0.14603426 0.11992698 -0.29656598 0.20097466 -0.010368059 0.112373024 -0.19368549 -0.0032858655 0.12759435 0.0907492 -0.019913957 -0.32568264 -0.1578703 -0.22269788 0.003061317 0.09782159 -0.0716905 0.029321196 0.03719743 0.0074312193 -0.048540235 -0.26912636 -0.084927276 -0.1429906 0.115665354 0.053581443 -0.0068266424 -0.21628301 0.14233534 0.0941856
ZWE 0.018562572 -0.21434616 -0.022626746 0.017657802 -0.21427266 0.020074457 -0.29297295 0.05147998 -0.15195908 0.33893365 0.23703672 -0.004971788 0.19962065 -0.13468277 0.18827258 0.029862374 -0.17924821 0.21958032 0.14298494 -0.102008514 -0.08786825 -0.16806449 -0.001844004 0.007003868 -0.1650216 0.1443746 0.09731626 -0.08264786 -0.044501092 0.062812865 0.060859136 -0.11175286 -0.066938035 0.020673808 0.015701002 -0.11094751 0.09631509 -0.04846535 0.2679069 0.15800612 0.08628385 0.12126167 0.027274536 -0.009284095 0.09669677 -0.081476495 -0.108800925 -0.023371609 0.17392582 0.21742152 0.28260633 -0.115015104 -0.064656295 0.22179371 0.032580476 -0.030757893 0.14887233 -0.19452487 0.17028412 0.15373842 0.109341286 0.29864955 -0.06400059 0.70556664 0.012113944 -0.19809523 0.0016331879 0.12314633 0.12692456 -0.20402727 0.14137907 -0.22752054 -0.2589288 -0.19813031 0.24343534 -0.09777764 0.0010855428 0.010489396 -0.001976579 0.4124618 0.14607602 -0.25955296 0.2654752 0.42176887 0.051523376 0.1145017 0.12061274 -0.12447539 0.037851516 -0.12591878 0.012503344 0.022776932 0.02965342 -0.062225174 0.5894241 -0.011231289 -0.20959973 -0.27038744 -0.21647409 -0.06227965 0.11114798 0.17606519 -0.16907237 0.09533267 0.15936299 -0.21664175 0.20386982 -0.10181043 0.12514399 0.03502345 0.36413586 0.054928 -0.009029342 0.08951383 -0.19460455 0.06374424 0.14375566 -0.14704601 0.13312474 0.04185742 -0.13873616 0.119679675 -0.05529668 -0.071159914 -0.30990294 -0.023025377 0.017837945 -0.18585193
MOZ 0.28914976 -0.47702038 0.047403265 -0.18421835 -0.22239801 -0.077219024 -0.025492676 0.14160898 -0.040439323 0.17402266 0.015780894 -0.23838711 0.31276608 -0.053982645 0.10097796 -0.020739067 -0.07721181 -0.00061628467 -0.047059555 0.03106033 0.006471753 -0.16592939 -0.05340326 0.09363022 -0.10390988 0.2661951 0.27583712 -0.0802565 0.121550635 -0.041452825 -0.16875759 -0.10248254 -0.06638622 -0.0140855 -0.21381438 -0.18139175 -0.11570762 -0.22429255 0.22944124 -0.025276778 -0.2813395 0.06868272 -0.25067022 -0.05079947 0.09237054 -0.17399614 -0.23241639 0.025691528 0.12456112 0.17478593 0.023013933 -0.32885286 -0.1222841 0.17242925 0.057647113 -0.10033171 0.20154645 -0.031079255 0.019575348 0.20944306 -0.081428684 0.32252735 0.05336045 0.4989238 -0.17025311 -0.21893418 -0.055803433 0.18845959 0.14094836 -0.26882142 0.15062165 -0.047873568 -0.34480548 -0.34264433 0.09318764 -0.11467767 -0.06265165 0.10629373 -0.1680636 0.28915414 0.061931033 -0.21398696 0.43218005 0.20417176 -0.011078943 0.02816462 -0.10536558 -0.060032133 0.038242403 0.13259603 -0.08877463 0.060663402 0.122376405 0.16041076 0.34673756 -0.09149797 -0.15661407 -0.08723083 -0.17420119 0.08452696 0.30725557 0.1412058 -0.3045885 0.29287267 0.30431455 -0.12347029 -0.12887898 0.10855295 0.48127496 0.17185684 0.11908558 -0.010009448 -0.04702956 0.29240778 -0.5237465 0.015794564 0.22006477 -0.4304629 0.287788 0.24568 -0.18967006 -0.23459876 -0.12227302 -0.10406546 -0.13003518 -0.013268832 0.13035361 -0.08652523
IRL 0.08932991 -0.21405391 0.12870297 0.12410219 -0.013878599 0.004957809 -0.06297828 0.05651772 -0.11763415 0.016022408 -0.041425306 -0.03511662 -0.017195735 0.009636168 0.11273062 0.064245366 0.06545586 -0.043171704 -0.17264447 -0.049128253 0.07965627 0.024089562 -0.17765257 -0.038094554 -0.065298565 0.07710241 0.10300372 0.07000458 0.0971823 -0.17967369 -0.17293008 0.08924303 0.22235163 0.20533426 -0.23307519 0.012985957 0.053797085 -0.07805375 0.07057834 -0.18281882 -0.10355304 0.24495006 -0.092198975 -0.112657994 -0.050379563 -0.07269125 -0.20579882 0.03996003 -0.03501208 -0.03265809 -0.09820648 -0.16579667 0.09642854 0.25892708 0.09888167 -0.082569264 0.24424943 0.0220487 -0.15389425 0.09330604 -0.10627765 0.2288621 0.24195 0.11784982 0.12079007 -0.02287539 0.1147058 -0.016379518 0.030444711 -0.015318204 -0.048580974 0.12631075 -0.32220083 -0.27408287 0.043081634 -0.017881187 0.040717028 -0.0034385896 -0.31480497 0.12015056 -0.24630721 0.04503206 0.08796581 0.14152226 -0.0012090346 0.0044566733 0.009197741 -0.104447864 -0.14476445 0.10068895 0.012979709 -0.21222863 0.021630127 -0.009289593 0.18266922 -0.05064266 -0.13610701 -0.3418064 -0.25058272 -0.065404505 0.051308174 -0.049991436 -0.07232078 0.09767282 0.2509655 -0.13102813 -0.019510347 0.45335603 0.48772356 -0.047398895 -0.056932025 -0.15915656 0.13883457 0.21660489 -0.19544463 0.05694237 0.043171458 -0.028109038 0.050617516 0.21833904 0.0546144 -0.18026127 -0.13570337 -0.05836359 0.06580527 0.23423287 0.18718448 -0.0019237356
BOL 0.32283917 -0.042597942 0.25733617 0.17040628 -0.065136656 -0.18245898 -0.11511824 0.21663848 -0.25581634 0.37115905 0.19127765 0.0449039 -0.09741192 -0.24105628 0.14763677 0.3914778 -0.088321514 -0.042066306 0.21254733 0.101841256 -0.06491366 -0.11326292 -0.34635317 -0.48105526 -0.22355165 0.14083259 -0.016359631 0.20386484 0.18079397 -0.10019671 -0.10062024 -0.049540807 0.047436714 0.4111494 -0.04795086 0.0079281 0.23221572 0.06365979 0.059612263 0.23604183 -0.07881671 0.0445503 0.23753364 -0.12550496 0.29744762 -0.123347454 -0.15933587 -0.13242212 -0.11345631 0.08860225 -0.06300686 -0.1208047 0.062420283 0.2202257 0.2789624 0.011929618 0.15895794 -0.072764345 -0.14489472 0.10015791 -0.2557969 0.3571319 0.13260116 0.53336495 0.3073914 -0.07593339 0.260761 -0.09048967 -0.14099191 0.104817025 -0.020303564 0.038607482 -0.3308742 8.7270135e-05 0.19126908 0.07382406 0.11048789 -0.0756521 -0.07293091 0.07017444 -0.33686584 -0.28277862 -0.026586972 0.33501962 -0.03278258 0.08570529 0.2230545 -0.024281401 0.09112019 0.015180323 0.06710227 -0.39655495 0.16910009 -0.2148466 0.15936495 0.29228225 -0.25629985 -0.52641743 0.04533897 -0.07258061 -0.14061978 0.084466636 0.14601538 -0.08027125 0.048101313 -0.055141874 0.044199828 -0.16241677 0.08317629 -0.063892506 0.032783587 -0.17983349 0.21730895 0.066676706 -0.07341949 0.25435588 -0.050620902 0.070484854 -0.15109254 -0.012911533 -0.17349072 -0.025019735 0.019712176 0.06687004 -0.069343165 0.09261874 0.2986831 0.06308783
TZA 0.34803253 -0.4830246 0.08601808 -0.18680497 -0.22293301 -0.07778575 -0.15264629 0.11215181 0.023745982 0.26842976 0.062733404 -0.14426711 0.3621467 -0.097261176 0.16254477 0.020457266 -0.12617823 0.08545345 -0.005274867 0.019529711 -0.039788812 -0.21783285 -2.1478225e-05 0.122327656 -0.13843037 0.32291055 0.29241154 -0.07191413 0.12525801 0.016374176 -0.1303082 -0.08979879 -0.14926821 -0.01543205 -0.14077127 -0.1115355 -0.02391219 -0.20195617 0.2588606 0.07437447 -0.22214209 0.061397918 -0.27667144 -0.00061172596 0.1942199 -0.12413956 -0.22095461 0.058228374 0.20243011 0.2755234 0.017846579 -0.271393 -0.13997295 0.20131826 -0.008078663 -0.09371114 0.1544416 -0.0044374843 0.07930294 0.19188814 -0.102808505 0.30442432 0.037755094 0.65084565 -0.17581469 -0.2523035 -0.14147769 0.19777234 0.1418751 -0.24863717 0.18831122 -0.20980367 -0.30889758 -0.31972754 0.13646625 -0.1687907 -0.017541422 0.07653407 -0.05122212 0.277277 0.1612255 -0.3047859 0.48721153 0.2437911 -0.024949197 0.084178925 -0.0126604065 -0.10860357 0.07960644 0.091667734 -0.117087565 0.032975715 0.13950787 0.09072905 0.42898998 -0.017607901 -0.12916583 -0.044150863 -0.122530185 0.11141418 0.24623999 0.1991135 -0.27962685 0.26426297 0.29511607 -0.16928019 -0.09885263 -0.10408151 0.27212515 0.11013758 0.1822424 0.023335326 -0.063795276 0.21551791 -0.4495298 -0.069262706 0.2089838 -0.42336285 0.19736235 0.07216614 -0.17323072 -0.1947408 -0.05496057 -0.09372948 -0.20180231 -0.042882834 0.0036681925 -0.09369979
UKR 0.103660084 -0.24088044 0.1148277 -0.045641817 -0.08774343 0.10634341 -0.4274247 0.046260156 -0.017069397 0.18769965 -0.14616773 0.037820324 -0.047267534 0.010441802 0.050321147 -0.017104385 -0.073874675 0.15509468 -0.21236385 -0.21543209 -0.05097723 0.064596415 -0.010452155 0.3272875 -0.08326883 0.018217407 0.115587406 -0.1365806 -0.17079076 -0.15206857 0.02460606 0.10991314 0.11745088 0.2959618 -0.16673052 0.011667159 0.25622794 -0.050920703 0.006852077 -0.10385701 0.023192365 0.16935317 -0.1564298 -0.07158957 -0.05616521 -0.06503781 -0.1273215 0.2471746 0.032174118 0.14913094 -0.34804997 -0.10584845 0.0018527005 0.12216856 -0.047574848 0.0684893 0.3050098 0.2091594 -0.07535131 -0.001550901 -0.038501646 0.2787262 0.31343737 0.39750054 0.10609189 -0.1161116 -0.12799425 0.12895922 0.13247544 -0.2262857 0.06923675 -0.16242936 -0.09373311 -0.3284571 -0.14057784 0.044588346 0.1316357 -0.15206032 -0.14291719 0.028527007 -0.028287243 0.112692565 0.055968873 0.19812107 -0.28816965 0.25164035 0.116751514 -0.034509417 -0.12675996 -0.058272485 0.13199371 -0.26835153 -0.12279895 0.012502519 0.29711378 0.19783545 -0.1928451 -0.15260178 -0.24714848 0.037814002 0.14568286 -0.06929264 -0.14463495 0.1385012 0.46595928 -0.27388647 0.15401629 0.39966887 0.16019602 -0.09248396 -0.058211587 -0.051850777 0.12087547 0.2737573 -0.18971765 -0.11311808 -0.081901595 -0.036409978 -0.00052127766 -0.06463938 0.3016915 -0.23463286 -0.13627356 -0.0059012934 -0.0528412 0.5078908 0.11087784 0.11191926
PRY 0.24469188 -0.048843898 0.17438865 0.27843052 0.008466527 0.067063704 -0.15301055 0.041966442 -0.13896593 0.20509319 0.12931769 0.1740435 -0.071772486 -0.27230236 0.25975612 0.18541847 0.022825005 -0.24219514 -0.12041417 0.14810449 -0.081808746 -0.003647359 -0.35707414 -0.25045618 -0.13808635 0.20951076 -0.03473194 0.124488644 0.23117144 -0.058214605 -0.01288983 0.0919622 -0.062656544 0.20150225 -0.05823282 -0.02985024 0.11090156 0.016494755 0.038774658 0.20078017 -0.22045664 0.19138601 0.19658902 -0.07288503 0.27623013 0.036412872 -0.20350751 0.21543235 -0.031648055 0.11211233 0.0041600573 -0.06986903 0.009956425 0.28233084 0.109614 0.040108643 0.18508124 -0.114315554 -0.02716404 0.056264184 -0.31376275 0.12702125 0.08129762 0.5116029 0.30933654 -0.027012788 0.2578949 -0.063485235 -0.2065141 0.012742563 -0.009065164 -0.0017988724 -0.29750565 0.046237573 0.10560234 0.1026008 0.12484278 -0.15445285 -0.049653444 0.11337279 -0.20720483 -0.26964727 -0.018792044 0.22438638 -0.19029327 0.16429153 0.23664978 0.110704206 -0.030765528 0.054184243 -0.08670814 -0.35272917 0.09805508 -0.13407454 0.099116206 0.26818746 -0.11554771 -0.4198814 -0.12086086 -0.11985671 -0.23407535 0.109131716 0.2590885 0.1448247 0.0027096395 -0.06428281 0.17599337 -0.09331447 0.13978702 -0.06919147 -0.049947746 -0.3160379 0.14062275 0.11934223 0.02783558 0.15998389 -0.17684953 -0.01525792 -0.12759955 -0.025070155 -0.03509791 -0.26767248 0.21894388 0.08583853 -0.024598693 0.17122231 0.27587956 -0.10535302
CYP 0.0073823724 -0.14343199 0.18578906 0.016395682 0.01626425 0.14087139 -0.41023734 0.0071532223 -0.31523323 0.2717881 -0.03396309 -0.12360578 -0.17514999 -0.029593907 0.0014397902 0.03688084 -0.10746829 0.15444781 -0.18816854 -0.16005304 -0.051639378 0.1970679 -0.06582092 0.12886517 -0.026637316 -0.04807776 -0.03688802 -0.020745602 -0.38185632 -0.0051171687 0.102186136 0.13599491 0.25792196 0.18385151 -0.17779823 -0.10667484 0.20902354 0.03986228 -0.024475025 -0.18057632 0.07005932 0.21842335 0.102379814 -0.16970967 -0.17189501 0.028602116 -0.083126046 0.06254835 -0.017510515 0.066827536 -0.15942849 -0.043389246 0.015558364 0.017866587 0.115913 0.03407152 0.36740893 -0.04804558 -0.037482914 0.052430954 0.128914 0.25854474 0.15178347 0.24173245 0.17620616 -0.097903945 -0.0040409835 0.030458888 0.13859344 -0.21322413 -0.04723215 -0.069072425 0.037188362 -0.21794981 -0.060964897 0.06038579 -0.061348986 -0.1387448 -0.14687487 0.12018203 -0.07290719 0.19286206 -0.082460165 0.22486708 -0.16585873 0.23192354 0.118328206 0.08055646 -0.18008977 -0.14202712 -0.02038823 -0.10372112 -0.06695011 0.14713934 0.19251788 0.14271487 -0.23784119 -0.2062055 -0.29878548 -0.2039342 0.050593786 -0.053887036 -0.11813859 0.1671971 0.22035655 -0.18322127 0.20666032 0.369546 0.23832135 -0.092546165 0.10577489 -0.102480695 0.10567673 0.18101604 -0.11674096 -0.025782138 -0.13364808 0.00013213637 0.035471525 0.0734397 0.2274167 -0.022083202 -0.162523 0.069130085 -0.114993736 0.39605117 0.042674977 0.07440956
MLT 0.03664959 -0.18181312 0.20762184 0.17035286 0.096830495 0.09189561 -0.32539988 0.0057556327 -0.21973038 0.0037829443 0.09513785 0.085350506 -0.19216774 -0.0057520783 0.2286486 -0.10595946 -0.0053821276 0.003679102 -0.094648585 -0.07917414 -0.12169034 0.017366681 -0.07564075 0.14420351 -0.101432785 0.09635369 0.15117706 -0.04223958 -0.23682427 -0.24830234 0.09830446 0.20140104 0.19759764 0.16525987 -0.25312808 0.024112882 0.10329013 -0.050130364 -0.028601045 -0.15248528 -0.13250941 0.3108644 0.005628684 -0.107294105 -0.06966152 -0.09293776 -0.14723639 0.16669795 0.08552155 0.17117946 -0.09407682 -0.1035614 0.10032923 0.15478174 0.037604947 -0.012548883 0.30702308 0.073848754 -0.048420828 0.15151381 -0.012830757 0.12667923 0.1342586 0.13353951 0.31158876 0.030582096 0.21455714 -0.01858744 0.14456129 -0.033732742 -0.0057762535 -0.027152786 -0.1720255 -0.36718935 0.008023006 0.0764833 0.05480681 -0.0681734 -0.16142543 0.1076232 -0.13480093 0.114297345 -0.0625254 0.12100512 -0.24576455 0.111748114 0.13679752 -0.110497706 -0.35025224 -0.11982418 0.03837957 -0.07503963 0.01969976 -0.15735756 0.18728669 0.20810637 -0.12525778 -0.28669354 -0.049821675 -0.18752035 -0.10802369 -0.08194651 -0.07659198 0.2804374 0.20028841 -0.017022002 0.25190663 0.4532852 0.4484893 -0.111457154 -0.23697735 -0.07661669 0.12268939 0.15157564 -0.07372037 0.036076058 -0.04334966 0.036726445 0.037293192 0.20214684 0.040706713 -0.23148593 -0.07899573 -0.07332859 -0.01073798 0.34688535 0.19043393 0.050254095
SYC 0.08416808 -0.42774713 0.11903631 0.21522044 -0.372746 -0.08999672 0.056755267 -0.14104344 -0.13901572 0.20499492 -0.061011445 -0.010676057 0.257887 -0.106422506 0.31155786 0.047543827 -0.13084196 0.29345888 -0.07246854 -0.005217557 0.16851833 0.053123094 -0.18009557 0.16565767 -0.034704905 0.0035982418 0.17598815 -0.005900877 0.19527492 0.04778673 -0.28103155 0.092436746 0.05130633 -0.09797118 -0.049718488 -0.0038719927 -0.120723516 0.01279481 0.18088482 -0.07812417 -0.17920667 0.19725676 -0.08350164 0.043592636 -0.111507215 -0.21551174 -0.05036913 0.14056705 0.16959976 0.23233134 0.4440295 -0.23126334 -0.14779872 0.32028228 -0.09627485 0.1089528 0.049322207 -0.24360888 -0.028201932 0.14645603 -0.091556735 0.3096711 0.18513453 0.32219973 -0.062995285 -0.12377956 0.0986031 0.104937896 0.1455295 0.030979238 0.018753432 -0.024129445 -0.4984678 -0.37389967 0.3623148 0.053497188 -0.031109344 -0.052976377 -0.018543117 0.24273491 -0.019809844 -0.23478766 0.31669533 0.33276153 0.0648134 -0.0018885764 0.08770488 -0.2723707 -0.102764204 0.112249166 -0.06396868 -0.19729988 0.19677226 -0.14514431 0.7150137 0.08182952 -0.14955346 -0.22054574 -0.18674785 -0.05059971 0.15009116 0.13440832 -0.12372038 0.09690578 0.23731369 0.06070735 0.11786458 0.059449468 0.36641574 -0.036605645 0.29861552 -0.11162019 -0.022314046 0.09287856 -0.26663178 0.18145278 0.22026491 -0.22882469 0.15358193 0.2029427 0.01000794 0.0892839 -0.21474178 0.046651676 -0.1167772 -0.0121632395 -0.08353646 -0.20415123
ALB 0.010704255 -0.1669633 0.085186064 0.22891796 -0.010769465 0.10227305 -0.1994967 -0.10891588 -0.3271605 0.13058503 0.041199565 0.06500338 -0.23119786 0.020785972 0.18779749 -0.06310906 0.003644174 0.05743988 -0.20474473 0.05382305 -0.015065843 0.043186147 -0.18452096 0.06216154 -0.09849825 0.04507363 0.18856567 0.018424043 -0.03725378 -0.076529324 -0.11368186 0.17997794 0.08446232 0.043621622 -0.29148975 0.057224676 0.07912594 0.009148398 0.06815831 -0.29043543 -0.08148286 0.34055153 0.13170475 -0.10085729 -0.18715988 -0.120862484 -0.14406793 0.018258957 -0.025961902 0.09828927 0.45157993 -0.12260041 0.1681271 0.29048088 -0.03137558 0.016126834 0.35149476 -0.095327765 -0.018147284 0.10252681 -0.117157534 0.1912174 0.14202337 0.06550864 0.3097029 -0.009768853 0.27024004 0.119645715 -0.0050026225 -0.08715927 -0.031767912 0.05690527 -0.36052525 -0.31323504 0.11529968 0.044043157 0.044489965 -0.16969506 -0.21513996 0.2944265 -0.19207935 0.07528356 -0.108650975 0.09767046 -0.012649655 -0.03975398 0.12015649 -0.29552168 -0.29641256 -0.10224909 -0.045299638 -0.09807245 0.10049809 -0.2476785 0.3201097 0.071347445 0.005097363 -0.2988688 -0.09190472 -0.30634004 -0.1496116 0.017867357 -0.1399534 0.10517695 0.090218544 0.021460794 0.20594507 0.5167043 0.35379624 -0.15267988 0.025092512 -0.24613094 -0.025454378 0.123154685 0.048583325 0.16242549 0.095306315 -0.012104781 0.17396386 0.25471902 0.034930844 -0.08618745 -0.09615432 -0.095702186 -0.009014631 0.16268927 0.081953034 -0.16020975
BGR 0.02106092 -0.19012713 0.18145555 0.112240545 0.01585059 0.13563213 -0.4027329 0.09241754 -0.26412672 0.081136644 0.044005822 -0.11050018 -0.07989939 -0.006426738 -0.0023939065 0.08261674 -0.13249725 0.05382769 -0.12460627 -0.1849885 -0.06445209 0.17637458 -0.08112119 0.09294436 -0.097440526 0.0025733016 -0.008339283 -0.032793533 -0.28659746 -0.17208903 0.10324914 0.15396546 0.3589972 0.27793238 -0.14614245 -0.029398482 0.1787892 0.028498914 -0.13864742 -0.12289341 -0.02051024 0.23679666 0.035214763 -0.2125895 -0.13088328 -0.06564715 -0.14039162 -0.020359827 -0.05418991 -0.0306474 -0.4407179 -0.09142638 -0.036403053 0.05302498 0.25821394 -0.021809062 0.27046618 -0.040971745 -0.14586857 0.061117288 0.16973503 0.31098133 0.27775902 0.29758486 0.13394478 0.040111113 0.08585878 -0.138715 0.2507307 -0.07718427 -0.043750938 0.009919105 -0.08978577 -0.35775554 -0.126343 0.07697792 0.0559099 -0.0479663 -0.12737899 0.099080876 -0.090175085 0.17151335 -0.00035685964 0.25949612 -0.14805841 0.12358883 -0.015587114 0.18543448 -0.2338882 -0.11265469 0.044700503 -0.12004987 -0.14832218 0.09751245 0.25255486 0.14669864 -0.3017131 -0.3363238 -0.36316818 -0.008793617 0.061574444 -0.12830988 -0.13861643 0.1798432 0.31729397 -0.19287634 0.25339922 0.47811842 0.31761667 -0.091460384 -0.04496553 -0.014200213 0.18150765 0.1905011 -0.19031249 -0.1045505 -0.0066676005 0.004822458 -0.09761188 0.11061712 0.15338427 -0.11626373 -0.2835753 0.030690558 -0.031551026 0.42497355 0.13190256 0.11564581
URY 0.02927706 -0.10515243 0.19489335 0.14877643 -0.09083058 -0.0038743948 -0.11374779 -0.02523804 -0.07302514 0.15512599 -0.00096719264 -0.009172496 -0.08600055 -0.15884402 0.107811764 0.000377259 -0.0471396 0.03389397 -0.1570793 0.06700043 0.058455177 0.208953 -0.13038126 0.117705874 -0.09140851 0.020348279 -0.12806715 0.093951724 -0.031041302 -0.08602812 -0.11186758 0.21560767 -0.0062087397 0.03614897 -0.04009965 0.061131846 0.1597592 0.012171565 0.019758519 0.0724778 -0.11562018 0.13038178 0.00060279074 -0.07604788 0.040087555 -0.025039345 0.04520735 0.17182373 0.045554217 -0.0010701043 -0.14936437 -0.09544186 -0.08942029 0.041563652 0.11063846 0.004219796 0.23467198 -0.08253217 -0.08197265 -0.06565273 -0.018747425 0.16794305 0.28090662 0.37083015 0.20168397 -0.052057236 0.029822141 0.16667031 0.09508657 -0.19220036 -0.07702454 -0.018473558 -0.28894824 -0.19968237 -0.10479041 0.05027041 0.13765539 -0.16989277 -0.045914933 0.15434325 -0.07275929 -0.1100549 0.2241155 0.17261173 -0.15359773 0.20308581 0.16557282 0.06906755 -0.013170603 -0.032828994 -0.112770446 -0.2942989 -0.13135004 0.027391355 0.27657986 0.20848738 -0.1736475 -0.07410928 -0.09257406 -0.054961953 0.036687452 0.025979038 -0.10000982 0.28821516 -0.00813108 0.021386493 0.28767982 0.104718074 0.007150813 -0.102827735 0.08264178 -0.10718841 0.113603055 0.18384126 -0.1851451 -0.093304075 0.016903196 -0.12644692 -0.028895682 0.014908145 0.11512124 -0.13350064 -0.11019959 0.07446762 -0.049551662 0.1746084 0.06329517 0.06714133
KGZ 0.40047508 -0.0561171 0.048243895 -0.04875206 0.1620547 0.15610257 -0.49522036 -0.05483477 -0.19635405 0.20462137 -0.23149675 0.22792368 0.0049828314 -0.06456211 -0.030684685 -0.038147975 -0.31238285 0.20991853 -0.19917263 0.24512582 -0.1890343 0.07023215 -0.07807787 0.3281229 -0.0634656 0.23979722 0.13704266 -0.1416933 -0.32262987 0.09294141 -0.1059117 0.40593362 0.30574006 0.038907785 -0.1613976 0.06973498 -0.01799219 0.15518445 -0.01832515 -0.38370353 0.14740272 0.40188262 0.13155584 -0.15654275 -0.21095042 -0.13522238 -0.10745188 0.14275436 0.18299304 -0.08927141 -0.17319961 -0.35515177 -0.12554164 0.22399363 0.140762 0.12037897 0.44349357 0.1008473 -0.030394537 -0.02588335 -0.12003532 0.33297384 0.036395486 0.35753277 0.2512788 -0.28540835 0.021962956 0.22686346 0.074802935 -0.062636204 -0.08920099 0.11136445 0.38516715 -0.31620887 -0.06045522 0.23042245 -0.01320808 -0.20267652 -0.36568177 0.10592717 -0.2387034 0.13415262 -0.27797437 0.0506388 -0.2777451 -0.0021997134 0.055775683 0.03253741 -0.16404971 -0.21853864 -0.06442773 -0.37009442 -0.14821307 -0.045018133 0.32908607 0.080536805 -0.38045117 -0.2155887 -0.2540992 -0.10315098 -0.020639867 -0.049061444 -0.0758296 -0.0641991 0.44924727 -0.22871561 0.3126845 0.56550246 0.012340698 -0.09573875 -0.057445467 -0.21312718 -0.0958575 0.21689725 -0.25013706 -0.11668971 -0.1436964 -0.07735824 0.067573585 0.14612582 0.36528924 -0.13124941 -0.2510384 -0.014580307 0.04685478 0.4548023 0.2084283 0.10346994
FSM 0.22747862 0.052364778 0.059458405 0.12683663 0.2265134 -0.24770692 -0.49711147 0.149487 -0.17586248 0.31805217 0.50205547 -0.19514588 -0.15937439 -0.12472089 0.17869924 0.017329993 -0.31864017 0.11995286 0.010200627 0.12453204 0.11276119 -0.026725646 0.09021461 -0.47129822 -0.09763839 0.1928791 -0.19160289 0.2396596 -0.014999323 0.20567821 -0.04554201 -0.12875174 0.17090893 0.40770602 -0.1514197 0.038186938 0.28938863 0.05288021 0.32332385 -0.06632094 0.15757902 0.038932767 0.38664797 -0.28865907 0.21692044 -0.1342724 0.11126658 -0.3144004 0.056485493 0.20836076 0.36288553 -0.15052478 -0.20418195 0.083206214 0.2293115 -0.20416705 0.2973882 -0.1824185 0.038933963 0.119304985 0.10440363 0.36898807 -0.17682381 -0.0018089601 0.14377458 -0.10666833 -0.041025285 0.30240703 0.16110583 0.024420109 -0.14724165 -0.24212952 -0.032674875 -0.32285005 0.29437616 -0.2740328 0.3815452 -0.061764624 -0.4858127 0.16447708 -0.1689532 0.07820553 -0.1631039 0.43995675 0.1787134 -0.011778152 0.30466595 -0.13572653 0.170906 0.009413047 -0.35157755 -0.063887134 -0.13766052 -0.416879 0.56331044 -0.110480055 -0.03190609 -0.43042117 -0.26773873 -0.22338052 -0.06485136 -0.05098651 -0.004427951 0.075351864 -0.053293996 -0.3166518 0.07911438 0.2075746 -0.124181226 -0.112157665 0.14793919 0.0012676339 -0.25716683 0.12602423 -0.21386795 -0.11929503 0.017346738 -0.14020696 -0.009462351 -0.19003838 -0.31618816 0.33744073 -0.3884283 -0.18030246 -0.013905345 0.005351115 -0.1330283 -0.066526726
NAM 0.09463356 -0.27527434 -0.06833211 -0.11750472 -0.19903037 -0.011412856 -0.28011838 0.031156532 -0.018522145 0.3810324 0.20342174 0.03270945 0.21713525 -0.12073521 0.28795198 0.03165807 -0.17884947 0.20719987 0.1509499 -0.060329713 -0.16637713 -0.2775143 0.058008008 0.122048244 -0.24060428 0.2800133 0.22303021 -0.13558492 0.02126005 0.06717724 -0.023801569 -0.10875189 -0.13217366 0.0152140055 -0.065408945 -0.06595226 0.14821117 -0.1329653 0.37024114 0.18984114 0.059864014 0.13353758 -0.11607725 -0.017021356 0.17080314 -0.038867958 -0.22242728 0.037758768 0.23437522 0.33052132 0.22122054 -0.11475255 -0.05383876 0.12357659 -0.07305301 -0.097672455 0.11167287 -0.025006495 0.15717562 0.13582465 -0.094395295 0.3154067 -0.15490869 0.7404458 -0.03173676 -0.22894688 -0.07195538 0.12788828 0.15777917 -0.25635335 0.12568407 -0.24714573 -0.23146385 -0.24705285 0.21298967 -0.20186912 0.004410259 0.1400624 -0.009220568 0.3982226 0.19281211 -0.2592017 0.30048972 0.359741 0.045711126 0.06426498 0.1723363 -0.16283593 0.035472844 -0.015181288 0.014011883 0.034195345 0.10445619 -0.16060495 0.58635795 0.032793682 -0.20974314 -0.26730016 -0.062849544 -0.021834694 0.09846667 0.1910174 -0.2635322 0.14855072 0.27597523 -0.2442941 0.039501846 -0.18494187 0.12147741 0.0043556816 0.25749594 0.062140327 -0.07506684 0.095804185 -0.19372399 -0.0080220755 0.09817405 -0.24094069 0.17383705 0.054332543 -0.18368945 -0.028927939 -0.035977826 -0.096341856 -0.2604809 -0.089251466 -0.039984528 -0.14359556
HND 0.2622097 -0.14399116 0.03953199 -0.05640311 0.23661402 -0.2890051 -0.29988164 0.1217283 0.13064757 0.22045594 0.33359337 0.03015168 -0.07914094 -0.1599689 0.20466433 0.15540628 -0.13276526 -0.02927483 -0.002904481 0.15025444 -0.11612197 -0.2286136 -0.053172745 -0.2594072 -0.18174678 0.23426148 -0.02095383 0.18268241 0.068741865 -0.1035415 -0.14781004 0.033589322 0.008411381 0.09277421 -0.07308942 0.09001274 0.2742805 -0.023346955 0.21431985 0.09924707 0.06211116 0.030212248 -0.036646646 0.008176853 0.33398297 0.1000032 -0.1390861 -0.0013145438 -0.0028464738 0.2549533 -0.20092155 0.11505823 0.13835277 0.18409774 -0.103223845 -0.3441485 0.23980062 0.23516075 -0.0035339673 0.35040507 -0.27419132 0.05699841 0.032988194 0.14651594 0.22132398 -0.033270806 0.08888223 0.19499393 -0.018875161 0.045155328 -0.051784437 -0.09968007 -0.05219653 -0.13742806 0.11336127 -0.34326446 0.017108921 0.05012959 -0.3310496 0.06866672 -0.22387317 -0.26625606 0.09751837 0.18781385 0.050744515 0.055111453 0.22356091 -0.10088808 -0.10140759 -0.03410081 -0.12586312 -0.11478265 0.099237055 -0.2602015 0.09329669 0.044886485 0.0032872653 -0.30935362 0.024879854 -0.034263093 -0.17752708 0.009763261 -0.047529653 0.123054735 0.14987555 -0.21890824 0.058474652 0.08302763 0.11177747 -0.1543761 -0.08041993 0.03243589 0.10283008 0.173011 -0.10983569 -0.08218523 0.0370902 0.027092317 -0.019724973 -0.026589626 -0.19525737 -0.25503352 -0.10863868 -0.044040833 0.07303957 -0.05551136 0.11829962 0.10956252
BRN 0.45199317 0.0011476927 0.15147407 -0.21200748 0.28793824 -0.36432725 -0.13444553 0.14339876 -0.08458922 0.36328855 0.37319487 -0.3554107 -0.008748539 -0.3722095 0.05033306 0.1805529 -0.04988392 0.20548266 -0.008700611 0.30147853 0.013035771 0.051854495 -0.019822016 -0.3191162 -0.17411184 0.07900478 -0.013716369 0.19450372 -0.20798945 0.19402036 -0.045551524 0.04886611 -0.13303703 -0.011966499 0.020845084 -0.02832768 0.14437288 0.1760075 0.06460144 0.06392396 0.116842486 -0.032073483 -0.06528764 0.056842096 0.34874868 0.033727523 -0.121204816 -0.13413307 -0.12451838 0.18883117 -0.05970062 -0.007818853 -0.100404665 0.08881088 0.041579157 -0.25868994 0.24489501 0.033733647 -0.108772345 0.20808522 0.02271919 0.17753619 0.083787605 0.23460339 0.24850895 -0.19467367 0.03862125 0.19493136 0.15959878 0.012685154 -0.08174194 -0.082122535 0.12467749 -0.08991048 0.13281055 -0.27749366 -0.104394175 -0.05231202 -0.37567866 -0.011899227 0.08788043 -0.1461131 0.092336215 0.15054125 0.115117535 0.26298922 0.1244852 0.009447351 -0.063365474 -0.11199915 -0.19155885 -0.005784021 -0.15867575 -0.16773733 0.111179985 0.12934579 -0.12779583 -0.14792113 -0.09150355 -0.25728068 0.023297047 0.06743052 -0.08784292 0.30813438 0.09689224 -0.20076662 0.17825057 -0.19695501 -0.0947769 -0.037908852 0.16655414 0.120533645 0.043772478 0.05202583 -0.111902885 -0.073898815 0.2117401 -0.08099696 -0.06289036 -0.09941186 -0.24528915 -0.052200492 -0.23780623 0.032478426 -0.017784612 0.12218572 -0.04721401 0.15353833
MAR -0.062290035 -0.14558174 0.22307573 0.17368138 -0.07705232 -0.11798682 -0.11061599 -0.038196553 -0.08746709 0.07311535 0.11891711 -0.015624895 0.06317163 -0.099020354 0.10877923 -0.040926408 -0.12020523 0.26114875 -0.08187408 -0.04442067 0.028027477 0.13997027 -0.028354846 0.18395859 0.02600017 -0.122736946 -0.12411447 0.026134469 -0.20727752 -0.004322574 -0.025239866 0.21683307 0.27065238 0.1476637 -0.04798625 -0.053829905 0.17295128 0.09702511 0.0714919 0.025868732 -0.18048999 0.120947 -0.048865713 -0.05516296 -0.016738396 -0.11126117 0.043885116 0.12055226 0.15268952 0.16641977 -0.11848372 -0.11117757 -0.17237793 0.05077866 0.040136024 0.04010633 0.23195077 -0.090725176 -0.0014173879 0.05530998 0.12276449 0.2396412 0.22639655 0.15194595 0.173453 -0.1861167 0.007614866 0.0725249 0.2739722 -0.0693039 -0.042830825 -0.10375001 -0.16865398 -0.33464888 0.034301527 0.00065610843 0.030851489 -0.09298646 -0.12720093 0.17081387 -0.096831776 -0.055116106 0.22762223 0.3087963 -0.15112498 0.23265515 0.16976854 -0.08231506 -0.05939756 -0.07224015 -0.09984598 -0.194992 -0.11655988 0.012581115 0.40061954 0.13771686 -0.20629755 -0.015297322 -0.16424087 -0.1614421 0.032427527 -0.11452574 -0.04133843 0.2701664 0.04089139 0.06098436 0.29591823 0.09668317 0.17138304 -0.033694074 0.09203042 0.09703186 0.17429437 0.17064372 -0.29289225 -0.08411468 0.053558297 -0.051158383 0.011614639 0.09142404 0.061520703 0.074288495 -0.25304842 0.017432086 -0.097545065 0.22567752 0.035056394 0.08236576
AUT 0.08522588 -0.15882461 0.22307904 0.07476327 -0.01402881 0.0037252638 -0.24658854 0.0225623 -0.15964548 0.06205431 -0.0014462767 -0.08310077 -0.057177834 -0.051737852 0.033943642 0.013264911 -0.14242068 0.09146855 -0.12493138 -0.09051293 -0.00018795955 0.10922869 -0.0021050682 0.061588556 0.01575158 -0.009276486 -0.06866246 0.00053157576 -0.21110977 0.047592003 0.010990866 0.13043286 0.20957185 0.20437388 -0.111124046 -0.10927526 0.12308211 0.054765802 0.046573486 -0.05201074 -0.1268504 0.14391881 0.023270112 -0.11497686 -0.05204096 -0.070320964 -0.07907433 0.08065072 0.058315165 0.055739526 -0.20093986 -0.10675479 -0.1549945 0.070013806 0.10967477 0.059646104 0.25910762 -0.07002 -0.033057984 0.101440266 0.07048914 0.23349747 0.10376373 0.13776904 0.091523826 -0.120022416 0.011213578 -0.00053073734 0.14194186 -0.090046324 -0.028982056 -0.079785265 -0.04512837 -0.23769854 -0.01917729 0.03793659 0.014677143 -0.055217195 -0.14516555 0.08637661 -0.16037665 0.025652299 0.07521401 0.27300543 -0.14198142 0.18053299 0.0790465 0.04437549 -0.09627447 -0.03707949 -0.08965546 -0.14636873 -0.05657825 0.07700427 0.23783445 0.091330536 -0.23980802 -0.1247008 -0.2621048 -0.07834782 0.01286398 -0.052811544 -0.045696817 0.20964299 0.14132743 -0.10278934 0.19906 0.16709846 0.1970917 -0.0036619825 -0.00905155 -0.026628273 0.052444477 0.16745408 -0.27341396 -0.0026437698 -0.032684635 -0.0019105326 0.02892997 0.056064356 0.07252847 -0.020576913 -0.21252081 0.06644999 -0.04428616 0.23481962 0.0666779 0.05796415
THA 0.114535876 -0.20180972 0.18471257 -0.015642539 -0.016439263 -0.087097906 -0.19284892 -0.09030986 -0.11376209 0.24213062 0.2581914 -0.11955736 0.005591966 -0.22582775 0.111101955 0.08231532 -0.15392636 0.14647064 -0.010282286 -0.008904336 0.038602985 0.0829605 -0.043800108 -0.15506542 0.020072563 0.047283404 -0.26909012 0.059033997 -0.053483028 0.3076406 0.058616802 0.04887635 0.071578704 0.121591344 -0.017948253 -0.16683368 0.28562498 0.11237434 0.23372772 0.042114794 -0.06661284 0.10407246 0.0989259 -0.068527564 0.09611303 -0.040322058 -0.0087287715 -0.08469047 0.031838987 0.1523017 0.21915242 -0.053429887 -0.110690296 0.17322037 0.06782418 0.06310633 0.27245143 -0.20243165 0.13603812 0.1707602 0.109166615 0.1255059 -0.06839049 0.20491557 0.14400534 -0.31350636 -0.06808345 0.11935049 0.0028312663 -0.13710245 0.027310139 -0.26509047 -0.043538537 -0.07363933 0.11292324 -0.16779542 -0.035544872 -0.010361078 -0.16574559 0.17017739 -0.09497171 -0.14530157 0.10539603 0.36550114 0.05930041 0.18506204 0.11492529 -0.055843912 0.07547925 -0.07554926 -0.31387985 -0.0062844977 -0.054821007 -0.03108122 0.39498913 -0.065643884 -0.09995481 -0.14092703 -0.2714291 -0.20198788 -0.061389454 0.058890875 -0.03921783 0.13964745 0.0442898 -0.08660322 0.17267832 -0.12186772 0.14262778 -0.023123823 0.30877313 -0.020304644 -0.10452588 0.15948842 -0.23381783 0.10263265 0.026978785 -0.07077926 0.13302222 0.0046885815 -0.14872408 0.09027535 -0.15889578 0.052943543 -0.202787 -0.02167694 -0.061615996 -0.10371517
HKG 0.3512317 -0.34581771 0.47205356 -0.08097422 -0.04467745 -0.18112276 -0.09192013 -0.13753423 -0.018485308 0.3562655 0.095141746 -0.2719367 0.13165653 -0.36728093 0.25334582 0.23145603 -0.031886335 0.28548047 -0.23958881 0.19684291 0.047847338 0.24164398 -0.0012095323 0.039193884 -0.095287435 0.07416197 -0.01860712 0.19750948 -0.034088623 0.32765517 -0.08445278 0.14596651 -0.122840025 -0.098918244 -0.0681332 -0.014245184 0.25944042 0.2837145 0.05478345 0.019581813 -0.15658087 0.025085116 -0.088878684 0.0009030651 0.19764508 0.05975862 0.07383047 -0.032540064 0.11809629 0.22266127 0.058175817 -0.0270796 -0.17949505 0.07974987 -0.13872544 0.027099382 0.22002934 -0.22489156 -0.04139379 0.10536171 -0.05738418 0.20999447 0.2042094 0.26186746 0.050241467 -0.15540433 -0.073991895 0.032717366 0.14403343 -0.09532533 -0.06382394 -0.21673037 -0.19267781 -0.20974553 0.094087526 -0.14872506 -0.09891373 -0.11791396 -0.0017910358 0.08801934 0.14284338 -0.12820831 0.26320773 0.18054843 0.026292438 0.30685344 0.09010598 -0.1125896 -0.057697732 0.06873196 -0.38768667 -0.15354271 0.04366477 0.04209587 0.22141723 0.16034007 -0.063172966 0.048582252 -0.11456065 -0.21004575 -0.023353994 0.14064825 -0.08705908 0.33904174 0.033664256 0.12919074 0.2739756 -0.40219146 -0.0766809 -0.17216864 0.19086087 -0.11868203 0.02380109 -0.03425125 -0.011087809 -0.16693132 0.09933525 -0.33470756 -0.019370116 -0.142673 -0.04688146 -0.038374852 -0.1099242 0.18947151 -0.13930815 0.055597946 -0.34901386 0.014640598
SLV 0.2310376 -0.19980937 0.11114949 0.17791042 0.13330796 -0.3355579 -0.49438736 0.1726624 -0.16414301 0.27754685 0.3729955 0.16001345 -0.15617761 -0.060695533 0.21561626 0.23516996 -0.14993787 -7.113707e-05 -0.047108956 -0.024441289 -0.099977285 -0.22042847 -0.21266003 -0.27428976 -0.15308346 0.2510153 0.014370785 0.15164569 0.16910954 -0.25511873 -0.025129115 -0.036257617 0.17073949 0.5292892 -0.10782691 0.20690136 0.30564138 0.043184552 0.12303931 0.08577795 -0.12647782 -0.110123 0.13005209 -0.13931958 0.3389051 -0.14950077 -0.1680649 -0.13691618 -0.04344352 0.31410855 -0.14323947 0.018573832 0.12265824 0.44742846 0.1676601 -0.27100286 0.2659159 0.23575993 -0.0589874 0.32401732 -0.14292991 0.24075544 0.20501582 0.12788166 0.23977518 0.100920945 0.24144031 0.15179151 -0.011144608 0.12554863 0.2102983 -0.17570531 -0.34414476 -0.22994986 0.18926172 -0.024973296 0.21249726 -0.1628121 -0.15140054 0.029537885 -0.29661316 -0.30743438 0.08256952 0.38951594 -0.11466378 0.056976154 0.24744388 -0.23973368 -0.11226164 -0.12329716 -0.017110495 -0.1789597 0.07768061 -0.33148533 0.22573887 0.09764858 0.014704432 -0.3017902 -0.014299488 0.11014141 -0.28787154 -0.046267204 0.06971312 0.07652533 -0.006803258 -0.029417854 0.10177294 0.35113934 0.132626 -0.16440691 -0.3180221 0.082603574 0.24926142 0.16909423 -0.024853067 0.15021236 0.028700562 0.1780811 -0.14095388 -0.014935278 -0.10849094 -0.071803324 -0.039555207 -0.06707313 0.14653845 0.08589887 0.37947217 0.04492891
UGA 0.19405213 -0.39156702 0.061054874 -0.20691784 -0.31239957 0.050799318 -0.24650824 0.042985138 0.11652562 0.24921794 -0.048523907 -0.08188326 0.22924414 -0.010019812 0.10729837 -0.029764596 -0.055723283 0.1940913 -0.12216432 -0.20224339 0.00055049924 -0.054227695 0.036616445 0.34743643 -0.12727883 0.034435764 0.3160817 -0.25432017 0.051465694 -0.022212751 -0.02066343 -0.029774236 -0.07144143 0.15318666 -0.103206 -0.045308307 0.19065233 -0.08560885 0.1017831 0.056241643 -0.116368465 0.058402132 -0.35388598 -0.0052246936 0.05011276 -0.16636167 -0.20582318 0.1286387 0.045168076 0.34560803 -0.07426399 -0.1324663 -0.1313325 0.12786204 -0.18958813 0.1313894 0.1189567 0.10749515 0.013054043 0.0039401557 -0.06267415 0.38432062 0.26593155 0.5977309 -0.10138866 -0.2120442 -0.26326898 0.099988535 0.20514037 -0.28398076 0.18429983 -0.28159836 -0.31959736 -0.36276302 -0.0037527303 -0.03184975 0.12717383 -0.045078207 0.030544965 0.17500234 0.23649885 -0.08938515 0.3009581 0.2695598 -0.15373628 0.24031517 0.04716698 -0.12326997 -0.035376906 0.04996223 0.09330336 -0.118914925 -0.012444629 -0.033795185 0.4914886 0.1858654 -0.13493906 -0.09288691 -0.20515308 0.1479727 0.2609481 0.091467135 -0.27772042 0.18417159 0.47567287 -0.22299257 0.018463403 0.049186096 0.06733072 -0.0002683515 0.120368876 0.03499112 0.032101765 0.20138644 -0.21914636 -0.088842325 0.12752911 -0.2628077 0.07482958 -0.058964815 0.08085916 -0.21330355 -0.111055695 -0.032695316 -0.17771901 0.32425904 -0.09940455 -0.04930346
CRI 0.20139943 -0.11987683 0.11339101 0.16164213 0.114916146 -0.3094188 -0.3996017 0.117486134 -0.082737714 0.23425253 0.38908017 0.13099362 -0.13269447 -0.14895345 0.2081106 0.15766992 -0.19568674 0.015745401 0.04772053 0.059294164 -0.06188216 -0.1840789 -0.13026147 -0.28762838 -0.1636728 0.19426538 -0.10019399 0.15242827 0.08073419 -0.127714 -0.07303363 0.0012261716 0.14663586 0.39003655 -0.0546163 0.16171041 0.3118314 0.02794195 0.20879532 0.089341484 -0.020052042 -0.0655353 0.17248109 -0.10204934 0.29882982 -0.11038064 -0.006470819 -0.13528551 0.03424833 0.21569796 -0.024524113 -0.022142302 0.037489325 0.3638425 0.15993512 -0.23483627 0.29152918 0.10769398 0.026118916 0.2646644 -0.07575108 0.18946166 0.09315856 0.12302418 0.2589574 -0.036462624 0.19387922 0.2623947 0.003947046 0.09298952 0.105381586 -0.14786734 -0.25102463 -0.1828867 0.17211913 -0.089992315 0.1806626 -0.12444828 -0.22780098 0.06325776 -0.32517064 -0.29915404 0.09593413 0.36720312 -0.011650471 0.05074361 0.24472682 -0.22097343 -0.016168281 -0.12436759 -0.101046786 -0.20123985 -0.0034402208 -0.3141058 0.28404298 0.026247257 -0.032237165 -0.27718788 -0.025092788 0.0019295153 -0.21407199 0.035983957 0.05178236 0.080224976 -0.06585307 -0.086816825 0.15052183 0.22933044 0.05009742 -0.13557602 -0.12203845 0.09681373 0.12536074 0.19124466 -0.11915174 0.07480396 0.052609917 0.16090879 -0.0649223 -0.03301771 -0.1724374 0.010303724 -0.10068764 -0.100188 0.030849837 -0.025922518 0.3068176 0.03471204
GIB 0.14911895 -0.19080795 0.35699856 0.00014193401 0.0017514925 0.17373557 -0.38977128 0.049828164 -0.1856975 0.14210686 -0.25239164 -0.09102494 -0.12528531 -0.039859686 0.013080789 -0.10887395 -0.026354808 0.116243616 -0.23099042 -0.14948563 -0.010206548 0.2200359 0.085449636 0.3585107 -0.011202441 0.16976696 0.0010679953 -0.03626606 -0.36436552 -0.20396 0.03159666 0.18631163 0.10230314 0.1573105 -0.2256429 -0.08060632 0.13260709 -0.10586852 -0.0936179 -0.20177196 -0.02093263 0.30881238 -0.02987171 -0.16312121 -0.16253799 -0.026030287 -0.040575173 0.3990228 0.098556824 -0.0052213953 -0.46386972 -0.2591867 -0.06401455 0.034029134 0.13795874 0.03450679 0.407755 0.088771746 -0.14792505 -0.005875052 0.07997204 0.17477535 0.19866973 0.400008 0.12021548 -0.1190766 0.0045616115 0.147629 0.14805512 -0.2374754 -0.057946578 -0.11868447 -0.00598673 -0.34475717 -0.22438581 0.12589414 0.14731349 -0.21726258 -0.25286824 -0.060711566 -0.10657904 0.20534055 0.047157556 0.0855389 -0.416659 0.2516244 0.09281116 0.038175147 -0.12291272 -0.06167629 -0.0026098057 -0.20969908 -0.114432976 0.16205043 0.27257693 0.23353986 -0.34343174 -0.11440698 -0.25524175 -0.03079783 0.20235768 -0.05493253 -0.14342721 0.29248497 0.3654059 -0.25058553 0.2794989 0.43488917 0.25762245 -0.10389294 -0.11901803 -0.20868964 -0.012782929 0.2820767 -0.36348268 -0.0811545 -0.15677243 -0.0815046 0.032703567 -0.0047619618 0.25793278 -0.25835994 -0.19782877 0.057131607 -0.026337149 0.51564145 0.102854446 0.20689538
WLF 0.41989455 0.024640094 0.011791725 -0.19536522 0.37796706 -0.14473721 -0.12177711 0.17048022 0.02746117 0.28331515 0.18968052 -0.32225507 -0.1135347 -0.37074065 0.18582833 0.089663185 0.05620755 0.019181428 -0.10547525 0.30974966 -0.111035414 -0.03208018 -0.008688633 -0.273788 -0.23258452 0.16335228 0.056557316 0.19074288 -0.2526956 0.13682036 -0.10300434 0.06769517 -0.26629323 -0.23366399 -0.111041784 -0.12289512 0.0069723814 -0.052291904 0.20283148 0.019421732 0.18730734 0.22825308 -0.10379536 0.1554857 0.29889533 0.32795343 -0.25669992 0.2485092 0.0070395614 0.23275597 -0.06291261 0.058625348 0.05057727 -0.05814263 -0.2135991 -0.35620168 0.28572595 0.12774818 -0.06624447 0.29766747 -0.29524407 -0.018394304 -0.07462036 0.29325828 0.28266662 -0.11991557 0.06604215 0.1793151 0.030566124 -0.055621985 -0.25884113 0.0516054 0.24694984 -0.07775432 0.20853044 -0.50672275 -0.24792373 0.036398366 -0.55487037 -0.025384294 0.06750467 -0.031066302 0.055981796 -0.0071070394 0.056665666 0.23301907 0.24042393 0.18450277 -0.26071864 0.01738461 -0.20390534 -0.06720373 0.05425282 -0.16047326 -0.042447485 0.14362602 -0.08241167 -0.41231453 -0.04936005 -0.48373446 -0.013055622 0.10609428 -0.064564236 0.46747077 0.35533583 -0.42179358 0.041157782 -0.17289516 0.25870022 -0.031470485 0.19118033 -0.13528445 0.017729906 0.1260736 -0.14766374 -0.17319869 0.031118955 -0.16642433 0.055054657 -0.08562307 -0.180788 -0.45062464 -0.046901923 -0.017235816 -0.013158535 0.19630481 -0.052274812 0.16047904
NCL 0.3894261 -0.040051997 0.17060329 -0.18372642 0.3800769 -0.13210097 -0.06817997 0.09655845 0.035929423 0.22291227 0.20939246 -0.3308159 -0.011199206 -0.32989487 0.15121959 0.14962387 0.08839917 -0.022400834 -0.16784263 0.23573881 -0.0958393 -0.022779092 -0.016358297 -0.23198113 -0.18842834 0.16867454 0.030481398 0.25579688 -0.18731475 0.12592283 -0.07045427 0.067222856 -0.118306205 -0.16197693 -0.09812387 -0.09164779 0.06040259 -0.019085975 0.10529445 -0.014826431 0.08912343 0.18728544 -0.1039395 0.056333836 0.2745359 0.28586772 -0.22360413 0.17553094 0.009588521 0.19953445 -0.21758606 0.00309666 0.0330216 0.0005232378 -0.1379631 -0.34796575 0.30255118 0.051326107 -0.13281357 0.3163012 -0.23881856 0.06076266 0.009842236 0.2271252 0.18658288 -0.08466005 0.03711292 0.05176241 0.0807916 -0.011976748 -0.22469075 0.011220131 0.1883799 -0.092461 0.14649963 -0.43204778 -0.1708507 0.027926978 -0.45900527 -0.035073202 -0.0014370255 -0.00797925 0.117506266 -0.01188948 0.05590532 0.19855693 0.117388934 0.14718823 -0.23624253 0.053929135 -0.23074739 -0.03229707 0.07294348 -0.015017275 -0.12694779 0.08818565 -0.08403816 -0.32109725 -0.11553559 -0.36031726 0.009061454 0.04602364 -0.050129957 0.37786424 0.29279685 -0.3624534 -0.01869785 -0.11197479 0.28654623 -0.059066072 0.107246675 -0.13567783 0.05356668 0.09388568 -0.14811298 -0.18165483 0.046725553 -0.14610963 0.03588182 -0.09600149 -0.15382874 -0.3932017 -0.06692196 0.0591455 -0.0113977315 0.16320738 -0.08206283 0.17841914
WSM 0.6859638 0.06315783 0.28549662 -0.26513475 0.5707081 -0.11682296 -0.078730136 -0.04460467 -0.38730392 0.5280195 0.34176475 -0.6197795 0.07995166 -0.59704965 -0.008674928 0.33463678 0.098333485 0.06388686 -0.14386809 0.23518676 -0.17954536 0.25146574 0.101436436 -0.18771139 -0.3520312 0.4081559 0.08415521 0.32262042 -0.71636605 0.20837136 0.007834642 0.07014842 -0.4614081 -0.22383593 -0.12079766 -0.045016747 0.008691611 0.13352329 -0.0059780804 -0.19188498 0.3798379 0.27298552 0.00608074 -0.02400654 0.3943603 0.2312273 -0.3131092 0.121375024 0.02187238 0.16509238 -0.14672224 -0.26644626 -0.12876955 0.13636698 0.20751815 -0.46242437 0.54203945 -0.3119058 -0.44330978 0.27534884 0.083853476 0.27057767 -0.22081926 0.70645154 0.35574454 -0.3371388 0.08729787 0.3836098 0.15323846 -0.21188249 -0.16710095 -0.28587103 0.3013377 -0.15317698 0.05280061 -0.36670536 -0.11219551 -0.30644116 -0.4204621 -0.20462576 0.10455564 0.06575329 0.17558779 -0.16852391 0.010086081 0.3242696 0.09954985 0.10035655 -0.27100223 -0.029575607 -0.54124933 0.18234202 0.025274025 -0.13923934 -0.037607517 0.2992214 -0.25340313 -0.3154104 -0.143715 -0.5060779 -0.029404067 0.29713416 -0.3825438 0.50291854 0.22201593 -0.71338403 0.1297157 -0.2487387 0.101239726 -0.1659882 0.34793842 -0.26667023 -0.20947768 -0.058393016 -0.20031309 -0.15077017 0.3921404 -0.28514317 0.087879986 -0.42422384 -0.253774 -0.32853878 -0.3256469 -0.00010804043 -0.20204943 0.21101236 -0.1577216 0.35762486
COD 0.05617568 -0.27094415 0.09352795 -0.034201592 -0.08185296 0.11826232 -0.31209725 0.055868424 -0.25085315 0.307669 0.1691246 -0.18960084 0.31622872 0.057696447 0.14249709 0.21174854 -0.14470033 0.11509491 -0.12899747 0.015783459 -0.080012254 -0.14641955 -0.13668393 0.19950259 -0.20911258 -0.032405987 0.44237876 0.12934168 -0.07686656 -0.11147149 -0.0014917571 0.008162499 0.21220808 -0.074606486 -0.06746131 0.019637037 -0.03609174 -0.043032616 -0.07222702 -0.06327193 0.070432924 0.17433834 -0.07411881 -0.054224472 -0.06760689 0.032444432 -0.07554406 -0.15875266 0.15148762 0.12997566 0.023914766 0.03897789 -0.08321398 0.20271134 0.019823045 -0.16999348 0.057030153 -0.15079647 0.03829855 0.24793984 0.15040489 0.38869897 0.2885371 0.53778535 -0.011262241 0.087109275 -0.14077054 -0.061802734 0.34758276 -0.040650606 -0.03997848 -0.13415526 -0.3082638 -0.31561813 0.35620892 -0.09648995 -0.008854569 -0.09875274 0.10014358 0.31488684 0.2520551 -0.18551153 0.34666377 0.18854287 0.21300691 0.013185299 -0.103631355 0.05258029 -0.3176064 -0.21752433 -0.060793485 -0.03851819 0.15213674 0.33178756 0.2783417 -0.01884274 -0.059624705 -0.24017826 -0.26675057 -0.18034236 0.12813015 0.19041403 -0.2517616 0.18788265 0.09342823 -0.07255598 -0.019524315 0.25821486 0.36718827 -0.034465358 0.3204333 0.036915746 0.23445629 0.103189096 -0.041995145 -0.18040825 0.31712985 -0.25630417 -0.08763477 0.0765355 0.1529041 0.028298158 -0.02153212 0.028010262 -0.384948 0.13979019 -0.10382822 -0.19656023
ETH 0.2500883 -0.38986388 0.23069534 -0.30334705 -0.24589157 -0.12201681 -0.17788869 -0.08366578 -0.08159166 0.46092534 0.29243913 -0.1832916 0.318015 -0.16689889 0.29513094 0.25645807 -0.1791622 0.1469534 -0.1046235 0.08025793 -0.032728348 -0.11469221 -0.19614391 0.18531291 -0.15559244 0.11423762 0.25252387 -0.032595728 0.21373163 0.17735632 -0.0725345 0.02711531 0.10152554 0.04533537 -0.08821509 -0.024926057 0.20337443 0.04220566 0.031876203 0.15319908 -0.25026932 -0.019483678 -0.085990764 -0.10278222 0.12077693 -0.13990223 -0.025451688 -0.22541417 0.022503009 0.36334282 0.041238848 -0.06456351 -0.22745714 0.16005638 0.06663716 0.00621518 0.0633327 -0.11737758 0.08581042 0.15618151 -0.04061822 0.44086447 0.18059646 0.48511174 -0.03865507 -0.14496817 -0.25656196 -0.057973158 0.23529036 -0.13069177 0.097516224 -0.25696772 -0.40449876 -0.24198994 0.23121029 -0.05538211 0.07675098 -0.016269427 0.21074706 0.21760473 0.22893243 -0.42352927 0.39572698 0.27560025 0.10188663 0.13594155 -0.019690735 0.016192477 -0.06753046 -0.108248286 -0.29613408 -0.020143257 0.11229943 0.14005432 0.4705363 0.143011 -0.067640655 -0.024066059 -0.034905706 -0.00644842 0.04285159 0.25226992 -0.2785747 0.17792259 0.100399375 0.16666204 -0.05314014 -0.10937815 0.10274573 -0.019691123 0.25658983 0.06991152 0.066914245 0.13224405 -0.10910004 0.059843794 0.13895968 -0.3844074 -0.022276988 0.07994176 -0.053298507 -0.031975403 -0.027487623 0.16977558 -0.28092715 -0.004907215 -0.15763724 -0.19096763
GTM 0.29441386 -0.08565418 0.20515855 0.103568085 0.18314163 -0.3392075 -0.37578976 0.095273 -0.13646643 0.26399705 0.4578773 0.08607481 -0.14100966 -0.19251496 0.23931324 0.19533697 -0.1260217 0.004663536 0.09938359 0.1212114 -0.08997571 -0.22336246 -0.1406574 -0.33763102 -0.23026246 0.2950669 0.02750149 0.23125438 0.11758675 -0.13152066 -0.043141536 -0.043846637 0.06474017 0.40470135 -0.123108506 0.18838717 0.33006036 0.06745829 0.18143576 0.07786415 -0.0146571435 -0.052755546 0.1823923 -0.13303593 0.37417522 -0.13356304 -0.047930367 -0.21191418 0.025563942 0.25780714 0.06691264 -0.05883419 0.074468166 0.3925228 0.18030341 -0.21738753 0.27636626 0.0691663 -0.049302697 0.25032857 -0.12427414 0.24793024 0.05922128 0.18440221 0.32549632 -0.012542657 0.22438864 0.2036695 -0.0328288 0.11114223 0.083379254 -0.16407228 -0.309396 -0.16990982 0.20018227 -0.10494797 0.21740842 -0.1477762 -0.2187656 0.068029754 -0.29367533 -0.24408288 0.03667632 0.28250855 -0.00089390186 0.04958933 0.23100823 -0.31824368 -0.0296577 -0.10172067 -0.1300294 -0.16142406 0.044136956 -0.37315616 0.2187083 0.07878317 -0.00012662879 -0.3327024 0.04924629 -0.060681418 -0.2571235 0.04124757 0.048067845 0.07399306 -0.09580628 -0.06855307 0.109094515 0.10752282 -0.007526604 -0.19352461 -0.1747369 0.026302911 0.09082979 0.07444132 0.029262466 0.11385957 0.0730281 0.09547905 -0.09094244 -0.07411463 -0.25009686 -0.006638646 -0.06932766 -0.1090753 0.038572006 -0.024608355 0.25055385 0.027461432
DJI 0.3723055 -0.38197047 0.34984773 -0.39471006 -0.17925173 -0.2239337 -0.09261068 -0.14288545 -0.04515354 0.46254432 0.38418108 -0.27532655 0.27345762 -0.2984614 0.2784384 0.28256547 -0.0859406 0.08298878 -0.22865364 0.20978805 0.061688043 -0.002892307 -0.22761202 0.06556446 -0.12525597 0.091286995 0.14615804 0.03232733 0.28989565 0.33424437 -0.12655085 0.097433366 0.095921464 0.06871177 -0.07382927 -0.013798903 0.30436397 0.15935898 -0.028102895 0.19187671 -0.381912 -0.0020024024 -0.11129206 -0.1589068 0.22724195 -0.122833975 -0.07802286 -0.3218278 -0.09709086 0.38774297 0.009445287 -0.02182824 -0.2780771 0.16376491 0.075500235 0.034752354 0.09978084 -0.15206748 0.040339004 0.11342712 -0.03756518 0.46454704 0.2340947 0.35493213 0.010038759 -0.18735349 -0.2868764 -0.11233242 0.22648028 -0.14318494 0.025787022 -0.2766246 -0.36561248 -0.17721117 0.14303505 -0.07329395 0.095882215 -0.0045547197 0.1143813 0.15720716 0.23493363 -0.4218089 0.36970952 0.2546074 0.14533775 0.20407921 -0.0061849183 0.07752709 -0.034446165 -0.01088102 -0.44455022 -0.035648644 0.049290758 0.13867761 0.35092506 0.16154183 -0.034271725 0.03166932 -0.053924695 -0.017730959 0.011121932 0.21932323 -0.22467344 0.3017158 0.03663303 0.24601716 -0.048295174 -0.23649138 -0.0012604513 -0.07955955 0.20122091 0.024297684 0.07648557 0.11098046 0.0055167004 0.033308927 0.082892895 -0.42231342 -0.109004654 0.06391071 -0.14576614 -0.083585165 -0.05475414 0.21619701 -0.16221899 0.0009946359 -0.25456083 -0.17421724
LBR -0.022190446 -0.118505694 -0.04460671 -0.066184595 0.12997577 0.041669834 -0.11187654 -0.39152458 0.013867692 0.4864294 0.12448506 0.017222399 -0.20273434 -0.27981153 -0.011555028 0.07697422 -0.08397907 -0.16510095 -0.40051046 0.107804984 0.037361182 0.3083355 -0.24463937 -0.022089953 -0.16632086 0.27605563 -0.40894297 -0.03954955 0.18350495 0.14878894 -0.08555449 0.3012418 -0.18242711 -0.08356939 -0.052091416 -0.059095636 0.40218884 0.06404402 0.119288616 0.0060218778 -0.036699638 0.24089319 -0.14646508 -0.09227073 0.013683328 0.20286056 -0.3872338 0.012617217 -0.30336896 -0.0728252 0.024795704 0.21921146 -0.03541843 0.13494185 -0.0744491 -0.022858903 0.26471123 0.06613394 -0.16256103 -0.20566265 -0.22006927 0.025367483 0.027585156 0.23506199 0.3448968 -0.24275208 0.117593996 0.029563112 -0.20550239 -0.49612498 -0.13514054 -0.1567321 -0.22276767 0.13904731 -0.28450683 0.08737643 -0.07960809 -0.07396883 -0.057263017 0.32073894 -0.17340662 -0.19554085 0.064119846 0.24256602 0.01005662 0.27892378 0.04172536 -0.049881004 -0.093772694 0.062322706 -0.34817082 -0.063871495 -0.00014751125 -0.018648203 0.23679866 0.09384972 -0.25334367 -0.31922558 -0.4406439 -0.071015544 -0.24485116 -0.06882048 -0.10408516 0.15910137 0.2258357 -0.23621249 0.31982446 0.055614244 0.13810278 -0.3511361 0.04691738 -0.29228917 -0.087050475 0.13589203 -0.037522912 0.2409152 -0.13237087 0.09576712 0.116978645 0.1936053 0.06614253 -0.21010263 -0.15640298 0.33642918 0.042788904 -0.12599796 0.047126956 -0.104780816
COK 0.6170034 -0.026537398 0.20475495 -0.2624819 0.43419644 -0.12965187 -0.16556273 0.03293171 -0.31237057 0.53336084 0.3520429 -0.54990983 0.1008669 -0.55672336 0.07576177 0.2828968 0.042411722 0.16775075 -0.03937166 0.21567787 -0.14083783 0.17284393 0.11261585 -0.21295626 -0.29428768 0.29708448 0.04735119 0.2587021 -0.614475 0.26211175 0.060272846 -0.0066085747 -0.39101994 -0.20069294 -0.0748511 -0.14168122 0.06344514 0.10035048 0.0888229 -0.10390765 0.35944626 0.22090052 0.015700512 0.012214869 0.36804423 0.2224137 -0.23420997 0.1006226 0.015323816 0.24164623 -0.016911497 -0.19830754 -0.11389844 0.081050605 0.124817826 -0.3942955 0.45532343 -0.28705755 -0.24800572 0.30173236 0.10504912 0.1799096 -0.24676482 0.6730918 0.2738974 -0.35350716 0.022220567 0.3632953 0.12472301 -0.16984122 -0.14349397 -0.31864637 0.31652677 -0.10422686 0.15091082 -0.43386468 -0.16028632 -0.18471599 -0.40548682 -0.17121132 0.21334377 0.02606645 0.15226553 -0.041658834 0.059763312 0.32822806 0.13364239 0.105737895 -0.17600304 -0.06514969 -0.46791098 0.20881654 0.017535716 -0.1557806 0.111448005 0.22659604 -0.18205336 -0.32163334 -0.142859 -0.5023011 0.008177013 0.30713665 -0.31300896 0.45240676 0.25496575 -0.6258663 0.12538983 -0.30298254 0.107182935 -0.095541365 0.44376242 -0.15133566 -0.19781265 0.0057256036 -0.18879929 -0.112023644 0.30285564 -0.2754429 0.077444166 -0.36441645 -0.2917349 -0.24773093 -0.2525382 -0.020475872 -0.26264617 0.19510566 -0.18727396 0.24957617
TJK 0.44758713 -0.050802425 0.10512496 -0.002666338 0.20044576 0.19551355 -0.4114188 -0.14116774 -0.17428428 0.18801565 -0.23448893 0.30393082 -0.076765954 -0.10780001 0.084475316 0.039143443 -0.2661814 0.07438788 -0.24947506 0.37946033 -0.14880207 0.021670986 -0.109577395 0.095440455 -0.0329288 0.316652 0.060827434 0.039693806 -0.048165306 0.22543359 -0.15137152 0.42845193 0.15234429 -0.0401894 -0.11948771 0.10839299 0.017610444 0.18326801 0.019064235 -0.32252377 0.16266921 0.41693068 0.26212206 -0.11517852 -0.124002196 -0.032034613 -0.06435215 0.1298576 0.19579098 -0.13427733 0.0724637 -0.27033788 -0.044205416 0.29714504 0.05911241 0.16220802 0.3877977 0.055303965 0.05115241 -0.007958548 -0.28955856 0.1820854 0.021030301 0.32108885 0.25431055 -0.17274866 0.044559922 0.18722434 -0.045094263 0.012683367 -0.12894133 0.06974468 0.29471442 -0.20820545 0.03555806 0.118999146 0.0332399 -0.2156297 -0.32549727 0.15159464 -0.27338868 0.036322612 -0.32689944 0.040710527 -0.15131542 -0.053776316 0.10626053 0.028002838 -0.109108984 -0.17052512 -0.23394687 -0.4554903 -0.046556972 -0.078958586 0.33674404 0.058349553 -0.25207236 -0.2653086 -0.24125692 -0.22469977 -0.16600363 0.07933016 0.04000897 -0.10849228 0.30417994 -0.14762929 0.32585528 0.34384665 -0.08609195 -0.16302925 0.038179316 -0.3941906 -0.19660239 0.1472323 -0.105945945 -0.07121151 -0.16503666 -0.13260967 0.05304168 0.038365446 0.28520215 -0.14753743 -0.068486065 0.07001673 0.01870144 0.27107388 0.06497011 -0.015364757
GRD 0.3445863 0.17103668 0.091316745 0.11247679 0.100722656 -0.14744781 -0.25294673 0.19059187 -0.05270828 0.11773461 0.33611932 -0.058974296 -0.13983889 -0.2231534 0.033508256 -0.030180506 -0.15296206 -0.15319327 -0.120478496 0.2252631 0.18177174 -0.060356 -0.08550643 -0.526132 -0.14380565 0.13895474 -0.056221712 0.25192767 0.25612217 0.0336254 -0.23014149 0.06923755 -0.10890171 0.1904239 0.099823244 0.2243835 0.07041561 0.061568633 0.10614569 0.19136778 0.11109161 0.03962434 0.3085103 -0.17475757 0.37703744 -0.18872075 0.07379077 -0.1257308 -0.07568518 -0.0070038773 0.116664544 -0.18540439 -0.15403429 0.44003174 0.20355065 -0.1653955 0.31498203 -0.14137806 0.015655264 0.009914366 0.034230147 0.3550982 0.1698679 0.31922787 0.19684803 0.00987409 0.15859617 0.4425349 -0.0037547024 -0.036376305 0.039827757 -0.030096665 -0.30261835 -0.13646704 0.040531944 0.017488923 0.46859694 -0.34445453 -0.36376852 0.23796555 -0.26368278 -0.3712768 0.09960222 0.27137777 0.11405549 0.016444158 0.21309476 -0.08641011 0.121629655 -0.13004345 -0.12646973 -0.39476198 -0.29922566 -0.24281937 0.20553854 0.03620782 -0.07294173 -0.25764227 -0.29412985 0.030312467 -0.02831346 0.15592392 0.031694707 0.16144527 -0.19758894 -0.32421994 0.25766787 0.1991199 -0.39292535 -0.055669606 0.010549549 -0.04909484 0.018127248 0.20442449 -0.13585597 -0.00078955974 0.24121119 0.021938927 -0.07505254 -0.18380074 -0.22770363 0.14857236 -0.16604921 -0.10900013 0.10301339 0.046424568 0.19699417 -0.082058564
MWI 0.02750857 -0.29990965 0.095674016 0.028575148 -0.24175088 0.017611552 -0.11367209 -0.070932135 -0.11190058 0.37426037 0.14266713 -0.07834588 0.16811019 -0.18521461 0.2040927 0.142829 -0.12741786 0.17469355 0.055909023 -0.035346057 -0.007863597 0.020790594 -0.09623541 0.012910283 -0.10746859 0.044836864 -0.017678354 0.008479479 0.024849117 0.102859996 0.044451416 -0.052909352 -0.047878962 -0.03684384 -0.02451997 -0.13613196 0.16378644 -0.010878234 0.16778375 0.10647001 -0.047979318 0.120211266 0.007891375 -0.0012224065 0.049518637 -0.001449158 -0.03955145 0.034677096 0.06364943 0.21117797 0.27268314 -0.0532397 -0.063139915 0.13493757 -0.005212275 0.028808095 0.13308053 -0.23181723 0.106321424 0.13230659 0.031289723 0.19102368 0.035571985 0.53379214 0.04209174 -0.21382745 -0.07202402 0.079216465 0.04289688 -0.19296038 0.045006953 -0.2548579 -0.280136 -0.13326898 0.21355438 -0.112617694 -0.051548224 -0.0029102569 0.03980801 0.2460809 0.12853053 -0.21941718 0.23427673 0.35220656 0.04753301 0.14645167 0.114423856 -0.061399907 0.039660085 -0.027533907 -0.14363343 -0.0045274105 0.118334286 0.014005 0.5161013 0.05380156 -0.109400496 -0.24438928 -0.17231219 -0.11582692 0.08328935 0.1678905 -0.10820109 0.11053633 0.13508058 -0.06147459 0.12739094 -0.17565712 0.21098277 -0.053988546 0.4225443 -0.049148344 -0.008302584 0.10136298 -0.1475746 0.06974044 0.08226217 -0.2314662 0.10099112 0.03653054 -0.06963048 0.02264182 -0.030230768 0.05417617 -0.31722346 -0.042649336 -0.12443431 -0.17090553
BIH 0.036996 -0.09487133 0.16481505 -0.061222997 -0.07244297 0.12880121 -0.40534547 0.20444788 -0.38032788 0.3378821 -0.06407081 -0.07994509 -0.2740451 -0.009097456 -0.013210473 0.04746471 -0.043207925 -0.02184444 -0.16380961 -0.2214062 -0.055509046 0.03684682 -0.15125926 -0.075818665 -0.06075673 -0.031380393 0.079767734 0.1292892 -0.18665202 -0.16514872 -0.009402682 -0.008416677 0.22078623 0.30846977 -0.24609533 -0.10602274 0.16378275 -0.13944197 0.050403304 -0.12509404 0.10642922 0.22350441 0.17997807 -0.18637751 -0.083986714 0.0689736 -0.13083696 0.07696146 -0.0630669 0.06105039 -0.18332167 -0.057079148 0.1763169 0.026469592 0.1625281 -0.065317295 0.41500676 0.089573324 0.031927153 0.037252866 0.0023938816 0.27711102 0.15482508 0.26594275 0.21834283 -0.025117762 -0.05854298 0.0719201 -0.02784462 -0.25858325 0.011790666 0.027857814 -0.06952065 -0.16931377 0.020959644 0.06985622 -8.042558e-05 -0.12854603 -0.20266238 0.115069464 -0.11911963 0.11625923 -0.09210982 0.16976276 -0.18474995 0.15531959 0.17564313 0.117635615 -0.20324187 -0.14419658 0.049879853 -0.21149646 0.0071568126 0.24700806 0.03519999 0.11257717 -0.12610245 -0.27832118 -0.18222365 -0.26977944 0.103511594 0.03761275 -0.10810464 0.11734471 0.2206228 -0.26330116 -0.015206882 0.5259804 0.3656342 -0.021860067 0.103940524 -0.13793688 0.2314047 0.3488205 -0.0774516 0.017286947 -0.1515748 -0.034606583 0.07872329 0.04705667 0.2629954 -0.07452723 0.03884581 0.029409792 -0.12860845 0.39876786 0.11569455 0.025959872
GMB 0.13773611 -0.038143136 0.07409844 -0.24069944 0.13850251 -0.072393574 -0.08631249 -0.18573585 -0.11371472 0.4078273 -0.029275173 -0.2492393 -0.22001162 -0.14000393 -0.16818506 0.13704357 -0.19871512 -0.13031928 -0.4073511 0.18879002 0.07276895 0.21309267 -0.12141548 0.026226142 -0.1302802 0.21948345 -0.17717738 -0.01678292 -0.033465657 0.17992938 -0.28910258 0.32708934 -0.12073876 -0.01910356 -0.15177056 0.0025266632 0.21267848 0.1032992 0.10126735 -0.10598686 -0.0644179 0.16850834 -0.2193433 -0.10873829 -0.11080059 0.08713012 -0.3355759 -0.21350926 -0.16691504 -0.23935235 -0.24562798 0.10717046 -0.18141526 -0.0010451437 0.012724464 -0.034955572 0.31287885 0.14728491 -0.26484856 -0.16172999 -0.13763732 0.26290387 0.1444678 0.075773366 0.22581704 -0.21593542 0.02785686 -0.010480351 0.02718448 -0.48064384 -0.19314225 0.04299276 -0.11217247 -0.029584236 -0.29951766 0.0826532 -0.10648234 -0.04518301 -0.04191192 0.3790636 -0.24121022 -0.11299283 0.14678536 0.14054136 0.043219235 0.12840475 -0.15595055 0.044836324 -0.22135083 -0.051629465 -0.32449886 -0.19246091 0.010225042 0.20036244 -0.016151793 0.0580145 -0.4054741 -0.045967426 -0.27468458 -0.06288234 -0.12471597 -0.123342454 -0.26215947 0.23176423 0.21209832 -0.12346571 0.21396095 0.122690745 0.15541393 -0.20482668 -0.10375969 -0.2782665 -0.06651466 0.1344283 -0.25254864 0.1270286 0.0693015 0.012301383 0.15061836 0.20757133 0.08796372 -0.115244545 -0.34328178 0.3676167 0.039642483 -0.12544207 0.039742146 0.06909209
BFA 0.28177252 -0.07912168 0.1506925 -0.13903077 0.06623555 0.028803619 6.841724e-05 0.07910482 0.02489209 0.29269508 0.11591698 -0.056718737 -0.1630129 -0.31300262 0.27161396 0.35332143 -0.0007401729 -0.21209688 0.053739015 0.20318815 -0.15382856 -0.12766789 -0.2581188 -0.3949763 -0.2428546 0.15995927 -0.13195355 0.09890139 0.10781355 0.12998451 -0.05486724 -0.030977782 0.036618926 0.11990423 -0.14393535 -0.1642529 0.26893833 -0.10098889 0.22106463 0.21752612 -0.007168194 0.22637576 0.09783127 -0.021886753 0.16474134 0.28610706 -0.17277515 0.066323794 -0.020917218 0.09429463 -0.10414474 0.0244811 0.08862418 -0.05299457 0.02221103 -0.0145793585 0.21353927 0.014896381 0.030866321 0.1396489 -0.41963547 0.12200711 -0.12349693 0.42163637 0.32638887 -0.17371202 0.01606442 -0.2452552 -0.20848097 -0.14459811 -0.21924913 0.039224725 -0.042468056 0.10504257 0.22855978 -0.2704715 -0.15793823 0.15331589 -0.3350817 0.069353394 -0.28538856 -0.15379785 -0.0011145637 0.21232598 0.012244682 0.11524166 0.18488052 0.28547958 0.018672414 0.1308411 -0.14496763 -0.32349998 0.24508421 -0.024188813 0.011192975 0.124346524 -0.2108929 -0.637875 0.0041337525 -0.29362732 -0.06927567 0.09263682 0.15076031 0.12948212 0.31114766 -0.10829016 -0.21341537 -0.27606514 0.42596453 0.04632321 0.14274065 -0.3437798 0.1367894 0.14254706 -0.098252386 0.08005352 -0.29946858 -0.07009884 0.02591027 0.10760158 -0.15895244 -0.40220064 0.17675294 0.14456339 -0.19337507 0.10815744 0.1322727 0.032524787
AND 0.24403621 -0.14810662 0.09623155 -0.038119122 0.2208511 0.02213779 -0.27657196 -0.04670447 0.09331242 0.18427692 0.12365883 0.16350931 -0.12590146 -0.2176664 0.31112844 0.07186816 -0.016392274 -0.17390013 -0.22117223 0.19773588 -0.1669528 -0.08894955 -0.1408723 -0.04190263 -0.12634516 0.34766877 -0.082675144 0.10554025 0.09191769 0.04162612 -0.007956302 0.15413123 -0.061690617 0.016597936 -0.16239625 -0.078690976 0.2211299 -0.078760125 0.19004175 0.04655277 -0.10078795 0.24797012 -0.027972616 0.024465118 0.23753603 0.23349963 -0.21321662 0.26920468 0.108113326 0.19426224 -0.09967324 0.06169841 0.056113437 0.09223139 -0.14410833 -0.09890429 0.24841183 0.19809632 0.07017743 0.19224513 -0.41873664 -0.06755473 -0.09165332 0.2844151 0.30433646 -0.082533136 0.011267461 -0.003952085 -0.12678741 -0.11131048 -0.11319821 -0.11082994 0.006945774 -0.05527982 0.060605675 -0.25110477 -0.021694738 0.04146087 -0.26030606 0.06948763 -0.11876857 -0.11743266 -0.0027310946 0.07440422 -0.17175658 0.17533219 0.23593509 0.11793057 -0.13169788 0.055924658 -0.26431152 -0.16445759 0.09131391 -0.09335435 0.037406474 0.11419937 0.0061581195 -0.30484062 -0.048037294 -0.1942207 -0.23890992 0.023700621 0.09159922 0.24809277 0.16922417 -0.13473727 0.10694357 -0.032042004 0.26043513 -0.12971595 -0.08817287 -0.23084779 0.0040870747 0.17761509 -0.0062346607 -0.060310796 -0.2656928 -0.09470882 -0.006827465 0.011162775 -0.015408562 -0.47609028 0.17767824 0.053512745 0.016746558 0.109729804 0.08504036 -0.033123944
UZB 0.37862247 -0.052359555 0.10262828 -0.042677045 0.12842003 0.1510019 -0.4800456 -0.060605764 -0.20174794 0.2192731 -0.24422835 0.14551735 -0.018642977 -0.091518946 -0.03769435 0.0046573146 -0.29007143 0.17587832 -0.18908904 0.18783867 -0.1695091 0.11423851 -0.051267114 0.30356413 -0.065065324 0.23350316 0.07512813 -0.122393 -0.3355378 0.0594084 -0.07202027 0.37276834 0.24199238 0.049414065 -0.11616502 0.06257068 0.029999524 0.13192579 -0.06674765 -0.26586694 0.1552439 0.33526427 0.1231768 -0.14050901 -0.18387821 -0.07928942 -0.09848301 0.17298383 0.17880775 -0.097380534 -0.30851784 -0.28216183 -0.14076409 0.15121393 0.15799622 0.10819253 0.3969051 0.09005165 -0.090518095 -0.045981124 -0.09495113 0.3075534 0.08377027 0.43756175 0.19881745 -0.20616515 0.049004573 0.16017272 0.12200633 -0.07947859 -0.08862378 0.053080022 0.31693298 -0.27693918 -0.09732654 0.23291096 -0.00024685025 -0.2285218 -0.25696132 0.047430415 -0.19081515 0.07706541 -0.20901142 0.09775862 -0.29830924 0.076369695 0.0444397 0.11578059 -0.13427986 -0.19708203 -0.03038507 -0.37070903 -0.1431755 0.028409077 0.31600514 0.17392032 -0.43549427 -0.1950516 -0.25262928 -0.05131915 0.017211687 -0.05267263 -0.0617683 -0.005829304 0.40657282 -0.21031806 0.34125933 0.4365129 -0.030747162 -0.09707699 -0.07679089 -0.20220205 -0.06748615 0.18198337 -0.24202591 -0.11164723 -0.15085886 -0.055971254 -0.0046206145 0.07239531 0.35380372 -0.11897929 -0.24545953 0.07380064 0.021042502 0.4352581 0.18706107 0.15236776
TLS 0.40587243 -0.113579385 0.5488903 -0.09843752 0.34254932 -0.20637934 -0.07301184 -0.026378388 -0.07614142 0.31515738 0.2747477 -0.42921317 0.090729356 -0.4404305 0.14126372 0.26895142 0.027067505 0.123974055 -0.30487627 0.30827588 0.0068542757 0.13102648 0.076488934 -0.11163828 -0.23331997 0.200269 0.024295378 0.49505875 -0.1663224 0.19946676 -0.100227796 0.18054542 -0.1038687 -0.13363925 -0.1000605 0.061658625 0.16729227 0.2546124 -0.048564304 -0.048520178 0.04926377 0.054856732 -0.028469997 -0.03275988 0.3047605 0.1979691 0.094039254 -0.052560132 0.12857413 0.03251785 -0.16372009 -0.03867117 -0.16294996 0.13861199 -0.01651269 -0.27350175 0.34215608 -0.18985395 -0.20016138 0.16832343 0.0010293933 0.22933954 0.23572409 0.19840014 0.1699869 -0.032335367 0.029114971 0.05269443 0.22555727 -0.010699403 -0.19482449 -0.13975483 -0.08863417 -0.1723592 0.074566714 -0.23666948 -0.020313142 -0.21323608 -0.21123298 0.06679974 0.018431686 -0.031154068 0.29623815 -0.03186617 0.13451818 0.28694656 -0.01706053 -0.09958232 -0.19923918 -0.012467658 -0.46573374 -0.12808906 0.02092114 0.17456031 -0.15639621 0.06589617 -0.08481897 -0.015210675 -0.1527903 -0.3479664 -0.020222653 0.0941438 -0.056898978 0.41725564 -0.080786064 -0.11052248 0.23884062 -0.21890162 -0.0017054265 -0.24249426 0.050809696 -0.15105297 0.09111884 -0.07522555 -0.021070732 -0.32577816 0.2640109 -0.25237876 -0.09337231 -0.22409412 -0.051834553 -0.12159191 -0.19319873 0.19526885 -0.11836567 0.11867422 -0.2707897 0.15428646
EGY 0.06487765 -0.21039668 0.17899887 0.0281091 -0.034019705 0.12848797 -0.3667022 0.03680633 -0.23647496 0.17114888 -0.096287854 -0.05447607 -0.06380314 -0.0043994356 0.038784847 0.032367762 -0.08436264 0.087648235 -0.23249269 -0.14525747 -0.032851532 0.16510214 -0.08620254 0.19078262 -0.03377625 -0.0017869431 0.04713174 -0.03756668 -0.24219655 -0.08060558 0.009248091 0.18012582 0.26809597 0.21445487 -0.19266652 -0.052573614 0.14537297 -0.016345449 -0.028818991 -0.1709292 -0.04202626 0.24229224 -0.015858095 -0.15724804 -0.14023204 -0.03075182 -0.15799126 0.12692527 0.0036315655 0.028686054 -0.3018359 -0.112123355 -0.040283386 0.08100874 0.12436192 0.01972192 0.30827114 0.04436227 -0.07904278 0.032928325 0.045279846 0.27955297 0.24661866 0.25654808 0.12240273 -0.08522174 -0.052870885 0.008326514 0.1676707 -0.1721371 -0.02150631 -0.026167851 -0.05531721 -0.31428087 -0.069953986 0.092059515 0.009270647 -0.08457799 -0.14991811 0.10641922 -0.086031586 0.1390264 0.021181924 0.20502914 -0.19482554 0.17157906 0.049295966 0.10106457 -0.20064916 -0.0684073 0.0098270485 -0.18894425 -0.081506215 0.16298823 0.23712198 0.1321887 -0.25361028 -0.19025876 -0.30372155 -0.09188688 0.101906836 -0.067971244 -0.13243125 0.19559865 0.30903816 -0.1615268 0.17302512 0.43629098 0.31256357 -0.053497415 -0.0025120238 -0.1030191 0.13808176 0.2556443 -0.2219566 -0.058905136 -0.08015683 -0.0670613 0.020073127 0.109410934 0.2613617 -0.13252513 -0.17836402 0.07043186 -0.057801567 0.41774407 0.0783668 0.07554831
MHL 0.13578728 -0.24018614 0.2741676 0.107169576 -0.020550191 0.17434707 -0.27421144 -0.11437775 -0.24647343 0.28153008 0.38640994 -0.19938993 0.1967861 -0.2752322 0.06194977 0.26234657 -0.08503218 0.1031514 0.025051882 -0.130117 0.0038256096 0.1490775 -0.058090948 -0.3505735 0.1398927 -0.13639788 -0.37241846 0.14422667 -0.10224972 0.4947599 0.31464788 -0.0031710302 0.20108917 0.046912123 0.13173416 -0.38347656 0.35192814 0.16411108 0.14703529 0.11164132 -0.08341936 0.26976517 0.23746902 -0.09614851 0.07165509 0.05696273 -0.0994051 -0.0885467 -0.022112405 0.15511605 0.25561935 0.1186078 -0.07920729 0.20742102 0.03003128 0.1554489 0.26081872 -0.37275732 0.2807176 0.32363975 0.22636153 0.069219686 -0.11958393 0.41480342 0.13559972 -0.3732813 -0.17683318 -0.06465984 -0.050563533 -0.08457749 -0.012065167 -0.39139435 0.0010428885 0.027167901 0.24187721 -0.28927764 -0.10076299 0.023793386 -0.09057596 0.21505693 -0.022418795 -0.23205246 0.098457314 0.5346096 0.17511624 0.30803463 0.04718549 0.16902457 0.007353875 -0.1805164 -0.40525195 0.049269456 0.016424198 0.17246586 0.37323022 -0.124384224 -0.03553554 -0.3276041 -0.5907219 -0.36771816 -0.068791315 0.09387298 0.06817033 0.08086394 0.08770442 -0.23758939 0.1897974 -0.23562306 0.31733522 0.039555896 0.6476712 -0.13329726 -0.09817586 0.16112635 -0.19766457 0.12909974 0.058743045 -0.12399615 0.16746825 -0.056788888 -0.14349866 0.08996439 -0.039354414 0.11062323 -0.39954156 0.09619627 -0.2249635 -0.2901025
KIR 0.7154621 0.007402706 0.4256617 -0.31824097 0.5809156 -0.22558142 0.023901653 -0.038899604 -0.2593605 0.47364113 0.3293898 -0.7108397 0.116584085 -0.63279337 0.0071965554 0.31208727 0.093136884 0.09111132 -0.2525506 0.33127493 -0.1233098 0.2856625 0.11965037 -0.107532114 -0.36937746 0.38113517 0.1310135 0.37829828 -0.6883737 0.23219642 -0.1093925 0.18410191 -0.3573778 -0.2683372 -0.16365217 -0.04121807 0.014781465 0.17480087 -0.033098135 -0.1864167 0.26492253 0.24906777 -0.1252248 -0.023040097 0.38094074 0.23421282 -0.25660715 0.10504038 0.06667501 0.15196186 -0.3018121 -0.26727712 -0.20002598 0.06749016 0.114047736 -0.47625133 0.5648853 -0.2569015 -0.50108755 0.22877996 0.040692084 0.34838405 -0.055360597 0.58036095 0.33279797 -0.32778972 0.08431328 0.27342457 0.28632155 -0.20195955 -0.2406471 -0.18809043 0.2295368 -0.2436115 -0.017364947 -0.35525253 -0.14610116 -0.27394733 -0.45817864 -0.12915914 0.07407623 0.08233345 0.30725172 -0.19263576 0.022584002 0.35426638 0.020784184 0.058236763 -0.3282632 0.016727993 -0.54397124 0.08360471 -0.00076205697 -0.029016076 -0.1390945 0.31399313 -0.29998937 -0.19500937 -0.13309167 -0.51560813 0.04630848 0.19516446 -0.38661242 0.6275223 0.23787087 -0.601397 0.1544473 -0.25937948 0.11408463 -0.19013998 0.22640336 -0.21707655 -0.11638822 -0.055774078 -0.24914652 -0.27845657 0.42735085 -0.34212032 0.07194185 -0.3409971 -0.23203644 -0.35984358 -0.4237171 0.06422355 -0.14969547 0.25360343 -0.2010557 0.41354376
KNA 0.2936369 -0.054206 0.077707015 -0.011301678 0.11080954 -0.34382984 -0.29074028 0.15137151 -0.08914127 0.2633226 0.44690213 -0.024027413 -0.037470724 -0.17299256 0.1408373 0.1384216 -0.1728342 0.05096199 0.08575669 0.15158878 -0.033498254 -0.22482759 -0.07779964 -0.38558644 -0.17899705 0.23661266 0.026354367 0.1762129 0.13460761 0.022313034 -0.1315902 -0.061326634 0.03546484 0.306113 -0.07628099 0.104427956 0.23379414 0.03801579 0.2394889 0.10113627 0.007637228 -0.06469877 0.11099313 -0.11699327 0.34201676 -0.16515107 -0.072666235 -0.27619338 -0.026131568 0.23553184 0.117557086 -0.09054478 -0.022004541 0.30711526 0.13780089 -0.23303488 0.24852295 0.04807332 0.0014240402 0.2046753 -0.09061352 0.31866425 -0.0036595347 0.20204571 0.20835638 -0.10019714 0.15261397 0.24419238 0.026324203 0.04796146 0.065685935 -0.12176906 -0.24968764 -0.18092677 0.19992386 -0.16036747 0.18040337 -0.055866778 -0.2913034 0.1728968 -0.22913858 -0.2919246 0.09322678 0.30749494 0.11352405 0.01064765 0.18402381 -0.25428927 0.038309067 -0.08726262 -0.12743703 -0.119735666 -0.024721542 -0.3302733 0.26264602 -0.010657715 -0.052195154 -0.28389147 -0.039916113 -0.044478808 -0.13787276 0.054300785 -0.04847535 0.08596617 -0.04412843 -0.14097539 0.059931826 0.08501341 -0.038969375 -0.0581964 -0.04481691 0.09089553 0.025475245 0.15059385 -0.13130973 0.08931596 0.14520374 0.006836604 0.00018573814 -0.016251849 -0.30349818 0.0522193 -0.16594821 -0.12159728 0.023237934 -0.059084266 0.1979583 -0.01220269
RWA 0.06981545 -0.1557869 0.05747846 -0.016014045 -0.020014059 0.042121317 -0.17362165 -0.1572771 -0.075572155 0.36907825 0.25710762 -0.1334163 0.07162685 -0.31759816 0.13837807 0.11943876 -0.06548847 0.11818294 0.00946555 -0.013489761 -0.03188988 0.1706669 -0.13261397 -0.2100705 -0.020129867 0.031775273 -0.32143995 -0.030844204 -0.04054617 0.35473245 0.18115516 0.02157044 0.00062338694 -0.009290365 0.04890912 -0.25600415 0.2799981 0.08213779 0.18974042 0.13474995 0.013594637 0.20879652 0.11601221 -0.03854497 0.14101513 0.12883373 -0.1494238 0.036477834 -0.08231041 0.22211172 0.24091151 0.047707394 -0.017979827 0.08270474 0.0019359579 0.027037328 0.20330723 -0.21759208 0.14882515 0.12893927 0.032311123 0.06779047 -0.16964939 0.44271496 0.1696573 -0.34976944 -0.058122527 -0.0071219583 -0.06547059 -0.17587024 -0.035183154 -0.28361195 0.05546323 0.07052436 0.15370815 -0.19502126 -0.14127506 0.036658563 -0.18384352 0.12166477 0.061404534 -0.14628857 0.000530666 0.37488228 0.056102857 0.27198106 0.17803346 0.10472456 0.0876521 -0.013404177 -0.2289948 0.06262616 -0.026784547 -0.089216396 0.4315193 0.04205758 -0.11494063 -0.35846505 -0.3744631 -0.25954846 -0.022976251 0.06991477 0.04043084 0.10294558 0.2283867 -0.2233236 0.15091535 -0.28390563 0.18094501 -0.027806358 0.46582928 -0.08629721 -0.06369229 0.12421031 -0.106912754 0.10034342 -0.15522599 -0.12325183 0.064173646 0.019800425 -0.13501906 -0.009536094 -0.039716445 0.09242873 -0.22446407 0.05928331 -0.09391519 -0.16252197
DMA 0.3344534 -0.0005132277 0.042302106 -0.07156155 0.15934405 -0.37888035 -0.23577686 0.1729453 -0.060352746 0.252874 0.48851627 -0.10284946 0.006719196 -0.20488828 0.08679482 0.12401022 -0.13017058 0.055365454 0.08006777 0.1364079 -0.036224127 -0.18223508 -0.047338378 -0.39318296 -0.16920154 0.1734422 0.026020048 0.15907222 0.070117764 0.018077949 -0.13761047 -0.060640153 0.023890698 0.26213676 -0.047379542 0.07985412 0.21750137 0.049325526 0.20829377 0.103374176 0.027546072 -0.07656855 0.044930138 -0.09744057 0.3857249 -0.16498323 -0.105285436 -0.25515977 -0.08648038 0.2667551 0.035828367 -0.060422294 -0.026840568 0.26221997 0.118598394 -0.27470338 0.25204515 0.07037484 -0.05028261 0.23598464 -0.07543506 0.3293602 -0.00026295806 0.15488295 0.21122736 -0.16447875 0.12888359 0.2528884 0.070199765 0.059347868 0.061560553 -0.08525903 -0.16074526 -0.181354 0.1535385 -0.17769264 0.150613 -0.040461574 -0.36352178 0.113102116 -0.2009993 -0.268635 0.10168717 0.25980607 0.1108271 0.06418955 0.1562433 -0.22302692 0.009420873 -0.07812512 -0.09144982 -0.090831034 -0.070885316 -0.3291072 0.19432233 0.01818216 -0.0543159 -0.26130143 -0.08974957 -0.045456335 -0.057686407 0.027428525 -0.0849904 0.13310814 0.039079607 -0.23674946 0.07931597 0.0769093 -0.040742513 -0.047546428 -0.02614927 0.15697889 0.040475126 0.17608494 -0.16195036 0.049365334 0.19312477 0.015593633 -0.009998075 -0.021877242 -0.32397324 0.006532738 -0.25451568 -0.11273044 0.0660481 -0.012463483 0.17109594 0.043708835
STP -0.12003972 -0.09431652 -0.21904804 -0.05462928 0.049404465 0.06841307 -0.078381956 -0.4008161 0.10215915 0.3967858 0.25542945 0.09073803 -0.077355325 -0.27092925 0.124840245 -0.106096126 0.011082298 -0.17126347 -0.34684232 0.034193378 0.08079784 0.23144369 -0.27530664 -0.107845046 -0.110082865 0.3029608 -0.39210021 -0.14917403 0.3152518 0.18024608 0.0009524327 0.19490711 -0.13691649 -0.081928074 -0.05686772 -0.16615266 0.30344775 -0.0920786 0.29182598 0.050441943 -0.061452843 0.32832897 -0.15025364 -0.07882621 0.07736642 0.18476245 -0.4620962 0.10095827 -0.27560848 0.06824079 0.33885607 0.11599234 -0.026941389 0.19138516 -0.13465315 -0.018167753 0.22924894 0.03976562 -0.026603311 -0.20223106 -0.22738267 0.011927321 -0.1977833 0.24792981 0.35409763 -0.39362606 0.08950668 0.030561782 -0.24112016 -0.4894704 -0.10367734 -0.18225491 -0.21857339 0.15558767 -0.13132833 0.028193189 -0.0893027 0.036467507 -0.25575203 0.40978727 -0.099526756 -0.17427395 0.0026399489 0.28276426 0.012897643 0.27697524 0.13769127 -0.15527348 -0.0034078045 0.19370252 -0.25120607 0.06487984 -0.037932716 -0.11599606 0.392047 -0.027425883 -0.21191303 -0.46687132 -0.6111391 -0.18593319 -0.1315056 -0.10012222 0.015952546 0.1715092 0.29393423 -0.3521511 0.21470782 0.02565502 0.3417553 -0.21982302 0.102690995 -0.27118352 -0.11496094 0.20678373 -0.05703481 0.34861454 -0.24657083 0.06221141 0.19241868 0.3411919 -0.04902073 -0.1754282 -0.10215381 0.18866755 0.02362458 -0.09294458 0.11474541 -0.274888
GNQ 0.35463756 -0.4979651 0.53813624 0.10504019 0.07691143 0.0414772 -0.27578604 -0.090760045 0.01168508 0.372215 -0.21646987 0.22881578 -0.12918882 -0.19484682 0.36970377 0.41405782 -0.10183201 -0.05794662 -0.14145449 0.22977103 -0.012389097 -0.13718034 -0.047948193 0.029618613 -0.32020968 0.5847328 -0.13575144 0.50427014 0.2885472 -0.2377619 -0.18939936 0.11228718 -0.23577073 0.02817832 -0.20803526 0.2220946 0.34938392 -0.12656777 0.14151435 -0.0800446 0.095912136 0.16106033 0.17747559 -0.048216376 0.11105967 0.24907053 0.1678534 0.27532545 0.30898774 -0.13879529 -0.17975536 -0.2051765 0.16995358 0.3571782 0.091398485 -0.11744583 0.33866468 0.0006551042 -0.05526243 0.12975396 -0.3537523 -0.11945085 0.25409892 0.58163357 0.1770747 0.12131607 -0.062749825 0.3271464 -0.22007303 -0.108140536 -0.075497195 -0.35243204 -0.39859286 -0.058883026 0.027927728 -0.21618432 0.2705213 -0.21867688 0.040428378 -0.049474902 -0.2543207 -0.2293098 0.24056469 0.014639379 -0.02736393 0.062100917 0.1613643 -0.14843613 0.084870584 0.03995237 -0.465672 -0.36822933 0.36564285 0.14225748 0.2223112 0.092394024 -0.038960274 -0.22441058 0.225684 0.031666134 -0.23049839 0.36266 -0.06206009 -0.046400614 -0.034239203 -0.07179596 0.07208541 -0.027908474 0.11719516 -0.45104077 0.05941383 -0.5209152 -0.09753981 0.07591586 -0.096497275 -0.08735368 -0.06621674 -0.18968345 -0.017089663 -0.3612183 0.09361439 -0.31851646 0.28208515 0.14929329 -0.23190159 -0.2186749 -0.12339826 0.11925549
BHR 0.31240106 -0.23489413 0.3247846 0.2939623 -0.14542891 0.17336193 -0.23874411 -0.026152972 -0.33751452 0.23568313 -0.033745445 -0.17566763 0.07716588 -0.21914168 -0.13148099 0.16524774 -0.053643864 0.05916435 -0.21823873 -0.053264044 0.115821876 0.23739125 -0.06387816 -0.418603 0.304692 -0.24517621 -0.36051267 0.09678375 -0.028199412 0.4003848 0.03345582 0.09825973 -0.05512619 -0.026068099 0.22980657 -0.3304294 0.014085726 0.2048791 0.015226495 0.037617996 -0.17914839 0.18462226 0.28357244 -0.06861025 0.04018814 0.04172494 -0.22453426 0.25440115 -0.23450887 0.12003688 0.21187957 0.05085628 -0.13932867 0.3870392 -0.049932595 0.20764512 0.24355346 -0.38891855 0.1484008 0.32090276 0.04775065 0.05168671 0.15377793 0.33829936 -0.061077986 -0.24650642 0.00057575275 0.100359164 -0.057366937 0.07775141 0.044174567 -0.28570142 0.008142854 -0.029054971 0.2512524 -0.11034507 0.01648903 -0.17672276 -0.11394231 -0.041999537 -0.13084903 -0.21204379 -0.01651495 0.45324022 -0.029881146 0.2870009 0.14241377 0.2011916 -0.0116220815 -0.03316804 -0.25470954 -0.12392496 0.036077276 -0.03268611 0.4030061 0.02054261 0.020806976 -0.34360036 -0.6520153 -0.16708767 0.001875119 0.18461116 0.14885244 0.076516755 0.18158568 -0.33472702 0.3034306 -0.13618882 0.16782409 -0.02106202 0.58772945 -0.28050554 -0.103598855 0.13972467 -0.2724165 0.1731909 0.023563666 -0.0874256 0.045428023 -0.15053561 0.029636048 -0.07638771 -0.12587237 0.26216173 -0.186128 0.21512796 -0.23477174 -0.22379726
LAO -0.01744474 -0.26579106 0.16042703 -0.031162681 0.015594167 0.17762013 -0.46995246 0.020041673 -0.39645112 0.40005872 0.13954212 -0.24028684 0.1581072 0.106295094 0.055117495 0.26349932 -0.16257173 0.14181349 -0.2694102 -0.03821559 -0.11591123 -0.0041179117 -0.2128631 0.21790211 -0.18330683 -0.14655186 0.35788038 0.15132503 -0.23209676 -0.12998207 0.05291238 0.13493447 0.40800256 0.022565203 -0.13009165 -0.026110142 0.10822435 0.011473335 -0.15969959 -0.19519639 0.11894768 0.29145673 -0.08203613 -0.11995001 -0.20842265 0.15038697 -0.17271747 -0.19333915 0.0742606 0.0797991 -0.12633169 0.19898236 -0.0023941465 0.099386126 0.007745598 -0.13789946 0.15777008 -0.05103677 -0.02803582 0.23884456 0.19870807 0.41098723 0.36839592 0.40834823 0.10526513 0.113858655 -0.13239998 -0.17673303 0.3849416 -0.08726977 -0.17489856 -0.09978232 -0.18487035 -0.31878954 0.28968868 -0.053523783 -0.09369813 -0.12990671 0.034874428 0.28600624 0.16185793 -0.011465329 0.19200946 0.19746752 0.17055352 0.10513948 -0.10145676 0.13874972 -0.49157107 -0.2648284 -0.030817457 -0.07627896 0.12393234 0.44050592 0.11092379 -0.011382921 -0.08638071 -0.3112756 -0.37071806 -0.30648878 0.070487484 0.03414279 -0.2417631 0.20105226 0.15533818 -0.07454208 -0.0014224403 0.4816632 0.52688164 -0.10383685 0.26613894 -0.021168958 0.35309055 0.13824506 0.08007547 -0.21978435 0.16559884 -0.13837506 -0.12010313 0.14467402 0.34079304 0.022660075 -0.057076834 0.11150041 -0.3510664 0.33551154 -0.091880895 -0.16573675
TGO 0.18179424 -0.21258071 0.09728887 -0.17811789 0.042391695 -0.06850793 -0.09160688 -0.311302 0.011606628 0.57522583 -0.07308804 -0.088560715 -0.28220257 -0.24361914 -0.04039122 0.24447057 -0.17698582 -0.22618638 -0.45268714 0.24849616 0.09363164 0.26385948 -0.24147364 0.034425225 -0.24432692 0.35457185 -0.25925142 0.04186084 0.29812333 0.08133061 -0.36535785 0.34801668 -0.33994332 -0.044956714 -0.13991907 0.13401385 0.43391606 0.08408758 0.105434015 0.0062222853 -0.11828245 0.13112769 -0.22520015 -0.10568531 0.014523169 0.15053785 -0.33020043 -0.14360294 -0.23529974 -0.1589091 -0.16693014 0.19135655 -0.088539004 0.1252215 -0.061650857 -0.01846116 0.2981116 0.17115974 -0.28753498 -0.21349256 -0.35651004 0.16312656 0.25717112 0.31704685 0.2732901 -0.1270271 0.056319114 0.10409057 -0.17765576 -0.56766826 -0.16647685 -0.11442062 -0.4296424 0.05774565 -0.334863 0.099467926 0.0064378856 -0.1522513 0.1171961 0.3494258 -0.23743738 -0.32526976 0.23046046 0.18585062 0.049166534 0.17900175 -0.030416377 -0.011084505 -0.109915674 0.040632095 -0.44602534 -0.2822279 0.09933836 0.091810115 0.12831575 0.15576702 -0.27612314 -0.12014098 -0.16735871 0.07361551 -0.27188817 0.040138587 -0.27483177 0.20516786 0.15494868 -0.05260056 0.2522974 0.011419948 -0.0015291731 -0.40029296 -0.059784357 -0.40380892 -0.08424226 0.1436189 -0.09120119 0.15995577 0.013288638 -0.045276355 0.106892504 0.097056404 0.084453665 -0.27056915 -0.15055281 0.40689954 0.04876634 -0.26036072 -0.013951599 -0.012364433
LSO 0.12568355 -0.32874772 0.07511174 -0.036562882 -0.26055202 0.017106494 -0.16725615 0.008512888 -0.104933806 0.29055136 0.09940909 -0.05450112 0.29373562 -0.082738735 0.19232662 0.06771119 -0.19416161 0.1761449 -0.018289544 -0.0025742187 -0.050145563 -0.11551829 -0.052958526 0.26619697 -0.1699223 0.1299252 0.24149503 -0.06498742 0.03436741 0.0148139475 -0.06588636 0.0112307705 -0.0052424753 -0.0055850414 -0.073903546 -0.06507392 0.035263397 -0.060873143 0.11876925 0.078412965 -0.115933925 0.11366981 -0.12447857 0.006346201 0.04120028 -0.12506582 -0.0646808 0.019371744 0.20833983 0.21360849 0.13315679 -0.17093374 -0.20924191 0.16367917 -0.0009963149 0.044085767 0.10278727 -0.14691117 0.06971655 0.09754243 -0.006179411 0.35456073 0.118243754 0.6487957 -0.04189176 -0.15517525 -0.097743295 0.11156326 0.20510763 -0.18712462 0.09582225 -0.18053095 -0.37519795 -0.28067598 0.18825327 -0.017251883 0.03335097 -0.053906053 0.123189695 0.34454897 0.16381547 -0.30057415 0.40700543 0.2796828 0.019672427 0.08347531 0.018411983 -0.08722706 -0.028151236 -0.07602123 -0.11174314 -0.06477247 0.106171444 0.102591015 0.521376 0.08894856 -0.17484677 -0.09564487 -0.1074376 -0.0074043586 0.120532885 0.18825617 -0.2383896 0.1894082 0.1461462 -0.035306938 0.094245665 -0.033587668 0.13520555 0.01800237 0.26980954 0.02915522 0.012525778 0.12091236 -0.23658378 -0.03972561 0.21123356 -0.3084742 0.10858469 0.039439887 -0.0039962963 -0.016018609 -0.07190469 -0.0012636515 -0.30603427 0.02042736 -0.029768284 -0.1334101
MDA 0.15675563 -0.27249807 0.21116056 0.09892828 0.06624099 0.27275303 -0.49995345 0.11279132 -0.35169938 -0.0416949 -0.03876553 -0.167011 -0.037063897 -0.09255278 0.04997625 0.06313028 -0.16417535 0.05748308 -0.22268131 -0.17416042 -0.1788112 0.16129449 -0.0381599 0.24514386 -0.10381626 0.13078009 0.127102 -0.14787884 -0.46925986 -0.19289559 0.19415508 0.19057189 0.422032 0.2658265 -0.22967981 -0.11242904 0.061294008 0.07325975 -0.21957293 -0.20505777 -0.035007264 0.32497352 0.018098537 -0.18249252 -0.20245516 -0.054681018 -0.24228436 0.1360182 -0.014661786 -0.027816838 -0.61473584 -0.19880499 -0.06547494 0.108397014 0.26424086 -0.01141999 0.3409445 -0.14340593 -0.1524662 0.0893726 0.12852266 0.3142156 0.30355993 0.45748994 0.09859327 0.115438074 0.20410413 -0.25032622 0.31837782 -0.063681334 -0.0024535172 0.07192493 0.042890273 -0.5108554 -0.20794418 0.07572537 -0.05793962 -0.04907943 -0.22999118 0.11391466 5.740558e-05 0.3227487 0.0045474176 0.23973693 -0.27968767 0.10026783 -0.106866755 0.24157035 -0.3392966 -0.09503105 0.061854497 -0.085093416 -0.17546137 0.08709358 0.3542613 0.21306494 -0.46975526 -0.3574406 -0.494196 0.034897324 0.07024455 -0.083156854 -0.16168998 0.25997826 0.5146984 -0.33112758 0.40993103 0.58054316 0.35165378 -0.10114813 -0.08736167 -0.0735279 0.11774735 0.20132124 -0.21942198 -0.1029587 0.013436536 -0.031867728 -0.09302751 0.090953454 0.15821259 -0.27952018 -0.32369867 0.026168896 -0.011588438 0.56770355 0.13563852 0.17890142
COG 0.25849822 0.14894477 0.110756904 0.21103305 -0.030512718 0.046983927 -0.17180766 0.11803371 -0.06761294 0.15710585 0.13539325 -0.015172617 -0.13873212 -0.26347405 0.0123053 -0.01046786 -0.1393673 -0.21707608 -0.21154243 0.23275805 0.21477698 0.059127863 -0.14995988 -0.39134553 -0.17677091 0.12379623 -0.09671748 0.235146 0.3109678 -0.012595874 -0.26219475 0.1697359 -0.25097725 0.07758968 0.15497366 0.23621581 0.03785488 0.06979065 0.03834369 0.26717484 0.08252213 0.11051017 0.3232392 -0.13643137 0.30412206 -0.11031082 0.12190487 0.04791227 -0.03882702 -0.181571 0.06424718 -0.19476455 -0.18276013 0.42978808 0.19671604 -0.050227314 0.30256346 -0.26452076 0.0101342555 -0.14852338 0.032435626 0.29712057 0.29142794 0.5608486 0.1974607 0.050247703 0.18788525 0.41445428 -0.07110844 -0.19839366 0.022302462 -0.023046121 -0.4539182 -0.043660507 -0.065841675 0.16800454 0.46188018 -0.43684942 -0.14997427 0.33596382 -0.23359855 -0.4737314 0.19774175 0.27673462 0.048378255 0.07229206 0.2077163 0.022260066 0.14418563 -0.13658372 -0.12005902 -0.54392254 -0.2802252 -0.0695513 0.21352895 0.13079736 -0.17168598 -0.22005582 -0.31347755 0.07483228 -0.02410006 0.22989564 0.046705693 0.19872275 -0.24232017 -0.26552373 0.3810996 0.12080229 -0.4210631 -0.08663937 0.06309773 -0.20148408 0.0854345 0.18895991 -0.15294506 -0.017804032 0.24032624 0.008514423 -0.075337104 -0.21070667 -0.07841072 0.12841883 -0.06268808 0.012259963 0.015198756 0.019892922 0.19482431 -0.121312045
MDG 0.045127355 -0.18037634 0.29026768 0.14149752 -0.09902941 -0.15074681 -0.07578363 -0.053590525 -0.10715468 0.13978991 0.10143505 -0.084458396 0.12031899 -0.22576326 0.15559213 -0.103647284 -0.15800382 0.37343428 -0.07336816 0.09543994 0.049221467 0.24178232 -0.05894293 0.23706391 0.015074334 -0.124930315 -0.13021731 0.0039602444 -0.29405147 0.1021734 -0.07224198 0.3127546 0.27590665 -0.005981371 -0.0080038225 -0.088826954 0.07750063 0.124584064 0.039857414 0.012726699 -0.19740097 0.18801714 -0.044879403 -0.045444842 0.00031577353 -0.12834811 0.08668587 0.20606577 0.2106853 0.17878371 -0.085437045 -0.21153343 -0.27401313 -0.010819395 0.08504372 0.07837886 0.24680726 -0.16442159 0.0023867255 0.03625817 0.12678319 0.30480772 0.2500801 0.25388178 0.16662808 -0.24353865 -0.010173321 0.09889502 0.37804225 -0.02810828 -0.12296357 0.003164306 -0.047682468 -0.41561863 0.045864835 0.03836463 -0.04732066 -0.0812738 -0.21194229 0.15380995 -0.02868341 -0.014293266 0.23421806 0.2949059 -0.20674787 0.26329938 0.22318025 0.010751857 -0.024981434 -0.026792604 -0.10797426 -0.2410576 -0.21217255 0.01693083 0.49492216 0.22278841 -0.30905792 -0.0050959 -0.16722329 -0.19656602 0.1856345 -0.11611142 -0.044539537 0.35792693 0.07399305 0.12923968 0.36537603 0.018813398 0.11011374 -0.0030084946 0.18643181 0.06806605 0.12577005 0.166542 -0.3497634 -0.18435445 0.024358394 -0.18886894 -0.024116673 0.16203862 0.09296088 0.063396886 -0.35068437 0.010814712 -0.07268148 0.30320528 -0.011599412 0.1275986
MRT 0.18917426 -0.13628298 0.06780542 -0.12105217 0.08160773 -0.04602804 -0.090038426 -0.23527893 -0.05102368 0.516569 -0.027340671 -0.10472521 -0.32434395 -0.21822046 -0.12754275 0.24243754 -0.15243672 -0.32621825 -0.5023547 0.2341528 0.10453761 0.27473837 -0.30169502 -0.1362863 -0.16666768 0.2657872 -0.3080739 0.060690403 0.313786 0.08167434 -0.3793674 0.3599731 -0.27605975 0.010242229 -0.10499124 0.097176485 0.40911123 0.10205422 0.077672325 0.0079925135 -0.15844701 0.16145822 -0.17009746 -0.13547306 0.029662978 0.1091123 -0.40959114 -0.17074536 -0.35373986 -0.18875732 -0.19004492 0.22488795 -0.048963416 0.19326615 -0.030163204 -0.044144724 0.33346635 0.15205348 -0.27332377 -0.16166541 -0.3407825 0.18413925 0.30336484 0.25059003 0.29397392 -0.10795815 0.11949434 0.10007204 -0.20298173 -0.5330696 -0.13686572 -0.04827791 -0.42270163 0.070774436 -0.33627287 0.11607132 0.029666109 -0.17802683 0.023561837 0.38079137 -0.34424254 -0.36735046 0.17916796 0.2202976 0.06714758 0.164508 -0.03981127 0.033148732 -0.14451264 -0.002574574 -0.4063854 -0.31842348 0.05161237 0.0733211 0.059103902 0.121104114 -0.24923983 -0.20405857 -0.3244724 0.052982148 -0.2990405 0.0076928507 -0.21529926 0.19213499 0.15436973 -0.12815827 0.27368933 0.15005614 0.042703606 -0.3560968 -0.046177983 -0.41421294 -0.02639508 0.20036134 -0.09618311 0.19947127 0.046614997 0.048272967 0.106073394 0.13088435 0.08060363 -0.28039667 -0.17763363 0.39744803 0.1213044 -0.19587895 0.058931652 -0.050997473
MKD 0.06096127 -0.23330566 0.17302266 0.08999605 -0.011478378 0.053939294 -0.2742988 0.06534444 -0.16393253 0.0798006 -0.050595526 -0.015753463 -0.017696122 0.018226529 0.099323854 0.010911095 0.013349993 0.078081675 -0.16216287 -0.10519096 -0.045263972 0.03269186 -0.03416343 0.1282545 -0.009422043 -0.000982359 0.09514307 0.031462144 -0.16767749 -0.14700271 -0.023706453 0.11245447 0.17360501 0.11722066 -0.16528066 -0.029577252 0.080605514 -0.07455235 0.02434351 -0.15582573 -0.043806296 0.22063234 -0.057191465 -0.06702705 -0.060260717 0.013506962 -0.14549412 0.17251499 0.06522866 0.08963656 -0.17103466 -0.09043476 0.06959972 0.13054003 0.015247342 -0.06862018 0.26019102 0.07007595 -0.038403306 0.16005728 -0.0010068249 0.14102694 0.21534206 0.180047 0.115985736 -0.0384764 -0.00611561 0.07981211 0.13559745 -0.06862234 -0.020649005 -0.06699719 -0.113503605 -0.3325248 0.043865047 -0.06507462 0.021862283 -0.06282336 -0.205783 0.055644352 -0.0908618 0.093539804 0.08236297 0.12759262 -0.14790323 0.108345464 0.09220427 -0.019820714 -0.20718017 -0.044979595 -0.011355924 -0.11502305 0.005150437 0.040769063 0.17507344 0.056134094 -0.0726 -0.19912782 -0.19468965 -0.14516035 0.06178787 -0.021552656 -0.116733156 0.19806208 0.26643813 -0.14114404 0.12179857 0.38930145 0.41599414 -0.06316154 -0.0057778065 -0.07978488 0.13563451 0.22057705 -0.19600163 -0.09639066 -0.000584114 -0.09088182 0.03762859 0.07722725 0.1591867 -0.21519254 -0.10784863 -0.014540657 -0.057917804 0.34604278 0.0775533 0.05165007
GRL 0.18636273 -0.2713553 0.11490013 -0.02366122 -0.008414417 -0.09811857 0.032276608 0.15327856 -0.10474611 -0.06867449 -0.023007484 -0.1795464 0.10773587 -0.051633984 0.05343597 0.02333129 0.117014915 -0.055625625 -0.18991274 -0.03521469 0.02032543 0.0050430675 -0.060693737 -0.01929651 -0.02938145 0.10290844 0.095027864 -0.0003188231 -0.085048564 -0.097110614 -0.17350455 0.012036825 0.15986353 0.193822 -0.3141196 -0.13932806 -0.0466246 -0.153104 0.17727545 -0.20731588 -0.20377685 0.19114289 -0.19469684 -0.08501842 0.02937384 -0.094536595 -0.19545792 0.014891022 0.014867901 0.0031538468 -0.18232109 -0.32328787 -0.013411925 0.1786732 0.14625391 -0.19909449 0.35868102 -0.008597394 -0.11779879 0.15821314 -0.037000824 0.24351214 0.12893242 0.07966045 0.082344785 -0.20074974 0.0032145798 0.06786716 0.10809917 -0.12603162 0.015487245 0.106281765 -0.20908947 -0.33794045 -0.010817788 -0.12562184 -0.07682241 0.11242393 -0.4304425 0.13128251 -0.20966896 0.121250205 0.2957569 0.05424239 -0.06488849 0.06468106 -0.11610933 -0.040579837 -0.11437236 0.15464658 -0.11549817 -0.0112778535 -0.015612962 0.101940036 0.060492452 -0.17507102 -0.14509901 -0.14661498 -0.22305009 -0.117614165 0.1595115 -0.01813099 -0.21392748 0.26067173 0.30441064 -0.1799426 -0.091059394 0.45309323 0.6792213 0.08315222 -0.021529287 -0.06493585 0.09465802 0.35139015 -0.470591 -0.03896673 0.11770673 -0.22741081 0.23412053 0.2413193 -0.06204244 -0.36206377 -0.23115997 -0.11347812 0.016935693 0.27534392 0.23561476 0.111686654
SWZ 0.13174525 -0.34950426 0.06785238 -0.12588383 -0.2697134 -0.04826844 -0.12823139 0.0163765 -0.09061365 0.41090384 0.17321488 -0.13005894 0.312955 -0.08480691 0.19946733 0.124443695 -0.16671842 0.15916483 -0.0068168654 -0.0078249555 -0.042088043 -0.1275903 -0.09653663 0.21233582 -0.22522683 0.12881586 0.30543354 -0.036243603 0.09264023 -0.031534575 -0.09478247 -0.03774295 -0.042296518 -0.03311153 -0.07407034 -0.035651915 0.06677866 -0.08965842 0.12996748 0.11285606 -0.108382516 0.08107273 -0.19965364 -0.00434287 0.08072525 -0.090005286 -0.1409513 -0.04902623 0.14571786 0.27500427 0.1188981 -0.098026834 -0.16101295 0.14493796 -0.018020665 -0.055797607 0.05844761 -0.10662562 0.00954686 0.12981755 -0.015308855 0.4037499 0.14308172 0.6583257 -0.06187278 -0.14014953 -0.12672235 0.07587002 0.22788256 -0.21743113 0.0679267 -0.18897165 -0.41670585 -0.281774 0.22842069 -0.06257241 0.030203136 -0.025572525 0.116744675 0.33690748 0.21653631 -0.30598935 0.44286668 0.2883052 0.072373725 0.08043187 0.027618727 -0.09293493 -0.059058044 -0.044834297 -0.084965445 -0.028442906 0.15335047 0.09508979 0.5049716 0.107915536 -0.1535601 -0.15245155 -0.09331054 0.005980838 0.17395674 0.19892573 -0.2877011 0.20580928 0.17923412 -0.051350176 -0.0051955436 -0.065331906 0.19999889 -0.0009805928 0.28567758 0.046468876 0.0607284 0.11252129 -0.21180348 -0.024135644 0.2435802 -0.31772447 0.061518956 0.07446551 -0.04592625 -0.019883946 -0.07234731 0.014947297 -0.30628845 -0.022450037 -0.061716065 -0.14527921
SLE 0.14498521 -0.171375 0.09279041 -0.21142168 0.03386603 -0.108354114 -0.06602642 -0.26951122 -0.032375045 0.6073035 0.04701536 -0.16427636 -0.26698518 -0.253058 -0.053822726 0.2814624 -0.18437256 -0.22559169 -0.44202268 0.2323207 0.08099449 0.25887567 -0.28183243 -0.030913182 -0.23903601 0.2661737 -0.26667717 0.02831623 0.27802432 0.13156721 -0.3212049 0.3217082 -0.2441435 0.01846741 -0.15340094 0.0626709 0.49005866 0.12403636 0.10933719 0.050146047 -0.18052992 0.10797033 -0.23064911 -0.124616705 0.026477288 0.11312319 -0.33818236 -0.26007536 -0.2948935 -0.10807542 -0.14718606 0.24034935 -0.11213354 0.08431465 -0.03368618 -0.009264937 0.29306862 0.12640734 -0.27305356 -0.19485946 -0.30627525 0.23649792 0.26158458 0.28054425 0.30086508 -0.1609976 0.059574638 0.0061902315 -0.12276852 -0.55851483 -0.1578055 -0.083947055 -0.4444659 0.066727825 -0.30423823 0.09222164 -0.03791028 -0.10510375 0.12316741 0.41337806 -0.22902365 -0.34434614 0.24179237 0.25455517 0.10476461 0.21919538 -0.04972927 0.012839587 -0.115727864 0.0075558927 -0.44139144 -0.2505463 0.08735413 0.1158994 0.13121219 0.14850974 -0.28746805 -0.13984898 -0.21618494 0.016968047 -0.28389132 0.009541596 -0.26364678 0.22216563 0.10944144 -0.009764502 0.23155853 -0.017687205 0.020806732 -0.34577376 -0.016305536 -0.32875827 -0.030301519 0.14371026 -0.07745145 0.18311052 0.035593737 -0.025230393 0.10210186 0.15851626 0.04684095 -0.21607214 -0.192154 0.4304129 0.016167805 -0.24698094 -0.018396389 -0.043479294
LCA 0.22687319 -0.18425488 0.21333511 0.19589731 0.24781854 -0.33022335 -0.4763489 0.04811558 -0.098753296 0.27809003 0.4141044 0.19238275 -0.24699743 -0.16187388 0.31853604 0.17545786 -0.16629013 -0.021993319 -0.012559943 0.08395654 -0.088431895 -0.21223685 -0.15552858 -0.21908946 -0.23842435 0.37257686 -0.08116516 0.20012867 0.12651892 -0.23508777 -0.022222005 0.03052412 0.13685355 0.4922248 -0.1984452 0.2344704 0.41534278 0.00083844323 0.21754572 0.0051625725 -0.08493296 -0.02690788 0.17991571 -0.16314419 0.30997202 -0.07608176 -0.037575036 -0.11111545 0.074942626 0.25059634 -0.036431752 -0.04791652 0.116089486 0.4515182 0.1932208 -0.28054532 0.38350818 0.17307043 -0.03637056 0.2583177 -0.15428488 0.12824628 0.11368848 0.06049035 0.36322176 0.047791548 0.25261185 0.26180688 -0.049202405 0.07693923 0.11377125 -0.21702221 -0.3417445 -0.20175254 0.14880891 -0.088360704 0.22559889 -0.16907506 -0.21599828 0.029829782 -0.35934627 -0.24371792 0.046839617 0.3404043 -0.08129294 0.051805653 0.29614285 -0.33882955 -0.058363866 -0.091393635 -0.19854856 -0.18632239 0.09108887 -0.36887234 0.28820893 0.051028516 0.009242228 -0.3174781 0.08397988 -0.014835486 -0.36174434 0.008309816 0.072233 0.08767216 -0.09053555 -0.021642664 0.11507573 0.3152874 0.12676644 -0.26461187 -0.32057256 0.0023336383 0.11490514 0.16256659 -0.012838868 0.12105101 -0.013095791 0.1894158 -0.089384496 -0.033687707 -0.15219669 -0.08515448 -0.005966021 -0.10582719 0.07959108 -0.04598225 0.3413366 0.07083201
GUY 0.33541512 -0.026526088 0.13742352 -0.0068785558 0.1520598 -0.3431207 -0.29995656 0.16875277 -0.09495548 0.27616227 0.46656272 -0.10762551 -0.052604236 -0.2132754 0.075032145 0.16930932 -0.13807905 0.041487273 0.05949134 0.10173871 -0.013438596 -0.14933221 -0.043479223 -0.45753753 -0.13872097 0.15275818 -0.06791037 0.20398018 0.08498223 0.048552945 -0.07095463 -0.07730924 0.025363507 0.31925073 -0.026038973 0.06943546 0.27010354 0.0828467 0.19174747 0.14698052 -0.0061562983 -0.07891947 0.10988942 -0.12769203 0.39606676 -0.123507835 -0.086051755 -0.25128397 -0.08644346 0.2484801 0.024563858 -0.021570286 -0.03533599 0.26488897 0.11795587 -0.23195353 0.2457602 0.028835662 -0.029613964 0.23524918 -0.032784075 0.2841772 0.024011893 0.1623833 0.19940212 -0.11887578 0.10953777 0.210621 0.039569095 0.04270362 0.043196395 -0.16138716 -0.18151915 -0.15201417 0.15889503 -0.19182499 0.18340516 -0.081522696 -0.30149022 0.08681767 -0.22107793 -0.26248074 0.10469181 0.31952468 0.096342534 0.0979493 0.17783752 -0.1807325 0.042975374 -0.08991703 -0.14067519 -0.1016294 -0.06804982 -0.3010414 0.17243324 0.00963751 -0.02581248 -0.26366717 -0.12252119 -0.05279738 -0.10916366 0.016598113 -0.025314746 0.13642234 -0.023870103 -0.1958957 0.08963052 0.030952273 -0.062076204 -0.07643896 -0.015330765 0.10717828 0.044148542 0.12847875 -0.12948345 0.045770176 0.15762493 0.014179295 -0.028927045 -0.10489151 -0.30142322 0.044309966 -0.20833887 -0.069807224 0.03243756 0.019118372 0.11897842 0.021517009
BDI 0.14888786 -0.2320792 0.15758859 -0.07348329 -0.034347393 -0.011542218 -0.18585308 -0.10053957 -0.15397522 0.36976 0.2756478 -0.24972878 0.11812981 -0.27639818 0.15419462 0.17307557 -0.06186154 0.15984496 -0.011132989 -0.024283174 0.0018085955 0.13433889 -0.083177134 -0.16782959 -0.047272194 0.041561667 -0.15360594 0.041756865 -0.0857467 0.31846672 0.14159644 -0.040244207 0.008421986 0.019312408 0.010852466 -0.21476528 0.23995623 0.091745414 0.14619808 0.06518329 -0.0033871764 0.13672101 0.094273604 -0.057559032 0.121777385 0.05017589 -0.09462764 -0.063092396 -0.030308047 0.2247565 0.22242656 -0.031259462 -0.06675222 0.11811545 0.05088092 -0.0002899444 0.21249679 -0.26785916 0.091642186 0.16731961 0.11797789 0.16995601 -0.06984361 0.40449637 0.092123866 -0.2638391 -0.08963461 0.008318989 0.061686754 -0.14729692 0.009925777 -0.28680384 -0.02418962 -0.03552036 0.18006347 -0.1897601 -0.09479576 -0.006447701 -0.12069527 0.11978828 0.13356571 -0.119958855 0.10721603 0.3163731 0.0957456 0.23318772 0.08978384 0.053368703 0.015043094 -0.020439297 -0.25960898 0.09242103 0.0038552678 2.4873996e-05 0.38294286 0.020283813 -0.09360362 -0.25380084 -0.31358144 -0.23867963 0.025536507 0.1341232 -0.060313597 0.1628002 0.14635043 -0.1836556 0.10224357 -0.23819464 0.16562125 -0.033002533 0.43252695 -0.05011484 -0.047274414 0.08427336 -0.099765755 0.07041323 0.024761755 -0.18425463 0.056441505 -0.034679897 -0.15432997 0.03927794 -0.092553705 0.08227096 -0.24148056 0.054702062 -0.16138877 -0.12012158
SUR 0.12989332 -0.09775414 0.13849072 -0.20198447 0.10510558 -0.083883904 -0.08590394 -0.0017421996 -0.12646528 0.18753855 -0.05331473 -0.32757118 -0.12701203 -0.043046918 -0.043459687 0.020768568 -0.075060144 -0.027036322 -0.4151713 0.1059505 0.11797559 0.09693071 -0.051653404 0.072896406 -0.11709717 0.09498667 0.07852937 0.067943744 -0.1805377 0.0638161 -0.29308784 0.2470364 0.03644994 0.023892313 -0.25327015 -0.062751025 0.033781223 -0.04900192 0.12756014 -0.20646293 -0.045151114 0.2564549 -0.3025037 -0.050649084 -0.12977491 0.047552492 -0.26605797 -0.0627888 0.017955443 -0.15308695 -0.24493195 -0.037160363 -0.14967553 0.0380382 -0.006597418 -0.09224736 0.3323358 0.15341495 -0.1955106 0.003146646 -0.042301275 0.36038578 0.2197467 0.03730392 0.18925427 -0.1419553 -0.0668619 -0.013471242 0.21659505 -0.34330392 -0.17408675 0.126501 -0.12211334 -0.26345086 -0.123782314 -0.03605577 -0.099099375 0.034509253 -0.2598066 0.34559134 -0.16666661 0.07430564 0.23310296 0.05605966 0.015854774 0.11242612 -0.14164786 0.0010588132 -0.3364726 -0.0026960466 -0.13536748 -0.20016704 -0.034922995 0.29999316 -0.0833052 -0.018319005 -0.3385241 -0.024674544 -0.25869864 -0.20393188 0.09477547 -0.11501778 -0.26527673 0.35549924 0.23054013 -0.14900917 0.06705287 0.29051894 0.44091472 -0.0566149 -0.11581148 -0.17670535 0.06492838 0.21743849 -0.31409928 -0.0075325905 0.13096614 -0.065863356 0.13744166 0.23417036 0.0999287 -0.14323486 -0.29147056 0.15659294 0.021267558 0.116631374 0.05929683 0.10148755
TKM 0.030102365 -0.14219138 0.25146344 0.16564335 -0.14810456 -0.17190504 -0.0585139 -0.04531237 -0.11678792 0.17579071 0.11757791 -0.075374566 0.122306965 -0.2261293 0.12038846 -0.08625005 -0.14134866 0.3387937 -0.067398116 0.050469145 0.057662953 0.25483608 -0.04569837 0.24100888 -0.00080578856 -0.12822409 -0.14021109 0.0072884103 -0.24842474 0.072670795 -0.07431936 0.25466585 0.16626114 0.044969596 0.01640797 -0.037329935 0.11674215 0.14770178 0.03977501 0.06630957 -0.2353617 0.08990488 -0.045214005 -0.057769112 0.07155489 -0.18856451 0.103099674 0.17866711 0.16689764 0.21571378 -0.062477108 -0.21137738 -0.28760582 0.009006247 0.10720107 0.07819267 0.24177463 -0.17254321 -0.03923452 0.008698011 0.13648964 0.31502736 0.27365178 0.3096434 0.14569499 -0.25473782 -0.0024037776 0.17729715 0.3377078 -0.0930689 -0.053296935 -0.07827439 -0.14650804 -0.3764471 0.009642205 0.081362635 0.042110804 -0.15504052 -0.08461926 0.14121157 -0.018548414 -0.08358601 0.2824289 0.31989542 -0.2300752 0.29593903 0.22737953 -0.024519796 0.031930633 -0.049784835 -0.13024886 -0.23350014 -0.20017049 -0.03416747 0.5143899 0.25896657 -0.2553109 0.078785375 -0.11185839 -0.14185378 0.14185923 -0.0803284 -0.065056525 0.36179602 -0.0037539434 0.13028118 0.37311396 -0.020588068 -0.019508574 -0.0026687812 0.18127061 0.097817294 0.11445127 0.15156287 -0.35401857 -0.15195744 0.08178916 -0.18832336 -0.0030691652 0.061115697 0.069317125 0.08618019 -0.34653452 0.016598798 -0.08489454 0.25933003 0.004448519 0.12159805
AIA 0.2613215 -0.07557839 0.04933283 -0.017897567 0.1381445 -0.30726042 -0.33429417 0.13857071 -0.0812329 0.2347781 0.43943447 -0.06228776 -0.019411149 -0.12564006 0.11545999 0.10120469 -0.16926473 0.06717487 0.061575938 0.06856927 -0.018694513 -0.2043476 0.0064104693 -0.35347235 -0.13763495 0.21203983 -0.0022459272 0.16246685 0.08749611 0.040718503 -0.08163663 -0.08770153 0.05468534 0.29486847 -0.06175605 0.08245478 0.2374124 0.03480613 0.24483168 0.050856706 0.054741085 -0.062009353 0.09163924 -0.11580119 0.30794218 -0.15212026 -0.08032531 -0.26797295 -0.005372837 0.21787184 0.11931342 -0.056421347 -0.023656413 0.3038184 0.11604944 -0.23861246 0.24663074 0.04124755 0.020921668 0.2404104 -0.0057193353 0.28854722 -0.015845882 0.14591193 0.14855286 -0.09665526 0.07987257 0.25136915 0.076796085 0.035820704 0.07545792 -0.16630481 -0.17632188 -0.19655597 0.16330566 -0.19151685 0.19674577 -0.060477868 -0.2940352 0.17432825 -0.16998123 -0.2280745 0.08963252 0.31750306 0.14552242 0.022126265 0.13440697 -0.25572655 0.011102329 -0.099898316 -0.13456509 -0.032361127 -0.047559917 -0.27840194 0.28367817 -0.07859508 -0.021146849 -0.24116668 -0.1390277 -0.028950535 -0.10327034 0.046305202 -0.08377051 0.09194018 -0.0068625864 -0.21720327 0.07015048 0.13566145 -0.02972267 -0.07918587 0.005363892 0.12996519 -0.030406943 0.15026827 -0.14419019 0.05902769 0.19123857 0.021719836 0.025124967 -0.05736185 -0.297354 0.105848886 -0.22059314 -0.126846 0.015301691 -0.07750352 0.10978448 -0.02475667
PNG 0.41430435 -0.031348586 0.3747693 -0.27085662 0.42574692 -0.188401 0.045295697 -0.04204159 -0.03630902 0.39508197 0.2740217 -0.5278668 0.012396234 -0.4917565 0.08949493 0.25985822 0.10953245 0.01582802 -0.31493747 0.34105548 -0.017417105 0.16831985 0.020004142 -0.1665735 -0.29999232 0.22452858 0.019879391 0.40188307 -0.22015877 0.21131916 -0.120406196 0.15233871 -0.22420108 -0.23321143 -0.1313825 -0.03925082 0.15656415 0.13101044 -0.0016274395 -0.02159768 0.092879154 0.14702818 -0.18374932 0.01973273 0.3000815 0.30377853 -0.14427447 0.005612498 -0.0135965245 0.08045541 -0.18845378 0.03660925 -0.09292964 -0.002086123 -0.106148556 -0.33141622 0.3525771 -0.06501011 -0.27999833 0.14190282 -0.12757477 0.1826531 0.14199558 0.26268288 0.26804462 -0.1152556 0.01587126 -0.0028119083 0.1653106 -0.15266831 -0.25872052 -0.07075291 0.028746463 -0.07098171 0.014131874 -0.3504381 -0.16487491 -0.11056693 -0.31432775 0.07572933 0.07720027 0.0044132075 0.2559174 -0.08484481 0.13004564 0.32435554 -0.011386265 0.032291267 -0.27160496 0.047831833 -0.43105173 -0.037343115 0.043171365 0.13417242 -0.23799317 0.123950295 -0.1349888 -0.15481137 -0.1493296 -0.43893406 0.006801156 0.07024059 -0.13657767 0.5174789 0.13139434 -0.27664202 0.10470789 -0.2977518 0.13036013 -0.20938675 0.12790199 -0.19114432 0.045281388 -0.033229854 -0.026559765 -0.26050332 0.22092676 -0.25099006 0.0020215663 -0.17060992 -0.10842605 -0.31043255 -0.16970727 0.21349713 -0.10562043 0.10630603 -0.2610764 0.18985848
IRQ 0.1614171 -0.32960805 0.16963342 0.13848732 -0.14439559 0.05142397 -0.30285126 0.05876336 -0.07344689 0.243865 0.110328265 -0.09952907 0.31085864 -0.13133122 0.2264264 0.13714345 -0.48551258 0.22123283 -0.06206656 0.052204184 -0.08895538 -0.1628946 -0.02420755 0.26239875 -0.15216835 0.09855288 0.11925369 0.11323707 -0.06687082 0.1284382 -0.07257379 0.08680116 0.12402721 0.034154076 -0.074886054 -0.189653 0.010673853 -0.017828874 0.17705238 0.107382394 -0.020741435 0.18904057 0.05623852 0.09808636 -0.08545753 0.0030115447 0.12769 0.03307736 0.3733308 0.12527642 0.21848188 -0.15764508 -0.37973797 0.109958105 -0.072712325 0.07552007 0.20827712 -0.29471055 0.21593486 0.16174832 -0.01597377 0.26934075 0.061009854 0.5175749 -0.028696956 -0.08453851 -0.06253027 0.12464487 0.23361409 -0.07235791 -0.02880908 -0.19189651 -0.35715804 -0.18041971 0.32021466 -0.1638221 -0.07618283 -0.11054578 0.106840655 0.4205116 0.09098341 -0.3976944 0.46721196 0.31263053 0.2125145 0.06325498 0.0066062445 -0.06295294 -0.076955445 -0.1158248 -0.327442 -0.085648805 0.21380097 0.3013428 0.46864247 0.009737906 -0.2281326 -0.02870424 -0.166177 -0.22500776 -0.00086963596 0.2489672 -0.06074238 0.15050317 0.00280184 -0.1115789 0.17217417 0.031584453 0.14124905 0.012673272 0.40993327 0.0704012 0.070117876 0.12189285 -0.27523297 -0.17803389 0.2527549 -0.25456652 0.14272876 -0.10072245 0.02655327 0.057077706 -0.10909063 0.05152333 -0.45639652 -0.033397067 -0.06938248 -0.108766235
GUM 0.22101127 0.047541425 0.08289433 0.09555816 0.24193981 -0.2957189 -0.57551306 0.12517813 -0.16457169 0.391057 0.64338136 -0.17531617 -0.14053693 -0.17830986 0.28277937 0.029532935 -0.31816527 0.103558764 0.045662954 0.1285578 0.08047778 -0.03508197 0.061150376 -0.4667556 -0.15131989 0.24691114 -0.21528344 0.24272728 -0.017022269 0.22088176 0.0017029748 -0.13775511 0.18437609 0.42673862 -0.15931244 0.047199894 0.37012511 0.03504423 0.39549303 -0.009964692 0.12662622 0.06180572 0.35717934 -0.3250878 0.28941637 -0.14613712 0.104271166 -0.36286208 0.07620775 0.29156598 0.3310112 -0.15279397 -0.23480834 0.08985969 0.25597632 -0.2427627 0.36410245 -0.17374767 0.0650496 0.15313272 0.14179496 0.44493487 -0.17316645 0.087085314 0.21706821 -0.13379283 -0.04901703 0.28550345 0.21679828 -0.020792743 -0.15658733 -0.29766467 -0.07375629 -0.34829894 0.31531933 -0.31388205 0.41932118 -0.063023984 -0.52805114 0.24615872 -0.19470707 0.041838422 -0.09901745 0.5278167 0.17321911 0.040593773 0.3590906 -0.13512152 0.16250567 -0.0134416055 -0.4291474 -0.08374862 -0.18007937 -0.41114038 0.6254854 -0.099298894 -0.06484756 -0.47840142 -0.28921142 -0.23966159 -0.09365133 -0.0703516 -0.029778339 0.16767634 -0.0661029 -0.31576985 0.112143144 0.18874392 -0.08808817 -0.14981703 0.11026987 0.031140806 -0.21889211 0.16547586 -0.21504004 -0.115745395 0.026257083 -0.14684746 -0.012984445 -0.17641549 -0.3415044 0.33198848 -0.40504912 -0.15599929 -0.0426694 -0.0009702835 -0.08749799 -0.059813812
GNB 0.17922905 -0.20222607 0.08241174 -0.19192477 -0.01445267 -0.06779165 0.0057357987 -0.28792116 -0.011332215 0.5971918 -0.05574694 -0.17730652 -0.23436892 -0.24781644 -0.113106556 0.29111004 -0.1675085 -0.27087343 -0.48015577 0.25195238 0.13786274 0.29016677 -0.32064354 -0.05896393 -0.22839689 0.27294594 -0.2810306 0.029327367 0.3464013 0.13641953 -0.39950612 0.338316 -0.29040232 -0.04498625 -0.11506068 0.060872573 0.42118832 0.09846649 0.09852061 0.038709342 -0.17114784 0.14684437 -0.26557818 -0.119286455 -0.009931678 0.124030046 -0.3984204 -0.21196061 -0.31570873 -0.19507352 -0.15574531 0.21354796 -0.12633383 0.11829959 -0.04696685 0.00457357 0.2816878 0.11622345 -0.3063397 -0.2205343 -0.35031414 0.24326438 0.29700002 0.35180625 0.25422168 -0.16429982 0.04536946 0.022783883 -0.161088 -0.59732586 -0.18487583 -0.053500395 -0.4816553 0.08550063 -0.3058409 0.114542976 -0.021432273 -0.11328706 0.101417735 0.4151473 -0.25805217 -0.3839233 0.27606446 0.23913659 0.124536 0.18342996 -0.079309925 0.04138446 -0.11282921 0.053778283 -0.420766 -0.30518115 0.10658227 0.16075663 0.13027927 0.12438055 -0.319582 -0.19477887 -0.27922204 0.053240344 -0.23020422 0.047425114 -0.2771531 0.20840426 0.18370506 -0.059263498 0.20976412 -0.0030178467 0.070702754 -0.34013548 0.027874649 -0.41816357 -0.041859947 0.16862866 -0.13937001 0.20021576 0.04798892 -0.034318402 0.13272029 0.17658651 0.07172615 -0.25309193 -0.19488652 0.44955328 0.03079891 -0.25348288 -0.009157959 -0.06534388
AFG 0.116475284 -0.37004876 0.046293706 -0.08893848 -0.24305785 -0.091477014 -0.18389186 0.032046102 -0.08781118 0.30567476 0.20005132 -0.1553311 0.3224538 -0.07789725 0.22209331 0.08886477 -0.21932241 0.20837024 0.007086766 -0.014744919 -0.05547665 -0.12758878 -0.061467458 0.24743223 -0.2052771 0.09585236 0.31905928 -0.08416775 -0.020819984 -0.051915184 -0.06182226 -0.02655491 0.041494366 -0.01395152 -0.080479324 -0.050904278 0.016446788 -0.058019575 0.11021951 0.08476675 -0.12148605 0.08527878 -0.19638588 0.009633552 0.055533648 -0.124060735 -0.11793927 -0.048271153 0.17744441 0.30644602 0.073131666 -0.104347914 -0.21041383 0.12405783 -0.02634916 -0.059672184 0.047966268 -0.12986916 0.04013903 0.18201676 0.03723597 0.38549623 0.120915025 0.5845553 -0.07917656 -0.100663014 -0.05918835 0.054692313 0.2937626 -0.15187787 0.07140826 -0.16517785 -0.3641541 -0.35599378 0.23233168 -0.08072426 -0.022358473 0.010884297 0.077067375 0.31061432 0.20959482 -0.28510657 0.44120094 0.30950594 0.050236106 0.06096604 0.014006218 -0.08628015 -0.10430983 -0.060561176 -0.06782598 0.011242831 0.12031309 0.064382665 0.5338442 0.102383256 -0.17942208 -0.13394025 -0.1140256 0.008846996 0.16015133 0.14889589 -0.27864847 0.25330722 0.19449545 -0.03363966 0.05730312 -0.007799383 0.21841414 0.019781295 0.23716098 0.13517451 0.07209354 0.116865456 -0.24282722 -0.051782493 0.27936018 -0.29819822 0.05716913 0.09260741 -0.06892386 -0.012504906 -0.15700676 -0.027294714 -0.26941425 0.008753291 -0.02935654 -0.11563157
SDN 0.35502145 -0.43451363 0.0658905 -0.32875022 -0.27102575 -0.06162653 -0.12661868 0.04866692 0.089507945 0.38659728 0.071669206 -0.24457388 0.2940091 -0.13162602 0.15403645 0.027355937 -0.088033706 0.1356562 -0.08231962 0.0059024645 -0.006132501 -0.10930644 -0.030931331 0.15460823 -0.14545 0.18339781 0.31104672 -0.19941168 0.14027464 0.17891361 -0.11177141 -0.056910522 -0.2198514 -0.014809201 -0.11022607 -0.12560594 0.11251455 -0.10808229 0.21647017 0.13601783 -0.22798257 0.061207943 -0.36746955 0.00900335 0.17742458 -0.1224341 -0.3101711 0.0011844935 0.053254046 0.37995964 0.09992989 -0.124629945 -0.17545593 0.10350779 -0.16705695 0.031025428 0.10526622 0.028641198 0.054558396 0.10341525 -0.16372277 0.39239573 0.09550238 0.67974234 -0.133849 -0.2855582 -0.2339725 0.10720761 0.16931856 -0.34419397 0.14420229 -0.2494155 -0.31344953 -0.27479547 0.1210951 -0.18140195 -0.0382688 0.06439008 -0.0036294535 0.2781529 0.27165294 -0.26659676 0.42079666 0.27675784 -0.0056764563 0.18241736 0.034284655 -0.06565896 0.037916567 0.122138545 -0.08128217 -0.00484368 0.08321127 -0.017993359 0.45600337 0.13661969 -0.13823122 -0.07116566 -0.13343199 0.05622386 0.2553462 0.18326865 -0.3127231 0.30668616 0.38004783 -0.14411665 -0.10825799 -0.25620458 0.11205928 0.08789494 0.24045542 0.015359329 -0.04518434 0.17117855 -0.27852026 -0.0414503 0.17126907 -0.4301389 0.1486801 0.04245425 -0.15848334 -0.22777684 -0.072485276 -0.004181507 -0.21185963 0.0631624 -0.14949596 -0.11795632
TON 0.59261656 -0.001846867 0.1672946 -0.24446616 0.43496096 -0.21272883 -0.111094184 0.110035434 -0.14671159 0.44768572 0.37116194 -0.5106235 0.02094284 -0.54535156 0.076205485 0.25235218 0.053904418 0.11979478 -0.052258503 0.28560975 -0.063277096 0.08944595 0.017627586 -0.43278715 -0.22615251 0.19343434 -0.02879908 0.26244903 -0.34327388 0.2811726 0.023024233 -0.0038928215 -0.3488959 -0.1894878 0.01447796 -0.14456944 0.067458674 0.12280962 0.07359177 0.048897564 0.22959226 0.10162315 -0.035956863 0.0872183 0.42416346 0.24003789 -0.25975376 0.04757025 -0.14293012 0.21572801 -0.048026748 -0.006401048 -0.048906684 0.10232674 -0.022258723 -0.36345792 0.3298305 -0.10415552 -0.17550778 0.3198383 -0.0370859 0.088940114 -0.09275244 0.4347557 0.24585143 -0.25800732 0.093980625 0.20406151 0.047361165 -0.043136705 -0.13503306 -0.16409887 0.28688374 0.015188886 0.17490093 -0.4376329 -0.23860072 -0.07006867 -0.45367151 -0.12283257 0.15747705 -0.09720392 0.09593268 0.0593079 0.12602288 0.3301316 0.12685385 0.1185461 -0.15734029 -0.03497536 -0.32253197 0.11243913 -0.012195554 -0.15451045 -0.012105815 0.1478251 -0.1280143 -0.33809808 -0.2013547 -0.4248596 0.009989756 0.19086425 -0.10756493 0.40705213 0.27104068 -0.5059171 0.15033858 -0.3907176 0.0637429 -0.06976138 0.32289952 -0.0791767 -0.05645121 0.014126884 -0.11927261 -0.051520567 0.2335376 -0.15761925 0.003787438 -0.23390464 -0.3233136 -0.2592432 -0.1813409 0.07548765 -0.11809826 0.13540938 -0.14630093 0.17865135
ANT 0.26192093 -0.18016024 0.22992933 0.1797554 0.23177081 -0.31436676 -0.51020235 0.09955375 -0.13024823 0.28002527 0.37325653 0.18353759 -0.25091177 -0.1456521 0.2995817 0.1918829 -0.16517623 -0.0050293747 -0.007647966 0.07015476 -0.08993582 -0.21033242 -0.1540784 -0.26657185 -0.21463731 0.3625119 -0.048533127 0.23050947 0.13179737 -0.24608308 -0.026218358 0.0055896305 0.15530291 0.5021449 -0.16298492 0.24469702 0.3797961 0.01718701 0.17131935 0.016749531 -0.054421227 -0.059466224 0.22322418 -0.18218482 0.3261431 -0.09383424 -0.035339523 -0.11152122 0.07924082 0.2387048 -0.09077537 -0.05828439 0.12148321 0.446807 0.19893475 -0.2599356 0.35708916 0.1810925 -0.027011707 0.26671618 -0.12983343 0.1520609 0.1546027 0.09739794 0.32385024 0.09476824 0.22774713 0.24363777 -0.029424515 0.11783171 0.12512915 -0.20164615 -0.3046968 -0.20948826 0.14838909 -0.0674585 0.25289327 -0.20156096 -0.2047193 4.5989524e-05 -0.34349218 -0.23438658 0.0058264555 0.34026015 -0.10200553 0.04907877 0.28777954 -0.2902813 -0.056757223 -0.1213275 -0.15496573 -0.21783972 0.06862039 -0.3505575 0.26141354 0.08751793 0.00017800924 -0.3087586 0.06893792 0.026629627 -0.32204497 0.005134176 0.10457503 0.06378207 -0.07681266 -0.03149353 0.12389241 0.32169703 0.07443031 -0.24479514 -0.32872525 -0.006760656 0.13761948 0.14284831 -0.007586028 0.106683575 -0.016312767 0.18344948 -0.1260165 -0.08158799 -0.14687248 -0.04671163 -0.009264972 -0.09632173 0.10141121 -0.0014502363 0.33557114 0.07932385
MNG 0.013628173 -0.23015092 0.15343113 0.03250131 -0.003399625 0.022328058 -0.2276167 0.06940744 -0.15430695 0.1307684 0.016380057 -0.08689923 -0.026164271 0.0002336774 0.038408913 0.05571644 0.042059734 0.033273213 -0.16859981 -0.17273718 -0.024510575 0.09081241 -0.08507773 0.07912023 -0.052099347 0.0075089782 0.030055579 0.006111022 -0.14618345 -0.17255746 -0.015030717 0.08587819 0.24123326 0.25425774 -0.20339656 -0.035069305 0.18994255 -0.063610606 0.0138312485 -0.14399078 -0.0641711 0.18238235 -0.095565036 -0.15032887 -0.054582354 -0.023552243 -0.18532982 0.022468554 -0.043213084 0.040210657 -0.28868827 -0.08646682 0.07766169 0.12442743 0.11764106 -0.1067661 0.28414196 0.09228086 -0.11679873 0.088312015 0.05746844 0.20710938 0.23400919 0.13481466 0.14747034 -0.081713215 -0.00073723646 -0.017124828 0.1354484 -0.12559044 -0.00979608 -0.04858721 -0.16227305 -0.27878118 -0.057861622 0.004252721 0.010170379 -0.02635047 -0.20702371 0.074943975 -0.13134345 0.10388927 0.0848839 0.16811848 -0.108673126 0.14324135 0.0027219085 -0.0111585595 -0.1710888 -0.012380273 0.011530682 -0.10763408 -0.046415884 0.11014932 0.11896846 0.024870345 -0.15398197 -0.21807459 -0.26078275 -0.08775362 0.07433364 -0.09577826 -0.14332987 0.16973947 0.2991915 -0.18030183 0.06968675 0.44424716 0.46821442 -0.074243546 -0.052967153 -0.058018956 0.1911986 0.25950208 -0.23075102 -0.03321656 -0.011697856 -0.037771635 0.039157573 0.15142776 0.13115992 -0.19915725 -0.1863652 0.014812392 -0.032011826 0.34651718 0.15522888 0.08096251
NPL 0.37474182 -0.35770908 0.30896994 -0.27819058 -0.08813018 -0.16807875 -0.15861246 -0.06743404 -0.038303852 0.41162485 0.2683803 -0.3052223 0.11664463 -0.26947016 0.19618255 0.22581461 -0.043252517 0.09038384 -0.19230033 0.13162464 0.055759218 0.061243866 -0.11920247 -0.093079306 -0.08304812 0.093209326 0.043265454 0.0527015 0.13604185 0.30357277 -0.07022926 0.057785857 -0.05616229 0.060427815 -0.041051053 -0.083005905 0.28566036 0.12889884 0.06552585 0.13273227 -0.25185287 -0.019483402 -0.094567135 -0.08759308 0.23662241 -0.038416374 -0.15047811 -0.1725164 -0.0805283 0.3606634 0.053268034 0.032153785 -0.13780954 0.12412318 -0.053308252 0.028494952 0.124404 -0.08519746 0.041583262 0.16377768 -0.065651484 0.27753985 0.15523164 0.3194581 0.0060222596 -0.16570146 -0.22536725 -0.012735678 0.15644267 -0.14536136 0.061338726 -0.28943747 -0.21882331 -0.15098585 0.11436309 -0.18244472 0.018272506 -0.00023555546 0.013803067 0.09056511 0.1952905 -0.28535032 0.22796892 0.2665691 0.05978469 0.23514922 0.07947125 0.030747969 -0.017668463 0.021867372 -0.33793905 -0.000643766 -0.005987264 0.004521127 0.26575387 0.13388771 0.021837333 -0.020954458 -0.09918204 -0.064821005 -0.01219256 0.17548709 -0.16986002 0.27631462 0.06263933 0.07694349 0.03501656 -0.29241225 -0.051580764 -0.06434621 0.17943487 -0.028090172 0.004204355 0.08747051 -0.0032363443 -0.0031529588 0.08202616 -0.31267497 -0.03885868 -0.054395918 -0.18401606 -0.09303984 -0.030751977 0.14162377 -0.10925527 0.028089358 -0.2720636 -0.1214528
TCA 0.28766608 -0.20631395 0.05452667 0.021591345 0.22096124 0.09371293 -0.23773767 -0.019257978 -0.068140276 -0.08352145 -0.2447596 0.061631817 -0.23906471 -0.06500007 0.15043376 -0.09550953 -0.16477089 -0.18380201 -0.35219303 0.22410537 0.026463406 -0.06399827 -0.11977525 -2.5607696e-06 -0.11109413 0.4021812 0.014860572 0.06190455 0.020076148 0.10776055 -0.25847533 0.2660788 0.14874922 0.060139745 -0.244391 -0.010676329 -0.08358104 -0.051848844 0.16738248 -0.33075923 -0.03126749 0.30754948 0.12137355 -0.13132814 -0.033856124 -0.06951858 -0.11552752 0.13383515 0.18581447 -0.20703088 -0.138456 -0.37262088 -0.09776892 0.2447083 0.23649001 0.0022140157 0.44601652 0.004432037 -0.08486053 0.05776944 -0.31615376 0.25945902 0.067896046 0.13616925 0.117531165 0.026763735 0.059026502 0.0651753 0.03670974 -0.02781226 -0.12426981 0.2799374 0.10551561 -0.23090331 -0.066144414 0.05418864 0.02733456 0.021948779 -0.52931505 0.22072525 -0.3473289 0.16977315 -0.12681179 0.051057547 -0.07431322 -0.048606608 0.007603868 0.13440455 -0.07398943 0.12042859 -0.26973796 -0.3413704 -0.052352242 0.07041984 0.21133466 -0.061448272 -0.3576961 -0.23815703 -0.2678325 -0.08020812 -0.09162801 -0.031420413 -0.03040438 0.15595141 0.21806881 -0.1902623 0.08067379 0.49617 0.2582313 -0.04653839 -0.18050046 -0.39198536 -0.21179962 0.29275814 -0.3321356 -0.022945525 -0.12485634 -0.12028736 0.111085266 0.22479929 0.0743454 -0.25001884 -0.23530598 -0.028993273 0.26702794 0.07753075 0.23007752 0.037612587
FRO 0.13003333 -0.40323687 -0.030355232 -0.13782895 -0.17593113 -0.105290264 0.047556248 0.09811348 -0.066295676 0.112650774 -0.007882907 -0.21261764 0.20064272 -0.0065573636 -0.010054405 -0.04077017 -0.00020356278 -0.073576145 -0.19699484 -0.047629103 0.07802622 -0.047427405 -0.13427049 0.08511982 -0.07640592 0.16365132 0.15415688 -0.124718435 0.10697175 -0.109330684 -0.24996859 -0.012192243 0.05040017 0.11130482 -0.2775934 -0.1474301 -0.057762172 -0.23059113 0.2306034 -0.10922845 -0.30823618 0.13160257 -0.32888934 -0.107544936 0.00800942 -0.15662524 -0.3463721 -0.03672237 -0.025973303 0.06320111 -0.08047444 -0.26650816 -0.09956237 0.16200407 0.10617067 -0.14265926 0.27328888 0.036628842 -0.088545695 0.09338388 -0.059177432 0.35654977 0.13480212 0.2587027 -0.062434968 -0.2597635 -0.023791108 0.11819161 0.13241087 -0.33836085 0.100791715 0.063426316 -0.3807847 -0.3286206 -0.026491156 -0.021400824 -0.090793625 0.118336365 -0.23854305 0.31754583 -0.08718178 -0.10629478 0.3985073 0.18008883 -0.0375948 0.056061894 -0.14830619 -0.054503664 -0.044799518 0.17830117 -0.07544931 0.040781606 0.039505593 0.18225409 0.2271827 -0.15305072 -0.19264916 -0.100919314 -0.28547004 0.05309831 0.2661134 0.020088425 -0.30023396 0.28864032 0.33893302 -0.1376779 -0.15044136 0.36009625 0.6364921 0.14045337 0.018588778 -0.018192124 0.05347189 0.36057243 -0.5178579 0.044902 0.1520471 -0.3157475 0.29978248 0.3763475 -0.07020574 -0.28179932 -0.22078662 -0.070948616 -0.000543294 0.093642 0.26303077 -0.033337906
GEO 0.23746379 -0.17839167 0.32231638 -0.009545933 0.09799484 0.17120753 -0.41377148 -0.004312662 -0.16222997 0.15002578 -0.27191252 -0.04840255 -0.15616852 -0.06949142 0.04854676 -0.07719569 -0.06410554 0.105488494 -0.27475226 -0.0629861 -0.056944165 0.20887811 0.06506339 0.39855918 -0.070302196 0.25729886 0.017221646 -0.06598564 -0.39870113 -0.17781751 -0.008308343 0.26234928 0.123652406 0.13824339 -0.25773048 -0.020698093 0.1265594 -0.04644312 -0.07348496 -0.2532447 0.006105824 0.34602052 -0.05616063 -0.14695355 -0.14739348 -0.015623563 -0.10215596 0.3898047 0.1084609 -0.0281292 -0.5120782 -0.28387108 -0.08006325 0.056027405 0.11685599 0.00877762 0.44401035 0.12981786 -0.19204701 -0.035661817 0.00015100994 0.19720551 0.21213941 0.3818744 0.16959503 -0.10757947 0.02635424 0.16145173 0.15026048 -0.24066976 -0.09928651 -0.04131793 0.07929173 -0.3562775 -0.26616073 0.116277985 0.0976577 -0.19866072 -0.31302023 -0.040208515 -0.14190316 0.2385295 0.014932672 0.047153335 -0.4086205 0.23028988 0.09653252 0.033528578 -0.14484526 -0.040048778 -0.057668366 -0.2533657 -0.13286605 0.08776572 0.23901682 0.23741512 -0.39483598 -0.14107518 -0.25375524 -0.028425843 0.11974365 -0.08049765 -0.16823278 0.2767691 0.40499195 -0.25932577 0.29933858 0.47282612 0.23010111 -0.14103265 -0.19441424 -0.24107113 -0.035656307 0.27129012 -0.3368767 -0.1002002 -0.15455118 -0.071086794 0.03697467 0.0143578695 0.26993626 -0.2982282 -0.22025204 0.04756816 0.04623502 0.48763224 0.103587165 0.25724816
