182 128
RUS 0.100886315 -0.034337558 0.15985745 0.2349599 0.06394831 -0.04133301 -0.18252772 -0.10217668 -0.2636359 -0.19252291 0.31759796 -0.0067517087 -0.23535374 -0.023239644 0.13283883 0.19700378 -0.059748884 0.06509917 -0.011347897 -0.16792066 0.16884421 0.3338511 0.019123748 -0.3077687 0.009842081 -0.034464143 -0.028474232 0.1085466 -0.12885194 -0.086804256 -0.050539352 -0.035723403 0.18694839 0.06290837 -0.123568036 0.26125526 0.32003048 -0.16717893 -0.010850222 -0.10917954 -0.03800504 0.14268753 -0.0021841316 -0.28574187 0.02522875 0.08278566 -0.30110106 -0.065817565 -0.10509424 0.12721406 -0.039626546 -0.110010445 0.07778171 0.017339783 0.11733596 -0.10485767 0.4109646 -0.36892805 -0.37648228 -0.0897009 0.064136006 -0.18100649 0.113875195 -0.14516512 -0.022231815 -0.04032171 0.29481247 0.1549171 -0.11990927 -0.12404173 0.029176911 0.009571859 -0.24225098 -0.22852808 -0.016092848 -0.0023301311 0.044521783 0.12340429 -0.07583803 -0.05165008 -0.072322406 0.019782897 0.1274675 0.20812224 0.13840325 0.22826816 0.04677194 -0.16293469 0.0906534 0.1541584 -0.15538807 0.19789544 0.13516794 0.17041615 0.20591666 0.18881224 -0.11096632 -0.10784106 -0.06099949 -0.13029501 -0.0047808797 -0.17162068 -0.023565302 0.28436208 0.35067 -0.16429771 0.18796648 0.088016875 0.18633498 -0.25305447 0.056247123 0.013645124 0.21951643 -0.14249635 0.122873664 0.1031936 0.09563453 0.079589896 0.0074532577 0.018127076 -0.038653016 0.08520351 0.077539265 -0.1638823 0.032430567 -0.02866744 -0.21327145 0.2044033
ARE 0.04583835 -0.22606216 0.11930877 0.08780981 0.16176155 -0.11259825 -0.001530294 0.02524861 0.12874965 0.18446212 0.20708862 0.03222404 0.028257508 -0.0141941765 0.13546209 0.10862493 -0.17974292 0.010603919 -0.12972766 0.015690329 0.073200054 0.021826874 0.124824226 -0.087780036 -0.06563363 0.13001649 0.10481911 0.2529212 0.01083181 0.043693323 0.027534164 0.017586146 0.1483009 0.24828404 -0.1894202 0.015376468 0.26165867 -0.1559406 0.23206465 -0.10273326 -0.12422385 0.2535822 -0.09929047 -0.062405422 0.055086374 0.07097828 -0.15957785 0.14015691 -0.19231533 0.1537616 0.024219783 -0.047635794 0.090696216 0.20051624 -0.23451808 -0.017593259 0.067876995 -0.01516443 -0.20005338 0.16277644 -0.07060863 -0.088062435 0.14647001 -0.050421312 0.211045 -0.067639776 -0.072797544 0.17050985 -0.07068588 -0.08918303 -0.050976172 -0.19006862 -0.21282122 -0.1012859 -0.063950874 -0.140675 -0.08272355 -0.034556743 -0.19472116 0.29171476 -0.14009283 -0.17100328 0.0795138 0.3265477 0.119143285 0.065076455 0.20763028 -0.21439147 -0.012250861 0.056666862 0.031137409 -0.02009188 0.16599253 0.03044453 0.07535358 -0.08238539 -0.14295262 -0.23208714 0.0067951847 -0.1854274 -0.23845187 -0.1701897 -0.03349683 0.1211135 -0.07138455 -0.33372748 -0.025386734 0.27808148 0.1407654 -0.14075385 0.191797 -0.19229963 0.1357879 -0.05112404 -0.1922102 0.013184241 -0.10025995 -0.015567554 0.09109035 -0.3444937 -0.35950744 -0.06937203 0.05794315 0.036001496 -0.07955817 -0.09313943 -0.07220584 -0.040727157
USA 0.07969129 -0.1852437 -0.049828187 -0.1546003 0.17387068 -0.3510984 0.23723693 0.013855805 -0.16752394 0.17660865 0.1849181 0.038783956 -0.12536274 -0.08325625 0.38666645 0.07586136 -0.031724308 -0.15506327 -0.18665291 0.15667279 0.14683913 0.24105132 -0.06235697 0.02699523 -0.117037825 0.10982884 -0.2125353 0.22335511 0.096087456 -0.07905311 -0.16005358 -0.09822932 0.31792688 0.04669209 -0.2558515 0.012871664 0.08653283 -0.26673457 0.18592553 -0.1447479 0.05688512 0.1312178 -0.068459705 -0.04828904 -0.19182178 0.115458354 -0.079735436 0.10721 -0.034564868 0.07555625 0.2563941 -0.11956996 0.054367784 -0.23656929 -0.008858886 -0.11736123 0.13228032 0.12761237 0.029712008 -0.18675737 -0.071949534 -0.08802756 -0.12931842 0.11014421 0.22298771 0.017024858 0.25437558 0.14388171 -0.16770628 -0.27188948 0.091803715 -0.0108405845 -0.1707694 -0.015574394 -0.26976147 -0.2565157 -0.2173021 -0.089319386 -0.06444088 0.08576746 0.062378913 -0.34492284 -0.05617962 0.27936754 0.12049108 0.04848188 0.06298641 -0.20993854 0.07905291 -0.015276713 -0.19619589 0.093473166 0.0045764456 -0.1194898 0.318147 0.3489382 -0.08465159 -0.108128935 -0.11583903 -0.0041609695 0.018325489 0.09982506 -0.14262763 0.2806748 0.039144333 -0.1317434 0.11385283 0.1782766 0.11575232 0.16543329 0.0561211 0.18404756 -0.19307002 -0.059000015 -0.013022929 0.07910777 -0.06212892 0.1492792 -0.0021463851 -0.085683405 -0.33737636 -0.07894206 -0.084786676 0.13945472 -0.26324928 -0.04478583 0.056474797 0.20137514
SAU 0.04038594 -0.13730845 0.11778193 0.2311582 0.1462184 -0.13566141 0.025618441 0.09469164 0.08757915 0.17758638 0.23893729 0.033213805 -0.01893208 -0.08303316 0.22082 0.034952387 -0.10652131 -0.07336757 -0.22183552 0.06970043 0.07747099 0.17549573 0.07300587 -0.18816154 -0.12026416 0.1030075 -0.012497622 0.23726003 -0.054866564 -0.08471447 -0.058257684 -0.061613213 0.012817496 0.27416366 -0.1690307 0.05703658 0.26500675 -0.115036115 0.28003043 -0.14249267 -0.119963184 0.18769453 -0.06425818 0.02469618 0.0063378275 0.13309458 -0.080591604 0.2951579 -0.05185797 0.033593316 0.034989044 0.012997939 0.10459102 0.2969366 -0.077451326 -0.0346419 0.18059646 -0.11032594 -0.15961789 0.2266477 0.039125673 -0.1120402 0.2145127 -0.09767781 0.14956255 -0.068193085 -0.0777057 0.23082466 -0.11085486 -0.038665585 -0.113211 -0.038386792 -0.26331416 -0.019926041 -0.0402218 -0.10576155 -0.03033309 -0.049248364 -0.07852189 0.2088216 0.027017083 -0.13815156 0.00527455 0.34274992 0.116211765 0.103004925 0.12062012 -0.072105564 -0.09870828 0.0512849 0.06481695 0.05002293 0.10262214 -0.011969823 -0.0033424844 -0.16542737 -0.10768601 -0.20766556 -0.023401335 -0.068859346 -0.18632926 -0.1576786 0.13416159 0.1679309 -0.14698076 -0.2685923 -0.016216027 0.2469759 0.029445568 -0.16310318 0.19103579 -0.19506821 0.19964401 -0.015083405 -0.09788438 -0.1296801 -0.10631009 0.06574545 -0.027255755 -0.2898425 -0.18197733 -0.07323547 0.19468364 0.015768366 -0.030756902 -0.116761945 0.007073873 -0.14316846
ZAF 0.1098123 -0.20644496 -0.010671306 0.0025892425 -0.01658593 -0.5010881 0.11738617 0.1470342 -0.1257481 0.09830583 0.42311534 0.1293862 -0.17109779 -0.2990106 0.30459782 0.25463715 0.010297719 0.24748825 0.054711986 0.006685678 0.06621049 0.33132893 0.016633276 -0.3453827 0.0023226952 0.2437475 -0.010104773 0.069816925 0.119935565 0.11060293 -0.17004189 -0.2863953 0.08159665 -0.019347606 -0.27144623 0.34652594 0.047436245 -0.0022941658 0.058128197 -0.20168132 -0.15536417 0.07182474 -0.15937254 0.16655691 0.19730738 -0.26159397 -0.2763592 0.048054148 -0.064550504 -0.013791223 0.15396115 -0.15864064 0.13448387 0.15938191 -0.22223201 -0.1187568 0.07136419 -0.08022586 0.055491433 0.044180494 0.21362545 0.0930839 0.06837912 -0.15030818 -0.18355192 -0.078340046 0.03935436 0.2995933 0.08988389 -0.0067618587 0.12744708 -0.19411746 -0.1828588 -0.2568739 0.16360514 -0.14700983 -0.17715064 0.12555024 0.12904455 0.22003496 -0.31403273 -0.30053535 0.20017974 0.27158055 0.033839885 -0.09091324 0.118537694 -0.33726472 0.0056587453 -0.04876605 0.011400235 0.028778471 0.118450195 -0.08167343 0.43023607 0.11993914 -0.14297114 -0.23232861 0.124411464 0.052144438 0.012587765 -0.020798875 0.037044354 0.2663328 0.14831142 0.18115838 0.24998552 -0.25404826 0.08459079 -0.21641254 0.23473603 0.19345944 -0.08965712 0.09186292 -0.09235597 -0.29891482 -0.22071277 -0.15160012 0.01240603 0.25573787 -0.27106836 0.05157565 -0.059654083 0.020899434 -0.15581301 -0.18283652 -0.25501785 0.13322406
KAZ 0.10872384 0.05659005 0.20964913 0.27139524 0.11423622 0.13229845 -0.26106328 -0.115884714 -0.18665014 -0.17202902 0.14028975 0.010546879 -0.10709294 -0.05440029 0.13984634 0.062374074 -0.058200378 0.067502744 -0.08362159 -0.10026841 0.13301773 0.17689557 0.16705641 -0.21945532 -0.023588924 0.108546235 -0.090887554 0.00936008 -0.0038882894 -0.046119943 -0.07901365 0.0055372994 0.21004456 0.05618438 -0.08853086 0.061166152 0.2275845 -0.15338893 -0.133297 0.107830405 -0.08960618 -0.15460958 0.106381856 -0.23002534 -0.03437135 0.19894432 0.057091165 -0.16193327 -0.08916088 0.17278856 -0.07193258 0.082484215 0.039746366 -0.00061864953 0.047746968 -0.1872533 0.34656072 -0.107867256 -0.2791715 -0.20963854 0.037980776 -0.16909978 0.21061163 0.0011975856 0.10172394 0.007304401 0.34117788 0.23182337 -0.14138427 -0.08096919 0.13246046 -0.006858702 -0.4293452 -0.20809561 -0.10574449 -0.1328986 0.1407644 -0.023007121 -0.12928574 -0.11768501 0.115978464 0.015806645 0.16573381 0.44617802 0.16313826 0.35485327 -0.017517267 -0.12932423 0.018919827 0.081847504 -0.10986169 0.18231855 0.16068995 0.038992994 0.29649013 0.048449885 -0.03621974 -0.29376256 -0.044285245 -0.15453845 -0.18808933 -0.07196165 -0.16646257 0.13148563 0.24201693 -0.2103102 0.0688218 0.23985684 0.2033547 -0.26884598 0.13543363 -0.030413035 0.01784608 -0.03689797 -0.14302914 0.048155718 -0.20991315 -0.11783181 -0.0104595255 -0.09432841 -0.11988135 0.13029334 0.16254418 -0.01135291 -0.15744445 0.0012775038 -0.32864475 0.20280597
IND 0.08234898 -0.33957338 -0.094378546 -0.11042897 -0.023493405 -0.46116653 -0.08878273 0.09423505 0.2818799 0.31473786 0.30772996 -0.027677983 0.113296196 0.03592763 0.22739571 0.10695024 0.0032785512 -0.08209142 -0.025496366 -0.043137375 0.17018114 0.34751603 0.10285509 -0.15529458 0.06120975 0.3788562 -0.13959232 0.27285576 0.22076453 0.0065054395 -0.10949871 -0.27236325 0.092023596 0.20410638 -0.04379164 0.16385067 0.3636254 -0.12635876 0.32724568 -0.24106558 -0.221371 -0.009195651 -0.098846875 0.0030293257 0.19149852 0.086395904 -0.4298244 0.19464688 0.09658532 0.13214578 0.16987418 0.02474616 0.04456585 0.21724258 0.04477009 -0.12647767 0.06640872 0.22242306 -0.15541606 0.11353781 -0.24755104 -0.067743815 0.13991447 -0.186486 0.2803303 0.003522365 0.10283629 -0.01036177 0.05973824 0.16708942 -0.014762137 -0.08825948 -0.19951308 0.065827176 0.057843227 -0.22559458 -0.23687086 0.0015487755 -0.16012134 0.22294413 -0.35605934 -0.16606785 -0.06564646 0.119492345 0.11120725 -0.030835155 0.17094323 -0.14426312 -0.2760587 0.12666327 0.25007334 -0.098492555 0.12678148 -0.19677407 0.44054496 0.09635707 -0.24773507 -0.120976575 -0.08102044 0.012133369 0.0063656443 0.08775043 0.04407994 0.21685782 0.09291569 -0.10617593 -0.16856821 0.044487983 -0.11967485 -0.025120318 0.09317243 -0.0829435 -0.030690357 -0.011758082 -0.21757537 0.027611163 -0.19494359 0.102565296 0.02307651 -0.22397397 -0.16654353 -0.10546596 -0.18434677 -0.09395361 0.18782617 0.008658528 -0.01834067 0.25539327
GBR 0.086605825 -0.14901206 0.04951579 0.13773789 0.008031304 -0.20774831 -0.16776226 -0.018153269 -0.13433121 -0.15796046 0.18098241 0.049706925 -0.08227824 -0.057157975 0.10576444 0.04752249 -0.108465634 0.1901861 0.08051837 0.14687957 0.09797308 0.16224536 0.008598461 -0.30948743 -0.08469963 -0.014705302 -0.12861198 0.0051200544 0.17807835 -0.08477539 -0.13181862 0.024974274 0.24387182 -0.06257019 0.027619544 0.16592452 0.24632204 0.07994723 -0.02437172 0.10082445 -0.044300158 0.07414524 0.14053313 0.080450535 0.08084097 0.38093722 -0.18781424 0.070116214 0.040997256 0.03167725 0.007920632 0.11044716 0.19520676 0.07920688 0.0408396 0.036993474 0.08214412 0.040830858 0.003047683 -0.19582218 -0.024453273 -0.26118484 0.11505493 0.059476916 -0.07330509 -0.073583476 0.22828366 0.08187725 -0.064573705 -0.1722924 0.039691523 -0.11712459 -0.18141352 -0.2514774 0.057830036 -0.11288831 -0.13143821 -0.009246268 -0.28743026 0.06564618 0.025915883 -0.07592339 0.27803424 0.3449943 0.27682564 0.24735893 -0.10277742 -0.0020269132 0.029575964 -0.05837462 -0.18862665 0.08218422 0.12476838 0.269357 0.5184423 0.23470421 -0.043525565 0.056439023 -0.0021490362 -0.259596 -0.28996962 0.0026900258 0.08204927 0.3440586 0.2996913 -0.18543829 0.3730508 0.085763104 0.09357363 -0.22715409 0.19784105 0.037817154 -0.07456795 -0.062008616 -0.14145668 -0.16170004 -0.00801118 -0.47334698 0.03231018 0.28674945 -0.046788394 0.14472485 0.18019447 -0.044107944 -0.010762749 -0.29310194 -0.12571478 0.012902924
IRN 0.2301316 -0.056367334 0.062498495 0.2926834 0.04356071 -0.26519638 -0.25173977 -0.016858801 0.14719501 0.11905121 0.37967187 0.07266535 -0.07683385 -0.11717379 0.14540876 0.09240281 -0.035362404 -0.13505328 -0.083804995 0.032815143 0.2169747 0.19997716 0.16065823 -0.31986392 0.054780003 0.35945445 -0.16580778 0.13052124 0.017725468 0.07521829 -0.11538531 -0.15987416 0.08521918 0.17931104 -0.16316968 0.08317933 0.18603766 -0.17870477 -0.006226245 -0.09392736 -0.3116613 -0.12544395 -0.08282542 -0.15937856 0.16863807 0.08129895 -0.23767579 0.12801339 -0.09745038 0.17393166 0.021099992 -0.001145775 -0.10135245 -0.14259505 -0.011245925 -0.16329522 0.22547169 -0.13232984 -0.1675864 -0.07703841 0.011197196 0.031383917 0.1319538 -0.11801477 0.0057991296 -0.07722794 0.18671957 0.24834467 -0.10659162 0.041304935 0.009431535 0.031742737 -0.24550907 -0.12851763 0.075651534 -0.10722523 0.05847092 0.12692954 -0.0327291 -0.00795667 -0.11355715 -0.12938249 0.06529184 0.24495263 0.031831626 0.036205534 0.15421158 -0.09979949 -0.04007085 -0.00011124677 0.096622184 -0.022114579 0.17641154 -0.09197824 0.15747477 -0.07969003 -0.11936184 -0.408474 0.003118518 -0.14868353 -0.11406521 -0.051500563 -0.0025425425 0.2970466 0.15589121 -0.17506613 0.062315334 0.015713228 0.1439562 -0.14156803 -0.0021234786 -0.034264654 0.049126595 -0.04522942 -0.19014892 0.075358815 -0.22892895 0.1395461 -0.033616837 -0.12606698 -0.080931865 -0.09093314 0.07165362 0.016292464 0.0067344625 0.097495735 -0.15689823 0.08481799
ECU -0.08612775 -0.06552825 -0.041275185 -0.11488264 0.27053735 -0.2742979 0.07907019 -0.01767243 -0.094083816 -0.021302141 0.21433909 0.029812358 -0.17689776 -0.13025588 0.19557317 0.32956693 -0.18088776 -0.1379602 -0.1989132 0.30122805 0.07789156 0.09566233 -0.0020284706 -0.039705683 -0.22544521 0.070488445 -0.17511693 0.049581725 -0.00049274636 0.0072913263 -0.2872005 -0.10556882 0.31107056 -0.08128693 -0.17544357 0.09468236 0.26365793 -0.040008735 0.13006946 -0.20843495 0.28257817 0.10860739 0.28624988 -0.07518683 -0.25905982 0.3174846 -0.17854607 -0.081996165 -0.06839586 -0.00447611 0.10642591 -0.089043275 0.17465067 0.009910848 -0.04054243 -0.18357217 0.33888358 -0.028217128 -0.20060334 -0.19998734 -0.14415018 -0.3213345 -0.104920715 -0.107603654 0.22779311 0.072293155 0.17174889 0.12932521 -0.25672573 -0.22352229 0.0145604415 0.17442071 -0.1298618 0.32302415 -0.26545188 -0.1476974 -0.29767925 -0.18026425 -0.22413917 0.141242 0.012976525 -0.22692008 0.1166721 0.18205324 -0.03747559 -0.004195522 0.013636273 0.22887713 -0.08801266 -0.046273664 -0.12304658 0.18352985 0.13804878 -0.20117648 0.34525982 0.13776666 -0.058063254 0.13714927 -0.20428823 -0.14074422 -0.043113917 0.12140859 0.019322481 0.45381555 0.18204798 -0.24968375 0.22800955 0.27543494 0.09719429 0.14092928 0.4370638 0.09960355 -0.06438985 0.15537868 0.10494227 0.02498584 0.0022835385 -0.021149725 0.16772403 0.26166776 -0.11653461 -0.24513815 0.17913829 0.10718169 -0.15487997 -0.24176432 -0.05374167 0.19524425
NOR 0.08586789 -0.12343408 0.13699917 0.2262188 0.10245457 -0.09650735 -0.16154239 -0.021970056 -0.17420463 -0.022282038 0.39629802 -0.02367498 -0.19944403 -0.14772809 0.2663604 0.2910171 -0.050317414 0.31328824 0.04062801 0.18591338 0.00038518413 0.39793164 -0.09558487 -0.3453618 -0.04988319 -0.15432715 -0.16162923 0.04404374 0.056106586 0.11665345 -0.14183769 0.09285422 -0.033207625 -0.057432227 0.016168956 0.4183795 0.4729128 0.036872927 0.25151727 0.098418124 0.027953845 0.12969078 0.17964919 -0.064713754 0.09461049 0.26266605 -0.30465323 -0.13301046 -0.10690764 0.05978367 0.14440796 -0.019041462 0.10042733 0.10108132 -0.002610681 0.06745109 0.06671627 -0.09779351 -0.11134463 -0.04494294 -0.048614286 -0.21279164 0.014437955 -0.08539914 -0.045942705 -0.02308328 0.22473964 0.17081112 -0.020676425 -0.041092154 0.13428853 -0.19594468 -0.16414677 -0.22215852 0.15111735 -0.01427882 -0.10691623 0.0039505865 -0.27415088 0.085628726 -0.041699827 0.16195917 0.18233322 0.25714117 0.18134092 0.15588069 -0.049830925 -0.062381994 0.09576918 0.059201192 -0.17672063 0.01256987 0.07540397 0.1864941 0.39641863 0.067398876 -0.058525685 -0.017410623 -0.048962463 -0.34395608 -0.17515306 -0.15804492 -0.028419008 0.33777767 0.31329384 -0.17119339 0.38697594 0.026172565 0.14496057 -0.29612082 0.3457062 -0.07700957 0.037595157 0.03253444 -0.021331888 -0.085893385 0.16339345 -0.25285733 0.056496948 0.45274445 0.16838647 0.21157134 0.020520853 0.0030968958 0.019201728 -0.15925255 -0.31824392 0.060914885
NGA 0.007743462 -0.13859689 -0.040945712 -0.0693699 0.16660345 -0.27475253 -0.03200717 0.03556344 0.21207991 -0.04502585 0.20576394 -0.10629565 0.11732647 0.04401175 0.07114937 -0.1085097 -0.041645408 0.02395816 -0.08462834 0.0035387012 0.15066466 0.3368568 0.031561997 -0.18509519 -0.14507687 0.20551638 -0.16954516 -0.09271078 0.19998157 0.15960376 -0.39296627 -0.027451232 0.11800272 0.00294453 -0.14922662 0.1151167 0.14781444 0.009520867 0.030858714 0.08760564 -0.046596095 -0.0010494224 0.0854561 0.1381895 -0.018153526 0.002966301 -0.15737215 -0.09691037 0.1268265 0.15847413 0.16982436 -0.12188493 -0.006358827 -0.1301509 -0.087397836 -0.039074548 0.23211497 0.2185701 -0.1735667 -0.044672478 0.017756661 -0.009087778 0.044615567 -0.27484944 0.28674287 0.04434534 0.06437512 0.09854622 0.0519154 0.08879724 0.31257024 -0.07312892 -0.43570474 -0.29261273 0.07856503 -0.43806472 -0.178193 -0.035461936 -0.23437068 0.12816763 -0.18041267 -0.16374697 -0.04384527 0.2989329 0.2379045 0.22248417 0.07120183 -0.22388354 -0.1901553 0.17621928 -0.04991456 -0.009889651 -0.026077198 -0.018052267 0.3717973 0.024566613 -0.2231338 -0.19162813 -0.065779656 -0.11904052 -0.15554006 0.08162424 -0.15582447 0.118400075 -0.009806557 -0.17720014 -0.023009729 -0.020747185 0.07253168 -0.28388593 0.22902183 -0.09022445 -0.15798098 0.100331195 -0.28443822 -0.12236253 -0.28214484 -0.15831088 0.022531243 -0.074641384 -0.191662 -0.074881494 0.0001995092 -0.037096698 0.09763474 0.11992215 -0.22512417 0.34377974
DZA 0.072691076 -0.26559725 -0.09771196 -0.09303074 0.04485889 -0.27966866 -0.087728865 0.03898496 0.016478907 0.09718461 0.1834815 -0.04545379 -0.12983681 -0.11208298 -0.12232584 0.07439986 0.03241149 0.063711606 0.052734666 0.014176401 0.10761767 0.18349387 0.09574103 -0.38147777 -0.067546934 0.10153677 -0.13069472 0.028989745 0.2616969 -0.0514991 -0.0096050715 0.046469882 0.06877997 0.11060416 -0.09306437 0.14388819 0.46571878 -0.0014861894 0.067771256 -0.005691043 -0.09984499 0.12003962 0.028332232 0.012290778 0.030796664 0.2137071 -0.33802387 -0.08414296 0.0824915 -0.046195436 0.08584199 -0.10015671 0.20723388 0.26967427 0.107234314 -0.023116142 0.3442862 -0.008460421 -0.192722 0.14210232 -0.06694413 -0.13666472 0.2967442 -0.20136762 0.0613897 -0.11759012 0.18773559 0.023171326 0.079778805 -0.1038193 -0.0013552536 0.016167771 -0.38330075 -0.24126282 -0.037083555 -0.32716504 -0.28087896 0.1606242 -0.27976227 0.17000578 -0.14041166 0.042103577 0.08766533 0.07668924 0.21251345 0.30549634 -0.07437674 0.06287458 -0.13452308 0.11056783 -0.03161582 0.015213288 -0.11335664 0.022903979 0.49787349 -0.03229152 -0.00023148069 0.056280773 0.043589965 -0.1295714 -0.078317955 0.09323589 -0.07130384 0.050192483 0.19046506 -0.07899285 0.14247248 0.013254319 -0.024319394 -0.16287944 0.15796845 -0.006702001 0.09767324 0.102553755 -0.17814925 -0.050421774 -0.043324344 -0.37985247 0.15817669 0.139044 -0.1924841 -0.17213812 -0.013696388 -0.033511825 0.1234957 -0.14344111 -0.010074427 0.11653092
VEN -0.012703798 0.032051902 0.106496066 -0.009259447 0.33911338 -0.2503771 0.22309135 -0.06942108 -0.2126856 -0.0308565 0.33230257 -0.12941653 -0.08582185 -0.21339974 0.32485735 0.18182068 -0.12417682 -0.080599785 -0.3297266 0.013332159 0.005500569 0.34205842 -0.14259377 -0.110423595 -0.032282844 0.055509575 0.06587577 0.14007087 0.026493024 0.030771524 -0.304761 -0.11964116 0.16946878 -0.092409186 -0.3546864 0.22424735 0.10475347 -0.033288587 0.16022977 -0.2457792 0.27258685 0.09446458 0.25024483 0.057803724 -0.17753968 0.018324751 -0.085986875 -0.19088109 0.10774872 -0.09724518 0.18066522 -0.15153316 0.06240319 -0.1101442 -0.06539272 -0.14216468 0.20412987 -0.013815962 -0.21677037 -0.105218634 -0.029442195 -0.07076644 -0.09692953 -0.12917623 0.13943332 0.1312569 0.12236633 0.16975777 -0.24021342 -0.09141043 0.20301369 0.09970443 -0.24299645 0.07415605 -0.11374797 -0.13754044 -0.0153521905 -0.2289105 0.050092556 0.06497011 -0.030108398 -0.23224397 -0.041690473 0.21967173 -0.09666852 -0.015619344 0.11594451 0.007950493 -0.06493521 -0.049666192 -0.083653204 0.08555394 0.16375804 -0.03883084 0.18835783 0.23990661 -0.07263958 -0.12699103 -0.112749055 -0.14252882 0.033837292 -0.01937637 0.004586458 0.399189 0.08438989 -0.09993505 0.16981804 -0.024000892 0.08684047 -0.030333525 0.34251815 0.19623087 -0.05920062 0.20916899 0.037156492 -0.10029465 -0.04016734 0.0033648938 0.07108216 0.15679494 -0.0736511 0.09009026 0.29603845 -0.0040479596 -0.093807325 -0.10894765 -0.14385897 0.114950426
FRA 0.14432037 0.005015021 0.1543262 0.18598823 0.16456333 -0.20522134 0.056603983 -0.036710292 0.10050456 0.15473022 0.34883016 0.0022209918 0.008686136 -0.19977604 0.29815322 0.07969266 -0.08152444 -0.0060361275 -0.17157303 0.06948557 0.02149396 0.2624549 0.10334051 -0.22513264 0.065258786 0.11891471 -0.05727092 0.124261275 0.10466802 0.10351754 -0.19888225 -0.03739952 0.13900393 0.16065332 -0.3281276 0.22714874 0.40882945 -0.15921944 0.2866403 -0.07201645 -0.12899657 -0.05876983 0.1218094 -0.011953995 -0.031773075 0.16646981 -0.074804455 -0.027762465 0.025468858 -0.008631613 0.18548264 0.075066335 -0.08433779 0.09129332 -0.040340077 -0.1283662 0.12692772 -0.077891745 -0.15337157 -0.03284677 -0.0043537715 -0.057416596 0.09327824 -0.19101898 0.014548877 0.035036936 0.19316873 0.23895901 -0.14404933 0.119925685 0.19814515 -0.06212087 -0.24487396 -0.10289976 0.127476 0.10271879 0.061687157 -0.15460083 -0.07069226 -0.009632185 0.07151403 -0.015335733 0.0029080492 0.33694804 -0.033730965 -0.0263483 0.016592827 -0.094708726 -0.11217718 0.06873945 -0.003194744 -0.030172946 0.16406116 -0.032478344 0.09793888 -0.17883144 0.055205047 -0.2705011 0.06494043 -0.13032478 -0.11168083 -0.0073517854 0.039182715 0.086207986 0.05591188 -0.13913561 0.15092728 0.055516753 0.05079155 -0.10275326 0.18231322 -0.05526902 -0.09804244 -0.008254892 -0.08511955 -0.15440592 -0.06650147 0.024768248 -0.11316602 0.09145469 0.14450204 0.26490495 0.09582655 0.009947156 0.06512678 -0.018758062 -0.2982171 -0.10145737
BRA -0.09520578 -0.1761195 -0.11546822 -0.2009632 -0.092213154 -0.22028576 -0.019633302 0.08135575 0.17087479 0.28893974 0.08677163 0.011816629 0.055019736 -0.014170791 -0.028589623 0.03234122 0.107933655 -0.039231796 -0.108003534 0.016679846 0.21424697 0.33716866 0.008310508 -0.29424724 -0.15331315 0.3558042 -0.21742466 0.12780358 0.26060718 -0.026979288 -0.2167539 -0.18735705 -0.050773185 0.055892557 0.05455456 -0.08046193 0.18004362 -0.22915125 0.06508333 -0.076988 0.06367665 -0.097016215 -0.0013346572 0.11395446 0.0069374465 0.08524568 -0.3866763 -0.040983424 0.059511423 -0.057383515 0.18596728 -0.06721244 0.22292113 0.093966804 0.12069646 -0.08964533 0.26232696 0.23747452 -0.118887655 0.119093195 -0.22539817 -0.1380697 0.15121716 -0.11248746 0.3126642 -0.02558143 0.10259712 -0.116361536 0.10582839 0.11262473 -0.008187451 -0.052522615 -0.35707012 0.008847622 -0.027982827 -0.36222973 -0.2738883 0.06709236 -0.20822808 0.0964492 -0.13428196 -0.1595375 -0.11018882 0.22677602 0.25217304 0.15667692 0.13119313 -0.025463795 -0.25225824 0.14428794 0.104229264 0.067030065 0.038795423 -0.14691941 0.5249442 -0.06786726 -0.18549632 0.019677803 -0.11254225 -0.091010444 0.027702432 0.0024169108 -0.14123926 0.18995216 0.054114524 -0.2174851 -0.1460489 0.120748974 0.053141385 -0.14094973 0.23023373 -0.109805964 0.0557114 0.115218915 -0.27300397 0.13391022 -0.18575104 -0.027748097 0.07865921 -0.19588082 -0.22871873 -0.22248583 -0.0727341 0.01724756 0.016576527 -0.08776755 -0.029358203 0.115128756
NZL 0.24478096 -0.2519402 0.08411525 -0.06173439 0.010814542 0.028733438 0.03588205 0.14247526 0.10473646 0.0881375 0.095991746 0.05976761 0.29062092 0.19931138 0.5526673 0.045679618 -0.38299322 0.13291998 -0.5799101 0.0044999244 -0.14275742 0.42379582 0.09577713 -0.09948553 0.12200958 0.13538821 0.26624566 0.5929567 0.16289316 -0.20233886 0.042309094 -0.11417862 0.16357714 0.16405903 -0.36856183 -0.0022120748 0.12617083 0.050187275 0.40274498 -0.33090463 -0.26225707 0.23607056 -0.13696672 -0.015165015 -0.012505189 0.23630692 0.044216808 0.45826176 -0.048633847 0.20109767 -0.07105596 0.021499677 0.057119675 0.3576699 -0.0947753 0.055091076 -0.13630539 0.08030963 -0.18086787 0.31593704 -0.43243927 -0.04439676 -0.08127728 0.15527664 0.31567153 0.18824735 -0.100425385 0.109976694 -0.0771379 -0.12424313 -0.06495705 -0.16507581 -0.07603276 -0.080487125 -0.20053026 -0.1501398 0.05621276 -0.16839755 -0.1595271 0.2567173 0.0423959 -0.27342722 0.031284362 0.4284247 0.024748359 0.13895732 0.20179398 -0.2938032 -0.019507922 -0.11226543 -0.12683311 0.012056256 0.26644242 0.18030438 0.2506428 0.28468856 -0.09992085 -0.28042144 0.02530376 -0.14424129 -0.3949191 -0.18904163 0.010842457 0.23393731 -0.23352246 -0.15958017 0.026912324 0.26000333 0.14207299 0.03541947 0.12526798 -0.12528105 -0.0017075252 0.19255035 -0.18266505 0.13250434 -0.17953308 -0.25648114 -0.02745148 -0.0740202 -0.26212338 0.05957799 0.3176359 0.0047709374 -0.20481478 -0.2537539 0.06011046 -0.14749676
MYS 0.066309705 -0.03331007 -0.17182644 0.409753 -0.10217259 -0.027983814 -0.103936605 0.116785996 0.08860059 0.010526688 0.22762707 0.10509176 -0.03768885 -0.06274128 0.29051554 0.036206316 0.013680286 -0.23965673 -0.29114723 0.03321862 -0.06477427 0.3644715 0.10689843 -0.27190363 -0.004696431 0.1351783 0.017348144 0.25468594 -0.003783016 -0.23466112 -0.029142614 -0.13019502 0.0065193246 0.22227922 -0.16890799 0.1364741 0.3386426 0.026414247 0.16473442 -0.17929822 -0.3092608 -0.055673826 -0.044646207 0.0880551 0.17550911 0.2641384 -0.27673954 0.408381 0.03753261 0.18888775 -0.098700285 0.11223352 0.0044332235 0.31341335 0.11083485 -0.04049501 0.115648635 -0.36474192 -0.14164233 0.36317897 -0.009437601 -0.09204601 0.115522884 -0.2031083 0.08653661 -0.005123038 -0.2018551 0.13444583 -0.12328877 0.107961945 -0.22886157 -0.018259224 -0.17876408 -0.075018525 0.11842498 0.011636116 -0.14791217 0.10304039 -0.01959583 0.2666035 -0.0010358822 -0.19233061 -0.02963079 0.28560817 -0.010298656 0.10586556 0.103845455 -0.0022405358 0.044897333 0.16935718 -0.03594281 0.061811317 0.19006506 0.09761328 0.011147555 -0.08475746 -0.1854666 -0.31184816 -0.081770346 0.040149763 -0.3214948 -0.2259736 0.1241797 0.36389825 -0.3108051 -0.13357145 0.12197199 0.29444587 0.1190658 -0.12164371 0.08622109 -0.19789042 0.302907 0.07641111 -0.19836429 -0.18518868 -0.27694616 0.09312167 -0.22813602 -0.24043919 -0.1992302 -0.22436741 0.26329967 -0.03211325 -0.024268031 -0.27767146 0.13808966 -0.10097588
AUS 0.10476152 -0.22224371 -0.18390809 0.15177153 -0.13505389 0.017976707 -0.08959798 0.22299199 0.2352513 0.041387416 0.18164225 0.16968533 0.23767053 0.102001764 0.5567927 -0.053084206 -0.06235907 -0.18121763 -0.46598664 -0.08013961 -0.18501708 0.5459009 0.15626885 -0.14511248 0.15007158 0.11542082 0.15260002 0.41777313 0.128877 -0.3374993 -0.026810067 -0.17263672 0.13314039 0.28582543 -0.2589183 0.10936269 0.3880699 0.09876859 0.43329313 -0.34904498 -0.3132124 -0.043994676 -0.073593594 0.062998965 0.08237296 0.36695874 -0.124373004 0.54589367 0.112495854 0.26130775 -0.1555603 0.1809341 -0.009186873 0.5706695 0.17555018 0.014416513 -0.05392882 -0.1213785 -0.15868868 0.49674472 -0.34839147 -0.10777463 0.03449791 -0.1286203 0.25270718 0.20455284 -0.23520592 0.070552796 -0.1283613 0.17901984 -0.2068545 0.0032595533 -0.028180366 0.06663284 -0.0680098 0.0188084 -0.10045579 -0.109430306 -0.1612505 0.36178598 0.0288995 -0.26280105 -0.10716446 0.445549 0.013872207 0.11053536 0.17510821 -0.075198896 -0.11380073 0.16123989 -0.055915624 0.096848056 0.2994558 0.14035465 0.19897045 0.13442303 -0.18730704 -0.17893457 -0.042647474 0.021705499 -0.41175464 -0.17350361 0.13270189 0.3322944 -0.33709994 -0.19554436 -0.011850239 0.43229133 0.011168685 0.014247375 0.090359904 -0.20678248 0.18664001 0.24554366 -0.29700094 -0.11039861 -0.31045282 -0.15546666 -0.19519238 -0.20359261 -0.26688117 -0.14407848 0.39611304 -0.17251904 0.030409602 -0.38388374 0.13124304 -0.022108838
COG 0.14959083 -0.117282435 0.07437197 -0.014451731 0.16954295 -0.5060435 0.08560882 0.09802244 0.021947663 0.009224301 0.43454307 -0.13250545 0.039191183 -0.17721088 0.25138775 0.03456013 0.1788142 0.022337904 0.16275759 0.104580946 0.031516675 0.2391005 0.045687824 -0.24225353 0.041418925 0.2758078 -0.12165829 -0.015192194 0.101118356 0.24213381 -0.38961357 -0.057707243 0.28029156 0.010499463 -0.19144864 0.072908245 0.26793438 -0.09461592 0.04732273 -0.0374083 0.07660992 -0.090284206 0.13401565 0.19136831 0.052538183 0.16629615 -0.34779415 0.01516858 0.24152929 0.009162884 0.3301443 -0.0868786 0.10753925 -0.12040718 0.03781801 -0.15637515 0.17920883 0.18608473 -0.054597322 -0.09397247 -0.013554945 -0.006788256 0.016138203 -0.24823679 0.044640936 -0.055641133 0.010948296 -0.018278712 0.06986806 0.25547338 0.35855505 -0.269004 -0.2634827 -0.3092515 0.14569366 -0.18564907 -0.12572736 -0.11879728 -0.18980356 -0.18914989 -0.09421718 -0.25246674 -0.17466356 0.16399682 0.3336173 0.17305419 -0.005179291 -0.12043185 -0.2634125 0.15815435 -0.1721592 -0.0044730017 -0.061301485 0.024561537 0.21093118 0.03400489 -0.11905148 -0.15758455 -0.0020354576 -0.21879062 -0.15496923 -0.07011577 -0.123113945 0.1938548 0.20608763 -0.2388817 0.1498923 -0.15194273 0.12476197 -0.37702262 0.19159922 0.08702522 -0.26794997 -0.11501623 -0.26340312 -0.23461792 -0.2358969 -0.08227743 -0.19630635 -0.07542818 -0.14173023 0.017622946 -0.00669244 -0.012438796 -0.0365269 -0.02152154 -0.21616581 0.08832579
DEU 0.0668998 -0.20699102 0.19118746 0.23943609 0.26793626 -0.2940742 -0.1493079 -0.08480475 -0.13984658 -0.028173687 0.35489455 -0.07564343 -0.104415834 -0.16504565 0.21075325 0.18755394 -0.17815366 0.3141253 0.25580308 0.16980816 0.08602586 0.06770743 0.12029683 -0.2629375 -0.1919642 0.10592028 0.010722185 0.04235284 0.016038472 0.046785608 -0.21562724 -0.12888353 0.23384629 -0.0289503 -0.10904122 0.27365243 0.31955177 -0.023410736 -0.12609771 0.12745117 -0.07126565 0.032147065 0.10285848 0.047926694 0.08462374 0.3410336 -0.13798165 -0.012247561 0.010781227 0.07469438 0.026871506 0.11652265 0.31779715 -0.01114805 -0.17993292 0.0077368226 0.21818583 0.13598478 -0.11617863 -0.3531685 0.13799343 -0.17752449 0.27122295 -0.109486386 0.06654804 -0.18321915 0.197703 0.17398591 -0.043079454 -0.09389855 0.16212289 -0.18871877 -0.348515 -0.22366282 0.041734613 -0.1421595 -0.08292245 0.0209627 -0.20340598 0.09370776 -0.054175276 0.045412466 0.22542332 0.30131742 0.24963328 0.21088451 -0.026564468 -0.149449 -0.0781287 -0.006755685 0.053711697 -0.01357171 0.13810298 0.14857706 0.25394008 0.049239997 -0.09321626 -0.07475027 0.08242904 -0.22438982 -0.29924875 -0.057783354 0.056736372 0.10326036 0.27101418 -0.17842588 0.14556348 0.00862287 0.037239864 -0.3515982 0.25691122 -0.07662963 -0.09967404 -0.18358412 -0.13277522 -0.27914217 -0.0063385433 -0.31291357 0.049497433 0.045949835 -0.0031546643 0.24004193 0.09235013 0.010913546 -0.001526393 -0.14684442 -0.23489115 0.09928983
LBY 0.10620266 -0.06936468 0.14428757 0.06093061 0.14021075 -0.29970035 -0.2733669 -0.1437277 0.12359799 0.15662359 0.30154064 -0.026229335 -0.057318144 0.057226017 0.35465586 -0.00752709 -0.015903335 -0.23359866 -0.18984845 -0.014101354 0.39496326 0.3904111 0.16215925 -0.14531314 -0.08398968 0.34928632 -0.34330973 0.04186327 0.21402356 -0.061635587 -0.3435934 -0.1490778 0.111969635 0.1896563 -0.21805538 -0.026091212 0.11972228 -0.325369 0.122662686 -0.014450406 -0.27091044 -0.24380173 0.029603032 -0.20096226 -0.0005582331 0.1338072 -0.060130462 0.024152817 0.010699144 0.25061285 0.088790804 0.008438836 -0.24069488 -0.1843876 0.1339305 -0.227296 0.2572232 0.08847417 -0.15410458 -0.21598303 -0.09707419 -0.074989125 0.11372588 -0.06619619 0.22845341 0.101558 0.39128202 0.22601604 -0.14222161 -0.0025258232 0.17464954 0.30653772 -0.25728542 -0.01990897 -0.13213396 -0.17096281 0.03906513 -0.0021132359 -0.1694889 0.027087744 -0.024410482 -0.092216566 0.014372575 0.28642043 0.11671718 0.010808351 0.111617334 -0.18213029 -0.12756374 0.015782045 -0.12894718 0.023651334 0.057580676 -0.21452153 0.425418 0.14637053 -0.05732007 -0.12221707 -0.027224872 -0.0745999 0.049800716 0.3021387 -0.14142501 0.2279338 -0.013819859 -0.11973911 -0.080965035 0.1534569 -0.023174493 0.12793307 -0.099978715 -0.02151961 -0.14795399 -0.022867767 -0.3261401 0.22202161 -0.15896726 0.12359268 0.07893672 -0.1439086 -0.07363495 0.028332355 0.10664685 -0.037479308 0.09669705 0.1433736 -0.19754316 0.37194028
ESP 0.04740349 -0.09724947 0.05058901 0.30332655 0.013001936 0.10188426 0.09917829 0.15691726 -0.19481094 -0.05660163 0.12998377 0.1166963 -0.23034674 -0.15296873 0.3707394 0.25694996 0.093555674 -0.0129533205 -0.35702446 0.022963773 0.0011124907 0.5215477 -0.14944975 -0.23275517 0.017633088 -0.09673659 0.06495714 0.2612014 -0.09339335 -0.037869837 -0.007909056 -0.04139118 -0.030272728 0.21084401 -0.12409704 0.14756772 0.15227093 -0.014504136 0.42189953 -0.20529513 0.06278642 0.18765779 0.056200143 0.060885716 0.054091923 -0.13147773 -0.18602651 0.19698638 -0.13056481 -0.09981191 0.11221961 -0.22269389 0.22581005 0.29737234 0.05667752 -0.0005171953 0.23287308 -0.27420577 -0.056994595 0.34162483 -0.08647117 -0.11936675 0.02253494 0.0042355726 -0.070404865 0.042811368 -0.13806206 0.21927729 -0.09270923 0.07080188 -0.15721199 -0.025058784 -0.09975679 0.0202945 -0.031905692 -0.05366394 -0.1288161 0.08497821 0.011490571 0.35126358 -0.14996745 -0.22422382 0.0431729 0.40496454 -0.063377954 -0.097692005 0.17729767 -0.08105081 0.24379732 0.05897742 -0.1658657 0.016511375 0.057714418 0.105282515 0.08925334 0.05281364 -0.11824131 0.013050813 -0.16875954 -0.18661965 -0.035536584 -0.38717628 -0.04283988 0.5006209 -0.25811976 -0.13746089 0.28006637 0.30667195 0.03943653 -0.10498931 0.25086573 0.06858349 0.35333836 0.20651528 -0.02322016 -0.23990053 0.10437921 0.14456747 0.15733393 -0.052273232 -0.24084581 -0.1660629 0.19343512 -0.010903026 -0.14313078 -0.12720984 0.09263135 -0.08028632
KEN -0.039390028 -0.23108278 -0.13677068 0.06513454 0.07382793 -0.2681927 0.12360923 0.042627037 0.03190712 0.44671348 0.2633234 0.019770004 0.09562293 0.052884854 0.27310082 0.072519824 -0.16670765 0.039260693 -0.17350431 0.021492546 0.09177867 0.06578142 -0.010537229 -0.009934501 -0.14151941 0.33747867 0.118357085 0.44476685 0.026371406 -0.15636861 -0.113928 -0.31127536 0.19713832 0.17869322 -0.05966132 0.07767534 0.13802098 -0.22632447 0.048079256 -0.14417908 -0.08091315 0.17856576 -0.14203785 0.1702313 0.093511514 -0.09631519 -0.30218592 0.287773 -0.058473025 0.2442789 0.18837106 0.11044056 0.21610925 0.11471122 -0.316944 -0.09899696 -0.03948366 0.07580909 -0.32182878 0.064083755 -0.13648926 -0.108260244 0.154335 -0.07412297 0.31609428 -0.0760958 0.10029102 0.046659436 -0.05687047 -0.16780257 -0.16520745 -0.23108657 -0.22693402 0.08087309 0.12802404 -0.16509086 -0.15671128 -0.11166708 -0.11306298 0.33307433 -0.27197674 -0.27028203 0.17595752 0.3009997 -0.03294724 -0.13358676 0.34149465 -0.34821728 -0.12417706 0.020886498 0.37350428 -0.028303336 0.4371541 -0.026708238 0.2998233 0.14690131 -0.2064492 -0.20645069 0.08907168 -0.041854322 0.015201796 -0.2450463 0.17137551 0.15447393 0.014473123 -0.08158684 -0.10735044 0.21279478 0.2264851 -0.027790152 0.17759673 -0.09675779 0.104696676 -0.053893697 -0.2820987 0.14348552 -0.11860351 0.06765193 0.09864914 -0.21016598 -0.2854018 0.10086347 -0.09213904 0.13523358 -0.03211938 -0.1651302 -0.08482647 0.07996743
MEX -0.08659311 -0.062012356 0.090151355 -0.047920857 0.14575736 -0.13515905 0.20855145 0.014273372 -0.27754664 0.087504566 0.14267816 -0.007616618 -0.21677497 -0.29243398 0.31362173 0.2815923 0.019412667 -0.14290875 -0.41095197 0.09672778 0.16157548 0.49002483 -0.21042041 -0.19314021 -0.07104155 0.20660232 -0.046577733 0.25453383 0.07763943 0.0133433975 -0.23400046 -0.16301641 0.031072108 -0.07478594 -0.15206532 -0.011191379 0.07445463 -0.14806749 0.3276037 -0.31226766 0.36718687 0.10559912 0.20427385 0.120177634 -0.07695585 -0.017210748 -0.1793841 -0.08294383 -0.045617864 -0.23300467 0.33086163 -0.28792524 0.2713258 -0.045048334 -0.0048332275 -0.17633557 0.3802718 0.046595655 -0.17985013 -0.0063146176 -0.20057651 -0.21310577 -0.04767173 -0.019251237 0.10596659 0.06286441 0.089187816 0.098975286 -0.16261813 -0.034124628 0.029017251 0.08749119 -0.18613815 0.24680898 -0.26350188 -0.2004129 -0.19319986 -0.05250515 0.05976371 0.19329453 -0.10213492 -0.2878783 -0.06161913 0.30400255 -0.05738789 -0.070040055 0.19980277 0.055940114 -0.011491777 -0.078427434 -0.071866356 0.112945706 0.15211613 -0.196698 0.34052095 0.2342128 -0.08963632 0.11553366 -0.22717132 -0.19851613 0.18095727 -0.0970379 -0.067987666 0.6164456 0.008357145 -0.19215159 0.16328678 0.07180452 0.061854497 0.005043325 0.32587653 0.23749477 0.05129459 0.2884193 -0.019554088 -0.02047136 0.09389036 0.16561201 0.25084665 0.06928594 -0.23017904 -0.18592316 0.20152476 0.04026916 -0.21295981 -0.108776815 -0.016056286 -0.00102714
AGO 0.03445105 0.020286707 0.05211977 -0.11624045 0.09728551 -0.3801085 0.1386692 0.15199266 -0.065529376 0.117969014 0.3440596 -0.081052765 -0.08790877 -0.21916568 0.17601392 0.15497631 0.19537225 -0.06264055 0.066006534 0.0776664 0.025110502 0.2632733 0.047937658 -0.36331454 -0.11046808 0.28172988 -0.08480047 0.113807015 -0.009210105 0.022112276 -0.32932654 -0.24534015 0.15807487 -0.077926844 -0.12439024 0.02873111 0.09435455 -0.18071382 -0.10872462 -0.20274273 0.22425056 -0.17261119 0.04342868 0.18466744 -0.050650105 0.04291178 -0.31657204 -0.044091843 0.24826038 -0.06286236 0.23342884 -0.003579227 0.22166681 -0.03793522 0.09216851 -0.24104178 0.26996878 0.16076028 -0.11489189 -0.08546889 -0.03335962 -0.04046055 0.119741485 -0.14018054 0.083356775 0.009251853 0.14604647 -0.012517115 -0.009987428 0.09031921 0.20028368 -0.085735865 -0.22210996 -0.088883005 0.00024528243 -0.08671096 -0.06918162 -0.16740872 -0.0077275336 -0.24877946 0.011859435 -0.27325 -0.19705051 0.085990734 0.28321576 0.14198224 -0.022547932 0.04483703 -0.34198317 0.06423346 -0.17841442 0.19507447 -0.021754667 -0.14698838 0.18328343 0.16525637 -0.08016942 -0.10622492 0.006121401 -0.13199143 -0.09034818 -0.10499092 -0.14409374 0.3797371 0.25929308 -0.21285787 0.15745705 7.389893e-05 0.12377829 -0.17180507 0.2747742 0.20938532 -0.22073698 -0.053905904 -0.17602651 -0.044785786 -0.23940904 0.0006899866 -0.07190384 -0.08271008 -0.3476172 -0.028201554 0.10452032 0.04969964 -0.25907668 -0.19279139 -0.109114476 0.07263507
COL 0.17263076 -0.05799501 0.08237813 -0.07877263 0.23374805 -0.3685711 0.1919191 -0.050779153 -0.2831074 0.0634671 0.54681844 -0.19284172 -0.20849226 -0.09836816 0.3236053 0.183594 0.12124178 -0.18142672 -0.097706504 -0.15494415 -0.030945282 0.2588343 -0.11358614 0.041998405 -0.063925155 -0.061741896 -0.049110062 0.16728128 -0.19848594 -0.08380875 -0.2017917 0.0021001948 0.3288062 0.10432189 -0.42230228 0.19215073 0.33590272 -0.26022363 0.08693292 -0.27522144 0.25998336 0.1622121 -0.05343289 -0.0944359 -0.19009426 -0.0016137728 -0.3364604 -0.05589062 0.15995269 -0.021849735 0.3107559 -0.28736618 0.056086965 -0.22019506 0.22278872 -0.255933 0.31440097 -0.08160915 -0.19342385 -0.048534323 0.015658261 0.047718644 -0.11506272 -0.06702305 0.22460933 0.031031307 0.063770056 -0.08257704 -0.14812708 -0.16678807 0.24474461 -0.10196409 -0.26201499 -0.18078917 -0.084377624 -0.17165923 -0.042293105 -0.17157218 -0.10790307 -0.26935136 0.0465064 -0.3772899 -0.20666434 -0.05065889 0.2850335 0.26018527 0.05363927 -0.15939724 -0.10467606 0.28390014 -0.37148303 0.21157147 -0.08190604 0.10567513 0.10198235 0.28834823 -0.09656984 -0.17795978 -0.07881507 -0.14406009 0.016543815 -0.0387086 -0.33402902 0.24049091 0.13203458 -0.2685494 0.058399923 0.21475857 0.24544898 -0.0148544125 0.10754928 0.19599505 -0.035288196 -0.08368584 0.038192846 0.0021371585 -0.013401087 0.298765 -0.18343298 -0.16409071 -0.21518645 -0.022802776 -0.095130675 -0.035283778 -0.11734777 -0.05425485 0.07627178 0.2426102
ITA 0.22360572 -0.19704263 0.054024898 0.19692229 0.00570846 -0.30750817 -0.39212602 -0.12881558 0.04656896 0.21060212 0.39858514 0.046112742 -0.13511989 0.017276227 0.3990529 0.14925161 0.015532386 -0.1965203 0.019256292 -0.070763186 0.27300814 0.32621065 0.07375163 -0.05428605 -0.025967099 0.23194106 -0.31242716 0.055247106 0.13787156 -0.061727922 -0.102912895 -0.16582854 0.064521715 0.24867229 -0.19039086 0.06381015 0.29670882 -0.26134723 0.10947071 -0.049040888 -0.4419505 -0.24483158 -0.09082451 -0.2913452 0.18777788 0.07618857 -0.2137418 0.053622656 -0.02174181 0.20535436 -0.016387891 -0.05151929 -0.24127162 -0.04488321 0.20079517 -0.09776731 0.20171446 -0.045184027 -0.082704864 -0.113555 -0.053466327 -0.00713317 0.101510085 -0.020160887 0.12870423 0.043980785 0.35025585 0.18353347 -0.115192875 -0.0064198608 0.017568547 0.2497908 -0.2439046 0.049770482 -0.00058165705 -0.16020384 0.016160207 0.13878986 -0.03151583 -0.007954517 -0.15765023 -0.12758446 0.058731057 0.19227847 0.014067674 0.080508985 0.1302982 -0.19092995 -0.013753198 0.11279225 0.014963689 0.05373704 0.13835496 -0.1603879 0.41005248 0.14560913 -0.1468022 -0.23359144 -0.02158623 0.016230328 -0.0036806925 0.22874323 -0.12521394 0.27278203 0.025159083 -0.010586343 -0.048914813 0.13159312 -0.01183581 0.1324811 -0.10137409 -0.0831842 0.010111734 0.030799763 -0.24208626 0.1845201 -0.11624391 0.13456325 0.02828267 -0.12693013 -0.10036744 -0.06205145 -0.023467967 -0.02405463 0.047789883 0.07199537 -0.11663246 0.42356917
QAT 0.13133362 -0.21680294 0.13325313 0.046520118 0.16344827 -0.08138736 0.090542585 0.0674326 0.09785614 0.3490157 0.17336495 0.05508325 0.13439469 0.1006468 0.33811706 0.079022266 -0.26852965 0.25142464 -0.33961323 0.022115288 -0.07024429 0.22206007 0.15736291 -0.09180409 -0.072077245 0.118782364 0.13185908 0.43493629 -0.09092703 -0.14376722 -0.05465522 -0.16059472 0.15152855 0.31194824 -0.25571275 0.06933566 0.08771127 -0.17956519 0.079794854 -0.1692777 -0.13103461 0.23613735 -0.19856293 -0.01392876 -0.110560745 -0.08311484 -0.15364037 0.30667555 -0.05885861 0.11158989 0.015819887 0.11730708 0.20809278 0.24140552 -0.25859323 0.078702174 -0.019229973 0.1464318 -0.14313008 0.15074143 -0.11169654 -0.019918408 0.09097904 0.07553358 0.33807907 0.09708883 0.037376802 0.16822839 -0.06818333 -0.21226983 -0.15480578 -0.17517532 -0.1410554 0.07368162 -0.073364824 -0.16178878 0.055751525 -0.2011843 -0.087883264 0.23563984 -0.06646098 -0.24961421 -0.0073863384 0.39950767 -0.059271287 -0.056009736 0.29714906 -0.34018657 -0.17479649 -0.004383582 0.10298275 0.031107303 0.26897454 -0.0048095337 0.09845796 0.12454951 -0.15331748 -0.34785733 0.014197449 -0.05196956 -0.2255826 -0.3444612 0.10981931 0.17776836 -0.101884484 -0.1403027 -0.110542536 0.42592683 0.13668488 0.091216914 0.22579612 -0.17953147 0.14466417 0.011853901 -0.09281942 0.08665678 -0.15325518 0.064767145 0.039847884 -0.25541013 -0.43434873 0.04876232 0.14208424 0.08596868 -0.24195215 -0.116920024 0.006286106 0.06631402
NLD -0.16910446 -0.04660309 -0.08541166 0.20703669 0.045288388 -0.005793527 -0.1303323 0.058072835 0.07963496 -0.085802816 0.11565555 0.092903115 -0.047565524 -0.009241139 0.1031674 0.028316882 -0.13893487 -0.090118326 -0.13687204 0.124468274 -0.0025992626 0.15733865 0.027268805 -0.15134034 -0.21233375 -0.026689198 -0.07299504 0.040145252 0.08332647 -0.14101894 -0.12308089 -0.013053158 0.09546926 0.039175283 -0.06925082 0.10965288 0.27514482 0.09415603 0.15464039 -0.0654812 -0.053592652 0.06802304 0.16969243 0.003623128 -0.00013659557 0.29209754 -0.10168487 0.09422976 0.018295404 0.12905017 -0.13743691 0.07290925 0.06342182 0.30993432 -0.013991877 0.009264676 0.18373957 -0.07828324 -0.10602779 0.12654375 -0.019717257 -0.24032398 0.11319095 -0.10002623 0.118356384 0.077136494 0.05632928 0.19772613 -0.1372851 -0.013116915 -0.06030005 0.12596728 -0.22511393 0.05163176 -0.0067401067 -0.061080262 -0.19983813 -0.080201484 -0.17991795 0.25291312 0.014688554 -0.1215868 0.12070615 0.35782853 0.044593517 0.12292415 -0.029217044 0.14764442 -0.07139741 0.05014515 -0.00027512465 0.1692346 0.1619805 0.05155628 0.17915209 -0.070466004 -0.17239478 -0.041028146 -0.115271755 -0.04634277 -0.29506 0.0064396528 0.052249625 0.28446266 -0.018476997 -0.16401762 0.21619856 0.2527391 0.09280929 -0.119048595 0.2771946 -0.14205351 0.12112352 0.10106588 -0.11569163 -0.1283258 -0.11639459 -0.16845047 0.06034787 0.032574583 -0.1817094 -0.14450502 0.2773865 0.012683076 -0.042569436 -0.21879564 -0.039779376 0.068829246
GNQ 0.1692477 -0.12532909 0.14410909 0.00542142 0.090150915 -0.15106286 0.05058902 0.10209184 -0.07431639 0.062340565 0.30639833 -0.024929067 -0.0741484 -0.0627027 0.3619932 0.24570343 0.049610745 0.38716072 -0.12586553 0.15073746 -0.006047725 0.44686553 -0.12162327 -0.27687258 0.020558579 -0.082967274 -0.11605393 0.062420927 0.037455734 0.2933965 -0.18137076 0.03959822 0.015703108 -0.033185184 -0.094970785 0.3133205 0.20049338 -0.0147511475 0.34954858 0.040036343 0.018273069 0.09534261 0.12000211 0.07089384 0.032231316 -0.048253905 -0.19887201 0.017049998 -0.05747182 0.027761117 0.33348697 -0.17125936 0.059941515 0.016021715 -0.14145352 -0.01153764 0.07424853 -0.039394014 -0.042316493 0.052649032 -0.073684834 -0.11468953 -0.10969567 -0.13176453 0.033805165 0.067382134 0.065265544 0.20299526 0.04397997 0.04531819 0.22348423 -0.30485934 -0.1346929 -0.29348478 0.22515512 -0.2042116 -0.088918634 -0.06873017 -0.20948727 0.17145415 -0.19701104 -0.010478672 0.10082248 0.28834015 0.073993936 0.03040182 0.012986439 -0.28216884 0.08102867 -0.043104384 -0.21437036 -0.07614573 0.068097755 0.111685775 0.3821031 0.16072313 -0.07138351 -0.10609694 -0.02597395 -0.27315816 -0.06513328 -0.17644079 -0.061641 0.26510876 0.020184742 -0.031765066 0.2536658 -0.06498798 0.08907802 -0.16129388 0.2005138 0.007909488 -0.09326758 0.16417097 -0.09574928 -0.09956255 -0.009086322 -0.12305929 0.08540638 0.33375967 0.057024103 0.18959837 -0.053395193 0.0926548 -0.08087876 0.03660092 -0.29522476 0.046649378
PER -0.1765898 -0.06901285 0.053152867 -0.26418304 0.069021426 -0.33006775 0.116894625 0.11231669 -0.12441929 0.2653665 0.17033875 0.03603105 -0.22163746 -0.26764247 0.07401066 0.047040228 0.1504378 -0.049444843 -0.17124203 0.227452 0.20149885 0.36811247 -0.050364673 -0.45943382 -0.2161589 0.38037178 -0.22228946 0.24216102 0.20682718 -0.034821887 -0.3235525 -0.21531917 -0.05575651 -0.09083647 -0.073663 -0.16790818 0.13030197 -0.26825124 0.036021825 -0.1562858 0.32446158 -0.0613012 0.088324964 0.20195253 -0.109272964 0.11439228 -0.29019567 -0.14806628 0.034429647 -0.19317544 0.24800752 -0.061107088 0.35772553 0.08599519 0.122034505 -0.21169408 0.5112213 0.23105331 -0.0736667 0.085048854 -0.21143264 -0.20392956 0.24198574 -0.10910391 0.1519781 0.067468345 0.109256186 -0.0029412443 0.0020010155 0.063406795 0.10379392 0.17762724 -0.22541629 0.12139552 -0.26324216 -0.2401149 -0.2651838 -0.040797286 -0.16516224 0.03320053 0.08581239 -0.16576537 -0.119640395 0.18202357 0.24319983 0.051789805 0.11273966 0.2133359 -0.32076505 -0.008458423 -0.09018992 0.18005656 -0.09304899 -0.17908983 0.35356876 -0.047836177 -0.08151057 0.28147334 -0.008777195 -0.21021545 0.07768674 0.040854514 -0.17046505 0.38263738 0.13175228 -0.17034824 0.06294746 -0.016771613 0.081475616 -0.094823614 0.3308016 0.19161448 -0.06691848 0.20102724 -0.25517356 0.110167965 -0.06497921 -0.19187832 0.18681769 0.1098684 -0.33111686 -0.22886723 0.280993 0.12831031 -0.17345344 -0.27067003 -0.06392154 0.07007758
ISR -0.052032847 0.09323452 -0.048520926 -0.07066117 -0.122498706 0.18502115 -0.021807067 -0.025606548 -0.2249933 0.017743638 0.10580853 0.15473652 -0.12075936 -0.15590724 -0.06058921 0.09569309 0.0961751 0.23354855 -0.1858352 -0.11588241 0.09135652 0.41023737 -0.007984335 -0.5825339 -0.25130698 0.12982188 -0.3905994 0.016885376 0.16476832 -0.21941367 -0.046205886 -0.06410762 -0.057573922 -0.021708056 -0.07684579 0.08584485 0.1989428 -0.2626611 -0.3242857 0.05206021 0.05288796 -0.06173498 0.025622496 -0.19717982 -0.16594869 0.13091448 -0.14495918 -0.3243446 -0.07826067 -0.108035505 0.05648714 -0.11256567 0.18284877 0.14406632 0.279272 -0.159915 0.56547654 -0.16441202 -0.26902285 -0.1345166 0.098437205 -0.2241063 0.12088139 -0.04943407 0.276063 -0.018772388 0.31429604 0.0347972 0.078961685 -0.15659682 -0.018355306 -0.09546946 -0.6339009 -0.19069535 0.019763824 -0.3720163 0.021406384 0.074953504 -0.075928085 -0.2712948 0.23211643 -0.053888425 0.075995594 0.43082917 0.25605583 0.5178377 -0.14581719 -0.12547684 -0.0034678653 0.15220614 -0.12175297 0.4000735 0.045437563 0.026368484 0.59689516 -0.17676717 0.028868077 -0.32306165 -0.15603459 -0.031689994 -0.10426604 -0.16015261 -0.2634088 -0.024699079 0.28326818 -0.09532474 -0.033130407 0.26706704 0.3965052 -0.2921505 0.31072292 -0.12368302 0.14225559 0.19282883 0.09854346 0.20739062 -0.22719799 -0.17140928 -0.090470865 0.08349785 -0.12748562 0.02117779 -0.082721666 0.16966224 -0.36782527 -0.17521296 -0.15582083 0.096805595
TTO 0.3028847 -0.1914617 0.054340582 -0.05235201 0.30259773 -0.53225225 0.23145466 -0.049741037 -0.23543605 0.08510622 0.6565133 -0.14051536 -0.16400225 -0.22227727 0.5093507 0.11312766 0.122968346 -0.097043894 0.07259813 -0.016779587 -0.05034134 0.23571625 -0.14030103 0.09461027 -0.0018082681 -0.00968301 -0.22720085 0.07569927 -0.020001361 0.16857827 -0.3451482 0.17650786 0.5381918 0.21597058 -0.3556935 0.08991279 0.52818614 -0.30441785 0.29788765 -0.038948767 0.19717792 0.18264718 0.038656864 0.026317867 -0.1787323 0.13523613 -0.45454276 0.04580327 0.19657819 -0.07129386 0.45657587 -0.28926972 0.0045097214 -0.26948726 0.24335492 -0.17204443 0.11620932 0.18366346 -0.056557372 -0.08536631 -0.09239415 0.024308648 -0.2067958 -0.03767132 0.10675506 0.011105502 0.07272367 -0.14214966 -0.069165245 -0.00650581 0.34741828 -0.33170876 -0.2027651 -0.28780618 -0.03956915 -0.2425743 -0.14794156 -0.28204852 -0.283034 -0.37741452 0.10132467 -0.3871963 -0.2907707 0.072000325 0.31782088 0.17283802 0.009259105 -0.21154258 -0.106856145 0.32694426 -0.41209623 0.088154316 -0.22662754 0.17407495 0.14943588 0.15352972 -0.10599381 -0.12806192 -0.10874255 -0.25220656 -0.07808077 -0.11241769 -0.3734652 0.17956136 0.15899286 -0.3773629 0.19184119 0.21713968 0.29648796 -0.1239341 0.100736134 0.09775849 -0.25907832 -0.14246611 -0.07810788 -0.097505935 -0.019529557 0.1549061 -0.33658868 -0.03190983 -0.1124324 0.031003524 -0.16094387 0.039110385 -0.08772948 0.030260371 0.045338627 0.118922114
CAN 0.14374578 -0.24015804 0.026867134 0.008386496 0.09943702 -0.17743017 -0.04164431 0.013228297 -0.1135188 0.05401944 0.28461707 0.07370207 -0.18176015 -0.045118626 0.23102139 0.19273756 -0.0034563881 0.17190802 -0.034411937 0.13326351 0.052256692 0.1476718 -0.07677467 -0.16012669 -0.012988601 -0.124421775 -0.14394796 0.089102566 0.120275475 0.13105635 0.015180182 0.17601056 0.19483271 0.16017543 -0.07836731 0.12179309 0.4040499 -0.1082956 0.29462162 0.09638137 -0.052560765 0.21456191 0.09907353 0.0062199878 -0.043953877 0.17382343 -0.2687569 0.05339622 -0.1267663 0.024960741 0.22189789 -0.0818848 0.094951175 0.12089785 0.028631484 0.017151956 0.108749196 -0.029467415 -0.007411766 0.08841248 -0.1479491 -0.22543205 0.03194023 -0.05640073 0.08023761 -0.028335335 0.093469486 0.08150965 0.0064822715 -0.11015393 0.033161644 -0.18654425 -0.096438706 -0.19170491 0.0117069315 -0.20620778 -0.22591037 -0.037276573 -0.35804448 0.19730175 -0.0712833 -0.02823296 0.13529126 0.19662377 0.121673845 0.07145116 -0.009125625 -0.10045737 0.0970678 -0.0025544988 -0.20927691 -0.040082194 -0.039236378 0.1502087 0.42819014 0.056473434 -0.017537883 0.042337447 -0.034532417 -0.28021267 -0.11540739 -0.04628326 -0.077282146 0.1454205 0.04501457 -0.1673627 0.19786865 0.17469946 0.07769836 -0.039189827 0.1544694 -0.06006875 -0.00893688 0.048081636 -0.10217479 0.06711306 0.083324134 -0.24189875 0.12835266 0.20705485 -0.00033733062 0.0062182643 -0.06891946 0.11201506 0.00654266 -0.080528066 -0.033623077 -0.0048057544
GAB 0.24504426 -0.21386036 0.03759945 0.07604142 0.13003185 -0.33197308 -0.0130201345 0.0031214582 0.09670669 0.12884603 0.38633528 0.018532725 0.03936593 -0.019749992 0.20808384 0.009122798 -0.10486616 0.15272102 -0.09327705 0.14344092 0.06618884 0.16727546 -0.04499156 -0.13609463 0.0907168 0.06927121 -0.15342158 0.17695859 0.13855976 0.27119222 -0.18533744 0.16091038 0.26861224 0.2297547 -0.11217711 0.03819196 0.47896507 -0.14232084 0.36430395 0.111394115 -0.030781884 0.18930423 0.1181594 0.05971387 0.008743155 0.17274614 -0.36380872 0.123773135 -0.041927118 0.07180562 0.29927862 -0.093823604 0.03551604 0.006854924 -0.04970752 0.0092342915 -0.041646305 0.106904745 -0.065059625 0.12068886 -0.17678347 -0.060276236 -0.06639316 -0.057127453 0.055704642 -0.02513037 0.01637159 0.03849334 -0.01111202 0.059950028 0.16774844 -0.35097164 -0.15687923 -0.24627084 0.16904667 -0.21520856 -0.11914759 -0.14270367 -0.365626 -0.021714302 -0.027361069 -0.14927913 -0.04019558 0.23356417 0.16114378 0.054895364 0.11113113 -0.15995756 -0.099540316 0.13538545 -0.023049504 -0.121494085 -0.0070794984 0.1726118 0.20796642 -0.12271377 -0.045545697 -0.16073352 -0.029171247 -0.30968255 -0.1356301 -0.14355543 -0.04875919 0.05321619 0.10083183 -0.29814672 0.12523642 0.094357155 0.18497518 -0.23656268 0.18228772 -0.13906854 -0.11344355 -0.07821883 -0.14669478 -0.05467079 -0.007143875 -0.032682754 -0.15158308 0.06110958 0.117342874 0.104300484 -0.12190652 0.058724258 0.13656701 0.1090116 -0.13630126 -0.10781968
BEL -0.24289447 -0.11188808 -0.1506342 0.010312636 0.30729777 -0.13057905 0.008558042 0.015266832 0.22063984 0.0052278303 0.13772972 -0.004040643 0.014154808 0.0021731502 -0.06549478 -0.20034802 -0.24300411 -0.04165625 -0.13473268 0.059892196 0.06967515 0.046914496 0.12685713 -0.11568501 -0.31621063 0.1426061 0.042766754 0.07210749 0.16561803 0.0077294917 -0.27348238 -0.029597852 0.14083984 0.16565238 -0.25867993 0.08682433 0.35172126 0.013009889 0.08878686 0.124293454 -0.028254377 0.19406459 0.15043448 0.18607594 -0.10815169 0.15586174 -0.04109303 -0.023334809 -0.012580923 0.21813233 -0.011874002 0.01594252 0.11527244 0.1712295 -0.28126982 0.0496832 0.2725301 0.12111408 -0.30672267 0.09278838 0.032557752 -0.1303689 0.30140904 -0.3308603 0.3111078 -0.0035520212 0.07799025 0.22350308 -0.09921745 -0.048459683 0.17230591 0.003872071 -0.4981225 -0.15480319 -0.034111798 -0.32277685 -0.22235546 -0.14368549 -0.3184315 0.36197725 -0.06845068 -0.057270132 0.12715222 0.40870443 0.082130425 0.18665725 0.082109176 -0.007824967 -0.19952194 0.14887035 0.17554574 0.010532487 0.06817385 0.07462241 0.1742358 -0.29377618 -0.18537621 -0.092432916 0.04391522 -0.16114691 -0.331486 0.04946056 -0.05468278 0.016506508 -0.027266828 -0.2883834 0.060587004 0.13663249 0.06534772 -0.36256224 0.37605998 -0.22954422 0.038652457 0.04172389 -0.26947695 -0.15869507 -0.10296479 -0.35068825 0.20103855 -0.12426138 -0.2005134 -0.062141497 0.16651464 0.058024183 0.12938365 -0.051335882 -0.22765587 0.1800728
NAM 0.12337659 -0.190313 -0.039011523 0.20551744 0.007664599 -0.22592637 0.127226 0.12921332 -0.32055968 -0.06726991 0.38947865 0.08874772 -0.33190158 -0.34465295 0.38575354 0.35454875 0.108658046 0.09465564 0.08523477 -0.13687952 0.037764154 0.38157916 -0.054864127 -0.15056196 -0.0008292498 0.043607917 -0.012593742 0.070247985 -0.00028142 0.057528604 -0.12345666 -0.1650489 0.111816004 0.061665125 -0.23352547 0.40448144 0.26127824 -0.010275643 0.17535986 -0.1636049 -0.03515427 0.080878675 -0.12221043 0.0942276 0.09907054 -0.2236256 -0.23773691 -0.019203313 -0.081405625 -0.10438091 0.20963751 -0.20238508 0.13271621 0.1194533 -0.024824228 -0.17021905 0.25169295 -0.17505589 -0.08296345 0.051619515 0.19068648 0.039689843 0.12942396 -0.20935063 -0.20334743 -0.090997435 0.045294337 0.1870132 0.000935368 -0.04959682 -0.014912926 -0.13183415 -0.21220577 -0.15510032 0.06809595 -0.080584824 -0.1725323 0.16404603 0.14069258 0.2179443 -0.24214731 -0.16569012 0.17045538 0.1402378 0.08300655 -0.07577442 0.03466996 -0.26010537 0.17170176 0.10942667 -0.15285932 0.10180191 0.0062307133 0.02404207 0.16855012 0.15906739 -0.073651925 0.003141161 -0.038175695 0.050234023 0.017903466 -0.15691712 -0.09981629 0.25387442 0.040724013 0.03344257 0.27273667 0.09376494 0.06457859 -0.09843147 0.13509598 0.18140656 0.13155825 0.15139623 -0.021456733 -0.26849177 -0.048891626 0.039104834 0.116727434 0.15198927 -0.35620937 -0.029401043 -0.11692516 -0.028866095 -0.1123774 -0.1591083 -0.09897118 0.2305517
LKA 0.17438403 -0.119611904 -0.06307006 0.41751832 0.008407371 -0.24924958 -0.062099602 -0.034237664 -0.0038857358 0.14080949 0.28712937 0.06118923 -0.16760421 -0.31767246 0.097610794 0.07016254 -0.08543138 -0.29188544 -0.19755149 0.09416138 0.028916463 0.23073465 0.14677688 -0.42502573 -0.081818156 0.32681707 0.0028785944 0.2934307 -0.049011312 -0.11394983 -0.039833024 -0.15582226 -0.08687408 0.21186242 -0.2523338 0.05600688 0.21915732 -0.039512504 -0.0418458 -0.2089489 -0.39706588 0.03101856 -0.22020572 0.11615005 0.2654003 0.119339444 -0.2912871 0.34769386 -0.109648935 0.12330721 -0.0037430243 -0.04424176 -0.041009806 0.006344334 -0.104691796 -0.10651752 0.21304028 -0.3215882 -0.13424796 0.13437572 0.17103676 0.06570902 0.14316085 -0.2451829 0.0015385897 -0.15556574 -0.13607407 0.27480057 -0.17506514 -0.17133799 -0.14317639 -0.017954635 -0.24428137 -0.16186817 -0.04857235 -0.07796822 -0.15841539 0.23411764 0.12891531 0.144964 0.057632796 -0.19064334 -0.01090433 0.20761062 7.362466e-05 0.13059491 0.18411027 -0.12610309 0.02895759 0.0037145354 -0.0016889531 0.017254295 0.15380138 -0.0584143 -0.029859865 -0.08383552 -0.114632614 -0.43104222 0.055340935 0.006433603 -0.18381734 -0.13602863 0.13299637 0.38187703 -0.19874388 -0.06146125 0.1412143 -0.029392991 0.17415728 -0.09460038 -0.03996097 -0.066777244 0.17052849 0.020206796 -0.13739222 -0.09602732 -0.2193018 0.14424351 -0.24213563 -0.20247816 -0.28014016 -0.28254366 0.2076257 0.10411967 -0.19006719 -0.18616132 0.119803295 -0.14652306
DNK 0.114791915 -0.18286197 0.12422948 0.21926923 0.124791056 -0.16233966 -0.20632422 0.03790959 -0.16566612 -0.12208143 0.43971366 -0.022664096 -0.23885971 -0.10886162 0.42595896 0.2681941 -0.013056676 0.34374827 -0.013785427 0.19184682 -0.013443414 0.48091274 -0.11806849 -0.3410063 -0.0069153616 -0.21661729 -0.17956015 -0.02244706 0.14663544 0.15894835 -0.1549564 0.1831567 0.024500124 -0.11516202 -0.018624296 0.33439437 0.3726537 0.049003895 0.39596024 0.15077011 0.007519747 0.09229404 0.24555725 -0.031728283 0.054668684 0.28902203 -0.23557699 -0.036431767 -0.035716992 0.122378096 0.12970944 -0.03433284 0.021802893 0.10084528 0.033569112 0.13218506 0.07193931 -0.09733772 -0.017926682 -0.00047209923 -0.028986948 -0.2604978 -0.041831918 -0.058886666 -0.08116935 0.10088858 0.15867773 0.20961453 0.057955973 0.05858171 0.23190299 -0.24334028 -0.10289785 -0.39093757 0.23502775 -0.02801372 -0.09887291 -0.018519305 -0.31406912 0.08076154 -0.05505106 0.16042328 0.1518687 0.35430714 0.2064371 0.23331362 -0.12373705 -0.08515154 0.1706883 0.047263335 -0.2880515 -0.016361974 0.036209304 0.26482153 0.4662405 0.110787466 -0.07955549 -0.090445496 -0.05703153 -0.33980122 -0.26178244 -0.1343894 -0.0655821 0.29971322 0.16287258 -0.14996858 0.39518553 -0.043965433 0.13629805 -0.3125738 0.25066105 -0.11931687 -0.056315057 0.06867077 -0.06659964 -0.107966974 0.06149432 -0.36237183 0.046855416 0.43400773 0.1926959 0.21277595 0.06305451 -0.016853359 0.012119984 -0.016015356 -0.3202472 -0.05310056
SGP 0.16563587 -0.24523994 0.17396499 0.006714077 0.062055215 -0.12682946 -0.011253397 0.051531926 0.1869015 0.33907932 0.19742188 0.021709207 0.11856647 0.08151685 0.3822561 0.090757556 -0.19829053 0.12370262 -0.2997962 -0.088262096 -0.102180645 0.32301798 0.17277837 -0.14689098 0.033336964 0.11027529 0.061445367 0.5193691 -0.03368634 -0.17201848 0.029724397 -0.16665035 0.09180816 0.36293486 -0.32507813 -0.0041403687 0.22142966 -0.16162865 0.22786874 -0.2974485 -0.21479832 0.20061684 -0.22861665 -0.12256013 -0.048373993 0.07590117 -0.1979595 0.35898593 0.007008414 0.15282717 -0.019407976 0.05530182 0.107222825 0.3372071 -0.02229345 0.021806285 0.06992684 0.15381329 -0.07061987 0.29315776 -0.21529172 0.060452033 0.11282711 0.07517442 0.30439287 0.16993843 -0.057968315 0.10336689 -0.0021165712 0.0005602248 -0.12985806 -0.105056606 -0.10016457 -0.0011339711 -0.09290529 -0.05092525 0.12518106 -0.16073017 -0.08655653 0.13267115 -0.023125364 -0.23950367 -0.15093523 0.32716462 0.029629651 -0.002997398 0.2381636 -0.26556447 -0.24893291 0.052081153 -0.018685123 0.016070822 0.14666075 0.013184192 0.004267119 0.010068812 -0.12711151 -0.3291604 -0.02963748 -0.08659218 -0.22619246 -0.22646649 0.021051537 0.17061116 -0.14126144 -0.17736608 -0.0931895 0.38625416 0.027585328 0.059887405 0.124990776 -0.18946666 0.13665496 -0.049011346 -0.12614028 0.044942036 -0.15482408 0.06281087 -0.048344675 -0.39243802 -0.441188 -0.010465566 0.10522861 0.034536112 -0.21735111 -0.07835158 0.0837328 0.03654415
LUX -0.054402065 -0.027435895 0.09927292 0.25651082 0.25697684 -0.0099134995 -0.10071931 -0.014003564 0.05478761 -0.04633252 0.16565937 0.019608654 0.032917954 -0.10412371 0.05582636 -0.08256042 -0.23363043 0.06652706 -0.1011674 0.0868808 0.062455583 0.12478619 0.15383358 -0.18233904 -0.1634648 0.11163339 -0.0061262734 0.08275077 0.088924155 0.018468352 -0.22746275 -0.0070031756 0.17366806 0.18639454 -0.21344373 0.11710198 0.36414894 -0.07073545 0.0009073584 0.16763951 -0.13850066 -0.00024006105 0.18654788 0.02242898 -0.045396652 0.2330287 0.10388931 -0.048324376 -0.03199951 0.15817359 -0.017436678 0.08253213 0.0867876 0.08565182 -0.15861003 -0.0098830005 0.21827121 0.039604142 -0.20937854 -0.11905976 0.09013806 -0.11907026 0.2493993 -0.15498485 0.16666165 -0.075084366 0.1881086 0.30672824 -0.16692917 -0.031598717 0.17035007 -0.06858113 -0.5151024 -0.1527185 -0.026452756 -0.19681315 -0.0005330001 -0.13441257 -0.2212636 0.11056347 0.07770985 -0.027449837 0.16070032 0.5153188 0.11435325 0.21753296 0.034967404 -0.09428413 -0.053700976 0.101262465 0.12689744 0.016228369 0.12042353 0.072701454 0.08958897 -0.25615275 -0.040516425 -0.24472642 0.025701871 -0.14653558 -0.3515918 -0.032613028 -0.058860954 -0.06524602 0.097662434 -0.24490389 0.08041699 0.22359687 0.08069754 -0.38447237 0.29682776 -0.20113328 -0.025526406 -0.016084807 -0.20072216 -0.22705518 -0.087894976 -0.21508794 0.033637706 -0.15549283 -0.03823583 0.18201698 0.14703566 0.03092823 -0.03412149 -0.031355884 -0.26882088 0.06433262
LBN 0.120464325 -0.16392332 0.09754316 0.08394289 0.04727286 0.05301498 0.16078456 0.1879144 -0.12076301 0.18358289 0.07949049 0.10649204 -0.08879795 -0.06629424 0.39535168 0.30965078 0.058232144 0.3929281 -0.30085516 0.16559713 -0.057783425 0.38184232 -0.15453506 -0.24181084 -0.039248962 -0.16288526 -0.03661907 0.19917345 -0.04311394 0.18058123 0.022098543 0.08256898 0.07370451 0.19404139 -0.11726762 0.21111128 0.2250204 -0.14524151 0.42940575 0.017545773 -0.013634011 0.2557677 0.08836287 0.09894708 0.011107647 -0.14127707 -0.16647382 0.19354118 -0.19960016 -0.018096646 0.32675692 -0.21237867 0.26095247 0.26267043 -0.16912162 0.059462804 0.11906372 -0.0718827 -0.021819405 0.27996352 -0.20074947 -0.18043113 0.0010808354 0.02276461 0.08440172 0.056658775 -0.0530484 0.21321468 0.10108725 0.005388638 -0.014510911 -0.31963366 -0.14238732 -0.18198207 0.17802827 -0.2723677 -0.14261976 0.0052608456 -0.21924695 0.39605686 -0.21525897 -0.15348347 0.15864752 0.42328134 -0.05196014 -0.06430629 0.11625143 -0.24848764 0.22986192 -0.070558384 -0.1123415 -0.11993579 0.029604698 0.09953391 0.33006936 0.025936797 -0.012749693 -0.06451623 -0.024554279 -0.2976768 -0.033062644 -0.354247 -0.076383986 0.20194075 -0.20258062 -0.045383237 0.24319954 0.20910384 0.054694053 -0.16273187 0.25965762 -0.053605072 0.11118385 0.19473635 -0.08784005 -0.14059338 0.14644738 -0.05278092 0.2145967 0.14441055 -0.08773656 0.084462 -0.10774212 0.21225925 -0.18466678 0.0016620836 -0.05903785 -0.10483327
KWT 0.26291183 -0.43888232 0.12626016 0.035864048 -0.06394598 -0.29805246 -0.21500297 0.022947203 0.27573994 0.4183796 0.35033798 0.018046921 0.09812814 0.21856228 0.39449912 0.15212588 -0.18357064 0.055623915 -0.18729395 -0.05961614 0.07413878 0.43681702 0.14087404 -0.22777568 0.074207 0.2544112 -0.09342681 0.5454386 0.15961121 -0.13498089 0.07724742 -0.20192672 0.042365495 0.35226232 -0.17516977 0.055862434 0.3307257 -0.117862426 0.3394551 -0.23531565 -0.45946458 0.115654215 -0.24291252 -0.21648344 0.20754232 0.07135576 -0.28276876 0.34690422 -0.018239938 0.18270583 0.010881558 0.05991554 -0.03736723 0.38435715 0.008775324 0.09395667 -0.051211823 0.12215841 -0.015343509 0.28343618 -0.2684164 0.04037265 0.11929137 0.07526413 0.25356966 0.09713261 0.08454818 0.10985665 -0.003338193 -0.028871475 -0.14110024 -0.07289642 -0.13607311 0.008838501 0.047060706 -0.110583045 0.05479694 -0.007456666 -0.1912767 0.20311546 -0.23609932 -0.19162583 0.0016557837 0.19191281 0.11168296 -0.047461987 0.20257822 -0.26530972 -0.19487731 0.018251484 0.12785204 -0.07436889 0.17603657 -0.050308477 0.2811794 0.08872849 -0.11089302 -0.22589849 -0.0015483444 -0.062665686 -0.16472559 -0.027828759 0.03990309 0.18882817 -0.045508448 -0.11402724 -0.14204673 0.2637148 -0.08001861 0.15231642 0.022623437 -0.20190185 0.09505287 -0.055950064 -0.19357625 0.15496051 -0.08751366 0.033696275 0.025348717 -0.2695094 -0.24641757 0.05344859 -0.08279792 -0.035758242 0.032880522 -0.033738688 0.05303824 0.067750625
CHN 0.09099275 0.14325656 0.11823056 0.22341597 0.15779777 -0.260185 -0.025329925 0.11088295 -0.026007852 0.15326516 0.38871607 -0.06352837 -0.11620936 -0.26647112 0.10599581 0.017263537 0.14812443 -0.21664485 -0.023411894 0.13465 0.04510558 0.16224043 0.24894866 -0.36217973 0.100294046 0.3610897 -0.07686884 0.2884715 -0.11387613 0.011249947 -0.2635465 -0.24290535 0.15747885 0.16679698 -0.23019454 -0.013851799 0.31051514 -0.2574874 -0.08719058 -0.19777802 0.007193365 -0.29371634 0.06854987 0.019978095 0.044227004 0.24649227 -0.25712678 0.090517126 0.09909098 0.057422884 0.21094528 0.15793894 0.08007629 0.013005988 0.052117128 -0.34484145 0.28673032 -0.10083668 -0.18338388 -0.07604673 0.027860578 -0.03997019 0.22205903 -0.21849082 -0.023892105 -0.093935855 0.10206942 0.18731824 -0.19162239 0.1965568 0.16511372 -0.088693276 -0.27728555 -0.03784579 0.057385202 0.123441614 0.10327397 -0.21976289 0.037354425 -0.342576 0.09684694 -0.211071 -0.17019053 0.17679259 0.21115345 0.08703187 0.06822918 0.114907466 -0.2964951 0.08153396 -0.04274987 0.13277484 0.10030584 -0.15853226 -0.12608713 -0.12472016 0.00658149 -0.39968026 0.026091183 -0.15552737 -0.19567129 -0.16091512 -0.019476246 0.26733857 0.29495257 -0.3308387 0.13929303 0.08578913 0.18203971 -0.29485953 0.19142035 0.13581464 -0.07585469 -0.23452634 -0.2167549 -0.11543458 -0.23703533 0.28836876 -0.2640874 -0.32661787 -0.17765413 0.040458243 0.14981511 0.05657626 -0.23745686 -0.095044374 -0.20368475 -0.04669684
THA 0.1297433 -0.27846193 -0.15770662 0.19920169 0.013490004 -0.13175368 -0.12575115 0.2698856 0.11759709 0.16934913 0.35130993 0.13749777 0.037050836 -0.13582295 0.342735 0.06779177 -0.023493763 -0.0888145 -0.30333698 0.017098028 0.07605772 0.39992726 0.11831801 -0.14623372 0.15895805 0.23425974 -0.026065182 0.40053067 0.1332314 -0.02383722 0.02184693 -0.07285045 -0.06734518 0.2907315 -0.07715706 0.20002025 0.5637079 -0.04114215 0.46626505 -0.13977568 -0.22677745 0.060360476 -0.14239526 0.08053501 0.16204001 0.21799168 -0.23149697 0.30958122 -0.08891111 0.12416671 0.070125096 0.0048500746 0.021676255 0.34439403 0.015447346 -0.10056226 0.0686126 -0.077927716 -0.22655018 0.30350107 -0.17042296 -0.11187694 0.19518241 -0.21990676 0.15302566 -0.1290568 -0.17133296 0.14855775 -0.083530806 0.11372252 -0.20987962 -0.23834713 -0.254075 -0.05228112 -0.07439414 -0.1974861 -0.13060352 0.021050645 -0.078422315 0.32321778 -0.09253769 -0.039058562 0.00041970622 0.30868933 0.10728434 0.088181205 0.20320652 -0.16879863 0.04951121 0.20323752 0.2567622 -0.08688242 0.138556 -0.05500289 0.0065722284 -0.12264006 -0.11314356 -0.2455103 -0.092262745 0.06456766 -0.21535887 -0.20129669 0.03540712 0.03920853 -0.1309966 -0.26492628 -0.1913132 0.32360435 -0.058012582 -0.19132292 0.074645124 -0.23919319 0.26122925 0.095082715 -0.15554343 -0.13923632 -0.20128492 0.15022387 -0.09442022 -0.35829452 -0.083065756 -0.20157517 -0.019455343 -0.05894695 0.08230806 -0.0068846913 0.05314675 -0.045144632
TZA 0.09538454 -0.22579475 -0.008579566 -0.04492821 0.15280136 -0.28135937 0.18664876 0.040281806 -0.005673064 0.45007464 0.20678072 0.01977428 0.10346947 0.06054896 0.38991416 0.086570024 -0.19380026 0.1113596 -0.18092392 0.034543253 0.04102042 0.025283027 -0.019490277 0.07596693 -0.16291995 0.12686326 0.07014974 0.35501534 -0.06897099 -0.15765548 -0.09829439 -0.21625078 0.22729562 0.25409302 -0.19594291 0.008273638 0.07302847 -0.25353557 0.06657996 -0.16446723 -0.08736398 0.19604076 -0.21588688 0.094183564 -0.088563666 -0.08328947 -0.16855142 0.32072005 -0.042772997 0.20205559 0.16207969 0.07708005 0.17932193 0.047284503 -0.23909007 -0.032176346 -0.014172387 0.1761397 -0.2262684 0.0045585525 -0.14826283 -0.051826514 0.057966832 0.017828263 0.38690254 -0.0016764458 0.13025971 0.06920419 -0.070301004 -0.2559947 -0.16509484 -0.13774042 -0.18334362 0.091449015 -0.06844971 -0.256286 -0.1108534 -0.21569747 -0.09065444 0.2689195 -0.13737887 -0.3106956 0.08330868 0.312543 -0.03158977 -0.086363316 0.3047293 -0.41960186 -0.15548748 -0.024743037 0.15956064 -0.0139937 0.3002687 -0.03768615 0.24087939 0.28970653 -0.16108446 -0.22085409 0.06333318 0.007376098 -0.0477424 -0.20518696 0.11504765 0.14495966 -0.06268522 -0.08721379 -0.12748063 0.3340161 0.17758186 0.11424777 0.16272426 -0.12008541 0.013602944 -0.032077957 -0.19232036 0.17117478 -0.15163858 0.05883561 0.049425237 -0.22436619 -0.39983 0.08866849 -0.004996632 0.16503683 -0.16262741 -0.14812306 0.03889901 0.17103718
SWE 0.047150403 -0.16250992 0.16465846 0.21660984 0.10654557 0.007050767 -0.24202514 0.0027835667 -0.3197249 -0.00715668 0.48630443 -0.039431244 -0.38942543 -0.07123044 0.38269717 0.32640812 0.044864334 0.28840297 0.07652462 0.09699963 -0.03947333 0.4915978 -0.08741474 -0.40562806 -0.062820494 -0.28848597 -0.15939856 0.105326034 -0.020680184 0.018731887 -0.069947906 0.1094128 -0.035675757 -0.08645653 -0.014885517 0.46604657 0.4880094 -0.10312823 0.23715018 0.048841063 0.012957498 0.10770965 0.07520142 -0.19616795 0.042273857 0.28538316 -0.34487164 -0.13174435 -0.048703443 0.19400613 0.07658828 0.08780691 0.027998472 0.08282186 0.07818001 0.07430767 0.18824147 -0.18549687 -0.15868127 -0.050432157 -0.027208729 -0.19683146 0.119040415 -0.14565763 0.022428233 0.08264679 0.34139886 0.19443157 0.032204647 -0.05846278 0.14399883 -0.14741386 -0.1305286 -0.3595602 0.16658132 0.120952226 -0.08367298 0.0038545968 -0.23604438 0.06446689 -0.04272127 0.30003712 0.09923252 0.26742044 0.24796923 0.27470115 -0.13385126 -0.103625715 0.12504412 0.15599002 -0.2912189 0.10306946 0.0880992 0.3111581 0.3188177 0.2588911 -0.13430394 -0.047424544 -0.0523179 -0.3363491 -0.2240941 -0.23187089 -0.13827142 0.37603647 0.35076612 -0.13717894 0.38527703 0.044870596 0.1874534 -0.1904724 0.19877724 -0.10413216 0.05779554 -0.042964473 0.05813164 0.038049243 0.20498854 -0.22164926 0.09437135 0.42835954 0.13853626 0.26093346 -0.03460179 -0.03238385 -0.0333399 -0.113283105 -0.31084645 0.118599184
SRB 0.17495804 -0.04858029 0.15474777 0.30436793 0.11954785 0.018496307 -0.18365902 -0.17700148 -0.3334737 -0.18687817 0.26270708 -0.008391874 -0.18615997 -0.15740433 0.21559541 0.16826196 0.004432794 0.08608868 0.10605598 -0.10353449 0.109454714 0.14150421 0.122889504 -0.2170506 -0.1354677 0.054143764 -0.09152657 -0.010583591 -0.006815639 -0.24589379 -0.08280032 -0.099620625 0.30921105 0.04266556 -0.17776115 0.27240282 0.32231852 -0.25343883 -0.30710816 0.041174076 -0.17774358 -0.18697004 0.050689343 -0.21938813 -0.0026556496 0.35531342 0.030200291 -0.07251829 0.10174652 -0.050501443 -0.09418323 0.11209391 0.15567178 -0.07473956 0.19118342 -0.13012038 0.3771598 -0.11852004 -0.21044007 -0.4225634 0.13118733 -0.20449626 0.23962133 0.07076799 0.045337707 -0.09156461 0.37573412 0.12983502 -0.18361242 -0.24030392 0.049684577 -0.017691955 -0.53044903 -0.29920384 -0.052303694 -0.15612932 0.14139247 0.15385802 -0.08894269 -0.09325536 0.10126805 -0.027067902 0.29575357 0.39522928 0.25330853 0.35302642 -0.12400921 -0.16679896 0.08516164 0.09583596 -0.19155309 0.10540949 0.17188255 0.25084618 0.42345983 0.20247236 0.038180392 -0.1437023 0.09326849 -0.09911309 -0.20654202 0.013962112 -0.1499896 0.120347 0.23038927 -0.08781775 0.102241606 0.35000053 0.19614509 -0.22467618 0.006850611 0.0028261244 0.011604793 -0.09354285 -0.17914991 -0.120354585 -0.069845244 -0.17972057 -0.0782765 -0.014011968 -0.060078125 0.27309296 0.19750033 -0.030668484 -0.07448061 -0.23718257 -0.17297062 0.16359212
AUT 0.12454894 -0.21427023 0.10673678 0.16785681 0.045874253 -0.111967 -0.2780347 -0.149691 0.007585042 0.14578344 0.23638327 0.080039985 -0.06977025 0.0292758 0.33335167 0.13274594 -0.06271218 -0.043695886 -0.12051202 -0.081803404 0.33401677 0.20531629 0.21160606 -0.08010352 -0.009520386 0.33186936 -0.27641538 0.1426201 0.19601732 -0.026205149 -0.087783836 -0.14305902 0.25772712 0.20726278 -0.1759694 -0.027182244 0.2216032 -0.37400725 0.03346039 -0.0009953992 -0.3267469 -0.13931413 -0.08233437 -0.2963259 0.08515182 0.134975 -0.06532836 -0.023998642 -0.1699381 0.22197627 0.04648567 0.021464394 -0.10044904 -0.15328991 0.0675132 -0.22253115 0.28244737 0.03939796 -0.18240608 -0.3374038 -0.055253893 -0.10650062 0.19728741 0.044010412 0.20795055 -0.015070744 0.3705198 0.19421302 -0.09139935 -0.14610797 0.08102601 0.06668667 -0.326895 -0.030515788 -0.10125677 -0.2012459 0.017408844 0.1475642 -0.20886986 0.08645358 -0.045049258 0.013083356 0.18953855 0.30924484 0.14193653 0.030359248 0.14151359 -0.28840715 0.0945336 0.039054345 0.0016791145 -0.02180832 0.17831023 -0.1210705 0.46629375 0.042022787 -0.06705313 -0.12923683 -0.002060607 -0.13542573 0.022029381 0.1448494 -0.2047641 0.013274688 0.01964552 -0.11640731 -0.16900034 0.31948343 0.07360392 0.047608156 -0.114475 -0.06701314 -0.04659007 -0.053787984 -0.2523005 0.26177937 -0.099118955 0.0955596 0.0829343 -0.2643546 -0.15864806 0.04923406 -0.16740592 0.044445552 0.0068757087 0.12643506 -0.17452313 0.3031592
CIV 0.025403118 -0.119077 0.09732137 -0.06895558 0.3129906 -0.41903326 0.08658474 0.05914424 0.109585844 -0.003378112 0.32051048 -0.17550139 0.0559245 -0.052451625 0.31738347 0.05128009 -0.015570925 0.13530515 -0.20227115 0.10285206 0.11763401 0.51255953 -0.08546008 -0.18074082 0.0067915623 0.13203357 -0.16649888 -0.05591627 0.06891196 0.32401982 -0.49648958 -0.06741905 0.07903745 -0.09894924 -0.23919603 0.20118563 0.06063293 -0.00016740648 0.28054821 -0.07173507 0.1462183 0.04039626 0.22905946 0.14310189 -0.091894336 -0.04254336 -0.22114529 -0.092907965 0.09804994 0.0593761 0.30122626 -0.21557495 0.034060467 -0.23876594 -0.15227345 -0.061203074 0.22073929 0.2228212 -0.09865813 -0.086468615 -0.0151991155 -0.028856536 -0.1374383 -0.25173122 0.17463914 0.1642676 -0.03664481 0.1688213 0.020161156 0.19519342 0.350681 -0.039213095 -0.20837988 -0.1552413 0.048959766 -0.36184615 -0.101359114 -0.15193184 -0.12000492 0.04597428 -0.21468821 -0.15552408 -0.14055398 0.31094688 0.10500339 0.030150486 0.16701464 -0.1732766 -0.16156828 0.028621595 -0.10521094 -0.06699027 -0.0020069708 -0.09900704 0.3143988 0.1499886 -0.17990546 -0.20613153 -0.1900837 -0.22024691 -0.028946027 -0.016828159 -0.066263765 0.35878596 0.024566287 -0.18572359 0.042848457 -0.111907065 -0.016261784 -0.24769072 0.35358307 0.0131521635 -0.2224852 0.16143475 -0.08885071 -0.16495894 -0.14896785 0.00022927485 0.046676345 0.057836328 -0.06301265 -0.03875026 0.07624244 -0.03501759 0.0014708155 0.20730384 -0.3005045 0.31616935
BRN -0.13213348 -0.05960557 -0.20138815 0.35650393 -0.054645356 0.08407194 0.0076627973 0.11297908 0.024814356 -0.11081942 0.08603413 0.12003723 -0.13030346 -0.061239444 0.14753869 0.02907365 -0.022253549 -0.16240829 -0.23999481 0.028899295 -0.06346232 0.2695985 -0.046011433 -0.20540935 -0.13474597 -0.0296154 0.09109767 0.1452179 -0.020940099 -0.21926357 -0.06742508 -0.08571832 0.04373016 0.1843909 -0.10362133 0.12910451 0.23476402 0.09183484 0.18365267 -0.13694881 -0.070303306 0.1028184 0.112636164 0.13497198 0.1273018 0.118715286 -0.1865495 0.30816102 -0.030658755 0.075399324 -0.045234274 -0.0369168 0.1517061 0.39264533 0.04877786 0.00027032374 0.23390032 -0.38368538 -0.17487101 0.37989107 -0.012010009 -0.18979102 0.117971905 -0.1551421 0.02417114 0.035449244 -0.13035752 0.17568862 -0.12775686 0.06454684 -0.17698148 0.06678645 -0.21926194 0.02961635 0.11968031 -0.048850857 -0.22816545 0.0518805 -0.09964992 0.3281334 -0.07737286 -0.2317321 0.10203556 0.31609648 -0.023529898 0.07621101 0.06979466 0.11799226 0.08265036 0.10105633 -0.028136976 0.14432701 0.17245346 0.15567864 0.13056538 -0.100665085 -0.20979968 -0.0808317 -0.12865883 -0.08751829 -0.23016036 -0.21618702 0.09976975 0.48152733 -0.20605487 -0.18667592 0.29822528 0.2737463 0.16359416 -0.21177086 0.2894923 -0.089835115 0.35444218 0.21364847 -0.15965526 -0.2296652 -0.07320656 -0.06934781 0.015848272 -0.023301763 -0.25566453 -0.21758866 0.29539257 0.0014002678 -0.031572204 -0.32118094 0.063761644 -0.04821454
IDN -0.03309611 -0.048546296 -0.15340582 0.3170952 -0.0913727 0.100369014 -0.019610474 0.11699507 0.1204183 -0.037059627 0.122351415 0.113972515 0.04009652 0.04764921 0.3316408 -0.012115665 -0.07062386 -0.19856709 -0.3868196 0.032055613 -0.13202854 0.42173925 0.056723703 -0.21152548 -0.0677772 0.012184711 0.07933603 0.34050235 0.010015441 -0.31510553 -0.061193846 -0.0860415 0.039327968 0.22127545 -0.18096586 0.058963805 0.2667455 0.07797736 0.2767861 -0.1960804 -0.17226389 0.03794221 0.0008378796 0.08415107 0.08523229 0.24008214 -0.15278544 0.4196863 0.045880094 0.1669962 -0.10922574 0.07389058 0.019774903 0.41461012 0.13930452 0.055532794 0.07100906 -0.27650887 -0.11374571 0.4332393 -0.11928202 -0.1383376 0.028057033 -0.09356483 0.13847175 0.1341346 -0.21743488 0.10450635 -0.15455118 0.12525609 -0.20004582 0.0031035566 -0.09048366 -0.0055446588 0.050921515 0.05322835 -0.10611401 -0.054729797 -0.10148203 0.31424126 0.0613806 -0.2463932 -0.06815797 0.35311127 0.03366185 0.08085263 0.0861683 -0.0024134112 -0.0028352272 0.17175128 -0.16511165 0.14537874 0.19451997 0.15708359 0.03623318 -0.020492215 -0.1871895 -0.16977838 -0.11001955 -0.018603383 -0.3749662 -0.24017572 0.061097328 0.41283676 -0.34236664 -0.20602314 0.17543621 0.40515426 0.15234601 -0.070850715 0.18684399 -0.194203 0.26012877 0.11181029 -0.1996647 -0.15914513 -0.18183006 -0.0024392877 -0.162392 -0.18713461 -0.27516893 -0.13905957 0.35241687 -0.0478592 -0.056526743 -0.34034148 0.1396708 -0.115345754
AZE 0.08409002 0.073891476 -0.042605974 -0.005798027 -0.15352094 0.11834292 -0.039257526 0.020901244 -0.30812785 0.0170075 0.074972674 0.07851499 -0.07549859 -0.12296813 -0.02368952 0.18055828 0.15011221 0.2343874 -0.025144482 -0.2528304 -0.13548328 0.42684183 0.08393836 -0.60160863 -0.10557421 -0.0053873807 -0.28359377 -0.044677533 0.10864505 -0.25352937 0.043674365 -0.067984104 0.1074102 0.049131174 -0.15359473 0.10062257 0.30191812 -0.13997014 -0.4078818 -0.0764336 -0.07110662 -0.18765797 0.1029133 -0.19026569 -0.103630655 0.16098589 -0.2281082 -0.27661693 0.23193488 -0.0934717 0.017288506 -0.03957952 0.21909636 0.26749516 0.40531677 -0.17403685 0.5809183 -0.09812484 -0.30783674 -0.10898834 -0.05627436 -0.1341982 0.22172049 -0.051739775 0.13589562 0.0076985215 0.44085017 -0.07414735 0.1810277 -0.11142138 0.060358915 -0.084850505 -0.66027266 -0.2909552 0.07653147 -0.3575871 -0.00075721083 0.0678506 -0.08858448 -0.36507684 0.16500825 -0.0539309 0.07773554 0.4375016 0.13267879 0.6507016 -0.14486034 -0.024964353 -0.0411251 0.2324026 -0.05321704 0.3137548 0.01834106 0.080920756 0.7164864 -0.017932124 0.029134646 -0.3311947 -0.060542814 -0.028595606 -0.15061677 -0.06536348 -0.3415693 0.05356663 0.3355455 0.071583435 0.16802251 0.23363808 0.28250587 -0.2328141 0.2786737 5.1594106e-05 0.020928675 0.24764554 -0.048050825 -0.027165325 -0.20873272 -0.3273812 -0.121113546 0.15124322 -0.15491818 0.063923664 -0.057664827 0.045116156 -0.33377227 -0.24806379 -0.12564932 0.18473543
PHL 0.08524587 -0.09663823 0.13062593 0.06538248 0.10762818 -0.19501157 0.102588825 0.13687317 0.096584305 0.17821299 0.21010995 0.08938441 -0.055870216 -0.092750154 0.31149578 0.23200953 -0.120006025 0.029797623 -0.31490028 0.11818147 -0.04831356 0.25811395 0.17044263 -0.2623218 -0.087632954 0.06633041 -0.097573966 0.4367944 -0.051575426 -0.08343425 0.031537835 -0.04868437 0.24643944 0.24129365 -0.3337468 0.1687484 0.33032054 -0.17433281 0.2967911 -0.23432018 -0.12033425 0.28030863 -0.1391895 -0.04423783 -0.18131155 0.23150487 -0.20022024 0.26249114 -0.09945843 0.08845557 0.005357958 0.12444685 0.08019513 0.32088223 -0.09692874 -0.044326108 0.113839254 0.06967496 0.09311505 0.2737561 -0.045681506 -0.023298299 0.15323518 -0.03498877 0.33347517 0.105232276 -0.089419514 0.2206576 -0.057988152 -0.08917579 -0.15605648 -0.11439841 -0.14458178 -0.059975162 -0.19017099 -0.059275452 -0.05184814 -0.19787423 -0.0986621 0.33587003 0.098501064 -0.21085732 -0.10774811 0.26144257 0.12170183 -0.07601205 -0.013101635 -0.079904296 -0.10614682 -0.021575334 -0.19597042 0.0769746 -0.053926423 -0.09716249 -0.14389734 -0.061404195 -0.013479064 -0.16680242 -0.17093074 0.03545851 -0.2983301 -0.14868227 0.017344046 0.0829522 -0.21100242 -0.24817076 0.016717415 0.50712633 -0.10973105 0.19632567 0.19171864 -0.120101824 0.06000298 -0.1545724 0.07532948 -0.06638713 -0.21055004 0.13143842 -0.07949832 -0.38866138 -0.45159155 -0.18981244 -0.008225472 0.12184494 -0.3147765 -0.10600887 0.1990053 -0.087540954
BGR 0.21916236 0.057195537 0.045788385 0.26118276 -0.008349179 0.15153666 -0.12808818 -0.06406446 -0.34007952 -0.06973235 0.1607915 0.030416463 -0.15178329 -0.07547462 0.11826257 0.23588544 0.061856862 0.12872434 -0.1459019 -0.32559493 -0.13644546 0.5095144 0.09112211 -0.45619097 0.12635921 -0.1041226 -0.16064148 0.034503944 -0.12060782 -0.16311044 0.0798863 -0.0073876576 0.21204235 0.14374647 -0.22599696 0.14243838 0.2730251 -0.12805703 -0.23904121 -0.23363028 -0.14362691 -0.08726723 0.11546527 -0.38032314 -0.019679882 0.034167852 -0.25898945 -0.15647681 0.17036468 0.0752563 -0.059119165 -0.020233298 0.06464375 0.09807583 0.32140738 -0.15000011 0.54422873 -0.15146996 -0.4157476 -0.17605913 -0.110610604 -0.030299569 0.16709833 -0.010974225 0.030692719 0.1039517 0.45300457 0.09920474 0.063471496 -0.045054898 0.05444958 0.013066243 -0.5083217 -0.19141597 0.094206765 -0.14110437 0.13137268 0.03405211 -0.0025628146 -0.27027798 0.017448794 0.03565707 0.04905529 0.3538259 -0.12921678 0.46035734 0.017727278 -0.03324117 0.12064065 0.19311799 0.028003432 0.11972483 0.14744206 0.0897859 0.38234186 0.12878974 -0.038376752 -0.37374496 -0.069760695 -0.14924686 -0.08920105 -0.20107666 -0.25054955 0.2724324 0.26280656 0.083924584 0.24199338 0.19603316 0.23921858 -0.13145658 0.14570683 0.08542076 0.08987141 0.21283576 -0.009140971 -0.038522366 -0.07019159 -0.07495659 -0.012811192 0.11871545 -0.081328794 0.114883445 0.0046457807 -0.04375533 -0.17291604 0.025007654 -0.10233182 0.22721286
TUR 0.002748143 0.008016668 0.009267045 0.076832615 -0.074307 0.018832387 -0.10276854 0.040546935 -0.14265421 0.04915748 0.14626698 0.08810181 -0.08317869 -0.13073933 0.082904436 0.124689534 0.14037594 0.13695408 -0.018578311 -0.13516201 0.052097645 0.35333174 0.13023947 -0.43629 -0.10016492 0.11749264 -0.24243699 0.04834467 0.09810113 -0.12221983 -0.08107957 -0.14719222 0.10764117 0.09549771 -0.08042523 0.09147847 0.29250517 -0.20478588 -0.16888067 -0.013948217 -0.03159075 -0.1746502 0.051073156 -0.08089177 -0.048739407 0.129531 -0.24154112 -0.15121688 0.08441876 -0.03269643 0.034747522 0.027190194 0.19623473 0.14723407 0.2208551 -0.14790584 0.44060925 0.0038564939 -0.2007079 -0.12579492 -0.0458097 -0.1425734 0.23236682 -0.060491633 0.09859913 -0.017306369 0.31844643 0.042408183 0.05757629 -0.023282738 0.040547837 -0.07432815 -0.46663126 -0.14923222 0.039731227 -0.17678463 0.027212402 0.05289353 -0.108137056 -0.12504804 0.0855917 -0.006805326 0.041198026 0.37375823 0.17944458 0.3214465 -0.037216052 -0.06331295 -0.05084036 0.18384218 -0.017324537 0.1981283 0.073552154 0.021223353 0.42154765 -0.071020566 -0.05715483 -0.14349167 -0.050274383 -0.042963438 -0.11568963 -0.106824905 -0.23721369 0.10571126 0.23259984 -0.106366955 0.06824272 0.27369726 0.14502239 -0.21808942 0.1773578 -0.0633234 0.047312297 0.047364272 -0.09606169 -0.005351926 -0.12505117 -0.06874887 -0.035129856 -0.048113443 -0.15196867 0.06621204 -0.02915111 -0.015056989 -0.14635035 -0.07455813 -0.15240905 0.1547573
SYR 0.058567997 -0.3764229 0.023527946 0.19130912 0.081185654 0.13211565 -0.30117062 -0.19915977 0.023757739 -0.078002684 0.2680936 0.039056495 -0.024348985 0.17725436 0.085675836 0.29834265 -0.23635256 0.064909086 -0.1763199 -0.24094772 0.20031789 0.1238098 0.17312425 -0.14213538 0.13593061 0.3444674 0.07459491 0.373075 0.02543337 0.0068043037 0.05642513 -0.16335541 0.4346272 0.2031804 -0.07909342 0.053277772 0.32335073 -0.25232333 -0.07250562 -0.20005997 -0.04090044 0.17517649 -0.054119743 -0.4083805 0.11820836 0.15575504 -0.42076078 -0.093476795 -0.33590537 0.26276305 -0.052478574 -0.045528762 0.2570221 -0.09545171 -0.11061639 -0.1497227 0.26437595 -0.015905954 -0.53089553 -0.11145753 -0.29944143 -0.13702242 0.111785024 0.059239525 0.3362378 0.019952765 0.09672625 -0.038761355 -0.026349815 -0.069566816 0.014912325 -0.14395835 -0.2936404 0.034918815 -0.04946699 -0.20802592 -0.078367196 0.19816633 -0.29116985 0.10127348 -0.2725971 0.03133263 0.16359982 0.13105987 0.112176314 0.10465287 0.25935057 -0.119361006 0.07625463 0.104379915 0.26273844 -0.03759376 0.3728187 0.13429168 0.33603263 -0.065441236 -0.27453214 -0.24333555 -0.16985524 -0.46310085 -0.031481422 -0.2418352 -0.18381795 0.21500972 0.27073348 -0.45505893 -0.21317635 0.3540944 0.38905677 -0.26497573 0.21357043 -0.08438156 0.2653498 -0.07472414 -0.03920668 0.36598247 -0.03312858 0.12495241 0.1597512 -0.3819833 -0.123670526 -0.16584031 -0.26916948 -0.022767287 0.13553406 0.22161071 -0.11645801 0.25399867
HUN 0.033431362 -0.16779535 0.093093924 0.25964335 0.11511862 0.18324234 -0.2948921 -0.19250216 -0.09618616 -0.15997274 0.2591135 0.08487526 -0.12681618 0.061438072 0.0665237 0.38417625 -0.21435045 0.09571582 -0.16903616 -0.16484746 0.21552321 0.16244653 0.12394019 -0.23339802 0.051744696 0.18934141 -0.021246124 0.2213261 -0.09607499 0.014588989 0.003393083 -0.14126131 0.3399636 0.09109771 -0.06973355 0.11760988 0.2590977 -0.20988172 -0.07297222 -0.18813096 0.07440304 0.14864498 0.04595566 -0.4032825 0.04443733 0.12981401 -0.3716827 -0.17189384 -0.360279 0.17508581 -0.113824785 -0.04369679 0.24169157 -0.07774639 -0.07603935 -0.17429967 0.39153713 -0.13826275 -0.47864562 -0.14852254 -0.19150941 -0.18543728 0.06531175 0.054170057 0.20483331 0.037009496 0.16069835 0.06719818 -0.112946436 -0.10598248 -0.029072959 -0.015194744 -0.2558948 0.102269016 -0.087082535 -0.13713656 -0.021441765 0.15640199 -0.18663692 0.032123733 -0.17392826 0.037630584 0.20934018 0.20358951 0.06308044 0.12597471 0.20873368 -0.020759394 0.13561504 0.044483814 0.14074416 0.0924538 0.33980396 0.102584705 0.23857446 -0.045893308 -0.20144646 -0.15302095 -0.22876853 -0.36822754 -0.007276543 -0.21160768 -0.13928987 0.32429218 0.32251674 -0.40340576 -0.092255384 0.32232857 0.3246055 -0.19021764 0.27401653 -0.047015246 0.28244713 -0.042911768 0.11864493 0.2929097 0.015453184 0.14233074 0.18584076 -0.19990349 -0.0717605 -0.13963419 -0.08447869 -0.06496337 0.041022014 0.14469633 -0.17972128 0.25954196
LTU 0.16978787 0.019430913 0.11429506 0.099840626 0.2665611 -0.1428603 0.04441676 -0.20191029 -0.40494224 -0.07858962 0.54291666 -0.26580024 -0.2817248 -0.06920877 0.25724676 0.1602507 0.04235264 -0.121877156 -0.033403542 -0.2999194 0.034945995 0.406742 -0.095866874 -0.17384742 -0.15309173 -0.16846932 -0.037328433 0.12799112 -0.26601553 -0.27523604 -0.1895069 -0.013013422 0.22390915 0.06367472 -0.3264377 0.20331287 0.21520215 -0.26140898 -0.13153994 -0.23359993 0.18916664 0.16524236 -0.13111585 -0.27020466 -0.13270594 0.0036274896 -0.3408372 -0.120621294 0.19960153 0.017288256 0.029279534 -0.16418187 0.037137493 -0.2664512 0.2694816 -0.064133786 0.32967782 -0.11736101 -0.35876817 -0.106891714 0.04484333 0.022073476 -0.045205683 0.011464664 0.111973405 0.12254348 0.2978349 -0.09276101 -0.1560161 -0.23882511 0.15463975 0.009166611 -0.25731725 -0.31077585 -0.06077592 0.00032801917 0.15759078 -0.015845442 -0.022336707 -0.3278764 0.049449857 -0.13024344 -0.18693297 -0.034361687 0.21343184 0.428345 0.0056543155 -0.20480247 -0.016754787 0.26479113 -0.429573 0.26378688 0.0022179296 0.2995292 0.019864647 0.40736938 -0.18411666 -0.15263319 -0.03787427 -0.20861706 -0.08796338 -0.19133492 -0.3068865 0.5057312 0.21946001 -0.29017475 0.20046027 0.15721299 0.39402473 -0.11723168 0.03460373 0.10546595 0.07844848 -0.18000282 -0.0031656907 0.11459696 0.04252661 0.16747884 -0.1182632 -0.048589125 -0.27901036 0.11017946 0.19479582 -0.1677529 0.047423087 -0.064354494 0.011772376 0.25053152
VNM 0.051963747 -0.17620286 -0.23849155 0.21000125 -0.13647637 -0.121509515 -0.07115646 0.23661824 0.16672505 0.11894245 0.2268667 0.11845104 0.09701112 -0.013839987 0.3215223 -0.029868048 0.051432088 -0.15867934 -0.22212349 -0.02580471 0.0044859108 0.39047325 0.093947336 -0.13380761 0.05846199 0.20642872 -0.02422614 0.27818742 0.12476138 -0.14976579 -0.059995603 -0.18305482 0.011362945 0.21166112 -0.10841379 0.1826523 0.42170802 0.010845495 0.27843896 -0.23884529 -0.25964105 -0.09448234 -0.1270342 0.14197078 0.1783378 0.21510662 -0.26246157 0.3863124 0.079311185 0.16956773 0.024440445 0.062242616 0.011263386 0.33423665 0.11419272 -0.10122886 0.094214424 -0.14359437 -0.15810326 0.26858947 -0.1082397 -0.082572676 0.12654924 -0.24623822 0.156504 -0.034373853 -0.15267572 0.065428264 -0.070306174 0.18274605 -0.20253426 -0.11075196 -0.20319378 -0.008515425 0.069243856 -0.07706188 -0.18894044 0.018530795 -0.09377988 0.25497153 -0.07274613 -0.15730064 -0.03912253 0.29040137 0.12155361 0.09145759 0.17457104 -0.15142226 -0.045795575 0.26819894 0.13076416 0.027030129 0.19340093 0.00010717468 0.17182232 0.008550738 -0.20825055 -0.16566607 -0.040423226 0.14800133 -0.17302413 -0.12457491 0.07006643 0.1784023 -0.19720371 -0.12126446 -0.097309075 0.29336494 0.027350014 -0.115074955 0.08304141 -0.19036128 0.18358305 0.13977793 -0.24394877 -0.16312358 -0.3088324 0.087199956 -0.20912644 -0.24283555 -0.16951393 -0.1381145 0.08827202 -0.11305054 0.07923119 -0.21951228 0.032419167 0.061526764
OMN 0.13957414 -0.31017563 -0.06641837 0.11381053 0.051583696 -0.20144144 -0.16088942 0.19707601 0.13364583 0.23549455 0.29517218 0.06641072 0.062407766 -0.023134382 0.21989337 0.074646 -0.073083095 -0.008765308 -0.16010877 0.050365962 0.095148765 0.25548157 0.10976019 -0.11102139 0.056704335 0.18908529 -0.07786797 0.29083782 0.096765935 0.011135071 0.00018368923 -0.06923645 0.019365497 0.2899863 -0.09098233 0.11093688 0.51701385 -0.084538355 0.34449193 -0.15088223 -0.17305481 0.04943718 -0.09471514 0.0016008592 0.11840309 0.22036156 -0.2901676 0.27376097 -0.052515417 0.10145498 0.09610516 -0.048993815 0.10523757 0.24516675 -0.0059890794 -0.054770805 0.09834951 0.017403021 -0.15215747 0.14834023 -0.14810677 -0.08695357 0.13653065 -0.101633795 0.21106179 -0.13783725 -0.076558314 0.09633614 -0.056651868 0.052502967 -0.14455193 -0.21171373 -0.26280257 0.030648388 -0.039347842 -0.24636252 -0.15216826 -0.020672308 -0.15583727 0.16938627 -0.12532586 -0.086220734 -0.004139028 0.25192 0.13462353 0.11396574 0.23000932 -0.15310644 -0.05297957 0.1846378 0.2698374 -0.07030516 0.1004713 -0.07228592 0.12673348 -0.09991518 -0.12635796 -0.22106181 -0.08378594 -0.0024965971 -0.15497296 -0.11132618 -0.015861953 0.009224266 -0.0041469405 -0.2523568 -0.18668461 0.29488745 -0.024657814 -0.13704923 0.14951332 -0.22206348 0.16355605 0.077207945 -0.10503292 -0.08607259 -0.14225852 0.15002269 -0.05070833 -0.30704847 -0.041390434 -0.16627625 -0.08088131 -0.02809721 0.04111519 0.01393577 0.028505303 0.048503116
DOM -0.13372038 -0.034253843 0.12047361 -0.12963405 0.29086468 -0.29950568 0.304941 -0.0492519 -0.278535 0.15236719 0.24477105 -0.04763909 -0.17971238 -0.25521648 0.40032005 0.07794074 -0.014368245 -0.18845333 -0.46927038 0.110040516 0.09134227 0.4651902 -0.20835301 -0.1426176 -0.027809106 0.16123599 -0.08797927 0.2960478 0.124881245 -0.071690306 -0.297019 -0.12462089 0.09141031 -0.052105706 -0.3001696 -0.063504145 0.07256132 -0.19687133 0.32865202 -0.2681607 0.31605658 0.11725459 0.2127574 0.122902095 -0.20769282 0.034832474 -0.09852534 -0.07857447 0.07974942 -0.14754485 0.26954085 -0.14731641 0.1023882 -0.10268318 0.064051606 -0.15742595 0.33846474 0.10480166 -0.112340614 -0.0324329 -0.17252868 -0.12787051 0.0010073012 -0.013392183 0.18562095 0.20415804 0.09085063 0.11940564 -0.1758647 -0.024031788 0.14289029 0.21902555 -0.17213905 0.17286651 -0.34040698 -0.19596153 -0.08949555 -0.20469347 0.019169364 0.07560066 0.10362168 -0.26755488 -0.1406745 0.3392012 -0.014556153 -0.092853285 0.19574882 0.023765504 -0.1095653 -0.031165136 -0.14571638 0.104199484 0.030434998 -0.11661935 0.22175066 0.20791747 -0.041009605 0.08346703 -0.118181124 -0.18225725 0.12826777 -0.020661958 -0.114690825 0.44209647 -0.1054898 -0.111612216 0.0753944 0.043754898 -0.0034195895 0.090356424 0.2841805 0.25256494 -0.09554391 0.24685203 -0.05045047 -0.006166302 0.07433712 0.019778103 0.12676278 0.043772306 -0.21952045 -0.029608669 0.32586345 0.0692684 -0.21309763 -0.12886801 -0.016237726 0.035735365
IRQ 0.073603675 -0.42855456 -0.024962408 0.18083349 -0.009307367 -0.059329297 -0.27589932 -0.15723984 0.1417364 0.11159736 0.24246009 0.10247936 0.04610269 0.13365099 0.19601637 0.16053563 -0.15466705 -0.1361274 -0.21553245 -0.19742124 0.2629713 0.1472196 0.21349883 -0.0998881 0.088862225 0.48089752 -0.04009734 0.32342324 0.20028289 -0.008664642 0.008756473 -0.15913934 0.30245322 0.2693083 -0.14324701 -0.05003029 0.29052696 -0.25750414 0.07340208 -0.19884239 -0.29130474 0.07587867 -0.10913179 -0.26554245 0.23442873 0.12144376 -0.29879907 0.0673626 -0.2649462 0.2680056 0.0031499544 -0.080157146 0.046605915 -0.00862405 -0.040385015 -0.2014983 0.22506057 0.023077246 -0.37093082 -0.081744276 -0.22876854 -0.053248897 0.13287479 0.010516532 0.27297077 -0.055174597 0.08263874 0.044778775 -0.09020452 -0.07844235 -0.019140245 -0.048774004 -0.24728833 0.049302872 -0.080659576 -0.2199595 -0.13493253 0.21712673 -0.26418984 0.20822944 -0.2491894 -0.046720278 0.16238496 0.1972153 0.12207146 0.052821685 0.30311942 -0.24064383 0.062294956 0.077447504 0.2118866 -0.077307075 0.31703594 -0.039002035 0.38401526 -0.03779737 -0.18211792 -0.14215302 -0.07388275 -0.23576787 0.003094324 -0.003291963 -0.15531074 0.111289985 -0.006229054 -0.26343137 -0.3034442 0.30061144 0.1697015 -0.05446079 -0.02799518 -0.12774388 0.1313239 0.0018123423 -0.24031128 0.31214175 -0.09643349 0.1260366 0.1277796 -0.43488652 -0.16258296 -0.156321 -0.2525007 -0.05418524 0.15443005 0.14618476 -0.041388072 0.19515651
YEM -0.029047223 -0.24134943 -0.028866842 -0.20507784 0.09840583 -0.2078496 0.09450532 0.038888022 0.060170293 0.22800478 0.20031813 -0.045911875 0.089844756 0.03398752 0.30328476 0.15727359 -0.04021074 -0.116689995 -0.2848187 0.0015998207 0.10760659 0.36695728 -0.057355497 0.030213173 -0.043905254 0.2691132 -0.036642566 0.28089866 0.15260294 -0.00933954 -0.19314177 -0.14961171 0.11868257 0.007345296 -0.103634216 -0.0055611767 0.21351154 -0.16061941 0.2824517 -0.21528898 0.18397522 0.10243779 0.021343624 0.027827784 -0.092634626 0.08743666 -0.28504378 -0.012221257 -0.033984445 0.009127106 0.24866383 -0.15110117 0.14793615 -0.043101545 -0.0041813417 -0.078663975 0.12318841 0.16037914 -0.15136462 0.03597576 -0.2657309 -0.079506315 -0.121780634 -0.036053274 0.35819963 0.03336769 -0.011767092 -0.08469655 -0.083026655 0.008131132 -0.0016576869 -0.13526468 -0.15590464 0.15260893 -0.15842888 -0.19865802 -0.2042987 -0.10862304 -0.12923548 0.14205436 -0.17067355 -0.2827433 -0.13738796 0.18139118 0.14127664 -0.0019094339 0.22305019 -0.1252732 -0.13345256 0.12819208 -0.0143495165 0.050552715 0.15617831 -0.16714475 0.35073414 0.22420983 -0.14239578 -0.029946381 -0.21852377 -0.072475076 0.039368317 -0.061417006 -0.15572768 0.2464459 0.032571007 -0.265472 -0.1418964 0.21171235 0.03662021 0.063148625 0.21655364 -0.03721832 0.009087907 0.09328123 -0.035580765 0.15501224 -0.03985884 0.21738797 0.066183105 -0.21984613 -0.21004498 -0.16540095 -0.1357808 -0.03172074 -0.0782299 -0.0070763994 0.014106286 0.1507782
CZE 0.09606 -0.0352046 -0.06755745 0.04951766 -0.0038585863 -0.10266182 -0.028749838 -0.06850893 -0.28723592 0.0093291635 0.1301165 0.0063706758 -0.11920455 -0.13960665 -0.12833299 0.13618647 0.0063939663 0.24488033 0.13997965 -0.1459537 -0.069788106 0.22339816 0.098001055 -0.50598854 -0.17064467 -0.0559336 -0.13608637 0.033412367 0.053463317 -0.2253603 0.018046543 -0.087703414 0.23327146 0.08556154 -0.14201438 0.2558248 0.3692027 -0.09957778 -0.36640325 0.002495371 -0.099118866 0.022280192 0.047552284 -0.068043694 -0.029181499 0.18714494 -0.32895717 -0.12505834 0.22560816 -0.08349171 0.019223806 0.058989253 0.32334405 0.19074602 0.18442929 -0.059917063 0.41414586 0.044093728 -0.27307078 -0.14510265 -0.03347185 -0.117500894 0.29032168 -0.076962784 0.068325244 -0.1144117 0.40361935 -0.051610034 0.08028256 -0.23744892 0.052688975 -0.11217163 -0.5708925 -0.32154343 0.06502024 -0.30326587 -0.08128838 0.11076149 -0.1689985 -0.10492228 0.048616566 -0.001997993 0.1701188 0.2583138 0.12067527 0.48026747 -0.122997835 -0.050267853 -0.049204007 0.18859564 0.01118271 0.11566759 -0.00029922405 0.22161931 0.5290848 0.022063214 0.0009913435 -0.07611984 0.08371828 -0.09922695 -0.18372762 -0.052573122 -0.14979315 0.08749834 0.3013058 0.03861128 0.23001613 0.15028474 0.1686108 -0.21281958 0.19737233 0.027567811 0.009947847 0.017660307 -0.09429862 -0.15072775 -0.0057215258 -0.39865753 -0.020432578 0.20265013 -0.091844745 0.1302143 0.008634847 -0.023142092 -0.04296608 -0.2568789 -0.045748126 0.10659944
KOR 0.28055584 -0.45223045 0.07046383 -0.023777736 -0.021617945 -0.2485488 -0.09732443 0.0688501 0.14859559 0.188885 0.2953652 0.030163469 0.12521246 0.07758581 0.30012408 0.08685591 -0.36146364 0.061719477 -0.28902707 0.026563605 0.044015005 0.38143778 0.12328998 -0.23099117 0.10261796 0.30241036 0.062463228 0.5942365 0.27229297 -0.13020678 0.10501604 -0.14043085 -0.009377244 0.14941491 -0.14597549 -0.025146913 0.28947574 0.032204993 0.3570773 -0.22160636 -0.30422628 0.18880264 -0.18545805 -0.076404326 0.21324451 0.20361692 -0.115435034 0.3267976 -0.121940285 0.15342896 -0.014100329 -0.0243527 0.033858124 0.32274354 -0.1088224 0.082560755 -0.13971993 0.09132718 -0.058382753 0.23948042 -0.2771047 0.001090253 0.018922554 0.2181568 0.15986918 -0.02051218 -0.036490712 0.12634622 -0.08733188 -0.12084869 -0.07804286 -0.20667242 -0.14315869 -0.06184724 -0.10147155 -0.18604195 -0.018160734 0.050318867 -0.17179614 0.18648367 -0.08510334 -0.19566794 0.10328708 0.28910276 0.17063391 0.1346707 0.17143504 -0.23359932 -0.055646498 -0.06667941 0.13030453 -0.065718755 0.1975148 0.058903344 0.24110982 0.02872544 -0.041584197 -0.26414147 -0.0017580239 -0.10484054 -0.25227445 -0.039254818 -0.003929703 0.086098135 -0.039734624 -0.20086795 -0.04991504 0.11329237 0.0077853533 -0.007817775 0.04241875 -0.16783024 0.047717825 0.04552692 -0.15606669 0.110707 -0.041170258 -0.12953351 0.034690015 -0.20366994 -0.14804488 0.014756653 -0.00967438 0.0032877238 -0.06728978 -0.123496674 0.021832794 -0.17071143
HRV 0.052943505 -0.1978304 0.062229726 0.2434082 0.081127524 0.20887856 -0.29787084 -0.1634146 -0.06255159 -0.17825781 0.23700543 0.063705094 -0.060830545 0.119408265 0.1293691 0.2968072 -0.20042127 0.11045919 -0.14304334 -0.22833435 0.13788864 0.14503057 0.18790044 -0.16486296 0.085665226 0.21654262 0.021458028 0.18918805 -0.034309037 -0.06416528 0.0051573985 -0.14530241 0.38089624 0.10005278 -0.045794573 0.048696306 0.18976612 -0.19739355 -0.18651716 -0.13271488 -0.02467984 0.044818733 0.031270187 -0.40057704 0.056641106 0.16917814 -0.2373735 -0.120659806 -0.28125277 0.24861808 -0.14338806 0.016188066 0.20810957 -0.08805807 -0.025170399 -0.13107404 0.3020826 -0.08992943 -0.47318515 -0.22754382 -0.18950507 -0.16407396 0.0840718 0.069599286 0.25056058 0.03528844 0.18876329 0.04205995 -0.060860153 -0.098485105 0.011274659 -0.06007077 -0.27300408 0.003900759 -0.042104483 -0.1448479 0.02392431 0.1364224 -0.20474376 0.0025306882 -0.14773184 0.009506635 0.21207878 0.24802738 0.10831889 0.17928034 0.1576488 -0.12636083 0.13490456 0.05342654 0.115646824 0.0741592 0.37991762 0.152575 0.30671132 0.042354517 -0.2086055 -0.22571011 -0.16652028 -0.36171687 -0.090790525 -0.2292942 -0.14723581 0.23378128 0.28365406 -0.34731555 -0.114717096 0.3829796 0.35355058 -0.23529059 0.20108864 -0.0796052 0.22708772 -0.041470923 0.012696872 0.26542246 -0.054270443 0.06857853 0.1313681 -0.2359462 -0.12143083 -0.04550855 -0.09980305 -0.07377963 0.016483832 0.10530096 -0.16251406 0.24344149
EST 0.07578526 0.050320398 0.056347996 0.24297927 0.16642657 -0.030876126 -0.15036708 -0.21762215 -0.2790401 -0.0815251 0.44495615 -0.14759843 -0.31958678 -0.094470635 0.13003717 0.101209395 0.012008727 -0.11436065 -0.069323055 -0.29685175 0.23422138 0.4982607 -0.013457345 -0.36371696 -0.22544166 -0.060161218 -0.12329572 0.08153832 -0.11911637 -0.2847465 -0.15120767 -0.02821327 0.02760627 0.06095342 -0.14571986 0.18716864 0.18658838 -0.20007835 -0.07626431 -0.077067286 0.020390052 0.13236871 -0.11129696 -0.27230477 -0.049693596 0.013075996 -0.32733732 -0.16821238 0.06718024 0.06538879 -0.121670626 -0.052333258 -0.0112726325 -0.15700339 0.2465635 -0.012288043 0.41696241 -0.18163761 -0.42177212 -0.08404285 0.09151689 -0.09826595 0.12223558 -0.07288681 0.07586071 0.105386846 0.45565572 0.06680775 -0.15299073 -0.22613691 0.014123912 0.15125567 -0.28992882 -0.31465137 -0.08322143 0.05321453 0.14786649 0.1445537 -0.03776258 -0.064598985 -0.003943302 0.093146294 -0.04661949 0.13360943 0.15153381 0.410145 0.00072512595 -0.20710015 0.032727625 0.18970501 -0.31737527 0.28428343 0.10701238 0.22087355 0.14431043 0.29923248 -0.23191284 -0.11149383 -0.031560298 -0.23422466 -0.11122705 -0.18711403 -0.20201129 0.59258246 0.19728287 -0.30829096 0.21963772 0.14543582 0.32937583 -0.1934561 0.031349197 -0.039751433 0.20773628 -0.15293208 -0.07572492 0.209235 0.009720168 0.032171886 0.06185943 0.015153331 -0.31102696 0.072567016 0.3125743 -0.22172506 0.18701196 0.0039400277 -0.08368963 0.234641
POL 0.04825108 -0.06498447 0.012446336 0.24458003 -0.018224867 -0.094424956 -0.34306985 -0.13191317 -0.14968422 -0.14577551 0.36741638 0.094847865 -0.13509375 0.010714787 0.10249773 0.2793518 -0.1518977 0.1858594 0.065649234 -0.013216379 0.20084977 0.16339302 -0.07315452 -0.27722076 -0.12511382 -0.07455618 -0.15606064 -0.023286957 0.07586462 -0.030373544 -0.07419896 -0.031512395 0.20447576 -0.10524946 0.045833167 0.2862548 0.28505686 0.008154712 0.019821031 0.032326106 0.012258024 0.13435625 0.17361434 -0.18311521 0.03605307 0.28722176 -0.40181416 -0.08822605 -0.14200413 0.13333188 -0.12480285 0.010116036 0.10557036 0.037677974 0.03478714 -0.005154416 0.11667417 -0.14536871 -0.18470268 -0.14713232 -0.061064158 -0.3030398 -0.011509378 0.020827556 -0.013790108 -0.024113592 0.3105807 0.06334981 -0.08072481 -0.16009513 -0.020975167 -0.050825726 -0.11377608 -0.13361332 0.1254835 -0.004978574 -0.0605222 0.09859247 -0.27020478 0.030123608 -0.07656441 0.06232594 0.3184616 0.2851674 0.11134923 0.26977754 -0.017746173 -0.025521353 0.14838107 -0.0122728525 -0.060643602 0.2319069 0.28718275 0.27186328 0.5366094 0.16072832 -0.13781646 -0.029828375 -0.12388716 -0.27508646 -0.17213053 -0.042652093 0.012764364 0.41432908 0.38863733 -0.25306168 0.30805373 0.12407842 0.2828463 -0.16387287 0.23716968 -0.08242591 0.06237831 -0.055737484 0.02876883 0.20302558 0.014557689 -0.26637754 0.09530343 0.30897704 0.08082814 0.07897036 0.09471817 -0.07889764 0.11423081 -0.11733644 -0.2071278 0.08420403
SVK -0.024227966 0.027281938 0.06681728 0.1814683 0.10317457 -0.012287068 -0.25020593 -0.14556444 -0.21976857 -0.1918784 0.26831138 0.12135797 -0.2450615 -0.08305894 0.063583285 0.47238752 -0.17777397 -0.0013435365 -0.07495933 -0.01878384 0.23030917 0.11443488 0.029853357 -0.1928465 -0.0845458 0.04008966 -0.14030245 0.08678658 -0.14128175 -0.08679507 -0.05828271 -0.20504013 0.3295283 -0.08017817 -0.03937823 0.21875678 0.18144259 -0.1609864 -0.106283456 -0.22396468 0.20936544 0.08501069 0.13440044 -0.3397605 -0.13895324 0.25848052 -0.39338267 -0.17360231 -0.23784083 0.066501595 -0.14658679 0.009472139 0.19265728 -0.09999866 0.025449272 -0.21384038 0.37278482 -0.1501469 -0.34918976 -0.2832429 -0.14127366 -0.3098434 0.012225092 0.058345594 0.1516862 0.060811162 0.31959084 0.102884464 -0.19940798 -0.2343888 -0.14427371 0.16432482 -0.116432704 0.22746827 -0.19089577 -0.00046754832 -0.04802913 0.06965542 -0.07601584 0.016320817 -0.078058414 -0.063967556 0.23294808 0.21490349 -0.031025836 0.10415544 0.07311483 0.1301176 0.09765883 -0.06569922 -0.038645133 0.29644892 0.34093308 0.0145804 0.3199818 0.21938549 -0.17046271 -0.050670046 -0.30366543 -0.23316358 -0.051067982 -0.085079364 -0.037152216 0.62987244 0.41567376 -0.35463318 0.16875438 0.38450718 0.30618674 0.051320065 0.32300982 0.059217177 0.16054316 -0.03832196 0.19741626 0.32014862 -0.002351683 0.14209685 0.18001868 0.09086869 -0.157234 -0.19378918 0.12361559 -0.007712182 -0.11617533 -0.082875006 -0.07719616 0.28059798
ALB 0.17197452 -0.13951614 0.13283765 0.19439289 0.100062646 -0.18784565 -0.14068335 -0.12214612 -0.29274458 -0.16278133 0.19394755 -0.044431023 -0.08490156 -0.11225626 0.07544551 0.1268186 -0.12629767 0.2737741 0.20259877 -0.0036215675 0.040783726 0.15027489 0.113749616 -0.39457628 -0.1182042 -0.0017108703 -0.07082337 0.0051331134 0.08941783 -0.19979678 -0.06201184 -0.08581705 0.3235688 0.006238349 -0.09232569 0.2489771 0.29871267 -0.09197368 -0.30296987 0.1044979 -0.1850435 -0.042365465 0.10072075 -0.07056894 0.0526861 0.41289738 -0.08384074 0.014388839 0.18050283 -0.062678955 -0.060481712 0.14074332 0.28198838 0.024179788 0.102765344 0.003551043 0.25494248 0.04345979 -0.10956043 -0.3563872 0.06818473 -0.20917742 0.24191433 0.07041538 0.0100348145 -0.15527977 0.33572745 0.07280584 -0.051509727 -0.28237692 0.067978285 -0.14480884 -0.47509167 -0.3764814 0.0033361155 -0.268584 -0.0064860596 0.15014803 -0.22355492 -0.048411295 0.03793461 -0.004970663 0.3215234 0.39046592 0.26912168 0.41348383 -0.14551172 -0.14326908 0.031101787 0.0035335927 -0.080111854 0.017862648 0.10505561 0.33159834 0.51115954 0.19479409 -0.0049373233 -0.058530826 0.13624622 -0.15378974 -0.3200876 0.05493994 -0.03183869 0.11723443 0.26924467 -0.07628176 0.19030286 0.1446234 0.09441947 -0.2830969 0.08729385 -0.020423416 -0.08352602 -0.09556372 -0.19281325 -0.24266157 -0.010966034 -0.47748047 -0.05687452 0.11875176 0.00010109114 0.2961524 0.18852626 -0.05227495 -0.024967177 -0.30187485 -0.10270523 0.039412793
UGA 0.075644776 -0.26899785 -0.1456776 0.002778 -0.039118282 -0.47481558 0.16042583 0.10976162 0.011637284 0.4439217 0.39092907 0.005246384 0.034088444 -0.07332314 0.37736323 0.15688135 -0.030353267 -0.031145047 -0.058080956 -0.0599846 0.089742266 0.18569253 -0.010626781 -0.05995266 -0.064408846 0.43077078 0.0037611092 0.3393765 0.12082415 -0.12761384 -0.15754068 -0.37823904 0.14865372 0.10161892 -0.0888391 0.14949091 0.18255407 -0.17666578 0.10881567 -0.21930541 -0.21736175 0.03481692 -0.20540462 0.18396203 0.21227658 -0.15333112 -0.33504656 0.23276545 0.05774718 0.18296228 0.24561605 0.06986275 0.07706014 0.14922568 -0.20224229 -0.22823109 0.004982109 0.060835946 -0.30309102 0.041125033 -0.07791842 -0.02915185 0.15638195 -0.18255335 0.14017774 -0.082492396 0.12386165 0.045260582 0.00221894 -0.087331526 -0.09112328 -0.17218733 -0.21357286 0.009425926 0.19091465 -0.09881469 -0.19156419 -0.004426513 -0.004396398 0.26435614 -0.33569014 -0.30802116 0.18117478 0.2190489 0.0128785465 -0.113052644 0.23862767 -0.38816503 -0.16947518 0.0705114 0.30179355 -0.0026331053 0.38227668 -0.1346478 0.37086037 0.21575923 -0.16954729 -0.14374997 0.152759 0.06566525 0.11863542 -0.09904606 0.16010302 0.18897496 0.008273177 0.04739104 -0.029731885 0.02924218 0.16419554 -0.01350805 0.054539397 -0.010576241 0.004193006 0.0036074799 -0.37050655 0.051214572 -0.18978158 0.054609697 0.03849731 -0.10618233 -0.3660316 0.13791203 -0.11692168 0.071560346 0.012932184 -0.20292257 -0.15981337 0.13827704
CMR 0.20006928 -0.15614767 -0.02783913 0.07198745 0.15221222 -0.41752645 -0.1472624 0.007589565 0.17059629 0.01713237 0.41743714 -0.037167277 0.04203014 -0.05678664 0.12404237 0.037484176 -0.05427242 0.062060017 0.009648566 0.042499106 0.14094123 0.24866454 0.029777775 -0.21391335 0.053590406 0.2578817 -0.16479875 0.019244935 0.138357 0.3096393 -0.30578277 -0.021226784 0.21952766 0.11004714 -0.15171398 0.13607061 0.36380625 -0.06986464 0.15656175 0.07388606 -0.109292 0.013221473 0.12022886 0.051565997 0.09147844 0.07339915 -0.45315802 0.021798091 -0.01216943 0.13773374 0.22890523 -0.18947817 -0.023663284 -0.13169256 -0.06373239 -0.12390925 0.12140391 0.09126447 -0.1490782 0.039554957 -0.040119518 -0.0020503514 -0.0660869 -0.2337674 0.052168403 -0.02867414 -0.041323613 0.0568184 0.055529002 0.21042044 0.27272412 -0.17315146 -0.2194683 -0.2577695 0.18469153 -0.34736264 -0.14950831 -0.0054147495 -0.25736123 -0.059798248 -0.21961878 -0.15652819 -0.053192213 0.12318263 0.16105695 0.15266156 0.11585454 -0.109682895 -0.14028347 0.12676445 0.020636978 -0.06169967 -0.028481118 0.033117697 0.30208978 -0.142229 -0.18041578 -0.28381985 -0.05982144 -0.23154351 -0.10807522 -0.009764844 -0.08396301 0.15272278 0.118965395 -0.25538325 0.062425915 -0.120058574 0.20173696 -0.35763016 0.19493473 -0.07723111 -0.13489102 0.0093501285 -0.18878011 -0.021076316 -0.18177377 -0.069995485 -0.10027727 0.011568959 0.08301409 -0.07251763 -0.07281211 -0.030010719 0.15509492 0.16717708 -0.21482658 0.13968539
UKR 0.024400694 0.09563408 0.0408723 0.33969814 0.018956799 -0.10441148 -0.32832995 -0.15890627 -0.20106703 -0.18056446 0.39021474 0.17765057 -0.19182606 -0.08818748 0.093821764 0.41201726 -0.1432561 0.09261185 -0.007132396 -0.08175337 0.28419116 0.14214928 -0.050433688 -0.30968112 -0.13002062 -0.003815423 -0.20009995 -0.05180693 -0.09291827 -0.021239826 -0.087516904 -0.18471879 0.28457117 -0.08675917 -0.053658515 0.3447497 0.22521672 -0.094787136 -0.10242672 -0.1620587 0.08400905 0.15270217 0.17439865 -0.28845617 -0.070259295 0.2008345 -0.556474 -0.18010487 -0.25147527 0.09955865 -0.20963801 0.016536621 0.100848205 -0.059854507 -0.009188482 -0.16735387 0.26732904 -0.21827362 -0.2807555 -0.25549453 0.01111584 -0.28157517 -0.039491467 -0.035719167 -8.374348e-05 -0.013353934 0.35900375 0.11176258 -0.12940317 -0.20214465 -0.13127938 0.10146412 -0.11084309 0.05937759 0.016504552 0.02687948 -0.007167119 0.11972779 -0.06648822 -0.028113546 -0.0908589 -0.014728286 0.3092629 0.33564812 -0.049006477 0.15047997 0.109303825 0.013931388 0.16916347 -0.049275998 -0.017757932 0.35017955 0.36766654 0.11041918 0.4296015 0.13969903 -0.18911587 -0.16536994 -0.27636024 -0.16378747 -0.068606995 -0.13076799 0.049681276 0.5805217 0.45267126 -0.26881573 0.2709908 0.24639648 0.35219467 -0.09780846 0.32234836 0.007391669 0.15051769 -0.04839056 0.19816776 0.30924946 -0.054673612 0.03217286 0.07547031 0.19649154 -0.07869439 -0.108778134 0.114038475 -0.08326396 -0.033691596 -0.07124137 -0.19900008 0.22460423
GEO 0.18611343 0.11537089 -0.047423556 0.19793688 -0.13280155 0.1731317 -0.024441563 -0.012792135 -0.43211856 -0.00958616 0.017600626 0.103933066 -0.070571825 -0.16427144 0.0085516665 0.27396858 0.13457371 0.212304 -0.19152467 -0.43061587 -0.275348 0.6297991 0.09518899 -0.6986211 0.09383258 -0.08279812 -0.27858883 0.00044940098 -0.016553938 -0.23708335 0.13043848 -0.038981225 0.24125884 0.16393325 -0.3071086 0.15704134 0.35552388 -0.1440448 -0.40198925 -0.24975361 -0.17552704 -0.18431206 0.20356059 -0.3434784 -0.04531185 0.04117792 -0.3188494 -0.29150572 0.3030759 -0.0012019842 -0.02241722 -0.060832273 0.1992617 0.3306644 0.44326732 -0.2313205 0.76417494 -0.09277507 -0.48206523 -0.14903915 -0.1703057 -0.04655934 0.28088853 -0.02420362 0.064903215 0.062106054 0.5547465 0.0051317816 0.20618564 -0.025007444 0.0645218 -0.0248546 -0.7998876 -0.21516895 0.13341819 -0.37771937 0.07097991 0.018137043 0.003051483 -0.3772678 0.08647648 -0.04000098 0.07858102 0.5529431 -0.17808034 0.70268774 -0.04767896 -0.0056484835 0.10384924 0.2907199 0.13282765 0.21252468 0.07859885 0.023056543 0.70603746 -0.019040046 0.029150851 -0.48015794 -0.118345626 -0.042363815 -0.097524434 -0.19394185 -0.38059458 0.12404495 0.32265002 0.23437572 0.27210203 0.25405243 0.24459572 -0.16929717 0.2912032 0.09855603 0.06904385 0.4346995 -0.0030160681 -0.150093 -0.19610354 -0.310159 -0.07100419 0.1597747 -0.12605749 0.08498063 -0.10228407 0.018174695 -0.3779719 -0.10899741 -0.07309537 0.23479979
FSM 0.10642795 0.0054297005 0.17986768 -0.12086968 0.1933449 -0.31610826 0.25074986 0.08941828 -0.09498629 0.13571787 0.19314727 0.06838316 -0.11839957 -0.19454336 0.38734722 0.28377932 -0.055213492 -0.00014520847 -0.1909404 0.092380136 -0.03436173 0.16906683 0.12954114 -0.11505444 -0.047720794 -0.0014754751 -0.17789108 0.32218978 -0.080826834 0.003276686 0.0045649605 -0.01407795 0.45910394 0.13871868 -0.43291074 0.20496324 0.23447505 -0.29001796 0.25877002 -0.2637721 -0.08694867 0.29135138 -0.13277124 -0.102698125 -0.31649727 0.153895 -0.12226348 0.12314625 -0.037886854 0.12572683 0.091318585 0.14461112 -0.033222795 0.09209152 -0.13928315 -0.20182718 0.10702235 0.20230047 0.12158267 0.018572195 -0.03793239 -0.011399529 0.119234115 -0.034359593 0.3487969 0.16061799 0.07889115 0.26378986 -0.04748371 -0.22178346 -0.063341 -0.071782365 -0.10474679 -0.09911981 -0.34098703 -0.05468697 -0.04786456 -0.29857376 -0.015414333 0.32495785 0.118138194 -0.2446286 -0.09854164 0.27419788 0.07344496 -0.11046907 -0.10021137 -0.19445513 -0.05014864 -0.12540479 -0.36735138 0.09309125 -0.11590815 -0.16636148 -0.06459552 0.2293103 0.008977233 -0.16639987 -0.14077337 0.026691161 -0.23229595 -0.0081774965 -0.06618454 0.15826847 -0.118429236 -0.14817965 0.09983491 0.44794866 -0.09781855 0.36487392 0.16432537 0.06478423 -0.20769452 -0.17344327 0.08943931 -0.025030648 -0.29430217 0.05838438 -0.050522935 -0.26618463 -0.6326629 -0.12269821 -0.02749404 0.16097414 -0.4337117 -0.10482483 0.17848629 0.0726065
COK 0.19453405 -0.27361506 0.016923428 0.0005625656 -0.06872424 -0.054049566 0.008756995 0.17707133 0.20366356 0.18859015 0.19972211 0.065725945 0.18967469 0.16191393 0.55419904 0.066215836 -0.17066586 -0.072042204 -0.52183795 -0.055142324 -0.1889355 0.5934717 0.09714633 -0.18004683 0.10640412 0.1132095 0.15795842 0.63389593 0.08417361 -0.32042935 0.0064761303 -0.17260723 0.04918831 0.26275873 -0.30080575 0.032690495 0.22282025 0.039384242 0.42405823 -0.4110832 -0.19792247 0.16113575 -0.17293449 -0.012702939 0.017310372 0.21032448 -0.15373813 0.51509416 0.06678778 0.17366219 -0.094324335 0.08379211 0.05378274 0.4952058 0.1066297 0.099936135 -0.059071947 0.042811878 -0.056915037 0.4999798 -0.38167855 -0.026571246 -0.024547942 0.0682699 0.3094706 0.25362545 -0.1986908 0.06319488 -0.10049093 0.08069493 -0.20892382 -0.060194846 0.007965477 0.07272353 -0.15917566 -0.0072898585 0.024805099 -0.18766215 -0.14130038 0.28860644 -0.002661313 -0.33635613 -0.18205917 0.34115085 0.07096612 0.05890033 0.18241663 -0.16391361 -0.17863506 0.09250503 -0.14761986 0.09595981 0.2256118 0.11476456 0.11198007 0.20176794 -0.14256425 -0.2045189 -0.061163474 -0.045362636 -0.36085686 -0.20899945 0.037763447 0.34833783 -0.27926233 -0.21193936 -0.031280756 0.40581155 -0.0017291976 0.12534498 0.11776345 -0.17192748 0.1478001 0.11353298 -0.16781768 -0.01612952 -0.19721256 -0.07792438 -0.1002936 -0.29674247 -0.41777936 -0.089500576 0.31099188 -0.10900626 -0.14235786 -0.32383192 0.18938881 -0.06437401
NER 0.05295838 -0.23473889 -0.13911784 -0.11820095 0.116752855 -0.4228569 0.022855615 0.057778846 0.13179913 -0.0026815194 0.27181944 -0.02609977 -0.033626024 -0.08966541 -0.017994268 -0.02458921 -0.030980486 0.01792268 0.055033244 -0.0496589 0.12984794 0.22675958 0.11481517 -0.3107846 -0.11979142 0.26824638 -0.085900605 -0.0357291 0.21759059 0.08000288 -0.26494357 -0.114430316 0.11810035 0.05102774 -0.21467742 0.21421242 0.22193165 0.038608845 -0.042143267 -0.010532974 -0.17583534 0.07617561 -0.058232557 0.15230253 0.053826243 -0.014448082 -0.25745964 -0.03718697 0.09994439 0.06745769 0.09612954 -0.10445532 0.07674343 0.048478503 -0.06882671 -0.0948024 0.30530596 0.111232676 -0.20240463 0.08129672 0.04987019 0.021290673 0.20813912 -0.3801271 0.09357253 -0.037363425 0.053119816 0.11362374 0.08500982 -0.029294908 0.16842362 0.0032756422 -0.3675318 -0.32915834 0.031265426 -0.38779986 -0.26846308 0.11966763 -0.18174756 0.21465184 -0.24952823 -0.111016996 0.070281886 0.12634908 0.15366161 0.19722182 0.018954083 -0.13845624 -0.18180156 0.099119574 -0.008417681 0.0027613756 -0.05651244 0.012936811 0.39822274 0.016768007 -0.15979487 -0.04327708 0.08255073 -0.028652553 -0.08910621 0.16098285 -0.030466009 0.09172376 0.05230845 -0.018320967 0.040616583 -0.14024338 0.009927731 -0.21805568 0.120677635 -0.008593239 -0.04240481 0.12560637 -0.27905616 -0.105322234 -0.25237304 -0.341971 0.12257982 0.08691386 -0.29410028 -0.15584502 0.04677627 -0.048236568 0.17291987 -0.060345616 -0.15335397 0.3221195
GHA 0.035009176 -0.109799616 0.0030893872 -0.011319765 0.3259581 -0.513245 0.0044529727 0.063509576 0.20038474 -0.07421992 0.39801392 -0.15551957 0.09277562 -0.053157225 0.2583418 -0.031323142 0.013450612 0.05594869 -0.05862605 0.06828368 0.10475837 0.451594 0.0076530185 -0.18935874 -0.073220775 0.1540997 -0.20892662 -0.18269059 0.10919294 0.33088037 -0.559379 -0.05138061 0.21332124 -0.037099015 -0.2589782 0.2157516 0.19497421 0.016111787 0.17687227 0.019829068 0.07887935 -0.06327023 0.2330719 0.19576164 -0.053966325 0.062903486 -0.31918195 -0.06448922 0.18409906 0.14580709 0.2685599 -0.19867042 -0.0064808642 -0.24707735 -0.07552419 -0.06124919 0.19294538 0.24736695 -0.07218786 -0.10010001 0.056229077 0.011783173 -0.10563838 -0.3074081 0.16418734 0.09280998 -0.06667505 0.13147067 0.012676209 0.2788797 0.45832655 -0.10236906 -0.30109218 -0.2976671 0.14702342 -0.39766634 -0.18249218 -0.1563023 -0.20018075 -0.03509029 -0.17727907 -0.18544143 -0.18954213 0.24099663 0.21065597 0.16293162 0.08648453 -0.12157253 -0.18860096 0.16859274 -0.10357021 -0.036172785 -0.07260412 -0.04799784 0.2875667 0.04611449 -0.27001366 -0.27080098 -0.19773842 -0.18239419 -0.14811534 0.074996956 -0.12063479 0.24464148 0.06424226 -0.24906021 0.049364857 -0.12917216 0.023690512 -0.3824536 0.3342203 -0.018776812 -0.29021016 0.06647302 -0.16023523 -0.2744216 -0.2985595 -0.077426225 -0.08574873 -0.06253871 -0.008538494 -0.082399815 0.04728959 -0.08236285 0.09899038 0.22522318 -0.2591443 0.34058255
JOR 0.08451395 -0.29276413 -0.002093367 0.27939045 0.010461054 0.0034892014 -0.1345094 -0.051413912 0.105940126 0.14899096 0.21646874 0.09394584 0.03286012 0.020428376 0.18577644 0.15526922 -0.16105704 -0.012035842 -0.24949282 -0.11050404 0.14633872 0.14772981 0.17955053 -0.1497689 0.10871031 0.3540094 0.029347725 0.38487622 0.064812295 0.016595207 0.04480093 -0.10104631 0.21116053 0.3095925 -0.14474317 0.03710655 0.35852784 -0.20705606 0.1642971 -0.15569878 -0.2679924 0.12488715 -0.10642206 -0.15264449 0.21094218 0.071038164 -0.23989476 0.159289 -0.24911617 0.1959973 0.056643605 -0.042806253 0.085757375 0.10236612 -0.14295791 -0.16557579 0.16937238 -0.08386264 -0.31391716 0.04567707 -0.12070578 -0.04635136 0.17142338 -0.03765615 0.19883056 -0.10068917 0.009743676 0.13852704 -0.081733055 -0.043004997 -0.0604203 -0.20572121 -0.28098097 0.0057629235 -0.0057023615 -0.16523428 -0.08766623 0.112656236 -0.17890564 0.20565113 -0.13863105 -0.052965146 0.12229237 0.24000677 0.040704213 0.00927845 0.2807665 -0.23876575 0.08134615 0.08139022 0.21821888 -0.10054636 0.25997728 -0.032644365 0.1661354 -0.18542156 -0.11320323 -0.23906015 -0.06372171 -0.21896482 -0.055953737 -0.20204517 -0.06696556 0.046741687 -0.058610443 -0.23694962 -0.17316528 0.28505632 0.16849387 -0.1565559 0.08521919 -0.12559634 0.18405487 -0.023771845 -0.1629541 0.12426876 -0.10391881 0.1497374 0.011373959 -0.39423555 -0.15950008 -0.097990684 -0.21449968 0.05554884 0.010882501 0.09003171 -0.05671817 0.0095281955
BOL -0.069100894 -0.12028774 -0.09387146 -0.37725523 -0.0006293581 -0.21882614 0.049933918 0.06213571 -0.0889962 0.21160507 0.29548973 0.10541299 -0.20716152 -0.07948032 -0.08633343 0.17460428 -0.005576667 0.0008162855 -0.23341703 0.24268843 0.105931886 0.2505213 -0.06788192 -0.41079542 -0.3385261 0.0858028 -0.38068604 0.09867082 0.17523871 -0.15607998 -0.13985069 0.009551886 -0.09174547 -0.004104709 -0.09808896 0.021928944 0.40607518 -0.20321818 -0.07851404 -0.060942028 0.2711396 0.024841608 0.06944132 -0.09784185 -0.1484577 0.30744004 -0.27732676 -0.19456394 -0.060906775 -0.122118056 0.17150086 -0.21766098 0.26829764 0.25631526 0.30118257 -0.23773095 0.5911253 -0.15073863 -0.13308947 0.1299686 -0.15017451 -0.32403296 0.03157369 -0.09026453 0.41215435 -0.0066900193 0.13587812 -0.03658083 -0.04988411 -0.21272479 0.02950094 0.077125564 -0.44105107 0.03948685 -0.10818051 -0.4312956 -0.32807028 -0.036018565 -0.4057297 -0.15055253 0.20376734 -0.21858178 0.050694186 0.06260577 0.33733273 0.38689905 -0.10530843 0.24191634 -0.1915404 0.113251075 -0.14275232 0.32184368 -0.09428438 -0.084276475 0.5309947 -0.26225275 0.04138875 0.07964214 -0.079635106 -0.11926563 -0.043591596 0.1992296 -0.2793549 0.07138659 0.2274696 -0.1743543 -0.028653601 0.2901633 0.30654454 -0.020057471 0.36357206 -0.01267785 0.12823844 0.3031816 -0.051394794 0.1776788 -0.12389594 -0.16539942 0.011747933 0.25060347 -0.067410246 -0.23855491 -0.015294868 0.24734925 -0.22527237 -0.38109002 0.02543411 0.18946226
TUN 0.18206593 -0.09873318 0.10847664 0.037973095 0.15049843 -0.38248405 -0.16277201 -0.006091723 0.2207847 0.32216644 0.43353105 -0.032532625 0.022726843 -0.030548684 0.33833566 0.025811573 -0.057139684 -0.12455984 -0.22512513 0.070134334 0.23937196 0.35560775 0.119381234 -0.10957727 0.080864325 0.281923 -0.22809085 0.16310166 0.2465829 0.08799647 -0.21325538 -0.1159915 0.017763978 0.19788252 -0.22650813 0.12186008 0.35489026 -0.21442322 0.35563552 -0.01485373 -0.31882778 -0.16178527 0.021038854 -0.098060705 0.0903152 0.14103356 -0.16237551 0.018553652 0.013102802 0.16798706 0.18341331 0.07754461 -0.26612166 0.05278826 0.075001515 -0.167856 0.0794811 0.027212314 -0.1286522 0.004167913 -0.1261385 -0.016574273 0.1230673 -0.18009913 0.13912347 0.040878918 0.2584968 0.2503534 -0.1254932 0.120861694 0.15229583 0.08043053 -0.221159 -0.0119889965 0.0658787 -0.051888593 0.018427864 -0.11479422 -0.17898045 0.09002095 -0.108798735 -0.010459114 0.0008440021 0.21071152 0.031541135 -0.078778505 0.12573968 -0.13079676 -0.14393993 0.0630145 0.046328258 -0.10594431 0.06848875 -0.2114165 0.3029363 -0.053214192 0.014415176 -0.16871275 0.037707865 -0.07999976 0.007920839 0.20315522 -0.011434702 0.08695292 0.012019143 -0.072565585 -0.020119572 0.0558847 -0.08342529 0.030314527 0.043727044 -0.11756556 -0.13002512 0.0073806494 -0.27279168 0.07211224 -0.15673418 0.058477566 -0.019517258 -0.0077947807 0.0716874 0.16458583 0.02355739 -0.035861686 0.19041537 0.09238043 -0.26283446 0.16545825
CHE 0.08512538 -0.02358212 0.08197275 0.15983239 0.17444594 -0.14918882 -0.25228778 -0.092211336 0.058851138 0.0355884 0.30028903 -0.026296962 -0.050434455 -0.0011561846 0.26004946 -0.05091382 -0.02555996 -0.0151205445 -0.11827698 -0.018185942 0.2672 0.2861174 0.15757622 -0.17519638 -0.06849582 0.2795541 -0.24283049 -0.040011372 0.13532187 0.0129051 -0.3070357 -0.15055583 0.13817874 0.06584971 -0.12234533 -0.0040872484 0.094251774 -0.24929151 -0.088889755 0.10703257 -0.1442377 -0.27816352 0.06674052 -0.11535588 0.018165559 0.16832906 -0.077878915 -0.062524065 0.0011208941 0.21398239 0.025182832 0.09830361 -0.07277793 -0.21719933 0.103829175 -0.13840322 0.29023957 0.07331394 -0.20900136 -0.27918273 -0.040849257 -0.09004648 0.15343069 -0.08173717 0.1738589 0.08608469 0.28349438 0.15931328 -0.05179853 0.067621626 0.20026796 0.08812722 -0.33011118 -0.16409765 0.0318609 -0.15476406 0.0895313 0.031929754 -0.17742893 -0.081445314 0.003801565 -0.005832576 0.036469307 0.36988994 0.16955881 0.14106682 0.11093731 -0.18255618 -0.070749246 0.063674234 -0.045268755 0.02330669 0.17423858 -0.025910653 0.3652716 0.056855336 -0.14635567 -0.25984216 0.0065631554 -0.16232161 -0.07768406 0.05683777 -0.10490764 0.1675135 0.08786705 -0.17829986 -0.10993919 0.16677138 0.13769567 -0.19711928 0.030110255 -0.14331552 -0.08261073 -0.040429227 -0.27467442 0.11660745 -0.21887179 -0.0064308187 -0.037494715 -0.11551146 -0.037770793 0.12496388 0.123178974 -0.065335914 0.07731248 0.12964812 -0.28803155 0.2791661
NIC -0.17046486 0.021699734 0.022848172 -0.050769694 0.28397903 -0.18816677 0.27084845 -0.0012903832 -0.18665202 0.02026894 0.18766452 -0.03568403 -0.18662407 -0.28662187 0.24455744 0.20264736 -0.09840615 -0.18496032 -0.39622793 0.24615856 0.07084029 0.3479737 -0.18015945 -0.14631052 -0.09160555 0.13967516 -0.016879478 0.16316947 0.034502987 0.042622834 -0.32614934 -0.14030461 0.07326274 -0.14029804 -0.22281446 0.118096575 0.086599894 -0.035392683 0.2740301 -0.28757814 0.39388043 0.11572648 0.3134705 0.13104416 -0.16680649 0.10349372 -0.093002744 -0.099291325 0.00065127935 -0.18644895 0.2786178 -0.19325452 0.17727941 -0.092201985 -0.09825636 -0.1907283 0.36497417 -0.04210885 -0.22313845 -0.10689296 -0.11001426 -0.22681686 -0.10126588 -0.14412348 0.14924334 0.08685779 0.10361882 0.1936462 -0.24202932 -0.059982195 0.08952514 0.15227604 -0.20838141 0.26028705 -0.23439474 -0.17993519 -0.22042294 -0.17556871 0.020279419 0.18639849 -0.05364178 -0.26675317 -0.012830914 0.33561054 -0.123785034 -0.09433514 0.11871298 0.16910647 -0.087124236 -0.087581255 -0.03945961 0.09841476 0.18381906 -0.21503638 0.24641569 0.15305132 -0.07754234 -0.0010301778 -0.22134842 -0.1812215 0.09450952 -0.023331303 0.027654167 0.5793293 0.06780739 -0.16835587 0.23457454 -0.013078683 0.07967226 -0.02224869 0.4496143 0.2251515 -0.015467242 0.28729475 0.045121077 -0.10610244 0.06830264 0.10367457 0.1819479 0.23049536 -0.10787024 -0.14962992 0.26694754 0.093660705 -0.21549931 -0.17218332 -0.10776743 0.0553852
ZWE 0.24346416 -0.21701415 0.058123734 0.06567331 0.014177649 -0.46019986 -0.035397787 0.024095267 -0.054954335 0.20316416 0.3433884 0.02704095 -0.09041563 -0.16241853 0.4545368 0.22022258 0.01763143 -0.09974174 0.015585728 0.021384183 0.114295974 0.27944046 0.046616018 -0.05901758 0.030945372 0.27004462 -0.20214908 0.116589196 0.13500454 0.02057171 -0.11877751 -0.17844266 0.13827434 0.106142715 -0.27077973 0.13786937 0.2241907 -0.15380614 0.19296664 -0.10987178 -0.34782243 -0.085962206 -0.12532645 -0.01911364 0.16098374 0.0058689946 -0.120002575 0.13921495 0.030813761 0.1301979 0.17849736 -0.07529212 -0.18370938 -0.057341173 -0.0024730049 -0.24264315 0.14944527 0.003284041 -0.023945827 -0.15249527 0.004714933 0.052895915 0.07573873 -0.099824674 0.05219536 -0.044142447 0.2141687 0.2174213 -0.093075775 -0.10924055 0.08732757 0.03618393 -0.18783873 -0.06852388 -0.07092083 -0.17889567 -0.10569222 0.034088742 0.020033516 0.11011361 -0.12609152 -0.24172625 0.11633408 0.15007342 0.07448265 -0.060683142 0.07816217 -0.29169706 -0.018526807 0.0044713123 -0.09224681 -0.015781842 0.055154536 -0.18764806 0.35807234 0.29369065 -0.024864119 -0.1154953 0.07610612 0.081322834 0.030676344 0.18126182 -0.07784486 0.1655848 -0.015139668 0.09733489 0.069909796 0.011104617 -0.085903615 0.20657861 -0.10099737 0.13839997 -0.17495771 0.09985979 -0.22143462 0.014441252 -0.1445425 0.035872318 0.0070055807 0.0013696789 -0.2473834 -0.007288959 -0.083078444 0.0882461 -0.15962331 -0.09298691 -0.06475986 0.2796892
MRT -0.24413484 -0.15389192 -0.21439146 0.084732786 0.28181475 0.021716785 -0.07930302 0.044002343 0.20138386 -0.015015053 0.12673473 0.12057366 0.091580965 -0.007840575 0.027950028 -0.142601 -0.28294355 -0.08815066 -0.13833351 -0.0056830845 0.05156601 -0.015850618 0.12065965 0.015332588 -0.35468817 0.26057005 0.1677681 0.15629134 0.15178353 0.0075245295 -0.23974612 -0.07443204 0.29013795 0.20067365 -0.32646716 0.17802526 0.45483124 -0.04122625 0.08488329 0.12904888 -0.13195367 0.2660715 0.10934437 0.1545418 -0.11351184 0.106015325 -0.02121003 0.025377585 -0.16352777 0.4053436 -0.027459955 -0.061140455 0.1314028 0.16008553 -0.43092263 -0.024566114 0.1838111 0.08811109 -0.3773601 0.110237025 0.0066121747 -0.066784196 0.24949168 -0.3493992 0.4200129 -0.06738 0.04206435 0.2880852 -0.1349589 -0.07440988 0.13907802 -0.093888044 -0.5250651 -0.124906644 -0.07557089 -0.31515208 -0.25138018 -0.15180737 -0.29880443 0.4625545 -0.123722084 -0.18125042 0.19662583 0.48473737 0.017359536 0.13277428 0.17556095 -0.18133163 -0.077211566 0.16003102 0.27590388 0.066993155 0.19521224 0.06537299 0.113845594 -0.29222426 -0.19680816 -0.19273709 0.040726114 -0.09859907 -0.34521008 -0.01814156 -0.099026285 -0.14246193 -0.045736805 -0.28659752 -0.020600237 0.23576528 0.15914717 -0.32904965 0.33902866 -0.2724477 0.06731817 0.015971677 -0.25300172 -0.043935988 -0.13674322 -0.2853346 0.22339834 -0.28857866 -0.23741096 -0.117391296 -0.005456663 0.11531987 -0.0049123364 -0.011499717 -0.2063418 0.23186569
BDI 0.029078236 -0.18126698 -0.026470203 0.10392389 0.11421435 -0.17141041 0.11368074 0.0587409 -0.05806953 0.38434795 0.20842145 0.064239316 0.09265166 0.04619426 0.32756585 0.090368636 -0.18825708 0.19543113 -0.1637659 0.07797585 0.063737296 0.044133913 0.021424545 0.0049551013 -0.14418924 0.19246618 0.07851663 0.38032916 -0.06628131 -0.12410947 -0.10225646 -0.24411722 0.24180563 0.15843382 -0.03322351 0.08659306 0.10420012 -0.25475323 -0.019254463 -0.06436736 -0.055514075 0.14692478 -0.13673535 0.1604843 -0.003623027 -0.05084475 -0.21033913 0.31230956 -0.065727286 0.2323397 0.18919234 0.16377282 0.2813081 0.07326621 -0.32928097 -0.055457313 -0.038135123 0.14198075 -0.28028697 -0.037570562 -0.13565949 -0.12345766 0.16044709 0.008875616 0.3399287 -0.10429657 0.14217255 0.08490625 -0.020459894 -0.22910151 -0.15630426 -0.2838095 -0.22627972 0.061774377 0.062041007 -0.2091939 -0.13330245 -0.13932595 -0.11161986 0.28899702 -0.19111085 -0.23458743 0.17558275 0.35933566 -0.03203884 -0.07642728 0.30189705 -0.37527367 -0.08071146 -0.020264782 0.31123754 -0.038686376 0.36214697 0.0011415847 0.24751097 0.1973297 -0.161995 -0.22703363 0.086879246 -0.0428391 -0.058699768 -0.30565327 0.16216855 0.11168911 -0.017435296 -0.08736657 -0.094397046 0.31829098 0.21485884 -0.020782681 0.20985386 -0.12107524 0.053818263 -0.06857604 -0.20882832 0.090809725 -0.13651729 0.077258654 0.07451312 -0.21890768 -0.26854017 0.1642938 -0.066406585 0.16248712 -0.15192294 -0.13646145 -0.060209375 0.08819354
SVN 0.19746312 -0.22989559 0.14533788 0.07072842 0.040141825 -0.25115705 -0.23955476 -0.17747082 -0.11850834 0.24379125 0.26606226 0.05533894 -0.14215632 0.013530889 0.42144212 0.18657804 0.025066316 -0.14690106 -0.04440294 -0.02844727 0.3103359 0.2092382 0.048899636 0.022280037 -0.024805736 0.25571746 -0.35283312 0.13019319 0.1633969 -0.042657893 -0.06843042 -0.08827484 0.25664583 0.24125305 -0.21399586 -0.06626866 0.22289887 -0.4065037 0.09028583 5.690806e-05 -0.34226283 -0.14582863 -0.087623686 -0.29821542 0.07384161 0.11456043 -0.042154495 0.05237808 -0.08292679 0.18260533 0.17512648 -0.093860805 -0.16143315 -0.18039268 0.17108987 -0.24622998 0.2871057 0.022237858 -0.093990825 -0.32234186 -0.12658443 -0.08437782 0.11578978 0.09162274 0.21918887 -0.02172177 0.4404334 0.17260554 -0.15719438 -0.20469013 0.09148088 0.16364251 -0.2405663 0.026635941 -0.19951807 -0.25263375 -0.038627174 0.071721286 -0.17298219 0.029575206 -0.044603933 -0.15139145 0.14056882 0.183685 0.11224579 0.010387436 0.09867836 -0.27030256 0.056213513 -0.011536569 -0.11580968 0.0046062325 0.05038687 -0.19326703 0.5288517 0.2837838 -0.013222373 -0.053521205 0.013129309 -0.10059997 0.11361204 0.26454076 -0.2391391 0.1679727 0.048515737 -0.019985404 -0.04574752 0.23065843 -0.005211717 0.25095722 -0.14834832 0.078921735 -0.14019749 0.009036586 -0.24689634 0.29005796 -0.029328248 0.1015627 0.11677994 -0.1220612 -0.12467213 0.010968359 -0.15523623 0.12778692 -0.08256482 0.045725435 -0.046809692 0.37152904
PRT -0.041756377 -0.073521115 0.010209672 -0.10292105 0.15789387 -0.33946028 -0.15496416 -0.006486812 0.27344257 0.1746732 0.24036737 -0.028757 0.0050436836 0.011302525 0.14389193 -0.048771307 0.03709098 -0.11816781 -0.16765504 0.030967332 0.37498584 0.3589855 0.14049233 -0.18887712 -0.17227452 0.38245893 -0.35648867 -0.021201797 0.24635637 0.10061221 -0.3955578 -0.19651759 0.077370785 0.076887 -0.12815362 -0.027985152 0.14210431 -0.27856153 0.07343319 0.043203197 -0.053165846 -0.19227959 0.06839798 0.002674969 -0.08995156 0.09483494 -0.2573785 -0.11267218 0.03892257 0.17711015 0.14944726 -0.018304283 -0.039851423 -0.09811758 0.07556419 -0.15485986 0.3338015 0.24605252 -0.11451821 -0.07509878 -0.09536468 -0.08541022 0.16537203 -0.19238502 0.3356591 0.093497284 0.19655104 0.13459869 0.0036062305 0.15990958 0.18589856 0.16143297 -0.32373032 -0.04685223 -0.06565759 -0.3306789 -0.1334431 -0.030468674 -0.24970034 0.116120085 -0.10474477 -0.08227971 -0.108735606 0.27511063 0.20396954 0.04357327 0.12485759 -0.06618362 -0.24283978 0.10530877 -0.0120268585 0.026032157 -0.017900487 -0.2553148 0.44877127 -0.04682603 -0.17609647 -0.09876079 -0.133461 -0.07874485 0.037067227 0.22286971 -0.14423916 0.16121621 0.015918786 -0.2486069 -0.19135435 0.1733643 -0.053801443 -0.07057832 0.17094226 -0.14247453 -0.1390011 0.00013096607 -0.2510422 0.14040036 -0.27423882 0.06115451 0.09237099 -0.2611556 -0.15652472 -0.15405671 -0.022617117 -0.046865605 0.12605128 0.18431212 -0.17452253 0.36259732
VUT 0.3197342 -0.5294344 0.086118765 -0.13302249 -0.061027247 -0.25221792 -0.023517074 0.083414726 0.040922202 0.15226386 0.30104315 0.0285955 0.23588775 0.16218512 0.47449657 0.08019123 -0.48270047 0.01982795 -0.48945045 0.021711368 -0.03512339 0.4613296 0.07364824 -0.15932603 0.16247486 0.28563794 0.20232221 0.7420107 0.3617458 -0.31640193 0.14588797 -0.12204385 0.06396393 0.05273388 -0.16525315 -0.16268721 0.16599579 0.13478544 0.40903345 -0.34739044 -0.2673686 0.21657713 -0.1745257 -0.06614336 0.17131509 0.32926363 0.035234228 0.4292235 -0.039619233 0.17421728 -0.06881563 0.0049622646 0.012366842 0.38653788 -0.097443596 0.11826469 -0.30896053 0.12365407 -0.066572964 0.24625248 -0.45371157 -0.057136163 -0.12104593 0.39422524 0.17904207 0.058279686 -0.07126903 0.040126238 -0.124936536 -0.2206497 -0.104052745 -0.18604462 -0.04493014 -0.00012670743 -0.21756445 -0.18492554 0.010038813 -0.059744596 -0.20048942 0.16762707 0.024469223 -0.33206245 0.13009629 0.4029765 0.21242419 0.2743447 0.1846088 -0.24115677 -0.038992662 -0.11297014 0.05751645 0.01327419 0.3295233 0.15063632 0.4412722 0.32041526 -0.009467992 -0.20549028 0.033242483 -0.15569694 -0.38425976 -0.031141931 -0.00421538 0.19920084 -0.049595222 -0.24338672 -0.014221143 0.1402828 0.09074377 0.08320542 0.061661605 -0.08677237 -0.03446118 0.16270982 -0.22497448 0.19469906 -0.065502465 -0.3921563 0.0034369188 -0.12471266 -0.21405655 0.06815191 0.21046634 -0.01477028 -0.16794544 -0.3708803 0.07929713 -0.2743699
KIR 0.2783669 -0.32546046 0.07019454 -0.22079624 0.055273093 -0.33234817 0.05011526 0.017265571 -0.28369945 -0.06792192 0.25911686 -0.044832595 0.04418238 -7.975398e-05 0.43894064 0.13658063 -0.27757436 -0.03073876 -0.28465945 0.051804487 -0.022830116 0.3324946 -0.066583514 -0.04941967 0.07534383 0.0514467 0.048754226 0.31596434 0.28450206 -0.25430247 0.022370975 0.04492752 0.2239228 -0.15619828 -0.18023029 -0.077492826 0.079160206 0.08909999 0.19949399 -0.2696385 0.02081302 0.16449152 0.009659468 -0.04034895 -0.048002336 0.3938048 0.04538653 0.15523453 0.08875731 0.008413666 0.036226332 -0.06602129 0.011128891 0.06608928 0.11138767 -0.009588919 -0.10973035 0.16077876 0.034333017 -0.12943658 -0.30121595 -0.17077969 -0.21711694 0.38129276 0.09719496 0.04351167 0.11625035 -0.0615768 -0.16720301 -0.35328406 0.06735171 -0.08281896 -0.028699903 -0.07018796 -0.31314144 -0.20462626 -0.05696708 -0.116936095 -0.20484634 -0.0797436 0.17322928 -0.29681686 0.11672939 0.2705159 0.26334435 0.37275407 -0.05209842 -0.08417534 0.040041868 -0.13065282 -0.30442318 0.13212748 0.11640398 0.13841772 0.59907126 0.54887366 0.06824517 -0.016949065 -0.05779873 -0.16488774 -0.2553286 0.15779735 -0.12509364 0.28830698 0.16883396 -0.17727736 0.16843502 0.085345425 0.07987206 0.17275319 0.025151726 0.17303994 -0.26713437 0.1600829 -0.03311808 0.14128625 -0.011873961 -0.42963985 -0.014456381 0.14526834 -0.1323214 0.034894276 0.17293638 -0.0075017647 -0.24841407 -0.34956375 0.09531431 -0.12439912
SLV -0.14589627 -0.067814454 0.050100457 -0.123298325 0.15351295 -0.26100138 0.13974038 0.016795421 -0.23948945 0.1728636 0.15419942 0.055930715 -0.32029164 -0.3103082 0.16461301 0.21813098 0.07959543 -0.21497248 -0.28561968 0.23552415 0.2000082 0.36683053 -0.124480955 -0.3170216 -0.18112822 0.25021467 -0.20124428 0.16201307 0.13657114 -0.039483175 -0.26619285 -0.15326093 -0.0021688757 -0.043710742 -0.10692293 -0.104458526 0.1050707 -0.22015207 0.11480302 -0.18740274 0.33009794 -0.03446774 0.21385653 0.10314624 -0.107648954 0.1213616 -0.17234774 -0.1416654 -0.03302545 -0.21219677 0.25320908 -0.16134715 0.25664532 -0.028898282 0.14629354 -0.23119408 0.53980976 0.020463463 -0.1234907 -0.057886515 -0.18621998 -0.24408205 0.11513875 -0.039747573 0.14484379 0.07001033 0.19745548 0.12783536 -0.18446302 -0.08576487 0.020002827 0.25306126 -0.25942472 0.26203424 -0.31277233 -0.22093156 -0.28221452 0.002691351 -0.10295334 0.12199935 0.035033673 -0.23649883 -0.0368255 0.26839173 0.061629783 -0.012183134 0.12605424 0.21332814 -0.1366762 -0.061868563 -0.13223144 0.15556705 0.04838585 -0.25480276 0.41915053 0.11203666 -0.046212517 0.20861399 -0.11087825 -0.2090834 0.15837787 0.07308533 -0.1344928 0.5521923 0.037542865 -0.14055073 0.12713307 0.09448426 0.05084764 0.07054566 0.30298877 0.23788443 0.034433596 0.2982824 -0.1301121 0.05565007 0.047137517 0.034178544 0.24917656 0.15492159 -0.24427631 -0.2536473 0.25079364 0.1531494 -0.2550413 -0.227094 0.002949702 0.10022406
CHL -0.10250845 0.028972957 0.029496754 -0.15393119 -0.059355844 -0.16041397 0.050951492 0.119828545 -0.051537182 0.25153723 0.13681197 0.0016508353 -0.075509556 -0.16870931 0.011342194 0.0681488 0.2673749 0.08405112 0.017217651 -0.04504652 0.09312048 0.3754788 0.08840342 -0.48077863 -0.1749857 0.31483126 -0.2234064 0.14157589 0.1500832 -0.012220323 -0.2411249 -0.23655894 0.03779369 0.043541636 -0.03745233 -0.0033311609 0.215642 -0.24374577 -0.14913633 -0.06219024 0.17719612 -0.19637112 0.030734655 0.1529067 -0.10146596 0.031499844 -0.31796527 -0.17787854 0.16713299 -0.10719422 0.27623746 -0.020121083 0.31758353 0.108410105 0.14144513 -0.19946823 0.39071086 0.1853363 -0.15751833 -0.02213199 -0.08021022 -0.11554441 0.29059723 -0.20337364 0.1882214 -0.058592062 0.20901765 -0.06053413 0.105949804 0.070309 0.15521866 -0.129333 -0.44080177 -0.14229667 -0.004244332 -0.23064443 -0.09796433 -0.05616334 -0.0979221 -0.14432603 -0.0037265108 -0.13713463 -0.14492713 0.2692017 0.31224152 0.21136428 0.034806147 0.005365063 -0.2969531 0.18650724 -0.028157132 0.21632391 -0.054555416 -0.14485224 0.446797 -0.05226591 -0.08428584 -0.11490373 -0.05643977 -0.11795623 -0.032706793 -0.08693991 -0.23385869 0.15064952 0.28936204 -0.20347425 0.061277907 0.13276282 0.09605328 -0.26500714 0.3217458 0.05140251 -0.08529277 -0.043358736 -0.1867961 0.015333294 -0.17744027 -0.030431263 -0.0045506195 -0.1608115 -0.27253202 -0.055222563 -0.06552398 0.017698908 -0.21618149 -0.08567264 -0.17214927 0.1309763
EGY 0.23590319 -0.38831306 0.04663711 0.16682032 -0.08320496 -0.37551135 -0.2921693 -0.035207942 0.21920061 0.33525962 0.33336294 0.016024373 0.03418065 0.068549685 0.4131958 0.09283564 0.004809653 -0.1252183 0.020604327 -0.116539426 0.112735406 0.440834 0.068905465 -0.08486916 0.13511701 0.32748926 -0.22628282 0.29293063 0.22582242 -0.05488416 -0.028655738 -0.234344 0.024334978 0.33729738 -0.17569605 0.05899858 0.3839673 -0.14677088 0.31040856 -0.14702389 -0.5355405 -0.1205348 -0.14362845 -0.20109433 0.34957045 0.05467697 -0.287883 0.27331087 0.08571084 0.17422155 0.07917127 -0.03830588 -0.18540043 0.20495881 0.17609787 -0.035248294 0.0757101 0.066514075 0.010175227 0.08162413 -0.15721162 0.068518035 0.11603916 -0.03714836 0.08515089 0.021739883 0.14185224 0.11942808 -0.060986854 0.15633753 -0.028968185 0.04060612 -0.2040979 0.059384663 0.11019656 -0.14011 -0.01594078 0.08840973 -0.06987651 0.061322883 -0.2805787 -0.22337063 -0.011609237 0.14545514 0.06816425 -0.04587832 0.20350772 -0.25359392 -0.152674 0.14535874 0.173445 -0.07503096 0.13835678 -0.15104985 0.3542497 0.09128197 -0.16118939 -0.22592346 -0.002560987 0.009314991 -0.027973074 0.12814745 -0.03389583 0.22696933 -0.0004441709 -0.01717451 -0.08833633 0.09880503 -0.1288967 0.04286098 -0.078861505 -0.116661355 0.03936925 0.03081852 -0.33865175 0.021988397 -0.11110321 0.108474724 -0.011327565 -0.26583934 -0.18767129 0.0062279347 -0.10133042 -0.037435606 0.10344944 0.014787483 -0.032086607 0.30100256
LCA -0.12957163 -0.06736783 -0.05267373 -0.2901749 -0.08941604 -0.07851346 -0.026251221 0.07671954 0.01963045 0.23446211 0.20278771 0.060738914 -0.07503574 -0.039602406 -0.04635293 0.08480635 0.10486003 0.097295806 -0.24134122 0.1102197 0.12726566 0.48153856 -0.03971328 -0.55057174 -0.38044715 0.1776087 -0.44840223 0.04856925 0.22349076 -0.17908241 -0.223897 -0.06165338 -0.29678348 -0.09308532 0.02662049 -0.009420881 0.22817917 -0.20187199 -0.116367996 0.040623777 0.19144048 -0.09204907 0.014600238 -0.0738962 -0.12645416 0.2051609 -0.24917234 -0.23643197 0.0012346706 -0.09509061 0.13832246 -0.1836368 0.19566339 0.21551892 0.32788238 -0.1175506 0.5418231 -0.074680984 -0.12827893 0.091183834 -0.04989271 -0.26054496 0.04690966 -0.10001458 0.41413847 0.033680066 0.1267923 -0.06842521 0.06170237 -0.053294297 0.048167706 -0.021198679 -0.49502712 -0.10756575 0.021464502 -0.39714885 -0.16235323 0.056233793 -0.26863936 -0.17481685 0.19571325 -0.10109146 -0.059731632 0.21255791 0.39575446 0.48891622 -0.103145204 0.046282146 -0.22104983 0.21603799 -0.17238016 0.36072275 -0.03568736 -0.078107856 0.6130946 -0.22303917 -0.04143971 -0.072348826 -0.11753817 -0.06116198 -0.0445757 0.042710286 -0.30515116 0.046171326 0.15509674 -0.16014266 -0.09727453 0.23288088 0.3023721 -0.15741347 0.3442568 -0.18617421 0.13341403 0.23901579 -0.06622514 0.20159855 -0.19173162 -0.119020484 -0.05652449 0.13637687 -0.07393929 -0.14494973 -0.03466498 0.14063008 -0.20701873 -0.23084287 -0.092820354 0.15303491
FJI 0.36336404 -0.43578067 0.082818374 -0.12526955 -0.052063365 -0.20572007 -0.04023923 0.06164851 -0.08197336 0.03447693 0.29750872 0.0095851505 0.18222998 0.12871341 0.5645874 0.14700875 -0.41243738 0.015786156 -0.4516245 0.024751686 -0.09181156 0.46524227 0.0330323 -0.12706341 0.20576458 0.15089983 0.18618266 0.6242644 0.29194602 -0.33526906 0.1432255 -0.07137618 0.18591201 -0.006716944 -0.2146573 -0.08492403 0.16290408 0.12710357 0.3809959 -0.35874808 -0.17627494 0.19196992 -0.09158272 -0.1285886 0.101089254 0.4111665 0.020302325 0.4034845 0.013347529 0.13703217 -0.09264209 -0.009227525 0.0067518973 0.2979316 0.03535924 0.060615875 -0.26123783 0.08667807 -0.03567073 0.14422938 -0.4521641 -0.13156633 -0.21275797 0.43558687 0.15668193 0.10175932 -0.015320462 0.0167669 -0.18607937 -0.26217553 -0.07742987 -0.15059395 0.030739421 -0.022199143 -0.271549 -0.13200709 0.0317345 -0.07642837 -0.23059337 0.080123216 0.09846049 -0.32806835 0.12228788 0.3869075 0.20922999 0.3215349 0.099637315 -0.21371563 0.037178587 -0.11784563 -0.13655563 0.090768166 0.3198649 0.24694231 0.49990976 0.46794987 0.0132624125 -0.16096371 -0.0071284045 -0.18072255 -0.37136453 -0.0051408224 -0.030160014 0.28834125 0.0028182478 -0.22141007 0.057398673 0.19296321 0.12790155 0.1532856 -0.017468516 0.009079139 -0.08181441 0.1785871 -0.15745863 0.185659 -0.057449315 -0.40124705 -0.044656374 -0.0039179353 -0.17028064 0.08222401 0.2928095 -0.0766933 -0.18670276 -0.41950628 0.14265719 -0.24573481
ZMB 0.15484467 -0.13248803 0.19591624 0.12750322 0.18829903 -0.26213473 0.04970139 0.049386576 -0.04310611 0.13362132 0.43074465 -0.007205274 -0.08839029 -0.21205029 0.31075692 0.2016241 -0.14067125 0.21942891 -0.08564989 0.06065442 0.05518183 0.3072965 0.0912041 -0.26735488 0.052804854 0.19997892 0.025736185 0.26423353 0.08641933 0.16750771 -0.15760753 -0.12678665 0.08972246 0.046487607 -0.2839682 0.37992054 0.33189046 -0.048095405 0.25680894 -0.07499846 -0.13448142 0.15836696 -0.037244704 0.04150101 0.08069618 -0.0015473498 -0.15677989 -0.01246053 -0.10665662 0.040025186 0.17047688 -0.0056629237 0.033599667 0.05206952 -0.27493966 -0.11553152 0.06046721 -0.015302712 -0.13821773 -0.02682843 0.10926553 0.04068174 0.13338919 -0.20438814 -0.007504219 -0.068528436 0.12727019 0.31731078 -0.09298078 -0.066505075 0.17558663 -0.19408984 -0.22289667 -0.21259595 0.049666896 -0.047418427 -0.0014307569 -0.06292558 -0.030386785 0.17656556 -0.104309686 0.040070053 0.1230932 0.20333123 0.056795146 -0.08690548 0.07016669 -0.2656424 -0.013827234 -0.035842236 0.01132153 -0.06927899 0.099799186 0.0007503601 0.06821694 -0.011567383 0.0033140988 -0.18168102 0.09870275 -0.087378845 -0.092728406 -0.113399014 0.038529724 0.04790999 0.11164264 -0.03402275 0.14786881 -0.08239421 -0.00090992614 -0.15507376 0.14317735 0.023223318 -0.062627755 -0.030058555 -0.029695787 -0.13318446 -0.052692242 -0.05227442 0.029705433 0.14633738 -0.057333965 0.24315019 -0.02698653 0.0077305515 -0.046976976 0.0027110595 -0.32679224 0.031555463
LVA 0.10789061 0.06905819 0.11684965 0.14422312 0.16856772 -0.06700577 -0.0899056 -0.164222 -0.3218574 -0.11352388 0.45141968 -0.19789217 -0.30427086 -0.056339733 0.18745981 0.19484307 0.053050153 -0.078698345 -0.0057353545 -0.2858967 0.1970876 0.4719739 -0.07318278 -0.28401136 -0.2156692 -0.12029739 -0.08706674 0.035840094 -0.22188818 -0.21431877 -0.17583945 -0.050471615 0.079548426 -0.04181856 -0.17453116 0.25641617 0.13567586 -0.23227246 -0.08849351 -0.11434313 0.1298175 0.13175526 -0.1152918 -0.25272763 -0.099545054 -0.0412639 -0.36397818 -0.18213257 0.09281915 0.019242655 -0.05246603 -0.14779449 0.02637019 -0.2781142 0.2405039 -0.051186875 0.36940104 -0.1815184 -0.40060428 -0.11238124 0.07124348 -0.053916033 0.014191735 -0.058067657 0.10309996 0.10600974 0.3616703 -0.031226866 -0.115386635 -0.18120836 0.100361526 0.05698746 -0.23019086 -0.33704364 -0.057755176 0.039366946 0.1305316 0.15245642 -0.018206008 -0.15938218 -0.023124944 -0.001753171 -0.11919914 0.080472104 0.22195452 0.4118156 0.007340394 -0.24462473 0.04386982 0.24456088 -0.40769535 0.3113052 0.06794419 0.26012656 0.11472596 0.39498433 -0.2543033 -0.102471314 -0.042945363 -0.23666194 -0.092067145 -0.2176586 -0.2974046 0.5667072 0.20860067 -0.31807524 0.2139433 0.13229093 0.37740088 -0.1833796 0.02809296 0.015483426 0.16484444 -0.17693575 0.0056969966 0.21225081 0.06396473 0.15932888 -0.001349825 0.01725679 -0.2631921 0.084770404 0.23762152 -0.22270311 0.112991475 -0.023529653 -0.09183217 0.28285372
IRL -0.01545841 -0.06310827 0.113265336 0.20938393 0.11700115 -0.05273562 -0.20168938 -0.11864844 -0.22645406 -0.0664029 0.33050105 -0.0032610686 -0.24086373 -0.10479165 0.23092917 0.21677585 -0.05355524 0.14797072 0.04050663 0.038973317 0.12828225 0.29570225 -0.06482558 -0.26633263 -0.14564076 -0.07310888 -0.12646462 0.022415178 0.071625926 -0.05207215 -0.1499696 -0.019816013 0.08608325 -0.051548004 -0.04308678 0.2554937 0.2938194 -0.075990826 0.07611437 0.07503362 0.035884082 0.04779726 0.16478856 -0.13353278 -0.007280316 0.22575437 -0.16476324 -0.14806029 -0.047057077 0.03331419 0.0007403168 0.002085305 0.11819259 0.037080128 0.090151496 0.002659937 0.23264684 -0.107000254 -0.16754785 -0.16392456 0.015883395 -0.26868403 0.093509145 -0.061660353 0.017507538 0.013967854 0.34754366 0.13990846 -0.12488739 -0.12633942 0.08244819 0.013014988 -0.21271503 -0.13454834 0.010589321 0.00037354423 -0.03308385 0.035687994 -0.18500747 0.06143352 -0.0090250475 0.1159609 0.20289135 0.26463434 0.12322651 0.17765547 -0.059788413 -0.03623528 0.08702943 0.028616713 -0.14742494 0.13961397 0.14660391 0.17896892 0.38492388 0.12842536 -0.07686022 0.05440907 -0.043786563 -0.25191322 -0.120913304 -0.04254288 -0.04032782 0.36331806 0.27210844 -0.17874983 0.28159907 0.09357113 0.14174233 -0.1823229 0.2430395 -0.015099378 0.0659904 -0.015303591 -0.03977849 0.007938791 0.09393249 -0.20101438 0.13516289 0.27418858 0.03474079 0.17406933 0.15765414 -0.04347084 0.05059431 -0.13067956 -0.23567045 0.10709462
PAK 0.10416813 -0.20501035 0.09740881 0.08374402 0.1276034 -0.05619001 0.030640492 0.07178474 0.072084256 0.25004855 0.23432317 0.055352397 0.024742246 0.028971566 0.25477245 0.07730168 -0.24617712 0.14129722 -0.2842557 0.0007080921 0.008645071 0.20597558 0.07476634 -0.13054006 -0.101686224 0.106972896 0.14572307 0.41751775 -0.08606304 -0.12064719 -0.057021577 -0.13868266 0.08542167 0.28447935 -0.27264726 0.07682181 0.19284469 -0.12759036 0.120961435 -0.22011848 -0.07873955 0.2572092 -0.17996308 -0.01190793 -0.033481084 -0.030088998 -0.19885436 0.27973244 -0.114942834 0.093717925 0.0122166695 -0.039702605 0.22773698 0.19109894 -0.18700111 0.028606515 0.111990154 0.044551857 -0.22428872 0.1962661 -0.106414296 0.009623692 0.085811965 0.042189512 0.23596044 0.022266831 0.0027622392 0.15971571 -0.0838879 -0.13989651 -0.119453646 -0.12212395 -0.16167425 0.033688016 -0.102794774 -0.1446304 0.024168005 -0.11620338 -0.08730244 0.1561461 -0.06455371 -0.18408534 -0.027633013 0.29215035 -0.013798377 0.02409249 0.30676407 -0.26621583 -0.12348479 0.022082252 0.10100302 0.03146433 0.18870322 0.0453106 0.01633399 0.014512925 -0.15072331 -0.25660965 0.014197547 -0.08514966 -0.16817734 -0.29824606 0.034462873 0.16863444 -0.04256906 -0.19454552 -0.05385988 0.2806177 0.17113324 -0.064641595 0.17357366 -0.14495388 0.19027232 0.029865336 -0.041645534 0.061964326 -0.058599703 0.10372237 0.029623037 -0.21149911 -0.28946432 -0.027912043 0.113912605 0.021584587 -0.16032645 -0.06288268 0.02484433 0.030744193
GRC 0.12775986 0.044222664 0.13271558 0.29579228 0.054159153 -0.19506578 -0.31250933 -0.10184915 -0.035076935 0.18457673 0.3408508 0.054491147 -0.1820429 -0.107387014 0.25280738 0.15048003 0.026145233 -0.11878105 -0.077354 -0.01713354 0.31908357 0.2904597 0.089102864 -0.24963763 -0.054171517 0.2366983 -0.26419815 0.06063085 0.0024643247 -0.0336833 -0.16483694 -0.21793468 0.027871203 0.16081248 -0.1486152 0.11699301 0.18914509 -0.30432627 -0.00026148482 -0.05510505 -0.26154798 -0.20380872 -0.021624312 -0.22159354 0.09410814 0.08598225 -0.2557574 0.005444666 -0.072079 0.16601054 0.013744963 0.04115415 -0.108285405 -0.08924 0.10200955 -0.22527416 0.31276643 -0.116831385 -0.18494242 -0.1816117 0.034497842 -0.065069534 0.20473124 -0.082375385 0.068281345 -0.0058684563 0.36940715 0.27528647 -0.1169108 -0.0124488175 0.016208233 0.2203324 -0.24616332 0.010427725 -0.0055911704 -0.04209131 0.0880495 0.0906543 0.0062659606 -0.0057111993 -0.05971971 -0.011652848 0.08738078 0.2676182 -0.021137146 0.013865163 0.1494921 -0.09783333 -0.009822585 0.0092352135 0.024127645 0.07829929 0.15002154 -0.12816384 0.25123596 0.040691596 -0.10801022 -0.25210753 -0.0134229455 -0.086148694 0.034155194 0.058020875 -0.008330126 0.35258466 0.10682995 -0.08604009 0.045903925 0.12395516 0.094169885 -0.0034359912 0.008386595 -0.03196497 0.03909013 -0.03848354 -0.13949141 0.15325297 -0.112967364 0.19402714 0.032533742 -0.07294591 -0.047730412 0.022238014 0.10944102 -0.008577715 -0.0133567415 0.07661734 -0.18508215 0.23889592
MAR 0.13314918 0.001124131 0.051960792 0.26341042 0.051994395 -0.121320866 -0.2135391 -0.010508388 -0.030876666 0.02631707 0.29626536 0.05110984 -0.0909067 -0.0856405 0.10781755 0.10276223 -0.10715195 -0.04876249 -0.11055524 -0.041721072 0.11936127 0.2215893 0.096424304 -0.25843403 -0.021590982 0.13642325 -0.09640432 0.18537681 -0.059971847 -0.09073444 -0.054902904 -0.1010478 0.059685312 0.12231544 -0.11758053 0.07585998 0.21924506 -0.09792421 -0.0050553023 -0.10863791 -0.12789594 -0.0011548786 -0.035341877 -0.16250554 0.03748139 0.13855347 -0.23991999 0.08902184 -0.068861626 0.15331945 -0.11672786 0.029252665 -0.005735418 0.05576336 0.025495462 -0.0957763 0.17564902 -0.12433927 -0.19036472 0.0036256316 0.016796801 -0.06186084 0.093466245 -0.025754683 0.043686666 -0.019710025 0.13409053 0.16677937 -0.107641034 -0.05559734 -0.06634301 0.0047772843 -0.22145003 -0.07841184 -0.02876994 -0.0658374 0.08083741 0.026779603 -0.0030206472 -0.0740595 0.015905704 -0.072337374 0.037320953 0.2485313 0.04707028 0.20292644 0.10804626 -0.063458964 -0.0015130333 0.05312706 0.053245917 0.14407578 0.16003445 0.035004318 0.029164646 -0.034790847 -0.11942919 -0.34837943 -0.07357199 -0.05057749 -0.19213612 -0.13367052 0.0042029684 0.25726706 0.10908854 -0.21922138 0.06005416 0.18039246 0.20110875 -0.13263804 0.10258971 -0.10478058 0.11210368 -0.0714696 -0.03818722 0.07681711 -0.1509794 0.106432594 -0.09302434 -0.15054943 -0.1232642 -0.057619065 0.1392796 -0.024385959 -0.100409314 -0.00076111977 -0.043868136 0.035479695
BLR 0.10190049 0.06289612 0.1241032 0.27972367 0.19899519 -0.09692285 -0.084539786 -0.169181 -0.27271998 -0.1664355 0.42392057 -0.18319748 -0.31089932 -0.10657955 0.1729082 0.15947403 0.0054309806 -0.16203962 -0.016332954 -0.3183308 0.19054998 0.42611432 0.026039353 -0.31860885 -0.13265172 -0.038946375 -0.014255524 0.108029924 -0.22458814 -0.23674871 -0.13743147 -0.09187102 0.17262991 0.059599925 -0.23151946 0.22989672 0.11773315 -0.17851894 -0.09262691 -0.19294854 0.013209712 0.13583565 -0.12390371 -0.2422022 -0.03425361 -0.03066461 -0.3164671 -0.089525394 0.09795089 0.026203848 -0.12435672 -0.060274493 0.030554604 -0.18149394 0.17077589 -0.0632721 0.3460379 -0.15170221 -0.38786092 -0.08752381 0.101780824 -0.025050262 0.10760871 -0.058262873 0.017536376 0.116101146 0.33636406 0.04551439 -0.15559171 -0.1495808 0.07334696 0.111262895 -0.21363117 -0.28389952 -0.07852299 0.114370756 0.16146144 0.14151725 0.037536044 -0.10279971 -0.051224504 -0.025875328 -0.105287164 0.09512796 0.14764011 0.31183556 0.007412169 -0.19319774 0.0129287895 0.15311971 -0.33292496 0.26346967 0.09285867 0.22126536 -0.002363951 0.33981964 -0.24984732 -0.11306027 -0.026729982 -0.22417189 -0.12779109 -0.20315424 -0.19258578 0.63707966 0.16067408 -0.311265 0.25674376 0.13765715 0.31922525 -0.19252446 0.030939177 0.06609951 0.15927608 -0.22523805 -0.04508192 0.111031726 -0.0070464835 0.1465826 0.0047741556 -0.08516914 -0.38042593 0.053501446 0.3286437 -0.23987064 0.12531596 -0.02202859 -0.071202114 0.22713289
RWA 0.059461422 -0.2036887 -0.1250694 0.09540135 -0.058224853 -0.38995758 0.15863463 0.14239486 -0.03151243 0.38645995 0.3361806 0.02038897 0.046885133 -0.1456664 0.35886607 0.14286847 0.015521502 0.070390895 -0.012451291 -0.07205068 0.13255002 0.19556674 -0.0066374913 -0.113728754 -0.031484313 0.46755856 0.06906816 0.32528374 0.07267377 -0.032335095 -0.21976976 -0.43085256 0.15379047 0.06941846 -0.03896601 0.1808698 0.108223416 -0.16641288 0.042196542 -0.2181807 -0.158405 -0.012036142 -0.18758208 0.28548577 0.21795511 -0.21853055 -0.31919962 0.2566859 0.03688611 0.13172215 0.28094396 0.08230757 0.18212748 0.09244174 -0.24686608 -0.25182322 0.032551013 0.08638 -0.32672754 -0.022273604 -0.0401264 -0.027303517 0.20203418 -0.23663795 0.088179775 -0.139098 0.1150017 0.075843476 0.029653661 0.005115637 -0.08880874 -0.24825102 -0.2573488 -0.03854862 0.21679355 -0.122176394 -0.19562961 0.012941996 0.0374967 0.26936674 -0.3860384 -0.27411425 0.19784303 0.3100204 0.051367022 -0.14298207 0.27847326 -0.41839045 -0.15936193 0.05088844 0.34703264 -0.043824065 0.42514578 -0.098602846 0.37358606 0.21478267 -0.19004692 -0.1476499 0.16173579 0.044003278 0.13110997 -0.24403131 0.19087386 0.21562624 0.05933816 0.023812048 -0.026216652 -0.012379392 0.17598234 -0.1760329 0.108245514 0.040687677 0.014783073 -0.0016864943 -0.37332833 -0.034473833 -0.22836502 0.05547294 0.04848207 -0.14027837 -0.36230582 0.15375362 -0.09336396 0.053157564 -0.019419197 -0.20658253 -0.23365305 0.11247487
FIN 0.059632894 0.0042240913 0.006960148 0.19776285 0.06589452 -0.06217235 -0.17754239 -0.07994649 -0.21236509 -0.019184101 0.27384847 0.08703912 -0.24005324 -0.16931564 0.11134087 0.12829353 0.01952393 0.0700533 -0.07436731 0.09435454 0.13089205 0.17959689 0.040316872 -0.33944285 -0.11403549 0.084070705 -0.25111625 -0.015390192 0.11656781 -0.06060586 -0.10181567 -0.004172017 0.10113232 0.011595998 -0.024030998 0.07686628 0.23593281 -0.12426942 -0.12224242 0.07995645 -0.016052535 -0.08058994 0.15798172 -0.10203168 -0.044364285 0.28369558 -0.13813618 -0.095160976 -0.04369471 0.013130884 0.023355031 0.05016327 0.08994966 -0.03386566 0.15408733 -0.09515229 0.29811013 -0.104135066 -0.12308292 -0.24677235 0.011434625 -0.23176704 0.13571459 -0.000911715 0.03261324 -0.056178614 0.34496316 0.14738624 -0.0882688 -0.16498579 0.036322854 -0.021469409 -0.36211255 -0.19012642 0.023842214 -0.14840135 0.0004925723 0.033005692 -0.18390207 -0.09933175 0.12180818 0.027605444 0.18560766 0.3493785 0.13319717 0.25823063 -0.09799196 0.011070562 0.06247449 -0.018831763 -0.07929446 0.13299158 0.11524164 0.06960432 0.45130485 -0.004405338 0.0029274928 -0.19084701 -0.012850455 -0.20239767 -0.15050675 -0.050062787 -0.07875478 0.2185235 0.24958779 -0.13427605 0.19297846 0.19699919 0.2165561 -0.19949394 0.1678673 -0.030158903 0.007916714 0.015244133 -0.10657981 0.04612029 -0.10644543 -0.19010593 0.00989176 0.17078485 0.011181007 0.0883178 0.10553305 0.073143765 -0.08749385 -0.07563091 -0.15992042 0.01814524
JAM -0.045082126 -0.12818648 0.021372784 -0.09176479 0.13782604 -0.25727227 0.36407936 0.080107585 -0.23874277 0.11107438 0.21333098 -0.047666434 -0.1191122 -0.26146275 0.39367956 0.2072921 -0.01725113 -0.017160192 -0.36080602 0.112532735 0.038279176 0.49024364 -0.23782972 -0.1657196 0.002664254 0.20429678 0.0546608 0.24243346 0.1178987 0.06212103 -0.2645887 -0.17699896 -0.024084194 -0.17334838 -0.18848646 0.18641269 -0.034398414 -0.009641879 0.3404927 -0.28514478 0.25222728 0.16502985 0.12635608 0.22858413 0.00582474 -0.13950458 -0.059152994 -0.013503695 -0.002956432 -0.19130121 0.3587061 -0.28794488 0.14958106 -0.07235092 -0.15992512 -0.17129514 0.19686523 -0.027557097 -0.15137132 -0.024455424 -0.055139672 -0.09838799 -0.13191485 -0.105431266 0.04469979 0.025264345 0.03704656 0.17138532 -0.11217799 -0.05164387 0.12675771 -0.040215045 -0.18502071 0.03712472 -0.10143755 -0.22947617 -0.20706518 -0.061135564 0.08766017 0.2528317 -0.19321224 -0.31483528 0.05584615 0.3444313 -0.039792888 -0.10737182 0.15796521 -0.14161095 0.017534494 -0.10434734 -0.056486167 0.021079201 0.18776272 -0.109462135 0.3888126 0.30723193 -0.08687636 -0.01645931 -0.08074164 -0.1282466 0.17283319 -0.11986448 2.6631198e-05 0.4800939 -0.014567031 -0.0038897556 0.21686731 -0.15967986 0.07261255 -0.056359254 0.2761384 0.2842875 -0.025613613 0.33078912 -0.06573689 -0.16594665 0.047882725 -0.0057875514 0.16215508 0.2638275 -0.18874352 0.013942257 0.13378312 0.080548674 -0.21699892 -0.20198262 -0.15291445 0.028492846
ROU 0.15775703 0.015228227 0.04389935 0.24057966 0.12505417 -0.060037483 -0.18952389 -0.09524249 -0.11237618 -0.0035550187 0.26960087 -0.027380325 -0.18817371 -0.08817759 0.025597656 0.08613247 -0.014878044 -0.059695248 -0.037092604 -0.07363192 0.11088658 0.16240127 0.14061533 -0.26803136 0.015734756 0.15402646 -0.1093337 0.086893655 -0.038367637 -0.062556855 -0.0781462 -0.05729264 0.16747035 0.15993206 -0.12650466 0.08741851 0.23213768 -0.1800924 -0.17241465 -0.0025050184 -0.16255777 -0.09937529 0.03309385 -0.23626997 0.017097631 0.101386614 -0.1572059 -0.07212739 -0.008831725 0.13406686 -0.002122136 0.047870394 0.022199681 -0.08664927 0.088699505 -0.17943154 0.33677468 -0.14818645 -0.34048843 -0.17499869 0.026785327 -0.06578965 0.20521589 -0.09111701 0.027744155 -0.033940874 0.32976437 0.17767039 -0.09068918 -0.09458914 0.07186474 0.037811894 -0.37902144 -0.18544605 0.033934135 -0.10442876 0.08125758 0.04157446 -0.053808007 -0.12982425 -0.035080142 -0.0074402033 0.11256465 0.23057519 0.032258604 0.24546471 0.011678487 -0.077493474 -0.0050762 0.06306082 0.021388805 0.0749032 0.14533898 0.03609682 0.19230345 0.016182829 -0.057714984 -0.34037504 0.031624697 -0.18357581 -0.12508196 -0.10218128 -0.077985674 0.21910372 0.23287897 -0.14875059 0.14002137 0.14782257 0.23451613 -0.18903981 0.08057771 0.00084904704 0.06584014 -0.07202443 -0.1497009 0.062603466 -0.10477038 0.015122151 -0.0011259534 -0.04720775 -0.097576246 0.06471583 0.07208529 0.010471767 -0.024120191 0.036383003 -0.16201958 0.15572359
BGD 0.0912145 -0.22126728 0.09324215 0.09062305 0.16701984 -0.12386054 0.071822554 0.116919644 0.14357433 0.31042436 0.22000955 0.08424959 0.0754773 -0.016142393 0.22108011 0.063504934 -0.311466 0.22743493 -0.29738173 0.063748926 -0.0017655103 0.19109976 0.09607707 -0.10010744 -0.1302538 0.11719913 0.063801326 0.40323892 -0.046519466 -0.06575868 -0.06304877 -0.12317985 0.08132095 0.31152657 -0.2826014 0.14882731 0.27051136 -0.11774873 0.18353689 -0.17066264 -0.13662165 0.2713539 -0.15550803 0.006846801 -0.055788334 -0.025462175 -0.16036652 0.26339185 -0.13112138 0.100226745 0.0527637 -0.011054642 0.18883203 0.29166213 -0.27636474 0.052283052 0.084397696 0.08128481 -0.1671783 0.17161925 -0.013596755 0.0085849445 0.11848535 0.00867454 0.29983887 -0.018939398 0.0066220867 0.25206193 -0.08034984 -0.13279183 -0.13568784 -0.1890242 -0.28173336 0.060339257 -0.03853199 -0.22736752 -0.02582019 -0.17849357 -0.0902192 0.23136014 -0.0668762 -0.1891232 0.016312331 0.39981416 -0.034917425 -0.00959037 0.27886862 -0.30698052 -0.14830835 0.040877625 0.2314698 -0.022776172 0.17572092 -0.0651231 0.035451967 -0.12610392 -0.11936375 -0.36490908 -0.03225177 0.028244931 -0.19138086 -0.26660237 0.09034781 0.0032838606 -0.043176964 -0.15814431 -0.10074447 0.33578914 0.09311019 -0.08991079 0.26894075 -0.239731 0.16553642 0.045671225 0.00059125776 -0.06436041 -0.13496119 0.107191786 0.0022566728 -0.24713615 -0.2540935 0.009335068 -0.03165107 0.09335558 -0.18819559 -0.020777559 -0.030218622 0.045426037
HKG 0.109379046 0.14225502 0.15295765 0.22449377 0.1557007 -0.119987294 -0.049666956 0.094496764 0.0690949 0.13820334 0.30102688 -0.042040665 -0.023024853 -0.17829825 0.15177578 -0.039711792 0.082743876 -0.13596387 -0.16510785 0.082478546 0.053457398 0.28156096 0.22334242 -0.35181904 0.13099955 0.30044565 -0.10244957 0.22022814 0.05324215 0.028478833 -0.2210103 -0.1563955 0.13338189 0.1598312 -0.19651245 -0.013534412 0.34168464 -0.18448855 0.013079827 -0.071958706 -0.06932726 -0.36467865 0.19734518 -0.019281808 0.027265951 0.27208877 -0.009698924 -0.02467077 0.1468415 0.055328153 0.13958116 0.22897683 -0.010546952 0.061930906 0.12898134 -0.24865597 0.21525681 -0.0408649 -0.22021553 -0.121603705 -0.071839035 -0.048718005 0.2318113 -0.13780268 0.008049483 -0.00937239 0.21093813 0.20897157 -0.182442 0.20894746 0.20324293 -0.07064367 -0.36171752 -0.083793454 0.071410626 0.10809872 0.20163506 -0.2512439 -0.051847182 -0.2752363 0.17133 -0.084095456 -0.10137802 0.3307552 0.15478694 0.10663013 0.00503747 0.093052775 -0.22199634 0.07630668 0.03322303 0.027355006 0.14033234 -0.14014165 0.03966467 -0.14480528 0.100537635 -0.34433097 0.078536 -0.20321897 -0.22061998 -0.10625447 -0.067022115 0.12286736 0.23687907 -0.24694781 0.11684971 0.11810987 0.05934437 -0.29650447 0.20414504 0.033241667 -0.16641565 -0.0968046 -0.28203246 -0.1532215 -0.23239921 0.016881676 -0.16090077 -0.16386627 -0.021666626 0.27211148 0.17886402 -0.009867366 -0.108317845 -0.061015345 -0.2989613 -0.10427432
ISL 0.11551896 -0.15194002 0.12060242 0.15751232 0.14330848 -0.4106681 -0.10245727 0.020073006 -0.07534822 -0.069972694 0.3894645 -0.085407615 0.018880043 -0.18825126 0.20471905 0.116832286 -0.062059745 0.20970803 0.29458898 0.15312001 0.036732092 0.08685622 0.13236223 -0.3111399 -0.022356054 0.22979625 -0.011666041 0.033896513 0.11368675 0.11699848 -0.24775665 -0.092791036 0.30849308 -0.098428234 -0.005883403 0.16232386 0.2609991 0.02482766 -0.10733531 0.07442196 0.0018205531 -0.059461884 0.18317899 0.1418376 0.12301746 0.3679569 -0.19574656 0.057884876 0.19426665 0.025638003 0.10369669 0.13975799 0.23205411 -0.042666484 -0.06623525 -0.0652066 0.034136523 0.26929334 -0.033079565 -0.32380518 0.029547594 -0.13960707 0.14366144 -0.048006114 0.012148061 -0.1875238 0.14657158 0.012266237 0.010380924 0.038446862 0.25782862 -0.29157928 -0.29188448 -0.29463005 0.09128354 -0.1601022 -0.053760268 -0.07170057 -0.22933318 -0.1281704 -0.04763478 -0.067222774 0.1148496 0.24795869 0.3813081 0.26354903 -0.10326705 -0.05925844 -0.18966612 -0.0023262198 0.022895686 -0.030651934 0.06782803 0.12587115 0.32908016 0.07169134 -0.09710824 -0.14054248 0.049798455 -0.27531072 -0.37205368 -0.038665086 0.024883185 0.14362718 0.39904428 -0.27950838 0.19989946 -0.10638099 0.077561125 -0.4654003 0.2500544 0.05697257 -0.2608564 -0.19051704 -0.22400452 -0.26824307 -0.17816445 -0.39884856 -0.09780064 -0.03598066 -0.014270623 0.1726541 0.09608496 -0.042655837 -0.031144641 -0.18324506 -0.19388376 -0.060749043
PAN -0.029278938 -0.11295877 -0.06408439 -0.3306158 0.17679727 -0.33174387 0.1520034 -0.009532336 -0.17147335 0.14021075 0.434103 -0.0060644476 -0.21548477 -0.10910343 0.1320314 0.362766 -0.12654486 -0.17059533 -0.3317758 0.29591495 -0.008244678 0.112518236 -0.16189574 -0.09193773 -0.26013523 -0.06733507 -0.24622183 0.11102916 -0.0043017007 -0.13718435 -0.15611525 0.010993538 0.0647893 -0.082084626 -0.27836484 0.16340184 0.38269374 -0.10336639 0.05922317 -0.25661653 0.4344924 0.13358526 0.1470289 -0.13657084 -0.24381799 0.3359413 -0.20579183 -0.14050607 -0.07323059 -0.109755754 0.24823365 -0.3173633 0.1719603 0.100469664 0.1945284 -0.312528 0.4775376 -0.30013847 -0.16133754 0.03342264 -0.15232655 -0.30939683 -0.19642653 -0.01952197 0.44544065 -0.00603469 0.072095156 0.022265226 -0.27583024 -0.34550226 0.032950375 0.11011327 -0.33143702 0.258545 -0.1676583 -0.37815943 -0.33113447 -0.1776567 -0.3044553 -0.10389693 0.1379828 -0.41870096 0.07432901 0.002624698 0.17606534 0.27272993 -0.06319893 0.30029234 -0.11631292 0.059166577 -0.22252251 0.33812723 0.047183808 -0.13063034 0.48838773 -0.011323838 0.028352931 -0.005611889 -0.213971 -0.10063454 0.032785956 0.2707608 -0.19916852 0.2387174 0.22868188 -0.19751553 0.0965358 0.3110971 0.28037617 0.21316017 0.4276109 0.12761737 0.094760776 0.3090357 0.1106661 0.12855496 -0.023536548 0.08171266 0.0069431574 0.28744003 -0.0010460122 -0.27834737 -0.04868568 0.2754386 -0.31914413 -0.41241702 0.09115314 0.24840085
ARG -0.04945367 -0.24793871 -0.09229287 -0.27660593 0.00053074874 -0.33071542 0.034927867 0.08611712 -0.0936604 0.28034255 0.239403 0.1164811 -0.2726882 -0.17972326 -0.081402615 0.10877738 0.07885173 0.021815985 -0.14971633 0.250364 0.14215322 0.29302835 -0.016606688 -0.52223796 -0.21053937 0.18143207 -0.32418588 0.20051624 0.2781998 -0.09737054 -0.11022589 0.009853587 -0.10183634 0.106425405 -0.05628885 -0.03178203 0.47803223 -0.21260233 0.054098237 -0.02572844 0.113706715 0.03620336 0.054654658 0.07266426 -0.041991554 0.29512787 -0.3497136 -0.08441949 0.0093354415 -0.18774231 0.19497319 -0.09847205 0.29413977 0.3310174 0.27284944 -0.14009535 0.5184904 0.04834947 -0.057415154 0.2172653 -0.20224129 -0.27789906 0.27491194 -0.13505772 0.23758526 -0.037358787 0.14738849 0.00091624004 0.018243225 -0.10898086 -0.013555235 0.088268444 -0.40256217 -0.01908983 -0.12444791 -0.41718125 -0.36637008 0.06878216 -0.39393333 0.06842711 0.11223047 -0.078287296 0.027223593 0.07666496 0.26168683 0.24274626 -0.046371784 0.24767262 -0.21366352 0.08521414 -0.039707523 0.11923647 -0.18347506 -0.0461465 0.53391 -0.2451408 0.026024288 0.26924732 0.061620496 -0.1623721 0.013913217 0.17432463 -0.16476606 0.09509019 0.10665638 -0.070832126 0.038677864 0.13955086 0.0846271 -0.026984712 0.26858887 0.02541904 0.106921144 0.2560514 -0.20889047 0.07650553 -0.0022933197 -0.32055706 0.15057138 0.25951496 -0.052785 -0.20154174 0.041059934 0.2053479 -0.030208835 -0.29756925 0.06484891 0.04118875
VGB 0.10994623 0.071232 0.10678287 0.22146913 0.1792934 0.006603999 -0.16433069 -0.13825686 -0.287682 -0.058773253 0.35205203 -0.087091886 -0.25966036 -0.08990288 0.18571416 0.08328262 0.009293752 0.0006075331 -0.08021615 -0.1480543 0.1337182 0.40133196 0.082719855 -0.33838147 -0.09182003 -0.065678276 -0.15951347 0.05242527 -0.08135221 -0.19593206 -0.12685238 0.007509434 0.08449022 0.058210656 -0.15188447 0.1365564 0.1932592 -0.18589433 -0.12514132 0.011205087 -0.03011648 -0.027998647 -0.016896907 -0.2310111 -0.111045696 0.1333789 -0.14094159 -0.13551229 0.084431656 0.061478235 -0.082680084 0.08967751 0.012324289 -0.12275775 0.23305735 -0.036040105 0.36348456 -0.10039836 -0.31622097 -0.2048025 0.03725789 -0.09816719 0.16344482 -0.043529373 0.059892084 0.09831237 0.4269237 0.10279454 -0.08675038 -0.12948123 0.078309424 0.028456897 -0.3264118 -0.29752505 -0.015280842 0.04355458 0.20104067 0.028706368 -0.07777774 -0.1592544 0.08602218 0.099951915 -0.033216864 0.288009 0.14840382 0.35651213 -0.04161584 -0.15935156 0.0045578647 0.15397534 -0.24236563 0.19937718 0.1102234 0.16726771 0.17795126 0.20285939 -0.082287125 -0.16647513 0.034197155 -0.1951049 -0.19813216 -0.19170366 -0.22188945 0.35216135 0.20581445 -0.21018758 0.15550303 0.21869236 0.26900288 -0.17728083 0.050804015 -0.05223946 0.08743761 -0.11593173 -0.100415595 0.12460695 -0.025326815 -0.004540898 0.011468484 0.043706767 -0.1780003 0.1929936 0.23375152 -0.111897394 0.018992657 -0.0010740723 -0.17577511 0.18488115
BHS -0.029002212 -0.15829135 -0.0590251 -0.023104006 0.1303994 -0.18475085 -0.09263997 -0.029023109 -0.11899476 -0.019783571 0.26454175 0.031075412 -0.26644385 -0.09535182 0.028161075 0.19620173 -0.09025406 0.07048073 0.0050360328 0.2620158 0.049010243 0.15793383 -0.036654618 -0.26605546 -0.15140763 -0.085651614 -0.14742972 0.02496548 0.135618 0.03978527 -0.13941725 0.033239216 0.050135296 -0.010419853 -0.039011866 0.22116506 0.39625004 0.004549539 0.13105842 0.041496243 0.075760365 0.06862307 0.19142331 0.016573606 -0.05507988 0.31795576 -0.259286 -0.08914187 -0.03182018 -0.06207051 0.13033056 0.0012202977 0.16388623 0.103432305 0.07457847 -0.031560816 0.28771722 -0.10470537 -0.14486852 -0.0014500861 -0.12512076 -0.30999568 0.08395379 -0.19333225 0.08367567 -0.008314167 0.25328445 0.12307085 -0.13206388 -0.1832341 0.013662511 0.025099652 -0.22680363 -0.047264386 -0.034202274 -0.14709257 -0.3156145 0.008563835 -0.30473453 0.17641889 -0.059481233 0.04485273 0.17155102 0.1642242 0.06695606 0.16884056 -0.086240135 0.18904057 -0.04411583 0.016380366 -0.099952675 0.068501584 0.0499956 0.10206136 0.4366474 0.06091384 -0.07428136 0.14559636 -0.044868913 -0.22106151 -0.124586955 0.1254433 0.017791444 0.4014136 0.21614955 -0.1644033 0.30231404 0.051383443 0.0788299 -0.053422965 0.30512667 -0.006272614 0.059999675 0.15639134 -0.077937 -0.015372758 0.091682374 -0.23987547 0.18490392 0.4523302 0.0832664 -0.065849006 0.14337277 0.061163303 0.066038504 -0.24878588 -0.11283274 0.10224394
CRI 0.12633008 -0.1015657 0.059412196 -0.18673846 0.32084543 -0.3843272 0.28491393 -0.081465214 -0.24414626 0.055451974 0.52277195 -0.25412908 -0.133803 -0.14331956 0.3532719 0.21758516 -0.034989357 -0.1985591 -0.27831167 0.024066022 -0.090613954 0.296724 -0.16787338 0.04417838 -0.0070643136 0.0018807927 -0.014995314 0.16866 -0.11865496 -0.044538036 -0.2698433 -0.047156185 0.17027205 -0.02821754 -0.44845593 0.27268237 0.23021764 -0.091951385 0.14436947 -0.3800504 0.3349809 0.11947483 0.060483217 -0.07390446 -0.15185429 0.089851804 -0.16376102 -0.06412491 0.16543765 -0.091044694 0.37098703 -0.3821472 0.036273085 -0.21262561 0.10274591 -0.22504835 0.24615726 -0.19545709 -0.18895087 -0.08264852 0.011598136 -0.008189715 -0.2793765 -0.09399674 0.262163 0.024322107 -0.003989415 0.012334598 -0.24745537 -0.16577478 0.28852746 -0.042220123 -0.27378517 -0.02490517 -0.07880806 -0.2644165 -0.08766362 -0.22231466 -0.018678717 -0.2540972 -0.0035239307 -0.41755342 -0.1679903 -0.0026574035 0.13025364 0.16639262 0.039933037 -0.046110153 -0.08864061 0.1510661 -0.28487885 0.13918595 0.022562062 -0.01209166 0.1981364 0.24914339 -0.055441182 -0.2835777 -0.1630079 -0.13595279 0.04376635 0.06637695 -0.17895511 0.3559131 0.14004156 -0.18130487 0.09637552 0.034225255 0.1959838 0.011786794 0.243978 0.2524294 -0.06855457 0.09096168 0.10327034 -0.1266325 -0.014015873 0.28954196 -0.18640848 -0.003518863 -0.024989503 -0.04423908 -0.024562849 0.05714632 -0.21277492 -0.143331 -0.0004320184 0.20955378
URY 0.014093357 -0.028112223 0.06553505 0.08698637 0.11313602 -0.21935034 0.13465539 -0.053516544 -0.23740356 0.05050637 0.28899574 -0.053397678 -0.17362651 -0.2543057 0.18475792 0.22209638 -0.04956105 0.03847867 -0.06419223 -0.05458564 0.042432655 0.32657608 -0.047844343 -0.29903892 -0.0560563 0.20192504 0.032480445 0.124884285 -0.020432847 -0.009423962 -0.19171575 -0.23073608 0.07465714 -0.11645191 -0.24635644 0.34525558 0.05488047 -0.021768603 -0.057490304 -0.24286602 0.03131021 0.105027206 0.0010927534 0.02366431 0.06968273 -0.11537484 -0.14243798 -0.1316005 0.030011635 -0.046877816 0.1445253 -0.13226669 0.09658246 -0.08083161 -0.17899892 -0.20201124 0.27154988 -0.07975975 -0.2593787 -0.18031855 0.12515004 0.0021143947 0.079044916 -0.19803329 0.02181149 -0.04672089 0.24091923 0.19061062 -0.08284038 -0.14938258 0.13382106 0.02267054 -0.29869765 -0.11590637 -0.010476826 -0.11269319 -0.07072229 0.02065021 0.12767604 0.07583359 -0.18239976 -0.12579341 0.12309182 0.1857316 -0.049179196 0.01704932 0.06496365 -0.14543451 -0.021692777 -0.04541652 0.021958532 0.077177726 0.18628645 -0.049904 0.2554682 0.20392634 -0.09121141 -0.1496214 0.029500559 -0.07531808 0.0732757 -0.067550376 0.020848569 0.35970268 0.20994572 0.06848926 0.23080744 -0.19388185 0.12838514 -0.1244224 0.19166619 0.23835264 0.0027556093 0.09844751 -0.027021337 -0.11474452 -0.05174542 -0.04534503 0.09670236 0.19857757 -0.1889196 0.09858337 0.08245533 0.021795569 -0.14572093 -0.16011482 -0.20371476 0.17894195
SDN 0.11859479 -0.113527775 -0.0061215675 0.18640465 0.077380866 -0.18503995 -0.12426595 0.10799143 0.123299085 0.17486048 0.24314749 0.06494549 -0.009940037 -0.043820124 0.17337324 0.029975276 -0.13777164 -0.02610078 -0.1693593 0.038493045 0.09812106 0.21229681 0.16662177 -0.24586669 -0.03796669 0.2368927 -0.014820528 0.34366056 0.015281405 -0.05560803 -0.013581746 -0.12364385 0.089440234 0.24605939 -0.18538225 0.12260988 0.31545737 -0.11681449 0.1451985 -0.0990837 -0.27729195 0.11359328 -0.14788954 -0.01277811 0.06012521 0.13387181 -0.2546613 0.27616653 -0.09315085 0.24015833 -0.009018177 0.07001083 0.030925833 0.1616957 -0.15501858 -0.073990665 0.094804294 -0.015545824 -0.16467944 0.15171081 -0.014039579 -0.024361603 0.18766995 -0.12234418 0.17066853 -0.057403214 0.016742643 0.22679856 -0.050431073 -0.031579323 -0.10452728 -0.112402596 -0.2192449 -0.1115183 -0.041004136 -0.1244451 -0.012713152 -0.029147632 -0.060285076 0.19445665 -0.067908734 -0.0854381 0.014268604 0.2669155 0.040072862 0.06782125 0.13637485 -0.18359952 -0.06303131 0.02805074 0.121226355 0.017176177 0.1097117 -0.033448648 -0.02033945 -0.08030205 -0.12019831 -0.35338402 9.079419e-05 -0.0069261966 -0.2501067 -0.15934952 0.060110617 0.10335451 -0.04683399 -0.18619026 -0.026593404 0.19302495 0.07532977 -0.11046071 0.073377885 -0.16277827 0.07775218 -0.11985733 -0.105393276 0.038036495 -0.18695286 0.08048285 -0.04332365 -0.29592738 -0.22808507 -0.09977386 0.027076684 0.041422173 -0.09292235 0.02604138 -0.008301062 0.016367296
ABW -0.11032409 -0.21744111 -0.043512505 -0.23959662 0.03069103 -0.19773206 0.1376628 0.102136165 0.0336951 0.3194484 0.105030924 -0.08321903 0.03925961 -0.07805162 0.21463697 0.108174525 0.14139841 -0.14623201 -0.28258908 0.023127621 0.16343383 0.5203099 -0.16401792 -0.11721563 -0.10288802 0.34896567 -0.13341644 0.24193232 0.2378098 -0.0026790893 -0.26684755 -0.2287358 -0.07995608 0.014653884 0.021199778 -0.09838755 0.14080751 -0.19630812 0.35071844 -0.22442766 0.32389602 0.010017368 0.069376 0.15031502 -0.09858313 -0.009726775 -0.34034526 -0.042784706 0.11083232 -0.2068012 0.38189584 -0.24667485 0.26093563 -0.03980007 0.124495104 -0.061282873 0.25338864 0.26284662 -0.14501216 0.062268477 -0.2838579 -0.11511105 -0.019628344 -0.043956902 0.33429322 0.0186045 0.03240105 -0.13563253 0.009759798 0.1480701 -0.040544894 -0.09568786 -0.30096477 0.19045177 -0.16619009 -0.33545646 -0.23578677 -0.054829754 -0.04284896 0.13555418 -0.22223733 -0.2856562 -0.26664275 0.27014253 0.15172662 0.012760266 0.2233154 -0.050767735 -0.28314668 0.1832167 0.09226361 0.055086337 0.0835452 -0.29532272 0.46988058 0.17923576 -0.21962675 -0.016407218 -0.29176602 -0.10841228 0.15880845 -0.15671465 -0.17737257 0.38934955 0.030348165 -0.30826995 -0.13247663 0.1739169 0.0069515607 -0.048823945 0.3609888 -0.0054462506 0.05807302 0.2060754 -0.13552736 0.05915304 -0.019548012 0.26862878 0.15106414 -0.22127138 -0.2784639 -0.25349987 -0.06762441 -0.022869768 -0.10854629 0.008888972 0.04271907 0.10902696
BWA 0.078592956 -0.18459961 0.0758366 0.113197975 0.10627247 -0.24750529 0.0153538585 0.04378168 -0.044682883 0.0896659 0.25439858 0.0142406775 0.022842124 -0.12886085 0.24642654 0.1592656 -0.17019615 0.16812411 0.0013966674 0.10786187 0.03374688 0.16749223 0.12489457 -0.26279524 -0.09414195 0.25577575 0.08580513 0.23553418 0.024439521 -0.021602971 -0.14238234 -0.21175855 0.16108993 0.04872786 -0.15612891 0.25941402 0.19722383 -0.039360862 -0.06142206 -0.06590261 -0.14770527 0.08717907 -0.066226766 0.0936254 0.101603694 0.13428782 -0.09105322 0.16513057 0.0045697456 0.02859292 0.037580926 0.045746163 0.2518193 0.07311403 -0.22243623 -0.084731 0.10442433 0.1265635 -0.126293 -0.058884304 0.006068708 -0.02860107 0.18684636 -0.10833816 0.14839673 -0.15499246 0.052320153 0.14222333 -0.01460723 -0.10885699 0.009257753 -0.15973291 -0.3006793 -0.13683389 -0.045557737 -0.23580624 -0.08919055 0.050815377 -0.06372483 0.20395185 -0.13356952 -0.10994256 0.16511425 0.23127513 0.10228801 0.063648425 0.07932123 -0.21435983 -0.07363116 -0.050547678 0.14351837 -0.065086216 0.1088234 0.035631835 0.114734426 0.027493142 -0.09945265 -0.09432473 0.12043523 -0.047770742 -0.20457767 -0.060420677 0.09148293 0.044118103 0.023412395 -0.040416874 0.02919463 0.026558403 0.00824024 -0.17968546 0.155664 0.0033340266 0.0051692827 -0.010338154 -0.17001739 -0.22200118 -0.11412446 -0.16162413 0.017899243 -0.06089542 -0.1675254 0.07519915 0.10684016 0.05776325 -0.10626194 -0.22092274 -0.049559068 0.054437403
BHR 0.0014010018 -0.34696507 -0.083637446 0.04535072 0.07772902 -0.3152064 0.012824133 0.07205846 0.11270369 0.3663835 0.33341497 -0.0130245285 0.04669332 0.080384746 0.29987186 0.13537678 -0.21078698 0.021411145 -0.15684436 0.07152763 0.15141498 0.13723646 -0.018766025 -0.0045614555 -0.09927118 0.2447979 0.044933714 0.41611516 0.08583125 -0.076440245 -0.08850824 -0.20352416 0.1336941 0.1449861 -0.018676214 0.120902024 0.30150506 -0.13160422 0.30585772 -0.16216096 -0.10777341 0.24142669 -0.13236527 0.091866106 0.13742761 0.07086027 -0.31305465 0.31522518 -0.11324528 0.22127354 0.16715878 0.0693317 0.1437087 0.14525996 -0.2796293 -0.028721128 -0.06999018 0.07001601 -0.25041026 0.11534909 -0.16216944 -0.15131237 0.070134155 -0.06653158 0.28408474 -0.07669773 0.040219456 0.060976658 -0.0830107 -0.1276952 -0.15009235 -0.2282476 -0.1542194 0.077947006 0.08818265 -0.1369956 -0.23882788 -0.05480887 -0.21639536 0.3670928 -0.30834168 -0.19393 0.15475036 0.20467335 0.08033901 -0.08186355 0.24104787 -0.26804885 -0.11524446 0.027398003 0.2899651 -0.06367719 0.33948404 -0.014005347 0.26452821 0.13501164 -0.2090878 -0.08518342 0.0008038415 -0.09549097 -0.024959972 -0.14481848 0.15312201 0.20636967 -0.0054501262 -0.20993453 -0.09672367 0.17855273 0.13279685 -0.039892837 0.15797569 -0.16578828 0.090230785 -0.05947573 -0.21599852 0.11529147 -0.051023632 0.104299 0.1094715 -0.19632451 -0.22059044 0.03059728 -0.12033158 0.072913535 0.07414924 -0.101165704 -0.05529719 0.055693872
SEN 0.11016621 -0.22993676 -0.044693023 -0.08885127 0.11517334 -0.45263767 -0.06004349 0.11583355 0.303547 0.07520148 0.3458625 -0.107342966 0.16289628 0.022292932 0.21710148 -0.07070804 0.021422882 -0.05611132 0.0059875525 -0.00069073273 0.105998285 0.31495363 0.12761585 -0.17003183 0.032031823 0.36356425 -0.09325675 0.02752682 0.2283852 0.17407219 -0.3629685 -0.115994535 0.18136072 0.049593404 -0.16077352 0.03256972 0.2268813 -0.01327482 0.15478514 -0.058630787 -0.112630084 -0.109581694 0.08591598 0.13329123 0.09042616 0.12763585 -0.26903042 0.07483347 0.21743965 0.14663912 0.17476249 -0.025231937 -0.009818852 0.010869771 -0.007680504 -0.09690534 0.08111877 0.27738678 -0.08221747 0.02205512 -0.10166243 0.008859382 0.041585654 -0.23753312 0.15502441 0.029724415 -0.06423177 -0.0028908893 0.051709507 0.2923349 0.25587106 -0.12627032 -0.22651017 -0.19035012 0.14106053 -0.24161054 -0.14898705 -0.109717 -0.2235858 -0.0034500558 -0.21386003 -0.24619573 -0.13595608 0.1940637 0.277802 0.15458229 0.10026067 -0.10425972 -0.32604495 0.15324858 0.012003235 -0.049243785 0.037095007 -0.069229715 0.32506314 0.025124662 -0.17596303 -0.17245321 -0.037010048 -0.14903186 -0.18209924 0.07343865 -0.07963859 0.15075871 0.094192356 -0.22709508 -0.036621027 -0.08191815 0.017339958 -0.2938786 0.16354749 -0.052085526 -0.1992709 0.0060829706 -0.36516544 -0.15199427 -0.34199354 -0.16636041 -0.08024982 -0.21194631 -0.16411932 -0.06452114 0.026749544 -0.11224913 0.14550771 0.029166471 -0.17618725 0.17899872
JPN 0.09270154 -0.07989777 0.00824081 0.25954935 0.12916504 -0.090282336 -0.055377822 0.09583472 0.018493583 0.09857883 0.2660901 0.03915392 -0.063779175 -0.11072777 0.19075337 0.023847187 -0.1220608 -0.0020535677 -0.2246271 0.014152516 0.09097049 0.22598638 0.11817078 -0.1834436 -0.04147106 0.18815608 0.047319114 0.33518663 -0.025673622 -0.041019894 -0.08021274 -0.119345106 0.073497996 0.2332064 -0.18049833 0.1296621 0.3248348 -0.11385585 0.15689114 -0.067765795 -0.15617253 0.08644941 -0.080938436 0.042691864 0.058190707 0.071098216 -0.16824654 0.22577769 -0.103409946 0.17743061 0.049970362 0.0011371938 0.096114434 0.09218625 -0.17317624 -0.076510206 0.13388854 -0.10096469 -0.23547837 0.12707877 0.028869085 -0.017321985 0.1773945 -0.11937893 0.10161568 -0.07892367 0.0270411 0.24800551 -0.10788006 -0.019050865 -0.054737255 -0.14482455 -0.2958113 -0.11879866 0.0031000308 -0.122445114 0.001956643 -0.026087744 -0.021319287 0.17151058 -0.048736494 -0.092257686 0.045057315 0.31605357 0.029542368 0.043479923 0.17263785 -0.19654828 -0.006424004 0.08661304 0.14688268 -0.009121657 0.13080044 0.026646623 -0.08669029 -0.119709894 -0.09785876 -0.32095674 -0.009902455 -0.042015668 -0.18286736 -0.23502198 0.0232081 0.07750785 -0.043461483 -0.21939568 0.010525522 0.2216302 0.11220871 -0.21954873 0.12965427 -0.1295722 0.14443524 -0.06816574 -0.101701275 -0.09480652 -0.09799749 0.17874263 -0.03420036 -0.27986687 -0.1563899 -0.023428356 0.027250744 0.035727262 -0.07764957 0.051287655 -0.072811544 -0.0060943523
GTM 0.09261408 -0.15958753 -0.022926783 -0.30474803 0.22263244 -0.39143384 0.24700011 0.00041979033 -0.19893363 0.15476345 0.48193195 -0.14632271 -0.115439005 -0.06357367 0.328788 0.24040131 -0.05721035 -0.18802848 -0.260359 0.041803736 -0.04644053 0.21001521 -0.12065908 0.10090042 -0.105988055 0.06353747 -0.06816049 0.22095321 -0.06980419 -0.12977262 -0.18206337 -0.10444817 0.13240021 -0.0302891 -0.34236756 0.16793321 0.21346596 -0.15509045 0.100940086 -0.32194433 0.28320196 0.10864091 -0.07474628 -0.0606396 -0.16615896 0.089863755 -0.18165122 -0.011192273 0.0417225 0.03752242 0.29231787 -0.2940604 0.05541616 -0.118888736 0.09217682 -0.2541968 0.20046006 -0.13263871 -0.1603319 -0.032210574 -0.057749722 -0.025866492 -0.22339799 -0.013275158 0.39199826 0.013389679 0.00561003 0.0037386771 -0.19825211 -0.26295468 0.15308852 -0.06399144 -0.25529942 0.04306895 -0.13705823 -0.30341503 -0.17587568 -0.20051199 -0.10657285 -0.17566417 0.018089889 -0.43868944 -0.07942017 -0.02469617 0.21207938 0.1753432 0.065252416 -0.09294958 -0.09416506 0.1435823 -0.22757421 0.21449299 0.035708085 -0.07981384 0.26711062 0.25881916 -0.06372096 -0.21961942 -0.14660077 -0.024772443 0.025412384 0.10461537 -0.23077376 0.21265844 0.10937669 -0.20399058 -0.0509416 0.21557188 0.21460019 0.15379407 0.22240385 0.14767487 -0.041108772 0.08943114 0.07083191 0.08641607 -0.09665891 0.26638722 -0.11304681 -0.09490191 -0.16927108 -0.12246367 -0.14388649 0.13451906 -0.29483864 -0.1933602 0.042247724 0.28592142
BLZ 0.030945573 -0.12316798 -0.048154894 -0.38918605 0.22254121 -0.40677738 0.3038244 -0.03680527 -0.20437407 0.2074921 0.48148263 -0.12122607 -0.13653196 -0.0315756 0.30160406 0.3334299 -0.08463067 -0.20821758 -0.3851514 0.16127516 -0.051392544 0.21327376 -0.18242778 0.0795819 -0.19367935 -0.023059389 -0.12987763 0.25672293 -0.07613983 -0.20169774 -0.22054 -0.10308102 0.13768458 -0.0941111 -0.39899874 0.23003349 0.25166458 -0.1411289 0.09057027 -0.41345093 0.44612736 0.14324762 0.019415075 -0.12998296 -0.27985206 0.1688199 -0.15951124 -0.084084086 0.058987156 -0.06022802 0.3457796 -0.33507392 0.1187636 -0.065219015 0.16611122 -0.35591134 0.35473764 -0.22521035 -0.15640847 -0.042307843 -0.086572446 -0.14486693 -0.2959868 -0.004051128 0.51528317 0.041024595 0.042976793 -0.030089954 -0.2947937 -0.36371422 0.12086831 0.031518195 -0.333881 0.19365822 -0.16222377 -0.3562836 -0.20799011 -0.25804406 -0.14112112 -0.17968248 0.11946033 -0.53632414 -0.0453135 -0.047699343 0.23910347 0.22272503 0.01476608 0.060742836 -0.15248072 0.10084722 -0.27211225 0.2862569 0.069029056 -0.12004363 0.4035043 0.21806905 -0.0003557388 -0.162881 -0.20848477 -0.034061726 0.101494975 0.21514413 -0.20031987 0.25130045 0.1637753 -0.17410377 -0.0404015 0.28838608 0.2583967 0.27362025 0.35447168 0.24674316 0.007733602 0.19926709 0.14443915 0.07820253 -0.065266155 0.29675293 -0.13748677 0.07920946 -0.071426585 -0.14821544 -0.12539546 0.18976851 -0.37703964 -0.35036626 0.09785676 0.30610493
WSM 0.2865718 -0.16624443 0.050915755 -0.11797208 -0.03852902 0.16036649 0.07926191 0.15066418 0.1325446 0.107083686 0.059770685 0.03526278 0.42528835 0.30148265 0.6661251 0.062373538 -0.32456252 0.13036431 -0.7018844 -0.058091465 -0.27956432 0.54785216 0.17208163 -0.23450848 0.13351166 0.16540101 0.3784946 0.57220995 0.1919398 -0.2905204 0.059605867 -0.13388897 0.1880145 0.14537632 -0.48295233 -0.036632456 0.022403698 0.034975268 0.27440894 -0.32644427 -0.40500987 0.14254965 -0.13292329 -0.006611183 -0.03742016 0.21967049 0.16244952 0.5351259 0.042531192 0.30038685 -0.12565692 0.06802085 0.0029878078 0.4017864 -0.08176264 0.01933332 -0.13256104 0.01240294 -0.23890775 0.42500576 -0.5232567 0.0053019454 -0.07546065 0.051576827 0.3735157 0.23616496 -0.12621444 0.120751314 0.016560933 -0.05818938 -0.04091936 -0.24647194 -0.21157905 -0.32311392 -0.09739712 -0.14454424 0.14871314 -0.1569698 -0.13470171 0.2895934 -0.015629554 -0.35505584 0.055408932 0.5557459 0.015081266 0.32914793 0.16643319 -0.39857477 -0.021156706 -0.109052375 -0.26943073 0.055762824 0.36276716 0.301659 0.36836806 0.3769001 -0.06395521 -0.38291603 0.18520497 -0.20132294 -0.5482699 -0.25092432 -0.04886064 0.20235895 -0.39932942 -0.057530176 0.08438784 0.26138785 0.23922962 -0.006658372 0.09708228 -0.15699029 -0.035118006 0.2513216 -0.45940164 0.14461865 -0.37226266 -0.5382798 -0.055473 -0.073481 -0.4188279 0.13165091 0.5184554 0.036522765 -0.30290246 -0.41559356 0.014378165 -0.19443542
KGZ 0.17407343 -0.19174705 -0.08462449 0.052047674 0.24452285 -0.3139217 -0.17918745 -0.26688045 -0.1412801 -0.19181399 0.43646845 -0.19596867 -0.36593848 -0.09515846 -0.20247285 0.060802236 -0.04536486 -0.22359481 0.019037558 -0.18074423 0.212087 0.22255051 0.06773734 -0.3625519 -0.008295869 -0.0010626937 -0.111478604 -0.04259068 0.11972958 -0.12568568 -0.096232206 0.1342013 0.23623687 0.21679339 -0.26698947 0.24043056 0.46798193 -0.035672005 -0.07204951 -0.082101144 -0.05649412 0.20123063 0.068243265 -0.24315158 -0.09903539 0.2039442 -0.42679843 -0.2762131 0.19517963 -0.070916325 0.030588549 -0.15822722 0.04156526 -0.03662024 0.34293562 -0.01346139 0.52043015 -0.16630727 -0.37995088 0.06959795 0.031757735 -0.0858106 0.29259637 -0.28487512 0.04182921 -0.05517797 0.34946507 0.053234443 -0.08308445 -0.18182698 0.03945491 0.30419087 -0.47658905 -0.3085643 -0.06786893 -0.31902564 -0.1823472 0.17790839 -0.21851104 0.081895135 -0.22275032 0.09708465 -0.0091591915 -0.12009191 0.08980095 0.3674953 -0.14249064 0.17767978 -0.08275447 0.14941578 -0.19527027 0.04834236 -0.18447202 0.16214013 0.40845728 0.09657405 -0.104363 -0.033652507 -0.090208426 -0.31366637 -0.04204431 0.123822935 -0.019206006 0.38373727 0.27953193 -0.21035859 0.27947608 0.042298745 0.044272143 -0.15351751 0.14887522 0.10044732 0.25926444 -0.042767294 -0.08247754 0.03485313 -0.03736454 -0.2725338 0.21579249 0.10189603 -0.15739045 -0.2445294 0.15929034 -0.18358329 0.45045802 0.019608285 0.084240004 0.28181815
MWI 0.13307899 -0.16348301 0.021098094 0.13117415 -0.030830069 -0.33604118 0.14696345 0.1627903 -0.24682927 -0.07555497 0.3978777 0.11744012 -0.19605654 -0.35208836 0.3843907 0.32944238 0.08647024 0.107076794 0.056006815 -0.12653302 0.08348644 0.38750187 0.015378863 -0.22752006 0.0734636 0.2128175 0.030496059 0.12354106 0.028062895 0.078566596 -0.16765033 -0.31697893 0.18063718 -0.026892405 -0.24930972 0.39825356 0.11845747 0.017649466 0.08861171 -0.25611743 -0.08867671 0.07685143 -0.12911302 0.10914111 0.13775939 -0.2645568 -0.23872526 -0.02953169 -0.075119615 -0.036979284 0.124713026 -0.15239167 0.13513142 0.083486214 -0.1015516 -0.24392574 0.23702227 -0.100037895 -0.10739678 -0.03264248 0.16560619 0.11289549 0.13581063 -0.1997793 -0.20842907 -0.0827726 0.091487944 0.23216277 0.012851054 0.00866371 0.051330283 -0.08072407 -0.18522714 -0.1188184 -0.0005960446 -0.048346568 -0.14212014 0.14593133 0.19846244 0.2054624 -0.27067047 -0.23710696 0.17677104 0.21992132 0.056371108 -0.1266886 0.08228676 -0.24355996 0.09157609 0.019331012 -0.07956922 0.0827479 0.11841697 -0.05339166 0.24573211 0.24285534 -0.11574801 -0.022990622 0.0010134144 0.09715019 0.09058358 -0.14563827 -0.038809076 0.30650795 0.14219747 0.10945577 0.26728722 -0.053974062 0.03779145 -0.11485248 0.12854233 0.30136102 0.014600214 0.106157 -0.012478947 -0.21304178 -0.16994569 0.013649302 0.09309561 0.11267497 -0.4403135 -0.029994642 -0.07168454 -0.02556896 -0.1802283 -0.16548985 -0.19561 0.2654666
BMU 0.117069505 -0.047345188 0.12718722 0.029770643 0.19618388 -0.057258885 0.029121608 -0.08138404 -0.32874086 0.015600612 0.17563216 0.03894769 -0.1764621 -0.14455146 0.33873355 0.18039694 -0.021683779 -0.0122608105 -0.16541007 0.0390016 0.06687956 0.14138523 0.042990733 -0.022835307 -0.039358843 0.06962304 -0.13843648 0.090098046 0.032410223 -0.060267884 -0.067217454 -0.020325879 0.2914461 0.07316967 -0.21236491 -0.058157433 0.14911675 -0.26010516 -0.046536192 -0.008209204 0.020983065 -0.08158877 0.07778239 -0.14864747 -0.16862465 0.16773167 0.10008923 -0.07243498 -0.0616842 0.07199846 0.15105832 0.0014699774 0.06376546 -0.16164151 0.07077007 -0.1969798 0.30405614 0.0064255283 -0.1522753 -0.36387846 -0.056249417 -0.14205122 0.0844489 0.10036866 0.16776742 0.010447615 0.3084969 0.17591326 -0.15398128 -0.2592663 0.1157722 -0.016406368 -0.30577192 -0.024387043 -0.22641103 -0.18705174 0.023599021 -0.100651644 -0.05452453 -0.09213052 0.14045128 -0.15933175 0.13133834 0.37092125 0.07789289 0.15515655 -0.011197758 -0.17526625 0.08942704 -0.035971522 -0.1690254 0.08375932 0.0970052 -0.06530166 0.33390749 0.2403499 0.069934875 -0.20517173 -0.019487608 -0.11425917 -0.10352232 -0.0020748067 -0.21300212 0.104640365 0.099564694 -0.09854205 0.05974651 0.30123815 0.10650188 0.05922617 0.07471468 0.11268408 -0.14704277 0.05740518 -0.062440515 0.09533052 -0.06370044 -0.0042817947 0.06240455 -0.046358246 -0.15592925 0.10549673 -0.00089837494 0.16655456 -0.31714275 -0.018626535 -0.07346852 0.13571565
AIA 0.091537796 -0.14520775 -0.095191866 -0.17895493 0.25362584 -0.3728281 0.14820755 0.052973486 -0.13720891 0.08542258 0.21238983 0.030508455 -0.20633489 -0.18562248 0.40704608 0.31179368 -0.15353554 -0.23528923 -0.21617264 0.32286158 0.040391296 0.19228418 0.02404151 0.13605957 -0.16289991 0.05343592 -0.16526243 0.14219715 0.030552011 -0.059394475 -0.25789398 -0.10443344 0.19419536 -0.00777995 -0.18565638 0.0860091 0.21440762 -0.052185226 0.36297905 -0.18655935 0.13468088 0.041689742 0.085554086 -0.04557384 -0.23513687 0.23397529 -0.066505656 0.10191077 -0.06367943 0.06475924 0.1836521 -0.06966332 0.0009201359 -0.026626997 -0.012339574 -0.18629208 0.1803904 -0.019730829 -0.17288525 -0.12192599 -0.1708883 -0.26134202 -0.18879865 -0.069181226 0.20644706 0.11256849 0.23298216 0.23977171 -0.3088705 -0.30574846 -0.07814084 0.116847545 -0.018825676 0.31740904 -0.36540008 -0.14234535 -0.35870597 -0.16127752 -0.12044512 0.25579187 -0.037534017 -0.27598262 0.09100221 0.23394997 -0.116104014 -0.066624485 0.019584298 -0.013095964 -0.043534774 -0.06787788 -0.2568758 0.13628043 0.14470518 -0.2966071 0.3153915 0.4042569 -0.00041798252 0.076113075 -0.13247858 0.024023099 -0.09035415 0.17578241 -0.0041302224 0.54601836 -0.0042291526 -0.16770187 0.22046135 0.2640752 0.02985485 0.41711754 0.22013663 0.08965818 -0.12504707 0.22313392 -0.011918699 0.122897945 -0.047336098 0.11743796 0.15108055 0.24961959 -0.3240583 -0.24398522 0.163066 0.15484063 -0.22895984 -0.23870896 0.010914773 0.25464848
TJK 0.17026068 -0.31854957 -0.18067649 -0.06221523 0.25543016 -0.33496895 -0.19061524 -0.20975904 -0.020900952 -0.14764287 0.4051001 -0.12868528 -0.30909482 0.009684945 -0.23512867 0.018972183 -0.07214925 -0.23211695 -0.019435532 -0.13020037 0.18859802 0.17852195 0.11511205 -0.3585016 -0.00031190043 0.057752565 -0.11032541 -0.02412639 0.23522031 -0.061572842 -0.072714895 0.16451803 0.25249925 0.23934194 -0.2290282 0.18671882 0.51887083 -0.01598582 -0.060183764 -0.07971459 -0.10741019 0.20757447 0.08829023 -0.20615979 -0.06850236 0.27214345 -0.4634462 -0.2233719 0.20344785 -0.030098554 0.05885007 -0.15626019 0.043524444 0.04856056 0.28900072 0.01675306 0.50550187 -0.06831335 -0.33956075 0.10604031 -0.06085041 -0.1368835 0.30532745 -0.32666078 0.124621265 -0.05013184 0.2920525 0.008209163 -0.019772261 -0.14270255 0.089733966 0.26521862 -0.4763154 -0.32364178 -0.04982554 -0.42641965 -0.2932608 0.13795975 -0.34803516 0.12978198 -0.22256683 0.05319783 -0.015915511 -0.11277129 0.13947374 0.36619723 -0.13258427 0.23375194 -0.1472366 0.17520145 -0.09707585 5.1152543e-05 -0.1928555 0.16494088 0.4992997 0.01408804 -0.12173936 0.01529645 -0.10013343 -0.3138016 -0.070831165 0.2362279 -0.038502097 0.25944477 0.3074452 -0.22896037 0.20258585 0.058191203 0.0059958273 -0.16755013 0.17189255 0.0326783 0.21002576 0.010332992 -0.15560146 0.039643567 -0.02566847 -0.36668897 0.23790759 0.07967216 -0.08560581 -0.29432204 0.091885395 -0.13778758 0.49427718 0.025628287 0.0962414 0.31919163
GUM 0.0585105 0.040786363 0.24951738 -0.12820874 0.28885674 -0.39616266 0.26428568 0.051072314 -0.1041478 0.13217655 0.25195447 0.09163602 -0.21214414 -0.25656584 0.50987464 0.40204707 -0.09900773 -0.043257445 -0.28583845 0.16617984 0.06645327 0.23105499 0.16283491 -0.15353401 -0.10523006 0.023315541 -0.26960117 0.3284493 -0.05020395 -0.011771637 -0.020560957 -0.080398984 0.53110784 0.084555954 -0.52222925 0.22575314 0.24801485 -0.3904158 0.30177757 -0.2989904 -0.055714794 0.2741444 -0.057371136 -0.15581754 -0.43677846 0.2398973 -0.11886995 0.023447577 -0.090388514 0.12312118 0.054530658 0.20526053 -0.074194185 0.057267413 -0.16437146 -0.22069578 0.20462324 0.24839708 0.13264933 -0.11997522 -0.015178331 -0.05628036 0.13292177 -0.01282096 0.42785314 0.23235346 0.19059482 0.38043848 -0.12104595 -0.2620705 -0.021954738 0.06985809 -0.0854839 0.0147870425 -0.46824113 -0.034031782 -0.037430957 -0.35702488 -0.0063816677 0.38223067 0.15289229 -0.21600686 -0.054789282 0.3200805 0.004559357 -0.21039431 -0.13729623 -0.12543896 -0.058057033 -0.21554925 -0.40068966 0.11232902 -0.13349728 -0.3305187 -0.008982235 0.2772307 0.058470383 -0.124597244 -0.22461267 0.06750662 -0.19614217 0.10647341 -0.08453394 0.21341874 -0.15385963 -0.16190283 0.09966191 0.52745444 -0.22406434 0.5205951 0.21469592 0.11743642 -0.289771 -0.17476496 0.19828516 0.08811734 -0.2760876 0.12926352 0.04380109 -0.27440515 -0.6469997 -0.13697149 -0.010720293 0.21165514 -0.5035072 -0.027393103 0.17727344 0.12696195
SYC 0.14913523 -0.12494886 -0.09136236 0.32948753 0.0063294168 -0.41445467 0.041651472 0.01144272 -0.02777968 0.095109835 0.38652945 -0.0022654962 -0.15758952 -0.35724843 0.21136297 0.10995678 0.010534009 -0.18530984 -0.026591595 0.052385565 0.073583126 0.29156384 0.068407245 -0.4596225 -0.09844273 0.40122217 0.017758528 0.16286863 0.029830568 -0.0076282914 -0.17595014 -0.257293 -0.048948385 0.054248847 -0.2875568 0.27862576 0.14336397 0.021793919 -0.06380598 -0.2017089 -0.3194969 0.046324227 -0.21298887 0.24448521 0.28893656 -0.029113399 -0.3220477 0.23421286 -0.014806227 0.05478931 0.09238148 -0.09756122 0.007859407 -0.06939031 -0.13033378 -0.15731272 0.19774996 -0.25151473 -0.1281597 0.072807424 0.26379114 0.12745585 0.15616979 -0.35536933 -0.103331774 -0.16722603 -0.084215656 0.23179157 -0.06915875 -0.08559381 0.028674383 -0.06814667 -0.25253263 -0.30460545 0.10146465 -0.10024872 -0.2072465 0.28024518 0.1435727 0.1787663 -0.09191514 -0.1725377 0.015831603 0.13037966 0.045085665 0.07676789 0.08871776 -0.20806316 0.020309044 0.003365141 -0.041082915 0.019151887 0.12879322 0.007434438 0.081332654 0.01267536 -0.1825247 -0.32395124 0.11542757 0.03463031 -0.11212661 -0.1055617 0.13302326 0.34780243 -0.10995308 0.047585584 0.18378378 -0.26514572 0.15520827 -0.22096546 -0.02726688 0.045609977 0.050995782 0.02263375 -0.18297888 -0.18901013 -0.26150262 -0.020745533 -0.16294785 -0.011944045 -0.28943864 -0.17653687 0.14439222 0.015532416 -0.07124313 -0.214784 -0.056204043 -0.009135135
HTI -0.14010487 -0.09534574 0.09098442 -0.25877786 0.17791332 -0.38041142 0.25021654 0.028885033 -0.19992219 0.2713149 0.1385428 0.0018067526 -0.21781926 -0.2944668 0.18852817 0.032398786 0.025125498 -0.18229656 -0.36457536 0.19866759 0.16642673 0.42411354 -0.12504363 -0.36687347 -0.09932685 0.40385664 -0.0952193 0.36299697 0.2367058 -0.073854305 -0.32697535 -0.20933697 -0.0029247156 -0.030641545 -0.18237284 -0.19800673 0.018109996 -0.2354466 0.181874 -0.2631179 0.30857947 0.052050464 0.13885725 0.222113 -0.087557286 0.08661056 -0.15461172 -0.055916388 0.08045392 -0.21721426 0.27252957 -0.098221995 0.26617053 -0.02842712 0.077691965 -0.21274218 0.39980525 0.25379372 -0.06168523 0.0042726197 -0.23155005 -0.14384575 0.11865702 -0.026600344 0.13514656 0.16521412 0.1337619 0.081310965 -0.13605891 -0.05519832 0.1548028 0.22161968 -0.19667658 0.17075174 -0.33578327 -0.20944789 -0.20625168 -0.08877211 -0.066321045 0.0506478 0.12583497 -0.2769863 -0.16977704 0.22235322 0.09285849 -0.07220165 0.18325955 0.12715824 -0.2791441 -0.123740084 -0.117869034 0.11311824 -0.0056999763 -0.15112641 0.31182358 0.12538631 -0.03794399 0.22200312 0.027558098 -0.25830796 0.112633176 0.04269505 -0.10408728 0.5098677 -0.014070103 -0.14529712 0.06068136 -0.035859775 0.06470267 0.03331065 0.25678405 0.30122265 -0.10743716 0.24846779 -0.20814614 0.07203137 0.026993783 -0.1230462 0.18196246 0.11181903 -0.29504943 -0.097739406 0.37732694 0.13686334 -0.24659371 -0.22193609 -0.022565298 -0.0436379
PLW -0.015605451 -0.009327216 0.21125874 -0.17671248 0.24849555 -0.38792238 0.24461156 0.0555241 -0.14157405 0.19212084 0.23315974 0.0649668 -0.21547517 -0.22482808 0.45079076 0.37004703 -0.0459877 -0.07056413 -0.23537266 0.17758928 0.057152867 0.20191017 0.083291516 -0.09233864 -0.14387774 -0.005722389 -0.3317331 0.2814203 -0.03255258 -0.037379768 -0.07394589 -0.059695043 0.46463606 0.08155214 -0.4603486 0.15999113 0.2500847 -0.36264953 0.29944775 -0.30911228 0.028339894 0.23355626 -0.02448687 -0.1606393 -0.38303953 0.237921 -0.1336887 0.022939181 -0.049720585 0.0816376 0.123299144 0.11445982 -0.018165141 0.05962377 -0.06500539 -0.23744017 0.2804834 0.22812788 0.14822996 -0.12044911 -0.037493177 -0.12784657 0.096440606 0.017659426 0.4296566 0.19090897 0.1928534 0.285686 -0.15253396 -0.27641383 -0.027077043 0.09998484 -0.12926777 0.12586242 -0.4497771 -0.11512359 -0.108695395 -0.34277445 -0.038327113 0.28154716 0.16685669 -0.2916999 -0.09178236 0.29805577 0.081844695 -0.13874854 -0.10305321 -0.048983864 -0.102174245 -0.15038072 -0.3941803 0.15526709 -0.13109303 -0.3335853 0.109098434 0.2573554 0.040545866 -0.06481111 -0.247807 0.06683363 -0.119569294 0.1359911 -0.13935019 0.2333399 -0.059004735 -0.15383448 0.09429594 0.51131725 -0.15432453 0.5016521 0.24481897 0.13447498 -0.28228167 -0.11078863 0.16901903 0.049844798 -0.22342008 0.14933465 0.02758204 -0.22866641 -0.5779858 -0.16054673 -0.069781795 0.23641421 -0.5043641 -0.1174888 0.18170097 0.18175037
ANT 0.02608585 -0.12998487 -0.12205571 -0.1415919 0.26659057 -0.36310083 0.15287146 0.00010517135 -0.15914468 0.01866193 0.26557034 0.063103616 -0.31424314 -0.20917718 0.32452813 0.39012086 -0.18158154 -0.26141366 -0.17218554 0.36988318 0.04545159 0.12976813 -0.0027806628 0.059498753 -0.24680239 0.0045257015 -0.21387142 0.07681402 -0.0052827606 -0.079827435 -0.25560006 -0.11607267 0.20954426 -0.06978407 -0.12185077 0.1430229 0.24122378 -0.06055342 0.27651235 -0.17604266 0.23692046 0.052420963 0.14519894 -0.058265503 -0.24934351 0.3206565 -0.14317016 0.042233843 -0.10614676 0.008767656 0.13099612 -0.052351154 0.0841946 -0.00871742 0.021747412 -0.20259638 0.2427614 -0.072363086 -0.17899634 -0.16027765 -0.15185724 -0.32964593 -0.16810697 -0.0776255 0.20007081 0.08030147 0.24713252 0.20037039 -0.34533393 -0.3653776 -0.09294793 0.13945284 -0.036756106 0.35184103 -0.30309325 -0.08564652 -0.3984557 -0.12354302 -0.18913287 0.2247435 -0.062491216 -0.30193165 0.14497654 0.19980367 -0.06405714 -0.041754086 -0.008629182 0.12569797 -0.029351605 -0.07701154 -0.2549033 0.18187316 0.18657905 -0.2514545 0.33683106 0.34533784 -0.044597168 0.11563332 -0.18340099 -0.0436433 -0.0746731 0.16786356 0.03716865 0.6629434 0.123940304 -0.23238829 0.2798122 0.2938504 0.12359436 0.3594591 0.29254818 0.105137445 -0.021811835 0.19848314 0.028264737 0.11512655 -0.010278901 0.1115375 0.16609682 0.3735909 -0.28400686 -0.2635825 0.20828862 0.17754987 -0.20408124 -0.3138305 0.010216058 0.25426316
VCT 0.24327415 -0.21187833 0.08031018 -0.11445687 0.21327335 -0.43492404 0.17495531 -0.029901186 -0.23083077 0.12517303 0.41448656 0.00080619834 -0.11794763 -0.14658566 0.5994563 0.23078655 0.03164355 -0.09738536 -0.06638855 0.08141264 -0.007125698 0.18218622 -0.07590349 0.16050474 0.025158761 0.017844096 -0.2402074 0.1072189 0.058638565 0.09924565 -0.19103424 0.084252656 0.5174188 0.17173052 -0.34147745 -0.015253202 0.36300287 -0.3263985 0.32651505 -0.09710177 0.086736746 0.13876139 0.030447444 -0.04288767 -0.20599245 0.18948305 -0.21794483 0.079747275 0.072726004 0.008308795 0.36560103 -0.15975991 -0.045058124 -0.20534949 0.12642191 -0.19249597 0.09789438 0.22346848 0.042170785 -0.17624046 -0.17664327 -0.03089645 -0.15603502 0.08761626 0.21265419 0.066304214 0.11686257 -0.033520285 -0.06715367 -0.12698424 0.16638404 -0.18936963 -0.09010411 -0.06293451 -0.20669039 -0.22181404 -0.14499386 -0.26049548 -0.18561952 -0.09723414 0.074710876 -0.3722385 -0.13132493 0.18030709 0.1705712 -0.0012752761 0.017514776 -0.21593009 -0.04579808 0.11838187 -0.35850328 0.029206125 -0.12214235 -0.021211673 0.24431205 0.31927165 -0.0045969333 -0.05629005 -0.1403571 -0.09839482 -0.053762097 0.015372896 -0.28919774 0.13247685 -0.009754887 -0.2142532 0.09523522 0.34207126 0.09875592 0.19932988 0.04859453 0.11846525 -0.2973484 -0.027164314 -0.03295314 0.026805343 -0.04599161 0.13105243 -0.13987724 -0.0809657 -0.22554132 -0.028485494 -0.17617767 0.13117078 -0.2344344 -0.015662296 0.11397609 0.13882054
MKD 0.22394937 0.094292216 0.087599635 0.3662349 -0.025974026 0.15572652 -0.2229937 -0.10849746 -0.35234523 -0.075327985 0.18387954 0.057050016 -0.17723288 -0.08775982 0.16881551 0.33201683 0.029293407 0.10777674 -0.13606064 -0.27460665 -0.10385857 0.45259532 0.09546596 -0.40926766 0.122522034 -0.12588504 -0.1289365 0.046692006 -0.16910033 -0.1603183 0.08289491 -0.04813976 0.21773675 0.11820166 -0.22231457 0.24763711 0.29187828 -0.12764487 -0.18570551 -0.2132058 -0.16251941 -0.10108951 0.12804899 -0.4202479 -0.0025163433 0.08446569 -0.26030603 -0.14723383 0.092170864 0.11294476 -0.15261604 0.035199497 0.07802227 0.1455447 0.26794976 -0.16116324 0.5054457 -0.1924997 -0.39394075 -0.14648214 -0.11781731 -0.061076295 0.19333155 0.028920747 -0.003906267 0.088657185 0.46558344 0.15388836 0.022267565 -0.04259978 -0.01533594 0.08011268 -0.41371492 -0.13289304 0.08159651 -0.045230526 0.14593963 0.054231945 0.0020121797 -0.18864396 -0.008116609 0.049693663 0.12267142 0.39039382 -0.17110689 0.39503366 0.006543006 -0.000975027 0.17954597 0.11759621 0.030527946 0.1405991 0.1879426 0.10116246 0.34813544 0.121 -0.05953036 -0.3390476 -0.08032666 -0.14136443 -0.08819919 -0.19282112 -0.16963948 0.33411208 0.24983115 0.07218237 0.2834585 0.24741371 0.19799839 -0.057577856 0.14508013 0.060993936 0.15185946 0.17975649 0.013034658 -0.026506348 -0.07211215 -0.07751219 0.01581693 0.12456852 -0.075870894 0.11450065 0.08058532 -0.050581526 -0.17901075 -0.02584169 -0.11601934 0.2249072
ETH 0.1431575 -0.35108107 -0.012390664 0.015440181 -0.039337873 -0.44168845 -0.025844863 0.15077868 0.11606955 0.26784605 0.41824603 -0.027867213 0.013649676 -0.09848556 0.25553998 0.12502858 0.012192192 0.08927094 0.018472608 -0.07198321 0.10507956 0.38309935 0.053622298 -0.26323393 0.076616436 0.3793575 0.006965117 0.26613998 0.21742012 0.09724122 -0.1450251 -0.24616781 -0.03290738 0.042148493 -0.107786834 0.2897691 0.28847566 0.028263684 0.22336575 -0.21410064 -0.23199663 0.066323884 -0.18026742 0.13878787 0.29517674 -0.10190097 -0.39137027 0.12520336 0.046397507 0.037355818 0.16816394 -0.053478353 0.06909613 0.15367027 -0.13036388 -0.1008839 0.05732115 0.09454281 -0.123427205 0.12706561 -0.02666062 0.080283776 0.15506274 -0.2502647 -0.013861806 -0.07654013 0.02673561 0.09363109 0.04846303 0.080768116 0.029785626 -0.17838256 -0.1903304 -0.17334753 0.15083553 -0.12353721 -0.16305764 0.10477489 -0.056295488 0.23748681 -0.37694538 -0.10573729 0.06616945 0.10227849 0.143801 -0.049163286 0.17965505 -0.29104257 -0.16477984 0.086773165 0.15685372 -0.06854098 0.1565057 -0.04555221 0.30215362 0.12563075 -0.17373441 -0.07143119 0.104317605 0.013153983 0.029549666 -0.059670433 0.061919592 0.16401652 0.08052777 0.03541447 -0.0015293723 -0.1680442 -0.030006148 -0.14172515 0.029652404 0.011520887 0.034630843 0.067522064 -0.26969412 -0.09296024 -0.16941893 -0.066397056 0.055790093 0.027868813 -0.25281066 0.033122417 -0.05693111 -0.09798196 0.12393213 -0.079284936 -0.19245403 0.16402666
MUS 0.1374667 -0.18535854 0.038589384 0.18140991 0.05220606 -0.44254306 0.0035995562 0.07393936 -0.14388007 -0.039616972 0.36863106 -0.004514175 -0.10222888 -0.25696397 0.27093473 0.18197022 -0.027029617 0.16570355 0.13835762 0.08472883 -0.013531642 0.19039015 0.029946433 -0.27714515 0.02730038 0.1447408 0.032096073 0.046104595 0.1285229 0.06967769 -0.12335002 -0.11305587 0.19759576 -0.0953728 -0.11768556 0.35900474 0.25333357 0.11716901 0.07344821 -0.0832031 -0.12002755 0.06854492 0.07708999 0.18678169 0.19598056 0.15051194 -0.21865298 0.123358905 0.10866492 -0.006567611 0.08252707 0.04300015 0.1275364 0.14147514 -0.13410316 -0.101540886 0.050737076 -0.0015253967 0.0031924874 -0.07980617 0.11389595 -0.08304007 0.13322029 -0.16693218 -0.159196 -0.123820096 0.066962995 0.18640462 -0.022563016 -0.06973733 0.11143071 -0.17794845 -0.20221959 -0.2987145 0.14002618 -0.10380353 -0.16234829 0.035893433 -0.09818535 0.18836226 -0.1554539 -0.10362731 0.22936805 0.22049418 0.15795241 0.055077698 -0.06831769 -0.11165244 -0.022815902 -0.0670106 -0.029190026 -0.020746121 0.11429495 0.106230386 0.34495962 0.20126627 -0.06654105 -0.04724526 0.114760965 -0.04105958 -0.16392218 -0.013876072 0.16569662 0.20438997 0.15586163 0.05330007 0.3039487 -0.14206702 -0.023489255 -0.19528124 0.10705491 0.13444355 -0.08986741 0.036246568 -0.18439324 -0.32924774 -0.17709118 -0.37399447 -0.01264372 0.24109519 -0.14970312 0.13610451 0.14074975 -0.03749515 -0.03329028 -0.27788347 -0.17119423 -0.009858042
GIN -0.1053036 -0.18097368 -0.08185324 0.041086152 0.25311363 -0.09111864 -0.06342879 0.050714925 0.18295003 0.035521988 0.19851391 0.008554766 0.10613419 0.058158427 -0.022100054 -0.085104726 -0.34729794 0.030461121 -0.18183696 0.09093336 0.09108455 0.006879766 0.124902874 -0.07020703 -0.23143516 0.11511386 0.052136756 0.24994001 0.11523604 -0.021636963 -0.13626693 0.028868081 0.22977859 0.16276644 -0.17192522 0.08886251 0.39401406 -0.010991963 0.14529763 0.048339345 -0.046753798 0.2955979 0.044082437 0.048336368 -0.07631259 0.24631338 -0.071834214 0.08802696 -0.094539315 0.23063838 -0.033974607 0.028982338 0.14823534 0.16142842 -0.30003607 0.031013282 0.0853858 0.13832341 -0.23264076 0.1054311 -0.04552689 -0.14978483 0.14474401 -0.1090527 0.3740174 -0.056004487 0.012864236 0.17879446 -0.14046448 -0.17316376 0.05148256 -0.13958994 -0.37951484 -0.09062222 -0.09101877 -0.3122109 -0.18075517 -0.1410477 -0.3656545 0.31138384 -0.029054418 -0.13033684 0.13475199 0.36277512 0.16815728 0.1936252 0.09453832 -0.09819988 -0.09900576 0.07305675 0.17624262 0.039850343 0.12592448 0.119221255 0.073245704 -0.1813569 -0.1483801 -0.13911405 -0.025050925 -0.15138166 -0.3669895 -0.015825978 -0.040202845 -0.0695437 0.013810677 -0.35825008 -0.04046781 0.288863 0.12920325 -0.21186273 0.27946404 -0.25715882 0.034769855 -0.039079953 -0.14635006 -0.031445365 -0.08667373 -0.1669848 0.10769464 -0.22711347 -0.18618535 -0.05482544 0.05539939 0.03972482 0.048786346 -0.033199817 -0.08268598 0.053265154
PRK 0.24114436 -0.019819614 0.12188834 0.1608446 0.14827776 -0.44858006 0.037027955 0.13817485 0.045778044 0.098774485 0.45069525 -0.08459769 -0.06653121 -0.2416261 0.18733528 0.060015064 0.18691693 -0.1291888 0.09150288 0.10846686 0.014772471 0.1759841 0.19010672 -0.35892433 0.12519465 0.36007145 -0.090679266 0.16327982 -0.041484 0.14562441 -0.2578301 -0.14795776 0.29452324 0.16242784 -0.25959438 -0.0013016672 0.31513825 -0.20726718 -0.051492695 -0.15855321 -0.039158653 -0.27507585 0.07797995 0.09472977 0.100872025 0.19471808 -0.2794247 0.11351896 0.24132973 -0.003542187 0.2709002 0.05192958 0.10372579 -0.051193267 0.09725802 -0.27706683 0.18622224 0.05216663 -0.07088393 -0.09597644 0.030804968 0.056678273 0.16442426 -0.12046439 -0.05104142 -0.11522582 0.035002556 0.067084365 -0.07029038 0.22957614 0.26654336 -0.2063703 -0.30666476 -0.19241627 0.14501753 -0.06600649 0.045650806 -0.18382628 -0.033522677 -0.3807857 0.029077921 -0.30481315 -0.18668836 0.104585245 0.3120808 0.12825324 -0.0018197543 0.04914299 -0.3003696 0.11119026 -0.072516955 0.0016053488 -0.05152596 -0.11889464 0.013316508 -0.06468992 -0.015261475 -0.3896055 0.037930124 -0.22522753 -0.23882556 -0.12825881 -0.11304612 0.21140318 0.26604703 -0.2995041 0.14530046 0.0040382813 0.10679488 -0.34991622 0.18046999 0.18810579 -0.22089317 -0.18732974 -0.2893338 -0.24321555 -0.32232812 0.056017417 -0.25715378 -0.33356962 -0.20334244 0.030841721 0.021088501 0.029947722 -0.19759381 -0.086618625 -0.11879109 -0.058904756
PRY 0.05464672 -0.3557906 -0.109689 -0.20413554 -0.14365831 -0.2995641 -0.11512381 0.10166716 0.24469039 0.3109207 0.14874293 -0.029870082 0.17259382 0.10670056 0.05902439 0.0018629184 0.033169694 0.018000588 -0.16611554 0.01369839 0.13622457 0.44208297 0.03549768 -0.30664417 -0.04960876 0.38960788 -0.17226428 0.24446148 0.32803783 -0.09118865 -0.14606307 -0.2152011 -0.13248947 0.05906081 0.061389197 -0.022685207 0.2253963 -0.08120763 0.1354315 -0.15927109 -0.10832679 -0.092573285 -0.08437148 0.04742218 0.1432121 0.14235678 -0.38662925 0.11720457 0.13390213 -0.023506623 0.15707004 -0.10332988 0.18659727 0.23092623 0.17602983 -0.025569433 0.16298003 0.19766937 -0.10028084 0.16513875 -0.26924044 -0.11187491 0.064906 -0.042183623 0.27649674 -0.020738067 0.019046698 -0.12187766 0.078828245 0.11675489 -0.055080373 -0.11147277 -0.30366898 -0.014556151 0.060264792 -0.37483227 -0.23293182 0.11878942 -0.2260452 0.08936123 -0.22002846 -0.16476528 -0.07859488 0.17284693 0.2525968 0.21862556 0.14613035 -0.09611618 -0.2763006 0.1541906 0.16341542 0.010454096 0.10890329 -0.11715807 0.6090014 0.024413541 -0.18300669 -0.07551522 -0.0719158 -0.07047611 -0.027066976 0.03751814 -0.062300432 0.1978801 0.047519222 -0.15150101 -0.20626378 0.08368853 0.018699968 -0.09230787 0.1587118 -0.15277113 0.06877123 0.17278506 -0.29034868 0.07437614 -0.1814811 -0.075839356 0.023297984 -0.13562405 -0.11049825 -0.16697466 -0.042865574 -0.0684295 0.103190444 -0.106576405 0.031917375 0.09435769
GMB 0.25878567 -0.32200006 0.09647394 -0.10982702 0.06565091 -0.3190986 0.005945345 -0.0076916115 -0.29849768 -0.13268554 0.22806023 -0.071236424 -0.0034330233 -0.040597387 0.30017525 0.15714988 -0.25537834 0.15026191 -0.09624172 0.05515324 -0.043729227 0.24311237 -0.046485472 -0.15939878 0.018201834 -0.04939111 0.03459368 0.19001207 0.26368967 -0.19513369 0.060077816 0.09341863 0.28394794 -0.15674108 -0.12155639 -0.019823963 0.14105946 0.13409987 0.11828313 -0.13419183 0.023810912 0.18566431 0.11665411 -0.043940622 -0.001012947 0.4305232 -0.02511975 0.10009214 0.13872835 -0.02098883 -0.027117386 -0.03658167 0.15025432 0.11870404 0.06241427 0.054365497 -0.07088914 0.16509438 0.037641622 -0.17263788 -0.19861272 -0.21041888 -0.12800224 0.36482787 0.008442691 -0.006936649 0.17946272 -0.03843927 -0.086468406 -0.33247882 0.09009251 -0.15543479 -0.12374279 -0.19896685 -0.18403909 -0.22849408 -0.072729446 -0.059370775 -0.2623123 -0.066917785 0.12845978 -0.19726576 0.2020236 0.33665 0.27261508 0.46085793 -0.12533094 -0.084229834 0.06966193 -0.12842055 -0.23084155 0.10252218 0.12090441 0.24292451 0.6364506 0.47845173 0.05984031 -0.017586509 -0.0130274575 -0.20623931 -0.3218572 0.0861281 -0.08729832 0.2344766 0.2557511 -0.13951316 0.27534282 0.040371045 0.11855702 -0.00089493074 0.09027926 0.14541799 -0.22378998 0.11912055 -0.069822155 -0.011489614 -0.011699853 -0.60040015 0.0135110095 0.23430327 -0.13008612 0.12768233 0.21011959 -0.046501268 -0.19891621 -0.357958 0.05059944 -0.15023907
CYP 0.17987165 -0.038426768 0.07120072 0.09857817 0.24883474 -0.24951012 0.05403329 -0.14514178 -0.2721035 0.013821672 0.5961141 -0.18190202 -0.2016939 -0.06151159 0.28739104 0.22628805 0.04585979 -0.04965969 -0.043813486 -0.17318672 -0.025425104 0.24340498 -0.08924381 -0.06271919 -0.04301864 -0.13375151 -0.101708174 0.10589838 -0.24272534 -0.080332085 -0.18247168 0.00960986 0.3075128 0.12766638 -0.31006837 0.26644576 0.32299542 -0.23373087 -0.016199775 -0.23109381 0.18189107 0.1478714 -0.016383618 -0.23139119 -0.1310307 0.039346367 -0.3868178 -0.066154234 0.12764099 0.03018996 0.171968 -0.17762312 0.062459923 -0.21306293 0.20474873 -0.1387945 0.23524725 -0.1364255 -0.24903189 -0.08806309 0.014811771 0.0027453888 -0.10793496 -0.03604341 0.15110686 0.04511827 0.17681925 -0.06628679 -0.11671337 -0.11829894 0.18805638 -0.08965566 -0.25856322 -0.19189654 0.06123514 -0.08403235 0.0680825 -0.113733254 -0.09582489 -0.33247706 -0.0024758175 -0.2136691 -0.12907673 0.009979215 0.17446545 0.2552541 0.040311936 -0.13463467 -0.014702892 0.24394257 -0.2487691 0.16946705 0.02147325 0.22030753 0.08754328 0.19604993 -0.15869819 -0.2710567 -0.12389162 -0.21710835 -0.030507574 -0.1579599 -0.21626987 0.34140134 0.24637818 -0.29219162 0.15325762 0.2266408 0.33325255 -0.12239887 0.15666696 0.10650739 0.058355093 -0.14953224 0.062274378 0.0038452444 0.0015814089 0.26291648 -0.1961297 -0.089216515 -0.089815065 0.06689484 -0.046171334 -0.042321734 -0.020220794 -0.0087161055 -0.02890645 0.22769916
MDA 0.018656775 0.104695275 0.0024241915 0.3088686 -0.038927156 -0.044930972 -0.3330379 -0.10487934 -0.11611797 -0.10758572 0.3304415 0.15587835 -0.13361795 -0.026562283 0.094579026 0.3185247 -0.10524984 0.08906933 0.004669041 -0.09121443 0.230445 0.19676752 -0.014758665 -0.29813066 -0.119631946 -0.0151450345 -0.21077915 -0.03396213 -0.108626 -0.050290737 -0.07050451 -0.17166503 0.17837073 -0.05265405 -0.038958456 0.31759757 0.19498897 -0.1025896 -0.06887522 -0.112219386 -0.04391777 0.06312926 0.069458604 -0.2527747 -0.0005643461 0.13388567 -0.44992557 -0.069483906 -0.2072753 0.20733686 -0.15208685 -0.014716765 0.02171251 -0.011534393 -0.004193414 -0.15735942 0.27323025 -0.28828788 -0.32387012 -0.17783405 0.0075190505 -0.22823492 0.01999058 -0.10707657 0.021519622 -0.010763399 0.30505463 0.15014277 -0.08684736 -0.12456684 -0.113245204 0.061897133 -0.1183051 -0.020242816 0.09626814 0.0550056 0.021548016 0.10521923 -0.056113392 -0.012361846 -0.120812595 -0.0058171474 0.27134898 0.2978449 -0.03999627 0.17419542 0.11408549 -0.095901586 0.15601777 0.023166208 -0.0033286307 0.31953475 0.35505775 0.1152553 0.3653404 0.14316101 -0.19606258 -0.2289278 -0.19920681 -0.14438958 -0.075805254 -0.12953392 0.033268046 0.49182525 0.35727534 -0.22431147 0.22850531 0.20590329 0.34801304 -0.10712527 0.21216053 -0.08342152 0.13802572 -0.080729716 0.12855873 0.2930358 -0.07823142 0.05999508 0.052985355 0.1689983 -0.05261508 -0.03811387 0.071150415 -0.044316705 -0.028583419 -0.046842724 -0.22601186 0.24642682
TKL 0.3620126 -0.21360098 0.08376059 -0.14359507 -0.06666906 0.12579104 0.091001965 0.16640969 0.11350172 0.12897252 0.064367615 0.039515126 0.4660688 0.34343866 0.7609264 0.115625694 -0.37329936 0.13614243 -0.798656 -0.052086193 -0.27701503 0.63385284 0.17436484 -0.27918613 0.16547914 0.18989153 0.3708747 0.6408759 0.240983 -0.3576897 0.09910791 -0.15096304 0.1538457 0.13292561 -0.52001727 -0.051918328 -0.0015134774 0.06135143 0.34857032 -0.41223368 -0.46482533 0.16578269 -0.16754086 -0.02952097 -0.013170583 0.26474938 0.17018642 0.6070428 0.07687056 0.2817251 -0.140436 0.04645335 -0.017625436 0.48076487 -0.05926953 0.011769924 -0.15696974 -0.03063022 -0.27198303 0.47410545 -0.59691167 -0.031306922 -0.113808654 0.101258315 0.36031425 0.25876415 -0.10188843 0.1462504 0.0056543923 -0.10278398 -0.07338282 -0.24980853 -0.20651242 -0.33220086 -0.116645716 -0.16804947 0.1654711 -0.13679965 -0.12522182 0.28196508 -0.02989294 -0.40081784 0.098053694 0.6140949 0.009947481 0.40067795 0.17877129 -0.4474311 0.01066898 -0.15278885 -0.31318498 0.062276933 0.4375226 0.3155176 0.47593826 0.47382405 -0.07788477 -0.44763622 0.19702892 -0.2089877 -0.58209556 -0.26314685 -0.039113108 0.30175245 -0.42854822 -0.04048837 0.14054479 0.23772296 0.27153018 0.013667468 0.09484385 -0.15281366 -0.041191045 0.3236075 -0.51458186 0.18585348 -0.41420338 -0.60427254 -0.063483596 -0.02577546 -0.45673925 0.14110641 0.60742927 0.038029406 -0.35229474 -0.51076555 0.020529972 -0.22838362
GIB 0.19412832 0.13015348 -0.008404998 0.15881552 -0.16437402 0.20263202 0.028132726 0.05105366 -0.46407893 0.01639273 0.04964597 0.12900318 -0.10272353 -0.22938828 0.049674004 0.31619987 0.18239237 0.22298934 -0.20235282 -0.37216303 -0.3052631 0.63754773 0.0966156 -0.7236325 0.08198346 -0.05301318 -0.25229904 0.056439865 -0.026152154 -0.22576663 0.13149053 -0.06055797 0.24306382 0.15279682 -0.30433816 0.123772666 0.39206514 -0.18052389 -0.38645652 -0.29649362 -0.109500766 -0.20021638 0.19491565 -0.31197834 -0.0709257 0.07662019 -0.32575342 -0.2732398 0.26843047 -0.043077487 0.04962274 -0.05807196 0.23399475 0.3913038 0.43691412 -0.28746742 0.79377854 -0.13410886 -0.45379868 -0.12329186 -0.15830946 -0.07715883 0.27571383 -0.027434243 0.08548857 0.052578352 0.5118375 0.009985419 0.20754163 -0.001166576 0.07904538 -0.09100593 -0.80617815 -0.20478088 0.12421683 -0.34330934 0.05816696 -0.01386178 0.0107398955 -0.43274152 0.15415688 -0.12137359 0.037696425 0.59290814 -0.086224176 0.69266707 -0.06354595 0.016687527 0.061818127 0.31140018 0.0687514 0.27006486 0.07492387 0.0013147179 0.68659663 -0.05616303 0.062994756 -0.50268173 -0.13832763 -0.054390706 -0.108302034 -0.22828168 -0.4061642 0.13955405 0.35256717 0.16338332 0.28405294 0.31039977 0.31342444 -0.20934667 0.36571163 0.13231507 0.04870081 0.41316167 0.0056720716 -0.15793732 -0.20978858 -0.2687872 -0.124510154 0.13505803 -0.18431126 0.07247167 -0.12980807 0.06363921 -0.5181416 -0.19434552 -0.10816122 0.18923734
MLT -0.018189337 0.079062544 -0.01686963 -0.028844154 -0.1819605 0.20393793 -0.0867545 -5.5958008e-05 -0.24900097 0.03886645 0.13293739 0.16454366 -0.13374023 -0.14434576 0.019388808 0.12851156 0.1537337 0.15166663 -0.20348239 -0.114916176 0.079756714 0.55148786 -0.01004835 -0.6486122 -0.23594901 0.15820108 -0.41320732 0.034560934 0.21636163 -0.2658563 -0.06590526 -0.040869635 -0.10205448 0.019462535 -0.038387697 0.013617569 0.2351449 -0.24972601 -0.29317352 0.023523528 0.0063750735 -0.15689716 0.042077713 -0.21828493 -0.11316902 0.19237888 -0.16284493 -0.30591503 -0.0008249708 -0.13796553 0.06113818 -0.11913884 0.14726932 0.18713425 0.44173324 -0.15772635 0.61936575 -0.18782885 -0.24060374 -0.0625508 0.025374757 -0.23489596 0.14381255 -0.048918866 0.24177663 0.014064502 0.35635087 -0.01444407 0.098461375 -0.0644058 -0.024439352 -0.031777315 -0.63472205 -0.20918316 -0.0076285927 -0.35703823 0.019714229 0.10142154 -0.07878431 -0.31304565 0.2613699 -0.07567557 0.012696204 0.44925478 0.28495774 0.59024006 -0.15924092 -0.07447935 -0.05055826 0.20871593 -0.18717223 0.4230848 0.03470485 0.009921974 0.6712278 -0.12767118 0.009507565 -0.3268592 -0.17030436 -0.065173015 -0.11172943 -0.13611817 -0.32028893 0.12654407 0.26893234 -0.11073311 0.016540973 0.3041792 0.39149535 -0.2849908 0.30568603 -0.12265774 0.17708898 0.25349176 0.005370745 0.1947209 -0.2634484 -0.1939418 -0.10838984 0.074192554 -0.18863241 -0.03682663 -0.00825724 0.11853329 -0.3764261 -0.23389119 -0.15436208 0.12101828
MLI -0.2220246 -0.2550871 -0.24280876 0.023863396 0.31106392 -0.0106510455 -0.011185969 0.04350528 0.31094164 0.029732954 0.10765805 0.1009581 0.12022537 0.029224131 0.040002078 -0.23496166 -0.3141581 -0.06805156 -0.20197928 0.024930183 0.0151143735 0.016458044 0.13575079 -0.0046912166 -0.33610183 0.2468505 0.1936909 0.2008926 0.23496516 0.065488055 -0.26927888 0.019243736 0.25967407 0.308764 -0.40924147 0.13778552 0.5136571 -0.017356167 0.1809451 0.17346609 -0.15634994 0.3384175 0.08438343 0.2329775 -0.104250364 0.1301779 -0.023885895 0.049125 -0.17679435 0.39912352 0.028929675 -0.08149833 0.102856494 0.21028593 -0.4515415 0.05134829 0.17335963 0.148956 -0.37259966 0.2077235 -0.0365427 -0.05007652 0.26378813 -0.41609544 0.4691998 -0.05383239 -0.050401695 0.27628782 -0.12442025 -0.06399579 0.18719822 -0.16271776 -0.570156 -0.23473015 -0.073372304 -0.3975007 -0.31061763 -0.19258934 -0.39120257 0.5418741 -0.12794039 -0.16207565 0.15684891 0.5162415 0.054951802 0.14014484 0.20237938 -0.18003093 -0.11342721 0.20389135 0.20437166 -0.015817529 0.11483217 0.11972982 0.14320208 -0.36373493 -0.21686953 -0.20740879 0.08969617 -0.16739613 -0.4143334 -0.030322753 -0.13174817 -0.19123973 -0.11958157 -0.31749913 -0.03104806 0.21562241 0.14858557 -0.4162741 0.35336736 -0.32254872 0.04859906 0.078379 -0.32624048 -0.07250474 -0.15080647 -0.41085753 0.22497778 -0.29844788 -0.27353415 -0.12642014 0.01115814 0.13171121 0.064085886 -0.010859646 -0.17848545 0.19610809
KNA 0.08321355 -0.1264763 0.08317705 -0.053131405 0.22540629 -0.3347232 0.15952228 -0.011207738 -0.21447185 0.12942809 0.3029402 0.010022697 -0.1751724 -0.18083383 0.49298313 0.25849018 -0.008424391 -0.14127694 -0.17037696 0.05782267 0.085895926 0.22293429 -0.037941758 0.0921977 -0.04732221 0.07600723 -0.13679563 0.18074806 0.022374846 0.011789881 -0.15908507 -0.08583504 0.32969677 0.105935596 -0.33965877 0.06250998 0.21011813 -0.2624124 0.2712463 -0.19199272 0.047426935 0.09639803 0.0061982106 -0.033704873 -0.16781558 0.06313457 -0.11069451 0.027839202 -0.03355418 0.046513695 0.23792313 -0.08546727 -0.022122618 -0.11504039 -0.0061048763 -0.1866712 0.17927897 0.10000927 -0.040794082 -0.14725454 -0.099544704 -0.05817789 -0.018159622 0.0039016074 0.19491822 0.08819178 0.16883585 0.1671262 -0.167874 -0.17652956 0.068298995 0.04306114 -0.116161704 0.09993185 -0.27499887 -0.1450507 -0.13108635 -0.17277274 -0.012429791 0.15624793 -0.011977719 -0.2986456 -0.00987066 0.20431381 0.0147966705 -0.12919755 0.08254433 -0.16961311 0.0006629634 -0.023699265 -0.24288692 0.067119315 0.013724128 -0.16762978 0.20978604 0.32978064 -0.007273162 -0.031436004 -0.10904618 -0.03592482 0.009460626 0.052692495 -0.15721247 0.30005106 -0.04522967 -0.11297254 0.092031114 0.25950664 -0.019648226 0.27444062 0.112039775 0.16955703 -0.1767856 0.05541842 -0.020798443 0.060892135 -0.04099029 0.1439111 0.092009015 -0.0694846 -0.3346336 -0.07325258 -0.0168807 0.12802649 -0.2548037 -0.06732472 0.04887764 0.21939492
TCA 0.15181492 -0.19494468 0.018738959 -0.15257719 0.17452644 -0.3489014 0.07842767 -0.056856055 -0.21550018 0.13990195 0.31454813 -0.02514149 -0.15334564 -0.1224205 0.39574805 0.16859742 -0.015394764 -0.20833492 -0.17606212 0.083799526 0.098106794 0.24663423 -0.055164367 0.059700895 -0.06592233 0.09655355 -0.232003 0.14053278 0.12922932 -0.06530802 -0.15748298 0.007494444 0.23132436 0.072468795 -0.23306985 -0.07126188 0.25253397 -0.23871382 0.20706372 -0.093454994 0.0686521 0.017767327 0.013789146 -0.07751605 -0.17499009 0.18168028 -0.1237767 -0.029843893 0.029113872 0.029159848 0.24034457 -0.14126563 -0.049487367 -0.16215755 0.1703465 -0.15565036 0.18959059 0.094217 -0.041236505 -0.17876472 -0.13637178 -0.10043872 -0.069811225 0.06625961 0.24048342 0.046275392 0.22051731 0.038629416 -0.16466261 -0.22522636 0.08518484 0.03350705 -0.17065425 0.052597124 -0.2845931 -0.25778916 -0.16442361 -0.13130318 -0.12151175 -0.032204717 0.09712074 -0.26789463 -0.051087998 0.16488017 0.15261172 0.109504715 0.027628198 -0.11584556 -0.021515606 0.070279345 -0.2611335 0.10934322 -0.045772333 -0.14210981 0.37924463 0.31183517 0.009099731 -0.03967628 -0.12012266 -0.056681827 -0.006388975 0.15363899 -0.23768844 0.22290666 0.04015466 -0.16652761 0.0383005 0.24303284 0.042329 0.240074 0.06626121 0.11251899 -0.17356464 0.095983714 -0.03678421 0.16936699 -0.024087327 0.08245536 0.01592756 -0.04000356 -0.20060669 -0.09924783 -0.061939716 0.11298179 -0.20434214 -0.06804258 0.07807857 0.19614851
BIH 0.2531867 -0.002529624 0.15506382 0.38003322 0.048418716 0.05755072 -0.30032444 -0.15569553 -0.32971734 -0.25194582 0.21026078 0.023259785 -0.15410914 -0.14958842 0.081383996 0.10293761 0.0008326521 0.11142697 0.102596976 -0.15962729 0.07242206 0.21531232 0.2173533 -0.41464886 -0.057560164 0.043296643 -0.10663718 0.0016946909 0.0053133876 -0.24936078 -0.013977275 -0.060035683 0.34959036 0.119632505 -0.17983536 0.23760603 0.41600135 -0.21814905 -0.3843398 0.07385202 -0.31113714 -0.21773624 0.072085544 -0.25831053 0.056360114 0.41004595 -0.04433514 -0.040392112 0.13808718 -0.0044448185 -0.18773659 0.17132732 0.16118631 0.050914474 0.25418893 -0.115558624 0.44796383 -0.14304759 -0.22559386 -0.37666976 0.10254506 -0.19312286 0.33630425 0.067435734 -0.007259242 -0.09738792 0.41934475 0.15077013 -0.13185446 -0.20535995 0.045968086 -0.048468683 -0.60764986 -0.39839548 -0.023247598 -0.16065763 0.17140795 0.1719642 -0.16255563 -0.14569359 0.13754454 -0.007594851 0.29585233 0.48305947 0.25043663 0.5065183 -0.12615377 -0.120980546 0.076884754 0.13242795 -0.14658736 0.10751873 0.12663561 0.30989414 0.4423651 0.11526538 0.024288189 -0.23717375 0.115501724 -0.12153871 -0.32438377 -0.00721791 -0.18538366 0.11798782 0.28299558 -0.09579627 0.16229832 0.37093422 0.19172713 -0.30754605 -0.0013230862 -0.048886128 0.029407974 -0.10103825 -0.22252445 -0.17552572 -0.11558711 -0.2979798 -0.1352982 -0.03426066 -0.05371175 0.29312465 0.22646143 -0.09936993 -0.04396643 -0.23683144 -0.14493853 0.11558324
BTN 0.048974525 -0.34731138 -0.10843814 -0.104689464 0.005015937 -0.4034928 -0.100398965 0.10427532 0.3351017 0.35883105 0.3108306 0.015403312 0.16388476 0.12805182 0.23183563 0.06405446 -0.04531852 -0.03738711 -0.072551765 -0.030180413 0.1728224 0.25735298 0.07010998 -0.07053794 0.021399481 0.32742488 -0.13973646 0.21288094 0.23681208 0.059922427 -0.13551298 -0.20159711 0.08309873 0.18141115 -0.07601028 0.12565167 0.3540277 -0.12869506 0.3197938 -0.16002572 -0.24768397 0.032612834 -0.09627655 -0.0042235386 0.15210028 0.053800788 -0.40593594 0.15179099 0.0075025363 0.19046752 0.16936743 0.0022966012 -0.01770221 0.18470639 -0.055421215 -0.1054738 0.043240648 0.17137729 -0.1543684 0.11694959 -0.19258149 -0.05246832 0.08939671 -0.21408251 0.28880343 0.011175215 0.02505262 0.040345274 0.018428719 0.11621875 -0.05672319 -0.090104796 -0.18906604 0.056268863 0.108378544 -0.22670534 -0.23125501 -0.03252624 -0.20723994 0.2949053 -0.36725605 -0.17777747 0.028463619 0.15772709 0.103112936 -0.058054533 0.22569744 -0.21357596 -0.22258052 0.1378318 0.23444788 -0.05357993 0.18466674 -0.18198587 0.40621766 0.055892963 -0.19380778 -0.10000189 -0.070515655 0.0036958666 0.018689536 0.06849719 0.022548227 0.13933644 0.01897533 -0.13108954 -0.19287507 0.122212805 -0.032194268 0.008213521 0.13534419 -0.16337477 0.01074471 0.052539907 -0.25386426 0.09228474 -0.20660003 0.045596264 0.08142642 -0.20193054 -0.20983908 -0.10386163 -0.1751267 -0.04735074 0.16656935 0.0080220485 -0.102112204 0.27474245
HND 0.15185924 -0.15041485 0.074724324 -0.16006753 0.13618802 -0.28481945 0.17119949 -0.00720161 -0.25544733 0.120314844 0.26401606 0.006677762 -0.083934024 -0.101250894 0.469406 0.24812664 -0.036129616 -0.071632385 -0.22049344 0.045673728 0.015083484 0.2674495 -0.05969958 0.023148313 0.025633449 0.08836883 -0.14291263 0.21622714 0.064442255 -0.0621977 -0.09902553 -0.06028866 0.28559226 0.035784066 -0.25144395 -0.036928784 0.13612825 -0.2255992 0.1759004 -0.21015857 0.08789192 0.060009725 -0.0017525628 -0.0673884 -0.174843 0.11584112 -0.10173794 0.028871004 0.0037785023 0.027006261 0.23626912 -0.11098441 0.023771498 -0.10960364 0.07730688 -0.18539232 0.10769338 0.092970274 -0.042037528 -0.15160339 -0.17750458 -0.07692754 -0.12600294 0.1293922 0.21529359 0.06734185 0.13847591 0.03373538 -0.11000127 -0.21100363 0.06899722 -0.07371343 -0.11116345 0.06345312 -0.25516054 -0.20124994 -0.0929628 -0.1784001 -0.03488657 -0.040618956 0.059437446 -0.3322871 -0.036532477 0.20855118 0.09769665 0.055211265 0.052873053 -0.1725501 -0.00015465569 -0.015507997 -0.25041837 0.10835193 0.04240028 -0.115059644 0.34893876 0.37516987 0.018444229 -0.10598289 -0.15415981 -0.06256384 -0.014606232 0.014662562 -0.19129755 0.22152777 0.045676954 -0.12272224 0.0464241 0.23914531 0.09036494 0.22479972 0.11450024 0.15698545 -0.19275063 0.08656948 0.014580622 0.15254825 -0.07721399 0.08567534 -0.014894656 -0.0698629 -0.25454128 -0.058201566 -0.06241368 0.13746439 -0.33492762 -0.1142887 0.063272506 0.121886715
ATG 0.14943501 -0.16028126 0.08041354 -0.080100484 0.22191624 -0.39899594 0.18834071 -0.055589557 -0.25593746 0.1632166 0.35187134 -0.038350224 -0.17824268 -0.19798209 0.4727487 0.23028861 -0.008124108 -0.17621528 -0.124856554 0.069294035 0.044254974 0.19928408 -0.081081934 0.082863145 -0.062918 0.039153457 -0.15880786 0.15171754 0.0070625334 -0.015444536 -0.12964813 -0.010836919 0.29454836 0.09050435 -0.3285261 0.048101664 0.25481856 -0.2709303 0.23194571 -0.15503934 0.04923621 0.12930584 -0.038911793 -0.03320132 -0.15596895 0.098496854 -0.13706078 0.022960946 0.008417732 0.034362897 0.2850592 -0.1423449 -0.05099013 -0.17728424 0.04005729 -0.17037651 0.15670998 0.055423424 -0.042166125 -0.16438057 -0.037301317 -0.028711172 -0.05925497 0.0123319365 0.22287805 0.025203628 0.15307163 0.102416925 -0.16159175 -0.25615633 0.08331449 -0.025483616 -0.14285302 0.015165209 -0.25503835 -0.20094094 -0.14126585 -0.15581626 -0.038650185 0.036120225 0.05977541 -0.28296778 -0.05097763 0.1477131 0.09301126 0.0056298175 0.050379194 -0.20152391 0.009759286 0.034020294 -0.27632996 0.08186612 -0.044467434 -0.12999658 0.21546197 0.32403645 0.00013766633 -0.100548685 -0.09977383 -0.044634808 0.007986122 0.058783993 -0.18592186 0.22716616 -0.017993474 -0.12795171 0.092965625 0.21951619 0.05221573 0.2504455 0.06644894 0.14574164 -0.17269896 0.03286834 0.0020697059 0.061048314 -0.026129423 0.13349621 -0.026961911 -0.07903311 -0.27700126 -0.05729631 -0.077866815 0.15349083 -0.2684345 -0.0916835 0.08865747 0.17495373
COD 0.1807012 -0.17885727 0.048052445 0.033674534 0.040198572 -0.4871569 0.122125305 0.10873505 -0.11586346 0.117102265 0.41829658 -0.033322677 -0.10522772 -0.25720033 0.38018152 0.20708634 0.05452584 0.08659757 0.048079103 0.020727018 0.047195807 0.36556056 0.015682377 -0.28871313 0.05367 0.324383 -0.024991928 0.1275762 0.1359156 0.13934693 -0.24188659 -0.23689783 0.11815796 -0.07686628 -0.20958076 0.25742686 0.104357876 -0.016156053 0.12061005 -0.15868771 -0.13076784 0.0064205187 -0.069562614 0.20878471 0.17992015 -0.117768586 -0.2591737 0.05260075 0.07163174 0.0160108 0.25780097 -0.08013367 0.039279815 -0.03791332 -0.16990592 -0.19774947 0.09674039 0.07142944 -0.07168813 -0.066450715 0.060113303 0.08124312 0.098241515 -0.22164457 -0.095873915 -0.049968056 0.080744006 0.1758729 0.044598572 0.011153734 0.18486625 -0.16468786 -0.17781147 -0.25821307 0.11137131 -0.1290891 -0.14240402 0.044759545 0.043704595 0.14430524 -0.2614325 -0.198355 0.09248186 0.17295879 0.1137967 -0.05707494 0.066594474 -0.28544745 -0.08658139 -0.031610183 -0.07293848 -0.016372172 0.0945538 -0.061014213 0.31352535 0.25778145 -0.10405109 -0.11518263 0.12368553 -0.03674444 0.00897718 -0.05075346 0.014046083 0.27022788 0.08258599 0.08485749 0.21563838 -0.2460776 0.038964916 -0.11995106 0.07286146 0.19980569 -0.16946173 0.08175844 -0.24635275 -0.16662689 -0.19697617 -0.14301756 0.027690293 0.16427599 -0.3060432 0.08421515 0.013327233 0.010037392 -0.11919088 -0.15169396 -0.23201267 0.13418746
SWZ 0.1389325 -0.17228077 0.08185109 0.063894935 0.09686135 -0.5365585 0.20223692 0.14617248 -0.0807184 0.15182346 0.44007483 -0.0076481514 -0.09323987 -0.30077562 0.44776967 0.17763159 -0.000829022 0.090522595 0.018653654 0.03414342 0.06720848 0.36614594 0.0058469796 -0.24276423 -0.0041786414 0.33070275 0.03748226 0.18596996 0.099581815 0.14386022 -0.30741993 -0.28321946 0.14496295 -0.05215217 -0.29383668 0.32379052 0.09173174 -0.025655499 0.18621871 -0.19581142 -0.13800773 0.08292278 -0.10547333 0.28607863 0.15109268 -0.17926624 -0.21648477 0.12587313 0.047042873 0.041876856 0.25067303 -0.059461188 0.043612067 -0.03370172 -0.28760493 -0.19774376 0.07371507 0.10702713 -0.072828695 -0.04594443 0.12320991 0.12337697 0.11748712 -0.25414795 -0.092424296 -0.050947994 0.06357201 0.25923523 -0.004363312 -0.004795454 0.18889287 -0.13289458 -0.16404982 -0.23651442 0.07342395 -0.0837809 -0.124868765 -0.023515828 0.09739463 0.24284802 -0.24729589 -0.23880138 0.0837915 0.25278646 0.07091641 -0.15665212 0.13452186 -0.3421929 -0.0981272 -0.06754231 -0.044480644 -0.020184917 0.12434544 -0.07854795 0.22003804 0.27364394 -0.12970217 -0.12086367 0.13155162 0.0037195315 -0.0014425735 -0.08887494 0.06257275 0.2995488 0.041336913 0.07000549 0.24478951 -0.22908472 0.017602576 -0.13067795 0.09887954 0.21344614 -0.17638312 0.04566119 -0.23530269 -0.21366216 -0.20327501 -0.10715887 0.035118286 0.12748349 -0.3817286 0.115783475 0.068596646 0.013965279 -0.14929661 -0.15116794 -0.2583061 0.13914911
FRO 0.07519349 -0.13368364 0.1657488 0.28542307 0.12709343 0.0018485412 -0.1545881 0.013585308 -0.37268522 -0.041825593 0.41375896 -0.05739264 -0.38897413 -0.1814564 0.41138577 0.34416577 0.061692607 0.29314128 0.0049536345 0.09871222 -0.086503476 0.5625766 -0.10969208 -0.40354583 -0.0024637948 -0.27916375 -0.142177 0.05783709 0.0028067792 0.058970906 -0.071261644 0.12954327 -0.04175541 -0.090575054 -0.0657884 0.46772042 0.4655842 -0.05171758 0.2903164 0.03995901 -0.0006216278 0.101071484 0.161396 -0.12972626 0.061619014 0.21059768 -0.26407042 -0.15216182 -0.030152986 0.11925232 0.14190094 0.021691129 0.03682523 0.11025607 0.053935256 0.083722666 0.2169034 -0.17834313 -0.15613279 -0.077351294 0.0036255058 -0.20748486 0.104804255 -0.121835254 -0.05332916 0.07358255 0.3256483 0.2583174 0.031294007 0.00018276868 0.18335101 -0.16869816 -0.190516 -0.34537998 0.17557727 0.075349584 -0.085095115 -0.02069383 -0.16982123 0.08747097 -0.063588195 0.25887275 0.13337708 0.36487693 0.15761718 0.22727624 -0.12608993 -0.09456057 0.19604394 0.11668356 -0.25231886 0.046217225 0.09467063 0.2570116 0.37556577 0.2229392 -0.110559985 -0.09819184 -0.058926113 -0.3210538 -0.18719052 -0.25212634 -0.11479498 0.37690887 0.2704961 -0.06677813 0.42617446 -0.010479488 0.13508588 -0.24757555 0.24553482 -0.05320587 0.033900697 0.056307774 0.020761997 -0.11363132 0.21280356 -0.26347157 0.10716878 0.45154777 0.1478932 0.27784678 -0.005134322 -0.008854494 -0.09038131 -0.080605164 -0.33975664 0.060487717
MDV 0.138487 -0.03866878 -0.1596993 0.49010578 0.010480658 -0.31911007 0.012572561 0.018222831 0.020950159 0.16278923 0.335223 -0.011988236 -0.18487513 -0.3736024 0.08399759 -0.005481511 0.0187013 -0.35388592 -0.16245955 0.12559693 0.008137642 0.28063178 0.09919706 -0.5521938 -0.16710243 0.36329243 -0.02398295 0.21178643 -0.08315363 -0.11405223 -0.113963485 -0.1738431 -0.184327 0.19716099 -0.272412 0.1632118 0.22960228 0.00074012176 -0.13518654 -0.1993716 -0.3910061 0.0069081644 -0.21239887 0.2510485 0.2904392 0.092751116 -0.36287278 0.37601525 0.013077581 0.10547046 0.051526513 -0.061112374 -0.012356499 -0.021972254 -0.040814374 -0.116735935 0.29501107 -0.42587882 -0.18518421 0.1854769 0.29488096 0.103575446 0.19481538 -0.39444962 -0.05249715 -0.18160911 -0.14131713 0.252936 -0.116704375 -0.0965753 -0.077604055 -0.05720575 -0.34128588 -0.3012305 0.13689286 -0.09170861 -0.22299466 0.28303066 0.14489236 0.079691425 0.058913648 -0.19803871 -0.10215086 0.20391008 0.028950589 0.23863065 0.11240574 -0.118923515 -0.007897306 0.10039245 -0.01624159 0.049793743 0.13767532 -0.0008184023 -0.057472948 -0.16204399 -0.1732621 -0.52071536 0.09385423 0.025656078 -0.21604893 -0.20296942 0.16627696 0.415227 -0.21704724 -0.024467565 0.17473231 -0.17590223 0.252633 -0.27598655 -0.034996472 -0.094362214 0.18718997 0.024519293 -0.18661688 -0.21692573 -0.2950372 0.13092193 -0.33571258 -0.15712589 -0.25169328 -0.29921702 0.24042071 0.07962413 -0.14839639 -0.23842035 0.08038942 -0.1616907
COM 0.104403414 -0.23585425 0.012440905 0.11375459 0.16298299 -0.13976635 0.0027031829 0.07525169 0.12029494 0.07889808 0.25127554 0.047791842 0.09596149 0.005543935 0.23760326 0.07885383 -0.28000307 0.08022435 -0.23291638 0.051183052 -0.018032184 0.10345874 0.14604186 -0.08630948 8.601735e-06 0.18360117 0.15207733 0.42175108 0.04023277 0.029722558 -0.036406502 -0.05650138 0.29656404 0.22108147 -0.26340425 0.14315549 0.34523296 -0.05654728 0.26096073 -0.11900831 -0.14672677 0.30905798 -0.07359899 0.054498713 0.0069865035 0.18597066 -0.19405816 0.28812093 -0.14398663 0.22841872 0.0528898 0.030048493 0.12837017 0.15431607 -0.30642778 -0.009096149 -0.06854986 0.081042975 -0.16142239 0.17406616 -0.12674469 -0.024143966 0.0606718 -0.062494054 0.27977574 -0.036404066 -0.124251984 0.15541121 -0.07458012 -0.08319406 -0.02514744 -0.2806718 -0.17942429 -0.11796402 -0.07079238 -0.17152621 -0.10868068 -0.12510534 -0.20184994 0.29833138 -0.10438219 -0.1710597 0.055795077 0.2707472 0.086691834 0.00024703023 0.1703376 -0.2197452 -0.038367853 0.0077681905 0.08598238 -0.06870087 0.14644541 0.08950568 -0.014184662 -0.048488762 -0.12847248 -0.26276347 -0.032934554 -0.15465383 -0.31735104 -0.20145878 0.02746112 0.05007388 -0.07737391 -0.29631114 -0.0210354 0.25521734 0.09165649 -0.13118388 0.19015422 -0.15112936 0.02030196 -0.09366277 -0.07909973 -0.028798355 -0.1308281 -0.036109716 -0.016502226 -0.31076252 -0.2196686 -0.06565097 -0.030116705 0.061401404 -0.07634851 -0.024440037 0.00064049335 -0.07234178
DMA 0.076262936 -0.1504334 0.065040685 0.20412989 0.07586118 -0.18460606 -0.13803652 0.0026029816 -0.22351825 -0.16920699 0.29166806 0.02727411 -0.18208209 -0.11684587 0.25553986 0.1979162 -0.11893692 0.19219008 -0.017134992 0.15627117 0.012486528 0.24400577 -0.0517226 -0.30819973 -0.032243613 -0.11745619 -0.05437013 0.045079786 0.13704106 -0.04228934 -0.047900576 0.06931715 0.16590802 -0.11016541 -0.010819327 0.20739004 0.27442548 0.12363874 0.16392218 -0.0059902365 0.007841726 0.14332935 0.23308396 -0.0018155478 0.057518356 0.39505646 -0.17485772 0.08256786 0.0022736671 0.032413855 -0.04666812 0.047503397 0.1465267 0.15747048 0.042334132 0.058132198 0.077823356 -0.088959105 0.0066068396 -0.09730729 -0.027139071 -0.2914903 0.022080546 0.05625423 -0.08948383 -0.006497082 0.19050032 0.15136343 -0.08896876 -0.15182428 0.04570865 -0.11177604 -0.12172113 -0.2231886 0.030098198 -0.036398325 -0.09895508 -0.0020419906 -0.2630961 0.11336585 0.044941116 0.025262078 0.25829476 0.35618722 0.18228011 0.25674784 -0.12932324 0.03789286 0.12764746 -0.07732601 -0.19428769 0.088074565 0.14167725 0.25804406 0.45735115 0.20663166 -0.042326126 -0.0002175608 -0.0418321 -0.24996813 -0.30676055 -0.04314002 0.07906037 0.38847557 0.2241439 -0.16338564 0.4099588 0.037689924 0.098586924 -0.20005947 0.21913384 0.021164404 -0.021731595 0.044789057 -0.046137072 -0.13983636 0.010800604 -0.44699278 0.040160146 0.34105062 0.0076109907 0.11446402 0.24913687 -0.0361767 -0.03869439 -0.26200813 -0.114605606 -0.111984946
GUY 0.29412615 -0.18160872 0.028516749 -0.017857106 0.3150933 -0.6076682 0.22531886 -0.037215408 -0.1810282 0.035393685 0.72282034 -0.16319545 -0.14329644 -0.23252207 0.504907 0.06948899 0.09896656 -0.10902816 0.0025125928 0.044341806 -0.047676444 0.301561 -0.16152005 0.006182037 0.0018162996 -0.040862117 -0.23565425 0.047228638 3.408402e-05 0.23243116 -0.40934163 0.21907708 0.47747448 0.17978509 -0.40340236 0.12313688 0.552471 -0.24604094 0.36562937 -0.056706578 0.22316 0.22941001 0.09175265 0.09291406 -0.17797978 0.18510655 -0.48994705 0.052611977 0.22213475 -0.0839792 0.49020964 -0.34106687 -0.03260129 -0.28397304 0.23376097 -0.12722918 0.120839946 0.12115473 -0.011057102 -0.021108305 -0.03872208 0.03982759 -0.2603247 -0.10808791 0.08448775 0.017468616 -0.020403821 -0.11660424 -0.065154985 0.04523103 0.40146685 -0.3674174 -0.19200745 -0.38077834 0.03850432 -0.24257155 -0.16874072 -0.26935777 -0.29435518 -0.3244336 0.096805364 -0.39880472 -0.3448171 0.08419642 0.34886336 0.18435743 -0.011089828 -0.18629466 -0.13108344 0.34750906 -0.46196875 0.053030536 -0.24257979 0.23865074 0.12941903 0.12624353 -0.12709779 -0.14388207 -0.14851983 -0.27358767 -0.10924636 -0.116965756 -0.3273196 0.21123116 0.10697314 -0.4252827 0.24202694 0.1332805 0.29375386 -0.2002407 0.13424434 0.07067397 -0.25571802 -0.13305555 -0.046373643 -0.17756301 -0.037446544 0.13889049 -0.39537665 -0.015416559 -0.042293992 0.011761799 -0.12368332 -0.00014606313 0.0024069613 0.036381643 0.023801133 0.04264275
CYM -0.15501821 -0.0003172128 -0.049606044 -0.1398491 0.18627325 -0.24055468 0.13723192 0.0117476415 -0.13294037 0.09379552 0.2360927 0.052082106 -0.255285 -0.2208972 0.14264704 0.31285802 -0.10847103 -0.18297526 -0.27739292 0.27920574 0.10699756 0.22497448 -0.08263792 -0.18097217 -0.24980703 0.0776732 -0.20033602 0.110625274 0.013721028 -0.06339609 -0.2475053 -0.15496783 0.06670675 -0.12159562 -0.15020142 0.13152519 0.17045398 -0.085027896 0.13948806 -0.27796736 0.32958674 0.0709423 0.20687522 -0.033131156 -0.18532303 0.18169859 -0.2039334 -0.12215541 -0.07157674 -0.118357375 0.1373055 -0.11510667 0.17952783 0.05879001 0.027966533 -0.25499773 0.4360462 -0.09566068 -0.22417958 -0.044188637 -0.1510979 -0.32310253 -0.04464094 -0.10899275 0.22300482 0.115138404 0.21468812 0.17772518 -0.25699916 -0.21315914 -0.06654914 0.24738221 -0.19387288 0.35971457 -0.23661086 -0.14942004 -0.30848414 -0.10709271 -0.100269936 0.16178371 -0.016292911 -0.24517834 0.07898352 0.1936202 -0.07678409 -0.009414152 0.031679735 0.27285805 -0.13121745 -0.082441345 -0.08792234 0.24419507 0.17945196 -0.2423627 0.33738148 0.101569705 -0.08456541 0.121437885 -0.1964011 -0.10269277 0.0641278 0.120464236 0.0005538473 0.5955986 0.14337796 -0.1687103 0.21755272 0.1912477 0.15287606 0.18182863 0.42815557 0.14819402 0.07004117 0.27491102 0.02058797 0.07965901 -0.026901994 0.0978274 0.20492612 0.30641305 -0.21804722 -0.2742278 0.23118263 0.15132765 -0.20900285 -0.30633426 -0.03666197 0.20341489
SLB 0.14998014 -0.19436367 -0.13919269 0.23182914 -0.14421974 0.06496606 -0.100163326 0.23264638 0.21190456 -0.017711867 0.2027236 0.14168304 0.23499167 0.1451346 0.5916569 -0.017153507 -0.15447974 -0.14853802 -0.5185724 -0.06407216 -0.18780288 0.61362284 0.14152046 -0.20912862 0.1520178 0.09058064 0.22919926 0.51913655 0.15237561 -0.3506572 -0.00057283434 -0.17274359 0.074242085 0.23158273 -0.2456876 0.16027747 0.33501306 0.16308638 0.48363078 -0.34572178 -0.35221416 0.047098674 -0.10217369 0.07017021 0.1360121 0.36110404 -0.12309653 0.5980775 0.078995004 0.29592246 -0.19560383 0.17223708 -0.023603313 0.57651794 0.123744465 0.07894099 -0.10767032 -0.18176839 -0.1854524 0.534366 -0.36586225 -0.12744871 0.0011256383 -0.094704285 0.18542683 0.1990623 -0.22774576 0.11049528 -0.14461567 0.17011237 -0.24246775 -0.06519557 -0.012815716 -0.05512675 -0.041637216 0.10685636 -0.026891777 -0.08812221 -0.14719494 0.418629 -0.0047919257 -0.22127524 -0.036824405 0.49853006 0.04131624 0.17247973 0.15129863 -0.1367261 -0.025142394 0.15944856 -0.1099196 0.1137321 0.37461364 0.2897987 0.1851385 0.2025443 -0.2048876 -0.20842113 -0.018807122 -0.016118193 -0.50427496 -0.23973292 0.1377769 0.43317142 -0.31838325 -0.20812228 0.09177502 0.3809066 0.079979464 -0.0756405 0.10826282 -0.2290936 0.21403028 0.18172145 -0.30799395 -0.104770996 -0.28278604 -0.22531667 -0.17733659 -0.17540982 -0.29112044 -0.04364081 0.49404582 -0.21151471 0.035074163 -0.43613452 0.072925545 -0.11567823
PSE 0.08967682 -0.19057207 0.2003973 0.24909543 0.20047759 -0.33014622 -0.09540264 -0.033506885 -0.17325519 -0.06294575 0.3752852 -0.040234014 -0.07127148 -0.20785764 0.21354541 0.20463923 -0.1628158 0.32671076 0.2501968 0.2043982 0.04312088 0.120200284 0.124499425 -0.36404777 -0.12828037 0.077006705 -0.01662837 0.103571124 0.03997624 0.05237005 -0.18120013 -0.068124585 0.28243962 -0.045981396 -0.053720433 0.31080434 0.33045876 -0.021657651 -0.11646574 0.15217757 -0.079698645 0.058639456 0.11622765 0.0471487 0.081641726 0.3718265 -0.09547911 0.025545074 0.04054349 0.04719754 0.05430399 0.14235407 0.28786695 0.026319738 -0.13173962 -0.0017219154 0.11313557 0.13259187 -0.04475089 -0.3075792 0.11318283 -0.18184574 0.23614018 -0.059733003 0.054204717 -0.19526888 0.2079405 0.15188105 -0.03374482 -0.12319984 0.17561059 -0.28703105 -0.34944433 -0.33553532 0.038641773 -0.15307805 -0.061449964 -0.017700823 -0.2431588 0.050693464 0.007946211 0.026948376 0.23541519 0.33352286 0.32799548 0.2609963 -0.13395537 -0.16008113 -0.025543382 -0.028498415 -0.022167196 -0.025361646 0.075285 0.20415753 0.24854463 0.02962955 -0.069066726 -0.111740686 0.07952807 -0.2501677 -0.40704873 -0.06262347 0.057190266 0.10908648 0.32408777 -0.2316804 0.23760839 0.02209255 0.054976583 -0.40054697 0.28477678 -0.042229403 -0.15173319 -0.20484526 -0.12321082 -0.31933904 -0.051071677 -0.41540676 -0.035206944 0.026543763 0.0019527446 0.27939242 0.07894084 0.02295521 -0.070251055 -0.2355662 -0.19390361 -0.037161417
AND -0.0042371703 -0.11841224 -0.03998973 0.34151858 0.011845389 0.06274045 0.06679347 0.13235122 -0.21206607 -0.13234542 0.14933884 0.109631106 -0.26038173 -0.23044543 0.27214935 0.23742315 0.098876044 -0.052173708 -0.24152489 -0.036741357 0.0018211517 0.4215663 -0.14607297 -0.1919094 0.014637011 -0.08253329 0.05282799 0.14459662 -0.079653926 -0.029440584 -0.040988866 -0.020815967 0.024388503 0.19824068 -0.10541071 0.16770011 0.25267503 -0.0010508525 0.34211385 -0.17990537 0.056556325 0.15741295 0.123950064 0.08042519 0.10227698 -0.05895487 -0.22888678 0.16242637 -0.11473335 -0.10383641 0.13744004 -0.2556361 0.24617039 0.27508074 0.102698006 -0.05230194 0.36207435 -0.31000575 -0.16088596 0.29191878 -0.056559693 -0.16256139 0.079433665 -0.09618737 -0.13569306 -0.005727336 -0.12310224 0.18399964 -0.06757929 0.10439873 -0.13417488 -0.028902939 -0.2060779 0.023593362 0.023999576 -0.12499458 -0.20959596 0.15464404 0.0012427169 0.30864033 -0.17736746 -0.21476626 0.09257512 0.3471427 -0.014634113 0.01375142 0.13907784 -0.003492626 0.22455646 0.09883538 -0.09266073 0.057312347 0.08420805 0.102828905 0.13839139 0.0022803172 -0.15146162 0.016678663 -0.19551978 -0.16399515 -0.03213275 -0.30570927 -0.018340318 0.49791503 -0.14150321 -0.18101037 0.28292206 0.2520246 0.08832913 -0.25051683 0.26267877 0.0625599 0.3635143 0.23096971 -0.041816667 -0.30457687 0.102523945 0.09774806 0.14524928 -0.019717982 -0.21371624 -0.21450518 0.13618082 -0.041926935 -0.049321566 -0.13023001 0.04670319 -0.025080003
GRL 0.14397496 -0.17552695 0.09071934 0.269075 0.125829 -0.1972949 -0.18507905 0.026936283 -0.2014503 -0.12973043 0.5124115 -0.020580605 -0.24773118 -0.09228772 0.48156953 0.22806326 0.007625341 0.3062406 0.019013925 0.16111076 -0.0049532577 0.49750194 -0.1460894 -0.31489894 -0.009933424 -0.26365715 -0.16152497 -0.047375776 0.11457636 0.15951106 -0.17241319 0.18029594 0.08398517 -0.087068796 -0.06948915 0.45434257 0.45552337 0.039065987 0.44290596 0.12572184 -0.04668926 0.17140359 0.22627777 -0.0053031654 0.057673756 0.2988783 -0.30773374 0.004744365 -0.007893169 0.15224193 0.13124342 -0.0135304015 -0.02856448 0.06521273 0.018635165 0.13138069 0.04517269 -0.12451826 -0.03121468 -0.0005191093 -0.019974528 -0.22001104 -0.041586507 -0.13779257 -0.10601155 0.083166696 0.2045576 0.2242407 0.012774592 0.03643333 0.22487596 -0.23755479 -0.12127023 -0.46640792 0.26069683 -0.011738265 -0.120857656 -0.034861483 -0.3370892 0.15680113 -0.07717988 0.16101068 0.17973791 0.4194554 0.20976292 0.23750246 -0.116632596 -0.1429903 0.17496246 0.08369997 -0.33940226 0.0073134135 0.07793004 0.38423592 0.4840165 0.22821908 -0.1255871 -0.06954245 -0.041145336 -0.34639922 -0.28841513 -0.16835779 -0.03850216 0.39837772 0.18988208 -0.16126558 0.48841703 -0.03460492 0.13537723 -0.32699537 0.20356299 -0.10485329 -0.06753971 0.041094884 -0.07700937 -0.16973571 0.10745527 -0.4112227 0.036482193 0.51523334 0.20487703 0.2695179 0.09521974 -0.0533848 0.08731818 -0.08595366 -0.3351296 0.008370828
UZB 0.14282453 -0.0029395518 0.17250414 0.2580789 0.13111691 0.017487532 -0.20045497 -0.14923012 -0.18863562 -0.05229343 0.22238491 -0.009296261 -0.13241868 -0.09069899 0.16648003 0.06573848 -0.056453306 0.03719273 -0.1127561 -0.09209303 0.18658146 0.24267088 0.16763824 -0.2884898 -0.0023588194 0.19516064 -0.116382584 0.09103772 0.05179821 -0.1132667 -0.0939794 -0.0989986 0.19039817 0.104551986 -0.1130403 -0.012771011 0.14109121 -0.19737712 -0.19711481 0.044618424 -0.15299696 -0.17626432 0.061542645 -0.2153458 -0.014130736 0.18647927 0.03502808 -0.09260376 -0.013902534 0.048163537 -0.06688471 0.13827147 0.058029182 -0.12939599 0.13498853 -0.13018513 0.3386692 -0.040121656 -0.27754086 -0.3436723 -0.009622331 -0.13342513 0.22732404 0.05072504 0.027895309 -0.0031177572 0.38511142 0.17015366 -0.123970345 -0.12240957 0.08129802 0.03857667 -0.38440165 -0.18953307 -0.06907974 -0.063692525 0.2204011 0.0729751 -0.08367954 -0.123477064 0.07768438 0.0380541 0.158747 0.4109525 0.11911324 0.24136691 0.01755256 -0.15595503 0.0131196445 -0.0045740423 -0.041849606 0.055962496 0.2166117 0.09323669 0.32292047 0.08220872 -0.025315266 -0.26331773 0.072417535 -0.21737024 -0.16869779 -0.078167014 -0.108953804 0.19221382 0.19446576 -0.15851866 0.060070988 0.23084517 0.18307532 -0.2288686 0.036044236 -0.039643843 -0.004409733 -0.06758827 -0.2108157 0.06712429 -0.112595245 -0.07910029 0.025414914 -0.06264959 -0.08350104 0.22879973 0.20511201 -0.038508795 -0.028267218 0.015047818 -0.21832031 0.08495792
TON 0.26491305 -0.38140023 0.062152434 -0.10036718 0.019407215 -0.12378229 0.015625428 0.14533626 0.14448762 0.17781849 0.22786489 0.044542797 0.31425273 0.18323097 0.5904595 0.080413274 -0.39023736 0.092973985 -0.5439875 0.025457835 -0.07283034 0.46748343 0.1299752 -0.14569019 0.14772339 0.23948859 0.2823795 0.62994295 0.2434057 -0.2380416 0.038851902 -0.16135915 0.12621096 0.11895574 -0.26626307 -0.021904757 0.13723627 0.0718664 0.4027649 -0.33439103 -0.27065894 0.21187519 -0.13451943 0.008091125 0.06229445 0.24964562 0.011754232 0.48113972 -0.027059 0.21130386 -0.09039276 0.09079767 0.050736662 0.3801394 -0.15758036 0.08399416 -0.23676863 0.13726397 -0.15302151 0.29530928 -0.44655725 -0.0763075 -0.07345346 0.17562287 0.26272315 0.13541588 -0.0905732 0.10554817 -0.09306489 -0.09339554 -0.11507793 -0.19087814 -0.044612776 -0.033412673 -0.17974517 -0.13493964 0.03177088 -0.12620045 -0.17453672 0.3145314 -0.08365643 -0.2824661 0.06756426 0.46619558 0.05223973 0.15523222 0.23626259 -0.31767446 -0.068851165 -0.10462414 0.019943813 -0.020317893 0.38458863 0.16313621 0.34588265 0.32131955 -0.0832118 -0.23337361 0.07067117 -0.14099236 -0.3797563 -0.1710947 0.087612905 0.21711221 -0.18080291 -0.17552078 -0.047733497 0.19058126 0.073783115 0.0320125 0.08479033 -0.1442393 -0.0072061443 0.18468823 -0.29757994 0.12413792 -0.18980978 -0.3550994 0.029453618 -0.13860936 -0.29140148 0.07349957 0.3447684 -0.052493043 -0.1271794 -0.32131508 0.026164358 -0.16747205
MOZ 0.15390255 -0.16900867 -0.015570704 0.10828957 0.0250988 -0.4972278 0.12173109 0.105424196 -0.08456818 0.12622783 0.43454105 -0.031612504 -0.12962511 -0.29338834 0.3028508 0.13613404 0.036410518 -0.030186592 0.03698201 -0.015669273 0.08154668 0.32333085 0.016734427 -0.28543803 0.022253376 0.35804614 0.041153125 0.1754597 0.10987602 0.043758623 -0.2216853 -0.28877455 0.018580796 -0.050429437 -0.21945794 0.32882658 0.13199584 0.019513257 0.0744511 -0.21385159 -0.18500564 0.019930976 -0.1669345 0.23392205 0.22254133 -0.1304282 -0.26018685 0.10974166 0.07232983 0.004715787 0.18915766 -0.064965054 0.033800974 0.00073167024 -0.14585155 -0.20532452 0.11006934 -0.049921956 -0.10738431 0.0073317885 0.1550489 0.09715113 0.15657762 -0.2832767 -0.1294042 -0.10316674 0.047226038 0.20622517 -0.03104914 -0.03963055 0.102384225 -0.08447495 -0.1939751 -0.25153914 0.09125659 -0.08535281 -0.14982334 0.10707542 0.11570126 0.19699164 -0.24235037 -0.18040407 0.09904048 0.12650263 0.097283415 -0.055190884 0.08288071 -0.26686123 -0.071612656 -0.0038978881 -0.013721286 -0.0049034483 0.1283851 -0.027802827 0.21126328 0.22320679 -0.13024212 -0.12592676 0.1515935 0.059333798 0.020258313 -0.051026564 0.110832214 0.2766021 0.027996242 0.088119835 0.17958654 -0.245313 0.03014754 -0.14154582 0.00985958 0.17855483 -0.038683884 0.049860165 -0.23737727 -0.19918098 -0.20812681 -0.07282196 -0.024339011 0.10516612 -0.31448105 0.0437592 0.09169035 -0.03728748 -0.036881726 -0.20920521 -0.18538171 0.11032924
PYF 0.17961225 0.028317103 0.16979106 0.3299354 0.1815567 -0.10476325 -0.08018669 -0.0019248669 -0.006658111 0.00055192446 0.3457988 -0.0003055621 -0.009879057 -0.15265962 0.34176722 0.083376735 -0.07346178 0.057309177 -0.19210027 0.012175911 0.027286876 0.3819572 0.050117616 -0.20470461 0.15952682 0.027120022 -0.093534075 0.16146998 0.033033233 0.14518936 -0.16433367 0.0020923112 0.17265402 0.19227237 -0.25650403 0.23326887 0.43132532 -0.10054311 0.32171342 0.0014919733 -0.15884253 -0.04100703 0.19172043 -0.072319694 0.022709766 0.17140831 -0.11463226 -0.006438452 -0.019400736 0.09752847 0.104375996 0.041222185 -0.11958068 0.063755386 -0.0006055864 -0.064093806 0.04835739 -0.07087652 -0.14082208 -0.023501936 -0.025361216 -0.021201652 0.046789512 -0.10342619 -0.0032333424 0.033904813 0.15123624 0.25304538 -0.14716226 0.14798737 0.1874671 -0.13571477 -0.2295114 -0.14000303 0.095137626 0.021104129 0.11010065 -0.17112692 -0.095614545 -0.029920915 0.05033811 -0.0068543055 -0.010854105 0.3868909 0.006385482 0.035992913 0.0663996 -0.11421991 0.035976663 0.093494035 -0.03192672 -0.04664196 0.0975839 0.03972352 0.060139954 -0.090017095 0.010363924 -0.29334426 -0.06352334 -0.18532567 -0.17812404 -0.115681246 -0.04705352 0.14608167 0.09392941 -0.1985238 0.20523469 0.12199463 0.027841525 -0.2251955 0.2152477 -0.0781348 -0.0799859 -0.014296121 -0.05217316 -0.17250988 -0.048188876 0.024736622 -0.13439451 -8.869916e-06 0.118391775 0.2581747 0.07635262 -0.055278994 0.0030586962 0.08044513 -0.27555257 -0.021387015
MMR -0.093057625 0.051293947 -0.05684717 -0.06313987 -0.12425622 0.26784807 -0.088790126 -0.026152546 -0.19849224 0.052354585 0.036743227 0.16416588 -0.13731018 -0.0907636 -0.08572162 0.09725076 0.04591332 0.1351704 -0.24020313 -0.0977663 0.122719124 0.40908375 0.016856298 -0.5722649 -0.30218536 0.173321 -0.32179007 0.06421284 0.1915224 -0.32250085 -0.027960345 -0.08147087 -0.13497302 0.0077430173 0.0063565876 -0.026950797 0.14458214 -0.23641905 -0.3363083 0.030314395 0.045206267 -0.09662879 0.010460134 -0.22276016 -0.13608868 0.16782746 -0.09329536 -0.28722998 -0.06485551 -0.11671595 -0.02258506 -0.10340808 0.22043255 0.1812373 0.31118974 -0.10873654 0.6177485 -0.17862026 -0.29950505 -0.06847937 0.014980068 -0.27533442 0.17827308 -0.0065499255 0.30952987 -0.005923275 0.3351587 0.017548366 0.05826166 -0.16087256 -0.10857336 0.020630375 -0.6307588 -0.11197995 -0.071220644 -0.3773312 -0.008526486 0.13745855 -0.09478256 -0.1874559 0.20438538 -0.035836328 0.089979135 0.44440752 0.21329634 0.5406264 -0.10094409 -0.061202664 -0.032256126 0.14332327 -0.064828806 0.39209408 0.11027012 -0.012814865 0.6188531 -0.15205841 -0.0075551043 -0.2569682 -0.12846035 -0.06364135 -0.0904736 -0.11064203 -0.26526433 0.07548696 0.23513125 -0.115467265 -0.057505663 0.3481241 0.38882297 -0.2601313 0.30289757 -0.15680777 0.25146034 0.24748917 -0.000993462 0.25190344 -0.19038779 -0.16134374 0.01524591 0.035611544 -0.2055824 -0.078033604 0.019048467 0.1348662 -0.3250995 -0.22533427 -0.111962855 0.12370167
GRD 0.30202305 -0.18469816 0.06172768 -0.06608923 0.3153067 -0.61975 0.24144259 -0.03851076 -0.1838222 0.07690288 0.6698278 -0.16347742 -0.124936424 -0.20581217 0.5462418 0.092885576 0.12761183 -0.12339334 0.047945306 0.016580978 -0.032425363 0.27759942 -0.11026623 0.076105684 0.014778989 -0.010542634 -0.26278082 0.036562394 0.0041633886 0.21865794 -0.4013566 0.18236211 0.5505811 0.20033601 -0.42207485 0.08277018 0.5023894 -0.30620456 0.31732613 -0.04939871 0.16949601 0.17014208 0.06489852 0.040515278 -0.19446638 0.14549838 -0.43802112 0.036878124 0.2406858 -0.03631554 0.49810135 -0.29443023 -0.052465945 -0.32190713 0.21690714 -0.17513639 0.10853863 0.21596105 0.007430736 -0.121637955 -0.054135814 0.052084487 -0.22207367 -0.07572184 0.12979384 0.034863923 0.06228043 -0.11433508 -0.05189927 0.017244631 0.3992038 -0.32551602 -0.1986057 -0.33718273 -0.019136855 -0.2500193 -0.14043228 -0.3053203 -0.26664352 -0.33629274 0.08236974 -0.42569387 -0.33232605 0.07371391 0.3525892 0.14127874 -0.0037990143 -0.22120152 -0.1461219 0.31960568 -0.46505883 0.03930754 -0.258716 0.14045905 0.15672392 0.22121236 -0.10059205 -0.1336291 -0.1254921 -0.23414397 -0.085005835 -0.04401976 -0.36395037 0.17093934 0.12114373 -0.3778054 0.19564296 0.16370268 0.21317093 -0.09200329 0.08957973 0.11872019 -0.33329573 -0.16957685 -0.07583971 -0.12116117 -0.0635905 0.15485449 -0.34187633 -0.093389004 -0.13438156 0.011769129 -0.17849705 0.024820108 -0.050780613 0.06144296 0.023538725 0.122789465
CAF 0.12003202 -0.21440901 0.1431085 0.055409156 0.059542984 0.035509862 0.13142146 0.15726374 -0.11946306 0.1496984 0.067660555 0.09166707 -0.09899283 -0.062797636 0.4409898 0.33601514 0.017564818 0.41383928 -0.25110897 0.20407848 -0.05538199 0.4070302 -0.19096272 -0.21320806 0.01536618 -0.18691312 -0.033402752 0.18759277 0.014520623 0.24628153 0.018760178 0.1282593 0.07040385 0.15633583 -0.09785333 0.2572831 0.23006463 -0.08572815 0.5660672 0.0077127363 -0.023620961 0.28174785 0.12563342 0.097561054 0.014939003 -0.09418108 -0.13287966 0.17116058 -0.19343148 -0.020276988 0.37827325 -0.20413437 0.21385849 0.241512 -0.22083592 0.085648954 0.053464636 -0.009973721 0.028190752 0.20577861 -0.21432438 -0.2174098 -0.013480001 0.013825057 0.07724029 0.05288798 -0.013203651 0.27574703 0.07850227 -0.013413118 0.025635129 -0.33403227 -0.11359978 -0.17900656 0.12165071 -0.25278923 -0.18633386 -0.05143253 -0.2622405 0.46620524 -0.25948516 -0.105101384 0.20078383 0.4738628 -0.06250043 -0.13898134 0.10488609 -0.2858591 0.23270187 -0.12202436 -0.15337512 -0.17785259 0.028166788 0.1077725 0.42449954 0.09821057 -0.041293994 -0.01672292 -0.06542291 -0.35833973 -0.08575721 -0.2751866 -0.07452912 0.313504 -0.15288469 -0.05423983 0.31434974 0.19981314 -0.012629762 -0.091960415 0.3068426 -0.03487366 0.04591504 0.2350591 -0.11408555 -0.17082585 0.16137306 -0.16245607 0.2629961 0.2317889 -0.082084715 0.13310423 -0.061093647 0.17938262 -0.1863898 -0.036278732 -0.13206986 -0.08548206
KHM 0.022591118 -0.058984157 -0.16366471 0.4606686 -0.1004171 0.020365156 -0.06746374 0.093120344 0.10051392 -0.012891918 0.19410458 0.13027413 -0.02385581 -0.07066397 0.28660843 0.007709314 -0.011451307 -0.25415474 -0.281726 -0.020279031 -0.06500546 0.34066775 0.10824395 -0.23787974 -0.0156016685 0.12365932 0.051937226 0.29253 -0.037702624 -0.22467285 -0.026550356 -0.14047772 0.07222142 0.25635684 -0.18156455 0.13212012 0.3374961 0.003845667 0.18411162 -0.22297277 -0.30423787 -0.027171116 -0.07889248 0.08807167 0.2033612 0.20861132 -0.24260771 0.430067 0.0057044867 0.20026883 -0.08150019 0.08787066 -0.02561232 0.29450932 0.08416038 -0.071234025 0.13946533 -0.36257094 -0.16800892 0.3067927 -0.0067772507 -0.06685915 0.12237467 -0.18968832 0.08588253 0.014904564 -0.19436586 0.15661177 -0.13977423 0.09843916 -0.2019312 -0.027831886 -0.17470628 -0.047108095 0.09508869 0.046990205 -0.13504414 0.06457914 -0.0366318 0.24628443 0.033207476 -0.20866011 -0.03373578 0.33796498 0.042225983 0.09538079 0.13060397 -0.06617138 0.05940012 0.19430229 -0.060106296 0.094614536 0.22034681 0.09982825 0.021220043 -0.045300353 -0.21019721 -0.29359508 -0.071429305 0.02297775 -0.31814846 -0.24234322 0.09537903 0.39567593 -0.28893778 -0.18356334 0.11780463 0.34892464 0.16886264 -0.11399506 0.11113175 -0.17207554 0.25385064 0.07089096 -0.18714774 -0.1668433 -0.2612681 0.10873113 -0.24883343 -0.2550184 -0.26259106 -0.17860308 0.22666307 -0.05027656 -0.036820587 -0.2770417 0.09842847 -0.0749141
CUB -0.018772548 -0.27227187 -0.2216048 -0.14249659 0.036746208 -0.26727277 -0.07600169 0.0051080775 0.037180327 0.025900278 0.1638891 0.014241161 -0.1388635 -0.052824102 -0.1832161 -0.014166196 -0.012865629 -0.042175137 -0.051374532 0.0820221 0.14241493 0.22751948 0.022355724 -0.39707622 -0.17924318 0.12564626 -0.18072577 0.011590718 0.33339748 -0.05342599 -0.12410285 0.024616852 -0.013917201 0.07887675 -0.06410508 0.12014145 0.4134505 0.03154603 0.054094013 0.025720963 -0.08445557 0.08665085 0.08997095 0.10097193 0.02102404 0.24668941 -0.33066687 -0.06433549 0.0821887 -0.08017199 0.1087046 -0.1088098 0.17291838 0.20315078 0.1632038 -0.022491109 0.39310068 -0.0031412255 -0.18472697 0.17219536 -0.11725103 -0.22400483 0.22964576 -0.28136864 0.12373287 -0.0735903 0.15755872 0.039407697 0.0097412 -0.12373585 0.02717876 0.085739695 -0.41778594 -0.19797988 -0.023122756 -0.4405568 -0.3890819 0.1524625 -0.3442165 0.23186348 -0.11809378 -0.017127844 0.09847805 0.12849617 0.13798596 0.3110116 -0.064325124 0.14501701 -0.13238415 0.10704452 -0.015939228 0.03335008 -0.079464234 0.065977775 0.6151353 -0.07785768 -0.08880462 0.11890381 0.012621355 -0.13532482 -0.07555929 0.22361769 -0.025687061 0.19508736 0.09381595 -0.07256971 0.1195558 -0.01821073 0.02508612 -0.15020962 0.19790924 -0.06167875 0.095022306 0.22621088 -0.23757216 -0.019382335 -0.049490526 -0.43846184 0.20147528 0.26397046 -0.05620548 -0.23225364 0.10943523 -0.00033004695 0.22842598 -0.18712045 -0.0005391832 0.14644694
MDG 0.07963652 -0.16702923 0.027433041 0.11513452 0.10825246 -0.496384 0.11714568 0.11149488 -0.06442053 0.14148435 0.4295123 -0.0011111994 -0.14584035 -0.3065513 0.32254434 0.2031283 -0.0005157547 0.059486043 0.053021155 0.086105295 0.11675111 0.28529215 0.011498512 -0.25492844 -0.044863656 0.3405846 -0.0076709217 0.12808327 0.079890184 0.14971295 -0.2846932 -0.2785783 0.06950263 -0.056691248 -0.18531635 0.33402002 0.1443947 0.0010631412 0.12791188 -0.13496785 -0.08432643 0.058280014 -0.060264304 0.25692838 0.18501188 -0.12275101 -0.27747223 0.06649692 -0.016455885 0.02210521 0.23626882 -0.07436939 0.08920858 -0.03507634 -0.2679908 -0.19687104 0.12630615 0.022203231 -0.10235357 -0.07692 0.16651577 0.03850613 0.13032773 -0.2958659 -0.07154385 -0.11272006 0.062023047 0.25234824 -0.030498318 -0.023694232 0.11726339 -0.12616907 -0.19573867 -0.15275109 0.08567667 -0.12792811 -0.21572456 0.05166486 0.051816437 0.25787377 -0.27572322 -0.18688801 0.13190465 0.20057349 0.078334145 -0.13462847 0.12785043 -0.25530967 -0.07095645 -0.033996284 0.033901323 -0.024071429 0.13995601 -0.118199386 0.21557806 0.155978 -0.1406928 -0.09967182 0.07168603 0.009726345 0.025010329 -0.066482425 0.09839824 0.28813213 0.077266894 0.04072896 0.17942576 -0.21024099 0.026540056 -0.14196992 0.13778077 0.14973922 -0.08559804 0.06046411 -0.18299581 -0.20570448 -0.18744521 -0.03525248 0.06361043 0.11700486 -0.299038 0.021687295 0.017253507 0.03124828 -0.08888517 -0.14882776 -0.25175205 0.15483613
NCL 0.17645523 -0.1912595 -0.12908936 0.22300905 -0.1586909 0.06620192 -0.14736779 0.17753536 0.1929204 0.0034854144 0.18641147 0.13850148 0.23336299 0.14059041 0.5097534 0.014662504 -0.1434811 -0.108643 -0.45063722 -0.10988634 -0.13210803 0.5443489 0.18021359 -0.21047816 0.17009315 0.19621085 0.2064265 0.49950102 0.14086975 -0.3114895 0.01612093 -0.21697062 0.0983567 0.22145501 -0.19778873 0.12295636 0.3013265 0.10009543 0.32721493 -0.31292403 -0.36157507 -0.007827836 -0.11986286 0.0010284621 0.17524514 0.2819296 -0.15797658 0.5164167 0.04434994 0.29387608 -0.17376903 0.15879683 0.010015889 0.4880328 0.110468805 0.00018235571 -0.04197303 -0.15699236 -0.25555444 0.43119398 -0.35511422 -0.1040029 0.046762373 -0.09682086 0.18122526 0.1421734 -0.1531533 0.08249936 -0.09242039 0.15677015 -0.2184389 -0.08116199 -0.075445585 -0.04356129 -0.008006696 0.038341187 -0.018315328 -0.007564684 -0.12815727 0.34447354 -0.074319094 -0.2046517 0.00953016 0.4269289 0.019182734 0.16933952 0.19032465 -0.16088393 -0.03150679 0.13827851 -0.0008144269 0.0690155 0.389075 0.21241038 0.20139226 0.15109022 -0.1898567 -0.24401471 0.0068572764 -0.030556327 -0.41559696 -0.24986786 0.1063209 0.35023886 -0.24902414 -0.16973777 0.01856475 0.3321818 0.10157806 -0.09633681 0.06806032 -0.20269985 0.20477279 0.15234275 -0.32192105 -0.05053972 -0.28815976 -0.16290592 -0.14308582 -0.21376461 -0.267918 -0.061983477 0.3659015 -0.17441255 0.027982472 -0.3376855 0.048541613 -0.057274703
LSO 0.1089262 -0.15579034 0.039381497 0.16304593 0.089686304 -0.4161493 0.1308538 0.10415435 -0.1271933 0.079086445 0.3954961 0.0006533943 -0.11013648 -0.29495153 0.29999325 0.2090096 -0.013512921 0.1079907 0.08856226 -0.0055862893 0.03299648 0.24395666 0.028906243 -0.21522786 0.009569245 0.29163077 0.06510874 0.14466219 0.024247717 0.10717918 -0.23399688 -0.28110185 0.16137485 -0.050619382 -0.2260878 0.35151342 0.15867035 -0.00087793585 0.028618187 -0.18504535 -0.08891858 0.038853463 -0.06822195 0.20814599 0.18558645 -0.1401912 -0.22665502 0.0543289 0.027630428 0.0025235272 0.19240853 -0.0680928 0.12965834 -0.015918402 -0.26313394 -0.2195201 0.13677669 0.022313545 -0.15381719 -0.098558046 0.15100442 0.07617211 0.1335324 -0.23324935 -0.085875966 -0.12664847 0.08206331 0.20955327 -0.0169441 -0.034861006 0.1383934 -0.15584794 -0.24123389 -0.16989905 0.10296307 -0.10352586 -0.13882272 0.03410511 0.07252346 0.17186102 -0.24458092 -0.1888072 0.16581781 0.19816515 0.058234222 -0.0828574 0.12034499 -0.2544533 -0.03980805 -0.017074028 0.07737189 -0.0071769417 0.16638534 -0.03873651 0.17170255 0.14974202 -0.11964421 -0.12070649 0.11269941 -0.0053052325 -0.012024706 -0.11359844 0.05593871 0.2236611 0.11347363 0.053885743 0.19499204 -0.1722701 0.06941085 -0.18598607 0.14097145 0.18973011 -0.07478614 0.05253865 -0.18107378 -0.25402215 -0.1659698 -0.066267475 0.033134226 0.09325409 -0.30013248 0.0978759 0.0063155396 0.0046480694 -0.12367718 -0.1832361 -0.24653721 0.15956765
PNG 0.1343032 -0.18327282 -0.16690706 0.24883029 -0.12428853 0.045553923 -0.13110848 0.21262884 0.23514085 -0.009769393 0.23155583 0.15059832 0.20589668 0.09840184 0.5008892 -0.0590459 -0.12367661 -0.21732838 -0.48685342 -0.07159818 -0.122510105 0.5708997 0.15672268 -0.18103528 0.16082403 0.15088283 0.15938485 0.47655052 0.1740499 -0.28777134 -0.008310393 -0.1476476 0.055061057 0.28300095 -0.23265752 0.14559542 0.4037952 0.1380766 0.46672568 -0.3009202 -0.35177684 -0.0021129798 -0.07160236 0.064070165 0.15449883 0.34859946 -0.14005269 0.54366755 0.051992003 0.2695203 -0.136489 0.11364801 -0.060950372 0.5285813 0.15105486 0.030396638 -0.035285324 -0.21052623 -0.20251796 0.48735067 -0.31090212 -0.11726189 0.02685248 -0.16397986 0.18088758 0.13132231 -0.22933477 0.12792268 -0.15912063 0.21226186 -0.20555307 -0.051951855 -0.076953486 -0.015603415 -0.038675223 0.035796944 -0.077721626 -0.06507282 -0.14905985 0.37550306 0.0033545028 -0.21818793 -0.051683094 0.4609262 0.05412486 0.16132416 0.178673 -0.10104095 -0.03131282 0.20284635 -0.046877384 0.070063286 0.31223187 0.19585276 0.16370885 0.0812379 -0.20062526 -0.23340535 -0.043523673 0.0024824112 -0.43894097 -0.1908998 0.10543399 0.35868654 -0.31197748 -0.22038455 0.03622451 0.3696749 0.045452673 -0.09545405 0.09161557 -0.23245493 0.22065398 0.18275979 -0.3076907 -0.12784916 -0.28587195 -0.1315226 -0.20238957 -0.23644939 -0.2192712 -0.117373504 0.40565974 -0.2018141 0.06973282 -0.33317462 0.07273055 -0.083865106
LAO 0.07742061 -0.28753242 -0.1528323 0.18154284 0.013912634 -0.06304752 -0.12282186 0.30330327 0.15149884 0.19961256 0.25183162 0.1579648 0.06968508 -0.09284655 0.2518784 0.026001627 -0.10719672 -0.054569077 -0.392397 0.053446047 0.110506825 0.39132538 0.1489938 -0.19215074 0.12117 0.32286134 0.02730338 0.44358188 0.17621495 -0.0128753055 0.019179843 -0.12647098 -0.1070638 0.29707044 -0.08547584 0.14984748 0.5358883 0.0011695541 0.45530248 -0.21972191 -0.20276612 0.07863914 -0.10441743 0.110944234 0.15003124 0.19922015 -0.22587532 0.3257493 -0.14201991 0.105850056 0.036761027 -0.03419267 0.13307236 0.4095013 -0.097481094 -0.07626703 0.108358204 -0.0830712 -0.25859994 0.32548228 -0.17985155 -0.11103949 0.2007383 -0.20127006 0.1738056 -0.13692167 -0.19665083 0.20049167 -0.086832695 0.11026656 -0.24820282 -0.20030047 -0.310068 0.059163745 -0.10114589 -0.2362979 -0.16178285 0.026007524 -0.088290036 0.36345717 -0.11884011 -0.057406038 0.036942147 0.41221392 0.0667697 0.08231892 0.32199308 -0.14291741 0.017223388 0.17460038 0.39480495 -0.0678574 0.232468 -0.08485007 0.07537732 -0.1952609 -0.14788526 -0.25591627 -0.078761406 0.037695616 -0.19290718 -0.2324441 0.08320834 0.04858918 -0.11481923 -0.27774903 -0.22138794 0.30983666 -0.03153473 -0.23546219 0.19025415 -0.26842955 0.33170322 0.20374708 -0.1625389 -0.12683882 -0.18769008 0.1253069 -0.006112711 -0.35894153 -0.103666686 -0.24811743 0.055262182 -0.053629477 0.034051236 -0.053263515 -0.019816518 -0.049236964
