180 128
RUS 0.032565072 0.090887435 0.035449225 0.043986958 -0.03679688 -0.04908631 0.037782334 0.015367958 -0.0075536817 0.069916554 -0.18473178 -0.17190379 -0.08666477 -0.022838566 -0.0323479 0.22457263 0.006202126 0.08910814 0.056054965 0.06231632 0.018447567 0.23962398 0.1045026 -0.28558418 -0.089866735 0.017279364 -0.20181401 0.13602553 -0.07641458 -0.040465098 -0.0026145137 -0.32040197 -0.014380395 0.024504561 -0.15693614 0.115927175 0.25424698 -0.06090656 -0.063495 -0.20383264 -0.2899637 0.09255779 -0.18045163 -0.0051040193 0.100897826 0.14135419 -0.12498093 0.10882055 -0.08497876 0.12141622 0.0092966575 0.14130206 0.031187743 0.010808653 -0.056508493 -0.004570742 0.2897282 0.09173525 -0.15222634 -0.16513592 -0.122899294 -0.05607414 0.26062578 -0.07064058 0.25283828 0.072971806 -0.05478122 0.008269566 -0.025145495 -0.1135771 -0.15130441 -0.1342497 -0.273464 -0.09621813 -0.15375601 -0.16740765 0.24513179 0.03447929 -0.18412903 0.18016809 -0.24693705 -0.010660657 0.03843978 0.20393406 0.1486328 0.021347933 0.006679783 -0.090516575 0.1352604 0.12954356 -0.00894106 -0.15308325 -0.025387913 0.01548136 0.3544868 -0.062183693 -0.024836622 -0.25185683 -0.13251466 0.041327424 -0.29937917 0.043893993 -0.07276376 0.12113986 0.1699741 0.0096539 -0.07827406 -0.027892657 -0.08458867 -0.21732293 0.18807805 -0.10547778 -0.11345219 0.04331565 -0.0074740914 0.05628642 0.1307123 -0.05895807 0.23654446 -0.29246184 -0.23399319 0.0979023 -0.073627494 -0.04576697 -0.17065959 -0.28852394 -0.25850105 0.23145771
NGA 0.021411166 -0.1612053 0.23453328 0.19972898 0.03821362 -0.044915058 -0.19466671 0.0077330437 -0.028404374 0.16021803 0.09523024 0.080841064 0.13331378 -0.1283798 0.0041865497 0.21569522 -0.100265846 0.41856158 -0.036001902 0.10179631 0.15575145 0.12823988 0.1009014 -0.2918433 -0.12172385 -0.038428456 0.012261879 0.04048103 0.1442619 0.09897409 0.14421159 0.2622921 0.09781497 0.1549585 -0.07806102 -0.023965428 0.3637993 0.10030881 -0.007410472 -0.043659464 0.20322959 0.1096054 -0.11693723 0.08353095 0.004955174 0.373411 0.043288957 -0.009633611 -0.27925348 -0.08248856 0.059831515 0.15706423 0.08225926 -0.07021893 0.012694489 0.1617166 0.17451373 0.16628759 0.09005141 -0.29512364 0.09650571 -0.0524031 0.3526409 0.16620184 0.23377305 -0.12488422 -0.07783645 0.06674226 0.012768766 -0.24550727 -0.16537745 -0.17033203 -0.13365965 0.070878655 -0.039562237 -0.08390409 0.029985847 0.092277594 -0.13396257 0.1383758 -0.24721678 0.10479642 -0.016063154 0.08048738 0.14022315 0.07325252 0.2330112 -0.0812262 0.072994426 0.18563199 -0.04184452 -0.14299373 0.067511804 -0.1021613 0.20452656 -0.053986736 0.067682765 -0.26906025 0.02221111 0.004772029 -0.18522045 0.10263853 0.05622279 -0.085815616 0.0319465 0.093818784 -0.28443122 0.056660626 0.1645581 0.086409084 0.23259662 -0.12426906 -0.015090926 0.19787088 -0.104654066 0.053872738 0.064240195 0.06350708 0.2227483 -0.067228846 -0.05378143 -0.064450294 0.08907622 -0.090645105 -0.25857243 0.106790595 -0.18508837 0.10465323
USA 0.015309818 -0.18049744 -0.12652758 0.20450857 0.2347031 0.0036082377 0.18342216 -0.0053011184 0.021148546 0.26207685 0.11906554 0.12139854 0.02001016 0.072804354 0.31994262 0.17006466 0.076887585 -0.00870684 -0.15126073 0.11421941 0.20398042 0.106934465 -0.009458742 -0.04314652 -0.043807093 -0.09696731 -0.17862152 -0.08613764 -0.06592427 -0.10118856 -0.0659959 -0.040353693 0.36053443 0.05973812 -0.012607228 0.279541 0.30240205 -0.33131862 0.1365062 0.047803294 0.018778842 0.10426306 -0.057436403 0.08731273 -0.10468914 0.11407785 -0.018252557 0.13430989 -0.041361224 -0.0630289 0.0028794594 0.3313175 0.17040761 -0.17600301 0.063537546 -0.078001656 0.00017621041 0.06502566 0.27295098 0.10756349 -0.022110404 -0.15090558 -0.01514935 0.1576975 0.13665576 -0.2843208 0.19090475 0.0627392 -0.0019679351 -0.25740296 -0.06172185 -0.14651956 0.05190676 -0.038328517 0.06146563 -0.15938227 -0.037441544 -0.13199149 -0.14030676 0.36744037 -0.1645299 -0.03178399 -0.07202416 0.22329366 -0.05926249 0.17369802 0.499498 -0.086054355 0.42548782 -0.09910427 -0.015360071 -0.10069655 0.14084771 -0.11969035 0.12098732 -0.06672867 -0.17653133 -0.1286292 -0.20407173 0.008383944 0.06157476 0.17227802 0.24211986 -0.056357037 -0.16735843 0.118576266 -0.1526414 0.2950279 0.13428083 0.13310714 0.24941885 0.09197972 0.07411054 -0.1099657 -0.18339428 0.029708045 0.0212383 0.025742846 0.023542818 0.13158458 -0.21390599 -0.023805832 -0.0339623 0.013239715 -0.24105231 0.14582053 0.005412741 0.07726822
SAU 0.08754571 -0.09153361 -0.04291887 0.07417915 0.1397852 -0.11739878 -0.08083397 -0.102945 0.1724034 0.15722017 0.007616257 0.03704319 0.054577537 -0.15273999 0.09287677 0.19260153 -0.08891874 0.045237217 -0.084710725 0.16409285 0.11798788 -0.012024074 0.09957997 0.06447449 -0.13015068 0.09293121 -0.14589725 0.09096616 0.017882826 -0.03429929 -0.0018233025 -0.20888159 0.14293912 -0.0022484802 0.008873046 0.14630328 0.22968024 -0.13413057 0.35088995 -0.09767886 -0.17219147 0.118115164 -0.24352154 0.041602064 0.0691408 0.0867156 -0.027406134 0.05768613 -0.041432004 0.101871714 -0.027296001 0.06425119 0.070951276 0.09354529 -0.15010221 -0.12970816 0.1963491 0.1044495 -0.027036712 0.038183667 0.10856478 -0.15463853 0.21511704 0.28977847 0.13592735 -0.18603988 0.22328587 0.089457385 0.12304948 -0.02096904 -0.063559234 -0.07191449 -0.06417631 0.017653033 -0.10512749 -0.10269519 0.047606133 0.0022601148 -0.061457932 0.33538318 -0.07140678 -0.17746298 0.035884555 0.36345088 0.03600483 0.20665173 0.113300554 -0.116846435 0.074462034 0.045473948 -0.025794124 0.017042292 0.060950898 -0.14870967 0.23700382 -0.19982496 -0.07050214 -0.21235007 -0.077989504 -0.02640466 0.076204434 0.005154981 0.05971764 0.064314425 -0.047944654 -0.1015912 0.000104225925 0.05730116 0.24307896 -0.20061706 0.013605181 -0.021079902 -0.11023333 0.021845238 -0.059504323 -0.10380627 -0.0069983914 0.011919657 0.014680108 0.08122201 -0.20288621 -0.022719672 0.059811037 0.0006069485 -0.17866258 -0.15471423 -0.12768558 -0.08749733
ARE 0.16056685 -0.3481432 0.110122755 0.0073108226 0.2614231 -0.13642791 -0.09045486 -0.12564094 0.056080565 0.20960015 0.11536222 0.15936227 -0.103903905 -0.20084625 0.35377932 0.2948788 -0.115650296 0.1250452 -0.1464248 0.14108208 0.09116394 0.021620704 -0.052592173 -0.017897693 -0.10040196 0.15655634 -0.018258087 0.08193138 0.0648752 -0.17018574 -0.10752575 -0.1567249 0.09520827 0.024463093 -0.0111024175 0.24316737 0.2701893 -0.0961883 0.20946921 -0.19372576 0.010307693 0.21370828 -0.40803748 0.2505353 0.21342209 0.062377717 -0.059298187 0.07691042 -0.085568324 0.079721645 -0.026615512 0.03372067 0.11682399 0.12416162 0.016119191 -0.053828117 -0.07837114 0.035437725 -0.032782104 0.049664248 -0.04428511 0.08115958 0.27680382 0.393773 0.03188404 -0.1934662 0.19882503 -0.07978201 0.03450945 -0.08566419 -0.10702831 -0.11473562 -0.00082970434 -0.062239185 -0.10569794 0.022678385 -0.08137986 -0.09328673 0.06917196 0.34246537 -0.03965518 -0.11451771 0.046401016 0.3175121 -0.015545713 0.15604524 0.28065044 -0.2137137 0.108776025 0.044438146 -0.08283397 -0.023013448 0.15772586 0.0055915155 0.20545079 0.10504187 -0.08765529 -0.2362365 -0.18396133 -0.05725129 0.076584004 0.034439504 0.12210534 -0.039919205 0.12214795 -0.029867986 -0.052908443 0.018565603 0.20213178 -0.19876482 0.105179496 -0.11292057 -0.032626428 0.034747887 -0.054575194 -0.10117227 0.03230232 0.08278339 -0.0027663675 0.16024408 0.12254632 -0.028805625 0.0022785068 0.014281006 -0.14536875 -0.027224675 0.032886364 -0.041527353
ZAF 0.10913802 -0.3218366 0.11370547 0.002661109 0.3575603 -0.0030729878 -0.17566627 -0.26732558 -0.20415771 0.24109335 0.23208791 0.158855 -0.18176879 -0.11077188 0.078318685 0.14394093 -0.24766916 0.00046358255 -0.31945437 0.15660772 0.01846134 -0.12212025 -0.17641696 -0.18273892 -0.10118396 0.24992612 -0.1834624 0.08538402 -0.0004775143 -0.062139213 -0.017927255 0.2266289 0.02391092 0.22934264 0.21395296 0.03817998 0.22739574 0.038258772 0.1495431 0.020566113 0.07085336 0.1841078 -0.22180426 0.2688208 0.07118392 0.04680497 0.07041792 0.15217681 -0.26343733 0.028769463 0.10828046 0.07146663 0.048015762 -0.08328743 -0.04212099 0.036963418 0.007718492 -0.052555636 -0.10625821 0.09823746 -0.031739525 -0.032089636 0.44773436 0.44937778 -0.08046655 0.07557123 0.34259725 -0.04585312 0.06744418 -0.26903623 -0.21883081 -0.08401901 0.059653345 -0.030880312 0.07139922 -0.15179303 -0.08944009 -0.15585837 -0.017737009 0.21706955 -0.03907038 -0.11294913 0.09950034 0.22437279 -0.15943019 0.08817827 0.21495272 0.02399185 -0.0072265496 0.15907481 0.08279226 0.116443 0.07673774 -0.30500203 0.38794863 0.03945418 -0.09552291 -0.25417936 -0.3330371 -0.08414568 0.041787256 -0.024338013 -0.006529732 0.117012165 0.17727208 -0.08562918 -0.004010199 0.1436539 0.26840523 0.013344374 0.17068703 -0.08839197 0.16082466 0.101349086 -0.30026346 -0.046133526 -0.12507941 0.16119277 0.08060105 0.102130316 0.09574896 0.054434814 0.04332171 0.2608892 -0.31790215 -0.02103002 -0.16633493 0.08383862
KAZ -0.10405138 0.049578313 0.113400206 0.21704835 0.09174826 -0.004142526 0.0037797743 -0.13519856 0.10599856 -0.023842812 -0.068422444 -0.17379257 -0.092975534 -0.061684802 -0.1238235 0.20953794 -0.10043736 -0.05626736 -0.022681087 0.12108824 0.05507486 0.2952372 -0.008342362 -0.37297666 -0.3696276 -0.010661715 -0.2796787 0.22790717 -0.11960121 0.007655118 0.09367179 -0.28363812 -0.09721037 0.04563576 -0.037219524 0.14757141 0.27862257 0.052528657 0.06962433 -0.1584524 -0.265604 0.16441914 -0.09628023 -0.09214188 0.13652423 0.11854872 -0.018272666 0.09011236 -0.21622387 0.028280508 -0.09981199 0.17993101 0.07603503 -0.0031514824 -0.0053576143 0.04785829 0.3521355 0.10615107 -0.27244028 -0.2402562 -0.023984538 -0.113458015 0.33395168 0.02546887 0.17087047 0.19043657 -0.006686642 0.12040834 -0.053952467 0.08495501 -0.019107345 -0.09064637 -0.3229478 0.027423866 -0.061002087 -0.1846765 0.1732333 -0.031613864 0.021225682 0.3348556 -0.17844267 0.0073087206 0.107851766 0.15315552 0.10304577 0.011815182 -0.22983968 -0.09266404 -0.030189808 0.111035995 0.19617808 -0.12985459 0.006166866 -0.075783245 0.35307246 -0.08995311 -0.17522827 -0.15512139 -0.21690266 0.060878295 -0.3472979 0.1098101 -0.29568174 0.108955316 0.10199349 0.02321218 -0.01002598 -0.055975664 -0.035912942 -0.23435079 0.14021099 -0.03194353 -0.025544902 0.09343822 0.00010670547 -0.07304704 0.13561277 -0.0001583606 0.28780532 -0.29171863 -0.32168633 0.06537776 -0.04396457 0.0076017166 -0.21053323 -0.19040349 -0.005100588 0.19952841
GBR 0.13716155 -0.043414567 0.14706159 0.08520555 0.23289949 -0.06967692 -0.024377197 0.01697776 -0.056794293 0.13212667 -0.04762403 0.063349605 -0.16501766 -0.06547581 0.34785864 0.20017397 -0.09480956 0.07514105 0.039291073 0.14453852 0.09080498 0.26947987 -0.17149475 -0.09482394 -0.03892393 0.04997906 -0.1659603 0.14311063 0.0072360453 -0.114982985 -0.20167668 -0.14678967 -0.04548945 -0.043076757 -0.016187662 0.16089837 0.26329258 -0.030530643 0.0585535 -0.0062462823 -0.16122502 0.07972978 -0.05961338 0.18071006 0.029457085 -0.03562249 -0.09626673 0.0034209974 -0.042768333 0.107044 -0.078089595 0.19825849 0.14744143 0.04915745 0.049333688 -0.012600617 0.06273088 0.07589203 -0.013050965 -0.035782855 -0.119664066 0.028852422 0.11789264 0.13531144 0.1561163 -0.051314663 0.2599692 -0.0007646456 -0.068014815 -0.057298873 -0.20175274 -0.08456447 -0.20110744 -0.07641144 -0.107727334 -0.1321446 -0.07006462 -0.20922144 -0.017833585 0.35739523 -0.11948571 -0.17354451 0.12524906 0.330474 0.11540245 0.17027012 0.13387297 -0.11306777 0.17690131 -0.08163608 -0.087022886 -0.10833664 0.114182994 -0.046027962 0.14985928 0.18612944 -0.024515508 0.0103569385 -0.15434189 -0.039393764 -0.13839196 0.026190024 0.046631593 0.007550091 0.066104405 0.08222664 0.10816376 0.059243374 -0.05121105 -0.19437677 0.21042614 -0.060771696 0.024902815 -0.067879826 0.059441626 0.013024694 -0.0109405825 0.026909532 0.10007265 0.020060727 -0.008282349 0.18053013 -0.03214735 0.012475036 -0.20406264 -0.21054731 0.10714102 0.0976243
FRA -0.21336278 0.08325973 -0.01854766 0.092150696 0.1932816 -0.00027325447 -0.013381846 -0.011279731 0.18484963 0.18718457 0.08534948 0.13482933 -0.04565496 0.014750519 -0.03012997 0.2327681 -0.114511676 -0.120077185 -0.10156536 0.16761556 -0.1163924 0.018257238 0.063082345 -0.21626766 -0.3620221 0.27848879 -0.38791084 0.09648073 -0.02182069 0.08802212 -0.17348213 -0.3430761 0.012238408 -0.043175694 0.046687495 0.17001507 0.11765295 -0.1986843 0.28608447 -0.07537258 -0.31197062 0.23281828 0.02173328 -0.088977955 0.10047869 0.1648873 -0.031057527 0.17056462 -0.0062999805 0.14728136 0.109854825 0.06829966 0.09822229 -0.091531046 -0.082580194 0.06721585 0.07860437 0.20100161 -0.1191447 -0.10786177 -0.052968174 -0.0035180226 0.054463867 0.09496638 0.32332253 -0.078053035 0.04856216 0.07878366 0.14255767 -0.0035005892 -0.07282251 -0.1628664 -0.24447024 -0.21075484 -0.0630556 -0.16649097 0.15448503 0.1644324 -0.17901865 0.30301446 -0.08765572 -0.18749602 0.035044648 0.22823295 0.08492262 -0.084804825 -0.092457965 -0.051861104 -0.0064828447 -0.0115155075 0.2264014 -0.03990082 -0.05672989 -0.29536286 0.30111283 -0.23531947 -0.16636914 -0.27104917 0.026610544 -0.15446705 -0.20461337 -0.040366568 -0.33287874 0.23118602 0.011965656 -0.0086183 0.09396615 0.066967756 0.08249985 -0.19805872 -0.055678032 -0.0047996775 -0.10859936 0.082891956 -0.118280545 -0.06241944 -0.18209513 -0.22894627 0.1848955 0.052125048 -0.36365968 0.035501745 -0.025212845 0.079118796 -0.16837142 -0.24059552 -0.054448962 -0.30831686
CHN 0.12790619 0.01263192 -0.22283316 -0.0013656712 0.086244136 0.28591764 -0.12690942 -0.08779887 -0.13516715 0.14647453 -0.087887034 -0.034344032 -0.21154232 -0.23237677 0.15174885 0.21501234 -0.12691125 0.14032972 0.015437963 0.19661185 0.069957584 0.053196225 -0.01861888 -0.04775853 -0.19415332 0.18331249 -0.29524744 -0.13757443 -0.15695925 0.039855696 -0.02097331 -0.07261075 0.14382133 0.022429792 -0.12804231 0.07342947 0.4154694 -0.35904115 0.16372196 0.055055905 -0.14470197 -0.062142957 -0.076390006 0.11210428 0.0771013 0.21732621 0.00038058095 -0.029379135 -0.16083585 -0.03656791 0.15825304 0.11760036 0.14637937 0.024194207 -0.15727416 -0.1991227 0.35498354 0.014606184 -0.16357487 -0.028298885 -0.28724033 -0.28876418 0.059724238 0.19860925 0.18825896 0.21579576 0.09939004 -0.046523374 -0.13958427 -0.29721323 -0.19801363 -0.052083924 -0.056094065 0.06455736 -0.07309554 -0.17964308 -0.19368544 0.19434124 -0.16237888 0.039707705 -0.10881174 -0.26078564 0.049834207 0.2772491 0.14251268 0.10592315 0.11541777 0.09255284 0.25939688 0.11682032 -0.16252011 0.11248289 -0.1282997 -0.13535039 0.26615146 -0.1772561 0.05707479 -0.043333463 -0.0139241405 -0.118099265 0.011208761 -0.03863164 0.0318757 0.09586446 0.115578055 -0.11271179 -0.0961164 0.2032123 0.03827509 -0.20978343 0.19808726 -0.1140614 -0.036669478 0.090784766 0.08840466 -0.04126389 -0.25285155 -0.0822507 0.14491469 -0.01680473 0.06184361 0.09559269 0.18877947 0.18101525 -0.21514517 -0.22225761 -0.39499906 0.19294184
COL -0.19699888 0.08834206 0.034162015 0.1765937 0.2337972 0.03172001 0.059489746 -0.05859861 -0.05240086 0.07832005 -0.10619703 -0.08068648 0.094931565 -0.10253403 0.21498482 0.15816875 0.22727995 0.31201187 -0.054233525 0.28613263 -0.37577903 0.24821667 -0.05902266 -0.06776176 0.056003727 -0.17264561 -0.19435604 -0.44338572 -0.28380483 -0.0036002418 -0.1119929 0.117284544 -0.014715727 -0.15036495 -0.17603804 0.22620311 0.17598547 -0.162682 -0.10132264 -0.122535504 0.11417941 0.33440092 -0.009528995 0.26128832 -0.11438887 0.2650116 -0.1790385 0.1405016 -0.07013522 0.086831726 0.1727995 0.12822784 0.092423186 -0.15307496 -0.02719661 -0.050304595 -0.11622919 0.43163258 0.2053639 -0.060960904 -0.1740416 0.08538265 0.16855556 0.2240071 0.40006125 -0.3110958 -0.20251316 -0.034345567 0.20015045 -0.48843372 -0.23817262 -0.25044522 -0.12741558 -0.3127461 -0.08360285 -0.28357145 0.19589613 -0.23569201 -0.2739326 0.358077 -0.17151803 -0.033667326 0.00407788 0.050813768 0.027959747 -0.087821566 0.4445142 0.21903661 0.071252264 -0.03301578 0.025234751 -0.1226855 -0.19308388 -0.089523524 0.28785768 0.1563829 0.06004621 -0.03212591 -0.0035609982 -0.19208984 -0.04414523 0.1508376 -0.016048629 0.17489958 0.042499688 0.2067174 -0.2051865 0.2942727 0.20936745 0.059892785 0.34095493 -0.030747477 0.00790057 0.18804827 -0.39139512 0.008791551 0.22093016 -0.20525078 0.43198565 0.30640352 -0.22784366 -0.1552488 0.00016664874 -0.17129779 -0.09589607 0.1392709 -0.043741215 0.23096572
CAN 0.22992912 -0.013319693 0.08168816 -0.0028202443 0.13721123 -0.15656519 -0.0025998193 0.17807183 -0.082646996 0.013016362 0.07340941 0.012153828 -0.0118185645 0.23778126 0.2772863 0.1239914 -0.14415944 0.0046117073 0.031162353 0.042818043 0.17464685 0.11497164 -0.067877956 0.0050053713 -0.033760812 -0.016618483 -0.16455522 0.056623597 0.059814915 -0.06745702 -0.11195277 -0.2202858 0.12297464 -0.021119542 -0.05407699 0.114690304 0.24703091 -0.036922343 0.20091401 -0.06249911 -0.15233974 0.19523203 -0.02629267 0.18749663 -0.049592476 0.0023037046 -0.095019914 0.12673917 0.09844701 0.07962385 -0.1893772 0.27736786 0.06641642 -0.08284087 -0.0041824314 0.14612168 0.092588484 0.12383583 -0.027294647 0.084703736 0.076996475 -0.02832416 0.07809987 0.14768234 0.26627088 -0.10785487 0.21820582 -0.09285086 0.14022672 0.05750863 -0.23458199 -0.087393336 -0.2787989 -0.09425456 0.050733395 -0.18968107 -0.016981076 -0.0963919 -0.067540914 0.4538961 -0.17394568 -0.2839252 0.0568497 0.36235544 -0.0059419908 0.17553034 0.17650048 -0.16058278 0.114876986 0.052088868 -0.030547071 -0.017305551 0.13525443 -0.0074015255 0.18684058 0.0062438524 -0.11956918 -0.12552452 -0.15553766 -0.031551313 -0.20964274 0.08736726 -0.08664241 -0.059641458 -0.16488613 0.21511994 -0.12623791 0.0686058 0.06948901 0.15437157 0.21706454 -0.12299083 -0.0066140057 -0.04349062 -0.18822591 0.08734806 -0.11159888 0.0019079493 0.21231386 0.062517844 -0.16641012 0.10862629 -0.14011481 0.031975564 -0.2199329 -0.1932983 0.0018223735 -0.013202011
ESP -0.012200606 -0.06670009 0.18166627 0.31611416 0.32246843 -0.102732114 -0.06529307 -0.0041993735 0.12659721 0.17365961 -0.086197406 -0.19861543 0.015400965 -0.037599232 0.0093092425 0.1320365 -0.043444023 0.26159343 -0.10318755 0.31324214 0.23365852 -0.052503154 0.08457889 0.026396317 -0.117045715 -0.030514251 -0.19012807 0.103821464 0.07997367 -0.03923058 0.09805841 0.07475206 0.17228787 0.08520923 -0.060895413 0.0542088 0.11761318 0.080364026 0.22075187 0.042846896 -0.11087078 0.11480066 -0.036562573 0.0126429405 -0.07435073 0.09062493 0.012544025 0.047407825 -0.039771546 0.0016172079 -0.04091296 0.1351201 0.068522185 -0.06498544 -0.1759108 0.02183588 0.05306535 -0.01175642 0.039639432 -0.028232615 0.23012629 -0.11445003 0.23774128 0.259214 0.18094115 -0.23456661 0.10220056 0.015146093 0.070072964 0.0047569955 -0.11415274 0.0458817 -0.1452856 0.13413867 -0.044030838 -0.2629684 -0.009380674 -0.077158324 -0.065382786 0.5695062 -0.19220181 -0.039860826 -0.041344892 0.076201454 0.07379967 0.03358689 0.19527751 -0.10567179 0.03457283 -0.07996956 0.10987439 -0.19199176 0.056271434 -0.16956769 0.1726753 -0.10727116 -0.17493027 -0.1227968 -0.13735493 0.03931696 0.019697871 -0.020750279 0.008952596 -0.14198625 -0.21324332 0.09435789 -0.05399673 0.13366884 0.1917957 0.12851827 0.15276325 -0.011553843 0.0013557159 0.01382521 -0.20194659 -0.046222456 0.18201338 0.12103566 0.23508382 0.16189264 -0.15046333 -0.03433784 -0.0060798647 0.022121446 -0.31564847 -0.067963764 -0.04362866 -0.016842544
NLD 0.008972523 0.12921987 -0.013270898 0.39783412 0.27499798 0.11114875 0.16970137 -0.032804195 0.053791665 0.064310394 -0.01428971 -0.02041867 -0.051248018 -0.08567082 0.18131353 0.266295 -0.06633849 -0.0115945665 -0.25189537 0.23969388 0.09037271 0.067820266 -0.1618067 -0.33419085 -0.4011501 -0.043552265 -0.34759778 0.34772196 -0.0679391 -0.007160049 0.1064569 -0.15461344 0.11882935 0.05358206 -0.14735988 0.28234008 0.2845469 -0.083037116 -0.030034604 -0.10123442 -0.26829228 0.11822935 0.0121150715 -0.07170336 0.032914743 -0.009098832 -0.18734097 0.1189429 -0.11446878 0.01642566 -0.16500661 0.10887483 0.15430912 0.033598524 0.08324725 -0.18506847 0.14002037 -0.15041158 -0.10976419 -0.06452843 -0.16037135 -0.065289825 0.25330693 -0.0121068135 -0.04588036 0.2654051 0.004482065 -0.08473984 -0.052657444 -0.0044761365 0.023215631 -0.023134492 -0.12162106 0.016207226 0.1429465 -0.17251953 0.2737189 -0.02679671 0.011155544 0.47998878 -0.11473513 -0.08150433 0.19333112 0.101215474 0.19656965 -0.06950822 0.11350445 0.10784048 0.3587736 0.04665112 0.032225348 -0.08150784 0.121719636 -0.018255236 0.16594554 -0.026661925 -0.21495001 -0.08867781 -0.34782216 0.09672856 -0.17622727 0.11952072 -0.014820246 -0.14044087 -0.086801805 0.046447787 0.10202842 0.06095536 -0.12450115 0.059469733 0.2994768 0.063760445 0.24194731 -0.2634014 -0.025007462 -0.06741413 0.035860967 0.08929352 -0.0012473533 -0.3663666 -0.12984478 0.008035831 0.0335828 0.2506579 -0.21918738 -0.2716902 -0.09458121 0.20375004
SGP -0.14698091 -0.2504813 -0.05599223 0.10168685 0.21394302 -0.08470744 0.02296558 -0.29921117 0.32601854 0.23831345 0.061561458 0.2962399 0.12958255 -0.15667005 0.19948953 0.3262776 -0.026162533 -0.09558697 -0.21796966 -0.012230075 -0.012636427 0.042431846 -0.08602158 -0.067595765 -0.15632932 0.15191454 -0.15228829 -0.026686251 -0.04185009 -0.03559652 -0.009120185 -0.28669477 0.36537766 -0.041092906 0.0054203 0.4019006 0.29388976 -0.26650777 0.41664052 -0.190124 -0.021704117 0.15114532 -0.24900381 0.07907375 0.061073992 0.22151825 -0.028735258 0.04913137 -0.1253919 0.030661019 0.026804758 0.27884802 0.15317163 0.058986068 -0.028539985 -0.22076678 -0.10162121 0.07870286 0.112133004 -0.06531178 -0.118614785 0.040696394 0.15947841 0.45128113 0.15823987 -0.22413455 0.2587265 -0.02194666 0.108363554 -0.08237223 0.09500935 -0.09305245 -2.4163106e-05 -0.02204928 -0.01953518 0.03855359 -0.052624613 -0.021915566 -0.07559245 0.31865278 -0.07868234 0.06293401 0.08172195 0.3036435 -0.14417556 0.23846947 0.17147225 -0.2366979 0.12236438 -0.0045061447 0.100320265 0.1601551 0.17850108 -0.15177658 0.29370862 -0.017601563 -0.16752973 -0.34411755 -0.20560116 -0.071335495 0.22279583 0.27989843 0.12023364 0.03509257 0.0120148845 0.01518044 0.025793418 0.1698572 0.4034455 -0.1294234 -0.00093123876 0.21321926 -0.049007893 0.14721651 -0.022868369 -0.09108276 -0.15449527 -0.0006070784 -0.1796096 0.25764617 -0.104065254 0.00074443716 0.10944352 -0.07806367 -0.099091664 -0.012426426 0.18391332 -0.20936675
AZE -0.045755178 -0.022420166 0.1278563 0.09886946 0.10129495 0.061186414 -0.04799307 -0.07821526 -0.050920054 0.23148268 -0.2246705 -0.18914664 -0.21722758 -0.0020769844 -0.016741926 0.30507258 -0.22627681 -0.019375738 0.21577182 0.190992 0.14475991 0.2546698 -0.18205835 -0.23945454 -0.13714056 -0.10214149 -0.24601887 0.1697321 0.07635242 -0.16356146 0.016268544 -0.3071687 -0.13911043 0.1392239 0.2435824 -0.09397541 0.24099739 0.0845126 0.109146856 0.076560356 -0.3019009 -0.0040252423 -0.24461022 0.11534114 0.1120463 0.06358878 -0.068681076 0.09461761 -0.11003852 -0.0021108994 -0.1541217 0.33014232 0.009649118 -0.08271394 -0.02928772 0.041897472 0.45390546 0.08533036 -0.23014566 -0.16739881 -0.044429734 -0.20980644 0.44070095 0.11193214 0.23837693 0.12701757 0.12930347 0.25222856 0.031486727 -0.13408683 -0.20027871 0.031498007 -0.30162355 0.07907647 -0.20703152 -0.24991477 -0.07903402 -0.0779655 -0.18504553 0.21888547 -0.32685357 -0.06844824 0.071921974 0.3289131 0.25736052 0.08908389 -0.087576255 0.0040273825 0.035749126 0.061773084 0.16447198 -0.3022005 -0.09841558 -0.05334613 0.28409407 -0.014609626 -0.06253944 0.09033084 -0.004466494 0.18042699 -0.16108795 0.04658514 -0.13998796 -0.074907295 0.12355338 0.051733803 0.055728503 0.07584832 0.022413054 -0.34116638 0.18750776 -0.08232731 -0.0726492 0.04751546 0.1037184 0.27186608 0.11068021 0.11998191 0.20762101 -0.04666015 -0.17158104 0.27337688 0.1401838 0.028963698 -0.21213485 -0.2727561 -0.15022515 0.16822897
DZA -0.009836809 -0.1201494 0.26622075 0.15133837 0.2541796 -0.1160423 -0.22323263 0.17582849 0.11779589 0.13914527 0.16157989 0.07809761 0.030943457 0.053199697 0.20147316 0.27084598 -0.21908914 0.24713764 -0.05285528 0.21270941 0.09774926 0.020015862 0.16191491 -0.122381076 -0.30538857 0.21064723 -0.10626451 0.043440577 0.18306911 0.03374947 -0.16291964 -0.035473898 -0.006962395 -0.05751969 -0.054632604 -0.04076762 0.14167629 0.037949674 0.17877899 -0.01058967 -0.06850955 0.2656843 0.05713233 0.15763754 0.022785587 0.26679006 0.012004227 0.04871664 0.016012453 0.008241979 -0.07683323 -0.0024791386 0.14357989 -0.020473123 0.03403637 0.25198734 0.021393636 0.20929714 0.033649534 -0.0888729 0.22845298 0.09136295 0.14174126 0.27029946 0.38224968 -0.29958236 -0.016413687 -0.003388433 0.15225169 0.008697425 -0.048958477 -0.09412313 -0.32768124 -0.13026395 0.08452639 -0.16561927 -0.06989078 0.04882373 -0.10766294 0.4780204 -0.012122494 -0.22182746 -0.0005552746 0.20803082 0.14585944 -0.051973302 0.06034434 -0.13916926 -0.08153774 -0.04349196 0.12934783 -0.120178156 0.20046456 -0.10537527 0.1836811 -0.10895485 -0.13612702 -0.20919342 0.120068 -0.14890666 -0.23981467 -0.05508303 -0.15819116 -0.03938438 -0.19790077 0.11332248 -0.13194887 0.07861825 0.14630039 0.035761874 0.0563337 -0.22692056 -0.001730828 0.16735967 -0.27671733 0.04431947 0.052223895 0.011187075 0.3906749 0.12441948 -0.13263236 -0.08890011 -0.04812255 -0.0030081854 -0.34943497 -0.077677175 0.013039946 -0.29024193
DEU 0.01090146 0.1105831 0.10671122 0.35260874 0.13794357 -0.004467094 -0.19804873 0.13849084 -0.14459296 0.066616334 0.06955548 0.26029 0.040368572 -0.1964334 0.34898594 0.27491885 -0.11987388 0.30659467 -0.014063991 0.13757765 -0.09154147 0.392521 -0.17813443 -0.28561094 -0.1838312 0.1211521 -0.29667324 0.16299012 -0.109431885 0.058246788 -0.16115148 -0.06962632 -0.032580733 -0.14046068 -0.18000662 0.09842492 0.3734586 -0.12772366 0.061561722 -0.021885512 -0.10367344 0.20582575 0.21907361 0.0399663 -0.023892278 0.11768133 -0.12381325 0.09501367 -0.044594225 0.11038379 0.0032819577 0.09841997 0.1473081 -0.04991993 0.003454383 -0.024008613 0.04827058 0.052010622 -0.022867955 -0.0016175635 0.06170929 0.018779686 -0.008191521 -0.07884918 0.24008021 0.1441239 0.0222556 0.008414451 0.05617587 -0.15335533 -0.09413227 -0.19000101 -0.2328283 -0.17948152 0.043021582 -0.16190061 0.12759572 0.107916266 -0.08682927 0.23381418 -0.19253898 -0.15268339 0.19127522 0.166677 0.009324221 0.12793338 0.13873205 0.16524422 0.15074962 0.078802794 -0.07175358 0.05744118 0.03426304 -0.06290586 -0.04201451 -0.05232762 0.09471986 -0.14199315 0.052127432 -0.065736026 -0.46962452 -0.0066011418 -0.096581526 0.17125612 0.030608173 0.114084914 0.11565343 -0.08495579 0.1368168 -0.07421361 0.18609935 -0.04678976 0.10143129 0.029619524 -0.10708481 0.012964016 -0.20340127 -0.17962855 0.21179497 -0.13539015 -0.2186209 0.12955794 -0.07320083 0.14296858 -0.120674044 -0.30171338 -0.11912562 0.017231192
AUS -0.022832353 -0.15191649 0.06063189 0.14619333 0.04217489 0.05887356 -0.23391956 -0.1429162 0.014622428 0.13913971 -0.1400814 0.09287974 0.09781213 -0.30296084 0.17121546 0.42974076 0.023196299 0.36986837 0.033010613 -0.05273069 0.02498942 0.42101955 -0.028383313 -0.2008242 -0.049406014 0.11060826 -0.065159395 -0.057048168 -0.22005206 0.05375312 0.08274965 -0.0458766 0.32350087 0.0049012303 -0.2983299 0.32246816 0.43550026 -0.11519466 0.23195262 -0.13640508 0.14866589 -0.022018716 -0.09731376 0.07839028 0.046500623 0.41023347 0.09292713 -0.078713275 -0.16266178 -0.097054586 -0.0009469772 0.30416763 0.22130227 0.08208014 -0.014089196 -0.15268369 0.106576994 0.16855703 0.056424282 -0.1809722 -0.12551102 -0.01391527 0.07431443 0.22569457 0.2924369 0.09021134 0.00030851597 -0.19749738 -0.14799382 -0.20753798 0.06120767 -0.092685275 -0.09231782 0.15633209 -0.02622778 -0.09067505 -0.18251105 0.1451553 -0.11486963 0.05375268 -0.2555746 0.040557805 0.0722773 0.23484787 -0.063748084 0.4227639 0.086377546 -0.15253995 0.10284229 0.08917311 -0.10654772 0.21698067 0.1597085 0.12065739 0.23388854 0.068548776 0.008253313 -0.26963577 -0.006357612 -0.17310129 0.016702577 0.23247154 0.17940459 0.15082398 0.093465686 -0.00579578 -0.2458213 -0.022738429 0.19454293 0.01959013 0.13850781 0.032821275 -0.027250955 0.32019567 0.010960977 -0.14219253 -0.22112003 -0.04198687 0.0917434 0.07619498 0.049916994 0.040386334 0.11723446 -0.15031171 -0.2387778 -0.045699447 -0.00034145275 0.259357
IRQ 0.11910841 -0.0038210026 0.2027777 0.05619724 0.20085865 -0.30836922 -0.09449825 -0.08560967 0.049009155 0.15468687 -0.054446813 -0.104682244 -0.017294267 -0.10519776 0.2287525 0.12185564 -0.07424039 0.15437838 -0.018491616 0.28735572 0.247208 0.15123303 0.046504915 0.16117622 0.077555425 0.12566401 -0.098577745 0.18934461 0.100927286 -0.17329153 -0.09764805 -0.09653716 0.08515837 0.04929215 -0.10277747 0.10824417 0.1396597 0.009926784 0.2186909 -0.03317621 -0.20866087 0.16371433 -0.20554635 0.08526696 0.07517271 0.07507968 0.02207476 0.019132815 0.042895786 0.256145 -0.0142118195 0.050432265 0.015559326 0.16006619 -0.1393174 0.003275529 0.032585107 0.08705943 -0.026451308 0.09817334 0.22657411 -0.017417895 0.2619785 0.1320796 0.1779054 -0.24810739 0.36305368 -0.019947147 0.14667445 -0.01753744 -0.20636007 0.011957206 -0.16917065 0.06626223 -0.09867403 -0.17597328 0.08153289 -0.101707436 -0.13869613 0.38893595 -0.10615051 -0.19235663 0.020920273 0.4119283 0.043767687 0.28632227 0.1979148 -0.25220516 0.11984439 -0.07118364 -0.11473879 -0.078553006 0.061039887 -0.12894294 0.2434477 -0.061445516 -0.017893564 -0.22920853 -0.12561211 -0.006717377 -0.046088796 -0.094427116 0.15876822 0.13297077 -0.08808342 -0.054245196 -0.025998376 -0.06254567 0.0695619 -0.12242159 0.07654614 -0.1529473 -0.095527016 -0.0006519636 -0.1493171 -0.1918304 0.062240567 0.05640425 0.082279555 0.07013715 -0.064352825 0.086156905 -0.10038183 0.019202309 -0.264288 -0.1946869 -0.1117968 0.008364151
LBN 0.22614002 -0.099092215 0.30575576 0.26850483 0.32735327 -0.27892467 0.01762836 -0.2066052 0.057568334 0.2722862 -0.10049393 -0.010400915 0.07850142 -0.13889241 0.11855742 0.16022174 0.033941895 0.4208542 -0.3087282 0.46700695 0.3080541 0.04964792 -0.03164882 0.013058404 -0.116063975 -0.019088387 -0.20053923 0.30778033 0.21736257 0.052075136 0.03838107 0.14234518 0.21930195 0.21705346 -0.08245639 0.20949064 0.090931445 0.24972984 0.048242483 -0.008808121 -0.16415091 0.05903376 -0.27418274 0.07539611 -0.04416523 0.060450196 -0.06827689 -0.03617446 -0.17949031 0.20513755 0.008302945 0.076110624 0.1154457 0.1750202 -0.03714176 0.040513694 -0.03117535 -0.09551009 0.13259894 -0.0023399964 0.15917812 0.16826579 0.45707688 0.11672337 -0.03382296 -0.2538498 0.21333843 -0.0500807 0.0950905 -0.013341083 -0.25393784 0.05925762 -0.07408019 0.11593924 -0.076191805 -0.041525465 0.20141865 -0.11928807 -0.0898282 0.47905156 -0.025031798 -0.058124993 -0.00400655 0.25855914 0.21030144 0.08890397 0.29165545 -0.16667183 0.14961939 -0.050473906 -0.0625736 -0.06757055 0.09828639 -0.11793007 0.37308055 0.07980241 -0.009519462 -0.2969746 -0.36141023 0.050883524 0.092359185 -0.13758117 0.17784074 -0.039372962 -0.069732554 0.061661847 0.036625534 0.009939191 -0.08974164 0.1533197 0.18851952 -0.04801643 0.071397774 -0.047908243 -0.23804916 -0.25349802 0.06634529 0.22692889 -0.09343339 0.04278977 0.07091456 -0.01607451 -0.06016983 0.085628405 -0.31723645 -0.11006054 -0.11426055 0.14264697
IND 0.0017069499 -0.07213699 0.32294628 0.116785794 0.31514844 -0.39119533 -0.09077528 -0.38690498 0.06191674 0.30622697 0.023282345 0.005530039 -0.060762152 -0.09625159 0.10909608 0.1582091 -0.031159936 0.08355258 -0.19444151 0.44827718 0.17763555 0.07409276 -0.10335505 0.006066543 -0.06865146 0.14501727 -0.34774718 0.09571912 0.06456142 -0.10885454 -0.11121556 0.056335017 0.06517847 0.22356075 0.12445202 0.17101483 0.07471287 -0.05843221 0.103427574 0.066785716 -0.3361634 0.10145059 -0.21300545 0.1378495 -0.026863864 0.112874225 -0.045421585 -0.059665337 -0.11357592 0.36482424 0.21450041 -0.028887335 -0.023093773 0.123104535 -0.086513884 -0.024912719 -0.033130884 -0.0022650189 0.0023551343 0.109451875 0.13615184 0.18907064 0.3618856 0.085727416 -0.023116894 -0.19119306 0.45725486 0.00808041 0.24753426 -0.03347111 -0.22639297 0.1418784 -0.13675632 -0.011747455 0.08394047 -0.17797968 0.14558432 -0.24340111 -0.24690652 0.29701802 -0.04197136 -0.2502493 0.12273239 0.50044185 0.11121043 0.16520438 0.08011895 -0.1935632 0.13652797 -0.13946222 0.040191174 0.020119706 -0.027845895 -0.30161014 0.46637392 0.05202658 -0.0013323697 -0.29290232 -0.32577297 0.08162449 0.09320101 -0.085033834 0.16512126 0.23161225 -0.016372273 -0.20538265 0.16519243 0.17511722 -0.0320263 -0.09964884 -0.03824455 -0.08770044 0.08853746 0.06576833 -0.32573795 -0.22615509 -0.05140441 0.3259033 -0.044806518 0.009826008 0.0423096 0.16207893 -0.07489408 0.14981206 -0.27211797 -0.021619083 -0.010116553 0.060681805
NOR 0.32839224 0.030156933 0.11031824 0.12897646 0.16044343 -0.04281987 0.081027254 0.12453652 -0.02094784 0.09993911 0.011066014 0.14739743 -0.006729876 0.067014106 0.336007 0.33093968 -0.075268276 0.12799554 -0.07435041 0.18116687 0.26909685 0.239988 -0.094543576 -0.22739786 -0.32900208 -0.10111228 -0.17128108 0.30510566 0.19672099 -0.010895599 -0.017610108 -0.21950008 0.01673065 0.10918521 -0.1464912 0.2645822 0.20608076 0.18620864 -0.048714887 -0.022514686 -0.17043245 0.18876266 -0.10819048 0.03770374 0.030321669 0.06553555 -0.17520772 0.049847472 -0.14066096 0.08041584 -0.35133716 0.25483674 0.22431982 0.11112722 0.22584847 0.11130578 0.20301637 0.08023075 -0.060181543 -0.19370048 -0.004488761 0.03796395 0.30913222 -0.006325155 0.14516278 -0.05840341 -0.05280515 -0.04549334 -0.017755717 0.05281059 -0.13633333 -0.080712296 -0.28478572 0.019112287 -0.07445537 -0.051218733 0.017920157 0.0647881 -0.138753 0.46820492 -0.088852376 -0.16785096 0.13990256 0.34881935 0.29008615 0.07912934 0.07924316 -0.12303333 0.18810634 0.13158341 -0.15920597 -0.23365588 0.20593284 0.15152936 0.2093042 0.035386678 -0.047445722 -0.11512732 -0.026280733 -0.04107976 -0.15514843 -0.036398076 -0.068220176 -0.17666396 -0.10599878 0.14645804 -0.0893204 -0.036311712 -0.16988836 0.038299885 0.28048345 -0.13716897 0.10935768 -0.22378957 0.049388375 -0.054673653 -0.04991723 -0.05093336 0.09862038 -0.14131081 -0.04456611 -0.053176712 -0.1070621 0.039714884 -0.18761262 -0.2659222 -0.11605169 0.12186051
VEN -0.1177992 -0.10895616 -0.16842581 0.25328344 0.23851982 0.076138385 0.21946652 0.12349686 -0.010171377 0.3830079 0.1263797 0.11451155 0.12097265 0.1673671 0.22840506 0.27249584 0.087305896 0.013126422 -0.0857515 0.06307061 0.1450087 0.032582268 0.12921245 -0.33229184 -0.077666976 0.03629143 -0.23808879 0.042282987 -0.15111758 -0.10419688 -0.02877071 -0.20279625 0.28531635 0.18604787 -0.025982253 0.18672593 0.16245691 -0.38143685 -0.12002478 -0.039684985 -0.113945216 0.22770734 -0.101847626 0.02447464 -0.06482912 0.08054353 -0.10981817 0.36542797 -0.036272936 -0.03405372 0.021107566 0.22022623 0.10637981 -0.25615585 -0.021599015 -0.096305326 0.0114777405 0.025521297 0.17905822 0.10829591 -0.10835913 -0.11291585 0.11887557 -0.1290148 0.20629388 -0.14538862 0.028093683 0.052294258 0.092544675 -0.503887 -0.13266356 -0.3652235 0.0997922 -0.19805485 0.0035628076 -0.24164198 0.13759963 0.0046633617 -0.4003952 0.13118985 -0.33217654 0.12610935 -0.039260264 0.051674742 -0.045704253 -0.016347462 0.5791105 0.015214671 0.43437424 -0.02685634 -0.08791564 -0.22642492 0.0851635 -0.06921785 0.09509629 -0.13518976 -0.17791124 -0.22448981 -0.09211872 -0.0061502643 -0.11003132 8.194009e-06 0.21645418 -0.006547429 -0.13746841 0.07911478 -0.24210212 0.22944087 0.120627694 0.23426716 0.28693497 0.030441158 0.16315043 -0.22358988 -0.3307432 0.2509886 0.15103404 -0.113745384 0.15900038 -0.035569232 -0.35723442 -0.1337522 -0.10501757 0.020637304 -0.22167568 0.025358826 -0.2747159 0.09146432
BRA -0.09963416 -0.0632848 0.21881445 0.30223495 0.13815673 0.0075189956 -0.23454478 0.0163745 0.08822543 0.007594371 0.17185542 0.0018161417 0.068992995 -0.13728847 0.19610162 0.21209429 -0.037903495 0.26326945 -0.06782605 0.19896352 -0.024309812 0.127788 0.21434021 -0.12851374 -0.23312718 0.11823893 -0.117189385 -0.28043893 -0.06317464 -0.09250652 -0.05352128 0.041045573 -0.060984734 -0.1979943 -0.21060885 -0.025244875 0.30898595 -0.20352344 -0.0015643832 -0.08611676 0.015803639 0.17487635 0.09197418 0.1588768 0.0028394612 0.31758127 -0.008000378 -0.001696743 -0.14225872 0.05677968 0.078452036 -0.03229238 0.1596608 -0.062479306 -0.1401225 0.14684606 0.11289694 0.23653862 0.05424089 -0.07915887 0.10711976 -0.014543682 0.05426694 0.2069095 0.33054656 -0.26530296 -0.088508196 0.053002924 0.0063582696 -0.073227085 -0.01563215 -0.16258913 -0.24089167 -0.1337593 0.11798297 -0.15758955 -0.0061276746 0.013129287 -0.034489315 0.3563609 -0.061047837 -0.114677355 -0.033452652 0.13499758 5.1208393e-05 0.0065486007 0.10557473 -0.041802745 0.06524503 0.0030561322 0.08049288 -0.0780329 0.1770326 -0.16603567 0.0827518 -0.100906916 -0.014573357 -0.15619156 0.022746176 -0.059624787 -0.29659122 -0.010314008 -0.033138406 0.055980515 -0.13228287 0.04428671 -0.15803194 0.23143178 0.233753 -0.09551223 0.09798229 -0.24718106 0.05485647 0.2188629 -0.208935 -0.025459297 0.15248351 0.057590652 0.4682501 -0.010632037 -0.17162162 -0.16129473 -0.036251508 -0.11518139 -0.27451926 0.16854903 -0.06364647 -0.14911172
QAT 0.00512953 -0.13005534 0.015940666 -0.042613655 0.2262914 -0.08156835 0.024457227 -0.17117704 0.19668141 0.109965205 0.079104915 0.17288539 -0.099836275 -0.17186245 0.2752034 0.18716991 -0.049503345 -0.10448922 -0.10245064 0.15095894 -0.17679052 0.07979413 -0.13246569 0.01663885 -0.16373543 0.16188513 -0.09568151 -0.015614392 -0.034905784 -0.051656246 -0.23370379 -0.24708056 -0.012325423 -0.16472904 0.0064451885 0.29669333 0.17768085 -0.1780116 0.24609677 -0.1635929 -0.14591405 0.27706048 -0.25128174 0.19941324 0.1652223 0.05940482 -0.18912624 0.07874318 -0.02437289 0.18151107 -0.022233173 -0.00028208885 0.132448 0.18504389 0.0330699 -0.13878457 -0.022901997 0.23133066 -0.034046844 0.04336597 -0.17172329 0.1148514 0.24471481 0.38714945 0.17329253 -0.31580427 0.21590187 0.027878629 0.10226975 -0.10483543 -0.040917497 -0.07356199 -0.12910368 -0.251015 -0.11295177 -0.1167804 -0.0072688907 -0.17069818 -0.02251879 0.44454885 0.082171105 -0.22273599 0.026848847 0.4159998 0.11751017 0.115806885 0.19838281 -0.11090363 0.02702616 -0.053824637 0.03993176 0.05097712 0.047045697 -0.105706066 0.3462751 0.1226297 -0.016718263 -0.14340627 -0.18350558 -0.124722034 0.084192626 0.06331019 -0.033151742 0.09076704 0.13053821 -0.02026966 0.09787465 0.16716085 0.16627741 -0.30941814 0.055294268 0.01633805 -0.03054906 0.057277475 -0.018442273 -0.11705154 0.003664716 -0.0447932 -0.050615266 0.24859549 -0.015114693 -0.0401673 0.065866984 -0.034924153 -0.08248594 -0.13568354 0.2641401 -0.18760957
LBY 0.116499774 -0.0005299448 0.18097746 0.05808494 0.16461599 0.039240785 -0.14883122 0.28324306 -0.17010844 0.120577455 0.050329853 0.12612984 -0.0743256 0.06236352 0.2544784 0.36423963 -0.16500953 0.2501327 0.22488144 0.08415241 0.078825496 0.2809965 -0.15983883 -0.28441876 -0.28990492 0.008960239 -0.16671474 0.16112763 0.019078545 0.089226 -0.15706864 -0.14154133 -0.10641795 -0.10617578 -0.029956972 0.006437734 0.25849086 0.054639224 0.058754176 0.057674978 -0.083397016 0.16656685 0.17137063 0.15806398 -0.05656859 0.17569178 -0.21049616 0.02559438 0.015712954 -0.066902034 -0.18988787 0.26152351 0.23334664 -0.0818848 0.2141536 0.07075792 0.24451691 0.13149318 -0.0043129474 -0.12666015 -0.008906221 0.01365838 0.09034152 0.02002769 0.3778296 -0.001028932 -0.050364673 -0.01407983 0.03598802 -0.11345539 -0.10229041 -0.061994147 -0.34557122 -0.14301181 0.035969734 -0.2661344 -0.21874996 0.07161515 -0.19739582 0.3564711 -0.1823502 -0.23998868 0.14783472 0.30132395 0.29765755 0.20679894 0.12589116 -0.02114118 0.06952913 0.07692916 -0.024936754 -0.047592375 0.17391595 0.12895516 0.09499769 0.10802208 -0.03963136 -0.04873259 0.099261984 -0.1283353 -0.34466657 0.03778768 -0.1950779 -0.085142024 0.056657244 0.18775408 -0.049987856 0.0018675074 -0.00025092394 0.04126657 0.23756161 -0.14227383 0.10540619 -0.011322416 -0.058516107 0.24707961 -0.118349284 0.032287177 0.2608244 -0.061826486 -0.112284504 0.15769735 0.018711202 4.8796122e-05 -0.24395187 -0.34377426 0.07381089 0.05397022
KWT 0.13067088 -0.09619956 0.22634761 -0.058968447 0.29364738 -0.20199358 0.010551675 -0.078841336 -0.07986569 0.17404278 0.048201308 0.07449969 -0.14671385 0.10969399 0.33706537 0.17196667 -0.15270875 -0.097967595 0.029046109 0.13014257 0.07680419 0.16774212 -0.22083564 0.08587563 0.1365447 0.060712837 -0.085425906 0.11436189 0.08436362 -0.12706919 -0.19784637 -0.052720383 0.09617743 0.12002985 0.14536825 0.19846049 0.24406928 0.0096238665 0.16317508 0.06933439 -0.118594244 0.15420096 -0.1404903 0.30529478 0.0440722 0.054319266 0.09933546 0.07342501 -0.029914005 0.1300986 -0.054686747 0.21093084 0.029501338 -0.026929347 0.13412759 0.17691721 -0.035174288 0.20283023 0.014135075 0.03477007 -0.007151121 0.12510467 0.26259214 0.22233938 0.19820736 -0.21381481 0.39972648 -0.09164922 0.17345291 -0.104053035 -0.21352324 -0.07098196 -0.22935997 -0.082615584 -0.03358598 -0.14157376 -0.044869848 -0.3284944 -0.16262893 0.25918522 -0.12462114 -0.26317722 0.051311262 0.39172795 -0.065272376 0.14839381 0.15617809 -0.15938643 0.13995841 -0.0945271 0.06398906 -0.14453486 0.081829876 -0.10067341 0.33330548 0.16072261 -0.06064803 -0.13747819 -0.1883078 -0.055782434 -0.016518706 0.08435075 0.085545264 0.077310205 -0.040880725 0.1081318 -0.049766216 0.1156951 -0.07183668 0.034956075 0.14199938 -0.10175298 0.037239194 0.08779512 -0.13804713 -0.07104169 -0.06703773 0.06660342 0.06868273 0.20427585 0.03108059 0.06165723 -0.17912205 0.037534572 -0.2833851 -0.03307705 0.11807187 0.016775459
ECU -0.07738372 -0.011237668 -0.047821786 0.26827204 0.25574157 0.03254282 0.11776597 0.013208266 0.017149918 0.12720296 0.04003269 -0.08851159 0.08186604 0.02294574 0.19096199 0.06890219 0.15010826 0.25927237 -0.202612 0.26602376 -0.028850421 0.07455545 0.10400635 -0.01634586 -0.028448844 -0.08268898 -0.2032787 -0.25262636 -0.1862141 -0.09733106 -0.008820126 0.086377494 0.12427015 0.0005002248 -0.20208724 0.14464024 0.15533121 -0.25897124 -0.03698891 -0.047368508 -0.034395587 0.2862478 0.018180415 0.08653314 -0.15596063 0.1027792 -0.14689198 0.24972975 -0.040628534 0.018659338 0.07452694 0.11269709 0.085519716 -0.09204537 -0.14861616 -0.0622421 0.0027451909 0.14436942 0.18800667 0.11728314 -0.02984155 -0.13977401 0.14177077 0.1506653 0.27812406 -0.2906415 -0.045411177 0.052157562 0.07041676 -0.42408726 -0.17957766 -0.19676809 -0.04175306 -0.15261474 0.027677644 -0.34293714 0.14011008 -0.14018342 -0.22178043 0.411085 -0.13019815 -0.064654544 -0.04097872 0.065403044 -0.032372367 0.004767859 0.54336816 0.05716509 0.20239526 -0.057876326 -0.012308465 -0.14193614 0.0022693975 -0.14082228 0.19870709 -0.08500888 -0.08178165 -0.08067031 -0.103460655 -0.08278798 -0.053934377 -0.0019279362 0.08200651 0.06803658 -0.18135096 0.1068561 -0.22047414 0.3348531 0.2035178 0.18808185 0.3286681 -0.028584437 0.09076364 -0.02722159 -0.39788085 0.051450416 0.30687502 -0.094027564 0.37103498 0.13735372 -0.26161024 -0.18717913 -0.06541751 -0.016496746 -0.19197556 0.09161152 -0.13828777 0.09762975
ISR -0.061093163 -0.03556374 0.103029266 0.12804762 0.259873 0.05910555 -0.020794565 -0.21946914 0.021022394 0.22382195 -0.16591153 -0.13544147 -0.18564978 -0.005163339 -0.06713009 0.19745284 -0.23772006 -0.120958306 -0.011286631 0.22280829 0.099149875 -0.046251375 -0.22469729 -0.18815096 -0.22509907 -0.07748772 -0.17660248 0.15581684 0.14170898 -0.024236264 0.19838661 -0.10687932 0.023022767 0.23372549 0.21493149 0.07135915 0.12667307 0.28356802 0.21018273 -0.018200314 -0.11192868 0.18662216 -0.36113262 0.05203246 0.08457489 0.06378607 0.10907149 0.114412524 -0.22516042 -0.0915027 -0.14929481 0.29847583 -0.022834172 -0.15495692 -0.099954456 0.1353722 0.1621 0.105355844 -0.23392555 -0.2774786 0.096069954 -0.15614669 0.5610049 0.33923253 0.11475334 0.10576468 0.03352581 0.11306422 0.16082908 -0.0059952294 -0.20048025 -0.038445693 -0.1951766 0.07937447 -0.20064107 -0.11737616 -0.042906035 -0.056375366 -0.06499253 0.42225093 -0.2773126 0.0635833 0.025129456 0.14475988 0.14485765 -0.20955078 -0.20036139 0.0014515743 -0.17227046 0.13862568 0.25994685 -0.31160614 -0.11297685 -0.10469419 0.37718186 -0.07050262 -0.15878397 -0.024663493 -0.068016075 0.10682899 0.0067525078 0.12631363 -0.29412195 -0.24787064 -0.028203998 0.19326621 0.0031689794 0.069677204 0.14904284 -0.20085447 0.19721125 -0.003088588 -0.02615153 0.039435815 0.110484816 -0.041382562 0.07773651 -0.00846089 0.14047492 0.12731633 -0.13342416 0.021384541 0.15624163 0.024098659 -0.22140123 -0.09185976 -0.17917979 0.043288182
GAB 0.17431834 0.11733689 0.21451989 0.22833414 0.18783437 -0.19578852 -0.0042379308 -0.14584707 -0.0010927012 0.028033732 -0.26683816 -0.05981644 0.059281636 -0.21815902 0.0032993574 0.07193903 0.047430355 0.45660174 -0.096835695 0.2748213 0.052865982 0.37338573 -0.13773559 -0.07635353 0.008361361 -0.07776893 -0.24952704 0.34992346 -0.111910574 0.20204017 -0.063650094 -0.055227995 0.13661416 -0.026061434 -0.2738718 0.32364404 0.30149466 0.1938168 0.15096027 -0.12535068 -0.1521477 0.048294686 -0.09910793 0.012168909 -0.040909026 0.07025336 -0.07521805 -0.06144796 -0.09787594 0.18845262 0.015194645 0.22014916 0.066468574 0.18622029 -0.07270394 -0.030623348 -0.010241435 -0.03239919 -0.06638412 -0.04505943 -0.054999303 0.14956485 0.18256584 0.038461454 0.19860825 -0.018202603 0.14470917 -0.091524586 -0.05970047 -0.017733932 -0.24235694 -0.022818403 -0.25890446 0.025849555 -0.23792854 -0.15920302 0.23071095 -0.23157732 0.06289877 0.43434945 -0.19000283 0.0024988726 0.09766331 0.17210332 0.08039467 0.16357277 0.06803735 -0.11504558 0.06991017 -0.08304684 -0.08222257 0.04654423 -0.05702194 0.029822182 0.3566035 0.16609389 0.06926869 -0.21099006 -0.3425856 0.001660145 -0.24368723 0.0019790218 0.043988395 0.19493248 0.09502453 0.21858467 0.084027424 -0.17367905 -0.110462815 0.0110852085 0.23393436 0.07282112 -0.09197684 0.19178015 0.0049483357 -0.21717231 0.010687859 -0.012883539 0.08168535 -0.036684133 -0.02367278 0.17927805 -0.10645083 -0.023745319 -0.19929014 -0.372779 0.04308558 0.26366094
AGO 0.026819065 -0.08632836 -0.15102257 0.16411476 0.19355217 0.07697405 -0.048455372 -0.24002776 -0.21716098 0.03563557 0.20652267 0.03962035 -0.027697772 -0.23737855 0.17121845 -0.002028355 -0.0014435636 0.13393143 -0.25327167 0.17944758 -0.024548976 0.19050162 -0.10406297 -0.073980555 -0.103014626 -0.0785204 -0.19340122 -0.25703332 -0.3192434 -0.026191609 0.028407456 0.20342515 0.056454886 0.04943647 -0.11210851 0.15380988 0.33271557 -0.24261865 0.06477073 -0.0006299023 0.19077528 0.16867857 -0.090994254 0.1488043 -0.045217726 0.11146091 0.09527628 0.107836686 -0.32567543 -0.015569092 0.1347255 0.24306364 0.08205264 -0.11710362 -0.06465506 -0.039028414 0.12051866 0.12452926 -0.038282946 0.12984452 -0.11684873 -0.15483032 0.1806856 0.32624197 0.040219754 0.05558626 0.09724086 0.07283688 -0.048297234 -0.28507838 -0.2156366 -0.1586587 0.020619983 0.049541295 0.035196155 -0.16553648 -0.029303152 -0.12020505 0.0662544 0.1196991 -0.03134385 -0.08410792 0.051403545 0.16330008 -0.20846307 0.20001647 0.22484075 0.09207359 0.039283372 0.1621119 -0.011084936 0.08663493 -0.051606555 -0.193701 0.20444706 -0.07646719 0.009381453 -0.11465245 -0.13920596 -0.10498403 -0.06690696 0.041948333 -0.018276574 0.2800284 0.07531365 -0.06243461 -0.23286615 0.14427674 0.23314926 -0.06020926 0.26381218 -0.10206347 0.0013501027 0.22146013 -0.25543076 -0.1579742 0.006587001 -0.088862725 0.29129773 0.07498249 -0.15284215 -0.031751126 0.033796776 0.06489334 -0.12261689 0.17326261 -0.19924782 0.28582823
MYS 0.059320886 -0.15839441 -0.03548131 -0.020749656 0.112116426 0.06523313 -0.18143412 -0.1421492 0.11982879 0.17714596 -0.0008900992 0.17863898 -0.056226745 -0.3110305 0.28198478 0.35243842 -0.051692046 0.14462894 -0.029089473 0.021144453 0.09118044 0.11405681 -0.05846609 -0.068386555 -0.15749638 0.24799263 -0.07293165 -0.038172733 -0.05564748 -0.0531351 -0.042201307 -0.20259826 0.14772825 -0.055775132 -0.18549292 0.3030612 0.32472354 -0.24423064 0.2031511 -0.098012395 -0.022295946 0.05417914 -0.19746982 0.13623615 0.1670356 0.28456518 0.0055765333 -0.078424364 -0.1688893 0.055141393 0.021575889 0.13865262 0.20661208 0.18372296 -0.009680092 -0.21321592 0.07621615 0.08964782 -0.052289873 -0.089847416 -0.16633931 -0.0033673139 0.14171037 0.35055336 0.23411068 -0.04893099 0.16544719 -0.15495169 -0.10605309 -0.17752501 -0.020195995 -0.10616931 -0.09631268 0.06797886 -0.04264225 -0.040565036 -0.20394775 0.13171105 -0.07243775 0.17887987 -0.029122196 -0.12438817 0.07093822 0.37523642 0.052424587 0.30007687 0.12864584 -0.18764424 0.17756353 0.056622606 -0.1712322 0.16114223 0.12226382 0.014337348 0.26116347 0.03945891 0.029133094 -0.30545598 -0.11401214 -0.16392319 0.089256376 0.04923545 0.18111886 0.07203616 0.12177528 -0.10932024 -0.128359 0.042116605 0.19045946 -0.25051495 0.06789092 -0.06548993 0.00046590454 0.16412197 0.13595349 -0.14970464 -0.22560894 -0.0419748 -0.065464415 0.07017355 0.17929946 0.03527116 0.13640387 -0.0017679835 -0.20527035 -0.15109932 -0.026425824 -0.003979789
THA 0.19748324 -0.30031824 -0.101881735 -0.2909947 0.24006647 0.0458796 0.011224502 -0.08020201 0.14429468 0.19615555 -0.07100955 0.0113928225 -0.15939464 -0.20617916 0.111002244 0.28841892 -0.052444622 -0.0059107738 0.016421944 0.13282011 -0.2304375 -0.095709436 0.1314674 0.041884407 -0.21808085 0.31982026 -0.02778956 -0.017143156 -0.06012253 0.21069537 -0.14328237 0.036830213 0.11116069 -0.21167561 0.091971055 0.18032633 0.14518103 -0.16861583 0.22608598 -0.21480706 -0.05490789 0.3121235 -0.24140155 0.17425255 0.09451588 0.24251309 -0.21660984 0.07047229 0.016041752 0.006432475 0.25405133 -0.18529859 0.09620167 0.046585985 -0.15564929 -0.28820896 0.18851289 0.36019465 -0.0064692274 -0.18937875 -0.2824348 -0.17827101 0.18611363 0.360968 0.16619326 -0.32078022 0.013736774 -0.08146148 0.13281912 -0.26542908 -0.060612757 -0.1861474 0.016985351 -0.30663177 -0.22811304 -0.25691378 -0.15721788 0.053879466 -0.2513162 0.2505869 0.06255447 -0.25764233 -0.02480751 0.30195263 0.19359809 -0.022997333 0.33307138 -0.08775267 0.06230029 0.04625514 -0.06392477 0.11640572 -0.024761388 -0.22470148 0.52915573 0.0068618427 0.0075271246 -0.24078058 -0.15465806 -0.3260166 0.23458034 0.14243932 -0.072909236 0.15161794 0.40834525 -0.20832068 0.04924623 0.29182586 0.21260002 -0.12193935 0.05524578 0.004580133 -0.09729098 0.0232048 -0.080033116 -0.059979606 0.0722018 -0.07300486 -0.005204711 0.23869763 0.00895178 -0.22589275 0.14534216 0.024801968 -0.20056343 -0.13752894 -0.00911854 -0.07722786
MEX 0.0997795 -0.16168395 -0.05306785 0.21494563 0.27632642 -0.044559848 0.14037126 0.07407758 -0.03306529 0.15786567 0.16777901 -0.09423077 -0.024360064 0.24135342 0.13155419 0.095211364 -0.08882726 -0.031740632 -0.13680685 0.11812845 0.31661314 -0.08217783 0.089048 -0.035827525 -0.049721785 -0.059597425 -0.15088399 0.08826166 -0.057753496 -0.13513494 0.08925575 -0.0068113203 0.27700707 0.18675576 -0.008905313 0.09366561 0.19153957 -0.114948 0.18961446 0.0120564 -0.07917974 0.245109 -0.06610756 0.07024699 -0.08978615 -0.02455237 0.005228413 0.34916577 -0.023163848 -0.09530868 -0.10690074 0.25953147 -0.0018217089 -0.19101469 -0.10628774 0.04896708 0.08044629 -0.0933529 0.029504128 0.20921467 0.12229185 -0.27762517 0.16342287 0.15872289 0.1240911 -0.14544716 0.20527276 0.02882415 0.040492795 -0.1848714 -0.18808752 -0.11374867 0.0026095402 0.03989841 0.071080685 -0.30390775 -0.04313383 -0.108100206 -0.10681487 0.39196727 -0.20647432 -0.08547129 -0.07004759 0.09556168 -0.12598008 0.0706379 0.40939045 -0.09689849 0.18854572 -0.027897652 0.004503749 -0.18286447 0.12923129 -0.1122103 0.16146249 -0.19109564 -0.25535375 -0.11957734 -0.20589197 0.030272145 -0.08340235 -0.01340545 0.07496312 -0.091971375 -0.28147098 0.08455145 -0.19014047 0.20030914 0.16797233 0.36824244 0.28617153 -0.019935835 0.07571731 -0.13771929 -0.36642244 0.15400073 0.23468266 0.064601205 0.2618354 0.08960561 -0.23799297 -0.049442675 -0.116746545 0.120325044 -0.33421442 -0.05909339 -0.12819868 0.020666178
NAM 0.05063145 -0.15521012 0.065063484 0.26553982 0.1017505 0.024670342 -0.22396752 -0.08423641 -0.16654928 0.08877113 0.21902516 0.31695142 0.06549014 -0.28524733 0.27047214 0.26526555 -0.09169268 0.2794761 -0.2331355 0.03378242 0.017319987 0.2828064 -0.18805166 -0.29900235 -0.05349622 0.08859028 -0.12724474 -0.021050008 -0.12998727 -0.009653685 0.029690169 0.2262816 0.042716622 0.07846045 -0.13545226 0.10234154 0.38629308 -0.10325328 0.079917386 -0.02018243 0.1748555 0.16466735 0.033116516 0.10641594 0.011335919 0.14925487 0.087128095 0.14805089 -0.30743557 -0.020666977 0.071908265 0.13948885 0.1149744 -0.030375807 0.033297952 0.0123813255 0.02002046 0.03193492 -0.041712794 0.003885818 -0.039182864 0.027440704 0.17600979 0.19400842 0.07125927 0.20636985 0.08216993 -0.016823402 -0.029932236 -0.26430967 -0.11959458 -0.20017451 -0.07546238 0.0031662746 0.11209258 -0.08577249 0.037363205 0.053159278 0.03633915 0.042242114 -0.1199176 -0.046588108 0.16551599 0.15135461 -0.18795423 0.27068198 0.19879897 0.07432682 0.06738635 0.23189506 -0.0019959302 0.10768199 0.116581924 -0.124226056 0.078176945 -0.024775285 0.12001732 -0.26274866 -0.037271798 -0.10357226 -0.21494946 0.059297156 0.022457596 0.2597459 0.09022913 -0.015099782 -0.18226881 -0.030317511 0.2787068 -0.04270969 0.25892836 -0.080745995 0.08544311 0.2100058 -0.18604366 -0.15938471 -0.15369086 -0.07350177 0.17200215 -0.07330423 -0.041577946 0.045394454 0.008653021 0.11202182 -0.2215739 0.08002117 -0.18160012 0.14596446
EST -0.062846765 0.028864706 0.08219571 0.22051187 0.109947525 -0.004929251 0.06438018 -0.23884694 0.10811744 0.0047551813 -0.04898776 -0.1662367 -0.13089232 -0.09224655 0.016111894 0.30929616 -0.09092519 -0.11779265 -0.03531281 0.075247526 0.10633743 0.24375209 -0.021925906 -0.4121082 -0.27892095 -0.1340393 -0.100924045 0.100225 0.007996361 -0.15112878 0.29054075 -0.25390148 -0.05148675 0.21115604 -0.20591722 0.29419377 0.2336779 0.261611 -0.0861506 -0.21020982 -0.04962918 0.2586454 -0.27096942 -0.06861547 0.23032206 0.21071151 0.10907895 0.05208207 -0.35122412 0.026301954 -0.18753362 0.30519834 0.013292891 -0.06843643 -0.058442738 0.15949674 0.27240735 0.120475724 -0.31774938 -0.41642743 0.021502959 -0.13951942 0.50485206 0.053192586 0.18243614 0.07559918 -0.123602614 -0.014604908 -0.05980679 -0.013097616 -0.03885259 -0.11101404 -0.3110206 0.12610058 -0.24506819 -0.060720235 0.048455205 0.075733095 -0.041431192 0.41502216 -0.21523423 0.22277993 0.034851786 0.077764206 0.0386874 -0.06981198 -0.23922755 -0.1137592 -0.02001168 0.22361542 0.076978035 -0.3724413 0.023188857 0.047614895 0.3447558 -0.13986531 -0.08091662 -0.23852302 -0.11919584 0.06329659 -0.25462782 0.13552314 -0.17508514 -0.077209406 0.008067807 0.10417057 -0.19819395 -0.050089587 0.09994918 -0.2344744 0.25913942 -0.07156105 -0.04035756 0.1094759 0.14637108 -0.19936836 0.16623239 -0.18528007 0.3017152 -0.085975364 -0.23210105 -0.16055267 -0.11237881 -0.09333119 -0.11697817 -0.062446795 -0.2070665 0.21666798
TTO -0.023852678 0.32815778 0.13897459 0.14074247 0.16873236 -0.11524622 0.02247517 -0.046765234 -0.12452012 -0.04484031 -0.36423156 -0.25390327 0.034241155 0.039390404 0.020338293 0.020880137 0.09509013 0.32959726 -0.048180718 0.262379 -0.17281155 0.25094143 -0.18431413 -0.018856246 0.14827006 -0.10619526 -0.31714526 -0.05389581 -0.1345499 0.11108863 -0.036756773 -0.12600774 0.069761686 -0.04730709 -0.29807535 0.24138278 0.20973665 0.09619277 0.065385595 -0.19451451 -0.18149467 0.09985663 -0.058173284 0.1624887 -0.1669677 0.030903192 -0.07884709 0.041544896 -0.021727256 0.122380234 0.028610472 0.2233256 0.042457696 -0.04726811 -0.17860614 0.09150158 -0.05976075 0.18637511 -0.014160005 -0.01832029 -0.046630394 0.17546736 0.22642903 0.1141613 0.40133268 0.038669925 0.018285066 -0.14363669 0.1768403 -0.13506256 -0.40013283 -0.059699398 -0.31786114 -0.20057541 -0.15345752 -0.2458503 0.37255692 -0.2313332 -0.05817551 0.49253795 -0.30873033 -0.10981408 -0.015392317 0.08283734 0.10967919 -0.11511653 0.08347984 0.10107755 -0.027132656 -0.03649783 0.079222485 0.021342793 -0.20922758 -0.041667957 0.4198886 0.10599637 0.050209284 -0.10798697 -0.22373024 -0.0004012323 -0.26435438 0.096119314 -0.19263208 0.058630142 -0.061169136 0.42519945 -0.08683257 0.04155824 0.069808766 0.11113179 0.34176853 -0.044177443 -0.10064342 0.20234028 -0.22255762 -0.020359054 -0.049174923 -0.07454588 0.38421938 0.09593641 -0.2475416 0.18149379 -0.0782803 -0.087437585 -0.24461237 -0.31257504 -0.10193613 0.26434362
JPN 0.040203217 -0.18242723 -0.054781247 0.112843975 0.260142 -0.020636076 0.013077938 -0.042545676 0.26078665 0.27489713 0.12579902 0.3451854 -0.016257562 -0.09345891 0.20276257 0.24174939 -0.09503625 -0.1201581 -0.048561912 0.16894987 0.036784206 0.030662764 -0.04114585 -0.13077933 -0.28653577 0.14661938 -0.14025263 0.10278411 0.0793204 0.084497765 -0.23582686 -0.31638402 0.014172341 -0.13140945 0.081527755 0.21151836 0.16505116 -0.1376039 0.34259963 -0.07756654 -0.1958195 0.2627406 -0.20058267 0.0763052 0.125088 0.058332514 -0.2534044 0.119356036 -0.0623767 0.073022135 -0.05459913 0.12897655 0.16560845 0.015210211 0.023970557 -0.09276023 0.067045115 0.099987246 0.07303812 0.012178212 -0.013451616 -0.011609613 0.0999138 0.23739219 0.1920937 -0.35708532 0.2514202 0.21039657 0.123673305 -0.09199544 0.04403255 -0.10786981 -0.12797727 -0.2004408 -0.16797045 -0.0874784 -0.13063507 0.025737742 -0.07287658 0.42692912 -0.011678702 -0.08777615 0.00424775 0.34424898 0.13895136 0.1149163 0.19864735 -0.101403564 0.06789706 -0.088683724 0.042262804 -0.013353902 0.043414887 -0.12721239 0.23959616 -0.064012654 -0.06397275 -0.17650273 -0.07004229 -0.058936566 0.06563539 0.028955655 -0.0643176 0.02546596 0.050855137 0.034553535 0.13428588 0.06687521 0.20050958 -0.23998295 0.003265615 0.17098604 -0.017783059 -0.03367009 0.08296346 -0.01567655 -0.05251625 -0.09389238 -0.12854747 0.23957688 -0.15540896 -0.087071106 0.05985785 -0.05502392 -0.10572545 -0.17470483 0.16109115 -0.3485095
ITA -0.023176977 -0.04229349 0.04032144 0.1578496 0.16515346 0.12728176 -0.24960236 0.041221965 -0.039657053 0.23354381 -0.16743101 0.14078775 -0.024741346 -0.121830605 0.09069895 0.3776678 -0.27029702 0.29326653 0.18104047 0.3558061 -0.03206011 0.09058108 -0.1496804 -0.1616017 -0.30520236 -0.0014746251 -0.366565 0.057630952 0.09954666 0.17497276 -0.088936925 -0.18025829 0.02795756 -0.11207388 0.22077096 -0.116230465 0.30383384 0.016557 0.343391 0.13125142 -0.14342502 0.0027450859 -0.11323063 0.18486433 0.009218931 0.24784139 -0.090531856 -0.07710762 -0.005069169 -0.049189076 -0.020823352 0.23202562 0.05120647 -0.12069807 -0.0571244 0.009741553 0.2913967 0.07045805 -0.06898279 -0.0994819 0.08364519 -0.12904647 0.14036769 0.23193227 0.30390912 0.09878196 0.03273853 0.22282654 0.2339932 -0.124345295 -0.14634271 -0.06215643 -0.2129976 -0.13739635 -0.10035111 -0.11698113 -0.16485727 0.076154865 -0.17264174 0.2524075 -0.2622905 -0.15216853 0.05758786 0.232161 0.28964272 -0.038489282 -0.0663522 0.21366628 0.004578705 0.094305016 0.045439176 -0.0155387595 -0.19189928 -0.13617508 0.15944044 -0.10953768 0.05790568 0.051537897 0.19175379 0.08020132 -0.14112005 0.051563982 -0.21780397 -0.15522249 0.06146694 0.18701972 0.12383007 0.07067783 0.28348485 -0.2014979 0.066933036 -0.065953456 -0.085792236 0.16423434 0.037612844 0.2948092 -0.22476865 0.029043874 0.17298177 0.1707416 -0.1695075 0.26526973 0.27694073 0.08177458 -0.18581581 -0.31306323 -0.21150309 -0.1010075
OMN 0.035110835 -0.21267167 -0.16959973 -0.1276043 0.1351729 0.018769186 0.0419841 -0.13354017 0.25716636 0.19634102 -0.07656747 0.035518423 -0.012647665 -0.14934625 0.0693661 0.34954426 -0.03981148 -0.046009157 -0.045817148 0.02718732 -0.07228782 -0.16510229 0.16360417 -0.00027752342 -0.20174278 0.1856714 -0.15677704 -0.033265874 -0.134105 0.017851204 0.058257483 -0.24542266 0.2619417 -0.14458553 0.036697693 0.2478944 0.24703725 -0.34895578 0.38902977 -0.25722805 -0.1361941 0.122788146 -0.2975646 0.10377228 0.071656406 0.24644752 -0.09932022 0.07854495 -0.01474555 0.06344196 0.13532174 0.047477186 0.08779944 0.021663783 -0.19181213 -0.3632263 0.13756153 0.1606528 0.012414492 -0.12161785 -0.24778125 -0.16515934 0.1377401 0.48085564 0.15418172 -0.18275198 0.09218 -0.09965815 0.09927211 -0.0823681 -0.02771047 -0.1762878 0.034486476 -0.11653468 -0.11255076 -0.108568184 -0.064492315 0.07567567 -0.18269946 0.30148575 -0.061731704 -0.12496042 0.059043884 0.3377732 0.02134189 0.17249079 0.24386705 -0.21871781 0.17016216 0.103145815 -0.025011208 0.097222015 0.06363724 -0.21742368 0.30937177 -0.08776877 -0.13134558 -0.27850747 -0.23056552 -0.157474 0.33150917 0.21959548 0.026291505 0.05820136 0.1663888 -0.19466397 0.020240251 0.23336422 0.3157362 -0.17320563 -0.030420708 0.043123763 -0.15021703 -0.023807185 -0.025876878 -0.037514806 -0.026582625 0.014081829 -0.07826609 0.11256508 -0.13211712 -0.05160948 0.1484479 -0.020154824 -0.124182805 -0.08892182 -0.07358707 -0.09851015
SRB -0.160439 -0.022676036 0.18877815 0.1486912 -0.13104533 -0.07983326 0.0947645 -0.09258654 0.015900379 0.14225613 -0.20009202 -0.21031351 -0.14850451 0.016674316 -0.093160555 0.3270432 -0.09219904 -0.026972285 0.123483054 0.089013614 0.11596607 0.52204424 -0.04549221 -0.5378944 -0.18829834 -0.039166115 -0.34830552 0.186375 0.021157056 -0.25179127 0.045763016 -0.43911555 -0.1311066 0.26999798 0.0070964107 -0.09327608 0.25859988 -0.0982643 -0.01475774 -0.15484706 -0.45854956 0.021822125 -0.19320454 -0.06361094 0.12908414 0.09014417 -0.08553651 0.1677347 -0.05912871 0.09417825 -0.05769808 0.17481984 -0.027764166 0.0038719384 -0.03400982 0.098686956 0.554767 0.071606226 -0.22165366 -0.12248418 -0.06121097 -0.17643699 0.36902604 -0.1900225 0.15817311 0.17180371 0.1691473 0.27892792 -0.023344167 -0.089288376 -0.16193889 0.07457569 -0.41444325 0.04418325 -0.1215971 -0.24598758 0.26205978 -0.026988752 -0.2564333 0.0666835 -0.39207608 -0.0478312 0.09294462 0.3690667 0.25063685 0.27355406 -0.11191306 -0.12093739 0.10916118 0.14894864 0.22586033 -0.24992219 -0.019635085 -0.08648967 0.39906067 -0.10898037 -0.045339506 -0.05491032 -0.17759855 0.29946217 -0.293094 0.088172786 -0.17524634 0.15588996 0.20089418 -0.0352896 -0.040381417 0.11023012 -0.020721987 -0.35133886 0.24270816 -0.013515846 -0.09489467 0.096295275 -0.060154475 0.1794505 0.124899484 0.07452454 0.2264041 -0.3327554 -0.44389287 0.26776928 0.024811946 -0.065082766 -0.20687434 -0.17234796 -0.06836831 0.24300106
NZL 0.17255624 -0.06182441 -0.10990329 0.058500055 0.11915615 0.1061723 -0.032737143 -0.092544876 0.14717437 0.20086722 -0.10334643 0.019286636 0.022501284 -0.2156127 0.106696695 0.4333789 0.06745888 0.22144163 -0.14105204 0.17144825 0.14113186 0.0026432865 0.18063515 -0.066584505 -0.25833532 0.084905446 -0.2815022 -0.0530278 -0.13628806 0.08481686 0.14994927 -0.1053829 0.3515846 -0.035105858 -0.18175636 0.32667157 0.36119866 -0.33553928 0.22797476 -0.07084666 -0.15308507 -0.09814058 -0.14438672 0.0174708 0.04719939 0.33979657 -0.060016908 -0.13023221 -0.1812671 0.034366082 0.11146269 0.108464316 0.19546008 0.11938274 -0.07722553 -0.3174432 0.27638748 0.063170426 0.043068428 -0.16610548 -0.2351139 -0.118815474 0.08125224 0.3244739 0.13983923 0.011049559 -0.012815876 -0.20403187 -0.08324087 -0.03954482 0.012908906 -0.065332055 -0.010950233 0.115293324 0.0644461 -0.11102497 -0.06518285 0.23967755 -0.1837885 0.22984931 -0.07158543 -0.19492483 0.11560375 0.32877785 0.15274256 0.25144863 0.10965354 -0.17172363 0.3482687 0.10418108 -0.18664509 0.16561973 0.08668888 -0.072263375 0.28855127 -0.1026772 -0.026414016 -0.29474688 -0.13645703 -0.13689363 0.31455085 0.10643796 0.122770175 0.07455109 -0.018388849 -0.21385178 -0.15472603 0.17233993 0.0007018928 -0.0381656 0.00789358 -0.0498805 -0.03091589 -0.006839399 0.04917282 -0.23284514 -0.13279988 0.094698705 -0.029103968 -0.08387946 0.06852116 -0.043456025 0.056204934 0.05835503 -0.22620428 -0.011953597 -0.22950764 0.16421764
ROU -0.04118433 -0.033283528 0.17084001 0.18881558 -0.103149824 -0.01925362 0.026131757 -0.15060095 -0.005744656 0.1650255 -0.21443701 -0.16132268 -0.13888645 -0.02006944 -0.09495939 0.31070974 -0.12112006 0.04348789 0.047123212 0.13725379 0.10158743 0.50353205 -0.09845038 -0.46247965 -0.27019405 -0.05406778 -0.37744802 0.26340666 0.06329754 -0.083721325 0.074006885 -0.29432666 -0.07151603 0.27415666 0.055225793 -0.06534828 0.3117782 0.066071056 0.07880027 -0.049188603 -0.4362024 -0.06714979 -0.1568744 -0.06597865 0.07332437 0.035634752 -0.052778177 0.103746586 -0.112717256 0.021139227 -0.07117133 0.19848648 0.023029696 0.05146221 -0.019223195 0.13506512 0.5860413 0.06900609 -0.1957552 -0.16031186 -0.051328924 -0.14271076 0.3766094 -0.11945338 0.118196584 0.25779063 0.13550119 0.2605198 -0.039907113 -0.017081833 -0.14070365 0.09773129 -0.39310578 0.109018296 -0.06306632 -0.19950838 0.23249952 -0.010341759 -0.1695326 0.084718965 -0.36029527 -0.11447335 0.10458667 0.38284472 0.28869155 0.2122995 -0.20406383 -0.06973194 0.011858354 0.124023415 0.24973558 -0.1890729 -0.041213427 -0.11468726 0.4578143 -0.08327859 -0.0056431727 0.0074271183 -0.1514918 0.25981843 -0.22564267 0.10063877 -0.18966866 0.136843 0.19873017 -0.0042628082 -0.011213585 0.09860068 -0.061353385 -0.29240546 0.2732531 0.006466372 -0.08632184 0.114740714 0.018228147 0.13250884 0.045871094 0.10433936 0.19270086 -0.28932652 -0.366215 0.29429203 0.06564794 0.0021579845 -0.2928817 -0.17523524 -0.108763695 0.26660198
TUR -0.13322376 -0.06917398 0.24279559 0.2660672 0.0130613465 0.030793171 -0.062084604 0.092294894 -0.0316017 0.1095136 -0.04449178 -0.13090663 -0.007455377 -0.066962965 0.013006931 0.36813194 -0.044005334 0.16901708 0.113557406 0.05818886 0.054838445 0.3693345 0.10151803 -0.7394816 -0.2752147 -0.06853354 -0.16892293 0.1311947 -0.11288661 -0.16990037 0.07957169 -0.3607749 -0.19785729 -0.033170912 -0.095533594 -0.07354165 0.33696333 -0.15830164 -0.25290868 -0.27774346 -0.11417302 0.11426657 -0.19504176 0.018182576 0.15721579 0.21810241 -0.261141 0.14367983 -0.21419849 0.010351264 -0.03430847 0.15384364 0.06712879 -0.103282265 0.0031701045 0.064401165 0.25575212 0.10688849 -0.15949516 -0.25795552 -0.1884279 -0.010871738 0.34612453 -0.010144824 0.15497033 0.064788215 -0.15471692 0.17522669 -0.1376137 -0.099890865 -0.16034155 -0.27197823 -0.2543335 -0.14679267 -0.104186304 -0.129162 0.15776858 -0.0010975305 -0.0063111926 0.1030286 -0.34216547 0.19057232 0.07081452 0.046651803 0.22042994 0.08724894 0.1609814 -0.07622578 0.06699115 0.22593333 -0.016764494 -0.19779605 0.08144539 -0.037344176 0.0682175 0.13765144 -0.04211252 -0.19198504 -0.16143614 0.053554367 -0.39556846 0.029982839 -0.15012018 -0.06247432 0.28684816 -0.021756811 -0.08354192 -0.06554149 0.08123249 -0.25557807 0.22100009 -0.12170557 -0.037316784 -0.033013936 -0.07605978 0.21122023 0.23098235 0.05824929 0.31007934 -0.4436216 -0.26245794 0.018020567 0.07522233 -0.11204569 -0.09174602 -0.0026177398 -0.090722255 0.22219059
GTM -0.2593369 -0.0012619123 -0.09253415 0.15903789 0.2564821 -0.015420678 0.23767826 -0.14479423 0.020266108 0.20071647 0.08953567 0.15905815 0.09721187 0.041771833 0.28164047 0.23411798 0.15966122 -0.03735833 -0.22757088 0.19855042 -0.12428703 0.051276527 -0.10281448 -0.028029248 0.09473183 -0.12865774 -0.24383417 -0.33624563 -0.22004141 -0.18861501 -0.056735612 -0.072422266 0.16068378 0.07969917 -0.007404648 0.40065095 0.19168712 -0.30830166 0.035150077 -0.014676457 0.0024155409 0.30369946 -0.17723463 0.25370437 -0.05582602 0.2200863 -0.011132406 0.26185617 -0.105757795 0.078900024 0.109263405 0.26320282 0.021742495 -0.12600662 0.050681714 -0.051316734 -0.17669806 0.20111762 0.13804848 0.12786129 -0.16787627 0.09364358 0.1864464 0.14378403 0.22566181 -0.36510456 0.038993534 -0.023639262 0.2239267 -0.4295372 -0.19526204 -0.27240452 -0.040231347 -0.2437071 -0.0237974 -0.18970755 0.1585732 -0.2700064 -0.30889815 0.26315477 -0.16706021 -0.02291051 0.0016686206 0.12658091 -0.15793107 0.027497225 0.4200888 0.05659871 0.24056268 -0.07819867 0.11427565 -0.21395019 -0.06927695 -0.16793169 0.16937548 0.04745067 -0.059105117 -0.12944779 -0.14013946 0.01863508 0.07623199 0.11263734 0.1584044 0.1414101 -0.13124876 0.10287074 -0.21307309 0.33591914 0.16059881 0.058225665 0.1722854 -0.013878832 0.103878886 0.062197335 -0.31311676 -0.02858068 0.07779154 -0.06574037 0.17911544 0.26729187 -0.23241813 -0.12922809 -0.14419612 -0.031088555 -0.12308073 0.22643802 -0.0021166163 0.034738023
YEM 0.12224106 -0.17668968 0.17440493 0.09957529 0.31337982 0.018236069 -0.0174997 -0.010379711 -0.16580217 0.18441129 0.16896953 -0.022240322 -0.38180172 -0.28469977 0.43536645 0.08291451 -0.16899706 0.13072322 0.11063168 0.10931603 0.05377862 0.1304171 -0.26748323 -0.2258088 -0.17569453 0.08838741 0.01580914 0.06962151 -0.058274217 -0.3135542 -0.18923856 -0.2369164 -0.24389477 -0.005910182 -0.087506235 0.12020936 0.3058801 -0.24556835 -0.02453296 -0.16691567 -0.087963544 0.11230836 -0.41748214 0.32248417 0.24131832 -0.124663904 -0.1782232 0.00039180552 -0.0531739 0.119701765 -0.03839824 0.09270822 0.12789524 -0.059561882 -0.08866929 -0.044118397 0.022616804 -0.017176125 -0.24685834 0.11055902 -0.2360864 0.11580676 0.2942255 0.3121959 0.08538293 -0.1336531 0.28453466 0.01082328 -0.09282394 -0.12504135 -0.38134497 -0.098729506 -0.18488994 -0.13733537 -0.23195975 -0.15000057 -0.24706618 -0.20881437 0.17402673 0.5118608 -0.05445868 -0.03555799 0.05049635 0.39421377 0.15312484 0.14422077 0.34823474 -0.22389638 0.1599785 0.07150557 -0.120399855 -0.20466872 0.09898435 0.014549773 -0.06791957 0.24770741 -0.043601234 -0.0020170251 -0.30436265 0.03294114 -0.20279132 -0.29126215 -0.044159632 -0.23729602 0.22773503 0.042677015 0.020409135 0.06530026 0.14381957 -0.53297687 0.31078973 -0.32374248 0.060078725 -0.09430539 0.1259114 0.1428622 0.08373863 0.07703518 0.07027352 0.041436158 0.1535227 0.24519984 0.13748382 -0.015446886 -0.081767574 -0.14181407 0.099558905 0.11426877
TUN 0.10430171 -0.021542301 0.26543677 0.092146434 0.15046018 0.10775577 -0.09409738 0.14195898 -0.2509175 0.1949182 -0.07169623 0.025961211 -0.2528479 -0.015370037 0.32117438 0.34844917 -0.16828108 0.239091 0.29197562 0.11146679 0.11375196 0.37330893 -0.2574306 -0.41697937 -0.24757415 -0.038246345 -0.18331234 0.20820759 0.035678208 -0.08722382 -0.13866875 -0.2541401 -0.22173981 0.043513842 0.041928645 0.047906447 0.30837345 0.0013439686 -0.034552846 0.052003093 -0.17194751 0.02549331 -0.12860945 0.2423589 0.033848725 0.07837774 -0.22926529 -0.0051477584 -0.034325346 0.004766127 -0.20060243 0.28603172 0.17792886 -0.046276916 0.120138176 0.064424485 0.26945835 0.09328087 -0.14743817 -0.111929156 -0.1565988 0.07404694 0.26792902 -0.006395164 0.22504301 0.08519404 0.037255768 0.047815938 -0.03749612 -0.06606768 -0.24978304 -0.028050145 -0.35608727 -0.12003328 -0.06515564 -0.23809041 -0.23151997 -0.03981011 -0.1265083 0.2632724 -0.26854068 -0.109695286 0.11699625 0.40227905 0.35887167 0.21767966 0.04600131 -0.07864852 0.07963067 0.120782614 -0.026662594 -0.18922931 0.07774578 0.19586144 0.038328603 0.21953116 -0.01763006 0.060514268 -0.028404249 0.059168227 -0.28171164 -0.10806557 -0.15653889 -0.16355129 0.18619724 0.1476518 0.008310903 -0.009419078 -0.06566041 -0.23384245 0.2676002 -0.25790742 0.13086325 -0.06790742 0.123198874 0.3122703 -0.050625183 0.15795322 0.2195307 -0.14229873 0.02000668 0.32594946 0.09700507 -0.032687537 -0.2312644 -0.26896998 -0.0051893275 0.23659006
BRN 0.1503823 0.090722024 -0.1314137 0.047583528 0.12841365 0.1817492 -0.09826501 -0.07842322 0.040264953 0.023911493 -0.15856017 -0.014984726 -0.12117751 -0.2213637 0.13748457 0.28572667 -0.055523206 0.08627587 0.008862233 0.1270387 0.09438343 0.060993314 -0.042467576 -0.059965942 -0.30927035 0.17685594 -0.27278942 0.10247424 -0.20319399 0.12515093 0.010427899 -0.14456746 0.18730012 -0.04595243 -0.200953 0.28745908 0.32012433 -0.28503054 0.10860056 -0.015194745 -0.19682191 -0.015248578 0.04563549 0.039434157 0.02999198 0.27725953 -0.057557356 -0.06587196 -0.119287856 0.019983076 -0.052282635 0.106610656 0.21101415 0.16676778 0.0038859667 -0.34448135 0.32524216 0.06638948 -0.14591774 -0.14413366 -0.23507878 -0.17488915 0.13661015 0.153315 0.121104375 0.26254463 0.022024969 -0.21916114 -0.10984904 -0.11888324 0.02353667 -0.00042931366 -0.1243915 0.06765343 0.07530002 -0.225944 -0.051533807 0.1499447 -0.13193265 0.17787045 -0.045338985 -0.30139872 0.1940596 0.28401822 0.2037875 0.10900315 0.033879373 0.04743327 0.27672803 0.07073558 -0.16977309 0.17068061 0.009243427 0.039384164 0.31052583 -0.08310669 0.010400487 -0.13813306 -0.17919254 -0.107183255 0.026128558 0.14230937 0.07922772 0.09222879 0.032004178 -0.11316432 -0.07812923 0.12791811 -0.1035184 -0.014305076 0.11699634 -0.0008749661 0.100014105 -0.011809329 0.039049882 -0.18219113 -0.20126785 0.020341879 -0.014384173 -0.26044208 0.08307879 0.019245692 0.13975212 0.19163431 -0.27905637 -0.3271129 -0.19048132 0.26364636
BEL -0.082687475 0.15486565 -0.027371928 0.36362484 0.21417107 0.06738471 0.072104245 0.15067671 0.0113091115 0.15792874 -0.008427395 0.06356475 0.054621812 0.03680848 0.21913797 0.22276957 -0.018017577 0.022962887 -0.0892713 0.11486238 0.052448507 0.23592211 -0.013411057 -0.4469784 -0.24366777 0.0852043 -0.38055015 0.30728105 -0.18061306 0.023596978 -0.08324272 -0.2955448 0.05149189 0.017643474 -0.1490495 0.15447253 0.18750703 -0.2757838 -0.13911541 -0.11416634 -0.32754856 0.22573966 0.10627447 -0.13366574 -0.062496778 -0.03644534 -0.16225885 0.26343513 -0.032358002 0.038576826 -0.09680018 0.048177753 0.12206399 -0.096784495 0.048984483 -0.14226629 0.104082346 -0.0034417633 -0.034635637 -0.024538536 -0.031933058 -0.05180649 0.12831138 -0.26821995 0.14666666 0.25420183 -0.012790569 0.028307118 0.068976305 -0.21818733 -0.039264034 -0.2613871 -0.11565604 -0.1887961 0.09168288 -0.2624431 0.34859177 0.05948576 -0.20919275 0.24502335 -0.27080324 -0.011475044 0.16607253 0.038565513 0.113452755 -0.12504418 0.22406855 0.1455919 0.35240585 0.037270535 -0.05793258 -0.09687573 0.038271114 -0.031326234 0.1304844 -0.15037258 -0.13450842 -0.11808264 -0.119776584 -0.011134119 -0.40828106 0.077322155 -0.07308014 0.025916863 -0.1490539 0.1163231 -0.032815855 0.058631226 -0.07496885 0.11179726 0.28053296 0.053640593 0.21718691 -0.27853698 -0.24430849 0.11998102 0.07409451 -0.13637245 0.15236151 -0.410685 -0.38096127 0.005559827 -0.12211077 0.15164495 -0.1908838 -0.27995893 -0.19702819 0.19532014
PER -0.089395374 -0.08519621 0.031850707 0.31420517 0.24681987 0.07718089 -0.07986546 -0.04913137 -0.14832777 0.109316394 0.122334674 -0.07543449 0.037844777 -0.1753374 0.2110635 0.077169225 0.07001353 0.42127055 -0.15659697 0.26617557 -0.061990093 0.16717903 0.04053252 -0.14007998 -0.09669881 -0.10057334 -0.154122 -0.37874642 -0.19498238 -0.024361009 -0.016162459 0.26857072 0.048947193 -0.03910997 -0.18338136 0.066864006 0.29561675 -0.26810363 -0.092396505 -0.012072244 0.1754709 0.16826667 -0.02088108 0.21261442 -0.11888635 0.22895166 -0.041986153 0.061697863 -0.20855303 -0.054508224 0.1571296 0.11085352 0.14835057 -0.20810829 -0.11653034 0.010456127 0.044862717 0.23477079 0.17129736 0.02121753 -0.055359494 -0.06595031 0.13050202 0.28251922 0.22359967 -0.21962245 -0.120731294 0.08412366 -0.011208432 -0.37420124 -0.2547488 -0.22524811 -0.027668834 -0.13022096 0.031380955 -0.20745039 0.0012812996 -0.101706155 -0.06267615 0.24423793 -0.1094114 -0.0035019263 -0.05700159 0.043856185 -0.00053464936 0.02315907 0.4437886 0.08184772 0.08442601 0.041113425 -0.019576311 -0.11069542 0.0006566073 -0.16780384 0.0830735 2.6873575e-05 0.019142078 -0.042683117 -0.012582421 -0.122793205 -0.105936594 0.0035843137 0.024506247 0.030145492 -0.032410406 0.07759057 -0.2747417 0.29594785 0.24757858 -0.002197688 0.316625 -0.18043731 0.049107783 0.14041585 -0.32331797 0.01750229 0.17463546 -0.047078833 0.41239357 0.1405266 -0.17457141 -0.14369991 0.081769474 -0.07300262 -0.16540708 0.31895703 -0.18003629 0.18755847
KOR -0.17217897 -0.04350758 0.0042774426 0.0122070275 0.24321897 -0.14040667 0.13619319 -0.29273018 0.1057292 0.17679293 0.07425265 0.103922136 -0.05636819 0.09555906 0.1526379 0.16964266 0.028905042 -0.24802807 -0.1973358 0.22253105 -0.084558845 0.07120784 -0.09774575 0.051632 -0.024104219 0.03702845 -0.281177 -0.1354293 -0.13725576 -0.1511961 -0.19206391 -0.11954619 0.1466699 0.09031179 0.15136297 0.33125925 0.07655096 -0.23308405 0.15723841 0.06770038 -0.18289165 0.24669859 -0.11719487 0.16996688 -0.015160783 0.19752014 0.034861237 0.18434693 -0.06219974 0.21325335 0.1302424 0.14275181 0.016301757 0.021282578 0.08216584 -0.008774362 -0.083249286 0.17474139 0.055363543 0.10258884 -0.08499877 0.1400731 0.18176232 0.17271174 0.14232238 -0.25117227 0.27802292 0.0030838638 0.21403755 -0.17649998 -0.09778521 -0.07890064 -0.1427762 -0.15726514 0.06502501 -0.18930349 0.1387708 -0.29208705 -0.29639763 0.22263338 -0.04097614 -0.25004193 0.06261611 0.353457 -0.06968102 0.0788857 0.13064606 -0.08797106 0.1612366 -0.1628074 0.17815451 -0.09861668 -0.05803088 -0.25074634 0.42655027 0.04276887 -0.11852224 -0.19573763 -0.22785436 -0.027331784 0.12089482 0.12893453 0.09613213 0.28913328 -0.061901018 -0.07287526 -0.018679941 0.29854998 -0.044795375 -0.011788943 0.010575009 -0.005035328 0.075789884 0.106864706 -0.2908771 -0.14797163 -0.00019701279 0.05851977 0.055832565 0.17286505 -0.15355098 0.0023546545 -0.14701882 0.054219365 -0.21550438 0.09962222 0.14281413 -0.043615296
TZA 0.10571384 -0.19893242 0.111808464 0.13921256 0.29816523 -0.11014904 -0.0034115836 -0.30509776 0.048702836 0.19604263 0.149336 0.09877619 -0.06295329 -0.17721827 0.10215301 0.21834809 -0.11047443 0.07743707 -0.39938524 0.46340966 0.057551865 -0.20896341 -0.0888696 -0.11560172 -0.29669517 0.17868222 -0.22532785 0.17115043 0.037325166 -0.08597113 0.054091066 0.10343654 0.03399879 0.08029433 0.027268644 0.10981784 0.17988987 -0.029449958 0.122720234 -0.14141007 -0.15572737 0.14249639 -0.300867 0.18332565 0.09042086 0.019240528 -0.20760296 0.052877832 -0.16253977 0.12318947 0.036278546 -0.13818505 0.068012275 0.17994915 -0.06068736 -0.116458006 -0.0041848496 -0.120616525 -0.03487936 0.16276032 -0.08604089 0.076773286 0.44195902 0.3752508 -0.19610435 -0.01257501 0.26165468 -0.045371775 0.09800892 -0.05978643 -0.13714565 0.0632435 0.051692966 -0.07865799 0.15033382 -0.14764485 0.08010677 -0.1344873 0.09298232 0.4850992 0.12685436 -0.20199995 0.06730887 0.33706072 0.19180788 0.050092757 0.2500888 -0.006709155 0.13777408 0.100856416 0.0047677387 0.17049699 0.10339815 -0.24362436 0.4084229 0.08612441 -0.084189445 -0.21873088 -0.484865 0.08109286 0.111310095 -0.04851584 0.08566587 -0.04432818 0.024329549 -0.10704647 0.1311178 0.2021211 0.13535656 -0.01974127 0.15246367 -0.092060365 0.15509517 -0.063463666 -0.26401395 -0.17644933 0.049884588 0.3482352 -0.14125505 -0.099739164 0.13265318 -0.0028663399 0.19685367 0.19705904 -0.3226048 -0.11763241 -0.078013174 -0.014608408
VNM 0.16987135 -0.060289968 0.023409536 -0.094844714 0.10185463 0.13507204 -0.15979414 0.0642704 0.006824407 0.08677521 -0.3057238 -0.060414642 -0.07208992 -0.13915063 0.18063633 0.44865152 -0.055157375 0.23788247 0.24346505 -0.006563386 -0.00548984 0.2868417 -0.013478155 -0.14169621 -0.21060388 0.18953279 -0.096324794 0.08736087 -0.1272296 0.20244221 -0.015863761 -0.1613175 0.14421088 -0.11181963 -0.18929516 0.23650733 0.31947094 -0.020285977 0.15656531 -0.1303378 -0.0963969 0.11872152 -0.010120617 0.0890761 0.028575556 0.3350426 -0.14971946 -0.0679827 0.030166674 -0.09855103 -0.08725458 0.111785546 0.22137591 0.13617189 0.016650757 -0.23910983 0.32252443 0.26194024 -0.041310955 -0.24647726 -0.18216518 -0.14572535 0.10153899 0.06649359 0.29869476 0.11628298 -0.053297907 -0.2467816 -0.030340832 -0.20178492 0.035127755 -0.02725962 -0.18612622 -0.08292071 -0.08607395 -0.2658201 -0.21392117 0.18827243 -0.25658873 0.11371242 -0.18605317 -0.19052744 0.0936638 0.296619 0.23112977 0.22038966 0.100037955 -0.015563074 0.10723988 0.096049 -0.15456879 0.18947157 0.019276267 0.19976515 0.38200217 0.07434446 0.04141196 -0.14075674 -0.03596009 -0.18506844 -0.027581964 0.27203456 -0.030533595 0.055507377 0.2554967 0.03644815 -0.12830435 0.041685097 0.038712338 0.06909673 0.17886066 -0.0017489232 0.032065995 0.08332503 0.073534004 0.009899245 -0.18343432 -0.05228864 0.08911153 -0.018711274 0.031395424 0.010173149 0.16501603 -0.04691973 -0.27015144 -0.33218744 -0.00034701728 0.24173309
UGA 0.18190533 -0.1157253 0.053912878 0.3142525 0.25775993 -0.018422354 0.022227738 -0.2188939 0.06200913 0.092030875 0.005712938 0.05348502 -0.0010207167 -0.20471792 0.083422326 0.18141016 -0.051596988 0.22246906 -0.47460735 0.50037426 0.055121597 -0.08117942 -0.10886677 -0.16338295 -0.39610445 0.06084501 -0.3002234 0.29025933 -0.009486732 -0.0010208116 0.092477106 0.084295854 0.08544274 -0.0040281154 -0.09400861 0.12069541 0.19535422 -0.004532819 0.07615309 -0.15162407 -0.1980808 0.1020361 -0.19882782 0.031670213 0.02892977 -0.056912314 -0.28067178 0.08317177 -0.14621003 0.05934806 -0.10353068 -0.079391405 0.13473645 0.23763895 -0.044172235 -0.17184749 0.08392539 -0.1726603 -0.030691719 0.1843471 -0.084609255 0.020149695 0.37126446 0.3015992 -0.23838304 0.18175268 0.16263081 0.007593559 0.023030963 0.017393947 -0.0895774 0.11393136 0.047541596 -0.03625 0.17135157 -0.14340472 0.21976852 -0.09187852 0.23596814 0.55932355 0.09050659 -0.20913637 0.10121377 0.2243884 0.25879174 0.0071406974 0.24052353 0.15140536 0.16882417 0.11511892 0.004601374 0.19208032 0.111653484 -0.1533758 0.3205776 0.048581302 -0.10230682 -0.09932299 -0.4855377 0.13656634 -0.045204315 0.01284727 0.04677064 -0.094369866 -0.010245202 0.018409645 0.13115042 0.15658605 0.08593581 0.055786166 0.28804174 -0.010956411 0.15497623 -0.14889312 -0.25244176 -0.1910317 0.08685189 0.27581465 -0.10081188 -0.23883624 0.042165995 -0.026451617 0.23392403 0.2544314 -0.31071097 -0.23180911 -0.10686926 0.12166034
COG 0.06701231 -0.12945764 0.18233748 0.35588932 0.08626185 0.03275654 -0.37265566 0.02374482 -0.22608495 0.10013658 0.20016366 0.36851603 0.05223767 -0.37634727 0.29934314 0.3379197 -0.15510021 0.46969986 -0.101966165 0.069670126 -0.076209806 0.45716482 -0.16150278 -0.4353821 -0.14154199 0.11833917 -0.17951623 0.051795 -0.04723194 0.044906847 -0.022050235 0.23358266 -0.031942546 0.012485485 -0.10920183 -0.007967818 0.4789039 -0.045517202 -0.052161083 -0.055976585 0.15517186 0.104603894 0.1235809 0.08681255 0.054481935 0.22529154 0.08030456 0.039393295 -0.27923596 0.03252797 0.16103642 0.076394066 0.07791181 -0.05814114 0.026161602 0.10018397 0.103825726 0.059250902 -0.028231047 -0.14190377 0.018925043 0.04270329 0.11448489 0.041127264 0.14424562 0.22303236 -0.0038483932 0.038780034 -0.028828098 -0.18612662 -0.16327778 -0.2510117 -0.17753613 -0.06563882 0.07132415 0.008164812 0.061977733 0.13705137 0.022220772 -0.021803789 -0.13867521 -0.05039472 0.18328162 0.13931747 -0.06539801 0.18305063 0.12074921 0.16590704 0.08571401 0.2553171 -0.009327695 0.06088897 0.1420706 -0.16251044 0.009502374 -0.044082657 0.24741203 -0.2776891 0.07868485 -0.13249023 -0.44600925 0.01247597 -0.04379113 0.26181695 0.18562078 0.025873268 -0.05873708 -0.072135426 0.23864499 -0.16796671 0.23645337 -0.14152123 0.046623833 0.2834439 -0.14916296 -0.12054928 -0.22316594 -0.12861925 0.27148005 -0.1354643 -0.05041162 0.08649072 -0.014284792 0.16073553 -0.19895579 4.3382868e-05 -0.28611863 0.109822564
BIH -0.103688434 -0.07740563 0.18992065 0.11465086 -0.13760969 -0.017057821 -0.016526101 0.026410751 -0.06448013 0.16617134 -0.19450215 -0.1437948 -0.16948724 -0.0012096149 0.011045555 0.3653292 -0.09236951 0.05192975 0.23192672 0.020036569 0.09243759 0.49030912 -0.06815019 -0.5503893 -0.101133935 -0.05987052 -0.25399745 0.17797983 -0.0071035894 -0.27566668 0.0021950172 -0.47343618 -0.20422375 0.16401902 0.05883126 -0.12525252 0.33918658 -0.10286116 0.00989617 -0.12786186 -0.3495016 0.0023006566 -0.20526119 0.036888685 0.13625602 0.07936343 -0.14645939 0.17491311 -0.058340635 0.07401139 -0.030358998 0.21550775 -0.010573582 -0.03629257 -0.062981755 0.052321844 0.4667687 0.029360775 -0.22958937 -0.11080778 -0.11655546 -0.14601927 0.3027591 -0.116642684 0.21522117 0.12409166 0.13577321 0.27580243 -0.014236066 -0.1359818 -0.2231644 -0.03983116 -0.38324052 -0.038247395 -0.15773997 -0.23833637 0.1370605 -0.023531307 -0.2174927 0.075688384 -0.4252846 -0.0057341894 0.098445594 0.36730307 0.19855331 0.29907462 0.009599828 -0.13972999 0.14239188 0.15681101 0.12600675 -0.27273637 -0.008032047 -0.054731417 0.24447122 -0.026793059 -0.0136027355 -0.06948238 -0.104323186 0.23271778 -0.35742596 0.009946985 -0.1406751 0.08807694 0.25228062 -0.036419343 0.015699022 0.032882906 0.042889833 -0.42204234 0.22179987 -0.08574817 -0.11588346 0.080376126 0.018311566 0.30513188 0.14645912 0.093869925 0.25254998 -0.2911124 -0.32103214 0.35609 0.0451674 -0.058002707 -0.16459168 -0.2101764 -0.07428871 0.23663978
CYP -0.10148197 -0.0021114207 0.05396789 0.18161076 0.16367123 0.028429838 0.08679331 -0.30209646 0.052482598 0.040813114 -0.04357885 -0.18157491 -0.24033198 -0.07582454 -0.015154799 0.25858134 -0.19250873 -0.30083925 -0.011171782 0.10375727 0.07103606 0.1738766 -0.1715808 -0.44936758 -0.2967913 -0.12330622 -0.113771185 0.17793533 0.003478498 -0.16520788 0.32859296 -0.25029972 -0.11578441 0.2664837 -0.037594616 0.23981589 0.1815492 0.31090838 -0.04437791 -0.16935796 -0.068875276 0.33564368 -0.33363757 -0.06675002 0.24785051 0.09906547 0.12694328 0.13624337 -0.37569427 -0.03497905 -0.19019575 0.31547397 -0.05455233 -0.19193023 -0.058122315 0.15729184 0.25525585 0.06048328 -0.42462504 -0.4024628 0.03179844 -0.20637666 0.61673343 0.11679303 0.1267753 0.17238781 -0.088182785 0.026801163 0.037591062 -0.025552403 -0.078509495 -0.11313939 -0.27901006 0.108982965 -0.27663606 -0.08680096 0.017888598 0.045288987 -0.034383144 0.45563027 -0.24577062 0.24693763 0.030930636 0.04627157 0.01137995 -0.19629547 -0.27833068 -0.04925556 -0.114679985 0.251809 0.1848104 -0.4305352 -0.055220693 -0.026733141 0.36483395 -0.15118209 -0.13832064 -0.18763834 -0.11696193 0.08830676 -0.21630424 0.12906054 -0.28792852 -0.12443359 0.025188517 0.075877704 -0.11534601 -0.050459974 0.17727917 -0.2910287 0.24911687 -0.028471239 -0.008884711 0.079270326 0.14866568 -0.14011022 0.16282354 -0.1858536 0.26139024 -0.044671457 -0.26065937 -0.12363646 -0.07445387 -0.00020134769 -0.104268335 -0.084458895 -0.21317023 0.17569259
FJI 0.118459016 -0.012483311 -0.14988491 0.09636717 0.08106735 0.22397767 -0.16375765 -0.13121885 0.07040679 0.20742601 -0.09674706 0.097200096 0.019592289 -0.3009344 0.14114395 0.44650584 0.071317755 0.33395672 -0.091283895 0.111758016 0.13886921 0.01935867 0.13443214 -0.110888496 -0.20200579 0.16149165 -0.30399787 -0.22087452 -0.21941605 0.08729039 0.15691546 -0.081448875 0.38921872 -0.0074763773 -0.27861992 0.3377058 0.4574306 -0.4717505 0.2196243 -0.0471613 -0.05587725 -0.16848701 -0.10119382 0.077245526 0.041550446 0.46077842 -0.0347498 -0.16094123 -0.25751206 0.014855125 0.123967335 0.20911467 0.29673257 0.07438941 -0.116591506 -0.35425642 0.24691795 0.10533676 0.050581392 -0.15001544 -0.3312739 -0.090052105 0.008579322 0.3889204 0.20221601 0.05634864 -0.027762176 -0.2608588 -0.16006376 -0.1641195 -0.008197032 -0.08586436 -0.01659085 0.17144245 0.07422237 -0.11014178 -0.19250822 0.318443 -0.2083737 0.100014724 -0.093046166 -0.16347867 0.11849332 0.3639771 0.11773933 0.30018303 0.13013746 -0.12364253 0.38989964 0.12484379 -0.19218156 0.24728572 0.088377714 -0.026157964 0.23813805 -0.15351023 0.022335624 -0.27885455 -0.070994414 -0.20352066 0.30173075 0.10029243 0.17449458 0.13500659 -0.029917872 -0.20404351 -0.26966587 0.2009701 0.057290215 -0.038365725 0.075670324 -0.0924942 -0.0056408863 0.096067525 0.042661726 -0.25488636 -0.29594523 0.03094097 0.0058583673 -0.05953385 0.14588478 -0.018549545 0.16212884 -0.0020030278 -0.28686392 0.032801807 -0.34861904 0.21922304
ALB -0.094214484 -0.033644684 0.2226233 0.18802883 0.0028951135 -0.0132422745 0.04186376 0.13022803 -0.01979329 0.13981278 -0.11902966 -0.15509753 -0.14528167 -0.022545002 0.1368535 0.34259206 -0.041011292 0.12770191 0.2662197 -0.026521709 0.12927717 0.44637516 -0.03726213 -0.55379075 -0.13793173 -0.11759639 -0.17449962 0.1896029 -0.0701843 -0.32854915 -0.0009230506 -0.59400606 -0.19159111 0.04779962 -0.077592075 0.013370444 0.37725854 -0.21026628 -0.10839797 -0.26318768 -0.25121403 0.053406507 -0.3248145 0.04954776 0.20219019 0.05217695 -0.2805335 0.14218403 -0.072158545 0.11613049 -0.08977346 0.24178447 0.06273819 -0.0571394 -0.045999706 0.004800257 0.2662193 0.034513425 -0.23644073 -0.1260161 -0.21075472 0.0018633119 0.33021474 -0.049472462 0.21348956 -0.0012472519 0.048363645 0.18337722 -0.121090084 -0.08528388 -0.27260393 -0.14379267 -0.3293394 -0.11085013 -0.26042655 -0.17634082 0.09301693 -0.051451996 -0.08383257 0.20023261 -0.41720593 0.1310675 0.06976467 0.2317571 0.23647816 0.2650274 0.21171573 -0.21721594 0.16379476 0.16093567 -0.029924234 -0.32121053 0.05094516 0.054353897 -0.034011174 0.14220014 -0.05406188 -0.11013375 -0.19445579 0.18856467 -0.33206782 -0.10776341 -0.10248418 -0.08920386 0.27538118 0.0127212005 0.026811771 -0.068251416 0.052049976 -0.4304309 0.21514305 -0.14870231 -0.09278639 -0.108626716 0.085016064 0.29757956 0.19321623 0.08378755 0.21787396 -0.31772274 -0.2852102 0.2508598 0.01655612 -0.13842517 -0.037494656 -0.19144161 -0.024525892 0.23952198
MAR 0.10003145 0.002706048 0.12822293 0.1294535 0.10451393 -0.2552697 -0.12271861 0.0029842413 0.15201639 0.10721564 -0.23925534 -0.24711037 -0.016501393 -0.083959855 0.056253277 0.18117718 -0.014247896 0.2557154 -0.015472842 0.3381208 0.26153955 0.08761347 0.14846303 0.1585464 0.009096639 0.01373651 -0.16968647 0.17332768 0.08721725 -0.17020716 0.053638715 -0.14783683 0.033020288 0.036235206 -0.14701113 0.035951138 0.07382475 0.067676105 0.23136272 -0.019701878 -0.31523025 0.13011792 -0.17307961 -0.04542094 0.032993875 0.09431511 0.008266726 0.021051653 0.048074253 0.2854236 0.031041779 -0.028544039 -0.06889046 0.16995381 -0.26986432 -0.10225774 0.19149095 -0.04967846 -0.0915242 0.03921986 0.31082973 -0.15608841 0.25868228 0.08273755 0.19440243 -0.1752676 0.17556985 0.07485106 0.06784049 -0.008013613 -0.24050663 0.045639087 -0.2274048 0.13919024 -0.15869698 -0.27420005 0.14961973 -0.009317289 -0.17782499 0.4572526 -0.16480285 -0.2188276 0.028724201 0.26713222 0.11191671 0.2233791 0.20805067 -0.18265681 0.05623469 0.017490039 -0.09926392 -0.17643552 -0.063655026 -0.21151058 0.23925485 -0.13469593 0.020067355 -0.25051045 -0.09711752 0.08617352 -0.024037004 -0.12267943 0.06953887 0.075599186 -0.07806719 -0.082589425 -0.058424518 -0.0067281136 0.1859169 -0.13957232 0.05660645 -0.12136702 -0.15110734 0.010375257 -0.12100686 -0.1289062 0.15650465 0.024026524 0.20260048 0.026432969 -0.13404778 0.09355139 -0.10085482 0.08450593 -0.16200857 -0.27997306 -0.21547218 0.08086593
GHA -0.10016032 -0.19594613 0.29354295 0.18050788 0.27356094 -0.010767211 -0.11866952 -0.16564523 -0.0053459043 0.3494951 -0.15243095 -0.04142197 -0.015867073 -0.118875735 -0.039513648 0.32461217 -0.08148991 0.31189662 -0.06943197 0.3069239 -0.013538858 0.12042123 -0.083441414 -0.3799629 -0.18071373 -0.12550643 -0.13431257 0.002831892 0.205566 0.09060072 0.16963696 0.1448979 -0.0025690144 0.25533983 0.1471157 0.017659824 0.16061285 0.33151546 -0.017040439 -0.03467755 0.14738435 0.13942504 -0.3125227 0.1361839 0.045279402 0.28516567 -0.013833383 0.009871909 -0.3179026 -0.09154251 0.048508096 0.16382205 0.07157702 -0.19631034 0.037950505 0.21526258 0.05896492 0.24800567 0.06476922 -0.42946953 0.032526772 0.073510334 0.54118264 0.30970803 0.1825799 -0.15443687 -0.16735215 0.11130038 0.15466984 -0.2151829 -0.24204166 -0.15314443 -0.10685493 -0.0030088755 -0.24219754 -0.006321318 0.04440545 -0.03466116 -0.16608849 0.27442217 -0.25283214 0.24374242 -0.028608559 0.025744695 0.23334564 -0.21869743 0.0727834 0.043020938 -0.14619915 0.14872395 0.18510482 -0.32683593 -0.099301085 -0.12814623 0.36627364 0.096979305 -0.04314828 -0.12806766 0.02064154 -0.02962552 0.09128011 0.12916474 -0.16755575 -0.18992838 0.12416421 0.15257303 -0.11299405 0.1066874 0.14437933 -0.09212584 0.2413172 -0.047598843 -0.05842248 0.20214593 -0.10026976 -0.00906429 0.09732429 0.0051253075 0.219429 0.18554015 -0.075661495 -0.1559263 0.16621125 -0.14165042 -0.14423738 0.2128193 -0.19522989 0.14430183
KEN 0.07591752 -0.27906677 0.14672147 -0.05704788 0.28722653 -0.04800053 -0.07770514 -0.2618783 -0.0354757 0.23660624 0.01881847 0.062125687 -0.19132814 -0.056815162 0.07275043 0.17530136 -0.26965177 -0.22694503 -0.1017774 0.13437313 0.07254198 -0.08038439 -0.29389125 -0.13668486 -0.0643248 0.119675785 -0.013337673 0.16357869 0.17262249 -0.090315334 0.0787789 0.036757566 -0.031330846 0.20246124 0.29869923 0.0040219175 0.11794282 0.23265536 0.23314704 -0.028407533 -0.008606143 0.21607745 -0.35230145 0.18757914 0.12598641 -0.036014132 0.11645277 0.18036492 -0.25971177 -0.08074416 -0.09146711 0.18493445 0.003527565 -0.14744483 -0.033724796 0.12968314 0.084086865 0.10596827 -0.16759916 -0.14264494 0.042394005 -0.066902876 0.6182829 0.51029575 0.04335976 0.059215564 0.2809143 0.029064154 0.21136925 -0.08854237 -0.20825867 -0.06535238 -0.098384224 0.0046752766 -0.15170108 -0.0963892 -0.10025779 -0.10997255 -0.014359697 0.3299253 -0.14069133 -0.005418126 0.052189052 0.24684559 -0.011019593 -0.08941289 0.01007005 -0.022791961 -0.12615195 0.16423844 0.23270102 -0.16687503 -0.001994137 -0.19769147 0.42758387 0.0400507 -0.115566164 -0.124882884 -0.20002574 -0.023492223 0.12340148 0.12663448 -0.1584116 -0.10222071 0.088094376 0.06841969 -0.032397594 0.061527546 0.22575378 -0.12851216 0.22277072 -0.021709273 0.030692488 0.097786285 -0.050119836 -0.057351142 -0.00040653546 0.019676203 0.025293626 0.18341288 0.022687355 -0.0029019073 0.14408047 0.055866517 -0.2722921 -0.034826335 -0.097096846 -0.05620022
IDN 0.010934632 -0.16016059 0.12799864 0.16341724 0.11631542 -0.056147747 -0.105719574 -0.17634341 0.12519409 0.15253396 -0.22618909 0.042062156 0.121688016 -0.2291172 0.003344907 0.3102609 0.08224427 0.36557862 -0.093356505 0.055253852 0.071087725 0.3637341 0.03253413 -0.24300252 -0.07689814 0.047180176 -0.11185717 0.1614379 -0.08241703 0.19684279 0.058171358 -0.030779973 0.25508973 0.0019819308 -0.21401136 0.31218457 0.2620458 0.11103189 0.18427074 -0.17722903 0.083868094 0.053913374 -0.15785155 -0.019827653 0.064512685 0.3081017 0.04931935 -0.07459017 -0.1737772 -0.027984746 0.032342676 0.25496712 0.16684577 0.10223954 -0.0009416048 -0.105557494 0.054612063 0.1052186 0.03998595 -0.19776168 -0.056981202 0.04828694 0.13874312 0.17178093 0.20807339 -0.019403871 0.015434274 -0.106592104 -0.10251793 -0.08447682 -0.006059296 -0.0765754 -0.11293941 0.095569655 -0.17519702 -0.024878206 -0.019911911 0.053438045 -0.021940691 0.20273466 -0.20019402 0.18535246 0.01873451 0.111479335 0.034701034 0.24844104 0.02638765 -0.14992107 0.025646547 0.057507157 -0.039865177 0.11364818 0.08306021 0.0658686 0.33978456 0.070688844 -0.008982858 -0.31707737 -0.1688444 -0.108429395 -0.020077966 0.19895251 0.057246394 0.1521926 0.15155602 0.09641531 -0.15247834 -0.10345573 0.13659732 0.011171906 0.16724564 0.09349135 -0.1286894 0.29168054 -0.02437359 -0.17381518 -0.06291406 -0.048542272 0.06854179 0.0822826 -0.050519727 0.012132784 0.025837889 -0.17060745 -0.19889514 -0.10730972 0.020179002 0.21051088
ARG -0.0428269 -0.20248954 0.16133879 0.39105076 0.18350697 0.042951893 -0.12159178 -0.08988578 0.041365936 0.07335476 0.23618162 -0.014670538 0.08732014 -0.14570954 0.27434158 0.244101 -0.038597718 0.21957695 -0.10410355 0.150375 0.10887432 0.15428825 0.18490613 -0.1532187 -0.21519303 -0.024048204 -0.01363148 -0.30224293 -0.0092278775 -0.12214588 0.06796807 0.18967055 0.1885441 -0.03896899 -0.15555067 0.12604283 0.49238437 -0.2307893 -0.083534725 -0.078436255 0.1381073 0.057389606 -0.03369416 0.20103149 0.01043662 0.39031178 0.06145052 -0.041941322 -0.287916 -0.09230007 0.064634174 0.1606199 0.18487224 -0.18645471 -0.12103706 0.1548946 0.2046479 0.23567507 0.18305546 -0.16236769 0.010856839 -0.11999265 0.07805388 0.14137529 0.19517142 -0.3258501 -0.06440586 0.04956063 -0.10485584 -0.103080325 -0.06317624 -0.1953285 -0.12540442 -0.044463344 0.10031625 -0.04938808 -0.10136648 0.012860865 -0.049332615 0.24348553 -0.15614976 0.008758042 -0.095981 0.11686516 -0.0008187449 -0.0016719609 0.24608861 -0.10635944 0.25249347 0.0381021 -0.0025212711 -0.17663005 0.27384827 -0.17293522 0.08373463 -0.064808816 -0.04242667 -0.10615842 -0.10784605 0.03669285 -0.20123295 0.1038117 0.13787805 -0.12756288 -0.099584594 0.079608634 -0.25358018 0.38198245 0.14314063 0.02820216 0.21724825 -0.21037056 0.11126008 0.17129049 -0.093838066 -0.039830558 0.14150673 0.13801159 0.320974 -0.009528977 -0.11456014 -0.2381881 0.011426975 -0.16826935 -0.26223144 0.4137282 -0.07702782 -0.012215301
FIN 0.11393528 0.1659792 0.014443342 0.12539986 0.07709831 -0.061028283 0.18436821 -0.06529341 0.02971704 0.04693777 -0.14575401 -0.08448254 -0.09244478 0.04374098 0.084072985 0.31489792 -0.0359966 0.010032722 -0.05957906 0.13723715 0.14510915 0.30528677 -0.018090844 -0.34788772 -0.27460024 -0.12935863 -0.27832338 0.29598796 0.061095998 -0.10209623 0.16011341 -0.3749723 -0.012648311 0.16826242 -0.22680928 0.3284346 0.17521083 0.21561752 -0.08447818 -0.19031173 -0.2647716 0.26372004 -0.19052924 -0.12896493 0.0966792 0.041713793 -0.10846576 0.1406632 -0.1481023 0.11194653 -0.21118437 0.27187398 0.05950455 0.05578604 0.025073508 0.09456531 0.24632563 0.09067554 -0.23682155 -0.27383733 -0.056111187 -0.07717934 0.3951685 -0.104532436 0.16429171 0.09489436 -0.073817134 -0.04086074 -0.030124962 0.015031697 -0.12115071 -0.09497335 -0.30103153 0.031126138 -0.21361765 -0.1026002 0.21025726 0.09099222 -0.1243931 0.43893492 -0.19566685 0.01626872 0.07784793 0.18497616 0.18559524 0.011606962 -0.04497334 -0.12981245 0.07489442 0.18367448 -0.05282445 -0.29097867 0.03363971 0.09780633 0.358632 -0.072214566 -0.07419352 -0.19272405 -0.1375433 0.027499067 -0.19972093 0.06129763 -0.14773667 0.00021698282 -0.010247619 0.111371614 -0.100383736 -0.07368446 -0.08460236 -0.093507625 0.2709701 -0.050004657 -0.036499184 -0.14878488 0.0764309 -0.1499375 0.079034686 -0.1735253 0.17475207 -0.18209085 -0.2361738 -0.06949257 -0.14836046 -0.005945548 -0.09351379 -0.28754985 -0.24686627 0.208183
SWE 0.18947826 0.06751056 0.13343443 0.1652603 0.14902551 -0.05878188 0.068139374 -0.022119284 -0.08859242 0.11008423 -0.12925047 0.057955105 -0.050649073 -0.059400186 0.17459688 0.22138669 -0.011845367 0.2277952 0.022169355 0.09643634 0.10871038 0.43000674 -0.14841443 -0.25663495 -0.037421618 -0.07634562 -0.22799647 0.34021422 -0.015757844 0.0143116545 -0.06291101 -0.19694078 0.029347474 0.07753164 -0.165463 0.2763177 0.28003567 0.09343581 -0.06323026 -0.07016469 -0.17346573 0.06482553 -0.08012848 0.015810873 0.04703209 0.020484464 -0.1179378 0.031918667 -0.12950224 0.14611171 -0.08936332 0.27606252 0.14438027 0.09025547 0.09966441 0.026978042 0.11920237 0.02096288 -0.082486205 -0.109821126 -0.15421827 0.07904331 0.22264983 -0.079512335 0.18689428 0.017694134 0.119712465 -0.05618814 -0.10971394 -0.09955605 -0.20496729 -0.10195488 -0.25544995 0.007573465 -0.2143648 -0.11963165 0.10803873 -0.058195997 -0.08797095 0.2574414 -0.20873044 -0.016513795 0.10906655 0.21839488 0.15763603 0.18134457 0.11556588 -0.11048248 0.19155584 -0.007251095 -0.12968154 -0.13384868 0.050630197 0.09913852 0.24196027 0.12338798 0.04349625 -0.14270234 -0.20888212 -0.0068275337 -0.18780202 -0.0249195 0.0215971 0.1004674 0.09705636 0.14198948 0.03152977 -0.1009859 -0.2051739 -0.019898327 0.27998123 -0.007626872 0.027966786 -0.04063328 0.07016791 -0.060743418 -0.021274904 -0.06368596 0.07006669 -0.11071748 -0.053097863 0.10080612 -0.18048026 -0.019903915 -0.12305016 -0.2957926 -0.04406266 0.25279126
BOL -0.08797536 -0.14537087 0.11449843 0.41914648 0.20335422 0.05512455 -0.14538577 -0.044241816 0.018564997 0.034305647 0.2965028 0.015000755 0.09536637 -0.15369377 0.2837456 0.1631763 -0.019499237 0.26337388 -0.12221324 0.12312337 0.0019272615 0.17556334 0.15100771 -0.116902955 -0.17101568 -0.03197844 -0.0710057 -0.37715313 -0.13727702 -0.118541434 0.014038813 0.1452221 0.15025046 -0.11505271 -0.18411584 0.11784815 0.5026384 -0.36611277 -0.010965794 -0.06261764 0.13600565 0.098244004 0.05510997 0.20290554 -0.0678479 0.3200447 -0.018073607 0.02140075 -0.23914477 -0.048403483 0.05982034 0.15934834 0.20035483 -0.17806894 -0.11390798 0.0747573 0.12673323 0.2438752 0.18203416 -0.06862821 -0.0013001797 -0.11987511 0.02592968 0.2355688 0.2393701 -0.3205847 -0.036472254 0.09931958 -0.091653176 -0.13022484 -0.068667926 -0.19062877 -0.10862784 -0.10124226 0.14793539 -0.13995929 -0.06126117 -0.047801007 0.009145444 0.2724031 -0.12043686 -0.057511006 -0.057104874 0.13938884 -0.07222234 0.07788794 0.31515414 -0.08460505 0.19240583 0.010878961 0.041163452 -0.07617864 0.2550277 -0.18352348 0.0040750112 -0.08590203 -0.065375514 -0.06978113 -0.06591806 -0.055750705 -0.20036468 0.046726823 0.06348903 -0.041675724 -0.12554257 0.06943298 -0.22658545 0.37631947 0.24399039 -0.011082249 0.20146838 -0.16597764 0.095810555 0.14233905 -0.17128181 -0.0039161444 0.12800598 0.08837017 0.38563085 0.039605282 -0.15637167 -0.18441509 0.02778322 -0.1365397 -0.19350052 0.37959978 0.0026990795 -0.036687292
PRT 0.060130753 -0.06670661 -0.22313944 0.10239597 0.13949314 0.06655646 0.017927289 -0.32984793 -0.07953456 -0.05905746 0.09227846 -0.1606177 -0.101898275 -0.20359276 -0.02909935 -0.117251165 -0.09341565 -0.16174126 -0.19588877 0.14208677 -0.004626784 0.28062743 -0.010338531 -0.102503896 -0.30947596 -0.04432815 -0.24188046 -0.05122015 -0.3618374 -0.045614034 0.02884927 -0.06704591 -0.0710353 -0.031692535 0.04559789 0.050399613 0.21001798 -0.19957368 0.2556952 -0.029670566 -0.07414268 0.26016566 -0.22390589 -0.017109573 0.062220935 -0.031500146 0.07197652 0.19331746 -0.23929645 0.021978052 -0.03527027 0.22108294 0.031510107 -0.041559953 -0.12504263 -0.08776628 0.42144942 0.16910438 -0.2881093 0.099173896 0.01356177 -0.35830498 0.2706755 0.43495062 0.014285704 0.16261232 0.2357016 0.3191898 -0.055416644 -0.09096664 -0.1547718 -0.123426326 -0.07187555 0.064419925 -0.041358627 -0.24397287 0.060110558 -0.18679543 0.19527888 0.27104083 -0.028683063 -0.1287822 0.08074124 0.28596693 -0.13902476 0.25542015 -0.024773588 -0.044475865 -0.14923912 0.21100119 0.15895768 0.06765554 -0.060179096 -0.2702504 0.35526446 -0.19039525 -0.12876351 -0.03886558 -0.17923269 -0.054666664 -0.10677322 0.12338335 -0.30254972 0.33778256 0.13027203 -0.18571992 -0.17837588 0.05887029 0.24677627 -0.3275842 0.17458838 -0.043531258 -0.11158888 0.12925157 -0.17118594 -0.17686012 0.16431935 -0.09474871 0.31887743 -0.08013368 -0.41073886 0.028907117 0.059813235 0.025229936 -0.11044753 0.084785566 -0.0771969 0.2631354
DNK 0.15060876 -0.02178007 0.20550904 0.1524955 0.201352 -0.021531356 -0.15094791 0.25702062 0.07661763 0.16572605 0.10551148 0.2703443 0.048820585 0.10055204 0.24342026 0.4738545 -0.17568316 0.24054262 0.045188647 0.1789144 0.14248006 0.17863537 -0.0018462599 -0.28095675 -0.44008854 0.07112182 -0.20624016 0.21509817 0.23847103 0.18578796 -0.14877708 -0.2158065 -0.05837956 -0.097745575 -0.07240552 0.14471619 0.1700541 0.20012708 0.15366313 0.047245946 -0.15282634 0.23799895 0.15465552 0.068588406 -0.011292558 0.23000203 -0.2293086 -0.015366666 -0.01683675 -0.019085318 -0.2664181 0.15256603 0.26846665 0.02750467 0.23050386 0.2055302 0.18139598 0.18266873 0.047758 -0.2294198 0.13377136 0.09276186 0.13834912 0.06573442 0.35780254 -0.20002387 -0.10362375 -0.03762712 0.101038255 0.08326611 0.025383146 -0.09004635 -0.42504472 -0.12811907 0.059687596 -0.17052807 -0.1113951 0.20771423 -0.17169748 0.53463 -0.05559444 -0.24745426 0.080273405 0.31990302 0.3341172 0.06894881 0.0027824398 -0.07830209 -0.008545978 0.04331884 0.035731863 -0.08796619 0.22856253 0.124610715 0.23806937 -0.007981216 -0.06877853 -0.16815265 0.1283069 -0.1420076 -0.20233507 0.032682378 -0.23253457 -0.10189257 -0.12812595 0.22680654 -0.050075702 -0.03306362 -0.03653157 0.10506277 0.1296362 -0.10775288 0.10965411 -0.03718337 -0.020129886 0.059756026 -0.13951822 -0.05543531 0.18802589 0.028939422 -0.092364945 -0.06400928 -0.073325776 -0.025750449 -0.27364603 -0.27712315 0.056254443 -0.21961053
BWA 0.083700895 -0.4067065 0.15967433 0.15521392 0.21027233 0.002174672 -0.2896858 -0.090555936 -0.13499789 0.19604842 0.23162913 0.295038 0.015432607 -0.27155852 0.14116302 0.28209254 -0.18930364 0.30904 -0.2509884 0.10907947 0.0053267996 0.08937531 -0.13242611 -0.32084227 -0.085507385 0.17178664 -0.046481486 0.046148937 0.0069911163 -0.0009668553 -0.0003845889 0.2658806 -0.026917135 0.10165322 0.04671134 -0.060298882 0.29155484 0.016666671 0.09796593 -0.08755111 0.23329997 0.15259348 -0.1585363 0.19102554 0.053185083 0.115470365 0.031222561 0.14082229 -0.28425628 -0.04929103 0.08432913 0.029280921 0.060897548 -0.07583664 -0.019797618 0.07498242 0.0146717755 0.018595451 -0.02230749 -0.0043103234 -0.013573745 0.05575623 0.36534426 0.4378167 -0.012570402 0.12464934 0.15809652 0.07367467 0.02349792 -0.2882819 -0.18039666 -0.17826633 0.001239286 -0.028465701 0.04279288 -0.067641295 -0.034806803 -0.042405117 0.12551047 0.079459645 -0.06645168 -0.017651021 0.1031402 0.11286191 -0.121383406 0.1872538 0.26101524 0.073993795 -0.059835356 0.2246947 0.046253726 0.08853838 0.12923741 -0.23894237 0.19464207 0.092103794 0.047436185 -0.27185148 -0.1854178 -0.09594668 -0.11620315 0.0112728 -0.003967835 0.13427241 0.26970744 -0.046488248 -0.11637281 0.032680184 0.4105417 -0.030847868 0.2514445 -0.1105265 0.04481583 0.22842853 -0.28739107 -0.0034814985 -0.029712502 0.05610722 0.17211154 0.0027870585 0.024475534 0.0035081299 0.13779515 0.12608495 -0.2691 0.07680428 -0.15091372 0.09051219
EGY 0.07722457 -0.16323684 0.291624 0.038055148 0.28221813 -0.22377391 -0.13009642 0.021546692 0.0952153 0.16327989 0.11356465 0.037358224 -0.040228225 -0.021453947 0.3113733 0.24192631 -0.15931816 0.10283646 -0.023418192 0.1589238 0.14483878 0.016969882 -0.0013905411 0.04963328 -0.03486919 0.1695914 0.039811596 0.07736356 0.18146437 -0.15994649 -0.113602445 -0.038796008 0.073631845 0.020431126 -0.017556198 0.12814647 0.16605723 0.032148667 0.1537978 -0.048304502 -0.043622907 0.20022123 -0.15741517 0.23030628 0.11935485 0.17129838 0.051709954 -0.0005401747 -0.0018112859 0.12909995 -0.056834 0.08077628 0.11409474 0.022645028 -0.00283316 0.13741551 -0.07859481 0.20977376 0.031222366 -0.064454824 0.1348885 0.13688308 0.29133525 0.35324642 0.25933507 -0.35170105 0.2199711 -0.11214751 0.13466057 0.0037473957 -0.15976211 -0.09143266 -0.22059019 -0.029645251 -0.030228812 -0.10173223 -0.100060344 -0.09622424 -0.09695202 0.47150898 -0.041605122 -0.17445935 0.017326105 0.35426134 0.04772746 0.0935117 0.193427 -0.25498834 0.075100265 -0.07385945 0.012288743 -0.1629275 0.22617416 -0.096590914 0.19831967 0.073162325 -0.09782091 -0.24016781 -0.084228 -0.14096235 -0.03950513 -0.015588438 0.08345759 -0.05687337 -0.10001888 0.06048232 -0.11958224 0.07993249 0.12931825 -0.053361077 0.118132085 -0.2250262 -0.0057335375 0.067396514 -0.1572856 -0.12050967 0.02206972 0.032409694 0.12989429 0.20252633 0.1012906 -0.03011492 -0.046284325 -0.026603136 -0.31090242 -0.027569506 0.08633779 -0.17574994
LKA -0.14406116 -0.14598759 -0.14734517 -0.046479326 0.13831526 -0.07884671 0.06908933 -0.11757152 0.3125861 0.24138573 -0.06284457 0.08865412 0.037977457 -0.08993452 0.08133852 0.44107077 -0.038654007 -0.037373327 -0.14188732 0.07200479 -0.099301755 -0.091358475 0.11049098 -0.073695585 -0.27868426 0.23869152 -0.3269052 0.029750653 -0.030056736 -0.03629683 0.025677105 -0.41773736 0.3094223 -0.12740423 0.069903694 0.27585992 0.23009789 -0.30562425 0.49603933 -0.2767022 -0.23124564 0.19186194 -0.26583877 0.03570234 0.094175935 0.2388777 -0.09350157 0.10088312 0.058870163 0.11877352 0.09133243 0.14419988 0.055002548 0.013715579 -0.21729681 -0.3015999 0.0265217 0.123820424 -0.026879279 -0.108297035 -0.113653176 -0.13509151 0.09218425 0.382966 0.18649015 -0.15205845 0.055097528 -0.042103566 0.17198457 0.020923037 0.002367505 -0.13241355 -0.0023467124 -0.11937391 -0.08802859 -0.018278636 0.052999187 0.13277768 -0.17812048 0.36343524 -0.10551753 -0.08477398 0.065620095 0.3050564 0.012115156 0.1378215 0.11482935 -0.23028961 0.09336007 0.09680809 0.090476304 0.09460986 0.06186935 -0.23861255 0.28178573 -0.14954337 -0.22360653 -0.31829324 -0.10400696 -0.1315569 0.18616039 0.22405826 -0.067520864 0.055449024 0.06539521 -0.12846604 0.12406566 0.14540653 0.42655346 -0.25333655 -0.1176371 0.08801824 -0.26061186 0.008027122 -0.0761558 -0.0069820937 -0.120294146 -0.0703642 -0.079719715 0.16739532 -0.28602993 0.07110442 0.13220544 0.010048382 -0.03221105 -0.20336135 -0.060091045 -0.26733246
SVN -0.13023043 0.17200087 -0.053321343 0.074655406 0.23831378 0.09847928 -0.10250145 -0.1348309 -0.08471478 0.2191771 -0.21354948 0.046377108 -0.08984891 -0.07726412 -0.011767877 0.22281839 -0.180199 0.0073326454 0.090453856 0.2619095 -0.14901975 0.027546728 -0.25668857 -0.16346583 -0.18003929 0.039444767 -0.39446312 -0.012176788 -0.016610889 0.16160563 -0.027423223 -0.24369185 0.06988847 0.04219405 0.17627726 0.10870336 0.23718554 0.0010593187 0.30102897 0.04735176 -0.19999765 0.08562432 -0.16040002 0.15090789 0.021694003 0.13446692 0.041068025 0.013129587 -0.09550182 -0.004462906 0.025170598 0.3038776 0.04197805 -0.23015162 -0.1017541 0.010197796 0.12564309 0.16075848 -0.16039588 -0.16880767 0.0066324356 -0.028088791 0.22528447 0.25912043 0.31185383 0.16006155 0.051710885 0.07693367 0.27384716 -0.0893754 -0.21202196 -0.098799326 -0.22001675 -0.14436233 -0.19990769 -0.11558707 0.0042237984 0.007863808 -0.19187875 0.29182425 -0.28803822 -0.090939574 0.022877015 0.20436743 0.17521976 -0.18839425 -0.23256634 0.20958464 -0.08982011 0.07125567 0.19506517 -0.05723853 -0.3074721 -0.17489736 0.30749848 -0.11004217 -0.0003165725 -0.042596865 0.11379341 0.024157533 -0.11006781 0.07748821 -0.3424079 -0.06544727 0.022744719 0.2092271 0.10760866 0.07367471 0.19890483 -0.24543564 0.06780297 0.017825495 -0.1168401 0.18785553 0.08463529 0.092191175 -0.2778068 -0.12694155 0.14773151 0.19975942 -0.25781354 0.24475035 0.16930068 0.023184404 -0.15386699 -0.3326294 -0.24738203 -0.05102966
WSM 0.003904912 -0.2764436 -0.19375005 0.23261881 0.29257008 -0.021828674 0.10574119 -0.06039893 0.35201108 0.2855634 0.18495214 0.34421298 0.122859746 -0.0030558705 0.24376208 0.2982946 0.011963724 -0.16199751 -0.12144446 0.0945528 0.11801803 -0.015945986 0.04106393 -0.12871091 -0.21648169 0.04210269 -0.15282437 -0.062476564 -0.077302836 0.024547921 -0.103517994 -0.35369003 0.2533038 -0.11541707 -0.017104322 0.32379243 0.27327064 -0.31205207 0.3262548 -0.15808159 -0.10363631 0.30033237 -0.19164391 0.037464134 0.0009810966 0.091113105 -0.28682983 0.20350462 -0.115712814 -0.0821223 -0.100082554 0.21071175 0.179845 -0.017197467 0.025479382 -0.2271353 0.07634394 0.057809364 0.21359502 0.10340886 -0.020618249 -0.13376173 0.04134995 0.23848993 0.19176044 -0.4424566 0.26710427 0.184709 0.08578868 -0.2647716 0.1544133 -0.15440798 0.062969185 -0.19452989 -0.059734903 -0.13986906 -0.13249622 -0.009410837 -0.122382745 0.39475188 -0.14176053 -0.0019058229 -0.035398223 0.24513236 -0.05300592 0.13938144 0.39587873 -0.07843794 0.21738578 -0.12490822 -0.026859635 0.07110631 0.115413025 -0.06436296 0.19769253 -0.13886489 -0.11697291 -0.18802452 -0.19931725 0.050873585 0.15673286 0.15233535 0.11393206 0.00036534987 -0.10782796 0.062595375 -0.009023339 0.25469196 0.3276869 0.004818845 0.03906239 0.2953064 0.046698045 -0.047956493 -0.05288691 0.0378752 0.099710196 -0.033213828 -0.14446637 0.26679263 -0.2746981 -0.2839047 -0.0045869257 -0.14450672 -0.08293838 0.011089297 0.1979326 -0.26784575
MUS -0.22489215 -0.023486504 0.2045172 0.01864537 0.29415497 -0.26952574 -0.07650457 -0.2965521 0.049932167 0.26934254 0.21414138 0.2461708 -0.04345722 0.026925143 0.100913666 0.22673358 -0.14390989 -0.21229406 -0.22564991 0.22812258 -0.047742516 0.019781822 -0.1389494 -0.0935312 -0.08074505 0.2560365 -0.3683179 -0.03130364 -0.027014071 -0.08310269 -0.20186839 -0.10755399 0.05735598 0.17605291 0.21409073 0.22064778 0.13253817 -0.21724842 0.22272244 0.10642136 -0.26864898 0.17756833 -0.03204497 0.19119476 0.02406006 0.21891941 0.070146516 0.07331684 -0.08185699 0.26720664 0.17637232 0.03511109 0.02194753 0.03740979 0.07525382 0.12628911 -0.07492915 0.1528972 -0.03363688 0.08220809 0.059667803 0.22623183 0.26959634 0.16993724 0.12864397 -0.20997357 0.40469813 -0.015532936 0.29876724 -0.06766744 -0.092219055 -0.048563376 -0.2505999 -0.14420462 0.16435105 -0.1885281 0.11487226 -0.2042406 -0.31836557 0.14725825 -0.037222553 -0.30665448 0.12837131 0.4739894 -0.1042536 0.15181786 -0.051963523 -0.117184766 0.05095475 -0.0827625 0.2612009 0.060098093 -0.015565012 -0.3733483 0.4312768 -0.034420576 -0.068012826 -0.3239242 -0.14567633 -0.0075025284 -0.0007962794 -0.052051887 -0.050172202 0.32604274 -0.05301232 -0.13287868 0.11695506 0.20585598 -0.017031355 -0.08394944 -0.16814503 -0.059782933 0.11731305 0.19437748 -0.29454717 -0.16707991 -0.21990694 0.15064031 0.017704306 0.07329226 -0.105083875 0.13393685 -0.17071071 0.12938946 -0.29597762 0.0030090108 0.12389701 -0.22674948
UKR -0.09110721 0.11581324 0.15280072 0.22613795 0.0866899 -0.09113864 0.086312674 -0.16920875 0.017401628 -0.040718373 -0.22057821 -0.1459781 -0.06982971 -0.1573972 -0.05929493 0.11670437 0.019371165 0.17626157 -0.040363148 0.14896113 -0.055725634 0.44216296 -0.13083883 -0.32879686 -0.121855706 -0.022417266 -0.26692724 0.2771325 -0.206226 0.027470624 -0.007520522 -0.23764305 -0.012179205 -0.046814483 -0.2434025 0.21960652 0.27409795 0.055122804 0.045448456 -0.25369817 -0.19478779 0.12715572 -0.10029044 -0.056679066 0.06880793 0.03947552 -0.02592964 0.04404003 -0.12206332 0.10960322 -0.008558773 0.23171796 0.07538773 0.08031497 -0.09385859 -0.008506019 0.13322528 0.027044818 -0.21372873 -0.108930916 -0.12249793 0.036003213 0.27428052 0.04153003 0.22195709 0.14337887 0.0814041 0.023063876 -0.09228861 -0.01378075 -0.14422572 -0.052204113 -0.3028013 -0.019726442 -0.22524886 -0.13956492 0.20790946 -0.14505222 0.10833194 0.3524685 -0.19285573 0.07959288 0.049296536 0.118576914 0.07596248 0.123485304 -0.09650728 -0.10610793 -0.012813222 -0.0067879874 0.105050065 -0.031701803 -0.05576585 -0.012267835 0.30053207 0.062248413 -0.026414745 -0.16675504 -0.30435055 0.019609971 -0.37583873 0.08133251 -0.15936509 0.19038342 0.16598496 0.15339504 0.0499235 -0.15370768 0.013527695 -0.20226435 0.23682903 0.019607894 -0.14896835 0.17655082 0.0007517708 -0.11625723 0.09009786 -0.07355396 0.21826993 -0.14234532 -0.25728998 0.15327536 -0.0859297 -0.07167 -0.16252941 -0.32607213 0.07888839 0.22439702
LTU 0.10554927 0.060204912 -0.006668117 0.04892925 -0.013349356 -0.07077212 0.18631354 -0.15059443 0.12862353 0.05294467 -0.19304794 -0.13370295 -0.11671359 0.04631204 0.04249222 0.35330397 -0.01942047 -0.1448615 -0.087708935 0.073450126 0.15375839 0.26777908 -0.021389963 -0.33829725 -0.22721253 -0.07515577 -0.19050102 0.2941656 0.09132279 -0.14939573 0.21538994 -0.4140278 0.010268295 0.23166358 -0.24493277 0.3776296 0.18901336 0.26339728 -0.01414994 -0.2993172 -0.22678111 0.2709923 -0.31281352 -0.13325211 0.20475274 0.10055695 -0.020019734 0.14158407 -0.20890357 0.09346507 -0.24319158 0.25941727 0.018405188 0.0852405 -0.018281918 0.07921614 0.26817378 0.085663766 -0.30065614 -0.31449863 -0.05788659 -0.15610683 0.4517173 -0.07134983 0.12699014 0.10539298 -0.08965957 -0.061285064 -0.05966432 0.03151464 -0.09979995 -0.06621506 -0.27003416 0.11116901 -0.28779504 -0.05856507 0.18296151 0.09806 -0.13362071 0.40116325 -0.24658212 0.060406875 0.047574975 0.18044828 0.14508438 -0.021436695 -0.13264573 -0.16141723 0.07396144 0.22891904 -0.051924583 -0.2906935 0.01794721 0.0958706 0.47039533 -0.08100954 -0.08080516 -0.26626855 -0.15848999 0.07294054 -0.16701415 0.13347733 -0.1350554 -0.044955477 0.02246361 0.08377056 -0.14548844 -0.06711104 -0.011544565 -0.15582967 0.25375175 -0.017834542 -0.1063388 -0.036572494 0.1571059 -0.19230309 0.05962035 -0.20786317 0.15275706 -0.16042088 -0.20070612 -0.07716056 -0.120327145 -0.03446695 -0.095101684 -0.3137375 -0.23429964 0.20363116
NIC -0.21602072 -0.048822667 -0.11033624 0.1838117 0.28299254 0.0026109552 0.25796133 -0.03117854 0.07459017 0.27567345 0.023548698 0.09162793 0.13619657 0.1451683 0.22267939 0.28318647 0.1859692 0.01705975 -0.19160573 0.21101373 -0.07226367 0.003126769 0.041743107 -0.15309368 0.068119474 -0.073178455 -0.26640078 -0.14744458 -0.21280469 -0.16308531 -0.046591673 -0.08897362 0.22040309 0.09704536 -0.015670665 0.28608873 0.07981312 -0.300533 -0.08669234 -0.04746044 -0.08187428 0.34332275 -0.12256021 0.10760198 -0.108778685 0.14454226 -0.08412496 0.36919487 -0.028383102 0.07247059 0.06677946 0.17397347 0.03810771 -0.12595303 0.0071901083 -0.11312197 -0.14337204 0.15025502 0.19022126 0.15427984 -0.121217914 0.031556595 0.19423479 0.018788688 0.25533906 -0.27655488 -0.0116848815 0.021098867 0.2495345 -0.53905857 -0.13561572 -0.32444522 0.03151335 -0.2761223 0.0009745015 -0.30692282 0.2090863 -0.18814962 -0.44578242 0.24880052 -0.27194485 0.01697597 -0.018141586 0.045346778 -0.10274948 -0.014334254 0.5636104 0.07650783 0.3236799 -0.08776638 0.01952165 -0.23770526 -0.057605166 -0.11158893 0.21250366 -0.022951012 -0.13657238 -0.19519646 -0.11539891 -0.025268806 0.027209165 0.0949276 0.22645232 0.12351534 -0.1781997 0.13159531 -0.24127974 0.2991315 0.1733685 0.23219998 0.24697754 -0.008274751 0.14648724 -0.064161725 -0.43607458 0.106906585 0.24545011 -0.111326806 0.23123457 0.15705165 -0.33768818 -0.1932835 -0.16592146 -0.018567098 -0.19155632 0.12862375 -0.15576045 0.09115681
AUT -0.026847495 -0.08551468 0.14247806 0.18178737 0.093590304 -0.03284882 -0.03693193 -0.07029064 0.058384925 0.12048596 -0.08567562 -0.11398056 -0.0040966277 -0.08360421 -0.013727123 0.29340145 -0.051466964 0.19659579 -0.048337493 0.17903729 0.06361092 0.2661845 0.118644804 -0.36818612 -0.26576528 -0.0215346 -0.17343642 0.11061973 0.015746534 -0.014496075 0.08083908 -0.08521162 -0.04954253 0.058792647 -0.07751805 0.04183585 0.19954705 0.09287409 -0.06651853 -0.13404907 -0.08640675 0.13740656 -0.14357522 0.0027228529 0.04932958 0.19510086 -0.034383498 0.05491503 -0.17500325 -0.011251938 -0.014974 0.077335015 0.060947258 -0.027933106 -0.03081037 0.098537646 0.29171646 0.17359611 -0.07468556 -0.2514921 0.01897739 -0.089282796 0.305536 0.037909456 0.1657117 0.0037977032 -0.11068773 0.10839396 -0.049889114 -0.053778447 -0.082187064 -0.12562208 -0.2182724 -0.0010315715 -0.11232883 -0.12517528 0.11909715 0.02228202 -0.08183436 0.19860502 -0.18098772 0.046386153 6.841213e-05 0.096212275 0.16391088 0.0017263847 -0.018606206 -0.045807034 -0.026924815 0.147045 0.06341723 -0.1793628 0.02795347 -0.08060374 0.29214847 -0.05464192 -0.04309238 -0.14817813 -0.073502265 0.02295769 -0.19440393 0.076412775 -0.12398744 0.031613976 0.11981894 0.02947301 -0.15122949 0.034493856 0.060431793 -0.1250119 0.20308933 -0.09076516 -0.068852134 0.10084412 -0.0811425 -0.009932141 0.1692442 -0.0052942405 0.3031933 -0.16507524 -0.22173032 -0.09145827 0.01491351 -0.078900486 -0.1864854 -0.0025385988 -0.1631632 0.18018998
JAM 0.038582318 -0.2057403 -0.14351091 0.22486901 0.25985286 0.03815207 0.19832532 0.046842366 0.0069458075 0.28660753 0.11508856 0.04577104 0.1038066 0.22556761 0.21340834 0.20153064 0.0014010139 0.024245352 -0.1935642 0.08252966 0.22730647 -0.04190104 0.11143535 -0.17003725 -0.047228966 -0.0040472834 -0.18360958 0.078868076 -0.12508664 -0.1131899 0.058792956 -0.07251193 0.35057086 0.17119882 -0.009424056 0.1926236 0.23797527 -0.25524274 0.101931565 -0.07612497 -0.050291345 0.22397017 -0.1624143 0.056023035 -0.10020758 0.0005687552 -0.04751938 0.39541355 -0.027219303 -0.09681356 -0.0890165 0.2657129 0.07881611 -0.18458524 -0.08198208 -0.055882283 0.027002208 -0.02125508 0.14719364 0.22916548 -0.020496119 -0.19377175 0.16205172 0.07128182 0.099624366 -0.09832255 0.19292225 0.009924715 0.06301659 -0.35643622 -0.12682332 -0.23759061 0.12918743 -0.0806956 0.0681788 -0.2444727 0.04851812 -0.08743528 -0.20436542 0.22462311 -0.24157737 0.02733027 -0.061755657 0.043905042 -0.12533157 0.09987518 0.53842556 -0.020870911 0.30914035 -0.008566866 -0.05167081 -0.10038641 0.11763013 -0.08010924 0.14796647 -0.16559376 -0.22238617 -0.15520933 -0.23115128 0.017431974 -0.02920607 0.08780873 0.1927913 -0.061829265 -0.20267883 0.13350017 -0.24975486 0.22046518 0.18789758 0.38706753 0.30979127 0.047051918 0.15957382 -0.19222717 -0.3873392 0.21294074 0.118349805 0.016027583 0.1257553 0.02540456 -0.2828663 -0.09132889 -0.08511588 0.06462766 -0.26767424 0.030042967 -0.1605556 0.08934739
ETH 0.044295095 0.070356496 -0.10294536 0.2180691 0.18616799 0.20154868 -0.2553346 0.09030364 -0.21091656 0.20605674 -0.03146084 0.11899001 -0.062373407 -0.21515568 0.25722066 0.26871902 -0.17085385 0.3003648 0.15178613 0.24621105 0.0035017019 0.15694118 -0.16215776 -0.11308587 -0.21086912 0.053827494 -0.34953877 -0.09612631 -0.13081986 0.107811585 -0.083834544 -0.07279327 0.090873644 -0.034635082 -0.020190837 -0.021211255 0.42939728 -0.27872154 0.10230523 0.1601791 -0.10760053 0.01042144 0.06926575 0.17134997 0.004342951 0.20663266 -0.019095179 -0.015735112 -0.09193104 0.013543954 0.07434573 0.20033169 0.14530694 -0.15470332 -0.108682886 -0.12642822 0.29703102 0.060437646 -0.054670382 0.006972748 -0.036263537 -0.18795395 -0.00893793 0.06435932 0.33661622 0.16822474 0.008808561 0.07270036 0.072084 -0.28086004 -0.16639102 -0.13390532 -0.11694626 -0.083699435 -0.026470214 -0.18958287 -0.16085212 0.1422345 -0.23640795 0.087475955 -0.19403301 -0.24735011 0.11243519 0.22161998 0.15884015 0.009859677 0.08260957 0.25978497 0.20781353 0.032737523 -0.102879964 0.033104215 -0.12627305 -0.109798364 0.027220443 -0.18784982 0.15931578 0.012993249 0.23894241 -0.078959875 -0.29668358 -0.047634207 -0.06053839 0.0033728774 -0.0010096045 0.09113025 -0.031206615 0.15043965 0.15955353 -0.15495698 0.14997348 -0.11272525 0.037254374 0.1388189 -0.0034050264 0.14509746 -0.27070928 -0.13804288 0.23323853 0.03821399 -0.1045244 0.17778882 0.14048028 0.177448 -0.16087587 -0.27607813 -0.3310878 0.09535606
GMB 0.14440158 -0.2494787 0.1536968 0.0026611474 0.27291593 -0.096283056 -0.11605585 -0.15960568 -0.07326742 0.25285128 0.15219948 0.14965089 -0.1464097 -0.15466954 0.2459113 0.16520718 -0.17093988 0.023903051 -0.102967866 0.15717603 0.10092061 0.058480393 -0.18818156 -0.08579809 -0.03092955 0.18162504 -0.032423906 0.18083273 0.07549547 -0.1386666 -0.113551594 0.013156915 -0.016242206 0.093161516 0.08997228 0.10621309 0.21910611 -0.022451255 0.13729326 -0.044336833 -0.041805666 0.15523244 -0.2650139 0.20983344 0.16084911 0.014766469 -0.0832477 0.10960555 -0.13421324 0.11444536 0.026624124 0.08098523 0.04718901 0.05267867 -0.035043057 -0.01826971 -0.021164332 0.0058655194 -0.0798346 0.06477982 -0.08354093 0.021228202 0.35041827 0.29282278 0.019392252 -0.0959231 0.36577627 0.015131512 0.015556546 -0.17436774 -0.21926376 -0.058948252 -0.050023254 -0.04132255 -0.07949715 -0.13291562 -0.11370711 -0.119599335 -0.0133596435 0.25020412 -0.075962596 -0.10157059 0.054297812 0.34572056 0.037673686 0.17092614 0.284353 -0.12997188 0.09742174 0.056171514 -0.050284233 -0.009678598 0.089571685 -0.1501764 0.26733482 0.135678 0.00408148 -0.18151987 -0.24746662 -0.031712264 0.0024217018 -0.05584895 0.09772923 0.022625256 0.16936652 -0.046911925 0.0826658 0.06830469 0.12401653 -0.14580068 0.18753436 -0.090521656 0.059351567 0.00030992323 -0.049720936 -0.022979692 -0.015715156 0.10517458 -0.048743404 0.06372184 0.16445118 0.10460286 0.07863455 0.09038462 -0.20299822 -0.12780622 -0.024213586 -0.00682374
DOM -0.007625161 -0.21137802 -0.11094494 0.2599914 0.2784896 0.03783614 0.16795072 0.035307474 -0.0146558 0.2733966 0.22027913 0.033614554 0.039840255 0.19731055 0.2253882 0.18256366 -0.024837933 -0.06754565 -0.15966946 0.029430887 0.24755976 -0.033333838 0.119550936 -0.19775604 -0.03363613 0.0011245161 -0.14918016 -0.015449459 -0.14788505 -0.17716473 0.05854858 -0.038833395 0.3419378 0.20504895 -0.0133608915 0.18473133 0.28409424 -0.35126916 0.054279022 -0.030697284 -0.03704788 0.20789365 -0.1184938 0.074004054 -0.060649388 0.0778185 -0.0116149 0.3768746 -0.10167663 -0.098127574 -0.0474497 0.28399536 0.0564945 -0.26318666 -0.07546646 -0.023704553 0.040383074 0.009263153 0.13635589 0.18480332 -0.031189404 -0.19071569 0.1388628 0.05634591 0.10888271 -0.12582766 0.20819171 0.009822755 0.038905747 -0.35543603 -0.11139074 -0.2593272 0.066991195 -0.059106853 0.11745903 -0.24655151 0.0064729997 -0.07666504 -0.24082714 0.1632917 -0.25769183 0.034830224 -0.044004567 0.074138895 -0.17165619 0.0858652 0.50601786 -0.055490065 0.35636735 -0.016474783 -0.02667811 -0.16984844 0.14978872 -0.12712389 0.10660339 -0.1757722 -0.24087952 -0.1681712 -0.21946353 0.019557076 -0.049624585 0.07926416 0.20661375 -0.042581156 -0.19874752 0.05607383 -0.283989 0.29514468 0.14018972 0.33280042 0.2939445 0.00372707 0.19131891 -0.1581589 -0.34738627 0.18479453 0.1650958 0.021056077 0.16845377 -0.0085950745 -0.28360292 -0.10862269 -0.11902875 0.042486362 -0.27236202 0.14497629 -0.14524235 0.075875185
CIV -0.16786756 -0.13459459 0.24254811 0.23486538 0.2537207 0.0055458313 -0.07191733 -0.12647998 -0.04915683 0.21742445 -0.045237202 -0.02443664 0.09418147 -0.12533396 0.06982985 0.2887234 0.024105482 0.35221937 -0.09139126 0.2881928 -0.11833102 0.18957603 -0.06634974 -0.3434792 -0.093228675 -0.13469808 -0.09436855 -0.19479842 -0.010152717 0.059560582 0.08515548 0.22269547 0.01598473 0.08854471 0.020446323 0.0379732 0.18176743 0.10990491 -0.15746042 -0.07187892 0.19442521 0.21560219 -0.17506479 0.2158635 -0.033838958 0.31406814 -0.062509716 0.07064683 -0.24618867 -0.085703544 0.102830425 0.1529318 0.07167478 -0.17752545 0.01960207 0.1486821 0.00068260566 0.3005419 0.12239244 -0.29129723 -0.05928289 0.103869356 0.40640792 0.21872114 0.25714877 -0.17461695 -0.21185046 0.05895447 0.14321168 -0.35580245 -0.2401741 -0.23063517 -0.08567847 -0.15246347 -0.11652422 -0.11203473 0.116229385 -0.1284229 -0.1842557 0.22547546 -0.24068604 0.15328243 -0.028449418 -0.03659288 0.10434543 -0.18351462 0.2563768 0.11718123 -0.06972112 0.11065411 0.11992983 -0.22651008 -0.05918729 -0.12051473 0.2758171 0.13972025 0.012617788 -0.14836478 -0.023768932 -0.07401288 -0.059144765 0.15752766 -0.060462262 -0.047758725 0.12641992 0.190966 -0.20251001 0.14751954 0.2164102 0.026469298 0.29119807 -0.09288237 0.014275162 0.21619889 -0.26507932 0.05599131 0.20058012 -0.027554398 0.34099787 0.16302349 -0.14271231 -0.18592848 0.10968018 -0.16106524 -0.15811944 0.24601935 -0.10378305 0.18823124
PRY -0.011608496 -0.06492579 0.1480612 0.43049428 0.20905834 -0.08426542 -0.062367823 -0.05335651 0.18030865 0.021917358 0.04967307 -0.15735435 0.085317165 -0.036832135 0.12678044 0.15165265 -0.037791025 0.21459982 -0.12476368 0.26119447 0.15370852 0.05425312 0.18545806 0.0458773 -0.17178914 -0.07437552 -0.14244285 -0.13015927 -0.03469813 -0.07287802 0.10410514 0.04590539 0.21874985 -0.051219206 -0.17775708 0.10270094 0.28709456 -0.08455893 0.17789894 -0.038316734 -0.051416263 0.12184356 0.0025947895 0.0657038 -0.08482216 0.20769617 0.0004749841 0.055652067 -0.12381092 -0.009387281 -0.030732136 0.15226384 0.07125692 -0.079589725 -0.20594381 0.050117023 0.1495728 0.091970146 0.12827452 -0.02851464 0.16256484 -0.16614679 0.07911865 0.2186533 0.21960199 -0.3167482 0.06286025 0.06114147 -0.022760041 0.024219343 -0.033903785 -0.008313789 -0.16990136 0.058182374 0.07480581 -0.20163395 0.00672409 -0.08653909 -0.004275196 0.49133548 -0.13945615 -0.08826835 -0.053958964 0.12190602 0.0006494521 0.04515256 0.17236677 -0.13071544 0.085081756 -0.08620421 0.08084117 -0.10446939 0.19227752 -0.1597766 0.13670461 -0.14587039 -0.14432359 -0.07830588 -0.12339585 0.05730646 -0.097648926 0.042903095 0.048446268 -0.083891094 -0.24951328 0.081492715 -0.09715401 0.27572757 0.18678287 0.11055226 0.12721941 -0.021515744 0.033295166 0.09151895 -0.1872098 -0.055830162 0.23072945 0.14367494 0.31201965 0.10627993 -0.19629234 -0.15914124 -0.034829646 -0.063717194 -0.2846649 0.13681999 0.042350415 -0.047005717
LUX -0.17285357 0.10717078 0.0070827897 0.34143814 0.24121113 0.019175673 -0.08401708 0.16536964 0.025971701 0.2250611 0.09990136 0.2324629 0.06827833 -0.030459203 0.14312746 0.26839823 -0.13910007 0.036239322 -0.12569787 0.13914229 -0.080913514 0.15559573 0.0098232115 -0.4504602 -0.32889512 0.28082624 -0.42756274 0.2942636 -0.04587116 0.11340699 -0.16653325 -0.2218158 0.04363619 -0.024104325 0.011712793 0.072974004 0.22156037 -0.24767694 0.06415308 -0.054860838 -0.35303116 0.25542843 0.18336919 -0.10816201 -0.012994484 0.05573202 -0.07609851 0.26673585 0.0071846894 0.112504765 0.049509093 -0.043759722 0.091024265 -0.16639927 -0.028994258 -0.021722639 0.038429257 0.020100651 -0.01140037 -0.029534336 0.10168856 0.017595707 0.043764126 -0.17721507 0.19979522 0.17541878 0.03502513 0.10077011 0.19895455 -0.10770597 -0.027042307 -0.30884445 -0.17640679 -0.2685829 0.104452476 -0.15857695 0.36649573 0.1452182 -0.23122907 0.19222973 -0.19650848 -0.09544908 0.16280289 0.088851444 0.068185456 -0.14034587 0.046448592 0.1583007 0.2204403 0.035927165 0.11120273 -0.042045828 0.029701823 -0.24814059 0.09779999 -0.25505838 -0.1058068 -0.22223099 0.023492662 -0.08157285 -0.4559845 0.021502277 -0.20565847 0.1329563 -0.07035605 0.03512612 0.14045344 -0.009099229 0.034853783 -0.037689514 0.11918314 0.011870841 0.12201224 -0.14419615 -0.2578268 0.09140363 -0.11799462 -0.23101926 0.15272826 -0.29189688 -0.44044158 0.07806057 -0.12234791 0.22017503 -0.21724945 -0.30980912 -0.24766913 -0.116175316
CRI 0.086541 -0.011581771 -0.108354695 0.13338855 0.22044253 0.14249144 0.08828386 -0.044273138 -0.112282604 0.12028834 0.044343404 -0.08618217 -0.2071148 -0.09234865 0.30415457 0.12113134 -0.05897579 0.026967596 0.070070885 0.12630911 0.12962082 0.12481895 -0.038486063 -0.003678391 -0.09968834 -0.049767274 -0.17958508 -0.105438635 -0.1416532 -0.1209315 -0.033431876 -0.06971284 0.18895218 0.07181929 -0.09084742 0.22655481 0.3951894 -0.34632924 -0.024540909 0.06388014 -0.086770885 0.043083496 -0.087556034 0.17543504 0.08025376 0.1587525 -0.02813781 0.033603147 -0.11326576 0.017770465 0.02844786 0.27578774 0.10881942 -0.107314505 -0.04646814 -0.1148297 0.2114118 0.11441735 -0.03235336 -0.011410704 -0.2305199 -0.22182362 0.08083267 0.08033087 0.17431238 -0.09757658 0.13084112 -0.039717507 -0.10742741 -0.2706275 -0.16108057 -0.11061869 -0.047671426 0.040587384 -0.06268684 -0.15604098 -0.17843188 -0.043228146 -0.15611713 0.15005694 -0.14243278 -0.13818787 0.014724557 0.22865395 0.058709808 0.07122385 0.26648623 -0.03628594 0.3673656 -0.053257283 -0.15243806 -0.14572366 0.0030966096 -0.035881154 0.12121533 -0.05036487 -0.0290223 0.029624706 -0.09200515 -0.027901247 -0.045709413 0.02275078 0.16728267 -0.03725278 -0.020994008 0.001668306 -0.121524654 0.28531066 -0.07368648 -0.07991538 0.23220181 -0.090560175 0.06218161 -0.03607414 0.06031772 -0.014472373 -0.0078081726 -0.039103795 0.12159331 0.043405924 0.013785715 -0.0073549654 0.007534649 0.061471533 -0.13607682 0.007602214 -0.13784085 0.20673992
SVK -0.07239406 0.13943712 0.035462353 0.20259485 0.09793094 -0.031178558 -0.07219575 0.12289596 -0.01643888 0.1228281 0.050354313 0.20285235 -0.037487485 -0.13422637 0.17605816 0.31044737 -0.09354097 0.1608251 -0.012884034 0.107920796 -0.1580489 0.2926097 -0.06722593 -0.3377013 -0.273357 0.1662439 -0.38756606 0.14644915 -0.048326578 0.024741229 -0.16051707 -0.30264577 -0.0983028 -0.09823872 -0.14949767 0.1615603 0.2939409 -0.16085108 0.11707361 -0.14844689 -0.27944222 0.22468969 0.0665236 -0.016888587 0.0788431 0.08996661 -0.15738282 0.14736749 -0.0074437098 0.194632 0.103463255 0.025740458 0.08182406 -0.03572913 -0.060617268 0.00595758 0.0695083 0.09597371 -0.12998986 -0.091094375 -0.06805136 0.05546604 0.030253353 -0.051573135 0.28511503 0.0064860657 -0.039467327 0.043630455 0.0724793 -0.036170155 -0.14974199 -0.22113377 -0.29595742 -0.24285787 -0.09797424 -0.11903029 0.20650737 0.16146584 -0.13788715 0.26695126 -0.14376052 -0.15896547 0.14138633 0.19264992 0.1122728 0.04485229 0.029811261 0.010532957 0.08532578 0.07245126 0.041315723 -0.040121946 -0.025006069 -0.16142629 0.08151151 -0.09023363 0.031656083 -0.17653239 0.061362337 -0.12106187 -0.36661893 -0.08076662 -0.27895838 0.2165917 0.092140526 0.029637026 0.17052346 -0.039578397 0.0859437 -0.26645634 0.09198422 -0.056416817 -0.07413129 0.0070078624 -0.054166134 -0.020018365 -0.17207977 -0.2643958 0.19777793 -0.09073608 -0.3042793 0.1286526 -0.1136304 0.106526054 -0.0565496 -0.35354796 -0.14918277 -0.12511443
BGD -0.088190354 -0.20697387 0.00030307495 0.043650992 0.1535327 -0.118136205 -0.022185562 -0.19192867 0.25993335 0.23147397 0.012205934 0.156884 0.014677947 -0.1020575 0.20163247 0.2954419 -0.06878166 -0.03555275 -0.08165948 0.079332694 0.07077179 0.078679025 -0.005699842 -0.03552748 -0.15637085 0.12284176 -0.15963542 -0.041851286 -0.021426057 -0.11235208 -0.042568974 -0.33697286 0.20216867 -0.024341498 0.013631835 0.21968243 0.23999427 -0.2352011 0.332214 -0.13229206 -0.099689335 0.1139872 -0.25924015 0.110160075 0.09475592 0.19913451 -0.05705504 0.04694412 -0.021968067 0.111241445 -0.0046453187 0.18954363 0.10737703 0.09609428 -0.060157366 -0.1450715 0.021464327 0.07540818 0.025065305 0.012766375 -0.036854014 -0.007399289 0.14664343 0.33899847 0.19191632 -0.2467711 0.24032502 0.047571886 0.10253331 -0.054207806 0.0039033028 -0.055598564 -0.10263782 -0.02900744 -0.079784006 -0.052411046 -0.080932006 -0.02884852 -0.14931114 0.31463596 -0.1020087 -0.049319565 0.043728415 0.40226072 -0.029509634 0.2566483 0.14521135 -0.22756924 0.10666757 -0.0023471457 0.055540953 0.042858507 0.09377741 -0.12425462 0.23559938 -0.049293872 -0.106182724 -0.24703395 -0.10486029 0.0037167703 0.13427542 0.11598611 0.06853169 0.026923971 0.006637261 -0.057110835 0.006170653 0.14673674 0.3011301 -0.24462628 -0.032284122 0.05414733 -0.10698197 0.107841894 -0.0061718933 -0.013389138 -0.075845964 0.04122237 -0.068467766 0.18828678 -0.07889713 0.061403286 0.067749575 -0.07477363 -0.08259187 -0.04837226 0.13766976 -0.16151246
SDN 0.06693514 -0.1718373 0.021798223 0.20854081 0.19852145 -0.058204636 0.0038068562 -0.19147524 0.14990804 0.1396348 0.035435487 0.09442468 0.0070400895 -0.21993797 0.1463415 0.17357813 -0.066536374 0.14155786 -0.3631733 0.32496986 0.042245466 -0.03439922 -0.063058645 -0.08695922 -0.28496113 0.16120599 -0.19330385 0.21084963 0.048017126 -0.07164242 0.021397837 -0.07247472 0.10126163 -0.061663713 -0.07622615 0.11497469 0.20384142 -0.07339511 0.24038221 -0.21433641 -0.15848961 0.12224169 -0.27808383 0.034768425 0.12485483 -0.01960482 -0.13113463 0.08959232 -0.08485347 0.11390693 -0.019610755 -0.022429135 0.10096647 0.15622702 -0.15574403 -0.16707239 -0.021349428 -0.10406558 -0.041001372 0.16486047 -0.06132211 -0.0019762246 0.24678983 0.36657327 -0.08440044 0.016855367 0.200213 0.03981415 0.018600572 0.012015639 -0.09784884 -0.00081960234 0.015562311 -0.03765055 0.0049819597 -0.044631153 0.14224389 -0.029930625 0.18066895 0.49135685 0.052430734 -0.10366762 0.02812219 0.26180777 0.12856475 0.098236196 0.23529191 -0.017293291 0.10761228 0.08603574 0.01943378 0.13230003 0.10082627 -0.18675743 0.25230837 -0.002339403 -0.10498649 -0.18945363 -0.3365413 0.037999723 -0.0027773285 0.017754612 0.024434308 -0.05674945 0.035150602 -0.015670339 0.10772573 0.07095591 0.27038735 -0.17098305 0.1899538 -0.010016217 -0.02523878 -0.03533752 -0.1282219 -0.15099241 -0.0072634974 0.07143663 -0.120445915 -0.017204534 0.005665564 0.028950725 0.20977397 0.14037786 -0.18301456 -0.19017577 -0.08758415 -0.08378252
BHR 0.10076601 -0.06874415 0.12690605 0.090979956 0.28625432 -0.10310765 0.073339306 -0.082460046 -0.07984014 0.17896076 0.04426246 0.08402985 -0.13040979 0.040818498 0.3628845 0.18147416 -0.09343062 -0.057678003 0.012996066 0.10091245 0.12432285 0.22735438 -0.23612742 -0.0014006005 0.07853925 -0.06435922 -0.115839295 0.06208431 -0.011948077 -0.17132205 -0.1345827 -0.07919175 0.11777152 0.12376061 0.052898582 0.29440424 0.2684526 -0.07992971 0.07360478 0.05198404 -0.09450712 0.13197148 -0.13507207 0.23771079 0.01576097 0.06836004 0.002480276 0.10148492 -0.091066964 0.11489882 -0.05656524 0.332162 0.066975884 -0.06886503 0.11539841 0.045648333 -0.012413454 0.13596351 0.04408433 0.0010539669 -0.10702567 0.047416966 0.18591045 0.13240832 0.14156212 -0.19311431 0.3340321 -0.08083237 0.030742072 -0.14068024 -0.21627942 -0.09278547 -0.15802671 -0.014495918 -0.06916248 -0.12436274 -0.0728883 -0.26255634 -0.17295633 0.25353822 -0.17992643 -0.1276438 0.092849486 0.33450314 -0.03194303 0.18324237 0.2201103 -0.13704544 0.24023706 -0.10421738 -0.03456838 -0.19963947 0.06928353 -0.039679807 0.18940063 0.1701793 -0.043757476 -0.03349456 -0.21842347 7.0498674e-05 0.014000443 0.09035543 0.1655863 0.036480315 -0.0006991164 0.07387364 -0.0263313 0.1612334 -0.09973454 -0.005151886 0.19400528 -0.036999825 0.0781771 -0.03016397 -0.014814488 -0.04619031 -0.0622674 0.034035813 0.012210847 0.13921882 0.030199796 0.0663362 -0.13063018 0.01435367 -0.17264442 0.023460649 0.100249246 0.10076824
IRL 0.027511967 -0.13859329 0.3109787 0.16939105 0.20071256 -0.057443034 -0.24849583 0.24322212 0.021685746 0.16041893 0.10022222 0.058527086 0.02979493 0.022910679 0.14198999 0.39050737 -0.20579898 0.34148234 0.09562276 0.18370408 0.15934114 0.16426384 0.112819485 -0.29394647 -0.336326 0.121226825 -0.10226169 0.11608438 0.16783689 0.08995198 -0.09311558 -0.02974686 -0.0784767 -0.03875207 -0.032736324 -0.09533989 0.15752873 0.15161635 0.08463345 0.037315357 -0.017977886 0.20134343 0.08444184 0.1243018 0.021080755 0.28816056 -0.06422289 -0.023249947 -0.011987579 -0.0541355 -0.11149705 0.0909045 0.13381813 -0.06578381 0.081731506 0.22926165 0.17258322 0.1813028 0.0039323354 -0.17719798 0.21507055 0.04996223 0.18115285 0.13553952 0.33795497 -0.1697009 -0.08959553 0.027366377 0.07891608 -0.0028084335 -0.06382305 -0.10151055 -0.35726056 -0.049723253 0.05057711 -0.18931855 -0.15379861 0.11997877 -0.14189118 0.3672562 -0.1036627 -0.1332885 0.044448584 0.19465649 0.20250495 0.06589395 0.032805447 -0.08138963 -0.095559984 0.050657287 0.06576333 -0.14354014 0.19040522 -0.027415616 0.13403074 -0.037491687 -0.07606928 -0.20076838 0.15009427 -0.13725851 -0.2950709 -0.03376273 -0.1788048 -0.040761933 -0.040742192 0.11318442 -0.17429556 -0.03906414 0.12778468 0.03620241 0.120963104 -0.22205524 0.020632125 0.13000195 -0.22145185 0.12039216 0.03010566 0.010119225 0.40818626 0.025838854 -0.12123755 -0.03210337 -0.018267345 -0.023337953 -0.33529252 -0.13415894 -0.006775412 -0.105337836
TGO -0.0028531624 -0.30001444 0.32330123 0.26016912 0.2269882 -0.060422275 -0.1482503 -0.17994438 0.07437969 0.40311188 -0.05427426 0.07895554 0.097896576 -0.15495381 -0.024758883 0.38156313 -0.029583894 0.41524962 -0.1604947 0.288338 0.10969578 0.14468907 0.1026267 -0.41676846 -0.24979948 -0.09495521 -0.11726759 0.0063723945 0.29065958 0.1539017 0.14890382 0.25223327 0.082211465 0.27309683 0.16481385 -0.00084095576 0.22249754 0.2733465 -0.09309635 0.002909023 0.14516486 0.054663863 -0.317398 0.1431536 -0.007947179 0.32609344 0.0057693883 -0.052528556 -0.36987683 -0.09703065 0.06999017 0.12670991 0.14394909 -0.11760604 0.07227678 0.22979419 0.12764087 0.2532423 0.17625499 -0.4188984 0.06377315 0.056573894 0.50766206 0.2372292 0.11940968 -0.2580939 -0.14438443 0.13957354 0.08157601 -0.1629885 -0.19283998 -0.1651544 -0.08181758 0.016683424 -0.17486717 0.05987863 0.07157057 0.042501457 -0.18325987 0.15119334 -0.19047305 0.19689135 -0.06402121 0.07866324 0.27068913 -0.16212633 0.13314691 -0.021859763 -0.047811754 0.18788356 0.11858062 -0.2756434 0.038059313 -0.18474121 0.4007073 0.02593696 0.0013241526 -0.20999487 0.012918312 -0.011029825 0.12306282 0.092133604 -0.057055153 -0.1537207 0.14301784 0.09062808 -0.14872721 0.15090448 0.09780881 -0.03254241 0.19992666 -0.061270427 -0.019250946 0.17518768 -0.12472234 -0.0139660835 0.10525008 0.09520204 0.14204949 0.09455939 -0.051346388 -0.2548066 0.15412624 -0.1894835 -0.19847234 0.3328053 -0.22277486 0.10742414
CZE -0.038046528 0.058727857 0.13316546 0.08931532 0.09343089 -0.057963245 0.069109395 -0.12239104 -0.0011096888 0.105848335 -0.24755706 -0.15191233 -0.16910933 0.028001595 0.012330697 0.21938705 -0.121989705 -0.055561215 0.11348208 0.13754669 0.009901898 0.34708083 -0.1284772 -0.3319054 -0.16196284 -0.039815173 -0.25419694 0.26468375 -0.019343954 -0.05918673 0.010909057 -0.34504136 -0.082841024 0.07689354 0.02814847 0.101498336 0.20522054 0.102349654 0.083086126 -0.122846134 -0.3101357 0.15411861 -0.20627713 -0.0019825157 0.061268155 0.0048945853 -0.068232656 0.11337793 -0.0379439 0.060831357 -0.101445556 0.21988164 0.010406349 -0.014001595 -0.042786542 0.06708609 0.29017735 0.1424736 -0.21510842 -0.18053566 -0.042727146 -0.07456107 0.3582685 0.0066920007 0.18992695 0.12228311 0.093898155 0.14357162 0.036822006 0.01684876 -0.15045999 -0.04992462 -0.32072636 -0.05322462 -0.19625102 -0.19022967 0.11711799 -0.11765117 -0.11531011 0.27265722 -0.30851826 -0.012808421 0.0601595 0.26540318 0.18799898 0.05458412 -0.13472323 -0.091055766 -0.03416843 0.095380515 0.1584805 -0.20326202 -0.08791474 -0.031189045 0.35413387 0.024612278 -0.074699156 -0.043399602 -0.13412903 0.11653153 -0.24105293 0.1187298 -0.2275386 0.030204622 0.14642268 0.10608234 0.0304152 -0.017825171 0.00512787 -0.27130377 0.20005149 -0.031671297 -0.08635696 0.011732238 0.066319905 0.067841545 0.080319926 0.00010033735 0.1923178 -0.1531099 -0.28019089 0.1842408 0.0128758475 -0.039788432 -0.17369337 -0.25453812 -0.04503515 0.18894525
NCL -0.010113214 -0.068081535 0.060589965 0.07889723 0.2481914 -0.09224431 -0.06534342 0.13018484 0.23672394 0.23830123 0.17322071 0.38504142 0.025024854 0.026848601 0.17902628 0.38172007 -0.17687611 -0.07205766 -0.0517183 0.16841424 -0.012733273 0.07204787 0.00056657434 -0.28696033 -0.47375584 0.27894095 -0.2727442 0.22126107 0.13744986 0.12712128 -0.28123167 -0.38655618 -0.08621493 -0.17031045 0.04423924 0.19634326 0.10437341 -0.018032983 0.3008623 -0.06860033 -0.28625262 0.3696967 0.015619198 0.0028770047 0.10069721 0.15610269 -0.24809036 0.103827946 0.02302419 0.08554853 -0.13057935 0.050671175 0.19416152 0.044108815 0.16391462 0.0679394 0.08243399 0.1636372 -0.033939477 -0.11506556 0.12824221 0.105427615 0.11652904 0.15120886 0.32214677 -0.2450434 0.067951195 0.06626781 0.19674817 0.032087248 0.10009324 -0.14563525 -0.33985814 -0.27477267 -0.015465488 -0.14390501 -0.033756018 0.16223258 -0.1436646 0.54715914 -0.015192921 -0.21330635 0.07994538 0.32482237 0.22238654 0.0047051283 -0.05441536 -0.06625043 -0.042737525 -0.010908421 0.08751729 0.0134769585 0.10676192 -0.07457079 0.28167924 -0.09806797 -0.10099265 -0.24976252 0.061062098 -0.13310868 -0.1428076 0.0002972841 -0.31214625 0.042753436 -0.040730044 0.06795852 0.14756617 -0.008307136 0.1072973 -0.13087611 -0.021338848 0.033318926 0.026359115 -0.041623186 -0.031155784 -0.008685993 -0.13429473 -0.15802535 0.044841297 0.101129994 -0.24705967 -0.062270477 -0.08024744 -0.0038460903 -0.1690225 -0.3362912 0.13004178 -0.41688198
PHL 0.0645565 -0.05458715 -0.017995473 0.0197029 0.030765187 -0.056009945 -0.012921362 -0.044527743 0.13463542 0.12879656 -0.11902547 -0.04968909 -0.036546078 -0.11178457 0.08123546 0.19257325 -0.021708872 0.07168201 -0.030300608 0.106595665 0.077903636 0.14835571 0.08665003 -0.12322637 -0.088102125 0.11827338 -0.14944842 0.10816943 -0.045835104 -0.11045616 -0.012608695 -0.3281525 0.014220858 -0.05666885 -0.134238 0.09065546 0.21671805 -0.15280661 0.17370017 -0.18554097 -0.21297292 0.08582019 -0.25837663 -0.011209232 0.13648766 0.06395649 -0.081092745 0.06964315 -0.04629541 0.14330527 0.016638169 0.048007656 0.054488115 0.11940825 -0.15958999 -0.13595524 0.18150353 0.060337227 -0.13615067 0.020144785 -0.07654826 -0.09488763 0.18606362 0.1805767 0.16682237 -0.044145394 0.15986861 0.06414613 -0.03980874 -0.078664325 -0.13760784 -0.113945045 -0.12698781 -0.04228521 -0.18378995 -0.116365075 0.075142294 0.032601036 -0.043968722 0.23685892 -0.11604348 -0.071777284 0.0017271099 0.27848637 0.08527976 0.21505527 0.1441848 -0.13441542 0.09833664 0.08860528 -0.08188083 0.007920022 -0.00080940046 -0.09445721 0.2113925 -0.06682482 0.009278414 -0.2207347 -0.14411967 -0.014377522 -0.04281627 -0.03555757 -0.013787544 0.10521407 0.115232594 -0.07384092 -0.05397159 -0.0039150463 0.19063163 -0.28159836 0.09153257 -0.06703337 -0.1454598 0.023560928 0.008623478 -0.048945982 0.0073576584 -0.066743046 0.06771986 -0.036949888 -0.12872812 0.066428855 0.046637252 -0.019479783 -0.111913875 -0.18619439 -0.12274369 0.03177821
POL 0.16657214 0.034128025 0.24415162 0.11887221 0.12800625 -0.044408232 0.0050059585 0.089341596 -0.1174937 0.18357868 -0.07514196 0.062215216 -0.14051685 0.06110949 0.25002936 0.38259947 -0.13896538 0.18007955 0.102697805 0.15154126 0.16330712 0.36697313 -0.18564588 -0.36948517 -0.24708031 -0.09688986 -0.24319947 0.25361937 0.1552932 -0.098487206 -0.030873014 -0.27546862 -0.16334991 0.12308972 -0.017673835 0.12009004 0.24350569 0.17855677 -0.06598629 -0.013627759 -0.23591867 0.10925834 -0.122700974 0.14421663 -0.0030168688 0.027395433 -0.23305784 0.03012555 -0.08994225 0.041121263 -0.2418934 0.26188305 0.17423058 0.037559897 0.18653339 0.14888002 0.24513145 0.07076732 -0.10438986 -0.18121968 -0.07448454 0.094818786 0.3425817 -0.042490944 0.1569974 -0.010373317 0.010484308 0.013677694 -0.0059823017 0.028792895 -0.22072159 -0.011928341 -0.384868 -0.055546056 -0.09795993 -0.1488977 -0.009499914 -0.029448232 -0.13123126 0.36856192 -0.19861811 -0.13351971 0.1112278 0.37465832 0.34127223 0.15675078 0.0400261 -0.115889885 0.0647232 0.12417498 0.0071926997 -0.25697652 0.14556514 0.12448615 0.20247737 0.15748799 -0.022066448 -0.013822941 -0.05407094 0.09962643 -0.19317243 -0.046628673 -0.13764301 -0.14165534 0.04771046 0.13284235 0.026910666 0.019615036 -0.16235064 -0.13460547 0.2555013 -0.14423907 0.10928425 -0.13100207 0.09617429 0.12192795 -0.019825567 0.1313273 0.124009326 -0.13039228 -0.056364138 0.15416731 -0.028263869 -0.044052463 -0.17157921 -0.23131719 -0.018163463 0.15704285
MLT 0.04357997 -0.119391814 0.21603629 0.11984838 0.17561826 0.009174688 -0.012669448 0.110847026 -0.1725771 0.18563044 0.05089259 -0.024933385 -0.3341561 -0.13399157 0.36636335 0.25606787 -0.17531121 0.13606511 0.23282981 0.060915112 0.13469088 0.3071504 -0.24462895 -0.4685099 -0.27787736 -0.019630715 -0.11054566 0.10495387 -0.03377102 -0.31198415 -0.11842434 -0.43486997 -0.31709483 0.0110364575 -0.04317216 0.014405412 0.31384492 -0.17016745 -0.08480024 -0.15453975 -0.1641589 0.111206554 -0.3810202 0.29122424 0.15866467 -0.076851524 -0.27854064 0.015331185 -0.0418939 0.03958198 -0.17067286 0.21231829 0.14512976 -0.101279736 0.01416241 0.025646769 0.13321789 -0.022435976 -0.25125274 0.0044875443 -0.19949819 0.11744875 0.33079597 0.16442567 0.1486823 -0.052073658 0.12581387 0.08656731 -0.0581508 -0.06287671 -0.35797614 -0.109316394 -0.29816115 -0.16958228 -0.22599392 -0.1312176 -0.20812142 -0.12520297 0.070445694 0.4453079 -0.17693293 0.014947772 0.07867342 0.43185017 0.26810098 0.24085973 0.22491822 -0.21186349 0.1453251 0.16366524 -0.061215356 -0.26343554 0.1393356 0.086540624 -0.0804412 0.24802338 -0.091993675 0.011596646 -0.1708279 0.09647509 -0.34105268 -0.2270705 -0.17152321 -0.29141903 0.20613512 0.06474558 0.050445955 -0.0034227883 0.0934514 -0.524472 0.29252964 -0.2961677 0.054249197 -0.12125926 0.11363133 0.3169018 0.084483996 0.16689888 0.15483238 -0.11995112 -0.036861055 0.32186726 0.14993952 -0.101490006 -0.063967645 -0.1977731 0.10186051 0.15607382
TON 0.041409943 -0.0624229 -0.092740536 0.15929393 0.16342394 0.092126325 -0.064110205 -0.12249605 0.13043821 0.21221556 -0.0074562263 0.1573359 0.14469038 -0.15344656 0.24893145 0.40924904 0.103970855 0.19843046 -0.08797842 0.03421533 0.12518793 0.09308103 0.07886093 -0.067866206 -0.098246925 0.06869771 -0.19552203 -0.15001619 -0.24124937 0.038498078 0.10017236 -0.08435933 0.42697823 -0.020875817 -0.21347064 0.44906175 0.41185826 -0.39114428 0.1914422 -0.0443672 -0.008570513 -0.019182324 -0.08551276 0.09929708 -0.056309503 0.40128732 -0.008513238 -0.030544696 -0.18819675 0.012910096 0.032860972 0.23698139 0.256252 0.04731127 0.037317865 -0.2842671 0.073256396 0.12804846 0.17697084 -0.117989734 -0.18365292 -0.029026188 0.009563728 0.22512469 0.18822266 -0.10759014 0.045028325 -0.24103136 -0.058971718 -0.1688379 0.07710728 -0.15326509 0.015321115 0.060916174 0.10821347 -0.102222435 -0.095344335 0.108641095 -0.2478014 0.13077305 -0.1602734 -0.06252745 0.10658898 0.265486 -0.030237582 0.29580542 0.24945922 -0.1669409 0.3956929 0.040635232 -0.15577838 0.14534189 0.16200875 0.027287342 0.19665457 -0.05179901 -0.040422592 -0.25985602 -0.13309453 -0.12652034 0.2469591 0.21761917 0.2757826 0.09575361 -0.10602781 -0.07892743 -0.26059264 0.18063255 0.06574802 0.14662515 0.0780119 0.009510413 0.091338225 0.023200288 -0.06513998 -0.17536195 -0.18472536 0.08334884 -0.037607677 0.013316305 0.040324666 -0.09229403 0.021965668 -0.077618554 -0.24692439 0.1197539 -0.115841046 0.17455287
ZWE 0.092561774 -0.3820793 0.19588691 0.10421455 0.21968767 -0.10698672 -0.25193015 -0.13481288 -0.10178805 0.1849477 0.30211207 0.28274038 -0.066187754 -0.2667082 0.235835 0.17612045 -0.24570668 0.16992833 -0.20885608 0.12047944 0.037133224 0.040941216 -0.20759375 -0.2084407 -0.05327003 0.20277974 0.03567333 0.067076504 0.07825897 -0.0798923 -0.0608787 0.20855647 -0.052979812 0.100633085 0.03634623 -0.048984323 0.29393584 -0.01046775 0.12251975 -0.08371389 0.17801549 0.18382393 -0.20042586 0.24056515 0.11437342 0.050769955 0.0276013 0.11880908 -0.24764524 0.02621275 0.07578594 0.021469485 0.07894185 -0.045676604 -0.06794319 0.11579706 -0.057539914 0.032143313 -0.05790474 0.04908963 0.014860465 0.1058805 0.39117795 0.45019016 0.00741352 -0.008521896 0.30798912 0.085314624 0.06693577 -0.23414621 -0.22237322 -0.14102459 -0.03912787 -0.04765426 -0.020070175 -0.07475892 -0.0687046 -0.10161612 0.12855078 0.1845957 -0.030838508 -0.064595744 0.05608487 0.24705943 -0.10861737 0.18680142 0.30360743 -0.03778021 -0.046299018 0.15004729 0.03948354 0.051852725 0.12895013 -0.2738459 0.18134467 0.09895847 0.063020825 -0.29320076 -0.19376208 -0.07607344 -0.12758198 -0.07946036 0.032773715 0.06199117 0.22901534 -0.028969679 -0.025619032 0.026891014 0.39101616 -0.14943165 0.21802846 -0.12219337 0.03882726 0.20533624 -0.18448299 -0.055918697 -0.051750623 0.07035578 0.05585199 0.068937086 0.10191514 0.048511855 0.121295355 0.097820885 -0.2507282 0.03518505 -0.028430017 -0.05307216
GRC 0.095396884 0.014733307 0.036814615 0.0064121326 0.0897409 -0.18758044 -0.03618879 -0.0787332 0.14347903 0.13183264 -0.18065551 -0.09033824 -0.046917874 -0.03574516 0.11589318 0.19602203 -0.051388726 0.02034744 -0.008564106 0.21488966 0.16616915 0.08543532 0.037881732 0.06335062 -0.052360833 0.119653 -0.19136287 0.1617067 0.0253681 -0.12051751 -0.029896058 -0.3286598 0.077616245 0.012677662 -0.06364261 0.118775114 0.13633457 -0.06706884 0.28431877 -0.09077228 -0.31896278 0.09078573 -0.2393022 -0.002173239 0.08764754 0.054445505 -0.025575109 0.04391706 0.051393215 0.23545186 -0.03059424 0.048379347 0.011271402 0.15083063 -0.15437733 -0.12223414 0.15458135 0.04454043 -0.13460897 0.03440995 0.09996277 -0.07623059 0.2180705 0.15492576 0.17119163 -0.07184961 0.2611158 0.034969825 0.11141092 0.029424885 -0.1644863 -0.0017886737 -0.16882363 0.03156813 -0.1480233 -0.1439732 0.11657964 -0.01302089 -0.13594826 0.34733582 -0.13428266 -0.2093612 0.037903648 0.3968415 0.086567074 0.2106036 0.082899235 -0.17092608 0.10727519 0.02148701 -0.04946255 -0.02815851 -0.038593795 -0.1277364 0.28627253 -0.09750795 -0.039692897 -0.23770231 -0.12106468 0.012721127 -0.0030050706 -0.008815618 0.025492985 0.10513898 -0.02648753 -0.06095069 0.003382339 -0.019192196 0.13024452 -0.20260227 0.02083631 -0.08403768 -0.15757084 0.0007950744 -0.06354959 -0.1128341 -0.040779993 -0.0060610385 0.048213083 -0.0015505013 -0.13438171 0.14207436 -0.007176855 0.04425857 -0.18057682 -0.27634925 -0.13502538 0.015099485
PLW -0.112240404 -0.21914952 0.020169372 0.29132155 0.19723058 0.00026364112 -0.03993281 -0.14726983 0.080996245 0.18403472 0.038684174 0.06962507 0.08849318 -0.15892063 0.35524434 0.27041095 0.06652845 0.13016409 -0.054100122 -0.13499214 0.15706432 0.34059057 -0.038943525 -0.059416845 0.032766156 0.11182387 -0.021214891 -0.11824133 -0.20404233 -0.08645201 0.01418836 0.0040358533 0.5519374 0.05518048 -0.24947828 0.45437446 0.44733614 -0.33249995 0.30445048 -0.1347281 0.1701496 0.09714543 -0.04712595 0.02609229 0.018449936 0.27950773 0.0938219 0.07205875 -0.06085422 -0.10192787 -0.005923738 0.4235178 0.22178371 -0.09151597 -0.117896974 -0.17264287 -0.100750625 0.17154472 0.19485459 0.008042806 -0.09636331 -0.09492311 -0.046550963 0.20322378 0.21021402 -0.14147975 0.24611442 -0.12975357 -0.073581725 -0.19673887 0.03402431 -0.079461366 -0.02096331 0.105350755 0.015513984 -0.12187236 -0.183859 0.044826802 -0.09149189 0.20305097 -0.3321931 0.14154813 -0.021527408 0.24689645 -0.2038485 0.41848144 0.36714375 -0.25507417 0.3302076 -0.030479036 -0.019881671 0.11082782 0.28113213 0.0029896963 0.1169277 -0.0067232335 -0.19896196 -0.23442328 -0.17680475 -0.08929036 -0.009969457 0.30209842 0.28285325 0.03531562 -0.06114043 0.0952715 -0.1873967 0.17993286 0.27540845 0.12970819 0.27070254 0.10886 0.0444631 0.14560519 -0.11895298 -0.10589889 -0.14369535 -0.051098965 0.052406196 0.2198779 -0.10232385 0.07028007 0.07019289 -0.14594601 -0.29342243 0.081119575 0.14706494 0.099867165
HRV -0.0769883 0.058482602 0.056684893 0.15501896 0.0661276 0.09030614 0.05852697 -0.119700976 -0.045806494 0.0878893 -0.22572923 -0.24914566 -0.24526879 -0.017462779 -0.00034504503 0.23488529 -0.1730043 -0.07336134 0.15697092 0.12195731 0.06409118 0.36402372 -0.12311848 -0.39854336 -0.24342084 -0.03943125 -0.2814446 0.22949359 -0.08820634 -0.1531029 0.08094667 -0.37333822 -0.114890784 0.103582144 -0.016937258 0.049401768 0.314059 0.010388635 0.06604458 -0.11668509 -0.3314213 0.12042083 -0.20906392 -0.009116871 0.113929756 0.0027166563 -0.056740668 0.15366319 -0.077565685 -0.01984624 -0.15482004 0.25973442 0.028640624 -0.050968096 -0.11833048 0.031647094 0.4480182 0.11144298 -0.324421 -0.16297251 -0.09664179 -0.24747151 0.3778841 0.005794895 0.20467304 0.23669152 0.08196777 0.18343431 -0.07334704 -0.048120826 -0.14209801 -0.03356736 -0.31749922 0.02218644 -0.19085291 -0.24988617 0.029890807 -0.043837395 -0.066083826 0.23473468 -0.3648701 -0.02806233 0.037746426 0.24548586 0.21956804 0.07936167 -0.14012033 -0.050607 -0.010948931 0.12326884 0.14721465 -0.22575292 -0.094914734 -0.02768355 0.2889911 -0.04283195 -0.093488455 0.060267966 -0.102766044 0.16841522 -0.29779768 0.090429895 -0.2463899 -0.016609455 0.13698313 0.09349136 -0.021194635 0.05508822 0.062213082 -0.31815684 0.26925144 -0.067996286 -0.07435704 0.013069576 0.12639067 0.13230573 0.12436907 0.0011147631 0.28038087 -0.21563217 -0.3018574 0.1919383 0.1031567 -0.016305951 -0.20906243 -0.27388355 -0.13444805 0.24867134
BGR -0.06428746 -0.008969887 0.086754866 0.13377392 0.072718136 0.01501095 0.0007502141 -0.06178552 0.001881195 0.10922576 -0.19136794 -0.14763613 -0.12429449 -0.02848685 0.0036522124 0.27342752 -0.13062899 0.034980454 0.13604605 0.118743524 0.03809901 0.33207172 -0.0391921 -0.36608937 -0.1906296 -0.0016177936 -0.23989296 0.23289406 -0.07586972 -0.038290873 0.019949118 -0.2626314 -0.051250666 0.02758199 0.007904969 0.030306175 0.28411084 0.020847227 0.052122686 -0.12562583 -0.2493943 0.14817722 -0.13702416 -0.0055749454 0.060475826 0.089018576 -0.061816428 0.13513191 -0.0635962 0.019175364 -0.0639252 0.19035102 0.015233084 -0.039116155 -0.0772331 0.012421148 0.35351187 0.12805887 -0.18725374 -0.18307449 -0.035243094 -0.1758442 0.27640074 -0.042754624 0.23444702 0.16854863 0.055631794 0.16737022 -0.012072567 -0.07935004 -0.09475752 -0.09062663 -0.26128876 -0.0442529 -0.13128597 -0.22682276 0.056441285 -0.040036224 -0.12772192 0.16792363 -0.33228287 -0.0027271186 0.07256646 0.17579603 0.16719231 0.059913304 -0.076515116 -0.024431521 0.012974024 0.10025417 0.09838381 -0.17462546 -0.06008804 -0.05648915 0.29402542 -0.03747635 -0.042203583 -0.05581978 -0.08138545 0.09943 -0.30023214 0.12787032 -0.17033412 0.05820121 0.1761214 0.06783542 -0.018702416 0.008484801 0.078289516 -0.2182769 0.2077878 -0.030459592 -0.069023386 0.05765941 0.030571932 0.13842292 0.13378166 0.0018328514 0.28021106 -0.21243583 -0.29309437 0.13379711 0.04053927 -0.019197185 -0.20469299 -0.23736382 -0.11819706 0.21007954
CHL -0.1338986 0.049069874 0.14135696 0.37417418 0.1768229 -0.004351192 -0.09710211 -0.028409785 0.04184719 -0.0043808306 0.044168685 -0.06394816 0.17324053 -0.118761115 0.1677238 0.1139357 0.13155676 0.42335194 -0.1652164 0.2873959 -0.1708256 0.22141302 0.12447977 -0.087634355 -0.07359684 -0.08119479 -0.15070142 -0.36701506 -0.19111493 -1.8957537e-05 -0.029527666 0.12543125 0.03169383 -0.17982677 -0.30830452 0.109070964 0.2630912 -0.17475885 -0.098550074 -0.112578586 0.046342827 0.22195491 0.10992901 0.15721153 -0.17353663 0.2645327 -0.08951955 0.08746308 -0.15820415 0.03182935 0.12646864 0.02799676 0.12864527 -0.08443749 -0.13031381 0.061830156 0.031467717 0.27245566 0.20468383 -0.06480224 -2.1568732e-05 0.01667402 0.104213156 0.18355092 0.4108047 -0.33343953 -0.15846236 0.03822047 0.04655449 -0.27352768 -0.1487065 -0.18954451 -0.19234948 -0.23259592 0.062132645 -0.2710116 0.19317588 -0.12650311 -0.12638845 0.40165496 -0.13646823 -0.053319 -0.05146304 0.04240649 0.011373236 -0.04859353 0.31991705 0.04217038 0.06909182 -0.06906691 0.057764973 -0.054746933 0.062222216 -0.14986558 0.2177999 -0.039382372 0.035303745 -0.11602527 -0.021608016 -0.11253452 -0.20825347 0.04008323 -0.018559007 0.10493563 -0.16170932 0.19722128 -0.21797419 0.30719954 0.22963631 0.101733856 0.2707545 -0.12622914 0.065196246 0.1805853 -0.3486483 -0.013608344 0.25344133 -0.05572689 0.5088532 0.11949104 -0.24411291 -0.19340868 -0.05371109 -0.14887589 -0.24442084 0.21148103 -0.059642307 0.060562406
MMR 0.039545976 -0.2127838 -0.14120826 -0.08322129 0.22779614 0.03982099 0.00024451467 0.007761283 0.19479075 0.2503036 0.036975224 0.21961193 -0.12060116 -0.1369655 0.040895436 0.22952199 -0.14910758 -0.13105978 0.0011561688 0.098066 -0.22191004 -0.009955275 0.066881284 -0.19122966 -0.36856872 0.34514925 -0.15656883 0.07852344 -0.007605073 0.22875787 -0.2804661 -0.22370923 -0.039654635 -0.23395659 0.15303141 0.14438929 0.13751537 -0.20930156 0.35189205 -0.19460285 -0.20943274 0.34522545 -0.17730585 0.07118235 0.14377168 0.110270135 -0.24750158 0.13121809 0.02298865 -0.0018995074 0.13388653 -0.083198756 0.12165324 -0.05736183 -0.08590008 -0.19493656 0.17609236 0.2650608 -0.026460862 -0.08859058 -0.12041492 -0.10460885 0.075994 0.31090337 0.20840074 -0.27239707 0.13803422 0.16641338 0.18979153 -0.15286276 0.01907298 -0.1732258 -0.08322742 -0.39475957 -0.21668899 -0.17520314 -0.09951867 0.11126917 -0.10727598 0.3393807 -0.0049715186 -0.17999905 -0.020401267 0.3099004 0.18722981 -0.039434824 0.1350776 -0.0070958473 -0.018750716 -0.018660964 0.071850486 0.10870084 -0.05858359 -0.25646544 0.3986804 -0.10000545 -0.05844978 -0.19497263 -0.08923987 -0.19357425 0.03962177 0.07271404 -0.2973834 0.14784178 0.30535555 -0.08642764 0.2048753 0.16768269 0.24569526 -0.28264263 -0.0040901224 0.13504069 -0.10669065 0.019848537 0.0015306587 0.010946407 -0.027677858 -0.21229202 -0.03966409 0.21636377 -0.25659293 -0.09185901 0.11517412 -0.028938865 -0.116250314 -0.26828912 0.06742899 -0.3159785
GIB 0.12254463 0.21882293 0.14645055 0.43178794 0.30234426 -0.071941964 0.032756206 -0.063684285 0.07722346 -0.057304334 -0.217523 -0.19042285 -0.006464862 -0.08262496 0.021145105 0.06580747 0.017140375 0.28625467 -0.2033603 0.35950753 0.12921974 0.11574196 -0.09308921 0.0034248857 -0.144712 -0.080640644 -0.3318763 0.32023075 -0.123527244 0.114235446 0.06664753 0.02651032 0.21414438 -0.028194102 -0.2858575 0.28239653 0.20767865 0.10288505 0.11320096 -0.042205323 -0.23507836 0.09037751 0.09014 -0.059700105 -0.103857584 0.032990195 -0.060402624 0.010717241 -0.0983627 0.10350253 -0.11764142 0.20783626 0.09949387 0.09838582 -0.10382623 -0.08362412 0.08034088 -0.09286926 -0.07213117 -0.026958793 0.032737464 -0.0027846752 0.21765976 0.13051754 0.14501892 0.0885283 0.08719828 -0.12536715 -0.03278481 0.059741467 -0.12383705 0.067465864 -0.2354163 0.08482912 -0.011698544 -0.27402055 0.21961439 -0.18326679 0.1098722 0.6618507 -0.113185674 -0.13556197 0.114078656 0.064057685 0.10798567 -0.0077670706 0.066289835 0.011984228 0.12726533 -0.13117875 -0.013799988 -0.015588554 0.036069617 -0.05207434 0.26098698 0.016955135 -0.08087592 -0.13094495 -0.3895925 0.025366172 -0.20441748 0.016153183 0.018994667 -0.013356768 -0.19870907 0.20950556 0.060858905 0.02989181 -0.09771206 0.24150051 0.27166107 0.074541576 0.060087282 -0.022543684 -0.14666197 -0.2235857 0.1291532 0.06291754 0.18043433 -0.11614679 -0.10595454 0.009221307 -0.08951274 0.1555047 -0.35243475 -0.37471 0.004157782 0.21915664
AFG 0.25058267 -0.3486996 0.23841016 0.11313245 0.3074864 -0.19057135 -0.0763849 -0.2124463 0.013672723 0.30408767 0.10786303 0.15264481 -0.0196341 -0.24595794 0.11625245 0.15983105 -0.10127219 0.2698426 -0.27068353 0.31985542 0.22198951 -0.020722438 -0.10527558 -0.08525528 -0.14958394 0.10134027 -0.061833825 0.27610263 0.15952744 0.0116404835 0.016755538 0.1959479 0.09167454 0.1753869 0.04289344 0.11744751 0.17031984 0.1588009 0.09988386 -0.09128582 -0.02512637 0.13794805 -0.324267 0.12496064 0.03627229 0.02757829 -0.115007006 0.06408865 -0.24764022 0.06641963 0.07823722 0.008202671 0.060713258 0.112004094 -0.0701586 0.029524766 0.0036252472 -0.114977024 0.024647094 0.0068525844 0.028103737 0.074357055 0.47845513 0.26814032 -0.072183564 -0.18472032 0.28168917 0.012075798 0.051237583 -0.124936976 -0.23639911 0.0037331625 0.00036504163 0.036786515 -0.10958107 -0.07524351 -0.01206251 -0.071561724 0.0026340445 0.35885146 -0.0069917156 -0.020546397 0.022407223 0.28178132 0.104467854 0.13534798 0.31358412 -0.1654564 0.061764233 0.04313637 -0.060369715 -0.009367492 0.12767556 -0.18116133 0.35874006 0.08944081 0.01943138 -0.2900648 -0.37048712 0.039576363 0.06806407 -0.13877597 0.11174667 -0.0032980088 0.16020359 -0.047722876 0.09187553 0.072863534 0.08089946 0.016034849 0.19824938 -0.052206542 0.09125813 0.0206757 -0.15418196 -0.12505603 0.0884636 0.24584945 -0.11234698 0.048679654 0.17120044 -0.015884506 0.051852208 0.09694323 -0.25799987 -0.05845848 -0.04250934 0.006013746
MLI -0.09475278 0.12887952 -0.33801362 0.033278365 0.1834 0.2951088 -0.0142847765 -0.06969952 -0.03142923 0.21495949 0.052429076 0.10117826 -0.24438193 -0.17310947 -0.024977753 0.16394195 -0.100636795 -0.012938523 -0.11326687 0.15216601 -0.10130298 -0.05960006 0.12615806 -0.16067693 -0.33141157 0.35915855 -0.48659804 -0.21936661 -0.16140455 0.20586245 -0.19354776 -0.1595532 0.23844329 -0.020149896 -0.06903253 0.28793678 0.3899156 -0.59450585 0.30315748 0.048485264 -0.19898868 -0.017222835 0.071627416 0.016501732 0.08598308 0.37258217 0.01769716 -0.034428976 -0.099154025 0.0071234643 0.36125988 0.14534271 0.18705806 -0.1199151 -0.16774002 -0.21446769 0.18874998 0.16648895 -0.15068272 -0.052919935 -0.36711156 -0.17153749 -0.18049362 0.22332199 0.285283 0.0051488075 0.02702127 0.0018142511 -0.041628975 -0.23533544 -0.15056314 -0.1522436 -0.13905804 -0.15772027 -0.050672837 -0.17700537 -0.135629 0.26929456 -0.19629838 0.04510595 -0.03035894 -0.29519698 -0.02101524 0.31774935 0.1607811 -0.033590052 -0.06363803 0.06886245 0.25030735 -0.033576373 0.052788354 0.2068602 -0.13245405 -0.31239772 0.32858962 -0.30873582 -0.05429468 -0.2063325 0.042998962 -0.26546907 -0.017042242 -0.101806216 -0.17299193 0.287927 0.078990825 -0.1828481 0.032952007 0.3256064 -0.015682222 -0.25714466 0.005198236 -0.052326173 -0.13761981 0.17656332 0.018324211 -0.17504874 -0.4133745 -0.2674855 0.15009604 0.089562975 -0.187369 0.10378174 0.095370375 0.17584337 -0.27201602 -0.23802657 -0.35283464 -0.13496688
HKG 0.04405247 -0.12931311 -0.016802277 -0.11889642 0.19190145 0.030829452 -0.0032876574 -0.119327486 0.11245669 0.11014474 -0.15395844 0.04862465 0.0013949499 -0.26720077 0.20216647 0.23566812 0.07149951 0.2279949 -0.044511005 0.2503308 -0.39147708 0.09099125 0.0031229272 0.07278583 -0.15653042 0.117214695 -0.01516129 -0.23804906 -0.084900565 0.16932973 -0.19544995 0.031238565 -0.01302799 -0.3110003 -0.07144709 0.2567171 0.122721866 -0.08295672 0.12850673 -0.2176122 0.051209185 0.3512748 -0.19686984 0.24797566 0.059650704 0.24958734 -0.2688519 0.031943392 -0.001423219 0.04173841 0.18272805 -0.086110346 0.13567634 0.10778494 -0.07852826 -0.21265286 -0.008790904 0.4189043 0.14369051 -0.15323782 -0.25429115 0.052612413 0.17804736 0.42981488 0.2860772 -0.41440076 -0.10814485 -0.0367921 0.18295631 -0.32645878 -0.10316231 -0.14548291 -0.05875332 -0.39273104 -0.21023552 -0.15647992 0.0149691515 -0.05971578 -0.12421244 0.4056441 0.07031957 -0.15945607 -0.03798822 0.17419454 0.21588324 -0.07802154 0.37539986 0.042852197 -0.046902586 -0.052856456 -0.017559137 0.049806874 -0.08203208 -0.107279055 0.4522983 0.15584323 0.077395566 -0.10774839 -0.08685457 -0.26886404 0.16322125 0.1996682 -0.07399266 0.10103149 0.31040695 0.047469527 0.025525348 0.2302297 0.23784661 -0.15086892 0.15279284 0.03013483 -0.07510915 0.13220052 -0.092472136 -0.079111055 0.121954724 -0.16985387 0.11719954 0.38108134 0.011637877 -0.19731277 0.165694 -0.13625069 -0.060286723 -0.0677618 0.12995382 -0.07433395
BHS -0.14143617 0.10218386 0.15159187 0.31196037 0.13194491 0.0037513203 -0.23701075 0.09056594 -0.07547222 -0.024707474 0.111388855 0.089601904 0.091462776 -0.27741626 0.34116888 0.18102396 0.010767219 0.40819073 -0.011865349 0.18716756 -0.315117 0.35722902 -0.021273514 -0.11959416 -0.036937352 0.04047447 -0.15445003 -0.3185027 -0.20235406 -0.02349453 -0.19492242 0.099133626 -0.12282119 -0.2751986 -0.2607495 0.06961438 0.3399704 -0.25416943 -0.1172883 -0.056463618 0.02544954 0.2559469 0.19105445 0.20107856 -0.067554794 0.26107946 -0.075319424 0.07322634 -0.10242368 0.15448222 0.21404542 -0.049760915 0.10662199 -0.0626447 -0.09828008 0.019806636 0.018579755 0.29764813 0.11352545 -0.051318415 -0.024374234 0.07170342 -0.0011342312 0.08239415 0.4360579 -0.22754191 -0.13119322 0.057990633 0.07424588 -0.29830727 -0.15685587 -0.27614117 -0.2551268 -0.31698713 0.04524256 -0.23467211 0.17779587 -0.05073944 -0.1535504 0.23228487 -0.11622544 -0.17877908 0.07746531 0.10229281 -0.020201122 0.02524667 0.2919085 0.11549938 0.10262791 -0.031599216 0.0056559118 -0.04564762 0.041552164 -0.19554123 0.04248363 -0.015549591 0.17548692 -0.10185537 0.11786697 -0.18218942 -0.39733902 -0.003627707 -0.05500776 0.24134088 0.030265192 0.095096745 -0.083874896 0.18029588 0.21474549 -0.16388658 0.21025287 -0.194687 0.0558553 0.19661994 -0.23024833 -0.018444464 0.07679198 -0.20051402 0.46437308 0.07071174 -0.19190896 -0.071619 -0.10299715 -0.0271278 -0.13243008 0.06933169 -0.063603915 0.02183419
URY -0.08888171 -0.0858191 0.05174042 0.21313743 0.10895436 -0.03323605 0.0869769 0.039455477 -0.03111143 0.2688996 -0.08772261 -0.026072538 0.1018069 0.124323376 0.097163826 0.31879732 0.035836425 0.18999758 -0.021350812 0.07818734 0.1758366 0.2495034 0.060161635 -0.38591105 0.016007597 -0.05810213 -0.1977069 0.13123791 -0.064612456 -0.10624818 0.080500096 -0.16531545 0.13649547 0.23017481 -0.06527549 0.08919059 0.20359223 -0.055001143 -0.0725063 -0.095349155 -0.06354121 0.11602312 -0.1635158 0.024965951 -0.027419375 0.09664427 -0.040721912 0.23778668 -0.056267273 -0.048670236 -0.07378555 0.23528694 0.04028815 -0.11091642 -0.01146181 0.027228616 0.07552157 0.052386086 0.05268011 0.024512947 0.0029335322 -0.06339402 0.22068892 -0.13025533 0.18813097 0.037103605 0.0263749 0.056776334 0.04647535 -0.32204983 -0.15645073 -0.1979595 -0.045878626 -0.028915232 -0.059348546 -0.18142046 0.15149237 -0.019319301 -0.27186185 0.04573107 -0.35766292 0.14033274 -0.012960094 0.034915272 0.023336934 0.114086285 0.2826366 0.010744276 0.18841144 0.059684496 -0.024921581 -0.17910914 0.02026806 0.039952833 0.15998824 -0.06466626 -0.10087255 -0.15927114 -0.04573329 0.07684562 -0.15730113 0.059349626 0.11911067 0.024808062 -0.042921394 0.13821986 -0.22859049 0.014254018 0.12039234 0.15102275 0.27817035 -0.018723348 0.0497963 -0.013802766 -0.25184023 0.2096224 0.10264019 -0.026354078 0.20821193 -0.10110832 -0.26569563 0.02855232 -0.053306565 -0.058789708 -0.19315648 -0.03588771 -0.22009337 0.23157938
PAN -0.028214112 -0.050057743 0.024235945 0.17787214 0.22170281 0.06881311 -0.06630877 -0.22198783 -0.18911004 0.029156692 -0.025587935 -0.08009595 0.029827872 -0.2378895 0.1262528 0.10342843 0.07849733 0.36072016 -0.21397859 0.29000446 -0.14237398 0.26745397 -0.08781442 -0.14111501 -0.045140572 -0.12227945 -0.15028992 -0.31672558 -0.2194523 0.05999516 0.02802936 0.3048062 0.02224331 -0.018220203 -0.18896979 0.14269283 0.22336684 -0.0192661 -0.13105139 -0.027974144 0.21046633 0.18587944 -0.071661204 0.21566896 -0.088860825 0.23631659 -0.009433958 0.010424123 -0.2798595 -0.041493062 0.13124253 0.17122734 0.11153232 -0.07634459 -0.054417897 -0.0064683184 0.05036506 0.23046687 0.055526882 -0.080734454 -0.15096857 -0.002763405 0.25557202 0.29477862 0.18027914 -0.04205724 -0.12804124 0.002318706 -0.011641893 -0.39458162 -0.2520705 -0.13473502 -0.040560707 -0.07890216 -0.024123348 -0.17579928 0.032251555 -0.15619934 -0.023649463 0.215636 -0.05968524 0.0015182851 -0.019879859 0.016668174 -0.012282022 0.00917987 0.27025923 0.15034789 -0.039986055 0.073665686 -0.0015151454 0.007299529 -0.07153045 -0.09471941 0.2784056 0.1045043 0.10096081 -0.060931318 -0.06813057 -0.1416834 -0.080388576 0.08247 -0.0045222146 0.15800926 0.11703743 0.09389886 -0.26739532 0.16633765 0.22933428 0.007860569 0.34316254 -0.11617474 0.016203143 0.25901172 -0.2713309 -0.08581488 0.11013097 -0.072726145 0.39167038 0.16707668 -0.07847134 -0.09614308 0.09018779 -0.027681565 -0.15087216 0.18294397 -0.14409381 0.34166536
CHE 0.02045831 -0.0617815 0.24958307 0.19792037 0.13579205 0.005802837 -0.17084685 0.0864819 -0.09503091 0.038078662 0.023948023 -0.026472902 -0.031766124 -0.05233835 0.067637265 0.30789387 -0.181553 0.3091333 0.10526655 0.1608738 0.04298099 0.35163048 0.022113243 -0.4292908 -0.3567871 0.011610898 -0.1637832 0.16188687 -0.011088462 0.14607401 -0.021221433 -0.035019297 -0.08784998 -0.0577136 -0.08706341 -0.039473493 0.28337598 0.13276622 -0.019808648 -0.05135088 -0.019704798 0.18501732 0.05968833 0.06654579 0.001726782 0.25781828 -0.082573384 -0.0016144606 -0.12044488 -0.10068034 -0.08546673 0.1634959 0.11112862 -0.11824709 0.06414054 0.18400258 0.29087806 0.17998245 -0.09109956 -0.25457373 0.06784999 -0.054544605 0.19189309 0.0098008895 0.29315984 0.050690763 -0.12532553 0.04601321 -0.025684593 -0.049723912 -0.09679368 -0.1397345 -0.322065 -0.075881705 -0.009541831 -0.17577867 -0.06273588 0.055681232 -0.059181593 0.25761208 -0.19194944 -0.041888133 0.05920729 0.13732405 0.1980438 0.04637471 -0.032737684 -0.010414151 -0.062768124 0.14957933 0.071481675 -0.07601054 0.091199234 0.01835146 0.20198798 0.0031184757 -0.055974092 -0.11229441 0.024616724 -0.078655735 -0.43214488 0.088789806 -0.25176668 0.010133177 0.11349572 0.11913668 -0.1084374 -0.0580471 0.052109834 -0.008792126 0.21304141 -0.15553352 0.0022918868 0.14745761 -0.11905613 0.12986627 0.023897693 0.011747704 0.39912254 -0.15547654 -0.20513485 0.012213445 0.015360904 -0.050932888 -0.24038686 -0.14984344 -0.043148577 0.117825165
PNG -0.09148578 -0.20259422 -0.023705862 0.037688725 0.14633271 0.040144388 -0.16124815 -0.23551998 0.17080563 0.23101848 -0.05305973 0.21559204 0.010423561 -0.31938717 0.28206655 0.39674962 -0.010170943 0.12997122 -0.0070075076 -0.085904926 0.0438568 0.24743451 -0.13921762 -0.12674628 -0.12806685 0.2072467 -0.090085015 -0.064167656 -0.15245797 -0.0035667503 -0.008798426 -0.26004267 0.28152815 -0.016278254 -0.17295238 0.4348743 0.3755057 -0.25155526 0.28352988 -0.16373585 0.07438141 0.06626134 -0.21406311 0.09832358 0.14706862 0.34470794 0.013723359 -0.046682194 -0.16196911 0.007971603 0.0072795423 0.28550577 0.24935764 0.16480261 0.0012343797 -0.26461685 0.0013437038 0.12511605 -0.009635147 -0.124603845 -0.19224772 0.026909452 0.14310716 0.3247248 0.262782 -0.03786156 0.13903543 -0.1647788 -0.07540834 -0.20957205 0.10694187 -0.07458288 -0.06911949 0.058009613 -0.07854336 -0.018450113 -0.23993324 0.09745493 -0.113071606 0.13486657 -0.14688015 0.035514027 0.08179779 0.35104668 -0.042017765 0.3535311 0.094072536 -0.20652963 0.1301323 0.056926742 -0.07360315 0.2153167 0.13297233 0.117743574 0.2363068 0.04676029 -0.004590005 -0.3181378 -0.08623751 -0.14297019 0.10776819 0.21742612 0.16537456 0.10331707 0.13002065 -0.020647809 -0.13078904 0.02323686 0.2815941 -0.20663221 0.03954552 0.06314867 -0.019573577 0.23900816 0.12284876 -0.12529592 -0.25828314 -0.036627457 -0.11928885 0.15855117 0.113435894 0.06272709 0.16874322 -0.11912917 -0.13552219 -0.0722918 0.12974672 0.038807195
HUN -0.07368227 0.26867095 0.01169637 0.03747724 0.11407814 0.031470392 0.010770811 -0.06530399 -0.076839484 0.098521054 -0.40254974 -0.09511702 -0.03051093 0.09230835 -0.073046654 0.21560939 -0.058556367 0.076671384 0.041102424 0.21677512 -0.21636471 0.17318265 -0.20388217 -0.17921887 -0.019039715 -0.012950045 -0.40483117 0.017087165 -0.09673316 0.12074848 -0.022155358 -0.35257116 0.060464546 0.01453095 0.008450555 0.17151566 0.18637542 0.06838769 0.19310416 -0.14192727 -0.2939952 0.09136234 -0.16953003 0.12216595 -0.049142282 0.09290991 -0.0067878845 0.102517694 -0.012871932 0.054106757 -0.036150362 0.27692518 -0.013948616 -0.10954023 -0.13883796 0.04266122 0.103006996 0.16891338 -0.17514472 -0.12464619 -0.10989372 0.061028413 0.2605635 0.1409035 0.35061276 0.1777505 0.00025777388 -0.02693285 0.24937819 -0.087223835 -0.32814994 -0.07606555 -0.29540002 -0.2312323 -0.22419608 -0.19054852 0.21323757 -0.106768474 -0.18442225 0.3014506 -0.3617212 -0.1380238 0.008711798 0.1685933 0.14216048 -0.16466323 -0.13016593 0.17608948 -0.08455883 0.08229394 0.19447222 -0.039906096 -0.27505836 -0.05607199 0.41524142 -0.0063915406 0.025311138 -0.07762423 -0.05998472 0.057670284 -0.17113087 0.12214623 -0.30932063 0.03669077 0.030473636 0.34241828 0.022253605 0.03890254 0.11223657 -0.0704236 0.16595969 -0.009174781 -0.11827772 0.15386449 -0.038672786 0.096584976 -0.20897959 -0.14034049 0.23161201 0.099808 -0.28170606 0.2671419 0.054494917 0.011133694 -0.19399704 -0.3979036 -0.18253282 0.1161474
JOR 0.13968062 0.0081612775 0.15856706 0.0787637 0.23055506 -0.2428844 -0.100656755 -0.06200575 0.027847717 0.17874163 -0.057865724 -0.0202384 -0.06825759 -0.08491354 0.26828855 0.16128924 -0.1043994 0.16862522 0.025117233 0.2412684 0.20519413 0.14571556 -0.06972829 0.121431135 0.026537383 0.07443793 -0.16316836 0.16894194 0.0793259 -0.12509312 -0.09764696 -0.17406045 0.054479722 0.048097778 -0.03260728 0.15772492 0.15208352 -0.0033649912 0.20928144 0.026837077 -0.23218274 0.08617824 -0.18664488 0.11231633 0.060471684 0.034307297 -0.028542632 -0.01805629 0.017088939 0.26243237 -0.019413676 0.10592771 0.050681807 0.11433617 -0.06574434 -0.04114125 0.053389397 0.05246643 -0.04260318 0.05163364 0.14564823 0.022463322 0.21465899 0.13106218 0.19584113 -0.18665917 0.3089138 -0.00094190345 0.104295865 -0.014331799 -0.21558733 -0.015525256 -0.19760123 0.077790834 -0.1285046 -0.16412 0.03381173 -0.10179059 -0.1603258 0.39545074 -0.16103053 -0.20189048 0.08828494 0.4331778 0.059606478 0.23718935 0.15928112 -0.22590792 0.14991105 -0.05287874 -0.08754342 -0.084975585 0.03898155 -0.07372362 0.20177478 -0.015348358 -0.013121927 -0.18366608 -0.07876878 -0.0039726854 -0.036283426 -0.07116173 0.10477915 0.06328624 -0.06895341 -0.0021603766 0.01549883 -0.010793872 0.062459614 -0.18679671 0.08890541 -0.11614163 -0.05258813 -0.032964814 -0.04035087 -0.08188125 -0.025215663 0.043711174 0.07852375 0.10193826 -0.014524225 0.16004741 -0.10027065 0.024484038 -0.15843387 -0.20648016 -0.05852197 0.058870543
CMR 0.16006523 -0.23703343 0.41073513 0.34966463 0.21161559 -0.13571987 -0.15467146 -0.08629088 0.016330512 0.3720595 -0.05265819 0.13083836 0.19485039 -0.24358363 0.11287746 0.44703153 0.01764412 0.6614104 -0.24573696 0.44455132 0.19434623 0.26257086 0.07902398 -0.40024832 -0.35015705 -0.14189573 -0.21992055 0.148468 0.3482808 0.1456051 0.12030345 0.24349819 0.0481663 0.25551212 0.009529021 0.05553676 0.23215969 0.32004806 -0.20531538 -0.0043458072 0.059051532 0.01443322 -0.25250018 0.11427224 -0.034819704 0.3396201 -0.12769319 -0.11558099 -0.39093813 0.052288197 0.062158994 0.050640028 0.17992194 0.032849405 0.1423165 0.22938067 0.16785061 0.15272506 0.2116446 -0.3982904 0.060111582 0.19610569 0.5222298 0.07904984 0.035434645 -0.23089683 -0.16733937 0.09072772 0.03865242 -0.10578933 -0.254279 -0.12469641 -0.14676169 0.045696795 -0.09340219 0.09947984 0.22014686 0.04895429 -0.17785774 0.22973332 -0.10813449 0.10911307 0.017643776 0.15656485 0.3831694 -0.030405676 0.1822146 -0.03648905 0.05291562 0.17280151 -0.030914176 -0.2614856 0.14188786 -0.11598472 0.35104936 0.11173286 0.090273775 -0.26469728 -0.07249392 0.044501882 0.003133241 -0.070576295 0.068797976 -0.10411906 0.1437302 0.030921461 -0.10356319 0.0746192 -0.0842948 0.009860724 0.21889113 -0.15344125 0.06389361 0.096710145 -0.16823791 -0.11348408 0.08419964 0.18843575 0.102380194 -0.0918931 0.017647233 -0.2041157 0.049326595 -0.07037562 -0.2156735 0.24332763 -0.25217402 0.19725698
FSM -0.20714456 -0.25569287 0.0066199843 0.36670393 0.25030968 -0.09189117 0.08831765 -0.20534699 0.21351714 0.21506771 0.140125 0.14874382 0.12755673 -0.08870355 0.3735121 0.27638495 0.014607505 -0.075973935 -0.09964704 -0.104750395 0.1381751 0.28045073 -0.030712076 -0.09348253 -0.102259696 0.05055403 -0.078303054 -0.09737589 -0.14651017 -0.106851704 -0.004992288 -0.12584424 0.5859975 0.057396308 -0.09479743 0.4904191 0.4364801 -0.37989885 0.3407806 -0.1635894 0.10157285 0.15159279 -0.11326878 0.047473993 0.03383332 0.27420565 0.01465404 0.11949251 -0.055440746 -0.07632007 -0.04756569 0.4690928 0.20049475 -0.14684935 -0.058481555 -0.15589088 -0.1303453 0.18946144 0.24293208 0.0012255206 -0.09092268 -0.046650525 -0.054957785 0.19161367 0.14655505 -0.32296276 0.29961383 -0.030288832 0.02838489 -0.07966527 0.0791308 -0.08756913 0.0026073765 0.048485562 0.028187495 -0.017818414 -0.13189816 -0.030956037 -0.11882156 0.2448874 -0.31351063 0.16642977 0.002114449 0.29682422 -0.22483565 0.35580117 0.34392363 -0.30770087 0.30384138 -0.07660498 0.0805219 0.030781923 0.3238537 -0.09290402 0.09146147 -0.024352174 -0.30701736 -0.20438583 -0.18429933 -0.02598542 0.042023737 0.33926597 0.2619877 -0.036886632 -0.09890459 0.051299423 -0.05263719 0.25767982 0.28299782 0.060801554 0.15847942 0.22500218 0.034761176 0.08889446 -0.111337356 -0.081608966 -0.10246431 -0.011525542 -0.038720835 0.27562854 -0.23580027 -0.007041031 0.04537229 -0.1856217 -0.16032524 0.16495977 0.29149854 -0.070953675
ZMB 0.06074907 -0.28165177 0.25985473 -0.01628223 0.36729765 -0.16692445 -0.16798382 -0.29993984 -0.14709492 0.2557269 0.15220472 0.06756382 -0.18662821 -0.011204029 0.12720457 0.17096667 -0.29288477 -0.1652414 -0.16602361 0.16353856 0.15533763 -0.01727494 -0.3108598 -0.054387156 0.0775412 0.10999061 -0.036083937 0.0973811 0.13386436 -0.13941927 0.021825742 0.19097425 0.061286476 0.32477453 0.2823422 0.041005876 0.20575525 0.18757893 0.19107902 0.05846643 0.0691249 0.17135182 -0.22239919 0.2664321 0.06895448 0.06362083 0.23528443 0.13054883 -0.27720198 -0.019950166 -0.021869149 0.23539439 -0.0016391971 -0.123169325 0.03503958 0.22395639 -0.014536474 0.099684715 -0.09083837 -0.06894255 0.088290334 -0.012626358 0.5150907 0.443932 0.02071707 0.009621692 0.41596547 -0.058475442 0.15716636 -0.09268226 -0.24282272 -0.029730318 -0.11037445 0.10182204 0.012796735 -0.114853635 -0.13391116 -0.24900237 -0.07326566 0.2443965 -0.162746 -0.12249752 0.09451483 0.3319036 -0.14353457 0.041195504 0.007295022 -0.10334058 -0.051662765 0.049488127 0.21199751 -0.10692596 0.073979735 -0.22638294 0.45447752 0.109701075 -0.120351344 -0.16326827 -0.23895334 -0.02907373 0.08362121 0.124387935 0.017865626 0.024701696 0.0075111277 0.022340432 -0.039309047 0.14031757 0.1068769 0.0029574586 0.18948758 -0.08217233 0.07262036 0.18868795 -0.17900985 -0.14131959 -0.08384115 0.16282578 0.064796746 0.1710735 0.112236045 0.059996285 0.008870806 0.12730116 -0.37243906 0.084001936 -0.028861007 0.012498836
LAO 0.22153099 -0.18333739 -0.16928412 -0.2600815 0.12694421 0.18550764 -0.10118931 0.04590258 -0.032460462 0.07034331 -0.15146236 -0.0938789 -0.22008249 -0.17301388 0.15570804 0.2912869 -0.11062049 0.0858637 0.21015586 -0.004373846 -0.14194685 0.16570735 0.09153691 -0.038986493 -0.25402993 0.31051025 -0.0650283 -0.04966257 -0.19873399 0.21556522 -0.15935898 -0.049427144 0.08819505 -0.22249883 -0.069493234 0.16278842 0.29055032 -0.21741691 0.19578427 -0.1286075 -0.060781714 0.22090246 -0.0084912535 0.16227405 0.09101533 0.30919382 -0.17080238 0.031177418 0.06128239 -0.08935292 0.113180526 0.0086858 0.16896927 0.03877357 -0.13407487 -0.29475692 0.37828642 0.3585448 -0.08046411 -0.17580447 -0.31027797 -0.32036144 0.050905064 0.20095308 0.28349516 -0.01471592 -0.013934341 -0.13563016 -0.03394016 -0.3066004 -0.026947856 -0.09175569 -0.0743984 -0.2176354 -0.124718286 -0.3292233 -0.31748137 0.16089849 -0.21815962 0.11423683 -0.053837106 -0.33310413 0.016102793 0.32567808 0.20342909 0.14141946 0.22452109 0.003865594 0.07510562 0.06692031 -0.16819303 0.1862911 0.0059857266 -0.0035860029 0.44354418 0.008703893 0.042768694 -0.1164746 -0.046849854 -0.31501257 -0.011781967 0.17082456 -0.078212835 0.18013652 0.39256874 -0.12205351 -0.040266972 0.1973661 0.08445681 -0.05464344 0.12616764 -0.035422172 -0.019073952 0.095681064 0.011803408 0.013698879 -0.09116507 -0.12824638 0.14505695 0.056069 0.025248162 -0.049721915 0.17993867 0.030218687 -0.20935646 -0.30514926 -0.03770139 0.11093081
COD 0.16608445 -0.22428456 0.08012431 0.24402285 0.35090184 -0.027741246 -0.06161819 -0.30963066 -0.054870334 0.17843454 0.2052386 0.18166894 -0.07009925 -0.2180175 0.14624776 0.17840442 -0.14085759 0.093802236 -0.4950622 0.44310635 0.05720395 -0.1257424 -0.21502769 -0.18832196 -0.30378628 0.18946755 -0.26974794 0.24883755 0.0005718628 -0.009929686 0.045760695 0.22040206 0.06012422 0.10308825 0.03967522 0.09566859 0.22972092 -0.035187196 0.111358844 -0.0756212 -0.114299126 0.14742066 -0.17153181 0.124098055 0.08917069 -0.009633158 -0.15771236 0.16614476 -0.22848764 0.078766406 0.0077275834 -0.0811828 0.0896648 0.1188758 -0.068097524 -0.11207973 -0.004182893 -0.18744506 -0.078121565 0.21986887 -0.1325911 0.009949595 0.39398402 0.32344663 -0.2695154 0.2178688 0.29616898 -0.0114963995 0.028793765 -0.14128566 -0.15097244 0.06193174 0.099468715 -0.03702151 0.21713635 -0.1725716 0.08958293 -0.09529636 0.16118167 0.3681357 0.1036162 -0.21511959 0.14248827 0.2610334 0.105303705 0.038824975 0.25181782 0.14261135 0.14873432 0.10523447 0.034675788 0.23683806 0.09226351 -0.22938307 0.3653238 0.07552376 -0.07833784 -0.18286291 -0.46695563 0.03500607 -0.014811788 -0.01781657 0.082105555 0.0466974 0.060164977 -0.09083382 0.15581748 0.17329365 0.10319971 0.092121325 0.2576298 -0.022306146 0.21512847 -0.03975504 -0.30696428 -0.19364996 -0.02173899 0.2532973 -0.10454343 -0.17839803 0.13061325 0.004211083 0.1982015 0.33055526 -0.33254525 -0.14903891 -0.14446642 0.062190823
CUW -0.19025545 0.046218798 -0.0547194 0.2307691 0.32413968 0.008435075 0.24533705 -0.08145626 -0.022751248 0.20896176 -0.048371863 -0.042904362 0.1522319 0.016587136 0.19652027 0.20422249 0.22720847 0.24722299 -0.23325542 0.35277474 -0.2047062 0.08785283 -0.031577334 -0.086024724 0.08016619 -0.19049272 -0.24777439 -0.3112421 -0.25608557 -0.06394328 -0.014186614 0.056829657 0.11680155 -0.0065410025 -0.13639158 0.29136315 0.08313288 -0.1746645 -0.15032695 -0.08571178 0.019205863 0.36888 -0.13358352 0.20633052 -0.16819794 0.16315858 -0.16776669 0.28094894 -0.08631463 0.039755657 0.12239122 0.13348153 0.03437697 -0.15685922 -0.038972262 -0.10588923 -0.13882707 0.21200357 0.20611161 0.091594905 -0.14608525 0.050167993 0.22413024 0.12043311 0.32731053 -0.3412815 -0.15528256 0.027030583 0.25168493 -0.5898671 -0.2460933 -0.3045353 0.008705262 -0.33433172 -0.090762496 -0.32464993 0.26173717 -0.27149844 -0.3698284 0.37076062 -0.22445545 0.039615937 -0.040891644 -0.04849646 -0.014504756 -0.15441352 0.58937967 0.19610211 0.19873948 -0.08282375 -0.001886367 -0.21957178 -0.14370638 -0.10979273 0.26962715 0.04341522 -0.03616592 -0.09414031 -0.09291295 -0.0711489 0.009748602 0.10059424 0.0936798 0.06832361 -0.12666732 0.20184225 -0.24638657 0.33037868 0.22616817 0.18422692 0.38511503 -0.010505262 0.096951894 -0.014888542 -0.43610594 0.07690547 0.31603983 -0.1522076 0.3607133 0.26707658 -0.31308925 -0.23929599 -0.09762407 -0.07476597 -0.17067067 0.12326056 -0.16615552 0.21159372
PAK 0.013763752 -0.18057743 -0.021818422 0.05698952 0.18583035 -0.05088266 -0.0029204728 -0.18300185 0.18279235 0.12195381 0.07687073 0.17028815 -0.027071483 -0.21855648 0.27486095 0.1712204 -0.03109344 -0.016113548 -0.15370235 0.20575309 -0.082655296 0.06467069 -0.09102571 0.06461881 -0.17693314 0.09643731 -0.061265 -0.036245927 -0.048583254 -0.09549426 -0.16342956 -0.14307442 0.043990254 -0.1738974 -0.02506891 0.22742571 0.20387979 -0.20288858 0.24580663 -0.13326225 -0.06268321 0.22094545 -0.27433 0.18526947 0.13413621 0.07864923 -0.12272168 0.06110781 -0.0683923 0.12983087 0.019069742 0.045961365 0.102508366 0.13616994 -0.03598722 -0.17630488 -0.011804447 0.128378 0.028088272 0.08733048 -0.118713655 0.050458506 0.19544186 0.42796454 0.11597976 -0.26761875 0.22064875 0.07504692 0.07933486 -0.11606191 -0.07929463 -0.08344456 -0.072977796 -0.15838443 -0.07003238 -0.07678399 -0.013197764 -0.13418557 0.052907526 0.422004 0.07454926 -0.16292492 0.027837422 0.32867426 0.069148794 0.14254467 0.28525603 -0.08641581 0.080014214 -0.030333253 0.0070987977 0.018856198 0.061447345 -0.16343069 0.25109428 0.067391515 -0.011154358 -0.14933248 -0.2027731 -0.044733282 0.08653454 0.071427636 0.060860924 0.039627783 0.09784379 -0.019147601 0.03420119 0.175829 0.24747442 -0.28057095 0.10598709 0.0057523735 -0.023378324 0.07210152 -0.037820715 -0.12347011 0.050245427 0.0032431725 -0.044342592 0.2161931 0.009351996 -0.014295228 0.119198225 -0.0129913995 -0.12357299 -0.07680681 0.14309911 -0.13179594
SLV -0.0852004 0.04039388 -0.06522313 0.21773757 0.29139555 0.049315546 0.203007 -0.067956395 -0.031333577 0.11437976 -0.0023857553 -0.10250812 0.0482216 -0.033655073 0.29504508 0.10306714 0.18543369 0.18432188 -0.17257828 0.274218 -0.121782854 0.08879739 -0.059006322 0.0228545 0.06889822 -0.1983077 -0.17084746 -0.32551527 -0.2501653 -0.10486956 -0.019216513 0.0722411 0.16931549 -0.04295783 -0.17139609 0.26911122 0.20581076 -0.29521433 -0.10252168 -0.059109274 0.0012400995 0.23797102 -0.08148036 0.20188107 -0.14231183 0.11871458 -0.13265282 0.19854866 -0.10336909 0.044573672 0.07954012 0.17260502 0.07034311 -0.13611454 -0.04857636 -0.135682 -0.05528418 0.18862727 0.20094539 0.0799997 -0.19843955 -0.012289754 0.16243088 0.18791117 0.25056785 -0.29556057 -0.047946148 -0.026399901 0.1112876 -0.44348162 -0.2272692 -0.21454927 0.0042174 -0.21593308 -0.029204287 -0.2632144 0.16786548 -0.27035806 -0.21836567 0.36640713 -0.15692563 -0.036909297 -0.028940797 0.03446201 -0.03414059 -0.053081784 0.54598844 0.103765726 0.26072544 -0.10290357 -0.048484284 -0.18694997 -0.07470573 -0.09222271 0.17707564 0.05386455 -0.029602796 -0.013505099 -0.1659881 -0.07531601 0.023101225 0.11209886 0.1454993 0.015517389 -0.1188108 0.15779997 -0.21264276 0.3641183 0.14823213 0.12665133 0.36236945 -0.036383003 0.09511347 -0.043861814 -0.32340574 0.043750387 0.2651988 -0.08430435 0.28625616 0.21551041 -0.19822215 -0.16299327 -0.036829006 -0.03349798 -0.14559312 0.18372397 -0.07396573 0.21830806
MWI 0.049950093 -0.10708054 0.2520514 0.13582422 0.31750634 -0.22566502 -0.09720629 -0.24523231 -0.114074096 0.24245293 0.17878126 0.059114397 -0.157953 -0.12586491 0.15702362 0.110298745 -0.15713549 0.05624639 -0.10663905 0.30050024 0.17387429 0.07501486 -0.19042577 -0.08131262 -0.052269336 0.13329919 -0.2429378 0.15891808 0.02778208 -0.13730049 -0.10902063 0.06423596 0.009661809 0.21625604 0.09363672 0.112853855 0.21387853 -0.047778886 0.0730334 0.055732917 -0.17129171 0.06906964 -0.13330506 0.18460995 0.034155566 0.036894742 -0.014643512 0.0024222005 -0.13858917 0.22492793 0.14287108 0.05989563 -0.008251467 0.015186134 -0.038900614 0.06250305 -0.013316359 -0.08413769 -0.0696877 0.082308404 0.026099298 0.07730147 0.29512042 0.08055472 -0.01370084 -0.07246563 0.42936423 0.018122928 0.06741574 -0.10337919 -0.26796898 0.02822087 -0.12520954 0.024388332 0.03501024 -0.1704012 -0.012233189 -0.20683207 -0.08984307 0.23086762 -0.07408586 -0.14485905 0.115426265 0.38666058 0.022802299 0.18071064 0.14177914 -0.1572827 0.17570005 -0.044877853 -0.017729534 -0.0028764554 0.023494205 -0.24083704 0.30910608 0.088279545 -0.0066875922 -0.20945942 -0.3120009 0.046905976 -0.07946828 -0.15186048 0.11797499 0.1351734 0.03801387 -0.10780568 0.17661962 0.094831035 -0.056697864 -0.102762334 0.09077705 -0.091533385 0.11039862 0.021316558 -0.14864826 -0.093528494 -0.048446484 0.23968378 -0.011355758 -0.046424814 0.07600687 0.19177197 -0.060167152 0.15292294 -0.2447909 -0.10736776 -0.029184032 0.04783513
GNQ 0.30701575 -0.14153305 0.31614166 0.1969407 0.1627356 -0.1715478 -0.00653235 -0.0671343 0.04376197 0.34115738 -0.08419309 0.16931728 0.12071078 -0.15029001 0.15895371 0.4086914 0.029142786 0.51683456 -0.24164888 0.45222247 0.2976109 0.18831058 0.043125767 -0.2660392 -0.35035917 -0.16305071 -0.23473114 0.31585127 0.40324214 0.12346624 0.080368035 0.070362926 0.030161975 0.22514658 -0.017919669 0.14576842 0.14188759 0.38311988 -0.1619363 0.02238039 -0.12643887 0.08827029 -0.25727174 0.03418278 -0.051224336 0.16316128 -0.22921205 -0.092198774 -0.2962552 0.1018495 -0.073233955 0.06503904 0.18936561 0.18296598 0.20493786 0.14928383 0.19444124 0.03857994 0.15869361 -0.29963967 0.084721394 0.13914004 0.52419573 0.005510241 0.009446867 -0.2511663 -0.10338132 0.038369343 0.054931976 -0.02478436 -0.21537715 -0.029786184 -0.15738037 0.06937826 -0.13309461 0.046347473 0.21436512 0.10667642 -0.20022076 0.37506583 -0.041937146 -0.010936623 0.040878434 0.26832098 0.47397158 0.031975374 0.20438701 -0.09239933 0.11739342 0.13421428 -0.12141471 -0.2403287 0.15324523 0.0021471926 0.40297776 0.08191028 0.062956855 -0.20451048 -0.08293638 0.071661524 0.10590975 -0.07180532 0.049040828 -0.12536874 0.06445596 0.06396614 -0.017596118 0.030116023 -0.18950956 0.015795322 0.21880238 -0.09198779 0.08712244 -0.12641343 -0.035703547 -0.12288181 0.06053721 0.16853012 -0.061156794 -0.08773227 0.06813432 -0.17283791 -0.011478351 -0.014138134 -0.15428844 0.017094374 -0.2301761 0.14766659
SYC -0.15386355 -0.28395292 0.06230485 0.008592424 0.30638897 -0.15083852 -0.12276291 -0.44318086 0.05920971 0.24228401 0.22053312 0.238939 -0.05584911 -0.1004466 0.043039665 0.20545022 -0.1590244 -0.21001862 -0.28423303 0.09676724 -0.022489207 0.03342223 -0.19284444 -0.08630006 -0.07111888 0.24477595 -0.19381787 -0.025420105 -0.14166898 -0.052207064 -0.05180204 0.03779152 0.15404677 0.16282201 0.17674318 0.21099535 0.18965088 -0.14295551 0.28819624 -0.037218098 0.0013313722 0.19794926 -0.09654921 0.11410315 0.017690476 0.19864689 0.103250004 0.1820285 -0.23961248 0.08273848 0.18385126 0.13937815 0.034153953 0.015352825 -0.020900266 0.02136185 -0.050722044 0.04954805 -0.048152167 -0.010940601 -0.049239248 0.062382367 0.33439025 0.3701123 0.053370617 -0.013109485 0.3989134 -0.010882625 0.11806601 -0.17078225 -0.013185099 -0.042582694 -0.08103043 0.013171848 0.093312554 -0.15267676 -0.03780411 -0.14716132 -0.14067179 0.09102983 -0.070524685 -0.13924564 0.14041387 0.3582056 -0.27265152 0.22631969 0.0025251966 -0.16175587 -0.034922175 0.0034489625 0.23239218 0.15436375 0.0486714 -0.33013478 0.4495177 0.03278174 -0.11143689 -0.35036793 -0.26315108 -0.06040202 0.10537148 0.16462027 0.014858098 0.33324102 0.097619265 -0.17504936 0.060201142 0.18352859 0.18364136 -0.018036885 -0.02452561 0.06965599 0.069876626 0.25039127 -0.24559513 -0.14451809 -0.12267467 0.13214919 0.0040212474 0.10062972 -0.036271956 0.06814889 -0.0160956 0.11494382 -0.22952598 0.07620254 0.14990465 -0.081222646
SWZ 0.3622881 -0.55026984 0.016748434 -0.1919627 0.41861275 -0.04533966 -0.13350612 -0.17995514 -0.10100691 0.2585057 0.13137016 0.10045555 -0.17551734 -0.18330707 -0.02182904 0.19220158 -0.23722744 -0.01398258 -0.1989498 0.15435864 -0.10069238 -0.09726678 0.036013506 -0.09518556 -0.17201193 0.37038055 0.0040955055 0.26595917 -0.04312993 0.23254803 -0.0808619 0.41208917 0.07225422 0.023181261 0.26882666 0.042115454 0.15224886 0.10479675 0.24504489 -0.15145934 0.123852916 0.37675902 -0.18057217 0.14829953 0.06569959 0.11807111 -0.086955644 0.22849023 -0.14161293 -0.08336849 0.25426522 -0.17641126 0.03349351 -0.04539249 -0.13982894 -0.114801124 0.17745897 0.15180105 -0.04171982 -0.08642473 -0.12117231 -0.24962193 0.32796174 0.40609333 -0.0801949 -0.07294807 0.26344284 -0.013594677 0.113276534 -0.3176371 -0.1348803 -0.16305934 0.13235505 -0.18333024 -0.09469922 -0.33069834 -0.20415027 -0.0272737 -0.07821491 0.17427239 0.04341059 -0.192185 0.06031738 0.21418275 -0.045023397 0.03998522 0.3466964 -0.014755681 -0.0061281035 0.13931303 0.000993706 0.19987659 0.06545131 -0.37119544 0.60126424 0.04722 -0.043003332 -0.29398397 -0.37088642 -0.2809938 0.10752461 0.14900404 -0.09269622 0.276056 0.43850085 -0.22371516 0.09115263 0.22834352 0.20651278 0.22061002 0.21229954 0.025675658 0.060214248 0.078595065 -0.31817853 -0.06701544 0.12804866 0.071795285 0.059283625 0.11142993 0.003102744 -0.20340706 0.06582024 0.17994513 -0.3691653 -0.11022815 -0.0856511 0.033849053
KHM 0.33975172 -0.6114028 -0.036132324 -0.23785958 0.40945968 0.03253677 -0.12247381 -0.17415264 0.020709822 0.24720842 0.09098783 0.09992679 -0.15938725 -0.22563621 0.012685713 0.26120412 -0.23433779 -0.037400905 -0.16346112 0.12100545 -0.19840957 -0.10387124 0.14181188 -0.09512567 -0.2200631 0.4297076 0.09013399 0.16188706 -0.019613823 0.2987777 -0.1044632 0.3961069 0.094417274 -0.12024753 0.28349677 0.06600715 0.15560217 0.026402488 0.26113698 -0.20743917 0.11555598 0.43378574 -0.1896575 0.17424037 0.10788124 0.23031782 -0.1439427 0.1991461 -0.08344369 -0.12839143 0.29776174 -0.23024283 0.073811784 -0.013334484 -0.17434661 -0.1830995 0.25361335 0.3120511 0.033078596 -0.16532023 -0.17342463 -0.30894274 0.31880414 0.4538528 -0.012853353 -0.21417192 0.17942539 -0.003824451 0.14884427 -0.34186813 -0.03011719 -0.18052183 0.13823393 -0.29499972 -0.12007209 -0.32261384 -0.24370249 0.027243303 -0.12398583 0.19884363 0.053301685 -0.22620721 -0.0025018526 0.23095569 0.023491211 0.0032293594 0.39991832 -0.0066724415 -0.03041761 0.11129396 0.008368873 0.18937856 0.08900884 -0.37306428 0.6661956 0.024202714 -0.041030686 -0.29203007 -0.32906362 -0.36070892 0.18659231 0.21990098 -0.08091598 0.2571908 0.5476304 -0.26241022 0.08988267 0.29914674 0.26075795 0.13409808 0.16199516 0.0772992 0.039192196 0.09308935 -0.27188593 -0.074774 0.17232655 -0.014666338 0.06309147 0.1863056 -0.008415592 -0.3062707 0.16021292 0.11470609 -0.33603662 -0.078058556 -0.006996889 -0.059651084
RWA 0.006479673 0.089562975 -0.14046675 0.36004928 0.23935588 0.09344203 0.28138655 -0.12488604 0.13500306 0.0046686237 -0.0068286797 -0.04267462 -0.024848623 -0.05443746 0.21717358 0.15221466 0.0698267 -0.10225644 -0.26012206 0.19047588 0.08756518 0.042182967 -0.07405469 -0.10339266 -0.24958488 -0.11020833 -0.2923741 0.095175825 -0.20164835 -0.06986245 0.09254301 -0.10241861 0.30283633 0.0019035082 -0.18432333 0.4155286 0.28775573 -0.30218 -0.0030808738 -0.10245965 -0.1967132 0.15306959 -0.021530373 -0.030336006 -0.052805495 0.05346552 -0.14369337 0.16130187 -0.1153408 0.017676711 -0.13440228 0.22373912 0.1251273 0.030144598 0.0038912622 -0.26140738 0.12624477 -0.012284639 0.019555239 -1.4863705e-05 -0.21655136 -0.14295958 0.13742875 0.05542764 -0.013466672 0.06294012 0.06521722 -0.04957244 -0.04416722 -0.111066855 0.023017243 -0.029661078 -0.0040298044 -0.01223866 0.11138135 -0.19234908 0.19886267 -0.12770963 -0.021776093 0.42263213 -0.090641916 -0.097579 0.11599308 0.10570576 0.057870336 -0.013497022 0.26155567 0.04940683 0.422819 -0.04832425 -0.035681956 -0.05032128 0.09522514 -0.0668198 0.19959883 -0.048236266 -0.18735643 -0.041157857 -0.4026318 0.07530564 -0.04093743 0.2253431 0.15606143 -0.07476099 -0.17878386 0.06731862 -0.043210156 0.3125433 -0.053780574 0.1675532 0.32188392 0.15466338 0.16648032 -0.22533028 -0.110442095 -0.122484915 0.1256921 0.026420334 0.0064916974 -0.17404553 -0.2108211 -0.12596469 0.0152253285 0.13608341 -0.23204061 -0.09660445 -0.0153604075 0.22548977
LVA -0.10003256 -0.01709821 0.043077797 0.24604088 0.11984245 0.022695137 0.09212677 -0.28024 0.13006085 0.06310802 -0.05384135 -0.16918096 -0.20651819 -0.12055651 0.023654256 0.3668259 -0.19420277 -0.25950837 -0.010454076 0.1099525 0.11560085 0.19674954 -0.10244861 -0.5089143 -0.3980002 -0.11898412 -0.1276234 0.17623533 0.019265642 -0.15180945 0.3433772 -0.32025412 -0.08670045 0.21885681 -0.13978584 0.29708183 0.2533609 0.29562274 -0.036097642 -0.24800035 -0.091479674 0.35139424 -0.34186956 -0.08709345 0.28306022 0.16004331 0.11546377 0.1144589 -0.38135985 -0.05807032 -0.20227522 0.3198442 -0.034535684 -0.1459299 -0.058664598 0.14808606 0.30584827 0.05604435 -0.41184366 -0.44927022 0.056303345 -0.22233973 0.5949873 0.069446586 0.13740286 0.1364228 -0.1566935 0.042445544 -0.02303846 0.0027641205 -0.01386822 -0.11309683 -0.30778334 0.11788692 -0.25889096 -0.061193887 0.012565973 0.12518874 -0.024128111 0.48349208 -0.23550683 0.2640792 0.01994402 0.050833747 0.040428054 -0.18795983 -0.3181534 -0.095821545 -0.061483447 0.24087808 0.13498542 -0.41786882 -0.0039182426 0.019344155 0.34856236 -0.1958053 -0.15543026 -0.22633381 -0.1081797 0.120049596 -0.27798647 0.16556431 -0.2602567 -0.16476445 -0.0033036931 0.11886907 -0.115598395 -0.054699194 0.18236619 -0.31929317 0.24777381 -0.026666414 -0.04457818 0.07616632 0.21489008 -0.16190591 0.19847615 -0.2226293 0.26391694 -0.070560694 -0.2780961 -0.16401252 -0.08471743 -0.04329109 -0.0967776 -0.1336352 -0.2062855 0.13230959
SLB 0.000977718 -0.021413628 -0.21242554 -0.06078688 0.17739463 0.18870175 -0.13042518 -0.15332511 -0.027935456 0.18485676 -0.06676493 0.043420542 -0.23370233 -0.30680585 0.2414028 0.23085816 -0.10626032 0.09146464 0.06235089 0.071750075 0.03893519 0.082603596 -0.1066474 -0.0069251065 -0.20385553 0.27207568 -0.24994962 -0.1381568 -0.17363797 0.0062250574 -0.10043182 -0.2586777 0.2277971 0.023788694 -0.16283938 0.32220197 0.423447 -0.4250171 0.23473519 -0.01859769 -0.08372979 0.021240287 -0.12724017 0.17895131 0.17136492 0.32603493 0.023052052 -0.07859884 -0.10344609 0.042006455 0.10068585 0.22460571 0.20979185 0.09876492 -0.12582476 -0.3053241 0.21424775 0.119329035 -0.14217442 -0.031052437 -0.274167 -0.18427289 0.0643443 0.24748637 0.29433894 0.0664182 0.15295942 -0.13973819 -0.097235896 -0.3320364 -0.056427952 -0.05689307 -0.0629037 0.027993912 -0.09879813 -0.1173178 -0.30410364 0.14395891 -0.18532424 0.08487892 -0.055503644 -0.21516109 0.040787116 0.36093348 0.07753514 0.16406576 0.083714716 -0.027585212 0.21949144 -0.014072046 -0.16399062 0.18707712 -0.07156914 0.017518453 0.27366504 -0.112327255 0.05841464 -0.14837763 -0.01642767 -0.17587054 0.015900396 0.045672994 0.121324845 0.11376013 0.1026115 -0.09730505 -0.10369334 0.18052049 0.114251286 -0.26634762 0.062224835 -0.04537338 -0.014987862 0.21228279 0.15332673 -0.09865615 -0.3271592 -0.124234654 -0.0053065578 0.12732911 0.15383288 0.11714856 0.20044307 0.10482544 -0.1797381 -0.24645506 -0.14238806 0.07273695
MRT 0.03431195 -0.018740484 0.1572332 0.23595604 0.18633753 -0.18820974 -0.1701402 0.0637863 0.2160619 0.14516433 -0.1556332 -0.33773664 -0.004021756 -0.062353577 -0.03512135 0.23495537 -0.037709646 0.27843443 -0.018328728 0.34028748 0.29155344 -0.010579293 0.31558436 0.16297078 -0.07209878 0.0048038187 -0.17062245 0.062406674 0.10167906 -0.12463811 0.09959129 0.012061088 0.07133293 -0.0006374352 -0.12190224 -0.030393586 0.03268831 0.060505826 0.26971704 0.039862636 -0.25802624 0.17087483 -0.026065225 -0.102520116 -0.014000825 0.19099618 -0.021694763 0.0684766 0.016670449 0.14001893 0.034485105 -0.03611101 -0.08111163 0.05137355 -0.29639164 -0.05788961 0.27504915 0.07986307 0.018230455 -0.068664424 0.37385 -0.2933466 0.21479955 0.14810109 0.22522534 -0.34942243 0.06480603 0.118812665 0.038913418 -0.017110465 -0.14140679 0.028287208 -0.2431211 0.16711308 -0.11014603 -0.36515525 0.10321623 0.06106827 -0.17715959 0.48718217 -0.201077 -0.21710394 -0.007506517 0.17620616 0.09460039 0.14959311 0.22642127 -0.16541709 -0.018442202 -0.04130124 -0.033860777 -0.27404997 0.0154719995 -0.28513396 0.19890682 -0.2103367 -0.04020376 -0.2003861 -0.0051809 0.032357182 0.04439305 -0.11073457 0.028661422 0.05791457 -0.1185079 -0.14205348 -0.051207624 0.097968936 0.16453834 0.0037225508 0.0062307594 -0.07356963 -0.1520566 -0.019635357 -0.20336272 -0.12645967 0.3215523 0.042637553 0.35511273 0.05746147 -0.21420877 -0.10900179 -0.09548109 0.07427313 -0.25328732 -0.112362005 -0.20553042 -0.01885619
HND -0.1631294 -0.038376767 -0.10953956 0.21341227 0.2776941 0.027849592 0.28571177 -0.19065598 0.0070004486 0.14254516 0.10579975 0.07032166 0.015492277 0.0219581 0.3125988 0.17547272 0.15884532 -0.07000429 -0.18295118 0.15795234 -0.08182661 0.054894608 -0.10651022 -0.0023995603 0.033171486 -0.20344472 -0.19148073 -0.34288922 -0.2781544 -0.21504977 -0.01836339 -0.018811945 0.30543393 0.06181015 -0.04183419 0.44837388 0.2809875 -0.39320454 0.030402262 -0.015132519 0.034164652 0.22496486 -0.19317596 0.242928 -0.07912957 0.22208086 -0.058236897 0.22866225 -0.12593469 0.059521466 0.051953707 0.34476545 0.07293712 -0.14793406 0.030666597 -0.09696595 -0.14370331 0.17964172 0.16548 0.11758169 -0.23915629 0.07339641 0.12854095 0.20130745 0.17667487 -0.34439406 0.099570654 -0.050478872 0.13560355 -0.3870242 -0.17666504 -0.21535838 0.021190792 -0.17042321 0.019993527 -0.16946578 0.054365512 -0.30890328 -0.2270562 0.29485258 -0.19193317 -0.03205013 -0.0162687 0.1606011 -0.14820333 0.06745866 0.4870194 -0.013648898 0.3314457 -0.08306211 0.046076387 -0.18812944 -0.0078202225 -0.12035512 0.13523702 0.11571612 -0.108442195 -0.102464944 -0.24864522 0.032146428 0.111601554 0.15295827 0.23250252 0.03851409 -0.12011823 0.11343724 -0.22439179 0.41602188 0.13058981 0.12268103 0.24670202 -0.009327945 0.13168028 0.022837559 -0.24575612 -0.019103905 0.1201444 0.028514085 0.1298481 0.28063685 -0.19281664 -0.10670581 -0.05942617 -0.064375095 -0.15391566 0.30230913 0.07934422 0.13998006
SOM 0.12770757 -0.22271258 0.107053734 0.011245979 0.27575284 -0.038009666 -0.013432127 -0.10420805 -0.05990599 0.18256035 0.16614157 0.038162697 -0.3582668 -0.35551187 0.39959532 0.05501123 -0.16137272 0.043043267 0.036690675 0.11351213 0.079436 0.07757746 -0.22654755 -0.09921489 -0.1764081 0.16220027 0.0038524373 0.0758548 -0.016279712 -0.2692345 -0.18048461 -0.19368905 -0.15526524 -0.023732828 -0.075425126 0.15853749 0.29694122 -0.26089203 0.06572578 -0.16404755 -0.08557197 0.12673861 -0.45208856 0.30399716 0.2508307 -0.08438135 -0.12396168 -0.047308523 -0.07289356 0.152273 0.0042149685 0.051802576 0.11845391 0.005923912 -0.13238902 -0.11489369 0.009282401 0.014072191 -0.19978584 0.08695053 -0.20878509 0.08978688 0.31380254 0.40257353 0.053897377 -0.19066478 0.34953508 0.0071053496 -0.0580651 -0.10228387 -0.31402758 -0.11006341 -0.13280967 -0.10555215 -0.2592577 -0.07650981 -0.23772456 -0.1815624 0.16728081 0.4655258 0.029245114 -0.062289555 0.035772197 0.44365287 0.12498314 0.19444636 0.31719995 -0.26199684 0.1643315 0.048656665 -0.14903452 -0.13451242 0.09339358 -0.09407746 0.025353728 0.21230377 -0.019650145 -0.08141875 -0.33516076 -0.005868123 -0.08373284 -0.2426496 0.0048362785 -0.1757695 0.23213013 -0.045212902 0.083322525 0.09538409 0.18367112 -0.5601625 0.23012665 -0.24254473 0.0047554853 -0.05464892 0.16312596 -0.004522899 0.028631885 0.078483686 -0.052300468 0.085433654 0.18275636 0.1864216 0.1665686 -0.002176363 -0.079361364 -0.1299302 0.10097987 0.015543852
GUY 0.12303975 0.24738887 0.11369287 0.07615828 0.17286141 -0.15631773 0.038099628 0.0624938 -0.07262836 -0.046541575 -0.2386192 -0.15668687 0.08491576 0.21960023 0.105308704 0.03685401 0.04698512 0.22464986 -0.010588335 0.27010942 -0.07818016 0.12554953 -0.06822258 0.10244275 0.0865616 -0.07950352 -0.25569516 -0.044814613 -0.047138516 0.1193408 -0.11682148 -0.15107653 0.18973947 -0.058717858 -0.21527514 0.23179498 0.19894585 0.06702805 0.14801832 -0.11797441 -0.18861167 0.16646811 -0.001121257 0.1989403 -0.17961897 0.08680207 -0.08768506 0.068456225 0.113877125 0.110534854 -0.09883052 0.23228137 0.07008265 -0.054695763 -0.0947395 0.13641347 -0.016610937 0.19423759 0.054617833 0.059108023 0.034829058 0.14107963 0.116247684 0.12508586 0.42912564 -0.14407018 0.059712783 -0.15789098 0.25622997 -0.043673526 -0.319216 -0.027303787 -0.30056804 -0.2317127 -0.030485496 -0.24511766 0.19747166 -0.22000803 -0.16612865 0.5396721 -0.21022925 -0.2523074 -0.05451812 0.20611118 0.08947662 -0.079488695 0.12908956 0.027045308 0.050545815 -0.08340132 0.05502556 0.012981815 -0.07820227 0.02977928 0.38326013 0.02990882 -0.035778787 -0.12276198 -0.17725056 -0.03578676 -0.22942768 0.06848882 -0.11682479 -0.022878865 -0.21296065 0.43771207 -0.122489244 0.12720646 0.028712275 0.30163714 0.26458392 -0.08736755 -0.03771238 0.11110242 -0.28782675 0.05134144 -0.057527546 -0.033761483 0.30683255 0.15385137 -0.21625662 0.12031854 -0.13878976 -0.03884561 -0.283641 -0.30483064 -0.024676746 0.099989794
ATG -0.013646893 -0.23228298 0.096840225 0.2581559 0.20214339 -0.00517211 0.033135142 -0.009540879 0.091675095 0.20710117 0.1024597 0.031676274 0.06518486 -0.018995257 0.18687457 0.32758176 -0.027394438 0.15318608 -0.06577008 0.15061383 0.1365814 0.0792967 0.10156431 -0.23989838 -0.1804902 -0.102044806 -0.08758933 -0.051876307 0.02565347 -0.08230445 0.09441474 -0.022762937 0.15049495 0.050434932 -0.015418616 0.12236178 0.29501605 -0.09255248 0.022902654 -0.07200313 0.035285037 0.12535079 -0.18650083 0.12005282 0.02153955 0.22430499 -0.0776742 0.091844834 -0.16277048 -0.080012366 -0.05144005 0.20485601 0.08327534 -0.13962843 0.01209892 0.033343237 0.118961625 0.107125 0.115723595 -0.10357651 -0.0157178 -0.05592593 0.19643423 0.16723922 0.12849467 -0.24390592 -0.008771484 0.06727408 0.013874647 -0.13026576 -0.08895664 -0.15902494 -0.060077768 -0.023849042 -0.022810247 -0.053022873 -0.07160696 -0.016848799 -0.10983847 0.22979233 -0.177739 0.06217514 -0.025495619 0.09081407 0.070492074 0.049343314 0.2622957 -0.090195544 0.14247292 0.0656868 -0.004384715 -0.19733046 0.13874753 -0.07173111 0.07116149 -0.01787708 -0.10609413 -0.11198518 -0.07866555 0.022199348 0.006873635 0.07386031 0.079172395 -0.14954792 -0.032913286 0.05783797 -0.17563923 0.1949527 0.18270168 0.036210902 0.17806178 -0.06482083 0.025332244 0.006954268 -0.13562015 0.08582316 0.13638903 0.077976964 0.16086881 0.0836552 -0.14594804 -0.15735959 0.031938244 -0.081175596 -0.14405961 0.19633609 -0.061440907 0.03549
MOZ 0.14981553 -0.11881768 -0.17590417 -0.05258544 0.31653416 0.18399118 -0.12605472 -0.2369498 -0.29014087 0.18428817 0.10083994 0.07512483 -0.28162614 -0.20318983 0.08105803 0.09711559 -0.19014814 0.00019003788 -0.14618813 0.20363611 0.07560016 -0.10944866 -0.23584563 -0.046596114 -0.12084411 0.24118066 -0.26554006 0.005797987 -0.17767893 0.070716165 -0.012105852 0.1600424 0.1433648 0.20110647 0.016103256 0.14596315 0.31218934 -0.20243925 0.16665639 0.0879436 -0.016611254 0.07280886 -0.050304566 0.17435777 0.07917721 0.11823071 0.071481645 0.11272914 -0.2547066 -0.041023348 0.13006964 0.17034334 0.09371025 -0.042696983 -0.132492 -0.14632648 0.1568818 -0.047010813 -0.21012935 0.076101504 -0.25084686 -0.21638434 0.25882834 0.31264827 0.05974838 0.29973567 0.24179274 -0.120594636 -0.048852358 -0.37036046 -0.24369253 -0.04952012 0.033173203 0.053518243 0.02221514 -0.25651538 -0.25984436 0.04058586 -0.08945673 0.07397351 -0.038926985 -0.2547055 0.09868426 0.25855172 0.0044350256 0.046040967 0.103246115 0.13441534 0.15674022 0.07685359 -0.062036414 0.20532465 -0.11904947 -0.1731746 0.4064424 -0.044710338 0.008359006 -0.14370571 -0.19242169 -0.14835791 -0.0033107805 -0.043238092 0.019940713 0.17641646 0.10166333 -0.078240484 -0.020520555 0.19291833 0.014075637 0.039638214 0.21393609 -0.07316172 0.11498795 0.1459703 -0.088101864 -0.12731442 -0.23389879 -0.014245251 0.06530551 0.0101632215 0.15347444 0.15003294 0.1368092 0.31675753 -0.33134907 -0.27075353 -0.32063615 0.17026742
SEN 0.035656832 -0.1625573 0.15914944 0.2503978 0.23971862 0.14202651 -0.30048147 0.06837433 -0.16334447 0.283728 -0.02998084 0.04919616 0.032522116 -0.13507047 0.09178022 0.4523567 -0.20961076 0.43536654 0.14525063 0.300836 0.15137829 0.12557447 -0.055843048 -0.30207866 -0.2771272 -0.087040104 -0.19131453 0.038609542 0.06862794 0.1413274 0.070713855 0.09529309 0.033521973 0.069255 0.14945193 -0.15263088 0.33616483 0.1315494 0.0674261 0.16296068 0.09688946 0.02678665 -0.061210975 0.20940639 -0.0044191186 0.3161772 -0.0041123535 -0.085712895 -0.16220811 -0.16877247 -0.07709991 0.2631971 0.11547549 -0.19755125 0.0074058 0.08177967 0.33924598 0.10413646 -0.017960997 -0.18104681 0.1305198 -0.15967712 0.22349878 0.1527338 0.277327 0.083960734 -0.13694474 0.13821115 0.07466372 -0.21019037 -0.14226039 -0.080790356 -0.13244824 0.03305839 -0.04187035 -0.15908004 -0.2759416 0.1101121 -0.18303838 0.14109583 -0.25550106 -0.04752748 0.052634463 0.12113729 0.24842581 -0.00017599977 0.005381412 0.19862089 -0.0072906613 0.13163505 -0.02611391 -0.09234088 -0.036839407 -0.011774881 0.05365842 -0.044964924 0.056715608 -0.006737424 0.24786663 -0.016804326 -0.22703113 -0.012543447 -0.082523204 -0.19200502 0.05362993 0.15267062 -0.13967572 0.06658536 0.24777149 0.0068472293 0.16249886 -0.17022264 0.0018427027 0.20795487 -0.061798416 0.28398997 -0.045265675 0.0862775 0.34640002 0.08011276 -0.09380614 0.081634976 0.22177869 0.018130487 -0.2346247 -0.10283466 -0.26494944 0.1181891
UZB -0.2399484 0.07899826 -0.01782289 0.15064463 0.13263883 -0.064415835 0.12264622 -0.15290502 0.20026033 0.09435812 -0.012180755 -0.008527722 -0.0821007 0.048150536 -0.19045644 0.20867562 -0.12599698 -0.28817448 -0.113162324 0.10267652 -0.07518216 0.20326139 0.030622505 -0.43533504 -0.40168777 0.15524366 -0.38453352 0.23559947 -0.113394484 0.07951857 -0.033546675 -0.38296586 0.0043898826 0.0017548328 0.051643092 0.20146768 0.14078574 -0.07755204 0.25704858 -0.16804312 -0.3634278 0.28617468 -0.051987547 -0.17662378 0.07193889 0.11966908 -0.013273941 0.2216141 -0.08133821 0.050692555 0.014977129 0.16473942 0.029952094 -0.11037171 -0.05441042 0.06879438 0.23837711 0.15560082 -0.24713829 -0.20558459 0.03605672 -0.08627301 0.24182525 0.062145136 0.19274144 0.056790482 0.079172924 0.17782468 0.107101135 0.1013866 0.039654046 -0.13918637 -0.33465227 -0.1107805 -0.08238797 -0.18042274 0.24227865 0.0119292615 -0.0968656 0.30328155 -0.21063243 -0.039072685 0.05499938 0.17878146 0.054181166 -0.041020468 -0.2821529 -0.100048766 -0.11254116 0.058108672 0.35199153 -0.103971325 -0.08058034 -0.27676573 0.41471878 -0.1995388 -0.22896414 -0.24658018 -0.1488159 -0.0020470098 -0.25858432 0.13775016 -0.42424095 0.23896666 0.08231167 -0.036584146 0.10157222 -0.011035221 0.060923044 -0.23746589 0.011237192 0.12126381 -0.13537982 0.06578387 -0.0747682 -0.080689594 0.009283013 -0.15540653 0.19580925 -0.16685483 -0.5651565 0.056019418 -0.094454736 0.012978582 -0.2120444 -0.25276938 0.0059833387 -0.11380579
LCA -0.07667755 -0.20240697 0.24621405 0.39974147 0.17337854 0.017199757 -0.27742696 -0.022987513 0.15116775 0.026948644 0.2613758 -0.085649595 0.102163374 -0.16910926 0.20999712 0.25654507 -0.061833534 0.2872609 -0.0721862 0.20942816 0.02818773 0.122075394 0.34264806 -0.13768677 -0.2634646 0.08475471 -0.0076674405 -0.37162414 -0.020112034 -0.09541107 0.03646639 0.15592818 0.054312333 -0.1841848 -0.21370983 -0.0019699659 0.45395055 -0.25039116 -0.08083775 -0.10415613 0.056747466 0.10882638 0.05903196 0.18424222 -0.0225927 0.4309433 0.016474431 -0.08123932 -0.25181893 -0.032415092 0.08037036 -0.044041988 0.1911946 -0.12232633 -0.20459966 0.16579239 0.28389573 0.3298708 0.16354844 -0.21579541 0.13930953 -0.15702967 0.07031667 0.20288123 0.32037124 -0.39130878 -0.09861262 0.10753306 -0.077171355 -0.033842735 0.029492734 -0.17120701 -0.22527145 -0.110588744 0.16954009 -0.17874685 -0.089212105 0.05439267 -0.052317217 0.3248194 -0.1016124 -0.103696644 -0.10666912 0.14480169 0.03106348 -0.04149683 0.15441339 -0.13342777 0.1337137 -0.013248977 0.064029604 -0.11946741 0.30605924 -0.23151028 0.12026298 -0.1768491 -0.03136145 -0.13865522 0.0022034515 -0.033790935 -0.2728159 0.025586892 0.034840062 -0.07512897 -0.15577425 0.038319148 -0.27217007 0.4136252 0.23700856 -0.023131533 0.120966785 -0.27876803 0.10040855 0.22178112 -0.16406485 -0.027757095 0.23404616 0.1452888 0.49532127 -0.018530304 -0.13108426 -0.33146632 0.00510075 -0.17673647 -0.31714195 0.40180644 -0.03742732 -0.119033284
GUM -0.18271269 -0.30792028 0.050578855 0.4599326 0.24676056 -0.035324305 -0.0071341316 -0.18450904 0.123686485 0.20794705 0.079244815 0.12915316 0.14465433 -0.2146791 0.4382832 0.31798044 -0.00043894848 0.13093679 -0.06653189 -0.12494819 0.16098402 0.46712103 -0.061537925 -0.13247104 -0.074140705 0.06754582 -0.05081694 -0.11206226 -0.1763419 -0.10484999 -0.0013193755 -0.02528562 0.66693777 0.025953963 -0.25699484 0.4870128 0.57480663 -0.4118857 0.37068704 -0.16224653 0.20507227 0.13221863 -0.07719439 0.06453665 0.05266602 0.35703725 0.075119436 0.095542856 -0.05453586 -0.14612012 -0.054568924 0.5359086 0.25902766 -0.16660021 -0.08664489 -0.18939736 -0.13314402 0.18487631 0.27846342 -0.037707366 -0.09176412 -0.0984284 -0.13878205 0.21674715 0.22862649 -0.24689867 0.2714086 -0.08349304 -0.09150338 -0.15640788 0.054303538 -0.07466325 -0.001141595 0.11024992 0.010600042 -0.028293848 -0.22954942 0.030152725 -0.071754895 0.21305986 -0.3777765 0.21040647 0.007650501 0.2594909 -0.22727007 0.46787584 0.3902749 -0.28682524 0.36245993 -0.08191421 -0.0011023048 0.09604116 0.3840935 -0.048224255 0.06465718 0.04007166 -0.26592875 -0.19348668 -0.1507188 -0.06434611 -0.04943752 0.3620511 0.31811225 -0.047568988 -0.025343103 0.14658388 -0.13253745 0.23131464 0.35737383 0.102416486 0.27765712 0.21263623 0.010452231 0.19236962 -0.089502975 -0.07978592 -0.17433228 -0.08544334 0.025615536 0.3060892 -0.19500338 0.06314299 0.14627266 -0.2107496 -0.2527271 0.10572215 0.24106649 0.041146673
IRN -0.24331689 0.03322927 -0.14825314 -0.006459585 0.107471265 -0.04760283 0.053392723 -0.065966874 0.24083783 0.19712761 -0.04072284 0.14772515 0.058116127 -0.032027096 -0.029017495 0.4047966 -0.06938293 -0.070692606 -0.14260738 0.09539963 -0.20182121 -0.030165216 0.13430509 -0.22913712 -0.36752012 0.27586564 -0.47265643 0.045866746 -0.03640737 0.09317608 -0.055538833 -0.46628675 0.2094062 -0.14443207 0.07824511 0.27129528 0.21620587 -0.32138264 0.4549252 -0.2625973 -0.32287243 0.17967911 -0.11109414 -0.021436142 0.07610447 0.2675226 -0.06320993 0.12014721 0.044472124 0.15225872 0.1560374 0.112163454 0.07299808 -0.061495703 -0.12299495 -0.1538691 0.03559232 0.16002029 -0.048712697 -0.15435398 -0.10164127 -0.028156914 0.028377265 0.24565664 0.24999483 -0.09964817 0.0018197206 -0.006523717 0.22252363 0.098543346 -0.011103527 -0.18125847 -0.16208874 -0.19714174 -0.06300617 -0.018764641 0.18381953 0.16321158 -0.21476102 0.3108767 -0.13425681 -0.12196711 0.06865673 0.27691644 0.06932818 0.037791107 -0.0819163 -0.13265355 0.04610464 0.08738335 0.22043346 0.09980496 -0.0066724694 -0.26608214 0.3030253 -0.197257 -0.21888301 -0.31259388 -0.052700657 -0.12674606 0.02660208 0.184491 -0.2683402 0.16476446 0.06391483 -0.103519864 0.19559044 0.08647107 0.2699025 -0.27656227 -0.14555562 0.08370504 -0.24939634 0.059597895 -0.096674904 -0.040975213 -0.23679323 -0.14691049 0.009030114 0.05898709 -0.43675914 0.10567328 0.03193263 0.042645864 -0.10422272 -0.28927356 -0.11265458 -0.30725807
MDV -0.15671454 -0.20893262 -0.18595527 0.04798624 0.2218859 -0.09271107 0.057957295 -0.2292293 0.34619343 0.26536825 0.045329466 0.24458642 0.08999662 -0.09463438 0.18540904 0.45749006 -0.06352444 -0.1143903 -0.21857621 0.05933258 0.012774367 -0.083981335 0.06650298 -0.06589039 -0.26854718 0.19842961 -0.3197716 -0.04630115 -0.048133876 -0.05368047 0.06808138 -0.42040667 0.4363426 -0.062794544 0.040300693 0.39180157 0.27612993 -0.34403127 0.534473 -0.2686446 -0.1117184 0.16899154 -0.25530282 0.041286442 0.083257906 0.2682546 -0.058382064 0.1163101 -0.05628367 0.070010275 0.051239386 0.23810007 0.11468153 0.022914652 -0.11823648 -0.29070202 -0.050865676 0.041937176 0.07021997 -0.088377394 -0.12319766 -0.10670863 0.06926922 0.43103686 0.1735662 -0.22767377 0.14163944 -0.055539053 0.1467104 0.008940181 0.0812841 -0.10949937 0.03899366 -0.008128733 -0.062460694 0.04179038 -0.064137965 0.10712869 -0.18679033 0.38544756 -0.12848993 -0.01613922 0.080852225 0.3400016 -0.11276107 0.2127379 0.16344294 -0.2721957 0.16361226 0.05903535 0.08857384 0.14753303 0.14061266 -0.1710927 0.24780945 -0.16130534 -0.26359355 -0.33448544 -0.1281648 -0.100852825 0.2959552 0.27866927 0.048872773 0.017288588 -0.04515613 -0.13194701 0.09699469 0.18588999 0.44282085 -0.1833256 -0.1229805 0.18030576 -0.19375098 0.024754614 -0.024377411 -0.055883523 -0.18002184 -0.03108684 -0.15705073 0.26802474 -0.21920921 -0.011695258 0.087795235 -0.012787986 -0.03731149 -0.10419934 0.029180171 -0.2750704
BLR -0.032298498 0.040928192 -0.03967986 0.17540567 0.09848473 0.024387855 0.2020398 0.083657734 -0.056270935 0.19156456 -0.188607 -0.1335906 0.031557906 0.23781839 0.09530686 0.21553832 0.06051977 0.09050304 0.0034639759 0.0818716 0.10865701 0.19355391 0.0507279 -0.29775083 0.034833245 -0.07093539 -0.2912836 0.08609737 -0.12393213 -0.13135655 0.0268515 -0.30401182 0.15245661 0.1363485 -0.11392397 0.1232713 0.2474724 -0.1984817 -0.02342168 -0.14937623 -0.22141403 0.08400549 -0.1439659 0.03379782 -0.087826446 -0.017104862 -0.1173161 0.28566763 0.031037705 -0.023474107 -0.074398756 0.25040078 0.05650679 -0.15266712 -0.1330011 -0.023995673 0.12515192 0.05755492 0.0019014105 0.10324956 -0.13017245 -0.1215251 0.14776348 -0.11939185 0.22210942 0.0543435 0.065686695 0.047971893 0.036889285 -0.2758719 -0.2475988 -0.19406243 -0.081140086 -0.14213704 -0.099247806 -0.25154597 0.20425287 -0.08003686 -0.2300064 0.14337607 -0.3878131 0.032685716 -0.05224969 0.07218335 0.0632461 0.044966437 0.3222688 0.022479704 0.24946034 0.014948402 -0.024458893 -0.17388164 -0.039273493 0.01299531 0.16404477 -0.05913125 -0.12205616 -0.062260907 -0.16534258 0.10917605 -0.17578384 0.046277992 0.034898788 -0.035210826 -0.07707342 0.22442137 -0.16130392 0.13160418 0.069104835 0.15575509 0.32258627 -0.020932522 0.016549783 -0.11207205 -0.21210878 0.26335922 0.07540315 -0.03908046 0.20244116 -0.1257937 -0.33003026 0.0918201 -0.04436114 -0.03657792 -0.1862028 -0.14024551 -0.21867281 0.21738867
MNE -0.10984156 0.015252073 0.1704955 0.16677883 -0.17827028 -0.047496054 0.088958696 0.0041378033 0.025842415 0.1695893 -0.22578248 -0.16376363 -0.07046862 0.0010891443 -0.11430113 0.34330416 -0.042048305 0.067776725 0.12435045 0.09702433 0.06901414 0.5109781 0.0049995873 -0.5660532 -0.22939642 -0.07407684 -0.38090852 0.19342543 0.032859568 -0.1335709 0.008074998 -0.49292016 -0.15441002 0.18732236 0.011251078 -0.12072068 0.24461323 -0.08076954 0.005065554 -0.15836748 -0.48015407 -0.023911597 -0.1613894 -0.07831869 0.095011406 0.08654908 -0.16147068 0.14385387 -0.046886396 0.09902259 -0.037965238 0.1600842 -0.014817088 0.028940715 -0.025924206 0.07456088 0.5486403 0.06454808 -0.17823324 -0.1439642 -0.061197422 -0.12487087 0.29663858 -0.19178483 0.20479012 0.12216458 0.10368889 0.3070169 0.03239413 -0.07594545 -0.16472146 0.019933337 -0.42126277 -0.0075332434 -0.11269686 -0.20984025 0.3309595 0.019920368 -0.24516897 0.09721642 -0.3803058 -0.04573652 0.09223606 0.3706844 0.29619423 0.23888953 -0.10145929 -0.11730243 0.1333533 0.1447468 0.20316634 -0.22257504 -0.023471508 -0.09102213 0.3893294 -0.12972184 -0.026106322 -0.0829628 -0.13505042 0.25712442 -0.30861992 0.06443743 -0.20110768 0.15386938 0.18695119 -0.023644645 -0.0016068551 0.066417605 -0.03224662 -0.36041695 0.23619947 -0.0041744113 -0.14218959 0.073654875 -0.039914496 0.23075937 0.119079 0.020246364 0.21490046 -0.32626027 -0.48508617 0.27565372 -0.00096553133 -0.08028799 -0.18985698 -0.22200866 -0.09425043 0.22643991
BEN 0.08948567 -0.24399814 0.18938918 0.37134 0.10899447 0.08264798 -0.4293335 0.026096206 -0.30830845 0.15834086 0.21953566 0.35814375 0.09125181 -0.40768155 0.24576293 0.3575285 -0.17892465 0.55707586 -0.14334688 0.089196816 -0.04759104 0.44929338 -0.12681699 -0.48850477 -0.13699518 0.1458998 -0.13556345 0.04364695 -0.06699739 0.08817837 0.007554013 0.40902975 -0.026295941 0.07979391 -0.056800406 -0.080031745 0.513448 -0.03944493 -0.04275613 0.0027883314 0.25238264 0.1011125 0.12889929 0.13464567 0.023438564 0.28425822 0.11567112 0.0780103 -0.36051595 -0.074824765 0.20167065 0.07130692 0.09830041 -0.099897936 0.034131892 0.07976084 0.16893727 0.07552674 -0.019888977 -0.12794985 0.034521397 -0.026884053 0.176757 0.0960132 0.11433918 0.26099232 0.015502519 0.060583677 -0.02148595 -0.30563217 -0.1870264 -0.2652743 -0.11159351 -0.04552963 0.09510743 -0.08374246 0.022670602 0.138942 0.015588367 -0.09705043 -0.17987828 -0.051669408 0.17534572 0.11870605 -0.08794389 0.22480705 0.18522747 0.20756501 0.04904452 0.30513975 -0.0012142352 0.101153 0.12575483 -0.18637045 0.047961213 -0.076399 0.24928622 -0.30194685 0.072114944 -0.13257156 -0.4161817 0.004831976 -0.012701563 0.31923035 0.21337464 -0.034295544 -0.16999213 -0.029304462 0.29209238 -0.060053147 0.30022836 -0.17377733 0.10442333 0.34355998 -0.2354232 -0.06265677 -0.18066798 -0.08866672 0.34748352 -0.15932414 -0.06674521 0.043123994 0.040166613 0.15846378 -0.29558662 0.08679022 -0.3485326 0.18641214
BRB 0.029776884 -0.24964693 0.20649071 0.2921737 0.17512529 0.043753196 -0.19559586 -0.011368557 -0.057357244 0.16956551 0.06834014 0.02559173 0.07578354 -0.1843312 0.12001136 0.3200521 -0.06424045 0.4249894 -0.063858785 0.1855015 0.088041104 0.21234322 0.084689505 -0.36748025 -0.20031436 -0.060902588 -0.036676906 -0.055555105 0.034977026 0.028857986 0.10285721 0.2026724 -0.005184551 0.058609042 -0.082807325 -0.05106562 0.30409595 0.076102376 -0.12089451 -0.053112954 0.20558119 0.09709088 -0.102736235 0.13690129 0.0021773141 0.28433633 -0.016041646 -0.008549215 -0.2890468 -0.13640013 0.009671757 0.127898 0.10715014 -0.13191636 -0.017281447 0.13418779 0.18180369 0.15990879 0.052660204 -0.23568505 0.032555457 -0.055882975 0.28024063 0.17994833 0.17674251 -0.07904129 -0.1658508 0.08441269 -0.054453786 -0.20578317 -0.15244128 -0.19258808 -0.105036065 -0.01121603 -0.04445355 -0.07968899 -0.06155887 0.038480837 -0.030263744 0.16698842 -0.18155721 0.1131773 -0.017710514 0.012841302 0.097004384 -0.005345821 0.19722614 0.042578205 -0.0022947462 0.18220074 -0.02213842 -0.15153778 0.10325101 -0.06790112 0.11628199 0.005434591 0.029757705 -0.14968093 0.025842937 -0.040019877 -0.17308533 0.024921233 -0.016432736 -0.08461802 0.08345685 0.0932149 -0.253394 0.09932209 0.23988111 0.005129253 0.280977 -0.16311014 0.021759402 0.19022943 -0.1575811 0.08568438 0.14986251 0.03470303 0.3563629 -0.018583369 -0.089156345 -0.14836387 0.11187373 -0.0930095 -0.21850036 0.18713535 -0.18914844 0.15935604
TJK -0.006222611 -0.09775936 0.27620682 0.2290752 0.2567028 -0.13535734 -0.23576221 0.18210435 0.13046524 0.12183773 0.17184387 0.049780726 0.11136692 0.003792405 0.1716682 0.25541314 -0.15856288 0.3141747 -0.06196891 0.25469682 0.13683392 0.016973222 0.18620484 -0.049986612 -0.29324222 0.19202505 -0.116613664 0.03886733 0.17272204 0.050340377 -0.1253964 0.012217446 0.052463282 -0.07597035 -0.08880205 -0.02355994 0.17241468 -0.0012070123 0.18381636 -0.004188308 -0.074715294 0.21685903 0.08851764 0.122864954 0.008923419 0.2712982 -0.014144736 0.0047155386 0.022422016 0.060763177 -0.033810392 -0.004208413 0.14680994 -0.0010501955 -0.032301888 0.20551762 0.03374319 0.20149195 0.085969724 -0.07163633 0.26272365 0.0740905 0.12487542 0.25376657 0.33679864 -0.33526254 0.021852847 0.019283533 0.15213089 0.055726085 -0.04156223 -0.058101766 -0.29897213 -0.06907739 0.12291044 -0.1909184 -0.0378786 0.06187921 -0.08784158 0.512582 -0.012065657 -0.2417823 0.006254391 0.2125884 0.13695899 0.019018985 0.11824986 -0.142506 -0.019634547 -0.077209935 0.08902606 -0.08322769 0.2137234 -0.15094668 0.15337783 -0.11919664 -0.08825912 -0.23834883 0.08495251 -0.13283467 -0.22890148 -0.0790582 -0.10268421 -0.01787077 -0.21345076 0.094685644 -0.122574195 0.073313065 0.14934817 0.09578742 0.042403847 -0.19530085 0.005527963 0.11599061 -0.299875 -0.024856975 0.0507966 0.021893011 0.34964398 0.11446636 -0.111262985 -0.08443058 -0.039290078 0.007844594 -0.37349993 -0.080479026 0.029968271 -0.26134
LSO 0.17304656 -0.39579755 0.13496102 0.09528837 0.36213088 -0.08200555 -0.16030076 -0.28047848 -0.18996611 0.23939021 0.26554605 0.12903488 -0.10704392 -0.15321039 0.082997166 0.12154761 -0.23876743 0.046814058 -0.33821455 0.276004 0.10469965 -0.07510445 -0.1606414 -0.14179923 -0.07778803 0.19035682 -0.10795698 0.15344034 0.009377635 -0.0339445 0.012597017 0.37506765 0.05024435 0.23063359 0.18867804 -0.027760094 0.22711457 0.062116705 0.1334335 -0.0038855392 0.07683764 0.1971256 -0.18600284 0.20692654 0.026361164 0.032116428 0.029440954 0.21503152 -0.286706 -0.0069986973 0.11796137 0.02567283 -0.0007563961 -0.05972313 -0.10004408 0.076252654 0.050264336 -0.056236334 -0.058029663 0.08811195 0.0056396043 -0.103224 0.4683053 0.36992723 -0.122853674 0.07708243 0.36884478 0.054461952 0.062499195 -0.26605922 -0.26323584 -0.06990254 0.064252354 0.0067448705 0.07199981 -0.22878195 -0.07162302 -0.16591282 0.03232245 0.19111949 -0.03289222 -0.13508949 0.07886906 0.23920059 -0.08992999 0.0958887 0.2724819 0.017090833 0.024872985 0.12965593 0.0640588 0.08828943 0.07166277 -0.3494073 0.42686784 0.049882345 -0.041231014 -0.22796467 -0.35403234 -0.026613621 -0.03028348 -0.0049400907 0.051051445 0.14481278 0.15478462 -0.10806242 0.02718005 0.17904913 0.1876213 0.110297 0.2531368 -0.0734017 0.13491507 0.10908472 -0.32952613 -0.05471656 0.0591076 0.21209247 0.08604277 -0.004701329 0.068231806 0.019473491 0.07866282 0.23068145 -0.36286342 0.004851183 -0.1556072 0.071618594
GIN 0.1675927 -0.38344017 0.10068893 0.058795024 0.37139577 -0.08237312 -0.17736521 -0.29891366 -0.13246956 0.27446875 0.22741964 0.19302069 -0.07293656 -0.17238604 0.07783423 0.15425633 -0.19894885 0.0571824 -0.35559282 0.26491916 0.094169125 -0.090688445 -0.16014662 -0.10835749 -0.081091106 0.23785883 -0.13156597 0.1380241 0.012991379 0.022696411 -0.007154481 0.33651108 0.11331383 0.2052496 0.1870611 0.058171954 0.22037862 0.025160348 0.21027555 0.0018007327 0.064789526 0.1883116 -0.18892029 0.19944467 0.028898586 0.06822328 0.047410317 0.19023308 -0.2659368 -0.0032007569 0.12616201 0.03288705 0.043216836 -0.008798409 -0.08966294 0.026801547 0.017404823 -0.0334628 -0.02321484 0.09177262 0.008537327 -0.06835635 0.4325348 0.4107884 -0.09766955 0.04760751 0.37425748 0.012328943 0.09216947 -0.2657226 -0.20636879 -0.056120735 0.06710726 0.0042488826 0.07090124 -0.19965263 -0.067932144 -0.12607513 -0.007397402 0.19686466 -0.028923983 -0.16176802 0.075313486 0.27352428 -0.10790855 0.13043723 0.27397475 0.0071357368 0.021769088 0.108450115 0.069918476 0.15052155 0.057577644 -0.31609842 0.4515871 0.03206504 -0.04437463 -0.2853653 -0.33777633 -0.06602606 0.070392445 0.016745703 0.06327982 0.17857242 0.13364124 -0.10449787 0.023616185 0.16584848 0.20849283 0.1369307 0.17961958 -0.029264422 0.13191496 0.1296404 -0.3289397 -0.13138258 -0.030464483 0.19047296 0.0033446145 0.055787567 0.08762817 0.0028116573 0.07999612 0.21578136 -0.3584686 -0.0121759325 -0.13174182 0.024855053
SHN 0.16057585 -0.34930643 0.13713263 0.045810167 0.32802486 -0.08969145 -0.21494058 -0.31715578 -0.16358183 0.24781561 0.23388174 0.16677234 -0.12239694 -0.20601715 0.031486414 0.1561346 -0.26385263 0.04935181 -0.3058493 0.26902553 0.11083726 -0.057706572 -0.1827349 -0.14862901 -0.14309269 0.23416574 -0.14975426 0.1631348 0.022948386 0.024053887 0.017272513 0.3225114 0.031732753 0.23892176 0.17479351 -0.0037593762 0.23169649 0.08583567 0.21981671 0.006521749 0.042688165 0.16447622 -0.1950724 0.17284982 0.06086097 0.07509832 0.06820306 0.15106575 -0.30414268 -0.00870242 0.1197003 0.019675102 0.0067048785 0.003052476 -0.07227386 0.07077481 0.089810885 -0.045728397 -0.12149802 0.037197776 0.01601882 -0.07001752 0.45536748 0.38096696 -0.09917048 0.15812768 0.35241893 0.022040995 0.07842392 -0.17423172 -0.22270241 -0.0009273614 -0.010924265 0.05273117 0.078599766 -0.18959473 -0.093475 -0.07528242 0.031395506 0.16370985 -0.015012455 -0.18153492 0.108055964 0.3127613 -0.052983344 0.14020087 0.11330295 -0.0028689704 -0.033303674 0.16254394 0.09844884 0.16446918 0.039202403 -0.31613925 0.4778074 0.015266006 -0.030721731 -0.26090002 -0.29892197 -0.037774578 0.0048241136 -0.012127684 -0.028931336 0.18941928 0.1617015 -0.14757153 0.04253297 0.10813965 0.17259324 0.03195453 0.19024582 -0.080763936 0.091555655 0.18252291 -0.26320952 -0.14175883 -0.067283124 0.19621395 0.039887913 -0.009800961 0.09881483 0.06351638 0.107536264 0.23612483 -0.38653332 -0.0668524 -0.17299119 0.047946036
LBR 0.0892913 -0.1694334 0.14541456 0.06733209 0.29279038 -0.022836676 0.008021836 -0.020784987 -0.08383551 0.1838956 0.14152797 0.014341639 -0.43175504 -0.36648855 0.48483467 0.10256786 -0.16752 0.09481346 0.1260966 0.1314647 0.06696629 0.16159791 -0.28002492 -0.21862547 -0.20822091 0.11920921 -0.03663885 0.08054902 -0.05160114 -0.35433468 -0.22236796 -0.36313868 -0.27717775 -0.048325434 -0.12709156 0.15141813 0.35665742 -0.3157894 0.012872495 -0.20969793 -0.15895687 0.115794264 -0.5042231 0.3469059 0.28928617 -0.14518279 -0.22238925 -0.05022923 -0.05064058 0.175197 -0.055059135 0.07237984 0.14270718 -0.0024590518 -0.0976412 -0.11701334 -0.0018579669 -0.040576182 -0.28066498 0.09155616 -0.25870767 0.13749292 0.31896624 0.36309263 0.1072509 -0.16556086 0.29704538 0.04259461 -0.10891273 -0.095742315 -0.36664048 -0.1459997 -0.2051288 -0.14788821 -0.32080066 -0.07129246 -0.23507027 -0.22083728 0.21014246 0.5725567 -0.038142312 -0.041116565 0.060008597 0.46256888 0.19515805 0.1777462 0.3169221 -0.28247792 0.20803535 0.07067242 -0.17027059 -0.21517557 0.087568976 -0.023203408 -0.07586682 0.27118134 -0.045808136 -0.020654375 -0.3308718 0.037328478 -0.21405527 -0.3174053 -0.04833169 -0.27026743 0.25218943 0.0072649545 0.104306825 0.056638353 0.17255318 -0.7180551 0.29232168 -0.31871438 -0.010161307 -0.10067942 0.23220277 0.116782025 0.07984551 0.08094665 0.021851514 0.015662951 0.14783232 0.27438572 0.17574042 -0.039111543 -0.028421592 -0.21612461 0.11681946 0.06317115
PSE -0.13806753 -0.17126703 0.311882 0.24158765 0.029638125 -0.037209082 -0.04107061 -0.0028421031 0.013210326 0.16340898 -0.037755188 -0.16727234 -0.015882168 -0.08126749 -0.007347536 0.39061975 -0.027976124 0.16753563 0.13791268 0.05174759 0.14019737 0.37296256 0.10444791 -0.68615776 -0.18982537 -0.12178679 -0.090468876 0.14901973 -0.0803401 -0.21946752 0.14421721 -0.32142463 -0.14883691 0.032865766 -0.028890796 -0.07354094 0.3467621 -0.109832935 -0.24742961 -0.25799945 -0.049022954 0.07994418 -0.30351895 0.023851631 0.19673668 0.21521968 -0.23448703 0.09643499 -0.25299072 -0.0012649812 0.0033059786 0.16746646 0.045955878 -0.11376658 0.025434788 0.08877947 0.2474005 0.09128648 -0.16052309 -0.3010781 -0.14472888 0.009625496 0.42684513 0.024912022 0.1277202 -0.003919553 -0.08675019 0.19918896 -0.16631562 -0.12808158 -0.18026932 -0.26673943 -0.19921556 -0.05701903 -0.1514059 -0.118511654 0.14188938 -0.045821264 -0.019268926 0.061227903 -0.39700153 0.2972543 0.024044488 0.004378611 0.18878418 0.11852392 0.21692204 -0.1887584 0.06891898 0.2127152 -0.023959002 -0.25654 0.07417888 -0.062969506 0.045839734 0.18614097 -0.062070753 -0.23390637 -0.23839618 0.10951995 -0.2590779 0.018519275 -0.059399366 -0.08132841 0.3354699 -0.05572375 -0.09731651 -0.08152849 0.087190345 -0.26304573 0.19391075 -0.10584155 -0.05837878 -0.025538938 -0.021820065 0.17965849 0.31365222 0.12792899 0.2578659 -0.41478497 -0.23315999 0.021545678 0.037680127 -0.16021945 -0.09254241 0.10144112 -0.055539504 0.28742072
KIR 0.16780467 -0.039396975 -0.246352 0.1749689 0.07991462 0.31549302 -0.13543381 -0.13239199 0.081017174 0.19212842 -0.093448855 0.060983293 0.015142243 -0.3564096 0.12866318 0.4824666 0.042263314 0.3016486 -0.13017763 0.0961988 0.15703686 0.079789005 0.18987954 -0.15981737 -0.30635384 0.1857213 -0.3392675 -0.15168397 -0.28875753 0.12276308 0.19626698 -0.059576374 0.44376865 -0.030716684 -0.34433335 0.36772344 0.55016243 -0.5304646 0.3018331 -0.05149812 -0.073921874 -0.1600072 -0.055330973 -0.014246655 0.055382263 0.44995633 -0.0121976435 -0.13763292 -0.28437334 -0.0849049 0.12964888 0.20118773 0.30514705 0.07935946 -0.15083976 -0.4433132 0.36448053 0.08149477 0.003565622 -0.1779867 -0.36008778 -0.24215621 -0.02423459 0.37472504 0.18837504 0.18641531 -0.04375889 -0.24212934 -0.24411216 -0.1841154 0.06597363 -0.10035049 0.011507713 0.23259863 0.09863813 -0.152201 -0.19002317 0.40494964 -0.15242626 0.09558627 -0.13885577 -0.15699635 0.1523464 0.2941457 0.08320863 0.3456655 0.09782351 -0.10207208 0.41577682 0.16748054 -0.23204455 0.31224048 0.119568974 -0.04877932 0.24335103 -0.23718801 -0.02630458 -0.27923697 -0.07254692 -0.2087221 0.27651623 0.15196487 0.16247904 0.16330773 -0.017659448 -0.23902044 -0.2800221 0.19165331 0.07400059 0.0008458098 0.11281198 -0.035444118 -0.012963377 0.09270854 0.06666843 -0.29220742 -0.26659966 -0.019008538 0.045905918 -0.12999143 0.08395283 -0.05751398 0.15598412 0.053151708 -0.30426773 -0.022497972 -0.39624724 0.2771541
MDA -0.0070041674 0.032416824 0.17317706 0.14172503 -0.097029604 -0.06262573 0.05723738 -0.13314414 0.0537029 0.11961955 -0.29687336 -0.20204186 -0.13668156 -0.012041147 -0.16022488 0.37079725 -0.13147992 0.021357154 0.06718216 0.12774207 0.10181707 0.51465535 -0.062987976 -0.48482665 -0.290991 -0.060290888 -0.37426612 0.346863 0.033237964 -0.07151486 0.103149414 -0.37142783 -0.085042514 0.19286889 -0.030112721 0.02898007 0.30528265 0.13077907 0.07069526 -0.124849066 -0.4605906 0.040521882 -0.16854385 -0.08428793 0.094218366 0.0945085 -0.0627844 0.13299817 -0.12134863 0.05635172 -0.11002193 0.24697717 0.016460529 0.08637124 -0.021445468 0.09044396 0.60968274 0.09122095 -0.28966203 -0.23743562 -0.064825416 -0.15176839 0.44357166 -0.11183495 0.20143022 0.28799585 0.06561127 0.17560571 -0.050241444 -0.0045760386 -0.10477257 0.08256028 -0.47046244 0.07476856 -0.121561855 -0.23901895 0.279728 0.010100045 -0.1713155 0.21193479 -0.34326264 -0.062984064 0.10840614 0.3211319 0.27060124 0.17219682 -0.24749705 -0.08767667 -0.01077362 0.147875 0.21788916 -0.17565627 -0.049918402 -0.0546255 0.53984416 -0.08252106 -0.014536566 -0.09991779 -0.19944358 0.23300627 -0.26327914 0.15955737 -0.23632765 0.15161955 0.22549479 0.03239682 -0.010952844 0.012659361 -0.058891762 -0.25387424 0.2629566 0.039949194 -0.10429467 0.108994655 0.030308926 0.08201334 0.095376074 0.041896176 0.23195 -0.33468089 -0.39148083 0.24171473 -0.0065265475 0.0013248818 -0.31350434 -0.33280766 -0.12714146 0.3008202
MKD 0.018155146 0.07616153 0.06332452 0.15242337 0.02399368 0.00973461 0.06432161 0.0118277315 0.016211554 0.10300253 -0.22451764 -0.16476534 -0.10995798 -0.050098225 0.0931715 0.2967814 -0.009498873 0.10364223 0.09444146 0.10579155 0.124504805 0.3430295 -0.0037280996 -0.33316505 -0.1737106 -0.052793607 -0.25272045 0.1797295 -0.048564468 -0.14374374 0.054585047 -0.39103442 -0.040252797 0.060775954 -0.18113215 0.12957072 0.27642366 -0.066878 -0.02401292 -0.16097064 -0.28338042 0.06265938 -0.17336199 -0.030115718 0.08732126 0.07418884 -0.128329 0.067043886 -0.067643076 0.090921186 -0.09650991 0.19039883 0.07583189 0.046983857 -0.0769542 -0.05362772 0.30253097 0.051430844 -0.18325296 -0.14061788 -0.1156603 -0.118082866 0.24021496 -0.0869074 0.19186522 0.089972526 0.012884082 0.057865206 -0.0852998 -0.056556266 -0.15918182 -0.059042886 -0.25572923 0.0023295034 -0.18533047 -0.15935096 0.11950518 0.04011367 -0.12207009 0.23174727 -0.27820566 -0.003503917 0.066893496 0.22291581 0.21191043 0.15054415 0.042051654 -0.09092996 0.1656125 0.10035348 -0.06563681 -0.18284054 0.0020957983 0.046032958 0.18560728 -0.017318394 -0.025984116 -0.099595085 -0.12508044 0.100087866 -0.22137856 0.0018978592 -0.058884993 -0.007310263 0.09448256 0.035281006 -0.0438865 -0.010585694 -0.0045684376 -0.22958429 0.21354093 -0.07110863 -0.07129775 -0.055992316 0.07622439 0.059636056 0.075137965 -0.038602754 0.17193067 -0.21403356 -0.20982827 0.11896959 -0.0007470763 -0.026743827 -0.12081121 -0.25427848 -0.15470818 0.23795733
NPL 0.07574819 0.003944996 0.2951842 0.12831251 0.3238779 -0.35080728 -0.07185503 -0.3488397 0.0071883705 0.2951239 0.03767675 0.04408698 -0.074779496 -0.10297887 0.13352033 0.20712723 -0.09754706 0.0806143 -0.23979011 0.51669174 0.20962726 0.01615301 -0.15101197 0.0036475733 -0.13257684 0.1619922 -0.39848238 0.22026493 0.085834995 -0.08811781 -0.065224156 0.021108914 0.05753653 0.24693877 0.107516125 0.18874504 0.110536896 0.0203834 0.112363465 0.07765069 -0.36945388 0.0950124 -0.20982476 0.15508862 -0.011096319 0.08617671 -0.05201733 -0.05172909 -0.107169256 0.3536127 0.11857473 -0.050578255 0.014367645 0.19497274 -0.008100396 -0.0006388582 0.009809829 -0.07253311 -0.034993865 0.11641104 0.14044106 0.19098864 0.41241553 0.062771924 -0.06721468 -0.074147195 0.4554065 -0.04034913 0.23516151 -0.015452552 -0.21427955 0.13279606 -0.13801816 0.013473435 0.13118538 -0.18411928 0.17640543 -0.21648884 -0.20537761 0.34627458 0.010882024 -0.30534604 0.13635935 0.5289724 0.15708269 0.17303877 0.08266559 -0.13723513 0.18595052 -0.06557458 0.005084539 0.07318562 0.013487729 -0.26523656 0.4792994 0.02902989 0.0008017067 -0.30477023 -0.34285483 0.08995686 0.04800563 -0.12693164 0.15338208 0.18482056 -0.07243175 -0.16251229 0.1687099 0.0988988 -0.11032295 -0.03928067 -0.009975891 -0.11061807 0.1413278 -0.005720202 -0.28574768 -0.26355055 -0.103002265 0.3555319 -0.10951926 -0.086403295 0.0834036 0.164242 -0.06056299 0.22427814 -0.3603089 -0.16498354 -0.072691716 0.07133292
NER -0.08160366 0.091221884 -0.3592635 0.04634474 0.16152932 0.34617496 -0.06064445 -0.01751983 -0.011913464 0.24419346 0.013516435 0.17723152 -0.24125694 -0.22596464 0.052384607 0.32026356 -0.14082024 -0.0004176892 -0.037875973 0.092881046 -0.11190492 -0.0040442403 0.11308951 -0.24845405 -0.44035283 0.38538066 -0.5243661 -0.14395311 -0.17617942 0.2161404 -0.18031472 -0.29057804 0.24981746 -0.077166975 -0.091374986 0.30003718 0.4539855 -0.650024 0.39754748 0.008406609 -0.24645986 0.0146861365 0.06400796 -0.007002848 0.13177432 0.41859198 -0.019426418 0.007890653 -0.08663075 -0.012014536 0.29892442 0.1811301 0.22909465 -0.11469879 -0.16544077 -0.28628635 0.26727307 0.17482235 -0.1731868 -0.104411796 -0.39075336 -0.2594745 -0.19308688 0.21417983 0.36283818 0.087405786 -0.0071756197 -0.0066512255 -0.028445039 -0.25649497 -0.10272241 -0.1821337 -0.13889903 -0.1611803 -0.08641476 -0.17249146 -0.18558943 0.39885566 -0.2557875 0.04903949 -0.12210223 -0.28545058 0.06005538 0.34625843 0.18392843 0.028358273 -0.04709569 0.06999872 0.2999999 0.044756472 0.017566923 0.21747653 -0.12470133 -0.26078546 0.28363144 -0.35507426 -0.08712408 -0.21918468 0.10229954 -0.29014704 -0.07349353 -0.019800467 -0.22827351 0.28310406 0.11216138 -0.16262501 0.051604796 0.2813206 0.0763431 -0.3275988 -0.009443847 -0.023836829 -0.15886769 0.1456433 0.0962905 -0.098948024 -0.4564018 -0.3147421 0.13641958 0.03685857 -0.24272852 0.113794155 0.12921378 0.19758497 -0.25101918 -0.3252097 -0.3910109 -0.15001272
ISL -0.124365374 0.22294891 -0.13161917 0.41275963 0.27126253 0.14407161 0.13449411 0.20279199 -0.034644317 0.18591243 0.04239731 0.095187224 0.04553601 0.0942204 0.25173244 0.23711379 -0.0085678985 0.0022921227 -0.101551004 0.12785609 0.06334557 0.20481259 -0.0356968 -0.47802615 -0.29559344 0.0768464 -0.47834095 0.27962953 -0.19534446 0.05911889 -0.080957025 -0.31761032 0.15079182 0.061191637 -0.14566308 0.21747363 0.28746784 -0.35493073 -0.12358475 -0.054878637 -0.362909 0.25386256 0.21445163 -0.13503292 -0.07081178 0.011986797 -0.15273467 0.33185452 -0.03130052 0.035248674 -0.11231572 0.13698366 0.17109197 -0.15980662 0.057972807 -0.14162008 0.12645073 -0.029642722 0.0026052415 -0.0017534799 -0.06249633 -0.10133992 0.05467235 -0.33622667 0.24402145 0.26692456 -0.02695651 0.0013616548 0.077449314 -0.27665934 -0.03843353 -0.3256056 -0.12194874 -0.21386541 0.12370591 -0.26841947 0.3642292 0.080202445 -0.3019268 0.26345482 -0.2899786 -0.032561652 0.17530514 0.029840896 0.11903506 -0.16913056 0.20713992 0.2099718 0.4681924 0.0041029816 -0.057759084 -0.13466734 0.030139195 -0.023820624 0.08905546 -0.23404802 -0.1497297 -0.11776715 -0.07974523 -0.01597643 -0.48217005 0.09015218 -0.045027375 0.013059129 -0.22991869 0.162342 -0.048307277 0.08371966 -0.14358866 0.16826421 0.33119842 0.042243846 0.27442822 -0.30443317 -0.2187255 0.15343995 0.0024719206 -0.22889325 0.18224353 -0.40850714 -0.4601077 0.0084054675 -0.15538517 0.21071807 -0.22204386 -0.30813894 -0.2593796 0.17428899
KGZ -0.09879253 0.086831525 0.040314127 0.21611364 0.056503333 0.0315912 0.03504678 -0.16927631 -0.0010602544 0.041911937 -0.10648353 -0.14202593 -0.13897084 -0.10775222 -0.112376936 0.22760384 -0.12729138 -0.017672505 -0.0050185546 0.1663212 0.021956002 0.37812063 -0.048839223 -0.503989 -0.3946756 -0.03212666 -0.35246214 0.22618821 -0.13573144 0.02536948 0.092203625 -0.28724298 -0.11077091 0.062349357 -0.06973791 0.10832861 0.27128258 0.038104404 0.029744433 -0.14756611 -0.24945527 0.17130913 -0.12428124 -0.11157321 0.100553654 0.11726416 -0.017013773 0.09655386 -0.22256643 0.001859174 -0.055058356 0.2313693 0.03329114 -0.05507427 -0.026635941 0.070981875 0.40970537 0.102429256 -0.30395713 -0.25519472 -0.05562685 -0.15084107 0.33653843 0.0033735074 0.1703591 0.24345556 -0.03444938 0.17090683 -0.06434931 0.0068959696 -0.07563063 -0.100879535 -0.31530622 0.022901664 -0.13790828 -0.159797 0.15019359 0.027375167 -0.013051747 0.24284858 -0.2372083 0.03583639 0.07960362 0.1530992 0.15159129 0.017365268 -0.26962796 -0.037137423 -0.074953385 0.17620611 0.18614537 -0.15618798 -0.08032495 -0.07723031 0.35360694 -0.119736634 -0.09546369 -0.1153771 -0.1261013 0.06179248 -0.35007334 0.10179305 -0.33521152 0.13750504 0.15585613 0.009857959 -0.017008321 -0.060590968 0.013233231 -0.3065547 0.17953059 -0.023870284 -0.09497413 0.11710247 0.046233974 -0.0458928 0.07380998 -0.08858137 0.28027922 -0.27851632 -0.38309804 0.086330265 -0.012248357 -0.0051417323 -0.15520182 -0.20621596 -0.13108484 0.2244014
CPV 0.0101800645 -0.018883059 -0.31739402 0.16721275 0.12293188 0.17287901 0.052658413 -0.33388907 -0.024686836 -0.05301416 -0.029840464 -0.20003156 -0.052478705 -0.24013636 -0.08328924 -0.08478202 -0.039081138 -0.10571604 -0.2102781 0.16396368 -0.050761923 0.27600357 0.04605883 -0.0835229 -0.32477662 -0.08435872 -0.32428414 -0.059422724 -0.41534573 0.03200932 0.11302619 -0.08515901 0.053209934 -0.06348097 -0.019422526 0.13493532 0.27432272 -0.26602587 0.25847182 -0.07154319 -0.110697284 0.15879038 -0.18813814 -0.08680951 0.028873509 0.00938268 0.10413384 0.20301196 -0.27092573 -0.03932649 0.04736384 0.23332141 0.066768445 -0.05157344 -0.20009245 -0.18676533 0.45522928 0.17785652 -0.22819115 0.066533454 -0.12347896 -0.43841305 0.20818983 0.38769034 0.031099379 0.214798 0.14399178 0.29085368 -0.08719456 -0.124333106 -0.13535297 -0.13671155 -0.02681037 0.077545315 -0.06955086 -0.2702693 0.10814331 -0.10802 0.15051399 0.22490038 -0.099151395 -0.10748581 0.06453622 0.22631396 -0.11850238 0.19215469 -0.031434774 0.031570256 -0.05386071 0.19272983 0.14897501 0.08519583 -0.10000445 -0.27733663 0.39599058 -0.26810047 -0.13454002 -0.013412896 -0.19814768 -0.02358954 -0.06741736 0.16678351 -0.2540385 0.33413458 0.11023749 -0.13717057 -0.14790387 0.1461516 0.20049056 -0.24873646 0.21300592 0.01890146 -0.11682831 0.13967668 -0.13715805 -0.1823643 0.15656134 -0.10408649 0.32700616 -0.09152383 -0.46291783 -0.004766751 0.07211271 0.031588625 -0.1442085 0.039136384 -0.17821927 0.31374753
VCT 0.009475468 0.40835714 0.10237713 0.15490332 0.14963302 -0.108605735 0.115875386 -0.06380348 -0.1277225 -0.05486367 -0.44951904 -0.2727712 0.05043908 0.0749499 0.05055801 -0.009271818 0.1710981 0.3158059 -0.03976417 0.36050743 -0.2582738 0.30561072 -0.19679657 0.0035826392 0.17433678 -0.20875365 -0.37458146 -0.108683966 -0.18518493 0.10259031 -0.09867989 -0.19927499 0.072115205 -0.051417902 -0.30343446 0.2977317 0.21905729 0.07253468 0.027022261 -0.19253783 -0.24960494 0.13419071 -0.1158872 0.20821323 -0.1727402 0.03491825 -0.11734958 0.076181576 0.016851805 0.18632957 -0.0018973334 0.27402753 0.017082471 -0.04567892 -0.15084554 0.07446354 -0.038971145 0.2255293 -0.0047645946 0.017428135 -0.13117279 0.2072772 0.22846851 0.09873955 0.4473707 -0.019812284 -0.01919207 -0.11867677 0.20737077 -0.1804566 -0.48080197 -0.061519008 -0.33113006 -0.27249643 -0.22499439 -0.25750223 0.42255685 -0.35475013 -0.12516217 0.53116316 -0.3175869 -0.12326202 -0.037924346 0.13481964 0.12528905 -0.14772972 0.10783832 0.1589283 -0.0034800605 -0.050998703 0.076405115 -0.045663916 -0.27734444 0.03514263 0.4566177 0.14223999 0.088294566 -0.051419444 -0.22814287 0.048950277 -0.2707932 0.09117545 -0.15578529 0.08636792 -0.06296406 0.5136747 -0.100332275 0.104005955 0.003504869 0.09331183 0.38424143 -0.047403246 -0.092745766 0.18854819 -0.20722039 0.0045890063 0.0063731237 -0.12392509 0.3731024 0.12369136 -0.26528642 0.2028787 -0.09661444 -0.09762612 -0.17896208 -0.31961164 -0.1043131 0.33128372
AND -0.017826008 -0.25917318 0.2504753 0.23155968 0.18979906 -0.060143802 -0.18204685 -0.05406086 -0.027541367 0.23196194 0.09830902 0.11244596 0.08988995 -0.15782312 0.11471012 0.36427337 -0.073987834 0.34737548 -0.09911576 0.18416083 0.085446216 0.24198079 0.061881945 -0.3658114 -0.18950692 0.0028603766 -0.08252598 0.00044309165 0.09618756 0.035726447 0.040753752 0.1647808 0.016631018 0.10525856 0.013164492 0.002163934 0.23494807 0.10765964 -0.10060122 -0.02380663 0.16087164 0.1295526 -0.07982377 0.11465472 0.016143383 0.2940349 0.024693364 0.00047496357 -0.26815507 -0.06609593 0.06914685 0.10328067 0.09701257 -0.10585869 0.06896653 0.17298263 0.11912441 0.17243788 0.07045831 -0.2591986 0.06252877 0.021430958 0.2934638 0.116872504 0.14823227 -0.1075444 -0.08371836 0.065819785 0.015498839 -0.17424566 -0.105956696 -0.17534837 -0.12552246 -0.004815978 -0.040207416 -0.047160007 -0.016253632 0.030625112 -0.117909394 0.10445224 -0.14116018 0.08731527 0.012465041 0.0651251 0.0599294 0.01846957 0.12824994 -0.016175486 -0.02056378 0.14408468 0.031244999 -0.14036308 0.10629614 -0.11963038 0.1987783 0.007242129 0.02548343 -0.23256981 0.02944307 -0.06832879 -0.1259916 0.048033882 -0.0023072828 0.03588849 0.12533686 0.028077314 -0.17952138 0.05475882 0.16457628 -0.01521528 0.18818548 -0.11817059 0.011054617 0.20199493 -0.17068501 0.002502255 0.07099525 0.011049683 0.26697633 0.0034392283 -0.07219692 -0.1379207 0.020912658 -0.056079086 -0.19304025 0.18454227 -0.14657427 0.0865011
GEO 0.09183886 0.20237671 -0.051081713 0.43631563 0.22574091 0.15624219 0.088165745 0.0049697724 0.013682277 0.016311025 -0.046839315 -0.021205962 -0.030079925 -0.08480482 0.16885084 0.2220475 -0.047105398 0.0845937 -0.20883028 0.25772765 0.13171442 0.12210186 -0.10481392 -0.27859232 -0.37899882 -0.069237635 -0.40471768 0.29036328 -0.14806725 0.04077046 0.08550717 -0.119792596 0.14294125 0.039110996 -0.21873774 0.26526037 0.31740975 -0.14674218 -0.09232966 -0.021017507 -0.27971494 0.08684902 0.12192219 -0.08667981 -0.049304623 0.040963903 -0.14006074 0.09198895 -0.17193688 0.036894847 -0.1746009 0.16978188 0.1639421 0.039745215 0.057584584 -0.16206594 0.26012692 -0.08946442 -0.09553803 -0.07172779 -0.13749008 -0.11626039 0.18354268 -0.06263518 0.02151599 0.31443816 -0.032849167 -0.045045987 -0.08242444 -0.04376964 -0.009116905 -0.050710354 -0.15447745 0.043658927 0.16057593 -0.23326243 0.23768327 0.017302303 -0.011009546 0.40446952 -0.117846206 -0.15359883 0.20284215 0.083670355 0.18534844 -0.05876331 0.08513027 0.15152326 0.37600312 0.036605638 -0.07614875 -0.035146818 0.07901411 -0.021406926 0.16609816 -0.103389405 -0.11417055 -0.054664258 -0.2785653 0.058313794 -0.26153567 0.10564669 0.0185895 -0.06444463 -0.17227201 0.090764895 -0.0061734677 0.13094315 -0.1650341 0.124912724 0.33739036 0.05493042 0.22421291 -0.23980466 -0.067679614 -0.113128856 0.027071258 -0.0047138506 0.11057835 -0.4086681 -0.18310943 -0.032820992 -0.02782248 0.24947385 -0.27899665 -0.2915152 -0.2012125 0.30924875
BTN 0.005225456 -0.06086082 0.29471672 0.07128766 0.3380779 -0.40620524 -0.057674434 -0.31981087 0.105797745 0.37496898 0.06597879 0.10788884 -0.05508549 -0.057498537 0.14380382 0.22844823 -0.08262304 0.015106828 -0.22111219 0.4758508 0.18199344 -0.022787636 -0.09956863 0.017382387 -0.12499824 0.20518297 -0.38485563 0.18051596 0.13540354 -0.10721963 -0.1282557 -0.086800426 0.056372903 0.2160714 0.18698767 0.18431342 0.0620258 -0.053450424 0.20314093 0.058197394 -0.39622414 0.117627874 -0.26887128 0.17157923 0.00958873 0.08371039 -0.062036518 -0.032989264 -0.06724962 0.38482967 0.1703664 -0.07974497 -0.013936947 0.17251647 -0.014750065 0.0060250955 -0.057366475 -0.035450056 0.0150540415 0.121242486 0.14744382 0.24415602 0.38287264 0.12319082 -0.018891865 -0.24533118 0.4792355 -0.0010906572 0.3043491 0.010776278 -0.2175892 0.084528744 -0.15795249 -0.05212833 0.07660747 -0.15546565 0.17727976 -0.23073263 -0.26639137 0.3603298 0.009217019 -0.28390273 0.11248925 0.56432444 0.14372706 0.17582288 0.10854996 -0.20909053 0.15199588 -0.10181153 0.051505275 0.029719362 -0.0004381531 -0.32461062 0.4874912 0.033905677 -0.03151425 -0.34663785 -0.31501988 0.08659272 0.14476374 -0.15247871 0.11746144 0.18622844 -0.053136546 -0.20137902 0.21968989 0.13051076 -0.06346827 -0.13597797 -0.10724294 -0.083826825 0.081270404 0.003993583 -0.27708963 -0.22127652 -0.08751684 0.32479674 -0.13944529 0.026838666 0.04034899 0.15567471 -0.092386074 0.17753057 -0.31053 -0.11979174 0.004024232 -0.0799664
ABW -0.23164934 0.05502096 -0.033033088 0.21339843 0.25787926 0.090238996 0.09888787 -0.03725269 -0.07039154 0.109384 -0.047426023 -0.035883196 0.11937585 -0.050514262 0.21413803 0.1785995 0.19028452 0.28015116 -0.13221475 0.27298942 -0.371865 0.21443081 -0.021575948 -0.10194426 0.043162726 -0.13118069 -0.21324444 -0.49352673 -0.29897863 0.0406947 -0.10337668 0.12879474 0.080156006 -0.14217494 -0.15990886 0.22345544 0.21473692 -0.2461028 -0.12105416 -0.08343123 0.10766282 0.3571766 0.004068938 0.25692785 -0.1837295 0.27856153 -0.12688577 0.21272834 -0.09089546 -0.017263042 0.18817396 0.15050709 0.089262836 -0.2230282 -0.061960194 -0.044382557 -0.06693632 0.4201714 0.2255541 -0.039968167 -0.2008825 0.03500066 0.12083349 0.19908203 0.4554467 -0.32643706 -0.23990017 0.016608106 0.21821533 -0.5876311 -0.2396993 -0.324417 -0.07595117 -0.41303575 -0.058020927 -0.30755904 0.20586477 -0.2085218 -0.32070112 0.30709803 -0.20831789 -0.0335277 -0.05302729 -0.028894482 -0.01983506 -0.17452605 0.4989983 0.2353232 0.100577615 -0.07364311 0.07861604 -0.148016 -0.14726362 -0.13840476 0.2859102 0.03938906 0.02463187 -0.05809477 0.027748622 -0.19150954 -0.10809884 0.185293 -0.032629717 0.15577787 -0.019652491 0.25960082 -0.26706058 0.3868995 0.26954246 0.12339213 0.36116487 -0.061805945 0.04874063 0.17537208 -0.4254432 0.094887555 0.2101462 -0.23217188 0.51524836 0.32857162 -0.32552364 -0.20913246 -0.032145847 -0.12523948 -0.15621622 0.2062025 -0.08977379 0.15625499
BVT 0.034260463 -0.2105251 0.2612658 0.24977842 0.15164135 0.013328823 -0.22759166 -0.010383184 -0.016312568 0.16645393 -0.011567233 -0.019944543 0.10105625 -0.16945717 0.069924764 0.36040312 -0.058211446 0.482086 -0.036739916 0.24256334 0.10195566 0.20642613 0.10589354 -0.3458885 -0.2082101 -0.083115526 -0.05673345 -0.032776166 0.07074649 0.060554516 0.12590162 0.16937137 -0.023875628 0.049764115 -0.07627562 -0.061675727 0.2542339 0.17756811 -0.10815847 -0.053049713 0.16789164 0.08769255 -0.12303527 0.13210788 0.013200393 0.3084694 -0.010673911 -0.053687595 -0.2743424 -0.11193989 -0.011360289 0.11807866 0.09202291 -0.083857715 -0.004444223 0.15494095 0.20430382 0.16910759 0.05015691 -0.28022772 0.067624696 -0.025268318 0.31919232 0.19083226 0.19971418 -0.06412813 -0.18275544 0.06164233 -0.027895551 -0.17116584 -0.14020076 -0.14153045 -0.15045632 0.031039663 -0.0676227 -0.088231675 -0.04123535 0.05996104 -0.054137193 0.18848863 -0.18309918 0.08432726 -0.01673958 0.019994441 0.15802385 -0.0064622485 0.108242266 0.02847072 -0.04506806 0.173078 -0.010911016 -0.1597902 0.08155011 -0.021827048 0.18356505 0.017890029 0.05160138 -0.16180281 0.046184637 -0.028847095 -0.14653428 0.024211422 -0.031951286 -0.08712399 0.08846332 0.10503982 -0.25798473 0.040159952 0.194643 0.00011603214 0.23848575 -0.17695406 -0.011071069 0.21974781 -0.14932479 0.061071232 0.15123275 0.05919542 0.36308962 -0.014372697 -0.047918927 -0.14192632 0.09851817 -0.11128957 -0.22916585 0.12913463 -0.1951874 0.18379687
COK -0.050985273 -0.30209878 -0.22689609 0.22502227 0.28455415 -0.034260217 0.12990399 -0.055504818 0.41690448 0.30382562 0.18315023 0.36298728 0.11918936 -0.003680534 0.25064033 0.34382898 -0.0058517084 -0.191256 -0.10019108 0.021480272 0.13473271 0.014673142 0.08230478 -0.1267638 -0.23193604 0.10913448 -0.17926438 -0.07705305 -0.09348943 0.013518672 -0.090906315 -0.39662492 0.34509403 -0.13357653 -0.027265452 0.38424724 0.3428773 -0.41471204 0.4518729 -0.19110446 -0.12507194 0.27892554 -0.17672403 0.014457171 0.0063493284 0.16323452 -0.24231601 0.18322752 -0.09502779 -0.04626097 -0.02878044 0.2731473 0.2055869 -0.024283959 -0.009540613 -0.26904413 0.06271123 0.06974303 0.2381858 0.056426223 -0.048667964 -0.15218003 -0.010234537 0.27715954 0.21262215 -0.4318364 0.28975114 0.17624128 0.09343596 -0.2073925 0.20508708 -0.13537581 0.040055383 -0.13764223 -0.058473773 -0.13313654 -0.18152285 0.02364726 -0.1515623 0.41440415 -0.1641946 0.0076025105 -0.0032851263 0.29233512 -0.106278166 0.23289838 0.3749162 -0.1939772 0.26770893 -0.10734655 0.019626522 0.079792716 0.14490151 -0.1328819 0.20463526 -0.14858355 -0.17417604 -0.27321184 -0.20057525 0.022545848 0.20628408 0.21819606 0.13974732 0.036535185 -0.111107044 0.0010379399 -0.02384086 0.26383558 0.36763015 -0.03102438 0.0033773715 0.34382334 0.00950505 -0.0036757272 -0.022662655 -0.018057704 0.019329749 -0.041943565 -0.15509522 0.2833365 -0.3260415 -0.21799472 -0.0035608173 -0.1366291 -0.12582755 0.00782744 0.21060655 -0.28887278
PRK 0.11699506 0.0058579333 -0.26787615 0.025017597 0.19279414 0.27801305 -0.135909 -0.10816056 -0.1722443 0.1749243 -0.032034267 0.073425636 -0.22411598 -0.29552326 0.19528879 0.21584035 -0.14867388 0.116261095 0.029949429 0.13208476 0.05159125 0.09752719 -0.11812827 -0.10117605 -0.24227318 0.20768224 -0.33894315 -0.069310926 -0.21774119 0.12293491 -0.061977275 -0.08753907 0.19867814 0.036489755 -0.09815472 0.21463193 0.45726284 -0.40632796 0.19521558 0.076850206 -0.10161564 -0.0076484187 -0.011352033 0.11216962 0.08363911 0.25730732 0.011763196 -0.032388102 -0.17787358 -0.03273008 0.12555486 0.21298382 0.20036568 -0.01853313 -0.11291805 -0.27182826 0.31910652 0.08321137 -0.16011576 -0.032917697 -0.28092113 -0.266431 0.04281066 0.20382822 0.2219774 0.23328045 0.124748334 -0.07312356 -0.10493189 -0.32536232 -0.12523347 -0.10638515 -0.031317007 0.03911444 -0.0406441 -0.19122311 -0.26323876 0.19678584 -0.17726217 0.020550229 -0.09592878 -0.24987677 0.104015164 0.33785623 0.10796711 0.13645503 0.056715738 0.103748836 0.26200968 0.06835558 -0.15785372 0.19579606 -0.09717486 -0.08341752 0.25669587 -0.17417468 0.06270477 -0.09123224 0.016364412 -0.17975996 -0.049639024 0.025784774 0.012854214 0.14884335 0.13155988 -0.122471996 -0.050752945 0.18436924 0.03420062 -0.19597338 0.15137847 -0.05495004 0.024665091 0.12951642 0.10893126 -0.0768478 -0.32440364 -0.14035153 0.07128559 -0.018566338 0.032424964 0.13603395 0.1815046 0.1921822 -0.21804667 -0.2581063 -0.3187467 0.18120304
SPM 0.1738728 0.065701105 0.13794212 0.09591079 0.20142904 -0.1600998 0.04902956 0.1784818 -0.07333167 0.08134209 -0.00095577963 -0.021157682 0.006674572 0.27124563 0.2524216 0.12685364 -0.11455449 0.097984456 0.022194298 0.1715994 0.18932073 0.13732795 -0.06453262 -0.014002877 -0.031172834 -0.05209916 -0.17513761 0.1555593 0.10536457 -0.06039774 -0.11831443 -0.18913339 0.11818427 0.07155373 -0.044321768 0.1100127 0.18586743 0.045118075 0.14323819 0.012527979 -0.20434517 0.19775186 -0.020094158 0.11999597 -0.10116373 0.00046440584 -0.08607025 0.1540831 0.11954216 0.067587264 -0.21397026 0.25087556 0.072721645 -0.06974064 0.021372858 0.20610633 0.07391732 0.090663895 0.011576497 0.10775822 0.17621759 0.02557362 0.15966679 0.0369315 0.3030956 -0.16011938 0.16574185 -0.019441472 0.20353533 0.0011957159 -0.24873321 -0.04984659 -0.2979696 -0.097360656 0.023780037 -0.23087867 0.075559065 -0.14106156 -0.16490918 0.47284773 -0.18578735 -0.24791697 -0.0007727572 0.2910353 0.0761941 0.07975692 0.18759702 -0.098457575 0.11465813 -0.047134254 0.015680324 -0.1495581 0.10279685 -0.0031263526 0.17981339 -0.04106177 -0.11926953 -0.10177933 -0.08389537 0.0019637323 -0.24694453 -0.022261178 -0.06452696 -0.09569026 -0.24517782 0.26687446 -0.1223257 0.06322264 0.022409037 0.21098416 0.25040978 -0.13104905 0.045083262 -0.09001239 -0.24701694 0.14492518 -0.0083069755 0.026613303 0.24137111 0.062350105 -0.23337261 0.11365361 -0.1719488 0.04425109 -0.27901852 -0.253771 -0.012310057 0.003915475
KNA -0.008438897 -0.16807824 -0.064241484 0.3024999 0.26246825 0.037378564 0.1399082 -0.023391243 0.035977494 0.15823771 0.196193 0.06556602 0.040059246 0.013685574 0.34574157 0.16002901 0.015912538 0.016658613 -0.1390262 0.08277168 0.12882137 0.068962365 0.01769527 -0.061743543 -0.073229454 -0.07117309 -0.10356545 -0.14110991 -0.1320293 -0.13282003 -0.008744902 0.016917864 0.31864268 0.046593133 -0.100714944 0.27830198 0.3760704 -0.3413442 0.07731573 -0.04258118 0.03560669 0.17006153 -0.091481544 0.14600204 -0.04842735 0.14298727 -0.0469264 0.1834605 -0.10834372 -0.059908792 -0.02685275 0.2678802 0.13564737 -0.1785674 -0.020216146 -0.06275921 0.00086587796 0.085407585 0.18578714 0.09285551 -0.08963041 -0.1037343 0.03638879 0.14238445 0.12628578 -0.2526785 0.16124612 -0.012178475 0.0076130913 -0.23116206 -0.09614414 -0.18644658 0.019666677 -0.07125523 0.07247944 -0.13066334 -0.059989274 -0.12044374 -0.09421869 0.27019635 -0.15434282 -0.016287172 -0.042003386 0.13177142 -0.097523406 0.094324596 0.4429192 -0.06453858 0.3550477 -0.048733935 -0.038828902 -0.121953316 0.17097248 -0.08950822 0.04412282 -0.042020626 -0.1571956 -0.0779477 -0.20847546 0.0021796955 -0.03668377 0.12143246 0.20431319 -0.083113894 -0.15342751 0.095649354 -0.19065893 0.32590085 0.141066 0.17256454 0.26857704 -0.008041392 0.14208974 -0.056498256 -0.1997974 0.03434365 0.08214763 0.03211404 0.115743786 0.13047802 -0.17069846 -0.13654383 -0.035400007 -0.018115027 -0.21380231 0.19202182 0.018360326 0.04279327
SYR -0.13209647 0.04256306 -0.040743385 0.035581317 0.16010024 -0.06754794 0.0152914 -0.003345102 0.16632636 0.221649 0.05150163 0.21049917 -0.058852796 0.030191185 0.010694155 0.2852237 -0.15135549 -0.18121465 -0.07068538 0.09179567 -0.056943025 0.07783736 0.0004098397 -0.27983478 -0.34083685 0.27563256 -0.3752938 0.18582837 0.027814891 0.072406195 -0.19427682 -0.41919166 0.028037086 -0.01870226 0.10758361 0.21760924 0.15118654 -0.17731743 0.332766 -0.103064544 -0.36765918 0.22241212 -0.06983055 -0.038571987 0.08950795 0.121236786 -0.071519 0.14928333 0.025914392 0.13349582 0.049063575 0.09943451 0.07961968 -0.056736123 0.002210968 0.020458607 0.086269945 0.13031274 -0.13175492 -0.096434146 0.01661354 0.026159016 0.104737945 0.08940439 0.23941812 -0.07313386 0.13395372 0.08995039 0.19623685 0.06278595 -0.024333516 -0.16367723 -0.28148535 -0.20454684 -0.059469134 -0.09738962 0.13890016 0.108142816 -0.18622328 0.283836 -0.11846443 -0.17555408 0.07714 0.3194488 0.09587641 0.0068025794 -0.15546656 -0.101083666 0.017173538 0.007863706 0.19778171 -0.016766807 -0.03435685 -0.21813647 0.3112897 -0.18229434 -0.15996423 -0.26192763 -0.02538396 -0.07094953 -0.1484034 0.029015044 -0.3134587 0.19003615 0.044229016 -0.028445644 0.16560374 0.01536234 0.06287311 -0.2539181 -0.07151313 0.041453052 -0.10315482 0.01907692 -0.045135934 -0.020974742 -0.2106143 -0.16929361 0.035840616 -0.0069988775 -0.37316558 0.12765555 -0.065379135 0.068467155 -0.1707519 -0.31837034 -0.036363833 -0.29027173
MDG -0.04968762 -0.122908406 -0.043406803 0.3561523 0.30214652 -0.032385275 0.17435643 -0.06255762 0.11017219 0.19181412 0.12645923 0.030591752 0.100265004 0.041633055 0.30488324 0.17360368 0.082035415 0.06221089 -0.18048406 0.1516965 0.16736555 0.060171034 0.06478932 -0.017629405 -0.057556845 -0.12198373 -0.16174574 -0.13516457 -0.13262321 -0.12014665 0.024715055 -0.012472309 0.37408817 0.06767957 -0.10447455 0.3315031 0.2997828 -0.3081597 0.097708724 -0.033082087 -0.014837667 0.19567366 -0.10697162 0.109274425 -0.08189878 0.16491581 -0.036826972 0.21029209 -0.10608564 -0.0007454728 -0.015428956 0.2916979 0.10740772 -0.15957896 -0.040281527 -0.061165825 -0.022266252 0.09099483 0.23549946 0.099753596 -0.020258054 -0.08328415 0.080795944 0.12921879 0.15420699 -0.33956215 0.1414865 0.0014639616 0.060937505 -0.24287342 -0.09364804 -0.1722947 0.021756317 -0.038435504 0.059090044 -0.16340755 0.039436217 -0.1376062 -0.17993048 0.33635658 -0.1848296 0.007157706 -0.055787824 0.1277564 -0.10556687 0.1031541 0.47441757 -0.086881705 0.34965906 -0.09940035 -0.03506514 -0.16048977 0.14310804 -0.11863215 0.10696861 -0.08096982 -0.16851784 -0.13243447 -0.20608045 0.018167969 0.032612782 0.10866143 0.2524886 -0.033027705 -0.23931171 0.09879713 -0.2112568 0.3231558 0.13513055 0.2289829 0.23782502 0.045509223 0.11420496 -0.06994528 -0.26991564 -0.028292632 0.14351588 0.014982177 0.13560319 0.16836968 -0.23439832 -0.1742633 -0.10962171 -0.043495826 -0.21033561 0.20324901 -0.004324778 0.0471234
TCA -0.032670688 -0.13232525 -0.036808737 0.33227646 0.26147225 0.0011500028 0.17407547 -0.011246522 0.07574661 0.16316354 0.12462749 -0.05758335 0.085595734 0.068604395 0.29361424 0.14997013 0.08534236 0.08189394 -0.12867393 0.13493185 0.19955565 0.055702142 0.10419659 -0.004873388 -0.019591358 -0.15469906 -0.12390722 -0.1664425 -0.14172393 -0.19755605 0.034520254 -0.021322425 0.3260328 0.039079327 -0.12014839 0.26509532 0.33503437 -0.3414521 0.07495764 -0.035539348 -0.012200659 0.14491239 -0.12110765 0.13521425 -0.09017552 0.1437007 -0.06403678 0.20540862 -0.095048174 -0.03888349 -0.04124996 0.310064 0.11136393 -0.17371124 -0.07032367 -0.06371249 0.03778736 0.10679269 0.21762785 0.11388774 -0.042950127 -0.13951905 0.09338039 0.15405735 0.16845071 -0.35440823 0.13781627 0.036071084 -0.005032144 -0.25262547 -0.12914842 -0.17304973 0.00499888 -0.025022665 0.044480555 -0.20843007 0.020248864 -0.1764591 -0.13181886 0.35286292 -0.22671771 -0.0020119671 -0.07728074 0.12168205 -0.094783865 0.13199641 0.5246738 -0.11184419 0.34836853 -0.095691055 -0.050466876 -0.20330593 0.15331094 -0.11089785 0.061659757 -0.059843834 -0.17368762 -0.078233525 -0.229575 0.056718536 0.018974796 0.10385641 0.2569588 -0.09138136 -0.22657986 0.10991737 -0.2525831 0.34424916 0.14529638 0.20560756 0.28371415 -0.011830802 0.093493044 -0.09361223 -0.24431607 0.051243573 0.21225165 0.065636374 0.1961994 0.124528624 -0.21679111 -0.14301279 -0.05688061 -0.071370035 -0.21788853 0.2322524 0.004424149 0.0972321
MNG -0.034524232 0.09002376 0.014135567 0.19542365 -0.020524332 0.0654108 0.046319976 0.025815172 0.03986908 0.060196225 -0.21169291 -0.17780489 -0.06200486 0.027465945 0.025609696 0.2970123 -0.017982345 0.06513215 0.10310024 0.032908086 0.10576728 0.35749704 0.068960994 -0.34628516 -0.18057252 -0.01952836 -0.27343568 0.13824525 -0.11196946 -0.099350385 0.0839591 -0.37979138 0.052934017 0.043735735 -0.18344355 0.112362005 0.31414407 -0.10693477 0.054322172 -0.16557406 -0.26906264 0.07007784 -0.07246558 -0.09102913 0.0597173 0.119043045 -0.08308933 0.12752275 -0.054796662 0.007895938 -0.11622098 0.23822987 0.06982763 -0.029155366 -0.115251735 -0.040655203 0.3509419 0.10035995 -0.15339665 -0.15399948 -0.08806273 -0.21387869 0.13953227 -0.092174836 0.23898335 0.15259795 -0.016557926 0.07794091 -0.09634837 -0.059477024 -0.08477007 -0.075324856 -0.2568966 0.025322493 -0.12519263 -0.20438701 0.11095961 0.095502324 -0.1411836 0.19102816 -0.34224674 -0.013378047 0.051152565 0.17813712 0.14268091 0.15333952 0.00082035817 -0.079659164 0.15642186 0.107868716 0.0065568355 -0.14402671 0.014453598 0.008881372 0.20408277 -0.113413475 -0.08356399 -0.08191607 -0.07883322 0.082111046 -0.25492883 0.10737314 -0.11086305 0.04824388 0.036907993 0.06263005 -0.10470845 0.024525283 0.03969423 -0.11915587 0.20372033 -0.020785986 -0.09329662 0.006709066 0.030941365 0.08518553 0.047791418 -0.07535542 0.25783044 -0.2224938 -0.32379523 0.097574346 0.0030698075 -0.05069811 -0.16082793 -0.23087052 -0.16582619 0.20457986
DJI 0.25557473 -0.098939106 0.23757255 0.21329461 0.31380135 -0.24263966 -0.027875304 -0.24934842 0.100776315 0.20460401 -0.048669394 0.05616987 0.062886365 -0.23014072 0.16126697 0.15211414 -0.0013027103 0.3425897 -0.3613649 0.4880325 0.26027444 -0.019865029 -0.08466157 0.0926688 -0.17363872 0.010869023 -0.1937557 0.2826827 0.1809707 0.029099455 0.04571991 0.13288625 0.1850362 0.11212181 -0.08764142 0.25542212 0.14628696 0.19255339 0.15644908 -0.03746923 -0.12899305 0.104699746 -0.28482714 0.06910482 0.0046279654 0.05806289 -0.11852789 -0.047255404 -0.19350691 0.17421551 -0.007756176 0.058480654 0.10735658 0.22944516 -0.030991206 -0.026480047 -0.044594347 -0.09615769 0.06350108 0.03310557 0.10265785 0.12567385 0.4291265 0.2715929 -0.04663828 -0.20145106 0.25279328 -0.08926775 0.09070705 0.021582419 -0.20403066 0.115295306 -0.049051832 0.12637073 -0.04731372 -0.04537045 0.15427372 -0.09750237 0.028949074 0.5759307 0.038047455 -0.11954856 0.043440524 0.2943666 0.17641044 0.12885775 0.23523805 -0.14075185 0.10550684 -0.041977663 -0.07015413 0.019606693 0.120840855 -0.12172265 0.36837763 0.06272487 -0.009055707 -0.26349178 -0.36130622 0.048270065 0.13148203 -0.09924008 0.16768728 -0.023153413 -0.050124187 0.027748166 0.07243237 0.014585671 -0.014273327 0.056543548 0.16675858 -0.027867088 0.050618466 -0.033233713 -0.16211212 -0.32386738 0.037494306 0.2363021 -0.1252375 0.07120373 0.14622952 -0.039185632 0.007853452 0.11558752 -0.2827752 -0.12730409 -0.055607263 0.06169522
CUB 0.117478944 0.045764443 0.1820758 0.1083171 0.24296804 -0.18676883 -0.027171249 0.10314046 -0.009361971 0.08513653 0.045366254 0.06134181 0.0013362594 0.22201079 0.2579465 0.16317102 -0.12899145 0.07148684 -0.009712759 0.17944352 0.12505798 0.14648478 -0.091546886 0.012716258 -0.0673737 -0.0031335852 -0.21879098 0.08164072 0.100158006 -0.01735914 -0.16377386 -0.17851105 0.1135172 0.015760861 -0.017752476 0.16354169 0.22099899 0.0030774013 0.18947434 0.013964879 -0.1988864 0.19748768 0.019727305 0.15313227 -0.098658115 0.07901524 -0.06370245 0.09342557 0.064881556 0.110292524 -0.13882291 0.20959176 0.10441844 -0.050966088 0.048281725 0.20464921 0.027721345 0.15392606 0.02851973 0.063877486 0.1560572 0.08950421 0.11563788 0.092881374 0.32048133 -0.21873301 0.19243498 -0.047538888 0.22038917 0.039056573 -0.18905748 -0.0376104 -0.31573272 -0.13215859 0.074078225 -0.1887017 0.055713683 -0.14629763 -0.1773788 0.47251678 -0.13212997 -0.297386 0.0362231 0.33864346 0.05488875 0.061856735 0.12480888 -0.1126497 0.101812504 -0.07760678 0.07467866 -0.07265793 0.10758964 -0.053892083 0.22975825 -0.03241805 -0.0988375 -0.13614391 -0.09567548 -0.049102202 -0.21249716 0.005804352 -0.102061786 -0.02117186 -0.22340192 0.21284723 -0.06598011 0.10246092 0.010021999 0.16392705 0.15631689 -0.11635183 0.047924798 -0.0068340865 -0.23378754 0.044632882 -0.09451826 0.041957024 0.20590025 0.10283546 -0.19622502 0.07870451 -0.16721344 0.02839315 -0.2644198 -0.18337455 0.06865816 -0.07591912
