80 128
SAU 0.030845478 -0.12035942 0.08558341 -0.015929122 0.02956993 -0.15826744 0.083459094 0.19699258 -0.21997266 0.2096063 0.1655709 -0.004201616 -0.13073692 -0.10927736 0.13498975 0.13404235 0.19835816 0.21987215 -0.024810096 -0.057717092 -0.08878832 0.36239162 -0.104922846 -0.21487254 -0.015342237 -0.2072729 -0.1521543 0.15018634 -0.055590034 -0.14758001 -0.117222205 -0.12139866 0.026446162 0.22090945 -0.17136396 0.08242973 0.3543216 -0.025503617 0.29440063 -0.07225933 -0.047617763 0.0030981062 0.012284908 -0.04809597 0.10086173 0.081037454 -0.12853171 0.09682849 -0.06120187 0.13889623 0.033695724 0.11997154 0.12197204 0.010486489 0.22235432 0.07301105 0.21206653 -0.02475238 0.015083657 0.035238612 0.015319664 -0.044094894 -0.020666597 0.06431423 0.11051915 -0.10782628 0.07889342 0.18068616 -0.05910047 -0.017366942 0.17848188 0.08555845 -0.17393647 -0.07388552 0.0027711033 -0.122078456 -0.076150164 -0.07610596 -0.00071484013 0.2512371 -0.022979764 -0.081569284 0.03729873 0.2917041 -0.07039777 0.30035305 0.18222907 -0.12510897 0.10729818 0.2725538 -0.00020212441 -0.15627445 -0.040302612 -0.028341314 0.15516719 0.09365126 -0.18551438 -0.17956942 -0.15186612 0.008678994 -0.07981811 -0.020906372 -0.0646583 -0.0029023169 0.12644865 0.04199279 0.064242445 -0.060146883 -0.10946142 -0.07934381 0.008851769 0.041899316 0.055542577 0.08247881 -0.026162215 -0.117388725 -0.07047051 0.08238547 0.08984469 -0.0250645 -0.03260029 0.012987696 -0.032250315 0.06383735 0.06792631 0.021340126 0.07417366 0.17200081
MEX -0.17123762 -0.21555273 0.11042933 -0.18371056 -0.024283908 0.09161187 -0.2720199 0.21358009 -0.037535395 0.17982332 0.063768886 0.008896141 -0.040913973 -0.20377076 0.2414597 0.11352682 0.08397265 0.3152262 0.07859366 0.025892032 -0.12645893 0.20823374 0.057869025 -0.122421816 -0.005869132 -0.04861738 -0.06585489 0.13419487 0.025695626 0.2863227 -0.06032548 -0.017813306 -0.23037408 0.0359626 -0.13539802 0.006638526 0.36207786 0.02618347 0.19194908 -0.21399735 -0.12066704 -0.12939793 0.06438506 -0.1310724 -0.019677876 0.109163426 -0.09523872 -0.22479816 -0.19935863 0.12930594 0.16758867 -0.09578202 0.1329064 0.16820803 -0.062272385 -0.09670705 0.15085523 -0.09432439 0.096077316 0.15068603 -0.12871504 -0.09719152 -0.020555032 -0.3879605 0.010771003 0.060738858 -0.14186507 -0.001223451 0.004588587 -0.03397505 -0.03221099 0.06741856 -0.0795981 -0.12365661 -0.10234878 -0.21920794 -0.13110344 0.40050367 -0.1910261 0.24178429 -0.21165733 0.13929874 -0.01858014 0.27051896 0.111251615 0.16490753 0.26586124 -0.081786476 -0.025306504 0.1656501 -0.08158841 -0.19120057 -0.041199636 -0.100713395 0.17028904 -0.040478036 -0.023055982 -0.26072145 -0.13792154 -0.21041106 -0.14507519 0.024639463 -0.02624034 -0.1423922 0.14018625 -0.038723763 -0.00879938 0.06325249 0.03266972 -0.27573684 0.08038008 -0.07027057 0.03222564 0.34450537 -0.019748999 -0.0015278251 -0.18808387 0.15331425 0.1117074 0.064644694 -0.12326696 -0.09462571 -0.056125656 0.055335663 0.03168181 -0.09163274 -0.3127793 0.14217347
ARE 0.04379107 -0.10589228 0.15722205 -0.047549378 -0.07160734 -0.17011242 0.10811438 0.12956354 -0.25607172 0.085149184 0.112575844 0.0176922 -0.17106864 -0.106826104 0.082690686 0.07529146 0.15741214 0.19796687 -0.035849225 0.01051783 -0.0866327 0.23731482 -0.11772278 -0.20408902 -0.043074705 -0.19377209 -0.1541118 0.16376793 -0.08211945 -0.053148095 -0.049879767 -0.075804785 -0.027117787 0.13002063 -0.1065811 0.07200148 0.23164563 0.035742298 0.21222603 -0.052473936 -0.050087854 0.016416643 0.042196814 -0.037698768 0.11595156 0.07230019 -0.035903875 0.035980634 0.026775066 0.20216766 0.062154934 0.050510734 0.1444076 -0.03966157 0.20138763 0.07182977 0.23672217 0.0024404782 0.007894985 0.009817293 0.008605305 -0.12285359 -0.10263044 0.03457697 0.11232254 -0.05265074 0.08181152 0.09729431 -0.09978688 -0.083464645 0.1821303 0.010334113 -0.20594396 -0.10083915 0.034665003 -0.1146322 -0.07791911 -0.11294081 0.03741429 0.26843888 0.05548235 -0.05544388 0.074495904 0.33648154 -0.080077805 0.26712805 0.1952388 -0.12179334 0.14465274 0.18703856 -0.016042959 -0.15237987 -0.031527326 0.04783968 0.12750207 0.09355092 -0.19992727 -0.15078816 -0.13672751 -0.054793093 -0.13632973 -0.024579179 -0.01107414 0.022690732 0.12878872 0.07799202 0.10975135 -0.11600313 -0.093120165 -0.109416395 0.0043549687 0.06530652 0.08788728 0.062540345 -0.01087012 -0.07933637 -0.083018705 0.11187091 0.035770424 0.042005245 0.010915648 0.03127766 0.008123197 0.07268762 0.031348757 0.013968903 0.09955474 0.13216108
MYS 0.086551614 -0.06404475 0.24294439 -0.13046342 0.024288466 -0.22067417 0.08604463 0.21228014 -0.41471544 0.2580535 0.22044043 -0.036883064 -0.24448472 -0.22521502 0.10650889 0.07865952 0.2664121 0.27399233 -0.012413268 -0.006934936 -0.069120154 0.28027022 -0.119859986 -0.10320157 -0.06764821 -0.26805016 -0.27767888 0.15405032 -0.1916045 -0.08943799 -0.02812889 -0.14305134 0.03498262 0.22087592 -0.20146124 0.056149516 0.36289898 -0.0617059 0.2537489 0.019546648 -0.0124107795 -0.017549578 -0.023026459 0.00037242338 -0.07878373 -0.034427598 0.05523317 0.052427717 -0.060448833 0.038797293 0.14453 0.06944544 0.109944776 -0.06342334 0.2470841 0.047653094 0.29267576 -0.056807987 -0.030081268 0.056295715 0.116056405 -0.12577248 -0.11482892 0.065086536 0.21013513 -0.15087236 0.15461604 0.045101658 -0.035200883 -0.12018814 0.21424806 0.09966982 -0.1582161 -0.14344186 -0.006752421 -0.21230082 -0.069274314 -0.108630404 -0.032533403 0.35510743 -0.11200359 -0.05801558 0.0386211 0.30030948 -0.119713925 0.46109816 0.111405924 -0.12515256 0.08725516 0.35753298 -0.11001599 -0.13213602 -0.12481561 0.07355625 0.1451273 0.050089967 -0.20968017 -0.26894838 -0.13977702 0.036081288 -0.074217826 -0.13161896 0.010056492 -0.05903418 0.07960148 0.040518392 0.07185217 -0.10862933 -0.010130796 -0.1298638 -0.020842448 0.014081996 0.13119042 0.08647992 0.031433407 -0.035062198 -0.1568203 0.19484167 0.08702949 0.08733844 -0.11927467 -0.0047408594 -0.095102966 0.053536892 -0.026871286 -0.045403704 -0.0030987426 0.27483588
USA -0.2637644 -0.12707432 -0.051077556 0.02188139 -0.22256616 -0.0023344695 -0.0559527 -0.009776634 -0.15776241 0.051771823 -0.044082522 0.047718905 0.13378222 -0.08769237 0.11642739 0.0064246375 0.12881435 0.2332588 0.05424402 0.005722851 -0.30506924 0.22298156 -0.1364273 -0.17666692 0.054043613 -0.123394154 0.026612408 0.08069952 -0.029051704 -0.14058954 -0.07472223 -0.087979406 -0.19401303 0.03971888 -0.086448915 0.19272214 0.28643754 0.06450742 0.18247473 -0.21771638 0.060895447 -0.016726272 0.09173852 0.021782514 0.27136207 0.18365897 -0.30652598 -0.09288532 0.06485742 0.18542208 0.28038678 -0.009719396 0.25689197 -0.092971586 -0.024031071 0.1019888 0.09651453 -0.0087872185 0.11653194 0.14782253 -0.21185495 -0.05835257 0.0019682578 -0.011511257 -0.03676144 0.054433554 -0.066668436 0.014127444 0.030653793 -0.17043927 0.07998804 -0.08691405 -0.24045403 -0.14946365 -0.011339141 -0.060296938 0.05074448 0.12072193 0.028340995 0.27837878 -0.04365334 0.102175735 0.15423065 0.45444968 -0.0048951404 0.06317198 0.3519965 -0.09744151 0.22342819 -0.03522611 0.050849162 -0.22769405 0.03506959 0.081347235 0.12370504 0.12576844 -0.11771429 -0.03228164 -0.069271006 -0.07427817 -0.10332903 -0.06761619 0.058169656 0.12741743 0.23868227 0.0718588 0.16345541 -0.021116147 -0.18110779 -0.014600856 0.15508913 0.14029087 0.157457 0.20740691 -0.16808027 -0.08811434 -0.03903118 0.07298202 0.07814182 0.05065177 0.10301362 -0.007615907 0.10833808 -0.029723363 0.13434105 -0.10504046 0.009321082 -0.09965057
IDN -0.00036670666 -0.16901147 0.166466 -0.13302504 0.09221371 -0.14170858 -0.024490576 0.24795486 -0.3740387 0.3772663 0.16589098 -0.08934942 -0.1777877 -0.22596909 0.19584522 0.11598126 0.24586159 0.2799486 -0.0050948914 0.003151653 -0.075141 0.29644895 -0.07095524 -0.053124867 -0.01220305 -0.1756213 -0.24666001 0.07154172 -0.07354279 -0.11354933 -0.07700767 -0.09756888 0.0530575 0.19746421 -0.23891166 0.00057330786 0.40125772 -0.061312795 0.16674565 -0.017115356 0.0031177218 -0.07135104 -0.031222751 0.018748185 -0.19527857 -0.016106745 -0.041405093 0.008486688 -0.19393799 -0.023627019 0.18628184 0.1073892 0.16512842 -0.0028616295 0.14651161 0.062613666 0.26088566 -0.11317317 0.03523559 0.12721822 0.07271628 -0.08315503 -0.012615413 0.0024932772 0.10935292 -0.14140967 0.07507966 0.026597148 0.026363878 -0.04474451 0.1421586 0.20495518 -0.09017646 -0.09071465 -0.08886707 -0.24081004 -0.1352164 0.09561922 -0.14482906 0.32102615 -0.2637125 0.038915858 -0.0329956 0.17719685 -0.046425983 0.36520064 0.1192854 -0.0368969 -0.007544177 0.3908466 -0.10960271 -0.08667705 -0.1485573 -0.014546729 0.19436283 0.02583904 -0.15209585 -0.31825495 -0.1761017 0.05424909 -0.01416499 -0.09495365 -0.003829035 -0.18675777 0.121569656 0.022306725 -0.0049104127 0.020382375 0.025641121 -0.12938878 0.063284844 -0.0033246118 0.10833832 0.15947592 0.038182747 -0.047046117 -0.20777845 0.16561218 0.18422751 0.10870497 -0.14457242 -0.08343974 -0.14385027 0.01849165 0.037315216 -0.0854769 -0.17310871 0.34681746
IRN 0.148647 -0.076045424 0.13700522 -0.10951837 0.0728465 -0.17400979 0.12878542 0.119981624 -0.052106388 0.0065338784 0.25046837 0.1529911 -0.1036797 -0.07760432 0.13763459 0.11466772 0.26769972 0.14458853 0.018692942 -0.1456296 -0.05890573 0.32568645 -0.009551039 -0.25333467 -0.037426203 -0.0615768 -0.020249099 0.17099936 -0.05964914 -0.102782264 -0.04888013 -0.13626455 0.010301855 0.23997219 -0.026707657 0.09085969 0.25611636 -0.08887873 0.26879895 -0.057267655 -0.14231692 0.003395577 -0.02388437 -0.09648564 0.30651522 -0.066315286 -0.016002763 0.012308336 0.01705808 0.2998877 -0.124201976 0.19066411 0.08611494 0.1164107 0.27053684 -0.014185488 0.37758148 0.076170005 -0.092580825 -0.08076473 -0.018808864 -0.15387082 -0.09539538 -0.048771895 0.18642817 -0.06710068 0.16148023 0.27910468 -0.14589986 -0.013534002 0.34081653 -0.043445174 -0.20581894 -0.1851794 0.086237684 -0.020018045 -0.063503444 -0.18791859 0.08803955 0.30663756 0.10848903 -0.120826386 0.07364911 0.42355546 -0.108804375 0.2800418 0.23587404 -0.25944287 0.11063451 0.30142123 0.027618531 -0.2606927 0.08385046 -0.078534156 0.16596739 0.15796565 -0.17154728 -0.21908157 -0.06383937 -0.0875698 -0.21697164 -0.012071373 -0.1381657 0.073766604 0.266777 0.08775747 0.08045865 -0.19592996 -0.14044777 -0.14208391 -0.14453022 0.17369843 0.028220505 0.0627303 0.026352847 -0.094725005 -0.00035634195 0.082328156 0.13838755 -0.08380629 -0.06589688 0.07108609 -0.07623429 0.06471803 0.12929882 0.027231338 0.09477848 0.1922325
DEU -0.16487457 -0.29055238 0.20640704 -0.23148829 -0.21450901 0.01178571 -0.26429355 0.2278436 -0.07241839 -0.032079607 -0.072411135 -0.015734525 -0.22096787 -0.24971494 0.13632226 0.054052133 0.039732665 0.37424955 -0.022066172 0.19643116 -0.12763575 0.047041915 -0.034020185 -0.23258881 -0.05682396 -0.25110903 -0.19657741 0.30186018 -0.0055290177 0.533505 -0.0021027678 0.1511451 -0.39051804 -0.045461934 -0.13293947 0.094266966 0.28791556 0.18138878 0.2328728 -0.24997209 -0.14863415 -0.05812301 0.08367491 -0.1414932 0.058603216 0.26122838 0.034167554 -0.21329255 -0.06844106 0.271604 0.13104363 -0.34174106 0.12496039 0.13842976 -0.032566037 -0.12605251 0.06324524 0.04815396 0.07370409 0.18549095 -0.121714585 -0.1290181 -0.14017524 -0.41823715 0.049802788 0.19739741 -0.25605568 -0.14325131 -0.17230128 -0.07948266 -0.19613041 -0.14534134 -0.12910126 -0.14681622 -0.04339983 -0.32281217 -0.17533901 0.25614727 -0.21601185 0.22021782 -0.092094004 0.07507224 0.069878906 0.3299958 0.23471434 0.22374357 0.23979028 -0.11160765 0.08803773 0.03439603 -0.16844362 -0.2447867 -0.01030306 0.046394687 0.051007617 -0.07752204 -0.03799296 -0.14361696 -0.19031806 -0.33013263 -0.24318044 0.11235297 -0.015120301 -0.01860969 -0.071247324 -0.08409741 -0.0353888 -0.009823013 0.053595174 -0.45129478 0.0057835253 -0.24180318 0.056229543 0.38629577 -0.07281355 -0.020398663 -0.21468183 0.18053211 -0.081164226 0.15764287 -0.053068046 -0.08542562 0.10012126 0.12348811 -0.09229151 0.0025153619 -0.10413311 0.008147415
GBR -0.12578136 -0.17402601 0.096379906 -0.12085494 -0.22178884 0.0051299003 -0.14301078 0.09968518 -0.039220527 0.006812175 -0.042453293 0.014531984 -0.08207801 -0.16423856 0.050494865 0.034955908 0.029959746 0.27690157 -0.03365907 0.07355127 -0.21861497 0.10000373 -0.087912686 -0.24344064 -0.07687505 -0.2388879 -0.08732975 0.22403832 -0.061278515 0.31537202 -0.032342583 0.048156016 -0.36142927 -0.001621987 -0.10698759 0.13216586 0.22559412 0.16789934 0.29118136 -0.22766607 -0.05976391 -0.014156031 0.073916286 -0.11034218 0.18477088 0.22552156 -0.08208603 -0.09723465 0.01884524 0.28881955 0.1014655 -0.23080102 0.16110167 -0.004983953 0.028434504 -0.0030595022 0.07924589 0.065977536 0.082283504 0.13670355 -0.17943491 -0.06780077 -0.13474181 -0.1835338 0.066284515 0.11466215 -0.12844811 -0.040700354 -0.11663819 -0.11623089 -0.052221946 -0.14438713 -0.18579529 -0.14052103 0.006218685 -0.18652393 -0.037070327 0.13166659 -0.07617064 0.20724124 0.054728862 0.04993208 0.08346217 0.39764437 0.07017213 0.19628844 0.30086508 -0.12793538 0.15620127 -5.9259328e-05 -0.041755892 -0.24341322 0.025521532 0.043712568 0.05479511 -0.017027732 -0.1193052 -0.08957665 -0.14032243 -0.26049057 -0.17894359 0.025103165 -0.015554008 0.115522705 0.06892239 -0.0055929106 0.0660966 -0.1213395 -0.081398234 -0.22713418 0.015500097 -0.08527878 0.10657216 0.2620922 -0.13290255 -0.027524976 -0.171574 0.10455585 -0.05131651 0.086424954 0.060509115 -0.019975292 0.15178888 0.13214196 0.007935272 0.043902602 0.052377094 -0.10497238
COL -0.39093357 -0.27461696 0.061961293 0.037173912 -0.030998448 0.21660642 -0.39128837 0.3149586 -0.2087347 0.2730368 0.105557956 -0.16592428 -0.1322954 -0.065656565 0.3814712 0.26212868 -0.099593215 0.18748486 0.21904531 0.17554106 -0.113518834 0.28674296 0.018161744 -0.28677157 -0.11761261 0.057520382 -0.16953811 0.12403172 -0.08457642 0.2547193 -0.10558726 -0.17546959 -0.12104364 0.03361797 -0.0144806225 -0.054516442 0.43757313 0.030507956 0.28048852 -0.2639236 -0.3322035 -0.117333345 0.32439634 -0.25097844 0.0748071 0.21130687 -0.3050401 -0.15445161 -0.29620412 0.11443924 0.3282832 -0.06552307 0.14481413 0.25760707 -0.01736959 -0.13459335 0.06260116 -0.29450417 0.202126 0.2077134 -0.22488879 -0.10690676 0.15111396 -0.4449088 -0.10391893 0.15655188 -0.14170897 0.086705156 0.0926733 -0.006188573 -0.038983848 0.1795697 -0.16098803 -0.0863952 -0.1413462 -0.25897673 -0.20109792 0.49417102 -0.15008621 0.18832001 -0.2826927 0.2517193 0.086801946 0.33917454 0.10457848 -0.10798189 0.36836296 0.07453354 -0.055353988 -0.050516065 0.047661386 -0.13170001 -0.23095624 -0.11723713 0.31024545 0.013219308 -0.11539157 -0.21490163 -0.18964043 -0.35309234 -0.14968611 0.055431373 -0.08124334 -0.2373739 0.17316914 0.021881694 0.17928605 0.30601686 -0.05150944 -0.4287135 0.31501836 0.03949522 -0.035828326 0.24102198 -0.05736801 -0.13226603 -0.028284257 0.14378451 -0.00082106027 0.00031216425 0.01675798 -0.0765596 -0.051236268 0.18171954 0.034628026 -0.11268946 -0.350348 0.17743154
ECU -0.29655477 -0.10733968 -0.0062710545 0.2601965 -0.08100044 0.03863576 -0.041469045 0.05970264 -0.26921389 0.1383542 0.05350059 -0.06768106 0.06659041 0.016217504 0.23684548 0.17819782 -0.014306369 0.0581834 0.14749096 0.12005464 -0.20760946 0.3036713 -0.109806746 -0.30783075 -0.06540823 0.04530453 -0.0520536 0.07334561 -0.09926964 -0.18556271 -0.08887252 -0.18159676 -0.00077065325 0.056523662 0.06761449 0.05431959 0.27926758 0.027239459 0.17051776 -0.14465487 -0.16937244 -0.006699299 0.31573248 -0.06361109 0.30987242 0.20591053 -0.3850121 -0.024162073 -0.04560476 0.14920788 0.306227 0.15831457 0.23743513 0.001977349 0.05885666 0.05558214 0.08641567 -0.13787481 0.1684147 0.091756456 -0.21704172 -0.11070292 0.1524472 -0.02845695 -0.089946985 0.052162904 -0.0061433795 0.14568003 0.075886615 -0.0666458 0.1639116 0.03989161 -0.29385975 -0.10003916 -1.392237e-05 -0.066820644 -0.026843475 0.08213132 0.08173197 0.24113502 -0.032027435 0.13311914 0.19953197 0.4756212 -0.02103119 -0.14946914 0.40571716 0.051988967 0.17269966 -0.10633371 0.13853635 -0.16514082 -0.09823852 0.028009556 0.26872873 0.20243837 -0.17834692 -0.040856704 -0.09242997 -0.1728369 -0.12295668 -0.04484099 0.0058165723 0.0071644466 0.2569585 0.1554531 0.30537662 0.15473777 -0.20482442 -0.08513621 0.3132917 0.2790824 0.07615314 0.04167435 -0.106198825 -0.2009206 0.17492458 0.038699787 0.013103294 -0.057218418 0.16944933 0.03200645 0.06758939 0.052616913 0.13988093 -0.12625137 -0.027169287 -0.019449027
AUS 0.013806529 -0.1448237 0.13383849 -0.07126249 -0.008931921 -0.17402369 0.09211713 0.14321601 -0.22307196 0.1632482 0.12586963 -0.0010134929 -0.07480379 -0.12809859 0.109540194 0.0780631 0.20192195 0.24260561 -0.07527367 -0.04514044 -0.10808436 0.29275182 -0.12829998 -0.15423265 0.015634738 -0.23513931 -0.15626895 0.09208749 -0.000521402 -0.18381171 -0.10076819 -0.029551782 0.047942642 0.1787202 -0.16335484 0.09355594 0.32254943 -0.011823297 0.17075196 -0.033287525 0.037198413 0.004190035 0.009107137 0.041217532 0.057974156 0.060875148 -0.093040295 0.012455109 -0.0031133902 0.10784899 0.107944146 0.13723941 0.19129238 -0.031698924 0.14269689 0.122724794 0.25423747 0.0039190254 0.033024218 0.08519025 0.035101794 -0.0814362 -0.0632822 0.08006338 0.108053766 -0.12639363 0.019055955 0.08313296 -0.052131087 -0.05578366 0.1472476 0.05032464 -0.19810674 -0.06659064 0.015207603 -0.16491574 -0.07568015 -0.04374171 -0.043351054 0.31894207 -0.07133961 -0.0787325 0.0489814 0.27753693 -0.012116286 0.30569285 0.14737993 -0.10728162 0.13296203 0.2653777 -0.058148284 -0.13741243 -0.03832385 0.029137831 0.12321138 0.06478637 -0.15277445 -0.1668812 -0.17994107 0.06590581 -0.061271496 -0.04002182 -0.027257675 -0.0140659055 0.09769053 0.045146674 0.028544445 -0.05361243 -0.0692727 -0.020255424 0.051453322 0.016177155 0.12812069 0.15341614 -0.034412935 -0.1002073 -0.12873071 0.11433766 0.11187495 0.03806098 -0.049996994 -0.026068924 -0.03714051 -0.016056448 0.04706806 -0.017033286 0.03802581 0.13520737
TUN -0.13539289 -0.37838355 -0.08347304 -0.16754186 0.020500194 -0.12063809 -0.21614967 0.33797917 -0.10047394 0.47479406 -0.0025184734 -0.08651409 -0.104053885 -0.29371706 0.2345547 0.16475958 0.27367315 0.34933808 -0.03736447 0.030177392 -0.1622763 0.27017847 -0.10728436 -0.12912099 0.07463922 -0.33809906 -0.20078735 0.11399573 0.08109267 0.07859847 -0.13651653 0.023286145 -0.22293109 0.1981 -0.3445321 0.13142572 0.39234754 0.040663216 0.32062447 -0.22056678 0.116531536 -0.072715044 -0.12689883 -0.012520366 -0.19329932 0.22544917 -0.16526252 0.10197403 -0.36786225 0.17293297 0.14323315 -0.0885724 0.22538644 0.11589662 0.092469685 0.028850084 0.12213861 0.01725588 0.06127938 0.27868325 -0.1278716 0.0735933 0.06817281 -0.11035107 0.09865641 -0.0975046 -0.18846495 0.09265087 -0.048185695 0.06490676 -0.12386983 0.10878713 -0.113521114 -0.0415709 -0.23586442 -0.41624364 -0.26423013 0.25096545 -0.36561266 0.35345498 -0.39502892 0.19372536 -0.14212735 0.11013656 0.16736288 0.362115 0.2382187 -0.050973296 -0.059566956 0.36263683 -0.062831536 -0.23632507 -0.105284825 -0.15590885 0.20526035 -0.06201845 -0.085901335 -0.35963696 -0.2140631 -0.0716555 -0.044625223 0.04548407 -0.055385098 -0.19250685 0.061203543 -0.12462512 -0.16203167 0.0794312 -0.06540852 -0.26846611 0.020434568 -0.17363593 0.049014505 0.4175079 -0.13380317 -0.12689532 -0.38923237 0.035944734 0.26124677 0.09147084 -0.13869691 -0.16451214 -0.047729634 0.060310062 0.17093103 -0.018482026 -0.13431786 0.33302316
DNK -0.040276866 -0.17192955 -0.021502193 -0.11407626 -0.08930466 -0.03542314 -0.1075211 0.16718884 -0.040246323 0.17489529 0.0052588987 -0.024098275 -0.08564699 -0.15997858 0.08122599 0.08117352 0.09037215 0.1906999 -0.035828244 -0.04020155 -0.17453265 0.15379904 -0.09730631 -0.19173174 -0.034287415 -0.25149488 -0.08167856 0.13889578 -0.008002501 0.1654717 -0.09469087 0.0008171159 -0.27396253 0.097023726 -0.16389464 0.12161061 0.21121125 0.11035767 0.31194067 -0.19104192 0.061133657 -0.021965478 -0.027828401 -0.057227228 0.062129527 0.16334045 -0.1066879 0.04464029 -0.10557655 0.2609212 0.070705734 -0.1319094 0.16009098 0.03514351 0.14596957 0.011701279 0.15109393 0.0465899 0.046833403 0.13061307 -0.15386495 -0.00233374 -0.0464814 -0.08415249 0.10173308 -0.011801367 -0.07648532 0.10709478 -0.09926812 -0.054591224 -0.0051567643 -0.025185328 -0.20451985 -0.077777945 -0.065061696 -0.2231231 -0.10571549 0.063402206 -0.116096094 0.2504102 -0.041690335 0.068019375 -0.017855149 0.26880077 0.035665743 0.27002233 0.26544783 -0.098276734 0.07398162 0.14171335 0.008718579 -0.20809501 -0.0095124105 -0.054123573 0.09909833 0.0014247438 -0.1355615 -0.16726364 -0.15266031 -0.15872474 -0.069298856 0.03485737 -0.05527915 0.03713237 0.13825198 -0.040155206 0.012271181 -0.10845725 -0.12899224 -0.15704328 -0.004253743 -0.062057395 0.07622978 0.21546131 -0.103381604 -0.041330777 -0.23391193 0.042095326 0.08193112 0.035102017 0.030394288 -0.028766448 0.06714288 0.12781568 0.106277786 0.062046997 0.07547171 0.06850618
NGA -0.09730519 -0.1517163 0.15398629 0.2322146 0.089706555 -0.041127242 0.10521524 -0.03237417 -0.063167855 -0.0021952756 0.049638752 0.041687675 0.14601678 -0.01873065 0.21893376 0.17842333 -0.029425101 0.14900202 -0.1208129 0.047124993 -0.1352082 0.36737394 -0.015548022 -0.26582778 -0.023689229 0.04198623 0.050789706 0.13972233 0.124902464 -0.22753617 -0.1432728 0.058761552 0.099960186 0.08810771 -0.0045601116 0.030040067 0.3070511 0.013897208 0.06967568 0.012281237 -0.20023882 0.002604531 0.2857631 0.034345027 0.27794763 0.18368779 -0.21356082 -0.12154945 0.08739295 0.07349932 0.15435046 0.27756125 0.2934435 0.043986727 -0.030682487 0.19734572 0.24340966 -0.016220609 0.13449796 0.049552444 -0.066847324 -0.15096195 0.025469348 0.016973494 -0.003706146 -0.028777791 -0.045834176 0.16853905 -0.08159886 0.063791476 0.27569336 -0.043683823 -0.33899242 -0.09858178 0.1816341 -0.04566691 -0.05720992 -0.033788525 0.06106029 0.33125725 0.13988422 -0.14964071 0.15103386 0.44308388 0.03388223 -0.0066086026 0.27615282 -0.040166624 0.24270555 0.08460952 0.03983404 -0.17459334 0.12462676 -0.013061247 0.24106172 0.15592313 -0.13506538 -0.064634964 -0.17204465 -0.09612412 -0.15405446 0.019574758 -0.03521287 0.069991134 0.13821153 0.18386382 0.18350208 0.01931295 -0.076459505 0.07086891 0.28331152 0.13712093 0.13311021 0.18767396 0.041624777 -0.20949504 0.16898714 0.059386246 0.09710603 -0.12912378 0.07087076 0.026022652 0.082081586 -0.02192311 0.06534698 -0.13525689 -0.07214496 -0.21289653
CAN -0.086936615 -0.1580618 -0.01767219 -0.08202734 -0.15940458 -0.08129698 -0.041801725 0.0751651 -0.048672326 0.092544265 -0.037568137 0.0048636775 -0.040461045 -0.12979862 0.028869214 0.04317098 0.116077416 0.20302472 -0.049767632 0.0049349014 -0.19490738 0.14172591 -0.13662033 -0.1862875 -0.00017871044 -0.28122237 -0.08058898 0.13522033 -0.007019423 0.06874665 -0.06740846 0.03326833 -0.23780802 0.0787451 -0.13561015 0.17328875 0.19214836 0.1071659 0.25044677 -0.17012683 0.08059289 0.0087525975 -0.016346876 -0.013220426 0.12995036 0.20023577 -0.12772344 0.03243612 -0.02226309 0.24933825 0.109073184 -0.10662389 0.18048008 -0.02314847 0.08880306 0.05453515 0.11599178 0.099216044 0.043702953 0.14125703 -0.14915691 -0.015744004 -0.061186034 -0.020501828 0.1039168 -0.0015873385 -0.12062666 0.04665908 -0.11658173 -0.083517395 -0.0317567 -0.10696734 -0.23453428 -0.084316514 -0.037017766 -0.22039336 -0.07682127 0.017144905 -0.10387099 0.27763987 -0.03258463 0.048297 0.047952782 0.3327028 0.07543995 0.24351306 0.26386493 -0.12920532 0.15868561 0.10607625 -0.018396934 -0.25341207 0.008810495 0.019477611 0.07943125 0.013738761 -0.12640764 -0.09834722 -0.14280164 -0.11039008 -0.10773905 0.012745899 -0.032866806 0.10568025 0.06809005 -0.022042133 0.02317187 -0.096490085 -0.15192719 -0.13375762 0.0054807262 -0.05880365 0.10999758 0.23344895 -0.15693696 -0.085526526 -0.16745359 0.053513926 0.045235075 0.048468582 0.053597923 -0.022783224 0.10138045 0.07442154 0.081165336 0.021790314 0.11700062 -0.017854841
NOR -0.07550272 -0.16730869 0.06900755 -0.1670781 -0.22877946 -0.01795172 -0.13884759 0.080142476 0.0036374247 -0.0018681269 -0.07360499 0.04419889 -0.07130836 -0.18386582 0.045026038 0.011855796 0.05543423 0.28952384 -0.035641298 0.038412813 -0.22806302 0.07677476 -0.08456747 -0.20286141 -0.058185384 -0.24669716 -0.040255718 0.22755013 -0.042483624 0.34054577 -0.032238144 0.053991158 -0.414411 0.0035035443 -0.13678044 0.15244597 0.19195889 0.1835213 0.30255163 -0.2469861 -0.012653193 -0.020845385 0.0046562506 -0.08437485 0.16980702 0.22057803 -0.054516535 -0.088321574 0.017784918 0.30891126 0.06410465 -0.26543215 0.1473977 -0.016328804 0.044134136 0.0056641414 0.08804904 0.11901408 0.038993254 0.11440091 -0.19776177 -0.047519367 -0.14540517 -0.17685947 0.10666623 0.10187945 -0.1335855 -0.0333763 -0.12951985 -0.13078138 -0.032128524 -0.16615903 -0.20887424 -0.16802688 -0.00837326 -0.1763415 -0.039682064 0.10566956 -0.08260319 0.2376562 0.06761164 0.06826483 0.0687317 0.40112865 0.061221506 0.24355522 0.31645107 -0.17760271 0.15787593 0.038307864 -0.047820847 -0.27992383 0.05718254 0.030917335 0.06591077 -0.0052774227 -0.12099809 -0.112505235 -0.11328625 -0.26589414 -0.1844089 0.017739953 -0.0027848738 0.14152771 0.081258565 -0.008257908 0.04544441 -0.1776753 -0.10273564 -0.21668725 -0.042307302 -0.08882934 0.10810503 0.29148182 -0.14383353 -0.0035747886 -0.2131664 0.088613324 0.0057253526 0.10228453 0.049532086 -0.014290348 0.14903614 0.14109261 0.044860683 0.038459368 0.06149296 -0.08470429
NZL 0.06467835 -0.100522816 0.15142764 -0.040474087 -0.021206098 -0.22225793 0.17389008 0.13410732 -0.25020537 0.10147439 0.17600517 0.03616752 -0.12710622 -0.10592539 0.111044645 0.083907 0.23675762 0.20786121 -0.065111846 -0.060736272 -0.11743247 0.32351145 -0.13639285 -0.22065789 -0.019124264 -0.2292685 -0.13652511 0.15270865 -0.05405676 -0.20261924 -0.08124929 -0.06932774 0.047724716 0.2067781 -0.13955344 0.10544289 0.3070392 -0.020734346 0.23605308 -0.025704559 -0.009022947 0.029324474 0.036268167 0.002050965 0.17404044 0.04870935 -0.09565893 0.059303712 0.057034418 0.18346317 0.03416389 0.14533804 0.18048763 -0.024684042 0.21559805 0.10342532 0.2730025 0.021393616 -0.0011721426 0.03051521 0.040801194 -0.10523231 -0.10383953 0.11535583 0.13652769 -0.11796511 0.07413966 0.12737837 -0.105773844 -0.06641843 0.20245019 0.0029080266 -0.22185084 -0.10096637 0.06287622 -0.110387 -0.0621217 -0.14565115 0.022300435 0.31592232 0.017929005 -0.11063918 0.079301596 0.3441342 -0.058969233 0.28583285 0.18325202 -0.13992004 0.17347127 0.2505797 -0.028955545 -0.18762536 -0.012595097 0.041145146 0.10535571 0.10064533 -0.1720706 -0.13421385 -0.1402879 0.041175738 -0.095020935 -0.05179922 -0.043504816 0.050459944 0.121498786 0.06817845 0.083713196 -0.1148608 -0.10794951 -0.03327421 0.00024503446 0.07898832 0.12609987 0.08889687 -0.039855197 -0.11916489 -0.07774942 0.11031938 0.07832637 -0.01217466 -0.01567196 0.023912666 -0.013544293 0.03404781 0.056695208 0.00019416085 0.13859038 0.1094788
JAM -0.07918558 -0.08883984 0.064348646 -0.10580567 -0.061046068 -0.015238704 -0.04526597 0.06674886 -0.07816227 0.01390409 0.11965993 0.14695856 0.045536917 -0.10509653 0.19992532 0.06408926 0.19180566 0.20540254 0.08058524 -0.09424724 -0.1723953 0.2593814 -0.009659957 -0.14562963 0.029069973 0.015768543 0.06873454 0.1028354 -0.041063797 -0.014725008 -0.04612169 -0.12972486 -0.109205924 0.08492288 -0.04396112 0.102765836 0.25553668 -0.021048138 0.17763963 -0.16005158 -0.09173564 -0.074045435 0.029054174 -0.06323986 0.24594174 0.01806762 -0.1261875 -0.13751692 0.0133625185 0.24669464 0.065262415 0.08678802 0.15360658 0.053354345 0.042542636 -0.024658414 0.23098502 0.0058013964 0.014874152 0.026012067 -0.13328612 -0.117148414 -0.052859616 -0.17898114 0.04616662 0.025277853 0.030573402 0.106342345 -0.027254747 -0.10487477 0.21836235 -0.027943764 -0.14975862 -0.19189389 0.031030456 0.00568799 -0.01717917 0.098634005 0.04508506 0.25830552 0.0081709465 0.034425374 0.082693025 0.43303284 -0.06112844 0.113606475 0.2886567 -0.17101474 0.098584436 0.096367545 0.025218684 -0.22155824 0.09332156 -0.016683811 0.1402097 0.1458072 -0.09081544 -0.15754321 -0.04161242 -0.15634437 -0.18033704 -0.06506732 -0.012715794 0.05308466 0.29185018 0.0521938 0.13216956 -0.053880338 -0.10031838 -0.090579264 0.001061104 0.16727915 0.08345485 0.17108464 -0.053330775 -0.040228233 -0.042594064 0.106429845 0.12128447 0.009370427 -0.023115527 0.0062333923 -0.018751029 0.00673406 0.12994616 -0.08172968 -0.0802622 0.091919236
BGD 0.17624469 -0.04641472 0.20936087 -0.11820727 0.020968657 -0.22383733 0.20219311 0.15240343 -0.17991433 -0.034712236 0.280908 0.123448506 -0.21339399 -0.09886026 0.095798604 0.10899458 0.25307786 0.16386206 -0.0030363516 -0.11739732 -0.03304155 0.29838276 -0.06803086 -0.25098383 -0.04690408 -0.17048451 -0.11019303 0.21321034 -0.087018974 -0.086767204 -0.044747707 -0.11444172 0.061818767 0.23561269 -0.046819836 0.089830436 0.23310874 -0.058894355 0.28534973 -0.02101966 -0.10201809 0.031088263 -0.009558515 -0.093779884 0.28663477 -0.03756026 0.024147874 0.04110499 0.08007279 0.2976297 -0.09563114 0.14053905 0.06836821 0.07837633 0.30091363 -0.027978443 0.35867906 0.06066447 -0.09034649 -0.07492158 0.05503469 -0.13996801 -0.13818704 0.0076317955 0.20067802 -0.09372963 0.14147083 0.22439674 -0.16307937 -0.057827625 0.2750638 -0.03340655 -0.2189809 -0.15192351 0.09685503 -0.06158578 -0.068995886 -0.22886315 0.07906944 0.31634665 0.11620888 -0.17226858 0.09960247 0.39098498 -0.063489445 0.31408656 0.15092127 -0.24231656 0.13528295 0.24562241 -0.025571173 -0.22895117 0.033717968 -0.0047045387 0.07614786 0.10634112 -0.16637707 -0.14102474 -0.09803767 -0.05906892 -0.16944306 -0.026317589 -0.13398592 0.094387315 0.1451523 0.041098054 0.08728241 -0.16721262 -0.10309748 -0.14078589 -0.13160908 0.09222086 0.05732509 0.02726856 -0.016064918 -0.11540916 -0.008857634 0.1221253 0.030836653 -0.051559877 -0.05762213 0.08018363 -0.052025102 0.092341974 0.026287628 0.059157286 0.17448805 0.16601549
KOR 0.1511975 -0.05283359 0.230991 -0.012903108 -0.047108095 -0.24449955 0.27158815 0.11668863 -0.35776022 -0.018315531 0.17191663 0.039219886 -0.27334034 -0.11704503 0.0058011287 0.11339589 0.12686577 0.22409481 -0.07933451 -0.05250795 -0.03630332 0.30879822 -0.17696436 -0.22423303 -0.039712604 -0.29498735 -0.2062715 0.2310375 -0.09313076 -0.16303013 -0.09744393 -0.09183517 0.11012326 0.23138644 -0.10733023 0.116155684 0.19567491 0.048195302 0.2697189 0.040587325 -0.01506325 0.066716656 -0.0073154652 -0.0074852644 0.1998632 0.08102311 0.043830894 0.11469433 0.057780854 0.27906984 0.040855583 0.1210144 0.15994596 -0.05126552 0.32127807 0.07399201 0.37837976 0.017662346 -0.020691356 -0.038286723 0.111325055 -0.13366148 -0.09290777 0.15485628 0.16642655 -0.14503238 0.08152154 0.1960619 -0.16164419 -0.1053872 0.22887221 0.015298327 -0.29106635 -0.07691436 0.07801042 -0.12727658 -0.09805263 -0.25438264 0.069834195 0.39394307 0.12014908 -0.21876301 0.12621287 0.35859138 -0.08842226 0.34316778 0.12138921 -0.17232104 0.23276924 0.20768045 -0.03458444 -0.16487308 -0.0059571424 0.076657176 0.07513463 0.096509755 -0.25756547 -0.09997035 -0.24083413 -0.02442493 -0.13418745 -0.07408412 -0.0905376 0.090649046 0.048172683 0.043558616 0.12550029 -0.09278425 -0.1343515 -0.049904704 -0.017896185 -0.008545276 0.15783294 0.01817491 -0.058333382 -0.1783289 -0.014780101 0.14497766 -0.0013777582 0.025429422 0.002729306 0.085709825 0.0003203351 0.12676863 -0.02820578 0.026198559 0.2405203 0.14470267
BRA 0.09876036 -0.046107057 0.1655821 -0.12853436 0.03657792 -0.15017629 0.12035984 0.13536197 -0.089743346 -0.061575912 0.32305977 0.20086499 -0.11624302 -0.019821722 0.20368439 0.12658596 0.2927053 0.08762377 0.10963459 -0.17384212 -0.03305094 0.323066 -0.002079423 -0.26551262 -0.028156593 0.030540332 0.0019177586 0.14755969 -0.0931954 -0.11274681 -0.031518254 -0.20564888 0.057581242 0.21900868 0.057114694 0.08546549 0.22526279 -0.14537683 0.25066605 -0.07455942 -0.20794924 -0.012120722 0.021398854 -0.14705901 0.38837898 -0.11596582 -0.04528516 -0.03897822 0.053669654 0.34366447 -0.10551953 0.2163736 0.027674235 0.15227613 0.2508033 -0.11237919 0.3579316 0.033506397 -0.11569277 -0.10817179 -0.027559651 -0.16901831 -0.09258575 -0.12272064 0.15389307 -0.04487653 0.17785746 0.28777602 -0.10073367 -0.045756288 0.35302782 -0.016157122 -0.19692574 -0.21096036 0.1097596 0.048223764 -0.054486614 -0.16160549 0.14614876 0.25922692 0.10104147 -0.090883814 0.13372622 0.45036426 -0.1067306 0.14584097 0.21237268 -0.2589471 0.069534704 0.18058872 0.06668288 -0.24923618 0.063297674 -0.062983125 0.13688108 0.19114223 -0.11949792 -0.17594229 -0.009933978 -0.12225896 -0.20576371 -0.01279242 -0.13200612 0.06485305 0.30384162 0.062918305 0.1352015 -0.119795814 -0.11375714 -0.15586366 -0.15242893 0.24323168 0.006454097 0.013111788 -0.011733733 -0.08248753 0.050970443 0.10763139 0.08395036 -0.10026175 -0.04109796 0.09424824 -0.10559485 0.07206151 0.12402253 0.030893883 0.06366889 0.22989573
IND 0.15391663 -0.08753878 0.19466187 -0.10325386 0.023159705 -0.2432315 0.2011694 0.15953043 -0.20488481 0.023601118 0.23751864 0.09719226 -0.18855874 -0.09525864 0.11399995 0.11206247 0.2610688 0.16055693 -0.045949493 -0.10311573 -0.049065568 0.29507756 -0.105259046 -0.23610201 -0.034849185 -0.1847476 -0.12193555 0.17281514 -0.060812503 -0.13178301 -0.06513759 -0.08895167 0.06987125 0.23731771 -0.084717095 0.10144409 0.23232351 -0.052481186 0.2492493 -0.018659307 -0.06543876 0.034638286 -0.018336542 -0.03635624 0.22614618 -0.02277206 -0.0052843667 0.057438076 0.04151383 0.26505145 -0.04088017 0.16359237 0.13468975 0.049508706 0.28428543 0.016216595 0.36386248 0.061711542 -0.06144737 -0.03521219 0.03976229 -0.13363662 -0.12288084 0.05009188 0.17781374 -0.11505718 0.107954524 0.20939754 -0.15567325 -0.051290758 0.26291868 -0.0099573145 -0.23466872 -0.1327679 0.08010862 -0.08625036 -0.095886044 -0.21462658 0.04437865 0.32007846 0.06340497 -0.14682901 0.09198314 0.36775506 -0.06329075 0.28889832 0.16207029 -0.20090942 0.1340519 0.26558897 -0.021993665 -0.20468502 0.011782591 0.0061201025 0.10060351 0.107560284 -0.16572566 -0.16026917 -0.1099927 -0.026861608 -0.13804641 -0.033217046 -0.10611053 0.048919756 0.15538113 0.056643903 0.07010507 -0.1379622 -0.09677788 -0.08670317 -0.082146905 0.103178434 0.081865676 0.056602746 -0.01644014 -0.10887885 -0.05186188 0.11100797 0.081335366 -0.02604357 -0.039694622 0.048331767 -0.044607133 0.0662375 0.051808186 0.02990297 0.1635711 0.18416597
CHL -0.1903483 -0.12639205 0.06509207 0.28812388 0.049236167 -0.06631645 0.08656082 0.0052117687 -0.2627389 0.14881657 0.09893677 0.012102216 0.14978 -0.011290515 0.32492775 0.20773314 0.06004337 0.084467955 0.061553963 0.07885726 -0.19627933 0.4026093 -0.06935772 -0.2974145 -0.044710424 0.13112333 0.024906754 0.11412156 -0.019887079 -0.32740217 -0.105230436 -0.15067424 0.095478915 0.09942287 0.035285555 0.02381752 0.30646354 -0.013762828 0.08147909 -0.052787647 -0.2154297 0.0012803845 0.30322614 0.019043287 0.31435195 0.13105643 -0.35457167 -0.054131646 0.021103656 0.104323134 0.24462108 0.33532172 0.3047456 -0.016208485 0.02547711 0.16351032 0.22270234 -0.091062404 0.13588323 0.04948311 -0.1696455 -0.1608755 0.1196704 0.035178177 -0.058170594 0.0009744903 0.07563071 0.1450504 0.05879073 -0.00581524 0.32069302 0.022076799 -0.28951558 -0.14153475 0.088932574 0.010698349 0.00047914824 -0.017955612 0.12969108 0.27002695 0.043919425 0.033829067 0.17117143 0.48766693 -0.09309374 -0.13739829 0.39282075 0.01753889 0.20335753 0.02849128 0.12968177 -0.16424116 0.035705663 0.014051751 0.3001717 0.2620313 -0.1709067 -0.095811345 -0.066008024 -0.09666045 -0.16050734 -0.07659651 0.030464627 0.0130141415 0.30855018 0.24791414 0.28399894 0.06168921 -0.16968316 0.068998404 0.3180484 0.35876465 0.10535225 0.051312868 0.0034290422 -0.19336031 0.2367461 0.015463434 0.14427064 -0.09800086 0.10996546 0.025895908 0.03727561 -0.02364694 0.1721916 -0.2069879 -0.09733705 -0.06979621
TUR 0.07473517 -0.10244962 0.21830842 -0.114579074 -0.12548679 -0.14930792 0.082842514 0.073706985 -0.14721163 -0.056166675 0.055833366 0.08929706 -0.13221106 -0.16683483 0.06874469 0.032154866 0.18894494 0.2666891 -0.06412318 0.0078020305 -0.13932776 0.20465946 -0.074446686 -0.21532984 -0.050079487 -0.2164369 -0.09406917 0.22578077 -0.054935537 0.082847014 -0.001357873 0.023851462 -0.14586797 0.08464867 -0.11050594 0.099390596 0.23684512 0.07192556 0.20332399 -0.08512303 -0.06802055 0.004593708 0.03539776 -0.035375167 0.19975464 0.06727977 0.02903324 -0.06816276 0.11778861 0.2643746 0.022107387 -0.042339094 0.1545497 -0.029495675 0.12905493 0.056794155 0.25053683 0.10583043 -0.023841787 0.0020919372 -0.018642657 -0.15298747 -0.19700478 -0.056052424 0.14002432 -0.0021771567 0.03938245 0.017268104 -0.15869647 -0.11230405 0.17422862 -0.11521733 -0.19818369 -0.15302531 0.08758952 -0.0772167 -0.030541131 -0.13063727 0.041767124 0.27397034 0.14042473 -0.09573326 0.08641515 0.3982929 -0.032750092 0.2981559 0.21069977 -0.19139387 0.20043683 0.16862926 -0.07440169 -0.22388697 0.081718594 0.0684448 0.06652552 0.08066284 -0.12754545 -0.088327505 -0.088522635 -0.10033481 -0.18384306 -0.014382336 0.0062027993 0.119321115 0.08681125 0.05474479 0.082554705 -0.19348347 -0.05397372 -0.107957 -0.05960999 0.012059498 0.10074969 0.13305634 -0.010950284 -0.031354237 -0.07331806 0.1274047 0.011868391 0.062770486 0.002756426 0.024360623 0.070529886 0.02812154 0.00088420574 0.012412588 0.09727329 -0.017942457
ROU 0.19199774 -0.12972313 0.14237867 -0.15792142 0.11827776 -0.23845997 0.17751104 0.16754436 -0.018851006 0.004214447 0.33318275 0.16797107 -0.15751679 -0.09863435 0.13386884 0.14012942 0.298254 0.13138662 -0.039823197 -0.2054794 -0.01969176 0.3146702 -0.023833184 -0.25694168 -0.020523671 -0.16334873 -0.064727515 0.19524632 -0.005104297 -0.11445992 -0.07776246 -0.07636579 0.098921925 0.27199942 -0.033410605 0.09772779 0.22687592 -0.14673488 0.2824628 -0.0031252531 -0.0786907 0.014843545 -0.07794326 -0.08981509 0.28915125 -0.07876469 0.016429149 0.045436956 0.036109217 0.30644602 -0.17514338 0.19810754 0.06389469 0.17861544 0.30610323 -0.050920833 0.3869441 0.1063651 -0.12732665 -0.014693451 0.05220163 -0.101531774 -0.12369974 0.011918095 0.22430687 -0.12822923 0.10193404 0.31941026 -0.2174242 0.042641047 0.25971428 -0.045823403 -0.20096341 -0.16014995 0.100131325 -0.12436053 -0.116784744 -0.21836261 0.0032154596 0.34672695 0.0722154 -0.20189348 0.052926347 0.3861971 0.02659699 0.363726 0.15286912 -0.29064214 0.09007751 0.36577556 -0.035460692 -0.26612526 0.093198776 -0.09488353 0.10135615 0.09320026 -0.120355435 -0.21484993 -0.10384007 -0.05430522 -0.15136129 0.016484935 -0.20461212 0.07026681 0.13110812 -0.0009767598 -0.015774539 -0.1619386 -0.10279248 -0.18340307 -0.18226995 0.07007721 0.030909453 0.14531134 -0.022383573 -0.14370136 -0.05203237 0.084345646 0.11198625 -0.1077506 -0.13164586 0.060424887 -0.090212375 0.07433542 0.09800234 0.07815533 0.17161576 0.1820476
SGP 0.09392497 -0.06667006 0.24864773 -0.052466705 0.025896769 -0.18919644 0.1358862 0.18587963 -0.3434542 0.12642848 0.19276455 -0.0083833225 -0.22675371 -0.14893033 0.10553127 0.121898144 0.17809923 0.24511537 -0.04505671 -0.0073591624 -0.050792478 0.3014351 -0.09764721 -0.16903043 -0.055178292 -0.22748034 -0.21071236 0.18016891 -0.10054508 -0.10559728 -0.06596934 -0.08451048 0.09018363 0.1944927 -0.14037836 0.04788073 0.31568715 -0.014611538 0.21781433 0.025905622 -0.07377886 0.0092873005 0.048839774 -0.018865464 0.048871435 0.016209204 0.020052744 0.034799896 0.0014693607 0.100612104 0.08050212 0.120235875 0.13840897 -0.026117625 0.23097615 0.061494887 0.30203602 -0.032545887 0.0029768974 -0.0017147199 0.11520791 -0.12104372 -0.1018435 0.060171917 0.14933485 -0.12074051 0.10168534 0.10239942 -0.08807682 -0.071421914 0.22597753 0.07141312 -0.18463273 -0.098297015 0.049497344 -0.14253256 -0.08703629 -0.13353872 0.0077119344 0.32242978 0.014289584 -0.14788473 0.06687637 0.2752236 -0.06626138 0.32133183 0.096323095 -0.11744492 0.12825146 0.25450173 -0.076164015 -0.115707956 -0.047486983 0.049270704 0.110057116 0.072860755 -0.1846838 -0.15851526 -0.16083525 0.0013157297 -0.08881227 -0.06446866 -0.055355515 -0.012781328 0.062454794 0.056262504 0.08633332 -0.05780919 -0.038353685 -0.07876759 0.020441988 0.018072942 0.11508568 0.045899503 0.040828448 -0.10872521 -0.03660104 0.16551943 0.03693148 0.024060741 -0.054874454 0.026415668 -0.05418436 0.050864194 -0.038927883 -0.014846115 0.068838246 0.152058
LKA 0.12440509 -0.06852115 0.17072873 -0.0756533 0.05124594 -0.2165852 0.15759522 0.14768332 -0.22172004 0.12521176 0.20766957 0.07534275 -0.14375463 -0.11378242 0.15248246 0.11343156 0.28277048 0.20037515 -0.009750642 -0.07211786 -0.087249786 0.33883515 -0.09373221 -0.21005215 -0.033657297 -0.17134573 -0.11654488 0.1775466 -0.07282671 -0.1568989 -0.05609296 -0.11141004 0.056622162 0.23758203 -0.11107495 0.08424218 0.30853495 -0.062353455 0.2504893 -0.011288765 -0.08750087 0.005493164 0.001111303 -0.022525806 0.18028846 -0.021789659 -0.03773645 0.06166762 0.00810646 0.19738854 -0.00016341626 0.16992016 0.12823087 0.01159983 0.2529712 0.064078376 0.3233428 0.041113257 -0.04582551 -0.02143369 0.02096899 -0.11334711 -0.09432222 0.057989553 0.18340209 -0.113713145 0.14395288 0.17759247 -0.109112486 -0.04539172 0.2964096 0.022021238 -0.215534 -0.14564992 0.07289819 -0.08674235 -0.0662568 -0.20231979 0.054483045 0.32058817 0.032831274 -0.11957153 0.059678018 0.36472178 -0.098271005 0.31561258 0.18116109 -0.18823977 0.13348567 0.29806298 -0.016605996 -0.20891502 0.014586155 -0.0060384874 0.14881757 0.14068092 -0.1764815 -0.1930066 -0.08024198 -0.009117388 -0.12972909 -0.04215078 -0.06911213 0.034029238 0.1546109 0.07950271 0.085685335 -0.14196622 -0.10829721 -0.07078814 -0.05443047 0.113302216 0.06845049 0.059174255 0.010987386 -0.10474668 -0.029647248 0.103473656 0.10446335 -0.02582199 -0.040189575 0.0348681 -0.05486864 0.04509851 0.060799517 -0.0015775738 0.076944076 0.17536104
TTO -0.18336558 -0.22525832 0.17038338 0.29339513 0.27343503 0.09375621 0.036250144 -0.050448846 0.11139406 0.0064906483 0.09184475 0.06381207 0.33075374 0.030806433 0.3239154 0.22959757 -0.08871941 0.20078455 -0.2083853 0.011091318 -0.14096072 0.50155777 0.11850734 -0.27607712 0.002787005 0.16345368 0.15065424 0.06613315 0.27738613 -0.31876317 -0.23215167 0.1624338 0.21349615 0.12182149 0.023127506 -0.03412101 0.4503849 -0.077053815 -0.037447114 0.066873275 -0.30338737 -0.04682457 0.41845492 0.045979958 0.30078822 0.19714342 -0.3095619 -0.26512057 0.08671447 -0.034928024 0.15910305 0.4651068 0.42752725 0.19693072 -0.191105 0.2856738 0.31726745 -0.05306127 0.23203576 0.12397496 -0.03697721 -0.19855174 0.046461686 -0.07432693 -0.030576453 -0.063921005 -0.14259574 0.2662445 -0.11882025 0.15384182 0.35689732 -0.04990789 -0.40303558 -0.12930682 0.27077106 -0.091945775 -0.106654316 0.10947467 -0.0272367 0.47638676 0.114239365 -0.25401324 0.12631537 0.54700315 0.12788092 -0.044680074 0.33284295 -0.0241245 0.2850992 0.18295747 0.02721943 -0.23358984 0.20805407 -0.115853645 0.35275036 0.14770791 -0.1122633 -0.12880678 -0.3047443 -0.09835299 -0.19069053 0.036080442 -0.10781495 0.03475518 0.18074265 0.22882806 0.17933004 0.109405555 -0.022508955 0.0926899 0.43177617 0.11330699 0.20490344 0.37751696 0.09490822 -0.29194805 0.20288262 0.11860896 0.20234257 -0.26337945 -0.022135295 -0.004812574 0.042842954 -0.08231719 0.060454525 -0.2048733 -0.25176626 -0.3185152
CYP -0.14306477 -0.14953618 0.11759731 0.0402045 -0.15965648 -0.07909041 0.07395035 0.095505565 -0.13517576 -0.13417122 0.07915631 -0.043870173 -0.20467979 0.0039642244 -0.06852353 0.0702206 -0.023647718 0.109441094 -0.05992644 0.10266884 -0.035013657 0.07650941 -0.17759149 -0.31543818 -0.07213085 -0.33699885 -0.23782545 0.23400688 -0.068433516 0.03089612 -0.053507358 0.06503676 -0.0019315303 0.11260747 0.028819026 0.15870512 0.17517877 0.046152387 0.27229384 -0.06471788 -0.05255413 0.111373045 0.14306682 -0.11617117 0.28660917 0.23459324 -0.070451014 0.030397335 0.0940683 0.20796368 0.1476096 -0.09258437 0.06678505 0.090311155 0.1294567 -0.0824987 0.060667727 0.003513756 0.044338536 0.16595633 -0.003078815 -0.08189697 -0.022180913 0.012483025 0.09771024 0.050424244 -0.21360283 0.11766036 -0.18736199 -0.049049348 -0.12699188 -0.14512299 -0.30743983 -0.044950172 0.09801385 -0.31542245 -0.10292523 -0.103935346 -0.08472117 0.3139127 0.0069211526 -0.14890207 0.21447957 0.3576281 0.20931229 0.152876 0.13368295 -0.12576324 0.22896616 -0.04316214 -0.03395004 -0.24109821 -0.06044458 0.093360804 -0.008748006 -0.03508719 -0.13838634 0.04268962 -0.25100866 -0.10457287 -0.11948581 0.064380504 -0.1590811 0.13660733 -0.18105859 -0.055933207 0.03272008 0.061451502 -0.07259967 -0.24929005 0.04421272 -0.15257989 0.13158621 0.16606946 -0.19979726 -0.22590502 0.07572192 0.14846478 -0.21306786 -0.05390858 0.06740412 0.05178821 0.120099835 0.14732014 -0.10642195 0.09481547 0.27178672 -0.12706949
LBY -0.01886022 -0.12483986 0.23778786 -0.1724323 -0.24866351 -0.064236775 -0.04122082 0.07858093 -0.108301006 -0.123036556 -0.02754483 0.06979804 -0.15050477 -0.19897668 0.027879022 -0.003361267 0.09285908 0.33414376 -0.045105133 0.092619926 -0.17200957 0.10080096 -0.07072346 -0.21598104 -0.06434437 -0.2584304 -0.103995726 0.2764499 -0.08341919 0.3338224 0.028951287 0.060324345 -0.30262762 -0.0069582644 -0.11126119 0.11128169 0.21382265 0.15976448 0.21830222 -0.15829508 -0.10155519 -0.027774893 0.073194325 -0.09174589 0.17539841 0.15327655 0.05679143 -0.16214618 0.11338943 0.29088116 0.06661295 -0.23484886 0.121385165 -0.032779805 0.03489254 -0.005401481 0.15002772 0.08250913 0.015645172 0.047543645 -0.07606975 -0.14864735 -0.23961411 -0.21053024 0.09293617 0.10612836 -0.07987715 -0.10213317 -0.17572145 -0.16256163 0.037003063 -0.1763499 -0.18670955 -0.16477862 0.06034116 -0.14288263 -0.026007693 0.015908606 -0.010543315 0.23497695 0.12390517 -0.011373642 0.11521777 0.41040763 0.03423393 0.2606702 0.22851697 -0.18418649 0.20462215 0.029210066 -0.116645895 -0.24025927 0.057345316 0.117343284 0.025976056 0.013862837 -0.104647174 -0.05639752 -0.11497484 -0.21765654 -0.22195303 0.0062295594 0.035315882 0.12742138 0.018739592 0.01705815 0.08172356 -0.17085123 -0.020735487 -0.21695068 -0.046205025 -0.07284729 0.114433415 0.2171014 -0.037693713 0.011658414 -0.132904 0.15077218 -0.08836384 0.12056791 0.029190645 0.008880201 0.1244446 0.09324524 -0.06316238 0.015803821 0.049922004 -0.0834477
NLD -0.13190395 -0.24211816 0.041929375 -0.17889144 0.0022855888 -0.04087008 -0.19720556 0.28316718 -0.19289605 0.3550242 0.06624637 -0.055819638 -0.1205834 -0.23595247 0.24993514 0.13254239 0.21257852 0.31114373 0.052025273 0.028892037 -0.14695612 0.2566309 -0.061897054 -0.1223764 0.008873829 -0.17747442 -0.15903662 0.11682002 -0.029947732 0.12950493 -0.0790172 -0.08007703 -0.18473549 0.12450506 -0.23871125 0.057698134 0.3718434 0.0062618256 0.24495924 -0.20527074 -0.008394817 -0.10240138 -0.041166767 -0.050176337 -0.11583805 0.11207314 -0.11332968 -0.03798936 -0.27229413 0.12595859 0.17669111 -0.035340704 0.17117718 0.089678876 0.07607326 -0.028511409 0.17534682 -0.051811185 0.07037881 0.19058701 -0.11479034 -0.031968556 0.020794144 -0.19942172 0.057788577 -0.026776243 -0.08092469 0.029333765 0.0043460103 -0.01312567 -0.007749379 0.12339271 -0.09030922 -0.08781647 -0.16528833 -0.28017852 -0.18029073 0.25494877 -0.20830716 0.2716867 -0.28580388 0.16966571 -0.05336276 0.21243657 0.05383102 0.27360448 0.24724294 -0.056422353 -0.04597824 0.26317516 -0.062413696 -0.17150705 -0.10747247 -0.080280654 0.19227818 0.00068297447 -0.090833336 -0.3101223 -0.15453926 -0.11361777 -0.07950197 -0.0039686128 -0.015295652 -0.16439186 0.15280657 -0.035847973 -0.03290708 0.037694775 -0.03416563 -0.24311593 0.05140983 -0.048835736 0.029598879 0.29244086 -0.049929723 -0.032527722 -0.26004118 0.09236055 0.18585105 0.10711495 -0.11223897 -0.11228146 -0.06939885 0.057636943 0.10717364 -0.07515121 -0.20052081 0.30462757
JPN 0.055350948 -0.13324547 0.1686938 -0.060417205 0.028472306 -0.20332043 0.13623284 0.16247143 -0.2622733 0.16586831 0.15081242 -0.0044070985 -0.1571065 -0.15860735 0.10010186 0.10636664 0.22386089 0.25676563 -0.0839945 -0.022233782 -0.06768084 0.30296093 -0.12806392 -0.16998951 -0.00869526 -0.25906685 -0.19966176 0.14984335 -0.029175997 -0.16362391 -0.08232714 -0.031198895 0.06793131 0.21367733 -0.18006836 0.09515767 0.31928736 -0.03051553 0.20802976 0.007218566 -0.0029779144 0.015668022 -0.0030548065 0.011709327 0.039855655 0.065446354 -0.030785935 0.049388487 -0.022494737 0.093501344 0.079245165 0.124377504 0.15679759 -0.012961915 0.20212808 0.09529822 0.2645384 0.009349562 -0.00018384069 0.05343378 0.09351187 -0.089308135 -0.07619152 0.10446857 0.1574821 -0.13891573 0.041176956 0.105163515 -0.101565026 -0.03407062 0.14895132 0.045546122 -0.19705331 -0.06534219 0.04112604 -0.18476997 -0.09819282 -0.11775152 -0.040700864 0.3393186 -0.04547261 -0.12815915 0.042387296 0.2673517 -0.011988049 0.36042988 0.10941592 -0.13328177 0.14039809 0.3113273 -0.08159501 -0.15168568 -0.03748489 0.02798799 0.12669098 0.06747968 -0.169349 -0.17219396 -0.19379188 0.055801775 -0.07153856 -0.053270016 -0.04317332 -0.013784738 0.04085971 0.031292334 0.011102116 -0.06934622 -0.043596994 -0.06871086 0.013305553 -0.02290866 0.12967922 0.13101676 -0.0044512725 -0.118658066 -0.09641387 0.1205603 0.08109395 0.019886384 -0.06316197 0.0037040394 -0.038204584 0.031673316 0.006461169 -0.012102863 0.07923665 0.14715849
SUN -0.13552272 -0.21747512 0.16678137 -0.121078454 -0.25241467 -0.029992968 -0.105291106 0.12854025 -0.060396332 -0.12731446 -0.03919011 -0.010388593 -0.20108308 -0.14660318 0.0374964 0.032452013 0.009719641 0.26677826 -0.03722843 0.1424273 -0.13528453 0.056589782 -0.1101749 -0.27616754 -0.07220147 -0.27971748 -0.15703967 0.30563396 -0.040005717 0.39649668 -0.016125452 0.12550488 -0.30246973 -0.004198162 -0.06723314 0.14488259 0.20653515 0.16104566 0.2729288 -0.21082269 -0.10540038 0.017183563 0.10169852 -0.1357936 0.1983203 0.25568628 -0.011647923 -0.114856996 0.049779776 0.27966377 0.115721926 -0.31291163 0.08618641 0.06370682 0.019131722 -0.10558976 0.031584557 0.07159251 0.043310255 0.1376856 -0.11147104 -0.10112812 -0.12900572 -0.25973812 0.058343194 0.15889007 -0.23878442 -0.0667633 -0.19428547 -0.08511337 -0.15644285 -0.19316973 -0.2133568 -0.11412745 0.023639817 -0.26274803 -0.10165309 0.08946009 -0.117880434 0.20158707 0.035784304 -0.012681773 0.125246 0.3488412 0.20170406 0.15114331 0.221878 -0.13854678 0.16326185 -0.040144507 -0.08850386 -0.22928113 0.0055075726 0.07864316 0.010614002 -0.053612467 -0.074407786 -0.021644272 -0.16232935 -0.26103526 -0.18658091 0.08541644 -0.044564947 0.10076071 -0.09580502 -0.07249475 -0.0038616746 -0.03672843 -0.0042371023 -0.3182182 -0.0024414589 -0.19311175 0.07644876 0.25845015 -0.13956088 -0.056996282 -0.110149086 0.14214225 -0.17251563 0.07681566 0.051159985 -0.011438371 0.15737501 0.1458405 -0.0845593 0.056945443 0.089662425 -0.112131186
THA 0.08548411 -0.09004191 0.18363743 -0.07201479 0.0074860225 -0.24409974 0.15533048 0.16597058 -0.3223933 0.17881936 0.16233996 0.0031022497 -0.19051643 -0.17195307 0.08615695 0.087096125 0.26590848 0.24717395 -0.047719415 -0.01874392 -0.09330069 0.30111593 -0.141868 -0.18240996 -0.02576695 -0.28924254 -0.21991658 0.16613977 -0.10273959 -0.14548819 -0.04778361 -0.07135884 0.04297914 0.22094831 -0.17959705 0.09550522 0.3237334 -0.014290675 0.23150727 -0.00295925 0.0014766937 0.02400342 -0.0056643006 0.019719243 0.034833718 0.029798815 -0.023999192 0.08031331 -0.012313307 0.12308435 0.09281317 0.10859081 0.1521776 -0.051680375 0.23380128 0.09185772 0.27454138 0.008499484 -0.012386206 0.050087 0.068636544 -0.10745093 -0.09990158 0.112520866 0.1718157 -0.1334971 0.10147296 0.08749549 -0.09920547 -0.06256696 0.18558267 0.035100453 -0.18463784 -0.10235098 0.020622056 -0.17174503 -0.07427808 -0.16857801 -0.024874998 0.3420485 -0.041382566 -0.09165506 0.044418927 0.30652282 -0.06800412 0.37362498 0.1485008 -0.14266261 0.14597964 0.31216842 -0.078749746 -0.17832005 -0.046034597 0.047156505 0.12228291 0.074829705 -0.18315694 -0.1827849 -0.14815179 0.04908653 -0.08772576 -0.07585173 -0.021776501 0.005884937 0.07059491 0.04514709 0.056730002 -0.11041539 -0.06780979 -0.07015207 -0.0072279936 0.02876972 0.11236627 0.08703842 -0.0140416 -0.09378404 -0.08874076 0.12664016 0.08914162 0.050193172 -0.050784644 0.008633895 -0.024153838 0.026667887 0.018918417 -0.019348273 0.091041505 0.16886924
ESP -0.081786804 -0.14562972 0.11048705 0.071863696 0.052228246 -0.041842584 0.0119216265 0.07402798 -0.110010415 0.062508635 0.10868264 0.02876563 0.01925141 -0.03985236 0.21332495 0.14763477 0.049437203 0.1355589 -0.01588588 0.019396937 -0.08842397 0.27653718 -0.014591646 -0.21747428 -0.025411015 0.0045104558 -0.029814707 0.12177351 0.023538234 -0.08784781 -0.08340669 -0.029059326 0.040791787 0.101130985 -0.005921833 0.015242371 0.2661793 -0.0193512 0.11989986 -0.04053234 -0.15478498 -0.0142087815 0.17530648 -0.033154465 0.17883463 0.08660576 -0.15275255 -0.071615 -0.015402483 0.11065025 0.1133775 0.16395934 0.1939308 0.09318512 0.032668933 0.059345126 0.20362756 -0.04519722 0.06974719 0.06986809 -0.075590536 -0.11769503 0.020089066 -0.07810914 0.009714797 0.00060666143 -0.016404701 0.13360754 -0.044914957 0.014844954 0.18098266 -0.0043509575 -0.20995821 -0.11266567 0.07024517 -0.0835468 -0.07841754 0.041371815 -0.0023020667 0.24686229 0.005376229 -0.033218294 0.08824613 0.34010816 0.0118799815 0.036292143 0.23222329 -0.04661955 0.10324994 0.10598103 0.025700698 -0.14894137 0.02753983 -0.03583048 0.19020991 0.09801082 -0.10288281 -0.12951963 -0.11997763 -0.10075432 -0.14401807 -0.0012633613 -0.052897774 -0.010555699 0.15736708 0.10449965 0.12354663 0.028716903 -0.058577936 -0.071393825 0.15402304 0.11240971 0.066276394 0.13702701 0.0060020853 -0.13819945 0.06354288 0.07594731 0.08280442 -0.0745974 -0.005441564 0.007150578 -0.011682841 0.022952896 0.06870282 -0.08500597 -0.090925284 0.0047388687
PRT -0.026869822 -0.09532468 0.15094283 0.10544027 0.09006012 -0.08204664 0.14342818 0.004242478 -0.03363759 -0.073903695 0.17627785 0.11539554 0.056732822 0.0110193575 0.19301878 0.14464055 0.08007371 0.083669 -0.059242215 -0.047296833 -0.091806106 0.3208772 0.003229564 -0.2745745 -0.03608515 0.03735106 0.048458554 0.12994839 0.049374614 -0.20394509 -0.087146305 -0.018360602 0.106276296 0.14512993 0.05234129 0.04595888 0.24675217 -0.054223713 0.111503065 0.007490257 -0.20090172 0.01968366 0.1950507 -0.030104272 0.35509172 0.059247553 -0.14046364 -0.086748935 0.10447776 0.18354718 0.025841076 0.27611017 0.19426937 0.113559164 0.070445985 0.084664635 0.30297357 0.015794517 0.03216068 -0.0035810675 -0.041721553 -0.17375019 -0.029800842 -0.031769447 0.07905042 -0.0377704 0.016175905 0.23170315 -0.12859352 0.022148063 0.30791956 -0.07801997 -0.31350246 -0.15411541 0.17394826 -0.039963845 -0.061731577 -0.111937866 0.0807762 0.34174424 0.14256418 -0.1542863 0.15857477 0.47982392 -0.0013322673 0.06342094 0.26375234 -0.1331594 0.20645203 0.14285505 0.047916967 -0.24181531 0.11283082 -0.031006906 0.1933071 0.15372004 -0.1296458 -0.100203864 -0.12962653 -0.10220608 -0.20587404 0.011872734 -0.10719136 0.089868486 0.19447789 0.14083958 0.16006152 -0.056249436 -0.10294747 -0.03665139 0.115544766 0.17965968 0.10293862 0.13421297 0.017710816 -0.18985724 0.14953218 0.08339867 0.084254004 -0.15112685 0.012223211 0.056167703 0.010365729 0.019357173 0.07637875 -0.064980656 0.012871094 -0.072262555
ITA -0.10554089 -0.2600225 -0.0012414695 -0.17060289 0.06634321 -0.08636815 -0.16442348 0.27619654 -0.17037426 0.42718428 0.06346181 -0.067204356 -0.09651921 -0.25175557 0.2551682 0.14348969 0.25239903 0.32093033 0.01125663 -0.0036593168 -0.14283797 0.30374217 -0.083101936 -0.09605618 0.034391757 -0.22391851 -0.16992015 0.08893477 0.01931326 0.037635345 -0.10034144 -0.057931207 -0.13983276 0.16520874 -0.289716 0.08019315 0.39838317 -0.0058807754 0.24555212 -0.17060117 0.043764707 -0.10100586 -0.08400114 0.0038925942 -0.17089011 0.11091721 -0.1255435 0.019431029 -0.29196125 0.06728384 0.15949444 0.018274842 0.1813642 0.07027285 0.08010865 0.043385487 0.16281714 -0.01418193 0.06440764 0.20593245 -0.079450354 0.015221152 0.03349226 -0.12057267 0.09159859 -0.07490207 -0.07052794 0.046370883 0.0023510696 0.018206038 -0.009240503 0.12413558 -0.076069035 -0.07158559 -0.17479634 -0.29150164 -0.1764909 0.21472129 -0.23162077 0.2832844 -0.31687808 0.13957106 -0.098494776 0.16435999 0.06631704 0.33502087 0.21134458 -0.07039816 -0.044850145 0.3427338 -0.08484649 -0.1653738 -0.10012217 -0.1103829 0.21264191 0.0015811154 -0.08440897 -0.3292408 -0.16033381 -0.048674334 -0.04876032 0.0021242981 -0.020013966 -0.1724356 0.10432528 -0.03673234 -0.08442836 0.02623125 -0.037209336 -0.2054831 0.047767058 -0.07374317 0.028413637 0.31925097 -0.03981377 -0.06593205 -0.29807103 0.06282823 0.24416882 0.09490264 -0.1438349 -0.11824835 -0.08845698 0.018148959 0.117019236 -0.061573815 -0.18609928 0.3122884
FIN -0.11328044 -0.21868241 0.09325859 -0.1796707 -0.24527736 0.0019389112 -0.18213774 0.12396884 0.016433457 -0.05625116 -0.06597169 0.029281577 -0.15159525 -0.18766116 0.030717818 0.01632889 0.053995367 0.266617 -0.020223374 0.10908915 -0.18042369 0.033325195 -0.07790411 -0.25577646 -0.06574333 -0.273443 -0.10394642 0.2659492 -0.04680965 0.45390183 -0.0045641437 0.10569486 -0.4183566 -0.009434011 -0.097787336 0.14173952 0.18504281 0.16655178 0.29447696 -0.2596587 -0.06835614 -0.017992454 0.034447625 -0.13590218 0.17962366 0.23348215 -0.02266195 -0.112051204 -0.006630417 0.32543635 0.08239417 -0.3365097 0.08637716 0.05630639 0.021001171 -0.09733939 0.056367666 0.10153573 0.038459096 0.12952301 -0.17675515 -0.079247445 -0.14879811 -0.28586575 0.10101155 0.15408921 -0.20894593 -0.036170438 -0.18897927 -0.10466886 -0.13424756 -0.20170984 -0.20657629 -0.14971574 -0.019609086 -0.25591806 -0.09878119 0.12369271 -0.13337503 0.2136968 0.023793692 0.066926144 0.08665058 0.3846513 0.16057281 0.23964527 0.29767227 -0.17599094 0.14058116 0.017949417 -0.07870401 -0.2986822 0.02276325 0.027890887 0.03374046 -0.04374844 -0.07360332 -0.09295604 -0.12542105 -0.29812208 -0.19033708 0.07622096 -0.040180907 0.11120346 -0.012502782 -0.062425658 -0.006079691 -0.124947496 -0.05303085 -0.33909553 -0.06704374 -0.15160726 0.074427135 0.30822155 -0.13634868 -0.018590657 -0.1877355 0.116652586 -0.09192598 0.09267542 0.03926273 -0.03024326 0.1558957 0.15849794 -0.013199252 0.06886028 0.06789169 -0.07336279
CHE -0.12283382 -0.16677831 0.16187519 -0.1349711 -0.25825128 0.025982045 -0.14183809 0.05416146 -0.019838247 -0.13674188 -0.0637475 0.073871955 -0.078399874 -0.18244489 0.060569767 0.019775307 0.028079001 0.3036577 -0.0063428767 0.08986696 -0.21825337 0.09370146 -0.058938414 -0.24192323 -0.0609863 -0.19876312 -0.0527962 0.24670434 -0.043539427 0.36504441 -0.0011686813 0.07575008 -0.3732888 -0.04598143 -0.061904576 0.12638137 0.2222497 0.1662605 0.24771963 -0.22100799 -0.09774848 -0.04199199 0.107927404 -0.116812065 0.24613874 0.21287003 -0.035398338 -0.21146001 0.08760654 0.3060425 0.11218032 -0.2520108 0.14408712 0.009058583 -0.01991578 -0.035169054 0.119109295 0.079305135 0.050065488 0.081547335 -0.16636431 -0.14460102 -0.17182428 -0.27491736 0.06384807 0.16151594 -0.13640825 -0.059433598 -0.1420337 -0.16732383 -0.008689037 -0.21170661 -0.22402884 -0.19013222 0.044652734 -0.14059725 -0.035738423 0.122365214 -0.042443503 0.2299496 0.100844294 0.038816657 0.13108023 0.4660157 0.08216523 0.18267074 0.31329292 -0.16629273 0.21407431 -0.021178417 -0.07521081 -0.28961778 0.06705216 0.066195525 0.05265717 -0.0006318304 -0.08703523 -0.048187535 -0.11577933 -0.29103693 -0.2155174 0.02866887 0.001923405 0.1394395 0.07192324 0.009139001 0.1012575 -0.13235997 -0.04142212 -0.24286184 0.0056216386 -0.0725114 0.12448982 0.28404784 -0.112979025 -0.0049642026 -0.12925011 0.14416829 -0.072431155 0.09947097 0.051691595 -0.0002639194 0.15858786 0.1130877 -0.025328506 0.015545148 0.013866887 -0.14773525
FRA -0.11538344 -0.304586 -0.05508433 -0.2101604 0.018232645 -0.039327443 -0.25319475 0.3004152 -0.046014164 0.39404327 0.02162351 -0.0750944 -0.13037619 -0.24166043 0.20269571 0.15639135 0.16697639 0.28769663 0.0103456555 -0.0076255416 -0.12682682 0.19593877 -0.071178384 -0.11838726 0.023060188 -0.28231168 -0.17295305 0.116936386 0.03193921 0.1995715 -0.11077842 -0.008871595 -0.24986248 0.1489037 -0.26206452 0.09853776 0.3250407 0.058301955 0.32624817 -0.22141561 0.07346156 -0.0701409 -0.114070624 -0.05504539 -0.15454274 0.1897322 -0.102168605 0.06469256 -0.3281901 0.17772087 0.09266939 -0.110933386 0.15329781 0.1431185 0.1009822 -0.04527716 0.10653824 0.008548986 0.0732974 0.250545 -0.14095172 0.06264024 0.042987537 -0.17181127 0.09495807 -0.03957568 -0.17711334 0.08042989 -0.037379026 0.048485767 -0.13285568 0.08187154 -0.07787771 -0.055085156 -0.20049466 -0.35459214 -0.23115249 0.2660338 -0.31617188 0.26374543 -0.31200236 0.17414252 -0.12793449 0.1333824 0.12762271 0.3121102 0.21632777 -0.059264917 -0.09110122 0.27285388 -0.06096036 -0.1944931 -0.08352183 -0.15662743 0.15052836 -0.07728939 -0.079051524 -0.31260633 -0.20611243 -0.14450917 -0.04954683 0.06417929 -0.07412281 -0.15535511 0.065430865 -0.11540133 -0.12629454 0.053098626 -0.054465853 -0.29357383 -0.0029607154 -0.1856193 0.024140462 0.35867178 -0.11581921 -0.07484108 -0.3523472 0.038753297 0.19259171 0.071623676 -0.12423192 -0.13015556 -0.050161064 0.11672601 0.10769397 0.0145293325 -0.13811941 0.2812016
HKG -0.08965024 -0.12509476 0.09643036 -0.01870116 -0.090981066 -0.038096312 0.007623821 0.03684477 -0.108262554 0.028107252 0.043749925 0.06602392 0.0638576 -0.10268695 0.14355001 0.057054214 0.10519867 0.23443975 -0.023669263 -0.016867548 -0.19709781 0.2762741 -0.053706624 -0.18921594 0.009996658 -0.06584314 0.010099298 0.09909466 0.016246436 -0.07661014 -0.082942426 -0.034725554 -0.100630015 0.07449949 -0.08231911 0.073307335 0.28020036 0.021653675 0.1308826 -0.12132102 -0.060698643 -0.041223418 0.106163524 -0.012689566 0.21115297 0.10540778 -0.16669708 -0.123821184 0.064243734 0.18452072 0.110356934 0.06393823 0.22377506 -0.030687317 0.022183832 0.11792584 0.21488921 -0.0046830885 0.080358304 0.05905938 -0.09184653 -0.124067746 -0.078989126 -0.065993324 0.012174638 -0.0013934798 0.011507874 0.070397206 -0.054427154 -0.10228818 0.17592414 -0.0343362 -0.22460733 -0.13627231 0.049660612 -0.050335005 -0.0064269486 0.067903556 0.023764897 0.26551175 0.041098967 -0.01387501 0.106722616 0.4324104 -0.02227728 0.16020425 0.29501644 -0.1066864 0.1925697 0.1192005 0.004903094 -0.21006669 0.061316907 0.030805778 0.15184674 0.104071304 -0.12048629 -0.106554024 -0.12508318 -0.08134851 -0.1413144 -0.04009484 0.0053992365 0.066214554 0.23095746 0.10237384 0.13473564 -0.06753774 -0.099496365 -0.041464005 0.10929292 0.114833795 0.13721564 0.19294925 -0.04159155 -0.075884104 -0.060458373 0.1076655 0.09676485 0.007223269 0.014985409 0.0014333993 0.043159142 -0.0026434832 0.09599348 -0.063309655 -0.025927711 -0.02623667
CHN 0.06998833 -0.085952625 0.19184135 -0.10926961 0.040356956 -0.20072952 0.08794366 0.2180729 -0.4133236 0.29469568 0.1769285 -0.046196822 -0.21650833 -0.23075545 0.121712066 0.10099788 0.26465347 0.285198 -0.014593918 -0.00015968276 -0.09283885 0.29390207 -0.117048934 -0.090288155 -0.03491368 -0.26048633 -0.24434292 0.12594917 -0.13512947 -0.13119148 -0.052686624 -0.12014061 0.05233457 0.21352477 -0.23328537 0.06517098 0.35979587 -0.049445514 0.22021168 0.0023816638 0.018937886 -0.02809264 -0.040150844 0.017950721 -0.08430048 -0.009923677 -0.011065307 0.061402116 -0.08857652 0.017237771 0.15585321 0.07890361 0.12771554 -0.075660594 0.20386413 0.07301366 0.26557562 -0.052969504 0.007265699 0.060052972 0.08691526 -0.07919736 -0.068856955 0.09580672 0.16923462 -0.14165732 0.11874092 0.03478845 -0.012080361 -0.08907999 0.18598117 0.13124849 -0.12494312 -0.11035554 -0.022143716 -0.19925562 -0.07491164 -0.06358031 -0.060718954 0.33360282 -0.14282583 -0.056559127 0.018762626 0.23873763 -0.08790118 0.4085089 0.09735044 -0.099452116 0.09267543 0.34137958 -0.10763487 -0.12138954 -0.11538978 0.048872344 0.13443696 0.065414295 -0.16948596 -0.23426414 -0.1320312 0.058450412 -0.017351067 -0.12657394 -0.008707491 -0.06763589 0.07088208 0.03131497 0.045481022 -0.058560684 -0.0352904 -0.08220801 0.0015255471 0.015624669 0.1299415 0.09060003 0.018361459 -0.065265626 -0.13177285 0.16414404 0.11987002 0.09467373 -0.10587995 -0.020516831 -0.099192984 0.03850907 -0.0012285438 -0.041125517 -0.0023159054 0.2601744
CRI -0.34964123 -0.32758197 0.08902214 -0.01431702 0.061205 0.1990828 -0.41166613 0.32777622 -0.16025124 0.34684783 0.10464587 -0.14609884 -0.07781893 -0.14011951 0.4332226 0.2637955 -0.029345416 0.2544022 0.16547173 0.119987115 -0.11601726 0.33575562 0.060949095 -0.22411372 -0.06868736 0.061344672 -0.14871117 0.11245511 -0.004176526 0.22385602 -0.12791152 -0.13359655 -0.1146496 0.056285575 -0.084806286 -0.07476715 0.49848926 -0.0046145334 0.236885 -0.22335981 -0.30725446 -0.16864541 0.25500444 -0.1880786 -0.030401934 0.17151155 -0.25637403 -0.200062 -0.33636656 0.04838183 0.29498452 -0.002376894 0.18167843 0.2595386 -0.07020316 -0.08111643 0.111291245 -0.2598197 0.20237829 0.2448794 -0.17215922 -0.0818172 0.13980237 -0.44479552 -0.08931638 0.09811042 -0.15509576 0.07937589 0.10975951 0.033243757 0.009895716 0.20727693 -0.1218387 -0.11045699 -0.13679136 -0.2943147 -0.22839002 0.5364312 -0.20603207 0.22599535 -0.33296275 0.22001316 0.022793323 0.29247 0.1218777 -0.004471997 0.3161344 0.06637182 -0.100207485 0.06596027 -0.0007530066 -0.124309696 -0.1757019 -0.14992061 0.33022457 -0.0031970453 -0.07529016 -0.31801715 -0.22681753 -0.3026811 -0.13315383 0.058901954 -0.07299165 -0.27422282 0.1869965 0.009414403 0.09325275 0.27657637 0.026431568 -0.39138874 0.2971934 -0.011051564 -0.017637953 0.33137915 0.009533869 -0.10151491 -0.09567879 0.14622314 0.11089483 0.012219898 -0.0974391 -0.10285294 -0.11330491 0.122476645 0.0379529 -0.12662293 -0.44305325 0.21802971
PER -0.38792643 -0.19756743 0.0025327322 0.24516188 -0.035166554 0.14657243 -0.2202509 0.1612298 -0.26906312 0.24096304 0.04795265 -0.12950708 0.065025724 -0.0058445213 0.34310934 0.2273828 -0.0798404 0.09934307 0.19263156 0.15014121 -0.20132712 0.34138295 -0.038584784 -0.32314938 -0.07113455 0.117534086 -0.053568628 0.08083623 -0.08332255 -0.07916433 -0.116293676 -0.2200384 -0.040737487 0.033264235 0.0386472 -0.014772719 0.3673174 0.018526908 0.19062963 -0.19885184 -0.26727244 -0.07537855 0.36230963 -0.12079572 0.22956045 0.22921285 -0.42608398 -0.07386052 -0.16957417 0.109805524 0.35543597 0.121656865 0.23358737 0.081577465 -0.023377595 0.030144244 0.057651293 -0.23462152 0.22714989 0.1523503 -0.2608491 -0.10688658 0.19990657 -0.1854105 -0.15550734 0.10354615 -0.04230079 0.1320195 0.13078381 -0.025957905 0.1284956 0.10889254 -0.23202845 -0.103443205 -0.05694594 -0.10016213 -0.0762371 0.26762193 0.03705849 0.17144124 -0.1313469 0.21614817 0.1597527 0.4159498 -0.009272482 -0.2167205 0.4182777 0.11650148 0.07045547 -0.14437833 0.14288779 -0.104299165 -0.13648047 -0.039371952 0.32383415 0.17242518 -0.14594018 -0.11774097 -0.12484714 -0.2582482 -0.1267901 -0.0031721694 -0.00091654935 -0.11120483 0.29050744 0.13833538 0.30337754 0.23878616 -0.15373026 -0.17307281 0.38945538 0.25007832 0.023327645 0.09913787 -0.0720339 -0.16994771 0.13278507 0.055365335 0.043117717 -0.061895277 0.13775004 -0.025349619 0.0355565 0.095882684 0.1271918 -0.14641978 -0.22261985 0.021101218
VEN -0.0027517213 -0.074847795 0.10933846 -0.14975 0.016910119 -0.059194744 0.0066780453 0.18881989 -0.13801679 0.029910175 0.27472958 0.16371258 -0.10762531 -0.07071277 0.2302787 0.13687958 0.26794338 0.11757132 0.15768987 -0.13439135 -0.052675538 0.29378736 -0.00753224 -0.19626187 0.006280517 0.029647667 -0.02793917 0.111638375 -0.12740788 -0.048569497 -0.031789534 -0.2528836 0.0036795689 0.18343349 0.033442076 0.08295362 0.2576199 -0.13823059 0.27275643 -0.115861155 -0.16494739 -0.0440877 -0.0122374855 -0.13948153 0.2948097 -0.084646285 -0.0625785 -0.043401163 -0.052895777 0.26640895 -0.0076921675 0.16125786 0.020443786 0.13883814 0.20308968 -0.14112557 0.3023608 -0.027761066 -0.06903662 -0.044279408 -0.0847256 -0.14984871 -0.017987892 -0.18566671 0.09417626 -0.02109317 0.12411385 0.2247915 -0.021409053 -0.068203375 0.2636397 0.031191496 -0.12829767 -0.19395384 0.013888674 0.008059122 -0.05314454 0.002751411 0.10592577 0.23341854 -0.022720767 0.021149997 0.11126141 0.40130624 -0.103669375 0.12857153 0.21638997 -0.19195756 0.022336084 0.14428298 0.07679618 -0.21503772 0.014898619 -0.083282635 0.13828424 0.1613152 -0.110740274 -0.2010031 -0.034180187 -0.14769836 -0.17785753 -0.03422531 -0.10407495 -0.004743362 0.3314768 0.03139954 0.1170595 -0.022964668 -0.097511426 -0.21145384 -0.097237885 0.21845981 0.0114183845 0.061135985 -0.031010391 -0.06769108 -0.007951018 0.12500718 0.11216932 -0.04708576 -0.06030485 0.038073726 -0.13143967 0.091188386 0.11751497 -0.0023103124 -0.04240775 0.2867875
PHL 0.10614218 -0.10435823 0.1802077 -0.1254811 0.05986338 -0.25857565 0.12878335 0.20173295 -0.40956673 0.36098686 0.13659538 -0.039321654 -0.17509021 -0.27793187 0.12567411 0.08675026 0.34412038 0.35275105 -0.06970173 -0.023748647 -0.13210723 0.32956424 -0.14791518 -0.07182861 0.01422926 -0.32716334 -0.23246849 0.119677365 -0.08436163 -0.20243406 -0.074810684 -0.07772935 0.034523264 0.25394017 -0.3193895 0.09799082 0.4025712 -0.035929687 0.20811063 0.0039810836 0.08448406 -0.03683678 -0.10084113 0.089221045 -0.13994165 -0.0023964352 -0.015662929 0.086697236 -0.097791575 0.018279767 0.15274066 0.12124201 0.20291813 -0.12368274 0.2138258 0.16321866 0.31032082 0.009213518 -0.004425222 0.07570815 0.09277739 -0.06397606 -0.09610747 0.14470246 0.1979154 -0.20631295 0.13083744 0.02717716 -0.049105685 -0.07115006 0.21101609 0.13481052 -0.15342106 -0.10000462 -0.034749787 -0.22262529 -0.08888405 -0.11499784 -0.079403535 0.40665507 -0.1568826 -0.0665488 -0.023248395 0.2452647 -0.090582296 0.502654 0.12397819 -0.13188903 0.11842471 0.4621737 -0.1232182 -0.16355589 -0.07688282 0.046933617 0.15509492 0.08750514 -0.19552879 -0.2657811 -0.16698405 0.137162 -0.015067621 -0.13925155 0.020147005 -0.06829052 0.09498571 0.052992534 -0.0016232249 -0.108643934 -0.04600349 -0.025650328 0.0018978098 -0.00543882 0.16284873 0.13415916 0.03404827 -0.06474943 -0.19949903 0.14773946 0.18900125 0.11580257 -0.116326146 -0.039659765 -0.079972856 -0.021220243 0.0417022 -0.05959102 0.0055863736 0.27077734
ANT -0.29721764 -0.24801594 0.050814617 -0.069034465 0.009370933 0.17980804 -0.37815243 0.31090328 -0.18007694 0.30617887 0.10049406 -0.09871629 -0.10498169 -0.12004291 0.38299417 0.20543098 0.01806705 0.20942406 0.21242258 0.08832389 -0.11271112 0.2633797 0.037709776 -0.19260447 -0.060046833 0.059636604 -0.116295636 0.10271827 -0.06690556 0.24306124 -0.0842809 -0.19082469 -0.16441439 0.032659635 -0.05549607 -0.040904246 0.3912229 -0.008651031 0.25411963 -0.2441864 -0.251734 -0.15930155 0.1716793 -0.19004403 -0.0018657304 0.12169034 -0.21932794 -0.14149503 -0.31425056 0.12864067 0.2342613 -0.030001933 0.11446218 0.20695245 -0.020079594 -0.13670026 0.09024328 -0.22146563 0.14862747 0.1792993 -0.20310381 -0.06949202 0.11697657 -0.4217817 -0.072242096 0.11190325 -0.0861447 0.07336217 0.12031143 -0.0134456605 0.013336108 0.18331316 -0.07310098 -0.12618624 -0.15625407 -0.20993991 -0.18632746 0.4626453 -0.1357792 0.15484242 -0.2848466 0.2744129 0.01848311 0.26706818 0.049180634 -0.011904473 0.30295134 0.032379765 -0.123399965 0.024077956 0.035127606 -0.10620315 -0.16663831 -0.11647582 0.26283437 0.028964713 -0.08206018 -0.29054874 -0.13475151 -0.30929866 -0.13463944 0.0333336 -0.05593391 -0.2426893 0.24474196 0.012792772 0.116776496 0.20885089 -0.011744433 -0.3726895 0.19006911 0.044413153 -0.040535104 0.2517064 -0.018729448 -0.04679749 -0.11065769 0.1217466 0.107275374 0.049792003 -0.05248145 -0.08012045 -0.10479792 0.13979004 0.06940431 -0.10434526 -0.3812436 0.27690706
BEL -0.1951592 -0.30388036 0.1289991 -0.18288714 -0.070681594 0.06626406 -0.28979668 0.24336746 -0.03723424 0.11253747 0.0054291436 -0.024125304 -0.12895109 -0.20672272 0.23343916 0.11329915 0.07450143 0.32524738 0.030973604 0.11877823 -0.11283644 0.1475361 0.009318291 -0.17894892 -0.035879396 -0.13536824 -0.12677127 0.2176936 0.01844264 0.38856235 -0.049009603 0.05346432 -0.27674013 0.0119806845 -0.13771471 0.05244306 0.345699 0.06296441 0.21213906 -0.2392872 -0.15400447 -0.10902232 0.08415411 -0.13603826 0.0040538376 0.19612229 -0.045290567 -0.19811146 -0.1601008 0.15944758 0.12825271 -0.19547415 0.1267908 0.18400258 -0.05154947 -0.12876733 0.08430492 -0.03755074 0.08802569 0.18936315 -0.11857936 -0.091664925 -0.040719677 -0.39381734 0.0200943 0.121276505 -0.22567493 -0.04992105 -0.079813175 -0.00044665733 -0.12496389 -0.016790533 -0.09495879 -0.120112546 -0.073667645 -0.28898177 -0.17550251 0.34906286 -0.22207773 0.21149713 -0.19677031 0.11069345 0.011362477 0.27172086 0.19987854 0.17464384 0.2456563 -0.07723338 -0.0018887271 0.11827099 -0.10559823 -0.2084368 -0.030623762 -0.04588898 0.13477428 -0.060451645 -0.018356815 -0.22102149 -0.16679195 -0.25161487 -0.16751632 0.08613384 -0.046674643 -0.122524425 0.011568415 -0.064809635 -0.060035195 0.07148826 0.067180574 -0.38134542 0.04643146 -0.16959742 0.02258838 0.3827197 -0.04780045 -0.028570982 -0.2013349 0.15841873 0.026942147 0.08187833 -0.09755875 -0.09924503 0.0039222394 0.09940431 -0.016894976 -0.046089012 -0.23185554 0.11396855
CUB -0.3030777 -0.24129625 0.04109322 0.024801405 -0.008400733 0.17067526 -0.33519417 0.26950046 -0.14581598 0.24242601 0.07398136 -0.12291812 -0.08062755 -0.07389114 0.34480917 0.213798 -0.058970757 0.16021825 0.167485 0.10445639 -0.10653461 0.26770678 0.02225704 -0.25193983 -0.076578036 0.03662482 -0.12253894 0.11173186 -0.04432818 0.19508554 -0.112431765 -0.15923639 -0.12707599 0.036588766 -0.027006464 -0.03591115 0.36154056 0.018260706 0.2522646 -0.22227302 -0.26808783 -0.11347966 0.23321085 -0.1896358 0.06973165 0.17325915 -0.24180385 -0.1167747 -0.2579546 0.14421482 0.24028191 -0.027523562 0.13983235 0.1962499 0.0018028168 -0.090989776 0.07632926 -0.20995809 0.16560927 0.17575487 -0.19116749 -0.074885994 0.124573916 -0.35846287 -0.09349131 0.11756328 -0.10470042 0.10927053 0.083998226 -0.010816701 0.004896444 0.13825987 -0.15252301 -0.094448924 -0.11891457 -0.22677533 -0.1773588 0.39859432 -0.11978757 0.16424522 -0.21358402 0.22349277 0.06546796 0.29180273 0.068028145 -0.06839579 0.31869787 0.04847298 -0.050539117 -0.03588213 0.047228426 -0.10701415 -0.16479681 -0.108526 0.27345186 0.024070606 -0.104237564 -0.21519126 -0.17039451 -0.3070553 -0.13146353 0.072013035 -0.07836368 -0.18872423 0.18848032 0.025002826 0.14078915 0.22378579 -0.049096994 -0.33847505 0.23969717 0.043898802 -0.030593893 0.20428963 -0.04351003 -0.10183818 -0.04766268 0.098250076 0.039810803 -0.00988802 -0.0037434553 -0.05576395 -0.04821438 0.14933695 0.054662462 -0.07032893 -0.29095817 0.16919634
AUT -0.1787548 -0.30609387 0.15385635 -0.18776025 -0.11773509 0.05439229 -0.28242812 0.21930462 -0.029678276 0.041018605 -0.034934346 -0.025140258 -0.13406181 -0.22367635 0.20055087 0.08540026 0.039295062 0.34279752 -0.014648241 0.1477555 -0.12710612 0.09938126 -0.0018588098 -0.18168116 -0.037556194 -0.16535842 -0.12806123 0.23882642 0.018308466 0.47132885 -0.02797923 0.11499343 -0.33436933 -0.031696744 -0.14149044 0.059261512 0.29659125 0.109766595 0.20206043 -0.23837925 -0.15722504 -0.0934532 0.091598615 -0.13139485 0.0109869605 0.21159655 0.0010648039 -0.22779527 -0.11882102 0.18975236 0.12902384 -0.26529208 0.12849353 0.14377828 -0.08093766 -0.11808004 0.070644245 0.005647992 0.08314309 0.18647067 -0.11777638 -0.10312536 -0.10168901 -0.41257945 0.035954818 0.15609337 -0.24454917 -0.08889726 -0.113828465 -0.02407518 -0.14190994 -0.07849209 -0.10605903 -0.13344625 -0.043194883 -0.2876299 -0.16773014 0.3150586 -0.21221107 0.20892222 -0.1289096 0.08833815 0.021765435 0.28370517 0.20462482 0.19268598 0.23483685 -0.09698177 0.037453882 0.07632881 -0.121303976 -0.22175811 0.0020168384 -0.01584649 0.09810011 -0.06515077 -0.015625281 -0.18859237 -0.1687209 -0.28973213 -0.19322127 0.09044636 -0.019954396 -0.062151857 -0.029949691 -0.06871834 -0.059136093 0.019308295 0.08082894 -0.380266 0.03773151 -0.20777105 0.04169831 0.39814454 -0.045186438 -0.0050650197 -0.21345258 0.14910556 -0.008563943 0.114472754 -0.085195765 -0.094960704 0.048735004 0.104830734 -0.038509965 -0.019162407 -0.19938411 0.0348597
PRY -0.3534997 -0.23831347 0.1275574 0.15539497 -0.18861718 -0.050185267 0.08461331 0.18703501 -0.1771595 -0.20195416 0.18899673 -0.1523821 -0.3424339 0.07495251 -0.12630472 0.17786534 -0.14147775 0.07095599 -0.06769422 0.15608686 0.003731589 0.15066443 -0.27928606 -0.5130038 -0.120396726 -0.5472774 -0.4393278 0.30274022 -0.09744369 -0.08152602 -0.14007717 0.06003161 0.1409281 0.23214692 0.09037684 0.2685261 0.32380867 0.0036621569 0.48364803 -0.043084383 -0.04656568 0.20731692 0.3446521 -0.22490221 0.46227914 0.42577147 -0.18311773 0.10398335 0.0790162 0.17106828 0.2878891 -0.11058867 0.05977009 0.2340249 0.20536369 -0.18572213 -0.008030498 -0.12395478 0.14312173 0.33000913 0.040895857 -0.046126097 0.09079731 0.06578554 0.14219719 0.041415293 -0.42697212 0.24334827 -0.2510655 -0.025188038 -0.32086462 -0.16764534 -0.4987438 0.028182697 0.11349738 -0.5750387 -0.16586144 -0.07272843 -0.20477895 0.50932145 -0.116392516 -0.26296616 0.34703782 0.46718526 0.43506533 0.11817414 0.1283077 -0.105276324 0.35107654 -0.16887869 -0.022276284 -0.3543171 -0.19715615 0.08510992 -0.043015465 -0.14137183 -0.20847064 0.1449723 -0.49712867 -0.103782244 -0.06982409 0.120818585 -0.3205711 0.1938583 -0.4147431 -0.18734106 0.032719966 0.28478244 -0.10990349 -0.4102483 0.15835857 -0.34381276 0.21017386 0.29133874 -0.43452457 -0.46364906 0.18602893 0.23717572 -0.42872703 -0.20234875 0.070132725 0.07556793 0.13288754 0.26493528 -0.2418054 0.17172125 0.45143956 -0.24516225
DZA -0.38398853 -0.2469405 0.076708816 0.097296715 -0.22605954 0.001841923 -0.01747097 0.19560269 -0.12897924 -0.18249057 0.12946445 -0.14299782 -0.32539642 0.058225684 -0.111126885 0.15764286 -0.15579127 0.08389539 -0.02856558 0.17851762 -0.021012822 0.07960779 -0.24405575 -0.4778592 -0.107791774 -0.49904826 -0.40312687 0.30242065 -0.09721534 0.06212285 -0.107728995 0.06650492 0.015256575 0.17924733 0.067283966 0.24985045 0.29482412 0.043020494 0.471821 -0.12213691 -0.04507353 0.16510779 0.29310367 -0.24052283 0.41439694 0.42057708 -0.18047704 0.06824631 0.02925707 0.20462683 0.28507447 -0.2213687 0.023801796 0.24260639 0.16162743 -0.22728334 -0.062141247 -0.11013435 0.13446313 0.34458488 -0.024230216 -0.02878604 0.08644873 -0.047913697 0.099035 0.10376662 -0.46285397 0.1851117 -0.23513776 -0.030615857 -0.3722395 -0.1686773 -0.43094403 0.009319638 0.06577378 -0.57147586 -0.17360666 0.027678719 -0.21859372 0.44354957 -0.14273271 -0.15671794 0.30782962 0.41487688 0.43958637 0.08847636 0.1439873 -0.09000297 0.2797624 -0.18613689 -0.029536847 -0.32773253 -0.19470125 0.05875146 -0.040498234 -0.15939648 -0.1687782 0.118838236 -0.45665696 -0.16798547 -0.083276734 0.14503264 -0.30134144 0.1500502 -0.3832625 -0.20013441 0.0010663997 0.2840736 -0.09206186 -0.45931378 0.13089886 -0.35396817 0.16816631 0.31594497 -0.43789497 -0.4027434 0.10467252 0.22401266 -0.4028415 -0.15755759 0.07565607 0.057721797 0.14605072 0.28649348 -0.21875505 0.16117592 0.37165716 -0.19856799
ABW -0.44428796 -0.3146102 0.08810928 0.010459683 -0.01624978 0.25152937 -0.48189718 0.39079866 -0.31482682 0.3791703 0.101407215 -0.18158354 -0.13576165 -0.15397076 0.4971933 0.2842044 -0.042668253 0.25529787 0.29412252 0.17237534 -0.15072232 0.34785026 0.029330296 -0.2736022 -0.10854279 0.099130124 -0.18676804 0.12372009 -0.1136609 0.2605906 -0.102303825 -0.2655434 -0.17451526 0.024686292 -0.057482235 -0.0747389 0.5248962 0.013293274 0.2910153 -0.2979311 -0.36410514 -0.18760082 0.30634663 -0.23631825 0.009047165 0.18996444 -0.30801162 -0.19800888 -0.37998056 0.112694554 0.3826896 -0.046441227 0.1774737 0.22711113 -0.03548582 -0.14142266 0.09135567 -0.3370871 0.22073992 0.24042866 -0.25126326 -0.118075125 0.18430866 -0.5001462 -0.13996787 0.17396605 -0.09631992 0.054160412 0.18333413 -0.054694384 0.015215439 0.24418376 -0.13717577 -0.15359525 -0.20251253 -0.27845332 -0.21877082 0.5941728 -0.13695249 0.18440087 -0.3437894 0.34880164 0.083783075 0.36061496 0.0438249 -0.08607325 0.3985058 0.10029076 -0.1047208 -0.04997835 0.052917402 -0.096035235 -0.26721603 -0.10434868 0.3616918 0.045867525 -0.12126081 -0.32630396 -0.18895055 -0.3820808 -0.15735379 0.040305436 -0.049307495 -0.30707788 0.28366333 0.04449619 0.20750685 0.31976935 -0.014254234 -0.45990527 0.33742517 0.07857452 -0.038428966 0.2568649 -0.018156203 -0.0899462 -0.07513395 0.16168514 0.079665646 0.05450629 -0.035969008 -0.10373421 -0.09844167 0.17763199 0.05807331 -0.14679548 -0.47745952 0.3057897
GTM -0.32680225 -0.13872388 -0.0117410505 0.2963221 -0.07649475 0.017749313 -0.056236945 0.05494172 -0.35282916 0.21339202 0.031462085 -0.06787749 0.11104941 -0.009666327 0.30478776 0.20105144 0.02056797 0.09943131 0.16688283 0.14265175 -0.26084495 0.36006385 -0.11420873 -0.31386948 -0.04673081 0.103433646 -0.016789388 0.0773143 -0.104431994 -0.2529604 -0.07883839 -0.22922926 0.0046965545 0.052942693 0.032275632 0.04409906 0.3087092 0.029653834 0.13985018 -0.16217983 -0.18125033 -0.036219615 0.3283093 -0.037175782 0.29798764 0.19972037 -0.45018655 -0.031334486 -0.06663138 0.1173459 0.35072246 0.19472569 0.28845686 -0.0391734 0.034963097 0.10594418 0.099662445 -0.16545717 0.19179296 0.08667447 -0.24725215 -0.11535569 0.17563501 -0.019897968 -0.13660365 0.06737071 0.054749977 0.10384817 0.13619775 -0.06324955 0.21862924 0.08196755 -0.2540165 -0.113648914 -0.016968338 -0.0029907865 -0.00022471219 0.106143855 0.13359247 0.21067578 -0.0614207 0.1870659 0.19206044 0.48299348 -0.07880826 -0.20973246 0.4525712 0.087843776 0.16438411 -0.103273354 0.1676125 -0.12934448 -0.08069484 0.040460736 0.30628577 0.25836313 -0.18102227 -0.04630987 -0.044191465 -0.15422201 -0.12553525 -0.07958534 0.06792728 -0.030812377 0.32435057 0.20808275 0.34749714 0.15799367 -0.2282388 -0.0191356 0.35762972 0.36960596 0.06768044 0.012064542 -0.08251443 -0.18910743 0.19691367 0.020093724 0.065776296 -0.041304946 0.19235209 0.0049893437 0.0725469 0.014490682 0.18876451 -0.19398855 -0.1048594 -0.00802231
MDG 0.14795917 -0.1149989 0.101939104 -0.102856964 0.10977901 -0.19607714 0.13017274 0.18176657 -0.039587684 0.0677945 0.27501348 0.13528286 -0.13634102 -0.06487853 0.17506292 0.13980114 0.28365391 0.10272329 0.0062928023 -0.15664524 -0.031039745 0.3235969 -0.039217055 -0.25558174 -0.026764678 -0.112103924 -0.04882585 0.14547609 -0.025079165 -0.12776323 -0.06096472 -0.11068578 0.055580713 0.2574813 -0.040681478 0.08211709 0.24177815 -0.116742715 0.27294388 -0.047961753 -0.104528986 0.017775668 -0.04037715 -0.093035795 0.25196254 -0.049452256 -0.041489795 0.08542934 -0.016449247 0.2688165 -0.13957661 0.18758155 0.04135541 0.14258666 0.2846976 -0.021698698 0.3207655 0.070386514 -0.09465179 -0.051173076 0.0057455637 -0.084594175 -0.07227002 -0.0058343215 0.20267613 -0.11056049 0.1168714 0.3127371 -0.15408587 0.038611393 0.25832927 -0.014932508 -0.20777488 -0.13779427 0.067439504 -0.073272705 -0.10904924 -0.20294756 0.034227796 0.2783835 0.036859315 -0.10444965 0.05322735 0.34674144 -0.04565776 0.28974047 0.19879766 -0.22396493 0.07118708 0.32450444 0.03324407 -0.26382762 0.046562694 -0.10952144 0.13921376 0.12247016 -0.12978388 -0.22611961 -0.06991437 -0.06414063 -0.15837988 0.031337764 -0.16512862 0.03659711 0.19138978 0.040449075 0.030891601 -0.15946674 -0.11973548 -0.16765243 -0.14475842 0.13118741 0.0028840203 0.10693319 -0.02663248 -0.1390577 -0.041198567 0.06529252 0.1406305 -0.10165232 -0.07583074 0.056956377 -0.09240437 0.09769492 0.11764133 0.07327168 0.121107616 0.23071222
GUY -0.21911386 -0.11881541 -0.025108622 0.05055249 -0.13807885 0.06453645 -0.06945882 -0.045835454 -0.027492145 -0.0031652644 -0.046083152 0.083983935 0.22932118 -0.06194921 0.16115503 0.035100915 0.08059997 0.22439404 -0.0011955199 -0.009209771 -0.29368278 0.25447497 -0.050001424 -0.18983221 0.04327079 -0.045052692 0.12074773 0.059724525 0.045714084 -0.11710663 -0.08650787 -0.028054148 -0.17822951 0.03147891 -0.058700718 0.13674088 0.2953886 0.055751935 0.122066565 -0.1681497 -0.0061307624 -0.052670546 0.16463824 0.030595964 0.28552887 0.18344575 -0.29770848 -0.16393949 0.080711305 0.16055185 0.21226051 0.053990558 0.29092875 -0.04727225 -0.10305272 0.13893577 0.14352016 0.009337235 0.13890702 0.11046737 -0.21542296 -0.08586214 -0.028901 -0.065749526 -0.03714398 0.035018884 -0.08409261 0.05464873 -0.0045020864 -0.12716295 0.1355419 -0.10645854 -0.26414347 -0.15569669 0.056468032 -0.034890767 0.051319294 0.1497543 0.009210934 0.28849593 0.019589432 0.057126783 0.13017057 0.5060829 0.01820311 0.049206786 0.39262888 -0.09505242 0.24813251 -0.0017287423 0.04713572 -0.27684936 0.09830187 0.03828948 0.17151889 0.118912086 -0.09747485 -0.049805004 -0.10235225 -0.121541865 -0.14436354 -0.05618283 0.028501367 0.13115156 0.26045126 0.102448575 0.19130415 -0.018793898 -0.16610207 0.016960043 0.18945332 0.14789873 0.17436987 0.2772582 -0.11895002 -0.09685675 -0.0054197023 0.0941776 0.122906365 -0.028793663 0.08202741 -0.00561536 0.11180033 -0.043821923 0.14378639 -0.12275419 -0.06132228 -0.16070554
DOM -0.14923562 -0.21342109 0.067618266 -0.15419322 -0.07707903 0.018370043 -0.22172952 0.25650212 -0.18096724 0.21748161 0.08257004 -0.04182367 -0.15896831 -0.18004866 0.22348768 0.12966403 0.1280308 0.238967 0.12882179 0.040940773 -0.13133912 0.2038706 -0.042652622 -0.17453822 -0.03966015 -0.11533419 -0.14041352 0.16071215 -0.092830695 0.22532663 -0.043171924 -0.13548808 -0.2127224 0.07065167 -0.12361028 0.049987942 0.3075863 0.035168894 0.28254008 -0.2178905 -0.09385813 -0.08692633 0.031337254 -0.14678602 0.02598239 0.10854268 -0.114023395 -0.07297135 -0.20074177 0.19312914 0.12678584 -0.11308582 0.09764387 0.0882671 0.08126032 -0.11291118 0.10937591 -0.083325855 0.04885891 0.121196836 -0.14620015 -0.063191235 0.0040144864 -0.25368455 0.03908637 0.062503316 -0.054644514 0.022253605 0.020739133 -0.060388792 0.00029326882 0.072537355 -0.088218264 -0.119466394 -0.12981446 -0.19457458 -0.13081433 0.25464654 -0.118145384 0.1915777 -0.18361415 0.17748433 0.008770181 0.25597015 0.032742705 0.1587055 0.24756785 -0.06044437 -0.037775137 0.10855024 -0.014019103 -0.16290274 -0.09863871 -0.046454474 0.15471813 0.013968729 -0.098368436 -0.2336218 -0.102581546 -0.21722448 -0.10545738 0.0021466028 -0.03520567 -0.117646225 0.16013297 -0.0350942 0.046763983 0.03535739 -0.03383278 -0.30099496 0.019815162 -0.0042810356 0.019671984 0.21351205 -0.07267139 -0.017799702 -0.18495218 0.10819402 0.06479198 0.08753929 -0.054664705 -0.06615294 -0.048068512 0.12986933 0.068914734 -0.019806376 -0.14650458 0.23733744
LBN -0.013749887 -0.11047883 0.101566605 -0.024244068 -0.04407077 -0.10279433 0.050677978 0.14887525 -0.19933906 0.09305506 0.1114306 0.0020596634 -0.13635698 -0.08284499 0.08440917 0.119124606 0.109403536 0.18922076 -0.026409665 -0.026584635 -0.08690899 0.25438112 -0.10445263 -0.2149493 -0.013560041 -0.20647667 -0.1543687 0.14189024 -0.046620194 -0.0710668 -0.088340476 -0.06511064 0.008735895 0.15863125 -0.099541925 0.084099166 0.25744838 0.01947084 0.24326225 -0.06842612 -0.033443328 0.019552715 0.05064294 -0.052413836 0.13667417 0.10535073 -0.101462245 0.044921648 -0.028015172 0.21033034 0.09467792 0.078126974 0.1705141 0.025259146 0.17370933 0.04458586 0.24045084 -0.022325218 0.043011617 0.07643563 -0.024935246 -0.07634844 -0.04341324 0.02359372 0.083267905 -0.060059868 -0.00034385547 0.14565638 -0.08178627 -0.06215136 0.12861608 0.031101238 -0.23199694 -0.07341073 0.008666439 -0.17543912 -0.104844436 -0.026576582 -0.035293132 0.30355266 -0.008528305 -0.0615411 0.072385326 0.30371666 -0.00580247 0.20843497 0.17318128 -0.090371855 0.12766737 0.14294621 -0.0057372157 -0.15858462 -0.04479843 0.007340532 0.11839224 0.044032007 -0.16560268 -0.1311347 -0.18801841 -0.056409527 -0.09314667 -0.009711007 -0.075038865 0.027304456 0.10814648 0.019240787 0.08134305 -0.016707638 -0.10905266 -0.0909953 0.055919178 0.008468281 0.09584102 0.10080204 -0.05537506 -0.1285661 -0.06557953 0.096342966 0.038194332 -0.011878532 0.0015977708 0.009080614 0.0032350072 0.06714179 0.025495756 0.007793151 0.07327445 0.10211252
PYF -0.15203524 -0.10169917 0.026718337 0.039407913 -0.06814362 0.009512636 -0.015493635 0.0042723147 -0.07619229 0.022271624 0.036493942 0.08673014 0.16115154 -0.06393252 0.18449263 0.057425823 0.13648179 0.21083471 0.024034211 -0.04251319 -0.2315429 0.303235 -0.04704964 -0.18059637 0.034151558 -0.024460666 0.08466188 0.08338156 0.008119701 -0.1592533 -0.084114216 -0.086980514 -0.08846024 0.07758544 -0.04997509 0.11240846 0.30121326 -0.010911788 0.11676306 -0.13951778 -0.041593052 -0.04963696 0.12015853 0.009242871 0.27748194 0.10558982 -0.24617535 -0.12483161 0.050642915 0.1658191 0.16752338 0.12406744 0.24671172 -0.023711238 -0.038271625 0.11106995 0.19758214 0.008757187 0.08411261 0.06393296 -0.16123295 -0.09965881 -0.0146768 -0.05533442 -0.015815496 0.010192949 -0.007895783 0.08933291 -0.015058388 -0.09318404 0.1991098 -0.055468645 -0.23108654 -0.16257419 0.053787403 -0.010239217 0.031576615 0.08232742 0.043048933 0.26698017 0.014338565 0.021519085 0.11759471 0.45732376 -0.020016896 0.07566642 0.34126177 -0.10946662 0.19895208 0.06657371 0.041062642 -0.23893431 0.08437674 0.023789063 0.16413206 0.15631777 -0.09132759 -0.08685394 -0.08096318 -0.08328279 -0.13320594 -0.07108317 0.023552515 0.09870567 0.27856693 0.10486851 0.1807936 -0.032587066 -0.14734048 0.01385841 0.13849391 0.18617988 0.1298597 0.18962348 -0.05848503 -0.09002088 0.01600222 0.08756318 0.13715391 -0.038942385 0.035045948 0.0029147286 0.046553504 -0.05131425 0.15175673 -0.11913584 -0.07046993 -0.063635185
POL -0.24964596 -0.32116476 0.17603667 -0.15674436 -0.23897406 0.076384276 -0.30174235 0.20768866 -0.021687789 -0.05376084 -0.11717444 -0.04298585 -0.15515779 -0.20878576 0.14909212 0.06477122 -0.02346115 0.37288657 -0.028712286 0.2194822 -0.16657141 0.07739964 -0.040792778 -0.263147 -0.053623278 -0.251397 -0.14363046 0.31017625 0.024207816 0.5402472 -0.011022103 0.1721264 -0.40764365 -0.059408516 -0.11507169 0.105258994 0.30621725 0.19154873 0.2302916 -0.28200865 -0.17874685 -0.06787964 0.15442045 -0.14507422 0.100227505 0.32197157 -0.021054024 -0.24519497 -0.057532556 0.2669044 0.19794855 -0.3522274 0.16027842 0.14562476 -0.09128472 -0.11677824 0.04340943 0.020758722 0.1277152 0.21731652 -0.15599695 -0.12959081 -0.10815526 -0.44756243 0.020171659 0.21131146 -0.32115233 -0.122855574 -0.17099965 -0.05159217 -0.22050638 -0.14670579 -0.19251478 -0.122119814 -0.02020552 -0.33994833 -0.1714147 0.30558035 -0.22449273 0.2492632 -0.077777885 0.06663863 0.08486259 0.3776027 0.27463862 0.17032816 0.29527032 -0.1093972 0.12322121 -0.002944517 -0.12811908 -0.27070186 -0.0047785584 0.030943828 0.08187194 -0.06736367 -0.048527014 -0.10822763 -0.2166644 -0.33483756 -0.23095323 0.12935187 -0.022253152 -0.008765171 -0.083570376 -0.074248284 -0.03169261 0.03316196 0.043441154 -0.41807163 0.08962033 -0.2538094 0.06608886 0.41739607 -0.08025922 -0.03517346 -0.18409562 0.16875648 -0.11072091 0.11975554 -0.0033877685 -0.06853878 0.14446424 0.108054295 -0.074143186 -0.015747413 -0.11394076 -0.08354799
PAN -0.3910644 -0.1751844 -0.006666405 0.32294872 -0.041114736 0.1044589 -0.12942182 0.09530603 -0.32073092 0.21087347 0.05876197 -0.09489968 0.11767064 0.0331195 0.36453354 0.2417469 -0.047183488 0.071626976 0.21422617 0.148414 -0.24100588 0.40042964 -0.07200559 -0.36708394 -0.064654544 0.17116763 -0.0075085526 0.075336464 -0.10049361 -0.22678433 -0.10184101 -0.2628756 0.021990156 0.04935303 0.08143255 0.01050527 0.36440814 -0.00016649536 0.17149964 -0.1843945 -0.26544344 -0.05910031 0.41043764 -0.097810894 0.34763318 0.2232458 -0.49144736 -0.067519836 -0.111316994 0.11823222 0.380617 0.21150285 0.2831321 0.02898798 0.005644076 0.07086924 0.10067699 -0.21666914 0.22606298 0.097465575 -0.2835213 -0.13705872 0.21864343 -0.10435402 -0.15284815 0.09398586 0.01672241 0.16849248 0.1415978 -0.05037136 0.21640833 0.082199566 -0.28314555 -0.12231915 -0.024825467 -0.024264837 -0.033546083 0.17634006 0.12525631 0.21073763 -0.07766637 0.21427226 0.22249077 0.5285912 -0.04835647 -0.2736774 0.49071103 0.096457504 0.14293978 -0.15952069 0.19846812 -0.1455844 -0.10928179 0.0038634741 0.34907132 0.26169395 -0.1781869 -0.06697864 -0.0749082 -0.23497866 -0.13517092 -0.037480127 0.012719275 -0.0657102 0.3556046 0.21071109 0.3706059 0.23729023 -0.22333506 -0.10462682 0.42442298 0.38198957 0.036583666 0.047878154 -0.070233494 -0.21777074 0.23344837 0.030585457 0.062158328 -0.08907827 0.19261806 0.006656215 0.054960504 0.04727162 0.19214553 -0.18175745 -0.1796556 -0.0028861703
GAB -0.24297555 -0.18402475 0.037075218 0.28331736 0.09378051 -0.047491487 0.054509353 -0.007887971 -0.2001737 0.16807248 0.085388474 0.022909492 0.18384092 -0.023152882 0.36569393 0.22929668 0.07418308 0.08779326 0.05604432 0.06635286 -0.19580807 0.42117387 -0.062397618 -0.2962056 -0.0072231367 0.16472876 0.046269476 0.092384346 0.056754854 -0.34649685 -0.121836014 -0.12271829 0.08324457 0.09199052 0.039397594 0.020203276 0.32267576 -0.028034855 0.08468364 -0.05845338 -0.21165745 -0.025800696 0.30928 0.023045644 0.29098138 0.1311605 -0.39130595 -0.076970264 -0.019900924 0.083183445 0.2612664 0.35055104 0.31662735 0.032450497 0.0009139307 0.15352903 0.23002769 -0.09470292 0.13864918 0.07990826 -0.19444786 -0.1442251 0.16172326 0.004773249 -0.0664666 0.00019434775 0.029319387 0.17908211 0.07185589 0.052633632 0.30012515 0.048202064 -0.30442703 -0.13118073 0.0608272 -0.02539127 -0.044494737 0.049878627 0.09083344 0.29330269 -0.005561878 0.05513374 0.16771735 0.49001825 -0.042072028 -0.14598145 0.40534633 0.013381046 0.17474326 0.0696916 0.14446388 -0.1805461 0.039023787 -0.03655538 0.33736804 0.24688233 -0.15322937 -0.112749115 -0.08471097 -0.11644211 -0.13728486 -0.0533146 -0.0011898722 -0.004362588 0.31247902 0.23750246 0.24169901 0.07702626 -0.17508964 0.044452496 0.3408752 0.3469891 0.0977205 0.12843238 -0.00047998564 -0.22564285 0.22054867 -0.007788287 0.19631486 -0.11186745 0.09049247 0.006477165 0.03178756 -0.04330399 0.20623206 -0.21555336 -0.14329249 -0.054158773
CSK -0.13978781 -0.262943 0.19852668 -0.19398811 -0.2255509 -0.01280458 -0.16387182 0.15679765 -0.06587741 -0.08019312 -0.06662627 0.019677369 -0.1628154 -0.2057363 0.10977942 0.031404216 0.07466736 0.3566795 -0.06350807 0.14621273 -0.15862142 0.083456166 -0.058484968 -0.22993113 -0.039137058 -0.2559968 -0.13228773 0.2943061 0.001220001 0.4329462 -0.0032282085 0.14445764 -0.34839016 -0.022856254 -0.13129354 0.11717396 0.25863102 0.15601183 0.21103515 -0.22672163 -0.120684214 -0.041635036 0.07957354 -0.09812381 0.12549189 0.23951341 0.02894284 -0.19787873 0.013374459 0.27460355 0.12920234 -0.28400394 0.14965503 0.083826095 -0.020954002 -0.07987133 0.11727979 0.07502338 0.054133784 0.15960059 -0.107496746 -0.13041301 -0.17024669 -0.331749 0.07224516 0.14920412 -0.2280452 -0.10930127 -0.18557023 -0.075646535 -0.11496488 -0.1571565 -0.16775353 -0.14377803 0.015356816 -0.2595848 -0.13055421 0.175418 -0.16221218 0.25518912 -0.028655173 0.023077453 0.07960876 0.36673233 0.19298092 0.24150817 0.23946023 -0.1499465 0.13991982 0.059632134 -0.13435137 -0.25249785 0.045020565 0.06758522 0.048705805 -0.03643175 -0.054760586 -0.10979178 -0.16819075 -0.25862423 -0.2277838 0.08065809 -0.011115972 0.044429686 -0.051860005 -0.05208727 -0.03521053 -0.053150054 0.035739053 -0.3220539 0.0005805333 -0.1998779 0.080291405 0.35316265 -0.0709305 -0.010819047 -0.17951025 0.16958094 -0.06567938 0.12813422 -0.018348644 -0.045230556 0.10869018 0.07803053 -0.05999548 -0.0037886107 -0.04143983 -0.04867891
VGB -0.2164475 -0.2570537 0.16100213 0.2927696 0.28608987 0.12935479 -0.014346577 -0.041499753 0.18891564 -0.01784375 0.09538252 0.06071677 0.34877664 0.036723334 0.35150358 0.26068962 -0.13791326 0.18511227 -0.22116333 0.007405798 -0.11535841 0.4924459 0.1253901 -0.28440353 0.0017094268 0.15296899 0.15985867 0.071654454 0.3258409 -0.2760529 -0.25582442 0.20367068 0.20748258 0.10191348 0.039560005 -0.034084994 0.4680309 -0.06624122 -0.02075331 0.05591607 -0.30859327 -0.06099192 0.43454096 0.04310692 0.31572312 0.23962462 -0.30216128 -0.29508957 0.052036524 -0.03374042 0.14545037 0.43795 0.41125175 0.24086475 -0.21527275 0.26041391 0.3050959 -0.060315844 0.23952031 0.1609359 -0.050041843 -0.17222778 0.049072668 -0.138316 -0.042812124 -0.06246006 -0.21827331 0.28699166 -0.13876858 0.19486828 0.29703212 -0.05802264 -0.4168489 -0.11912323 0.2642287 -0.116545536 -0.13633305 0.17522192 -0.07088372 0.48974112 0.08561263 -0.26371807 0.12179502 0.53130823 0.20092075 -0.06219132 0.3234396 -0.021793999 0.28320098 0.15906964 0.010307325 -0.26420316 0.2223744 -0.15696883 0.34423184 0.111635186 -0.07770413 -0.11253973 -0.3484521 -0.11176445 -0.2015427 0.0946324 -0.14543617 0.021798398 0.13695447 0.19149968 0.15712027 0.14942737 -0.014372667 0.052664563 0.44021997 0.044739313 0.19590427 0.43713117 0.081821226 -0.31233066 0.19106314 0.13139907 0.18743865 -0.29525998 -0.037164442 -0.01515868 0.028947767 -0.077755414 0.0480387 -0.18328568 -0.2769566 -0.35362417
F97 0.056915764 -0.067397036 0.17247695 0.008043927 -0.010117906 -0.21483849 0.21743493 0.10533205 -0.2602332 0.0059806267 0.19530918 0.017671507 -0.19459489 -0.06288579 0.018990835 0.10479429 0.13778105 0.14396444 -0.06155936 -0.028006006 -0.038897794 0.2612599 -0.1324623 -0.23739114 -0.043541975 -0.25884503 -0.19846025 0.17300951 -0.06271893 -0.21140891 -0.06201755 -0.049797516 0.14360237 0.21563303 -0.06368191 0.109578304 0.23085491 -0.03306995 0.20548135 0.037627775 -0.029240446 0.08084214 0.06941993 -0.033579312 0.19249767 0.05802632 -0.046256743 0.082840234 0.08697039 0.15161414 0.06684624 0.14167985 0.11979878 0.013407793 0.24154848 0.055410113 0.25442636 0.0075044143 -0.007720574 0.032769248 0.08206054 -0.105283335 -0.07166055 0.13476264 0.1468231 -0.10586263 0.042785406 0.16652992 -0.14059374 -0.04669493 0.16755721 -0.010009111 -0.27534392 -0.08477367 0.09723314 -0.17171605 -0.0693433 -0.20906648 0.017080816 0.3647653 0.04080097 -0.18679304 0.13583873 0.33398283 0.009455467 0.2529044 0.104932934 -0.14056803 0.19278088 0.1978025 -0.042371515 -0.18931985 -0.027754424 0.063242346 0.07985898 0.062444314 -0.17879646 -0.071784 -0.19406638 0.032111835 -0.0912545 -0.037130296 -0.102853514 0.083507866 0.00059032755 0.040061623 0.078916766 -0.03913163 -0.09544103 -0.075015344 0.011745842 0.014887533 0.12692082 0.05004396 -0.06408873 -0.19056529 0.040499873 0.1215502 -0.02594333 -0.044443633 -0.015666382 0.051473264 -0.005363477 0.05381871 -0.019671444 0.021094477 0.203988 0.047007427
HND -0.16724809 -0.25604683 0.12062744 -0.18184246 -0.014424898 0.09849481 -0.28612342 0.2216751 -0.0752185 0.1548732 0.07315019 0.011838986 -0.06856953 -0.21919173 0.27011988 0.13248357 0.0727171 0.3204149 0.06476496 0.044491477 -0.12699932 0.20726085 0.046474304 -0.13101408 -0.021130666 -0.047625057 -0.09035534 0.15683919 0.0061307563 0.30781445 -0.051628727 -0.030368391 -0.23027824 0.012711189 -0.118743636 0.008334059 0.36244714 0.029164152 0.19195165 -0.20610537 -0.14741518 -0.13725205 0.077072136 -0.12763493 -0.0032978896 0.11305149 -0.072390005 -0.23310152 -0.18254878 0.12592983 0.12544256 -0.09545163 0.14011846 0.16316718 -0.05776091 -0.09702294 0.13889569 -0.07795347 0.08679695 0.15378961 -0.12171975 -0.09250855 -0.035980925 -0.3677247 0.012221891 0.08095056 -0.13060485 -0.019186335 -0.017570581 -0.031033969 -0.00371699 0.03421707 -0.06192654 -0.14530136 -0.081967354 -0.200651 -0.1428205 0.37552652 -0.1620879 0.22115606 -0.1743185 0.11214277 -0.0013835805 0.28887698 0.10657464 0.16294369 0.24240407 -0.06375034 -0.026554162 0.12199761 -0.07777743 -0.17128685 -0.007823273 -0.066434085 0.16003866 -0.035053827 -0.035527688 -0.2618095 -0.15655072 -0.24571022 -0.15059727 0.022737527 -0.037818823 -0.13041127 0.12830517 -0.023977404 0.015378049 0.06082088 0.054326408 -0.2959838 0.07618878 -0.07941028 0.047976058 0.35397562 -0.016648646 -0.00881732 -0.17844246 0.1671527 0.1099818 0.07074313 -0.12775967 -0.09615964 -0.065734096 0.07693659 0.020220947 -0.08539016 -0.30024362 0.14155537
SUR -0.24841422 -0.24400766 0.17214514 0.34979677 0.2510376 0.11323835 0.025743496 -0.036275744 0.10325408 -0.029056361 0.1193196 0.03222354 0.32145602 0.059864197 0.33077097 0.27215442 -0.15563822 0.16075888 -0.18842356 0.028794104 -0.13418263 0.49760175 0.08737854 -0.330899 -0.006489583 0.136156 0.12334186 0.07168397 0.2647889 -0.33733895 -0.24671327 0.15339878 0.25122675 0.12086016 0.06779047 -0.022918733 0.47334558 -0.07654147 0.00664789 0.055733465 -0.31588814 -0.035006538 0.48798165 0.030265441 0.36891246 0.2547013 -0.34478492 -0.2627309 0.079877526 -0.028703531 0.18788494 0.44645092 0.41026428 0.20778678 -0.16972235 0.25720805 0.28642306 -0.084860794 0.25109583 0.14741702 -0.0489891 -0.19430839 0.0821231 -0.08656998 -0.04121314 -0.054863825 -0.18851307 0.30357763 -0.11804781 0.1635878 0.320898 -0.049093034 -0.4526478 -0.116776265 0.27178565 -0.13051024 -0.117824085 0.10910685 -0.016469033 0.49699035 0.10827419 -0.26714596 0.17276274 0.594531 0.17179091 -0.08382172 0.34707704 -0.015693283 0.32457888 0.10667747 0.04579577 -0.26067474 0.18057446 -0.1037241 0.34256104 0.13177003 -0.13267818 -0.079248264 -0.35883117 -0.12368023 -0.19294459 0.0652434 -0.14507209 0.04158468 0.14228259 0.21577315 0.20717162 0.17230971 -0.038602285 0.03818378 0.47154695 0.09575429 0.2111315 0.38362467 0.047144603 -0.35130197 0.24501646 0.14602615 0.13940962 -0.29803452 0.00906648 0.003654612 0.051559754 -0.05365395 0.037344392 -0.17373714 -0.2049583 -0.36155826
EGY 0.22886668 -0.095699966 0.1974333 -0.1196886 0.105896875 -0.27875847 0.25885275 0.11617603 -0.06800086 -0.028309958 0.33936518 0.183798 -0.11924225 -0.1255635 0.11454191 0.12239388 0.3255584 0.17598447 -0.07352423 -0.21393667 -0.048844147 0.38157964 -0.033759315 -0.29237798 -0.042334367 -0.17105582 -0.05305999 0.22087832 -0.01801041 -0.19519453 -0.085340545 -0.059942823 0.097603135 0.29395586 -0.039361678 0.11061026 0.2807246 -0.13719964 0.2775765 0.017741848 -0.08469467 0.03381085 -0.046088036 -0.062035784 0.36140013 -0.07607622 -0.0075689093 0.0155962985 0.12121026 0.31588843 -0.18505734 0.2564826 0.10263969 0.12648143 0.31159002 0.006069162 0.44588992 0.123025365 -0.13414215 -0.05343883 0.08141644 -0.14635403 -0.17451803 0.061870888 0.23387893 -0.13955517 0.15341541 0.30823448 -0.22597489 0.0026042857 0.3189826 -0.07553938 -0.24433506 -0.18190858 0.13979547 -0.06696605 -0.05972616 -0.28953078 0.072081834 0.38646388 0.15244226 -0.2451898 0.092781626 0.42485496 -0.022224449 0.38182837 0.1789096 -0.31801346 0.15651703 0.37062758 -0.04052484 -0.27184162 0.13750497 -0.062207088 0.09305245 0.12531541 -0.14919186 -0.17843336 -0.09467251 -0.014390878 -0.1622049 -0.0043913955 -0.1797129 0.13508537 0.15702891 0.044053674 0.015578924 -0.24202183 -0.11184242 -0.1049834 -0.17853262 0.10761716 0.07419765 0.09938728 0.0035266127 -0.1527381 -0.0055346834 0.09200782 0.1051151 -0.12852874 -0.10936727 0.083452605 -0.055114057 0.021015355 0.103871085 0.07501979 0.21297187 0.11491985
SWE 0.034207057 -0.19536372 -0.027475579 -0.21649927 -0.119653314 -0.11689814 -0.090190925 0.1886981 -0.014860072 0.19778349 0.006874132 0.010996539 -0.14621964 -0.19782795 0.016948676 0.06644455 0.17449462 0.2611031 -0.08340862 -0.07555006 -0.16808535 0.12972848 -0.13387391 -0.1793978 -0.007095493 -0.38889903 -0.122982815 0.17760287 -0.003914294 0.20503755 -0.08399904 0.041920695 -0.3310351 0.13727704 -0.23607366 0.18634489 0.19472118 0.13570489 0.36642867 -0.19546643 0.153364 0.006456133 -0.1560847 -0.03851847 0.029360611 0.17080449 -0.035493042 0.120166935 -0.1205644 0.33325768 -0.017603017 -0.18382625 0.15817285 0.022518702 0.20716207 0.028628152 0.15929063 0.14496748 0.00815003 0.16071893 -0.1292353 0.04453142 -0.099675156 -0.033134054 0.17947733 -0.061190125 -0.09083706 0.09848643 -0.15899596 -0.033438228 -0.04363712 -0.076288775 -0.18527342 -0.0843554 -0.07427306 -0.28357756 -0.13496155 0.015103627 -0.18865825 0.2869868 -0.05484714 0.033553787 -0.06834674 0.2495617 0.06168172 0.4217391 0.22622983 -0.17871378 0.060720414 0.24771513 -0.041529305 -0.24510236 0.019638583 -0.04911474 0.059602752 -0.023155028 -0.13670176 -0.19777581 -0.16951582 -0.1359501 -0.07906403 0.044022646 -0.07837812 0.059180085 0.08568138 -0.086179756 -0.080730565 -0.18933374 -0.15522514 -0.17902939 -0.121441536 -0.16742855 0.0785061 0.25216872 -0.13765644 -0.028453104 -0.3421499 0.01663081 0.09410744 0.06891893 -0.007815888 -0.045238603 0.058732115 0.12104503 0.10330141 0.116835 0.15328586 0.10756091
OMN 0.21237691 -0.035385232 0.302817 -0.07352262 -0.08668798 -0.26977006 0.2754719 0.19365998 -0.42995766 -0.04688869 0.2334092 0.10736924 -0.35608268 -0.15144108 0.027986005 0.14089538 0.20453346 0.2893791 -0.033472996 -0.07406437 -0.03400362 0.36902836 -0.17689356 -0.2673403 -0.03465713 -0.30668125 -0.23770693 0.2798147 -0.14635012 -0.13014558 -0.08118367 -0.16948295 0.0873795 0.28362647 -0.11348431 0.14046155 0.25510305 0.028271826 0.36065215 0.01298357 -0.05682205 0.057220425 -0.021340534 -0.072703935 0.25704482 0.038218357 0.08164235 0.110708565 0.07177572 0.34928775 0.011725323 0.0969315 0.11086323 -0.063847825 0.3970582 0.0357688 0.44224393 0.023314659 -0.058674432 -0.10655874 0.11896728 -0.16529524 -0.13763614 0.13224067 0.20416333 -0.12505995 0.16832383 0.22617258 -0.16403408 -0.16829462 0.307983 0.034863297 -0.28360063 -0.12883823 0.09456987 -0.076922566 -0.069624916 -0.29724765 0.13961202 0.40568206 0.15947868 -0.24500322 0.1527572 0.40340474 -0.16338642 0.41002807 0.115734994 -0.21627855 0.230249 0.223048 -0.036124125 -0.19177008 0.0036494816 0.074142955 0.07563878 0.13553204 -0.28350487 -0.10515253 -0.20662177 -0.04323396 -0.16767341 -0.0890326 -0.099218845 0.11375843 0.11132815 0.043025166 0.15782113 -0.11578582 -0.12093991 -0.0797618 -0.09692756 0.035092056 0.14862695 -0.026848517 -0.04827082 -0.14857833 -0.014575522 0.18158852 0.0021053709 0.03891209 -0.015142674 0.10541705 -0.026871564 0.15741965 -0.033480763 0.062491767 0.2560463 0.22906634
ARG -0.39827797 -0.2673409 0.118758656 0.19589277 -0.16588189 -0.05801047 0.08417725 0.22022991 -0.186799 -0.17868783 0.21281347 -0.18900868 -0.35508144 0.091658324 -0.13717598 0.21829909 -0.15626487 0.064545944 -0.07022585 0.16028894 0.0015700461 0.17411557 -0.3082255 -0.57279456 -0.11975927 -0.60746175 -0.48530602 0.31712463 -0.10014361 -0.13532603 -0.16576432 0.060010646 0.1798379 0.27836007 0.08592173 0.29487592 0.38604534 -0.017415013 0.52976096 -0.041388873 -0.03383514 0.21665187 0.37489405 -0.23753215 0.49197584 0.48324168 -0.24196583 0.12888515 0.0635382 0.15052179 0.3235404 -0.09744582 0.07082888 0.26269662 0.21958604 -0.19026695 -0.020307925 -0.14349353 0.16448134 0.37424228 0.05924111 -0.022120096 0.13773799 0.090929866 0.15467487 0.014816055 -0.49774936 0.2852474 -0.26701632 -0.0015142229 -0.37908292 -0.1664931 -0.53863525 0.053946387 0.11418084 -0.6604512 -0.20003681 -0.057162486 -0.24384408 0.5594046 -0.16622041 -0.2754075 0.3650139 0.4855871 0.49312335 0.14058927 0.12729271 -0.09042477 0.37385574 -0.16140239 -0.019977575 -0.37830687 -0.22497845 0.06749634 -0.0450514 -0.15686806 -0.2258513 0.1571284 -0.5536121 -0.09186217 -0.04691987 0.14253917 -0.36978564 0.18634047 -0.4669041 -0.22076342 0.004394201 0.34622774 -0.11478051 -0.44356424 0.19571283 -0.39446428 0.22329561 0.32430208 -0.4935104 -0.53468204 0.19539216 0.24836817 -0.4565999 -0.249165 0.08225143 0.081003584 0.1339766 0.29693535 -0.25983635 0.17985763 0.48895785 -0.25208813
SLV -0.26299363 -0.30185345 0.037003838 -0.14492032 -0.028828971 0.09266562 -0.31137297 0.24898478 -0.078667745 0.22991149 0.037025046 -0.029070292 -0.061005805 -0.19864115 0.29384047 0.1651925 0.08786216 0.29347286 0.08812262 0.07271023 -0.14711155 0.20460264 0.0039919084 -0.15918182 -0.008020375 -0.053068314 -0.11091186 0.14372185 0.014773688 0.26097175 -0.07128108 -0.0489547 -0.23144129 0.03864195 -0.12454753 0.041366108 0.3704103 0.0328376 0.23475409 -0.24801199 -0.1348924 -0.11863157 0.082699135 -0.12446308 -0.0047219843 0.17138787 -0.15739276 -0.16897666 -0.25076047 0.1475687 0.18872906 -0.087412514 0.1567041 0.18865956 -0.05673177 -0.11770856 0.09863212 -0.088661954 0.10846064 0.20589562 -0.17798018 -0.065908015 0.056628786 -0.36651623 -0.0143633615 0.097740024 -0.19000912 0.01256746 0.01571624 -0.0071176253 -0.06617963 0.057138886 -0.08080895 -0.1257167 -0.12464036 -0.25194517 -0.1706072 0.40731192 -0.2076696 0.23853903 -0.25915414 0.1938898 0.0023057426 0.28086007 0.13256653 0.112784736 0.2887688 -0.042501822 -0.0442104 0.114422776 -0.032499515 -0.1896866 -0.050214108 -0.108270586 0.19874582 -0.0154060945 -0.04755348 -0.26779902 -0.16243693 -0.26142555 -0.14300916 0.045622982 -0.039070908 -0.1573874 0.1316485 -0.038112674 -0.0010747466 0.13134603 0.015873495 -0.33688337 0.1072046 -0.069341935 0.016569406 0.36264232 -0.07632829 -0.060649768 -0.17098296 0.11658904 0.11680789 0.06181117 -0.10254497 -0.1032805 -0.045424644 0.08648696 0.07801097 -0.08605911 -0.3057569 0.17385529
BRN 0.11085385 -0.056747027 0.23594663 -0.06635311 0.024402495 -0.25028402 0.17653105 0.18218145 -0.43708277 0.21875119 0.173824 -0.035189383 -0.24158631 -0.21552238 0.050907455 0.10210793 0.24142925 0.31392914 -0.07613053 0.0006850973 -0.09201443 0.30917558 -0.16508819 -0.14241509 -0.034359053 -0.36271843 -0.29098815 0.18815723 -0.12776591 -0.18092437 -0.061783295 -0.07625397 0.09930528 0.25328234 -0.22628617 0.09789969 0.38029915 -0.017806733 0.25480884 0.05612006 0.027509736 0.023466013 -0.009628045 0.042606503 -0.022872128 0.025310379 0.016981505 0.101291224 -0.005946407 0.04511104 0.1470572 0.10387245 0.16791315 -0.10669373 0.2580859 0.1185803 0.30480477 -0.005127845 0.0047071395 0.052392725 0.14866193 -0.0947119 -0.119152315 0.17681858 0.20846322 -0.17276922 0.11921174 0.06676033 -0.09246246 -0.10417872 0.21851026 0.070982985 -0.2074224 -0.10301575 0.034808144 -0.22587131 -0.05585735 -0.19676667 -0.03839396 0.42069867 -0.064824186 -0.1737667 0.04834062 0.29371184 -0.06623089 0.46793866 0.08251082 -0.12875605 0.18007286 0.34242377 -0.12543783 -0.15597668 -0.08763137 0.08656024 0.10865039 0.053410467 -0.2080361 -0.17750508 -0.19428171 0.10062329 -0.03690113 -0.11227234 -0.029415686 0.01586008 -0.002199049 0.040618896 0.066489026 -0.0852739 -0.0405956 -0.04362447 0.016531078 -0.026785988 0.17068087 0.088641435 0.002020876 -0.11724643 -0.09584494 0.19718985 0.054887265 0.06841409 -0.089623414 0.013480193 -0.042780083 0.024531422 -0.055551834 -0.03123417 0.1007951 0.1573562
ISR -0.23778827 -0.2811104 0.07995864 -0.1079353 0.007976232 0.121021524 -0.31055868 0.21027157 -0.037802078 0.18044232 0.068933934 0.0043526357 -0.012808568 -0.17350566 0.3231462 0.17289643 0.046008673 0.27054927 0.07714103 0.05566006 -0.13274872 0.23534948 0.047712438 -0.1726094 -0.025333064 0.014231081 -0.049943957 0.13393624 0.029567061 0.26445013 -0.08306027 -0.047370452 -0.20548101 0.026022013 -0.09493406 0.008819367 0.36835265 0.019832944 0.19279967 -0.22502945 -0.19278525 -0.12847683 0.13256057 -0.1363357 0.030776465 0.14321923 -0.15342431 -0.22501618 -0.21134073 0.121137574 0.15434094 -0.043189343 0.16619478 0.19477028 -0.08102808 -0.094193056 0.1318865 -0.10172281 0.11417136 0.17444666 -0.16960281 -0.09641096 0.022171183 -0.39559585 -0.020726029 0.08818002 -0.14762916 0.03138811 0.0040318593 -0.002354606 0.009174888 0.044968545 -0.10258871 -0.15062416 -0.073967926 -0.20198123 -0.1559359 0.407144 -0.17035817 0.22810057 -0.19458477 0.1494895 0.01927447 0.32788494 0.10522481 0.07646489 0.3006506 -0.04398197 -0.016597638 0.095517084 -0.033523522 -0.18037623 -0.0090577 -0.100685686 0.21958578 -0.00973627 -0.041642085 -0.26638407 -0.16741762 -0.27175614 -0.17441827 0.03399421 -0.04805978 -0.13741982 0.17458102 0.003879875 0.044898145 0.11262356 0.031593043 -0.30307496 0.13570927 -0.02204494 0.033235323 0.36861464 -0.028309187 -0.04837305 -0.13559748 0.13122188 0.12504636 0.03252358 -0.101772174 -0.09861419 -0.05144334 0.07787796 0.071132444 -0.112067975 -0.3331402 0.11915054
E29 0.009396302 -0.07850475 0.146306 -0.002235766 -0.09030222 -0.1812242 0.18187892 0.09004713 -0.19294553 -0.06626352 0.15130696 0.036229182 -0.18734887 -0.037429698 -0.016766964 0.08665845 0.1065336 0.12313122 -0.05113581 -0.027811207 -0.06643396 0.19487166 -0.1519743 -0.27896348 -0.03782791 -0.26969096 -0.17778191 0.19886586 -0.08377389 -0.109344184 -0.053814165 -0.03303628 0.05003892 0.18334785 -0.028090553 0.14476763 0.19289373 0.0038893842 0.255427 -0.02565629 -0.02498147 0.08219318 0.068269745 -0.067634754 0.28348714 0.10743357 -0.05347378 0.06280599 0.09721584 0.25143284 0.055757158 0.055824794 0.112567194 0.031919356 0.23419905 -0.00018500737 0.2274499 0.033724226 -0.0065597873 0.053029854 0.01284716 -0.10290408 -0.066015385 0.085701145 0.1367047 -0.05205518 -0.008686472 0.16476384 -0.16195852 -0.07713336 0.100589655 -0.077327505 -0.29804933 -0.081405304 0.088855036 -0.18217057 -0.064602494 -0.19737013 0.013565637 0.32865417 0.07041044 -0.14996041 0.1626854 0.37320656 0.025476875 0.23069794 0.15488951 -0.16285655 0.2111018 0.10416021 -0.007589559 -0.21441774 -0.019803962 0.053847022 0.04964838 0.047296844 -0.17975411 -0.040123146 -0.1842013 -0.032657612 -0.12257952 -0.012160401 -0.12030078 0.122921854 0.017771067 0.015192941 0.084509805 -0.055247374 -0.12801906 -0.1153539 -0.01810564 -0.001455544 0.12527242 0.072629854 -0.11520266 -0.17690247 0.0251224 0.11208747 -0.07535792 -0.04461505 0.0339799 0.07081914 0.03599244 0.09166323 -0.020636199 0.057130285 0.26132828 0.007405666
MCO -0.0005688591 -0.13387965 0.12167565 -0.019854615 0.024889056 -0.106171764 0.07683762 0.13655706 -0.13864069 0.07552927 0.15081912 0.021788696 -0.0992382 -0.07430695 0.10005334 0.123736024 0.11982592 0.16343372 -0.043834012 -0.04806321 -0.0690691 0.2656202 -0.07251281 -0.21170823 -0.026842538 -0.1642013 -0.12307669 0.13680291 -0.012203153 -0.10200232 -0.1035634 -0.029819574 0.056204163 0.17368194 -0.078144565 0.07128867 0.2712588 -0.026645454 0.21034735 -0.03612963 -0.055947617 0.020026783 0.06347661 -0.050820805 0.1472237 0.073672324 -0.07766227 0.015878402 -0.0078074005 0.15856525 0.046694957 0.11982923 0.1459076 0.0682847 0.1569722 0.038117208 0.2292695 -0.01305147 0.031713843 0.06547333 0.006565838 -0.08119302 -0.030466676 0.015627984 0.10537581 -0.07204891 0.0021300307 0.17423083 -0.09545656 -0.014314232 0.13633944 0.015960855 -0.22172615 -0.07900109 0.04076501 -0.15058522 -0.10522374 -0.053991277 -0.029291546 0.30339354 0.0038844403 -0.09988884 0.060610443 0.29360598 0.021651508 0.21278794 0.14434135 -0.11794589 0.12203381 0.18006423 -0.020456428 -0.1589209 -0.009928777 -0.02350675 0.11346215 0.04587044 -0.14103858 -0.12695915 -0.1823822 -0.041138146 -0.09954293 0.011521891 -0.10153882 0.01458392 0.088336654 0.034266256 0.04858244 -0.025384432 -0.06884799 -0.09261454 0.038404323 -0.0030521848 0.08068663 0.12131616 -0.03454984 -0.1427129 -0.039767224 0.09047623 0.05374275 -0.045322508 -0.038942225 0.009803258 -0.02737649 0.05147059 0.025979081 0.018246245 0.07082745 0.073378906
SYR -0.08447618 -0.3531394 -0.09462139 -0.25274208 0.06026601 -0.112631075 -0.24517055 0.36692658 -0.0977776 0.5660692 0.020898398 -0.075802654 -0.13889638 -0.3071342 0.2738762 0.17679618 0.316425 0.34966847 -0.01706969 -0.016114831 -0.1670337 0.29392463 -0.10553488 -0.10386679 0.071273245 -0.33301538 -0.20027734 0.11376705 0.06449102 0.12031322 -0.12972824 -0.019728549 -0.2608179 0.20800658 -0.38445875 0.11692218 0.40351364 0.0389478 0.329861 -0.24314462 0.12804024 -0.09295734 -0.20215254 0.0019836808 -0.2715691 0.17973252 -0.1208138 0.13062505 -0.43496233 0.166846 0.1125701 -0.060267422 0.20138839 0.11602447 0.14427382 0.0321574 0.17705943 0.038225215 0.044561666 0.26968378 -0.14082137 0.07145228 0.059020918 -0.14108506 0.12625614 -0.11146429 -0.1391911 0.10153153 -0.0412244 0.08542637 -0.08990507 0.14470416 -0.06670638 -0.041274223 -0.27425742 -0.39963415 -0.26972157 0.23498484 -0.36464334 0.32312393 -0.41390595 0.21442433 -0.19235243 0.08441218 0.098132975 0.42563426 0.22234797 -0.07999702 -0.11606434 0.44650233 -0.081975915 -0.20736879 -0.10275349 -0.19359401 0.23355709 -0.039796405 -0.09026589 -0.42538694 -0.18466687 -0.07119525 -0.054914333 0.05622415 -0.05046261 -0.2244838 0.10356495 -0.116956204 -0.1817381 0.025625162 -0.07855251 -0.28125885 -0.015005971 -0.16878916 -0.0046809837 0.39498943 -0.07389241 -0.080708355 -0.44539377 0.0044051055 0.32562336 0.10666728 -0.16061556 -0.16108307 -0.08555311 0.05817559 0.18127595 -0.023806056 -0.17834269 0.41753715
BGR -0.10679391 -0.34756848 -0.124131694 -0.21648808 0.046123352 -0.12169192 -0.21115787 0.3028482 -0.056995045 0.513639 -0.031615928 -0.052533362 -0.07289694 -0.29561472 0.24333178 0.1538913 0.3122137 0.35176307 -0.03693217 -0.01011761 -0.2004086 0.28766522 -0.11976009 -0.11720797 0.086856455 -0.33776742 -0.16764718 0.11443374 0.093667224 0.070639625 -0.13972227 0.012274172 -0.25641084 0.20339929 -0.36512047 0.13628753 0.3776045 0.051176175 0.29392278 -0.23447333 0.14787915 -0.079339825 -0.19929701 0.03697272 -0.21984497 0.19880666 -0.14332311 0.12463407 -0.37377378 0.17896914 0.1266929 -0.045276906 0.23211727 0.095912464 0.11294023 0.068478025 0.17017412 0.07475282 0.051064543 0.2775134 -0.16021296 0.087151244 0.05947775 -0.10407135 0.11301785 -0.10419336 -0.15978362 0.106630564 -0.048792668 0.06902559 -0.07948795 0.098295614 -0.102905415 -0.05621555 -0.24813487 -0.38391694 -0.2521006 0.20577522 -0.34813914 0.33570436 -0.3736583 0.1965952 -0.17912914 0.12601143 0.11028087 0.42170638 0.25939894 -0.08884811 -0.06412103 0.42637596 -0.065066114 -0.23633419 -0.06924814 -0.17273876 0.22345023 -0.020030228 -0.09101112 -0.37550244 -0.18064566 -0.047515083 -0.054288547 0.050805017 -0.024013886 -0.16340128 0.10059356 -0.09146618 -0.1722891 -0.0002220713 -0.099802814 -0.22574587 -0.005747849 -0.15420814 0.01675768 0.41871965 -0.09698157 -0.094820544 -0.41027626 -0.013313981 0.3322934 0.1035835 -0.14016408 -0.16272669 -0.046733133 0.020770079 0.20678619 -0.03028281 -0.14757079 0.3410734
GRC -0.11546314 -0.35866657 -0.09712196 -0.20481013 0.049314767 -0.15064426 -0.19611579 0.34073403 -0.12855878 0.5378683 0.0033100941 -0.09047719 -0.13724466 -0.294609 0.23109369 0.17296484 0.29455736 0.3596346 -0.043696534 0.0064507173 -0.16269231 0.29910997 -0.14515206 -0.12178258 0.06136904 -0.39454538 -0.24262528 0.11679935 0.071471624 0.05592949 -0.14482275 -0.0030099656 -0.21471703 0.22618152 -0.38185263 0.14405414 0.3941152 0.05700216 0.328359 -0.21372077 0.16274117 -0.068209395 -0.18304312 0.024344487 -0.25237575 0.2268566 -0.1368531 0.15602782 -0.40387294 0.14865802 0.1506608 -0.05889713 0.22199109 0.097326174 0.15400551 0.05480527 0.16398805 0.041928492 0.064049855 0.28884855 -0.11374268 0.08417198 0.06766934 -0.06496246 0.1339649 -0.12019213 -0.17641231 0.1038928 -0.05807599 0.081653394 -0.11073565 0.12396117 -0.1116508 -0.026379185 -0.24871124 -0.43552196 -0.27847603 0.19943196 -0.3699083 0.347566 -0.40563515 0.18776955 -0.1727767 0.09556609 0.1331734 0.4294902 0.20621349 -0.06517318 -0.07235931 0.41881168 -0.080864884 -0.20883515 -0.10692143 -0.17178923 0.21679574 -0.056765318 -0.113540135 -0.3803713 -0.23482151 -0.03255746 -0.037283756 0.052263863 -0.04338002 -0.20253433 0.041091487 -0.11310726 -0.18718061 0.05162146 -0.09069971 -0.26685476 0.017449135 -0.1886859 0.029214159 0.40723604 -0.11566594 -0.124726 -0.42721286 0.010123253 0.29025218 0.10064601 -0.14083679 -0.15668392 -0.054182068 0.06584113 0.15760468 -0.01287638 -0.113295116 0.37749195
