177 128
USA 0.13409984 -0.20732974 0.04414183 0.13953756 -0.020773206 -0.007465171 -0.2509949 -0.03138804 -0.023374246 -0.09636574 0.14426748 -0.109300405 -0.09691889 -0.17893659 0.08547657 0.0983579 -0.07979324 0.003110209 0.07200185 -0.17327684 -0.04337043 0.10024196 -0.15795077 -0.089028284 0.06731334 0.090562694 0.05977115 -0.043526895 -0.13350864 -0.086432725 -0.07375652 -0.11695437 -0.02295706 -0.019771207 -0.11642194 0.12799819 0.16282855 0.042007446 0.0993471 -0.015922874 -0.13727592 0.09731962 -0.027269969 0.004126238 0.12227763 -0.01599336 -0.049216505 0.09832312 0.03781512 0.2165237 -0.18128887 0.09762763 0.11306148 0.081652805 0.1403763 0.0064614015 0.1380574 0.05048836 -0.17259681 0.07976735 0.024030965 -0.009420532 -0.019189006 0.2227769 0.1924307 -0.015153688 0.16084075 0.31063405 -0.2076207 -0.20109369 -0.08581405 -0.07411758 -0.18867896 -0.008753078 0.006570427 -0.33083698 -0.12144528 -0.08510001 -0.04456953 0.07985338 -0.07592364 -0.17337415 0.089522876 0.2501061 -0.115714125 0.25862238 0.18532321 -0.09474438 -0.008483467 0.023854313 -0.01558599 3.532169e-05 0.05252804 -0.051046893 0.2871881 0.063220486 -0.051239595 -0.13156256 -0.21562095 -0.16244932 -0.06314696 -0.11282428 0.0440653 0.22229055 0.0388688 -0.22634113 0.062868685 -0.03644034 0.12581357 -0.20012878 0.24655846 -0.079144515 -0.10108397 0.02717244 -0.12606457 -0.048304062 0.12517962 -0.22841766 0.066006936 0.034251064 -0.010841924 -0.19479999 -0.039087795 -0.18882862 0.046334203 -0.077014886 0.11981637 0.016484536
ARE -0.05631222 -0.18496329 0.3236447 0.16232947 0.0002188127 -0.21299925 0.08616087 -0.08134213 0.27128085 0.082481764 0.08741071 0.06731309 -0.030399516 0.059329394 0.04304291 0.00766473 -0.06434309 -0.097532205 0.082930036 0.046458036 0.20933405 0.21253362 -0.09064934 -0.21633278 -0.3249635 0.18351299 -0.08781591 0.14456876 0.101510614 -0.23698837 -0.11895667 0.13794596 -0.048560396 -0.091320165 0.08640147 -0.10077989 0.03884137 -0.22660324 0.045276184 -0.024531247 -0.11896957 0.31458828 -0.005519804 -0.107297935 0.18619338 0.13174118 -0.15170556 0.07585856 0.07147201 0.0451878 0.07816395 -0.02351047 -0.07872543 0.10993112 0.082695395 -0.084722 0.029758269 -0.036689132 -0.05377878 0.0013219904 -0.029778928 -0.1431975 -0.04212988 0.16820978 0.21686953 -0.028478125 -0.10280672 0.08672652 0.10712147 -0.06785216 -0.19585769 0.027765937 -0.29771426 -0.032774743 0.04092685 -0.066424675 -0.18148208 0.20008811 -0.14591104 0.33226615 -0.13050522 -0.13027704 -0.024699409 0.15818107 0.28120184 0.03479771 0.13363543 -0.13731289 0.115616925 0.3055192 -0.17008802 -0.07978723 0.19998762 -0.057475142 0.13526346 0.18592864 -0.100264154 -0.11592139 0.00025161475 0.035812855 -0.046880294 0.0513354 0.2266332 -0.1681169 0.0001570917 -0.1659494 -0.06712689 0.13573764 0.17703201 0.015125681 0.07457209 -0.2906474 0.2159815 0.022684375 -0.21485189 0.12749755 0.1556473 0.034986503 -0.020457542 -0.07151053 -0.20572391 -0.07671236 -0.07505571 -0.123375826 -0.061791345 -0.24753733 -0.10344797 -0.13734487
RUS 0.07215977 -0.21466476 0.03538179 -0.10694202 -0.050484687 -0.059955437 -0.19224444 0.016741568 0.080569 0.027621707 -0.17943022 0.049485616 -0.2587303 0.15722907 0.18581444 0.3441321 0.018413898 -0.0015544114 0.08340519 0.10036727 0.23080528 0.26072177 -0.18204637 -0.10439612 0.048191518 0.058218308 -0.1248866 0.004958726 -0.028145904 -0.10195216 -0.04759425 -0.32193935 0.009643841 0.09083642 -0.011965132 0.0982038 0.06337194 0.11309652 0.309354 -0.011906378 -0.22764075 0.18684839 0.10039372 -0.15738633 0.06328473 0.031958807 0.0822966 0.19244742 -0.1547514 -0.028363584 0.14137712 0.07983873 0.06866542 0.07962532 0.0493575 0.0010920686 0.23723085 0.007668 0.055989888 0.063535675 -0.10444847 -0.1579244 0.0031670732 0.28008235 0.08737828 0.029276472 0.076353244 0.07293093 -0.29453835 -0.16361643 -0.050947905 -0.1223936 -0.1645492 0.021408662 -0.13122901 -0.311114 -0.14904548 0.06298075 -0.11414415 0.058198724 -0.06731934 -0.1494371 0.05191184 0.40056688 0.09153688 0.16308862 0.12730904 -0.01965098 0.09961205 -0.010459518 0.054987222 -0.32819852 -0.056092095 -0.16024522 0.3397449 -0.13450338 0.25786987 -0.20921768 -0.31432524 -0.09508038 0.07908642 0.14836949 -0.004217825 0.21724026 0.24848698 -0.19572227 0.14341791 0.03709883 0.01755894 -0.22427845 0.15505753 -0.00962033 -0.27683413 -0.1618923 -0.14498796 0.046018466 0.1593306 -0.22999746 0.19512047 -0.030387461 -0.07572436 -0.12488623 -0.24292533 -0.02017063 0.0012854428 -0.0668203 -0.042686526 0.01605648
ZAF -0.2786448 -0.2123241 0.2553923 0.19812998 -0.14577337 -0.2574035 -0.07149584 -0.055511907 0.21009135 0.1583477 0.06187536 0.03808899 -0.05093268 -0.21833248 -0.008871534 0.06859732 0.01918735 -0.118562795 -0.011248326 0.005398272 0.23684993 0.20512289 -0.23411953 -0.11272768 -0.3978971 0.3557445 -0.09863147 0.044944305 -0.09522516 -0.113948 0.013290069 -0.026734328 0.011175754 0.100321874 -0.029262377 -0.19876617 -0.0078763785 -0.321503 -0.0845509 0.062274586 -0.08597538 0.1289818 -0.0050600376 -0.042082828 -0.05318738 0.012519122 -0.07764098 0.08958363 -0.03010238 -0.18171233 -0.052886415 -0.10419937 0.028460361 0.21411799 0.08246207 -0.055031765 0.07115778 -0.035687674 -0.13057613 0.12354771 -0.025766006 0.074144505 0.21460074 0.31942528 0.15586762 -0.07252091 0.0010353271 0.16340582 0.19666329 -0.11027893 -0.10070034 0.045973416 -0.22024116 -0.07174901 -0.12886266 0.05672949 -0.03449134 0.20631272 0.06797695 0.31328887 -0.08901825 -0.18896013 0.008766396 0.28313664 0.036459 0.08091869 0.04796782 0.068606906 0.0031078947 0.31019932 -0.038750432 0.04912895 0.20571293 0.035162497 0.11948802 0.0364935 -0.29540363 -0.11499782 0.053623516 -0.28609604 -0.2140354 -0.1077234 0.39720213 -0.00883808 -0.15170263 -0.15019983 0.20477726 0.020673215 0.2866491 -0.039175514 -0.09955829 -0.27709746 0.1838602 0.15865107 -0.4781452 0.00363803 0.06917379 -0.07204855 0.13467951 -0.11983262 -0.42991084 -0.27298012 -0.0093984455 -0.12411866 -0.1389079 -0.36553976 0.13305728 -0.11583086
SAU -0.02538049 -0.32307473 0.16137761 0.01872675 -0.0151823815 -0.12815808 -0.08838507 -0.0049825567 0.057048902 0.15924196 0.1336529 0.010694766 0.0012228854 0.022114735 0.12855762 -0.098413624 0.05519851 -0.0926999 0.01725221 0.035317075 0.11330643 0.030346692 -0.1010615 -0.22170544 -0.15322365 0.091590814 -0.022159152 0.015581661 0.1261377 -0.1329966 0.016646013 0.14142561 -0.0890679 -0.0016143894 0.0034456053 0.080408916 0.08569419 -0.20735477 -0.10618268 -0.09685469 -0.18766315 0.30115747 -0.102983326 -0.007999684 0.115277976 0.10010663 -0.17268534 -0.016248323 0.094185516 0.08151985 0.13477777 -0.029310005 -0.048637502 0.18551041 0.090610735 0.114429384 0.00071333523 -0.014006394 -0.016463863 0.12467948 -0.046276942 -0.09746834 -0.016891494 0.18009844 0.1934313 0.08233945 0.036442257 0.024851775 0.073876664 -0.19002393 -0.08041217 -0.13929603 -0.2356982 -0.07095671 0.12188818 -0.00879099 -0.16316667 0.09645387 -0.054291796 0.1772346 -0.1677033 -0.1871048 -0.013448165 0.23025252 0.19273505 0.025289033 0.14596418 -0.25478256 0.051250085 0.18147644 -0.15724145 0.0249391 0.17985576 0.050518434 0.2976225 0.1858167 -0.06626016 -0.14362475 -0.14334439 -0.07289841 -0.0067186193 0.028893799 0.19059496 -0.10331819 0.13482825 -0.1744284 -0.087247126 -0.028227154 0.25991812 -0.031578347 0.1496688 -0.19083188 0.33404708 -0.050737184 -0.22817245 0.17265475 -0.043858264 -0.06601352 0.03707247 -0.08018735 -0.1487079 -0.13940921 -0.050545283 0.029839078 -0.13087754 -0.19478923 -0.026372613 -0.011696137
NGA -0.017383318 -0.41176906 0.10924993 -0.02734575 0.02508129 -0.038122624 -0.14858384 0.031065535 0.027650809 -0.0070475945 -0.038479354 -0.12118125 -0.28421554 -0.083011076 0.1805172 0.047026467 0.052059043 -0.13951607 -0.07824892 -0.13936792 0.1941342 0.04144904 0.12384646 -0.07482747 -0.016363686 0.3016776 0.031952903 -0.11998246 0.039221782 -0.1932068 0.012519093 0.0044311737 0.018783227 0.20237994 -0.132171 -0.14808182 0.09297462 -0.23480274 -0.06979211 -0.074160025 -0.21544252 -0.006765251 0.051273875 0.023845632 -0.13230528 -0.18691018 -0.120926 0.01678346 0.013830803 -0.110340156 -0.10941514 0.0944383 0.18440437 0.13545215 -0.096128576 0.22717406 0.11164453 0.24879135 0.008703874 0.030777972 0.020021996 -0.10861327 0.37593094 0.23450206 0.12486797 0.15216361 -0.004002985 0.04455581 0.206622 -0.24215451 -0.04511946 -0.030410834 -0.10975652 -0.22224663 -0.18084833 -0.2407048 0.08364931 0.17196901 -0.043209612 0.12447076 0.1955088 -0.14896697 -0.067077756 0.3672684 0.011163531 0.21361144 0.12296275 -0.04064173 -0.01663756 0.22927046 -0.10903107 -0.004258828 0.06480508 -0.09176405 0.2629774 -0.037664574 -0.1282487 -0.06688758 -0.09676351 -0.34678787 0.06703005 -0.18913758 0.04006272 0.25807866 0.04607593 -0.085158184 -0.07634108 0.07473498 0.29046807 -0.20153596 0.031450126 -0.13254951 0.008826051 -0.015886907 -0.32905743 0.07768627 0.10562414 -0.1972717 0.17284577 -0.014977442 -0.3735251 -0.26189297 -0.02981895 -0.05639658 -0.13208129 -0.079792224 -0.10292931 -0.19442472
KAZ 0.09494342 -0.086306594 -0.11037267 -0.08149012 0.040700242 0.007168796 -0.18901129 -0.020954803 0.19409394 -0.08000331 -0.010609202 -0.121377006 -0.22894232 -0.02126359 0.11631605 0.29472938 -0.14051002 -0.14456688 0.067951515 0.1259273 0.27801284 0.1729989 -0.15648443 -0.19990653 -0.12168757 0.079273865 -0.08463757 -0.08196157 -0.13649443 -0.15605117 -0.08664035 -0.22829905 0.0031910772 0.0052760066 -0.14031452 0.20766626 0.11529406 0.055186674 0.21626624 -0.063366994 -0.015408095 0.1848439 0.17257814 -0.09413274 -0.06908413 -0.05642097 0.07565579 0.1768891 -0.1385102 -0.05198627 -0.029986206 0.15415779 0.14029695 0.14471684 0.027442873 0.015853947 0.2784576 0.108768485 -0.01287874 0.034560952 -0.17546014 -0.07620832 -0.020681826 0.47010976 0.22149877 0.006907441 0.007890694 0.24416846 -0.25655758 0.036581215 -0.18383229 -0.15361941 -0.1597165 0.07687135 -0.08416025 -0.31144062 -0.07445907 -0.0056491424 -0.12685592 0.21837728 -0.07370237 -0.2982471 -0.029326824 0.24082053 0.057552885 0.1340441 0.092366785 0.034561545 0.05128403 -0.06454502 0.05130862 -0.30391172 -0.047040448 -0.25144666 0.34490192 -0.12213831 0.012647279 -0.12220108 -0.33757576 -0.083173275 0.10767231 0.058721088 -0.19907817 0.016571136 0.20061733 -0.15906988 0.009226549 0.19712348 -0.13399163 -0.17581247 0.19328916 -0.1441487 -0.26058093 -0.13259697 0.031918805 -0.005840146 0.10788303 -0.2309178 0.14695725 -0.08496314 0.028538542 -0.006739128 -0.2306822 -0.04998427 0.015670318 0.0010946778 0.086763814 0.014141734
BRA 0.09412604 -0.38686302 0.10560291 -0.11102551 -0.1362883 -0.1080036 -0.25736412 0.011121329 0.074523 -0.038093768 -0.04258783 0.27742317 -0.043628346 -0.14319494 0.26264173 0.2468293 -0.027252238 0.02158221 -0.12547855 0.013750184 -0.029738713 0.04032646 -0.11673078 -0.0051581366 0.056156885 0.22631292 0.040662523 -0.06926459 0.072454125 -0.07518048 -0.0880985 -0.01823363 -0.015362924 0.06712813 0.027167926 0.028507143 0.020685079 0.0817849 0.0566692 0.107483275 -0.16153534 0.208577 -0.12647451 0.051100384 0.077409975 -0.097837925 0.053220395 0.13336863 -0.052110337 0.16959155 -0.11532093 -0.062433016 0.021061677 0.32382485 -0.09181987 0.13633431 0.12541036 0.18660955 -0.06736316 0.09067213 -0.09129422 0.05552726 0.2157979 0.31678435 0.10986833 0.17397502 0.10062218 0.21298409 -0.11469358 -0.28590813 0.1525629 -0.18863453 -0.05352429 -0.20547752 -0.032556698 -0.06501847 -0.028475033 -0.13040298 -0.049986124 -0.026349619 0.09762495 -0.24514975 -0.035683185 0.42044577 -0.13961571 0.29528543 0.08233267 -0.1082845 0.011796652 0.2529503 -0.01260709 -0.010996602 0.12371852 -0.10530961 0.29769787 0.13733445 0.13436934 -0.0974099 -0.20928048 -0.29971948 -0.18496948 0.07023519 0.24227405 0.2544039 0.12130755 -0.17780411 0.33780548 -0.16940165 0.20229629 -0.3205815 -0.032022167 -0.024471182 -0.04659035 0.0046700467 -0.17144087 -0.02326871 0.055908035 -0.31819966 0.03913172 -0.039201383 -0.20714271 -0.24454945 -0.045633372 -0.080907285 -0.03888522 -0.035924543 0.16449629 -0.104871996
ESP 0.057570092 -0.2844009 -0.031047639 0.06599721 -0.014747357 0.045018878 -0.16365327 0.017014232 0.23158546 0.13071798 0.041612152 0.053216886 -0.34823635 -0.0044702543 0.034655653 -0.0019678245 -0.0042295964 -0.06589894 0.022984315 -0.08177572 0.17911533 -0.124210045 -0.14807516 0.10789199 -0.26435238 0.118768565 -0.053292654 0.20916766 0.22208777 -0.12241041 -0.07170686 -0.07247811 -0.07981892 0.17892502 0.04061828 0.07179249 -0.0710054 -0.16484252 0.088861786 0.15251206 -0.086386375 0.11709395 -0.13414809 -0.31743112 0.22639231 -0.08459404 -0.20332597 0.033098705 -0.32204556 0.024842912 0.017954182 0.0107125165 0.27779722 0.06496924 -0.14941809 0.21741584 0.24994433 0.36165875 -0.05146027 0.16792937 -0.17793106 0.18954472 0.20176746 0.36990649 0.1239112 -0.043310247 0.018387785 0.12809122 0.00097599253 0.0033469077 -0.15484956 0.01346035 -0.06457603 0.020708026 -0.11901199 -0.3178238 0.14062107 0.1471287 -0.2556924 0.09975294 -0.0608968 -0.08098771 0.03842826 0.14613773 0.07825179 0.017066464 0.047040652 -0.20343298 -0.08165943 0.1882148 0.052782487 -0.07579675 0.21522313 -0.14522101 0.098019995 0.0024254639 0.025581336 -0.30223316 -0.022402147 -0.1847038 -0.16281585 -0.19147599 0.064158015 0.15081117 0.14947073 -0.26031688 -0.04173027 0.078221746 0.28186414 -0.36615363 -0.1262413 -0.09197675 -0.026882157 0.02986374 -0.08772538 -0.17371348 0.34353575 0.012081011 -0.078374326 0.00635374 -0.25138703 -0.304342 -0.12220204 -0.15693095 0.08756443 0.004635778 0.15671866 -0.1984978
IRQ 0.051454145 0.011120603 -0.05738377 -0.027867852 0.025979832 0.058972362 0.13326831 0.015301603 0.3001049 -0.041367833 0.1220797 0.001272574 -0.08369212 0.12363968 0.20553888 0.14067653 -0.13877492 -0.18611059 -0.047752924 0.2937983 0.14187147 0.079261996 -0.12568964 -0.17166816 -0.4473798 0.10083523 -0.046216622 0.06288637 0.05691663 -0.17586339 -0.1221115 0.057563715 -0.117445506 -0.23943195 -0.07605711 0.2857547 0.16268449 -0.10634092 0.02769486 -0.121536076 -0.021213593 0.33296543 0.1491747 -0.07200566 -0.10230242 0.18153405 -0.07485999 -0.0782392 0.08141576 -0.09724877 0.22867987 0.004657889 0.012376736 0.20488054 0.09415749 -0.002795048 0.37857077 0.007835575 -0.050751023 -0.1031363 -0.11367316 -0.13505921 -0.058829427 0.17622828 0.27351457 -0.020860994 -0.15534525 0.24603482 -0.07371306 -0.08627036 -0.03993462 -0.020640643 -0.31790462 -0.034482807 0.098158605 -0.07071504 -0.15460932 0.09258449 -0.23446319 0.28530115 -0.08409016 -0.27322185 0.0058687776 0.030741122 0.24030444 0.007377913 -0.0652123 -0.18345812 0.0367842 0.06709466 -0.11412247 -0.2194405 0.04081254 -0.108061954 0.32607746 0.08882357 -0.17323466 -0.1314114 -0.3817669 0.06100151 0.071933985 0.08931539 -0.111219935 -0.09407938 0.15883829 -0.2953068 -0.03156679 0.38809952 -0.014238888 -0.11292931 0.22526614 -0.19353566 0.17195117 0.104717836 -0.015576033 0.16311873 0.026417108 -0.09031344 -0.02167335 -0.0012435466 -0.13224767 -0.11534174 -0.21045369 -0.12580398 -0.053290263 -0.20362538 0.054472785 -0.13357799
GBR -0.12588803 -0.19487102 0.16851085 0.14954913 -0.06966336 0.060561046 -0.123738214 -0.13825713 0.14726368 0.010721879 -0.10375624 -0.12329862 -0.2506301 -0.12782569 0.117513835 0.20257904 0.081704035 -0.10102499 0.06828573 -0.11840039 0.003850674 0.2835953 -0.19522697 -0.061830834 -0.16119918 0.32125035 -0.022667216 -0.015179672 -0.1628246 -0.14735538 -0.16963987 -0.25736505 -0.24397929 -0.05245528 0.018025702 0.012094483 -0.019504007 0.016907068 0.23948832 -0.051521774 -0.18636525 0.10868409 0.21507445 -0.115012355 0.19331287 0.06836986 -0.13019755 0.13797377 0.03005635 0.15364751 0.022650331 0.01869559 0.25289953 0.104731746 0.14559972 0.037034426 0.14714342 0.05218755 -0.2199263 0.12564458 -0.15375856 -0.13782223 0.1962191 0.27836162 -0.07522451 -0.06597024 0.052382447 0.07173198 -0.11476727 -0.12694137 0.039297406 0.14714357 -0.16734405 -0.0151568325 -0.22773995 -0.3991116 -0.08292028 0.24080828 -0.107431315 0.2674694 0.059805013 0.06277395 0.12804966 0.39006665 0.0686981 0.15044175 0.26455536 -0.0386589 0.11178893 0.10102903 -0.0018208622 -0.10126499 -0.054091066 0.118201256 0.18111295 0.016538838 0.017595718 -0.024833966 0.010966776 -0.27892375 0.011393438 -0.21962939 0.09217416 0.4395634 0.05384157 -0.23759475 0.20558226 0.048925783 -0.026375517 -0.3139812 0.07169014 -0.11085532 -0.12535179 0.0019346589 -0.14791198 -0.06493905 0.1384497 -0.08514565 0.16707566 0.029299561 0.014811385 -0.08980206 0.085909486 -0.17192928 0.28436273 -0.063506044 0.116821244 -0.19911864
AUS 0.013897208 -0.21775171 -0.013943753 -0.028623046 0.1295761 0.0006369687 -0.107772574 0.0036289522 0.11527924 0.06654144 0.0011047135 -0.22131334 0.05936887 -0.034974195 0.10962392 0.015886767 -0.14934368 -0.21249768 -0.18701802 -0.051913526 0.10512969 -0.07662812 -0.06933804 -0.2639733 -0.24889705 -0.10440327 -0.23399048 -0.16210748 0.18890662 0.055208024 0.014136012 0.3399339 -0.23328717 -0.10038119 -0.112529226 0.14489466 0.11289707 0.071235865 -0.21367228 -0.09204348 -0.1218325 0.2808801 0.28810313 0.14377348 -0.13128485 -0.019418018 -0.16856542 0.06723595 0.13614313 -0.030226799 0.053309996 0.13962747 0.0119241765 0.02894844 0.025247257 0.04990786 0.13686286 0.08930588 0.15246382 0.02876745 -0.15609781 -0.1902699 -0.077971935 0.11944486 0.19153833 0.06833465 -0.035648275 0.12930213 0.031147411 -0.22103299 -0.032247167 -0.0023199755 -0.42845395 -0.077179536 0.20355774 -0.20402965 0.05163989 0.06682241 -0.050545644 0.25330958 -0.15639314 -0.40743455 -0.13500395 0.3854759 0.20246504 0.35833693 0.32690576 0.08006447 0.13791503 0.083062924 -0.07708999 -0.018199401 0.15355867 0.11669905 0.390331 0.17323431 -0.08792586 -0.25368688 -0.3995339 0.012435686 0.08710973 0.08834875 0.07145437 0.051958933 0.08902274 -0.16140573 0.13411386 0.018233012 0.22267433 0.14161107 0.17913747 -0.16778438 0.2975649 0.15014681 -0.19592562 0.22944137 0.059616383 0.047539797 0.12035793 0.118306056 0.038500182 -0.10994236 -0.002785869 0.019692292 -0.018353112 0.035478674 -0.16853964 -0.102381654
FRA 0.14829755 -0.32157815 -0.18636286 0.09298578 -0.048998337 -0.18089499 -0.25136515 0.0196106 0.14115518 0.01223384 -0.04284936 -0.069451675 -0.33876058 -0.1674203 0.09464877 0.068656944 0.08447093 0.08022542 0.041765586 -0.11749438 0.23290256 0.23994614 -0.011642264 -0.01633362 -0.059451256 0.09360347 0.07091579 -0.07426518 0.21444461 -0.20021053 -0.01184197 -0.08771395 0.026717225 0.21214204 -0.17080747 0.09384719 0.06311247 -0.08442325 0.030797398 0.056639735 -0.024944786 -0.044039104 -0.12312178 -0.10444569 0.0034280056 -0.007290167 -0.22899504 -0.018577404 -0.26716873 0.02652165 -0.12881237 0.023307733 0.15787642 0.15726224 -0.06674748 0.20197053 0.14117566 0.29473528 -0.098364815 0.10145384 -0.02993087 0.3011566 0.22439979 0.3451553 0.10011597 -0.06494999 0.18025759 0.101650536 0.063513696 -0.037088517 -0.15625198 -0.010588061 -0.23696417 -0.09135044 -0.14630124 -0.22244108 0.02768428 0.23864114 -0.12801412 0.11673965 -0.06195874 0.030252682 0.07523857 0.16534178 0.072432436 0.13987167 0.080569014 -0.11836549 -0.14893606 0.3905494 0.052464128 -0.1272995 0.16092731 -0.15448341 0.2921286 -0.0733265 -0.03842504 -0.22810529 -0.08545957 -0.19492161 -0.052798677 -0.1988106 0.039328463 0.117852874 0.099721484 -0.19878414 -0.020360185 0.0035597498 0.2899952 -0.3140727 0.0619943 0.0007969127 0.030337524 0.13233538 -0.39090464 -0.23054165 0.21309264 -0.2533251 0.14662409 0.09453962 -0.34064463 -0.3010133 -0.19165613 -0.19205047 0.041904528 -0.101161934 0.15048459 0.026858365
FJI -0.072582565 -0.19392428 -0.24387796 0.2300206 0.19459955 0.21717873 -0.06610285 -0.0665012 0.019606 0.11375077 0.13876806 -0.3239879 0.13897155 -0.36242512 0.113060996 -0.00032475963 -0.24483588 -0.43314016 -0.174551 -0.28043517 -0.038167905 0.07594182 -0.39363047 -0.36642432 -0.691538 -0.052522164 -0.29098696 0.12721036 0.29108775 0.15045 0.06186401 0.37446535 -0.3948124 -0.18545742 -0.27148163 0.2940372 0.24985492 0.20520735 -0.25041488 -0.02153769 -0.2677388 0.34132722 0.35124075 0.051746294 0.13482887 0.013180692 -0.17199406 0.013066304 0.07712261 -0.061847683 0.019861897 0.17847209 0.139011 -0.051233806 0.23268263 -0.20294763 0.41444132 0.0035970071 0.12172498 -0.074031286 -0.22008802 -0.025482893 -0.18121725 0.1732214 0.22511116 -0.016614746 0.07459046 0.22040088 -0.22617765 -0.37360767 -0.0814815 0.06684149 -0.68216306 0.14826602 0.23687448 -0.18832895 -0.013111542 0.13982226 0.08763416 0.34061703 -0.23544247 -0.54402745 -0.07266478 0.37179685 0.3281811 0.5490383 0.42756084 0.06503804 0.2396601 -0.07353125 0.13026588 -0.09037469 0.46613386 0.21170555 0.3701687 0.26545706 -0.1515949 -0.3191305 -0.46826547 0.02637221 0.022900628 0.020713173 0.12794513 0.32678387 0.11988841 -0.3328233 0.23740835 -0.16637345 0.408324 0.2425469 0.19132306 -0.14381328 0.38381577 0.36680472 -0.09412074 0.08741736 0.26392937 0.17759363 0.10055245 0.20811701 0.10013026 -0.13299416 -0.018505124 -0.024680186 0.10928538 -0.03656638 -0.0009241459 -0.06103259
LBY -0.045609172 -0.090666845 0.07399375 0.045332562 -0.010145529 0.06731671 -0.06285613 -0.08824398 0.22111109 -0.035024043 -0.060385425 -0.13435122 -0.42041674 0.038409524 0.06791372 0.07302242 0.02482111 -0.10817633 0.03782395 -0.023853764 0.23779352 0.14928173 -0.010231098 -0.008182636 -0.23605244 0.19182284 0.011249236 0.12643604 0.044906825 -0.22516114 -0.14334235 -0.25164065 -0.14174853 0.012061375 -0.100219294 0.12342569 0.009803124 -0.08045465 0.14892586 -0.049548794 -0.047782507 0.042464588 0.17612463 -0.20055173 0.06696667 0.15021837 -0.12786385 -0.055318892 -0.16922902 -0.038319975 0.2026743 0.040023882 0.19138695 0.07389259 0.0086052315 0.094741404 0.2434857 0.082708254 -0.16848016 0.07386559 -0.17372404 -0.053915106 0.1743118 0.19697641 0.023859005 -0.09967234 -0.007965193 0.053752404 -0.05653448 -0.039741635 -0.089620374 0.11707663 -0.26843357 -0.020231908 -0.19688669 -0.3687456 0.008118622 0.27697372 -0.27538875 0.21266778 -0.03268495 0.14617977 0.13142988 0.1685664 0.16829503 -0.020080248 0.08798578 -0.17533769 -0.015727557 0.1557962 -0.094872676 -0.16285446 0.04404679 -0.059974287 0.21061416 -0.061058123 0.019766182 -0.21177278 -0.04131881 -0.17017189 0.10504143 -0.18177748 -0.041175548 0.17751087 0.1255552 -0.3261119 0.014622495 0.25729018 0.06241745 -0.3502142 0.07461811 -0.14896968 -0.08966837 0.009506075 -0.10698002 -0.014133714 0.23855816 -0.02430505 0.14975078 0.06725658 -0.102198035 -0.17044389 -0.08037841 -0.18336764 0.1949622 -0.1731251 -0.043685935 -0.21327908
NLD 0.050826922 -0.1648389 -0.123663686 -0.007284341 -0.009000849 -0.10046441 -0.16792502 -0.21485674 0.158682 0.10799739 -0.0862035 -0.255558 -0.27579987 -0.2847978 0.1871701 0.3138994 -0.14685833 -0.0028979762 0.08054354 -0.041052047 0.1598953 0.4646277 -0.046941824 -0.095673166 -0.17189078 0.25781006 0.017634401 -0.03862449 -0.076357365 -0.12198171 -0.09242714 -0.22379066 -0.063357376 -0.030398343 -0.16573277 0.059000693 0.040743668 -0.10041798 0.26566517 -0.016723612 -0.085203074 -0.08297935 0.034107998 -0.082127586 0.04893939 -0.045505263 -0.2586373 0.24344975 0.014410782 0.019425903 -0.13740152 0.16012876 0.098746076 0.13143158 -0.1349605 0.01984221 0.09240667 0.29366738 -0.13658467 0.12016589 -0.14384049 -0.04744647 0.12859495 0.37169728 0.007157032 -0.044027474 0.11476241 0.05480518 -0.03701073 -0.06691684 -0.03446355 0.07868357 -0.10902322 -0.06717976 -0.26316616 -0.44954854 0.0053174994 0.2386141 0.0007645535 0.3512232 0.10300491 -0.116697885 -0.081878945 0.2964982 0.06565464 0.16331525 0.09382063 -0.0142535595 -0.01916115 0.115289345 -0.031864453 -0.17035666 -0.07691383 -0.093982995 0.30876395 -0.073443845 -0.07607822 0.08490665 -0.066579714 -0.25503027 0.0713268 -0.20892067 -0.08807084 0.30366367 -0.076937094 -0.10924179 0.14599474 0.16452678 -0.0022668496 -0.11370429 0.014446274 -0.07159162 -0.19073795 0.09660812 -0.28043863 -0.033948347 0.10887696 -0.25117037 0.13609977 0.07669953 -0.10940769 -0.093096785 -0.04032782 -0.14794128 0.21651761 -0.050430242 0.1784104 -0.21001938
AZE 0.037387993 -0.14939424 0.2253765 -0.008631402 -0.065748386 0.080979034 -0.2531126 -0.004126534 0.100668244 -0.036675587 -0.43932807 -0.11760969 -0.3890871 0.024103776 0.23570384 0.17521384 0.08610634 -0.017034685 0.10243314 0.045906775 0.2305554 0.22764283 -0.1947007 -0.117220126 -0.15134107 0.09547255 -0.093347505 0.045620896 -0.13193585 -0.1677464 -0.005547569 -0.21141124 -0.21138214 -0.16067286 0.02820003 0.16626716 -0.116521135 0.09369161 0.18786608 -0.06695967 -0.29757515 0.2808849 -0.00032963484 -0.1855229 0.008119842 0.08906654 0.1396115 0.005449894 -0.15500015 -0.104107775 0.08715549 -0.014966222 0.031501155 0.14828052 0.18647617 0.2126897 0.20541255 -0.0062739793 -0.23055126 0.14962947 -0.03741546 -0.15715672 0.23461089 0.47832453 0.082959145 0.24134462 0.13851391 -0.043554593 -0.049052246 -0.18772785 -0.09574567 -0.017757703 -0.19234572 0.04332939 -0.017349659 -0.2674034 -0.23228832 0.41024417 -0.043720324 0.09326068 0.008710754 0.1054524 0.12675773 0.21932809 0.07942775 0.08698129 -0.12546325 -0.16884002 0.14329155 -0.028930359 -0.041339222 -0.09826468 -0.17941661 0.03429977 0.27036294 -0.062063087 -0.030104125 -0.16244866 -0.12546532 -0.2423026 0.042056914 0.059609834 0.087005876 0.16332528 0.07051086 -0.22468148 0.011872353 0.05200473 0.18164746 -0.33496383 0.07665515 -0.29782352 -0.14360178 -0.13303214 -0.06933845 0.09406372 0.055519655 -0.22765914 0.27180803 0.023469042 -0.19168131 -0.10357819 -0.17236727 0.119247206 -0.13764797 -0.05190215 -0.07303849 0.01673473
DEU 0.14932492 -0.2796626 0.10693841 0.09110707 -0.08778517 -0.24086265 0.045593332 -0.14172937 0.11537542 0.086728975 0.007743899 -0.14722817 -0.010273469 -0.21713284 0.32942837 0.3347424 -0.18865436 -0.09001516 0.12951626 0.057750124 -0.08741923 0.3812216 -0.270675 -0.049465813 -0.3521377 0.3892518 -0.10061286 0.019923499 0.0062582823 -0.13760553 -0.25573185 0.06828031 -0.15235053 -0.17955473 -0.08109272 -0.09614568 0.17086457 0.072928295 0.3610428 0.12908413 -0.16877635 0.28047594 0.083928086 -0.017873442 0.20860955 0.15249392 -0.26573402 0.32063273 0.31781942 0.27095464 -0.063701354 0.034363233 0.0036934633 0.122108035 -0.033691075 -0.16006239 0.08923546 0.045271076 -0.075392984 0.13560742 -0.06798628 -0.18278667 -0.07503674 0.36581525 -0.007002805 -0.15806289 -0.105660036 0.14417286 -0.13254407 -0.29388908 0.107643895 0.1475816 -0.2059955 -0.1018668 -0.02156839 -0.36126068 -0.24720305 0.05804462 -0.0023991142 0.16049717 0.07400505 -0.19564515 0.040661436 0.1536857 0.066184185 0.17230487 0.16672873 0.1068305 0.09540085 0.22676352 -0.12680048 -0.1409023 -0.074168526 0.14345038 0.12840185 0.1005441 0.062374346 0.03932578 -0.07630954 0.00597088 -0.2011559 0.044667374 0.05297363 0.3252012 -0.07870741 -0.08422196 0.31864086 -0.07701745 -0.08610142 0.0007794007 0.043855947 0.15531449 -0.059997737 0.12269591 -0.17054613 -0.031330373 0.092009865 -0.17013822 -0.012426031 0.032393064 0.014472719 -0.2190293 -0.038316615 -0.09895262 0.2671363 -0.11058335 0.17976539 -0.15232314
CHN -0.12521689 -0.04231029 -0.119105026 0.2008613 -0.06360609 0.111458 -0.098835886 0.16832031 0.06111779 0.14833082 0.07436239 0.09147409 0.11003904 -0.0021603853 0.115162805 0.02744592 -0.030934827 -0.1093711 0.2094828 -0.034142602 -0.19112103 0.2932805 -0.3639558 -0.14623913 -0.20618066 0.09731955 0.2780571 0.15285793 -0.17311516 -0.1975867 0.18384428 -0.09361266 -0.14892276 -0.031780075 -0.12496533 0.40842253 0.24843736 0.057650052 0.09266532 -0.20444469 -0.20020261 0.16594556 -0.0076008122 -0.03204959 0.19475298 0.19707291 0.033953525 0.07787184 0.16014251 0.1061427 0.16957557 -0.074155256 0.074714705 0.2261811 0.3200267 -0.205096 0.18355575 -0.03995439 -0.14022604 0.008775444 -0.08822957 -0.13507932 0.076989084 0.19691533 0.24304838 0.005669397 -0.031109836 0.0700402 -0.1744347 -0.26530445 0.002599648 -0.030651245 -0.21472862 0.00570466 -0.008065903 -0.0595318 -0.32136485 0.124860644 -0.06686399 0.25275457 -0.048493255 -0.24341574 0.015361971 0.2743288 0.068223424 0.22021726 0.1947939 -0.2515899 0.080230914 -0.010868542 0.05963862 -0.060548507 0.21013291 0.101402804 0.26221868 0.18418333 -0.13464421 -0.08165679 -0.18040626 -0.17482322 0.089500554 -0.06312489 0.23440848 0.17063671 -0.012924223 -0.4124925 0.02140722 0.20202617 0.075113565 0.04948849 0.16720313 -0.16277048 0.19818334 0.1484853 -0.22906235 -0.06341613 -0.061423402 -0.065139614 0.019493856 0.045448165 -0.044239968 -0.1491916 -0.031790655 -0.20964138 -0.01477276 -0.36135513 0.13172579 -0.019551992
CAN 0.110199265 -0.47427884 0.27163926 0.019587925 0.052744783 -0.28670475 0.025757557 0.04816744 -0.11070903 0.05231301 0.3785726 -0.18829685 0.19432633 -0.2584184 0.29749128 -0.061779372 0.17202726 -0.21227114 0.022377094 0.07875337 0.14792444 0.011348128 0.108541 -0.036256798 0.081853695 0.18341187 0.19181837 0.10953127 0.22724426 -0.17316535 0.025000066 0.09962431 -0.09691589 0.2420381 -0.38869363 -0.18537161 0.30205294 -0.021833578 -0.11717029 -0.26140478 -0.33268297 0.19781989 0.05398052 0.016478725 0.027367461 0.028549511 -0.17737547 0.08046336 0.035535615 0.17238611 -0.10150224 0.052951343 0.152872 0.07668623 0.04356776 0.23751143 0.074789904 0.07242162 0.09534201 -0.06851118 -0.10131852 -0.04899503 0.13830896 0.1397886 0.30756363 -0.05665203 0.10124285 -0.124859765 0.23935755 -0.12684357 -0.21225259 -0.1128444 -0.26910767 -0.06971695 -0.28690907 -0.27933106 0.027865607 0.034373697 -0.0822119 0.23916468 0.18319932 -0.1649454 -0.27804628 0.3555684 0.18634517 0.27627093 0.16588414 -0.28435346 -0.029057398 0.18902797 -0.31847796 -0.09041506 0.247495 -0.10820984 0.16460973 0.09669107 -0.049985413 0.07361069 -0.037935898 -0.08985497 0.065959744 -0.24729358 0.2094624 0.24540175 0.26668474 -0.19515897 -0.1385581 -0.18160905 0.15199503 -0.17092092 0.25025892 -0.14375307 0.13133997 -0.15299076 -0.045510456 0.11908083 0.046972126 -0.1628272 -0.0117121395 -0.21357156 -0.19982634 -0.30288273 -0.033765886 -0.046657518 -0.1958902 -0.19643033 -0.29542893 -0.17468704
COL -0.018127473 -0.53830427 0.1355822 -0.17166363 0.018019222 0.083733216 -0.25157887 -0.2818045 -0.009031478 -0.082564786 0.16507955 0.18282413 -0.295948 -0.42016545 0.24437152 0.2866314 -0.34870434 0.004607607 -0.10202102 -0.05601209 0.095473826 -0.03701571 -0.22677016 -0.0064316927 -0.11692822 0.3593857 -0.0110636195 0.34053588 0.15548876 0.100259036 -0.10011103 -0.2106891 0.12524685 0.22136846 -0.08807619 -0.11617707 -0.020904465 0.0191645 0.075309515 0.22883612 -0.2699181 -0.02816566 -0.1383739 0.028526844 0.268359 -0.11840809 0.2882318 0.04962076 -0.07867055 0.15518384 -0.06668816 0.06452897 -0.052422993 0.2271353 -0.2951593 -0.03424982 0.2031566 0.06261488 -0.1577362 0.03913867 -0.06544849 0.029091673 0.2375672 0.2676537 0.10235381 0.022239355 0.08322401 0.15345868 -0.12058145 -0.3728283 0.09688495 -0.18758883 -0.016150696 -0.0022879213 -0.20306434 -0.22586988 0.15566662 -0.2604645 -0.101592734 0.1675329 0.046905406 -0.2535002 -0.120732546 0.39276093 -0.12851873 0.35423872 0.120437995 -0.26349756 0.043101918 -0.0266165 -0.08027864 -0.058038097 0.0993114 -0.1294884 0.24466608 0.21920224 0.14581797 -0.057477698 -0.2907049 -0.40957737 -0.084449306 -0.09154699 0.14076082 0.32533774 -0.019951409 -0.21931015 0.45907718 -0.102884434 0.35353386 -0.18384457 -0.18201807 -0.076304786 -0.16314079 0.21442479 -0.10273163 0.103132166 0.20262168 -0.18427494 -0.06307653 0.052235 -0.19656858 -0.18708403 -0.022843014 -0.081796326 0.030601418 -0.14578535 0.050913375 -0.35196397
MYS -0.06379942 -0.16065161 0.19655223 -0.064681895 0.052425906 -0.23620325 -0.09799158 -0.043365076 0.16410238 0.19245397 -0.13111398 -0.09475972 0.0033399472 0.18288241 0.03389811 0.025962228 -0.036383424 -0.08613815 -0.028677294 0.084212705 0.30680314 0.027002389 0.06320703 -0.3089352 -0.17537534 -0.08142867 -0.31940943 -0.045872353 0.109420516 -0.08828739 -0.025823811 0.15260379 -0.08672101 -0.025228696 0.022917626 -0.028156783 0.009734334 -0.09426603 -0.12977631 -0.038142186 -0.13293755 0.2532083 0.1379461 -0.020438425 -0.04794871 0.045443196 -0.13594283 0.14174388 -0.032005697 0.003141728 0.119635694 0.10432673 -0.0919471 0.07094518 -0.118423805 -0.008960253 -0.020133518 -0.017677473 0.13866639 0.15426593 -0.16798757 -0.1697822 -0.10869497 0.23952116 0.1940407 0.10007299 0.002229836 0.063201524 0.03354955 -0.10238312 -0.14705777 -0.07549741 -0.3868576 -0.08932644 0.14666988 -0.21745467 -0.08433247 0.11167336 -0.11625747 0.18633439 -0.23438524 -0.20098893 -0.100768276 0.36503324 0.22936918 0.08651148 0.25932866 0.037790794 0.116120614 0.1515299 -0.08908398 -0.16554444 0.13246234 -0.055524047 0.3140601 0.048021115 0.09108363 -0.3318957 -0.22614554 -0.0057092407 0.06825661 0.15748674 0.16611391 -0.19331685 0.11989511 -0.08049698 0.080129966 0.012201784 0.24025981 0.069625586 0.045430075 -0.23264389 0.14625068 -0.07179105 -0.28115624 0.23438823 0.14186071 0.0026123903 0.14501028 -0.04266253 -0.046814866 -0.083874695 -0.13640916 0.095178016 -0.09126762 -0.06214982 -0.24776912 -0.001296137
NOR 0.055445593 -0.27575952 0.27018595 0.037798278 0.055309564 -0.16132283 -0.029563127 0.020625534 0.12756103 -0.14992873 0.017616423 0.08846804 -0.08534291 0.014771865 0.20709543 0.2509876 0.19098277 -0.16912843 -0.08385101 -0.085885085 0.17218462 0.27774492 -0.06472128 -0.23588282 0.10088802 0.21224383 -0.048727036 -0.21666917 -0.06407795 -0.075462304 -0.195949 -0.19375327 0.07696229 0.08021001 0.025268583 -0.11215418 0.050874773 0.034702253 0.20282069 -0.095320724 -0.16344483 0.23151994 0.14415386 -0.00568544 0.083110884 -0.0821946 0.021711823 0.14871712 -0.1617481 0.13372125 -0.15923856 0.050970986 0.23567848 0.18864061 0.06610809 0.07443155 0.24993806 -0.003251109 0.010993979 0.019021036 -0.06991668 -0.041846663 0.07109346 0.20161083 0.056132365 -0.017385034 0.009741876 0.27666652 -0.20895661 -0.0781532 -0.037168846 -0.07132718 -0.11424479 -0.09518491 -0.22580577 -0.13176759 -0.13557471 -0.062422987 -0.12093604 0.06986062 -0.0077133276 -0.18494385 0.056923132 0.5233239 0.030897314 0.106035694 0.2511804 -0.028405247 0.15744485 0.18209094 -0.09230457 -0.27333263 0.09372307 -0.2322229 0.22064479 -0.008593078 0.23569015 0.010967501 -0.14665629 -0.09717474 -0.10942011 -0.007536707 -0.016102284 0.22905059 0.23637103 -0.13556288 0.09452704 -0.1201481 -0.07040807 -0.31493467 0.20181991 -0.045922987 -0.24644616 -0.23673612 -0.08149048 -0.010610961 0.17243664 -0.27502954 0.18073772 -0.1675569 -0.19451022 -0.10870066 -0.014391547 -0.08051846 0.069050625 -0.03906695 0.098956265 0.03782362
KWT 0.011918633 -0.28414202 0.25906935 0.03953701 0.118367836 -0.057680864 0.013409069 -0.16796258 0.021292744 0.19234644 0.35669366 -0.13363695 0.03619877 0.0049668066 0.26104766 -0.1393052 -0.09827601 -0.05091723 0.05203775 0.09865246 0.15433761 -0.07193129 0.054384828 -0.29467475 -0.37537962 0.07443349 0.014695633 0.2894065 -0.038425595 -0.14417996 -0.13251682 0.09683575 0.03213434 -0.07651617 -0.018940767 0.11662279 0.18749817 -0.38078266 -0.13628688 -0.1289878 -0.17499459 0.24535279 -0.16619886 0.024110172 0.17682248 0.058994293 -0.2575059 0.020375023 0.18452534 0.3021365 0.054204874 0.14550786 -0.071922086 0.16702612 -0.17013764 -0.0023149801 0.05447092 0.048897598 -0.08388594 0.046121977 -0.1014276 -0.15662578 -0.06514469 0.2763979 0.3551983 0.10201849 0.038306184 0.10297374 0.05212655 -0.2221081 -0.17868811 -0.16124138 -0.2741744 -0.18240371 0.19517793 -0.23541932 -0.08177174 -0.10650937 -0.103470504 0.26495385 -0.19427784 -0.14875568 -0.06108238 0.16624732 0.23399547 -0.006679019 0.2609638 -0.4775163 -0.0148699125 0.12894954 -0.29862872 -0.03260774 0.23002833 -0.079630144 0.1709395 0.2094397 -0.12967929 -0.18837455 -0.15186255 -0.04168111 0.05218109 -0.037623025 -0.031158421 -0.19346933 0.055311166 -0.10043856 -0.25497776 0.12057952 0.22849418 0.041884385 0.07387874 -0.33220378 0.23802277 -0.18056013 -0.18004167 0.3754586 0.10305322 -0.034322325 -0.04396814 -0.16153462 -0.10214559 -0.13799177 -0.11176856 -0.017739676 -0.09568948 -0.12173379 -0.08104301 -0.08778791
NAM -0.09503672 -0.26176682 0.31615934 0.23377737 -0.16827136 -0.15970019 -0.15258387 0.029880473 0.38125205 0.17419586 -0.04571928 0.20397724 -0.2515017 0.0393565 -0.03363711 0.10333061 -0.023073295 -0.16953899 -0.05110377 0.049992472 0.38166878 0.051144008 -0.1861892 -0.11906479 -0.47215387 0.22337161 -0.066127814 0.13068157 -0.010155748 -0.2836727 0.101131566 0.06474231 -0.063885726 0.12450061 0.06346788 -0.22436792 -0.06991329 -0.31941974 -0.05364517 0.10468488 -0.19038749 0.4100292 -0.036955282 -0.23624709 -0.0072796424 -0.07153011 -0.09723285 0.15922998 -0.13825454 -0.25657016 -0.08322574 -0.14327934 0.06691762 0.23400244 -0.010114664 0.16069748 0.101573326 0.099439576 -0.037057348 0.16663785 0.06285931 0.10451724 0.20968755 0.45301604 0.19693406 -0.056626294 -0.094626665 0.10139534 0.21235017 0.056720413 -0.11841683 -0.06279349 -0.017513003 0.07454361 -0.056348532 0.0798191 0.052323386 0.16111864 -0.013872771 0.24328366 -0.05562178 -0.2918059 -0.023470454 0.27951685 -0.033458397 0.06194292 -0.005618508 0.06436046 -0.00297968 0.23522413 -0.029646149 -0.016332092 0.30630398 -0.19042188 0.027707284 0.13590635 -0.17072305 -0.1762479 0.12420751 -0.1620634 -0.23718281 0.015750136 0.45028758 -0.07878036 -0.08669884 -0.14998928 0.16326897 0.07670125 0.26061192 -0.09898481 -0.19008408 -0.2072132 0.11160391 0.05906418 -0.23957126 -0.061780833 0.21441777 0.099008776 0.024254894 -0.17966731 -0.3708357 -0.21385863 -0.0025667837 -0.16415125 -0.2076132 -0.19909947 -0.024832273 -0.21248853
ECU 0.08838182 -0.46793383 -0.026444701 -0.20020187 0.049369447 0.021434154 -0.27797127 -0.20995347 0.1643305 -0.041903835 -0.0147369625 0.1366397 -0.42258573 -0.30590305 0.22748166 0.35178718 -0.33245987 0.009531874 -0.08181772 -0.09142557 0.09834033 0.07278604 -0.08487996 0.061415687 -0.07960943 0.30828393 -0.052050233 0.18221349 0.22060427 -0.006746344 -0.0758852 -0.14512917 0.10507739 0.20954669 -0.08184571 -0.07369683 -0.11001125 -0.08963117 0.15173094 0.22326426 -0.23064692 -0.020772979 -0.13803281 -0.078912824 0.21072799 -0.20352247 0.05167457 0.11389299 -0.09496818 0.053557348 -0.12802891 0.11143764 0.012725841 0.26533282 -0.34503964 0.11972128 0.12617052 0.37994868 -0.10094872 0.1726312 -0.071561925 -0.012929147 0.37123933 0.37458315 0.005077216 0.09270268 0.060482576 0.098684475 -0.039593704 -0.19579278 0.12068424 -0.09938923 0.066486016 -0.013176422 -0.20502435 -0.34539706 0.19133301 -0.08795691 -0.17758326 0.15562508 0.11855479 -0.24733739 -0.15246966 0.35678542 -0.049498837 0.31606334 0.04479368 -0.08790244 -0.022666024 0.12685269 -0.042292986 -0.085348465 0.0025172092 -0.15876369 0.3342175 0.1510061 0.13613434 -0.037838552 -0.1741087 -0.37282044 -0.028768321 -0.10467813 0.076910175 0.3383656 -0.07023 -0.19345328 0.37586844 0.09911774 0.32852405 -0.2620352 -0.19231005 0.008719392 -0.20309488 0.26207286 -0.11984396 0.0082230065 0.22797108 -0.16302101 -0.06029352 0.11000507 -0.21162915 -0.17878678 -0.038039163 -0.086861186 0.13268018 -0.06399555 0.12219622 -0.43171757
ITA -0.09988428 -0.062134378 0.07514213 -0.05329303 -0.08376281 0.07154244 -0.07092171 -0.10484016 0.24029389 -0.017223567 0.081056446 -0.021592861 -0.3171833 -0.015623277 0.11557675 0.18819472 0.14246547 -0.28802243 -0.036086448 0.079443455 0.22392304 0.08319002 -0.21568875 0.06255952 -0.31893718 0.14903978 -0.030785352 0.08811349 -0.12156809 -0.18547907 -0.040251955 -0.23119588 -0.24228312 -0.042954057 -0.07402688 0.1414769 -0.08795885 -0.11852881 0.06473164 -0.08628956 -0.07937121 0.20799205 0.14813031 -0.23336264 -0.08216215 -0.06908246 -0.08142707 -0.05186054 -0.24695027 -0.16815719 0.16804738 -0.030194469 0.2122596 0.08976663 0.10978807 0.1357148 0.40125945 0.12028985 -0.10025758 0.0919337 -0.066211425 0.040916655 0.21837538 0.13229263 0.16424951 -0.06141733 -0.09379033 0.045174316 0.040339496 0.03472373 -0.027867291 0.050904717 -0.16583817 -0.005222475 -0.18113256 -0.3364057 0.063417 0.30749246 -0.2894864 0.28898394 -0.056209262 -0.077679925 0.113137916 0.08119767 0.13275243 0.07352946 -0.047325034 -0.09930205 -0.071083896 -0.022577276 -0.11474159 -0.13135079 -0.021157015 -0.095232666 0.11991407 -0.05953101 -0.036021445 -0.15795363 -0.24193501 -0.1474818 0.06652308 -0.21246949 -0.045264125 0.26740977 0.17454304 -0.36648825 -0.018782774 0.26067966 0.044117294 -0.32313487 0.07300781 -0.13190377 0.05152198 0.033428844 0.0601858 0.056430515 0.0971624 0.02046995 0.010667861 -0.0650467 -0.1876764 -0.18652812 -0.16177684 -0.14849353 0.0142838955 -0.050092053 0.11779442 -0.28751254
SGP 0.06952519 -0.28021088 0.3778966 0.04973823 -0.016113823 -0.32637638 0.10626105 0.0122551955 0.07528454 0.20816995 0.015729181 -0.055892263 0.010333 -0.012511352 0.25157702 -0.047769077 -0.053918734 -0.034841772 0.23233292 0.23549987 0.16012286 0.005068785 -0.1542025 0.073085316 -0.38038382 0.26388994 -0.07734222 0.1920321 0.12622738 -0.22583096 -0.23633182 0.23454425 0.07141326 0.015252283 0.0011558605 -0.108898066 0.12397468 -0.2522939 0.07474003 0.095283814 -0.03997286 0.282381 -0.202098 -0.116391756 0.17632975 0.18514743 -0.17686562 0.15804633 0.07112698 0.17468774 0.056351487 -0.07614489 -0.001624572 0.07951942 -0.13437706 0.024685197 -0.0046226145 0.04631247 -0.032381997 0.127663 -0.16805343 -0.1311549 0.15432397 0.49596253 0.21913226 -0.04989103 -0.15255113 0.06604675 0.1834629 -0.20186922 -0.19965355 0.08678032 -0.23560664 -0.14921 -0.0406402 -0.1999329 -0.2369212 0.09646916 -0.13009635 0.0703085 -0.0074767577 -0.075981356 -0.08933194 0.110065304 0.19615558 -0.02384483 0.049914125 -0.22383286 0.124592714 0.43454278 -0.24235421 -0.042611558 0.19480048 0.047062475 0.08864998 0.05729033 -0.16594554 -0.17189224 0.10152416 -0.09952796 -0.2837204 0.09190391 0.15035786 -0.16438322 -0.010313633 -0.008822062 -0.10093416 0.09644926 0.23727816 -0.12278896 -0.050309073 -0.31195682 0.05907585 -0.11849796 -0.33511037 0.049901932 0.22091168 -0.15996648 -0.03651026 -0.062242378 -0.2790421 -0.45293412 -0.25292078 0.042745948 -0.13884531 -0.20966302 -0.030653011 -0.013097937
AGO -0.054703698 -0.45920256 0.2408634 0.18203571 0.031238943 -0.033817023 -0.15830898 0.052903213 0.28712502 -0.01951268 0.08902519 0.09998573 -0.1694882 0.040759318 0.008435536 0.019534605 -0.1014228 -0.11164627 -0.11128949 -0.1500957 0.14718755 0.009182535 0.015559017 -0.16614924 -0.20733008 0.34595826 0.021684991 -0.08976691 -0.042258512 -0.32630247 -0.035719693 0.15763786 0.14116333 0.16437465 0.059291814 -0.23388375 0.08776362 -0.45526293 -0.12955506 0.007673955 -0.25986287 0.27543148 -0.017701259 -0.041297097 -0.0010421964 -0.25869513 -0.07828733 0.11752407 0.1496223 -0.12239836 -0.31008893 0.010799581 0.16126232 0.2569813 -0.14127026 0.15147036 -0.022394743 0.2338121 -0.02881038 0.0075376155 0.15190235 -0.0778764 0.37027293 0.40677005 0.25695184 0.13739048 -0.15093274 0.2522596 0.19752292 -0.09175578 -0.07777669 -0.09541045 0.085676886 -0.07429364 0.006980801 0.021118475 -0.002238783 -0.08040523 -0.006906188 0.13386375 0.11926704 -0.40305808 -0.06719528 0.32084563 -0.042296883 0.18798704 0.20189139 0.03435991 0.009227528 0.30421373 -0.017242434 0.0807156 0.26250345 -0.17897408 0.19287212 0.19059074 -0.24352528 -0.046655104 0.07457257 -0.34064242 -0.0765371 -0.08606058 0.16636263 -0.053769976 -0.15443915 0.030378358 -0.088018246 0.15617922 0.27151963 -0.077531144 -0.04866253 -0.20026691 0.07491883 0.056971613 -0.27622923 -0.047245607 0.17262675 -0.021956343 0.013741503 -0.1696558 -0.34358147 -0.17142907 0.03727105 -0.12304853 -0.17410327 -0.14480512 -0.01119794 -0.19481611
THA 0.169428 -0.389505 0.3495593 0.1180808 0.09815237 -0.22310956 0.01590158 -0.09158563 0.062383145 0.09142718 0.20551567 -0.15607782 -0.09116031 0.14401896 0.06188578 -0.12650365 -0.19514686 -0.1126322 0.23267639 -0.029026212 0.23757866 -0.06446671 -0.20326176 -0.109765835 -0.34924296 0.030556364 -0.25884008 0.11689271 0.2550515 -0.23241621 -0.24712454 0.24698983 0.14082743 0.07488199 0.00088901335 -0.090534605 0.21415351 -0.15282825 0.029351324 0.05194995 -0.11139906 0.35312453 -0.1637304 -0.12434408 0.29916883 0.18516241 -0.25482517 0.061068688 0.09079237 0.27713957 0.045836143 0.07531223 0.036043033 -0.013203464 -0.09365261 0.04765139 5.285465e-05 0.05071361 -0.02201258 0.19367616 -0.10781139 -0.08533494 0.07681663 0.42514905 0.24272515 -0.08702219 -0.15234642 0.14504053 0.046871584 -0.20967864 -0.3133539 0.05918479 -0.36396715 0.022955405 0.038250245 -0.31772372 -0.28375944 -0.12207443 -0.19427234 0.036454108 -0.181066 -0.124850765 0.068513244 0.16183282 0.3026958 0.06365577 0.23762159 -0.08703875 0.07800001 0.37563634 -0.22712405 0.02573852 0.3031399 0.13168205 0.17002144 0.06978494 0.02881008 -0.21329926 0.031210162 0.011759668 -0.23994793 0.17392983 -0.004540218 -0.1955652 -0.015336417 0.058243554 -0.2295144 0.078678906 0.30018374 -0.06696773 0.19310512 -0.10936148 0.059562083 -0.14166722 -0.25267258 -0.091088824 0.3997671 0.056005005 -0.12882401 0.041292585 0.00011827276 -0.31747213 -0.19492047 0.0016891494 -0.052501187 -0.18979476 -0.10796041 0.116060466
JAM 0.03291593 -0.50356 0.060572457 -0.21693414 -0.021536516 0.053831574 -0.27344584 -0.2029688 0.09601681 -0.103437856 0.0109881 0.2721084 -0.36587265 -0.3370194 0.26823652 0.36987874 -0.28702173 -0.0284678 -0.14327016 -0.068261 0.1583477 0.02655405 -0.29199988 0.046551727 -0.11935725 0.27154866 -0.08031468 0.20937738 0.26063818 0.053874906 -0.049813777 -0.1835442 0.07941176 0.24474621 -0.05129529 -0.01585036 -0.12529428 0.08237555 0.09628867 0.29512563 -0.22431986 0.05012959 -0.18621284 -0.040867332 0.23600395 -0.13461547 0.28999507 0.0015063694 -0.24643904 0.06828473 -0.043168474 -0.033434015 -0.04678504 0.2637284 -0.3037563 0.12952493 0.21440494 0.1455148 -0.15989982 0.16754486 -0.06925815 0.16064385 0.31174964 0.2754242 0.032681912 0.085222356 0.055074636 0.1406557 -0.11033267 -0.33734137 0.19594407 -0.17428069 0.01654054 -0.020640345 -0.1873041 -0.16044216 0.17144725 -0.16594936 -0.1416653 0.031877942 0.032283578 -0.22919546 -0.0739666 0.39608154 -0.15365906 0.33955976 -0.02225987 -0.18944399 0.07099757 0.07901022 -0.06681272 -0.07881239 0.08893215 -0.16536441 0.33148044 0.20135696 0.24870728 -0.10824083 -0.32126465 -0.37718073 -0.18807991 -0.020729458 0.1902984 0.33496332 0.0033333928 -0.23653093 0.527623 -0.10667476 0.41647875 -0.312049 -0.19012396 0.024446497 -0.13581143 0.22662657 -0.028129268 -0.012103785 0.21478693 -0.23374222 -0.07470815 0.057975598 -0.30823225 -0.24525876 -0.10127762 -0.041125257 -0.004215667 -0.08540868 0.11951457 -0.29487523
ROU 0.048286993 -0.044326838 -0.02363666 -0.10048594 0.08687642 -0.1294258 -0.14619559 0.030569503 0.20541699 -0.054478988 -0.1614682 -0.09860375 -0.42047238 -0.01958011 0.26044652 0.41043937 0.18840438 -0.2231159 0.017855048 0.0024780452 0.40632325 0.46047127 -0.20999691 -0.44251326 -0.14681123 -0.05955579 -0.19267909 -0.1261857 -0.15721658 0.06509628 0.08537665 -0.36488962 -0.1364505 -0.029406037 -0.13281669 0.17967406 -0.03952502 0.07471919 0.35853118 -0.11892418 -0.18687594 0.3136856 0.13519317 -0.16000073 -0.1316421 -0.07302573 0.032282934 -0.051939666 -0.41423166 -0.29780778 0.06791673 0.23416185 -0.010517206 0.22261494 0.0725282 0.03504766 0.48902693 0.13535313 0.058364306 0.19726324 0.052667893 -0.042045362 0.041208614 0.3072195 0.06543761 -0.020973394 0.12622859 0.132547 -0.1831116 0.0074105873 -0.17950696 -0.13107626 -0.19808377 0.15431586 -0.13556561 -0.29010895 -0.07982013 0.24538076 -0.11733172 0.21219222 -0.22362661 -0.17609946 0.099349506 0.3079568 0.12216514 0.0764073 -0.025566295 0.040422287 -0.038037222 -0.16695544 -0.10027164 -0.46301895 -0.18982565 -0.3875094 0.28218836 -0.20417504 0.27287838 -0.12287194 -0.4647377 0.035382498 0.06669615 0.06457017 -0.16024107 0.21253431 0.2798835 -0.38329026 0.052986734 -0.048009418 0.07654682 -0.22046289 0.24239646 0.058354136 -0.30330768 -0.07490238 -0.09389319 0.18904811 0.22238871 -0.38079494 0.28018478 0.007669357 -0.41423506 -0.05386768 -0.1960135 0.047814123 0.06629627 -0.13119195 0.13707998 0.012584256
IND 0.009272543 -0.18825288 0.24644166 0.040499426 -0.05572074 -0.01794632 -0.0019451943 -0.17533287 0.29630953 -0.01032474 0.054555524 0.018324956 -0.08964868 -0.022245245 0.16299094 -0.0039487565 0.08553349 -0.010498324 -0.08047698 0.25550526 0.23211451 0.113292694 -0.22322172 -0.27530998 -0.4459828 0.15611917 -0.28696904 0.13217854 0.20208052 -0.1756966 -0.066025406 0.18003203 -0.16443494 -0.34411824 0.16301613 0.010740032 0.00865153 -0.26667026 -0.06490746 0.01316132 -0.25818485 0.55059016 -0.021017333 -0.2113712 0.026234811 0.1672222 -0.055000596 -0.10572718 0.08503861 -0.15262295 0.062884286 -0.122085065 -0.17668584 0.24607305 0.24067013 0.1247112 0.19304559 -0.124577224 -0.17862064 -0.02083661 0.094263285 -0.18159537 -0.06839163 0.29071486 0.28093705 0.21679632 0.05127097 0.07933655 0.049530324 -0.21681431 -0.10732102 -0.22033656 -0.2463058 0.09899656 0.35584712 0.13035291 -0.17787594 0.27571866 -0.02332283 0.22934245 -0.06792003 -0.18709736 -0.015049713 -0.070773296 0.299948 -0.045954064 -0.26716366 -0.2564325 0.11147095 0.21126373 -0.21216789 0.06730438 -0.026908716 0.09036923 0.30340797 0.19651636 -0.24610515 -0.025294665 -0.26666486 -0.015172247 -0.03837049 0.10548106 0.14489388 -0.24965326 0.11556997 -0.24975723 -0.028145945 0.05209075 0.34008718 -0.12477477 0.17305633 -0.36133286 0.39618564 0.09941725 -0.095565505 0.34336138 -0.15997207 -0.05878566 -0.034920268 -0.14145029 -0.26235268 -0.01842041 -0.14402615 0.12736854 -0.24649309 -0.1891306 -0.0030191538 -0.06949068
QAT 0.07108555 -0.24787465 0.2977449 0.043371994 0.021130137 -0.24471086 0.030411435 -0.021807967 0.22317594 0.21976782 0.253066 0.018383639 -0.14409102 0.066547096 0.06731406 -0.14135903 -0.052590642 -0.12518917 0.2947044 0.09484818 0.2677637 -0.14042069 -0.30057102 0.030565692 -0.43795055 0.124716006 -0.12950733 0.3123394 0.15975308 -0.14664514 -0.200458 0.11167073 0.084328 0.14215028 0.054471653 0.039239008 0.07066301 -0.30927455 0.13203678 0.09368608 0.09184738 0.33911115 -0.25799054 -0.2828719 0.2580661 0.096004374 -0.299615 0.09038231 -0.1419349 0.14890948 0.17498578 -0.10878831 0.04308074 0.04021349 -0.1442636 -0.0036579939 0.04965692 0.1561945 -0.06969749 0.22572428 -0.2066663 0.0076685385 0.13816671 0.44061577 0.2515381 -0.15443194 -0.14994158 0.121291034 0.11444071 -0.018872326 -0.32432237 0.0075286543 -0.18888617 0.008094738 -0.12756716 -0.289518 -0.112702206 -0.030846812 -0.32022986 0.14288037 -0.22086586 -0.14124794 -0.034024075 0.086494684 0.25143692 -0.12245136 0.08356877 -0.28763792 -0.011848109 0.38995168 -0.22368209 -0.013681382 0.261094 -0.037723303 0.037339207 -0.015430464 -0.06441557 -0.2881437 0.023610301 -0.05050009 -0.23804703 -0.029486561 0.07063998 -0.23251961 0.06753173 -0.1911502 -0.19589086 0.17160785 0.2942486 -0.14505543 -0.055124342 -0.23501033 0.08740809 -0.16069132 -0.26417702 -0.025944486 0.34519565 0.026713204 -0.17715736 -0.063821904 -0.20919411 -0.41918024 -0.25955933 -0.011502883 -0.049337715 -0.23909149 0.10022339 -0.05977702
TUR 0.1410031 -0.031241877 0.099653326 -0.08722293 0.12786543 -0.17803028 -0.032910462 0.04280102 0.1260802 -0.08061725 -0.017462593 0.0108867735 -0.20583096 0.019081578 0.21270373 0.32651332 0.13106026 -0.22507584 0.02474942 -0.07418207 0.28986982 0.38654423 -0.12778838 -0.4160685 -0.023019351 0.012579527 -0.13602029 -0.20630093 -0.24059197 0.04851973 -0.059564985 -0.25789267 0.049018245 0.0005812289 -0.009973653 0.12230077 0.016347928 0.046503093 0.33382064 -0.12249802 -0.14918295 0.30613616 0.07230492 -0.036996026 -0.08915919 -0.1502191 0.000106795516 0.0827812 -0.21653202 -0.0024999324 -0.060496826 0.23177765 -0.029952798 0.23036376 0.01870343 -0.027486073 0.35083425 0.10494806 0.026613377 0.09317897 0.035457227 -0.065733396 -0.038305588 0.34504905 0.13621871 0.026597144 0.08966057 0.27559915 -0.27152807 -0.0085146455 -0.14098272 -0.11641516 -0.15461864 0.007852554 -0.11203202 -0.24575697 -0.13334478 -0.069917604 -0.060163055 0.13351138 -0.19442476 -0.2162307 0.10537747 0.3851615 0.047831215 0.10769752 0.15318654 -0.016918408 -0.029643334 -0.020167837 -0.09343689 -0.40650478 -0.022382999 -0.37445 0.26324108 -0.15975818 0.27008823 -0.12549192 -0.39548746 0.01744301 -0.035394724 0.11184578 -0.23327813 0.18063752 0.2114408 -0.24385992 -0.004003117 -0.07041106 0.009273632 -0.21033247 0.24822807 0.045395285 -0.35580057 -0.23018397 -0.1317537 0.1416708 0.2800486 -0.37847176 0.25079098 -0.07639102 -0.23398824 -0.058906883 -0.13589448 0.013048672 0.050564162 -0.042081837 0.18894157 0.09580712
DNK 0.04918707 -0.2724833 0.14802253 0.05202984 0.0058214413 -0.098443106 -0.033756185 0.00888071 0.024495529 -0.1840307 -0.08078328 0.25113454 -0.01826882 0.14202274 0.19516833 0.21723548 0.099732 -0.09186618 -0.17137791 -0.20068042 0.09339999 0.32326707 -0.17171769 -0.33087805 0.11362683 0.08345812 -0.18932392 -0.18684496 0.09492748 -0.009890875 -0.18147315 -0.13577385 0.08014024 0.02263134 0.21241094 -0.015618898 0.09888499 0.21639782 0.17123884 0.027748462 -0.17168337 0.2694058 0.08476348 0.07486268 0.2280641 -0.023831943 0.10553603 0.12933065 -0.17261137 0.25718153 -0.054577846 0.0073302407 0.2123008 0.18959638 0.059582558 0.0366987 0.29021445 -0.104127064 -0.027712334 0.08169478 -0.18840864 0.013442478 0.027258627 0.08519909 0.032011237 0.1387049 0.0042275647 0.34460202 -0.3408653 -0.31492618 0.06956613 -0.121944 -0.2372709 -0.21489604 -0.076269686 -0.02292573 -0.24342726 -0.1116113 -0.111812145 -0.078795455 -0.04371934 -0.26211 0.14038002 0.69363993 0.028754279 0.2276748 0.31689337 -0.03652854 0.25935662 0.2593621 0.00055376894 -0.21655886 0.25418678 -0.12994334 0.40792075 0.10679162 0.40540293 -0.11097969 -0.2571817 -0.04333487 -0.26510453 0.16531327 0.016169164 0.26957193 0.24091531 -0.12042037 0.25719923 -0.21302125 0.0059340885 -0.24389327 0.22858728 -0.0136987185 -0.1540975 -0.18155575 -0.105972804 -0.078662574 0.21177468 -0.22349608 0.05846416 -0.068675585 -0.15294373 -0.065465376 -0.04927264 -0.026978992 0.09091238 0.00013681251 0.112027064 0.1830011
TUN 0.06805758 -0.06602589 -0.020372273 0.047672648 0.00963465 -0.120195284 -0.15532786 -0.12851928 0.15250869 -0.091537274 -0.17550941 -0.1759083 -0.47879472 -0.13193369 0.21910834 0.29490197 0.178938 -0.090783305 0.048197463 -0.07732758 0.30531982 0.5299452 -0.13310693 -0.23587422 -0.15018082 0.030229226 -0.027545491 -0.10783311 -0.090936236 -0.06957801 0.009466603 -0.3205873 -0.17077985 -0.043096166 -0.12527885 0.21062863 -0.081792735 0.10255661 0.26799154 -0.07871468 -0.12635411 0.14794348 0.06601297 -0.15591538 -0.023779105 0.066185296 -0.1378003 -0.0632501 -0.35896432 -0.09732901 -0.015156481 0.13537885 0.065116376 0.15023164 0.1273541 0.15714447 0.3351011 0.1360821 -0.17767566 0.1590233 0.028432515 0.07907198 0.15183565 0.2575674 -0.022507567 -0.04548113 0.22477928 0.013890606 -0.10480509 0.016199933 -0.09210905 0.0015260149 -0.2931642 0.037894886 -0.19383971 -0.34770623 -0.1361815 0.4377609 -0.10414167 0.19538204 -0.13884489 0.14781359 0.21303436 0.26612082 0.13120954 0.09256419 -0.018830733 -0.066964656 -0.043128274 0.108990535 -0.08004437 -0.2814148 -0.17449293 -0.15243039 0.28790006 -0.17226495 0.07377205 -0.12344882 -0.17888723 -0.06903935 0.044919726 -0.09629701 -0.11491825 0.285522 0.14616974 -0.340167 0.058567192 -0.023364788 0.057675578 -0.3800321 0.25577214 0.012724507 -0.17011842 -0.05104965 -0.13968018 -0.03175387 0.15910485 -0.30751967 0.28212783 0.09135521 -0.2794053 -0.082586884 -0.13701257 -0.04969661 0.12311916 -0.066464156 0.11664046 0.07308657
BEL -0.0046649836 -0.3211123 -0.29009438 0.01686773 -0.009085142 -0.2757046 -0.17882511 -0.067096174 0.01360766 0.17268014 -0.12420097 -0.32737413 -0.31101668 -0.36763856 0.17925644 0.18925984 -0.027109085 0.00018861215 0.11647029 -0.20131998 0.27744865 0.4978483 -0.06736297 -0.10304983 -0.10958096 0.24014047 0.024499336 -0.05344029 0.14090897 -0.08092749 0.07513099 -0.18105374 0.041426834 0.21759173 -0.33106655 0.006398474 0.068171896 -0.18032375 0.09924433 -0.02647455 -0.08575673 -0.24010506 -0.041472513 -0.046697732 -0.004558104 -0.12882558 -0.3689266 0.18490514 -0.097056 -0.09185797 -0.17185476 0.21226718 0.20202681 0.10068359 -0.124471575 0.096502766 0.06736271 0.43913755 0.020295804 0.15329506 -0.15342951 0.13063174 0.2239796 0.3909652 0.034119237 -0.019421214 0.19210294 -0.01364913 0.1251787 -0.11114305 -0.18522328 0.07806544 -0.22067162 -0.11613945 -0.27016127 -0.33445662 0.13345177 0.37139863 0.090361 0.33111557 0.05384062 -0.10429927 -0.11118541 0.23655422 0.13324745 0.13280998 0.12291068 0.043791518 -0.089491785 0.21348943 0.023853917 -0.0897555 0.084381565 -0.07533103 0.3313862 -0.1227742 -0.10186392 0.025109174 -0.019270029 -0.29911914 0.009007243 -0.25001013 -0.018748466 0.25186902 -0.042490777 -0.022076689 0.026595656 0.056715384 0.23205556 -0.010450099 0.00023190578 0.013103152 -0.0956546 0.16131103 -0.49285397 -0.12743445 0.14776897 -0.27299398 0.23729083 0.11335911 -0.33203733 -0.19550702 -0.107890055 -0.14261366 0.13684337 -0.11437966 0.21214871 -0.07382392
IRL 0.02931653 -0.53137666 0.29535186 0.08238397 0.037334617 -0.08234066 -0.13860013 -0.01017365 -0.026517492 -0.13853742 0.22900482 -0.12104162 -0.08247466 -0.13141571 0.15334415 0.043113776 0.12107178 -0.1791851 -0.09670213 -0.19335748 0.10178065 0.041179422 0.097937174 -0.18267155 0.13032018 0.31040424 0.08656303 -0.1971392 -0.03255658 -0.24448189 -0.09112963 -0.0060039237 -0.026344392 0.21563847 -0.19023457 -0.253194 0.20113625 -0.11902001 -0.081639916 -0.19572721 -0.32270497 0.1651074 0.15743369 0.10947448 -0.025884934 -0.16754098 -0.09924405 0.07268941 0.14882131 0.15284956 -0.23288639 0.059872992 0.22498861 0.118062675 0.04763146 0.24757859 0.04775988 0.054892335 -0.026231488 -0.046223793 0.06458879 -0.09926017 0.23035412 0.15968366 0.18999289 0.0638804 -0.0011731023 0.1723514 0.11224945 -0.24418971 -0.059484806 -0.0529695 -0.15928 -0.14783236 -0.17138042 -0.23902528 -0.0056506456 -0.070097975 0.0182704 0.122343466 0.1964065 -0.18425559 -0.027571678 0.41640553 -0.0043327184 0.282869 0.33683896 -0.04400669 0.02801324 0.20551693 -0.17954834 0.0040422245 0.15032934 -0.09371736 0.2669167 0.07378073 -0.028672768 0.057438556 -0.031893227 -0.2791968 0.04115138 -0.2097078 0.07330903 0.2727561 0.0730014 -0.051962856 -0.07383756 -0.11040136 0.09183599 -0.19470038 0.25773942 -0.06923972 0.0050061806 -0.13292766 -0.13421121 0.021377783 0.07357751 -0.12400003 0.10918444 -0.19898194 -0.13223858 -0.16078246 0.11281581 -0.12822574 -0.10307696 -0.07213123 -0.18673813 -0.13178945
ISR 0.21083264 -0.20861502 0.23570663 0.030783573 0.019653661 0.06734 -0.27403897 -0.31713274 0.12971574 -0.261658 -0.112527 -0.16653469 -0.3340774 -0.22138393 0.32211003 0.30123982 -0.08132421 0.09099276 0.11702755 0.12231461 0.17248327 0.3687826 -0.3156113 -0.2613969 -0.17719686 0.13208699 -0.20410746 0.014312161 -0.13656113 -0.1567298 -0.20638263 -0.19151019 -0.039940935 -0.3849405 0.06468347 0.18120943 0.013986509 0.05274689 0.267669 0.037382748 -0.24971959 0.3576076 -0.05614208 -0.16752748 0.110880904 0.05929673 0.15183523 -0.022677738 -0.011813384 0.01776 -0.16161767 0.0397594 -0.07163619 0.13522275 0.18966438 0.16640605 0.2440977 -0.09085309 -0.36151072 0.045040887 0.14927769 -0.15238777 0.057889134 0.4844508 0.1870211 0.26601255 0.2504053 0.16301313 -0.17764032 -0.21910064 -0.112052836 -0.22300114 -0.13516663 0.12334882 0.16919506 -0.20310797 -0.3450782 0.23906936 0.022136545 0.10935206 -0.035778206 -0.063953474 0.117230386 0.057250913 0.08293333 0.12624265 -0.20489964 -0.18776074 0.18814696 0.039770678 -0.1828421 -0.037748143 -0.28696603 -0.0058512483 0.38489708 0.027863638 -0.15875274 0.064737014 -0.25933036 -0.14101249 0.03421365 0.1044208 -0.17671753 -0.0213323 0.034379575 -0.12748545 0.009401159 0.030023772 0.1349818 -0.2696999 0.32793695 -0.30610752 -0.12798797 -0.11042163 0.0648853 0.1429357 -0.11441457 -0.3337827 0.09164592 -0.0031970781 -0.077852674 0.07516783 -0.23935874 0.14918631 -0.14854218 0.014727343 0.054670777 0.14845377
PNG 0.0066535086 -0.31008276 0.101623066 -0.07888327 0.1944189 -0.2315566 -0.04313773 0.04006549 0.10069513 0.24097446 0.027075754 -0.24470097 0.19122641 -0.06905935 0.14491332 -0.0687546 -0.05600256 -0.1648943 -0.18892464 0.04208178 0.24775818 -0.12351899 0.14264928 -0.32105142 -0.21174142 -0.21236818 -0.2891469 -0.034403928 0.30798894 0.13697532 0.059453584 0.3906609 -0.27089864 0.03784114 -0.20535158 -0.018181443 0.16480985 0.019385537 -0.21298991 -0.17596874 -0.18782012 0.34958953 0.25292522 0.122459166 -0.16281664 0.050138492 -0.2776649 0.1884086 0.02230427 0.018636564 0.10378709 0.14779404 -0.07488887 0.040558577 -0.10150308 -0.0030557446 0.042120885 0.08233333 0.32920757 0.029714797 -0.29896292 -0.22757469 -0.14065182 0.1901694 0.23053199 0.11923568 0.05002764 0.030543886 0.08866404 -0.19692661 -0.18581256 -0.0685025 -0.5321699 -0.113567576 0.113774896 -0.2596971 0.098581545 0.02908717 -0.09348962 0.3078922 -0.13242458 -0.36215836 -0.32384664 0.56776595 0.30735177 0.3429367 0.4211903 0.0144422045 0.10075758 0.17342913 -0.14421453 -0.16382949 0.30278745 -0.004234252 0.3355597 0.0683093 0.055159036 -0.28683904 -0.3390558 0.07048283 0.1712506 0.08733988 0.18008049 0.019753639 0.22834837 -0.16999933 0.12695229 -0.09864452 0.29957208 0.17174406 0.12761858 -0.2241343 0.27670884 0.025200283 -0.25009695 0.35141355 0.143695 0.020255044 0.17013347 -0.012617562 -0.011935318 -0.12326596 0.031002125 0.16467527 -0.05809183 0.008921078 -0.35976917 -0.13651809
SWE -0.0935911 -0.18263562 0.41587517 0.12729621 -0.14159848 -0.18698496 -0.05326937 -0.041512597 0.18780103 0.021210333 -0.13582297 -0.011771912 -0.07298168 0.09118085 0.07163905 0.26577905 0.12698752 -0.16843495 0.104627624 0.0053010974 0.16751638 0.33316365 -0.21028069 -0.27451417 -0.09851663 0.3225516 -0.1631058 -0.17869192 -0.25953802 -0.29203066 -0.26500958 -0.2239911 -0.08718771 -0.021093657 0.11003304 -0.17811337 0.01448422 0.007473275 0.24695736 -0.08635756 -0.15290917 0.3392352 0.23102221 -0.1049892 0.12992182 0.020515723 -0.10467963 0.3189632 0.06490921 0.23251897 -0.00438378 -0.0627839 0.16105619 0.109015375 0.16387257 0.03403488 0.096140444 -0.18060178 -0.10952955 0.16351348 -0.19271867 -0.15774451 0.042418595 0.3486293 -0.040283456 -0.05847582 -0.037480094 0.22781977 -0.17775722 -0.070662685 -0.06912166 0.09607921 -0.2214398 -0.070751406 -0.19825017 -0.28603113 -0.22141114 0.091493204 -0.04992397 0.15250576 -0.011046889 -0.038386304 0.15178874 0.48364732 0.06244681 0.07819923 0.31423116 0.1234917 0.21549968 0.23979469 -0.00919153 -0.1909015 0.032021973 -0.0053952215 0.10632709 -0.07189183 0.14668438 -0.043509196 0.0688267 -0.14776114 -0.09833484 0.017043503 0.1266423 0.20452608 0.10689847 -0.047883525 0.1636368 -0.034151874 -0.20543937 -0.26584828 0.14741656 -0.120516784 -0.2126629 -0.24693218 -0.22338688 -0.09638071 0.14830042 -0.1630748 0.24038604 -0.15832216 0.0049770745 -0.09073705 0.026598996 -0.13390389 0.18301351 -0.031325575 0.03285534 -0.010027092
CZE 0.07544462 -0.080751136 0.1137236 0.02335695 0.081921384 0.12348348 -0.28094685 0.11368235 0.072513476 0.11128576 -0.4185917 -0.059757967 -0.28499144 0.055059183 0.23662278 0.19620094 0.028873663 -0.15239699 0.07568297 0.02593334 0.20633434 0.21184799 -0.21940063 -0.13831867 -0.08599663 -0.050517023 -0.04573405 -0.017598137 -0.21153235 -0.12508056 0.07557297 -0.18825495 -0.11370263 -0.095912986 -0.0030544964 0.3392523 -0.108401485 0.07251823 0.21596144 -0.05161017 -0.2624575 0.33398426 -0.02825106 -0.20891018 0.061969534 -0.058575083 0.15950787 0.15515102 -0.29241288 -0.1431498 0.083395444 0.04636358 0.10156743 0.09626869 0.11518826 0.19578126 0.25078163 0.07324936 -0.033589836 0.1439468 -0.12552994 -0.1431211 0.12011878 0.55776346 0.17189522 0.25858456 0.13198067 0.0033439419 -0.19894107 -0.06401243 -0.18365355 -0.10715994 -0.0926396 0.11645897 -0.029367274 -0.2770951 -0.23202883 0.3288088 -0.09729181 0.12565532 -0.14563729 -0.119723625 0.02010437 0.32566753 0.040016606 0.16490048 -0.02914562 -0.11170741 0.20088078 -0.119530916 0.05886516 -0.1951466 -0.067109615 -0.114786156 0.26276493 0.01063564 0.03650362 -0.22842927 -0.11674288 -0.1284556 0.103158884 0.110760614 0.007628141 0.11400279 0.13181335 -0.25432158 -0.01776296 0.082924865 0.10475519 -0.27533698 -0.0068218713 -0.30936557 -0.18696095 -0.25560156 0.12550333 0.033365425 0.12245865 -0.1476286 0.22804835 -0.032034423 -0.10621874 -0.03896481 -0.23156753 0.18410067 -0.11459563 0.07223514 0.036353704 0.08410159
BIH -0.009669293 -0.05708056 -0.06751826 -0.17650948 -0.057809383 -0.070624694 -0.06452705 0.0426842 0.28266904 0.08455945 -0.050828215 0.10322293 -0.27772176 0.18912438 0.104934156 0.32275218 0.14165142 -0.25372282 -0.004287265 0.07082832 0.34066433 0.15045632 -0.19623247 -0.30089265 -0.21452303 -0.057402078 -0.28001836 0.07402789 0.015300658 0.06093632 0.09682085 -0.28908202 -0.15880048 0.068045825 0.018210223 0.067231 -0.07079807 -0.00019055023 0.21095848 -0.099091776 -0.20152365 0.26782566 0.11205826 -0.26829743 -0.044974156 -0.12416848 -0.043281678 -0.056886677 -0.3249806 -0.25895476 0.27104887 0.090884775 -0.04967881 0.17430273 -0.02300081 0.023920575 0.49828106 0.13195741 0.14512886 0.16238853 -0.040763546 0.014148731 -0.0399398 0.10253599 0.08717204 -0.0405609 -0.013516026 0.1118208 -0.11532027 -0.029837346 -0.09739176 -0.0846854 -0.20379415 0.098979354 -0.07980331 -0.28627 0.09858491 0.15276429 -0.19738375 0.16707599 -0.23524256 -0.20551288 0.11277108 0.23904422 0.15711764 0.03087886 -0.045582082 -0.015070593 -0.12197075 -0.1840436 0.010760606 -0.41845423 -0.014701377 -0.33810124 0.2022581 -0.1642696 0.35426 -0.26578975 -0.50125253 0.016527448 0.050299264 0.047931466 -0.018155728 0.19219217 0.3386707 -0.39852768 0.0116790235 0.09904187 0.17080903 -0.2189302 0.12723964 0.08580604 -0.1453559 0.011565844 -0.087908484 0.17271912 0.27357307 -0.15006167 0.05810872 -0.05259409 -0.34511742 -0.12136803 -0.26586682 -0.034691706 0.01845073 -0.065635085 0.09913128 -0.17926183
BRN 0.019961752 -0.20012511 0.092427686 -0.054928668 0.066609666 -0.14333366 -0.08810947 0.03495605 0.040796977 0.13943402 -0.11919138 -0.103539124 0.027509302 0.14008287 0.06588836 0.0444796 -0.082162276 -0.09450787 -0.049201228 0.040085923 0.19657822 0.012892503 0.0004837622 -0.28977615 -0.085753895 -0.09500577 -0.24618353 -0.06191195 0.09103451 -0.030757535 0.013711924 0.13339677 -0.06744773 -0.036573377 -0.01880762 0.03202444 0.09506906 -0.024589732 -0.100411214 -0.03971048 -0.18522647 0.24161847 0.11160954 0.044351764 -0.020557767 0.031611416 -0.09344977 0.14471215 -0.00026189198 0.024334231 0.06254443 0.13364245 0.000105182946 0.07329186 -0.050986342 0.037148133 0.04789755 -0.0035541982 0.14835948 0.115110345 -0.14357542 -0.17471807 -0.11955521 0.23172617 0.18084508 0.1041635 0.033385936 0.11128401 -0.08234878 -0.17684431 -0.08379634 -0.109907225 -0.3360688 -0.07296971 0.11652958 -0.22594136 -0.12766738 0.02987937 -0.03726597 0.108049646 -0.20676906 -0.27040595 -0.06041449 0.38760197 0.15332113 0.17263636 0.25680265 0.031410925 0.13845539 0.07423917 -0.054812886 -0.14161101 0.119857825 -0.06187201 0.359158 0.08111218 0.113983124 -0.30528986 -0.3033718 -0.021295818 0.026609058 0.15176609 0.10226733 -0.07183819 0.14066547 -0.08433457 0.07352269 -0.030663475 0.21591118 0.029845176 0.1355904 -0.13938563 0.08106162 -0.07824141 -0.22494929 0.1646158 0.13948764 -0.07868882 0.11495265 -0.02051389 -0.050531413 -0.16043435 -0.1300628 0.05879144 -0.10442122 -0.038326 -0.14564891 0.019492617
SRB 0.0064432765 0.029186478 -0.121703126 -0.15432179 -0.020541603 0.012819664 -0.017947108 0.10434675 0.24352264 -0.026611472 -0.023232535 0.05541732 -0.16005673 0.1249881 0.1538715 0.28915432 0.11263749 -0.2747331 -0.037630394 0.15558393 0.30425647 0.15199476 -0.25264823 -0.31727436 -0.2225129 -0.008714704 -0.24121839 -0.07035531 -0.065745525 -0.027785024 -0.0010374044 -0.20409742 -0.13914432 -0.08925067 -0.020082384 0.1926283 0.037379727 0.0064818156 0.16966443 -0.12934168 -0.08551058 0.3507168 0.19217812 -0.12946062 -0.16305177 -0.04198655 0.021307291 -0.015643246 -0.1899914 -0.22799733 0.18201996 0.09286376 -0.021520277 0.1940533 0.13222851 -0.021190334 0.46493948 0.05495549 0.07445786 0.059046958 -0.1021525 -0.09167653 -0.06805428 0.1923192 0.17265895 0.009381414 -0.04778138 0.22342443 -0.18678708 -0.057058726 -0.13089271 -0.13790229 -0.24216177 0.031203592 0.012026354 -0.16317728 -0.0250563 0.089054994 -0.13196392 0.19694419 -0.14972061 -0.29006433 0.08188671 0.19647384 0.13901627 0.04675278 -0.07548602 -0.006417115 -0.0031242066 -0.13296334 -0.010022546 -0.3295936 -0.048459876 -0.24658568 0.26587623 -0.11362888 0.15466501 -0.16821489 -0.55821145 0.031728126 0.075565554 0.11815253 -0.11959882 0.084804855 0.33105573 -0.36946163 -0.0008154928 0.18053946 0.04300331 -0.19906963 0.21668623 -0.042279556 -0.058087777 -0.03695975 -0.060847424 0.18756047 0.094896495 -0.21790199 0.1110634 -0.09188188 -0.2456222 -0.097270995 -0.2388312 -0.0011811797 -0.027189052 -0.049307484 0.14465742 -0.075662635
KOR 0.13028377 -0.34166917 0.30988994 0.13794084 0.1365237 0.07440334 -0.090172835 -0.37804416 -0.096523985 0.066091426 0.40223446 -0.13361941 0.046057466 -0.22725765 0.25540867 -0.089615844 -0.12546451 0.0132031115 -0.018173553 -0.12321909 -0.023354614 0.029840972 0.04145268 -0.2633699 -0.288071 0.14799878 0.07187238 0.28283626 -0.07395155 -0.06221436 -0.2213886 0.07732949 0.027729634 -0.1982975 0.046353567 0.086023934 0.19271679 -0.26954275 -0.09203993 -0.021015847 -0.28681827 0.12772565 -0.23113057 0.014470797 0.35320178 -0.06615116 -0.18762438 -0.04477524 0.14164528 0.40358225 -0.22917932 0.26376274 0.03627893 0.15350857 -0.16974993 0.015530366 0.16008817 0.113275774 -0.1837103 0.004329995 -0.038781647 0.002587566 -0.14061964 0.3211977 0.31312776 0.08441036 0.22054973 0.14851567 -0.11924014 -0.20283437 -0.14301558 -0.16122177 -0.27533424 -0.10660683 0.21212916 -0.27918416 -0.122368805 -0.09827672 0.016123783 0.19690782 -0.18850563 -0.10836142 0.063603215 0.19763245 0.16357769 0.18470974 0.2966598 -0.5532404 -0.050953794 0.04552797 -0.19567291 0.01522987 0.30398345 -0.08774948 0.1367134 0.31744683 -0.103280686 -0.13151526 -0.1312914 -0.08967225 -0.046497382 -0.10424952 -0.06556184 0.005958097 0.0691895 -0.018481234 -0.21617314 -0.09905511 0.2769135 -0.098605365 0.033839982 -0.33888897 0.12197158 -0.14700879 0.0079702055 0.27373374 0.16422097 -0.06950143 -0.1379781 -0.098318286 -0.017644202 -0.097367704 -0.055562127 -0.109702036 -0.016770476 0.08998617 0.060737994 -0.048840243
PAK -0.04303731 -0.28981134 0.2683913 -0.04259012 0.098828696 -0.18002056 -0.008318289 -0.077819325 0.10466535 0.21612771 0.23200005 -0.10192841 0.056349736 0.014593465 0.1573582 -0.11162083 -0.033759546 -0.016535737 -0.049396317 0.1292152 0.21154118 -0.06455494 0.090696365 -0.32165682 -0.23578165 0.0022092944 -0.07520589 0.13921733 0.07824177 -0.027242735 -0.020933328 0.18112254 -0.12381927 -0.01924362 -0.062735684 0.018652486 0.14440103 -0.25465906 -0.13891505 -0.15926026 -0.1533931 0.24224575 0.0022682652 0.054108504 -0.0017666336 0.09049489 -0.2832342 0.08133494 0.10194402 0.15915783 0.057118025 0.082773805 -0.13029271 0.18530135 -0.09278929 0.010027506 -0.035111934 0.02312803 0.030330343 0.070234805 -0.153353 -0.20395064 -0.042328592 0.20520267 0.2473944 0.11507151 0.06956047 0.060377285 0.14646992 -0.13246475 -0.12377326 -0.09457735 -0.3112867 -0.15449406 0.1395037 -0.19966143 -0.030061094 0.007912347 -0.07418688 0.3035285 -0.14378418 -0.18305194 -0.19706275 0.3472578 0.24188681 0.0748844 0.24981186 -0.27310494 -0.00562161 0.25909424 -0.24983793 -0.023542536 0.16428454 -0.037639365 0.24337368 0.11236979 -0.10219344 -0.17837542 -0.18188182 -0.06664774 0.12353965 -0.030048715 0.107775345 -0.19621393 0.08524752 -0.14642994 -0.07035817 0.028496824 0.26150155 0.053522542 0.106944844 -0.3024635 0.28226453 -0.07383684 -0.30105144 0.37149087 0.036294788 -0.05259216 0.05219011 -0.10255878 -0.092449464 -0.11346402 0.0028187935 0.033145446 -0.11777099 -0.16015719 -0.20242609 -0.116943374
CHE -0.11737813 -0.27523473 0.15595895 0.19723958 0.013865835 0.06499042 -0.07845674 -0.11034809 0.04813598 -0.13859145 0.092732884 -0.117653206 -0.34344575 -0.13240685 0.0906347 0.028810548 0.12291087 -0.14771706 -0.028268892 -0.21557765 0.24279764 0.22510853 0.008684857 -0.08285592 -0.20361224 0.28523883 0.13406505 0.07131789 -0.01792993 -0.22077735 -0.054616332 -0.18698101 -0.042815797 0.105375156 -0.13680863 -0.06658457 0.10138044 -0.15084119 -0.04058274 -0.099728175 -0.18671837 0.005226839 0.17751856 -0.030454677 0.031116176 0.078423746 -0.055532984 -0.10007605 -0.07231275 -0.02878697 -0.075022 0.08166367 0.22185208 0.110927515 0.09942249 0.07673366 0.20729275 0.0047882046 -0.13858254 -0.023771228 0.044763472 0.0604288 0.22120856 0.13728571 0.05496253 -0.093889676 0.017254135 0.019984493 0.0327227 -0.15472063 -0.09672008 0.03657544 -0.2669143 -0.090404354 -0.17156695 -0.178717 0.04143148 0.22508156 -0.07732411 0.19069573 -0.005056317 0.12608992 0.21107762 0.20746557 0.11287899 0.091728 0.21292305 -0.1288978 -0.02695102 0.15173027 -0.1341473 -0.08027213 0.1794046 -0.008054181 0.15614018 0.0359128 -0.0385682 -0.096518986 -0.02562318 -0.22492735 -0.016352825 -0.20039268 0.03342351 0.24545445 0.08182206 -0.2446143 -0.022999657 0.053383946 0.17923732 -0.27596447 0.11645861 -0.12323292 0.024432072 0.022352098 -0.14235532 -0.0068398993 0.19535495 0.02161621 0.17500435 -0.06129525 -0.2383075 -0.14881706 0.050406378 -0.22281978 0.0018039482 -0.1881453 -0.105969444 -0.119961396
VNM 0.110703744 -0.38172284 0.21952571 0.0006533963 0.12106271 -0.10506295 -0.0054254266 -0.16241902 -0.07705703 0.022433907 0.22081897 -0.2533719 -0.16072856 -0.06816251 0.24421866 -0.04862297 -0.17695099 -0.02045571 0.14571773 -0.03589949 0.1414977 -0.025541013 0.059009105 -0.06705338 -0.1877088 0.15823661 -0.035514764 0.121249154 0.08935976 -0.16565603 -0.2347056 0.033407908 0.094614916 0.051306568 -0.17521901 -0.044614114 0.1987563 -0.23278789 0.011394784 -0.050955947 -0.12549157 0.045147642 -0.12309345 0.025770564 0.152658 0.081681624 -0.21465227 -0.019882372 0.18412097 0.27147463 -0.0044092713 0.14844374 0.0032486105 0.018867344 -0.14618188 0.046332005 0.008417961 0.10104148 -0.07781569 0.04678978 -0.040319625 -0.11499801 0.12264124 0.25638965 0.18922712 -0.0015613653 -0.02709786 0.10085058 0.12752284 -0.30900872 -0.17409705 0.042493332 -0.32339787 -0.15087608 0.0014506698 -0.43077868 -0.10392027 -0.037273757 -0.11195745 0.14197646 -0.038609356 0.0035760675 0.016462088 0.14376709 0.19131403 0.07912203 0.2489258 -0.25577337 -0.0040817186 0.27497792 -0.3084507 0.023100853 0.13654377 0.034457363 0.2657152 0.051558007 -0.0789836 -0.10260893 -0.065951645 -0.16789052 -0.04374796 -0.04165616 -0.13767649 -0.026160333 -0.025962995 0.019632934 -0.21913725 0.14012092 0.2683488 -0.11438755 0.15670785 -0.13357474 0.0077338605 -0.10352042 -0.2576913 0.10669201 0.26729405 -0.1015759 -0.0075231045 0.007705041 -0.12064131 -0.24710646 -0.18146685 -0.05731759 -0.04510063 -0.14603417 -0.12766592 -0.043099023
PRT -0.044841517 -0.34172928 0.333751 -0.009090173 -0.09540648 -0.097304314 -0.22785972 0.03671936 0.0017592035 0.059367597 -0.27622676 0.049338963 -0.16421875 -0.15261881 0.29447114 0.106096886 0.17371218 0.00866368 0.01811419 0.05023817 0.13673933 0.021469077 -0.1304662 0.07961088 -0.024811475 0.27852923 0.008274375 -0.05164651 -0.09923509 -0.12132386 -0.06840242 -0.037919473 -0.054708436 0.0012906576 0.0125599075 0.008661804 -0.14731626 -0.1561567 0.03269323 0.014886254 -0.219748 0.19721365 -0.17801797 -0.1249837 -0.032464974 -0.10293546 0.096992224 0.027499514 -0.16494358 -0.032458223 -0.06459088 -0.10989559 0.09130052 0.18267576 -0.06825025 0.27476782 0.07858093 0.12410639 -0.13671967 0.1597873 -0.029536238 -0.028473651 0.38275212 0.48090374 0.11666029 0.2550503 0.11782231 0.05782135 0.20080446 -0.21518287 -0.052204117 -0.055416796 -0.037255924 -0.16245785 -0.11158262 -0.11720367 -0.077322215 0.2895729 0.0351075 0.007040093 0.08162382 -0.013827766 -0.07518004 0.36804858 -0.077924915 0.14737305 -0.050057568 -0.2602249 0.130339 0.21340539 -0.0809945 0.069191545 0.025525523 -0.03653134 0.19761914 0.031719837 -0.12748079 -0.14681445 0.005521992 -0.41277784 -0.17882122 -0.04063422 0.24701215 0.13098931 0.044968344 -0.08014071 0.06755454 -0.06771181 0.3537483 -0.41836378 -0.11565016 -0.37074676 -0.08192622 -0.20456925 -0.21632345 0.056254778 0.049137503 -0.3792531 0.19009526 -0.091249466 -0.47009346 -0.32814255 -0.13858557 0.0889204 -0.24465917 -0.014647368 0.030253312 -0.031197254
GRC -0.02756139 0.114323564 -0.20191403 -0.03907317 -0.0014725905 0.17685539 -0.052482706 0.046508778 0.27264646 -0.07475747 0.011117847 -0.07479157 -0.19513749 0.04918897 0.07276528 0.20072679 -0.078043014 -0.18235007 -0.010828202 0.17852175 0.1690033 0.17029838 -0.173754 -0.13569567 -0.28928733 0.0842691 0.001869725 -0.010833863 -0.12253051 -0.19692726 -0.097687215 -0.21618833 -0.14256707 -0.15295662 -0.13464269 0.3638124 0.108938195 0.017911708 0.13836059 -0.126554 0.048797335 0.20793551 0.3287251 -0.116026364 -0.13628261 0.10951789 0.03238695 0.069603056 -0.07763209 -0.13238326 0.13420361 0.07613146 0.14867036 0.1889669 0.16046761 -0.06126585 0.37167817 0.030308202 -0.06347312 -0.034473952 -0.18775544 -0.10429989 -0.010663638 0.27899182 0.20231713 -0.08943666 -0.079312034 0.259163 -0.2604989 0.015395972 -0.11984763 -0.031001566 -0.26133344 0.031401474 -0.04462216 -0.24169151 -0.07615881 0.1109517 -0.22809365 0.32496127 -0.08075773 -0.22480354 0.04342513 0.14549638 0.15161386 0.078958824 0.058583643 -0.07130014 0.039127883 -0.08150077 0.038907263 -0.32152146 -0.026566474 -0.13138814 0.31485394 -0.0694006 -0.11351475 -0.14260535 -0.42572996 -0.07063931 0.18839516 -0.04349918 -0.15351048 0.04991723 0.18995526 -0.41128436 0.063192174 0.40803176 -0.13931024 -0.23212652 0.21603373 -0.24400906 -0.033079024 0.06979725 -0.015719919 0.05655226 0.06646077 -0.123894274 0.13823466 -0.013864938 -0.009493871 -0.06249604 -0.19322698 -0.17187132 0.078849025 -0.10051822 0.12605152 -0.15805306
EGY -0.01305375 -0.13338415 0.17144758 0.043263916 0.030700317 -0.048378967 0.072725475 -0.016752465 0.13553023 0.13273373 0.26265448 0.052852698 -0.013211892 0.14763907 0.114426084 -0.10836259 -0.095286585 -0.06621903 0.012574991 0.15339316 0.14544037 -0.067267984 -0.027530007 -0.21320707 -0.39052126 0.0240802 0.0030648545 0.24231748 0.06747623 -0.1699579 -0.05672361 0.12532137 -0.03960167 -0.008019082 -0.028373215 0.105952345 0.17240497 -0.23138554 -0.09772456 -0.088992335 -0.0751293 0.27993003 -0.06952698 -0.016008155 0.08044768 0.16455655 -0.18338118 -0.024014775 0.10089946 0.12256568 0.20330578 -0.013829741 -0.12382869 0.18792373 -0.026801027 -0.028147472 0.12293727 -0.020190127 -0.05019204 0.012200149 -0.09662441 -0.088940024 -0.020982265 0.17550711 0.28484648 -0.0030215613 -0.10553951 0.12753445 0.035779238 -0.17222527 -0.104177386 -0.09482705 -0.31070718 -0.12280307 0.15064956 -0.12086146 -0.090313 -0.07027113 -0.17314757 0.21681455 -0.15686618 -0.16355358 0.014369352 0.15486008 0.22305596 0.00089723885 0.13863066 -0.32018784 -0.03431733 0.24000357 -0.22814167 -0.062647656 0.22993971 -0.059951384 0.20396474 0.15570584 -0.06777049 -0.21879876 -0.19295408 -0.016058449 0.0058387043 0.060331512 0.059092242 -0.17064752 0.06521867 -0.24547434 -0.08921051 0.19832684 0.20439468 -0.034144215 0.11681965 -0.22784837 0.2518879 -0.010950187 -0.23266219 0.22160436 0.12839146 0.022070833 -0.05408105 -0.11190287 -0.14728788 -0.1727266 -0.106623985 -0.08407751 -0.12128042 -0.24281287 -0.105423346 -0.09859048
HRV 0.012247205 -0.18218456 0.04196052 -0.07082329 -0.01408124 0.056488827 -0.26039946 0.088397995 0.012656267 0.03238667 -0.3085976 -0.06326931 -0.17995647 -0.03522716 0.23793899 0.2096332 0.08644033 -0.087538935 0.011902637 -0.0033661001 0.21501736 0.099306725 -0.0888802 -0.10564719 0.02792507 0.09519884 -0.0810808 -0.1187808 -0.1387188 -0.089089684 0.044212997 -0.21143778 -0.07609506 -0.020840527 -0.050897017 0.13992713 -0.017400827 0.071004346 0.095678225 -0.115955554 -0.24497038 0.1821045 0.07248496 -0.094747365 -0.100201 -0.1224423 0.13109924 0.12643874 -0.16680998 -0.056490045 -0.03918393 0.056400362 0.12288244 0.13535056 0.022387473 0.14425594 0.18391043 0.07780137 -0.040109444 0.083349586 -0.10933407 -0.11029658 0.18671745 0.4195718 0.14512129 0.28726685 0.14429714 0.052438453 -0.058335584 -0.19509108 -0.079038255 -0.084057964 -0.1506122 -0.06386384 -0.08902826 -0.30060259 -0.09844031 0.22595908 0.014577663 0.06660167 0.04577284 -0.108498015 -0.014376634 0.42335752 -0.017984075 0.20473701 0.0756017 -0.060090557 0.13510738 -0.017694963 0.06620564 -0.12712489 -0.017263712 -0.06822573 0.32904094 -0.099720486 0.045416974 -0.20544353 -0.26845327 -0.25317353 0.06928126 0.041275855 0.013111279 0.19102073 0.17588131 -0.1463243 0.057558503 0.01740924 0.20391227 -0.297523 0.070910096 -0.22190274 -0.18678537 -0.22430083 -0.026641717 0.054821584 0.08756468 -0.26601744 0.23649941 -0.0986632 -0.1529865 -0.12139039 -0.16885127 0.124269605 -0.15212762 0.05631272 -0.03937652 0.038019348
ZMB -0.22437723 -0.25634056 0.3104888 0.23159683 -0.15791033 -0.22140032 -0.05621527 -0.040099416 0.39490858 0.14796658 -0.016164474 0.15098871 -0.22448829 -0.033962756 -0.0051685 0.13279468 -0.020858817 -0.18256922 -0.037076313 0.097384855 0.4024677 0.13905378 -0.2919812 -0.18381307 -0.5468441 0.33764467 -0.08958219 0.09092364 -0.016719254 -0.26391178 0.020235037 0.040672686 0.0055009974 0.0864062 0.06049323 -0.20967583 -0.08277631 -0.41583374 -0.094517745 0.10119062 -0.11945441 0.3381879 -0.044489864 -0.16764651 -0.0048381896 0.032023035 -0.15566505 0.12382476 -0.048935413 -0.2237945 -0.06781714 -0.1379823 0.05052464 0.24412566 0.049162652 0.07418225 0.08837216 0.0015439466 -0.10230059 0.13504647 0.034864344 0.10877574 0.2233774 0.38060597 0.16567624 -0.065991215 -0.12108511 0.12735385 0.24717455 0.043324996 -0.09744264 0.024079718 -0.056866247 0.0035775574 -0.050735142 0.16130048 -0.010756098 0.19948746 -0.0047486275 0.30603936 -0.098468274 -0.24725081 -0.005877052 0.21973957 0.04183777 -0.018836593 -0.02223826 0.065823264 0.030884229 0.28246284 -0.070860825 0.020770028 0.23039699 -0.06841724 0.0467917 0.1321035 -0.26659936 -0.10033071 0.07403685 -0.18860316 -0.27447036 -0.009297905 0.37832412 -0.12069378 -0.12234915 -0.11214674 0.17798555 0.11444361 0.25897127 -0.020065682 -0.16083407 -0.21884833 0.20535395 0.12899084 -0.38080946 -0.030250069 0.1276999 0.034329772 0.03369146 -0.14563845 -0.42434022 -0.22014356 0.012042959 -0.15433818 -0.18315192 -0.2826811 0.13053353 -0.17688309
CUB 0.3468897 -0.29212415 -0.32422796 0.066824645 -0.2741916 -0.255803 -0.42598483 0.092657864 0.22298299 -0.023065235 -0.27881342 0.28189582 -0.21010502 0.14032859 0.050174154 0.3727217 -0.062352724 0.19320892 0.035852313 0.006540936 0.125922 0.5138173 -0.14860375 -0.16253895 0.0008301485 -0.113280036 -0.032182172 -0.12901004 0.1175781 -0.27331313 0.09429944 -0.097810835 0.051410913 0.1537862 0.005098472 0.09736905 0.11808066 0.23439151 0.09112921 0.04999059 -0.19393644 0.15348114 -0.10003659 -0.10001899 -0.06951079 -0.05364277 -0.010646564 0.1697713 -0.20520231 -0.051982213 -0.03529336 -0.014208624 -0.16712005 0.1539135 -0.0700062 0.0280163 0.24622491 0.23529169 0.028849501 -0.013875724 0.030468704 0.33916897 0.042615928 0.42435426 0.17059644 0.038854197 0.13708925 0.13022089 -0.18146005 -0.04857831 -0.0137473075 -0.21664393 -0.38123196 -0.07531693 0.05037792 -0.109840095 -0.08830396 0.06973716 -0.029895382 -0.100842685 -0.1108932 -0.103249796 0.2646243 0.296384 -0.07179637 0.45474887 0.108946495 0.146816 -0.1640324 0.34914652 0.3988447 -0.34241816 0.2159462 -0.24876057 0.40521052 -0.058645584 0.24212468 -0.39004833 -0.29698864 -0.13182352 -0.050994337 0.23858282 0.1407547 0.2088797 0.1651203 -0.10311545 0.24157076 -0.043211617 0.22293319 -0.30293167 0.13160555 0.2491759 -0.17982823 0.2821321 -0.490415 -0.3161646 0.23940948 -0.3075037 0.16393332 0.16020618 -0.09289416 -0.14366071 -0.4124306 -0.18575221 -0.083713815 -0.009410454 0.018370457 0.20267795
POL -0.112655915 -0.23584418 0.11379047 0.04522283 -0.045468614 0.0952728 -0.20228064 0.15400165 -0.006736042 0.017839883 -0.15082644 -0.11345127 -0.2731287 0.12610409 0.080080286 -0.072087094 0.040806323 0.070576124 0.025148463 0.025901271 0.23652849 -0.07225183 0.1353756 -0.24889813 -0.08893564 0.18199214 -0.0735319 0.032643564 0.13624258 -0.26091677 -0.10841824 -0.15079449 -0.027080286 0.1463065 -0.07249884 -0.11322466 0.25629127 -0.0686766 0.029525755 -0.01977644 -0.099787325 0.09618827 0.25473225 -0.06625268 -0.028014842 0.115415476 0.07237386 0.08546023 0.048880767 -0.0774496 0.12596658 0.044541743 0.20302936 0.051547814 -0.04502905 0.07049731 0.14668453 -0.11052931 0.071664885 -0.08194391 -0.26288623 -0.17284374 0.07589948 0.3729322 0.12934479 -0.004437846 -0.08954149 0.17893633 -0.0695989 -0.36554924 -0.28823864 -0.15695013 -0.27027893 -0.09958666 -0.014012017 -0.15505014 -0.004408028 0.041856196 -0.044893086 0.11469019 0.1380678 -0.051419843 -0.06187344 0.3894851 0.10569546 0.028063394 0.2139837 -0.14141479 0.17438622 0.10356127 0.07837751 -0.17933522 0.23645987 -0.03921745 0.2889438 -0.10949727 -0.0002234687 -0.14324524 -0.03637508 -0.33076966 0.012710611 0.0140659455 0.07226281 -0.1023675 0.25705844 -0.080425896 0.04608325 0.13008778 0.11839257 -0.2136991 0.08382423 -0.4117101 -0.12318731 -0.10523629 -0.2126945 0.037066903 0.14767823 -0.100262165 0.29537225 -0.13023262 -0.10620614 0.015637415 -0.046997115 0.0033936999 -0.11693923 -0.09944872 -0.33549228 -0.02029131
OMN 0.027980054 -0.18791556 0.29989594 0.02706968 0.0872462 -0.11503279 0.02019597 -0.20852727 0.11043182 0.14537708 0.4231463 -0.068181716 -0.075071186 0.0007780403 0.09872427 -0.12079233 -0.09099724 -0.13805588 0.16870092 0.06623659 0.20584427 -0.09134308 -0.1523473 -0.07677064 -0.46662462 0.034897186 -0.058484253 0.38178426 -0.024183206 -0.11004615 -0.14473584 0.051674526 0.0942835 0.05295747 -0.0192909 0.087723345 0.078444816 -0.3422729 -0.053497765 0.024594605 -0.018793102 0.20135166 -0.25550357 -0.17646365 0.23273636 -0.0013070691 -0.25959507 -0.04058253 -0.10345948 0.18172368 0.06553801 0.07594758 -0.0054591843 0.022323543 -0.1650838 -0.026365608 0.11821102 0.11222344 -0.105227344 0.1108139 -0.09105707 0.023917107 0.02837385 0.28864184 0.39613935 -0.08322004 -0.05201954 0.12056829 0.09535961 -0.008307924 -0.26896968 -0.045454 -0.26687646 -0.02615679 0.005030405 -0.3067218 -0.06064688 -0.018396461 -0.25913063 0.24730094 -0.30569148 -0.123971745 0.0009760902 0.024454478 0.2561734 -0.011065942 0.15340367 -0.36722624 -0.10964127 0.185353 -0.2780969 -0.04920565 0.24188088 -0.13660054 0.048589356 0.07958598 -0.100343846 -0.27920642 -0.06604743 -0.03803158 -0.07635139 -0.0982262 -0.050444525 -0.1853249 0.013856143 -0.14913678 -0.24717996 0.12624514 0.29174972 -0.055644248 -0.0024299272 -0.2566742 0.12700379 -0.10306471 -0.1467472 0.19386227 0.27323002 0.02518921 -0.15059541 -0.08627384 -0.17654188 -0.32175088 -0.23988284 -0.05550643 -0.062162638 -0.17270923 0.026000213 -0.096449986
HUN 0.08692883 -0.13793571 -0.0014061887 -0.07966296 -0.0018263747 0.038855623 -0.2688894 0.012560758 0.11076219 -0.006745557 -0.21508183 -0.08702654 -0.108370356 -0.09485052 0.15363349 0.3262489 -0.039105915 -0.13953891 0.0075241774 0.060437854 0.2783384 0.08630028 -0.1348893 -0.21075569 0.012194989 0.09082624 -0.15764123 -0.11883127 -0.18176153 -0.01789252 0.035111964 -0.18714796 -0.040342603 -0.06444366 -0.065708145 0.08563905 0.0038444963 0.13481353 0.1293242 -0.12129916 -0.1919582 0.19630238 0.17329097 -0.11123272 -0.10110606 -0.13260938 0.09913916 0.21248455 -0.15022281 -0.04366544 -0.107030496 0.14282861 0.12224685 0.1250232 0.036297835 0.051387645 0.2305969 0.038922254 -0.0075313733 0.049372394 -0.15044647 -0.114447534 0.015305342 0.43302757 0.1405185 0.2039689 0.12921661 0.13891229 -0.17367935 -0.0932553 -0.10461348 -0.10294077 -0.13780941 0.061395872 -0.10982307 -0.32196257 -0.100662105 0.13593265 0.016487481 0.15361065 0.03061896 -0.2866819 -0.06703354 0.45589796 0.010371829 0.24657214 0.11279298 0.048842624 0.15436777 -0.117046624 0.069619715 -0.2312769 -0.034636457 -0.14799912 0.33907634 -0.13529785 0.04402953 -0.17883082 -0.38455856 -0.2006821 0.12222965 0.068431586 -0.0009627314 0.19247527 0.20072033 -0.20156379 0.0959026 0.010824528 0.0658434 -0.1943583 0.14907494 -0.20626624 -0.24568334 -0.20050347 0.048571408 0.056803443 0.074334554 -0.2758319 0.20517723 -0.11404258 -0.0142110875 -0.07532503 -0.13824096 0.052480593 -0.12138246 0.076360494 -0.031061273 0.01041625
TZA -0.12863418 -0.1004458 0.25859913 0.06326574 -0.03822261 -0.09678177 -0.0012116509 -0.16525269 0.2927872 0.069633 0.22509092 -0.0065495674 -0.17074668 -0.006583258 0.029905181 0.05583888 0.0558548 -0.25431144 0.08951476 0.04233276 0.2758455 0.052756008 -0.2924668 -0.04407672 -0.46274832 0.1511941 -0.091456026 0.20538293 -0.13844179 -0.14767897 -0.09034305 -0.10043155 -0.014298586 0.024889847 0.011825362 0.015904296 -0.08115344 -0.34122223 -0.0046766745 -0.016245473 -0.016078481 0.23891401 -0.07869738 -0.24955864 0.089743845 -0.092211135 -0.22137603 0.0011395867 -0.17452665 -0.07774888 0.06786908 -0.047569573 0.06700464 0.09573864 -0.017914696 0.016067438 0.2104685 0.10936054 -0.14387602 0.14091748 -0.018709764 0.084298335 0.17415534 0.23862167 0.27305698 -0.078400284 -0.10183093 0.10961963 0.13112982 0.08489586 -0.16918465 0.059784494 -0.15447634 0.008835675 -0.07210209 -0.20783694 0.016397942 0.16905172 -0.2315093 0.29778978 -0.2540312 -0.14941947 0.068373896 0.012664308 0.15920126 -0.016720505 0.04032994 -0.12650767 -0.08571187 0.12726916 -0.21118589 -0.044820607 0.10722128 -0.10745598 -0.0018832261 0.012329727 -0.12031541 -0.19058983 -0.12030575 -0.07765863 -0.08990644 -0.15012185 0.041717477 -0.012978878 -0.0077866083 -0.20283422 -0.09209363 0.16734621 0.21239077 -0.0872612 -0.04699918 -0.18090266 0.102609605 0.0004886221 -0.1854001 0.111196436 0.21625115 0.060026675 -0.04772824 -0.1011895 -0.30126148 -0.28151503 -0.17994052 -0.11426069 -0.029667536 -0.20113324 0.15897694 -0.20529969
KEN -0.10590389 -0.20870833 0.042128783 0.22583424 -0.0022429167 0.07336252 -0.04059786 0.044462226 0.041702945 0.0063826176 0.27538478 0.06929266 0.030636162 0.059127662 0.077879004 -0.02841066 -0.08249742 -0.12699667 0.20963852 -0.09462632 -0.07993114 0.23734479 -0.32544473 -0.18861733 -0.20309241 0.10426642 0.26020852 0.24359733 -0.123342365 -0.19005443 0.14716715 -0.0810386 -0.038286097 0.027773142 -0.06322277 0.27621195 0.27465108 -0.080413245 0.04003295 -0.16284999 -0.26165694 0.17963429 -0.010862246 -0.008694775 0.27801624 0.13634618 0.059576746 -0.024132377 0.12463278 0.10799247 0.097753175 -0.024779482 0.12719569 0.1551255 0.23675969 -0.1662768 0.13968362 -0.069317095 -0.12224708 -0.001188269 0.052586738 -0.116986446 0.045281112 0.07991234 0.28228083 -0.06581231 -0.050759703 0.06502081 -0.09397335 -0.17896657 -0.10129035 -0.05717886 -0.16910474 0.04169459 -0.02821225 -0.0481414 -0.33401743 0.058298416 -0.10344256 0.24345383 -0.13821425 -0.3000849 0.072193496 0.22775526 0.16021724 0.14566787 0.24334389 -0.29942283 0.0735872 0.02523905 -0.079145014 -0.06954108 0.2635593 -0.010485022 0.21649323 0.24782045 -0.12481657 -0.036632486 -0.14437231 -0.10377963 0.09344634 -0.10305128 0.13868463 0.010824694 -0.035358246 -0.31733575 -0.14933862 0.17750329 0.10360602 0.10510977 0.24967264 -0.16925307 0.22034247 0.046942994 -0.13138404 0.0004294059 0.02175809 0.009916148 -0.081456095 -0.026694318 -0.104423314 -0.13640366 -0.038515955 -0.24729149 -0.061219584 -0.45526633 0.03057426 -0.03499345
LTU 0.04307094 -0.16886766 0.009660156 0.0048255343 -0.069881365 0.109823056 -0.34872976 0.059813194 0.034090046 -0.15471214 -0.16095738 -0.1103993 -0.3106947 0.007894034 0.07835361 0.199676 -0.105714634 0.036381748 0.05108272 -0.031053599 0.22267543 0.13273929 -0.05414975 -0.26516232 -0.015029765 0.13474189 -0.05435313 -0.13029653 -0.07562642 -0.22652781 -0.149577 -0.31119946 -0.02998953 0.065563805 -0.12715003 0.027615542 0.18613361 0.17940253 0.1840431 -0.0029671849 -0.039769962 0.11749431 0.27475294 -0.04488305 -0.066616304 -0.002851855 0.17704467 0.17934155 -0.07377659 -0.04796212 -0.024926404 0.08416568 0.20402078 0.062393125 0.02187234 0.0771032 0.2231012 -0.074465655 -0.014557103 -0.03077766 -0.19804636 -0.05250983 0.011583625 0.42436552 0.15693946 -0.037111096 -0.006690893 0.3285987 -0.2607853 -0.25550005 -0.23954196 -0.17699824 -0.18836956 -0.011324057 -0.07839992 -0.2297287 -0.074137196 -0.025922732 -0.02968263 0.12205112 0.053789258 -0.18547955 -0.0030182013 0.46409297 -0.037185423 0.19870059 0.20946117 0.011905958 0.1545242 -0.038000528 0.0955832 -0.2508193 0.10625547 -0.16085497 0.3836605 -0.11261224 0.07088022 -0.096786626 -0.18359968 -0.30818152 0.04145071 0.04848647 -0.046006076 0.03461782 0.22615933 -0.12581445 0.16923262 0.107947975 -0.08772519 -0.25117794 0.23525043 -0.27379936 -0.34887445 -0.12639426 -0.05573784 -0.072997734 0.13152087 -0.2853363 0.31396088 -0.06871526 0.0059608915 0.05209751 -0.090726644 -0.077295884 -0.019154947 -0.0039156643 -0.19700769 0.055719387
GHA -0.17166992 -0.333136 0.16141775 0.083156705 -0.08250375 -0.021575712 -0.14211938 -0.13656873 0.18807836 -0.05004155 0.014918198 -0.07633651 -0.28422406 -0.22461955 0.14255086 0.22487377 0.06755368 -0.19825816 -0.020712571 -0.05705042 0.13634215 0.16383031 -0.14609893 0.059275515 -0.14647964 0.44554248 0.07384319 -0.05605871 -0.12501587 -0.27088588 -0.098609604 -0.17106862 -0.08387437 0.07254573 -0.12407984 -0.08761028 -0.0076933815 -0.22917585 0.020443436 -0.047155403 -0.16392833 0.05322306 0.13410193 -0.06722559 -0.025154226 -0.097791485 -0.13420053 0.084865764 0.029665371 -0.025323449 -0.12379406 -0.027410451 0.2910978 0.16678703 0.042372677 0.15714495 0.14690092 0.14323047 -0.20732075 0.10197802 -0.034441926 0.0041227923 0.4324705 0.27059457 0.08079758 -0.013619457 -0.041565575 0.063724615 0.18999463 -0.027525222 0.030755302 0.137882 -0.08019523 -0.10836559 -0.28405938 -0.26416498 0.012695158 0.22483423 -0.097261876 0.27497834 0.12015049 -0.072269954 0.030463858 0.265082 -0.0053893887 0.17681672 0.11992047 -0.013747888 0.00058715977 0.18305518 -0.06857453 0.019534087 0.020483628 0.017304864 0.18995893 0.01805219 -0.20786326 0.06175038 -0.028985905 -0.36947697 0.0030939819 -0.31171328 0.07185861 0.30981043 -0.048662137 -0.12567568 0.068901986 0.16414869 0.07024537 -0.2640953 0.02258483 -0.14369117 0.025773989 0.09289728 -0.17360005 -0.088385165 0.03607675 -0.07141221 0.08443808 -0.04648579 -0.19398315 -0.21155797 0.027765954 -0.21203695 0.01907024 -0.112704866 0.15375319 -0.30508304
SEN -0.15484641 -0.3143603 -0.0050571766 -0.048752166 -0.05367346 0.053297605 -0.12798187 -0.15774472 0.22940663 -0.10926259 0.04529791 -0.14162901 -0.3839715 -0.20157297 0.20117122 0.2744208 0.039006475 -0.25394374 -0.038451705 -0.054409694 0.16465977 0.14018363 -0.12152802 0.06447798 -0.17293425 0.4166316 0.08055753 -0.045861546 -0.10934975 -0.21222198 -0.04149958 -0.2314163 -0.1128097 0.062300205 -0.20552778 -0.012932397 -0.08571715 -0.24121277 0.022057243 -0.10765313 -0.12810175 -0.024922028 0.14481877 -0.06274486 -0.05820271 -0.15116508 -0.11919829 0.014982387 0.0011687999 -0.09631226 -0.10191841 0.03826773 0.3020273 0.22804211 0.024061305 0.17367849 0.2326716 0.30453756 -0.19092065 0.15987638 -0.014728975 -0.029960727 0.42975774 0.23320442 0.10360929 0.011678035 -0.08804904 0.05904303 0.18381536 -0.027870137 0.07066183 0.14638957 -0.01787109 -0.10303397 -0.25433144 -0.3476314 0.0709298 0.2668924 -0.18563195 0.36998612 0.1076785 -0.14219101 -0.022406185 0.17511654 0.030336747 0.14994228 0.026847266 0.004628567 -0.0464929 0.057682905 -0.16650145 -0.02313031 -0.086402185 -0.026049057 0.28555894 0.0058092633 -0.17045963 0.09316953 -0.19941823 -0.36846825 0.09312131 -0.3578775 -0.044849757 0.33704308 -0.037784595 -0.22217922 0.0033896011 0.30963317 0.09804 -0.22567147 0.049209848 -0.09349323 -0.0018688765 0.12942648 -0.10364242 0.018493224 0.02308633 -0.07181049 0.060869668 -0.022638697 -0.22340246 -0.18293683 -0.045007974 -0.22253613 0.049127843 -0.12913877 0.19978704 -0.3861069
GAB -0.06955747 -0.2741553 0.4213514 0.32513273 0.10870114 -0.27608162 0.27695552 -0.35817564 0.24225348 -0.2227248 0.06390317 0.07363323 -0.09119351 0.0678943 0.23725232 0.17317991 -0.15271175 -0.28072217 -0.10238651 0.053285062 0.4630362 0.57882625 -0.030376561 -0.2713356 -0.5849037 0.17341083 -0.08086772 0.2094018 0.29477748 -0.46506354 -0.22298957 0.21671219 0.35175404 -0.13328087 0.1931196 -0.26741344 0.062632024 -0.23939867 -0.12923026 0.2358299 -0.25751132 0.22970207 0.038820848 -0.00715778 0.3810915 0.28415897 0.12718841 -0.025158437 -0.12716053 0.0070702005 -0.17991337 0.3103497 0.19838169 0.07248953 -0.13798855 0.08295217 0.19418798 -0.14760494 0.13370533 0.09314926 0.052585885 0.12233648 -0.18026869 0.02603158 0.19066486 -0.2516406 -0.28736246 0.002654294 -0.07529637 0.08183055 -0.20968243 -0.07336573 -0.27508485 0.0014661719 -0.0039401227 0.25054407 -0.33969176 0.29485428 -0.2680461 0.21650173 -0.18700567 -0.22799698 0.14212815 0.22834891 0.44723126 -0.0053150556 0.08146644 -0.06047373 0.34815606 0.12518455 -0.26905674 -0.4891331 0.47406006 -0.34196675 0.18886484 0.49350044 0.11537556 0.07013971 -0.004317041 0.20153241 -0.32059094 0.19346568 0.19560903 -0.09419608 0.14404169 0.029143095 0.027713178 0.09668288 0.03927532 0.0068541574 0.060348313 -0.26624247 0.120021746 0.014855875 0.06126195 0.061758507 0.38127518 0.028364891 -0.09842164 -0.1477917 -0.47203124 -0.082620546 -0.19012706 -0.29388186 -0.10679604 -0.23239277 -0.08477538 -0.048977025
GNQ 0.10631692 -0.310976 -0.28506085 -0.0040866463 0.042208012 -0.2815645 -0.21328796 -0.1947413 0.04913922 0.14589885 -0.11956078 -0.39070866 -0.29380777 -0.434355 0.21603696 0.23948146 -0.0677292 0.0004374113 0.07955492 -0.1857128 0.19766547 0.49824795 0.0060598245 -0.06629336 -0.113924384 0.19469696 -0.022540241 -0.131484 0.13292956 -0.10011416 -0.011733942 -0.10589136 0.006265851 0.12924156 -0.33430558 0.047507744 0.031449813 -0.1431958 0.088375375 0.0013718127 -0.091680996 -0.18301466 -0.03985051 -0.046747785 0.006359877 -0.158985 -0.45871127 0.2294001 -0.062059972 -0.0027551325 -0.26471415 0.25008646 0.19074339 0.097905196 -0.1664543 0.1468736 0.05533742 0.54008025 -0.028045775 0.16489513 -0.1570501 0.11341492 0.21714446 0.43668252 0.013246892 -0.0032207482 0.23518471 -0.0026277057 0.10969421 -0.03704997 -0.09568622 0.12746352 -0.2386715 -0.14791569 -0.24507837 -0.47022963 0.11157321 0.36883438 0.0573367 0.33958733 0.05415727 -0.104804896 -0.12300613 0.25683233 0.13252823 0.21981238 0.14899033 0.05749677 -0.100882426 0.2860195 -0.0186177 -0.11001481 0.011366512 -0.052702438 0.38043725 -0.11449793 -0.116568826 0.020799303 -0.057512186 -0.25855893 0.039958585 -0.28992024 -0.09678111 0.31494844 -0.070636526 0.0069528283 0.04958314 0.062795624 0.20814921 -0.07750874 0.023809187 0.030387547 -0.10447731 0.15026434 -0.4584031 -0.12993142 0.18398027 -0.30018607 0.2119539 0.17668921 -0.22103925 -0.23292698 -0.11730479 -0.14124507 0.21196179 -0.0022347367 0.2508853 -0.12150302
TON -0.04456011 -0.12114623 -0.19787449 0.26458922 0.05468112 0.21527138 -0.14596756 -0.0017035543 -0.01901057 0.03901374 0.11529906 -0.12832227 0.07786742 -0.22672121 0.048852753 0.051380683 -0.16738588 -0.24813148 0.07645575 -0.26446834 -0.16452798 0.21980378 -0.4588743 -0.22245392 -0.41368437 -0.021143612 -0.046532687 0.06643391 -0.0032016092 0.0024635664 0.14824763 0.09926388 -0.27862036 -0.134357 -0.17654935 0.40436912 0.23803852 0.20711088 -0.08841014 -0.049319956 -0.23315533 0.26775414 0.15029153 0.0022872386 0.2160647 0.0661723 -0.044924255 0.01289986 0.041902926 0.018929917 0.0014629954 0.07461661 0.1662703 0.017015737 0.36050233 -0.17580394 0.3096682 -0.015665716 -0.037043385 -0.024467137 -0.07504839 0.019260906 -0.054182656 0.1629561 0.20866068 -0.027064115 0.08469518 0.18273823 -0.26395914 -0.28510183 -0.05820328 0.03106385 -0.45229214 0.12327196 0.12247323 -0.11892138 -0.23798996 0.16687538 0.062696904 0.21700944 -0.17282057 -0.3569199 0.079724915 0.27685785 0.16322365 0.43472278 0.2944781 -0.004934224 0.15015472 -0.08238216 0.15619886 -0.0035189996 0.31899625 0.23794518 0.25005105 0.17316449 -0.15364075 -0.21119149 -0.29349732 -0.033578873 0.01969447 -0.026386037 0.12723106 0.29997024 -0.009655733 -0.2816087 0.12588486 -0.07175714 0.21709836 0.14713557 0.23876205 -0.090460114 0.24200246 0.24570784 -0.09062276 -0.13230738 0.122996 0.04559038 0.061142787 0.19770084 0.106170245 -0.10899161 -0.047523636 -0.11265341 0.037182864 -0.15773036 0.09900421 0.054023933
GIB -0.03428726 -0.52247226 0.2540937 0.14285167 0.050031334 -0.07471319 -0.12707101 0.08631672 0.1338118 -0.10688437 0.15782206 0.0057232794 -0.11021539 -0.07969149 0.15107246 0.035082214 0.1026724 -0.15742624 -0.16537102 -0.17579454 0.16817722 -0.0077103837 0.09877937 -0.15972696 0.03441201 0.35831603 0.055404995 -0.18987459 0.04271055 -0.3444678 -0.02499763 0.09679346 0.11678315 0.21803519 -0.079314426 -0.28131115 0.16627547 -0.3366474 -0.15800315 -0.12858492 -0.314091 0.22812657 0.09847109 0.03297861 -0.081419945 -0.2670574 -0.04519695 0.044238247 0.075809754 -0.06012255 -0.3476739 -0.008546966 0.25502712 0.1881426 -0.015500189 0.2818975 0.052698076 0.18036193 0.008758892 -0.083069466 0.12833571 -0.049703807 0.36692077 0.269323 0.2513173 0.18019836 -0.055734128 0.22159477 0.2372349 -0.19719799 -0.08060399 -0.111298814 -0.02075956 -0.14784731 -0.094257474 -0.013016406 0.070317924 -0.017653307 0.03423726 0.13400653 0.24614449 -0.32758373 -0.12342782 0.3663366 -0.046663053 0.23705798 0.20349327 -0.042677537 0.06999621 0.2918184 -0.09424762 0.04998013 0.25068602 -0.17328864 0.24834637 0.13446487 -0.1941858 0.067274235 -0.009921975 -0.3531022 -0.022631984 -0.19244923 0.14276837 0.08637595 -0.0069474727 0.00081138004 -0.09020374 0.01164996 0.2649972 -0.22076003 0.106018774 -0.18267554 0.060812708 -0.055863503 -0.17455597 -0.026930047 0.087892115 -0.08585992 0.10462698 -0.23628536 -0.37660295 -0.16122535 0.041039843 -0.11639901 -0.20824723 -0.06570336 -0.10309106 -0.15923825
GTM 0.19737661 -0.32892212 0.22415523 0.18989304 0.10168686 0.08299064 -0.13644966 -0.43469355 -0.121382356 0.014134764 0.44719145 -0.12458911 0.069966555 -0.36104098 0.24291168 0.00028396733 -0.0878096 0.02980862 -0.02480816 -0.22909349 -0.058299463 0.15371469 0.039764583 -0.28200278 -0.26276404 0.23149987 0.10813387 0.2333255 -0.13165578 -0.00484787 -0.30779955 -0.02580237 0.052026846 -0.18502001 0.07057887 0.06439615 0.22509319 -0.20784406 0.01865326 0.008166351 -0.23459335 0.05749733 -0.23686294 0.0010178755 0.41546145 -0.12377015 -0.21754703 -0.01733061 0.13683161 0.50047946 -0.34855762 0.34718704 0.08698374 0.19871764 -0.2101525 -0.060941175 0.29729435 0.14572324 -0.2378295 0.003986833 -0.039566148 0.10004331 -0.17797922 0.38081092 0.2493222 -0.030762743 0.31238022 0.2719465 -0.2403355 -0.20680395 -0.15253338 -0.1607893 -0.26577657 -0.1196551 0.1024391 -0.3102325 -0.04989969 -0.20730133 0.08011579 0.17215274 -0.17007923 -0.08587907 0.13968793 0.2477843 0.11408385 0.27069455 0.34158942 -0.56268024 -0.10461101 -0.010703011 -0.10430529 -0.028800324 0.36676955 -0.1677548 0.0817091 0.25107914 -0.033247937 -0.098834716 -0.11128974 -0.1215725 -0.12931459 -0.1436355 -0.15503168 0.21855545 0.111997835 -0.026619421 -0.17985071 -0.20277785 0.20058635 -0.20441036 0.027809 -0.24350524 -0.061497968 -0.14471425 -0.013704111 0.14014436 0.24707118 -0.200463 -0.10123535 -0.085602045 0.006368663 -0.106227264 -0.017868675 -0.23730038 0.15001635 0.20629217 0.23286766 -0.018143876
DOM 0.04600806 -0.26936132 0.048543554 0.04597864 -0.03779172 0.070753805 -0.22562242 -0.08722303 0.15817806 0.030103689 0.121301 0.008659911 -0.3028887 -0.043463305 0.066440605 0.15594138 0.019795235 -0.12956639 0.118523344 -0.17037731 0.05298568 0.095742114 -0.2607059 -0.025874486 -0.08728087 0.20839748 0.052809075 0.066900425 -0.037115432 -0.113950916 -0.068234116 -0.2284586 -0.15889066 0.1119276 -0.043534257 0.16109355 0.0072786966 -0.051370803 0.17013371 -0.034723 -0.1412826 0.15351972 -0.0013382103 -0.1649356 0.22614153 -0.061378866 -0.22276065 0.058367282 -0.108899556 0.17600834 0.0044487147 -0.029816605 0.2495557 0.16665521 0.07294462 0.14833744 0.20267871 0.20328541 -0.20782515 0.23641041 -0.10688382 0.034373574 0.25950623 0.273917 0.01830212 -0.06879516 0.074495986 0.10109203 -0.0603097 -0.008422295 0.003566633 0.05587297 -0.09588084 0.00925099 -0.18322045 -0.39021602 -0.019854723 0.07343249 -0.20767252 0.15969834 -0.084382534 -0.052385405 0.10355949 0.25171226 0.033144455 0.104580276 0.1582176 -0.15229797 -0.08031773 0.15854758 -0.03689692 0.01564968 0.06593316 0.026346529 0.18602733 -0.0011973539 0.03674455 -0.11281441 -0.072796874 -0.2009052 -0.0064556957 -0.23149821 0.0050377958 0.23389614 0.042577684 -0.2695648 -0.026031658 0.10579567 0.0637464 -0.27272573 0.10938405 -0.032296333 0.00018335314 -0.02800796 -0.07907219 -0.13455902 0.11643474 -0.004703267 -0.06413224 0.02448873 0.024034958 -0.18036355 0.0028357806 -0.19627574 0.16726999 -0.08403092 0.18841809 -0.16769065
BHS -0.15627548 -0.3949024 0.21508579 0.0078670075 -0.13242584 -0.082681976 -0.18867096 -0.15916705 0.09650427 -0.020101635 0.03299133 0.24493875 -0.16443504 -0.20277224 0.12882675 0.269071 -0.16181073 -0.04877548 -0.09639028 -0.058134172 0.1497955 0.15741153 -0.27277583 -0.10242464 -0.19155063 0.34262425 -0.05062313 0.08386488 0.038776193 -0.067900345 -0.06223502 -0.13884072 0.1063686 0.1784745 0.016139226 -0.15773529 -0.038042646 -0.09090196 -0.025631923 0.20122014 -0.19602525 0.09942721 -0.09591128 0.029937103 0.14597663 -0.078481935 0.16561122 0.098673984 -0.05492325 0.037201956 -0.067567565 -0.058204718 -0.04121997 0.20125312 -0.114114136 -0.0132165225 0.09833924 -0.042844653 -0.13765 0.06951073 -0.02163042 0.13599528 0.17910448 0.24133022 0.09473898 0.026778657 -0.006383817 0.18470971 -0.04754916 -0.2731755 0.12373449 -0.10104257 -0.02722236 -0.08330767 -0.09144839 0.07445061 0.053722117 -0.114993006 0.025064975 0.089415215 -0.04710813 -0.24097045 -0.004493379 0.3958797 -0.12894368 0.25497794 0.12324071 -0.04546709 0.06391781 0.14399986 -0.0129521275 -0.012806108 0.19287497 -0.10836375 0.22315812 0.19810925 0.08582064 -0.06744829 -0.13307257 -0.35159242 -0.21873368 0.0146500515 0.27202636 0.18412417 -0.045366116 -0.08745351 0.43441543 -0.12035502 0.30319673 -0.11005817 -0.14832166 -0.05070143 -0.04184648 0.1630124 -0.28748456 0.020782806 0.132437 -0.18255204 0.07151694 -0.04506487 -0.31702375 -0.18858193 -0.012058375 -0.12847362 -0.055189822 -0.17950365 0.111053094 -0.16019212
LAO 0.1658681 -0.36845392 0.37306306 0.02622026 0.037443157 -0.2573443 0.061282013 0.024131082 0.031259593 0.08849704 0.12923877 -0.109713 -0.15721962 0.12406297 0.20698701 -0.059462957 -0.20688991 -0.0264865 0.35320315 0.13218588 0.1526594 -0.13734286 -0.15768294 0.027367746 -0.30504924 0.17094667 -0.098763704 0.19551219 0.14601184 -0.2755345 -0.28384015 0.09917751 0.17595589 0.14024211 -0.058820963 -0.04007348 0.24234948 -0.21443008 0.13591492 0.065582186 -0.05287207 0.2499926 -0.22497715 -0.08044024 0.25652617 0.2733427 -0.20593944 0.09398084 0.18221916 0.31856775 0.15971987 0.0063758944 0.012919444 0.03281392 -0.15206501 0.04564156 0.02210999 0.056737736 -0.09421127 0.16387565 -0.1450522 -0.17345092 0.25076634 0.46410877 0.24177861 -0.097952835 -0.21859004 0.12227263 0.11548063 -0.32153946 -0.25904337 0.080521025 -0.2694688 -0.1056815 -0.09175319 -0.42272463 -0.299937 -0.11420426 -0.26181275 0.022455156 -0.027148131 -0.018528571 0.023944352 0.16627198 0.20989962 -0.0016478444 0.12069793 -0.21583124 0.079593875 0.43244272 -0.3012755 -0.00051282474 0.16207828 0.11814525 0.16182718 -0.0028840792 -0.05238934 -0.16002175 0.0528466 -0.12147642 -0.23523666 0.11867755 -0.021698851 -0.13477822 -0.018743305 -0.04367271 -0.22519769 0.2507149 0.24977946 -0.17221387 0.13569266 -0.19006884 -0.049491636 -0.1652447 -0.3741117 -0.0361283 0.33720255 -0.13749683 -0.116347246 -0.00059511117 -0.13227881 -0.4457873 -0.28245565 0.003014925 -0.10781113 -0.3216105 -0.07526645 0.014578981
CHL 0.118561015 -0.50045294 0.14226292 -0.01940016 -0.055315893 0.037156176 -0.3235775 -0.1257548 0.20066653 -0.048164207 0.045056887 0.28760806 -0.21071097 -0.071269535 0.16290215 0.26230773 -0.20236324 0.06609521 -0.13117166 -0.08981184 0.02293067 0.004579207 -0.10097428 -0.0076305843 -0.09195351 0.26593927 0.0022810586 0.055893645 0.033684555 -0.21439862 -0.104617596 -0.02927758 0.15720044 0.12136118 0.12058163 -0.06725299 -0.012981591 -0.1794157 0.048198733 0.16491206 -0.30861315 0.20371833 -0.20402752 -0.05447238 0.14894104 -0.29444927 0.12699236 0.11236003 -0.0103407 0.07056079 -0.25497967 0.025385775 0.019899096 0.28973937 -0.29674995 0.15037718 0.1015904 0.31513318 -0.12838557 0.045650385 0.08176091 0.064359225 0.3027244 0.45704976 0.19766246 0.19897576 -0.007582756 0.23188534 -0.025446566 -0.19278282 0.09106768 -0.2007115 0.13998048 -0.06834206 0.027319837 -0.054840934 0.08688723 -0.20627804 -0.049192652 0.026386578 0.07533627 -0.35305497 -0.04871324 0.34378663 -0.16324502 0.35833126 0.10659531 -0.16297653 -0.034295022 0.17646839 0.07012976 -0.0064018243 0.18596998 -0.2543236 0.2872926 0.23968945 0.033085644 -0.08721639 -0.119538285 -0.35591587 -0.10773255 0.023659935 0.13402732 0.12381985 -0.06391941 -0.031031422 0.17240052 0.026570795 0.30101106 -0.27747515 -0.16333687 -0.11721891 -0.1565728 0.071804084 -0.12876211 -0.016192276 0.19037421 -0.16530743 -0.077617675 -0.09322022 -0.2389492 -0.13627596 -0.09466885 -0.13524143 -0.064341605 0.029062884 0.076617494 -0.23670128
PAN 0.07587154 -0.4987482 0.086397454 -0.094143115 0.07117849 0.17982282 -0.36799818 -0.35714385 -0.007845973 -0.09133503 0.13555825 0.13652919 -0.40338606 -0.30218607 0.21331407 0.34053633 -0.4371963 0.080083676 0.034204192 -0.14717965 0.034118753 0.033877164 -0.23893909 -0.0015569841 -0.11828775 0.26261848 -0.022602705 0.3769727 0.053427074 -0.016460977 -0.09547154 -0.26765904 0.16213728 0.20203236 -0.042228125 -0.0019055158 0.014475948 -0.06339081 0.15704617 0.27146885 -0.3673325 -0.021381741 -0.19024466 -0.03822587 0.3574618 -0.19302997 0.22533472 0.06643371 -0.06513168 0.15606865 -0.107526034 0.14516442 -0.011473202 0.1541264 -0.28291267 0.0144172525 0.1912718 0.18979661 -0.2207869 0.09349884 0.05638836 0.02880342 0.2454122 0.36769512 0.13488343 0.094544865 0.12047565 0.174764 -0.1794454 -0.362429 0.08670971 -0.19249955 0.004981608 0.038484205 -0.13918427 -0.38117108 0.109367356 -0.21482621 -0.15368022 0.15412845 -0.054855105 -0.22801556 -0.034758005 0.3037055 -0.104438454 0.4205961 0.113797255 -0.23892415 -0.005588799 -0.06497802 -0.0351688 -0.03786391 0.025773972 -0.1467965 0.29501778 0.21549863 0.11946782 -0.06858092 -0.19466895 -0.3599611 -0.025622105 -0.054319017 0.005917032 0.31015188 -0.11098504 -0.1585183 0.311552 0.04139064 0.38991305 -0.14984515 -0.1229503 -0.05882438 -0.23714614 0.19927402 -0.031619202 0.06966005 0.23855524 -0.077832006 -0.12521563 0.105714515 -0.117913105 -0.11635547 -0.07737854 -0.17096171 0.021150723 -0.10135048 0.029674465 -0.33797976
SVN -0.026779173 -0.09585427 -0.0007228152 -0.119113594 -0.09374871 0.009587156 -0.087811835 0.0077290493 0.28021443 0.051573183 0.030800935 0.11412814 -0.36192346 0.22737354 0.034307852 0.18595782 0.21123385 -0.27163148 0.04423652 0.03408962 0.34876463 0.003120855 -0.26584318 -0.074252784 -0.25052235 0.034069993 -0.20234928 0.16782057 0.020131368 -0.057825677 0.01013824 -0.30085164 -0.16785039 0.10508902 0.05742894 0.06768628 -0.1265955 -0.13643992 0.1648753 -0.043082867 -0.13127069 0.2553353 0.09204349 -0.3691202 0.03616656 -0.12545729 -0.14211807 -0.0615942 -0.40860403 -0.21277694 0.24466735 0.014454907 0.16371746 0.10970231 0.011667377 0.111298405 0.45243075 0.19318265 0.031959698 0.23627932 -0.10050569 0.023883983 0.09386101 0.15932062 0.12657157 -0.09944091 -0.04951302 0.06045806 -0.04055576 0.046035163 -0.14403298 -0.0361574 -0.15446183 0.060177613 -0.16190381 -0.36076972 0.10640508 0.25509274 -0.3343948 0.19628738 -0.22816627 -0.11762185 0.16689657 0.15707031 0.15036525 -0.059861805 -0.051071 -0.09132044 -0.09732957 -0.08398648 -0.061357345 -0.25689203 0.035659958 -0.22836792 0.107668504 -0.14422747 0.2440224 -0.2861566 -0.33123085 -0.042947292 -0.0106848525 -0.109175295 -0.01659645 0.18656956 0.30461305 -0.39246884 -0.07408222 0.18992035 0.16665202 -0.30791813 0.02583412 0.006706793 -0.06453376 -0.05744127 -0.040732954 0.09138264 0.27188534 0.00016061522 -0.031474933 -0.07184406 -0.3042436 -0.25857174 -0.23390768 -0.11936774 0.06447721 -0.074525036 0.10973002 -0.25094664
IDN -0.054635834 -0.26608938 -0.051553886 -0.028447352 0.07873178 0.0147001855 -0.056868706 0.07654863 0.03764233 0.10913032 -0.05199779 -0.12702629 -0.14017357 0.026731076 0.10413765 -0.06459877 -0.03391615 -0.089365214 -0.15191492 -0.04725082 0.12565443 -0.11800035 0.06906711 -0.12845083 -0.16829278 0.02573801 -0.11884248 -0.044406064 0.21805486 -0.08996168 0.06262603 0.20987716 -0.10003597 0.05177794 -0.1289051 0.071099535 0.08655358 -0.2090423 -0.27093005 -0.07496249 -0.15266381 0.09363523 0.059836365 0.06473239 -0.11088369 -0.0068431227 -0.20521475 -0.050886273 0.06264872 -0.050085817 0.04923859 0.075825796 0.10897165 0.111187875 -0.049554132 0.19349857 0.11181227 0.19268624 0.04855704 0.025880564 -0.103605315 -0.08504369 0.18917437 0.1820726 0.16201921 0.16279942 0.001108956 0.08695879 0.17122927 -0.25383595 -0.007002315 -0.011226552 -0.33731794 -0.18849337 0.09546639 -0.18374825 0.07042931 0.11730548 -0.06548632 0.14907454 -0.024565933 -0.17624046 -0.06619573 0.25556296 0.13519654 0.1774901 0.16034405 -0.089528486 0.035591032 0.21186143 -0.04837251 0.052290242 0.14512156 0.06536421 0.38492805 0.076505475 -0.15187076 -0.25611073 -0.2508699 -0.18302499 0.039487604 -0.06702272 0.030898014 0.028213155 0.051390257 -0.109424464 -0.015226969 0.14339784 0.36689854 -0.071316525 0.08646818 -0.1787544 0.26553318 0.121848986 -0.29551604 0.11744766 0.075406365 -0.0032076638 0.10407079 0.055950686 -0.19118117 -0.1945393 -0.07413194 -0.010316642 -0.14941704 -0.04423522 -0.08387246 -0.10416226
MOZ -0.04465472 -0.36357728 0.37160125 0.027049126 -0.09931438 -0.35206062 -0.09726227 -0.009972845 0.10495313 0.123751216 -0.21473132 -0.015010662 -0.05745317 -0.21158646 0.27553403 0.11622812 0.057365336 -0.037795622 0.1635838 0.14185709 0.19619429 0.12384984 -0.21293727 0.045416187 -0.25293088 0.29504842 -0.07185977 0.018733416 -0.014423452 -0.17140691 -0.13157535 0.110849366 0.09735507 0.02487051 -0.04318991 -0.09545708 0.0005366567 -0.19904941 0.027002314 0.076229684 -0.07162816 0.2264265 -0.1898635 -0.09982808 0.006699301 0.04263537 -0.062954634 0.13248831 -0.05658796 0.0042579025 -0.08208314 -0.08884348 0.04478091 0.12259911 -0.11025811 0.10676475 -0.011142684 0.09221604 -0.049481895 0.15827797 -0.09396958 -0.0008448488 0.3415065 0.5245354 0.16301452 0.09814067 -0.0013225791 0.015418086 0.2680146 -0.14114073 -0.15362765 0.034092247 -0.14020917 -0.1490665 -0.16419908 -0.07113132 -0.17409004 0.27638897 -0.027502479 0.113344684 0.051529035 -0.046110574 -0.13341005 0.22271131 0.058599126 0.089301474 -0.046401866 -0.118189625 0.12697951 0.35639372 -0.169589 0.050538182 0.080530114 0.027597904 0.065327965 -0.004330688 -0.2226413 -0.0723042 0.060417697 -0.28793424 -0.27866256 0.04382787 0.24672753 -0.044863246 -0.011391863 0.054796882 0.052846786 -0.031722277 0.35059872 -0.16960856 -0.14641969 -0.3190172 0.009648794 -0.070771426 -0.39132738 0.0010082216 0.0888576 -0.32030815 0.1246482 -0.014465169 -0.4498449 -0.42803192 -0.21640386 0.06760686 -0.2100172 -0.15244472 0.12036756 -0.018023368
MEX 0.17315325 -0.34127513 -0.005479487 -0.04641388 -0.09947335 0.027998349 -0.26538178 -0.064335406 0.12096965 -0.034086075 0.08841506 0.21875921 -0.18613039 -0.059057463 0.13657211 0.13525623 -0.017039547 -0.012828992 -0.068491325 -0.115510434 0.04405106 0.07095144 -0.14677662 0.012489405 -0.031152472 0.152197 0.058636636 0.035907995 0.15566662 -0.1440712 -0.125149 -0.09805682 -0.054784037 0.1091255 0.04082511 0.118197 -0.009970999 0.008725833 0.061467838 0.09515243 -0.11591519 0.15135975 -0.1688028 -0.09051063 0.16407613 -0.12375787 -0.05110101 0.0479338 -0.20652498 0.15106675 -0.09052947 -0.04831968 0.11105302 0.21022816 -0.09411386 0.20463914 0.19370401 0.25785664 -0.12583274 0.11972084 -0.11552436 0.1766208 0.15973344 0.28848135 0.12057109 0.05060885 0.068612784 0.19150856 -0.103677936 -0.10489298 0.039559323 -0.1359461 -0.017378464 -0.09256883 -0.03755334 -0.11190864 0.06477873 -0.07644262 -0.1485141 0.00055967894 -0.038597684 -0.18980657 0.027525889 0.30735317 -0.054652546 0.19651128 0.05483881 -0.23730458 -0.063063376 0.2332071 0.00062787114 -0.011983428 0.22817895 -0.16745968 0.31515577 0.1466758 0.14962928 -0.14997357 -0.17468968 -0.22704986 -0.11754095 -0.07644602 0.09478007 0.17298745 0.15008545 -0.23284218 0.12372404 -0.0061509903 0.17659026 -0.36107475 0.00271286 -0.057014287 -0.028439427 -0.015195129 -0.034203656 -0.08649367 0.12050475 -0.18291529 -0.064530164 -0.057914224 -0.14810891 -0.18432452 -0.09306466 -0.14973104 0.029514212 0.0201727 0.13630946 -0.1064255
ISL -0.019424545 -0.27490193 0.2900991 0.1171299 -0.12831783 -0.1915288 -0.025374813 -0.13484503 0.18730131 0.08731692 -0.07823009 -0.06191878 -0.064739846 -0.09239369 0.20686997 0.34505007 0.057252377 -0.14310889 0.08905269 -0.0010425007 0.049383916 0.34796488 -0.20195013 -0.17127913 -0.2180728 0.4335335 -0.12824859 -0.098496266 -0.1421722 -0.20179121 -0.30345517 -0.14341682 -0.13041072 -0.07365248 0.051274598 -0.17989826 0.05297502 -0.009683747 0.2793637 -0.016714122 -0.19851835 0.270048 0.14153586 -0.06636278 0.18112297 0.040242672 -0.22617812 0.32587346 0.16979249 0.27904487 -0.043810263 -0.002384029 0.112105265 0.15012854 0.072304934 -0.048340846 0.1261073 -0.027114222 -0.13347262 0.13810657 -0.19334906 -0.117348365 0.031377032 0.33012858 -0.10630009 -0.111396946 -0.007943112 0.17458643 -0.14115234 -0.14046851 0.068629585 0.16330363 -0.19811833 -0.122800045 -0.18100241 -0.3259147 -0.17639768 0.0710575 -0.0006115309 0.15896676 0.06680498 -0.0036596814 0.113345616 0.35834154 0.050498325 0.100036845 0.2463155 0.053936593 0.10687401 0.22600947 -0.006605295 -0.14841858 -0.027292503 0.06250643 0.09060143 -0.01889665 0.12603754 0.039732333 0.040411744 -0.12415501 -0.13248159 -0.024666037 0.088418014 0.34032008 0.0677316 -0.040239383 0.2085917 -0.08023125 -0.1548398 -0.22901872 0.05519345 -0.004385838 -0.1883356 -0.09332883 -0.21216919 -0.068348356 0.12578398 -0.19422041 0.15682068 -0.07093852 0.017755616 -0.15551968 0.02824597 -0.16439426 0.28748545 0.005892507 0.14460765 -0.09858655
DZA 0.21443944 -0.3562245 -0.24504837 0.008966157 -0.23535965 -0.26690027 -0.36152005 -0.023158897 0.17845105 0.02541687 -0.20705177 0.19571601 -0.17710488 -0.11205626 0.13190554 0.2882527 0.025230499 0.18314779 -0.05963007 -0.031779565 0.09332691 0.41683903 -0.12812495 -0.058250464 0.018816238 0.052637342 -0.023624152 -0.133781 0.2122201 -0.15329045 -0.0004711218 -0.1023275 -0.03304646 0.13861094 -0.041055392 0.08819261 0.008916805 0.17632635 0.048380796 0.09574826 -0.11682323 0.037745964 -0.17294303 -0.042577926 -0.020306703 -0.043109685 -0.11057904 0.121310726 -0.242547 0.038254786 -0.107784584 -0.08220671 -0.06890281 0.2032427 -0.07531339 0.11612798 0.18543683 0.27865842 -0.09811367 0.06063569 -0.057233278 0.32014555 0.15490377 0.35960516 0.07905098 0.07882457 0.2338108 0.12630695 -0.0873088 -0.106370434 0.09780803 -0.12124977 -0.2712575 -0.1553179 -0.040251784 -0.1262711 -0.012069035 0.12844136 -0.0042918553 -0.051266417 -0.009476936 -0.05665473 0.08909285 0.33923152 -0.069030374 0.35869583 0.036953896 -0.022956384 -0.124381475 0.44526663 0.22705656 -0.12283966 0.14568312 -0.14574043 0.4231957 -0.040532842 0.10583119 -0.24939048 -0.2538214 -0.22343256 -0.07921737 0.0167315 0.20242845 0.25057617 0.10615667 -0.16047813 0.30274376 -0.13040698 0.2841375 -0.36084822 0.0847977 0.13600913 -0.05048484 0.23552214 -0.47914258 -0.22991368 0.10836719 -0.37921393 0.15295175 0.11932391 -0.20303127 -0.23828907 -0.23928581 -0.14257476 0.0035032928 -0.023556925 0.1478009 0.11109136
URY -0.01130658 -0.44233036 0.18625094 0.21199141 -0.017463498 0.033866134 -0.22464667 -0.041853014 0.09379959 -0.06468029 0.093528904 -0.11150839 -0.18965822 -0.1598733 0.15755658 0.10656283 0.0398904 -0.098154716 -0.06179073 -0.19673277 0.07561435 0.0647671 -0.03016394 -0.10859576 -0.09933829 0.36396778 0.06579582 -0.13579169 -0.093820184 -0.279109 -0.07019853 0.011915168 0.003701186 0.06630062 -0.058611337 -0.1438629 0.14412548 -0.25337967 -0.01813699 -0.058843765 -0.28075808 0.20089208 0.0481178 -0.033121876 -0.017190337 -0.21007985 -0.08115884 0.048560247 0.15198794 -0.012915006 -0.31604525 0.050200295 0.24428403 0.16070242 -0.016174415 0.20258705 0.12371053 0.1847598 -0.11176521 -0.014548364 0.12630248 -0.022968296 0.30860195 0.3883569 0.18506637 0.08793101 0.008191067 0.1870989 0.14035235 -0.21508963 -0.07278884 -0.044762697 -0.022224013 -0.084945485 -0.015148579 -0.122460224 0.012457057 0.057104558 0.08694052 0.13152659 0.16165246 -0.21224871 0.018520448 0.23118888 -0.08631409 0.25400952 0.18037276 -0.053135384 -0.019490171 0.1613955 -0.027484687 0.08780309 0.15315638 -0.055881865 0.20197448 0.08294688 -0.22469449 0.011038974 0.0091205565 -0.3454427 -0.096756995 -0.1734547 0.07018174 0.14376122 -0.062461242 0.013036281 -0.08325748 0.005466467 0.19026561 -0.19830269 0.0688376 -0.17669092 -0.00278443 -0.024339043 -0.14542292 -0.042469632 0.05741639 -0.09387065 0.08324931 -0.13594894 -0.23260331 -0.12788193 0.027799409 -0.1154242 -0.09929461 0.008919976 0.0168159 -0.115905665
MMR 0.11427875 -0.25128055 0.28737575 0.13992076 0.036787227 -0.2121314 0.06407228 -0.01204942 0.17848541 0.05477434 0.18629426 -0.014174067 -0.14747877 0.1537315 0.0376945 -0.12262464 -0.13305077 -0.1477685 0.25726917 0.08679102 0.2804523 -0.001309743 -0.28639388 -0.07564622 -0.46807167 0.036919802 -0.17664081 0.2421317 0.24619138 -0.2855216 -0.15907882 0.17214367 0.11403903 0.09327368 0.008678272 0.02148774 0.16367806 -0.18188514 0.044141494 0.07908326 -0.040340703 0.3861394 -0.15485072 -0.21811534 0.31812787 0.23671971 -0.17314737 0.0500357 -0.080181986 0.14962941 0.14650184 -0.026573915 0.050336562 -0.0017332702 0.020623194 0.015963983 0.122546434 -0.01702902 -0.050520677 0.13670786 -0.14586115 -0.039175484 0.08106775 0.36829537 0.32944268 -0.14420283 -0.1914015 0.12990785 0.04207204 -0.1289816 -0.3583097 0.03579267 -0.35076696 0.06253955 -0.049035598 -0.22109719 -0.2721672 0.033607658 -0.31718358 0.1346052 -0.18873239 -0.12842025 0.04677489 0.083094604 0.34009466 -0.018618202 0.07651729 -0.18520564 0.11374437 0.36069727 -0.19014484 -0.06586071 0.31054455 0.017744262 0.1372857 0.07705189 -0.056198783 -0.2380506 0.024953652 0.030579992 -0.22181602 0.100904934 0.06713915 -0.22031109 0.046576306 -0.14662315 -0.2258397 0.21738769 0.28008392 -0.11258837 0.1422042 -0.22914441 0.10793444 -0.036668826 -0.25202718 -0.07475849 0.36199948 0.01830587 -0.12490026 0.0134220915 -0.1825339 -0.35682073 -0.27912346 -0.04558849 -0.09061815 -0.33483955 -0.051804762 0.05212618
LCA 0.01156368 -0.36033648 0.22316754 -0.22290416 -0.10922722 -0.018404871 -0.23683603 -0.14294636 0.07712823 -0.01779612 -0.047972966 0.24982597 -0.14189647 -0.17309138 0.27314 0.31619024 -0.18910696 0.0026801599 -0.09633979 0.118366644 0.10765422 0.023668358 -0.18301879 -0.03682193 -0.06134584 0.23337215 -0.07669406 0.10682235 0.060100947 -0.04495967 -0.11799681 -0.15642099 -0.0035516869 0.063919984 0.012639371 -0.020034894 -0.08275049 0.08425497 0.09377427 0.14208597 -0.21055625 0.16332015 -0.122799575 0.009390481 0.12580417 -0.04190233 0.2578167 0.1213793 -0.06279685 0.15470114 0.06098844 -0.056804426 -0.17159328 0.26860112 -0.20485514 0.0677962 0.10851836 -0.018076917 -0.14753485 0.12315387 -0.1505782 -0.0077824523 0.13515402 0.32831332 0.094191045 0.14555998 0.06629292 0.15153755 -0.14017653 -0.3265284 0.17025328 -0.19189997 -0.04313321 -0.095743135 -0.07130204 -0.14071383 0.038132492 -0.1888591 -0.0682352 0.014128432 0.031514853 -0.17848837 -0.092671745 0.4313979 -0.13958491 0.2611299 0.027953796 -0.19720754 0.105648175 0.077187456 -0.056448046 -0.09239114 0.025183683 -0.14939968 0.31470013 0.15453443 0.250315 -0.09317344 -0.28710607 -0.32994103 -0.08839075 0.105916105 0.20250222 0.19758198 0.09254705 -0.17722116 0.46706244 -0.07889954 0.23034234 -0.2989929 -0.10480066 -0.10699019 -0.16882968 0.016318064 -0.051872265 0.13308251 0.08359528 -0.29854745 0.028491223 -0.07686395 -0.15161997 -0.16284446 -0.08822288 0.00032051405 -0.06333139 -0.040901996 0.0086968625 -0.20872466
JPN -0.03350513 -0.22231738 0.27104947 0.066529684 0.055295803 -0.16861388 0.06618525 -0.087937556 0.093425594 0.20320296 0.21866307 -0.074607044 -0.018820148 0.10437077 0.15235618 -0.1258832 -0.057397567 -0.036787473 0.061033808 0.10561884 0.1997367 0.03854563 0.050650924 -0.2595915 -0.35149616 0.08124525 -0.017708901 0.18694368 0.046787802 -0.177054 -0.10185507 0.11418373 0.00084261934 -0.026747363 -0.020933045 0.029909695 0.16269909 -0.32759488 -0.097169705 -0.09423119 -0.102569886 0.1991506 -0.08828626 -0.0016296748 0.12249195 0.158496 -0.28838924 0.029896751 0.13696642 0.185032 0.12028083 0.07717343 -0.08103546 0.14037013 -0.0757968 -0.022403607 0.013504749 0.008463532 -0.035101727 0.061817348 -0.11382755 -0.13569136 -0.032971185 0.20825444 0.25728625 0.0031550708 -0.033231307 0.058470782 0.09316107 -0.14935051 -0.15303172 -0.049135804 -0.33394924 -0.16862597 0.120414175 -0.16863725 -0.13827133 0.036204137 -0.12718593 0.2528694 -0.17323606 -0.09278602 -0.017018056 0.21145049 0.27648255 -0.03183259 0.23963852 -0.3137569 0.0048620575 0.27517897 -0.26671052 -0.050756276 0.21061806 -0.049718715 0.19446534 0.13887095 -0.09548362 -0.19876574 -0.084661745 -0.034480896 0.023569573 0.015330541 0.06941047 -0.1941935 0.051867176 -0.117331825 -0.15818088 0.13364105 0.2068164 0.017034762 0.08955373 -0.26555187 0.24183325 -0.09825594 -0.31238955 0.26176652 0.13158631 -0.02588675 0.010605444 -0.08770456 -0.15614766 -0.17474706 -0.09929876 -0.07403261 -0.07217095 -0.20986262 -0.11058096 -0.06840054
ZWE -0.21068962 -0.23271552 0.3545409 0.24708329 -0.0737638 -0.06825817 -0.038418207 -0.14203344 0.18503824 0.019725045 0.07678259 -0.038122892 -0.24777731 -0.093686916 0.056442637 -0.031104691 0.09079481 -0.12118602 -0.014651184 -0.04293777 0.27104974 0.18200372 -0.071734056 -0.11881378 -0.39525712 0.3167018 0.11133315 0.08845613 -0.13084492 -0.28264424 -0.053875986 -0.04275706 -0.02816274 0.014292415 -0.030905997 -0.10587895 0.01729518 -0.36693364 -0.1034001 -0.042555574 -0.12345077 0.14366779 0.041889325 -0.06802647 -0.0036117195 0.09811246 -0.15466388 -0.04420775 -0.0012204613 -0.091514625 -0.017184868 -0.018246941 0.0776591 0.14974469 0.06429868 0.059962094 0.10421044 -0.044891804 -0.19010244 -0.0058191726 0.048721984 0.03560139 0.20544319 0.22298524 0.1504347 -0.051064447 -0.0033202667 0.036644656 0.19416077 -0.09146117 -0.121865384 0.047000535 -0.21258144 -0.11815569 -0.07037675 -0.007687735 -0.025544493 0.27242184 -0.031614434 0.27043906 -0.07726878 0.07310808 0.1480363 0.16442284 0.083079346 -0.0061704535 0.10998646 -0.15255205 -0.038512748 0.27385858 -0.16790378 0.01972778 0.18255341 -0.015519576 0.0529962 0.09312518 -0.2602586 -0.14804146 0.08645032 -0.22881462 -0.08305638 -0.12011163 0.16861525 0.020963775 -0.038156305 -0.1551884 -0.016272485 0.08265382 0.23397538 -0.17990462 -0.027525393 -0.2894841 0.14441232 0.01258635 -0.34058607 0.08706756 0.14605413 -0.022961114 0.18117148 -0.08322025 -0.37966037 -0.23494788 0.009613576 -0.19773623 -0.09643936 -0.26376382 -0.027931435 -0.12832382
LKA 0.11315034 -0.24016695 0.31188327 0.09419024 -0.049887463 -0.35602435 0.18200932 -0.026261963 0.20371829 0.17936367 0.06782972 -0.11179334 0.0798173 -0.02464751 0.29171446 0.14911145 -0.14645435 -0.0914432 0.2121556 0.2595718 0.06702048 0.18010442 -0.11784177 -0.03655817 -0.44680113 0.36233222 -0.07178595 0.09725234 0.00136847 -0.2309523 -0.2793327 0.17545818 -0.07520564 -0.124812156 -0.041736886 -0.15247309 0.18653937 -0.14379242 0.26243347 0.02520268 -0.069562994 0.37882385 0.0052815313 -0.057079975 0.12171563 0.25727165 -0.26939678 0.2977208 0.3180559 0.22237821 0.09183322 -0.06594251 -0.06842954 0.12952189 -0.05519569 -0.14170636 0.037186325 -0.023535267 -0.03463369 0.09580369 -0.13182631 -0.27689847 -0.028975176 0.37801477 0.08917561 -0.18066242 -0.18516695 0.09031369 0.06835276 -0.17183408 -0.040258046 0.13278481 -0.23525877 -0.12548342 -0.076559894 -0.29590997 -0.29588643 0.051597174 -0.101840906 0.18601832 0.070086464 -0.14611697 -0.032095615 0.13838519 0.20799091 -0.012944044 0.1138444 -0.06993189 0.09811835 0.36369276 -0.26461053 -0.14584033 0.02953214 0.07699739 0.082165495 0.0637322 -0.08172685 0.008138867 0.051122744 0.029315464 -0.19162248 0.09132354 0.11476367 0.038285047 -0.012844248 -0.112042256 0.07700426 0.098243654 -0.061195534 -0.027123606 0.031023953 -0.07560308 0.03348442 -0.035941053 -0.26716763 0.083456494 0.14096089 -0.13350615 -0.023588497 -0.079106584 -0.096998006 -0.33666003 -0.1284164 -0.07660711 0.07885108 -0.21601331 0.011538134 -0.12230665
PER 0.023062041 -0.38005602 0.006401416 -0.08944701 -0.048075538 0.017647069 -0.2459181 -0.08698142 0.04818752 -0.0040851156 0.04225836 0.09848781 -0.092015445 -0.22672021 0.18320717 0.14517105 -0.027724434 -0.027670963 -0.16399153 -0.120853715 0.01924829 -0.01037535 -0.06428464 -0.016147057 -0.02519175 0.19861373 -0.048877005 -0.052518327 0.13518567 -0.0067845406 -0.07402079 -0.040543642 -0.04783659 0.067661464 -0.05460559 0.013801588 0.008995497 -0.01422254 -0.059670456 0.052387893 -0.16909038 0.08305804 -0.048976324 0.013753593 0.033854283 -0.15116026 -0.0072283763 0.032529686 -0.060784634 0.10722251 -0.12616645 -0.011089356 0.05995972 0.20023477 -0.13699234 0.1277287 0.13749322 0.18658988 -0.05916316 0.06692124 -0.094438486 0.10096024 0.17390367 0.23167336 0.096434705 0.1384772 0.10810468 0.1762862 -0.009165689 -0.25387007 0.12006572 -0.10141448 -0.114050165 -0.15382193 -0.013593466 -0.12451369 0.13644266 -0.06594326 -0.009292253 0.04541214 0.04698439 -0.20595424 -0.058165725 0.36539233 -0.0741773 0.26598847 0.13980024 -0.13535932 -0.0031532506 0.19200988 -0.008106951 0.04410018 0.17266361 -0.050499097 0.32130274 0.11138706 0.07410018 -0.1319316 -0.26708248 -0.30409098 -0.102745146 -0.07608681 0.13604464 0.21827139 0.09440509 -0.13890737 0.24506171 -0.09861529 0.31441978 -0.2688265 -0.036063313 -0.07383633 0.028465016 0.06829535 -0.13652481 0.027528973 0.09149337 -0.2005901 0.028875548 -0.040186744 -0.16929166 -0.19337364 -0.043465953 -0.049932405 -0.030561842 0.023896286 0.09022875 -0.15021515
NZL -0.0325035 -0.22839035 0.26199502 0.041679252 0.1001142 -0.10879336 0.00040948798 -0.2235686 0.051970467 0.14502549 0.21540275 -0.038127568 0.020085484 0.019009558 0.14214407 -0.033651125 -0.14696705 -0.06347197 -0.028483046 0.06579102 0.2003518 0.0628135 0.010675391 -0.2889748 -0.3309415 -0.039292436 -0.08726501 0.22988032 0.022237906 -0.06748669 -0.04398089 0.12857915 0.010738091 -0.058917254 0.016659213 0.04402203 0.09983797 -0.1914077 -0.1457373 -0.012197433 -0.17194316 0.18330857 -0.08319582 0.054960836 0.15404908 0.07391773 -0.13538295 0.03850783 0.012501704 0.16436431 0.043087214 0.16804983 -0.109758675 0.088964604 -0.14983788 -0.042911295 0.0070999525 -0.029631436 0.016617168 0.07520167 -0.07433214 -0.07590813 -0.13193113 0.14654875 0.27184138 0.009723716 0.03141952 0.034314744 0.021112947 -0.119485974 -0.11509916 -0.12572737 -0.30559495 -0.091746286 0.1532994 -0.13947137 -0.110784836 0.023114027 -0.081604935 0.23171791 -0.2873081 -0.20533115 -0.045276858 0.2835652 0.23910765 0.11160956 0.279936 -0.25585476 0.05858785 0.10499861 -0.23140979 -0.11554014 0.22258918 -0.14112753 0.21581273 0.21452875 0.03482394 -0.22695039 -0.17185569 0.034164213 0.03581061 0.068737976 0.0782997 -0.17013776 0.035206158 -0.07930509 -0.022239272 0.007923355 0.23648845 0.12048551 0.062870026 -0.23809958 0.2062972 -0.0792104 -0.13082054 0.30488864 0.14732015 0.00940377 -0.023818417 -0.072893545 -0.088247985 -0.10756292 -0.07610645 -0.037559744 -0.10675669 -0.10874454 -0.16647285 -0.06608758
GMB -0.19641095 -0.21025121 0.42586038 0.18584253 -0.085779645 -0.26848215 0.031686377 -0.07487468 0.239406 0.06905683 0.055525478 0.012779999 -0.084635355 0.034426082 0.039581362 0.114430465 0.07453707 -0.20642763 0.08477944 0.034928493 0.31829715 0.21547584 -0.23766601 -0.23784071 -0.3376053 0.2869611 -0.13975315 -0.02023193 -0.13935906 -0.2768256 -0.15830314 -0.040477518 0.058058187 0.071790166 0.036471747 -0.20866702 0.019788498 -0.2400947 0.02234794 -0.016014276 -0.07266098 0.30715612 0.099666074 -0.076970294 0.063521676 0.04791962 -0.12249003 0.2006881 0.0002771846 0.04595098 -0.008319385 -0.08271035 0.098958984 0.09465196 0.09203028 0.0051069986 0.0062807146 -0.15258539 -0.07006914 0.10429037 -0.09508068 -0.028429037 0.077572145 0.2816765 0.12315423 -0.11258096 -0.12627341 0.18358439 0.053884298 -0.016716858 -0.15387952 0.030058254 -0.17395121 -0.07313812 -0.14444451 -0.020054866 -0.13033645 0.10761701 -0.057033446 0.22737627 -0.097269595 -0.13747437 0.04770706 0.31481218 0.10442334 -0.036488567 0.20760775 0.043577336 0.15747142 0.28237176 -0.14858219 -0.1000284 0.13436249 -0.07221351 0.05833423 0.047510862 -0.0605713 -0.04511229 0.13422112 -0.14591779 -0.16006987 -0.014909854 0.18180886 -0.06453041 -0.02644632 -0.021210898 0.0911241 0.027215855 -0.002655237 -0.073391475 0.061237987 -0.18733013 3.899343e-05 -0.13460504 -0.31612083 -0.02317776 0.13470533 -0.0774051 0.16959518 -0.17596051 -0.23284057 -0.18142386 -0.011509726 -0.11521445 0.0042296564 -0.21567625 0.008577704 -0.0240751
CYP 0.00026750896 -0.17246163 -0.0046106307 0.006464556 0.050690588 -0.06962041 -0.11476447 -0.16551982 0.19437571 0.030923862 -0.14823358 -0.22096057 -0.3504147 -0.27147567 0.227037 0.31293893 -0.01136933 -0.12626137 0.008111585 -0.07145081 0.19117403 0.44851974 -0.12615675 -0.12730461 -0.16954547 0.2288577 0.009953482 -0.06589175 -0.036004834 -0.08531611 -0.06272112 -0.23418386 -0.17840731 -0.031397466 -0.20029229 0.1353901 -0.06913117 0.010298313 0.16954795 -0.06663615 -0.14882523 0.02437221 0.096284874 -0.043791134 0.068875045 0.043565508 -0.2225664 0.12337291 -0.11948339 0.07979227 -0.057619203 0.16544072 0.16910464 0.19237003 0.05578209 0.09864383 0.19840793 0.18211892 -0.18107893 0.17917769 -0.15883255 -0.034311976 0.21331151 0.30167362 -0.096090615 -0.046922166 0.18395463 0.026096933 -0.09461895 0.052918434 0.017156402 0.15817538 -0.22280258 0.009341378 -0.27422217 -0.41893846 -0.06818464 0.281468 -0.10796216 0.3087503 -0.0073561394 0.06522613 0.025567506 0.312086 0.11971505 0.13218358 0.115933836 -0.017122112 0.032393694 0.076718286 -0.02863699 -0.18822652 -0.119515836 -0.03603169 0.25504798 -0.037326023 0.008063736 0.012591395 -0.0840132 -0.13016291 0.12771517 -0.19175819 -0.0455603 0.37972084 0.01957319 -0.22578412 0.1414959 0.07783316 -0.02709614 -0.23665105 0.1099102 -0.031874023 -0.14021885 0.09349725 -0.14575861 -0.033736274 0.10633265 -0.18980215 0.20115127 0.13243717 -0.032687802 -0.09216169 0.017908312 -0.14011656 0.27308437 -0.0385808 0.21428323 -0.15054344
HKG 0.12786815 -0.34084973 0.07172305 -0.087053455 0.09655101 -0.28509802 -0.115960315 0.06747464 0.029804189 0.1586839 0.061347753 -0.21966165 0.18876696 -0.20491445 0.22162208 0.10856027 0.0653684 -0.18506455 -0.11432271 0.12806204 0.25147495 0.056617223 0.1060063 -0.24981274 0.013188195 -0.124461934 -0.062011607 -0.03498107 0.15273662 0.030845266 0.11570058 0.13695315 -0.25686902 0.11665856 -0.3429928 -0.03860728 0.20319168 0.20303325 -0.0064232675 -0.27945116 -0.25416002 0.264638 0.2525943 0.041809145 -0.16343988 0.0009110852 -0.14597534 0.26821736 -0.10152689 0.038800564 0.00804796 0.16289516 -0.046366464 0.05776617 -0.06954808 0.0483011 0.07670927 0.05920719 0.281084 -0.0025022072 -0.26927736 -0.16104175 -0.10380378 0.22223787 0.19251207 0.023701 0.15098904 -0.081550814 0.057369687 -0.048288647 -0.23054466 -0.09996731 -0.37929532 -0.012070671 -0.16446258 -0.38418898 0.10820462 0.056299184 -0.05457863 0.28627685 0.048174884 -0.25893435 -0.3426912 0.5185461 0.17841178 0.37542725 0.27417237 -0.008040926 0.036367152 0.007200783 -0.09635446 -0.27969787 0.16360196 -0.16407955 0.20732537 -0.030937353 0.12108062 -0.10318775 -0.23321562 0.083906405 0.2318918 -0.035666965 0.15887894 0.20377214 0.30086115 -0.22499336 0.07024228 -0.168343 0.08696486 0.01331709 0.17638446 -0.12867105 0.028961169 -0.06286963 -0.07703972 0.25210723 0.10370422 -0.16352959 0.15407456 -0.085064195 0.049671568 -0.12386466 0.008052574 0.09659983 -0.035349272 0.008651806 -0.3297382 -0.14918734
UZB 0.11652689 -0.011975588 -0.0024793004 0.0059053535 0.032840263 0.113164045 -0.3397174 0.1351568 0.14249843 0.068386056 -0.42760858 -0.07961395 -0.32294348 0.06347022 0.2308732 0.2888596 -0.073362686 -0.06792182 0.14837678 0.11637967 0.25908095 0.27002487 -0.20188439 -0.16009821 -0.07375479 0.015660949 0.01278757 -0.014928466 -0.2797082 -0.18398495 0.015312404 -0.2936307 -0.09536215 -0.092160344 -0.05026057 0.36975917 -0.037728287 0.12401888 0.31718948 -0.07560418 -0.15576866 0.2618649 0.06473641 -0.1892397 -0.055130716 -0.019641481 0.18956445 0.2321519 -0.24781893 -0.13847597 0.08377146 0.110771626 0.07373945 0.11236446 0.0599884 0.08077135 0.25393713 0.09001524 -0.046431974 0.06862402 -0.17010157 -0.1793872 0.045391336 0.66055185 0.18159094 0.15257105 0.102428675 0.0934162 -0.28874242 -0.041413315 -0.24943252 -0.13134684 -0.112171635 0.10627153 -0.06434261 -0.34640396 -0.21387307 0.26087973 -0.10582219 0.17446429 -0.09705577 -0.12128884 0.02421935 0.3233273 0.0016598065 0.16980523 0.016937217 -0.09926457 0.15089032 -0.15665865 0.1183513 -0.34057525 -0.09890251 -0.21426445 0.32317495 -0.110454336 0.0064732037 -0.24319008 -0.21695034 -0.17867294 0.16419959 0.1085696 -0.043823767 0.07472121 0.1720025 -0.2921016 0.019770293 0.22182234 -0.01703677 -0.27883926 0.052715488 -0.34399894 -0.33668903 -0.22358103 0.057050567 0.025530742 0.10456308 -0.2704562 0.29743183 -0.036952645 -0.026436502 -0.015628116 -0.27753043 0.096264236 -0.0841801 0.053822733 -0.0039355047 0.053392105
BWA -0.3107785 -0.2080565 0.10225332 0.24916776 -0.11007544 0.024040176 -0.097547434 0.049012657 0.18744765 0.12537467 0.041037858 0.019494137 -0.0480821 -0.1742118 0.040155727 0.17713328 0.01250908 -0.2330476 0.12845747 -0.092016675 -0.07215923 0.25542417 -0.4434852 -0.13805656 -0.29859355 0.36186075 0.13905159 -0.0025803377 -0.22029202 -0.14031762 0.10094803 -0.1118455 -0.19460717 0.029991005 -0.09830632 0.12482478 0.09230679 -0.08948998 0.041656293 -0.084489524 -0.18317945 0.20131852 0.12578864 -0.010887364 0.14328963 0.080001205 -0.08109505 0.11783206 0.12865554 -0.006549785 0.013292661 -0.09331495 0.1990492 0.2185991 0.29626915 -0.11872109 0.11231158 -0.028311782 -0.19642334 0.11205815 -0.059217628 -0.056260284 0.2684451 0.22857101 0.044903114 -0.10512007 -0.04483689 0.08598927 0.018400073 -0.073021114 0.04301673 0.1570385 -0.12593463 0.025707847 -0.15926212 -0.044953134 -0.2138501 0.19805522 0.0020023976 0.31185073 -0.03463566 -0.19403586 0.031819925 0.3094483 0.027994206 0.17244221 0.22137582 0.029395472 0.08049578 0.08337735 0.07722867 0.026235659 0.120844044 0.17359509 0.09076458 0.081083626 -0.23610084 -0.01715085 -0.02546817 -0.2731698 -0.028367491 -0.1759214 0.2972995 0.22229491 -0.12568654 -0.23247282 0.1384675 0.071180075 0.07455602 0.010402519 0.059771866 -0.15245815 0.19332255 0.17563462 -0.31459296 -0.13665694 -0.029562326 -0.037396904 0.1023955 0.036219627 -0.12529579 -0.1837386 0.127852 -0.21714666 0.056583654 -0.34656933 0.25656158 -0.17584004
PHL 0.015412807 -0.20811382 0.21092752 0.043702714 0.014769402 -0.18835805 -0.010195442 -0.042747755 0.14819923 0.15624718 -0.025647258 -0.014396556 0.0013419634 0.14350577 0.10169606 -0.011295152 -0.040666264 -0.022835761 -0.010318903 0.14276561 0.20125605 0.11202121 0.011547341 -0.24943632 -0.23687324 0.007284689 -0.13743404 0.068462916 0.12967873 -0.16849948 -0.04092918 0.18190046 -0.015477673 -0.03822302 0.059742745 -0.0106580965 0.12660222 -0.15228319 -0.06933433 -0.014934888 -0.16174397 0.2847846 -0.014050831 -0.019283146 0.057295453 0.13473672 -0.12467132 0.122638695 0.05029232 0.0359391 0.06786746 0.05422772 -0.045828998 0.13688244 -0.07238261 0.03507069 0.011927579 0.010255862 0.066355504 0.062281214 -0.12530023 -0.16438772 -0.036786802 0.28019065 0.21396396 0.050167616 -0.04380531 0.013336739 0.012658158 -0.12852742 -0.09156452 -0.11444317 -0.27267504 -0.082570285 0.12326617 -0.083830886 -0.15248518 0.07932829 -0.0806626 0.13911428 -0.13621794 -0.20782185 -0.07315743 0.27356797 0.23795538 0.074201055 0.1698884 -0.11899861 0.11104578 0.24598145 -0.12150653 -0.12083581 0.16091044 -0.059705053 0.2983456 0.12658988 0.02173182 -0.19534726 -0.14408195 -0.009517983 0.0018527416 0.1551592 0.14200266 -0.19694623 0.099718 -0.07302702 0.012133913 0.06603501 0.19259775 0.02502887 0.094508134 -0.23541684 0.18288483 -0.059561867 -0.22334972 0.20014043 0.08890507 -0.035358936 0.031127004 -0.073003896 -0.09805701 -0.14321962 -0.11441412 0.030518092 -0.13777614 -0.12238024 -0.16706458 -0.017847955
MDA 0.09061789 -0.12085054 0.11837809 0.08641845 0.05620371 0.001862484 -0.17204498 0.087322995 0.10968987 0.24469374 -0.19679461 -0.05639618 -0.1879932 0.083343215 0.14569187 -0.029984627 0.05447062 -0.1283466 0.13121094 -0.0061263978 0.18848097 0.027977185 -0.18143204 -0.09049209 -0.166628 -0.033944193 -0.08844796 0.13209014 0.030635977 -0.07272256 0.034994513 -0.011929035 -0.13099048 -0.025159542 0.06799923 0.23237471 -0.04291731 -0.08746743 0.14934176 0.016743572 -0.17286654 0.33379933 -0.13653173 -0.29310074 0.16714133 -0.026253846 -0.14851154 0.11027765 -0.24216059 -0.019704893 0.07952429 0.013557739 0.12445559 0.09013415 0.015579978 0.2081525 0.21065857 0.21738014 -0.0066367574 0.19097798 -0.18961819 -0.04145888 0.08767266 0.525977 0.17261793 0.12315153 0.108277075 0.010144423 -0.05354563 0.02506181 -0.24223067 -0.06825082 -0.13331927 0.10198816 0.022556333 -0.26373708 -0.09050341 0.24869989 -0.11899005 0.09215733 -0.1648042 -0.10016098 -0.028211685 0.19448736 0.12514685 0.033340987 0.00044151352 -0.24917614 0.02752907 0.098080225 0.036176365 -0.054533284 0.14245825 -0.07336742 0.14401075 0.008324062 -0.040394966 -0.2914889 -0.025364744 -0.065755785 -0.06881112 0.034999058 0.086664826 -0.035418868 0.1556039 -0.21239439 -0.15727673 0.039896294 0.24376224 -0.24201506 -0.057904143 -0.3105877 0.005523506 -0.22722399 -0.011676852 0.026408194 0.17740753 -0.02230177 0.046697054 -0.051724672 -0.13381462 -0.14817265 -0.18821977 0.15053596 -0.06014769 0.04540469 0.099230155 0.066151954
FIN 0.07173474 -0.13754135 0.104893245 -0.021979652 -0.012816286 -0.06320814 -0.15856208 0.0739723 0.13153674 -0.092608206 -0.13417864 0.0875248 -0.053838167 0.108839706 0.14756304 0.2908525 0.04313601 -0.13725078 -0.037921313 0.036087073 0.22137688 0.2615983 -0.10776761 -0.32991248 0.051847283 0.081418134 -0.111442715 -0.19972855 -0.14241387 -0.16620877 -0.106370196 -0.20973551 0.036274042 -0.023118867 0.055175744 0.039758608 0.08775946 0.11091998 0.18874802 -0.08070852 -0.15599628 0.27939197 0.18510439 -0.0366804 -0.05129 -0.08436491 0.13123195 0.21983483 -0.11049683 0.02318032 -0.069618925 0.08118015 0.1330026 0.16258682 0.0536463 0.07367249 0.23458755 -0.03649211 0.05299369 0.014185171 -0.12129683 -0.082123615 -0.046836216 0.31059113 0.17439777 0.09962555 0.007078667 0.26885867 -0.27095008 -0.09493782 -0.105012156 -0.18193549 -0.14007393 -0.058003984 -0.065794095 -0.11930184 -0.16023783 -0.025273781 -0.06235525 0.10192578 -0.03332718 -0.31488168 0.016258018 0.49659064 0.007604746 0.20147793 0.16876492 0.04138917 0.1589145 0.022022681 0.034786854 -0.31103012 0.09099458 -0.26636842 0.3536578 -0.031337146 0.17111523 -0.088395484 -0.28849792 -0.086435534 0.0073765405 0.14697021 -0.028702667 0.08538751 0.25407347 -0.14382409 0.1277308 0.032492276 -0.083604425 -0.18465967 0.2274757 -0.17420432 -0.2314934 -0.23350284 -0.03350761 0.04664379 0.0948012 -0.2660083 0.1933588 -0.14743604 -0.093529776 -0.010401457 -0.11803341 -0.035191372 -0.05798284 0.020606523 -0.00016788364 0.07359203
BGR 0.11422073 0.04368749 -0.19349727 -0.103767306 0.029354654 0.08464489 -0.14214376 0.02000177 0.23950872 -0.023048017 -0.05839305 -0.021186974 -0.12592092 0.017773684 0.14930017 0.29178458 -0.16250232 -0.14027096 -0.0048448625 0.19089536 0.19156024 0.19593096 -0.112564735 -0.18224923 -0.14834999 0.05537995 0.0039753034 0.0134829 -0.13197498 -0.107779585 -0.052510597 -0.2408382 -0.023961773 -0.12626098 -0.109697 0.32023686 0.081932195 0.06881248 0.19746155 -0.09056409 -0.03124445 0.14045317 0.18523015 -0.115888216 -0.09288649 0.00086145505 0.09658511 0.11560314 -0.15403514 -0.091141164 0.06286694 0.1335607 0.07137265 0.19925293 -0.009396903 -0.0405929 0.3558901 0.13352317 -0.021699106 -0.0041707694 -0.1868375 -0.09345003 -0.072516814 0.3677645 0.23161352 0.0006386242 0.028514197 0.22453772 -0.28277898 0.045459844 -0.12478315 -0.13922276 -0.17549731 0.028041428 -0.07241465 -0.2613624 -0.08679084 0.07602367 -0.19795638 0.2698147 -0.08898142 -0.29351872 -0.03676985 0.24939576 0.08107931 0.14936621 0.02931122 -0.09750126 0.032231778 -0.10979493 0.04645668 -0.3524208 -0.0079635065 -0.27912524 0.35903642 -0.037598092 -0.0013656046 -0.1692747 -0.44363186 -0.058931276 0.20030361 0.038263854 -0.14874011 0.042203624 0.2266924 -0.3452604 0.062151488 0.3108033 -0.0658138 -0.19373243 0.13436723 -0.20631078 -0.16142556 -0.031564724 0.049928267 0.10927961 0.079389565 -0.24465516 0.11959214 -0.021131402 -0.04250506 -0.05681713 -0.24268882 -0.10909036 0.035057347 -0.061943974 0.13089062 -0.11426291
LBN 0.052898873 -0.33502188 0.23268726 0.12338838 -0.059764065 -0.1271908 -0.14054635 -0.17777014 0.09604535 0.03043239 0.084650904 -0.18041044 -0.115623884 -0.17396726 0.16776682 0.24554566 -0.083122745 -0.0957139 0.17845868 -0.07847585 -0.015836725 0.26337656 -0.2655416 -0.08878271 -0.17909926 0.33670497 -0.053836007 -0.0068687713 -0.10939377 -0.16386338 -0.20233561 -0.10232524 -0.17697155 -0.035741508 -0.097222514 -0.046257064 0.124276266 0.07277747 0.243862 0.014601954 -0.19279501 0.24426495 0.109253936 -0.038881317 0.22914144 0.08541955 -0.21657452 0.22823489 0.15873991 0.2903253 -0.046212606 -0.0045617227 0.117991686 0.07830392 0.12701733 -0.03217155 0.061236896 -0.026341813 -0.19996525 0.18773435 -0.09484924 -0.12475083 0.0663753 0.29030737 -0.032014266 -0.12206557 0.035614952 0.10946455 -0.12528414 -0.18381694 0.033634745 0.121853516 -0.22002338 -0.025330568 -0.12240584 -0.43185428 -0.20740795 0.069586754 -0.04028855 0.15277597 0.009426824 -0.048037365 0.094335675 0.27133963 0.052451782 0.19142866 0.27509665 0.011615199 0.056289017 0.21717755 -0.10726851 -0.024072558 -0.028037218 0.15804632 0.16483842 0.027641702 0.028586147 -0.018231874 0.006985402 -0.14769654 -0.08173284 -0.115228064 0.091068424 0.29712945 -0.038179122 -0.1492517 0.1589939 -0.08089444 -0.049380206 -0.14725986 0.16604763 0.010571626 -0.05141714 -0.014544184 -0.16990578 -0.08800349 0.0764119 -0.09108298 0.048688717 0.02861743 0.106588446 -0.17737138 0.025052464 -0.1519088 0.23513077 -0.11089895 0.061018385 -0.09856714
COD -0.13328722 -0.26226482 0.31262648 0.2559266 -0.13362123 -0.12184854 -0.0967598 0.0344771 0.30192834 0.05891254 0.043189313 0.15119886 -0.15694134 -0.005289507 -0.0012077691 0.06389623 -0.002163553 -0.15456939 -0.005261993 0.015851393 0.3173224 0.10597814 -0.22735398 -0.14081931 -0.3911052 0.29359075 0.016455172 0.10140455 -0.027199326 -0.31231087 -0.012179373 -0.003118761 -0.018185342 0.0820724 0.042054795 -0.16626282 0.008081519 -0.25883293 -0.045088172 0.054355625 -0.17098019 0.36132485 0.010651022 -0.17820986 0.05084092 -0.0024953226 -0.018817611 0.105148286 -0.095673956 -0.15139268 -0.106935024 -0.13928653 0.11371392 0.16767018 0.09738267 0.08900963 0.07879713 -0.05163263 -0.08781024 0.05947828 0.024060763 0.09685963 0.17487837 0.3422417 0.2048724 -0.060224064 -0.10253382 0.14160934 0.13685256 0.012435848 -0.16756414 -0.06383495 -0.03365316 0.03268381 -0.09165714 0.13263747 -0.05358048 0.15896307 -0.016533503 0.21453576 0.010662442 -0.21586008 -0.019069972 0.2509327 0.010504966 0.038028054 0.020417534 -0.034466863 0.08264231 0.21457988 -0.05002141 -0.006669632 0.28227767 -0.13484688 0.02397397 0.14917241 -0.194391 -0.08194674 0.13934202 -0.19338249 -0.20079078 -0.0396303 0.35709363 -0.08401494 -0.031062437 -0.13627143 0.08373516 0.036156755 0.15885991 -0.12093585 -0.06937518 -0.2500104 0.106137216 -0.009567967 -0.16712658 -0.076269224 0.12882836 -0.0044042263 0.03133075 -0.19521753 -0.3473792 -0.15609899 0.0057175774 -0.1651006 -0.17189012 -0.2250058 -0.017795598 -0.112403214
UGA -0.1275045 -0.1418682 -0.01634401 0.2588678 -0.007011056 0.036949858 -0.0066535748 0.17945592 0.11520044 0.08233364 0.2078832 0.141296 0.052688442 0.13686332 0.024167417 -0.059905868 -0.106269605 -0.14724211 0.21289992 -0.03894436 -0.0532517 0.23594661 -0.3525061 -0.22399129 -0.2705794 0.060316965 0.2672977 0.27972382 -0.03883344 -0.18848187 0.22415192 -0.015806992 -0.05788581 0.032087367 -0.06774668 0.31203917 0.3064963 -0.057828605 0.051264215 -0.123330384 -0.22907753 0.22580412 0.003991218 -0.027293166 0.29702005 0.25869802 0.070738465 0.029048424 0.08449911 0.032242093 0.15768532 -0.047459394 0.114014946 0.17106436 0.2880763 -0.24240373 0.15623666 -0.08132886 -0.054196104 -0.0023615113 0.0022201862 -0.15164714 0.015293847 0.07073983 0.26735044 -0.14212467 -0.09838639 0.019606743 -0.11445193 -0.14011489 -0.100577265 -0.0690256 -0.1748219 0.06799212 -0.04738405 0.02406796 -0.38637087 0.07314872 -0.1421995 0.23358423 -0.13781832 -0.32169592 0.036541358 0.25322863 0.19532073 0.13843349 0.20449187 -0.2553823 0.13776575 0.007909525 0.0029457188 -0.13153869 0.3310298 -0.0025228767 0.19108112 0.2349382 -0.107082315 -0.06546439 -0.14925571 -0.019663088 0.09065051 -0.039998535 0.24052317 0.0018918074 0.022369547 -0.38343614 -0.12152304 0.18298052 0.11475623 0.17186867 0.21953252 -0.15652345 0.26856333 0.112887844 -0.20928654 -0.05794349 0.056557234 0.030264037 -0.085191056 0.028951645 -0.1138052 -0.14903149 -0.049320586 -0.24295884 -0.08139507 -0.5112228 0.02453767 -0.027974447
CIV -0.046916563 -0.49364075 0.09021905 -0.13903973 0.031192461 0.073461086 -0.30571827 -0.20516452 0.027076857 -0.09284784 0.05766603 0.085368656 -0.29216814 -0.362346 0.23866402 0.29116312 -0.22429746 -0.035719924 -0.120809376 -0.06635117 0.13969156 -0.050245635 -0.06454495 0.036912132 0.014411328 0.2681535 0.013347487 0.16398752 0.08438746 -0.052396055 -0.01763657 -0.17873693 0.13989916 0.25006312 -0.17190376 -0.082906686 -0.025172953 -0.08947766 -0.048031837 0.12767808 -0.27292874 -0.06916701 -0.0604333 0.008566123 0.10497871 -0.22932848 0.25150305 0.038654786 -0.11721583 0.015148388 -0.18732981 0.12256215 0.07924225 0.16684775 -0.29528242 0.14636503 0.13682428 0.19470924 -0.08303248 0.041531328 -0.022268511 0.07282259 0.33643132 0.3071444 0.1379315 0.13083014 0.0861362 0.09998868 -0.001721542 -0.23478961 0.039131295 -0.17545354 0.004809717 -0.007953507 -0.21880126 -0.26194254 0.22681724 -0.1160799 -0.084746614 0.13630785 0.11301382 -0.20652056 -0.17694673 0.36428785 -0.12751855 0.3809292 0.105771974 -0.17614815 0.039654125 -0.025693536 -0.01677555 -0.08024562 0.097852975 -0.20727186 0.27253953 0.14386527 0.03456479 -0.028536987 -0.22216804 -0.44872156 0.016493157 -0.1672084 0.12055993 0.2853909 0.024376793 -0.10079997 0.28376946 0.00065521407 0.38464022 -0.26492414 -0.14035437 -0.15021928 -0.17374271 0.1552041 -0.03444325 0.057323985 0.18596701 -0.17640063 0.00207601 -0.022002451 -0.2059298 -0.15360063 -0.073712505 -0.09066276 -0.09642606 -0.0402789 0.009828237 -0.3422881
MWI -0.26254934 -0.254374 0.3106733 0.27706358 -0.17727451 -0.15763225 -0.17697002 0.044732008 0.36983988 0.18754597 0.015323163 0.14694537 -0.24668227 -0.01839282 -0.05273016 0.08986068 0.048145432 -0.1844414 -0.00859725 -0.011773865 0.38049394 0.06281034 -0.25639054 -0.18222162 -0.43433553 0.31815124 0.019290997 0.06571921 -0.16004166 -0.23075993 0.09202178 -0.076708466 -0.04769725 0.19148281 0.029800285 -0.22474085 -0.06575041 -0.38591972 -0.0719003 0.05528254 -0.12736247 0.280227 -0.008381795 -0.1806999 -0.034111023 -0.06453473 -0.134716 0.14046189 -0.10474531 -0.22473793 -0.11402771 -0.14494503 0.11726053 0.2417012 0.066327624 0.05380987 0.08584713 0.023460958 -0.11421479 0.13769682 0.03929899 0.14408901 0.27779713 0.41385856 0.19140437 -0.08763518 -0.09503895 0.16080086 0.24632116 0.068961166 -0.15368155 -0.0018729297 -0.007455904 0.016408008 -0.11126061 0.11197752 0.046137754 0.18332402 0.010819256 0.30814254 -0.082917795 -0.23349729 -0.017952858 0.31667352 -0.07630654 0.022498213 0.08194028 0.0689172 -0.045066625 0.22521639 -0.01292555 0.030826831 0.26550424 -0.118880436 -0.02283868 0.06397334 -0.26140445 -0.17357828 0.14661959 -0.30041853 -0.22241895 -0.09532144 0.43224832 -0.075670496 -0.11527991 -0.15734883 0.14213887 0.05683624 0.26265565 -0.055614647 -0.18190628 -0.25341022 0.13499428 0.06331176 -0.37299666 -0.07422231 0.13542847 0.033637118 0.099167936 -0.18813986 -0.41043922 -0.18901587 0.08403195 -0.18585904 -0.18287978 -0.25764123 0.08024781 -0.16961052
UKR -0.11864621 -0.1620285 0.23072635 0.07378805 -0.02233037 0.13319893 -0.15979345 -0.08481328 0.16968673 -0.040079143 -0.18551762 -0.07342416 -0.4716742 -0.009256814 0.122517295 0.2044476 0.067550056 -0.10823238 0.11660689 -0.05507288 0.20765771 0.24846947 -0.19552709 -0.04936445 -0.19964977 0.2842848 -7.6542834e-05 0.08268146 -0.14538318 -0.23062408 -0.07557435 -0.33025777 -0.16299619 -0.018150676 -0.030779907 0.10532303 -0.050723687 -0.03705742 0.23009619 -0.068566486 -0.21123603 0.1805718 0.15199643 -0.23261806 0.13449892 0.06743192 -0.0027256603 0.035282217 -0.12982804 -0.02412619 0.11971323 -0.018530907 0.19595136 0.13903539 0.15226884 0.11485107 0.23914069 -0.009288513 -0.27749097 0.13930687 -0.08671895 -0.13777189 0.35526827 0.32882434 -0.046223164 0.02248953 0.04144095 0.007815556 -0.06306947 -0.111310765 -0.03912639 0.10196631 -0.1703439 0.03081471 -0.2624809 -0.37864667 -0.13267855 0.3386729 -0.15369388 0.20806955 0.036628265 0.17692573 0.13508455 0.2717442 0.10698873 0.06455069 0.061831854 -0.11696564 0.12860416 0.081555635 -0.026866795 -0.085590385 -0.09317415 0.06490753 0.14465164 -0.094553426 -0.022138609 -0.08228915 0.03281106 -0.26832122 0.081899054 -0.13684325 -0.00038591932 0.28086424 0.015149741 -0.26315588 0.05420176 0.19018339 0.044198647 -0.3670835 0.073208556 -0.20901583 -0.15027718 -0.07006428 -0.079488635 -0.07446806 0.1272392 -0.05137814 0.18316379 0.053131685 -0.104628235 -0.081571415 -0.016524415 -0.11897353 0.09883132 -0.11230239 -0.0071588596 -0.14883044
TKM -0.00038244415 -0.061287932 0.16208124 0.050461378 0.04598454 0.16804597 -0.26613528 0.1329832 0.13390595 0.16577895 -0.5201279 -0.089224346 -0.35120204 0.058143567 0.27587974 0.25504372 0.015241244 -0.15327008 0.14184722 0.11623307 0.23751143 0.23869523 -0.26337194 -0.09815654 -0.16110384 0.044746928 -0.027882269 0.059371408 -0.2791987 -0.19410938 0.1146602 -0.23238178 -0.18745111 -0.100928 -0.02607845 0.35045385 -0.11331801 0.04269373 0.27415904 -0.07201016 -0.31958294 0.36503974 0.0069130715 -0.27096274 0.010935397 -0.012096241 0.16022742 0.20366551 -0.2252439 -0.20726539 0.14381288 0.0078788595 0.102492556 0.11375634 0.12791893 0.17823826 0.25887844 0.06760295 -0.10113554 0.09593572 -0.11510276 -0.2548528 0.23325814 0.64544445 0.15218206 0.26184493 0.10381467 -0.0589168 -0.1702652 -0.07846043 -0.15152808 -0.06942645 -0.08823161 0.15020694 -0.08513384 -0.32457355 -0.23546432 0.42048728 -0.06357757 0.14072809 -0.045006156 -0.06942296 -0.015153993 0.32982123 0.052988537 0.18363173 -0.06529484 -0.14600044 0.19760412 -0.123761944 0.098125525 -0.19942904 -0.14550227 -0.06933829 0.2223007 -0.055590797 -0.06285831 -0.23887703 -0.087274715 -0.18934615 0.14791973 0.110038206 0.037878506 0.17281125 0.07369177 -0.255875 0.028190274 0.19436203 0.13028073 -0.295612 -0.04554325 -0.36653873 -0.22887817 -0.23942168 0.06431098 0.06222689 0.09244991 -0.1396567 0.2785763 -0.040930834 -0.11577272 -0.07224892 -0.20722772 0.1808146 -0.13811737 0.020355558 -0.011328637 0.012397978
SVK 0.104072474 -0.06522259 -0.03937428 -0.13536346 0.020799957 0.051200986 -0.24275811 0.012844248 0.113374926 -0.0075126 -0.13005644 -0.118325144 -0.11546931 -0.04599551 0.15626575 0.30374163 -0.038502615 -0.15008537 0.056793775 0.061739303 0.2655063 0.09046662 -0.17913295 -0.24659231 -0.03996572 0.046279356 -0.18578097 -0.13186724 -0.18623605 -0.0457633 -0.09616516 -0.25901943 -0.056638625 -0.08154259 -0.06332015 0.18638134 0.048680473 0.15930925 0.1809968 -0.1389838 -0.105234064 0.23634864 0.20186763 -0.102717176 -0.110024504 -0.13136949 0.07181317 0.22939537 -0.1257365 0.01709046 -0.058440484 0.17717823 0.10488866 0.12775509 0.051210262 0.016096698 0.2494409 0.058222577 0.00509314 0.060554963 -0.21627712 -0.12770516 -0.06504883 0.43182436 0.2043719 0.13601393 0.10827495 0.24520715 -0.27639958 -0.05304348 -0.19717005 -0.097581014 -0.18969847 0.061910443 -0.048742186 -0.37317145 -0.10692422 0.024574306 -0.027754812 0.17849784 -0.07321531 -0.27599588 -0.036054205 0.41342333 0.047911532 0.19526388 0.14082748 0.03009757 0.08656914 -0.13832375 0.08411327 -0.2792724 -0.014095672 -0.15948613 0.349701 -0.15246016 0.08975941 -0.17759705 -0.42072308 -0.12086656 0.13875152 0.07929266 -0.118779026 0.11326348 0.2825677 -0.21204402 0.041116796 0.087797 -0.00438001 -0.22588466 0.21845087 -0.20514143 -0.28025493 -0.24106047 0.04563909 0.076086566 0.11814925 -0.2646249 0.20164339 -0.11583981 0.071880974 -0.032149293 -0.1827023 0.0631771 -0.02382472 0.08174343 0.021937821 0.038383234
EST -0.07377702 -0.10188412 0.01051158 0.007273338 -0.099043384 0.12732476 -0.16851552 0.118075624 0.088149436 -0.035935637 -0.19748454 -0.005698139 -0.4302885 0.2190853 0.051889513 0.08093352 0.01103509 0.08565095 0.026778443 0.044907704 0.28623614 0.15729831 0.035079386 -0.25912955 -0.18526131 0.13120712 -0.066975735 0.09199819 0.10459033 -0.22010617 -0.12931764 -0.35133773 -0.11221547 0.123765185 -0.042183984 -0.0038087284 0.1894835 0.101453796 0.20447832 -0.041620657 -0.070429556 0.08687972 0.30343252 -0.12172006 -0.017850919 0.19616427 0.07424574 0.084682964 -0.10148197 -0.08417434 0.32829913 0.008138684 0.09608009 0.0634153 0.016247047 -0.034898363 0.31818113 -0.16218685 -0.019200971 -0.10293462 -0.2953059 -0.13263923 0.04283683 0.2632433 0.042375073 -0.10312656 -0.055522025 0.1823522 -0.25254682 -0.350031 -0.1995206 -0.107600585 -0.3773592 -0.11431125 -0.1514704 -0.26927692 -0.010655951 0.07384491 -0.15598856 0.14412643 0.066812284 0.093426235 0.099224396 0.43104523 0.1285229 0.039395303 0.16579868 -0.14709525 0.104591124 0.077371396 0.1252195 -0.32172582 0.1297308 -0.10273952 0.29700547 -0.20063487 0.18695801 -0.21349147 -0.09750043 -0.23106043 0.09115967 0.052887056 -0.04413471 0.11077535 0.29256287 -0.25512546 0.18606004 0.1979375 -0.023385152 -0.30979124 0.1408139 -0.2318387 -0.27262044 -0.046178903 -0.23724097 0.007903056 0.2229394 -0.14963876 0.3450832 0.002393014 -0.07295747 0.035120077 -0.08217329 -0.11201805 0.06676499 -0.10585814 -0.320366 -0.032607645
LBR 0.014121622 -0.08676345 0.09654798 0.018711664 0.040388066 -0.12787965 0.26561192 0.12251965 0.41212878 -0.03691441 0.17426015 0.11107099 -0.11069029 0.20280398 0.20106032 0.1405567 -0.21447556 -0.22233391 -0.03644085 0.31958967 0.31931552 0.16113585 -0.10796836 -0.29417065 -0.51422393 0.1765524 0.035719473 0.07328482 0.012400435 -0.3115771 -0.059384923 0.17132771 -0.074755654 -0.14970173 -0.049024332 0.1480989 0.14565662 -0.31435725 0.04847037 -0.16600038 -0.03888893 0.4660705 0.049705885 0.015364199 -0.16477185 0.14149526 -0.08240802 -0.003821375 0.14206146 -0.15662847 0.14252864 -0.08014922 -0.14257032 0.2907523 0.07282334 -0.026180714 0.22714174 0.002467302 -0.078748055 -0.071320936 0.03935831 -0.20235676 0.04656234 0.2163533 0.3223166 -0.052845918 -0.26375663 0.2390167 0.17542087 0.0015738241 -0.05443926 -0.017748151 -0.18908453 -0.11352878 -0.007335539 0.007012814 -0.20389569 -0.007692651 -0.17719173 0.36569816 -0.04345648 -0.37670013 -0.070312165 0.10898487 0.20584345 -0.007479802 -0.1402295 -0.1787014 0.042496715 0.16805676 -0.2692592 -0.18637916 -0.0041668788 -0.28692383 0.28496382 0.18942577 -0.23620465 -0.021290168 -0.2918687 0.1027907 0.12952074 0.077965446 -0.09738754 -0.2227555 -0.017843835 -0.28896555 -0.12877652 0.46474797 -0.05115614 0.0027547814 0.18229806 -0.14138475 0.23016164 0.054955687 -0.1355561 0.17581272 0.057598982 -0.13090624 -0.07965418 -0.081766404 -0.34722713 -0.15413177 -0.2108483 -0.16882715 -0.1835891 -0.28290367 0.010090286 -0.17369783
MLT 0.07658598 -0.045744803 -0.009373192 -0.05912931 -0.05783462 0.09026445 -0.20607086 0.019966407 0.30547202 -0.013678361 -0.043189235 0.06393348 -0.32101232 0.09771671 0.06054141 0.15501846 0.0065890066 -0.18250033 0.073317125 0.10564744 0.28813696 -0.060600813 -0.25953588 0.07156901 -0.21067975 0.07312671 -0.056195356 0.100279115 -0.054460675 -0.18626904 -0.08641393 -0.19566204 -0.0566397 0.015747674 0.026046982 0.22687893 -0.10035908 -0.09605163 0.12857123 0.020915272 0.03194851 0.21246737 0.026280781 -0.29881313 -0.019614032 -0.09077663 -0.027729813 0.06342651 -0.3220585 -0.108464405 0.07758759 -0.019373337 0.23458649 0.10789447 -0.019336745 0.16121636 0.31944457 0.21117267 -0.0840507 0.14784116 -0.16540702 0.044277295 0.17122602 0.39662597 0.2447683 -0.0101426365 -0.086961776 0.16626233 -0.054999772 0.0975456 -0.18443726 -0.045422316 -0.0509303 0.042555284 -0.11684558 -0.29114982 0.021593433 0.16247201 -0.3279325 0.19362824 -0.1240424 -0.20720337 0.04179408 0.13273893 0.055482425 0.02639552 -0.06669689 -0.13511105 -0.024402138 0.0037995277 -0.041450355 -0.16430612 0.06993111 -0.2005215 0.22262606 -0.06692386 -0.019609518 -0.2547581 -0.27930206 -0.15322189 -0.006156428 -0.08778586 -0.033546884 0.007911224 0.19817701 -0.32579002 -0.05068049 0.33952287 0.095261 -0.31961825 0.019426553 -0.24240156 -0.07573188 -0.104324736 0.06780393 -0.0060706614 0.16970256 -0.056261484 -0.03478996 -0.07612197 -0.12781458 -0.22462319 -0.25167975 -0.077736735 -0.056359865 -0.02623366 0.1409112 -0.1619074
AUT 0.028365575 0.08098433 -0.070699126 -0.017515346 -0.008675132 0.10184699 -0.025634691 0.0037704906 0.2741154 -0.07959023 -0.027914073 -0.05730662 -0.27082506 0.049078267 0.10348173 0.1477598 -0.07977312 -0.09273812 -0.04182864 0.16841176 0.20691228 0.13641523 -0.07372524 -0.07151651 -0.32632124 0.08786623 -0.0074657807 -0.023654781 -0.02598095 -0.23821142 -0.14972004 -0.113885984 -0.11592281 -0.14371382 -0.09980731 0.24348357 0.04802573 -0.03519282 0.06872292 -0.073176555 0.07140415 0.18301754 0.2106041 -0.092754304 -0.14028633 0.12619442 -0.048337463 0.01871805 -0.054795202 -0.107899666 0.12561338 0.042019967 0.07869655 0.15600531 0.0825931 0.043687627 0.3286646 0.05909366 -0.09904713 -0.047279153 -0.14260939 -0.050747063 0.052793514 0.26555344 0.17690185 -0.08557542 -0.12850617 0.22998913 -0.14044009 -0.037207343 -0.10384603 0.006703862 -0.2624771 -0.055706944 -0.010357689 -0.2126076 -0.03398186 0.13726978 -0.2389291 0.2615236 -0.028924618 -0.09891213 0.06651184 0.1127789 0.1444147 0.04507092 -0.0054545067 -0.09565486 0.022051714 0.06712325 -0.058332995 -0.24456897 -0.011190796 -0.10232544 0.31185022 -0.040647853 -0.12096453 -0.15741633 -0.30790764 -0.07424921 0.09232156 -0.023793332 -0.13225734 0.041569658 0.16131714 -0.33234116 0.0580283 0.40214708 -0.0549054 -0.28799945 0.1791132 -0.23690546 -0.019408196 0.07639162 -0.07880919 0.050762508 0.10340031 -0.114839815 0.13886634 0.014221977 -0.070736825 -0.07072057 -0.18278098 -0.15930489 0.03124064 -0.078439355 0.036019854 -0.14137535
LVA -0.1247769 -0.17448851 0.029251402 0.014796577 -0.059637383 0.1991087 -0.20589207 0.214519 0.008937144 -0.036511596 -0.10951565 -0.03419227 -0.43380913 0.23061249 0.04098225 -0.03965649 0.025285337 0.12196974 -0.010670405 0.013665921 0.31547105 -0.0077310055 0.10589335 -0.36234698 -0.11457263 0.17643206 -0.098055266 0.062559605 0.14308582 -0.2611711 -0.14932124 -0.33910644 -0.04925859 0.18678685 -0.040338304 -0.017379489 0.3152968 0.032915305 0.09460205 -0.061590068 -0.06498964 0.079605676 0.28278497 -0.089363396 -0.05116229 0.14525117 0.1730484 0.00030996164 -0.028604792 -0.09828373 0.2817015 0.0706989 0.13215828 0.056774706 0.005145442 -0.012512743 0.27099317 -0.19345905 -0.017656973 -0.17360036 -0.3157384 -0.12685898 0.020664193 0.3075177 0.112054944 0.007016173 -0.096073195 0.2998163 -0.2334463 -0.48286244 -0.29508847 -0.23029168 -0.358393 -0.17271124 -0.04937042 -0.13673441 0.025526514 -0.04949521 -0.03980623 0.061604206 0.14556855 0.008959528 0.031813953 0.46980873 0.09469612 0.026437454 0.21119662 -0.22528194 0.15435492 0.054328844 0.14947459 -0.25208893 0.24938169 -0.13600771 0.33761543 -0.18933703 0.12687302 -0.24767528 -0.11071877 -0.34393287 0.06946815 0.036612466 -0.007549094 -0.022062792 0.35375753 -0.1903414 0.0819959 0.15642759 0.039638843 -0.31642893 0.1839399 -0.3683913 -0.27013397 -0.13470039 -0.23569286 0.01197942 0.14142591 -0.19949019 0.36512166 -0.07796776 -0.1148945 0.108814165 -0.064353704 -0.063229695 -0.07104286 -0.088423386 -0.41327497 0.026237302
LUX 0.106534906 -0.45872885 0.1601915 0.0039868895 -0.21457681 -0.19810599 -0.12859398 -0.094237536 0.18600452 0.12089015 -0.08346185 0.16080497 0.085840955 -0.27306667 0.3693896 0.38787034 -0.077735685 -0.005094566 -0.08412883 0.01663758 -0.18089901 0.23648906 -0.22654341 0.050356586 -0.21008405 0.5131316 -0.06229722 -0.10157017 0.09537443 -0.07558501 -0.2633974 0.085170455 -0.18553114 -0.09613801 0.09039168 -0.16072497 0.017177166 0.055644106 0.28360376 0.18872708 -0.22919199 0.31655115 -0.043953497 -0.004534972 0.19802894 -0.012395784 -0.14619982 0.35386887 0.25712028 0.29114878 -0.1286423 -0.15108159 -0.059986327 0.3356424 -0.14211239 -0.05434386 0.07199255 0.17213243 -0.1225381 0.1332479 -0.128136 -0.08722977 0.09913535 0.414875 -0.080534264 0.033161435 -0.01888456 0.20772642 -0.0760517 -0.3926748 0.36294404 0.06673037 -0.0018035815 -0.21895802 0.015637698 -0.13321352 -0.03833847 -0.07034274 0.07286823 0.007068294 0.20771404 -0.27529654 -0.04593198 0.3806807 -0.10704559 0.2687559 0.16020358 -0.008642954 0.069181085 0.37874678 -0.0032574087 -0.007429299 0.05182983 0.07501083 0.2663576 0.18626313 0.1727845 0.02626911 -0.14530024 -0.25397527 -0.3025005 0.054334447 0.29491445 0.42811838 0.017164953 -0.14071356 0.5633706 -0.24557044 0.13462064 -0.24024609 -0.15512802 0.11871691 -0.05626396 0.119226225 -0.22941568 0.005447742 0.048622448 -0.32216236 0.03384511 -0.0714985 -0.14612441 -0.29581 0.053890068 -0.07867027 0.2408932 -0.01620934 0.25154892 -0.24556771
KGZ 0.13127007 0.06439862 0.00065728254 -0.05335897 0.04851186 -0.12405529 -0.46442124 -0.13512313 0.29633856 -0.13979723 -0.12015989 -0.21424143 -0.11048233 -0.2610001 0.25382096 0.47536388 -0.22848281 -0.13702016 0.09847019 0.27125022 0.15907076 0.15132841 -0.18300791 -0.13270205 -0.06414997 -0.051205374 -0.037878554 -0.28398314 -0.44738758 -0.19750641 -0.24727589 -0.20794433 -0.02355509 -0.20140958 -0.30019978 0.43932965 0.07925334 0.18795747 0.1853107 0.002903033 0.220547 0.32159367 0.19463621 -0.031190231 -0.2121756 -0.104274735 0.1862837 0.31717002 -0.20474023 -0.099375695 -0.24089032 0.18735757 0.17903607 0.13778396 -0.08429317 0.05632406 0.24762364 0.15732005 -0.0014828714 0.17675552 -0.22194046 -0.036264602 0.06062453 0.75422144 0.36273625 -0.066268824 -0.016364675 0.36406392 -0.26401412 0.27319595 -0.31574953 -0.1749919 -0.09470945 0.10506456 -0.0062505105 -0.4400175 -0.15531129 0.056307964 -0.23095384 0.28336805 -0.17198807 -0.4816564 -0.23411295 0.35684752 -0.069671966 0.35876876 0.14062652 0.11745941 0.12682422 -0.070691265 -0.033654507 -0.35447255 -0.06357715 -0.36606106 0.43422922 -0.15219808 -0.21064042 -0.14433324 -0.47226 -0.17078342 0.104075655 -0.011325504 -0.11481939 -0.17716743 0.2022987 -0.15228868 0.13044305 0.30564314 -0.15920678 -0.2780603 0.26569018 -0.5258078 -0.31254846 -0.16211453 0.10399136 -0.010932632 0.07614058 -0.47534165 0.20304705 -0.018441947 0.1640108 -0.038248494 -0.39218107 0.040342372 -0.033876758 0.044993095 0.18889159 0.012621111
CMR 0.15125096 -0.3172958 -0.38330957 0.000916205 -0.032267094 -0.3092635 -0.22255705 -0.11355071 0.15345997 0.13761772 -0.13651913 -0.25188273 -0.38219076 -0.31828007 0.18318634 0.21646254 -0.029751876 0.048576154 0.0396594 -0.13468817 0.26604602 0.48178834 -0.021522926 -0.07352993 -0.13203777 0.11595324 0.002515481 -0.083579846 0.24444488 -0.10516761 0.048467223 -0.051183175 -0.05669551 0.16949776 -0.29054454 0.10428011 0.013213335 -0.10606732 0.04744156 0.01869657 -0.023656912 -0.16209552 -0.11861442 -0.058224887 -0.03443785 -0.08408638 -0.47439244 0.112569846 -0.21869332 -0.08126394 -0.19079502 0.15483736 0.11944651 0.13192119 -0.15338142 0.17938459 0.13499941 0.5657382 -0.031995166 0.17351127 -0.090503484 0.23305252 0.24546015 0.37601858 0.03320951 -0.020700999 0.21937588 0.021322137 0.12452039 -0.002788903 -0.09163864 0.08015664 -0.28065535 -0.12655924 -0.20506978 -0.39713284 0.13974778 0.4030884 -0.043149985 0.25220266 -0.0031019712 -0.055409055 -0.057281733 0.18926632 0.13270138 0.21976852 0.061176334 0.02064305 -0.17667368 0.36987978 0.039937407 -0.11107175 0.040554054 -0.11962363 0.40460876 -0.11482801 -0.11088875 -0.11054676 -0.11991082 -0.21304645 0.0325727 -0.25284645 -0.041402508 0.28378412 -0.017886 -0.12501362 0.07495373 0.04264891 0.3125996 -0.16883084 0.0560604 0.124684736 -0.0016130685 0.2618361 -0.52779645 -0.17957185 0.1945961 -0.29360256 0.17119221 0.21976371 -0.30585465 -0.25418717 -0.19004783 -0.15610273 0.16016686 -0.03763194 0.24312516 -0.061125085
KIR -0.07435625 -0.18219241 -0.17278384 0.0807688 0.16010363 0.17564616 -0.07549576 -0.010490277 0.039348077 0.0798187 0.05072677 -0.24075145 0.057777584 -0.19022605 0.07768886 -0.012431227 -0.13365512 -0.34468865 -0.23285891 -0.16677333 0.05815089 -0.045430675 -0.23979908 -0.3232246 -0.49200004 -0.0902679 -0.32837853 -0.017328795 0.2693294 0.112675816 0.08160402 0.33851388 -0.38340086 -0.15404505 -0.21065378 0.22317703 0.15130137 0.12610607 -0.2990431 -0.057905708 -0.23544723 0.36232296 0.33622578 0.064511195 -0.044842903 0.0019057675 -0.16152605 -0.022970974 0.025640246 -0.1287356 0.056181855 0.14162464 0.11851328 -0.005994212 0.19411123 -0.009494128 0.33011684 0.026239472 0.15337078 -0.044030312 -0.17148952 -0.067279555 -0.11913277 0.11937416 0.21528736 0.07280866 0.0465743 0.20705749 -0.092171825 -0.3477274 -0.053556938 0.002514088 -0.6065796 0.033213913 0.24069035 -0.16653602 0.037267268 0.16482358 0.030623704 0.29090568 -0.19872151 -0.45797876 -0.07795125 0.3644851 0.27507058 0.43968096 0.32467952 0.07761281 0.18844476 -0.04615214 0.042774286 -0.031364176 0.32203746 0.20209403 0.395884 0.19616681 -0.11220887 -0.31857568 -0.47579905 0.013917585 0.040518045 0.01433943 0.105346404 0.23233852 0.1379413 -0.28651166 0.19711466 -0.10573623 0.38423097 0.14701675 0.21816905 -0.15835734 0.38866132 0.27930135 -0.103501074 0.15599392 0.15359701 0.12432648 0.13078575 0.16027316 0.016724607 -0.11616515 -0.0041981367 0.032950368 -0.01608832 0.009130004 -0.09645311 -0.0917336
GUY 0.12239304 -0.37584835 -0.0032980058 -0.009571594 0.07228302 0.16110949 -0.3483956 -0.31142792 -0.02850466 -0.14108329 0.22978675 0.0108647365 -0.36627722 -0.20496093 0.13196597 0.25270763 -0.38957965 0.055163138 0.10093857 -0.19476864 -0.019863874 0.09489085 -0.22141452 -0.106260486 -0.1358417 0.17792416 -0.0020641242 0.26815915 -0.058079936 -0.015488127 -0.10518665 -0.25192454 0.11011183 0.10788727 -0.093725786 0.076442085 0.13391961 -0.027246187 0.18636103 0.16501455 -0.28792968 0.03570743 -0.07687604 -0.024007982 0.28978848 -0.16321842 0.06383087 0.042346008 0.012809088 0.1435285 -0.111609384 0.18701968 0.016512804 0.07493079 -0.12651646 -0.05159294 0.22250503 0.1609639 -0.19364792 0.059113912 0.081370085 0.006227429 0.09201481 0.30727115 0.17652614 0.015407847 0.1122113 0.21756789 -0.2523318 -0.31175312 -0.029379316 -0.18364972 -0.06752724 0.03520274 -0.033194058 -0.38340542 0.005183491 -0.21268852 -0.10608169 0.13922401 -0.13334312 -0.2395449 0.08807212 0.2352027 -0.06395481 0.38374266 0.20465194 -0.15765609 -0.07376764 -0.075305566 -0.023326024 -0.03381111 0.012619841 -0.0873525 0.27834284 0.15801392 0.061025023 -0.074562915 -0.19480063 -0.22826526 0.006935492 -0.05464338 -0.13250372 0.27570957 -0.096775346 -0.1957165 0.16738698 0.016158063 0.21064836 -0.070864335 0.057513878 0.023105012 -0.21809813 0.14397137 -0.07536929 0.02722602 0.1869889 -0.047900293 -0.07240951 0.11643836 0.008509115 -0.057827346 -0.06681896 -0.2030203 0.10012183 -0.09524232 0.04191241 -0.19920553
TTO -0.00069212966 -0.5074221 0.13591048 -0.24100581 0.01821946 0.07092058 -0.24634486 -0.2751628 0.06990757 -0.1130934 0.1297566 0.28924462 -0.39599392 -0.37058565 0.24699326 0.35927424 -0.34891263 -0.05710804 -0.1103261 -0.05125929 0.19655843 -0.007905345 -0.30162683 0.039056264 -0.11100042 0.27742118 -0.065567575 0.3220562 0.24620251 0.048824377 -0.056652334 -0.22158968 0.18408155 0.2905299 -0.053916223 -0.031735078 -0.11927057 -0.0018673261 0.05853313 0.29720542 -0.2053604 -0.013426795 -0.2522916 -0.029546956 0.32433993 -0.10857273 0.34645864 -0.015631033 -0.25316456 0.105328746 -0.026165467 0.044724714 -0.05020984 0.2628208 -0.32935193 0.09454582 0.23389435 0.11578648 -0.17052285 0.15999858 -0.07070212 0.14052917 0.2943165 0.26310873 0.123808056 0.023979563 0.051066995 0.14328831 -0.1511593 -0.31096584 0.1222263 -0.20542982 0.028955003 0.046496026 -0.24557912 -0.1802755 0.17182456 -0.2758913 -0.20376673 0.08172845 -0.03200158 -0.2543756 -0.103508934 0.36593425 -0.11394157 0.29264936 -0.037001185 -0.25884998 0.06478904 -0.006998681 -0.12141458 -0.105881795 0.13482305 -0.24047998 0.29308617 0.22443032 0.25249794 -0.07765948 -0.33302957 -0.3728546 -0.165895 -0.034206517 0.15263386 0.28877681 0.017759237 -0.22667289 0.46112204 -0.021385876 0.45118976 -0.27996123 -0.19435473 -0.054108646 -0.17513825 0.20044532 -0.0052044117 0.054337937 0.27614665 -0.18847266 -0.1378256 0.032143436 -0.29096225 -0.23524447 -0.104155526 -0.094659716 -0.039021797 -0.13878228 0.15614288 -0.3439783
PRY 0.11715188 -0.37294874 0.16238932 -0.0011127759 -0.099036455 -0.09115101 -0.17187756 -0.023441227 0.039471213 -0.14337257 -0.040437087 0.28407505 0.0042513823 -0.015063251 0.26826522 0.19784777 0.18067685 -0.025856111 -0.18709944 -0.17014001 -0.042631708 0.24511577 -0.13092531 -0.07725826 0.1538185 0.17376642 0.0021736114 -0.28151995 0.057187036 -0.09101237 -0.1811882 -0.09939195 0.030946825 0.017066978 0.13223737 0.0536491 0.0009232962 0.12021879 0.033970673 -0.011056311 -0.16478321 0.22132106 -0.13353266 0.053926148 0.13047728 -0.11137601 0.035094187 0.04699078 -0.16338615 0.26083234 -0.17213202 -0.1101841 0.14804803 0.2630451 0.016073115 0.21245454 0.21154134 0.08480082 -0.11675791 0.06701288 -0.09480485 0.15774702 0.21532856 0.1713675 0.094056405 0.203824 0.0901315 0.29514825 -0.14195448 -0.26771027 0.17666097 -0.0957794 -0.09294668 -0.28380418 -0.049246274 0.030641766 -0.1426749 -0.074569926 -0.064518556 -0.1346285 0.023944657 -0.2024008 0.07817295 0.5667857 -0.08632 0.25693843 0.17893116 -0.1431595 0.11234704 0.40194142 -0.04809777 -0.010283719 0.21497503 -0.08911219 0.4293967 0.16069414 0.22980674 -0.08823034 -0.23083216 -0.22692564 -0.24996366 0.042926054 0.123068355 0.30615142 0.18657696 -0.119601816 0.2337902 -0.20571719 0.13557371 -0.4236236 0.14228517 -0.03132872 -0.02528106 -0.13513254 -0.15310822 -0.081048355 0.08812509 -0.36873522 0.056824666 -0.086886175 -0.27010113 -0.2262488 -0.08653974 -0.066531494 -0.01488155 0.011631024 0.22872423 0.11772655
MAR 0.1430243 -0.3166765 -0.15556104 0.022539835 -0.034797773 -0.10329464 -0.27929172 -0.0315553 0.18174584 0.057047237 -0.012966671 0.0003655773 -0.547611 -0.13610874 0.114527754 0.06585113 0.024118287 0.022402596 0.10243385 -0.11586037 0.3138835 0.15137172 -0.12245335 0.0502115 -0.12737496 0.1548742 0.08704102 0.14388111 0.25895333 -0.16452613 -0.0017651618 -0.19261087 0.022254227 0.3067725 -0.10166441 0.13384515 -0.05757959 -0.14343165 0.11053294 0.11555055 0.0024466363 -0.052427478 -0.21427053 -0.24404174 0.116592064 -0.052777693 -0.26510522 -0.02901895 -0.42815384 -0.02013229 -0.031125858 0.0015811921 0.20380898 0.13103744 -0.1562841 0.2683264 0.21322419 0.44142914 -0.14036416 0.18707585 -0.12235256 0.2907234 0.3418031 0.40740415 0.0723821 -0.07404858 0.13248356 0.030386727 0.07913249 0.04001235 -0.17476684 -0.048364703 -0.107479356 -0.04036407 -0.26458704 -0.32299688 0.14674118 0.2521721 -0.2622224 0.109326504 -0.06562872 0.060816333 0.055140458 0.16975269 0.055169903 0.049090337 -0.030563425 -0.26967713 -0.17947982 0.34260386 0.0019043875 -0.07496337 0.14152166 -0.18695505 0.25258482 -0.09708069 -0.033213943 -0.24589112 -0.03570224 -0.2669984 -0.07726308 -0.28001145 0.012238313 0.14779967 0.10104362 -0.28496853 -0.04486298 0.13047096 0.34827116 -0.43857166 -0.031119728 -0.04921331 -0.037120968 0.06279462 -0.25282848 -0.1995361 0.26505908 -0.15422672 0.03516834 0.09643386 -0.32957596 -0.296643 -0.20100689 -0.14568906 0.053269826 -0.06324303 0.18422087 -0.07831325
AND 0.18915083 -0.30975252 -0.20954807 -0.0052074157 -0.025398405 -0.09662892 -0.24905306 -0.067182444 0.19648434 0.039025616 0.026681127 0.011550927 -0.47913197 -0.09841304 0.085226424 0.08107299 0.0273904 0.0029114767 0.043012444 -0.14496216 0.27795297 0.1686833 -0.101845294 -0.03237024 -0.1570544 0.077492625 0.012531231 0.08785731 0.27937478 -0.118077666 0.019004315 -0.1080643 -0.008522658 0.23526604 -0.054142073 0.11620714 -0.044869933 -0.14342701 0.084305994 0.097874016 -0.040771928 -0.014280018 -0.19423631 -0.19692373 0.07929223 -0.085887834 -0.29294968 -0.07496652 -0.37711677 -0.025799591 -0.057981707 0.05802782 0.12599538 0.13728608 -0.16226311 0.2469786 0.21958643 0.44613105 -0.09450782 0.16897047 -0.043691505 0.28546372 0.23649645 0.34199366 0.059221417 -0.06140836 0.14537029 0.048647016 0.05131067 0.034284268 -0.12134162 -0.0693292 -0.13284758 -0.029644685 -0.14925618 -0.26273295 0.15549555 0.19217269 -0.20666827 0.08999198 -0.121183105 0.009771809 0.09290475 0.11409317 0.07616675 0.0718946 -0.02505078 -0.21251255 -0.22534762 0.3031056 0.019644149 -0.09810923 0.12524766 -0.21781887 0.27469468 -0.046983894 0.03372603 -0.250943 -0.13484934 -0.16447198 -0.046076246 -0.21227771 -0.047328 0.1076989 0.10890283 -0.27477214 -0.06036703 0.074543074 0.33222568 -0.34325734 0.008869056 0.05209639 0.010218895 0.11310735 -0.23830934 -0.13844971 0.23974565 -0.12119917 -0.011023631 0.08617358 -0.3004945 -0.24295819 -0.1877772 -0.14782183 0.068407975 -0.015327226 0.18894807 -0.07824532
COG -0.13335063 -0.28048643 -0.01864496 0.21449453 -0.17675288 -0.31820002 -0.20836818 0.026435295 0.21350463 0.16623981 -0.07394621 0.03193618 -0.27252743 -0.16674985 0.039779462 0.07457957 0.11046061 -0.00560621 0.071905755 -0.09000356 0.2920257 0.28993315 -0.2145222 -0.11794563 -0.25803387 0.20885539 0.014898676 -0.022949014 0.07763504 -0.1401429 0.074347325 -0.08276718 0.025696464 0.26531217 -0.07443126 -0.0628109 -0.0072471937 -0.1808299 -0.020284459 0.09912951 -0.0012266168 0.025555769 -0.10443089 -0.111902796 -0.013895126 0.022770071 -0.24189635 0.06812134 -0.25763336 -0.12618676 -0.09967163 -0.08627003 0.09090698 0.12946278 -0.038330585 0.057267267 0.041032355 0.18824409 -0.09499621 0.15574363 -0.05738662 0.30715203 0.24996404 0.3485771 0.05496631 -0.10891449 0.09076176 0.054892335 0.19072624 0.013256798 -0.11622972 0.013189313 -0.15083082 -0.09756516 -0.15499978 0.012321037 0.036219183 0.29131693 0.006979049 0.12534092 -0.10821924 -0.030664867 0.032502886 0.29811606 -0.017356701 0.07672163 0.10975949 -0.012049958 -0.093845755 0.44426936 0.06100461 -0.02092354 0.21959566 -0.08998172 0.1607929 -0.063479275 -0.15577455 -0.21938027 0.06651203 -0.2871683 -0.20891766 -0.15190648 0.30151677 0.020360287 -0.048695657 -0.14663294 0.18032329 -0.08564711 0.34339175 -0.1659361 -0.06876954 -0.03847717 0.100968316 0.15634637 -0.5585742 -0.19646458 0.15472977 -0.1869527 0.19483188 0.02706127 -0.4438835 -0.29424158 -0.08062952 -0.12978075 -0.034670684 -0.23307787 0.17758167 0.02585839
JOR -0.01482659 -0.1123144 0.05337213 -0.054515176 -0.012646558 -0.049574263 0.06073199 0.029660044 0.20936571 0.11013952 0.13998798 0.027262738 0.014465564 0.029451374 0.17065866 0.016487494 -0.055015285 -0.10664784 -0.05730253 0.2421762 0.06473046 -0.062255453 -0.07590286 -0.09345557 -0.3039135 0.10382674 -0.019018019 0.04732018 0.10077889 -0.16959818 -0.04350316 0.19177906 -0.1091365 -0.09382932 -0.046315458 0.13227443 0.09702248 -0.2325758 -0.12532389 -0.06357984 -0.037532873 0.30656618 -0.028273469 0.0046055713 -0.06952462 0.12726262 -0.14788096 -0.006650074 0.15396719 -0.005038086 0.12168495 -0.027903458 -0.055282094 0.2641036 0.01986041 0.087671645 0.15250313 0.10383595 -0.042162623 0.034847856 -0.0894779 -0.12698668 0.07363084 0.21774717 0.24310204 0.042985655 -0.1361477 0.13484004 0.09417463 -0.12678453 0.00027766702 -0.06886357 -0.19736324 -0.11229643 0.16931306 -0.023088293 -0.057490423 0.01081223 -0.16741653 0.20965433 -0.04671533 -0.29602048 -0.08605918 0.08111304 0.17240772 0.035463005 -0.03708224 -0.20044392 -0.015676165 0.20523681 -0.18478413 -0.032192934 0.08347105 0.007238114 0.3053219 0.16061985 -0.20100039 -0.11538469 -0.3124375 -0.0883608 -0.0029596593 0.031112017 0.110871784 -0.118685424 0.08434108 -0.2554629 -0.004017821 0.2760168 0.18848203 -0.09359956 0.124158844 -0.25336382 0.3212041 0.11323149 -0.19824015 0.22189015 -0.05394218 -0.06888456 -0.05985557 -0.0839221 -0.19694187 -0.19963692 -0.122440524 -0.03299944 -0.14869384 -0.18978159 0.075378485 -0.20138644
BOL 0.15158801 -0.33063757 0.03681633 0.14822194 -0.08306919 -0.12066652 -0.10510179 -0.16011931 0.10187748 -0.039347462 0.059473526 -0.1713137 -0.086905986 -0.1646453 0.22852789 0.30064157 -0.12759027 -0.083285555 0.114571266 -0.13543065 -0.08902823 0.40992987 -0.24964641 -0.09957132 -0.2328249 0.35265484 -0.036803298 -0.11521928 -0.07614305 -0.1752792 -0.19683011 -0.008382719 -0.16267549 -0.14269504 -0.040266916 -0.04881793 0.16446386 0.08463788 0.2555607 0.06748349 -0.2034724 0.23663689 0.11751021 0.029222425 0.16983749 0.06448942 -0.2256554 0.21309215 0.25987244 0.2528422 -0.12875298 0.014639812 0.09110832 0.0953218 0.10165466 -0.062407658 0.11086105 0.058177438 -0.14550894 0.108122595 0.027199619 -0.08205015 -0.02567477 0.23796912 0.001923241 -0.096080795 -0.0071454397 0.17014366 -0.13095096 -0.27883673 0.14002934 0.10924437 -0.18353967 -0.09793945 0.019819712 -0.30636808 -0.2515763 0.09626211 0.022741212 0.09216566 0.029637773 -0.17870308 0.17707844 0.18482634 0.027077897 0.2371751 0.24282344 0.10538869 0.02651643 0.22367172 -0.08567763 -0.059589017 -0.022975888 0.13729687 0.26025832 0.11292876 0.029030936 0.004561999 -0.10949333 -0.09746279 -0.1385006 -0.04852961 0.04610785 0.36322674 -0.04532504 -0.1412936 0.20605339 -0.116078205 -0.05729365 -0.046282426 0.20003279 0.16130649 0.00867379 0.09332572 -0.17306311 -0.09649592 0.029157193 -0.13442543 0.028470619 0.03462151 0.02822995 -0.17145255 -0.016354378 -0.18305351 0.21616936 -0.06531766 0.12493729 -0.038608104
SLV 0.17590593 -0.16901745 0.28399375 -0.022698293 0.017636472 0.006334253 -0.11786487 -0.2865983 0.27433363 -0.14824572 -0.014270089 -0.024183735 -0.21198337 -0.078202546 0.30670983 0.16063362 -0.066345684 0.06260611 -0.0021292218 0.33176348 0.2426427 0.254485 -0.3131741 -0.28535563 -0.39323497 0.1208221 -0.30513185 0.19580045 0.027606467 -0.16730618 -0.13572152 0.024110245 -0.069747604 -0.48685038 0.16657929 0.16246219 0.014676113 -0.13316087 0.13007852 0.018998148 -0.31457213 0.56978625 -0.077976465 -0.21742022 0.07086968 0.1411672 0.11899753 -0.04284341 0.055122435 -0.09257372 -0.031854503 -0.08587522 -0.25533676 0.20379706 0.21297523 0.081625685 0.22320536 -0.1595687 -0.30158263 0.008172035 0.15215653 -0.24665561 -0.037216526 0.42471752 0.27886716 0.35343352 0.15721785 0.1026441 -0.09649681 -0.22301805 -0.08448958 -0.26881346 -0.16415209 0.14616515 0.3612606 -0.012731154 -0.32176706 0.2625085 -0.0047635203 0.19216563 -0.050912272 -0.16699483 0.02687103 -0.109265424 0.22529638 0.009104551 -0.36107218 -0.26813942 0.16129464 0.1078917 -0.20480414 0.0055426443 -0.24256688 0.041880153 0.3689722 0.16452605 -0.24601343 0.029053077 -0.35646683 -0.039004683 0.0644225 0.18556808 -0.055766754 -0.23193778 0.032712188 -0.23893018 0.0064740046 0.12075706 0.27563828 -0.14241126 0.24337924 -0.35169607 0.16289745 0.014345253 0.016979247 0.33142278 -0.19536978 -0.15064149 -0.025257373 -0.08960495 -0.17712185 0.05206192 -0.26431185 0.21306893 -0.2614208 -0.1225373 -0.0011688983 0.06879997
DMA 0.15369004 -0.3949335 0.14904796 0.1180483 -0.006405215 0.025370926 -0.29722846 -0.34183428 -0.19071731 -0.34124565 0.3438671 -0.36988726 -0.22041115 -0.229192 0.11668927 0.13019873 -0.21330544 -0.16887856 0.12689418 -0.39502126 -0.037859324 0.20378365 -0.250175 -0.0695118 0.0029150003 0.1348468 0.12323978 -0.24159026 -0.24384364 -0.3496031 -0.1579305 -0.09144743 -0.09158229 -0.030585673 -0.30155325 0.15813531 0.13491179 0.15656449 -0.11003534 -0.025016906 -0.14126326 0.123062365 0.058910295 0.21020044 0.091134086 -0.04131946 -0.07851829 -0.051643394 0.09629178 0.34676147 -0.27541867 0.06995954 0.16803704 -0.059619486 0.24455513 0.26732802 -0.055845108 -0.032567434 -0.32049793 0.1972158 0.1762276 0.19875641 0.012909322 0.1539004 0.23909156 -0.061595645 0.09707413 0.28535736 -0.10829586 -0.32280332 0.021973265 -0.026355818 -0.28567424 -0.08946096 0.078708395 -0.4104595 -0.22846353 -0.016568638 -0.020201176 0.0009535606 -0.20065728 -0.14538455 0.26260826 0.20405184 -0.11193544 0.40729693 0.38392547 0.001101838 0.0074598202 0.17552777 -0.3395083 0.17140086 0.02511949 0.075435035 0.49504682 0.27364868 -0.07073534 -0.11322044 -0.16113156 -0.2994743 -0.027193543 -0.18436185 -0.029735275 0.23892252 -0.13480555 -0.16649708 0.04107294 -0.14366983 0.04693803 -0.19007647 0.5302148 0.061220318 0.03420789 -0.10911546 -0.01277434 -0.15904489 0.06726594 -0.18303935 0.09711274 0.025521247 0.046649843 -0.23405927 -0.09461962 -0.2900398 -0.015500165 -0.10218933 -0.088788055 0.10303533
VEN 0.4019975 -0.3662284 -0.19931203 0.11454619 -0.20620158 -0.19977422 -0.34991702 -0.07165216 0.09650461 -0.08055766 -0.013703599 0.14253904 -0.08933622 0.13796549 0.04595602 0.2688122 -0.099234894 0.13225386 0.04074454 -0.08322376 0.01732441 0.44736364 -0.15440144 -0.13793173 0.0012273437 -0.07828957 -0.00391729 -0.09703603 0.09785191 -0.3158391 -0.04538223 -0.036948003 0.034142043 0.06389276 -0.022139031 0.094232686 0.22096832 0.20710815 0.04865759 0.016609011 -0.24431838 0.18053357 -0.11202858 -0.016776172 0.06524749 -0.034307502 -0.10108574 0.09202315 -0.028377175 0.16156937 -0.10221289 0.030931931 -0.11162786 0.07228708 0.015044317 0.025389712 0.20474078 0.16295421 -0.031959534 -0.0145614855 0.077990614 0.2926697 -0.05849731 0.3282758 0.23012322 0.015506671 0.13179746 0.14208427 -0.2205712 -0.15549459 -0.0043973397 -0.18297304 -0.43630573 -0.09539851 0.15701467 -0.19117802 -0.16171741 -0.041163817 0.0045807115 -0.11061941 -0.12162833 -0.11069135 0.3303929 0.18915448 0.0005546368 0.45053568 0.18472314 0.06050513 -0.16761717 0.33254594 0.21840377 -0.17054138 0.24567965 -0.10636535 0.39731795 0.047874697 0.18523256 -0.313742 -0.2762249 -0.048392322 -0.034945726 0.18492618 0.06615912 0.19974822 0.10848725 -0.05385516 0.049676824 -0.06613314 0.16086937 -0.20517534 0.3065644 0.2518664 -0.04665279 0.17180538 -0.3755865 -0.28009802 0.1829958 -0.19612126 0.0099241175 0.11876015 0.0731608 -0.13587655 -0.3361786 -0.24673735 -0.06319484 -0.0077054803 -0.037035473 0.24906552
GIN -0.20360504 -0.2985488 -0.03887454 0.12842834 -0.06694781 -0.29046458 -0.14463186 -0.048377108 0.07101192 0.24891809 0.0036405688 -0.21314622 -0.15828662 -0.36128366 0.076397665 0.08069461 0.04362614 -0.11617509 0.079513095 -0.1659907 0.2745355 0.410049 -0.18880962 -0.15174866 -0.23829293 0.27832112 0.045427017 -0.013920276 0.07032825 -0.0830994 0.15777308 -0.10142454 0.027408035 0.2600744 -0.29647666 -0.10591781 0.06778361 -0.28599983 -0.037721585 -0.022946574 -0.14881289 -0.08178781 -0.0076880036 -0.093379825 0.0036197156 -0.07951357 -0.30780694 0.15837698 -0.08126214 -0.16071153 -0.12914771 0.04145671 0.10361734 0.09436953 0.013592361 0.010677724 0.0020195488 0.22677362 -0.0043562315 0.116187125 -0.111692384 0.16529003 0.22627014 0.3208026 0.085078456 -0.07772158 0.13315243 -0.052350618 0.24742825 -0.06830867 -0.15898316 0.08152252 -0.20575255 -0.0825841 -0.26228684 -0.10480612 0.14265516 0.346589 0.1632727 0.3751002 0.00073078595 -0.1362804 -0.14789307 0.28227264 0.06611911 0.1298997 0.13205867 0.051925536 -0.07049003 0.24718487 -0.018861141 0.017105775 0.1989312 0.005031372 0.16449216 -0.047363732 -0.20114343 -0.003941931 0.092741914 -0.33767572 -0.08042677 -0.24825382 0.23055613 0.14626451 -0.12252448 -0.033777118 0.097227484 -0.031028774 0.35233608 0.079349026 -0.09353083 -0.071363516 0.087750845 0.20319152 -0.6131922 -0.073791295 0.11474965 -0.18657057 0.23911269 0.07386776 -0.4190176 -0.2511322 0.021498863 -0.113540456 0.0028655662 -0.25785553 0.16843736 -0.1311546
ATG 0.098397404 -0.40477407 0.1664106 0.1248732 -0.017800009 0.0412166 -0.28722033 -0.330713 -0.16275387 -0.31625676 0.4011377 -0.39873782 -0.23196454 -0.2276212 0.097667575 0.07496957 -0.26203525 -0.20273593 0.16178475 -0.37833127 -0.012841903 0.12925404 -0.24872231 -0.09154929 -0.08960247 0.16241999 0.12595683 -0.2053036 -0.22280535 -0.35382968 -0.17313297 -0.06075714 -0.07371564 0.00930734 -0.30239004 0.12989739 0.18596205 0.08801254 -0.11765059 0.0041667325 -0.110309854 0.09819804 0.088240065 0.21472366 0.085575126 -0.031709135 -0.067667216 -0.095367365 0.14787434 0.3370365 -0.21411897 0.10592009 0.17537847 -0.042084303 0.2272591 0.2486729 -0.053842254 -0.02846366 -0.30276412 0.20730925 0.15413812 0.1521937 0.01743778 0.16283852 0.22461855 -0.13302785 0.042934407 0.29816678 -0.11322869 -0.33171695 -0.026175957 -0.016916797 -0.2975877 -0.05954458 0.08761765 -0.3943245 -0.19934238 -0.03310541 -0.00660391 0.06407988 -0.21341082 -0.15827043 0.25675046 0.19247334 -0.08549964 0.36765245 0.3810535 -0.027456753 0.006648334 0.11307162 -0.3500453 0.16280673 0.03212514 0.07768365 0.47523502 0.27750176 -0.07783894 -0.11928826 -0.1497152 -0.32790422 -0.0021402894 -0.23151082 0.003198022 0.19307944 -0.13020955 -0.15479285 0.031742606 -0.094875686 0.032479238 -0.16331239 0.4938755 0.050902683 0.07446735 -0.09166565 -0.026830561 -0.11769772 0.043213155 -0.16758424 0.09524281 0.021030322 0.027802357 -0.22110459 -0.064775385 -0.29854405 0.0075334474 -0.13259453 -0.08654144 0.02483471
DJI 0.084377035 -0.43231058 0.35877937 0.10145636 0.016852992 -0.33499098 0.108492695 -0.06432856 0.02238638 0.007445134 0.45610312 -0.10315505 0.13155109 -0.19776617 0.22440793 -0.06400376 0.048169203 -0.20907693 0.018379152 0.14346799 0.28205952 0.046892006 0.022631824 -0.0954179 -0.22722152 0.1836883 0.11682122 0.1750244 0.17961489 -0.27193743 -0.079263076 0.1456468 0.060607456 0.17899434 -0.27808663 -0.19413584 0.28049436 -0.19329102 -0.13630748 -0.14597665 -0.22333878 0.2910925 -0.00068576954 -0.049946748 0.040712334 0.04737969 -0.17180942 0.06551866 0.0049753045 0.087334566 -0.09979273 0.006318935 0.091530964 0.057572328 0.027908264 0.16297989 0.07321326 -0.028373048 0.073532484 -0.09027533 -0.018791024 0.026059218 0.03639861 0.15851402 0.36816305 -0.13673365 -0.04724239 0.0023717093 0.22533245 -0.057277333 -0.2871263 -0.13011104 -0.23417939 -0.027001247 -0.21087305 -0.11803291 -0.017103393 -0.0018616436 -0.103303224 0.26293582 0.075301215 -0.23389634 -0.18557061 0.19380596 0.22086069 0.11240147 0.105272055 -0.24600472 0.02812005 0.19296734 -0.3603671 -0.103803255 0.3229018 -0.17785162 0.09475448 0.1700217 -0.15338169 0.0940706 0.056997657 0.02295717 -0.033058245 -0.13660154 0.14676856 0.025039129 0.15911293 -0.09137421 -0.17692615 -0.039698787 0.09395606 -0.065654665 0.17598732 -0.17330429 0.13912606 -0.114287846 -0.02805043 0.12886123 0.112267375 -0.08657071 -0.07156435 -0.2541726 -0.2523876 -0.26590145 -0.09766648 -0.09593199 -0.2020856 -0.22570176 -0.23642914 -0.123817205
SYC -0.23025672 -0.24954931 0.23869774 0.19746785 -0.07090259 -0.253246 0.01817812 -0.1072319 0.22599742 0.15581876 0.10481576 0.009219734 -0.03347578 -0.17687781 0.09429659 0.061976355 -0.028711911 -0.15442918 0.04333094 0.06373563 0.21511966 0.20075771 -0.25537 -0.1097254 -0.46230748 0.29464766 -0.022632783 0.13645662 -0.013518341 -0.14726344 -0.014804031 0.06581917 0.008250728 0.05138919 -0.056032013 -0.13446908 0.04323585 -0.27745315 -0.06860634 0.053457804 -0.076879375 0.1945803 -0.0017862885 -0.05749842 0.069301136 0.09472085 -0.15439636 0.1229195 0.0024042944 -0.05877408 -0.028552558 -0.07482211 0.036661606 0.12929757 0.020345684 -0.07630846 0.020304022 -0.039946154 -0.07391069 0.07654628 -0.044937074 0.055206764 0.13358903 0.24904054 0.16229534 -0.11042363 -0.07766759 0.045201525 0.18100545 -0.052068878 -0.07949808 0.06485133 -0.1646583 -0.044354063 -0.101359 0.045303985 -0.07565737 0.20793872 -0.032359395 0.28785217 -0.09305346 -0.17631495 -0.054769684 0.19584996 0.106200755 0.05728998 0.11104894 -0.04024597 0.05150594 0.26287714 -0.12539832 -0.027020771 0.19882798 0.0022760984 0.05327554 0.13558 -0.23092629 -0.072205916 0.042085446 -0.14766236 -0.16670619 -0.09402005 0.28461498 -0.033540957 -0.09602672 -0.11759089 0.14866205 0.01821951 0.22575407 0.05465662 -0.09713077 -0.18486547 0.22212702 0.14669636 -0.35966206 0.044709995 0.09253209 -0.012711882 0.052680574 -0.06063585 -0.32419568 -0.25332016 -0.030675028 -0.10450122 -0.06070691 -0.30120826 0.108551666 -0.14506769
RWA 0.030953117 -0.25529498 0.32996637 0.15361542 -0.016634382 -0.2877321 0.16219132 -0.23033461 0.2292947 0.12855013 0.09200766 -0.11791555 -0.02347004 -0.12253538 0.2899603 0.2110912 -0.1825144 -0.10154265 0.13255322 0.15633002 0.10481726 0.32718396 -0.18595453 -0.1111905 -0.56876975 0.38490474 -0.09127448 0.16551009 -0.02300926 -0.20128748 -0.26641694 0.13896766 -0.02266609 -0.19387332 0.067802936 -0.17849873 0.08760678 -0.21609932 0.21052499 0.1260415 -0.116535 0.30395406 -0.05664374 -0.05308286 0.24253444 0.20143302 -0.2600716 0.23718886 0.26661742 0.21866222 -0.019145899 0.005476189 -0.056214157 0.13751677 -0.08146097 -0.14547698 0.051407278 -0.03249403 -0.124774635 0.11691444 -0.036937922 -0.16941433 -0.06454379 0.29654 0.06522333 -0.14671056 -0.14625184 0.092234686 0.037853464 -0.15925369 0.02993549 0.13659221 -0.15542918 -0.10642981 0.01283054 -0.19594832 -0.2684712 0.12840748 -0.07071027 0.21447293 -0.013228299 -0.13546239 0.044688508 0.068601035 0.18786204 -0.018171927 0.09176926 -0.057406753 0.09978726 0.27786693 -0.2689893 -0.12182568 0.007508828 0.035399754 0.067648865 0.19094574 -0.065396994 0.027975328 0.024540152 0.031121448 -0.22677122 0.04836767 0.09956521 0.071394384 -0.09946522 -0.0699655 0.14227067 0.04013734 0.013583315 0.07122539 -0.028240692 -0.067628 0.092617765 0.06761057 -0.21169496 0.13787279 0.11446946 -0.05520576 -0.059161864 -0.051349934 -0.17439152 -0.2382083 -0.06924889 -0.10634031 0.112165995 -0.17971791 0.1046006 -0.15645196
CRI -0.040684514 -0.24575931 -0.07182729 0.21646683 -0.055075545 0.15699737 -0.15996584 0.0840256 -0.031117372 0.027826065 0.18353504 0.05023775 0.009958125 0.010235631 0.033683557 0.018396242 -0.097997904 -0.14465424 0.17823848 -0.20345497 -0.16509262 0.17831552 -0.3395624 -0.16752568 -0.12721248 0.117145136 0.2383462 0.12348566 -0.07842099 -0.16670153 0.12124539 -0.093642406 -0.13433436 0.073808126 -0.086401135 0.27325344 0.2673175 0.09881772 0.034821264 -0.116159074 -0.2376897 0.1516124 0.05017132 0.0074682473 0.27553028 0.10298014 0.026169078 0.02745604 0.10786511 0.15570128 0.088345945 -0.021955842 0.18368104 0.1287492 0.24996132 -0.09459812 0.17092526 -0.024428992 -0.10960123 0.025190024 -0.05903349 -0.012366138 0.03184796 0.12681212 0.19069695 -0.0996612 0.006582765 0.108238034 -0.18329076 -0.25572342 -0.043923266 -0.03827475 -0.22020254 0.015370779 -0.03300508 -0.12239431 -0.26673695 0.0007901254 -0.039389636 0.14785874 -0.117217354 -0.24876642 0.12334858 0.32395697 0.058801334 0.2681951 0.31815827 -0.19951513 0.047836248 -0.003408612 0.07384658 -0.042994175 0.33123776 0.07098857 0.24522357 0.20686625 -0.017471684 -0.1289036 -0.15454665 -0.17385165 0.03633564 -0.08166864 0.19985676 0.18836863 0.05394699 -0.30979165 -0.022917125 0.052265216 0.08571769 0.0052292626 0.24925293 -0.079648584 0.15709722 0.052320927 -0.110551625 -0.14505261 0.06905213 -0.022051195 -0.015636103 0.02245299 0.03714137 -0.15229659 0.0002328688 -0.25037518 0.005528023 -0.28792045 0.042430997 -0.0022183014
IRN -0.13997027 0.1638415 0.0005872175 0.028912788 0.03382867 0.28876057 0.20812781 -0.0031151758 0.42869633 -0.1401308 0.15150626 0.08319245 -0.07784196 0.0362846 0.34195608 0.33411685 -0.22274527 -0.4142108 -0.18171406 0.39623883 0.16159198 0.1578559 -0.32385993 -0.33060285 -0.79893655 0.103083014 0.08741818 -0.060734496 -0.20086256 -0.32616585 -0.027699564 0.11158678 -0.17193307 -0.34329277 -0.10036665 0.49605158 0.10245386 -0.15418889 -0.17142592 -0.18835403 0.037242405 0.4685661 0.17107543 0.13807018 -0.2961319 0.24731672 0.03712717 -0.08426545 0.21177658 -0.12697604 0.2214805 0.0748736 -0.0030333693 0.38351154 0.17642736 0.024204047 0.51101893 -0.07657315 -0.14719424 -0.14253294 -0.0894625 -0.13339813 0.10699252 0.16130215 0.3697232 -0.0183884 -0.3880252 0.39242426 -0.06215847 -0.08722275 0.106053166 0.0033885408 -0.29972437 -0.14392976 0.19418693 0.15110427 -0.20386557 0.024139512 -0.29771242 0.40934414 -0.080479585 -0.5282398 0.06116752 0.19063693 0.2085543 0.150678 -0.12271503 -0.1260382 0.114247374 -0.116071634 -0.18898806 -0.2625964 -0.010809263 -0.08824235 0.41380903 0.22578509 -0.32345912 -0.07251996 -0.58939904 0.043134462 0.057709154 0.18206139 -0.123002455 0.003989581 0.050049417 -0.3817917 0.12860091 0.6767623 -0.15736221 -0.007554316 0.29641032 -0.34699395 0.3174172 0.20806794 0.041000836 0.33098772 -0.1355481 -0.099235475 0.029353935 -0.0673509 -0.21011509 -0.0249768 -0.05386345 -0.19571096 -0.21243152 -0.16930258 0.16352591 -0.2255613
BLR -0.007210117 -0.14509152 0.13961498 -0.026941447 -0.031104324 0.044413123 -0.21101747 0.02833586 0.10033006 -9.589014e-06 -0.35754162 -0.01139455 -0.3222766 0.032779854 0.20747772 0.24720317 0.05957667 -0.1152839 0.03370497 0.055465072 0.29339546 0.19501856 -0.19184157 -0.1931795 -0.10701805 0.04441694 -0.1411284 0.017930109 -0.0860819 -0.08655497 0.08227479 -0.21591963 -0.1585336 -0.073705286 0.005491786 0.120375454 -0.087806374 0.10260966 0.18361452 -0.047772225 -0.2722703 0.2930293 0.0740874 -0.18682612 -0.00088673003 -0.0063014855 0.19311647 0.049715992 -0.26289925 -0.17573257 0.12503156 0.007955179 0.026099943 0.127624 0.09328627 0.13496208 0.2716937 -0.04559385 -0.0807525 0.14785464 -0.054064676 -0.12071173 0.16090348 0.38179788 0.07836762 0.18316093 0.08708449 0.008094561 -0.08224499 -0.17850968 -0.110917225 -0.1129701 -0.1852342 0.05589281 -0.08333238 -0.24919909 -0.15149577 0.3518416 -0.07094773 0.11531496 -0.03442106 -0.044522442 0.039726116 0.33619022 0.059978236 0.13546754 -0.06617263 -0.064563744 0.18650755 -0.07611533 -0.001870669 -0.18013704 -0.091953486 -0.085909285 0.2439343 -0.060243927 0.09212343 -0.19644104 -0.17739779 -0.14212875 0.047706462 0.09151006 0.09190347 0.14976361 0.13043793 -0.23118827 0.109947 0.0130425505 0.16561633 -0.24938062 0.0644801 -0.2181326 -0.1554406 -0.13626647 0.030922288 0.08220684 0.09361628 -0.19188228 0.2063498 -0.018943448 -0.21682079 -0.05357538 -0.1693999 0.10699351 -0.13660274 -0.024630135 -0.11004811 -0.005259084
MHL -0.04735941 -0.25704977 -0.34737825 0.18526965 0.16576147 0.12542239 -0.071043834 -0.016148508 0.015671548 0.13447107 0.18200342 -0.33560932 0.1492527 -0.39997274 0.13249372 0.020247687 -0.16463079 -0.43105745 -0.19722663 -0.32296905 -0.046601452 0.14978376 -0.35618085 -0.36712554 -0.6276466 -0.038115744 -0.27655804 -0.011871058 0.3533697 0.11113526 0.12597 0.39585218 -0.4462877 -0.13426103 -0.33907625 0.32526344 0.28802535 0.20496188 -0.30265424 -0.09204031 -0.28748316 0.35243866 0.37284052 0.09618835 0.06945465 0.016943783 -0.29942974 0.019990137 0.078715995 -0.046635002 -0.018095192 0.20751774 0.16084169 -0.012532523 0.28849503 -0.15933965 0.42365065 0.11348057 0.1786818 -0.087246425 -0.20953918 0.0011038757 -0.16323008 0.09598903 0.23017214 -0.007932082 0.10621736 0.23588192 -0.17943224 -0.42312822 -0.041309096 0.08749305 -0.7781409 0.04654725 0.21411885 -0.21506724 -0.0015622922 0.21979271 0.08970229 0.36281306 -0.17168552 -0.5549452 -0.06693664 0.41789624 0.3386752 0.6092036 0.45736957 0.098459 0.164358 0.007944136 0.12250825 -0.06376379 0.45793268 0.26721352 0.44729495 0.23476312 -0.14070359 -0.31064907 -0.54982686 0.03012534 0.049115937 -0.052486006 0.1463845 0.45907828 0.13068227 -0.37276888 0.24557725 -0.18853901 0.433447 0.21857576 0.28142846 -0.03251005 0.46907923 0.45086712 -0.20926678 0.036944773 0.23037872 0.08949224 0.13347776 0.25448668 0.061128672 -0.19256799 -0.0085852 -0.06799664 0.10775149 -0.04187777 0.0009662241 -0.08285774
ALB 0.06373822 -0.08693702 -0.03188542 -0.123586945 0.069303185 -0.20285441 -0.12284436 0.021606445 0.21409672 -0.046001486 -0.105181724 -0.093652196 -0.45405328 0.008032851 0.2417377 0.43294644 0.1864571 -0.22983709 0.038894948 -0.02178968 0.46284428 0.46482438 -0.12724544 -0.39400378 -0.09994586 -0.0338508 -0.16588037 -0.117965296 -0.070371516 0.027162064 0.06823073 -0.3917184 -0.07754435 0.09314153 -0.17103495 0.1280407 -0.026722977 0.0805907 0.3699975 -0.12521176 -0.19377726 0.24879241 0.15106592 -0.16505718 -0.097378634 -0.04724722 -0.068301626 -0.012165131 -0.41972724 -0.20986524 0.06280454 0.25803685 0.009166519 0.20978287 0.01366731 0.048090376 0.46583372 0.17844403 0.09664111 0.2025891 0.029002825 -0.010898801 0.0427616 0.23100881 0.05015531 -0.111337245 0.1097919 0.12677935 -0.18871096 0.0197583 -0.18017924 -0.08059298 -0.24962138 0.096641265 -0.24548118 -0.37357986 -0.03546676 0.21310061 -0.17345606 0.22352852 -0.21555531 -0.13526924 0.11178508 0.37782395 0.15337066 0.06585493 0.036077645 0.035232175 -0.099027015 -0.094787344 -0.11628721 -0.52962047 -0.1282424 -0.4227294 0.31712145 -0.22670078 0.35038367 -0.1494003 -0.4466484 0.042227995 0.07745 0.00908455 -0.15308866 0.27114025 0.3182025 -0.40833193 0.058502063 -0.010401984 0.046877075 -0.26406246 0.27130145 0.13618855 -0.32739097 -0.0917892 -0.13905178 0.13501337 0.29388827 -0.35979837 0.2760057 -0.010920026 -0.40114975 -0.109139286 -0.20481418 -0.030199237 0.09689941 -0.15935507 0.10978103 -0.03608645
GEO -0.05696804 -0.35024136 0.48389715 0.34313932 0.114971355 -0.29835513 0.33213475 -0.45809528 0.24564222 -0.30430913 0.08851798 0.004261262 -0.14114828 -0.025500007 0.31120232 0.22248535 -0.22001939 -0.38504764 -0.12894656 0.059446827 0.52723974 0.6244053 -0.020730233 -0.25599054 -0.7199197 0.21655206 -0.08400088 0.2063647 0.33260515 -0.5504068 -0.281263 0.2784619 0.38685808 -0.17516513 0.1460532 -0.28832394 0.05618777 -0.2813992 -0.19372067 0.2669577 -0.2551884 0.23608027 0.04881765 0.014973451 0.37392485 0.33928725 0.12361664 -0.040673725 -0.121209785 0.030453835 -0.23374496 0.38275453 0.23441571 0.068595156 -0.17019081 0.13353015 0.21394451 -0.13751335 0.124661386 0.095888294 0.047780704 0.15564266 -0.18097693 0.032987393 0.25532538 -0.303929 -0.34553552 -0.018634722 -0.015711086 0.054083392 -0.24309032 -0.040734082 -0.3454482 -0.0234819 -0.0062911147 0.23048723 -0.3606781 0.36442897 -0.3332107 0.26039624 -0.22184037 -0.2593051 0.16917025 0.23962486 0.50319105 0.04577234 0.07755359 -0.07219183 0.39579493 0.13482329 -0.38314196 -0.5207399 0.53052145 -0.34560966 0.22752282 0.59607255 0.069926605 0.06294499 -0.021832874 0.20572191 -0.36912563 0.1740997 0.21603018 -0.07109695 0.16697668 0.03985886 0.014552489 0.15351696 0.07874461 -0.011475785 0.072405696 -0.31784123 0.17254624 0.038395867 0.111564636 0.10923233 0.42883274 0.020015841 -0.110590294 -0.11955961 -0.54993606 -0.15226066 -0.21275972 -0.32932195 -0.14827764 -0.23941335 -0.095217265 -0.09693544
BRB 0.054694187 -0.5508928 0.057525735 -0.23321627 -0.0273586 0.08160983 -0.35035217 -0.21725014 0.067297265 -0.08826037 0.040207498 0.33974507 -0.4132923 -0.31021458 0.266635 0.3524936 -0.32376215 0.02766071 -0.14738183 -0.07265592 0.118610196 -0.022591101 -0.2487836 0.046517402 -0.027985113 0.26694384 -0.04921791 0.2382548 0.246 0.045126908 -0.05222467 -0.22483276 0.11899487 0.27202442 -0.012129176 -0.009299397 -0.12515277 0.048548024 0.081620015 0.299473 -0.22044623 0.020354936 -0.2795428 -0.007220508 0.2917384 -0.13421856 0.30854237 0.01625178 -0.2359269 0.12776484 -0.045838468 -0.0082444865 -0.066457525 0.29490066 -0.34929493 0.12886848 0.22134878 0.18730125 -0.17643754 0.17387198 -0.089098886 0.14716202 0.31751868 0.32806113 0.09735495 0.113102354 0.10193096 0.16891673 -0.14488034 -0.36238182 0.17771813 -0.23950373 0.038642526 -0.051532675 -0.16486563 -0.20142613 0.15632741 -0.25790572 -0.17611916 0.00027642574 -0.0032990067 -0.25439498 -0.07703607 0.44327542 -0.19188145 0.3501617 0.013842358 -0.25321993 0.018272087 0.09450382 -0.05683457 -0.0700486 0.10989118 -0.20630388 0.3728001 0.2409779 0.2731366 -0.15862922 -0.35239118 -0.42814103 -0.17186847 -0.022214375 0.19309813 0.305636 0.012914953 -0.26779908 0.52862567 -0.056966975 0.47532815 -0.3733927 -0.19460887 -0.026982382 -0.16639763 0.18818112 -0.06482594 0.017976714 0.23486516 -0.24066664 -0.09943815 0.047085498 -0.28306893 -0.25023922 -0.10477838 -0.070243716 -0.017813237 -0.08132802 0.15000866 -0.29887617
TJK 0.17933258 0.14536454 -0.012776959 -0.040165726 -0.00042120944 -0.08600301 -0.4784348 -0.09894468 0.34187877 -0.14014646 -0.26110086 -0.2018933 -0.113294736 -0.16295741 0.2736741 0.5140357 -0.2225886 -0.12657595 0.12681554 0.4203233 0.24484937 0.22162263 -0.24680476 -0.18602246 -0.15265007 -0.08777736 -0.098594494 -0.27784073 -0.5065558 -0.29910377 -0.26325905 -0.20449229 -0.0065766056 -0.30814973 -0.26936436 0.5657228 0.10696615 0.19596024 0.23437707 -0.034613248 0.21244194 0.44983342 0.22585987 -0.12401767 -0.29400054 -0.051944364 0.26295677 0.33513296 -0.21911515 -0.17279051 -0.20328836 0.16162093 0.15139087 0.15319467 0.0013083 0.048191167 0.32654667 0.120986104 -0.03550896 0.12685297 -0.2610791 -0.061068043 0.009342525 0.92120945 0.47084916 0.010975122 -0.0247445 0.39988786 -0.30507496 0.2775452 -0.40540582 -0.2451742 -0.17390662 0.12507616 0.077889316 -0.4071933 -0.2742632 0.13865371 -0.24857385 0.2800302 -0.19205 -0.5269875 -0.21175447 0.34963858 -0.012947736 0.36878052 0.030320091 0.099912524 0.21191977 -0.095070824 0.03260379 -0.44804916 -0.106386766 -0.37831563 0.5183729 -0.1816884 -0.2916998 -0.21933874 -0.5621929 -0.15845709 0.14928828 0.095862955 -0.14693129 -0.2839673 0.24086383 -0.1757647 0.09292571 0.42559418 -0.1698938 -0.31285638 0.31018573 -0.65165013 -0.34628224 -0.20661445 0.114359185 0.009827882 0.04655818 -0.52925456 0.24966112 -0.063899994 0.14713632 -0.009750674 -0.5366688 0.09316611 -0.16085494 0.07444298 0.15327537 0.099627264
FSM -0.025361026 -0.2749748 -0.36598247 0.18067662 0.20604633 0.2291619 -0.1074269 -0.018744662 -0.024134362 0.10889492 0.20329998 -0.349196 0.14858827 -0.3859898 0.12441699 0.0053891637 -0.18370564 -0.40158284 -0.20615801 -0.34150732 -0.08675965 0.077530816 -0.33070236 -0.3911645 -0.6014609 -0.096159585 -0.29152477 0.021803932 0.352728 0.15652132 0.13399978 0.38793647 -0.45754674 -0.15644383 -0.3608297 0.39204332 0.34680364 0.24192059 -0.3278104 -0.10571938 -0.335099 0.34969673 0.37535718 0.094322294 0.08322513 0.0033779624 -0.23571634 -0.022700358 0.06188715 -0.04876296 -0.0040944954 0.25476718 0.17561182 -0.013895603 0.28258273 -0.15378812 0.48387468 0.101807766 0.1852212 -0.11034449 -0.22447747 0.00078338315 -0.16686878 0.13805887 0.25852817 0.014349559 0.1494863 0.27635062 -0.24346234 -0.469459 -0.08285417 0.026439948 -0.83073634 0.0663092 0.24454367 -0.25473455 0.002071566 0.15444465 0.0788132 0.3446503 -0.21127115 -0.5614411 -0.049230088 0.4346683 0.35572734 0.67380077 0.48405498 0.03144892 0.15950103 -0.06050942 0.1594736 -0.06721449 0.49710888 0.26972365 0.47245762 0.2316436 -0.13721548 -0.35607767 -0.59715414 0.027939152 0.09512869 -0.04014243 0.092256606 0.44365057 0.17103519 -0.36259088 0.2139506 -0.18275146 0.45847294 0.1973871 0.3062033 -0.08708505 0.4368653 0.43763018 -0.1581602 0.05133845 0.23983324 0.10372792 0.113060355 0.28932142 0.11887178 -0.15488212 -0.024026578 -0.056044806 0.09904663 -0.00074962596 -0.031293467 -0.057682954
VUT -0.063448906 -0.21410376 -0.31431812 0.20311853 0.17262726 0.19080317 -0.108919784 0.0039493507 0.014294612 0.12231153 0.14484099 -0.3280132 0.12181398 -0.38002136 0.123573825 0.0019280624 -0.13469227 -0.3935217 -0.15962704 -0.2925664 -0.040349353 0.10796625 -0.34848318 -0.3692635 -0.61453825 -0.05733758 -0.25812748 -0.018378166 0.2785646 0.1270675 0.14259687 0.3591105 -0.4453604 -0.15566604 -0.3310429 0.36896434 0.29362857 0.19348547 -0.28257966 -0.10662632 -0.26134527 0.3615462 0.36070582 0.05844576 0.047579598 0.0236581 -0.25175416 0.010668189 0.04531972 -0.09211193 -0.0102820145 0.18902633 0.16322352 -0.0018428034 0.30226818 -0.14613606 0.43579867 0.09109309 0.14891852 -0.103388324 -0.2162478 -0.011174238 -0.12998667 0.15996529 0.23501842 0.010184862 0.10932101 0.25768167 -0.1896643 -0.4036494 -0.09274129 0.05448186 -0.73505116 0.070580296 0.2264111 -0.19483146 -0.012481301 0.22369604 0.09347734 0.35115248 -0.17793442 -0.514312 -0.07331856 0.39520755 0.32418022 0.57281506 0.40956327 0.059884906 0.16827121 -0.026590716 0.14662966 -0.03218109 0.4355117 0.25919697 0.41113228 0.19405924 -0.19673635 -0.3147925 -0.5049486 0.007868241 0.05997808 -0.0463234 0.12210971 0.3889881 0.13373376 -0.35062745 0.20707874 -0.15310189 0.40902847 0.1903547 0.2583343 -0.11956956 0.42445877 0.3936633 -0.17853084 0.026091538 0.19191712 0.07904379 0.15535103 0.24872759 0.06881631 -0.14000514 0.0007884308 -0.030682739 0.066769466 -0.033072308 -0.0050899102 -0.04247494
SHN -0.30704525 -0.26046982 0.27648398 0.22070411 -0.15758161 -0.2391899 -0.108233765 -0.054289594 0.23382854 0.11671481 0.017158827 0.008353733 -0.17492267 -0.15290141 0.029117525 0.11079873 0.11433973 -0.16200043 0.04724764 -0.018673867 0.307266 0.26762283 -0.25936353 -0.16995591 -0.35395452 0.3686585 0.025141932 -0.0057824217 -0.15980844 -0.2090538 0.02669526 -0.104934104 0.04510317 0.1396945 -0.048663616 -0.17084338 1.3010751e-05 -0.35851806 -0.05764549 -0.006514151 -0.0944548 0.14238958 0.0048696552 -0.08436412 -0.03659183 6.1262384e-05 -0.14894572 0.080714494 -0.042967606 -0.15295132 -0.072525285 -0.08438949 0.09277746 0.17410557 0.07715932 0.0018745611 0.053220168 -0.00452094 -0.14289726 0.11074633 0.0056873993 0.11851357 0.27235767 0.3262187 0.14601043 -0.076499134 -0.03686719 0.07926719 0.23131166 -0.033301994 -0.11464956 0.059851985 -0.135136 -0.09276969 -0.16132076 0.050023478 -0.020148123 0.27234602 0.03264701 0.30165064 -0.082200855 -0.09678125 0.043212608 0.2721945 0.01827715 0.037679747 0.10855647 0.020252932 -0.014413613 0.27555457 -0.07083426 0.03284112 0.16285984 -0.015389571 0.07198375 0.016925333 -0.2579271 -0.08117194 0.07425009 -0.334146 -0.18318313 -0.14609571 0.2909739 0.006647486 -0.098182 -0.09377884 0.11177327 0.034155674 0.26322532 -0.05938565 -0.07647705 -0.20911431 0.12492862 0.10423879 -0.52015454 -0.012309634 0.07873849 -0.11100239 0.20611382 -0.07729733 -0.45649007 -0.24990858 0.009392006 -0.16366428 -0.10095866 -0.30888808 0.1556096 -0.109653905
MRT 0.09135041 -0.05958815 0.14255065 -0.09897399 0.14801233 -0.15766595 -0.031609707 0.109456345 0.14980961 -0.08891383 -0.0093108965 -0.04277735 -0.21497841 0.04523282 0.24770297 0.36664435 0.17488642 -0.28596845 0.011934297 -0.017109795 0.30796033 0.34974664 -0.13150041 -0.46435675 0.006111768 0.039995637 -0.11896913 -0.24233817 -0.26311505 0.069736466 -0.043589313 -0.31232852 0.004738994 0.01644513 -0.1168785 0.14705735 0.07461472 0.06925575 0.36766455 -0.22718276 -0.15017277 0.33205253 0.21536723 -0.05281868 -0.13380839 -0.09857979 0.029310523 0.08430693 -0.17554158 -0.060657833 0.014001364 0.20999368 0.048089195 0.22274745 0.090031594 -0.038930777 0.40809134 0.04515472 0.06052687 0.04425017 0.00062272453 -0.14534396 -0.025249457 0.33771974 0.14067991 0.0044022757 0.054357942 0.28892606 -0.2853023 -0.054492995 -0.13899541 -0.120806254 -0.21922298 0.04740246 -0.16018212 -0.26731426 -0.12476081 -0.07926375 -0.085521676 0.15431935 -0.16842107 -0.27809942 0.07247142 0.44744265 0.088976145 0.092072286 0.17310357 0.03725958 0.0018616974 -0.075237244 -0.09037393 -0.45901716 -0.07775704 -0.3755682 0.27586412 -0.2065548 0.2768416 -0.12020656 -0.43002546 0.0019773967 0.030451678 0.12029161 -0.2365647 0.2162455 0.2883325 -0.29851073 0.0011218219 -0.058375843 -0.053971983 -0.21798725 0.31112328 0.041367654 -0.3755046 -0.2674114 -0.1219023 0.1756487 0.25269648 -0.3911223 0.3257412 -0.12682144 -0.24801123 -0.055886667 -0.119604915 0.01810096 0.03727056 -0.12071248 0.13017826 0.061229493
BLZ 0.2364589 -0.3931278 0.2538929 0.1914113 0.097080365 0.09110541 -0.17180014 -0.38985002 -0.159945 0.031518478 0.4843685 -0.14565615 0.11888029 -0.3492068 0.27269217 -0.074077055 -0.090591684 0.07463378 -0.01179933 -0.16882686 -0.12836717 0.069621705 0.022344792 -0.28480843 -0.25736582 0.18654294 0.14498685 0.2800176 -0.091942295 -0.028559374 -0.30912122 0.037872463 0.020667162 -0.22246675 0.036720958 0.14026664 0.30378333 -0.16837208 -0.038625993 -0.041595183 -0.2838215 0.09279836 -0.27095577 0.012725745 0.42403144 -0.06292598 -0.21172786 -0.027119426 0.16098109 0.57523024 -0.3112943 0.3036271 0.087689325 0.17688553 -0.18636803 -0.045647237 0.26945937 0.1295261 -0.23346539 -0.058285717 -0.0900345 0.076001756 -0.20406376 0.3912364 0.31380966 0.014065817 0.32867968 0.25721753 -0.262721 -0.2552218 -0.17419645 -0.19479245 -0.34613028 -0.13312578 0.17359693 -0.35412475 -0.14206241 -0.1927602 0.057605647 0.13503432 -0.16233127 -0.08746002 0.1177983 0.261111 0.12915166 0.2910618 0.36463225 -0.66513956 -0.086884 0.00899308 -0.10534527 -0.0028899258 0.40195563 -0.11134667 0.117969714 0.28057647 -0.06560794 -0.13983788 -0.1280268 -0.09805669 -0.11129584 -0.14764543 -0.12669392 0.16770048 0.15648146 -0.024902122 -0.23825774 -0.19508071 0.23057687 -0.19133236 0.08742193 -0.3146055 0.008089588 -0.16024846 0.017274333 0.1829762 0.20307733 -0.19918466 -0.122253716 -0.082745716 0.09259687 -0.14692292 -0.037681065 -0.19522505 0.0878799 0.19633466 0.16275807 0.030456431
TCA -0.13322791 -0.32314813 0.40314677 0.31864032 0.14440192 -0.20932321 0.3418726 -0.39748025 0.24187744 -0.2741713 0.14054088 -0.002564482 -0.1255199 -0.009935768 0.23444833 0.16086924 -0.2440196 -0.41515866 -0.1536881 0.016946666 0.507192 0.52348816 -0.029600443 -0.26910543 -0.7310364 0.19435237 -0.09949522 0.26509064 0.3727405 -0.47345597 -0.22131747 0.2778302 0.32456177 -0.12528583 0.100781836 -0.26939103 0.077443205 -0.25901797 -0.21153982 0.24798018 -0.2447645 0.22752772 0.13361208 0.014412649 0.37156475 0.304568 0.1486531 -0.060297363 -0.12306384 -0.03431892 -0.17117342 0.37993994 0.2739598 0.020959774 -0.15354508 0.055724956 0.24003126 -0.15197179 0.18721582 0.035472777 0.021170443 0.11911131 -0.2187125 -0.044904504 0.253154 -0.3326203 -0.38200134 -0.0042313365 -0.041357294 0.038373217 -0.24336709 -0.028989067 -0.33894756 0.0076929005 -0.02562873 0.22207177 -0.2847999 0.31982785 -0.34558538 0.29800764 -0.21640478 -0.30325255 0.12198026 0.24956946 0.5099415 0.07434658 0.120184034 -0.07552559 0.38923675 0.033607934 -0.33009768 -0.5234374 0.57391506 -0.34125704 0.20502621 0.5810229 0.06820486 0.03525946 -0.06599596 0.20389788 -0.30303222 0.11743776 0.19718736 -0.05279666 0.19170551 -0.018464355 0.02828578 0.15870857 0.08181166 0.045635253 0.04948292 -0.2997866 0.19967262 0.097751975 0.14287773 0.11425801 0.42952326 0.09499751 -0.12120334 -0.10605788 -0.50299966 -0.11206653 -0.16291848 -0.34440133 -0.11233341 -0.25022778 -0.13380931 -0.16728128
CXR -0.06600647 -0.20871386 -0.3154073 0.2019276 0.18574479 0.2259138 -0.08176004 -0.011955709 0.022998678 0.09783024 0.17171428 -0.32655594 0.10704916 -0.34084588 0.11510157 0.025940767 -0.16403943 -0.41321546 -0.15439783 -0.30607206 -0.07295662 0.11901955 -0.3852671 -0.39503965 -0.6425132 -0.05976943 -0.2927574 0.004308492 0.2763558 0.12331419 0.1370368 0.3456318 -0.4734847 -0.19017236 -0.3114784 0.38878033 0.30074918 0.2073221 -0.24845932 -0.110827595 -0.30919844 0.38799515 0.3768343 0.0552243 0.084991485 0.033989783 -0.22275767 -0.023076335 0.08922297 -0.06840814 0.040483214 0.20913003 0.15029624 -0.009069645 0.33873096 -0.17353301 0.4587265 0.053594824 0.13590187 -0.093582876 -0.18252437 -0.041253477 -0.1589228 0.12986034 0.24126652 0.0059281564 0.105617516 0.2532992 -0.21948002 -0.4272423 -0.06621002 0.06609597 -0.7731669 0.102114104 0.24306533 -0.21210168 -0.049848776 0.21074396 0.078594096 0.36221582 -0.20018981 -0.51524675 -0.02925876 0.37207997 0.34261885 0.5887413 0.4168833 0.06087328 0.17823969 -0.062216967 0.14518915 -0.050732527 0.41460454 0.29069293 0.4017043 0.2157449 -0.16584226 -0.31382945 -0.5492369 0.04233049 0.079680175 -0.017166162 0.08968681 0.4076452 0.117377765 -0.3870346 0.20972928 -0.15500909 0.4120249 0.20922825 0.29157135 -0.08287827 0.42483518 0.42564902 -0.1632893 0.035225812 0.2095338 0.12363636 0.12094822 0.2670027 0.09001759 -0.13226755 -0.009864683 -0.05260807 0.09932498 -0.06379493 -0.0024842408 -0.06129244
SWZ -0.29150265 -0.30936885 0.29891527 0.2213923 -0.12700897 -0.18994993 -0.105144866 -0.08321039 0.29630426 0.06339063 0.023371495 0.08702988 -0.20621021 -0.15110283 0.057953045 0.14551277 0.0075314464 -0.20069556 0.0028170836 -0.00625063 0.30130416 0.18768036 -0.27819058 -0.11125668 -0.42797413 0.40369925 -0.010376978 0.041510202 -0.08346098 -0.25700244 0.0058851154 -0.0399998 0.09050523 0.12803125 0.0088734375 -0.1999405 -0.040761102 -0.39686018 -0.07799719 0.08526129 -0.1252743 0.19627008 -0.02880588 -0.10672869 0.033025015 -0.027540466 -0.06798881 0.08038141 -0.05889476 -0.18051788 -0.12982877 -0.08988048 0.12809134 0.19557482 -0.0047594733 0.039093975 0.065729044 0.018331757 -0.12466227 0.10486976 0.034893904 0.118038125 0.32630125 0.35201043 0.16989866 -0.0774812 -0.1314138 0.10583077 0.25268108 -0.009323716 -0.099618874 0.033309296 -0.026747925 -0.03465657 -0.13501118 0.12197279 -0.01636715 0.21887071 -0.028237507 0.28172287 -0.058312837 -0.19961765 0.0023969538 0.22592288 -0.00074035797 0.05553297 0.0641295 0.019394437 0.03831225 0.24512005 -0.06442905 0.030595688 0.21489213 -0.06587439 0.06760569 0.108360246 -0.27038598 -0.061219472 0.0697837 -0.32281098 -0.2324256 -0.111830495 0.32180637 -0.03468456 -0.12611121 -0.07478696 0.1363701 0.08672422 0.29652718 -0.06636953 -0.15380372 -0.23685321 0.13883519 0.13035339 -0.36971903 -0.034398366 0.106712855 -0.043459695 0.091150925 -0.101983815 -0.47985256 -0.24445732 -0.014573991 -0.14543104 -0.15105154 -0.29074362 0.15453771 -0.17216085
NCL -0.014395285 -0.19437629 -0.068932936 0.03900538 0.13491502 0.047469933 -0.088736035 0.02675452 0.041070294 0.075845204 0.011271281 -0.18724065 0.058213294 -0.019168368 0.012603408 -0.03395468 -0.1687314 -0.22142889 -0.18826641 -0.09800503 0.09205321 -0.12960804 -0.091656715 -0.25713596 -0.30700248 -0.12363223 -0.2812705 -0.0766028 0.21763588 0.019470572 0.04992443 0.33826217 -0.2023496 -0.055513345 -0.15034133 0.116766654 0.14208144 0.031977665 -0.29745463 -0.029576749 -0.14364508 0.2816671 0.23221269 0.10290581 -0.085773885 -0.023744697 -0.13211925 0.037711326 0.062277406 -0.08791514 0.026074706 0.124908194 0.09208887 -0.016686874 0.04955428 0.037750278 0.17022933 0.04063871 0.16247612 0.0011259646 -0.13051403 -0.0821742 -0.0917476 0.13588509 0.24755424 0.06637979 -0.015135259 0.20470555 -0.0312356 -0.25516418 -0.08733588 -0.051490575 -0.47423247 -0.022189952 0.21173608 -0.16567914 0.020396594 0.040228486 -0.02265878 0.18151811 -0.2017194 -0.41401628 -0.07292611 0.33448917 0.19079459 0.3839988 0.33200055 0.09504383 0.1481587 0.0372316 0.006112766 -0.027017213 0.28617436 0.106238335 0.36247537 0.16329905 -0.11157772 -0.34054056 -0.36116287 -0.0027706246 0.02566552 0.064340524 0.08945975 0.049397856 0.083587445 -0.137389 0.11891436 -0.03396127 0.32378954 0.11947419 0.1801433 -0.17113265 0.28402415 0.17585608 -0.17925633 0.12557885 0.15060486 0.08335021 0.096333906 0.111269325 0.023226503 -0.14134882 -0.06054854 0.020121545 -0.090600796 0.013483138 -0.15995908 -0.036440175
PSE 0.27272356 -0.20179693 0.24073644 -0.05463117 0.0039164713 0.09093669 -0.30926 -0.27465206 0.14707802 -0.27098876 -0.15484308 -0.08396427 -0.35637385 -0.19084959 0.34967878 0.3253202 -0.07263407 0.17205273 0.05616338 0.19848786 0.18161102 0.35613215 -0.2814096 -0.25852248 -0.110448144 0.12410411 -0.17071787 -0.020793568 -0.15655541 -0.17522447 -0.18460822 -0.21181923 -0.015489618 -0.39336532 0.08832191 0.2505051 -0.007957232 0.03218031 0.24537784 -0.0061788545 -0.28577924 0.38813218 -0.11697294 -0.1485699 0.027151244 0.011968847 0.20412464 -0.002888088 -0.027522072 3.0629453e-06 -0.1646451 0.013638616 -0.14049304 0.241196 0.15589781 0.20205556 0.26190558 -0.057257492 -0.40687388 0.0026728313 0.15669176 -0.18486646 0.13067251 0.5645236 0.25581643 0.384526 0.2721059 0.21326959 -0.18210235 -0.25270063 -0.07902621 -0.29453158 -0.11452072 0.08255575 0.22366448 -0.17211717 -0.32608992 0.18839747 0.023592211 0.11433861 0.0031333237 -0.11780028 0.068795174 0.094340995 0.04418654 0.14983818 -0.27907783 -0.28278005 0.16601051 0.07331692 -0.15378127 -0.026103895 -0.32848987 -0.061023686 0.50648075 0.023061644 -0.19320613 0.041293245 -0.35992923 -0.19940701 0.079343736 0.134171 -0.1997353 -0.060854025 0.025938686 -0.16363698 0.016406069 0.10890397 0.17243665 -0.3370521 0.34026062 -0.3708226 -0.1536428 -0.10395314 0.016498752 0.21847147 -0.15089129 -0.42747143 0.1410986 -0.013787638 -0.14545006 0.058926843 -0.29220662 0.16354251 -0.24098593 -0.009195171 0.055186275 0.15563913
WSM -0.15159628 -0.10314973 -0.087194696 0.27652645 -0.05944721 0.088006094 -0.03584331 0.16933963 0.06893877 0.08116286 0.08399984 0.11778629 0.20201758 0.03349969 0.07706475 0.07284605 -0.052152243 -0.21234247 0.18371151 -0.0474511 -0.2194429 0.33386165 -0.46765846 -0.19775039 -0.24292496 0.07265088 0.2070696 0.13558784 -0.09785944 -0.1617879 0.19468589 -0.009381573 -0.18622504 -0.08417649 -0.05213405 0.4001809 0.28173086 0.14759634 0.07125692 -0.13231254 -0.2538634 0.28681532 0.11290207 0.0031044825 0.31732488 0.256494 0.13255313 0.08494543 0.1031422 0.06480243 0.1512924 -0.04433362 0.15612407 0.16788012 0.4057614 -0.25988212 0.21564098 -0.13040511 -0.049540415 0.02125498 -0.077814415 -0.12763464 -0.050469115 0.08328291 0.20448293 -0.10726545 -0.06111452 0.045194518 -0.257208 -0.16309394 -0.03942843 -0.016655596 -0.24060395 0.1021208 0.005211461 0.020126078 -0.45235753 0.15730049 -0.071663156 0.2125476 -0.13182615 -0.34835187 0.06517326 0.30031288 0.1798387 0.24428768 0.24134436 -0.1488159 0.19945276 -0.042906534 0.13438812 -0.16516922 0.31122276 0.1011092 0.22541311 0.23569658 -0.05842692 -0.08909771 -0.2525084 -0.037743073 0.055908486 -0.0072037037 0.30133036 0.14959773 0.079445526 -0.3917643 0.013535591 0.094940595 0.05735618 0.105000354 0.2611833 -0.17396963 0.27385092 0.14082144 -0.10519766 -0.10801252 -0.004493507 -0.046050142 -0.011282008 0.034518294 -0.0038819662 -0.13407776 -0.06044165 -0.20063664 -0.0032287284 -0.41483104 0.14409286 0.009949684
MDG 0.10949251 -0.33900306 -0.29267892 0.10532422 -0.0710257 -0.21188566 -0.26026666 -0.010839435 0.14518513 0.028884722 -0.0018157777 -0.08262793 -0.46459404 -0.15647306 0.07680154 0.068955496 0.07230044 0.008530693 0.0865961 -0.2063288 0.28832304 0.3236225 -0.08018104 -0.04990216 -0.12442408 0.08166344 0.09489858 -0.0013371848 0.25720534 -0.18884066 0.07705888 -0.1275891 -0.0011902691 0.32432315 -0.21606256 0.10543149 0.044765607 -0.08993503 -0.0032656218 0.050247166 -0.022858847 -0.11922027 -0.119421855 -0.1177015 0.0005694066 -0.024177667 -0.32574397 -0.0694257 -0.36701867 -0.0634115 -0.08302721 0.058639236 0.17071404 0.096508235 -0.06855505 0.20927969 0.18192531 0.413999 -0.08534085 0.13394815 -0.03130169 0.3682054 0.2693943 0.27469444 0.083118044 -0.12178483 0.1567173 0.033396173 0.10351729 -0.0027467613 -0.1595922 -0.012126904 -0.26076666 -0.09864966 -0.21804307 -0.24790822 0.11401777 0.3052765 -0.14742178 0.13197178 -0.10136386 0.042858567 0.108704485 0.1890594 0.07173158 0.14739265 0.08228503 -0.10498177 -0.2222074 0.39772433 0.03411269 -0.110527374 0.17965937 -0.1725993 0.31245607 -0.10008652 -0.04025 -0.25159624 -0.07828132 -0.22969799 -0.038680077 -0.27883813 0.038964424 0.18499747 0.07308511 -0.25858146 -0.01979837 0.032865703 0.34870878 -0.3085706 0.09054737 0.09838258 0.035871267 0.20254982 -0.45061255 -0.24693662 0.24012606 -0.20812237 0.13795497 0.14602807 -0.39076915 -0.30556214 -0.18697207 -0.23574504 0.051968228 -0.15098113 0.14220358 -0.0030303942
NIC 0.06506277 -0.4009623 0.13235338 0.13190581 -0.00792457 0.009566426 -0.184827 -0.13504666 -0.036735285 -0.07383845 0.18336667 -0.11597343 -0.12035673 -0.19064926 0.14465652 0.13814323 -0.05503538 -0.09462727 0.054069456 -0.2580435 -0.02939675 0.18245454 -0.18274231 -0.11001489 -0.08941232 0.26705548 0.045988817 -0.0323946 -0.06946644 -0.11519206 -0.106960885 -0.08804903 -0.07144262 0.04830809 -0.095372796 -0.018229472 0.14140901 0.006197215 0.0783144 -0.023576444 -0.26452902 0.1445418 0.014095999 0.03225347 0.19099449 -0.06400889 -0.0989499 0.060404293 0.10104425 0.23206083 -0.1691193 0.059165586 0.13774662 0.11142752 0.07361302 0.063818604 0.10940855 0.07121913 -0.17898099 0.07801608 0.034583274 0.018289382 0.12334423 0.24216802 0.090691485 -0.013896186 0.10017923 0.17883153 -0.085130215 -0.2549375 0.030364372 0.0062309043 -0.17398167 -0.049764644 -0.05856276 -0.26735213 -0.116655275 -0.04297246 0.041025788 0.089771576 -0.01300495 -0.13728286 0.12556726 0.29112378 -0.0248491 0.27271217 0.27031782 -0.086485274 -0.008712034 0.13048261 -0.07654729 0.043938857 0.11238175 0.059106637 0.22288527 0.1227678 0.020890545 -0.042546127 -0.06336638 -0.20779301 -0.08975195 -0.1306589 0.030874154 0.31281266 -0.034418922 -0.111665554 0.055071935 -0.14689586 0.0979678 -0.14080065 0.16573033 0.030232755 -0.04121484 -0.01192657 -0.119948484 -0.077998996 0.116077654 -0.1256748 0.04249309 -0.009918502 -0.02397885 -0.16213492 0.0362869 -0.16359432 0.07603766 -0.07399902 0.065844394 -0.037580375
MNG 0.14205211 -0.54485315 0.22038381 0.013731755 0.08997103 -0.29968715 -0.033643097 -0.013270779 -0.16429432 0.09791318 0.43030268 -0.26749036 0.2534865 -0.39066872 0.2986534 -0.07142994 0.13966092 -0.17269711 -0.07700473 0.026014077 0.13813755 -0.0011558216 0.18255474 -0.17587128 0.070469216 0.12841477 0.13792753 0.054824855 0.21365222 -0.07553073 -0.001434424 0.13940935 -0.10940246 0.23465998 -0.44956216 -0.16695349 0.36477005 -0.02710506 -0.14286521 -0.31175363 -0.33857617 0.16868256 0.09032134 0.0738612 -0.01939293 -0.05043538 -0.28691098 0.13130918 0.061712377 0.20982303 -0.16410717 0.13059308 0.10427806 0.07512067 -0.011789173 0.1789558 0.055241045 0.09103056 0.1485037 -0.11823982 -0.15432976 -0.06269331 0.042319283 0.17958622 0.29389328 -0.01830765 0.19888811 -0.054273404 0.18656419 -0.16832763 -0.25454342 -0.15142845 -0.35766482 -0.09833472 -0.25555584 -0.36257267 0.10990538 -0.05974427 0.018034985 0.30071464 0.17939566 -0.21008809 -0.30464056 0.4389049 0.19166093 0.3348509 0.29746908 -0.28877965 -0.032129835 0.15139228 -0.27456623 -0.07028785 0.31108934 -0.12315745 0.19083661 0.08411311 -0.071833365 0.073158935 -0.06103116 -0.05520981 0.11477721 -0.24451767 0.14587773 0.27486923 0.25894615 -0.12808181 -0.13046817 -0.242258 0.16779853 -0.10102994 0.24865465 -0.15086183 0.11153863 -0.10873389 -0.09504177 0.20708516 0.07992837 -0.18532121 0.053042773 -0.19312818 -0.08851809 -0.23613486 0.040446606 -0.019349754 -0.113416344 -0.083076276 -0.29036474 -0.16661766
SLB -0.025659464 -0.20054227 -0.04234517 -0.012908892 0.112844594 0.057746664 -0.098898664 0.10652089 0.08385156 0.1499075 -0.040364653 -0.13641106 0.10254937 -0.021429041 0.07850604 -0.008065454 -0.10597442 -0.23442027 -0.19727847 0.0056812284 0.08818709 -0.13065201 -0.114433914 -0.27932322 -0.2775669 -0.09268528 -0.24555205 -0.06939405 0.18321198 0.058305025 0.09725686 0.32910174 -0.30055037 -0.09261492 -0.12913182 0.1461984 0.12087373 0.053106464 -0.23472565 -0.09547957 -0.21151735 0.36150607 0.24975456 0.08198831 -0.12273935 -0.012947022 -0.09541934 0.087544054 0.08047202 -0.11263218 0.08270052 0.06488098 0.023698073 0.073191874 0.071676485 0.036416396 0.16264148 0.021257367 0.1764769 -0.0071702274 -0.14838077 -0.20329864 -0.049180187 0.1826386 0.21754022 0.145181 0.005664584 0.14060952 -0.0013902036 -0.26084134 -0.03448462 -0.053345453 -0.4077483 -0.012389894 0.19239585 -0.13944075 -9.2627364e-05 0.06301391 -0.0049059354 0.22612825 -0.12582557 -0.4544236 -0.16460694 0.40902543 0.17527935 0.35678726 0.2778772 0.062170614 0.16399246 0.026692616 0.008443543 -0.04277938 0.20326369 0.108746104 0.3727138 0.15223086 -0.09581536 -0.29394886 -0.391166 -0.0092776455 0.098583736 0.0881051 0.15488267 0.060192376 0.111990064 -0.20449863 0.1509818 -0.0150809605 0.29477838 0.12650052 0.1412505 -0.20311178 0.31060603 0.13516447 -0.14820626 0.19656783 0.059412226 0.06307575 0.10464659 0.05490329 0.023489906 -0.106484085 -0.013936405 0.093812786 -0.10404495 -0.015148869 -0.1748003 -0.093562864
TUV -0.014785989 -0.23966806 -0.3565005 0.16133492 0.22627868 0.26856044 -0.104382575 -0.049313456 -0.038227696 0.09259323 0.23566625 -0.32591426 0.1374017 -0.39650074 0.15174118 -0.018125465 -0.19179758 -0.3912027 -0.21645023 -0.33292735 -0.07923014 0.056150056 -0.3140599 -0.4019849 -0.5984127 -0.10711858 -0.27641627 0.031189986 0.3354201 0.16980329 0.11547155 0.37148827 -0.4532143 -0.17353182 -0.33151066 0.4150789 0.3147851 0.22185536 -0.32079396 -0.10669523 -0.30942708 0.3408463 0.32153186 0.0947897 0.09024183 0.0005219249 -0.22991405 -0.055113636 0.05634762 -0.023501419 0.0038030422 0.25205827 0.13884059 -0.002506727 0.2609264 -0.13619764 0.4781281 0.11012805 0.15083617 -0.13655204 -0.22239575 0.007986071 -0.17636688 0.113669366 0.28404126 0.058591217 0.14393379 0.270816 -0.23234503 -0.46529135 -0.07146863 0.008130546 -0.7986482 0.04795637 0.2897671 -0.22884135 0.021547409 0.13752215 0.08347345 0.3412711 -0.19899157 -0.54998577 -0.055516906 0.41087046 0.34863818 0.6418418 0.44690827 -0.033396162 0.15519059 -0.07409129 0.12378592 -0.033048768 0.4780142 0.2485283 0.47084662 0.25644803 -0.1395485 -0.3414701 -0.60922766 0.030248007 0.09351455 -0.043203067 0.05117782 0.421404 0.16735463 -0.3789158 0.18942188 -0.17964736 0.4702083 0.1798178 0.30248183 -0.119862065 0.44499555 0.40681514 -0.09847307 0.09356044 0.21726874 0.096270055 0.091314554 0.25947508 0.115767956 -0.12738289 -0.017566629 -0.036608066 0.067589864 0.018120963 -0.02515478 -0.056664214
ABW 0.16177437 -0.35206208 0.08782877 0.10993863 0.05469647 0.08009962 -0.25522566 -0.19853121 -0.09841818 -0.15717001 0.19592424 -0.18078573 -0.18253684 -0.16054657 0.151454 0.07997373 -0.14001669 -0.08167012 0.09407379 -0.26888144 -0.005999763 0.12435405 -0.15562731 -0.10370674 -0.038846724 0.12075163 0.042351685 -0.03557389 -0.07850649 -0.1757427 -0.16815537 -0.09135213 -0.01510343 0.013332478 -0.11589382 0.13265087 0.16453227 0.06287854 0.035533067 0.014888895 -0.18892156 0.108992405 -0.02407623 0.032833584 0.2084421 -0.081031665 -0.033661135 -0.008707543 -0.00246076 0.27620256 -0.20086388 0.12925711 0.19587646 0.018484782 0.023047272 0.13645941 0.1243124 0.07976888 -0.17022966 0.10457097 0.012125383 0.09301171 0.05476488 0.2809287 0.16343503 -0.014297353 0.11419851 0.20973374 -0.16383126 -0.23675543 -0.08968039 -0.08093074 -0.19567372 -0.023972975 0.008771268 -0.32188958 -0.13396887 -0.06207961 -0.029313354 0.022816077 -0.11321575 -0.123731606 0.14984843 0.24056278 -0.011640869 0.28883365 0.29115102 -0.16470723 0.026308376 0.07773741 -0.110587835 0.022349779 0.16270956 -0.01987912 0.28964943 0.14377466 0.016990786 -0.10177803 -0.12160184 -0.20237471 -0.057782054 -0.11781657 -0.07564568 0.17677563 0.028473869 -0.08173569 -0.05943256 -0.07701073 0.10695436 -0.21348748 0.2508401 -0.06965727 -0.07607109 -0.120014384 0.027979463 -0.108919404 0.15612237 -0.124791235 0.010881401 0.0069093867 0.04193972 -0.13106585 -0.08600005 -0.14236799 0.045219183 0.0124074975 0.0052564167 0.0718539
MLI -0.20920981 -0.3294522 0.29414043 0.22464374 -0.16904916 -0.3106277 -0.13962716 -0.06678616 0.25367787 0.15369444 0.032894943 0.033691637 -0.18589416 -0.16982657 0.041332282 0.09331237 0.080310605 -0.13121565 0.095359534 -0.003545342 0.32407564 0.24787647 -0.27375093 -0.11349602 -0.37385374 0.3582708 0.013146065 0.054609288 -0.07925646 -0.2272691 0.026254412 -0.06367946 0.07338188 0.17300488 -0.03998374 -0.2146311 0.0047045797 -0.38209844 -0.038801093 0.049344312 -0.10827495 0.18074414 -0.093972094 -0.15469077 0.030833496 -0.024494033 -0.19550674 0.114537284 -0.0858703 -0.1538736 -0.11722265 -0.12078507 0.08588223 0.16203547 0.029126668 0.052408308 0.022433957 0.06461098 -0.13781857 0.12318469 0.02145026 0.16978419 0.30093798 0.4147485 0.18344039 -0.07769526 -0.021938693 0.052432608 0.27448857 -0.0044741216 -0.17390975 0.020052902 -0.07960029 -0.040547155 -0.17694059 0.037999775 -0.009021716 0.25892037 0.030427711 0.2728817 -0.069333225 -0.11704044 -0.017189546 0.2280207 0.027853647 0.039334536 0.07426743 -0.0069852266 -0.036658127 0.3466775 -0.07382802 0.054127343 0.22670358 -0.05863941 0.043077204 0.024591427 -0.26744476 -0.09170505 0.14177634 -0.3227102 -0.22836074 -0.14180718 0.32864338 -0.034871098 -0.110141546 -0.06904195 0.08052647 0.002905199 0.32797423 -0.074205086 -0.12525302 -0.20219485 0.11472643 0.08603079 -0.49934548 -0.07987567 0.13146918 -0.112596326 0.11573202 -0.10382708 -0.4657906 -0.29292762 -0.056457724 -0.12773411 -0.14839028 -0.3148568 0.15044951 -0.098172665
BMU 0.41604206 -0.38558397 -0.28417408 0.10884783 -0.30766892 -0.31616062 -0.50000036 0.08895251 0.18596505 -0.05954302 -0.25783786 0.24756984 -0.1421505 0.15270607 0.063939735 0.35010195 0.014492351 0.15260737 0.00050940824 -0.046103448 0.16702494 0.5460867 -0.15883361 -0.2012765 0.06510348 -0.11344409 -0.052461345 -0.25623795 0.13459013 -0.36478743 0.025849285 -0.09618267 0.09361463 0.17091362 -0.011810858 0.11404009 0.1833209 0.24561563 0.048316065 0.045978192 -0.22072138 0.21962433 -0.12792766 -0.084551744 -0.0729105 -0.10065564 -0.027099136 0.16225068 -0.27272406 -0.006265434 -0.1458161 -0.017307458 -0.067309186 0.14779489 -0.042379584 0.11520468 0.29291567 0.2622278 0.03965203 -0.017380051 -0.012266574 0.43247798 0.040849164 0.55045444 0.29944563 0.08956955 0.18325755 0.21614057 -0.23069088 -0.10702187 -0.09803911 -0.2858877 -0.4667408 -0.12713678 0.09748219 -0.109333135 -0.13303913 0.06503543 0.0015736423 -0.14799845 -0.13446456 -0.18447505 0.2898526 0.39653462 -0.06429869 0.52340364 0.15618064 0.107216954 -0.14751232 0.464992 0.38345265 -0.2996741 0.3687918 -0.29456294 0.536193 -0.07203102 0.20234875 -0.45575258 -0.36006016 -0.16694425 -0.10657714 0.2549746 0.16612878 0.16219737 0.25316954 -0.0827704 0.15347892 -0.096025445 0.2886135 -0.3828499 0.26326087 0.14525102 -0.15541439 0.14806907 -0.5490797 -0.3619521 0.27481195 -0.42047182 0.21229994 0.07401463 -0.14515519 -0.22949716 -0.4948723 -0.19354637 -0.17617978 0.010201496 0.024521912 0.36019614
BES 0.110343084 -0.44103163 0.040774733 -0.1329433 -0.1480315 -0.15061434 -0.21358876 -0.032259554 0.07096589 0.021587137 -0.025530275 0.29014874 0.025105115 -0.19210741 0.2703681 0.24605636 -0.07307554 0.058968388 -0.152694 -0.016618969 -0.05493467 0.11526398 -0.14489585 -0.005779766 0.030813035 0.20064622 -0.028215114 -0.067321904 0.2248242 -0.016862482 -0.1119292 0.0075106313 -0.018334817 0.07683546 0.028114142 0.0048389416 -0.0034472966 0.11591312 0.039421044 0.13431463 -0.17331854 0.15496029 -0.18803683 0.07228767 0.12642707 -0.0585737 0.057985954 0.14666869 -0.04119278 0.2252822 -0.0779783 -0.08796103 -0.070394576 0.29649115 -0.15728205 0.08651858 0.09078778 0.17012729 -0.06899133 0.10178121 -0.14877439 0.099971995 0.15147424 0.24831544 0.073075294 0.15317781 0.08560403 0.18998134 -0.08839306 -0.32769272 0.22092913 -0.13234182 -0.06456985 -0.20537442 0.0032680843 -0.013129317 0.025982099 -0.1637438 -0.020213915 -0.041167613 0.08309841 -0.26661792 -0.10604871 0.48494163 -0.11645479 0.31309006 0.11595037 -0.15158997 0.045914575 0.314042 0.0054163556 -0.008164574 0.19142911 -0.0759566 0.4083739 0.20373194 0.22081664 -0.09018301 -0.28896582 -0.27997446 -0.19572169 0.07372295 0.27344257 0.25099835 0.12825395 -0.16234966 0.4424971 -0.18344744 0.29059213 -0.29414093 -0.044943716 0.011917275 -0.012105459 0.09190861 -0.22664586 0.015526072 0.07461561 -0.35777298 -0.000401241 -0.023861961 -0.2242308 -0.24734008 -0.06760729 -0.037206322 -0.0014201859 -0.042489555 0.15956217 -0.10251597
NRU -0.07002782 -0.2187847 0.010214218 -0.017857565 0.11792048 0.045448594 -0.06399246 0.0061409627 0.06785943 0.15490231 0.0075497627 -0.17253809 0.06577736 -0.09152613 0.06798954 -0.033005543 -0.14828432 -0.20854585 -0.21092828 -0.009833623 0.11705415 -0.14521143 -0.089467995 -0.27183682 -0.36211133 -0.046676893 -0.25869754 -0.026997821 0.20654826 0.052235257 0.06950828 0.3481427 -0.26686904 -0.093270384 -0.14017652 0.078206405 0.10276344 -0.04019414 -0.30397657 -0.04755997 -0.18809028 0.31823394 0.20512404 0.11438659 -0.1141319 0.020454394 -0.14383732 0.057306632 0.103237554 -0.06778799 0.061824065 0.086811975 0.0102123 0.07240338 0.035781503 0.047577813 0.1134835 0.01092535 0.11289602 0.0030344762 -0.14893469 -0.16901834 -0.057178605 0.16366376 0.21680316 0.11495382 0.020555897 0.14114565 0.0436901 -0.28059405 -0.01877189 -0.044177487 -0.41955277 -0.057003662 0.2098204 -0.113510504 0.037289687 0.05769835 0.008507274 0.24561152 -0.15277506 -0.39613074 -0.15078954 0.36394343 0.19240852 0.31948093 0.2644782 0.02848586 0.14771827 0.049088567 -0.066416144 0.028065419 0.22079876 0.15413819 0.3659901 0.18836595 -0.14365308 -0.2869884 -0.35079706 -0.047583934 0.04282015 0.047038462 0.16072235 0.02268239 0.05721757 -0.17520608 0.18163854 -0.02524568 0.34783307 0.14674129 0.10882237 -0.23133762 0.3514181 0.16603641 -0.18832023 0.2541079 0.051916122 0.07603947 0.09972562 0.05452545 -0.018043078 -0.13275567 0.033420306 0.078587204 -0.1189521 -0.01853912 -0.17911361 -0.12844355
WLF -0.028485976 -0.2625871 -0.25688037 0.21071093 0.21410361 0.15647607 -0.048058912 -0.06595815 -0.011713903 0.095006846 0.20654193 -0.36112514 0.14506236 -0.37153146 0.13717511 -0.033360887 -0.20174144 -0.37577567 -0.19338283 -0.291259 -0.021952666 0.08278868 -0.28353074 -0.3823839 -0.6466936 -0.077481315 -0.30777588 0.022255868 0.36408395 0.10392634 0.08596632 0.44091865 -0.399493 -0.16021435 -0.31863174 0.2998764 0.32439345 0.17706211 -0.34326404 -0.07329095 -0.30303 0.36916324 0.32836688 0.10478959 0.082912795 0.051010467 -0.2540326 -0.011558875 0.09847774 -0.019042639 -0.020381778 0.24229755 0.13077913 -0.041086365 0.23200555 -0.13930841 0.40559757 0.052391674 0.17919688 -0.121722326 -0.20344034 -0.0056145354 -0.18248525 0.12073009 0.259607 0.012557777 0.095761515 0.24901994 -0.17010173 -0.4501932 -0.10606503 0.04059145 -0.78988737 0.03748701 0.2796524 -0.18302727 -0.009079341 0.16081478 0.08732373 0.32551515 -0.17825122 -0.5061367 -0.07154546 0.38726026 0.36796293 0.58930236 0.44813314 0.033093065 0.1895277 0.006572118 0.083954684 -0.04703554 0.50220966 0.26132536 0.4167833 0.25362712 -0.14673425 -0.31926364 -0.49612966 0.043540426 0.019546771 -0.00034313658 0.11194217 0.3505868 0.12953506 -0.2853409 0.18683423 -0.19123593 0.4427494 0.22151265 0.26585045 -0.12240027 0.44427454 0.40338984 -0.16976406 0.07558843 0.24297674 0.119751655 0.1051071 0.2472193 0.084544495 -0.14599311 -0.009683281 -0.04254398 0.055247746 -0.0126765985 -0.08277081 -0.043879025
MSR 0.13581766 -0.35622078 0.075721115 0.11093535 0.030728616 0.054136354 -0.19008642 -0.15845536 -0.07986244 -0.1211764 0.19212873 -0.090537734 -0.112866804 -0.17961147 0.15081917 0.09133761 -0.116680324 -0.07150523 0.054045033 -0.24410808 -0.047692996 0.13999896 -0.1924282 -0.118783295 -0.083963245 0.14288254 0.022113586 -0.006966187 0.019101646 -0.11447034 -0.11779659 -0.036504325 -0.031538177 0.01213138 -0.08493475 0.096253805 0.15651989 0.064170845 0.05343409 0.025164135 -0.21770576 0.13425736 -0.038051438 0.035825275 0.23477137 -0.029029137 -0.039834943 0.0025382955 0.04715847 0.25243166 -0.15076484 0.08763225 0.1408323 0.057514597 0.059739206 0.07215994 0.12349573 0.057680584 -0.14947876 0.068285584 0.01896025 0.04680297 0.041763738 0.19805825 0.1429875 -0.0012070286 0.092181996 0.18275201 -0.14071096 -0.28005782 -0.03362003 -0.043753345 -0.18059468 -0.02085826 0.0064121033 -0.22520043 -0.14999457 -0.056333683 -0.0112569695 0.03394612 -0.070100375 -0.16984898 0.11416804 0.26101735 0.02670095 0.288232 0.24434623 -0.14022326 0.047435254 0.10100749 -0.08685284 0.031108815 0.16613835 0.027541995 0.2792435 0.1713289 0.026306683 -0.054376423 -0.13302392 -0.1612647 -0.08629996 -0.07687423 -0.016693294 0.2318757 0.0153280785 -0.10873393 0.013938442 -0.10393041 0.14089821 -0.13691364 0.21221793 -0.013864205 -0.018813256 -0.030941615 -0.03240909 -0.07990325 0.13154538 -0.12285216 -0.020663261 0.021233952 -0.007484666 -0.13565098 -0.043017853 -0.12454206 0.043503907 -0.04380524 0.03203567 0.031292625
GRL 0.12489036 -0.3518664 0.1296818 0.0015312041 -0.039444484 -0.11332156 -0.14856824 0.06994279 0.017754415 -0.2013466 -0.06990768 0.27068168 -0.07468978 0.15128806 0.27264187 0.29117632 0.1035624 0.006199454 -0.12122947 -0.15128013 0.045914568 0.33667886 -0.11400864 -0.25355306 0.2386731 0.14723366 -0.04968591 -0.24900971 0.060829453 -0.0739223 -0.20893006 -0.26735643 0.11965357 0.102072276 0.13458247 -0.008653548 0.18133324 0.25114807 0.2549322 -0.015698262 -0.1592195 0.2483325 0.055531327 0.083524466 0.1980465 0.0063388688 0.14087582 0.17427088 -0.14351621 0.3012341 -0.056638435 -0.043075897 0.21097901 0.2547475 0.032355346 0.04536407 0.30315682 -0.08284358 -0.028195633 0.039800644 -0.17089503 0.00920294 0.08795787 0.16815215 0.079656206 0.10115994 0.009889153 0.38222116 -0.34360316 -0.37812555 0.094402336 -0.17272043 -0.16854309 -0.2677385 -0.14087306 -0.066962436 -0.24400605 -0.19727081 -0.16555873 -0.101298 0.021853644 -0.25221688 0.13488851 0.7195637 -0.042065945 0.22695877 0.30028644 -0.055483747 0.21867715 0.31762075 -0.04142717 -0.24242571 0.21617134 -0.18677606 0.4890294 0.06249413 0.43625504 -0.09663821 -0.26215672 -0.13720635 -0.24658534 0.17277332 0.04183722 0.29346 0.276529 -0.1669478 0.28617194 -0.1700349 -0.06251288 -0.33498454 0.2656422 0.007813946 -0.21533313 -0.20151195 -0.1362899 -0.099062495 0.17525999 -0.3694696 0.100110464 -0.100977175 -0.17926583 -0.123749144 -0.09192025 -0.07441288 0.06301774 -0.060137793 0.11077712 0.1843816
NPL 0.078749634 -0.14616959 0.20343682 0.049933337 -0.07632701 -0.11649209 0.0070012817 -0.16531853 0.3461701 0.038704813 0.0070597073 0.04184064 -0.076976776 -0.028948626 0.25893623 0.06813869 0.07483141 -0.054786976 -0.041304722 0.36055973 0.23588255 0.25464082 -0.3338777 -0.26965007 -0.5622027 0.1802478 -0.28631386 0.15803562 0.14556503 -0.18075098 -0.083033934 0.20250139 -0.17531538 -0.43795937 0.17181098 0.11542918 0.008512608 -0.25464007 0.019760294 -0.0077364696 -0.2446892 0.63475597 -0.08033246 -0.24389355 0.017686376 0.20011646 -0.07830222 -0.06936054 0.060299043 -0.18268234 0.08474202 -0.16609347 -0.2208141 0.26922664 0.27232805 0.0868193 0.2765899 -0.0787719 -0.18841296 0.027704326 0.0698265 -0.1495064 -0.059191976 0.3937766 0.26727134 0.22893745 0.073053025 0.06481855 0.02745488 -0.16906391 -0.05656076 -0.18331012 -0.24415837 0.094913945 0.34146222 0.1330064 -0.2808233 0.3702139 -0.017221315 0.23746847 -0.099335924 -0.1970465 0.009425349 -0.12393346 0.31457093 -0.06311822 -0.36022294 -0.26179776 0.09052888 0.24701445 -0.15871388 0.005223172 -0.06857628 0.10024156 0.30417717 0.18664432 -0.29652166 -0.013931082 -0.2938704 0.015521025 -0.052397072 0.1663232 0.1115355 -0.22990657 0.090877295 -0.29444954 -0.007276784 0.09546231 0.33771715 -0.124462076 0.14816028 -0.32132336 0.3891369 0.1184136 -0.14174376 0.29541615 -0.17888834 -0.09531459 -0.06538581 -0.10555794 -0.30810136 -0.075763576 -0.2431398 0.14122556 -0.22480209 -0.1862425 0.11996583 0.026339246
BDI -0.084635295 -0.20592715 0.23236896 0.14051247 0.0016682054 -0.20927837 0.12869722 -0.08463124 0.22726876 0.11490331 0.2163517 -0.04198401 -0.017584663 0.022926213 0.09835481 -0.05042064 -0.05511687 -0.17645927 0.038993448 0.1262097 0.25550565 0.11186456 -0.10524138 -0.18099497 -0.5250391 0.11782071 -0.06425764 0.20228224 0.12287121 -0.22285987 -0.0561551 0.1812385 -0.016271356 -0.017214796 -0.048892688 -0.058732748 0.12729697 -0.28625622 -0.11090532 -0.032023 -0.10582414 0.28454235 0.011746626 -0.07750362 0.083102785 0.17781903 -0.21859552 0.029329931 0.057513807 -0.004630374 0.082841754 0.009455783 -0.0103571825 0.10605246 -0.0018516696 -0.040025037 0.09201461 -0.018517157 0.011906352 0.05185223 -0.05398673 -0.04443835 -0.007336344 0.17041107 0.24414742 -0.12528147 -0.14681093 0.060727146 0.14527473 -0.068258636 -0.18288888 0.019723795 -0.30415052 -0.045174133 0.027013475 -0.05125517 -0.11634099 0.13468012 -0.14652508 0.28746182 -0.14245087 -0.1866361 -0.010697915 0.11651758 0.28468725 -0.007528005 0.108772725 -0.12774047 0.023379812 0.24297553 -0.23717624 -0.10005993 0.26263276 -0.03677025 0.11176844 0.1535588 -0.14805281 -0.10580082 -0.051845364 0.03169795 -0.0837337 0.00087458245 0.1548579 -0.13739406 0.01788992 -0.15027495 -0.05398907 0.14628361 0.1820188 0.06374732 0.06831736 -0.19118065 0.2735253 0.0753961 -0.26571804 0.14099865 0.16842698 0.059129473 -0.026698487 -0.08156508 -0.2540728 -0.22568823 -0.10029427 -0.12806804 -0.08421402 -0.2984658 -0.07158273 -0.12573735
KHM 0.20794292 -0.4580868 0.45532 0.1792328 0.085099116 -0.17472865 -0.045079824 -0.14278306 0.03668141 0.030006783 0.2635153 -0.061277706 -0.10608272 0.14836943 0.10666402 -0.14804566 -0.27532893 -0.041079994 0.22385927 -0.019731807 0.17197514 -0.1197063 -0.120999016 -0.10124893 -0.35156068 0.068228364 -0.141997 0.24597836 0.21839198 -0.30313188 -0.29318774 0.21420467 0.23088574 0.09044135 0.05251123 -0.08853697 0.23165768 -0.24955185 -0.009062984 0.12658897 -0.1838739 0.31778255 -0.28132474 -0.087529324 0.4215063 0.18580128 -0.1531852 0.050352454 0.1342732 0.3625188 -0.0004500298 0.08935224 0.008506253 -0.0022375353 -0.15582713 0.08063876 0.0064385626 0.0075851595 -0.067320086 0.15826331 -0.062313095 -0.050987743 0.045543913 0.4330818 0.3679975 -0.05963592 -0.15133205 0.17236094 0.015672578 -0.2866667 -0.33967224 -0.037684318 -0.31796512 -0.014483527 0.09448411 -0.27587962 -0.28754926 -0.18867257 -0.23296505 0.0339581 -0.1984305 -0.13463126 0.07325737 0.17857052 0.2517697 0.085936956 0.22486924 -0.24900964 0.08662507 0.3573782 -0.24627243 0.046541385 0.40341777 0.051749956 0.1860933 0.21624167 0.0012115118 -0.22871274 0.07682929 -0.03944435 -0.2768126 0.17739925 0.066720285 -0.23634303 -0.008157116 0.060189586 -0.27271357 0.13316812 0.3527124 -0.08984286 0.13305508 -0.24082793 0.055332646 -0.1518917 -0.22140342 -0.012082944 0.4055785 0.029962914 -0.18437256 -0.046044998 -0.08542692 -0.3086405 -0.23136346 -0.0650551 -0.13626437 -0.24381074 -0.15951508 0.08261176
SPM 0.09209369 -0.5153932 0.24947804 0.020508641 0.07141613 -0.34738857 -0.014654641 0.07620044 -0.12614721 0.0935532 0.28507042 -0.19549406 0.18489438 -0.2810974 0.2535668 -0.08206681 0.18488415 -0.1653367 -0.0636358 0.038646895 0.24139242 -0.0030341719 0.1902503 -0.15341935 0.061447535 0.11294416 0.07754431 0.03484768 0.27606437 -0.11843386 0.017455924 0.13152419 -0.05984962 0.28473222 -0.38386294 -0.2160383 0.30615434 -0.034769632 -0.1575078 -0.24357803 -0.30010518 0.19001433 0.09955894 0.022666473 -0.05697819 -0.036178045 -0.19598003 0.11585156 -0.03887883 0.09330117 -0.109772995 0.06898389 0.13600463 0.045721073 -0.007040232 0.21082148 0.046898086 0.06407051 0.19214757 -0.09905822 -0.14299846 -0.038076006 0.101763986 0.16981965 0.27955672 -0.009498968 0.12723586 -0.06593744 0.2385861 -0.16281086 -0.2751215 -0.1386485 -0.32926577 -0.089659385 -0.2868566 -0.26660386 0.09308728 0.005889336 -0.016596988 0.23308392 0.19126333 -0.19292054 -0.31384453 0.44990918 0.17225994 0.26558182 0.23949315 -0.21561961 0.03214005 0.19881791 -0.2507442 -0.11266746 0.3308764 -0.15773176 0.17831235 0.035986956 -0.037294846 0.025163172 -0.018463783 -0.066558465 0.059973523 -0.18959183 0.21073192 0.20795304 0.27892977 -0.11291115 -0.10970433 -0.23307534 0.20150732 -0.120354526 0.20110978 -0.15942375 0.082199484 -0.1379091 -0.119328745 0.13869496 0.13017422 -0.18573704 0.08902505 -0.2051059 -0.19438678 -0.26420236 -0.015632577 0.022070233 -0.18014911 -0.11409084 -0.34387589 -0.117717095
SOM -0.18466118 -0.35028714 0.2863479 0.23218264 -0.1559647 -0.13162053 -0.17916712 0.009906949 0.36215642 0.17521302 0.09483722 0.1930476 -0.2433624 -0.08381297 -0.037691325 0.04956865 -0.117264554 -0.1621154 0.024203919 -0.01623067 0.33259803 -0.052740645 -0.32267922 -0.046124145 -0.4770256 0.32231307 0.024805935 0.19876555 0.012846711 -0.2560006 0.054155473 0.045248207 -0.040157232 0.22460176 0.00093814824 -0.17055058 -0.06970277 -0.3740366 -0.11117163 0.15247366 -0.12542929 0.32306188 -0.120562956 -0.19026561 0.077529505 -0.053243823 -0.114399314 0.117285095 -0.12123087 -0.1512778 -0.10293453 -0.19252756 0.111078635 0.22192548 0.0034399698 0.13083623 0.040785246 0.10187982 -0.12490542 0.18800466 0.004708178 0.17509533 0.3030909 0.42695165 0.22882804 -0.0905626 -0.12024659 0.16350845 0.2862726 0.032702312 -0.14181343 -0.02225731 0.011551885 0.05856505 -0.10740981 0.06728231 0.03989662 0.12892763 -0.062039442 0.2770863 -0.06578078 -0.31877008 -0.08114551 0.26510218 -0.039264034 0.06874434 0.024719814 -0.040795106 -0.005984849 0.28530103 -0.082775116 0.11699208 0.3272366 -0.107563265 0.03447016 0.18654995 -0.285721 -0.16190276 0.14382714 -0.3009096 -0.26888424 -0.10795157 0.4810694 -0.113802046 -0.15342692 -0.18469292 0.14844215 0.09389459 0.34271744 -0.074120924 -0.18690239 -0.24649599 0.21152763 0.09083934 -0.2746222 -0.13177918 0.17369893 0.06181254 -0.053934254 -0.16220655 -0.4092295 -0.288118 0.023088561 -0.20600039 -0.20527542 -0.29513124 0.059602857 -0.23056784
TGO -0.021398945 -0.36094895 0.07176913 0.053520374 0.017724179 -0.07626862 -0.13387616 -0.009901571 0.028252799 0.012115982 -0.041645188 -0.21282625 -0.148857 -0.18246736 0.22029835 0.07558973 0.08611054 -0.103840075 -0.07834736 -0.093600415 0.16306332 0.08796685 0.09875074 -0.06939068 -0.04874448 0.25410724 0.013908314 -0.15466085 0.05477223 -0.20192759 -0.042880405 0.032500304 -0.066418394 0.072511405 -0.17624229 -0.0826841 0.079529874 -0.17394908 -0.090922005 -0.09273322 -0.20317325 0.058772624 0.10504822 0.023808805 -0.10195272 -0.106722906 -0.18045329 0.07657142 0.051908556 0.027421294 -0.18975602 0.1045367 0.22087036 0.11090998 -0.04783936 0.24047077 0.06810468 0.20755687 -0.009431098 0.027917814 -0.0634285 -0.028537534 0.23995669 0.27446285 0.10084945 0.106894955 0.05082657 0.06349894 0.18497893 -0.15296453 -0.07008752 0.021477394 -0.19577196 -0.18262333 -0.09598506 -0.24730451 0.07065952 0.19454606 0.011643474 0.1822753 0.15679424 -0.08926303 -0.08400262 0.3104532 0.05416092 0.20115268 0.17833935 -0.040397774 0.031915538 0.205623 -0.07414708 -0.0027886566 0.09414057 -0.0180854 0.2767885 0.01826036 -0.14376816 -0.031281002 -0.057912167 -0.26601502 0.0115093365 -0.19700195 0.04785088 0.20423001 0.060028832 -0.034235895 -0.02058751 0.019474303 0.17913625 -0.20846312 0.063992895 -0.17158833 0.035638925 -0.018265719 -0.18538088 0.01868724 0.06661764 -0.16311118 0.18706779 -0.06269389 -0.20544139 -0.17455995 -0.001971833 -0.07383882 -0.06307446 0.018431878 -0.041622534 -0.1311493
LSO -0.28062174 -0.31150848 0.23890434 0.23562938 -0.16887406 -0.25326258 -0.10214608 -0.02299842 0.29046547 0.16320993 -0.034940567 0.056292564 -0.16394937 -0.157269 0.027188413 0.13083215 0.07669272 -0.19640577 0.023901382 -0.015047268 0.2762093 0.26191166 -0.32915592 -0.15004292 -0.41726053 0.39007232 -0.0690827 0.021571357 -0.039506465 -0.20803775 0.07089144 -0.0064055594 -0.018660085 0.12776467 -0.020884708 -0.20807646 -0.014786523 -0.33004594 -0.06716272 0.056985233 -0.17516999 0.23162346 0.0034011304 -0.13249873 0.0053589228 -0.023294814 -0.14658417 0.1064901 -0.03842139 -0.22099783 -0.07696348 -0.12909348 0.08074624 0.18074058 0.10754543 0.010710841 0.07590663 0.03357591 -0.107624106 0.11952766 0.013462422 0.09974666 0.288375 0.34938005 0.12474104 -0.046893302 -0.062763035 0.05288052 0.2515274 -0.05156185 -0.08019065 0.06490655 -0.107629076 -0.024589526 -0.13350281 0.10063865 -0.018891526 0.308684 0.05072898 0.28950304 -0.036221445 -0.17750095 -0.011714418 0.23249315 0.03939963 0.07453129 0.057412144 0.07992407 0.011878329 0.29114056 -0.0019983274 0.043510143 0.1954851 0.02607616 0.07527915 0.059828714 -0.2658618 -0.07477106 0.08785134 -0.29573467 -0.20329465 -0.107493445 0.38061056 0.029661067 -0.11785598 -0.1054671 0.16327901 0.007855628 0.32301757 -0.03475955 -0.12070314 -0.17739965 0.19653775 0.19122423 -0.4746857 -0.05969682 0.060972225 -0.033122487 0.1338181 -0.06430729 -0.4426572 -0.25173894 -0.0061622625 -0.11652205 -0.11715815 -0.3053661 0.15928979 -0.15041454
PRK 0.062252566 -0.31891054 0.15453452 -0.06449736 0.1932632 -0.25186956 -0.03592639 0.067033984 0.11054492 0.23948784 0.056443445 -0.24121599 0.21631235 0.005023459 0.17693987 -0.04064558 -0.045264695 -0.19354399 -0.15932442 0.11815801 0.28815788 -0.10000962 0.116047665 -0.39725134 -0.21854585 -0.20277615 -0.25316262 -0.03982404 0.22693366 0.062325552 0.048470523 0.38119957 -0.25559264 -0.031850383 -0.18632741 0.012101709 0.20865126 0.025235826 -0.16690694 -0.23195224 -0.23227596 0.421177 0.2691396 0.08941648 -0.1425386 0.075703174 -0.25818178 0.23036538 0.048618842 0.054365106 0.081291445 0.20109378 -0.09238044 0.07269819 -0.09308956 -0.0073828255 0.05220537 0.026450843 0.32450265 0.022569938 -0.29473385 -0.30205446 -0.20672607 0.26061293 0.26143557 0.1107624 0.06628212 0.04208675 0.053376753 -0.17234643 -0.22039065 -0.07958793 -0.5125213 -0.070272334 0.119251005 -0.29979894 0.016914427 0.013903361 -0.068807036 0.2927198 -0.15457 -0.3898139 -0.31575018 0.55597126 0.30329064 0.31695816 0.39757624 -0.022832641 0.12605335 0.115274966 -0.13714185 -0.19635104 0.277381 -0.0350978 0.32847145 0.080446996 0.04983556 -0.29173625 -0.34441936 0.11639548 0.17521672 0.118324414 0.16660711 -0.04369322 0.26075718 -0.18075114 0.02879833 -0.090255946 0.24674496 0.14741297 0.18245022 -0.25104335 0.23417577 -0.062446475 -0.22487515 0.38364232 0.16007422 -0.027667103 0.14769703 -0.054904524 0.048406243 -0.13110326 0.004818716 0.14456236 -0.09773876 -0.018633246 -0.36435452 -0.08099616
BHR -0.10138697 -0.021082122 0.12540938 0.017616916 0.1346119 -0.05973659 0.36675164 0.14551997 0.47915435 0.05101107 0.14177243 0.04278288 -0.09984593 0.24769562 0.20878778 0.10071364 -0.19050564 -0.36508343 -0.084000066 0.33840767 0.40253112 0.10190889 -0.12476565 -0.39661127 -0.6637271 0.14702854 -0.06713147 0.13174923 0.046920866 -0.24740118 -0.023748027 0.20631401 -0.21883276 -0.23888017 -0.033297926 0.19257347 0.13346395 -0.32025975 0.018691834 -0.21995133 -0.10022647 0.5616194 0.18987238 -0.02547861 -0.17636232 0.19162658 -0.12995549 -0.015482736 0.10603014 -0.22623888 0.28512156 -0.0045149582 -0.07565393 0.2899383 0.1253112 -0.08077161 0.32570782 -0.063485645 0.016111368 -0.0785333 -0.072027616 -0.34043255 -0.027124055 0.17337993 0.3177075 -0.05374305 -0.31810734 0.22670312 0.14852542 -0.013942318 -0.09565204 0.03106063 -0.286004 -0.06310918 0.008317506 -0.04767772 -0.2139362 0.09947144 -0.2412142 0.5049686 -0.12118033 -0.40964893 -0.08814269 0.16300441 0.34268525 -0.06801961 -0.08213493 -0.19379425 0.14432687 0.06795483 -0.28384852 -0.28206354 0.01793472 -0.25118273 0.26479435 0.22008252 -0.21979143 -0.07151208 -0.36957115 0.1988273 0.1871284 0.08903877 -0.06074224 -0.21223426 0.054730445 -0.40548965 -0.12782148 0.4871707 -0.047794096 0.06267612 0.17935829 -0.24122788 0.32815623 0.057877988 -0.05459786 0.3163671 0.10205965 -0.0075030825 -0.049663477 -0.09195525 -0.3441221 -0.14439298 -0.15785412 -0.13694645 -0.15125658 -0.29507846 -0.05973826 -0.26407793
ARG 0.13419855 -0.37016204 -0.002337394 0.1278751 -0.055588804 0.040570967 -0.26018223 -0.15690891 -0.032778434 -0.06615166 0.13067436 -0.0062951236 -0.14338084 -0.18763229 0.093110815 0.108023316 -0.14414255 0.0010166083 0.047428686 -0.23268299 -0.03677151 0.17385317 -0.2620121 -0.080026746 -0.13907926 0.13521457 -0.006154121 0.053933706 0.061679237 -0.107731186 -0.06327117 -0.039932232 -0.043289367 0.058125746 -0.061194196 0.07431448 0.13335538 0.0761632 0.010233737 0.087791756 -0.22549438 0.12142618 -0.07650298 -0.016484251 0.21731311 -0.04492609 -0.045386013 0.006461711 -0.004246111 0.1677636 -0.12656292 0.01051405 0.044549193 0.05560701 0.0429678 0.038114987 0.14601994 0.09031569 -0.16482656 0.045642454 0.035212647 0.16511221 0.08615462 0.24610727 0.14211252 0.013522791 0.14034542 0.14832708 -0.13484691 -0.29670545 0.012486561 -0.07455164 -0.2300218 -0.014441953 0.042448968 -0.18491884 -0.07546155 -0.02105706 0.036727726 0.0079671275 -0.069398604 -0.12479524 0.15514807 0.22383304 -0.014282276 0.34444982 0.20377937 -0.08915589 -0.029547404 0.17892505 0.030158823 0.068315156 0.21341427 0.074968696 0.24809784 0.14413203 0.017816976 -0.15441698 -0.12797695 -0.21709885 -0.112051874 -0.03179 0.08933673 0.24614665 -0.012426743 -0.12972756 0.1347967 -0.14675605 0.2574129 -0.1501458 0.13000792 0.044829685 0.02755576 0.13066757 -0.1708522 -0.14520739 0.15322351 -0.09182868 -0.011226367 0.08500447 -0.027889572 -0.1668533 -0.07609065 -0.15056464 0.01001291 -0.056660112 0.03956116 0.036349095
ETH -0.07682768 -0.19124278 0.30452996 0.1909786 0.029868422 -0.19149072 0.13069348 -0.06970827 0.25371146 0.09474599 0.10873136 -0.032974266 -0.07200756 0.045013484 0.13057472 0.0035884804 -0.054526735 -0.19287033 0.048114657 0.13336535 0.32785553 0.17753524 -0.09627445 -0.19975466 -0.5019054 0.18786229 -0.0023713287 0.18536231 0.03146822 -0.28987354 -0.053805273 0.1330188 0.04376846 -0.0331781 0.0022286195 -0.07453247 0.08476419 -0.3378272 -0.060774494 -0.03433927 -0.1509899 0.28526208 -0.01791113 -0.10734438 0.08166 0.14824493 -0.16492361 0.06920865 0.018903898 -0.046387184 -0.017975185 0.03483194 0.070668295 0.1332889 -0.021047495 0.033249117 0.08905235 -0.013955944 -0.013448484 0.06431264 -0.013717961 -0.06901833 0.055462494 0.25744057 0.2528172 -0.091281936 -0.14443532 0.03637137 0.17577212 0.037422426 -0.20689072 0.013767675 -0.20021075 -0.029102825 -0.04638669 -0.020296915 -0.17352746 0.19796179 -0.12612274 0.28554505 -0.09715719 -0.19025481 -0.030634675 0.16305451 0.25263906 -0.03771139 0.054988228 -0.14020252 0.08851366 0.18959467 -0.22326362 -0.1337312 0.2337921 -0.13014644 0.07773386 0.17410815 -0.1838376 -0.05513157 0.056821335 0.013195788 -0.086690076 0.009398311 0.14516053 -0.15942656 -0.021901246 -0.093139835 -0.117609 0.18223453 0.1240509 0.027130323 0.010822685 -0.26224133 0.18466963 -0.036743216 -0.16890101 0.11960204 0.16129142 0.035209574 -0.014562948 -0.12992586 -0.3099627 -0.20159735 -0.0877723 -0.12029171 -0.13575995 -0.2505963 -0.052433636 -0.101936474
BGD -0.12470309 -0.16314735 0.36124817 0.23608728 -0.013979117 -0.177063 0.16605633 -0.014962648 0.25533655 0.1357718 0.23523894 0.05389724 0.0540614 0.0923227 0.101477794 -0.048164453 -0.111599244 -0.18800128 0.106722 0.16923995 0.20625591 0.11944934 -0.18041578 -0.20436868 -0.5527267 0.19201723 0.041578732 0.24922478 -0.035293836 -0.2955925 -0.10182516 0.14045706 0.037951812 -0.013861224 0.0032249922 -0.030642757 0.1908728 -0.3022318 -0.030600978 -0.02589968 -0.09410865 0.36866394 -0.01658996 -0.0768959 0.1645347 0.22299802 -0.14590718 0.12271479 0.11788543 0.08555604 0.09387516 -0.06076287 0.027753523 0.1448438 0.036016345 -0.10985418 0.061518297 -0.14070027 -0.04664381 0.022867661 -0.07617214 -0.103496626 0.00919836 0.23517606 0.29045177 -0.15478155 -0.21844296 0.11235282 0.09215261 -0.03849054 -0.18510556 0.000852219 -0.22369373 -0.05219411 -0.014781277 0.011439934 -0.24307746 0.02744122 -0.16714211 0.2824342 -0.11458338 -0.23892118 -0.023419961 0.19640058 0.2337743 -0.039657265 0.16656217 -0.18750991 0.120822065 0.24794376 -0.2318658 -0.12894936 0.29875273 -0.06655045 0.04015641 0.20238891 -0.17995621 -0.08602195 0.049476787 0.011689056 -0.122111216 0.0432565 0.19143833 -0.19499965 -0.024114162 -0.15097053 -0.05052709 0.19115984 0.0498325 0.08032945 0.037580177 -0.28902552 0.2213691 -0.028124291 -0.21286274 0.10195771 0.16157666 0.04728409 -0.05789309 -0.14196375 -0.21001302 -0.22722769 -0.06975727 -0.1516954 -0.101894796 -0.3548035 -0.053088736 -0.10585408
AFG -0.11477659 0.13885765 0.021660207 0.032002427 0.05016861 0.29797432 0.18970796 -0.03404583 0.45386246 -0.12954138 0.14321841 -0.014215985 -0.089108594 0.026233163 0.36986572 0.3411394 -0.21270303 -0.46844724 -0.18790904 0.4404661 0.22590785 0.17405064 -0.321632 -0.37265858 -0.8772817 0.11186934 0.06465721 -0.07506903 -0.20703691 -0.37985203 -0.06936955 0.15560772 -0.2024077 -0.3943419 -0.10988203 0.5366024 0.114019595 -0.17824706 -0.18729332 -0.23760836 0.02741343 0.52428174 0.20841199 0.11713667 -0.31968307 0.27938285 0.005003834 -0.0768991 0.21949145 -0.14312662 0.24465877 0.09744058 0.020740336 0.36037236 0.19655934 0.071299836 0.5197623 -0.08719264 -0.13551742 -0.14353342 -0.119459756 -0.18936196 0.07211866 0.20853077 0.41625658 -0.028972989 -0.39913502 0.3867902 -0.055388622 -0.0907248 0.0394803 -0.022417167 -0.37761587 -0.14244527 0.2505669 0.1118557 -0.23400983 0.11542177 -0.33191288 0.44949907 -0.11435155 -0.560414 0.04953789 0.19014111 0.2839225 0.14895453 -0.11318118 -0.16055009 0.14698954 -0.1289249 -0.24484667 -0.2907119 -0.006261772 -0.07012192 0.49476 0.22099315 -0.38053653 -0.090015896 -0.63341016 0.053840064 0.09072287 0.18842696 -0.1586068 -0.019025637 0.12657663 -0.39803177 0.095447846 0.7214804 -0.147994 -0.0355305 0.3404442 -0.44754162 0.36183634 0.17116529 0.07240091 0.39413404 -0.14007324 -0.104528114 0.057843342 -0.090447776 -0.19812186 -0.02095519 -0.0855358 -0.1777176 -0.23222715 -0.15336499 0.12398017 -0.23502037
YEM -0.07201762 -0.19648738 0.34771472 0.21178152 0.0109079685 -0.19581258 0.13888273 -0.08917236 0.22269645 0.071751945 0.18126546 -0.0052160937 0.019530261 0.07699589 0.13033678 -0.03818677 -0.033236064 -0.19486158 0.08743368 0.1234256 0.22403572 0.14285827 -0.16061383 -0.18962005 -0.49174425 0.16567804 -0.027921416 0.18527782 -0.0057447976 -0.2871896 -0.12400391 0.14904143 0.028607555 -0.09281105 0.05172256 -0.04562814 0.12853499 -0.29812267 -0.046562616 -0.025534641 -0.12992449 0.3592215 -0.024495013 -0.08901576 0.17084652 0.16341785 -0.14850827 0.06739663 0.07170956 0.063134804 0.009243169 -0.0062909313 0.05222824 0.12069758 0.038714197 -0.00572612 0.09480237 -0.073749036 -0.031422433 0.07668628 -0.028822076 -0.07159275 -0.0026605139 0.2432533 0.2716179 -0.09091293 -0.16272768 0.08032982 0.09891862 -0.015533169 -0.18300708 0.0022972177 -0.21664104 -0.024435012 0.052627392 -0.011796873 -0.24409015 0.13349397 -0.14951284 0.22450447 -0.14279984 -0.20301966 0.013357603 0.13649027 0.26736376 -0.028213343 0.11277665 -0.16523719 0.1148676 0.23477095 -0.23864955 -0.10849145 0.25801948 -0.06500514 0.080897585 0.20971936 -0.15579157 -0.076168686 -0.0011279869 0.034780867 -0.13340144 0.027767878 0.15793437 -0.17786533 0.020002976 -0.1101844 -0.1396154 0.1387772 0.11179033 0.015106155 0.07918577 -0.27110595 0.21499816 -0.07255334 -0.15858868 0.11127089 0.15727489 0.017031504 -0.060504653 -0.14790659 -0.24477293 -0.21701753 -0.13582522 -0.1152999 -0.10651465 -0.27519536 -0.014953798 -0.060406074
COM -0.11071304 -0.18834746 0.27609953 0.18134198 0.009311612 -0.14115296 0.1052915 -0.06776058 0.24002527 0.08864875 0.15935363 0.02481052 -0.004886172 0.064794 0.09610435 0.026649468 -0.13307786 -0.18002121 0.07589643 0.12190757 0.21375117 0.14814107 -0.2062343 -0.18821022 -0.5122514 0.151524 -0.041195426 0.21886577 0.010536328 -0.24992293 -0.05526493 0.12953667 0.00922338 -0.061623074 0.025678193 -0.0024854923 0.1272135 -0.23957223 -0.033363543 0.017936924 -0.14381966 0.33262217 0.0017800762 -0.06478698 0.15752783 0.18558687 -0.08623506 0.08930401 0.07084712 0.0016481018 0.052095227 0.0021037054 0.020490462 0.13445725 0.042215563 -0.07413677 0.08677343 -0.08303593 -0.033189066 0.07595617 -0.037926856 -0.09738231 0.012979007 0.22444245 0.24579416 -0.107679054 -0.17869869 0.086304456 0.05200181 -0.06447727 -0.12481741 -0.009889953 -0.19803013 0.0027977633 0.03472149 0.0051000407 -0.21423195 0.0901408 -0.13033721 0.25869805 -0.14436586 -0.26107562 -0.02105779 0.16222462 0.21934515 0.015275747 0.11193339 -0.11104253 0.12557736 0.16346127 -0.19450998 -0.11672783 0.23353355 -0.05427652 0.1138185 0.21118319 -0.13929084 -0.09106013 -0.03890238 0.012380519 -0.09930911 0.071993865 0.20174345 -0.14976579 -0.04194418 -0.13891023 -0.015455069 0.16031185 0.11283023 0.08997101 0.04687888 -0.2467747 0.21139587 0.026222305 -0.16762851 0.10268584 0.13308032 0.044420082 -0.045455344 -0.09555207 -0.20518455 -0.18721129 -0.08380244 -0.11927884 -0.09641003 -0.30182076 -0.022258993 -0.09634884
