178 128
RUS 0.007894356 -0.041392468 0.24713998 0.22701631 0.2026586 0.107068814 -0.13771056 0.09827292 0.029778877 0.07385659 0.045157257 -0.22400394 -0.18451564 0.062990226 0.13471286 0.108264044 -0.03752357 -0.033530425 -0.23766738 0.02851045 0.101208605 -0.007320521 -0.018679125 -0.024724416 -0.1425683 0.011747966 0.12130438 0.10831052 -0.0035031496 0.019014312 -0.0073754727 -0.030889029 -0.0024379268 0.07174349 -0.026733274 0.14382462 0.202547 -0.06165086 -0.1307079 0.0016432222 -0.2335094 0.027051022 -0.13710766 0.062073532 -0.057519794 0.14454938 -0.17376083 0.13686089 -0.115824625 0.15630805 -0.069447294 0.19100703 0.1290303 0.017835967 -0.15570119 -0.017977277 0.15123653 0.017178994 -0.041418314 0.15356314 -0.09044692 0.11771097 0.063846685 -0.026036637 0.14339054 -0.10817119 -0.16249639 0.1706846 0.03767456 -0.02129026 0.0032397613 -0.09360148 -0.18992877 -0.27310207 0.23220702 -0.166247 -0.05836642 0.11526408 -0.22285615 0.05492937 -0.16297847 -0.13676657 0.109833725 0.45574313 0.0377533 0.09683474 0.058549903 -0.0034185655 -0.048670772 0.05732411 0.02940444 -0.057947874 0.09046831 0.061390452 0.24118698 0.1260648 -0.115214355 -0.2702132 -0.17952168 -0.15719639 -0.1228871 -0.07943836 0.09416603 -0.018148476 0.2807134 -0.23789033 -0.12867773 0.25584894 0.26352972 -0.13096637 0.098473124 -0.38106737 0.034953237 -0.0038241735 0.14689095 0.21116193 0.07530179 0.20093134 0.25308472 -0.1788018 -0.059574537 -0.1339973 -0.08301135 -0.033404548 -0.22740562 0.11966118 -0.12073101 0.0673607
ARE 0.015532428 0.029260067 -0.019097602 0.03655103 0.09929567 0.08096516 0.20323677 -0.17601477 -0.027988479 0.14300016 0.22725923 -0.08208885 -0.23384635 -0.0054404167 0.12824155 0.17451175 -0.1392907 -0.12706669 -0.17633462 0.1360783 0.14094687 -0.029233707 -0.087199934 -0.046723664 -0.19407482 0.078713804 -0.17059943 0.10125956 0.03278971 -0.04464528 0.04161234 0.0332508 -0.22001112 -0.06624417 -0.2312064 0.19003479 -0.062967114 -0.09725806 0.17899007 0.03995587 -0.24600154 0.24896397 -0.01665148 -0.17992103 0.20179309 0.060044605 -0.055352136 -0.021436127 -0.14935023 0.0044748 0.18115976 0.12941547 0.008951009 0.008219616 0.08022112 -0.036404505 0.41921952 -0.0053515467 -0.15332742 -0.0940208 0.04230308 0.11219946 0.11502845 0.045691844 0.17465045 -0.10274685 0.16834009 0.029450042 0.031714816 -0.16043207 -0.15634182 0.018798197 -0.23586471 0.14208372 -0.0068730316 -0.2571933 0.04312811 0.109704494 0.08951953 0.2505548 -0.15595046 -0.11468644 0.05400829 0.15891318 0.018113665 0.10732202 0.2106537 -0.25405052 0.09829864 0.155818 -0.07737001 -0.1675482 0.043820113 -0.115392566 -0.038784184 0.049386628 -0.1934394 -0.06529062 -0.13972503 -0.012652168 -0.047515355 0.053235292 -0.14810747 0.20952363 -0.11034466 0.08068946 -0.0955199 -0.0024686798 0.09594314 -0.17516413 0.08731455 -0.21291517 -0.12382159 0.027803242 -0.13202153 -0.126906 0.23523536 0.015241793 0.016170437 0.079397805 -0.085333325 -0.102913514 -0.26526123 -0.00037860672 -0.0039103716 -0.21060799 -0.09742019 0.09309417
USA 0.0013128954 -0.00018423745 0.04813553 -0.03683364 0.4182362 0.010603848 0.0070540346 -0.0567423 -0.15766741 0.025068028 0.15197283 -0.3004499 -0.06750625 0.012309682 0.0019965544 0.082309864 0.09316822 -0.009870911 0.04917055 0.22032332 0.15744856 -0.25766844 -0.0042136484 0.07497295 -0.060143102 -0.09667589 -0.3108568 -0.02282996 -0.12647727 -0.07728148 -0.16726564 0.08298593 0.20983066 -0.015022902 -0.118919246 0.09872954 0.24886253 0.01982808 -0.0081398245 0.079517856 0.09086471 0.17807142 0.06728374 -0.04494558 -0.117522545 0.18157792 -0.07841104 -0.13734733 -0.19369951 0.023948982 0.041924044 0.3982552 0.1623056 -0.16971938 0.05964886 0.057198957 0.2429831 0.07947914 0.04434446 -0.25426996 0.29998013 -0.15754409 0.06706849 0.024989566 0.19745423 -0.16612259 0.14087725 0.026420033 -0.01750441 0.0045168013 -0.04514718 -0.112790726 -0.30105233 0.11592905 -0.24169223 -0.26120457 -0.25606707 -0.07389693 -0.062358577 0.21302898 -0.0693747 -0.20823175 0.13897695 0.06832718 0.29545516 0.23239405 0.12876065 -0.12469639 0.037192713 0.06514437 -0.116638 0.02855694 -0.062516265 0.10764109 -0.013046554 -0.042077493 -0.25538847 -0.10801397 -0.213418 0.12471216 0.083661176 0.2701623 -0.1140778 0.16515322 0.25879073 0.042244576 -0.032130506 -0.051557366 0.31877643 -0.11847342 -0.12469059 0.00028113677 -0.1427948 -0.12128605 -0.02650407 -0.1528055 0.06214699 0.19983025 0.050835893 0.25787842 -0.07831249 -0.009620722 -0.099574275 -0.069074295 -0.21336195 -0.07729187 -0.058413267 0.34335476
KAZ 0.044770353 -0.08658763 0.23558477 0.34562397 0.16795862 0.1336239 -0.2662551 0.11628371 0.029561669 0.028353954 -0.14686085 -0.23636514 -0.17393048 0.026238423 0.0007166228 0.13683502 -0.12762067 -0.025966868 -0.20834482 0.1811473 0.07072494 0.17890455 -0.028109277 -0.10578675 -0.13328803 0.017054351 -0.058752786 0.034036677 0.040516097 -0.018838337 0.06283806 0.0026468423 -0.07333871 0.057451047 0.08037296 0.1689219 0.18270092 -0.03573325 -0.061152525 0.22037488 -0.23132817 0.029572701 -0.14134699 0.011384769 -0.00111393 0.23507187 -0.13244544 0.02783655 -0.13039857 0.014233498 0.11986261 0.11936375 0.11178292 -0.05958611 -0.06882411 -0.07486804 0.23593026 -0.018840702 0.023296742 0.095846064 -0.034865443 0.013293785 0.11373468 0.14539905 0.20740609 -0.029244736 -0.013892112 0.19003831 0.12304268 -0.17897005 -0.0036280304 -0.06935744 -0.23421846 -0.27767834 0.14339447 -0.12313797 -0.16795808 0.18438873 -0.36803418 -0.025359944 -0.24531896 -0.03607986 0.17365554 0.49077368 0.098843925 0.111496545 -0.043283846 0.23943518 0.058619082 -0.09149215 0.13487057 -0.12001847 -0.059677027 0.10531968 0.32880315 0.12880257 -0.030197881 -0.25076932 -0.08156315 -0.2343937 0.031550348 0.070360236 0.20870313 0.19509111 0.20295055 -0.3147701 -0.06708831 0.15854019 0.19818273 -0.011655811 -0.014773222 -0.40608403 0.053302374 0.17216252 0.08454626 0.20082869 0.032525137 0.10678311 0.21330833 -0.062161863 -0.043639928 -0.098709 -0.015399766 -0.1191158 -0.215504 0.25112152 -0.12249461 0.064616114
SAU 0.0005359317 -0.023621764 0.08708188 -0.008641649 0.07045088 0.095899336 0.006756545 -0.05706454 -0.121481486 0.11816896 0.040888343 -0.099185795 -0.15052561 -0.08128435 -0.009193467 0.106724024 0.052197654 0.1039039 -0.17974208 -0.016804209 0.010895168 -0.0046460233 0.017050533 -0.033204634 0.0089840805 0.14308792 -0.014838361 0.03815055 0.03940932 -0.086909704 -0.06574613 0.08175057 -0.1360711 -0.07563879 -0.06427733 0.17782132 0.12609513 0.012996385 -0.01998094 -0.06678766 -0.15426944 0.12060504 0.0346351 0.036720477 0.088598885 0.025714485 -0.06315768 -0.04732094 -0.09408098 -0.0031751904 0.14230314 0.022782281 0.14252047 0.19911782 0.04011077 -0.02154994 0.3169559 -0.04808653 -0.027506545 -0.07817164 0.10841127 -0.07035438 0.07902189 0.062680945 0.13765052 -0.22377047 -0.012350914 0.06344223 -0.003911726 -0.020516422 0.00072961167 -0.13295901 -0.22190177 -0.08988046 -0.09154283 -0.21832348 -0.19383162 0.20188828 0.004337763 0.27247494 -0.18989299 -0.15302159 0.28220496 0.2697106 0.10203989 0.26087353 0.12382456 -0.17101438 0.13273749 0.14865276 -0.123089455 -0.021687724 0.13360733 -0.030396106 0.2575037 0.07198849 -0.0672626 -0.13375369 -0.12331774 -0.14320238 0.007879704 0.16168939 0.023929494 0.1426512 0.10066503 0.01646318 -0.008350387 0.0027927193 0.052827206 -0.23939563 0.19490379 -0.12355045 -0.1018993 -0.073540136 -0.014676226 -0.15119678 0.17274605 0.07735019 0.12028072 0.054041345 0.0065704333 -0.08761977 -0.23867849 -0.0339402 -0.08945923 -0.18101323 -0.26333642 0.015892837
NGA -0.08367744 -0.036461536 -0.20030339 0.13102144 0.27957532 0.20808166 -0.044114504 0.02974265 -0.15219033 0.027679795 0.059843305 -0.36022994 -0.30734688 0.1245443 0.11772641 0.05804891 0.167908 0.08662225 -0.020755438 0.16726758 0.17780286 -0.11918595 -0.17518696 0.053291015 -0.058875833 0.06547606 -0.22495984 -0.024276782 -0.28162846 -0.021527015 -0.1294039 -0.08694029 -0.38470376 -0.1561787 0.19926654 0.4402332 0.049971066 -0.012384355 -0.1392197 -0.109782256 0.035557974 -0.051361557 0.07533417 0.09641417 -0.080862544 -0.10144892 0.0044915504 -0.002220461 -0.20094359 -0.013331212 -0.05541821 0.2528528 0.48094204 -0.14743993 0.14743985 -0.11128921 0.27750552 0.226437 0.014275847 0.07475569 0.16587277 0.022900933 0.002119835 0.067256 0.17121482 -0.0019988976 0.14099844 -0.030516835 -0.05685902 -0.19299941 -0.19624956 -0.20858271 -0.06931264 0.13381943 0.052244257 -0.33374465 -0.09817077 0.23583524 -0.19185358 0.06631868 -0.16688156 -0.0041857096 0.00724848 0.13680904 0.1285871 0.11510758 0.24022993 -0.042438805 -0.019532545 -0.035621054 0.11942963 -0.13729127 -0.14726032 0.13543618 0.023063673 -0.020342344 -0.31273198 0.0062890295 -0.29204336 0.022309976 0.035194602 0.17127873 0.00033810208 0.2951564 0.08435397 -0.017665835 -0.27704653 -0.032389406 0.1371087 -0.079989664 0.09359287 -0.094850086 -0.0150107 0.06402514 -0.22287346 0.013487395 -0.029300058 0.18031132 0.014871118 0.15859501 0.100055635 0.14245963 -0.22995517 -0.032337785 -0.00019240764 -0.008327807 0.0999522 0.35268372
GBR 0.02399182 -0.049805116 -0.03246591 -0.0037677784 0.12437951 0.22264913 -0.08161735 0.008612241 -0.02500233 -0.08318106 0.09282365 -0.27093837 -0.1713892 0.23042373 0.025359772 0.04988135 0.095523424 0.04997457 0.036227543 0.28378806 0.2546486 -0.14118524 -0.0645243 0.101534754 -0.09067748 0.1526174 -0.17447823 -0.08066151 -0.16964345 -0.1643622 -0.03140208 -0.016049717 -0.25241667 -0.026755251 0.1106598 0.23513581 0.072906174 -0.0026066734 -0.037301596 0.0011618733 -0.029641919 -0.02000911 0.1702357 0.0059105135 0.008385669 -0.044184327 -0.0054245647 0.123878755 -0.1291433 0.14340575 -0.030149193 0.124368906 0.33166283 0.016163254 0.09972628 0.013434386 0.13612498 -0.07771932 -0.11854847 0.021659696 0.12084784 -0.059362467 0.06709298 0.041910194 0.28324133 -0.13125317 0.08008881 0.019380867 0.0039347284 -0.07968759 -0.17633004 -0.24788424 -0.22843881 0.043550692 0.08494476 -0.2887087 -0.116023794 0.12610024 -0.15724477 0.21274698 -0.18049364 -0.14224626 0.10723026 0.0807824 0.19383739 0.09330618 0.1271183 -0.12377892 -0.007062211 -0.12361667 0.016310534 -0.3117406 -0.10707902 0.043497145 0.20947847 0.10075959 -0.28099528 -0.116792165 -0.23734267 -0.08049959 0.054509368 0.101412416 -0.017327825 0.35037127 0.14923164 -0.013987766 -0.081571266 -0.073505454 0.20010003 -0.27601805 0.08436691 -0.18266971 0.083991684 -0.117937796 -0.046492513 0.018799575 -0.17870462 0.15698862 0.086181305 0.051447142 0.09597846 0.057974834 -0.29384854 -0.059965916 0.03167687 -0.084244564 -0.027559314 0.22439945
AZE 0.107391134 -0.08696198 0.19969185 0.2366136 0.100624405 0.17057003 -0.042376496 0.20719986 -0.016170604 0.00899546 -0.17563 -0.18287371 -0.1831594 -0.08814929 0.10967959 0.18255506 -0.11876166 -0.07971081 -0.009707918 0.26338544 0.05208282 0.099405125 -0.081474684 -0.3184369 -0.056686223 0.021887014 -0.16471462 0.014222339 0.0051161167 -0.045535423 -0.09107614 -0.112774245 0.060150303 -0.13922168 0.05734601 -0.065121464 0.0889352 -0.006510708 -0.024945332 0.23531392 -0.13457681 -0.037595488 0.16902731 -0.023885481 0.006538766 0.29388836 -0.21081012 -0.062292684 -0.100458756 0.045421917 0.119275086 0.057193488 0.18698402 -0.048146542 0.08558284 0.15859921 0.28868607 0.10178322 -0.094658114 -0.15298456 -0.07177356 -0.01697358 0.09477346 0.028324911 0.16587119 0.0009659116 0.15906832 0.062377434 0.16950683 0.14730975 0.060966954 -0.09264824 -0.12090275 -0.08798913 0.011647621 -0.032316104 -0.30939537 -0.061247658 -0.18529364 -0.07467878 -0.060549967 -0.027653748 0.1439616 0.33689213 0.23950249 0.1360605 0.06270763 0.18953477 0.105994254 -0.079108246 -0.021815663 -0.22471383 0.18044977 0.20268 0.09771388 0.119262494 -0.086527236 -0.05518288 -0.04019923 -0.24475674 0.010583556 0.101471625 0.22265859 0.15363902 0.15470804 -0.28738523 -0.0070100985 -0.014733199 0.267994 -0.27836606 0.12547244 -0.3053152 -0.05919137 0.15657021 0.08359172 0.027040835 0.018560795 -0.099972464 0.16074897 0.14716738 0.0131768845 -0.02728981 0.004269136 -0.078967884 -0.20631613 0.052952047 -0.07588481 0.07026585
ZAF 0.10285023 0.027409157 -0.11538135 0.122862585 0.44025332 0.1853929 -0.22095491 -0.023536408 -0.063849755 0.20036563 0.018325824 -0.20356166 -0.07866865 -0.065673456 0.012927601 0.14991802 -0.042994846 -0.12846601 -0.011788664 0.39946818 -0.060105447 -0.1685291 0.07498198 -0.0102983 -0.344458 0.20599489 -0.05683499 -0.033901315 -0.299582 0.17704576 0.030731384 0.16922688 -0.27458042 -0.2490376 -0.049053617 0.20188586 -0.08192768 0.08693165 0.16933082 -0.013988476 -0.019913645 0.22200762 -0.03024121 -0.08962023 0.32835802 -0.020570764 -0.059452925 0.21601094 -0.075478785 -0.14428215 0.10875526 0.26564425 -0.0005690513 -0.21131681 -0.115586944 0.0736411 0.4153691 0.04856861 0.14205904 -0.055632476 0.043531805 -0.1283109 -0.19941571 0.19983178 0.11087374 0.027267668 0.31238368 0.055059317 -0.12665969 -0.1313993 -0.2724176 -0.13162929 -0.1751693 0.095053636 -0.08061214 -0.25722262 -0.15726647 0.22234456 0.042765 0.21211591 -0.08215771 -0.13912721 0.12604463 0.1454762 0.048076846 0.13048846 0.2948853 0.04560197 -0.034876335 0.13101754 0.012864858 0.024719622 -0.09244546 -0.035863403 0.001720156 0.028646775 -0.3983727 -0.22062089 -0.16403197 0.10963332 -0.13363689 0.27240223 -0.28992483 0.5283196 0.12450323 0.013223241 0.020102443 0.021418884 0.20086086 0.14548813 -0.07687991 -0.22755839 -0.08931829 0.13999785 -0.4131716 -0.16868144 0.18636417 0.34692463 0.1191222 0.39580277 0.043902792 0.06923436 -0.08264698 0.008991017 -0.20440157 -0.07873943 -0.05793229 0.11867719
CHN 0.036348745 -0.017347986 -0.043446478 -0.02702418 0.080995806 0.06227204 0.14532101 0.07343951 -0.019656885 0.2350397 0.31689546 -0.13531885 -0.14948274 0.011772437 0.104547106 0.22344062 -0.034569934 0.06289979 -0.19479626 0.15456793 0.1506711 -0.030198306 0.09050159 -0.23114745 -0.2913099 0.07267015 -0.13594075 0.018430736 -0.2686311 0.07231291 -0.1559872 -0.056297667 -0.16520868 -0.24848585 -0.15509287 0.14850067 0.17064479 0.0072642425 0.17062844 0.04458311 -0.1595136 0.37460542 0.14496529 -0.122977056 -0.10239543 0.018969804 -0.09291168 0.040281523 -0.09118031 0.06501708 -0.022292962 0.107344866 0.20542358 0.14242516 -0.020156622 0.24108617 0.40266973 0.000530181 -0.13691689 0.011707327 0.048582785 0.011436101 -0.048265185 -0.12753595 0.18744726 0.007683055 0.017411219 -0.06773004 -0.14562283 -0.030861003 0.00965322 -0.15791482 -0.083258495 0.077164605 -0.12788634 -0.17458303 -0.07999975 0.15332656 -0.02426928 0.21946035 0.11964489 -0.14043385 0.067549475 0.030786075 0.13660935 0.40742898 0.10252322 -0.23791882 -0.11474371 0.008469978 -0.13919927 0.01966627 0.13260405 0.14934574 0.11514728 0.20280834 -0.2909806 -0.018443523 -0.057283565 -0.13820235 -0.09215713 -0.028303044 -0.089757204 0.21300492 0.2570703 -0.16509481 0.015100422 -0.044795327 0.09061115 -0.32362312 0.06191432 -0.19378522 0.01922946 0.08869745 0.15629947 -0.04353085 -0.20389327 -0.06440429 0.0057663554 0.07162558 -0.0766834 -0.08084461 -0.1822801 -0.0037485003 0.0289987 -0.032007907 -0.1222601 0.14747521
ISR -0.06307206 -0.081769675 0.124932215 0.1921461 0.33305973 0.27708632 0.051949155 -0.18672612 -0.2182864 0.07935698 -0.23302965 -0.2530861 -0.16238502 -0.044046935 0.066165105 0.0039714705 -0.044239305 0.11611269 0.037378468 0.3780117 0.106762104 0.17493854 -0.21321513 -0.22531973 -0.15589358 0.1987089 -0.22846691 0.052141726 0.019730367 -0.07382108 -0.005296485 -0.0064757834 -0.3296302 -0.3309072 0.2212804 0.124345005 0.023926575 0.008904922 -0.09567025 0.13006254 -0.10670568 -0.08512919 -0.042052463 0.23498146 0.08373408 0.13106441 -0.20467402 -0.06668954 -0.24586995 -0.02326302 0.21365255 0.24719281 0.3644223 -0.06865236 0.09622782 -0.06346147 0.21999705 0.18857127 0.0640724 -0.17497641 -0.016628312 -0.10540092 0.3517342 0.10006906 0.17702244 -0.013346248 0.008736541 0.05144762 0.09843857 -0.013918354 -0.13107055 0.0070556616 -0.19285369 0.043949146 -0.057675116 -0.07527926 -0.17932202 0.21547616 -0.1265868 0.084564805 -0.13149327 0.16890849 0.10736921 0.08988825 0.19391803 -0.0217315 0.16006452 0.052166887 0.02515935 -0.039363295 0.19360542 0.0032638237 -0.19632049 0.0114636775 0.22908172 0.15701263 -0.2566521 0.10497654 -0.1724428 -0.08052012 0.33750424 -0.045939494 0.095068134 0.2338083 0.23505035 0.0028179446 -0.06702783 -0.06657081 0.11031803 -0.04496527 0.22930744 -0.08450716 0.052103873 -0.008646196 -0.14071271 -0.0076869424 0.15940458 0.05949831 0.15848444 0.20194893 0.23942612 0.16651475 -0.17411391 -0.06682862 -0.14430046 -0.03422549 -0.11512035 0.29567468
COL -0.11140044 -0.09029647 0.2773663 0.09936342 0.3234919 -0.037245985 -0.08200416 0.17617314 -0.005469268 0.20953901 0.18498798 -0.4238573 -0.16822198 -0.05768821 0.012637001 0.060747996 0.018125752 -0.034013126 -0.13335805 0.059657097 0.14537416 -0.19219665 -0.22705625 -0.01958306 -0.08882421 -0.17615266 -0.051896892 0.010016305 -0.05337012 0.06751759 -0.17225084 0.108450934 0.09474372 0.015361487 0.11147361 0.16290326 0.32678166 -0.066065155 -0.3281448 -0.09803047 0.101942465 0.114432566 -0.09468759 0.07525367 -0.08619017 0.1820854 -0.11259869 -0.14638795 -0.16234602 0.11436758 -0.0039026085 0.39967036 0.18230183 -0.0072301063 -0.026479717 -0.04067489 0.14259234 0.30091533 -0.13685271 -0.07221524 -0.0033067463 0.038659733 0.18248144 -0.082465895 0.1865593 -0.1126749 -0.0841472 -0.020332124 0.035829574 -0.014589197 -0.004427046 -0.052077387 -0.3093796 0.056475393 0.06795768 -0.28733256 -0.14741172 -0.015293602 -0.18374617 -0.017532514 -0.139624 -0.18318321 0.18536326 0.2742692 0.16084899 0.118778646 0.10216069 -0.0596126 -0.1096174 0.14430971 -0.013251905 0.033155907 -0.08127621 0.12196125 0.034972306 -0.029973425 -0.10476713 -0.19728757 -0.20937976 0.031197667 -0.13446394 0.037991565 -0.1310307 -0.1681408 0.37206718 -0.08139128 -0.23830253 0.1722481 0.22226465 -0.13152961 -0.012119524 -0.1527684 -0.011626338 0.11159351 0.026630051 -0.0103071 0.1126196 0.09990234 0.042505823 0.10589826 0.0062139165 -0.10845159 -0.14927402 0.017734429 -0.23159547 0.1016914 0.094724365 0.28518072
BRA -0.088489614 -0.09377113 0.010698183 0.07271597 0.20136082 0.0709599 -0.0046494384 0.18144928 0.090510786 0.2689254 0.09777756 -0.45179436 -0.20127846 0.12626854 -0.01145564 -0.029426761 0.19576333 0.14469846 -0.21894531 0.11155623 0.35870025 -0.12068428 -0.14923394 0.021573396 -0.09138673 -0.12773035 -0.00929715 0.1544388 -0.049388893 -0.068174064 -0.19308558 0.091405764 -0.16775846 -0.13287547 0.14988951 0.19045916 0.37076166 -0.022889497 -0.13284509 -0.12652968 0.18785548 0.03835615 -0.18336579 0.07329994 -0.13324107 0.009014824 0.08068433 0.024842983 -0.15613088 0.14379695 -0.16614677 0.3943529 0.4255731 0.17477776 0.03442042 -0.0723222 0.1808047 0.107569814 -0.08661903 0.16571304 0.07832394 0.020903515 0.2528268 0.1831902 0.17166075 -0.22692423 -0.040443648 -0.08316683 -0.074167386 0.056185592 -0.13933614 -0.08154253 -0.2520784 0.08155049 -0.01904982 -0.34507456 -0.16539069 0.24065873 -0.21866044 0.25845402 -0.084522784 -0.27246776 0.16443413 0.11620382 0.3204048 0.30805814 0.024920642 -0.068515815 -0.09921182 0.05188636 0.06045666 -0.13958493 -0.13962866 0.065855905 0.05173687 0.053279668 -0.20481306 -0.047748532 -0.2875348 0.114313945 0.078858644 0.0460378 -0.23763226 -0.1386103 0.36826673 -0.17186727 -0.15984742 0.015527422 0.089902855 -0.24492548 0.020669907 -0.12289826 0.0058002695 -0.046430934 -0.06306371 -0.04421192 0.03536229 0.09653598 0.0029037278 0.14458811 0.080805264 -0.07401012 -0.31269 0.020284666 0.09783197 -0.038292903 0.11702602 0.33637682
IRN 0.13710943 -0.026750056 0.0487651 0.1791297 0.25899887 0.10308552 0.0051608123 -0.05077875 0.0090258755 0.13756254 -0.1694771 -0.21781318 -0.0946776 -0.10955085 0.18051066 0.09043205 -0.1267546 -0.16634376 -0.17774224 0.2326564 -0.043621432 0.057359092 0.004108159 -0.24134432 -0.17789167 0.26854908 0.18617897 0.08845832 -0.041875318 -0.00037170068 0.051393405 0.0096620405 -0.14021657 -0.22283816 -0.12561652 -0.08465643 -0.036132272 0.031098986 0.22470123 0.17764406 -0.16797961 -0.017674034 0.078163736 0.024868328 0.25883922 0.20048843 -0.18247578 0.19913395 0.09040697 0.034325086 -0.043918338 -0.025399245 0.17944029 -0.058262177 -0.18573684 -0.1121524 0.43684185 -0.12178492 0.059249517 0.009119764 -0.08750489 0.022694387 -0.030165385 0.18980576 0.079111874 0.008786138 -0.060541697 0.22282282 0.105403565 0.023707522 -0.024154535 0.06258236 -0.3147438 -0.12983519 0.11275338 -0.1324994 -0.23741747 0.14271766 -0.027165022 0.21443237 0.061453637 -0.089111336 0.10196354 0.2677221 -0.058968 0.1372909 0.3053144 0.074807405 0.063816495 0.058196668 0.21924458 -0.038810488 0.15346545 -0.079280876 0.04106871 0.24341659 -0.17517816 -0.15997072 -0.22768106 -0.05751124 0.05625405 0.076786555 -0.07123444 0.30201292 0.17612383 -0.23600651 0.04058543 0.16377275 0.26516536 0.029938407 0.087499 -0.24440792 0.19240053 0.13539165 0.042070534 -0.11114271 0.13264573 0.26432544 0.25762966 0.030513972 -0.020876704 -0.011058339 0.0093244715 0.033367515 -0.100955784 -0.036110096 -0.016829798 0.098913334
IRQ 0.08289847 -0.031489525 0.22336818 0.31338522 0.22263071 0.08707149 0.017681243 -0.0033815305 0.09723238 -0.07987578 -0.13114747 -0.17119391 -0.2047747 -0.05813099 -0.104276314 0.20286436 -0.13840641 -0.10875962 -0.118091345 0.02594298 0.09987346 0.09577422 0.07332441 -0.2810172 0.015519733 0.2315145 0.07399494 0.14898711 0.02265624 -0.24897984 0.1016463 -0.064781696 0.07239216 -0.024764907 -0.14090571 -0.027058894 0.076848194 0.08075648 0.20293313 0.1873111 -0.18567953 0.11501762 -0.03708367 -0.09898928 0.14756209 0.19126181 -0.044451766 -0.0797067 -0.078715816 -0.039984934 -0.13214149 0.12806419 0.16258442 0.08133206 -0.14705217 -0.11527565 0.37288317 -0.13713902 -0.11757278 -0.04523753 0.14586271 -0.0022476544 0.08166268 0.23135465 0.20670684 -0.13735946 0.0067616166 0.13163531 0.2184034 0.047598116 0.19943263 0.15857407 -0.24566452 -0.104907796 -0.10587632 -0.17725702 -0.33622408 0.16345088 -0.06707773 0.099293254 -0.0557295 -0.13188057 0.26270044 0.3521918 0.047106784 0.24684943 0.04430062 0.010035693 0.14542882 -0.031225603 0.1292897 -0.06775671 0.13902584 0.117950365 0.077769436 0.0074928505 -0.1472008 -0.11455164 -0.08262903 -0.13481857 0.012838177 0.1024035 0.026061317 0.054501854 0.117681496 -0.2509244 -0.04577144 -0.033628844 0.3218584 -0.15557112 0.012402298 -0.20369668 0.036533654 0.116497 0.20286977 -0.16689985 0.20792365 0.106377386 0.21499494 0.03740606 -0.0392471 -0.18584727 0.0017554841 -0.20419796 -0.0665004 -0.017470537 -0.15218005 0.14481086
MYS 0.008519437 -0.026714299 -0.02683187 -0.06756523 -0.07040457 -0.02275612 0.09656541 0.0356638 0.017606761 0.3480533 0.35741788 0.03762874 -0.2079275 -0.16358237 0.14741072 0.21684259 -0.002477273 -0.087747216 -0.24872804 -0.025466425 0.021726081 0.22124493 -0.10133615 -0.16561377 -0.10678948 0.07690967 0.0077510197 0.07688128 -0.06808837 -0.03510325 -0.23130126 0.076399095 -0.22193031 -0.1370208 -0.034627542 0.31545517 0.103935085 -0.14416201 0.12505583 -0.081140645 -0.012941538 0.1684094 0.03450074 0.039288394 0.22050956 0.09706658 -0.08423246 -0.019288566 -0.07738919 0.04608125 0.008195662 0.030171212 0.18764362 0.22970873 0.19752115 -0.048815444 0.621051 0.21587627 -0.18432058 -0.111734435 -0.08062429 0.054306284 0.09552388 0.08415691 0.27601013 -0.14723203 0.04172208 -0.060782086 -0.11914497 -0.05088638 0.068046935 -0.05455034 -0.12525478 0.115642734 -0.16741249 -0.17728466 -0.15873903 0.0638898 -0.022403385 0.3248398 -0.04715923 -0.19990787 0.080417685 0.1767474 -0.023578988 0.1788175 0.16725768 -0.21803823 0.041393284 0.16933948 -0.15583907 -0.08457816 0.17034493 -0.04757945 0.07903816 0.16863857 -0.086435385 0.0193525 -0.07055818 -0.17740504 -0.056834474 0.10323905 -0.20873496 0.22435826 0.008754354 -0.061132353 0.0509579 0.09899174 -0.09268579 -0.27555883 0.053571295 -0.15301724 -0.062132683 0.18801568 -0.10328879 -0.17071083 0.1169892 0.009754765 -0.028908188 0.13895896 -0.012409138 -0.07957435 -0.30119833 0.023780752 0.0029216562 -0.23658653 -0.0031387818 0.058670547
AGO 0.019701062 0.006875263 -0.07893164 0.022007763 0.41510096 -0.019129034 -0.042048227 0.05088298 -0.06270942 0.24137267 0.27606344 -0.3316206 -0.014055206 -0.14265381 0.14677763 0.07918697 -0.15320499 -0.06960226 -0.14504139 0.20690626 0.075887635 -0.08311498 -0.09606157 -0.0062802513 -0.2086104 0.0790316 -0.12518279 -0.06019007 -0.21411216 0.08490222 -0.2554289 0.12656586 -0.20730183 -0.18683489 0.012747474 0.33574495 0.09688469 0.007953757 -0.036986943 -0.084340565 0.14465766 0.29895875 -0.07925312 0.032045558 -0.036547776 0.16196954 -0.088657685 -0.079601124 -0.07511345 0.046520405 0.09150742 0.21575049 0.047200263 -0.032346725 0.028403554 -0.03386941 0.2488166 0.299223 -0.123597644 -0.14657694 0.09091429 -0.08113644 0.005912296 -0.06603169 0.18969326 0.086344935 0.08627067 -0.007988911 -0.025384475 -0.24009061 -0.06488088 -0.20827778 -0.20429294 0.11067936 -0.057426114 -0.25151977 -0.13869333 0.04784378 -0.012236782 0.15803105 0.023157364 -0.107558474 0.11871413 0.12033092 0.07191363 0.029486962 0.19207011 -0.15755293 -0.023138603 0.045549903 -0.015978271 0.10819437 0.027922131 0.051575195 0.039089784 -0.04212512 -0.29250255 -0.13848321 -0.26609462 -0.009224401 -0.21231697 0.15878806 -0.23731709 0.2999273 0.14666493 -0.03826821 -0.21214549 0.10028544 0.18838298 -0.09895475 -0.04026869 -0.17922534 -0.03971427 0.23346159 -0.3155709 0.0033613625 0.120601304 0.12622249 0.01760773 0.32368407 -0.08681594 0.06037081 -0.06485969 0.13742062 -0.17636874 0.039609905 0.13123558 0.2656447
NLD -0.016550729 -0.023299227 0.06853616 0.23568147 0.20508234 0.08415858 -0.015120327 -0.03237856 -0.112790145 -0.10450288 0.022950737 -0.309732 -0.32298315 0.14932267 0.16116929 0.03996034 0.07693529 -0.019369315 -0.10580396 0.050229155 0.07784766 -0.11863018 -0.13051191 -0.04390475 0.0025819687 0.12225505 0.0046759145 0.0058388673 -0.17616604 -0.058751747 -0.015475255 -0.056180947 -0.14995944 0.042399526 -0.12102648 0.16482106 0.010703345 -0.054655675 -0.106464915 0.084481806 -0.19502425 -0.10073339 0.20497586 0.052701525 -0.07739517 0.028944345 -0.16477898 0.1274109 -0.053025454 0.06306854 -0.18279943 0.042979907 0.38592333 -0.13096803 -0.14140794 -0.04774674 0.15833816 -0.016667206 -0.02841697 0.123693824 0.11638037 0.11338073 -0.10980975 -0.03730653 0.19051532 -0.101916656 -0.14429936 0.091461964 0.056648463 -0.06929917 -0.05908086 -0.12959778 -0.24060969 -0.1729191 0.33529148 -0.37923378 -0.11977673 0.13971823 -0.2170906 0.020144844 -0.21619551 -0.04866195 0.03532824 0.28056523 -0.06334967 0.023820145 0.28510502 -0.0926742 0.03334002 0.049740706 0.16493797 -0.20499426 0.0174148 0.09940453 0.08536573 0.11007749 -0.10212515 -0.25771123 -0.19125123 -0.14646041 -0.047569543 -0.084041014 0.051801357 0.17953905 0.12532818 -0.07120247 -0.21706632 0.054226674 0.2927322 -0.15292682 0.15627296 -0.18496294 0.23475279 -0.0077145346 0.16391489 -0.014325486 -0.0601047 0.27557543 0.20953865 -0.13421643 0.048835617 -0.053786624 -0.17497365 -0.011107232 -0.08214364 -0.021865135 -0.021970127 0.19602343
NZL -0.13489096 0.005326274 -0.03364222 -0.0010882391 0.0641528 -0.11468327 0.04022726 -0.0029688946 -0.026449025 0.31308186 0.41104174 0.026541313 -0.29118508 -0.23282556 0.2386204 0.14343762 -0.10127006 -0.22100848 -0.2868547 -0.06193855 -0.031203544 0.19660336 -0.13375682 -0.24154729 -0.16896698 0.099300936 0.10794796 0.10851382 0.007539127 -0.21280937 -0.20658833 -0.04413981 -0.07964872 0.049497437 -0.16481633 0.4076564 0.10231242 -0.27434283 0.09790162 -0.025032088 -0.17837492 0.20444539 -0.024893604 0.115797125 0.14229907 0.22289506 -0.17863385 0.007496559 -0.05143851 0.23108643 -0.10283879 0.20674129 0.1940257 0.18766221 0.0788532 -0.25521535 0.5672688 0.26003945 -0.20186363 -0.048258808 -0.119007856 0.20156784 0.1523967 -0.13418782 0.31700027 -0.029432807 -0.08296736 0.1840344 -0.07118935 -0.30402848 0.2526116 0.08459454 -0.12381085 -0.0048396257 0.030361513 0.05991544 -0.094988845 0.0324371 -0.090319395 0.3232698 -0.0142144 -0.21445867 -0.072088845 0.33078593 -0.19995542 0.066576585 0.13788617 -0.33585006 -0.15593289 -0.009669566 -0.010534376 0.04426521 0.17140867 0.0073673055 0.18395783 0.22458321 -0.04023527 0.049625088 -0.13821816 -0.28049168 -0.06771997 -0.053332094 0.031211123 0.16133703 0.06440601 -0.22428116 -0.11761985 0.41480452 0.13176906 -0.20798223 -0.0052072434 -0.0784367 0.11528767 0.21437329 0.0019412077 -0.044357687 0.07292261 0.007881195 -0.035326336 0.006533982 -0.1924117 -0.060295016 -0.117081754 -0.055998735 -0.14231238 -0.13713127 0.11594895 0.17044453
ESP -0.16564058 -0.041849356 -0.0917348 0.08707159 0.21118394 0.09721264 0.051339578 -0.049378246 -0.1300882 -0.0713418 0.105477594 -0.13951002 -0.11329658 0.14506684 0.17246908 -0.094249345 0.36237192 -0.10992667 -0.007387872 0.14785872 0.013474629 -0.28917885 -0.064299 0.036153104 0.0062864283 -0.07258378 -0.0017863101 0.050270315 -0.20859878 0.035289515 -0.021634357 -0.017108642 -0.07429018 -0.08455889 0.0024764533 0.1186855 0.0356379 -0.15067346 -0.19149715 -0.13119088 -0.032979853 -0.14302126 0.15842728 0.24153462 0.06328303 0.07012824 -0.04942119 0.30997634 -0.17711867 0.14744166 -0.23895133 0.25012097 0.50984246 -0.12388405 -0.02245112 -0.044609044 0.26542673 0.09766235 0.035640292 0.04053216 -0.010175829 0.03404166 0.06356764 -0.06933904 0.19236246 -0.23066838 -0.116109826 0.005682375 -0.016318956 0.10663825 -0.16904218 -0.17517406 -0.17628026 0.021056214 0.02726711 -0.36258742 -0.14411537 0.0414643 -0.22964509 0.1832745 -0.12621282 -0.11566003 -0.002044579 0.08843935 0.17140064 0.26587933 0.29318044 -0.18246914 -0.15208878 0.093546316 0.12985574 -0.11156615 -0.029003477 0.038640913 -0.1290968 0.17754336 -0.22753742 -0.13861436 -0.14361839 0.09629182 0.007821025 0.03804637 -0.06542935 0.13846901 0.2241282 0.011922373 -0.20697528 0.107465915 0.25480554 -0.32357782 0.1281388 -0.061837126 0.06592621 -0.17804778 0.080967516 -0.24851723 -0.013415519 0.25597844 0.10470056 0.043664463 0.050999705 -0.08736015 -0.18308547 0.0092725465 -0.030813647 -0.28747737 -0.13796261 0.2957961
IND 0.15814409 0.046780765 0.100441635 0.16279694 0.3610714 0.048230197 0.22657593 -0.22891916 -0.21217826 0.15744185 -0.23897892 -0.16906169 -0.22224662 -0.15082599 -0.052049503 -0.030793823 -0.27389032 0.045550797 -0.09466157 0.21288033 0.1335232 0.12347889 -0.059349835 -0.35118037 -0.10182385 0.38253576 0.04939115 0.22673018 0.03309456 -0.25101635 -0.0067065204 0.06948553 -0.0892557 -0.2818742 -0.12756927 -0.110642284 -0.051168863 0.14845051 0.15717827 0.36689436 -0.19967707 0.116434634 -0.12965256 0.18728697 0.18337837 0.22239268 -0.10345501 0.012468036 -0.07809325 -0.121503726 0.05339389 0.21153271 0.25804803 0.06611962 -0.16452275 -0.116692655 0.46868038 -0.14159685 0.03744688 -0.21533473 0.21258451 -0.15335731 0.292607 0.2504099 0.10762909 -0.10774859 -0.0069506643 0.056726236 0.16780151 0.16363299 0.057669982 0.09505975 -0.23108663 -0.1455765 -0.0999829 -0.12461376 -0.40877703 0.244581 0.03096044 0.17269398 0.013446109 -0.048326887 0.27235395 0.11729238 -0.029222706 0.14796653 0.22560738 -0.09260018 0.17251197 0.062744 0.08897272 0.09275731 0.027435366 -0.02864033 0.10832973 0.24398479 -0.11246758 -0.02012444 -0.18233812 -0.14584972 0.24512771 -0.004884843 -0.0908312 0.15821664 0.07453247 -0.20026717 0.070957 -0.09929734 0.16766718 -0.102180496 0.15356548 -0.1486005 0.105999425 0.01764337 0.12293088 -0.30384412 0.322841 0.15954742 0.2208365 0.17871343 0.16227266 -0.03730551 -0.12759767 -0.034046978 -0.13597699 -0.13000605 -0.19483227 0.11326562
FRA 0.07439534 -0.09240679 0.3694916 0.1453278 0.0972642 0.14419335 -0.34299085 -0.19589719 -0.08073694 -0.0034185431 0.11364691 -0.15847634 -0.20709857 0.09360762 0.014208833 0.116670534 -0.21412137 -0.0022036552 0.01138427 0.20442533 0.16552341 0.07650579 -0.11889004 -0.09790741 -0.16245417 0.20655754 -0.14588977 -0.108538434 0.04262138 -0.22942795 -0.06325958 0.21784435 -0.03191898 0.19524962 -0.047251645 0.18616402 0.094767034 -0.0007804419 -0.07485724 0.33323127 -0.1639957 0.009013695 0.16269015 -0.07546279 0.06697123 0.08035098 -0.1346823 -0.093186036 -0.055992186 0.23923099 0.21598698 -0.017647149 0.008522244 -0.08566021 0.0030615616 0.06423939 0.19301909 -0.16879536 -0.19012319 -0.029666089 0.09663165 0.032017242 0.03540911 -0.036793415 0.30828938 -0.1846006 0.08640418 0.18029088 0.05262517 -0.10420481 0.043040767 -0.076269515 -0.39887175 -0.21661504 0.2912216 -0.06766265 -0.20374474 0.030202972 -0.24757108 0.10089638 -0.26197872 -0.092831664 0.19624475 0.30591154 -0.05562425 -0.08254025 -0.002670838 -0.06560031 0.044070497 -0.085820265 -0.1108241 -0.23678775 -0.09395988 -0.08635801 0.52078176 0.26072645 0.012335015 -0.38586935 -0.11124361 -0.33366975 0.1334775 0.045077376 0.08290859 0.37429038 0.1324492 -0.15135948 0.14505251 0.048851583 0.19420397 -0.1227927 -0.019520164 -0.2727533 0.24568495 -0.007891662 0.02957892 0.10099229 -0.19276746 0.16266212 0.16709459 -0.05219286 0.115649015 0.00058028294 -0.2712636 -0.16616175 -0.021124028 0.14197744 -0.19658267 -0.005626664
NOR -0.02941678 -0.08932546 0.21165082 0.012054101 0.27456734 0.16412745 -0.12458626 0.11857996 -0.036186125 -0.07902976 0.07100563 -0.3088982 -0.39687648 0.31467348 0.097520635 0.13589852 0.062896624 0.06346057 -0.17275815 0.010518926 0.20477463 0.03764792 -0.06823216 0.09416885 0.036782518 0.047251396 -0.010935523 0.24154718 -0.07483778 -0.051843394 0.029669499 -0.18312436 -0.18954659 0.042344008 -0.082088046 0.19727425 0.17111668 -0.13212918 -0.02789512 0.03875799 -0.25551796 -0.07863662 0.0057754456 0.06276859 -0.080406174 -0.03144385 -0.16307709 0.026510242 -0.2664995 0.014299547 -0.21967877 0.28182316 0.38005784 0.008814837 -0.037864212 -0.045840696 0.3155154 0.07795939 0.029779937 0.096796766 0.091280185 0.13677289 0.074464925 -0.037373826 0.22966509 -0.089308254 -0.013962366 0.049245544 -0.1293548 -0.06367389 -0.024863858 -0.12225149 -0.10824197 0.017730337 0.0034622448 -0.21709357 0.014637923 0.07707778 -0.20985179 0.016374001 -0.23244438 -0.16365647 -0.001068047 0.15555568 -0.01991938 0.122073196 0.15392192 -0.13752098 -0.14041615 -0.052625347 0.031131815 -0.06508079 -0.09551071 0.07230203 0.10494969 0.07496278 -0.16105258 -0.038359433 -0.26300645 -0.18571189 0.11886028 -0.19087376 -0.12842126 0.09773066 0.28527802 -0.06700091 -0.061239615 0.0066496264 0.21382684 0.15217717 0.0136490725 -0.1445087 0.02468925 0.019248175 0.081211045 0.28667286 -0.04279163 0.34243917 0.19151188 -0.21903102 0.03268089 -0.021552479 -0.26246703 -0.105874054 -0.25642094 -0.049245823 0.06650465 0.20931923
DZA -0.063239016 -0.023237463 -0.0433036 0.15140566 -0.054721054 0.12085111 0.132822 0.060568232 0.05675195 0.12391511 0.09753658 -0.17013852 -0.057501003 0.20772393 0.161753 0.025577875 0.20382756 -0.067268394 -0.26534492 0.26771387 0.28126603 -0.152927 -0.15452784 0.00862237 -0.2520159 -0.19262463 -0.13600837 0.076356314 -0.13825986 -0.059352785 0.0022612982 -0.030901695 -0.1812972 -0.056325942 0.07317327 0.12890206 0.19585268 -0.13998987 -0.07608193 -0.05086019 -0.1282234 0.15757792 -0.060800634 0.062435787 -0.04056349 0.080580994 0.05076499 0.32901457 -0.14072703 0.31651053 -0.04514053 0.1920834 0.3640424 0.046800192 0.03718551 0.0107772155 0.21050847 -0.06403443 -0.093643054 0.24159798 -0.062484868 0.14053965 0.2253134 0.08074957 0.21907464 -0.21262297 -0.14079618 0.02423572 -0.020370381 -0.120103985 -0.24145116 -0.1647742 -0.16839397 -0.057639435 0.076743744 -0.24774553 0.12009571 0.07324443 -0.23089764 0.35548782 -0.029520448 -0.20303816 -0.01855713 0.14160134 0.24112284 0.27878594 0.04801425 -0.05361921 -0.04888991 -0.06465846 0.08663938 -0.35478824 0.019559884 0.023466142 -0.07131893 0.26356256 -0.18622535 -0.17947273 -0.18252651 0.08050197 -0.041376933 -0.016511317 0.042112567 0.06836826 0.23750202 -0.14589578 -0.09760651 0.097879104 0.16564149 -0.3891276 0.05263783 -0.30200818 0.04745917 -0.14147542 0.12049097 -0.009110063 -0.08604518 -0.030318884 0.09135478 -0.11264268 -0.12975748 -0.19256805 -0.2276246 -0.0022309183 0.10108505 -0.089709274 -0.03778774 0.15325093
KWT 0.22493428 -0.046601146 0.19502053 0.22106244 0.06465417 0.24353819 0.053018134 -0.13511014 -0.11596452 0.08941667 0.0436339 0.15563571 -0.29515946 -0.2841037 0.26612115 0.30109963 0.27678698 -0.14913309 -0.002891119 0.10681975 -0.10520606 -0.00029024942 0.05717913 -0.26658636 -0.23031029 0.05961523 -0.13519774 -0.1520399 -0.31541112 0.019160215 0.017198777 0.006775228 0.024520615 -0.08873653 -0.09718132 0.028557636 0.10347163 -0.1351158 0.191431 -0.07102958 -0.039815687 0.061363377 0.21839935 0.0026926831 0.20888737 -0.050929096 -0.1663589 0.19656433 -0.107255764 -0.020267447 0.026187042 0.02312002 0.21267581 0.08594053 0.049505837 0.20176007 0.3878954 0.039610673 -0.019480454 -0.0583645 -0.17911899 0.047574125 -0.2498993 0.20862314 0.23277164 -0.24700853 0.10409957 -0.045972496 -0.04073424 0.118902504 -0.061181948 -0.078750096 -0.031198043 0.015492468 -0.14181535 -0.085655555 -0.26933795 0.017141894 -0.0025623403 0.2713799 -0.12195315 -0.06984128 0.08121018 0.3779111 -0.007565605 0.22305273 0.36804166 -0.04420684 0.17235173 0.27613717 -0.12874058 -0.15791352 0.2047911 0.01762777 0.055470206 0.068964444 -0.21388519 -0.044875253 -0.06749881 0.02081471 -0.09877059 0.24597208 0.083404 0.29879302 0.08179436 0.07034986 0.26788208 0.07540104 0.14048514 -0.21845792 0.073879644 -0.23514572 -0.14934358 0.064411 -0.12908955 -0.21313377 0.23949653 0.1779545 0.14843102 0.15827411 0.004155467 -0.02279346 -0.12487301 -0.103576615 -0.1920988 -0.23958547 -0.17336419 -0.08182757
AUS -0.031729765 -0.15580232 -0.11260993 0.14724894 -0.08245924 0.073378436 0.08502231 0.08697505 0.06817938 0.2554899 0.22593048 -0.025686776 -0.39319777 -0.099707335 0.27399015 0.20849386 -0.0417178 -0.007996713 -0.08663962 -0.11238272 -0.033339694 0.104689665 -0.1921427 -0.27675033 -0.016549619 0.052034736 0.1031491 0.18754156 -0.056400027 0.08121597 -0.1710363 0.014782723 -0.16917546 -0.15441062 -0.07142676 0.29116625 -0.08323213 -0.06861668 0.043958295 -0.10811268 -0.057454243 -0.01932036 0.09641018 -0.030684412 0.22586034 -0.022422608 0.033386193 -0.09603425 -0.02547859 0.10119388 -0.040869392 -0.024106203 0.28506675 0.11599948 0.23108417 -0.15075333 0.6049769 0.23555265 -0.18173309 0.09176895 -0.09015706 0.123031124 0.062230222 0.09970755 0.050702255 -0.09298397 0.26294014 0.05766581 -0.11088428 0.14372225 0.025813552 0.063132145 -0.052978422 0.12224208 -0.016367353 -0.25958166 -0.360291 0.11482081 -7.536041e-05 0.17592421 -0.07527637 -0.2536089 0.069817364 0.46268862 0.09038302 0.291468 0.24613556 -0.286294 0.02442292 0.16127709 -0.1935016 -0.18522899 0.24109043 -0.016205562 0.05947821 0.22474487 -0.12902214 0.03725775 -0.061818447 -0.2337756 -0.06740981 0.11110129 -0.096248806 0.13370965 -0.121449724 -0.14653987 -0.05784088 0.13115358 -0.043616243 -0.3977528 0.16368887 -0.15714508 -0.18223962 0.1852381 -0.19908746 -0.2433627 0.12682186 -0.037410323 -0.04379696 0.22150731 0.008807134 -0.043070525 -0.26626208 -0.13387722 0.21204239 -0.2518277 0.06538108 0.10880335
MEX -0.10740886 0.060809836 0.029015379 -0.01703499 0.2622041 0.009041678 0.17491099 -0.06732269 -0.23769961 0.025136702 0.09108392 -0.27085158 -0.14586674 0.14897838 0.13018216 0.03510374 0.24581438 -0.15645683 -0.057487104 0.16299734 0.02555323 -0.3061235 -0.18188526 0.046121728 0.035342604 -0.36611268 -0.2710322 0.17667459 -0.18368573 -0.12699158 0.019846424 -0.031036222 0.053006656 -0.031876326 -0.15697254 0.034434028 0.17228684 -0.18983981 -0.08697554 0.09975576 -0.12506333 0.014940439 0.19142382 0.10437278 -0.050760377 0.19674477 -0.04324506 0.05904969 -0.23092145 0.11038762 0.0068820207 0.32357118 0.4548092 -0.29781467 0.1790582 -0.05509225 0.40235198 0.12814517 -0.023814127 -0.12825306 0.16422613 0.07829482 0.15997618 -0.102368385 0.17602304 -0.2362376 0.024732703 -0.012370864 0.00030754213 0.032087367 -0.0033667274 -0.13159934 -0.22772749 0.1427124 -0.07345999 -0.4209482 -0.046296533 -0.2807305 -0.17188072 0.21127813 -0.15050574 -0.17645192 -0.035288803 -0.09875391 0.17732483 0.29051492 0.2742495 -0.15511379 0.0016064793 0.11869775 -0.031227699 -0.13302147 -0.057605073 -0.020748751 -0.28945604 0.1711845 -0.037213262 -0.158917 -0.24360262 0.15498452 0.1126741 0.10068763 -0.16030863 0.041696623 0.2487026 0.0022866284 -0.12270629 0.010570363 0.27272734 -0.13743708 0.00612228 0.066591986 -0.0041016946 -0.17741543 0.2573006 -0.24014762 0.05688687 0.1976307 0.030244168 -0.048547693 -0.0849575 -0.14540486 -0.18388823 -0.078055196 -0.10213856 -0.24325314 0.030788792 0.26523665
SGP 0.05583331 -0.08377274 0.13918309 -0.07788256 0.027703574 0.026065145 0.11160199 -0.14212397 -0.117731735 0.277594 0.041073974 -0.040642988 -0.30106083 -0.12341562 0.086098276 0.27422458 0.00325461 -0.023184745 -0.15809673 0.15068239 0.036861002 0.07888003 -0.17504263 -0.06670529 -0.058595594 0.057311546 -0.0935833 0.22052959 0.17970318 -0.13937528 -0.023863638 0.18124898 -0.01930203 -0.02318875 -0.2543766 0.15642709 0.021799274 -0.078970425 0.008456686 -0.012761434 -0.24658647 0.1327638 0.048851613 -0.035633616 0.33642256 0.20783831 0.017195398 -0.12578496 -0.12059989 -0.013745328 0.1414896 0.08909218 0.1088958 0.10638513 0.13991411 -0.026947876 0.6584317 -0.018734848 -0.06983926 -0.1768079 0.058616493 -0.0041411854 0.29732484 0.2148202 0.17347583 -0.20912014 0.30263615 -0.060349736 0.034420636 0.06774074 -0.051987343 0.14260139 -0.26160315 0.0909463 -0.14255996 -0.13624679 -0.21199575 -0.018287366 0.14307748 0.23914477 -0.13948466 -0.26061916 0.122235365 0.17291014 0.055634566 0.23696537 0.09758089 -0.17409405 0.14199749 0.22899333 -0.2892313 -0.25646865 0.27101067 -0.12686487 0.015830528 0.24767993 -0.06801345 -0.06861514 -0.048824843 -0.10566104 0.03645286 0.18102807 -0.12736832 0.09356751 -0.11736258 0.060993116 0.112912275 0.046565633 0.07451324 -0.30675516 0.13146572 -0.19825698 -0.2383143 -0.08276765 -0.08247702 -0.43890876 0.31982046 0.013456805 0.02618154 0.14876848 0.02148094 -0.24138148 -0.37795565 -0.029475903 -0.023746168 -0.412143 -0.2409582 0.034635995
DEU 0.003408704 -0.050750125 -0.027124878 0.23960698 0.14513154 0.034436442 -0.16267279 -0.036672965 -0.16370006 -0.0044999206 0.10042963 -0.2316887 -0.1930516 0.13005058 0.1811595 -0.02479905 -0.04324174 0.06219104 -0.17595471 0.12427595 0.02354486 -0.03170591 -0.06554269 -0.028957365 -0.14246276 0.08183183 -0.14645618 -0.26303142 -0.20576696 0.119653285 -0.086359054 0.09542781 -0.16046955 0.0815139 -0.22141272 0.27915004 0.019326674 -0.07311209 -0.1557608 0.19347155 -0.2205769 0.07723603 0.21429986 0.008898115 -0.21428277 0.07346385 -0.22776306 0.09211043 -0.06940291 0.12479038 0.053271268 -0.04097925 0.28292796 -0.22934507 -0.15668975 0.08799143 0.22845776 0.015563008 0.057216734 0.13414887 0.10017516 0.0947293 -0.19698244 -0.18328628 0.21687107 0.07322063 -0.11481257 0.08495303 -0.01693243 -0.22390689 -0.07319501 -0.2879487 -0.26116976 -0.25799894 0.43034273 -0.24990079 -0.13086173 0.12646194 -0.31615707 -0.019093966 -0.112727076 0.01464136 0.0013086168 0.29602215 -0.087536134 0.07062655 0.21904662 -0.060504854 -0.0026154674 0.017878683 0.13234322 -0.08319337 0.046330143 0.120030336 0.26551482 0.2780187 -0.05050114 -0.3706136 -0.12983 -0.255288 -0.09747426 0.021678125 0.11940531 0.4262293 0.16581179 -0.16901115 -0.18242003 0.11948515 0.20401724 -0.15525457 0.04973187 -0.2966986 0.28820202 0.18688218 0.12880157 0.10635871 -0.3076058 0.14583553 0.16030894 -0.052319366 0.0031518422 -0.0670124 -0.10206149 0.04162263 -0.08656914 0.23888479 -0.15240686 0.18838958
ECU -0.24545622 -0.14353882 0.09619695 0.056665998 0.29667556 0.07480232 -0.08769064 0.011694815 -0.03943915 0.07160873 0.26359567 -0.31751066 -0.076570444 0.13126643 -0.009458847 -0.10959923 0.23637174 -0.019894347 -0.022229273 0.16345671 0.24353242 -0.37362498 -0.17874365 0.07469648 -0.07669404 -0.122024655 -0.07794442 -0.023116838 -0.034058146 -0.037836745 -0.2503208 0.17835481 0.16661827 0.035556052 0.19392549 0.17299686 0.27969107 -0.051314637 -0.3490411 -0.2039974 0.21814369 -0.006036015 -0.07241149 0.1499238 -0.028110577 0.104511246 -0.045711238 0.05171068 -0.17281608 0.23954782 -0.12020249 0.47544593 0.2991476 0.094677135 -0.00823324 -0.042340957 0.025741415 0.17489676 -0.10064047 -0.08365818 0.034063533 -0.087333195 0.29568857 -0.047074046 0.2844841 -0.31521755 -0.18193316 0.029553952 0.033783853 0.048524357 -0.15438564 -0.0896565 -0.37020412 0.09381008 -0.035553895 -0.282726 -0.20339309 0.027649118 -0.19055676 0.21403544 -0.21188949 -0.2983266 0.26830024 0.16069727 0.38813785 0.15999292 0.06582184 -0.20528316 -0.2001052 0.06539164 0.036839116 -0.06539729 -0.08851742 0.15118934 0.07639536 0.026092613 -0.2798267 -0.12356103 -0.14113969 0.10394695 0.0044748057 0.098537326 -0.10823431 -0.10110117 0.3768267 0.074940115 -0.26683605 0.14416568 0.2869777 -0.43625268 0.018743368 -0.07173273 -0.022139078 -0.18347242 -0.009822813 -0.2077312 0.044864647 0.1269285 0.07407262 0.24059863 0.09852482 -0.07165938 -0.16427769 0.0049585016 -0.0638844 -0.12154188 -0.041608952 0.40402275
THA 0.12654401 -0.080393836 0.083357014 0.0075081354 0.026788129 0.06647653 0.23315519 -0.09854154 -0.0046953512 0.27880463 0.3326379 0.06316485 -0.21201059 -0.19601421 0.3190946 0.2876039 0.094718456 0.05777786 -0.30620065 0.042936068 0.08936348 0.12397807 0.051062625 -0.27433574 -0.27337813 0.0343541 -0.06638194 0.013540333 -0.19280057 0.14894162 -0.26963004 -0.022633877 -0.10367258 -0.19189313 -0.18245658 0.19808726 0.15361722 -0.109075546 0.24728629 0.0031279684 -0.094979 0.23070864 0.134626 -0.048836395 -0.020781 0.010076211 -0.17310984 0.020000728 -0.0780636 0.04110833 0.05530296 -0.015836647 0.122436404 0.31411183 0.04377665 0.20000191 0.48145914 0.07962165 -0.11715047 -0.10668904 -0.086609915 0.06243767 -0.02467175 -0.029834423 0.25770903 -0.2074645 -0.091216266 -0.12437952 -0.15373096 0.06057641 0.019699471 -0.13769637 -0.041375265 0.08381516 -0.21104416 -0.116970025 -0.048622195 0.11746701 0.0403254 0.34542507 0.0013569823 -0.11504006 0.15698025 0.18548086 0.09380363 0.36154956 0.18084821 -0.35243994 0.047488537 0.25339895 -0.24258174 -0.067983165 0.31025296 0.025771223 0.15390807 0.1957433 -0.27639833 0.046196368 -0.02306549 -0.21336788 0.008762284 0.053194564 -0.098569766 0.21637844 0.13695955 -0.0018919075 0.09302678 0.027411414 -0.039270975 -0.39492798 0.07387704 -0.23392454 -0.16950774 0.05339784 -0.011782341 -0.21249898 0.047140356 -0.09265004 0.00054196594 0.0665809 -0.0696995 -0.073401056 -0.2736424 0.018633528 -0.005830363 -0.116477184 -0.20850182 0.14811088
BHS -0.088143 0.0003870247 0.28162295 -0.026128173 0.33184585 -0.04692052 -0.020635152 0.1721862 0.07319138 0.18271008 0.18580012 -0.5313553 -0.22075057 0.12856773 0.12751679 0.093408614 0.10565202 0.02025732 -0.28818038 -0.0034061128 0.21174508 -0.16109672 -0.11539392 0.13152543 -0.05642031 -0.34483913 -0.012966846 0.16784883 -0.14518298 0.068011984 -0.071152866 -0.0074871327 -0.042523406 0.012676764 -0.10674317 0.064057805 0.47402388 -0.18888783 -0.17274238 -0.05544375 0.02580764 0.08862429 -0.09804099 0.06827812 -0.262504 0.15691555 -0.039562553 -0.042464662 -0.2183851 0.16528507 -0.13110948 0.4135247 0.30045947 -0.026000686 -0.05915205 0.010193433 0.23940247 0.17920871 -0.06114131 0.113694094 0.028120345 0.15873322 0.14911038 -0.07925524 0.123451136 -0.14176315 -0.13922262 -0.05054626 -0.13987553 0.049372036 0.003497149 -0.17174606 -0.28314483 0.045572024 0.015161744 -0.40950462 -0.004938623 -0.07628588 -0.28890437 0.117007986 -0.08494934 -0.20930548 0.045348868 0.10844357 0.1373836 0.30981508 0.12673093 -0.10149362 -0.12911886 0.13109018 -0.07332842 -0.05759943 -0.094372176 0.0021007042 -0.054270342 0.11165272 -0.055780232 -0.22228183 -0.38274717 0.038108 -0.009098068 -0.03914457 -0.26661974 -0.1106745 0.54332757 -0.17934911 -0.10081929 0.07670366 0.17966802 -0.008075911 -0.06090388 -0.16902669 -0.004550452 0.03875312 0.1957824 0.16361043 -0.022959944 0.22639818 0.08653891 -0.18492472 -0.11692813 -0.18948144 -0.24254344 -0.0011929786 -0.18997227 0.037733536 0.11634456 0.2683263
KEN -0.0073590656 -0.02929609 0.13010736 -0.10595609 0.06336574 0.29136527 0.2858677 -0.23752357 -0.12199694 0.12241218 0.062126808 -0.09043833 -0.18377605 -0.06854438 0.113195404 0.2515699 0.091787785 0.17541282 -0.11782933 0.24017319 0.2884826 -0.016989207 -0.12553844 -0.22152236 -0.31337225 0.14062834 -0.34385914 0.022809038 -0.0143041145 -0.18688633 0.044764794 -0.12927265 -0.31801736 -0.26424286 0.039236777 0.22738352 0.09816638 -0.061840676 0.011402665 0.014532893 -0.24196957 0.22527628 0.08960446 0.0043981685 -0.028075295 0.06685849 -0.14616093 -0.05723675 -0.24372442 0.055028517 0.11505361 0.191353 0.28439704 0.17131177 0.14041574 0.10841913 0.2894845 0.041455735 -0.09795876 -0.12108778 0.07742678 -0.04230283 0.25624374 0.021154482 0.29394174 -0.12194953 0.01617545 -0.10388235 0.09086855 -0.06110428 -0.19446462 -0.038753524 -0.101629674 0.125822 -0.05693404 -0.1466349 0.090410315 0.21804701 0.061663516 0.3054326 -0.037437934 0.056155067 0.017786236 -0.015383054 0.28523353 0.19520055 0.033736456 -0.17840663 0.028742965 -0.070386946 -0.05590997 -0.08924643 0.022234252 0.06938752 0.22215934 0.11827775 -0.3156499 0.119046874 -0.2270043 -0.019541457 0.20482762 -0.07198723 0.17298746 0.12900898 0.2875532 0.03849631 -0.06747592 -0.15514863 0.17731832 -0.34904754 0.29883164 -0.1089789 0.040682625 -0.18475324 0.149018 -0.022398777 -0.00509497 -0.15337816 0.12856585 -0.07401587 0.030580405 0.06311042 -0.3375774 -0.008820887 -0.11793758 -0.1710927 -0.17424646 0.16154654
TTO -0.09383549 -0.09058685 0.19824255 0.277366 0.57024235 -0.05275694 -0.047287907 -0.04577004 0.019900722 0.09252115 0.33855304 -0.45355162 -0.12839995 -0.07373536 0.22766353 0.07589492 -0.13167833 -0.21372463 -0.19275278 0.12467141 0.13679036 -0.20255466 -0.14445494 0.10603881 -0.18591383 -0.09804824 -0.10644254 -0.052306253 0.03105371 0.147503 -0.30647025 0.14651841 0.13532552 0.14985576 -0.10524327 0.34561518 0.21865338 -0.15527306 -0.2774683 -0.0799502 -0.02495583 0.15323997 -0.16933268 0.07046214 -0.19718456 0.3502777 -0.20299342 -0.12741315 -0.28091303 0.1419761 0.12345019 0.33640456 -0.0512375 -0.12430081 -0.1132389 -0.07768931 0.018721215 0.35843185 -0.22503078 -0.23461561 0.014516577 0.038142495 0.12784554 -0.32114068 0.17410906 -0.144418 -0.14845479 0.09780441 0.08868392 -0.07065092 0.045284882 -0.13338245 -0.3449904 -0.022414066 0.07619722 -0.27541032 -0.15303473 -0.15522003 -0.12614094 -0.05878374 -0.1829819 -0.15631771 0.16082175 0.36359984 0.12916625 -0.077544145 0.102562815 -0.25428727 -0.033566736 0.24782534 -0.03211534 0.1197448 0.12686203 0.0359827 0.11407624 -0.1870288 -0.15489532 -0.33354425 -0.12553401 -0.030824322 -0.27159327 0.052823186 -0.06260242 -0.13527665 0.15003762 0.05841525 -0.453163 0.26817876 0.30916187 -0.22788426 -0.010852928 -0.17660703 -0.14450616 -0.007447542 -0.1286687 0.025046121 0.22158334 0.13123834 0.018882522 0.17174317 -0.11686206 -0.12727988 0.020281043 0.12632728 -0.28896436 0.08765864 -0.076194994 0.36773905
CAN 0.19333227 -0.03108942 0.33361858 0.21392724 0.2701131 0.15747482 0.000489515 -0.013865994 -0.27993318 0.06771305 -0.031253587 -0.15225537 -0.22878578 -0.109432936 0.060593884 0.1575525 0.14263865 -0.010083698 0.07943087 0.16469628 0.012166801 -0.0106181 -0.15897276 -0.178453 0.086877115 -0.15414879 -0.31822824 -0.0030733591 -0.116317555 -0.10272154 -0.10284247 0.13340613 0.29328147 0.047483087 -0.019970402 -0.065854445 0.33740622 0.0297979 -0.020360995 0.107923836 0.06755791 0.0130480835 0.13937613 0.042625558 -0.0647449 0.059101935 -0.19446735 -0.09980198 -0.17460692 0.027218994 0.24131145 0.24615715 0.21552704 -0.040380288 0.17989048 0.18416467 0.25368977 0.07692084 0.0037640666 -0.25085843 0.06812343 -0.1223275 0.013370919 0.109721474 0.19408782 -0.23277888 0.17213762 -0.016419662 0.0029635322 0.18945853 0.040639803 -0.16904944 -0.16973832 0.006482043 -0.21522759 -0.068769075 -0.3521276 -0.23353402 -0.060616925 0.14609936 -0.15351138 -0.16093628 0.20038235 0.24552146 0.16462381 0.10361297 0.17005701 -0.03973187 0.2066486 0.13677141 -0.17585233 -0.14687468 0.100852415 0.050279062 0.043280363 -0.034400605 -0.02695565 -0.04394732 -0.1681936 -0.012391304 0.022637619 0.27591625 0.0064761434 0.121414594 0.20691004 0.02317023 0.22213812 -0.094592564 0.1681849 -0.19743511 0.0038982662 -0.123520784 -0.2922198 -0.02015361 -0.11760814 -0.11975274 0.32542917 0.14772338 0.12319255 0.32151547 0.06399787 0.011893107 -0.08478985 -0.13038042 -0.28442776 -0.14842369 -0.11219937 0.05882113
KOR 0.11963045 -0.070444465 0.13351351 0.10033095 0.20156719 0.16935822 0.040090885 -0.22392969 -0.093783215 0.09742573 -0.047788423 0.14857619 -0.017702308 -0.24496523 0.28457242 0.1617201 0.24050649 -0.09833379 -0.15264751 0.19664063 -0.16670832 0.12042789 0.17900436 -0.25603446 -0.19223659 0.14670014 0.040611435 -0.11583677 -0.12260699 0.097105436 0.030521918 0.01364917 -0.01451944 -0.22509275 -0.13291685 -0.04947646 0.06674398 -0.111396536 0.1764855 -0.037327144 -0.06070455 0.022800654 0.17442274 0.16390052 0.19917643 0.088957794 -0.22375464 0.32235068 -0.09735764 0.019380756 -0.0009795071 0.015049446 0.25337163 0.18836485 -0.09222884 0.16146709 0.47639152 -0.005537365 0.12874813 -0.14122392 -0.26279363 -0.020465445 -0.042789083 0.09272171 0.226372 -0.20385975 -0.2063539 0.059949722 -0.03392213 0.1021365 -0.051160604 -0.054704726 -0.11559541 -0.042830404 -0.17131615 0.022777565 -0.2205186 0.16530207 -0.05542046 0.3376543 -0.013068487 -0.0045290086 0.059295174 0.13586707 0.042070698 0.24535948 0.32533425 -0.094236165 0.0087942835 0.2816942 0.08776778 -0.021787422 0.24313359 -0.013253367 0.10804281 0.1734459 -0.28479725 -0.014190974 -0.08439404 -0.0105375815 0.07510073 0.11620958 0.016120242 0.33360216 0.27328894 0.070240684 0.14884631 0.16418694 0.15315586 -0.25641018 0.11314241 -0.24699277 -0.022242414 -0.013746604 -0.06413921 -0.29817456 0.17128667 0.17309085 0.2444411 0.14739211 0.009199748 -0.025133306 -0.10182041 0.09948949 -0.17617027 -0.24652562 -0.38018504 0.19270688
SRB -0.03003452 -0.012811821 0.24677844 0.40950152 0.26629376 0.08751958 -0.12481331 0.1079762 0.09850306 -0.26379794 -0.014428739 -0.21728222 -0.23375517 0.004503324 -0.11511828 0.29184845 -0.11578563 -0.23820908 -0.14612396 0.03581758 0.021022538 -0.009600764 0.10669232 -0.2450134 0.038265582 0.1774726 -0.012626456 0.010293947 -0.06327474 -0.17592643 0.19251288 -0.11240084 0.057670154 0.14524655 -0.08205665 0.06435811 0.02027097 0.02979598 -0.027720962 0.13101597 -0.3268222 0.07908925 0.057409626 -0.08273565 0.13908602 0.24399331 -0.058367237 -0.012289049 -0.16080138 0.025863165 -0.17443103 0.055258 0.14703035 -0.021360235 -0.20773321 -0.09172603 0.29679203 -0.08595006 -0.19888532 0.04217448 0.09046013 0.090598665 -0.04191333 0.06871758 0.25723317 -0.11432792 -0.15673774 0.2144757 0.23310119 -0.06552501 0.18369201 0.018536389 -0.1956169 -0.23777367 0.06978803 -0.3448281 -0.319805 0.15870476 -0.30646917 -0.14109674 -0.14723033 -0.05461052 0.20481695 0.5426595 0.021541698 0.22873923 0.0026363132 0.15982789 0.10849633 -0.004111844 0.17171653 -0.15106468 0.114640474 0.17414433 0.09985351 -0.07449366 -0.04656633 -0.33022514 0.019279003 -0.25689435 -0.22747883 0.052018754 0.1456384 0.060704272 0.041897673 -0.32489365 -0.2578483 0.07445139 0.37989587 -0.19741786 0.061453275 -0.34561247 0.106778815 0.14404441 0.30396944 -0.08481821 0.122272596 0.10375047 0.29286247 -0.121462025 -0.12813798 -0.30391288 -0.001970964 -0.18564454 -0.15788509 0.059453253 -0.29443365 0.114890076
IRL -0.020819794 -0.10050788 -0.02295586 0.11585143 0.28006756 0.29280084 -0.24301937 -0.028715648 -0.10304016 -0.102215156 0.08759757 -0.3070822 -0.3597778 0.3913583 0.084056884 0.04988172 0.10923576 0.06644225 -0.022127168 0.21329515 0.25571123 -0.100440845 -0.034784745 0.11917234 -0.097421326 0.14652735 -0.09867781 0.06052089 -0.20340179 0.028016446 0.01452683 -0.09979688 -0.24119705 -0.059716836 -0.023704983 0.27121383 0.08912746 -0.019453714 0.062112372 0.010519004 -0.095570005 -0.11378398 0.107789345 0.014080857 -0.04851379 -0.1840479 -0.1600141 0.22344744 -0.23204328 0.08389463 -0.1665412 0.34664524 0.37042496 -0.15362287 -0.095353976 0.09909416 0.1559476 -0.011433998 0.103182286 0.17082602 0.0949441 0.07490524 -0.04569571 -0.0022193068 0.23132154 -0.036870036 0.1131439 0.0621494 -0.12702718 -0.11246368 -0.27227905 -0.2787139 -0.19512756 0.064202026 0.052487373 -0.22257785 0.0068281675 0.1803621 -0.12289392 0.15585768 -0.16305654 -0.14747027 -0.0082450975 0.073876485 0.06733837 0.057596672 0.21861391 -0.13307644 -0.23561732 -0.14595877 0.14139435 -0.048288822 -0.18206704 0.058642175 0.16588579 0.11649691 -0.39009652 -0.05010395 -0.2954548 -0.040061977 0.0837176 0.030987246 -0.17068423 0.36796173 0.32029456 -0.0062156133 -0.06684135 -0.05929302 0.22776696 0.057292175 -0.00030449507 -0.1641313 0.022428915 -0.036398076 -0.13304985 0.21159025 -0.152645 0.37885788 0.21187176 0.056479275 0.10997512 0.10575578 -0.26362106 -0.111102775 -0.12461991 -0.048913233 0.0044352296 0.2961336
GTM -0.10202285 -0.12781696 0.03424469 0.066012606 0.3195247 0.21690473 -0.019534165 -0.31388766 -0.1559783 -0.018127196 -0.013943335 0.09634368 0.088100746 -0.17716943 0.32600048 -0.016212668 0.43547276 -0.18793084 -0.071096756 0.3364769 -0.16841006 -0.09010777 0.14789723 -0.08209186 -0.2170133 -0.035980787 -0.123065114 -0.24020861 -0.12108778 0.12101861 -0.056215275 0.055984084 0.09418684 -0.117859684 -0.13951692 0.006664206 0.099063985 -0.26761493 -0.039407857 -0.12972663 -0.03648841 -0.06539405 0.13422963 0.30549133 0.15279615 0.22648825 -0.18844205 0.3289054 -0.2595963 0.18288085 -0.040331237 0.1912403 0.35117614 0.01414754 -0.019596199 0.07576893 0.34976146 0.11950206 0.26914516 -0.2898176 -0.21114454 -0.07705267 0.086350605 -0.071043104 0.3122971 -0.30111197 -0.30890065 0.09015988 -0.028850004 0.0070036906 -0.12925974 -0.05481373 -0.1353082 0.082058385 -0.2744342 0.055559255 -0.18664013 0.034735084 -0.19846313 0.3485301 -0.13412638 0.024441563 -0.004945851 0.00039106255 0.2534025 0.24156137 0.30358064 -0.1400495 -0.099531315 0.18362898 0.15114568 -0.014293826 0.11222827 0.03754396 0.07513524 0.2230207 -0.31557104 -0.010667021 -0.028019225 0.1102376 0.23611999 0.18044887 0.1451395 0.33616373 0.39224067 0.21892928 -0.05614652 0.24228713 0.24159805 -0.33321518 0.037561845 -0.08332393 -0.020284759 -0.13045898 0.0090121 -0.3703078 0.023397695 0.12539737 0.1796695 0.18078822 -0.019366523 -0.034437537 0.0062046903 0.047881126 -0.23892337 -0.31566578 -0.42812595 0.41973504
ITA 0.07871486 -0.13371828 0.20923726 0.1763385 0.12396409 0.0040441765 -0.031896934 -0.056993768 0.068267934 0.061438546 -0.1917863 -0.13387902 -0.23313104 -0.1395907 0.055382855 0.13224809 -0.34511185 -0.16134152 0.032573264 0.2212248 0.011383829 0.17179157 -0.11645687 -0.3440583 -0.056198154 0.26915315 0.12213143 0.1699003 0.19542426 -0.13131855 0.014712529 0.022681208 0.09204443 -0.12736645 -0.16656923 -0.18229778 -0.14837968 0.08352397 0.15207489 0.3257696 -0.15345328 -0.026212988 0.10378781 -0.066028535 0.36888146 0.34312358 -0.15430276 -0.033029366 0.07159435 0.016945502 -0.021712448 0.020330291 0.0721307 -0.04872189 -0.118973464 -0.01815647 0.4821667 -0.11999964 -0.09516556 -0.13085496 -0.04032125 0.018607005 0.17195551 0.19415696 0.15768996 0.009155709 0.1793725 0.16124207 0.25415477 0.1930535 0.054868296 0.17113344 -0.4182253 -0.13731615 0.09349777 -0.028270045 -0.44993615 0.04229247 -0.06257735 0.03622204 -0.023080472 -0.10209785 0.17015652 0.30382648 0.008775122 -0.00013526197 0.20763364 0.053772144 0.058466896 0.030699544 0.032068443 -0.27322713 0.17363702 0.017368915 0.10521189 0.29951417 -0.19175759 -0.11695864 -0.1031228 -0.20463827 0.13729124 0.040773124 -0.03849108 0.1856083 0.07278813 -0.24898493 0.09122401 0.080992274 0.40178537 -0.22153378 0.13420066 -0.3440149 0.14416876 0.13831286 0.07085099 -0.24082498 0.15519206 0.07273564 0.23629764 0.26107278 0.10540095 -0.11420159 -0.08039872 -0.036232788 -0.086915486 -0.105003886 -0.10343645 0.0903403
TKM 0.13493963 -0.08151476 0.29921833 0.26928398 0.3419827 0.047317233 -0.039881058 0.028591307 0.23122141 0.19664884 -0.1157303 -0.4893859 -0.15487319 0.018982522 0.347845 0.09134034 -0.12258378 0.06050478 -0.34739658 0.15648569 0.22008115 -0.04869712 -0.11236348 0.11720607 -0.291483 -0.19961932 0.08764025 0.10550996 -0.021901546 0.08252657 0.058338407 0.033745065 -0.13281773 0.03098144 -0.077720545 -0.035038836 0.3099243 -0.13221492 -0.04520635 0.1300966 -0.19921464 -0.060158513 -0.14019547 0.112336 -0.15934828 0.3398081 -0.112078205 0.18453044 -0.06867889 0.38580036 -0.20583801 0.17356919 0.30109832 -0.13790321 -0.23764166 -0.13478857 0.19937035 -0.043795686 0.053289134 0.27937445 -0.11101992 0.19951728 0.07597132 0.14952585 0.015190257 -0.0015020006 -0.15360828 0.105191864 0.05681605 0.11987798 -0.15057234 -0.06283183 -0.23969011 -0.29009554 0.28153554 -0.21557868 -0.15033606 0.0071857623 -0.24991158 0.22971416 0.17060766 -0.09148865 -0.039789513 0.3969311 -0.032376386 0.18856743 0.15786059 0.13747427 -0.016358122 0.04950413 0.07710466 -0.22425736 0.16622171 -0.18056896 0.080882825 0.252386 -0.014615464 -0.30610272 -0.37333542 -0.015388681 -0.0014443386 0.036456108 -0.009105339 -0.044143215 0.32278588 -0.31600392 -0.027453935 0.30216664 0.22665422 -0.018798914 0.10623788 -0.40339833 0.16620125 0.038815077 0.17209248 0.13605423 -0.019284906 0.2612299 0.2349033 -0.32576138 -0.17652737 -0.17869496 -0.10745277 0.030193293 -0.18053198 0.16958572 0.010405196 0.11225696
QAT 0.016344886 -0.08928202 0.1907618 -0.19372083 0.1521832 0.038064342 0.15354635 -0.2666084 -0.13108425 0.22753964 0.060180753 -0.19597141 -0.25893843 -0.17409432 0.1154925 0.27209088 -0.011083574 0.12290157 -0.15296994 0.2183622 0.16637254 -0.05199517 -0.18638498 0.053870317 -0.1805043 0.01071012 -0.22862357 0.17687327 0.20921639 -0.15685768 -0.044182416 0.115456395 -0.040925276 -0.0064696213 -0.2930636 0.1965399 0.057706904 -0.09580076 -0.013864549 -0.0692573 -0.28767478 0.18891713 0.03459435 -0.10408595 0.17746742 0.21974844 -0.010076527 -0.23886476 -0.10806167 0.10153981 0.122590646 0.22001748 0.08054083 -0.0033737372 0.09052434 -0.04837998 0.5554053 -0.0176909 0.062057093 -0.20462257 0.18016751 -0.022076657 0.27914074 0.1080212 0.13212116 -0.1565796 0.31167552 -0.04292567 0.015166123 -0.013591871 -0.1959783 0.20029822 -0.2748101 0.16488615 -0.1619768 -0.06793644 -0.046427887 0.018003441 0.1730255 0.31662995 -0.003919667 -0.18836999 0.0866113 0.119957834 0.15240684 0.24031752 0.03997909 -0.2504093 0.051656306 0.14061363 -0.2765823 -0.21579841 0.2077944 -0.09478501 0.01855593 0.17839265 -0.14763921 0.042063806 -0.20205224 0.009169908 0.18374264 0.16593401 -0.04872767 0.09091565 0.020315548 0.15049906 0.056823753 0.080293596 0.15840864 -0.26015675 0.15357149 -0.08297956 -0.2615764 -0.21520829 -0.059927687 -0.37448904 0.27975222 -0.018410806 -0.00487645 0.05425993 -0.09910986 -0.11855179 -0.3392184 -0.08045277 -0.061851013 -0.339201 -0.18315333 0.111058846
LTU 0.062412653 0.030112427 0.25640512 0.2537973 0.19161 0.04999161 -0.2311025 0.19501421 -0.030694447 0.27092922 -0.044102557 -0.122088596 -0.1791506 -0.114218935 -0.09590429 0.22958301 0.03771051 -0.0006294994 -0.41975698 0.08094926 -0.030457642 0.1715457 0.025458088 -0.15017834 -0.124334194 0.06806727 0.11310601 0.1023789 -0.015074788 -0.101804644 0.05884095 0.18525778 -0.0040816874 0.12899046 0.043873042 0.24723077 0.33626434 -0.016088068 -0.09521648 -0.029868219 -0.1712297 0.16811717 -0.3056838 0.12639585 0.073049 0.13982368 -0.031627744 0.07967457 -0.116907045 -0.029525956 0.13846116 0.18510236 0.090703495 0.152974 -0.16853522 -0.110201046 0.38246349 0.030312773 0.070359536 0.09221994 -0.09609632 0.0063274307 0.1576436 0.24232869 0.19307604 -0.10636178 -0.19577847 0.093651295 -0.011961956 -0.27698746 0.093210645 -0.043746285 -0.12194167 -0.3499109 0.04970492 -0.08484949 -0.12151042 0.32798567 -0.29497606 0.18002298 -0.1781757 -0.18584722 0.1816211 0.41110703 -0.0151349325 0.2500374 -0.115556486 0.121470295 0.07831425 0.14050487 -0.03149564 0.036010474 -0.040428437 0.00078839785 0.25140223 0.12885135 0.14595383 -0.2024034 -0.050842162 -0.2260723 -0.09045569 0.15379028 0.033351682 0.027966518 0.15901478 -0.33011848 0.022702541 0.27889994 -0.006702939 0.005166721 -0.1315588 -0.35008425 -0.045315586 0.067454256 0.110009454 0.019022418 0.22439016 0.16466124 0.20430768 -0.09446417 -0.08382745 -0.21349543 -0.12209545 -0.06871372 -0.25478172 0.17199664 -0.23449703 -0.03397025
ROU 0.045756713 -0.09988072 0.23596808 0.37560964 0.17853604 0.15585634 -0.26270378 0.31369627 -0.11308012 0.18298808 -0.1473276 -0.27131817 -0.24110474 -0.07913553 0.029270869 0.22812316 -0.1540331 -0.15373704 -0.099858515 0.20262647 -0.03581827 0.18990523 -0.13398983 -0.51497734 -0.047156904 0.18828638 0.016634695 0.11938162 -0.034374718 -0.059994522 -0.13324183 -0.14206834 0.21216647 -0.0011802362 0.123076655 -0.048904043 0.2761358 0.052472252 0.02334686 0.23066977 -0.16701369 -0.05609369 0.07436631 0.0024168955 0.022480939 0.23541342 -0.29878345 0.0049531744 -0.026684385 0.0080254655 0.14461808 0.13092178 0.19079694 -0.13207072 -0.090209745 0.06827892 0.37492922 0.2029296 0.058586225 -0.0694435 -0.14280157 0.078802414 0.054304834 0.040666133 0.19132648 0.08183038 -0.0824955 0.2795254 0.15360102 -0.15181197 0.18937914 -0.013677704 -0.18343927 -0.22166826 0.12698147 0.07892225 -0.20416485 0.12482784 -0.2999415 -0.105314925 -0.10153126 -0.18114085 0.14694473 0.4850772 0.11940403 0.069813125 0.038318913 0.2313964 -0.0067019775 -0.12727176 0.23468643 0.029953208 0.051664688 0.22607288 0.17837833 0.1736299 0.032824576 0.00182811 -0.14603315 -0.34948793 0.023798188 0.06636004 0.18316787 0.20062593 0.2823773 -0.45697132 -0.08681855 0.25666848 0.29969937 0.041492958 -0.023044985 -0.31977865 0.013957846 0.28148785 0.10346854 0.16170706 0.106335014 0.028763542 0.27481553 0.13997734 -0.10751398 0.10263383 0.09283299 -0.14019883 -0.3735933 0.24688005 0.016361425 0.09625001
PRT 0.0028735711 -0.05496239 0.16646911 0.096071154 0.037785936 0.22450857 -0.10410033 0.3121137 -0.17779933 0.1101842 -0.14169545 -0.11864889 -0.10201915 0.04357165 -0.11540313 0.20967275 0.048792306 -0.0013892917 -0.14242822 0.22185798 -0.046625186 0.04238762 0.23638943 -0.2977941 -0.007321103 0.11876171 -0.045220878 0.07121188 -0.032576267 -0.010069469 -0.009958333 -0.086574264 -0.14500436 -0.20882902 -0.016469257 -0.0536553 0.21433574 -0.05310589 -0.21552852 0.02379567 -0.37618986 0.12231268 0.16667287 0.13263054 -0.049470577 0.23459373 -0.10617302 0.07798779 -0.3152096 -0.06143376 0.2475255 0.1363208 0.1282845 0.2115556 -0.07388136 0.27083334 0.42733243 -0.055128016 -0.1130372 -0.09638469 -0.050642572 -0.13954937 0.19603038 -0.16136378 0.060527142 -0.17533436 0.08442312 0.063077904 0.016753951 0.2245852 0.09156278 -0.3078954 0.015640458 -0.17824589 -0.1504991 -0.04802615 -0.26468566 0.06256051 -0.15622953 -0.20962663 -0.15714918 -0.08875949 0.2504192 0.19822347 0.25790396 0.47403395 -0.08785789 0.09224765 -0.058552343 0.010500807 -0.18649468 0.08025696 0.24136478 0.14291333 0.23849224 0.13682273 0.051437404 -0.2535648 0.057490926 -0.3365865 -0.18320724 0.027774397 0.1860535 0.105077334 0.23774232 -0.33026543 -0.03016321 -0.04079249 0.206386 -0.3648391 0.2433179 -0.36879766 -0.19205149 0.008375384 0.08629659 0.105366014 0.032051604 -0.05538598 0.19471006 0.030034717 0.043753166 -0.15773022 -0.10180427 0.06549152 -0.27033356 -0.073263735 -0.5216001 -0.13465127
BEL -0.12809293 -0.02244291 0.08215058 0.15558162 0.11523536 0.004528654 0.012859584 -0.15882646 -0.15076138 -0.028590526 0.15853788 -0.15883431 -0.042292975 0.1974598 0.17061207 -0.111559905 0.12218135 -0.1642241 -0.19633004 0.16815938 0.088745385 -0.18494736 -0.19348581 0.0316137 -0.06480043 -0.20558743 -0.20386872 -0.07903615 -0.07245186 -0.0774509 0.014015456 0.12368529 0.031874858 0.119550794 -0.19170515 0.0719366 0.18137684 -0.19528009 -0.16986506 0.19291171 -0.18427761 0.06759072 0.13506807 0.120066546 -0.06134325 0.22609942 -0.1301558 0.18676011 -0.1165606 0.3260648 0.033212937 0.07643255 0.3151478 -0.19053285 0.0028746224 -0.023946485 0.20336358 -0.017645203 -0.108945794 0.09308914 0.014109143 0.1435543 0.094649844 -0.20162809 0.23014024 -0.23344056 -0.24712785 0.09170274 0.04218319 -0.07798697 -0.020213535 -0.15944818 -0.37545985 -0.17160486 0.2971196 -0.32154676 -0.010214686 -0.123872004 -0.32156333 0.1901561 -0.18431176 -0.12999001 -0.0067976364 0.1174616 0.032429267 0.14402854 0.17013781 -0.09578856 0.0011849194 0.0742911 0.14589888 -0.18420988 -0.035122205 -0.070784666 0.0060889646 0.32407993 0.06951036 -0.38624 -0.19169518 0.022526693 0.023284074 -0.054150213 0.015407488 0.13709539 0.26742485 -0.12226705 -0.1482828 0.16973887 0.24956276 -0.3070269 0.036354996 -0.120765835 0.31384546 -0.09772041 0.29826263 -0.084681824 -0.21390547 0.13287124 0.123743124 -0.15052769 -0.06430532 -0.24319108 -0.16750424 0.01873727 0.01721659 -0.01376883 -0.13068481 0.22383831
VNM 0.1447989 -0.07552466 0.07618284 0.28975976 -0.122302406 0.13385954 0.040704556 0.13121913 -0.014310846 0.14744632 0.10240008 0.029910313 -0.44657674 -0.14218281 0.34708002 0.27303025 0.11087163 -0.021441836 0.13210346 -0.027595824 -0.055006552 -0.0034653067 -0.115473464 -0.41854712 -0.15035376 -0.019989671 0.010812106 -0.042023346 -0.34876868 0.12965229 -0.17811781 -0.1203268 0.03872631 -0.06101254 0.009142 0.13690239 -0.009177424 -0.09918139 0.046108283 0.04512604 -0.04488546 -0.14734988 0.33994207 -0.06617176 0.08688646 -0.06290532 -0.1660422 0.046473388 -0.0092267925 0.011646633 -0.0828667 0.013886321 0.3518268 -0.07923383 0.104331896 0.18941358 0.4013017 0.15408055 -0.15251344 0.031175386 -0.21317083 0.14235404 -0.3060806 0.066611715 0.12914789 -0.08232976 0.27225226 -0.09825891 -0.07632215 0.34950003 -0.03476602 -0.10821187 -0.0019889039 0.008641772 0.121197514 -0.13706745 -0.43363464 -0.0074472954 -0.09995872 0.04427439 -0.11359933 -0.08179406 0.11234552 0.5386086 0.07271843 0.23113686 0.38644964 -0.11397988 0.062320326 0.15680663 -0.21380809 -0.3106857 0.28433624 0.21110769 0.10433867 0.25682655 -0.19558524 -0.008391364 -0.01088158 -0.2676281 -0.11069787 0.13955437 0.11903724 0.18707228 0.0026923472 -0.17842628 0.10458542 0.07386613 0.12221747 -0.3402563 0.17850773 -0.3191984 -0.08594336 0.19235386 -0.030387621 -0.10204241 -0.042125095 0.032712404 0.0001408306 0.14116836 0.103780575 0.07145635 -0.17954236 -0.14594182 -0.061939564 -0.07530396 0.013843324 -0.032212906
DNK -0.054330543 -0.15362376 0.24977033 0.20211174 0.32396293 0.19062515 -0.21130414 0.18522072 -0.05034694 -0.014259537 -0.062865034 -0.3014061 -0.46573743 0.23747541 0.051246133 0.12595065 -0.11415176 0.11338851 -0.19742143 0.11203338 0.20062244 0.24181157 -0.05782556 -0.08758446 -0.027942475 0.13105956 0.036993377 0.24864092 0.02253142 -0.015845163 0.03602476 -0.16723664 -0.27460128 -0.044591285 0.041952588 0.20184594 0.2067842 -0.07782355 -0.053964585 0.11336493 -0.24400319 -0.06086195 -0.16894853 0.14458202 -0.09479153 0.094415575 -0.23345381 0.06159662 -0.2892426 -0.06496538 -0.1375567 0.36043754 0.33563665 0.068564735 -0.15190853 -0.032244917 0.3115133 0.10354629 0.10152093 0.12929979 -0.003139924 0.098823145 0.16094239 0.011933246 0.23667288 0.061597433 -0.05900611 0.14587305 -0.06285994 -0.10693514 0.006769914 -0.088755555 -0.080353245 -0.12889527 0.031169817 -0.0782997 -0.09374141 0.21952018 -0.29995945 -0.13322695 -0.19907412 -0.033072267 -0.001070397 0.28189653 -0.007990984 0.05298115 0.06205253 0.058710925 -0.17087641 -0.14149202 0.2107781 0.013735146 -0.09957956 0.17932396 0.2336972 0.08128383 -0.15909386 -0.009340662 -0.17892112 -0.2777332 0.07651175 -0.21207386 -0.006107906 0.12627675 0.31574777 -0.17823943 -0.073857196 -0.0003017398 0.21651463 0.18210742 0.029143076 -0.3018455 0.021511516 0.21685156 0.031852953 0.45776322 0.057184238 0.27917767 0.26621303 -0.08353748 0.11635578 0.03603778 -0.13935202 -0.051049642 -0.3845879 0.1340421 -0.00035014516 0.1882906
SEN -0.05055521 -0.0512493 -0.018860845 0.30431116 0.11807187 0.17484362 0.002930464 0.1002152 -0.119546525 -0.09661863 0.06893182 -0.15512417 -0.48634088 0.06088335 0.2137531 0.19357035 0.29342756 -0.050528377 0.0863452 -0.046675675 0.009034835 -0.2517761 -0.11556304 -0.20743245 -0.019531911 0.071424775 0.0042412356 0.008325389 -0.39871722 0.079882964 -0.063333504 -0.21093604 -0.03380043 0.016062578 0.04039771 0.24748029 -0.01212466 -0.10356851 -0.14361204 -0.10368934 -0.12363758 -0.23127595 0.32750618 0.06933748 0.012027767 -0.08769593 -0.13695458 0.14592263 -0.104755566 -0.06530323 -0.29310673 0.106380634 0.5131633 -0.16611512 -0.03329606 0.009210295 0.22900753 0.16556399 -0.033223238 0.14862326 -0.02249106 0.16559687 -0.2603373 0.007270128 0.15276083 -0.116548195 0.006135503 -0.043682747 0.007341368 0.14675218 -0.1151784 -0.14461868 -0.057538625 -0.051476635 0.24894312 -0.42790365 -0.2109746 0.14293773 -0.21757114 -0.07542492 -0.2528398 -0.057787288 0.044834737 0.43109906 0.067555785 0.17852741 0.40495306 -0.07593838 -0.0031828736 0.1601828 0.044588923 -0.18232724 0.09680953 0.26001936 -0.03238235 0.071600914 -0.20980193 -0.08335804 -0.08270081 -0.10256795 -0.13137183 0.03425769 0.12014688 0.06624767 0.01761236 -0.059264135 -0.23241332 0.09428833 0.26985902 -0.21358237 0.19987589 -0.14548942 0.04121852 0.01907095 0.11273831 -0.11063213 -0.0134847555 0.24158864 0.11336023 -0.050458964 0.09026163 0.02589543 -0.1642556 -0.09998482 -0.088248305 -0.12932841 0.0030647407 0.11646332
GAB 0.0143814795 -0.036589783 0.06428843 0.3441309 0.59102947 -0.06907118 0.005775455 -0.11323549 -0.054831732 0.057199318 0.18733446 -0.51716936 -0.19926216 -0.12854247 0.30601236 0.16977577 -0.32401833 -0.15336914 -0.31518924 0.18273397 0.114028096 -0.006316266 -0.10603744 0.1197604 -0.17845124 -0.049592152 -0.24028352 -0.08488043 0.08698589 0.20852403 -0.27200517 0.08125897 -0.104033805 0.054796107 -0.28529793 0.43350703 0.020763699 -0.16857512 -0.20287535 -0.00689173 -0.22396 0.18715423 -0.16087157 -0.02420644 -0.26967934 0.40237617 -0.18959007 -0.26596326 -0.32033047 -0.03073765 0.31477684 0.1697569 -0.12229594 -0.22676674 -0.089405105 -0.047342885 0.09066999 0.31814715 -0.17112751 -0.2879767 0.120180055 0.06651887 0.0689329 -0.32105705 0.12634116 0.03471608 -0.007349174 0.089279294 0.15359177 -0.21480437 0.018092938 -0.15177056 -0.2809327 -0.064354084 0.15726349 -0.28071612 -0.098508485 -0.05358842 -0.07651222 -0.18933623 -0.22044289 0.07960007 0.11371263 0.34726614 0.0040588467 -0.117117815 0.10198267 -0.18495348 0.166891 0.30761647 -0.059360564 0.002241359 0.22297825 -0.011547571 0.14575215 -0.19692658 -0.09280113 -0.35303038 -0.11285031 -0.14815225 -0.28928435 0.07430273 0.011318675 -0.025645934 -0.12216033 0.060130287 -0.5075561 0.19631737 0.2245581 -0.16948397 0.07951035 -0.30223334 -0.24149676 0.07992505 -0.18990788 0.028311592 0.3139904 0.03631208 -0.00841944 0.14058074 -0.17247662 -0.16910703 -0.03138421 0.1801505 -0.27690044 0.15591107 -0.22527884 0.34297687
CMR -0.018838366 -0.061671685 -0.3042524 0.3531218 0.37589806 -0.01849073 -0.08259406 -0.011075162 -0.19481272 -0.09709493 0.024608975 -0.46030715 -0.095042035 0.11870528 0.25033128 -0.07790398 -0.13318045 0.07325406 -0.22415835 0.2627338 0.04161307 -0.036297332 -0.1488268 0.16406354 -0.05679734 0.005405714 -0.3238403 -0.30152526 -0.22108085 0.2082632 -0.16824491 0.09180209 -0.40213418 -0.08715094 -0.20204495 0.4381848 -0.13491917 -0.0760431 -0.22718003 0.056637634 -0.1690952 0.10788873 0.09914593 0.08360729 -0.32917684 0.17858374 -0.09480711 -0.001559651 -0.20848253 0.061003495 0.20034873 -0.053012103 0.32401985 -0.36131328 -0.070118204 -0.06831641 0.24903972 0.1522311 0.06911425 0.054166585 0.24715671 0.02313875 -0.16178922 -0.21915697 0.17528403 0.19890831 -0.009745642 0.09498149 0.054168403 -0.3893982 -0.1525171 -0.3701494 -0.23468353 -0.17691934 0.3451736 -0.39983222 -0.19481084 0.1488094 -0.2944953 -0.12029719 -0.16608183 0.13226292 0.010262258 0.23753692 -0.027401187 0.06169914 0.24310665 -0.043852977 0.12861145 0.0050100987 0.22004999 -0.14626384 0.023199135 0.14226949 0.15714197 0.10719306 -0.09363253 -0.3903143 -0.20153068 -0.16501968 -0.19493377 0.18157624 0.12549 0.5026273 -0.051928993 -0.07682234 -0.44021297 0.08544259 0.21738394 -0.22031268 0.10753919 -0.34486988 0.09089043 0.2687196 -0.13365069 0.052276306 -0.14083697 0.10088312 0.044349875 0.176403 -0.070334 -0.081763126 -0.06265054 0.15351214 -0.07823122 0.30253577 -0.18926093 0.42248568
LBY 0.10960674 -0.08237995 -0.102044106 0.30040088 -0.096668094 0.28910103 0.13067126 0.17410234 0.0025917415 0.03221681 -0.13019633 -0.16878854 -0.27015126 0.17190687 0.074148096 0.22775285 0.05932627 -0.073622875 -0.16318536 0.4201765 0.3364585 0.002950023 -0.21893635 -0.04907784 -0.18308453 -0.12775904 -0.36488283 -0.0022815538 -0.0989576 -0.1954588 0.06426738 -0.12051927 -0.15030979 0.0018496497 0.17743942 0.18059765 0.009963685 -0.10264813 0.082039095 0.08999224 -0.23263854 0.10569251 0.03182852 -0.16370557 0.1144071 0.13612124 0.0806715 0.12076585 -0.100669056 0.11303423 0.2503607 0.07195086 0.24427544 0.043051384 0.24575272 -0.13028377 0.31667563 -0.19472134 -0.08577503 0.091200486 0.062241912 0.05845624 0.28332537 0.3551921 0.28749552 -0.13255876 0.31036165 0.057465814 0.25146705 -0.2663264 -0.29401204 -0.044388324 -0.042357035 0.037419904 -0.0559435 -0.11394017 0.040508527 0.07495912 -0.15117848 0.16904102 -0.19799936 -0.16775157 0.107568435 0.30954054 0.29393652 0.15726602 -0.022409238 0.20730515 0.242061 -0.22650702 0.033752467 -0.6301106 -0.010605392 0.040530406 -0.073112376 0.06756248 -0.075493656 -0.038080595 -0.076543495 -0.09696261 0.009886551 0.27845547 0.24701837 0.26196933 -0.20938595 -0.15640576 -0.090602994 0.056324728 0.122141905 -0.31079444 0.027831867 -0.45588487 -0.240595 0.062255733 -0.082233906 -0.11858086 0.06469376 -0.18162854 0.0051226597 -0.041871805 -0.20873153 -0.12866977 -0.15793261 -0.19115679 0.06706212 0.057490744 0.013543093 0.027563851
BWA 0.17393309 0.022389686 -0.083816364 0.10445944 0.4098327 0.18751407 -0.083460934 -0.09056257 -0.10333524 0.1999715 0.09966167 -0.25573647 -0.13066113 -0.06537959 0.06589601 0.30390114 -0.06830681 -0.1302718 -0.08104361 0.4037814 0.09590245 -0.17552297 -0.024881454 -0.004627178 -0.36972964 0.20246468 -0.1347249 0.01754188 -0.279209 0.05465028 0.01511396 0.16259211 -0.19274297 -0.11771911 -0.103618585 0.2800166 0.014954777 0.08590581 0.1803267 -0.05256636 -0.030206842 0.24666582 -0.0789667 -0.105726056 0.28927422 -0.00932227 0.0069238357 0.063820235 -0.08979596 -0.10676768 0.18724118 0.22025393 -0.09728323 -0.17501663 -0.031290844 -0.02597393 0.34210208 -0.0002816072 0.056703947 -0.076301776 0.08368412 -0.08793106 -0.06772207 0.26600584 0.10980405 -0.0055573233 0.27807567 -0.0036061371 -0.05994364 -0.23302485 -0.2805478 -0.07497275 -0.21417886 0.13817573 -0.120564654 -0.28066218 -0.039359324 0.1701296 0.14854819 0.30650517 -0.08975002 -0.15740946 0.14846185 0.13474382 0.13155365 0.09934741 0.20263043 -0.024131736 0.10071785 0.115179576 -0.12973174 -0.01994341 -0.06754596 -0.08898082 -0.02995867 0.06255274 -0.34675792 -0.11615463 -0.24629205 0.09855635 -0.07503349 0.32159013 -0.3205671 0.43135634 -0.016263595 0.062467728 0.010868253 0.015943637 0.13351455 0.20119952 -0.13330637 -0.19050634 -0.1928498 0.067151494 -0.3997471 -0.17395805 0.255074 0.238641 0.07571009 0.24097873 -0.04684969 0.030090796 -0.14307824 -0.057015087 -0.16565289 -0.09532506 0.004848223 0.07520025
CHE 0.06694188 -0.06137968 0.049383085 0.25776052 0.4291285 0.30886015 -0.15825486 0.0105550205 -0.13009441 0.04076964 -0.22443645 -0.31901842 -0.23149967 -0.051806163 0.07230273 0.20580088 0.016132396 0.04270712 0.008676602 0.329235 0.11545717 0.02843042 -0.05417021 -0.11470202 -0.21087922 0.23863377 -0.12006703 0.002306724 -0.21608262 0.053489115 0.050529886 -0.08370285 -0.33039752 -0.28256086 0.18719348 0.235171 0.0095713595 0.0786546 -0.014390775 0.027314972 -0.07749326 -0.019771969 -0.051422015 0.050865233 0.065380014 -0.01054497 -0.11475896 0.0066090645 -0.18020721 -0.1781529 0.0040504034 0.2298801 0.2521507 -0.13754547 -0.022574406 -0.073128305 0.19274747 0.097609185 0.13899581 -0.009144947 0.08178324 -0.06826948 -0.014943887 0.21261646 0.10923528 0.08313933 0.15809791 0.047975898 0.043575797 -0.13402799 -0.22834411 -0.06672 -0.049685046 0.03668651 -0.065884605 -0.16850866 -0.18191734 0.33400574 -0.12047951 -0.026868312 -0.14385694 0.12402331 0.11093167 0.24161543 0.09279421 0.016051535 0.1972489 0.19019994 0.022499146 -0.05915266 0.17947054 -0.019360708 -0.17762598 0.10563269 0.13690849 -0.016582223 -0.32397786 -0.025835792 -0.21304974 0.0036244306 0.095603235 0.13670678 -0.009975461 0.35072276 0.17097871 -0.068658665 -0.074967824 -0.015416606 0.1802437 0.22090542 0.051058345 -0.2214312 -0.030829154 0.14951442 -0.22665314 0.063817956 0.16038097 0.24933808 0.17367032 0.124960944 0.10640318 0.16020274 -0.11415805 -0.09930513 -0.22588238 0.0829522 -0.0058324477 0.19215696
LKA 0.106937096 -0.07096661 0.17374302 0.097363286 0.25375015 -0.09267653 0.10271629 -0.22958155 -0.045728344 0.20594238 -0.17354739 -0.18926086 -0.248382 -0.13917595 0.046487 0.11232738 -0.41351312 -0.17900296 -0.17389263 0.29512277 0.05561156 0.19741972 -0.1824374 -0.19961618 -0.103355914 0.25054374 0.057765886 0.2730577 0.27457958 -0.2188259 0.08087569 0.14460462 -0.0044189948 -0.10670405 -0.35584453 -0.06703075 -0.111029446 -0.016163362 0.14875956 0.34527057 -0.29116833 0.11482425 -0.101913586 0.012560585 0.36895463 0.4709563 -0.13139917 -0.057994887 -0.046727467 -0.033239715 0.06901945 0.08977421 0.057697915 -0.05336896 -0.09973215 -0.13163295 0.58820057 -0.12616391 -0.038022872 -0.19864964 0.05110609 0.019990772 0.33801317 0.2211402 0.12734778 0.03797462 0.19803439 0.09291739 0.22063325 0.08729114 0.057194725 0.25252646 -0.4236312 -0.092838235 0.013996927 -0.05338957 -0.34303534 -0.019092033 0.080009855 0.12567902 -0.015313531 -0.13128003 0.112899356 0.1443113 -0.10945616 -0.015054617 0.18704516 -0.006780824 0.13176966 0.096537665 0.012448466 -0.1376991 0.19301231 -0.14245556 0.005871887 0.33551377 -0.08435268 -0.08752785 -0.14422953 -0.11448379 0.13898101 0.015009569 -0.14357007 0.1390027 -0.031409923 -0.13744065 0.093124494 0.06970311 0.2954208 -0.081922196 0.09646305 -0.22991633 0.08258081 0.08398707 0.05261778 -0.31469142 0.3118513 0.119185254 0.16786951 0.18057811 0.08103095 -0.22919472 -0.1397827 0.031660087 -0.16294387 -0.21377665 -0.11779962 0.11464056
PHL 0.2055031 -0.01974016 0.20632534 0.20572008 0.023736166 0.12159436 0.070946254 -0.1598359 -0.1386423 0.15381853 0.13679269 0.19759896 -0.22021954 -0.23054133 0.15023707 0.27925536 0.13831997 -0.1787534 -0.15914798 0.11363336 -0.06697889 0.14955443 -0.10097325 -0.20327225 -0.1145357 0.06769274 -0.12378605 -0.027455382 -0.09336439 -0.060503125 0.04897734 0.16076303 -0.023232164 0.025212448 -0.1090225 0.114897296 0.08884154 -0.1036606 0.08811941 -0.102274895 -0.107353024 0.15052922 0.05096057 0.03490996 0.3012812 0.028616838 -0.1020143 0.14282684 -0.1345606 -0.030738486 0.22685312 -0.055495467 0.07472025 0.17653605 0.10159951 0.09573331 0.47567186 0.016265452 -0.13481575 -0.13172081 -0.1623465 0.06566157 -0.011324716 0.20989072 0.29159585 -0.28258917 0.029504605 -0.03133574 0.015877513 -0.022649322 -0.042258557 -0.06609865 -0.17805699 -0.04552232 -0.1056215 -0.15524352 -0.16854422 0.021649562 0.002320386 0.2473596 -0.1972263 -0.1293313 0.14160709 0.3016018 -0.09079088 0.09928117 0.25688165 -0.076743916 0.24260747 0.32946146 -0.11037771 -0.21460433 0.1787107 -0.1221981 0.01309037 0.061324656 -0.0041655735 -0.14097048 0.011551681 -0.036692876 -0.15628442 0.18580464 -0.0417361 0.21780664 -0.10371715 0.1532311 0.17903455 0.06516604 0.01661553 -0.29154468 0.08218366 -0.23108172 -0.18621658 0.04099215 -0.13504878 -0.29756427 0.3897536 0.092037834 0.13337307 0.15857406 0.0334767 -0.17120641 -0.22158536 0.013946691 -0.11048837 -0.298829 -0.2676122 -0.098403715
PAK 0.09323127 0.006269282 0.05104071 0.07186687 0.1259833 0.06575602 0.0435335 -0.14140253 -0.021987425 0.24442714 0.056502055 -0.022966892 -0.27411166 -0.22646953 0.21124375 0.2022911 -0.12183759 -0.11172613 -0.20635359 0.042078335 -0.10642378 0.14973521 -0.021339418 -0.27485827 -0.13690946 0.23552458 0.24784051 0.1650952 0.021115627 -0.21131815 0.021312157 0.045608886 -0.14441447 -0.07989586 -0.2131597 0.14530668 -0.04910361 -0.073975965 0.26505077 0.087232225 -0.17952798 0.049857657 0.043445848 0.016108576 0.3286095 0.14360657 -0.1505129 0.067852736 0.11153223 0.10944444 -0.06947954 0.012047894 0.15133487 0.12876616 -0.026663467 -0.23780999 0.62559474 -0.070685126 -0.061567366 -0.023484806 -0.058190946 0.048445016 0.044009257 0.18779895 0.114829205 -0.07848868 0.059546433 0.21674216 0.039194275 -0.07995721 0.12467373 0.16748883 -0.17758483 -0.07317253 0.014259458 -0.008940772 -0.20941289 0.11182102 0.10733844 0.43780482 0.07790335 -0.15572141 0.029691132 0.30036572 -0.19014882 0.10446571 0.23692337 -0.19665585 0.07195448 0.08199576 -0.0043487363 -0.064631864 0.22672962 -0.17490765 0.1389674 0.19552399 -0.100836165 -0.02736385 -0.18166439 -0.19317251 0.020344296 0.087616384 -0.0596616 0.2587973 -0.015253161 -0.16251375 0.09733469 0.24750455 0.12214653 -0.11596391 0.071767904 -0.15451999 0.0905699 0.09169671 -0.091432974 -0.2129295 0.2719509 0.21718223 0.12274123 0.0080001 -0.09623633 -0.026193654 -0.13944562 -0.06467894 -0.038017273 -0.23357557 -0.009335906 0.040274017
TUN 0.07215905 -0.16559128 0.33284503 0.22485994 0.113423415 0.16131262 -0.24111201 -0.14541055 -0.0564207 -0.058154527 -0.1395437 -0.15358841 -0.22763042 -0.05454552 0.04334901 0.12072581 -0.30000052 -0.08697793 0.14884177 0.34615657 0.09060631 0.18762474 -0.18647395 -0.28307998 -0.12446901 0.24493422 -0.10457001 -0.059237227 0.13905336 -0.15228863 -0.011806045 0.07406603 0.06369657 -0.024839232 0.025895067 0.002587981 -0.08089226 0.073835716 -0.042452887 0.41080117 -0.083207265 -0.10140404 0.16710947 -0.099250235 0.23129636 0.24646854 -0.23662414 -0.12595484 -0.031570937 0.10745966 0.14772633 -0.009260627 0.08690185 -0.14105722 0.03148768 0.080085486 0.21718198 -0.10414328 -0.12590694 -0.15321404 -0.04815863 -0.036935136 0.09107436 0.086843975 0.29777467 -0.018206013 0.16447152 0.1337055 0.21820475 0.0738575 0.01348441 0.035723746 -0.4249278 -0.1782601 0.2033594 0.03284128 -0.39403334 0.0573222 -0.22824831 0.016037725 -0.21776614 0.04746328 0.1743118 0.3616701 0.09212146 -0.16121168 0.1164836 0.13890545 0.07124005 -0.08718731 0.015698157 -0.37287694 0.0030419496 0.07234228 0.4182739 0.29074815 -0.15998559 -0.21547653 -0.03637331 -0.3153837 0.22619626 0.049948774 0.1662568 0.37375957 0.16261521 -0.18541855 0.13018548 -0.026199935 0.36555433 -0.24397424 0.085251674 -0.3298796 0.22165346 0.106083214 0.018555887 -0.03707236 -0.055576608 0.033413563 0.19897535 0.2230539 0.21366365 -0.0023324548 -0.18259917 -0.12712282 -0.099031664 0.07534654 -0.16138475 0.08428274
HRV -0.026867528 -0.022776926 0.14467046 0.3057227 0.13473193 0.035568234 -0.12129735 0.25209412 0.10219386 -0.11771692 -0.011265486 -0.18110643 -0.26530284 -0.023882346 -0.20574564 0.30505082 -0.16604497 -0.19390374 -0.114837594 0.07363575 0.08244458 0.05045711 0.073990725 -0.35285875 0.0015444902 0.14346883 -0.039090764 0.067367405 -0.03997073 -0.1854526 0.09045445 -0.09340692 0.08257496 0.09621496 -0.039798785 0.07791162 0.0447776 0.009578979 0.033674333 0.17844597 -0.23615247 0.17947704 0.021189738 -0.15830761 0.13248073 0.2727472 -0.045080144 -0.1143931 -0.13447024 -0.023274543 -0.095981345 0.1558287 0.10853216 0.016621659 -0.13223283 -0.08080371 0.40504852 -0.047377422 -0.21076547 -0.00974677 0.10307743 0.0510917 0.019520288 0.10450806 0.24868843 -0.018310888 0.006630886 0.14350057 0.17266722 -0.11617433 0.22073905 0.008370288 -0.16760743 -0.13046835 -0.016785549 -0.20637287 -0.32120678 0.16115536 -0.2868833 -0.13128662 -0.0763529 -0.10529566 0.18868831 0.46330947 0.11064173 0.25673315 -0.08703221 0.14664537 0.0756425 -0.12969254 0.06418017 -0.16307765 0.0701916 0.24431355 0.10585252 -0.0062828045 -0.031610116 -0.22177334 0.050912302 -0.32435605 -0.16626112 0.119465634 0.108053185 0.12236714 0.062085245 -0.43779966 -0.18826349 0.0134383235 0.33491224 -0.1922045 -0.045861233 -0.32346284 0.055221856 0.23690104 0.26323292 -0.031001989 0.04437328 -0.06291043 0.14262877 -0.0021286523 -0.116874464 -0.24678044 -0.0071988003 -0.21082972 -0.1480269 0.10449659 -0.1836713 0.09089136
NIC -0.061147425 0.02431027 0.18291534 -0.15487014 0.2946053 -0.043609776 0.15146327 0.01609214 -0.15870295 0.111646146 0.18696532 -0.3282256 -0.13967787 0.1265289 0.07720902 0.10769651 0.14246398 -0.020831821 -0.12093883 0.11569252 0.1413588 -0.16871466 -0.08422188 -0.03858044 -0.012921503 -0.32965413 -0.30253175 0.24892187 -0.15613551 -0.060200546 -0.103614435 -0.033253606 0.13119903 -0.08316185 -0.29637745 -0.09167455 0.364047 -0.15245153 0.031846978 0.17423761 -0.093353406 0.1907086 0.13576154 -0.008986938 -0.15829436 0.2217854 -0.09275115 -0.08541517 -0.2331179 0.059713155 0.0075889947 0.34874755 0.28573984 -0.16056253 0.02537306 0.18279758 0.4849851 0.13465779 -0.048079293 -0.18921284 0.15470782 0.04679277 0.18097003 -0.13688962 0.16344705 -0.12762967 0.042019706 -0.15577108 -0.09153879 0.12866454 0.095011495 -0.13642474 -0.2681753 0.14095853 -0.24761523 -0.30975404 -0.04000557 -0.23176336 -0.17818967 0.14452195 -0.09315841 -0.21130288 0.037281927 -0.19210221 0.2217009 0.4907441 0.18664265 -0.19419022 -0.07722585 0.14680083 -0.20095748 -0.028043415 -0.0634194 0.08344308 -0.20152478 0.24441536 -0.0643173 -0.09231072 -0.25577378 0.07247548 0.18367334 0.011860629 -0.28901744 0.08799301 0.47022352 -0.13369976 0.07642054 -0.10436075 0.27121016 -0.072991654 -0.1014197 -0.02485537 -0.06488537 -0.07306826 0.31192437 -0.09219514 -0.06662181 0.18657234 0.062327802 -0.020503813 -0.11634069 -0.18190803 -0.2000979 -0.08489217 -0.2067855 -0.11308113 -0.076320074 0.27539477
FJI 0.0022579497 -0.16814274 0.07724499 0.056275632 -0.024954375 0.035723757 0.06397143 -0.036189154 0.024581721 0.31592545 0.091267705 -0.13144313 -0.43615305 -0.114202924 0.21867871 0.30005494 -0.09370213 -0.029629659 -0.20974073 0.06483571 0.02481117 0.17949189 -0.24993569 -0.11685107 -0.10476095 0.033838205 0.06177233 0.3195266 0.17273258 0.019341318 -0.0028883966 0.14439127 -0.21062092 -0.03967624 -0.17593342 0.2961233 -0.059902728 -0.10160126 0.00036570142 -0.0669509 -0.29912186 0.025642928 -0.004322172 -0.05168726 0.38299376 0.11375211 0.10157824 -0.1795925 -0.067636125 0.035549257 0.13071561 0.004385144 0.11020118 0.0081649395 0.13063583 -0.20832513 0.63988686 0.10007365 -0.10918077 -0.029090853 -0.04972077 0.12811063 0.2354539 0.1887825 0.011670883 -0.10630058 0.3368026 0.005185719 -0.059885312 0.09861306 -0.115653895 0.20931122 -0.18858927 0.1469187 -0.011314459 -0.18031861 -0.22905762 0.05141102 0.04011853 0.102206536 -0.10502058 -0.22187145 0.09020759 0.36919028 0.0023417815 0.18683006 0.1600224 -0.22245029 0.06349141 0.2686441 -0.2653575 -0.28424984 0.16670254 -0.21693245 0.035469506 0.292551 -0.053678215 -0.038530476 -0.080782086 -0.16085587 0.032727733 0.09611321 -0.19021371 0.050977953 -0.21509373 -0.042589713 0.014869576 0.18401478 -0.05044505 -0.14767846 0.16581452 -0.22753647 -0.22840214 0.06779939 -0.15148899 -0.2939977 0.28612453 0.006173067 -0.056790266 0.08431273 0.03726621 -0.14066252 -0.36129516 -0.15971841 0.15505458 -0.3184469 -0.06503781 -0.023632184
UKR 0.14539248 -0.07545239 0.25954026 0.38357726 0.27020153 0.18100828 -0.20765382 0.20532572 -0.03255219 0.2507643 -0.22734243 -0.33617976 -0.22283086 -0.17506362 0.0777712 0.26925278 -0.21214005 -0.17044891 -0.13379498 0.2590871 -0.040093012 0.13713033 -0.14661494 -0.4121926 -0.12717518 0.16000932 0.0678908 0.08545574 0.016721642 0.004074839 -0.04403093 -0.01782545 0.20700726 -0.031013293 0.039196774 -0.090056665 0.1791299 0.06781983 0.079755805 0.17235555 -0.11115867 -0.06741467 0.01576084 -0.086000845 0.17209846 0.26662067 -0.2210657 0.012546409 0.04194734 0.02216215 0.20293048 0.08007879 0.048141945 -0.12791236 -0.10641572 0.003979342 0.3566412 0.1039919 0.075624675 -0.09064535 -0.17844032 0.06753099 0.06806933 0.21222144 0.101386756 0.03161374 -0.004407304 0.26689035 0.17579906 -0.06348518 0.056331236 0.09085373 -0.26420754 -0.16776423 0.10194665 0.029215295 -0.2147147 0.13248982 -0.14650248 0.04789361 -0.06435556 -0.15025549 0.18338512 0.48239896 0.114714876 0.015609684 0.08358274 0.23310818 0.13209447 0.04687881 0.17205289 -0.08092244 0.09351375 0.04686638 0.0997603 0.15662882 -0.01176153 -0.077695645 -0.18083842 -0.23930581 0.0246816 0.18228011 0.07162688 0.149442 0.16004658 -0.33316514 -0.024616094 0.27011237 0.20062529 0.058329888 -0.016295796 -0.3528424 -0.054114483 0.21925859 -0.036085375 -0.041268364 0.24888015 0.037808195 0.27451235 0.15066773 -0.115627766 0.025515942 0.04377035 -0.10247746 -0.25410312 0.14985332 0.000809392 0.07222314
UGA -0.024043893 -0.010172953 0.02488996 0.22815199 0.28013802 0.09892684 0.2582301 -0.34046438 -0.28752828 0.20067321 -0.12101522 -0.072522365 -0.25427404 -0.2066476 0.07045334 -0.0015069926 -0.19388758 -0.082446195 -0.098858275 0.28876507 0.09420604 0.21342164 -0.18719247 -0.40104902 -0.16536203 0.396998 -0.1355359 0.09663411 0.08659723 -0.23217614 -0.010423981 0.04741776 -0.30603424 -0.33758137 0.0022828765 0.12745246 -0.16138276 -0.007882263 0.14361377 0.27488157 -0.2510419 0.09904802 -0.048923526 0.18152049 0.24604918 0.14378063 -0.20027909 0.031838257 -0.14503945 -0.13750118 0.2677477 0.1277249 0.2508657 0.041531775 0.035836745 -0.16724212 0.46591806 0.043152064 -0.029965637 -0.272552 0.035773303 -0.081402384 0.38768592 0.17292404 0.24699628 -0.047577485 -0.002307478 0.12914163 0.18171276 -0.09052727 -0.043280613 0.16232298 -0.19126335 0.0038746744 -0.11024678 -0.073619716 -0.2187068 0.27503982 0.040640436 0.13593931 -0.15425299 0.10518508 0.19231427 0.124776736 -0.047012165 -0.06465827 0.25412837 -0.13505511 0.104667656 0.078933544 0.2193107 0.048038296 -0.045639608 -0.097554676 0.16810806 0.17687495 -0.18936326 0.094409436 -0.09144691 -0.1696373 0.28645843 -0.053101137 0.006785924 0.33091536 -0.016559977 -0.043358386 -0.11619624 -0.030458782 0.061128758 -0.13425131 0.23486264 -0.11186652 0.07436303 0.086148545 -0.074394815 -0.30818567 0.35286388 0.0058144126 0.19483796 0.20640634 0.14073119 0.013632441 -0.15138161 -0.064886175 -0.08263963 -0.14822803 -0.1686659 0.17330758
IDN -0.096108824 -0.22066179 -0.22135438 0.20664524 -0.12182127 0.27039742 -0.04795441 0.08796902 -0.072792396 0.16510287 0.0056459187 0.0013103615 -0.3623481 0.045930147 0.20185027 0.13667588 0.17692927 0.14650811 -0.10911003 -0.063492134 -0.11385466 0.15157095 -0.16968414 -0.20029017 0.1314828 0.08079129 0.07180696 0.18785599 -0.10262036 0.051782012 -0.123652674 0.018640341 -0.41466728 -0.22661518 0.067618355 0.38806868 -0.0783309 -0.04622897 -0.07424595 -0.20291065 -0.10204992 -0.15012683 0.09707813 0.16620216 0.20802243 -0.1563093 0.14850925 -0.03953677 -0.13312161 0.05917458 0.079160035 -0.100945726 0.4530121 0.113051705 0.36002806 -0.22399786 0.6563698 0.21188253 -0.039455168 0.1492125 -0.031024758 0.058663193 0.076358125 0.12687916 -0.0015555234 -0.13254172 0.28015012 0.082702555 -0.1901482 0.08144102 0.015409478 -0.07502621 0.07254132 0.097193286 -0.12245106 -0.22050889 -0.4314125 0.22213516 -0.07661367 0.19830404 -0.19604856 -0.16855797 0.12497467 0.4067418 0.14131892 0.38391542 0.22068162 -0.22482872 0.07705505 0.06269596 -0.12818766 -0.14614984 0.119507134 -0.018225411 0.12743863 0.23724736 -0.066865265 0.08070313 -0.097167715 -0.2393223 0.019572023 0.25638935 -0.018763892 0.29594964 -0.1525369 -0.090760514 -0.06437918 0.08169215 -0.14701575 -0.3150909 0.19644767 -0.11099531 -0.27690127 0.14039288 -0.35578495 -0.16740786 0.13921216 0.054094695 -0.03319349 0.24652041 0.12857088 0.03951667 -0.3250216 -0.24203339 0.2648834 -0.2599587 -0.07612932 0.11642422
UZB 0.12096014 -0.056613315 0.28144145 0.30511388 0.37513334 0.09006729 -0.077477664 -0.015280839 0.21925719 0.18982533 -0.1295079 -0.4003216 -0.15086019 -0.090656206 0.38617605 0.15524763 -0.08839719 0.007764628 -0.37015104 0.1492906 0.12168585 0.011918655 -0.09457592 0.08422172 -0.33088428 -0.08456157 0.12814876 0.051749583 0.017417526 0.10806825 0.06865844 0.038360577 -0.10269908 0.037456017 -0.063337155 0.040541206 0.24357377 -0.1483832 -0.048214626 0.0509683 -0.25364733 -0.11033978 -0.12820818 0.11435507 -0.0385657 0.33188328 -0.14066643 0.15687849 -0.066839084 0.31892806 -0.182167 0.14803554 0.24433538 -0.14331812 -0.27195263 -0.17894061 0.24949789 -0.0069087744 0.13010535 0.2299268 -0.17208897 0.19117092 0.025162468 0.15573242 0.0071859974 0.014072258 -0.17539206 0.14398196 0.065204695 0.040117774 -0.15203361 0.021572178 -0.17760718 -0.28772768 0.26707038 -0.10068045 -0.1241585 0.10634782 -0.19014437 0.25676665 0.13081445 -0.049142696 -0.0539603 0.44820133 -0.043610565 0.10885924 0.15174799 0.1772922 0.018621067 0.07260476 0.09570537 -0.15900677 0.19028622 -0.17051487 0.13052589 0.2236686 -0.012567603 -0.2391212 -0.32131326 -0.037189983 -0.030498968 0.10390049 0.07546982 -0.019279283 0.2308838 -0.2627775 -0.041832328 0.40302536 0.1919181 0.07548594 0.1195104 -0.39175856 0.10925991 0.06388322 0.100018114 0.08572226 0.059036903 0.2793338 0.2473593 -0.3271641 -0.20260671 -0.13608913 -0.057739753 0.019442214 -0.25690162 0.15530315 -0.04371325 0.095054805
LBN 0.108258665 0.053691108 0.16007331 0.13438147 0.32286543 0.07629074 0.1618849 -0.17572685 -0.07042105 0.14144382 0.031203588 -0.37252018 -0.36179632 -0.17923991 0.19329095 0.35881776 -0.32380912 -0.045024764 -0.25290725 0.23023015 0.16738644 0.112939216 -0.08968262 -0.04395665 -0.3055532 0.06109493 -0.29391834 0.01360743 0.2151035 -0.02242851 -0.032017544 -0.03945012 -0.20055006 -0.06633265 -0.25246072 0.32332757 -0.11329765 -0.095813625 -0.006695277 0.043781202 -0.3900168 0.22097325 -0.03347661 -0.18364313 -0.051943347 0.2658157 -0.21619433 -0.22035557 -0.15875171 -0.07555039 0.36958802 0.15254308 -0.14955188 -0.026218189 -0.018782223 0.038561113 0.25567836 0.08787633 -0.13660842 -0.20775527 0.04666157 0.096394315 0.1711861 -0.06851832 0.12804578 -0.017180357 0.16292465 0.07461693 0.13952829 -0.1524243 -0.07447121 0.03547196 -0.23783435 -0.038872425 0.1111456 -0.09515128 0.039989036 0.11556939 0.09620859 0.057059657 -0.117104925 0.08593633 0.07724045 0.28088704 0.05167856 -0.016019743 -0.0368122 -0.15315844 0.13670127 0.205334 -0.14877887 -0.21074654 0.24940866 -0.052087955 0.21598242 -0.04388508 -0.1070514 -0.15577449 -0.16455306 -0.22119516 -0.057879962 0.034430806 0.14200851 0.06438554 -0.11508553 -0.004551899 -0.17828363 0.06112201 0.09499981 -0.17301236 0.2107836 -0.32779983 -0.23126401 -0.09667341 -0.117185436 -0.045576118 0.34480077 -0.13397782 0.03334951 0.0028379252 -0.17215909 -0.15300226 -0.23717529 0.055059284 -0.14602843 -0.035701185 -0.26098773 0.07639926
GHA -0.104401864 -0.078724995 -0.05126645 0.17059985 0.44372943 0.19461715 -0.11990327 0.08557759 -0.115204535 -0.063956045 -0.07988169 -0.38959885 -0.25220686 0.15303229 0.044826727 0.011793801 -0.053364687 0.09184116 -0.087996505 0.24485236 0.18663049 0.09674332 -0.13474618 0.022452215 0.00049103616 0.123450644 -0.11058469 0.13703194 -0.08882158 -0.0052225315 -0.039917875 -0.13886514 -0.478545 -0.2590681 0.23069829 0.30381978 0.09482505 -0.037408624 -0.20616406 -0.040979963 -0.021305457 -0.086087376 -0.15459543 0.26088446 -0.07662388 0.103620246 -0.11066254 0.017695582 -0.32590723 -0.08062572 -0.100127436 0.33546826 0.4653878 -0.023596626 0.041033246 -0.1276387 0.24769019 0.24307619 0.06258874 0.015395461 0.12030774 -0.043701816 0.17692216 0.043701205 0.2071345 0.041929096 -0.005241346 0.063730165 -0.03733618 -0.18269412 -0.12668052 -0.19776298 -0.07821725 0.04556715 -0.06326163 -0.2516181 -0.14353545 0.24079879 -0.25310114 -0.076582424 -0.16822764 0.056701735 0.019274382 0.12323844 0.10774793 -0.0036035124 0.16319571 0.10574716 -0.08527421 -0.16813375 0.283983 -0.008327802 -0.17862985 0.1481328 0.12465039 -0.0644333 -0.25629646 -0.0015120307 -0.25755915 -0.056903042 0.086224206 -0.04519991 -0.025645612 0.23143716 0.19736373 -0.048276864 -0.25588778 -0.053751305 0.19580185 0.07870386 0.15888122 -0.15470693 0.031010209 0.14753312 -0.18791795 0.21971685 0.117139645 0.27406025 0.15575753 0.118096516 0.14975129 0.09713159 -0.17975536 0.0536231 -0.25604287 -0.017718282 0.038688153 0.3498112
BIH -0.14784387 0.028401226 0.18527469 0.33188102 0.30551136 0.06265844 -0.107502915 0.089499705 0.065077156 -0.2876325 0.102780454 -0.22670071 -0.20697582 0.12519206 -0.07837908 0.19032492 0.08413731 -0.23637226 -0.1254217 -0.042827547 0.015419142 -0.14442083 0.10369559 -0.08558745 0.1264106 0.11294093 0.06805911 0.09749095 -0.14155108 -0.221782 0.20130074 -0.119848 0.04387212 0.18569282 -0.039237447 0.098171026 0.09540275 -0.07088468 -0.101527914 0.021031426 -0.31204027 -0.023903515 0.07565378 0.072888635 0.10288296 0.14533077 -0.007717554 0.12038182 -0.22271384 0.059252664 -0.35888422 0.1620616 0.3185372 -0.08336831 -0.18743593 -0.1400863 0.22495325 -0.05000207 -0.1761866 0.10442882 0.104463905 0.10912332 0.008097266 -0.0023896175 0.2713119 -0.21368656 -0.22352234 0.16249582 0.16795976 -0.034794345 0.14303161 -0.027993798 -0.18041681 -0.19809012 0.055007286 -0.4732328 -0.18840925 0.111401 -0.32650292 -0.027711587 -0.19510539 -0.13056192 0.1271924 0.37831703 0.007854226 0.26102936 0.07919515 -0.0035255058 -0.015097854 0.022035167 0.16507883 -0.11614084 0.011783435 0.1422198 -0.01536116 -0.033121172 -0.11466164 -0.29854822 -0.055054348 -0.13193588 -0.17182314 -0.037368745 0.019687241 -0.014020282 0.094822764 -0.23842655 -0.3064906 0.123512164 0.40726843 -0.21140975 0.07937319 -0.22051674 0.15266585 -0.01572684 0.3790067 -0.123900466 0.074233875 0.28263652 0.28594166 -0.19432448 -0.10031705 -0.32296535 -0.06892996 -0.19034383 -0.11678677 -0.08336008 -0.23572782 0.13481729
COD 0.07816963 -0.065505855 0.093764015 -0.059118018 0.23787567 0.11586259 0.25406307 -0.25065744 -0.1706042 0.11276982 0.20492357 -0.2511595 -0.13400659 -0.04176859 0.13404325 0.27062723 0.080385245 0.1008523 -0.14713666 0.27147335 0.29402363 -0.22178215 -0.032823306 -0.053063706 -0.30834207 -0.031353097 -0.38653624 0.04990914 -0.12481819 -0.032360442 -0.18975586 0.02786364 0.049290054 -0.060125217 -0.25734386 0.16461343 0.16700992 -0.045086477 0.111219466 0.13986067 -0.2446963 0.27773705 0.11627006 -0.20519097 -0.112633914 0.15783648 -0.0981811 -0.19505635 -0.14653347 0.069786966 0.12869522 0.20906821 0.052966874 -0.037273154 0.046157423 0.11769722 0.32944265 -0.08115984 -0.015309232 -0.22808963 0.30815372 -0.045520786 0.13477471 -0.019568622 0.22713669 -0.20916086 0.077456534 -0.06383936 0.040887643 -0.09900211 -0.14076094 0.0072046644 -0.15894222 0.1574944 -0.19424492 -0.19428329 0.09911512 0.0013636191 0.1074672 0.21741733 -0.04739234 -0.09940647 0.15927052 0.0023047565 0.3149105 0.36225143 -0.009341075 -0.28777003 0.09139468 0.097271785 -0.27440602 -0.11806543 0.14527635 0.07608265 0.0040601217 0.13644545 -0.281914 -0.010652609 -0.04709515 -0.0525327 0.15987106 0.12847458 -0.056901395 0.15569991 0.10857838 0.09596587 -0.07908907 -0.1002979 0.18683727 -0.28723466 -0.022470148 -0.112687886 -0.23180333 -0.23548836 0.16043432 -0.30717227 0.038448785 -0.095283926 -0.027984701 -0.049755454 -0.17408319 -0.09829687 -0.24666174 -0.16189508 -0.055883005 -0.03629435 -0.22770734 0.2761562
TZA 0.028224014 -0.13223904 0.061392684 0.07655034 -0.030762142 0.11147245 -0.367366 -0.09703357 -0.22534995 0.069853246 0.335873 -0.051275138 -0.2975566 0.27507818 0.0128029315 0.086570844 -0.15742275 0.09275479 -0.06196623 0.14627296 0.106584914 0.0428594 -0.05399993 -0.04739923 -0.20926535 0.2166293 -0.1881308 -0.11326957 -0.15228388 0.12929818 -0.064401045 0.21071927 -0.14745933 0.047038853 -0.26105633 0.33627507 0.018511914 0.054025114 0.02947357 0.24049604 -0.22824207 0.20754635 0.24981806 -0.1707321 0.016688475 -0.16817297 -0.19881597 0.07068023 -0.08965847 0.104034595 0.17103496 0.02244608 0.061602507 -0.16583708 -0.082846895 0.2859281 0.31935337 -0.11117854 0.006526689 0.15653075 0.09658647 0.10223175 -0.18523817 -0.16488776 0.242364 0.014619637 0.16856095 0.082560614 -0.19942121 -0.19207427 -0.1236494 -0.26978248 -0.30736807 -0.11107228 0.28175876 -0.14400865 -0.04184343 0.1698035 -0.1573064 0.016758302 -0.19777036 -0.17893505 0.07316213 0.21083133 -0.09324435 0.11077128 0.10526274 -0.20969765 -0.18306388 -0.037851594 -0.087206796 -0.023944184 -0.098400064 0.068518534 0.40219086 0.41186625 -0.17105608 -0.30293986 -0.08231877 -0.3137532 -0.04151507 -0.009253335 -0.18832058 0.57618225 0.22491536 -0.12028662 0.13280118 -0.03542288 0.075809054 -0.04299624 -0.07973359 -0.32991716 0.14771163 0.135293 -0.039940007 0.21093144 -0.35738882 0.17713206 0.13051096 0.07584367 0.13884982 -0.01976402 -0.34278572 -0.11404603 -0.018228466 0.15963197 -0.18203388 0.03652556
POL 0.09600661 -0.0866859 0.26776627 0.29444286 0.19977881 0.21032462 -0.1883014 0.22144708 -0.034513716 0.123195805 -0.13471077 -0.27483436 -0.18276604 -0.031179326 0.0038066113 0.27815118 -0.018544842 -0.00082691043 -0.18582854 0.15084839 0.071863465 0.034619633 -0.09144088 -0.2418831 -0.03014443 0.12924105 0.016387861 0.12476925 -0.011696452 -0.043192632 -0.039024767 -0.053771045 0.12839684 0.04321399 0.09195845 0.022832498 0.26161334 0.078230135 -0.048501033 -0.007682172 -0.15297343 -0.02260675 -0.023187032 -0.011756491 0.024616256 0.13009447 -0.0961333 0.011338243 -0.0713353 0.04271917 0.10972304 0.09141504 0.11831075 -0.008462353 -0.101186745 0.028774122 0.29017872 0.078997634 0.0407439 -0.00877518 -0.056124125 0.041204415 0.10097805 0.15478735 0.11249665 -0.065565564 -0.06826417 0.15337476 0.120518126 -0.057695266 0.027243365 -0.009366514 -0.14589413 -0.16480702 0.03384432 -0.06792133 -0.11799548 0.16326538 -0.1334074 0.025775105 -0.07644179 -0.21797243 0.20887943 0.4015047 0.15720275 0.19761583 -0.04389211 0.13265128 0.07664125 0.009096285 0.07206561 -0.013150244 0.10630978 0.09132308 0.098418176 0.06436745 0.0052452832 -0.05960552 -0.15977173 -0.18316375 -0.036859494 0.13264833 0.096686274 0.046280608 0.16560417 -0.25519222 -0.06621866 0.18742591 0.18229151 -0.040051408 0.010398523 -0.296142 -0.14301506 0.032432914 0.043775063 0.019171312 0.20683274 0.059453957 0.24910517 0.010769938 -0.119348355 -0.03580941 -0.038826223 -0.12299056 -0.21101876 0.10371023 -0.11373078 0.06416572
CZE 0.07452919 0.03128291 0.22286241 0.25906625 0.21052255 0.055611737 -0.023668824 0.16650918 -0.016726814 0.14105113 -0.0706404 -0.33389628 -0.34969664 -0.120458424 0.08396133 0.36084586 -0.25999376 -0.04435768 -0.17212468 0.17820196 0.092500135 0.120074786 -0.16091572 -0.21006313 -0.18340498 0.029850977 -0.15620357 0.060678262 0.073044874 -0.004932963 -0.027011251 -0.116461664 -0.053757302 -0.021485778 -0.061642084 0.2288574 0.025456946 -0.040513404 -0.065317616 0.13657075 -0.32036448 0.13307063 -0.012338708 -0.15429689 -0.029189866 0.26347628 -0.21801937 -0.20548972 -0.09197634 -0.09820743 0.22755057 0.19204158 -0.015088374 -0.09751708 -0.06925721 0.06617203 0.26661456 0.13414259 -0.108564205 -0.07520263 -0.0010069456 0.13556649 0.09001563 -0.007104691 0.12666751 0.09635096 0.14928792 0.054681234 0.12352133 -0.07545829 -0.023545086 -0.028006122 -0.14544426 -0.121471055 0.20400535 -0.04968966 -0.08742954 0.12062073 -0.10626724 -0.1440652 -0.09778537 0.05344609 0.06726865 0.41717196 0.0416986 0.04136431 -0.04193151 0.10510698 0.08601543 0.055412345 -0.049229626 -0.2032986 0.15741637 0.10805587 0.13226281 0.05484041 -0.024265252 -0.11138325 -0.09146603 -0.28549182 -0.1023659 0.04418627 0.15678601 0.03896753 -0.013503616 -0.27770802 -0.12566465 0.09703726 0.19047303 -0.06884988 0.123694584 -0.42224026 -0.14870909 0.10213478 -0.022902288 0.1014265 0.19849367 -0.09668216 0.056438643 -0.0064438884 -0.08284061 -0.052365147 -0.10822904 -0.0037444239 -0.2399037 0.17279258 -0.0848967 -0.009459763
JPN 0.06731073 0.045137912 0.11860067 0.034448534 0.17188765 0.074467376 0.20480904 -0.15529978 -0.13604504 0.16341123 0.065551996 -0.17173487 -0.31658062 -0.14272845 0.14184664 0.3510654 -0.04502444 0.05524264 -0.31614882 0.11346097 0.08057517 0.106402285 -0.07567751 -0.0565551 -0.11620791 0.06612856 -0.26587886 0.045233138 0.13257253 -0.16526681 -0.05226357 0.010723106 -0.13863759 -0.010659076 -0.2753748 0.32485807 0.03814345 -0.12875329 0.053717345 -0.030239144 -0.3646334 0.22728625 0.027842328 -0.08405752 0.0034132185 0.17052525 -0.13061339 -0.21299885 -0.14234275 -0.017452747 0.27868256 0.10493346 0.04682463 0.14312953 0.059528913 -0.04133219 0.47803843 0.04910428 -0.07021734 -0.19114438 0.14377248 0.040873684 0.21009327 0.038054604 0.21624893 -0.16369279 0.10518212 0.020570172 0.07289021 -0.16597098 -0.005327544 0.030988846 -0.13523374 -0.015081317 -0.04589626 -0.08637919 0.0080762915 0.0900481 0.11810683 0.24171022 -0.10916677 -0.04682645 0.07890156 0.21384795 0.019606829 0.18516341 -0.0075298655 -0.24220024 0.20644602 0.21935076 -0.18192591 -0.1795578 0.29114556 -0.11582984 0.13037868 0.013828727 -0.016563388 -0.051812686 -0.11638633 -0.21531811 0.004778106 0.13595574 0.12527733 0.088839255 -0.15681423 0.06496958 -0.07116274 0.050599735 0.0563071 -0.28977624 0.16196845 -0.23670405 -0.30496797 -0.16106205 -0.09462424 -0.22397329 0.35218263 -0.07228987 0.0023789906 -0.027605837 -0.18373677 -0.14010556 -0.2694018 -0.011611464 -0.05004001 -0.16868094 -0.30798844 0.070559464
DOM -0.10033248 0.04985962 -0.09754696 0.049606733 0.31706953 0.07977079 0.027772475 0.034483135 -0.31080976 -0.023023896 0.08618735 -0.25627863 -0.15946046 0.18549286 -0.00055576616 0.060424116 0.22618364 -0.063237235 0.023381189 0.19661024 0.061192606 -0.292128 -0.19871719 0.06418599 0.11293438 -0.30320138 -0.40599778 0.18216057 -0.23774299 -0.15921442 -0.053902425 -0.085080266 -0.02980033 0.019117577 0.01263776 0.19373333 0.22405319 -0.11690823 -0.1227156 0.115005866 -0.11093543 0.05343106 0.14982776 0.09920942 -0.08488733 0.10748729 -0.006534798 -0.0136884805 -0.2699611 -0.0354812 0.08963375 0.3564949 0.41193533 -0.34309757 0.2317009 -0.07622967 0.38033986 0.19557784 -0.028481496 -0.16122623 0.30782068 0.012224593 0.07759013 -0.083539456 0.21417286 -0.14411066 0.21005113 -0.041912768 -0.0034819613 -0.20311183 0.017763656 -0.25628385 -0.17223738 0.16163927 -0.10225404 -0.4258765 -0.012388882 -0.19632383 -0.24863024 0.05956411 -0.29509553 -0.1657202 -0.00796711 -0.019162158 0.15214394 0.26449415 0.21939106 -0.052935928 0.052761424 -0.019162988 -0.012933724 -0.16110152 -0.22996925 0.08769944 -0.20865048 0.003005256 -0.023754282 -0.11015688 -0.21780707 0.14767763 0.059107907 0.2284293 -0.09447587 0.21288906 0.09242476 0.027975053 -0.16168097 -0.050375722 0.31620955 -0.054518573 -0.029574899 0.041466568 -0.11067072 -0.050150536 0.10056594 -0.11738848 0.053229637 0.24443069 -0.057701964 0.11053461 -0.031146685 -0.015643982 -0.17317818 -0.16442348 -0.18370809 -0.13027921 -0.0130821485 0.26273042
EGY 0.1552753 -0.057151854 0.32296315 0.25282407 0.10501622 0.15511018 -0.07803159 -0.10672604 -0.061845593 -0.0077131186 -0.012579891 0.16008861 -0.19443733 -0.17713903 0.012961624 0.30251315 0.17934076 -0.13541923 -0.10429607 0.04050235 -0.07980786 0.09231841 0.060430296 -0.26151624 -0.025710367 0.090075865 -0.03460033 -0.026930068 -0.10227068 -0.17370962 0.14779852 0.030477684 0.14903253 0.107003145 -0.10222007 0.028648786 0.1902955 -0.033210583 0.10049836 0.0131295575 -0.14349192 0.13286738 0.049312156 -0.0056010275 0.24026343 0.045962416 -0.11114338 0.053638324 -0.09757423 -0.04058635 -0.027905436 0.03715931 0.1514146 0.1797837 0.00049312244 -0.02764065 0.41898704 -0.09096539 -0.048830174 -0.034396037 -0.03932068 -0.0037969607 -0.07597395 0.24167137 0.26434913 -0.3028728 0.016163783 0.07497146 0.07841602 -0.0012582785 0.10874197 0.05517691 -0.14146353 -0.1392762 -0.17273237 -0.116657265 -0.30194226 0.085704096 -0.10825175 0.20725335 -0.21809912 -0.16370204 0.19769819 0.45254397 -0.04299328 0.23161155 0.1768913 0.027798977 0.19964428 0.14141653 -0.028217854 -0.08706324 0.14918777 0.04080657 0.09886985 -0.040055424 -0.03852126 -0.13425371 -0.031444114 -0.019398969 -0.08809566 0.16178387 0.1087191 0.1646436 0.08332779 0.01610099 0.18787672 0.09369512 0.23128895 -0.18824069 -0.027878866 -0.20472066 -0.07224299 0.061330028 0.024299026 -0.18568648 0.29743826 0.19515416 0.19162272 0.052165397 -0.040389426 -0.16292244 -0.048941378 -0.19879757 -0.15511563 -0.16362874 -0.23443562 -0.046408214
JAM -0.18353727 -0.003795185 0.32829368 -0.029942859 0.4002375 -0.08147362 -0.04337603 0.16800277 -0.09664292 0.15621261 0.10657908 -0.48367795 -0.11787443 0.07685704 -0.030948237 0.05785858 0.13284345 -0.12868583 -0.18796241 0.049840935 -0.010335217 -0.2502471 -0.20569845 -0.023540378 0.093803346 -0.38975158 -0.13686034 0.16351555 -0.16061287 0.033976696 0.037807316 0.06403796 0.120510034 -0.022041572 -0.050940786 -0.06054706 0.43179992 -0.16401114 -0.28307983 0.065176584 0.05869185 0.06606534 0.053336076 0.10089344 -0.049280785 0.27830586 -0.13729113 -0.11675725 -0.20818906 0.115240954 0.005697689 0.3984271 0.34408277 -0.12091448 0.05723217 -0.06378993 0.3523164 0.2882849 -0.07613383 -0.06150405 0.044982463 0.09697708 0.21073978 -0.10903868 0.15619995 -0.18298791 -0.12533003 -0.03649966 -0.024941785 0.019862555 0.07826928 -0.15401946 -0.38577208 0.09065425 0.021959407 -0.52862823 -0.07357498 -0.20193265 -0.37603402 0.020601537 -0.23317887 -0.18193048 0.10713668 0.033266827 0.12904595 0.28870368 0.21638134 0.0029096229 -0.084923 0.20241499 0.020199636 0.0139726 -0.21969004 -0.022531958 -0.15561894 0.07407724 0.059493545 -0.3278275 -0.34411862 0.11488341 0.027570406 -0.036179602 -0.31066406 -0.09275433 0.59641373 -0.13353072 -0.12136308 0.06810395 0.24396636 0.032815594 -0.11955398 -0.022010436 0.15127786 0.10933949 0.27056983 -0.064702995 0.03507308 0.22444789 0.082317255 -0.05474618 -0.046902053 -0.17592038 -0.26049677 -0.023482786 -0.2694854 -0.026195435 0.14040956 0.29262108
RWA 0.038718577 -0.06975205 0.10753746 -0.14240855 0.17398703 0.14810744 0.27644062 -0.26158872 -0.20215029 0.208928 0.115245804 -0.20532165 -0.2774615 -0.12856376 0.16301733 0.364856 0.05944926 0.15091445 -0.19969386 0.2361325 0.22549266 -0.11253329 -0.124887176 -0.037847366 -0.29230917 0.030920332 -0.33720055 0.13464667 0.06750766 -0.13322623 -0.09437232 0.019745363 -0.06520938 -0.04754875 -0.2677579 0.27584854 0.10860231 -0.07435988 0.07699527 -0.03989982 -0.33111975 0.271427 0.07247739 -0.16177596 -0.007595754 0.1432039 -0.053518172 -0.2248963 -0.1530567 0.076915815 0.14804433 0.21446039 0.103136584 0.04631517 0.10308758 -0.03738349 0.42909133 -0.029548686 0.046129648 -0.19269086 0.22447772 -0.012110731 0.2729095 0.055026952 0.20486464 -0.16748405 0.16653635 -0.015119328 0.052640736 -0.16472171 -0.15836965 0.13533998 -0.1645506 0.15174344 -0.18080719 -0.057160106 0.11485023 0.06806685 0.21753412 0.35431978 0.010981175 -0.10426936 0.007652828 0.06316623 0.23195358 0.24019583 -0.023444897 -0.29768404 0.09825361 0.076955386 -0.26263428 -0.14249545 0.19646296 -0.03924656 0.08215037 0.11105633 -0.23977044 0.09341582 -0.17847762 -0.044190377 0.17295419 0.13804679 0.047512393 0.075497024 0.072700016 0.157467 -0.04712413 0.018911453 0.17859165 -0.23455425 0.12830324 -0.10778589 -0.27088362 -0.28524852 0.023592329 -0.2811974 0.199503 -0.08915715 0.0036314544 -0.04267838 -0.20119163 -0.080920264 -0.3221295 -0.11087161 -0.07444586 -0.20611024 -0.19625403 0.19727138
HKG -0.009854397 -0.07099538 -0.06459944 -0.030867007 0.04670126 -0.033217665 0.032477938 0.15533137 0.12693416 0.27869996 0.33058915 -0.3117724 -0.1284653 0.028298173 0.13010855 0.107097834 -0.005387271 0.022071479 -0.15308902 0.03750042 0.21872601 -0.020270264 -0.13209139 -0.013533462 -0.093148254 -0.10830554 -0.071600825 0.06602661 -0.108530864 0.03648495 -0.32438383 0.09620077 -0.1365954 -0.11752973 -0.04280183 0.24776997 0.2613617 -0.02683794 0.0007660401 -0.04012489 0.14575808 0.18414895 -0.011694674 -0.07633484 -0.10307531 0.081182584 0.101123884 -0.11571719 -0.0967756 0.17230035 -0.06754812 0.19686614 0.16937009 0.031327724 0.12853798 0.03989143 0.323572 0.16840512 -0.19969799 -0.0023915395 0.09622206 0.011364176 0.08645096 -0.02309081 0.13786525 -0.10334621 0.13686103 -0.100170374 -0.15666042 0.086714536 -0.01302277 -0.17188929 -0.1885957 0.16625795 -0.13790517 -0.24640267 -0.19523652 0.00865409 -0.11248726 0.21948843 0.018805394 -0.27266946 0.1400704 0.14460155 0.24787381 0.32119882 0.021563303 -0.21406722 -0.032007873 0.055472974 -0.21677876 -0.15069947 0.08038936 0.08645608 0.04186203 0.20787068 -0.18198694 -0.11187737 -0.19767143 -0.09503934 -0.062485147 0.15983875 -0.26737368 0.14955792 0.20648728 -0.23854584 -0.050706528 -0.020123474 0.043309923 -0.3106071 -0.050620772 -0.2132473 -0.112699285 0.15376654 -0.09949248 -0.05706866 -0.114769764 -0.057415664 -0.08445519 0.21990837 -0.04583334 -0.08255528 -0.23729032 -0.029577428 0.12519054 -0.04129412 0.08510118 0.21315038
HUN -0.107496336 -0.056671984 0.23270407 0.29631594 0.25417683 0.048951976 -0.12531349 0.13170408 0.10336851 -0.1108519 0.028078264 -0.26389158 -0.30875802 0.0358761 -0.094188675 0.21887133 -0.11195235 -0.1637722 -0.12749384 -0.022697613 0.07062669 0.015338519 -0.057790786 -0.20204204 0.09040347 0.1675022 0.1026331 0.17753807 0.010076705 -0.22127885 0.078820676 -0.09095875 0.075744435 0.11856192 0.0371011 0.09481563 0.100491054 0.027386772 -0.07261326 0.07082531 -0.20267925 -0.0048833643 -0.050523717 -0.013179044 0.13445592 0.16033638 -0.029959757 -0.04932023 -0.1022724 0.0662033 -0.22107111 0.14597455 0.19509122 0.032675218 -0.115876384 -0.18495429 0.25347722 0.00086304446 -0.17668423 0.096436344 0.05653451 0.1092435 0.10966828 0.10554057 0.21760656 -0.10264895 -0.117154665 0.22683711 0.18680088 -0.053888902 0.18149738 0.107059635 -0.22777608 -0.19758944 0.04503308 -0.2934185 -0.28326347 0.16082141 -0.2655325 -0.04927076 -0.16049105 -0.1525787 0.18621737 0.47617242 0.022344569 0.15181015 0.023956608 0.071796216 0.013365493 -0.016482303 0.15477517 -0.103297725 0.0042525106 0.12908097 0.0954072 -0.017370537 -0.07276379 -0.17179824 -0.071175225 -0.2000062 -0.08653945 9.517939e-05 0.04571518 -0.04155239 0.083217666 -0.28323725 -0.20161536 0.11602302 0.32120776 -0.12966448 0.028148837 -0.23961057 0.07559352 0.12080511 0.1913028 -0.05003738 0.16769114 0.15811008 0.24117462 -0.05457178 -0.06279204 -0.21107917 -0.07295425 -0.20518366 -0.104818024 0.048450075 -0.09748038 0.1387031
COG 0.009476634 -0.0028897903 -0.20209475 0.2387213 0.53593487 -0.085946694 -0.0140211545 -0.021107774 -0.10459373 0.07960135 0.21930777 -0.4684203 -0.036144923 -0.07954033 0.27041882 0.05407407 -0.21395238 -0.057463117 -0.2833026 0.25564182 0.070629455 -0.03200497 -0.0905763 0.17344937 -0.22277549 -0.027107442 -0.30142167 -0.2531039 -0.1436065 0.24084401 -0.30460152 0.11513322 -0.32500184 -0.09037197 -0.18455401 0.5161228 -0.015039216 -0.08684708 -0.18606983 -0.024586307 -0.06626573 0.26089394 -0.076988846 0.04888656 -0.31428906 0.30170372 -0.16114683 -0.09531851 -0.24476375 -0.022019323 0.26841614 0.087127015 0.04773646 -0.2670017 -0.04924028 0.018099437 0.18632905 0.33470142 -0.05894151 -0.17895938 0.1890706 -0.009623399 -0.108907744 -0.25632545 0.18012835 0.1524693 -0.018029442 0.06115643 0.006060614 -0.36332533 -0.05661859 -0.3527143 -0.24072132 -0.044443473 0.17348564 -0.38039318 -0.1345536 0.037143104 -0.16058126 -0.11832163 -0.08685927 0.09698939 0.034714997 0.23084101 0.020029524 0.017189793 0.1640385 -0.12319357 0.107640974 0.18290415 0.046771776 0.03876438 0.12579566 0.044319086 0.11742234 -0.09280285 -0.15356743 -0.34656084 -0.1786896 -0.07262711 -0.31866005 0.1786181 -0.043423016 0.30346006 -0.027137661 0.017012404 -0.48996842 0.13897094 0.18417466 -0.15042968 0.056152113 -0.3006597 -0.10958852 0.22844276 -0.23783937 0.051711675 0.06212263 0.079014376 -0.022346053 0.24707502 -0.13041794 -0.08112921 -0.011607995 0.22470218 -0.21669944 0.23815657 -0.109902546 0.3973922
PNG -0.063037366 -0.04489521 -0.08404756 0.15548927 -0.048236806 0.056410227 0.093134604 0.0140779605 0.038768847 0.3485548 0.28000367 0.035494115 -0.3672317 -0.1907301 0.31186885 0.22045153 -0.053731136 -0.12950154 -0.23089403 -0.053594235 -0.05771915 0.17767315 -0.101801366 -0.3600373 -0.13512191 0.16641578 0.19675672 0.11103451 -0.09099025 -0.12709518 -0.18043096 -0.0055524977 -0.14223234 -0.0860557 -0.0989713 0.34427088 0.031678203 -0.18180884 0.22020595 -0.06597131 -0.1165283 0.08912953 0.0427151 0.0070295157 0.25533733 0.06007347 -0.1008442 0.015455862 0.07398463 0.19739027 -0.11305387 0.058856364 0.26975936 0.18360579 0.13548362 -0.25958383 0.6597539 0.16609217 -0.13562483 0.01833536 -0.13165912 0.1455611 0.054021295 0.091359496 0.18729669 -0.09369997 0.08821146 0.1975182 -0.0899127 -0.12758657 0.15770939 0.12357981 -0.05039985 0.05222516 -0.04169711 0.010388951 -0.25453034 0.09120775 0.03423418 0.4359346 0.042742766 -0.23150733 -0.012566269 0.42618468 -0.10930635 0.16894019 0.262204 -0.32492945 -0.008291638 0.045080245 -0.036340993 -0.070585474 0.2582275 -0.07111082 0.1291167 0.22047664 -0.12168288 0.11374681 -0.14681984 -0.28593585 -0.07987241 0.10413336 -0.0021001822 0.20637897 -0.042370673 -0.18635173 -0.02683381 0.31505865 0.016360065 -0.24939647 0.06822983 -0.1534052 -0.024096759 0.21676214 -0.16423552 -0.12566161 0.12281455 0.05140074 -0.020127034 0.067906156 -0.15847452 0.028530916 -0.14824685 -0.1496812 0.05611163 -0.18399785 0.13771774 0.09030858
MLT 0.030946542 -0.11451855 -0.062425252 0.31709066 -0.100839935 0.2227681 -0.0033936999 0.17579141 0.003618839 0.069782905 -0.055553682 -0.08708617 -0.11252657 0.19841829 0.07774883 0.126133 0.07342795 -0.11018874 -0.24633783 0.44070497 0.29034838 -0.01681057 -0.21180204 -0.03461952 -0.23936033 -0.15093748 -0.30028585 -0.055141527 -0.024454 -0.1220498 0.11205953 -0.024153098 -0.08100339 0.07011287 0.1471905 0.14232667 0.13816036 -0.11624449 -0.03451362 0.078218445 -0.25438333 0.11632319 -0.070151776 -0.07056185 0.082435556 0.19891226 0.03444489 0.2347585 -0.12644975 0.27292192 0.18069404 0.07271393 0.25721994 -0.014486692 0.12823103 -0.10006487 0.2998752 -0.12519892 -0.016354624 0.15408926 -0.052874263 0.10201259 0.26188567 0.22836506 0.2794409 -0.110944435 0.031490523 0.16510299 0.17770387 -0.35633907 -0.22605366 -0.03066422 -0.060094688 -0.10496619 0.045273744 -0.057459757 0.042316586 0.13703555 -0.30214298 0.15932693 -0.12276575 -0.1742543 0.03974658 0.35778967 0.27936327 0.2259952 -0.088973485 0.2323377 0.08926095 -0.22376938 0.17262338 -0.46002194 -0.03209005 0.040510237 -0.011079504 0.20171106 0.032171737 -0.12412866 0.0007057063 -0.07693143 -0.04031644 0.21178302 0.2552103 0.2253168 -0.016950373 -0.19979309 -0.14646356 0.20723553 0.1432956 -0.2780253 -0.06652928 -0.41803858 -0.11506235 0.0672782 0.07594044 -0.017718429 -0.10281149 -0.17161645 0.088424966 -0.08966603 -0.2256944 -0.17981395 -0.07566731 -0.15468521 0.016087797 0.13007204 -0.085101075 0.11715707
LBR 0.061453514 0.035248313 0.08377338 0.22590575 0.44942212 -0.0090489555 0.15934123 -0.12576301 -0.0071380003 0.13950755 0.16981098 -0.4358851 -0.30640483 -0.14696875 0.2687984 0.3337185 -0.24923253 -0.18874666 -0.3552059 0.14491126 0.099339575 0.05506201 -0.11334397 0.07940437 -0.2118183 -0.013362173 -0.21348125 0.03731366 0.15353657 0.09203182 -0.130063 0.02517421 -0.18090104 -0.003198742 -0.34814078 0.41419604 -0.08671048 -0.15892057 -0.004813499 -0.040931392 -0.33826464 0.22300968 -0.11807548 -0.14942677 -0.07116985 0.29548895 -0.16586797 -0.22723293 -0.23057278 -0.0818201 0.32826936 0.14693958 -0.17976317 -0.0614093 -0.05373355 -0.059968583 0.24357663 0.20477514 -0.21168058 -0.23419696 0.067182034 0.13718742 0.13276166 -0.1454079 0.13597605 -0.041045077 0.08998628 0.06992612 0.11207762 -0.18074475 -0.012948184 -0.029993415 -0.22859101 0.038204458 0.085811086 -0.2141995 0.032566313 -0.036159363 0.09163957 -0.069254935 -0.16804317 0.017622858 0.066080436 0.2812958 -0.0312951 -0.03222634 0.051774114 -0.2533682 0.18354481 0.35662755 -0.10209269 -0.12482547 0.27827433 -0.13469872 0.03307115 -0.1644241 -0.06666918 -0.24126618 -0.11122293 -0.14718759 -0.21806276 0.07082605 -0.04131799 -0.017339198 -0.21461788 0.08348508 -0.34618214 0.111857556 0.10551208 -0.15236187 0.117745824 -0.3226038 -0.33070242 -0.014633727 -0.20135505 -0.08842888 0.42996347 -0.041541435 -0.044477403 0.07612961 -0.19188909 -0.19161867 -0.112317 0.1321622 -0.1209232 -0.028164582 -0.20462024 0.18312004
COM -0.0005183242 -0.09267165 0.12704682 0.052968778 -0.072582744 0.07325114 -0.23187025 -0.23721792 -0.18044986 0.083521105 0.3368399 -0.021169268 -0.31881717 0.19177549 0.016828055 0.05799447 -0.24079119 0.054318514 -0.06732547 0.13985193 0.17339721 0.08211869 -0.12674047 -0.0690637 -0.22272553 0.24042778 -0.17748135 -0.08491337 0.005748004 -0.10293432 -0.043408245 0.24177417 -0.11055812 0.120562635 -0.24005392 0.35162598 0.00771321 -0.009211808 0.026047079 0.28157738 -0.24293742 0.1805031 0.16465616 -0.16916062 0.112604685 -0.090725094 -0.13852087 -0.04151873 -0.049960077 0.1761881 0.22531031 0.028381037 0.005826886 -0.057728745 0.028351966 0.12011719 0.30096027 -0.1715145 -0.1482021 0.08186451 0.11456732 0.096223846 0.0050583356 -0.08081561 0.3267908 -0.09599406 0.1474285 0.1291415 -0.10673916 -0.24452138 -0.04595841 -0.09776575 -0.40610188 -0.117133275 0.29183206 -0.09654683 -0.045921806 0.13444199 -0.12106041 0.15099342 -0.24758674 -0.16916125 0.12361594 0.27152452 -0.11475252 0.014003104 0.05997495 -0.27614343 -0.04985177 -0.053399116 -0.13259664 -0.15877014 -0.11432283 -0.082595475 0.47918767 0.37330216 -0.11568587 -0.31442922 -0.06447416 -0.35101417 0.058535658 -0.038281977 -0.082188524 0.4940219 0.072231546 -0.08514362 0.121818885 -0.001245338 0.0633654 -0.14105009 -0.026665578 -0.27019092 0.19819266 0.03694735 -0.018862009 0.09553187 -0.24072279 0.102121145 0.08019679 0.026930349 0.10853771 -0.037806455 -0.38169405 -0.17507276 0.10883238 0.06120204 -0.16136438 -0.020806324
BGD -0.0031914765 0.04223496 -0.017706925 -0.035770744 -0.0021918449 -0.01836147 0.08200206 0.0342624 -0.0646078 0.29207018 0.26023656 0.07206482 -0.20670179 -0.18978243 0.07651041 0.20341985 0.074242316 -0.15651517 -0.24089487 0.02873723 -0.065528795 0.10259543 -0.078921124 -0.2085708 -0.03623461 0.07286765 0.040248424 0.10619987 -0.075217955 -0.12107937 -0.13803995 0.10180551 -0.09355653 -0.03400772 -0.09028349 0.257755 0.064833775 -0.14676757 0.0886969 -0.08803395 -0.047420517 0.19328606 0.048253037 0.046646122 0.2736614 0.10332459 -0.048374053 0.015662208 -0.025022635 -0.0035328604 0.09848075 0.045099076 0.122368604 0.24070276 0.16173922 -0.09735319 0.61959773 0.13193409 -0.15410095 -0.13163105 -0.050123945 0.043332987 0.09937105 0.09926385 0.2567121 -0.2177518 0.06355456 -0.0049167494 -0.06525415 -0.12581405 0.09190555 -0.06333332 -0.1216037 0.036781643 -0.14970604 -0.15898539 -0.12376665 0.064036846 -0.05394651 0.35326046 -0.13918486 -0.24786387 0.11699124 0.2007759 -0.031280555 0.18741144 0.16118044 -0.20814048 0.06829155 0.19087937 -0.18161519 -0.11380525 0.14059794 -0.08646054 0.021612342 0.14195383 -0.0049842084 -0.04196318 -0.05837049 -0.19334416 -0.06427768 0.16534162 -0.11176993 0.21990159 -0.05325578 -0.058636587 0.0461179 0.14015241 -0.011241442 -0.26540405 -0.004583796 -0.11541126 -0.11483332 0.094687134 -0.10740726 -0.2775837 0.23023151 0.011204918 -0.032066382 0.13823736 -0.0799074 -0.1080138 -0.24453004 -0.02303332 -0.008852793 -0.287045 -0.047429163 -0.004575523
ZWE 0.117739305 -0.012010232 -0.034508333 0.036098003 0.44416514 0.13896608 -0.14651452 -0.11937207 -0.11979247 0.14396706 0.1640246 -0.2881405 -0.12921704 -0.060169745 0.022500528 0.21175447 -0.06462963 -0.08524588 0.07039268 0.30956846 0.10515954 -0.22390766 -0.022793997 0.030440977 -0.2687622 0.18217866 -0.15302542 0.020158552 -0.26643807 -0.0005873573 -0.0917111 0.15641023 -0.026252417 -0.07364833 -0.12191959 0.25128844 0.107922286 0.07881227 0.1533275 0.014462242 0.07130554 0.22051072 -0.034300324 -0.10494801 0.20521915 0.0012952425 0.008563254 -0.03934642 -0.08540842 -0.061437137 0.098373465 0.32374406 -0.088083096 -0.2131577 -0.0202769 -0.012557212 0.2873222 0.036669362 0.016762637 -0.17669633 0.17295077 -0.1318177 -0.06844153 0.13019328 0.14598714 -0.06515606 0.31554583 -0.012646339 -0.08789753 -0.1312549 -0.16288184 -0.073847584 -0.290072 0.19540147 -0.18914999 -0.23600103 -0.1426432 0.06762989 0.12406152 0.25889045 -0.11336454 -0.22962728 0.19611894 0.08227435 0.15671407 0.107037514 0.18150222 -0.15380152 0.02162489 0.08677318 -0.15124659 0.06858895 -0.09596458 0.006567567 0.0036540008 0.070449844 -0.39682645 -0.10827401 -0.2489335 0.10146 0.0039143832 0.29251024 -0.34873044 0.41266078 0.12792358 0.028979236 0.037638936 -0.016538588 0.21207266 0.13192885 -0.18453772 -0.06977056 -0.14060886 0.033920325 -0.33180463 -0.15314282 0.19478552 0.2960949 0.044581044 0.33928752 -0.00024130009 0.07079171 -0.15548041 -0.11743716 -0.17063685 -0.09523885 0.050744902 0.18229288
SVK 0.018384747 -0.045637053 0.292792 0.33542615 0.24009016 0.19670677 -0.28265044 0.27065298 -0.04850707 0.107470736 -0.06177281 -0.21116957 -0.2507959 -0.046660554 0.031081209 0.27185866 -0.07424518 -0.16818447 -0.16638891 0.13317797 -0.02474472 0.14777072 -0.03736548 -0.3405175 -0.06880041 0.14774108 0.042979486 0.1275069 -0.057723947 -0.08111343 -0.021458084 -0.1239895 0.14015432 0.040258605 0.059295844 0.07285166 0.3224708 -0.024289241 -0.027385507 0.1251722 -0.25609067 0.0065057264 0.0113511225 0.026093218 0.014994583 0.1730792 -0.2131681 0.03188208 -0.13482381 0.0691713 0.04931827 0.18296285 0.15737109 -0.06145475 -0.09728767 0.020499138 0.31779778 0.15487342 0.0016020844 0.032730334 -0.14575087 0.12285528 0.027016493 0.017760403 0.17893286 -0.020590961 -0.08935965 0.26631144 0.041149866 -0.11134796 0.19641854 -0.049857423 -0.104116805 -0.24451858 0.07042951 0.024709765 -0.1389743 0.11903809 -0.3159646 -0.04030812 -0.11964651 -0.16284016 0.10089884 0.49179092 0.06069269 0.12184645 -0.011943354 0.15803352 -0.008984124 -0.026343947 0.13076018 0.048875313 0.03946717 0.13423015 0.17663805 0.09333121 0.023037441 -0.09690993 -0.14193249 -0.2884193 -0.064186566 0.028033732 0.12553957 0.09270974 0.24745987 -0.39587212 -0.039660126 0.2529478 0.23811254 0.07105598 -0.048269358 -0.31932318 -0.027366208 0.1592748 0.08567622 0.23613814 0.10487915 0.11078391 0.27538767 -0.053511225 -0.12865871 -0.008087371 0.030322116 -0.18425682 -0.3406471 0.18597566 -0.07133417 0.022074755
GIB 0.082089305 -0.07260632 -0.14029334 0.24064723 0.03445864 0.2617847 -0.0104121845 0.105467886 -0.07257038 -0.01785246 -0.030946199 -0.18302551 -0.19404995 0.25714275 0.08075675 0.072930284 0.052153848 -0.021297459 -0.07121871 0.38369256 0.28527242 -0.059320956 -0.22122101 0.09590848 -0.10401725 -0.071364775 -0.36746335 -0.035530318 -0.15999919 -0.121298134 -0.014765495 -0.035125636 -0.24568827 -0.017178403 0.19156177 0.27038282 0.02203294 -0.089069925 -0.059897643 0.04851872 -0.10884355 0.0043392386 0.010327453 -0.02558553 0.03668797 0.0016130003 0.045238853 0.1173058 -0.17250289 0.10424118 0.24521974 0.08472649 0.29337418 -0.08039842 0.25577337 -0.061467737 0.22219382 -0.02502401 -0.09121521 0.027733508 0.11169021 0.017206686 0.17219003 0.1969551 0.27978423 -0.13740605 0.25701907 0.024917072 0.119326875 -0.28559297 -0.262998 -0.20998028 -0.092608996 0.06271586 0.021244906 -0.23993444 -0.040625904 0.08901277 -0.19978902 0.09664491 -0.2863488 -0.13475583 0.11189545 0.24730831 0.20964931 0.095026106 0.11074692 0.08278144 0.17611136 -0.16429621 0.06981517 -0.4645114 -0.14452897 0.024258379 0.015348839 0.026801364 -0.078364745 -0.116271846 -0.09817801 -0.057677627 0.015178601 0.25102985 0.118745334 0.3461056 -0.15904556 0.0018561116 -0.14208472 -0.00530419 0.11314406 -0.21956725 0.016604029 -0.31275082 -0.17518763 0.04033845 -0.17782664 -0.027519774 -0.018828854 -0.00792531 0.002078963 0.09478683 -0.014173088 -0.0004991984 -0.21017018 -0.14136486 0.021758001 0.027939534 -0.019557659 0.1439913
BRN 0.07737521 -0.04573638 0.11215407 -0.021989746 -0.13089484 -0.048912525 0.09348273 -0.15414178 -0.13405704 0.3086907 0.27405575 0.20851679 -0.266252 -0.2160193 0.12234783 0.1902383 0.035695374 -0.097541906 -0.21040113 0.01697956 -0.025075166 0.1806604 -0.21405604 -0.094045915 -0.07000553 0.037009194 -0.089515924 0.12738156 0.059056994 -0.10345568 -0.052230775 0.22416766 -0.06394466 0.04642743 -0.2131625 0.17341053 0.06631265 -0.15923043 0.034810685 -0.071923144 -0.13191819 0.18312846 0.05999471 0.06903495 0.37374997 0.10620681 -0.027231596 0.049160574 -0.103703745 0.055696666 0.18645287 -0.031778555 0.11423894 0.20407656 0.16680416 0.019779582 0.6780435 0.057763506 -0.16586418 -0.11507628 -0.1191337 0.102755815 0.1185049 0.16419019 0.27425843 -0.24194907 0.18938363 -0.124117404 -0.08060953 0.024368886 -0.035785194 -0.044206794 -0.25792438 0.0066415826 -0.08737156 -0.16282012 -0.18275946 -0.019256542 0.014067899 0.3439604 -0.1505869 -0.26912615 0.109508 0.23683307 -0.12971708 0.12515885 0.25614536 -0.20420718 0.14320566 0.27050048 -0.25691745 -0.2510367 0.19443187 -0.1773553 0.00994398 0.26114202 0.042995375 -0.07003869 -0.054938797 -0.103354484 -0.07407402 0.14289442 -0.16303276 0.22964755 -0.15122972 0.11216989 0.23521651 0.10107613 -0.010768854 -0.3463846 0.14389908 -0.16914128 -0.14928126 0.07352696 -0.14890637 -0.3446122 0.30347508 0.04176441 0.037211362 0.19544394 0.077053264 -0.21337171 -0.36790735 0.06318299 -0.03749983 -0.42982617 -0.16966166 -0.12427216
AFG 0.195008 -0.036284987 0.3124346 0.2590377 0.35517958 0.07474451 -0.071131565 -0.07677965 0.17804904 0.23793167 -0.22712468 -0.3319498 -0.14001733 -0.19283016 0.361071 0.1376267 -0.11734572 -0.05565804 -0.31468973 0.18207438 0.008559123 0.032776836 -0.044415787 -0.037453905 -0.35408828 -0.023255039 0.20814924 0.05963575 0.021796908 0.09805535 0.12409522 0.07051197 -0.026068443 -0.023077048 -0.12214509 -0.10184013 0.16764969 -0.11404552 0.07709732 0.13640714 -0.19883563 -0.10382932 -0.08235631 0.08253521 0.10018383 0.35254398 -0.21254961 0.22661836 0.073112234 0.27641258 -0.14464204 0.11835862 0.16794714 -0.13152383 -0.30974707 -0.14071687 0.3349868 -0.08666806 0.15291 0.15062733 -0.21547489 0.1393591 0.029086897 0.26448455 0.005646774 0.008220494 -0.14477329 0.18141031 0.121475324 0.078859515 -0.12796287 0.11523062 -0.25833452 -0.29242152 0.24962212 -0.067293294 -0.17518723 0.09084612 -0.124922834 0.32066435 0.17477763 -0.03445428 -0.0025812192 0.41895887 -0.08993387 0.105791405 0.21125402 0.19110307 0.039286822 0.12295763 0.13298774 -0.1521238 0.21989211 -0.20707084 0.11192991 0.2796603 -0.07063737 -0.2542765 -0.3144065 -0.032131955 0.04163108 0.1096241 0.014942512 0.054541938 0.27837688 -0.2854075 0.05801855 0.41010186 0.23551556 0.07677063 0.10063884 -0.3864284 0.14312501 0.05590203 0.09601678 -0.042955365 0.15547499 0.30110285 0.3146995 -0.24231991 -0.15912229 -0.12124182 -0.044288743 0.028177846 -0.25703418 0.07344419 -0.030208198 0.069901854
CUB -0.032361865 -0.10332867 0.17554717 0.30493876 -0.032689743 0.13990454 0.17835823 -0.1258687 0.03339579 -0.016140483 0.25157085 -0.13811524 -0.18262947 0.16242802 0.11251895 0.16307533 -0.05291315 -0.23537788 -0.27577603 0.2699596 0.33185095 -0.10500279 -0.23776093 -0.07982472 -0.30343127 -0.029450271 -0.11973183 0.1610023 -0.004162909 -0.1730609 0.1947619 0.07300314 -0.23627466 0.05167271 -0.07776603 0.12637228 0.17936166 -0.11728637 -0.014554121 -0.01547972 -0.3562043 0.23401369 -0.17505918 -0.025422715 0.122542724 0.16167152 0.10814551 0.2542227 -0.23870985 0.37017384 0.01307963 0.09205729 0.11432372 0.0013876156 -0.014570294 0.017419351 0.13358389 -0.20424244 -0.36407894 0.276877 -0.11815786 0.23049799 0.18374413 0.057917815 0.17618115 -0.19625497 -0.16431369 0.18388422 0.030174473 -0.20053177 -0.1539801 -0.008722246 -0.2911664 -0.12807591 0.15116937 -0.3624106 0.12193825 0.021914862 -0.08186153 0.20885213 -0.018342728 -0.14914976 -0.0151390415 0.31194136 0.116498545 0.15570043 -0.0145514645 -0.0674184 0.07071177 -0.0352853 0.06237587 -0.33372584 -0.013721385 -0.15071997 -0.044181284 0.25055596 -0.066071674 -0.30139655 -0.098904274 0.06621629 -0.24015088 -0.12446899 -0.08233706 0.006955362 0.061048567 -0.12966064 -0.1324087 0.03758102 0.19664544 -0.34436655 0.113295 -0.3238194 0.048983533 -0.12376341 0.16946907 0.08420002 0.07957835 -0.059449628 0.12557603 -0.18288992 -0.07863621 -0.34988928 -0.21334068 -0.04887605 0.09241433 -0.13298495 -0.13469115 -0.015700564
LVA 0.031563066 0.006084813 0.2759949 0.33924428 0.2545127 0.073591754 -0.3239588 0.15844429 -0.07193834 0.23436663 -0.09634958 -0.112197824 -0.14025432 -0.13543245 -0.12374978 0.2090495 0.07648863 0.01908337 -0.41138253 0.09347779 -0.026855398 0.15753649 0.0051691993 -0.12795278 -0.14210606 0.08489709 0.09729287 0.03465766 -0.019194422 -0.060438488 0.06102393 0.258016 -0.016916648 0.12321926 0.15433109 0.28019464 0.3396282 0.051116724 -0.18965167 -0.06283397 -0.11537074 0.17014112 -0.39465547 0.1976593 0.061234396 0.12930883 -0.007271251 0.07487564 -0.19353577 -0.041777406 0.15543514 0.23043208 0.10236416 0.11017093 -0.19467859 -0.10472783 0.2982842 0.07391757 0.12656522 0.10435885 -0.1036545 -0.03160416 0.15618408 0.3014092 0.17882223 -0.12806197 -0.2830844 0.10202214 -0.044862647 -0.3209972 0.032322828 -0.07059616 -0.13205552 -0.40524444 0.026816286 -0.112945944 -0.17280236 0.43301266 -0.40701067 0.15217514 -0.23268723 -0.099141784 0.23570907 0.47983038 0.03304072 0.2606955 -0.12972556 0.2491289 0.08854383 0.16932875 0.012592386 0.07940621 -0.13040373 0.012503396 0.33173743 0.13616793 0.1366273 -0.2508289 -0.042859435 -0.18741617 -0.07440933 0.21066213 0.08496119 0.03812165 0.23454088 -0.35386476 0.018729119 0.2821643 -0.05804381 0.095277525 -0.16074188 -0.36472428 -0.02917545 0.089054994 0.10899597 0.025937684 0.21013235 0.15818007 0.24868779 -0.10250978 -0.03733793 -0.24739785 -0.115600854 -0.10335641 -0.2867158 0.27095088 -0.31819725 -0.03521896
TUR -0.004253374 -0.08539882 0.24239257 0.34150273 0.14219017 0.18001723 -0.12148694 0.17208843 0.030348238 0.027793612 -0.094257504 -0.20391794 -0.2603169 -0.012859661 0.07041877 0.23443449 -0.03315934 -0.06449755 -0.10267184 0.16600579 0.11637649 0.08519482 -0.1251203 -0.24238059 -0.09629019 0.024630403 -0.047956083 0.07844097 0.015711395 -0.07589121 -0.008872698 -0.09421491 0.0471546 0.039210178 0.13276853 0.088631526 0.18639502 -0.028844468 -0.10902841 0.07944435 -0.17932393 -0.06014935 -0.016462382 0.038902983 0.005611978 0.20403323 -0.12713291 -0.004388147 -0.17048387 0.10551371 -0.008597849 0.19024388 0.23390627 -0.030880546 -0.018886918 -0.013872947 0.21650262 0.08364083 -0.07096252 0.04081931 -0.10734486 0.100022376 0.12377599 0.08994148 0.17925735 -0.07891675 -0.03333351 0.1313952 0.09574435 0.0035396095 0.0219694 -0.019930173 -0.1062993 -0.17285328 0.09651815 -0.054025427 -0.21679921 0.10863886 -0.282882 -0.013313201 -0.12367578 -0.06708167 0.08475782 0.45612988 0.16512792 0.09887656 -0.010512949 0.16472551 0.020565806 -0.07181555 0.068714574 -0.20420921 0.07279311 0.1324449 0.17711313 0.10445418 -0.0538433 -0.089941114 -0.07931252 -0.2157358 -0.013448253 0.047923144 0.20981376 0.007463085 0.15343523 -0.2704037 -0.08562574 0.12431542 0.21878538 -0.144638 0.08244034 -0.31071746 -0.021584703 0.06472184 0.09296356 0.10402257 0.058980778 0.014379672 0.19227512 -0.025688658 -0.026018158 -0.06295287 -0.073877275 -0.12246993 -0.20455743 0.09238818 -0.0880521 0.078708485
EST -0.053361278 0.032552205 0.21476313 0.31717554 0.18620588 -0.0036176774 -0.28169203 0.1493917 -0.020778116 0.24323674 0.0084267175 -0.13175552 -0.14708611 -0.123369426 -0.09422891 0.19083183 0.087149754 0.007311816 -0.49261668 0.03784485 -0.028959695 0.20549567 0.02100855 -0.10752411 -0.12928347 0.013385434 0.053293355 0.0035462813 0.013394781 -0.077031724 -0.0021358926 0.23681206 -0.047726016 0.18631451 0.12659891 0.38922697 0.39098427 -0.046764657 -0.24460578 -0.065474704 -0.13513006 0.17623109 -0.39971307 0.2159824 -0.038492374 0.1736511 -0.0018320675 0.037871454 -0.21573327 0.0098845605 0.17336191 0.20984566 0.1444045 0.16061535 -0.15193492 -0.15129521 0.28919464 0.12091349 0.028030368 0.0977305 -0.10251173 0.011472729 0.21068694 0.15988757 0.24664265 -0.15746027 -0.33449122 0.11279056 -0.027982365 -0.39609307 0.14396738 -0.12628484 -0.13726391 -0.40379214 0.05693668 -0.10183145 -0.113277145 0.38341787 -0.43356013 0.117630586 -0.2756355 -0.11128642 0.18744648 0.45627883 0.027454654 0.24076821 -0.16994466 0.12964593 0.08336898 0.18823539 0.011055388 0.074106425 -0.1153502 -0.0016234128 0.37111148 0.09463709 0.21622324 -0.28347608 -0.008636099 -0.2505694 -0.111584224 0.17288987 0.1309543 -0.029286167 0.1975961 -0.35137573 -0.086359635 0.31395942 -0.052937184 -0.036214415 -0.13045913 -0.36403874 -0.01844933 0.06504693 0.13526756 0.06879118 0.14500098 0.107148655 0.1631995 -0.13607247 -0.09184868 -0.28869614 -0.09263848 -0.0741827 -0.24119717 0.28747824 -0.32583344 0.030591471
MOZ 0.020630846 0.020193888 -0.011106643 -0.045788083 0.15288444 0.13778988 0.0756197 -0.032119438 0.008791759 0.23626927 0.24395183 -0.11225613 -0.22857656 -0.030621344 0.02565185 0.3565393 -0.099353194 -0.17384608 -0.044317234 0.27896342 0.0810955 -0.0418014 0.18095042 -0.19534388 -0.3743875 0.30347946 -0.15755808 0.05121489 -0.20630755 0.09122179 0.02500676 -0.021763291 -0.28546542 -0.3212191 -0.21910612 0.23865592 -0.05378279 0.049256478 0.297747 0.031430516 -0.25198594 0.48907846 0.13589083 -0.30022103 0.19809175 -0.03568254 -0.06112645 0.06287628 -0.05032634 -0.16136456 0.061502535 0.24171814 -0.11376279 0.05005048 -0.07743173 0.22580665 0.48925012 -0.047045853 -0.12664443 -0.060364027 0.07601128 -0.011223398 -0.082459696 -0.042026315 0.1931317 0.025219364 0.32871717 0.028224649 -0.13469237 -0.039802376 -0.112862065 -0.09366758 -0.15741597 0.21273305 -0.14048527 -0.17519161 -0.039284803 0.20694613 0.10629912 0.07525044 -0.01699957 -0.163205 0.069590345 0.030993318 0.0933074 0.30064708 0.05622289 -0.25387216 -0.1779375 0.09701409 -0.15889853 0.0076012383 0.083546504 0.08689615 0.0571642 0.12558626 -0.495473 -0.14743531 -0.06701993 -0.08310354 -0.1666837 0.047981046 -0.24553071 0.4491021 0.18760255 -0.1435389 0.046279877 -0.09716938 0.20014332 -0.14613682 -0.027773697 -0.36834964 -0.09243603 0.079004444 -0.109135695 -0.010869449 0.015681136 0.07067933 0.019043969 0.20746075 -0.07104401 -0.013690355 -0.20170307 0.0059144003 -0.019214615 -0.11069614 -0.14371969 0.07734039
MMR 0.098640986 -0.105595894 0.10557582 -0.016758455 -0.0015938967 0.12005849 0.12007076 -0.107143044 -0.019817699 0.2635971 0.23201592 0.22572042 -0.017463574 -0.24572197 0.32843775 0.21715625 0.22714014 -0.00016692378 -0.2561003 0.109607406 -0.02316812 0.10863692 0.20158558 -0.3115805 -0.38658515 0.093838245 -0.05309485 -0.1589776 -0.22655857 0.16092147 -0.18254782 -0.010920005 -0.11305866 -0.2795171 -0.119602926 0.09727442 0.17269783 -0.15538402 0.22344401 -0.030590098 -0.08763441 0.24918595 0.14537688 0.07900414 0.01825369 0.0313229 -0.21637148 0.23130755 -0.08468877 0.10777517 0.033091955 -0.009079625 0.1504216 0.32942608 -0.033637926 0.28727862 0.46218067 0.076999456 -0.0056934967 -0.090439126 -0.25185162 0.019577961 -0.057487335 -0.024510432 0.2754194 -0.18848042 -0.21364132 -0.06556085 -0.14581187 0.051605616 -0.007815948 -0.14157467 -0.0065581393 0.0044042952 -0.19507249 0.020729527 -0.1028874 0.19742408 -0.021279661 0.3762217 0.042640142 -0.05097871 0.09756596 0.14346123 0.11713756 0.4309363 0.20643418 -0.23361458 -0.0560908 0.24897312 -0.12895988 0.049690276 0.29734296 0.06269307 0.23626244 0.27879795 -0.3182792 0.0054555954 -0.0075930473 -0.13042504 0.028612183 0.07861047 -0.025383834 0.3413947 0.32433015 -0.02825157 0.16402031 0.15229683 0.058781736 -0.36245346 0.089250386 -0.31301317 -0.06356488 0.031396687 -0.004144051 -0.14349094 -0.063816555 -0.02420471 0.12227367 0.077963635 -0.07065994 -0.05455812 -0.16332166 0.043805495 -0.11852615 -0.0789596 -0.35725516 0.1520374
MDA 0.18554364 -0.08140166 0.24173337 0.3631573 0.19171833 0.23381323 -0.21960703 0.3307083 -0.06279978 0.18917452 -0.20914048 -0.2997567 -0.2067479 -0.09567278 0.04322838 0.2989514 -0.1394366 -0.17335412 -0.09987759 0.27969518 -0.022940652 0.11384211 -0.115534216 -0.50617343 -0.07531195 0.20329311 -0.0041599437 0.12715678 -0.08729353 -0.025981393 -0.09743206 -0.16031712 0.3162257 -0.029976647 0.07989302 -0.13613544 0.2816838 0.11802002 0.10347151 0.20731726 -0.18662101 -0.045758896 0.109561436 -0.12600602 0.071653955 0.19581069 -0.24362557 0.02836116 0.06199482 -0.005003497 0.20614927 0.055357393 0.060636383 -0.10407283 -0.10042161 0.12003844 0.33894202 0.11309701 0.07290568 -0.068585575 -0.16555226 0.028940212 -0.01744051 0.17164364 0.16169225 0.023279795 0.008821042 0.27961266 0.1487878 -0.077397175 0.1270253 -0.008301749 -0.20611742 -0.22430103 0.07062869 0.039988425 -0.19129187 0.11457513 -0.21642415 -0.061461568 -0.080917045 -0.25151658 0.22042489 0.56838 0.2143679 0.17264235 0.028297402 0.23541509 0.13499598 -0.017582878 0.15192313 -0.02149915 0.15520987 0.23097916 0.092212565 0.14078885 -0.022752961 -0.035056274 -0.1409564 -0.31607947 -0.02087221 0.14483571 0.16205885 0.19698998 0.19180629 -0.38693193 -0.0077722115 0.21506049 0.2980814 0.023447903 -0.07425019 -0.3771828 -0.13700461 0.20871925 0.036172677 0.0760148 0.17273405 0.0089451 0.30158427 0.16115244 -0.16737017 0.09306536 0.14430982 -0.19860835 -0.31923613 0.1922599 0.022201747 0.020256728
SDN 0.054333795 -0.0259174 0.01348678 -0.036832433 0.13078445 0.18188666 -0.032004863 -0.07455625 -0.0801692 0.10297345 0.09122087 -0.12567753 -0.13479078 0.07710205 0.045409832 0.13469021 0.06974381 0.067547366 -0.17704974 0.19747922 0.14015186 0.02003223 -0.007825396 0.053145632 -0.11763346 0.16949095 -0.081535004 0.050630953 -0.01628485 -0.112652935 -0.0498867 0.10557469 -0.2902706 -0.07048569 -0.04089324 0.29244265 0.05381177 -0.03399149 -0.03054982 -0.104296245 -0.115342155 0.104407676 -0.027119556 0.087667264 0.092296734 -0.0039186385 0.0048106387 0.055244695 -0.15956627 0.022363292 0.16050899 0.09465749 0.13738139 0.16547452 0.07513806 -0.012629404 0.328386 -0.036275793 -0.072332904 -0.054964654 0.06934338 -0.072638206 0.18636861 0.07773535 0.20695232 -0.21404748 0.0430945 -0.025656281 -0.044036042 -0.13344975 -0.12477842 -0.16480775 -0.17109707 0.005283687 -0.05150079 -0.18231049 -0.03593121 0.19169684 -0.025051713 0.2716389 -0.18505019 -0.14385204 0.14850141 0.067356706 0.11125024 0.15842117 0.056191344 -0.2008882 0.04994806 0.07287559 -0.13799362 -0.13986205 0.004951907 -0.07784611 0.21327999 0.09324718 -0.13731924 -0.115142144 -0.12213898 -0.111177884 0.037960727 0.11958594 -0.05708763 0.25595894 0.01838984 0.05213819 -0.020643359 0.005907096 0.02685431 -0.23927921 0.088860765 -0.18464072 -0.103008695 -0.14994551 -0.14555423 -0.07668617 0.100746505 0.10094383 0.06587611 0.06540489 0.05320243 -0.034812286 -0.30627167 -0.0019567758 0.015851475 -0.194068 -0.24494362 0.07931314
GRC 0.15794967 -0.081832685 0.20130311 0.37946314 0.27464575 0.117660575 -0.09416361 -0.04076621 0.087998085 0.023072116 -0.23571359 -0.22317469 -0.16687806 -0.10913511 0.08548872 0.17046383 -0.14722641 -0.07042735 -0.16164093 0.17969018 0.059425417 0.08467515 0.0011173554 -0.24291277 -0.16687256 0.17596762 0.09277389 0.030411601 -0.022833206 -0.036165893 0.11447594 0.018315202 -0.015029178 -0.0701968 -0.09248767 -0.07481895 0.0070759063 0.07352487 0.13321704 0.22296081 -0.16535081 0.01707728 -0.03859657 -0.04511968 0.13689819 0.22528759 -0.13080457 0.07762869 0.025151959 0.046923067 -0.08803369 -0.00049058115 0.13583872 -0.050750148 -0.23043263 -0.0978407 0.2970842 -0.15865585 0.029919662 0.082835026 0.0060396637 0.040971912 -0.022246696 0.26659742 0.10135769 -0.024347605 -0.08335487 0.17297079 0.18679368 0.015119339 0.0034996916 0.08928418 -0.23848577 -0.25095698 0.09532168 -0.1142217 -0.30922425 0.22498004 -0.14823599 0.11715068 0.032443352 -0.002751987 0.12722439 0.42270532 -0.011350619 0.14382952 0.13210206 0.18398035 0.16692835 0.02352889 0.19127324 -0.14094585 0.13213311 0.0012948809 0.12639248 0.15146296 -0.12318735 -0.24329191 -0.11638796 -0.12274138 0.01012651 0.1178861 0.06944967 0.19067715 0.114616066 -0.27191862 0.026153443 0.09265791 0.27352932 -0.057399873 0.011325317 -0.3487579 0.14943685 0.14158726 0.087417565 -0.09494718 0.15003324 0.17294256 0.2629916 0.0068830447 -0.058081288 -0.11811939 0.011038219 -0.10414722 -0.103701755 0.107123226 -0.14751509 0.107344374
SLV 0.036907405 -0.013541442 0.10000931 0.064975195 0.44389316 0.12469798 0.08181816 -0.19115767 -0.21511933 0.13338925 -0.19361253 -0.29917043 -0.12615658 -0.006424142 -0.022466138 -0.11126528 -0.13044527 0.1124453 -0.022351464 0.30279183 0.17916456 -0.0020575 -0.09885882 -0.14025156 -0.09692207 0.19686654 -0.10201196 0.14301953 0.04405698 -0.17509606 -0.041669786 0.08685317 -0.09132531 -0.27177313 -0.06064587 -0.030735303 0.1425755 0.064575806 -0.0010573535 0.2422492 -0.07544557 0.0428716 -0.13170783 0.20528524 0.009556883 0.23128004 -0.13698201 0.0025975073 -0.16716793 -0.028445056 0.05090165 0.3407822 0.30917966 -0.020875426 -0.042608228 -0.060783047 0.28701043 -0.0052516647 0.14468922 -0.23449181 0.20590979 -0.2057741 0.33480427 0.1348505 0.14822863 -0.085302934 0.018108822 0.008983056 0.116726875 0.11805194 -0.060485233 0.0070192986 -0.23269477 -0.028053226 -0.16614802 -0.07929637 -0.28166923 0.10448687 0.0009399492 0.14195664 -0.013789322 -0.047413502 0.19418752 -0.061926473 0.14235748 0.12017615 0.14991274 -0.050953694 0.032426998 -0.04320628 0.13025536 0.103439204 -0.0677483 0.007956226 0.11900498 0.1816355 -0.19459207 0.052048452 -0.23730628 0.023429956 0.343438 0.027749069 -0.07012969 0.16882302 0.30024365 -0.06478178 -0.009894037 -0.1198622 0.22076085 -0.09331727 0.1333954 -0.051743727 0.03263397 -0.07562589 0.034569923 -0.1742829 0.17249212 0.17020902 0.18114468 0.22895281 0.17211783 0.032055676 -0.11720716 -0.015151099 -0.2161282 -0.09675762 -0.15906613 0.27430174
FIN -0.032332234 -0.13571422 0.29624572 0.1914656 0.24248652 0.1988403 -0.15717115 0.1597342 0.02583183 -0.05528136 0.06013842 -0.3133023 -0.5637282 0.22872402 0.11276467 0.25940946 -0.08188552 0.03201403 -0.1646675 0.010160753 0.24389902 0.13442355 -0.07048467 -0.074968174 -0.050510425 0.111934364 0.07583064 0.2505049 -0.0305864 -0.01696926 0.05453742 -0.2594812 -0.24526371 0.059149653 -0.011849502 0.2106993 0.20323358 -0.13533719 -0.047246926 0.02234923 -0.26934728 -0.088838056 -0.06972601 0.0400559 -0.10191552 -0.005602546 -0.21619101 0.03451319 -0.25772008 -0.052741237 -0.20956913 0.31390095 0.25394922 0.07455456 -0.15762481 0.020924663 0.2214856 0.111474335 -0.041768976 0.16945864 -0.03971999 0.20859516 0.0500305 -0.026893908 0.20988816 -0.00892907 -0.03834319 0.13991758 -0.09210652 -0.08373988 -0.009152925 -0.10542422 -0.09727003 -0.050632264 0.091424055 -0.18152255 0.020094 0.16654737 -0.23443018 -0.14176182 -0.24532957 -0.08032909 -0.02771978 0.35803232 -0.035008557 -0.001216123 0.11170499 -0.050697334 -0.16881603 -0.07996298 0.102203466 -0.072540425 -0.05656056 0.12331079 0.21992724 0.012727845 -0.1614033 -0.056950003 -0.20329395 -0.28699616 -0.019690312 -0.26939553 -0.015677162 0.04780052 0.26969045 -0.11683311 -0.11475881 0.020154085 0.2435003 0.18053235 0.061556693 -0.2891487 -0.018715192 0.14355765 0.026839375 0.4723682 0.078992896 0.29890534 0.22063886 -0.21932563 0.057848766 0.025353398 -0.20467606 -0.09325779 -0.33570972 0.04816021 0.0939158 0.117947645
AUT 0.09959709 -0.09623927 0.07380746 0.41764036 -0.07035707 0.25122795 -0.08206292 0.2401973 -0.050906155 0.035261128 -0.20556268 -0.071167976 -0.26084957 0.11648954 0.008983579 0.23037629 -0.01806228 -0.0976001 -0.09779018 0.39044917 0.18911275 0.12627575 -0.23676968 -0.20821948 -0.0744928 -0.064047635 -0.29713246 -0.013268872 -0.048010055 -0.21520133 0.09642133 -0.07734008 -0.010505326 0.0767833 0.2458482 0.07331199 0.05783568 -0.044092327 -0.02259497 0.22244869 -0.22939448 -0.015798628 0.041666165 -0.09130214 0.14516006 0.18229292 -0.04691686 0.059410702 -0.08353306 0.120597266 0.23424576 0.044272587 0.27171174 -0.018833183 0.20419872 -0.095520414 0.39240873 -0.07210966 -0.06880369 0.027266676 -0.0023916815 0.066991754 0.23524474 0.3212541 0.30301785 -0.10015632 0.23633894 0.14426999 0.2617938 -0.21843293 -0.106060915 -0.019179754 -0.013848487 -0.10961147 0.004306188 -0.01386513 -0.16242403 0.09144831 -0.32061616 0.018718613 -0.2381676 -0.119247 0.1273914 0.4748774 0.19944215 0.11224898 -0.010473469 0.35254896 0.18603894 -0.22963598 0.10299578 -0.5233952 -0.04050693 0.10698592 0.05581403 0.11465156 0.07862031 -0.08639295 0.034936287 -0.24816996 0.0142916925 0.27584457 0.32981727 0.26712418 -0.1267025 -0.25814176 -0.035182137 0.10255222 0.16994117 -0.20141923 -0.024778288 -0.4408687 -0.14986052 0.203557 -0.0074829194 -0.04802569 0.021675782 -0.1214482 0.13179989 0.008039477 -0.09398189 -0.08422554 -0.081831545 -0.26931113 -0.09689903 0.17028284 -0.046010226 0.019395046
NAM 0.15421309 0.04879216 -0.10700749 0.04685237 0.51847553 0.12171288 -0.09798285 -0.04654242 -0.104639895 0.21719705 0.09183306 -0.37991402 -0.0589297 -0.12328257 0.0417458 0.2735895 -0.1357341 -0.13834237 -0.0634628 0.40776053 0.07520646 -0.15213421 -0.0034140614 0.011416935 -0.33449638 0.26664978 -0.1415025 -0.043221146 -0.30038285 0.082831524 -0.043425474 0.12846708 -0.24867807 -0.22504069 -0.06298427 0.2968805 0.0135389175 0.09257493 0.1444737 -0.03943511 0.015723182 0.30349797 -0.05235145 -0.09325151 0.20689899 0.08307346 -0.031492017 -0.005539249 -0.06822462 -0.15713228 0.18654779 0.25103512 -0.11032753 -0.20864563 -0.09148939 -0.034703486 0.34345505 0.08415783 0.015996106 -0.15185733 0.1307457 -0.13493615 -0.0734288 0.15625858 0.10119367 0.08734548 0.2869962 0.018059524 -0.017983595 -0.26493514 -0.24670018 -0.124616995 -0.2578994 0.16063339 -0.12012206 -0.3068358 -0.08927752 0.17050943 0.12088794 0.17332397 -0.053611573 -0.09736197 0.14972357 0.07096285 0.09372362 0.08112169 0.2015691 -0.004966584 0.060195997 0.10478358 -0.042423323 0.09871677 -0.044370193 -0.027720926 -0.05027067 0.0033459475 -0.38179204 -0.15623829 -0.2911549 0.095977806 -0.12688738 0.29334208 -0.3407554 0.47120848 0.054349132 -0.024166826 -0.08171171 0.021096077 0.186643 0.20872231 -0.10537526 -0.19671865 -0.10300065 0.14774619 -0.3869304 -0.10813221 0.2237125 0.24785201 0.07839499 0.3057852 -0.06680855 0.06773171 -0.1086022 0.036502752 -0.22037692 -0.009763767 0.06624519 0.15981746
CRI -0.011274453 0.043541018 0.14653957 -0.17155303 0.204889 -0.06396124 0.06743267 0.042835433 -0.1128364 0.16888255 0.26994687 -0.19346853 -0.044193335 0.03660937 0.040070556 0.15748823 -0.000387539 -0.040200915 -0.10294317 0.13943708 0.13711032 -0.11222806 0.030914664 -0.09852881 -0.17173105 -0.13403967 -0.2512881 0.13668571 -0.19674422 -0.057885062 -0.11943898 0.009592114 0.07779565 -0.11552044 -0.3272141 0.05772633 0.2836559 -0.061476387 0.10623295 0.20905992 -0.15473497 0.38760784 0.12427746 -0.0870312 -0.15045932 0.16194762 -0.078530714 -0.09112417 -0.14326347 0.033805605 0.023723718 0.29318163 0.1054177 -0.11952398 -0.012952606 0.26711646 0.45789254 0.09431725 -0.07759681 -0.19800313 0.18059628 -0.013124952 0.07572414 -0.17182644 0.21348114 -0.0343612 0.11070948 -0.12160867 -0.14628364 0.02941813 0.11639933 -0.19531262 -0.19911085 0.1379141 -0.22968152 -0.16270554 -0.049413294 -0.13909438 -0.067252554 0.11639565 0.05878873 -0.23426579 0.07501485 -0.11327448 0.1893386 0.47990575 0.046867263 -0.26451996 -0.14007926 0.016921362 -0.24653317 0.07080102 0.026355509 0.1480272 -0.06789834 0.3100863 -0.19060083 -0.081684105 -0.15100424 -0.047787827 0.06559828 0.043168023 -0.30041227 0.24662232 0.41875878 -0.20371175 0.097750135 -0.049597718 0.27323595 -0.10444559 -0.13720931 -0.13734844 -0.06708911 -0.006559262 0.26052076 -0.007063305 -0.16047171 0.083065584 0.0316174 0.028157571 -0.13000342 -0.12631084 -0.13488954 -0.11204901 -0.21641725 -0.008883106 -0.10140843 0.2019975
CIV -0.17532817 -0.120593704 0.12577361 0.18520352 0.418847 0.17208958 -0.018651182 -0.0151507 -0.15206997 0.13221367 -0.07748243 -0.42858264 -0.21259356 0.0020547356 0.08778846 -0.017065175 -0.025017833 0.08553286 -0.0044501163 0.25143495 0.19652107 -0.057019763 -0.28297058 -0.08128635 -0.112781934 0.000619718 -0.1771308 0.051429417 -0.03285474 0.03411395 -0.10806174 -0.034143966 -0.21491724 -0.26536056 0.2500295 0.2060192 0.18201458 -0.019328598 -0.30873457 -0.018632565 0.051966127 -0.06399712 -0.098980226 0.2213956 -0.10680808 0.121440366 -0.15048723 -0.0877238 -0.25093985 0.049995102 0.07771636 0.3986882 0.379591 -0.08104667 0.08276011 -0.10895474 0.12812519 0.33311588 0.00019384362 -0.08932708 0.022715406 -0.03353529 0.28320986 -0.03623949 0.14713645 0.007986388 0.010773055 0.045836948 0.05587538 0.0035702602 -0.13982269 -0.052912932 -0.19650161 0.0927208 0.056240313 -0.20960724 -0.180703 0.10199632 -0.15687394 -0.086800925 -0.15521799 0.04354264 0.10588996 0.15927471 0.2007479 -0.036908586 0.16402107 0.041654907 -0.10975319 -0.023345444 0.2339892 0.026432186 -0.18737844 0.06615057 0.13014601 -0.009018962 -0.21469462 -0.026873494 -0.28143752 0.0722745 0.14369513 -0.027031628 0.018703297 0.04823314 0.36930647 -0.029776117 -0.28103247 0.017692938 0.2007091 -0.06719848 0.18387918 -0.08095017 0.021857165 0.061187033 -0.11127431 0.065226085 0.110871 0.113833904 0.103003174 0.1804625 0.18036939 0.13072005 -0.1422574 0.036631417 -0.20524278 0.058490917 0.06315647 0.37707987
SWE -0.12237337 -0.088108964 0.10780916 0.17259775 0.2412684 0.14963843 -0.19164085 0.1815467 -0.017436594 0.0017213728 0.060659498 -0.3468256 -0.3682028 0.22507384 0.074768625 0.07674393 0.05776724 0.03644231 -0.14990488 0.035887986 0.17540005 0.013331374 -0.13199994 0.022974096 0.013026742 -0.0023143436 0.029842652 0.17237116 -0.09951065 -0.058275916 -0.044970788 -0.16595623 -0.21009259 0.03140719 0.09926744 0.26614186 0.26587737 -0.11895232 -0.13122901 -0.04465839 -0.111108825 -0.1033727 -0.04741839 0.13241754 -0.14209706 0.0043374198 -0.116015606 0.04685541 -0.21452102 0.07541755 -0.1708233 0.3083214 0.37729222 -0.044315018 -0.024458734 -0.1273584 0.21695381 0.18985428 -0.010059006 0.1529739 0.0063698385 0.1354194 0.06959379 -0.035975717 0.18933646 -0.033253897 -0.036819533 0.118370205 -0.10542263 -0.16973728 -0.010095518 -0.13961351 -0.13117285 -0.046954192 0.11511165 -0.21256168 -0.048713118 0.12496145 -0.29991937 0.007856487 -0.19165485 -0.11854329 -0.008840986 0.30150107 0.014454218 0.054590702 0.11960162 -0.03637827 -0.15286607 -0.1068811 0.17028405 -0.04592914 -0.13672629 0.0985806 0.15927976 0.03405532 -0.099724695 -0.04141962 -0.27062392 -0.14105481 0.008856063 -0.06720708 -0.021824593 0.09076494 0.26294115 -0.13278107 -0.18502632 0.14464882 0.22082837 0.093384944 0.018116616 -0.15130559 0.027385382 0.101038426 -0.028440127 0.32160807 0.0067517264 0.29185292 0.13739014 -0.08874108 0.020652808 0.06926184 -0.1716694 -0.10924617 -0.22181286 0.06845694 0.12158067 0.24105203
SLB -0.05508181 -0.07592666 -0.029388381 0.045017958 0.062392317 -0.0758066 0.091979705 0.12613438 0.13707261 0.27543876 0.36224797 -0.19799383 -0.29585454 -0.04693338 0.20887391 0.13443565 -0.04976964 -0.029061485 -0.1658264 -0.1356325 0.093617715 0.067523085 -0.16970377 -0.099253714 -0.021075815 -0.049243517 0.071253315 0.1958709 -0.06644804 0.06877369 -0.31235203 0.08871788 -0.17370614 -0.101683274 -0.054480173 0.27817765 0.0848487 -0.1030734 0.052765153 -0.057742406 0.08823793 0.06587156 0.031548392 -0.021086333 0.048523605 0.052053522 0.023782812 -0.11836904 -0.04864028 0.1084421 -0.12921079 0.094047 0.17012222 0.105880216 0.16691309 -0.09890527 0.42833784 0.25407052 -0.25571865 0.01845973 0.019300716 0.09707187 0.04689893 -0.008936001 0.10854194 -0.13351253 0.16230921 -0.051951878 -0.15377788 0.17624424 0.08719911 -0.06462769 -0.1548061 0.11458921 -0.11625419 -0.31209978 -0.26839137 0.017299812 -0.048602294 0.25653923 -0.047645774 -0.2760761 0.09555691 0.29946724 0.0789759 0.25378883 0.16515654 -0.28603688 -0.04146868 0.15769798 -0.23329842 -0.12242001 0.15101385 -0.06262497 0.04551421 0.16181728 -0.12953508 -0.108415745 -0.15844278 -0.20617774 -0.0557653 0.061974324 -0.28836793 0.091676734 0.058286868 -0.2002859 -0.035117224 0.047094136 -0.019949632 -0.27202243 0.026994232 -0.12808564 -0.10839585 0.17322078 -0.18557905 -0.13200602 0.078994736 0.01655655 -0.10195985 0.19473481 -0.033693347 -0.09876276 -0.28971618 -0.044642635 0.13395113 -0.1576475 0.15163723 0.1361604
MAR -0.09087457 -0.07348099 0.0010251554 0.14389107 0.32380417 0.19037552 -0.15835856 -0.10673572 -0.1172931 -0.13096659 0.12630212 -0.2718183 -0.25343713 0.27860236 0.1348546 -0.07724148 0.19496025 0.0070766755 0.020150686 0.15825441 0.18266825 -0.2485272 -0.051202316 0.15671088 -0.044466276 0.029904274 -0.104803674 0.031991564 -0.16378279 0.009781856 -0.09627616 -0.009295333 -0.010324061 0.028692367 -0.03206087 0.18463096 0.12573165 -0.10187353 -0.1088589 -0.008651415 -0.08542479 -0.17585737 0.111180946 0.122167245 -0.10671486 -0.030244783 -0.13274768 0.19204684 -0.2965083 0.18527204 -0.20847541 0.39747775 0.4218713 -0.20425528 -0.0621198 0.038285777 0.10918923 0.03991693 0.0594896 0.011022587 0.075526185 0.010757112 0.021574391 -0.10514858 0.21735118 -0.16468795 -0.011043867 0.030142404 -0.072079845 0.06317908 -0.19417097 -0.21474046 -0.19426711 0.020984283 -0.00393106 -0.20231073 -0.122687444 -0.0071616946 -0.14101179 0.18296905 -0.13658628 -0.14613023 0.06135404 0.09601673 0.14740483 0.14282465 0.21461806 -0.20734642 -0.20523146 -0.050455533 0.08931133 -0.022613667 -0.045834392 0.08563673 0.09550876 0.12914743 -0.32787603 -0.06622374 -0.23177291 0.0015284679 0.1015247 0.04821409 -0.051113002 0.18103272 0.2982097 0.019185197 -0.13036987 0.028677737 0.29167363 -0.13932352 0.045398843 -0.06689642 -0.010198903 -0.18672378 -0.037368312 0.032139923 -0.085129395 0.3299306 0.13891305 0.102245025 0.09819167 0.011865996 -0.15727787 -0.05090178 -0.17186421 -0.13613904 -0.10136852 0.33641553
CYP -0.013833107 -0.16600038 0.33996534 0.2532302 0.22749321 0.2722036 -0.24141182 -0.0872915 -0.12353995 -0.02254666 -0.26536682 -0.19202642 -0.19116054 -0.0343546 0.017369106 0.06988082 -0.1384948 0.08201343 0.082848996 0.35188615 0.09679614 0.21704917 -0.17323096 -0.24903862 -0.08491483 0.2207741 -0.14869146 -0.043700207 0.14748742 -0.15190002 -0.0035499483 0.037380576 -0.05033932 -0.13324185 0.1615211 0.06277578 0.05597778 0.07202794 -0.16180941 0.25354367 -0.11153829 -0.14907174 0.033823695 0.1079828 0.09396154 0.1993416 -0.2249184 -0.097413965 -0.18740208 0.06462245 0.1601935 0.13178672 0.2511745 -0.042921916 0.07498204 0.044839773 0.19300309 0.031783365 0.024889892 -0.1551485 -0.019142615 -0.07942381 0.27102652 0.092624694 0.26678127 -0.07040486 0.033680636 0.15720327 0.15711904 0.04590222 -0.024276977 0.025582159 -0.23650497 -0.14411975 0.061274953 0.07365282 -0.33968723 0.13979177 -0.27779964 -0.023547752 -0.23400004 0.10486247 0.1539972 0.26959965 0.17113055 -0.09414181 0.042489555 0.15972692 0.011602098 -0.13412862 0.11447836 -0.18833672 -0.122736126 0.08825664 0.42169878 0.20238787 -0.14854757 -0.07639889 -0.08957136 -0.21775694 0.3196329 0.006416841 0.235961 0.24389082 0.30423594 -0.15535659 0.047439743 -0.030493367 0.21292445 -0.14268634 0.13746756 -0.23536316 0.14337537 0.0517811 0.029933693 0.049296707 -0.037000116 0.019270817 0.25696474 0.16286856 0.25375155 0.07034511 -0.16111746 -0.14020483 -0.16046824 0.07905156 -0.19766416 0.17656039
LCA -0.13944149 -0.067747295 0.18970726 0.13359979 0.2949713 0.019857619 -0.12521979 0.2514641 0.07290645 0.25900286 0.17494163 -0.46666917 -0.21971156 0.017616156 -0.038375277 0.13555163 0.074388385 0.00049222936 -0.22188847 0.04385829 0.19623992 -0.12631382 -0.135787 -0.079933174 -0.09722259 -0.1327706 0.025046326 0.085896425 -0.06476089 0.07093789 -0.1818704 0.04679032 0.020637393 0.008901457 0.14639506 0.19087934 0.4418807 -0.014365976 -0.23476183 -0.13315451 0.14639226 0.11074018 -0.14652057 0.0011536657 -0.112155385 0.10203072 -0.020521149 -0.09466938 -0.14746678 0.071786046 -0.051197924 0.42086816 0.16602114 0.08071987 -0.070567206 -0.038387395 0.12004279 0.22409289 -0.11764152 0.07719658 -0.012483437 0.06494348 0.14667834 0.0049328785 0.14904591 -0.1349502 -0.12940824 0.013369318 -0.040308755 -0.024482867 -0.01753316 -0.091551326 -0.29617915 0.015446632 0.05155788 -0.29382268 -0.07616289 0.124650836 -0.24940102 0.011987926 -0.12939459 -0.22558495 0.17513673 0.28793964 0.23633142 0.18333218 -0.0056211855 0.026481701 -0.09985062 0.123130694 0.04558873 0.014924964 -0.10449836 0.13069916 0.06824698 -0.042422544 -0.123786286 -0.18890008 -0.22678281 0.029373396 -0.11841665 0.038600404 -0.15271835 -0.16786596 0.4227297 -0.19158646 -0.2162434 0.1154234 0.15096997 -0.07877084 -0.05981792 -0.19015269 -0.013895604 0.12775077 -0.004120965 0.08175268 0.06672922 0.07972967 0.06311144 0.082662255 -0.01904291 -0.06809906 -0.15784462 0.026131583 -0.11796428 0.124678046 0.10171456 0.23710185
CHL -0.13581613 -0.09808423 -0.013686029 0.018578047 0.18955465 0.10067097 -0.025738258 0.045844026 0.035872195 0.074207924 0.22823833 -0.37947696 -0.13785239 0.22783989 0.011551022 -0.111221485 0.10333849 0.0067528263 0.012103567 0.22038591 0.34968522 -0.28869984 -0.20411901 0.11466062 -0.09833914 -0.010730513 -0.06397651 0.0012115116 -0.09288131 -0.09319293 -0.23734897 0.10937225 -0.12212262 -0.05501578 0.17076895 0.22235467 0.18580182 -0.014105944 -0.20255795 -0.09852489 0.2388046 0.030631488 -0.027681716 0.06844771 -0.01962901 -0.010144971 0.039532535 0.08837138 -0.11813312 0.20334828 -0.089512065 0.3730534 0.31100154 0.09683327 0.068190046 -0.054372925 0.059487205 0.07023252 -0.17869066 0.0034745748 0.10400036 -0.055559818 0.25337407 0.024710974 0.2845577 -0.26721475 0.013341837 -0.015581876 -0.0048376913 0.0048917853 -0.1958564 -0.17351651 -0.35803995 0.15871479 0.027056316 -0.31571695 -0.1320849 0.07844905 -0.13064362 0.21955971 -0.18150534 -0.31001765 0.21433453 0.08608324 0.32735547 0.097968094 0.10162392 -0.22945586 -0.15372163 -0.071632914 0.02880964 -0.22644228 -0.14300723 0.08526617 0.07688626 0.049309798 -0.33276275 -0.1076232 -0.23201285 0.06400289 0.024770759 0.07031334 -0.18129967 0.08430689 0.31043074 -0.0034305016 -0.20544398 -0.03743136 0.2358555 -0.4221593 0.02835107 -0.13246252 0.023231559 -0.101170935 -0.113850944 -0.06270074 -0.07032981 0.07110085 0.027625322 0.2577504 0.14769839 0.009223357 -0.2603762 0.015429291 0.08923776 -0.11720921 0.105554536 0.35014915
PAN -0.20180795 -0.15911365 0.16054781 0.040390294 0.1961907 0.029771777 -0.03573137 0.14261177 0.07217383 0.26083225 0.28875455 -0.36487505 -0.17635702 0.059012026 0.047778063 -0.0039145793 0.15984786 0.024241755 -0.13209751 0.11082885 0.28842908 -0.20230357 -0.2229475 -0.008874602 -0.13539849 -0.16472818 -0.011289194 0.03190224 0.0042937463 0.012227795 -0.28699726 0.12711802 0.0618319 -0.007582248 0.17000405 0.21403651 0.40640953 -0.0617764 -0.3046649 -0.18710196 0.22852299 0.086131044 -0.1310821 0.093804024 -0.08131991 0.08850639 -0.00558945 -0.028384916 -0.15750428 0.21658498 -0.07137689 0.46329376 0.26005238 0.192738 0.03292617 -0.029317893 0.11227202 0.23236962 -0.11430771 -0.03269402 -0.016009195 0.00015025494 0.34719807 -0.008204111 0.2599556 -0.278084 -0.122776546 -0.009278853 -0.060551636 0.055974334 -0.10502116 -0.052702144 -0.2992512 0.14980958 -0.035806846 -0.19913495 -0.11987939 0.07199852 -0.17072007 0.16328983 -0.13130839 -0.33203518 0.19914898 0.19885047 0.354919 0.1687896 -0.00017426832 -0.18733625 -0.19652575 0.09099586 -0.007062235 -0.09477729 -0.05636684 0.110695206 0.081400946 0.043402955 -0.22932233 -0.06840612 -0.17172097 0.051858805 -0.016418077 0.043685026 -0.14028193 -0.1698646 0.42749077 -0.025730228 -0.22522123 0.12681189 0.13686886 -0.3794682 -0.0042297537 -0.16108724 -0.07498482 -0.031424783 -0.04416887 -0.07097438 0.011812417 -0.04216867 0.012657549 0.19381168 0.056560323 -0.048890114 -0.22751895 0.021327522 -0.012475905 -0.051480383 0.07672759 0.3715424
TGO -0.095562994 -0.062036883 -0.16531348 0.116590336 0.3638441 0.16182287 -0.073058985 0.09917145 -0.12694195 0.027905134 0.042025946 -0.365057 -0.22762558 0.1710349 0.04644744 0.039534926 -0.093348734 0.10961543 -0.078927286 0.27862653 0.22664914 0.08912953 -0.17460589 0.00968574 -0.050181713 0.14328726 -0.22113384 0.08319413 -0.14100546 -0.003319333 -0.11761751 -0.09410504 -0.50104225 -0.27483937 0.20687303 0.39660576 0.031380642 0.007814794 -0.09737809 -0.030513218 0.017675681 0.01587513 -0.08130001 0.15008298 -0.04847142 0.061610565 -0.13666613 -0.011497742 -0.25052774 -0.092834875 0.014725471 0.29452342 0.38783014 -0.085350886 0.11640147 -0.08659774 0.30599985 0.29258582 0.04263334 0.012660935 0.18621771 -0.061379865 0.12077214 0.03532385 0.24335931 0.10904325 0.106000654 0.03157328 -0.024768282 -0.27071908 -0.16015548 -0.23033045 -0.104859345 0.10022867 -0.02619851 -0.29543242 -0.06720636 0.24070337 -0.20247523 -0.011614813 -0.13541545 0.017211339 0.016093474 0.08282923 0.12559175 0.022486845 0.14711031 0.066788696 -0.04719577 -0.18852782 0.24235822 -0.0016900732 -0.18982193 0.13633206 0.11575222 -0.03495533 -0.31065905 0.03198185 -0.26057923 -0.058589526 0.0647044 0.052059706 -0.07424484 0.36633694 0.110905714 -0.03203793 -0.24436964 -0.095534064 0.15182567 0.054321196 0.12755544 -0.121907204 -0.0008222843 0.18207248 -0.27272668 0.17994587 0.04548755 0.17104128 0.082090475 0.21661597 0.10884395 0.16398314 -0.18268885 0.04453796 -0.1732254 0.055603947 0.0885835 0.34594223
LUX -0.059020814 -0.053275 0.15517177 0.22635385 0.10582676 -0.016869782 -0.15010788 -0.21180925 -0.14075308 -0.08691016 0.13753265 -0.20004997 -0.07825433 0.21583602 0.1659098 -0.11780315 -0.098048195 -0.0654272 -0.17537361 0.16734628 0.09808481 -0.09679469 -0.15442458 0.0038323365 -0.10326023 -0.079580136 -0.18050204 -0.18641837 -0.08469636 -0.028360618 -0.0056645125 0.16373749 -0.009499872 0.14500822 -0.22382244 0.122633986 0.10443651 -0.10463653 -0.1952502 0.3321522 -0.21262415 0.04644605 0.2085623 0.052869264 -0.16098228 0.18742985 -0.18392457 0.1471819 -0.09029499 0.34020162 0.04490079 -0.028977944 0.30956128 -0.24864066 -0.07372742 0.061452907 0.13476403 -0.11874257 -0.07082852 0.13709691 0.08097741 0.16921628 -0.05674283 -0.21368553 0.2786161 -0.13897821 -0.2347908 0.17140833 0.05590547 -0.14432035 -0.012141487 -0.21745762 -0.44528908 -0.3159915 0.48936793 -0.32088205 -0.081005834 -0.030966124 -0.40124443 0.09206835 -0.24561206 -0.046595737 0.01030698 0.2343242 -0.06504259 0.041079573 0.1959775 -0.06267801 0.007123237 -0.014937543 0.12659362 -0.21795136 -0.033572868 -0.023688342 0.29242754 0.37891683 0.029586166 -0.50817406 -0.1529534 -0.16691098 0.0067699724 -0.10795517 0.084612414 0.30321428 0.27791822 -0.14710306 -0.10492204 0.11220132 0.30768374 -0.27351156 0.061010405 -0.2552305 0.43910083 -0.0053414577 0.30539232 0.06550483 -0.33931005 0.18851963 0.20179236 -0.15320402 -0.011981282 -0.17774896 -0.20603834 -0.0052053235 -0.008021091 0.17196493 -0.16360386 0.18964428
MWI 0.070422955 -0.0729824 -0.022361405 0.062386468 0.17155232 0.21746284 -0.34890413 -0.093388684 -0.19539711 0.023941759 0.19294937 -0.12090238 -0.2905729 0.33510113 0.032837383 0.0549933 -0.004080411 0.0472224 0.010513414 0.2736134 0.091430634 -0.06219281 0.049188543 0.07464668 -0.21621613 0.25404623 -0.13492045 -0.043332066 -0.26617604 0.151128 0.016857857 0.10246475 -0.17692481 -0.048338797 -0.1947461 0.25112036 0.0076413443 0.04142908 0.12405129 0.13662186 -0.20361781 0.10568737 0.21165524 -0.1134819 0.084284484 -0.2423569 -0.18739992 0.22208788 -0.15065949 0.00049813197 0.057074632 0.2428544 0.15005077 -0.22211277 -0.1352616 0.2258909 0.32764408 -0.09296675 0.11765638 0.117435955 0.079483405 0.01531941 -0.20253971 -0.05605434 0.23446065 0.014235915 0.21430106 0.045206737 -0.2444627 -0.15743928 -0.2721605 -0.3066939 -0.25284818 0.03259399 0.09526855 -0.14023706 -0.043395575 0.1493023 -0.08217427 0.13261959 -0.1638324 -0.21534267 0.07135788 0.12497843 -0.047912236 0.15747702 0.22785272 -0.17253405 -0.23304012 -0.06737643 0.028859157 0.027988667 -0.1572793 0.06139912 0.21932855 0.27720836 -0.37951484 -0.17353627 -0.1857799 -0.10817835 -0.015015496 0.07371171 -0.2764224 0.6336381 0.24288747 -0.052704226 0.15127352 -0.0589597 0.1409331 0.13366435 -0.122961774 -0.24264689 0.057506546 0.059637945 -0.22784978 0.17835361 -0.2322066 0.3900331 0.16743644 0.17840813 0.14990766 0.098353446 -0.2393633 -0.07871516 -0.09124136 -0.0008586922 -0.09420969 0.115791045
NER 0.05156484 -0.13276042 0.39351553 0.016545542 0.16662557 0.15804106 -0.333579 -0.30341297 -0.12997858 -0.026279686 0.20399536 -0.1999489 -0.081375174 0.08306022 -0.03868453 0.016823936 -0.11922943 0.026733737 0.11199478 0.20648852 0.2129071 -0.15510735 -0.13261549 0.07149084 -0.13559747 0.13870578 -0.2609631 -0.16248177 -0.0014216057 -0.18407774 -0.1485701 0.36304736 0.18928763 0.23025712 -0.021448243 0.14682364 0.1854802 0.06963431 -0.12557718 0.27666473 0.061193313 0.017556285 0.12716514 -0.12684824 0.0629237 0.032636236 -0.030860782 -0.15717678 -0.08191404 0.27333605 0.29594997 0.06330102 -0.054498017 -0.09156852 0.09095596 0.13383529 0.030207686 -0.18691804 -0.16743515 -0.16288055 0.1793825 -0.10131517 0.07209109 -0.012137229 0.38281384 -0.3448727 0.08959858 0.069500335 0.011594128 -0.06461909 -0.019227514 -0.10701487 -0.5383664 -0.09337044 0.15472046 -0.19868602 -0.21418728 -0.030293327 -0.21633717 0.20095487 -0.41163567 -0.19600177 0.36092705 0.252958 0.14856078 -0.010851939 0.010023761 -0.17500174 0.112452514 0.03357255 -0.26175937 -0.22331794 -0.18980406 -0.05875841 0.5251458 0.21823138 -0.121430375 -0.43496826 -0.1257348 -0.20973583 0.21183616 0.16909479 -0.049099192 0.39302146 0.24389176 0.04041287 0.16235583 -0.060612258 0.2299425 -0.23074844 -0.12586387 -0.20624118 0.12075843 -0.14810702 0.014964709 -0.06690504 -0.15771757 0.19419326 0.11609812 0.09849346 0.14251971 -0.021468453 -0.3408543 -0.23944052 -0.013387476 0.11721989 -0.22067596 0.08239931
BGR 0.0774335 -0.087571286 0.42921853 0.42323518 0.18505354 0.19447984 -0.23993972 -0.014089266 0.02315926 -0.0031298369 -0.040356323 -0.025250895 -0.21130744 -0.08403629 -0.00041141157 0.26042747 0.010616417 -0.15189339 -0.12595402 0.11106981 0.025956977 0.09753929 -0.024322277 -0.2052256 -0.08178086 0.094025664 -0.02476088 -0.06130302 -0.10365832 -0.1404237 0.13496298 0.016401062 0.14550526 0.1585899 0.010666307 0.0734827 0.25985917 -0.0074966615 -0.0057013417 0.053172752 -0.16023943 0.10342816 -0.07076316 -0.018080154 0.15635113 0.12382893 -0.10613558 0.032772403 -0.13862199 0.1250112 -0.026114387 0.11414054 0.117375076 0.06850466 -0.075338244 -0.03954563 0.23482111 -0.057631694 -0.08247708 0.05594625 -0.071846195 0.11313617 -0.04368888 0.15653841 0.2596571 -0.20398292 -0.06998127 0.20605333 0.07813384 -0.10458054 0.08854055 0.060009863 -0.1658018 -0.20871618 -0.013676807 -0.06417137 -0.25370094 0.070523635 -0.23273998 0.07991298 -0.21923298 -0.14164098 0.12793334 0.5442881 -0.051053733 0.06303685 0.084069505 0.13976139 0.08912225 0.015603957 0.089940146 -0.13090615 0.04270284 0.048380047 0.19491677 0.0054558255 0.003954574 -0.22966988 -0.05955243 -0.08833912 -0.12507513 0.06709919 0.169418 0.10605993 0.17166212 -0.111145966 0.090519056 0.15201883 0.24036358 -0.07190883 -0.089814536 -0.28855053 0.039331656 0.13972616 0.08061843 0.0425778 0.13012947 0.1792745 0.23443532 -0.040255018 -0.05640292 -0.12350406 -0.016107438 -0.2175887 -0.21405973 0.063137144 -0.10357679 0.010918832
JOR 0.042130806 -0.01813605 0.022921804 0.15318792 0.1393467 0.032025144 -0.007946485 -0.03006236 -0.08718038 -0.09480394 0.009337749 -0.14828093 -0.26834944 0.067639045 -0.021100353 0.103050776 0.007217826 0.018705675 -0.15456766 -0.007047705 0.022921616 0.0103429975 -0.0036607883 -0.13284022 0.109994076 0.2050774 0.018383691 0.02153583 -0.09508414 -0.15327851 0.058642734 -0.017270593 -0.13176307 0.040521123 -0.2196103 0.123645745 -0.058926843 0.030972917 0.047467075 0.12899418 -0.21005432 0.08489611 0.15929775 -0.036103312 0.051037285 0.041550092 -0.11515189 0.0026568985 -0.031277183 -0.028753549 -0.12345172 -0.075992845 0.28309238 0.057502314 -0.112501316 -0.11585718 0.41435435 -0.113388896 -0.04247524 0.07920205 0.23124255 0.04944393 -0.1032514 0.06593129 0.20932749 -0.09491528 -0.064602114 0.08939123 0.10101919 -0.072114184 0.09312161 -0.08113315 -0.22344711 -0.15312572 0.10401958 -0.31620967 -0.22429708 0.16609293 -0.12845635 0.07113869 -0.11805092 -0.09325509 0.12696712 0.27833456 -0.1180661 0.18795085 0.19785103 -0.10922102 0.13312797 0.033545073 0.10325348 -0.109482355 0.12106463 0.08693783 0.07482736 0.06778296 -0.03631089 -0.22019668 -0.094487734 -0.17401089 -0.07929184 0.036618143 0.032447908 0.25327966 0.006794596 -0.115825355 -0.10555932 -0.023012936 0.26034534 -0.22614473 0.06726794 -0.15583698 0.17030388 0.087214425 0.16504188 -0.13092199 0.07284289 0.20166966 0.16505143 -0.026543904 -0.009846483 -0.1580596 -0.13365175 -0.08986507 0.0017835503 -0.05325192 -0.15685472 0.13952108
KGZ -0.045205705 -0.09752471 0.15477319 0.32058594 0.20634717 0.049391337 -0.09296322 0.053825818 0.16821285 0.14334609 -0.027524346 -0.33611208 -0.09505302 -0.005197716 0.209046 0.07367529 -0.084551 -0.054082904 -0.26634935 0.21808748 0.20752913 -0.014809739 -0.15443859 0.04943004 -0.3103309 -0.09598099 -0.018780585 -0.0028852436 0.05246666 0.013146798 0.010105447 0.008484369 -0.10256008 0.02865102 0.06282532 0.17930046 0.19640641 -0.103673935 -0.15321735 0.01896832 -0.16361348 0.037147947 -0.19423407 0.10230437 -0.097483285 0.33647794 -0.09071092 0.12875417 -0.15212414 0.33847752 -0.13287754 0.2228737 0.25905892 -0.12358434 -0.1326114 -0.11876857 0.11546103 0.0951147 -0.012623167 0.1617058 -0.11010165 0.16159351 0.17316644 0.057248205 0.14276628 0.00078533223 -0.15598132 0.14292608 0.082304075 -0.052692182 -0.14202975 -0.03359296 -0.22282463 -0.2291387 0.2397944 -0.088749334 -0.12716514 0.099970676 -0.28795734 0.13304019 0.0755826 -0.03339273 -0.035598855 0.39268485 0.084325254 0.08643943 -0.003728932 0.098248735 -0.09377093 -0.02735554 0.17918737 -0.1847072 0.113305725 -0.003846706 0.15749215 0.20500317 -0.1279618 -0.23675741 -0.22157246 -0.00082919636 -0.06502352 0.02824197 0.1457566 -0.042509686 0.25412932 -0.28211764 -0.18428634 0.30640018 0.24389058 -0.17480516 0.058963474 -0.3775581 0.14120501 0.040982913 0.103488214 0.10889722 -0.042622376 0.07686866 0.13740826 -0.12386245 -0.13302751 -0.15409799 -0.05290771 -0.00013378597 -0.1396939 0.19502383 -0.036110166 0.19341277
MLI 0.09937362 -0.0874967 0.06307921 0.44204724 0.00039967534 0.24578197 0.121428 0.14253353 -0.11682339 -0.008853657 0.002424542 -0.07458455 -0.68328595 -0.07219765 0.5078865 0.2992475 0.39511853 -0.034509644 0.118362516 -0.03397363 0.0014304403 -0.19983834 -0.22511224 -0.41534936 -0.1416109 -0.05985081 -0.07043591 -0.028191 -0.52184886 0.23630929 -0.15735333 -0.28286213 0.036672734 -0.024091074 0.05858794 0.18436497 0.0063851275 -0.22104673 -0.117097944 -0.061039314 -0.12287137 -0.3808647 0.4355171 0.09274383 -0.032916155 -0.072553165 -0.24199143 0.16611892 -0.14784306 -0.08217401 -0.23895788 0.089253955 0.6474599 -0.21268906 0.0211094 0.16291726 0.30143684 0.29419032 -0.024837421 0.13554385 -0.2302011 0.27086872 -0.3395422 0.07755073 0.16351916 -0.15452328 0.09901775 -0.19114196 0.0018298882 0.38218823 -0.17784956 -0.1666188 0.07066102 -0.049498055 0.30405536 -0.35915047 -0.32054663 0.093163826 -0.28711328 -0.10858062 -0.30059555 -0.00019450963 0.02679903 0.635253 0.108552955 0.26871762 0.5747343 -0.055875257 0.08873549 0.28280276 -0.07155427 -0.3645546 0.20053816 0.29097718 -0.04646606 0.19624938 -0.23491311 -0.021898892 -0.03905906 -0.1953741 -0.08639882 0.092962764 0.2797351 0.0606486 -0.0098685 -0.10630192 -0.08272247 0.10697846 0.21942997 -0.29889268 0.30908978 -0.27240306 -0.06804149 0.08729445 0.11262658 -0.15504508 -0.03231408 0.16265282 0.10770296 -0.050634004 0.14139669 0.09625347 -0.2125961 -0.13099591 -0.15385239 -0.13599133 0.018181251 0.0479398
URY -0.07975759 -0.03210672 -0.12915272 0.05899225 0.18104325 0.16194299 -0.043746777 0.051012743 -0.05245807 0.0671189 -0.022428526 -0.3441765 -0.15729503 0.17737629 0.008489001 -0.059570305 0.12221462 0.15860204 -0.06618091 0.17712675 0.2383647 -0.052343108 -0.14396183 0.041894153 -0.00714437 0.048475612 -0.120689444 0.0055346335 -0.10508327 -0.085104525 -0.15067524 0.008446764 -0.2981925 -0.14737304 0.16469115 0.25117272 0.14172927 0.0060315947 -0.14893283 -0.0904027 0.12052127 -0.04472679 -0.028546086 0.12194105 -0.09241955 -0.06130478 0.06641072 0.020563383 -0.17839436 0.056263633 0.0031895312 0.24078879 0.4396659 0.026396738 0.1195365 -0.065709144 0.18352456 0.09874417 -0.004793314 0.050266095 0.1449338 -0.055517286 0.16036941 0.10964253 0.21029253 -0.13650978 0.04338848 -0.05015406 -0.035100717 -0.07931337 -0.17694408 -0.19192469 -0.21599048 0.08318108 0.02458049 -0.26990372 -0.14326413 0.23497762 -0.20232232 0.18342873 -0.19934481 -0.11422269 0.13463229 0.08436263 0.2341412 0.13830604 0.13515243 -0.07259693 0.019845353 -0.055970795 0.1044703 -0.18812224 -0.16978587 0.094039455 0.16843705 0.082359694 -0.23941989 -0.016432649 -0.27673918 -0.009315474 0.15446247 0.133967 -0.026764696 0.2131662 0.1939526 -0.044391595 -0.16127631 -0.06559983 0.098997094 -0.22261009 0.11817602 -0.1249447 0.011506973 -0.0016832629 -0.14572388 -0.03061731 -0.046555202 0.11412825 0.03742738 0.19010963 0.14682892 0.081310235 -0.27903506 -0.007027142 0.054059964 -0.042792365 0.003441336 0.31565505
LAO 0.17380172 -0.06864186 0.0050964067 0.048062388 -0.090882644 0.117953844 0.23084402 0.049313687 -0.080152065 0.25229567 0.30208388 0.058541577 -0.42771924 -0.18147063 0.3777149 0.3759169 0.09941671 0.07613354 -0.040189177 0.01129357 0.091877945 -0.0042255986 0.010805513 -0.44724172 -0.40148944 0.09290142 -0.17282923 -0.051210735 -0.42578197 0.22524928 -0.2560637 -0.14782411 -0.10505973 -0.25966492 -0.14905003 0.2155882 0.055483684 -0.096783906 0.22901388 0.08131992 -0.16113137 0.18754977 0.33111274 -0.10969805 -0.05872239 -0.07937759 -0.21273224 0.006453737 -0.055146012 -0.072591074 -0.0027581952 0.047504563 0.21958332 0.063675515 0.03168083 0.32807398 0.47714183 0.19413479 -0.102425314 -0.049313605 -0.10891978 0.10343348 -0.2072672 -0.039975155 0.19782847 -0.014762126 0.15452194 -0.23218538 -0.15471338 0.18113014 -0.06752447 -0.14266858 0.116159275 0.10811566 -0.02227272 -0.14708616 -0.14263217 0.13051946 0.021295007 0.084160365 0.0066099595 -0.07270893 0.06265172 0.28851306 0.12931101 0.43606713 0.3223471 -0.27275926 -0.025378762 0.197607 -0.3247428 -0.083186865 0.28467607 0.22999011 0.10872491 0.29930344 -0.33066154 0.08816713 0.007278921 -0.26598576 -0.056138657 0.014993947 -0.002030714 0.28414357 0.11138756 -0.14158082 0.11185665 -0.038462136 0.029441942 -0.269796 0.13853936 -0.28697485 -0.12829103 0.15279953 0.04840358 -0.07813831 -0.16049986 -0.09068608 -0.022232344 0.020764004 -0.0018228043 0.060217604 -0.250113 -0.09352729 -0.062357575 -0.021351747 -0.078918114 0.018683802
TJK 0.021224929 -0.08447492 0.101909496 0.3245263 0.14376344 0.115913294 0.034717355 0.05450466 0.28631806 0.09437864 -0.090454884 -0.3277522 -0.09541072 0.11508401 0.31561098 0.014153689 0.004034054 -0.032592114 -0.32407075 0.27695253 0.28476262 -0.07326417 -0.18173987 0.10938399 -0.33466983 -0.19611153 -0.010573232 0.086631075 0.020602211 0.049718298 0.1295348 -0.03082354 -0.22088471 -0.050115082 0.102564216 0.080385335 0.16559254 -0.14397852 -0.09579868 0.010167575 -0.23025471 -0.03528048 -0.19394821 0.098563105 -0.024901237 0.30769902 0.0054981406 0.3315275 -0.11698027 0.4576325 -0.2324277 0.14966588 0.36985314 -0.09504839 -0.1283413 -0.17188792 0.16023077 -0.08064486 -0.049961306 0.36577436 -0.1841993 0.18750434 0.20349203 0.18683405 0.08118004 -0.032635257 -0.109773844 0.12969412 0.09936292 0.037134893 -0.29732642 -0.035379916 -0.16261521 -0.2400755 0.27508935 -0.23156692 -0.105237424 0.115183316 -0.27191246 0.2610326 0.1255024 -0.08280605 -0.042234752 0.3922679 0.16287075 0.2066458 0.052371457 0.16974215 -0.0446863 -0.08255757 0.19124313 -0.36942202 0.12590533 -0.0750083 0.03281872 0.28832167 -0.14169396 -0.2507737 -0.26522955 0.040340066 -0.0538774 0.026582079 0.12297052 -0.03663155 0.20529567 -0.3055285 -0.14056264 0.29023302 0.23219784 -0.27849436 0.17509432 -0.43454415 0.11664591 -0.03359785 0.118054554 0.07949844 -0.08655997 0.07732992 0.17944954 -0.23298594 -0.1565725 -0.22219287 -0.08685417 0.04531353 -0.0028576702 0.094676286 -0.028483426 0.16729136
SVN -0.19847457 0.017823292 0.042297784 0.15427165 0.2342314 0.06708106 -0.07596895 0.015952036 -0.06307542 -0.26014084 0.10322664 -0.2056864 -0.18308862 0.18025738 -0.02117691 0.051829945 0.24417382 -0.18209168 -0.045316793 -0.027526453 -0.053367566 -0.23916866 0.01788859 -0.06330025 0.17489202 0.098236375 0.04037658 0.048811194 -0.2367969 -0.18802002 0.10378631 -0.1223059 0.030331003 0.09246933 -0.039758716 0.10561565 0.03189963 -0.06404391 -0.12674499 0.012534187 -0.18312791 -0.118671745 0.2518737 0.123888195 0.0971053 0.06519423 -0.07558598 0.20369807 -0.12951475 0.12850033 -0.38622937 0.1120223 0.49310595 -0.1328545 -0.096657544 -0.1213623 0.26525933 -0.01894164 -0.057600565 0.10598397 0.107528284 0.10140046 -0.047904104 -0.03658334 0.27915987 -0.21095122 -0.24993123 0.14635113 0.114159726 -0.0023294236 0.05975171 -0.08037963 -0.21592273 -0.1434893 0.09017866 -0.46253508 -0.20419644 0.08035428 -0.34641558 0.0843375 -0.18881053 -0.14614423 0.091118656 0.20460144 0.040298946 0.24543555 0.24605432 -0.06602094 -0.10944125 0.0362225 0.20758936 -0.09559842 -0.022166938 0.15998445 -0.047652103 0.099894516 -0.18069057 -0.20871237 -0.13343853 -0.0694309 -0.007821517 0.0046753967 0.00075262354 0.10711462 0.22584352 -0.18340956 -0.27503893 0.12967311 0.40646103 -0.25509226 0.10583233 -0.093907855 0.2497279 -0.07728152 0.35322097 -0.23702188 -0.047087174 0.3206992 0.281741 -0.1248858 -0.027107917 -0.20602268 -0.14965543 -0.15348049 -0.06633979 -0.17907664 -0.16444546 0.2779113
ARG -0.055022284 -0.06622018 0.04720578 0.06865904 0.3079993 0.1476643 -0.041763168 0.0031136887 -0.06144031 0.074703544 0.009734152 -0.39440593 -0.17147921 0.12007205 0.023979677 0.050044227 0.16953745 0.105313815 -0.04278251 0.21230906 0.26228648 -0.16427463 -0.12372878 0.08085791 -0.08039444 -0.08086001 -0.1800206 0.07938904 -0.10705747 -0.030870544 -0.16085729 0.033777185 -0.0710413 -0.07883664 0.053989906 0.18914479 0.27288958 -0.013642376 -0.11673909 -0.06913381 0.09233096 0.0035352504 -0.05622607 0.027501646 -0.13026989 -0.00024428882 0.028721463 -0.07641603 -0.21665163 0.05082272 0.008516872 0.39209154 0.2773055 -0.058591567 0.042872537 -0.0049490584 0.15035132 0.10782038 0.034568142 -0.07168007 0.16918111 -0.05485779 0.16630857 0.0643537 0.18172449 -0.16220006 0.077544 -0.09112629 -0.045617364 0.002636544 -0.15713641 -0.1360167 -0.23916228 0.13689189 -0.10180331 -0.22613104 -0.095997974 0.09045835 -0.12612446 0.14374657 -0.15617056 -0.15290578 0.17783664 0.08033256 0.308944 0.21266396 0.0724605 -0.08020238 -0.006944492 0.03947588 -0.00896006 -0.120576926 -0.1391514 0.10819004 0.05785386 0.03349587 -0.2430823 -0.062145635 -0.23769109 0.08048756 0.14201888 0.17405486 -0.09359996 0.10269532 0.27462083 0.0055407044 -0.11205257 -0.0636581 0.1778104 -0.11433919 -0.009997604 -0.09491043 -0.13889697 -0.07905723 -0.10996236 -0.063069366 0.071734376 0.1475418 0.0049482337 0.16774473 0.06874702 0.03837188 -0.19926208 -0.07419299 -0.08359228 -0.034332074 -0.055565663 0.32053244
GEO 0.022476692 0.042929266 0.2845179 0.08855016 0.3620429 -0.020333633 -0.068731666 0.14382714 0.1528378 0.24472642 0.020518024 -0.5010807 -0.1306203 0.009861014 0.22624417 0.09148091 -0.0038610545 0.04438012 -0.42802584 0.053957682 0.14265586 -0.032446336 -0.09273573 0.11813607 -0.19667149 -0.2623383 0.0679262 0.112064004 -0.02640627 0.045180347 0.008115247 0.027269822 -0.05215622 0.054824285 -0.08588799 0.0558322 0.42899063 -0.19943726 -0.1275835 0.05329115 -0.14957638 0.012077881 -0.15431929 0.1133251 -0.19623658 0.30678502 -0.09651207 0.06188488 -0.140919 0.278694 -0.14918354 0.30797818 0.28355518 -0.08242069 -0.18013722 -0.12438735 0.28849792 0.093262486 0.068797156 0.17075327 -0.06936744 0.17569244 0.1375759 0.05478682 0.07855711 -0.04056578 -0.22057308 0.044712443 -0.022534883 -0.008794102 -0.019823669 -0.08069161 -0.21670638 -0.19649725 0.17721097 -0.2144605 -0.02414691 0.04215721 -0.288652 0.22167721 0.06107806 -0.14092325 -0.015664697 0.23462589 0.018112153 0.2626289 0.06825224 0.08352017 -0.060090154 0.059632335 0.007992413 -0.064830065 0.00017584297 -0.07626259 0.07796178 0.21550581 0.07683933 -0.21794164 -0.35720208 -0.04551736 0.013985558 0.03819888 -0.08039706 -0.10871869 0.42783943 -0.31677 -0.07343686 0.3234225 0.17325029 0.07687639 0.0064196982 -0.27411735 0.10421826 0.06348733 0.24336833 0.17227174 -0.031760715 0.23471 0.18077035 -0.3237603 -0.20354891 -0.17818306 -0.12692036 0.032992307 -0.2849045 0.18051581 0.042789716 0.16595325
ETH -0.0039701406 -0.11207233 0.28264928 -0.056225292 0.023080157 0.1363652 -0.34659228 -0.22176737 -0.06252054 -0.04999256 0.21108556 -0.16039792 -0.1135803 0.16526607 -0.028853808 -0.035152648 -0.09379949 0.044173524 0.1352288 0.1952243 0.23567241 -0.09639207 -0.16576573 0.091374144 -0.10128578 0.16719323 -0.17669493 -0.1596289 0.020716913 -0.25639743 -0.14701237 0.26986998 0.038019873 0.18285944 0.088376604 0.21836147 0.1309935 0.023052914 -0.16468564 0.20741114 0.049623217 -0.069252275 0.17447676 -0.02267448 0.07467814 -0.01982723 -0.006930661 -0.09137029 -0.044414487 0.320947 0.1880309 0.057502203 0.10375734 -0.040145688 0.17495377 0.066503316 0.07332367 -0.15433301 -0.1976634 -0.070484154 0.120706216 -0.058745235 0.10716145 0.0021657674 0.37897208 -0.3230425 0.09790425 0.10833549 -0.029131308 -0.09275657 -0.07848317 -0.1216466 -0.459839 -0.081660986 0.24810566 -0.16165404 -0.21579494 0.055866312 -0.23915103 0.23920727 -0.39512154 -0.18644722 0.27973744 0.22828297 0.114020765 -0.017792068 0.035644777 -0.18524122 0.007905555 -0.08392336 -0.2161548 -0.31938675 -0.19305305 -0.07509514 0.59102297 0.27944207 -0.109562725 -0.3258549 -0.15208422 -0.27963307 0.23909073 0.09964762 0.042363077 0.3939057 0.1986745 -0.021845715 0.119055584 0.021897722 0.19602518 -0.3325582 0.017715676 -0.18893561 0.20183389 -0.16517885 0.0008137979 -0.029519292 -0.29011595 0.14641559 0.10298188 0.058916826 0.18260176 0.03391135 -0.4146382 -0.19750845 0.05313459 0.033583168 -0.17116581 0.095027804
KHM 0.09186035 -0.07488869 0.009424889 -0.12272333 0.061499417 0.0827984 0.26110607 -0.088323236 -0.15777582 0.24033013 0.3330834 -0.07350667 -0.16996962 -0.06103959 0.24082042 0.27934444 0.1200471 0.19535556 -0.26002854 0.17680445 0.23878282 -0.08300142 0.06079076 -0.15205297 -0.34557268 0.031211695 -0.2757142 -0.0034978765 -0.21744832 0.12888709 -0.29897898 -0.03155236 -0.12944274 -0.2019113 -0.22439834 0.25841558 0.18691353 -0.045458194 0.156545 0.06226143 -0.21284035 0.3630671 0.18191656 -0.13122849 -0.21913897 0.012604328 -0.14902574 -0.047806963 -0.12899582 0.022718854 0.113656245 0.07280134 0.111034244 0.162872 0.04382101 0.28484544 0.38917693 -0.010018266 -0.008357327 -0.13500975 0.14966096 -0.007798275 0.03376705 -0.11191381 0.23702835 -0.13866654 -0.014851411 -0.14818262 -0.11777494 -0.037223134 -0.12358742 -0.20675394 -0.039245125 0.10829473 -0.19887124 -0.13511176 0.09895875 0.15149945 0.06378179 0.26156646 0.04405904 -0.09609324 0.10755757 0.004205369 0.25436908 0.42592707 0.07699558 -0.3555431 -0.0037686375 0.15774198 -0.32620665 -0.023149299 0.23294571 0.12713756 0.15370777 0.22370988 -0.35579222 0.035937984 -0.033902816 -0.14609705 0.060449503 0.06042048 -0.09272762 0.27587733 0.21833983 0.015581025 0.00623638 -0.052368533 0.07190545 -0.33723572 0.071235865 -0.23910812 -0.18983799 -0.10117312 0.09045837 -0.12646866 -0.11646274 -0.09600984 -0.013240465 0.0029445023 -0.13810034 -0.058733005 -0.30711862 -0.0170074 -0.038338825 -0.03059517 -0.2641492 0.20054893
PER -0.19593552 -0.15590526 0.16202535 0.22737458 0.3671444 0.007926436 -0.03226239 0.077761225 0.03920127 0.1581538 0.30984044 -0.4071401 -0.18155552 0.04159355 0.10533425 -0.008955733 0.06893542 -0.11305722 -0.12494677 0.119616024 0.2219736 -0.29206204 -0.25755346 0.043986537 -0.12928638 -0.20203227 -0.035881806 0.03495478 -0.0203932 0.095162496 -0.26290795 0.14775401 0.09942544 0.067344874 0.10002887 0.23329853 0.31016758 -0.09514905 -0.3700677 -0.17517692 0.15302962 0.079445146 -0.14547528 0.11156788 -0.08355975 0.20127395 -0.07281162 -0.03085316 -0.22278205 0.20345023 -0.00019050736 0.4491011 0.16768314 0.025789915 -0.0032929014 -0.058560055 0.022304446 0.28995013 -0.22345029 -0.087075934 -0.029856084 0.047863875 0.26347116 -0.14253753 0.19520114 -0.24901557 -0.11664117 0.048615616 0.017744461 0.030273713 -0.07238478 -0.08640251 -0.35169503 0.093925186 0.04679927 -0.3177416 -0.15324168 -0.06851152 -0.15457755 0.023991754 -0.18723565 -0.27610353 0.20273826 0.3177477 0.26170504 0.057423223 0.08808856 -0.1906087 -0.13082217 0.15674359 0.012370461 -0.06252078 -0.021883208 0.062378332 -0.018885193 -0.06998519 -0.18025412 -0.23269704 -0.12869385 0.10523767 -0.20279509 0.012193438 -0.13785326 -0.2295023 0.27832866 0.041452717 -0.3624232 0.18712255 0.22386199 -0.3537638 0.017897347 -0.1292733 -0.106848456 -0.034673166 -0.095920414 -0.059523966 0.15158924 0.05704756 0.023111226 0.21100375 0.024930086 -0.11425704 -0.11730422 0.059873834 -0.08265398 -0.039071906 0.07844842 0.35892156
MUS 0.25867847 -0.020715341 -0.08316396 0.021243537 0.3654585 0.1298295 -0.38192612 0.087829955 -0.18768372 0.3271297 0.110839605 -0.27500886 -0.19055589 -0.19516528 -0.047145482 0.2403165 0.20285843 -0.22881871 -0.036259558 0.4621594 -0.042351246 -0.21632099 -0.007425557 -0.038132414 -0.40253899 0.26832014 0.16948034 0.01355171 -0.5026757 0.10591556 -0.021689182 0.292204 -0.37515214 -0.16696748 0.0538378 0.33460832 0.023560546 0.0568533 0.107221715 -0.08329031 0.08470474 0.22147791 -0.015874954 -0.061456814 0.48766986 -0.08748357 0.04117548 0.30503055 -0.016866595 -0.18596862 -0.032365046 0.1873344 0.062437136 -0.21540487 -0.15256558 -0.039150976 0.4358445 -0.11274507 0.04982166 0.0053857733 0.07817587 -0.11187769 -0.3755151 0.3740145 0.1326103 -0.044787534 0.25826657 0.09811283 -0.26660043 -0.37030733 -0.3242727 -0.20091282 -0.25932118 0.11145541 -0.039663758 -0.34026077 -0.2646817 0.32374692 -0.095592804 0.22753511 -0.064247206 -0.17204627 0.18666609 0.29663852 -0.12766725 0.13672194 0.37853217 0.041626867 -0.02841574 0.13481764 -0.09099202 -0.09049672 -0.25877282 -0.047278 0.029171769 0.21526349 -0.27402186 -0.3394618 -0.1538474 0.061005 -0.26383027 0.34663337 -0.49947977 0.6970383 0.15105072 -0.08804813 0.15414007 0.21275595 0.22339426 0.36557484 -0.24273725 -0.2936358 0.02776096 0.27868462 -0.39448488 -0.1601139 0.2255153 0.5348133 0.047543336 0.25925714 0.09942514 0.046531398 -0.31226107 -0.10930348 -0.20582235 -0.19768307 0.08707619 -0.04696867
BHR 0.050617192 -0.034819197 0.11387005 -0.027487356 0.11372542 0.2865985 0.13861059 -0.14897387 -0.13977613 0.1499602 0.06290933 -0.071549885 -0.23437242 -0.08641023 -0.0066941134 0.31454512 0.046111144 0.085916 -0.13911963 0.2148401 0.16911258 0.025839843 -0.03037118 -0.21160851 -0.20110248 0.24079919 -0.21300116 0.0061869165 0.021757185 -0.17498963 0.004421292 -0.013939427 -0.20231736 -0.13653527 0.010240343 0.26492488 0.054614633 0.014134709 0.022507163 -0.08316731 -0.18767089 0.22874711 0.049585003 -0.048819218 0.08983462 0.006090268 -0.0689959 -0.09231773 -0.182709 -0.049017902 0.2312466 0.15150653 0.10877191 0.26256734 0.10564941 0.058470853 0.34444115 0.015125068 -0.101697564 -0.18720625 0.07829671 -0.08624897 0.25631887 0.0716654 0.26509196 -0.19378561 0.0839135 -0.062411517 0.11493208 -0.08991576 -0.0855162 0.0070451885 -0.09121491 0.09880933 -0.13793889 -0.08606001 0.020821894 0.23558952 0.115177445 0.27273226 -0.15042402 -0.061046578 0.14755021 0.053576604 0.21921146 0.13536435 -0.018919004 -0.19081153 0.08852877 0.04848659 -0.1029462 -0.072015144 0.059282318 0.031244691 0.25179774 -0.0047553023 -0.24618037 0.05851659 -0.12778437 -0.10922515 0.0938959 0.07516232 0.11327847 0.13649938 0.11069906 0.084380075 -0.06007258 -0.07514225 0.08547051 -0.31260195 0.19374017 -0.1366113 -0.12269867 -0.14873496 -0.045352098 -0.14429742 0.16717938 -0.12764594 0.11513901 0.082274094 0.011848684 0.012247227 -0.27327546 -0.034724653 -0.047712497 -0.19128306 -0.24896888 0.12221007
TON -0.107883126 0.062025946 -0.07015406 -0.18200593 -0.05759157 -0.114818335 0.0939115 0.05781614 0.007094581 0.35660714 0.5238997 0.07165394 -0.1927308 -0.13449882 0.1530883 0.20228244 -0.04639657 -0.1191525 -0.2935617 0.0027627277 0.07170353 0.107226655 0.046870396 -0.21018332 -0.29852816 0.09446248 -0.012822692 0.054113295 -0.11918384 -0.12437254 -0.20373222 -0.037072368 -0.1653249 -0.085763045 -0.21242185 0.41869423 0.18007252 -0.22309303 0.14942937 -0.017210005 -0.1945314 0.45772392 0.027678391 -0.018562635 0.03399456 0.11555008 -0.12256823 0.0031556603 -0.041494757 0.15414584 -0.07240188 0.2363632 0.09708799 0.23031768 0.035027087 -0.012127232 0.6187168 0.17159033 -0.20035273 -0.04560092 -0.026185589 0.12283133 0.0795118 -0.16487153 0.3140215 -0.018432612 0.020016318 0.04800477 -0.18891361 -0.2662524 0.16912195 -0.068613075 -0.063573435 0.06184724 -0.06330946 0.020670941 0.018282183 0.08534249 -0.04396243 0.3247877 0.08006594 -0.24605788 -0.031994432 0.128924 -0.061490647 0.29202458 0.033697028 -0.39672384 -0.22619985 -0.0007400224 -0.16199684 0.067329735 0.17153053 0.07792844 0.15924492 0.26609063 -0.17828399 0.035254337 -0.13873297 -0.23327118 -0.13615781 -0.032042183 -0.11543312 0.26535475 0.1840582 -0.2375544 -0.033874683 0.26753393 0.118901 -0.2679345 -0.037877053 -0.19849767 0.0400115 0.15120853 0.046671726 0.052274443 -0.12105327 -0.033586655 -0.0788919 -0.0077061383 -0.20890363 -0.046007626 -0.18087773 -0.0085451165 -0.0835878 -0.06504481 0.0067195096 0.12178334
VEN 0.008904941 -0.05074087 0.07232346 0.2866569 -0.06402115 0.12101676 0.24616279 -0.28308013 -0.015117382 0.062576175 0.22131991 -0.12358857 -0.2855428 0.12098961 0.14517412 0.1456057 -0.16558969 -0.26709926 -0.20773147 0.29049245 0.3607225 -0.05621387 -0.30999812 -0.11474871 -0.3464166 0.095158964 -0.09066875 0.17700395 0.013794601 -0.16740865 0.1601397 0.11199848 -0.32105237 -0.014659817 -0.1963508 0.20919836 -0.019209579 -0.11744483 0.048182093 0.042045016 -0.33769068 0.22940367 -0.182633 -0.049890302 0.23278737 0.054408666 0.097620726 0.23216242 -0.21521926 0.2502576 0.112082414 0.07868599 0.05136461 -0.033091836 0.019466298 -0.019367928 0.1641836 -0.24661678 -0.38870314 0.23709014 -0.06911337 0.26192945 0.24058354 0.084931605 0.16901071 -0.20193227 -0.05968456 0.15135132 0.0077140536 -0.21106407 -0.19191125 0.069164954 -0.34993282 -0.06456266 0.21286874 -0.3183132 0.12382632 0.056256235 0.03363989 0.2362247 -0.06124458 -0.12169709 -0.021577643 0.22178906 -0.02516845 -0.015606272 0.062175736 -0.19675829 0.107095286 0.010385178 0.023674792 -0.35504875 -0.0456501 -0.21317147 -0.04497112 0.3004714 -0.17099966 -0.2989089 -0.12160342 0.036370885 -0.12685187 -0.1794272 -0.13133338 0.08576435 -0.072367966 -0.016649157 -0.06450967 -0.03605995 0.15323964 -0.31587395 0.13897835 -0.2895839 0.0453462 -0.14375119 0.04964576 -0.028016945 0.18248212 -0.047677018 0.093584925 -0.054575957 0.02058057 -0.31466767 -0.318638 -0.04029219 0.21181571 -0.23555265 -0.08108625 -0.0487378
WSM -0.19214435 0.096609 -0.07878387 -0.08788103 -0.06534048 -0.23313011 0.07754407 0.12723017 -0.12958944 0.48261863 0.48578456 0.06897197 -0.4569877 -0.30606255 0.21007873 0.13654435 -0.19184855 -0.25522333 -0.34355968 -0.1690169 -0.0680424 0.24349974 -0.21300633 -0.3746711 -0.20838368 0.09868952 0.098060444 0.1459574 0.03819476 -0.34507465 -0.29408297 -0.08132964 -0.121291615 0.04517496 -0.1423487 0.5325878 0.087413535 -0.38365403 0.018793928 0.012244404 -0.19401303 0.3397757 0.06468521 0.20592456 0.1493527 0.29567328 -0.26325098 -0.037515536 -0.067775205 0.21423142 -0.10773596 0.35449907 0.36429033 0.15664274 0.13402098 -0.30825427 0.91640496 0.47537163 -0.24278058 -0.07740921 -0.16171391 0.25233015 0.14659005 -0.17909378 0.3820489 0.052111924 0.039573498 0.1344617 -0.1136235 -0.3442615 0.35226887 0.09132463 -0.18250686 -0.040725607 0.1721066 0.11358684 -0.21276852 0.044377755 -0.15326579 0.3444203 0.04886312 -0.2276877 -0.1355571 0.3985617 -0.328704 0.059878986 0.24524224 -0.38804075 -0.22359812 -0.036638025 -0.03007643 0.07938409 0.20569316 0.14632642 0.23284528 0.29813874 0.038434513 0.17755799 -0.25408387 -0.36326948 -0.10489189 0.06353114 0.066449806 0.22510126 0.11456719 -0.34994656 -0.1127805 0.5391947 0.23942254 -0.28720826 0.06551403 -0.09453938 0.18691045 0.3311357 0.035749085 0.05410608 0.1195876 0.019333804 -0.062315807 0.06447373 -0.1408628 0.024161981 -0.18388914 0.017372653 -0.29871312 -0.08133108 0.17081195 0.11766074
OMN 0.038184837 -0.04627047 0.12948288 -0.035045296 0.15478778 0.12694806 0.22170742 -0.28924885 -0.15968141 0.20968433 0.05113225 -0.17837341 -0.34751716 -0.12724847 0.17169106 0.3724217 0.001770971 0.0152346995 -0.15802248 0.23416126 0.15869865 -0.040900163 -0.12958881 -0.03184384 -0.25941506 0.089823924 -0.2722945 0.12666173 0.10448439 -0.07476206 0.020608548 0.059080355 -0.10454624 -0.0699729 -0.31178603 0.25084153 -0.034619085 -0.08310333 0.09725637 -0.054873563 -0.38066384 0.20687537 0.06598336 -0.16719358 0.17455384 0.14227541 -0.06389844 -0.14819147 -0.12808776 -0.0033849815 0.16272749 0.16044934 0.022447664 -0.00706201 0.050027225 -0.041293554 0.4742722 -0.0352604 0.011991786 -0.1543202 0.12898429 0.024161497 0.23009317 0.10842564 0.15773849 -0.1691074 0.25270322 0.018284297 0.036901552 -0.08455735 -0.2104583 0.19462983 -0.19226336 0.13473389 -0.118914984 -0.09279922 0.04478575 0.05652646 0.24802518 0.24518932 -0.07149769 -0.09971452 0.016253812 0.14313889 0.104287244 0.16661756 0.05228639 -0.24262986 0.0760695 0.17359754 -0.2253059 -0.20961693 0.22955237 -0.14730413 0.026381822 0.13624506 -0.19275609 -0.014343334 -0.12074806 -0.037582412 0.100575134 0.07867697 -0.0050359764 0.10328792 -0.07228863 0.16119207 0.0037760367 0.035910822 0.10965443 -0.18286885 0.13720413 -0.15729997 -0.294964 -0.24027419 -0.07595995 -0.32027033 0.29402012 -0.022023574 0.023160506 -0.010401844 -0.13358384 -0.124621086 -0.3191412 -0.06254936 -0.028946728 -0.29225394 -0.20582536 0.088995
PRK 0.002378724 -0.020098606 0.15902638 0.30943552 0.46325168 -0.022975586 -0.038179632 -0.003310428 0.09735911 0.062360946 0.24379848 -0.47568393 -0.2558189 -0.028166901 0.2561144 0.25762165 -0.3239103 -0.20148826 -0.35764158 0.110985264 0.17873189 0.01831434 -0.06980775 0.085909344 -0.2550379 -0.042018726 -0.11257014 0.022046462 0.053170256 0.07946935 -0.15958044 -0.030741988 -0.14080656 0.09767385 -0.17516233 0.3995929 0.107742734 -0.18092911 -0.11939149 0.053661596 -0.28345993 0.1561172 -0.16128258 -0.059685282 -0.22871687 0.3635006 -0.17231493 -0.13700004 -0.27363837 0.101488374 0.101100676 0.19295457 -0.09920661 -0.1338378 -0.13201553 -0.069900386 0.062137157 0.22038421 -0.28483793 -0.06967832 0.011574422 0.18716155 0.03393062 -0.26627463 0.1593425 0.013481306 -0.0544848 0.11710467 0.10202846 -0.18630464 0.06646935 -0.12482496 -0.2335388 -0.12368172 0.23216334 -0.24763025 -0.0053745206 -0.04484793 -0.15071596 -0.16037227 -0.16104087 -0.0037740786 0.05628358 0.387529 -0.059796024 -0.056785002 0.023272917 -0.11501192 0.037279863 0.16991775 -0.024434306 -0.04075705 0.15569474 -0.050243188 0.17555757 -0.116850875 -0.056403685 -0.36692458 -0.14861089 -0.16191414 -0.27687675 -0.052549317 0.0035350744 -0.065275095 -0.013120943 -0.12382634 -0.40562764 0.2271638 0.23931581 -0.05846598 0.06567625 -0.34412313 -0.07787978 0.09119085 -0.037403483 0.22741912 0.15792248 0.09100902 0.02966418 -0.06725817 -0.19322948 -0.17693257 -0.04477481 0.10811422 -0.23600437 0.22001557 -0.09001019 0.19945079
MDV 0.0749925 -0.08044219 0.098923534 -0.032655556 0.11561732 -0.078686506 0.10686279 -0.17074932 -0.108107075 0.21979342 -0.06793074 -0.024953384 -0.22197428 -0.12296249 -0.0040302277 0.11451573 -0.33914882 -0.11333577 -0.15648408 0.2888337 0.07148197 0.24228671 -0.17103352 -0.16321999 -0.054315254 0.19701886 -0.10227839 0.28368494 0.273962 -0.2050218 0.044058945 0.14481863 -0.02794058 -0.10865353 -0.36700287 -0.0139280185 -0.06601267 -0.023069333 0.1028208 0.28196338 -0.3403096 0.2407365 -0.06192672 0.028286062 0.39573547 0.43257442 -0.009499871 -0.12038092 -0.10720431 -0.04758828 0.19115323 0.07764114 0.06375347 -0.022728505 0.025653668 -0.07712203 0.72930336 -0.09303454 -0.039386973 -0.25338945 0.09893342 -0.01696466 0.37972942 0.18836804 0.17399621 -0.032394227 0.33288595 -0.02139396 0.15953611 0.08411548 0.01812194 0.14695978 -0.33651525 -0.029312061 -0.13423774 -0.051433638 -0.3298899 -0.05127385 0.030006716 0.06224744 -0.05481351 -0.19062513 0.12143462 0.0658982 -0.035857685 0.13545024 0.13405682 -0.06525612 0.103173785 0.070833646 -0.16883592 -0.21578722 0.14289388 -0.10042797 -0.02312433 0.39959058 -0.010030355 -0.045021385 -0.078627326 -0.12304418 0.16165705 0.0558788 -0.17217797 0.20402952 -0.1185368 -0.10659115 0.14823225 0.022104392 0.22588903 -0.23172244 0.11124634 -0.22159654 -0.08553743 0.07452698 0.067267604 -0.3602398 0.23455437 0.015018214 0.08908223 0.2645382 0.091029875 -0.2589648 -0.21341078 -0.022215717 -0.083988234 -0.27244204 -0.21564297 0.03796939
ZMB 0.28365785 0.0021361716 0.079151124 0.22120497 0.19969963 0.22214231 -0.045204207 -0.13494734 -0.15235275 0.1076046 0.034759622 0.04717951 -0.17769963 -0.23639137 0.20157221 0.34941012 0.22014146 -0.16089383 0.048806243 0.24417882 -0.13669871 -0.06545564 0.08609665 -0.19324368 -0.26946357 0.13337456 -0.14574741 -0.16806251 -0.4203493 0.17328407 0.050280776 0.08729989 -0.05091647 -0.14136834 -0.14734069 0.10288172 0.03262181 0.007792149 0.22076999 -0.07853416 -0.020428235 0.15499769 0.20575228 -0.10715548 0.24808432 -0.10027243 -0.13242811 0.18738455 -0.07651241 -0.13986501 0.065390244 0.062402986 0.08365049 -0.10158422 -0.027032975 0.20795766 0.3784619 -0.011093468 0.036096536 -0.05086169 -0.088242516 -0.0115148965 -0.38230878 0.2110431 0.14842744 -0.12864904 0.23925462 -0.011547634 -0.08087458 0.036402203 -0.21086998 -0.14821807 -0.120587334 0.0616063 -0.13940434 -0.19846568 -0.2619858 0.085470974 0.048286036 0.19875854 -0.11128545 -0.071167566 0.09175599 0.32525483 0.0012428187 0.1919627 0.3980425 0.005205675 0.1544304 0.26871073 -0.10700279 -0.106076136 0.12195322 0.015882354 -0.023994658 0.035048068 -0.3178354 -0.16061632 -0.11017985 0.087401666 -0.19797027 0.29284793 -0.1192237 0.45117682 0.06354911 0.11110146 0.22862503 0.014451917 0.16985032 -0.019214746 -0.020886369 -0.26891416 -0.17277606 0.12935188 -0.28907448 -0.19896975 0.23836723 0.2689865 0.12970556 0.2716984 0.01672572 0.03308976 -0.10547518 -0.03638515 -0.2000688 -0.18482102 -0.13206546 -0.03620841
SWZ 0.106236145 0.035957895 0.0075332923 0.008955555 0.2433727 0.23989277 -0.028297102 -0.038098183 -0.024204306 0.17307983 0.16224983 -0.17760438 -0.16333221 0.0005286285 -0.024840243 0.41783562 -0.03498925 -0.20954375 -0.033591177 0.34283093 0.032580372 -0.09005189 0.2627549 -0.13305685 -0.40638778 0.37607086 -0.1284378 0.0061310246 -0.3007195 0.13115957 0.18012103 0.020743735 -0.29584387 -0.30198804 -0.25465325 0.23234606 -0.040701624 0.12544571 0.31561446 -0.010860443 -0.27430484 0.4547221 0.13846667 -0.34136268 0.277214 -0.10799803 -0.044320878 0.12954888 -0.057497796 -0.22865637 0.045526166 0.22900082 -0.1345139 -0.057873547 -0.13871145 0.16157594 0.47208494 -0.17872515 -0.007211194 0.0024097424 0.08200566 -0.025051953 -0.1983005 0.07455742 0.13647284 0.035911694 0.34007278 0.07515074 -0.112737 -0.17630044 -0.23928715 -0.115426004 -0.21445122 0.1750917 -0.15447393 -0.17075498 -0.02659695 0.27822846 0.109726414 0.12020199 -0.050138313 -0.120984875 0.080217294 0.040269013 0.06428936 0.2649098 0.11941258 -0.15515986 -0.14949326 0.053167097 -0.08941418 0.019048102 0.014084339 0.06290393 0.03226666 0.07630395 -0.51988626 -0.21011126 -0.14545518 -0.005100943 -0.16018067 0.13760091 -0.270333 0.5688085 0.20940045 -0.08656438 0.09810391 -0.07315325 0.23992583 0.07316716 -0.12940028 -0.3881456 -0.059183683 0.10527185 -0.16491018 0.018599855 0.064635284 0.20722416 0.10180249 0.20364216 -0.089141935 0.00046113765 -0.17518161 -0.027782321 -0.078387976 -0.08321063 -0.17172661 0.036834355
BLZ -0.15950146 -0.19897538 0.010754767 0.1488988 0.39699557 0.32288462 -0.11248495 -0.33590713 -0.18495005 -0.069193095 -0.020085847 0.13839577 0.05471375 -0.21245848 0.42363238 0.015164137 0.4670953 -0.29998723 -0.029271992 0.37322298 -0.26630962 -0.028338445 0.19983906 -0.17163235 -0.26428434 0.061149996 -0.07091478 -0.30642232 -0.13936555 0.16994987 -0.035027638 0.018425142 0.060831133 -0.15983082 -0.169621 0.10370659 0.080106 -0.35433918 -0.06780409 -0.11301681 -0.097915694 -0.12223912 0.2107863 0.41841134 0.26766583 0.34870636 -0.27550077 0.4395486 -0.39948103 0.12666848 -0.0858472 0.21037874 0.43973583 0.030457323 0.005251159 0.02732231 0.51149726 0.21648926 0.27757007 -0.39276224 -0.3075239 -0.10108385 0.092879646 -0.13922276 0.38733712 -0.35511175 -0.36387783 0.17956631 -0.04554821 0.049591016 -0.11152312 -0.09811495 -0.12283587 0.091126345 -0.2775106 0.058009997 -0.3633289 0.07757984 -0.34830484 0.29635772 -0.28440207 0.0064842436 -0.007455917 0.10397203 0.28663525 0.21905564 0.40043634 -0.1535372 -0.1553585 0.20003587 0.23777062 0.054526854 0.13354892 0.10175735 0.16983984 0.29290077 -0.3975363 -0.049979154 0.029975183 0.05002434 0.23519608 0.17008828 0.23111644 0.49354923 0.44997236 0.23111467 -0.125343 0.36059847 0.30768764 -0.3687581 0.06996098 -0.126282 0.04812956 -0.006620768 -0.0017783539 -0.36366227 -0.010308527 0.13662943 0.29845285 0.28538918 0.029073013 0.033130012 0.010492909 0.06286156 -0.3388539 -0.46023664 -0.5540327 0.5105696
BLR 0.005704922 -0.06373286 0.31763065 0.37224126 0.18089661 0.15924883 -0.17915314 0.12964928 0.029115511 0.05413699 -0.062602244 -0.26588115 -0.2703046 0.043089066 0.04606953 0.20213267 -0.07850202 0.019798584 -0.22427449 0.121418744 0.1663665 0.10747083 -0.10839221 -0.14248312 -0.12186581 0.0373004 -0.017408783 0.040040612 -0.019024834 -0.056055747 0.04786672 -0.022711406 -0.09823938 0.071819305 0.10880713 0.16857532 0.24327002 -0.041096397 -0.16059683 0.08932341 -0.22362927 0.0046003833 -0.09849068 0.058325402 -0.08006852 0.14900988 -0.12680985 0.008795498 -0.16414075 0.12145415 0.0073534283 0.15013175 0.21258579 0.007917431 -0.100785434 -0.035058104 0.16589662 0.02168483 -0.07505983 0.18164381 -0.055991236 0.13197532 0.08595428 0.06746517 0.18203047 -0.0759182 -0.112341985 0.13808423 0.060707126 -0.08079759 0.011527619 -0.069961004 -0.14746173 -0.27164477 0.19808017 -0.13227181 -0.13064164 0.19134213 -0.3100721 -0.013874469 -0.15900187 -0.03654275 0.10328953 0.4800451 0.04004934 0.0813185 -0.029440578 0.16701593 0.026614973 -0.04739249 0.07435014 -0.14647853 0.0016727827 0.059362512 0.2718215 0.108195536 0.010204045 -0.22299725 -0.12580839 -0.23957795 -0.069175504 -0.021658132 0.18015935 0.018235995 0.18922733 -0.2897035 -0.07231196 0.13296221 0.17006202 -0.06967561 0.08111205 -0.369018 0.05690835 0.099671155 0.10263214 0.22334465 0.026256146 0.10440275 0.21935329 -0.16306116 -0.022592098 -0.11762344 -0.13105138 -0.10763616 -0.18260136 0.21404605 -0.113457896 0.028780803
SYC 0.13596828 0.011302378 -0.044590894 0.034833156 0.17542231 0.15553208 -0.044109657 -0.056985408 -0.12264543 0.22202145 0.13332766 -0.12602305 -0.21223533 -0.05468678 0.021652127 0.2950752 0.021948269 -0.19243863 -0.07171034 0.34503844 0.05659471 -0.060014475 -0.028796224 -0.08737999 -0.29864138 0.20835152 -0.07660678 0.062315125 -0.23075661 0.019977877 0.040645342 0.115325436 -0.23525192 -0.16440779 -0.09340473 0.26531458 -0.01772395 0.01676726 0.178497 -0.05877323 -0.085575566 0.26081246 0.009253866 -0.13358332 0.33402607 -0.04085982 0.005024951 0.115781404 -0.06443729 -0.13569608 0.15717658 0.1722507 -0.034647223 -0.059331674 0.01761766 0.017219873 0.40412876 -0.069710836 -0.063805126 -0.026292635 0.032467414 -0.011303187 -0.05186706 0.21280889 0.14200072 -0.07720933 0.28675985 0.03698128 -0.09302072 -0.21209362 -0.22489493 -0.08982849 -0.23509493 0.14900997 -0.10537318 -0.20662564 -0.035426762 0.15458567 0.08113867 0.22295706 -0.13762896 -0.17712536 0.11277114 0.14033882 0.042958513 0.116297804 0.17178899 -0.07298144 0.021782324 0.10906177 -0.11506221 -0.10614919 -0.06384595 -0.07730646 -0.012208832 0.13523199 -0.28790978 -0.14655362 -0.15202197 0.02850218 -0.12059638 0.20193663 -0.2886 0.43875137 0.02388545 -0.015687317 0.10356082 0.022911763 0.11220927 0.059680685 -0.09730682 -0.23191358 -0.12805367 0.060482185 -0.29434553 -0.119765125 0.22742505 0.18961246 0.043453787 0.21141917 -0.010911305 -0.010668689 -0.24803558 -0.049123522 -0.06623361 -0.20305903 -0.0034984394 -0.021470094
ABW -0.09708126 -0.09864215 0.3119713 0.14412534 0.28715986 0.009062786 -0.22639316 0.17757224 0.025183229 0.21102329 0.22141007 -0.3682159 -0.17049132 -0.003413251 -0.031425256 0.13685018 0.05459544 -0.08483461 -0.17882079 0.07645777 0.123778254 -0.21179406 -0.17351605 -0.014950291 -0.15188958 -0.13974717 0.028829485 0.07233463 -0.08463633 0.07691765 -0.10884726 0.14698258 0.1653091 0.12843257 0.1199483 0.1610686 0.41105664 -0.043843262 -0.27150422 -0.09017416 0.06976861 0.100938365 -0.12661225 0.00424073 -0.009466635 0.12671986 -0.071190245 -0.04065305 -0.10684278 0.14129981 -0.008088611 0.36438787 0.054682937 -0.018121013 -0.10577934 -0.034227766 0.091009274 0.1769944 -0.10823039 0.04451342 -0.05234673 0.06972096 0.10288733 0.0086315395 0.15359522 -0.14678018 -0.106244065 0.08857959 -0.03683423 -0.08876387 -0.02729147 -0.047301788 -0.34020537 -0.047052693 0.11889568 -0.2831226 -0.0738778 0.027482923 -0.22072837 0.022263162 -0.16858856 -0.2733302 0.18742807 0.36861774 0.139564 0.1174833 0.021930765 0.024813661 -0.11927717 0.11329707 -0.007746893 0.0064655514 -0.12301754 0.056633167 0.057701014 0.0023789064 -0.06350339 -0.29386774 -0.1665898 0.027009267 -0.1732714 0.06372235 -0.1610111 -0.11493939 0.37013632 -0.12318398 -0.15354669 0.24289784 0.22106495 -0.011456161 -0.11988272 -0.21172953 -0.01698325 0.068754144 0.032802943 0.059402417 0.095371634 0.17208979 0.112644635 0.01565116 -0.027933389 -0.11743227 -0.119263396 -0.04166577 -0.21301726 0.123159885 0.09773039 0.14671318
MKD -0.07440726 -0.014851224 0.14209677 0.36363113 0.1465867 0.05250159 -0.033417307 0.14033063 0.10914583 -0.26422697 -0.034414157 -0.11753928 -0.21634535 -0.053275015 -0.19360805 0.30507922 -0.070114255 -0.23188193 -0.1349035 0.0666746 0.053061873 0.057034984 0.15043111 -0.36082613 -0.007342158 0.20689377 -0.073735684 0.007271154 -0.053435814 -0.28231025 0.18737134 -0.15595576 0.053851396 0.10382879 -0.07694102 0.12004276 -0.0352684 -0.027903223 0.04106169 0.13736688 -0.3314719 0.20725316 0.03944344 -0.08991154 0.19029154 0.29015648 -0.004573249 -0.029893177 -0.15695344 -0.044854317 -0.21072662 0.07517531 0.23093812 0.069287635 -0.13546616 -0.13649963 0.38977745 -0.08676625 -0.18709996 -0.035557397 0.140384 0.0434818 0.0073904805 0.117454596 0.33447343 -0.12504016 -0.14500044 0.1363909 0.24820776 -0.1398837 0.22785193 0.058017317 -0.113149785 -0.1724231 -0.03508175 -0.26300457 -0.34134105 0.24698712 -0.33829027 -0.083702415 -0.12722425 -0.022875186 0.20158486 0.47783104 0.1077164 0.3477906 -0.07979628 0.08637889 0.12250154 -0.11381114 0.15345873 -0.20730664 0.15704611 0.2984012 0.110614985 -0.0033051288 -0.11047156 -0.20186445 0.10981224 -0.29027337 -0.17927718 0.0945108 0.24106589 0.09636836 0.012887961 -0.3410416 -0.26862645 0.022643937 0.37356234 -0.34276107 0.0259095 -0.32168642 0.098194115 0.18114798 0.3642207 -0.18904722 0.065121 -0.075968094 0.18858404 -0.051591318 -0.15851001 -0.31138206 0.012088414 -0.25263506 -0.099960595 -0.01436984 -0.33414763 0.1425182
PRY -0.038172446 -0.042328678 0.026719647 0.005904686 0.29166648 0.0703044 0.07181763 -0.014048806 -0.017637022 0.15354532 0.06704914 -0.44406655 -0.17456481 0.036253553 0.017623294 0.035748415 0.12926316 0.11558504 -0.10469182 0.13815226 0.2765707 -0.16344336 -0.09673219 0.037062075 -0.06943873 -0.105979055 -0.12708724 0.09829888 -0.038247388 -0.087219946 -0.21396032 0.09894328 -0.064478554 -0.112024024 -0.035083536 0.121411584 0.3330087 0.006257037 -0.091947675 -0.084846064 0.17453435 0.08773052 -0.07844403 0.025404893 -0.13893919 0.061626047 0.09042274 -0.1269946 -0.18399091 0.083932765 -0.07002503 0.4195044 0.2894123 0.045297027 0.040617052 0.011534328 0.18540218 0.06384825 -0.03808048 -0.065210335 0.20057787 -0.07087818 0.18020692 0.093142495 0.1523264 -0.22059834 0.077101015 -0.14426367 -0.042598084 0.13349079 -0.08032629 -0.09789794 -0.30838478 0.14825776 -0.15428755 -0.2425651 -0.20955077 0.069055274 -0.075069405 0.24184011 -0.055579357 -0.1948971 0.19343445 0.04305315 0.31363657 0.2841934 0.06497696 -0.1432329 0.03855794 0.102163285 -0.080167584 -0.13237801 -0.024954997 0.11068837 0.021661075 0.054801587 -0.26373786 -0.03804607 -0.30293283 0.14003657 0.11329525 0.19740781 -0.17899036 -0.015772108 0.32183087 -0.0514968 -0.053444047 -0.12062384 0.19280526 -0.269213 0.034685776 -0.084699005 -0.11187277 -0.0676777 -0.07082907 -0.1565124 0.13100755 0.10284249 -0.013524279 0.23892751 0.063217856 -0.05723421 -0.24995546 -0.005278633 -0.00014969101 -0.1349988 -0.04920749 0.30985582
HND -0.21207683 -0.12335569 -0.058532357 0.042346798 0.20134576 0.18954937 -0.042128835 -0.25233817 -0.15442353 -0.099621 0.054094452 0.08952526 0.048832268 0.020215182 0.3013155 -0.12004798 0.47637883 -0.12964307 -0.0053663515 0.25054377 -0.063262574 -0.18538673 0.06725422 -0.016236598 -0.14171073 -0.022278963 -0.056391407 -0.17653927 -0.14403014 0.051125746 -0.06443989 -0.006877537 0.03258771 -0.104684696 0.029132226 0.10367048 0.056544617 -0.25279605 -0.13126911 -0.15369958 0.0103258705 -0.18419234 0.19657277 0.34704205 0.096245326 0.11473825 -0.15648761 0.43503174 -0.2272522 0.24493179 -0.19189185 0.20229107 0.5068992 0.008757794 -0.0063271048 0.01701568 0.2593846 0.09235197 0.19572495 -0.11631787 -0.18985097 -0.031405676 0.10193469 -0.08721668 0.31623566 -0.31307232 -0.32574496 0.10604686 -0.04797961 0.039316252 -0.1885636 -0.12532859 -0.13503584 0.042038422 -0.103978604 -0.041441035 -0.15615459 0.07363617 -0.2731146 0.3557047 -0.15391831 -0.042121094 -0.017500006 0.027400866 0.23462093 0.20526311 0.32633123 -0.19686574 -0.20446704 0.09916902 0.22216156 -0.0489201 0.038953938 0.07047153 0.08597989 0.24528411 -0.35321957 -0.025045699 -0.07129077 0.078394726 0.21108526 0.09902105 0.14026299 0.28557914 0.38059163 0.16525726 -0.11802929 0.26331174 0.273177 -0.39157856 0.10281144 -0.05650617 0.07596403 -0.2217967 0.036281288 -0.2789996 -0.103676975 0.19475146 0.20231508 0.12701489 0.0379632 0.023717862 -0.09357098 0.05158855 -0.13572189 -0.3295157 -0.3333162 0.43497145
ISL -0.015147417 -0.015983341 -0.05779981 -0.14798497 -0.019611785 0.11994778 0.06377159 0.060972195 -0.056320794 0.098831445 0.26885325 -0.0818492 -0.14003779 0.18426836 0.06542563 0.12168778 0.06968166 0.08849579 -0.062070306 0.18867977 0.24896295 -0.11607395 0.022718962 -0.07645172 -0.23116466 0.10822092 -0.20107725 0.04140451 -0.23049578 -0.10073692 -0.10525439 -0.09915767 -0.24468857 -0.16168866 -0.035163462 0.23127641 0.1198349 -0.04479641 0.09491084 0.062581055 -0.15760227 0.24934292 0.16949742 -0.045030825 -0.07444248 -0.05590298 -0.061524283 0.117504954 -0.081340104 0.1029091 -0.060268346 0.17942622 0.2659497 0.077488564 0.052640025 0.17326768 0.32469767 -0.025254572 -0.12126418 0.03816528 0.11291613 -0.0109926 0.034971934 -0.08930853 0.28348365 -0.06396341 0.09872297 -0.04199945 -0.12874997 -0.102587655 -0.09551054 -0.25292665 -0.06485898 0.094647385 -0.032755967 -0.18041795 0.023257073 0.12682308 -0.07457549 0.2140517 -0.009942933 -0.18578981 0.046557367 0.0011660999 0.18307184 0.34059358 0.06540024 -0.27239782 -0.17241263 -0.15834285 -0.12802012 -0.13611425 0.018215014 0.15977861 0.14113489 0.2409184 -0.33176914 -0.0026610019 -0.13783026 -0.14858982 0.018465651 -0.029702771 -0.08211467 0.3461068 0.2529994 -0.14435743 -0.00026993256 -0.06798644 0.19961365 -0.3093604 0.071075045 -0.22076127 0.031854026 -0.051535226 0.09185099 0.08819462 -0.29073536 0.01157903 0.021155387 -0.008144818 -0.015983906 0.036799584 -0.27716747 -0.07324224 -0.013528335 -0.070307486 -0.061710026 0.15420032
SOM 0.06670586 -0.07525308 0.104629055 -0.019143054 0.048977595 0.24782045 0.30954066 -0.19550237 -0.057469696 0.14407195 0.076935135 -0.10095592 -0.30749136 -0.03838383 0.18029104 0.3045189 -0.017133323 0.10168581 -0.1408286 0.20449184 0.28418842 0.03165131 -0.11571025 -0.18729357 -0.29659042 0.14011782 -0.22776142 0.11152873 0.01480719 -0.121260956 0.038092516 -0.13324659 -0.29490727 -0.19630438 -0.08428608 0.17898473 -0.005748729 -0.060039155 0.15021716 0.036453523 -0.30580357 0.16258802 0.08598102 -0.08374015 0.060688682 0.05758448 -0.11753344 -0.044577185 -0.19060463 0.057319093 0.051966503 0.1392715 0.21872146 0.1572153 0.09025505 0.04040339 0.37021825 -0.0036752876 -0.13440819 -0.074110135 0.04072365 0.051639047 0.24657957 0.07121696 0.23472764 -0.09203376 0.13626479 -0.09538382 0.10560273 0.011088039 -0.16454104 0.06373528 -0.080060355 0.14105536 -0.05993944 -0.1275666 0.065558985 0.15419014 0.14208506 0.2822241 -0.01857997 -0.015276485 -0.002463803 0.07634321 0.17013192 0.14133626 0.10252744 -0.20783919 0.05302586 -0.010756821 -0.06996822 -0.19070119 0.1310653 -0.007661728 0.14105016 0.12988162 -0.3278335 0.10451504 -0.18544765 -0.07170073 0.16534379 -0.06040473 0.0643273 0.118625976 0.11090775 0.03487427 -0.046995606 -0.09450824 0.15512438 -0.27724308 0.27522123 -0.16735175 -0.045086388 -0.11158816 0.06256436 -0.07694301 0.06357561 -0.11517777 0.11602277 -0.05888828 -0.015746119 -0.0034592224 -0.3177789 -0.05368485 -0.037458714 -0.2074581 -0.110637434 0.15500627
GNB 0.050511148 -0.012600314 0.14277074 -0.053047664 -0.02000222 0.10890773 0.036994603 0.24097134 -0.101477005 0.1990944 0.06885974 -0.12334568 -0.13044295 0.08527152 -0.034541123 0.23182386 -0.07831014 0.08947625 -0.16058815 0.16628908 0.101674624 0.002811871 0.18496019 -0.2124655 -0.18638568 0.089888945 -0.09858714 0.09518091 -0.08347685 0.0127409585 -0.03019823 -0.06371501 -0.20880103 -0.22292082 -0.17145483 0.009463649 0.22357059 -0.0036617771 -0.008357196 0.13581176 -0.37944758 0.3343023 0.17326987 -0.03216772 -0.13215667 0.14210747 -0.08822051 0.033734284 -0.18037069 -0.02023398 0.15129738 0.17128316 0.06751912 0.13601032 -0.09908635 0.3385311 0.46027115 -0.1030339 -0.16881396 -0.017102454 0.053557616 -0.05164142 0.11153515 -0.19172856 0.08473851 -0.054005116 0.1942251 -0.049542878 -0.047918964 0.20285717 0.01750521 -0.2887795 -0.04100849 -0.09757547 -0.07686515 -0.094103985 -0.11580519 0.07188879 -0.038244847 -0.06796221 0.003508738 -0.1408818 0.18333244 0.10069692 0.19989525 0.51587397 -0.074100494 -0.08343192 -0.13712867 -0.005811471 -0.26576918 0.028273532 0.22948317 0.14920942 0.19062689 0.242524 -0.10823115 -0.23303433 -0.048108064 -0.28169632 -0.1567371 -0.059693333 -0.01666981 0.20601904 0.29289314 -0.3761483 0.037297685 -0.090807766 0.22942892 -0.31802353 0.19113466 -0.42719662 -0.096077286 0.04239861 0.17994225 0.1856804 -0.14970124 -0.07114459 0.13800214 -0.027277986 -0.029798405 -0.14008625 -0.19274011 0.03960611 -0.19828658 0.027865162 -0.36459205 -0.09615812
KNA -0.05122143 -0.040056776 0.122757465 0.120822445 0.5778089 0.0028370386 -0.0067569953 -0.13979076 -0.03327838 0.034428217 0.24396391 -0.407945 -0.10740004 -0.024177283 0.19292079 0.07008537 -0.049848802 -0.16584453 -0.09098791 0.15159035 0.1670619 -0.20215572 -0.073125005 0.16496032 -0.14057277 -0.10309495 -0.16818462 0.06265257 0.0047446564 0.03504132 -0.23456901 0.0890607 0.09227039 0.06591539 -0.15869044 0.23252727 0.21056776 -0.14248966 -0.117109194 -0.018387742 -0.010329823 0.093101 -0.11236584 0.058958102 -0.112041615 0.2800551 -0.13435748 -0.13838528 -0.29436502 0.10073065 0.060949594 0.42114356 -0.015676888 -0.16323507 -0.039723992 -0.031658906 0.07294331 0.26706198 -0.1592798 -0.31255206 0.101856984 -0.011975808 0.14492802 -0.22102766 0.18201885 -0.15981214 0.014213338 -0.008290518 0.0351006 0.007175763 0.0058340547 -0.12600186 -0.3194801 0.11449066 -0.10590699 -0.22701372 -0.106288135 -0.19105661 -0.00989767 0.08477183 -0.17300752 -0.14898571 0.16231559 0.1292473 0.13403466 0.0057264594 0.14317027 -0.25308788 -0.013017819 0.2106431 -0.100172505 0.06518802 0.036705814 -0.013963997 0.0010827016 -0.122890025 -0.22868687 -0.21005034 -0.1838394 0.09412682 -0.071247965 0.086962186 -0.19191769 -0.04374163 0.16019788 0.11619004 -0.27345994 0.119318694 0.3164489 -0.124422856 -0.03354578 -0.06726149 -0.21025027 -0.09161659 -0.14277267 -0.04526573 0.25129724 0.21183161 0.013370316 0.18418574 -0.08824362 -0.06431327 -0.030537028 0.051271085 -0.269272 -0.06419485 -0.06659578 0.37212017
GUY -0.08316438 -0.09751834 0.16366547 0.1962877 0.6080139 0.031510696 -0.045382764 -0.1023174 -0.04633991 0.039286736 0.2716791 -0.4204242 -0.06179735 -0.07153838 0.18164954 0.060951486 -0.06529296 -0.13533017 -0.07936002 0.15175803 0.1430182 -0.19911312 -0.053057995 0.106067605 -0.16513138 -0.08421986 -0.19946702 -0.024121972 -0.012416216 0.10153678 -0.29696232 0.13202213 0.11975738 0.05314867 -0.10137918 0.23848644 0.25636148 -0.113902345 -0.2054194 -0.04768452 0.03149208 0.120954916 -0.11608191 0.100525886 -0.17095351 0.29767093 -0.14599775 -0.16493869 -0.30763286 0.11906505 0.11553971 0.40301242 -0.024335284 -0.1330531 -0.034524053 0.026993053 0.017062906 0.3346191 -0.16991398 -0.35907727 0.077264704 -0.06438211 0.14642306 -0.28065416 0.1922984 -0.14326659 -0.05084689 0.029796897 0.035444908 0.004053519 0.05351027 -0.13972886 -0.30491447 0.102920085 -0.104427904 -0.2264159 -0.18817385 -0.17331558 -0.049084384 0.01919542 -0.17118932 -0.13457267 0.21225928 0.18764767 0.19516924 0.018101735 0.10050327 -0.24881463 -0.018519763 0.19377194 -0.07007465 0.1254612 0.05311065 0.062224716 0.08983812 -0.14163812 -0.2298566 -0.24832521 -0.13552082 0.06074022 -0.13074374 0.09293182 -0.13190842 -0.020561786 0.21812361 0.107257195 -0.32850885 0.11876501 0.28868195 -0.19135986 -0.03131737 -0.102322504 -0.21022828 -0.027205233 -0.1459288 -0.021366024 0.22261143 0.14811891 0.047641724 0.24480447 -0.051773623 -0.042303234 0.01677696 0.050148677 -0.29058605 0.008837285 -0.11886573 0.40019125
ATG 0.17349276 -0.055356078 0.29305252 0.14324695 0.23472649 0.18058524 0.050079446 -0.08108698 -0.23405083 0.03441905 -0.018743541 -0.16085583 -0.15297182 -0.1072038 0.10544581 0.07514245 0.19790426 0.010931553 0.097577356 0.19201677 0.059072446 -0.17410628 -0.13764457 -0.11340627 0.019684274 -0.17793076 -0.33899754 -0.015721055 -0.15583494 -0.14970624 -0.1660863 0.14901313 0.32605663 0.015278707 -0.02904646 -0.13775037 0.337166 -0.024526438 -0.0073442683 0.1396411 0.10044608 -0.055697046 0.15367246 0.05136652 -0.068300165 0.11722861 -0.15753883 -0.058744203 -0.15160166 0.10807013 0.12890361 0.24136929 0.27761778 -0.0722058 0.18855497 0.18091995 0.1967934 0.02666152 0.012531364 -0.29365072 0.12663338 -0.15091068 0.052253302 0.11489958 0.22020172 -0.31866097 0.14670026 -0.084378175 0.038158797 0.2780926 0.0012496975 -0.15898831 -0.21851732 0.03257869 -0.23543751 -0.158369 -0.38281587 -0.25199834 -0.064338855 0.25817302 -0.14046964 -0.19835182 0.25870544 0.18989334 0.28735 0.24241966 0.18648633 -0.076976225 0.22962107 0.15848939 -0.2211046 -0.17277114 0.06436424 0.056710605 0.021400148 0.08225876 -0.08760164 -0.059904315 -0.1565925 0.046524882 0.15072265 0.3219877 0.025835684 0.12258115 0.24413842 0.040623523 0.22981726 -0.1073546 0.21427351 -0.32847744 0.023731286 -0.08467286 -0.22308148 -0.14226358 0.04072931 -0.2353481 0.21843325 0.14646238 0.082375474 0.2595908 0.061308667 -0.0065695173 -0.13446468 -0.17463185 -0.23236257 -0.18731698 -0.15512472 0.09539895
MDG 0.2950567 -0.021097884 -0.088612266 0.0453271 0.42073822 0.19695051 -0.36522555 0.0532926 -0.19072376 0.39098966 0.12634917 -0.36033943 -0.2451402 -0.18282157 0.005839825 0.27719605 0.2014055 -0.2277278 -0.07286274 0.52227855 0.0076058903 -0.26765254 -0.07216201 -0.013536243 -0.47599182 0.2422858 0.122977205 0.042648535 -0.51643556 0.16985416 -0.022463186 0.32182452 -0.42981306 -0.19911121 0.030791454 0.37311628 0.036749274 0.0551447 0.12556732 -0.0877433 0.054177552 0.2400349 -0.015965037 -0.10236851 0.4986189 -0.11880225 0.053449783 0.31134045 -0.01858987 -0.19938788 0.006356218 0.25790054 0.04407049 -0.26408747 -0.15435304 -0.014062385 0.48669618 -0.10548535 0.091377415 0.038189862 0.09587068 -0.08813676 -0.37374502 0.40955642 0.11136591 -0.014738419 0.34702453 0.08120085 -0.29338172 -0.38352212 -0.41721776 -0.19586891 -0.31463718 0.15727161 -0.0250446 -0.3771264 -0.21137917 0.32159826 -0.05326231 0.30248302 -0.077421874 -0.22720328 0.17443646 0.33526957 -0.09422293 0.1470863 0.43336982 0.0445192 -0.027805656 0.1759778 -0.111540146 -0.13473503 -0.28380328 -0.06978796 -0.005162331 0.20674044 -0.3393497 -0.3683838 -0.23583488 0.12626347 -0.26250812 0.39210942 -0.55532837 0.73646617 0.14224572 -0.04104109 0.16794872 0.21267007 0.21845476 0.42528686 -0.26314026 -0.32138163 -0.019937197 0.2746966 -0.5049585 -0.17091969 0.2794458 0.57749957 0.04666064 0.27950668 0.08549095 0.0938322 -0.34896228 -0.11520378 -0.18834758 -0.21139534 0.14203845 -0.050075177
NPL 0.08865999 0.04436105 0.09944994 0.12538078 0.38349494 0.016493348 0.21227087 -0.22713655 -0.22497378 0.12784366 -0.26836538 -0.13920534 -0.21890391 -0.17923479 -0.028546348 -0.034173064 -0.2082006 0.013151428 -0.066136 0.20214282 0.025784267 0.1210581 -0.05944731 -0.35715353 -0.022962816 0.3053178 0.015023404 0.19322236 0.07785162 -0.28982505 0.0058199414 0.04944515 -0.030351017 -0.2479592 -0.16074556 -0.09875186 -0.036398925 0.03153348 0.13174836 0.35302484 -0.20229127 0.040543076 -0.08592869 0.2076426 0.19870064 0.3476727 -0.19400288 -0.01278639 -0.07495398 -0.15633819 0.043519825 0.19948006 0.29442045 0.049055036 -0.09517375 -0.17632279 0.5119954 -0.059298307 0.10757626 -0.29673252 0.18457048 -0.15276952 0.32474607 0.25019345 0.18005888 -0.09842832 -0.022031682 0.07879171 0.23869066 0.1507714 0.09581439 0.16008256 -0.24639486 -0.14268267 -0.13386495 -0.090683065 -0.41191137 0.13414694 0.017873153 0.14476976 -0.03447388 -0.027539581 0.23582782 0.09632272 -0.020026634 0.15160887 0.24278724 -0.051621456 0.16916181 0.06880401 0.12955059 0.07145203 0.07109186 -0.030717898 0.0813257 0.22783898 -0.09156102 0.04282247 -0.13480482 -0.11959919 0.32369876 0.022702469 -0.005048985 0.15283346 0.07014923 -0.1479924 0.031012038 -0.046961036 0.23229223 -0.14301123 0.18055958 -0.08302909 0.08530669 -0.0011618997 0.15936422 -0.38337725 0.34021795 0.14896479 0.2022801 0.17433974 0.13884464 -0.062412962 -0.092606366 -0.057771303 -0.20507213 -0.16231988 -0.21002209 0.16970666
VUT -0.13137141 0.066158436 -0.0328758 -0.05294504 -0.0019578547 -0.15805204 0.15394503 0.030992737 0.05471671 0.46890423 0.40609384 0.026807094 -0.33234733 -0.28644043 0.30095997 0.20061584 -0.19335456 -0.1915096 -0.37650993 -0.07331524 -0.0054555093 0.253192 -0.120339565 -0.27076367 -0.25828516 0.1061629 0.14659561 0.16132206 0.044824682 -0.1916778 -0.205945 -0.05593184 -0.16945201 -0.04002071 -0.19539355 0.41722244 0.121024154 -0.3156841 0.13412942 -0.032921076 -0.25037706 0.28579807 -0.08004112 0.09745386 0.14890529 0.2705154 -0.17924489 -0.020790188 -0.0043242783 0.23650749 -0.123779 0.22699519 0.18019012 0.19828157 0.052492026 -0.267679 0.7128362 0.27380797 -0.19190688 -0.017906405 -0.17436734 0.23238699 0.18998228 -0.071399465 0.23688637 0.032699604 -0.0065474124 0.15753266 -0.09805153 -0.24582867 0.23342389 0.121003 -0.090024866 -0.01586496 0.054152235 0.115212515 -0.090206996 0.05388191 -0.009526852 0.39552125 0.13033104 -0.21010084 -0.12055166 0.30849522 -0.22288544 0.10915627 0.12234665 -0.35100126 -0.15765479 0.0307432 -0.07495858 0.04197561 0.29034564 -0.05500845 0.14895867 0.29355508 -0.05513985 0.1358893 -0.2294909 -0.28887713 -0.10398848 -0.03809135 -0.0033199997 0.10001306 0.06503394 -0.29504034 -0.077262856 0.4752143 0.10995738 -0.22574778 0.081703804 -0.19373365 0.0660426 0.21317355 0.001493663 0.004480413 0.10794679 -0.0034968122 -0.046631426 -0.060125988 -0.24120976 -0.059433937 -0.1485533 0.017301694 -0.1309763 -0.12293829 0.12338956 0.10210354
CYM -0.18751945 0.050402105 0.28863323 -0.09333954 0.36021808 -0.17867768 -0.017298346 0.23907262 -0.027498363 0.2479306 0.25717694 -0.51336676 -0.14006563 0.020471875 0.016231729 0.08534855 0.20904002 -0.1376594 -0.23428571 -0.055052258 0.012709658 -0.2871112 -0.18844874 0.023770442 0.089833066 -0.4601869 -0.048841536 0.15665752 -0.21600318 -0.014455538 -0.09441536 0.050434086 0.17764615 0.02516189 -0.047712047 0.026010053 0.54930556 -0.22717187 -0.2686397 -0.029987816 0.14540005 0.12263818 0.029349321 0.12353332 -0.1244749 0.2803621 -0.08606675 -0.13724126 -0.1743889 0.15690544 -0.08509877 0.47125593 0.39952663 -0.08102098 0.07110221 -0.09296562 0.42742905 0.3359658 -0.1445809 -0.057370607 0.06693374 0.13241318 0.16731498 -0.11572184 0.20838195 -0.23650835 -0.15344897 -0.07269474 -0.08119911 0.028537266 0.14270295 -0.18380393 -0.36286473 0.092866026 0.0065042153 -0.54648924 -0.10639343 -0.19827163 -0.37121055 0.15488188 -0.1789116 -0.2882509 0.10851459 0.05800017 0.1535902 0.37098446 0.21845363 -0.11231277 -0.10006924 0.24430197 -0.08561268 0.021390399 -0.13095598 0.017897159 -0.19199723 0.08543789 0.05868159 -0.3046546 -0.4158229 0.07831224 -0.03125126 0.04890842 -0.3316998 -0.17118186 0.6120537 -0.22912559 -0.15257195 0.15664905 0.26539233 -0.07960665 -0.14337426 -0.03040278 0.1030835 0.081140056 0.29455853 -0.11087371 0.042039927 0.21680954 8.9506284e-05 -0.07165294 -0.12669149 -0.2028373 -0.2767851 0.009474921 -0.24800819 -0.039799605 0.19319148 0.3349733
SSD 0.008652501 -0.0027108178 -0.013952984 0.18642393 0.27076983 0.15918115 0.25508404 -0.30637437 -0.28573844 0.18233839 -0.13631453 -0.13012242 -0.30838767 -0.16597599 0.045739267 0.050647557 -0.21720912 -0.066601075 -0.07269343 0.282668 0.08525242 0.2504948 -0.17464764 -0.39128146 -0.13066535 0.448069 -0.16444838 0.12997226 0.0937703 -0.2887541 -0.0113519905 -0.0053139594 -0.35375255 -0.32927606 0.012020653 0.13740611 -0.20475437 -0.0018423094 0.20835136 0.28384057 -0.28105944 0.059827965 -0.009260309 0.15165202 0.29721773 0.12140605 -0.20229323 -0.04359656 -0.12963015 -0.15921149 0.24137408 0.10740204 0.2646993 0.041546725 0.054812007 -0.22589687 0.5344204 0.0654489 -0.022517404 -0.29380617 0.070778586 -0.08069818 0.38440835 0.2204687 0.26419652 -0.023154832 0.10210657 0.12693669 0.1714129 -0.110107616 -0.028386613 0.1662855 -0.19259396 0.058119822 -0.1332087 -0.063953616 -0.23839119 0.2903031 0.07185611 0.19013418 -0.15062675 0.0940707 0.19596428 0.10858575 -0.047666963 -0.058398414 0.2343688 -0.1504448 0.101065576 0.028759306 0.19150981 0.03863996 -0.022881199 -0.09394559 0.16507503 0.14203794 -0.23414889 0.17696825 -0.124480955 -0.18708041 0.3315357 -0.005654377 -0.0010706686 0.35446224 -0.08306018 -0.039412305 -0.092052765 -0.025810659 0.0937918 -0.07640384 0.24923185 -0.10254166 0.038735818 0.09318268 -0.15284838 -0.29277456 0.37140217 0.032267243 0.19653271 0.22197892 0.14353448 0.06822271 -0.18509132 -0.102081284 -0.076851904 -0.18403941 -0.118773736 0.20100182
TKL -0.18241338 0.06629039 -0.08266633 -0.054654233 -0.097862266 -0.26146808 0.100786746 0.21812883 -0.058701977 0.57719415 0.54216903 0.072673306 -0.49071467 -0.32907435 0.26795167 0.18451358 -0.20849407 -0.2951549 -0.45040885 -0.17969553 -0.08136875 0.3187109 -0.22052649 -0.41213894 -0.24816096 0.06619521 0.16739595 0.17276376 0.04379808 -0.3338195 -0.31282675 -0.08910558 -0.1911301 0.017303912 -0.14361402 0.5814073 0.11517666 -0.43712407 0.02402379 -0.015374698 -0.2364794 0.36667344 0.017558346 0.24582314 0.16505764 0.34340042 -0.25578928 0.026365671 -0.07556174 0.2676173 -0.14356872 0.3541512 0.4075278 0.23086123 0.13684642 -0.3505032 1.042793 0.51741236 -0.2906785 0.0017152347 -0.24236721 0.3331276 0.163719 -0.17193967 0.3983118 0.042275984 -0.005335208 0.15859272 -0.13076757 -0.36501852 0.37508535 0.09352491 -0.17545813 -0.07680568 0.19690157 0.11798901 -0.22071905 0.051287197 -0.19613571 0.39831087 0.09776444 -0.24703126 -0.17391145 0.48099363 -0.36511755 0.0951505 0.2628335 -0.39920297 -0.25592902 -0.030422904 -0.008667685 0.06590402 0.28473058 0.13946086 0.2390509 0.3451322 0.059903104 0.17444572 -0.26761028 -0.38194466 -0.15576664 0.05921257 0.058877904 0.2046771 0.12376993 -0.41243324 -0.12046812 0.63036054 0.23006594 -0.3408588 0.06585695 -0.15041478 0.19569011 0.3964436 0.009558156 0.073673904 0.13463043 0.005079603 -0.07918898 0.06834331 -0.1977379 -0.016745538 -0.21141258 0.05025089 -0.29829526 -0.093781665 0.21620275 0.12993518
CPV 0.04598359 -0.07291604 0.31365064 0.078900576 -0.13870402 0.24277575 -0.08352446 0.36934415 -0.17491414 0.19071913 -0.12962094 0.008806528 -0.20020093 0.046854943 -0.1674971 0.2603021 0.06997856 0.09241645 -0.18775693 0.15638968 0.0061238417 0.1386214 0.2060079 -0.43695965 -0.01897888 0.100050874 -0.021475751 0.084405616 -0.005910141 -0.13895354 0.003455671 -0.05077263 -0.05598556 -0.1526937 0.01518189 -0.11027541 0.34933445 -0.019318556 -0.14605124 0.118475124 -0.3744036 0.18167914 0.17112689 0.11622847 -0.059442844 0.16931799 -0.103801034 0.07946566 -0.253682 -0.0035131574 0.23907961 0.13116331 0.20593515 0.3689698 -0.038447928 0.34237897 0.5207276 -0.14619508 -0.1585024 -0.04000847 -0.083452426 -0.13217531 0.271353 -0.06078741 0.17072353 -0.24881886 0.0856031 0.025026027 0.017741496 0.28135356 0.14342247 -0.2547324 0.020172285 -0.25968802 -0.15908815 0.039909836 -0.28789422 0.10817869 -0.18642148 -0.07924091 -0.14680082 -0.16401128 0.3149234 0.26462412 0.2861224 0.56012625 -0.16938512 0.093259655 -0.040295612 -0.026760124 -0.24622363 -0.0014319967 0.25472915 0.20464168 0.35083568 0.23998193 0.082496196 -0.20033501 0.09044097 -0.44265646 -0.0957159 -0.010651686 0.23649351 0.08755193 0.32680455 -0.44315198 0.13361543 -0.06605795 0.175065 -0.49027002 0.24590857 -0.4487949 -0.1403938 0.012821339 0.25372353 0.13016747 -0.04429487 -0.16096692 0.24930917 -0.023146957 0.072602 -0.19087552 -0.17422087 -0.02161859 -0.24768102 -0.014258064 -0.55154496 -0.22205164
GNQ -0.05488763 -0.04712877 -0.28992975 0.33567312 0.4022781 0.022076497 -0.115001306 -0.066982135 -0.20059639 -0.13761652 0.1043237 -0.48537368 -0.09208319 0.17863525 0.20902514 -0.09989978 -0.11497586 0.07511416 -0.20236577 0.30895108 0.1023216 -0.101664945 -0.10292612 0.23594065 -0.122097224 0.060394537 -0.3917179 -0.39316908 -0.25010258 0.1931027 -0.14531937 0.116952255 -0.46807906 -0.03376045 -0.19658051 0.552203 -0.10983597 -0.052394014 -0.3120933 0.06903883 -0.2158981 0.17068888 0.095625035 0.07691329 -0.38354215 0.15670887 -0.09979565 0.010606876 -0.25470355 0.08909013 0.20977838 -0.027721839 0.34134123 -0.36425948 -0.08349164 -0.017151492 0.20078228 0.10558751 0.027787875 0.038779836 0.30691063 0.014716941 -0.14526343 -0.287159 0.24029611 0.16238596 -0.031457234 0.1048845 0.040826946 -0.47200772 -0.18129596 -0.4458002 -0.26003212 -0.18989931 0.38882956 -0.44157827 -0.17862567 0.18891576 -0.35342216 -0.155846 -0.19381937 0.15970448 0.0017683904 0.24403112 -0.0014793349 0.056980412 0.2154071 -0.103550345 0.08049327 0.00070374075 0.19367538 -0.14847323 0.013727796 0.15864842 0.24055016 0.07915197 -0.13972592 -0.49390596 -0.15960182 -0.20685118 -0.24038865 0.14444087 0.15679835 0.56314886 -0.00078463 -0.04671492 -0.5248998 0.041570816 0.26704952 -0.28718832 0.09195147 -0.39259845 0.1398615 0.23022088 -0.08609627 0.09221174 -0.25977504 0.1308303 0.05470563 0.13856351 -0.029105788 -0.10579259 -0.09294362 0.13448907 -0.076073706 0.31745088 -0.25445104 0.45422247
YEM 0.08539702 -0.022671893 0.015906487 0.11664254 0.035577048 0.10114975 0.19135812 -0.17893854 -0.090385064 0.1800993 0.14522961 -0.047113948 -0.3122365 -0.06560737 0.15306902 0.24707478 -0.033702686 -0.105035335 -0.19285953 0.16216013 0.11517578 0.020928457 -0.13313675 -0.10059139 -0.19534834 0.08043675 -0.15187357 0.09328521 0.0004673363 -0.07354698 -0.00065471604 0.09666346 -0.19301802 -0.040921178 -0.18596888 0.25073043 -0.06950329 -0.099848755 0.1220464 -0.0035075455 -0.24628551 0.17594758 0.021512829 -0.09624314 0.22606088 0.058218744 -0.014485797 0.0035029352 -0.11451114 0.012916461 0.20285352 0.03120153 0.05677128 0.06977103 0.10587893 -0.059533715 0.42006648 -0.049992863 -0.16302724 -0.055419464 0.021934196 0.0782862 0.13423744 0.14000691 0.18093745 -0.18022168 0.18365625 0.013940507 0.040281907 -0.101928234 -0.12735033 0.043349553 -0.17278826 0.07512552 -0.042243693 -0.19980934 -0.036798052 0.07269827 0.100392476 0.22658664 -0.15934664 -0.12843227 0.09657286 0.21315502 0.01383277 0.10706139 0.14216033 -0.20633313 0.16836207 0.18799281 -0.15278046 -0.23750001 0.12943605 -0.15651655 0.0077054626 0.10500882 -0.11716209 -0.10299257 -0.06567912 -0.08974619 -0.05690795 0.10821602 -0.07685979 0.18142867 -0.18459149 0.063546695 -0.013732583 0.034761675 0.02607218 -0.2415943 0.09868781 -0.21831085 -0.182866 -0.044118598 -0.12915972 -0.25240788 0.2729836 -0.0086089065 0.0084677 0.054944176 -0.05208508 -0.15546878 -0.28271925 -0.038633175 0.067375846 -0.23149878 -0.14641008 0.0021539438
BOL -0.15643866 -0.06426659 -0.0766181 -0.018835714 0.16024278 0.09180194 0.019894036 0.22942859 0.059198 0.28243598 0.11153407 -0.4605498 -0.19043069 0.14469911 0.0027600357 -0.011472852 0.293208 0.12333437 -0.19187239 0.104909234 0.3065292 -0.12264617 -0.1681046 0.016307153 -0.029635495 -0.15360236 -0.009518635 0.14670113 -0.10137904 -0.023610659 -0.23183115 0.02181114 -0.21658535 -0.17618719 0.22486578 0.19101675 0.43001628 -0.03953711 -0.17310783 -0.24216847 0.2685514 0.03294222 -0.122058 0.12647197 -0.12171315 -0.035244714 0.13555208 0.040025443 -0.19448222 0.117569916 -0.1502557 0.44316024 0.4830335 0.17231046 0.10983672 -0.061082758 0.24086154 0.18985307 -0.047408603 0.1147633 0.0570028 -0.005240366 0.27084583 0.1280429 0.17690584 -0.22251402 -0.03437214 -0.13795741 -0.13144913 0.05475243 -0.14759071 -0.17975795 -0.22806033 0.18270932 -0.118833385 -0.3176774 -0.09980803 0.20914824 -0.24053277 0.28348756 -0.08873592 -0.27385703 0.15835671 0.060990762 0.38072804 0.3425902 0.05737009 -0.07602601 -0.10908697 0.060843725 0.03351852 -0.13406585 -0.1560629 0.11860472 -0.00013056729 0.07792032 -0.24284539 0.014567041 -0.3316631 0.14095305 0.07461038 0.13453618 -0.22254056 -0.045104604 0.42781597 -0.16021019 -0.15268648 -0.020455608 0.06431325 -0.26479185 0.03592632 -0.110238105 -0.052727394 0.009382771 -0.10194178 -0.047375664 0.028072668 0.06292757 -0.016195767 0.20116976 0.06969134 -0.022483148 -0.33343628 0.04406349 0.087197885 -0.11424274 0.12086846 0.36151242
COK -0.12940383 0.038883522 -0.017897619 -0.020084234 -0.021238148 -0.14670308 0.08083848 0.021755595 -0.011594191 0.38830754 0.45171037 0.10633778 -0.31467333 -0.26818168 0.3260099 0.1833713 -0.11334166 -0.24391119 -0.3552254 -0.072233126 -0.07673752 0.2711241 -0.07306129 -0.271803 -0.20959966 0.06448551 0.100010075 0.086526744 0.011931996 -0.1711682 -0.22388858 -0.057288866 -0.074452445 0.029858831 -0.23304406 0.40246695 0.15596767 -0.36882076 0.11897962 -0.05147838 -0.22563854 0.2706077 -0.0050684335 0.12520352 0.10504648 0.26489127 -0.23348817 0.01927273 -0.04094851 0.23969302 -0.09772815 0.19792613 0.1926573 0.20206483 0.08711445 -0.18848763 0.70035446 0.3103409 -0.16022211 -0.07202608 -0.21227425 0.24192598 0.105266124 -0.15525478 0.3052096 -0.006066755 -0.054392364 0.1876865 -0.13083786 -0.26964334 0.29698306 0.0498017 -0.061975535 -0.025865782 0.022867305 0.1657494 -0.11268935 -0.021901991 -0.08065454 0.3594853 0.05910766 -0.21884815 -0.14848377 0.3165077 -0.2309967 0.08469045 0.14264582 -0.37726533 -0.17608134 0.05188558 -0.055026222 0.038288996 0.30362543 -0.00045377627 0.18048687 0.2744572 -0.024136389 0.12596987 -0.17678784 -0.31438175 -0.13220921 -0.029926756 0.04824081 0.15783682 0.09255267 -0.23737751 -0.060726766 0.5002382 0.1379913 -0.24865718 0.027122434 -0.17902543 0.046922863 0.23588918 -0.0028079762 0.047432218 0.07209575 0.017342491 -0.047213763 -0.027810842 -0.2561437 -0.035980478 -0.10212724 0.009433144 -0.19615455 -0.13911027 0.0828761 0.12573306
KIR 0.007741704 -0.17171049 0.03914699 0.07305541 -0.0313752 0.072355494 0.11810569 -0.11647811 0.041507863 0.30525425 0.088417925 -0.08478034 -0.4420814 -0.1305428 0.25398165 0.27559033 -0.13551682 -0.029634545 -0.136615 0.016027043 0.022293614 0.1789884 -0.2524315 -0.14473827 -0.094460316 0.090687454 0.05136796 0.36194125 0.20385313 -0.03354569 0.00043690388 0.107745394 -0.1751413 -0.079906836 -0.2091648 0.2628978 -0.14642568 -0.057391435 0.09115659 -0.017495226 -0.30634806 -0.013128079 0.025794506 -0.11166239 0.45487636 0.078540936 0.09356659 -0.17605872 -0.063681364 0.066511355 0.08044401 -0.010747681 0.1819153 -0.009090516 0.18806435 -0.2442355 0.6987478 0.09862184 -0.13688572 -0.0147955315 -0.041903496 0.12140214 0.23230512 0.26151097 0.032086797 -0.12644531 0.3866134 0.0701239 -0.030091424 0.117891684 -0.09552772 0.27424228 -0.2172452 0.1541675 -0.042553905 -0.2268105 -0.32966444 0.087368816 0.12947655 0.21536769 -0.10625426 -0.2681892 0.10289234 0.4668696 0.012324413 0.22917955 0.21523592 -0.2796057 0.107238084 0.250875 -0.25987992 -0.30384353 0.26209173 -0.20318438 0.05959125 0.2908693 -0.1334975 0.00024049659 -0.10193804 -0.19139214 0.08334337 0.11965221 -0.17652975 0.1112274 -0.24780384 -0.039503235 0.036194623 0.14181711 -0.01242564 -0.23058009 0.21135502 -0.2241018 -0.23268597 0.04163947 -0.20976526 -0.40917096 0.34575853 0.030679133 -0.00821992 0.138822 0.013775717 -0.15448129 -0.40950635 -0.20859012 0.18366829 -0.39448866 -0.07317405 0.044602796
BRB -0.13754818 -0.21115775 0.009940659 0.17520511 0.45608857 0.36900154 -0.13930336 -0.36676446 -0.23593242 -0.114907995 -0.06948202 0.11868117 0.055420656 -0.16445147 0.39196333 -0.03017711 0.5208805 -0.29366237 -0.01811966 0.4502245 -0.3021003 -0.044188693 0.24546431 -0.21659955 -0.22761557 0.12437793 -0.1021124 -0.34118268 -0.16164888 0.13849379 -0.054328 0.03404328 0.059332415 -0.18452567 -0.19766031 0.07609783 0.06694553 -0.31771886 -0.047136936 -0.08537278 -0.112542786 -0.13939169 0.23362467 0.47686183 0.27509794 0.34738004 -0.32515925 0.48927185 -0.41858155 0.13108361 -0.070601895 0.2332331 0.53255415 0.03329498 -0.007163445 0.06906912 0.54746276 0.1672761 0.3404164 -0.42291865 -0.26108065 -0.15789895 0.09700229 -0.11603552 0.46037793 -0.39792195 -0.40658024 0.19386154 -0.02655205 0.0460542 -0.12718645 -0.12333089 -0.17163165 0.074814625 -0.33440325 0.044340152 -0.41556036 0.08756896 -0.3737714 0.34696352 -0.3150925 0.019289311 0.03052825 0.08024646 0.30655205 0.2508065 0.4370505 -0.18244141 -0.15404445 0.1983208 0.29310003 0.07843541 0.11023998 0.15077096 0.22653507 0.30122218 -0.4278749 -0.061700344 0.029663753 0.050343793 0.28800562 0.21482548 0.2487498 0.59151214 0.5167806 0.26997602 -0.12217105 0.30518818 0.35191363 -0.43951645 0.088520326 -0.110128276 0.08306408 -0.039981183 0.02099317 -0.4047155 -0.017738944 0.19478257 0.34570345 0.34811446 0.08060038 0.045937113 0.008103153 0.040193934 -0.3339532 -0.5071367 -0.64120734 0.58398724
PSE -0.09787649 -0.13916637 0.1369388 0.14078441 0.39410383 0.28988013 -0.0684717 -0.18897936 -0.25590813 0.06952672 -0.23079869 -0.21805504 -0.14516376 -0.07361662 0.03133887 0.0065472783 -0.024461905 0.093002476 0.06548557 0.4145913 0.1303496 0.1425878 -0.15174359 -0.21512438 -0.12789929 0.2646063 -0.20870338 0.027729925 0.052466065 -0.111993074 -0.042611126 -0.013072782 -0.25293112 -0.34991682 0.22971267 0.16222207 0.03774673 0.023516452 -0.14264357 0.12058726 -0.03232462 -0.079376236 -0.053947806 0.23258565 0.094701886 0.12645051 -0.17160201 -0.058724325 -0.2644375 -0.048952952 0.17126481 0.26849622 0.34688085 -0.013764415 0.12294146 -0.06715415 0.25808015 0.1737323 0.11061849 -0.26096097 0.038527127 -0.18271004 0.36622387 0.08872213 0.22566436 -0.026941769 0.053629875 0.07857133 0.10552293 -0.040278774 -0.12462866 0.017754555 -0.1463893 0.08387698 -0.16887859 -0.0023509604 -0.2510723 0.21938236 -0.12538658 0.037700843 -0.18005125 0.12990148 0.13761126 0.044284537 0.2011646 -0.051800266 0.13816325 0.047279544 -0.04328407 -0.10213682 0.21887729 0.039994866 -0.20272338 0.05373195 0.26713014 0.08406548 -0.29362628 0.0945795 -0.16506445 -0.039214715 0.377307 0.02056505 0.10773666 0.3261884 0.31338108 0.024785398 -0.09262401 -0.06946043 0.17846934 -0.072197825 0.17519967 -0.08269646 0.02060266 0.019757286 -0.14944912 -0.058063623 0.1396666 0.08576115 0.19514924 0.27439746 0.2567384 0.18079917 -0.15824246 -0.05563676 -0.215965 -0.052765913 -0.16378333 0.34076068
TLS -0.04825572 -0.20247588 -0.27492243 0.21688876 -0.045081295 0.26651117 -0.04713449 0.07973955 -0.08267149 0.248232 0.026274227 0.03889724 -0.3819514 -0.05630817 0.282228 0.15450583 0.18482733 0.10427415 -0.14355192 -0.05139649 -0.18167923 0.13475907 -0.15122755 -0.20626092 0.06280637 0.10381714 0.14628708 0.18592124 -0.16764258 0.088439874 -0.16513537 0.030601738 -0.4601864 -0.2493295 0.027306817 0.41303247 -0.10096127 -0.08410932 -0.04368853 -0.24480388 -0.08542219 -0.10323888 0.07806544 0.23760878 0.2583675 -0.14590052 0.119063064 0.050266374 -0.14589594 0.04480365 0.031078262 -0.0708777 0.47458753 0.15101872 0.32382017 -0.23856631 0.7567595 0.24099807 0.012498774 0.12077386 -0.09688802 0.07165601 0.036209837 0.15648593 -0.01633567 -0.13834304 0.2686779 0.10773334 -0.20918667 0.08067844 -0.014611935 -0.0765038 0.050918967 0.1363651 -0.15559621 -0.22661875 -0.47392896 0.2505929 -0.05427559 0.24520837 -0.17032444 -0.20102362 0.12387869 0.43106896 0.094646595 0.39166477 0.34205094 -0.26559502 0.06744844 0.13734005 -0.123260416 -0.10607891 0.16636562 -0.031082088 0.0822648 0.2507029 -0.12305028 0.112678334 -0.10943425 -0.18034737 -0.0120334765 0.30524182 -0.044789664 0.34437293 -0.13750014 -0.054291602 -0.045794018 0.16475807 -0.1184283 -0.32073343 0.21500148 -0.10207996 -0.27723038 0.16402157 -0.41891363 -0.24846214 0.21581933 0.101650305 -0.020230446 0.29466063 0.1285614 0.037767034 -0.30967775 -0.19243647 0.1992387 -0.3483377 -0.07755182 0.14383157
LSO 0.18418194 -0.010804595 -0.03846453 0.16249524 0.44197685 0.20658736 -0.25915667 0.012000318 -0.12144108 0.17550962 0.043447033 -0.27610746 -0.16825972 -0.10366565 0.054153726 0.28241724 0.06433852 -0.18772393 0.015088314 0.38199788 -0.025586348 -0.1662074 0.027549192 -0.06206465 -0.32237354 0.24012063 -0.0132318 -0.033656634 -0.39874643 0.17256501 0.019770293 0.13447757 -0.18980877 -0.1750772 -0.012197526 0.23575927 0.009513998 0.09922466 0.13676536 -0.050713144 0.04344175 0.16713287 0.012749693 -0.085336186 0.29798806 -0.05634067 -0.05239876 0.14712404 -0.06020781 -0.18635485 0.04567346 0.22779664 -0.020387668 -0.23577078 -0.12902205 0.035462927 0.31903866 0.016479162 0.09650973 -0.023503615 0.038978275 -0.0767563 -0.27480987 0.23282236 0.07356763 0.0294962 0.2564384 0.055530727 -0.111997105 -0.17172009 -0.27313554 -0.157547 -0.22541584 0.112823226 -0.07821872 -0.27535152 -0.18990214 0.2138372 -0.010468482 0.13573019 -0.10145721 -0.119425535 0.14523558 0.24511594 0.043448843 0.09938199 0.30364394 0.07229464 0.0024960912 0.13179785 -0.030251259 0.03187137 -0.1269663 0.014344501 -0.020290151 0.040907096 -0.37544823 -0.2068909 -0.20747097 0.11104686 -0.1715947 0.30779046 -0.3454513 0.52521217 0.12510577 -0.030510498 0.06722654 0.067868784 0.19980884 0.27619633 -0.18163991 -0.23964752 -0.09608694 0.18519889 -0.3910835 -0.08341989 0.22821607 0.3988695 0.13559546 0.30387115 0.041349445 0.09920858 -0.117097676 -0.050068937 -0.21810114 -0.08019096 0.05468678 0.07050881
MNG -0.10548019 -0.059114665 0.22676896 0.2631348 0.23484156 0.04054046 -0.15288562 0.12786876 0.04673639 0.049911715 0.09970567 -0.26910108 -0.2516827 0.022624219 0.070177786 0.14215113 -0.04106674 -0.11774862 -0.25310272 0.028882543 0.09505088 0.04531436 -0.08524944 -0.1075208 -0.06959338 0.018542388 0.051555928 0.08832946 -0.022517843 -0.066092946 0.006479379 -0.06182566 -0.039596993 0.11122056 0.010800503 0.1960765 0.26646143 -0.1260589 -0.14711326 0.028210398 -0.19357581 0.02355275 -0.08728675 0.09899159 -0.05022219 0.19086006 -0.12354643 0.033089966 -0.16766453 0.15111272 -0.1479251 0.22801632 0.23150611 -0.01558179 -0.11930495 -0.12686494 0.24002443 0.13019334 -0.10073916 0.11993657 -0.07111023 0.16901264 0.06848198 -0.040167484 0.18565458 -0.05239482 -0.18890196 0.17823566 0.019659055 -0.14595006 0.10549415 -0.036574345 -0.18297195 -0.19161078 0.15525138 -0.16388841 -0.112146266 0.10544231 -0.30750808 0.011787154 -0.101751804 -0.110065565 0.032011982 0.40233043 -0.022689123 0.08849875 0.047068443 0.023293117 -0.09287121 -0.021486811 0.14740114 -0.020262938 0.01432066 0.08117221 0.15460347 0.05581398 -0.012973707 -0.19315082 -0.15666284 -0.16438575 -0.12065545 -0.047971588 0.05937029 -0.00417672 0.23373275 -0.23805329 -0.18977913 0.24932778 0.2525002 -0.050457347 0.018025862 -0.23737492 0.10566713 0.12650353 0.12905587 0.18061888 0.03186726 0.18195295 0.18011408 -0.13013789 -0.08827779 -0.119891465 -0.060026787 -0.057624053 -0.21524636 0.10399231 -0.010463925 0.14385694
CUW -0.032930955 -0.052383732 0.12896621 -0.014680908 0.39517874 0.079312906 0.0042381384 -0.11276083 -0.1529951 0.025466992 0.17199902 -0.3019848 -0.0950527 0.014836163 0.030568127 0.073982574 0.074433886 0.018596068 0.006262108 0.18746142 0.19282293 -0.20320836 -0.08061813 0.031204604 -0.08227881 -0.06984934 -0.28473446 0.033977658 -0.11421216 -0.11011551 -0.19759734 0.08950546 0.08831276 -0.03225909 -0.06919285 0.1640734 0.2562884 -0.022696225 -0.09129067 0.03385047 0.05474919 0.13708001 0.007373056 0.02273547 -0.11494691 0.114066854 -0.06359929 -0.16337027 -0.22534703 0.053004317 0.060885165 0.3631167 0.13998431 -0.075795405 0.078918405 0.059551377 0.16496016 0.142489 -0.04643104 -0.28036553 0.22577362 -0.1259748 0.14214316 -0.06643823 0.23666209 -0.17734282 0.084716834 -0.06654876 -0.01606941 -0.012746391 0.00837643 -0.1171997 -0.24274845 0.15513872 -0.22033982 -0.21735933 -0.14658158 -0.083829075 -0.040305454 0.14014232 -0.16530623 -0.16085486 0.19052613 0.009806818 0.25064972 0.19149022 0.08260619 -0.2106591 0.020827802 0.061941937 -0.13298364 0.006855082 -0.05106901 0.112321295 0.05366463 0.0078115044 -0.22735244 -0.07235745 -0.18314232 0.05240207 0.11996979 0.14208023 -0.12612057 0.123784326 0.28074974 0.0730969 -0.084513605 -0.08998316 0.2571778 -0.17852661 -0.05488826 -0.01669194 -0.15748094 -0.10791366 -0.025592916 -0.120073594 0.1101963 0.13273042 0.020302137 0.1888547 0.015690291 -0.014085489 -0.1420477 -0.10395203 -0.19264789 -0.075485855 -0.088224724 0.31247354
BEN -0.09737378 -0.11271539 -0.2502007 0.21098265 0.28892788 0.2372609 -0.06199877 0.108204864 -0.13431294 -0.011354025 0.0029507065 -0.40394402 -0.26030818 0.2528042 0.10750695 -0.008117646 0.11958822 0.11380199 -0.0070484797 0.25086296 0.21038345 -0.13408057 -0.20091356 0.08718256 -0.032287337 0.008998641 -0.24587849 -0.017474847 -0.24403563 0.09278124 -0.1404332 -0.061828714 -0.41012666 -0.18761815 0.17014128 0.41296157 0.04321796 -0.028383492 -0.18883455 -0.10619504 0.015602621 -0.064605184 0.018881042 0.09772832 -0.13934873 -0.08532253 0.0019873409 0.019079315 -0.270123 -0.03349768 0.07773976 0.25184488 0.44790623 -0.16335869 0.15057 -0.09295755 0.20947301 0.21727183 0.04493252 0.046259303 0.16868545 -0.026802246 0.078207724 0.014386044 0.17124607 0.0007003738 0.17564636 -0.00043363692 -0.037366346 -0.20639145 -0.26304227 -0.27836108 -0.1162092 0.15916213 0.03108887 -0.37549788 -0.11874447 0.20081064 -0.2189606 -0.014470999 -0.27185598 -0.04410328 0.088273704 0.16046658 0.24950607 0.11475179 0.21002243 -0.050091896 -0.0026969654 -0.07585681 0.15684532 -0.16229479 -0.21339974 0.15589169 0.054316215 0.010830087 -0.28802773 -0.04756669 -0.22864076 0.00044398836 0.03407629 0.16626324 -0.018167512 0.33821 0.07360474 0.018079823 -0.33556992 -0.05329133 0.13550976 -0.104402125 0.088507704 -0.15633167 -0.1006358 0.10583564 -0.2610003 0.062255606 -0.030990705 0.13830903 -0.0019600282 0.24121831 0.11558144 0.13054141 -0.20502144 -0.044214256 -0.0233495 0.033814076 0.037286315 0.38937706
IOT 0.022063302 -0.02886247 0.14138347 0.04622124 0.449817 0.069813535 0.030070044 -0.14031066 -0.1625703 0.036304656 0.100088656 -0.31761092 -0.08462769 -0.045922495 0.05158749 0.0511226 0.07505371 -0.0035015787 0.018070558 0.17199771 0.1239931 -0.23501085 -0.054042056 -0.0025103984 -0.055139337 -0.077282034 -0.26649424 0.01748676 -0.11641515 -0.053049892 -0.19381401 0.11817394 0.16267501 -0.02963879 -0.13255751 0.06178318 0.2503946 -0.0156024 -0.041844245 0.08676399 0.05002191 0.102227956 0.04828949 0.014075664 -0.09351 0.16299872 -0.0882103 -0.1451749 -0.2044573 0.027214607 0.06840945 0.33273536 0.14846651 -0.11989793 0.027774805 0.07972019 0.19653669 0.12487237 -0.016969752 -0.30720142 0.2223643 -0.12926218 0.10647686 -0.046320423 0.20970593 -0.20976458 0.06556021 -0.0698938 0.018243859 0.0862085 0.01592166 -0.109257415 -0.27284473 0.12166137 -0.21290325 -0.2355562 -0.2282265 -0.10878163 -0.031370327 0.15020746 -0.13046783 -0.15719037 0.22210833 0.043729942 0.24760328 0.2300574 0.14865829 -0.18538573 0.06791841 0.14623497 -0.12649684 0.028856166 0.0051904344 0.087903544 -0.0018372049 0.004078391 -0.21000238 -0.11243316 -0.16955507 0.07070749 0.10792588 0.20039165 -0.13454343 0.10066323 0.27682748 0.058026817 -0.050629 -0.07331322 0.26778084 -0.1876201 -0.040326986 -0.021331947 -0.14617339 -0.10091071 0.010089618 -0.22115967 0.15436421 0.16494878 0.04782357 0.23175006 -0.003405068 -0.03973098 -0.09059737 -0.08566441 -0.20747589 -0.08658955 -0.14019443 0.30811524
BTN 0.15888819 0.0708596 0.100087434 0.06870219 0.39135298 0.039098497 0.195157 -0.2401978 -0.16174243 0.20463337 -0.19873197 -0.22310574 -0.24153095 -0.14649324 -0.015448008 0.01036114 -0.24177586 -0.014844753 -0.05407447 0.24246068 0.082018815 0.036481895 -0.09328599 -0.21382321 -0.11574991 0.28600895 0.029837713 0.21040592 0.05886769 -0.23729873 0.018897211 0.116691396 -0.08557437 -0.2389113 -0.1817224 -0.054384507 -0.02479617 0.05447679 0.15332146 0.2697859 -0.15946881 0.094820306 -0.13066898 0.09699845 0.23406194 0.28252444 -0.14474107 -0.012848491 -0.05233281 -0.14506148 0.05665801 0.25675932 0.1841067 0.012399537 -0.09772699 -0.13558337 0.4583389 -0.10079008 0.05149667 -0.23963746 0.19517817 -0.14596649 0.2738756 0.27379864 0.12742215 -0.10227715 0.11464498 0.039050296 0.1739476 0.15276906 -0.02957155 0.12598705 -0.29218775 -0.053451326 -0.12660189 -0.1463927 -0.342059 0.085043296 0.12867375 0.19696352 -0.012494067 -0.09079715 0.20490935 0.06271642 -0.036952488 0.084207326 0.23610856 -0.08947696 0.15273146 0.09266737 0.02598391 0.024952449 0.056785967 -0.12168002 0.02985127 0.18377228 -0.13046452 -0.014385333 -0.19436063 -0.027374234 0.22123234 0.06748451 -0.13912682 0.13657698 0.047311947 -0.06806812 0.082975425 -0.07708692 0.19549353 -0.06824839 0.13002943 -0.096746586 0.036721006 -0.022222327 0.01704234 -0.32222098 0.36871633 0.21033135 0.14216463 0.2025192 0.12789817 -0.054147925 -0.15806961 -0.014992349 -0.17130572 -0.21695751 -0.10147454 0.08959998
SPM 0.17088315 -0.054439973 0.3664461 0.2345059 0.24252944 0.14191127 -0.01941389 -0.04048339 -0.21714394 0.08042435 -0.025534773 -0.10526764 -0.21878295 -0.244038 0.0665641 0.16285995 0.07247759 -0.074538864 0.07902913 0.1393185 -0.0724291 0.0032982642 -0.08616987 -0.29615632 0.029029336 0.001068445 -0.20191327 -0.035682235 -0.101857804 -0.1527387 -0.15034966 0.14065927 0.33190376 0.01946522 -0.043211374 -0.099505395 0.27886656 0.0137575455 0.01880019 0.15207061 0.062214643 -0.009854279 0.16105507 0.027360713 0.036599644 0.13879456 -0.2552681 -0.10919851 -0.09657251 0.008620652 0.15592843 0.15916945 0.17667031 0.00095940067 0.120586 0.15533067 0.25506988 0.06463062 -0.03052403 -0.31752318 0.039198875 -0.13322173 -0.014719446 0.098555945 0.22143774 -0.23251371 0.11995251 0.0054782405 0.081919126 0.24263568 0.12593791 -0.0960805 -0.22206171 -0.04640458 -0.18495429 -0.043873273 -0.45910677 -0.18622918 -0.04321517 0.13961074 -0.11145945 -0.14709382 0.26030895 0.29861417 0.14293171 0.09982893 0.17595679 -0.04179505 0.21495794 0.19950096 -0.17444547 -0.075761385 0.13735689 0.08844741 0.102112874 0.01581826 -0.07354113 -0.045991253 -0.0948262 -0.08779475 0.040018864 0.26733196 0.044293918 0.12202067 0.20104226 -0.03274116 0.22157021 -0.04074156 0.20494053 -0.26569578 0.030992432 -0.13449588 -0.15535188 -0.0054377844 -0.007229475 -0.19856764 0.310532 0.12738566 0.13002317 0.31529948 0.071945965 -0.0060778894 -0.07266948 -0.13903372 -0.2854478 -0.16268894 -0.15455373 0.02664516
PYF -0.03249308 -0.073748715 -0.040176753 0.04328781 0.17628706 0.20158121 -0.08023948 -0.0050619044 -0.052045602 -0.03887403 0.11235386 -0.2879344 -0.14929736 0.2407496 0.015974201 -0.017847788 -0.001438966 0.055441577 -0.01968206 0.2815903 0.31085563 -0.08380821 -0.11187498 0.06071182 -0.12139633 0.11467693 -0.21309258 -0.03357042 -0.081670634 -0.13726035 -0.14061244 0.007304338 -0.24174942 -0.06482508 0.10473641 0.2711283 0.07962479 -0.014858513 -0.069428734 0.041370913 -0.0050383387 0.042551573 0.0295705 0.02072123 -0.07977174 -0.013263623 -0.053384073 0.04204575 -0.1631841 0.12706426 0.055508044 0.20739499 0.25934577 0.011636741 0.096912734 0.023743013 0.0888731 0.0022904633 -0.1125203 -0.03149619 0.15673275 -0.070782036 0.15373655 -0.026649158 0.2958712 -0.13216922 0.04986664 0.047101434 0.00753945 -0.1608287 -0.14490052 -0.23052 -0.22433667 0.059187453 0.049411613 -0.19398808 -0.07003149 0.12510066 -0.14227377 0.14563718 -0.18670094 -0.1344595 0.1316747 0.08568641 0.206616 0.04645249 0.06051235 -0.14421065 -0.057932656 -0.1880387 0.051394995 -0.20419167 -0.13275184 0.09617976 0.23566474 0.05382515 -0.27782658 -0.08607064 -0.18514866 -0.094142675 0.082299255 0.050650153 -0.0077953395 0.30705863 0.19192792 -0.009540888 -0.1488166 -0.0730944 0.20990089 -0.26563016 0.058452316 -0.17501026 0.033652548 -0.047795378 -0.1050454 0.09966847 -0.13332945 0.06883666 0.059695996 0.13432439 0.09165324 0.07480489 -0.21532997 -0.03837205 -0.009199359 -0.011213784 -0.038931586 0.26947564
GMB 0.06892758 -0.1383851 0.10226009 0.48337334 -0.013207041 0.26038218 0.16512544 0.10439769 -0.061471276 0.008891777 0.030673169 -0.09076019 -0.7518426 -0.044449765 0.54676735 0.30918702 0.3531222 0.0011681546 0.08806962 -0.09394167 0.0695123 -0.20227404 -0.2876572 -0.3974114 -0.17471619 -0.10957491 -0.03440747 0.038518596 -0.46515572 0.21989447 -0.1575122 -0.3111056 0.009182177 -0.005511716 0.057050522 0.20568392 0.015674971 -0.23649997 -0.11541304 -0.08900944 -0.1654804 -0.38707823 0.3964652 0.07694681 -0.038770016 -0.10021961 -0.2265297 0.17082946 -0.14058168 0.011502593 -0.25885624 0.10079496 0.64260775 -0.17330354 0.049316727 0.15591438 0.3237646 0.2693849 -0.08649791 0.19806819 -0.26257697 0.33570102 -0.28690016 0.07746125 0.1486781 -0.16041657 0.10410491 -0.17139962 0.0015813244 0.4165132 -0.18528947 -0.13179597 0.040916443 -0.042953372 0.35344055 -0.36364457 -0.3068895 0.082923874 -0.25001127 -0.065825924 -0.2699474 -0.04214785 0.00048764737 0.7031142 0.12906829 0.26906705 0.5560805 -0.097877406 0.088611774 0.28218636 -0.1148774 -0.4159999 0.25956097 0.27851546 -0.02796515 0.22939993 -0.24206845 -0.0039674197 -0.08785836 -0.18990436 -0.10005438 0.042442776 0.27953488 0.0010876398 -0.012490205 -0.1108726 -0.11169696 0.13041462 0.23132809 -0.35748613 0.34170556 -0.3172303 -0.10908493 0.045163035 0.10033034 -0.097048186 0.00080522435 0.12923995 0.10116915 -0.08161311 0.12199492 0.06322132 -0.2662354 -0.15218525 -0.0874298 -0.14657192 0.042701278 0.03529109
HTI -0.1003892 0.011727026 -0.06476878 0.014463971 0.37145758 0.08242778 0.07204871 -0.010221702 -0.26154703 -0.021509504 0.12015688 -0.33947623 -0.12530358 0.1949473 -0.0014904034 0.040493898 0.2531114 -0.05020642 0.007619561 0.21596459 0.12048369 -0.3259366 -0.16199854 0.12261202 0.07008344 -0.28797108 -0.41806176 0.12779948 -0.23877214 -0.14786875 -0.08466343 -0.03131227 -0.027066574 -0.045716073 -0.014504353 0.18515892 0.24779905 -0.09679652 -0.10442449 0.10058124 -0.03490229 0.04302887 0.14900205 0.0843851 -0.08262711 0.13006803 -0.016647525 -0.036271702 -0.26438323 -0.012051733 0.0868487 0.37276348 0.41163176 -0.29416972 0.24284889 -0.08035825 0.3812553 0.15799989 -0.02725203 -0.17663383 0.31349993 -0.037851527 0.13459258 -0.05426201 0.23365393 -0.2310299 0.16218439 -0.043743953 -0.0033901525 -0.13366501 -0.022939133 -0.24100623 -0.20470813 0.18518798 -0.14409508 -0.4663908 -0.061059345 -0.17508964 -0.1941737 0.1352072 -0.2714489 -0.18982096 0.052478906 -0.06436886 0.20804818 0.28438106 0.219727 -0.08575033 0.06019033 0.036870174 -0.047278263 -0.14141043 -0.19219507 0.047889885 -0.20496449 -0.010714943 -0.09125293 -0.14429915 -0.25063443 0.16682231 0.10606927 0.24939138 -0.1278369 0.20975405 0.14077719 0.057735372 -0.17962778 -0.083172806 0.27898705 -0.103235245 -0.033228 0.03126511 -0.114814304 -0.0982883 0.066089205 -0.20302796 0.04230567 0.20002963 -0.016627071 0.13257067 -0.019349799 -0.046929087 -0.19166742 -0.12080994 -0.11393107 -0.13946636 0.005613797 0.34091583
SHN 0.16040704 -0.009299725 -0.10519695 0.11273688 0.45451647 0.19829045 -0.20794587 -0.003180534 -0.117386796 0.1984267 0.052565016 -0.34078524 -0.1522833 -0.032835536 0.043851517 0.22815576 -0.03442744 -0.13794044 0.00883268 0.41830218 0.039560057 -0.14915164 -0.00488876 0.006580114 -0.30653802 0.27734712 -0.06483754 -0.0055793724 -0.34857854 0.17827031 -0.0051850476 0.13390605 -0.2902556 -0.24315242 -0.02664867 0.2681667 -0.041707218 0.13704629 0.15118945 -0.040327016 0.029738696 0.20499697 -0.014482626 -0.12786798 0.28009292 -0.06792679 -0.045270987 0.12239878 -0.05481021 -0.19836219 0.093599945 0.23866573 -0.035419665 -0.24428645 -0.10056085 0.020781592 0.32477915 0.028131898 0.10203521 -0.04256975 0.11374842 -0.096749656 -0.20210691 0.210984 0.083581224 0.08590206 0.31864604 0.06457682 -0.10916197 -0.24676228 -0.32560503 -0.15943657 -0.24094312 0.16735554 -0.085114606 -0.29442766 -0.12555365 0.24368991 0.03896218 0.1431864 -0.09304294 -0.13162427 0.13312306 0.15732841 0.052850395 0.06344584 0.28682065 0.013421994 -0.008163389 0.080384254 0.008215085 0.009757538 -0.14436898 -0.012115203 -0.03470109 0.041224316 -0.43021795 -0.18267442 -0.25920945 0.10000406 -0.1347366 0.27516055 -0.39012745 0.57793105 0.09345199 0.009528582 0.007932148 0.009366886 0.1947963 0.2932067 -0.15910791 -0.2517505 -0.10784033 0.20386592 -0.46599427 -0.048166458 0.208331 0.367266 0.09438046 0.35664034 0.024602504 0.122125246 -0.1425321 -0.010954332 -0.16753444 -0.05659716 0.08096884 0.12517905
