180 128
RUS 0.012385982 -0.25127172 -0.090040565 0.1172153 0.017777784 -0.3573694 -0.07107321 0.17770155 -0.02710058 0.011240123 0.20419082 0.3161208 -0.05060292 0.13746896 0.083827615 0.119153894 -0.19051312 -0.13694392 -0.26058948 0.13833714 0.33284116 0.25651318 -0.111558795 -0.21836002 -0.15391004 -0.0043536294 -0.09078438 0.20494686 0.11780284 -0.15394086 -0.11664933 -0.117014125 0.09847673 -0.031547956 0.0075365254 0.1191677 0.19165377 -0.15316774 0.14619362 -0.15357392 0.06618985 0.08397576 0.035724748 -0.033633083 0.02499869 0.014080221 -0.29561752 0.15033782 -0.02470948 0.09091926 0.06320524 0.008974574 -0.007091653 0.044565897 0.22636047 -0.07052446 0.20691518 0.069018476 0.10641593 0.029954135 -0.19478582 0.096851744 0.07175866 0.112065196 0.14365365 0.04675953 0.15792648 0.11691539 0.07077623 0.06925375 0.111649364 0.048286017 -0.20172045 -0.13842666 0.065167844 -0.051393002 0.06981887 -0.0850538 -0.064271495 0.1919169 -0.047919407 -0.31541297 0.16371778 0.5157779 0.0987691 0.06306258 0.28445095 -0.114461675 -0.109966114 0.07013398 0.08216581 -0.003532563 0.13962215 0.09851951 0.33221447 0.110209346 -0.14520614 -0.13760945 -0.05118923 -0.007898873 -0.058556695 0.036471356 -0.1336713 0.04629436 0.117239036 -0.06988163 -0.01901485 0.2072944 0.12628621 -0.06425123 0.08077827 0.056299713 0.06112327 0.24463023 -0.18206327 0.013051034 0.052081082 0.15401222 0.051929608 -0.033832252 -0.01957184 0.04026776 0.007237635 -0.20194297 -0.12214053 -0.011444801 0.050586328 0.08202087
ARE 0.26135528 -0.018106896 -0.01928912 -0.055020455 0.15172565 -0.14110067 -0.1711791 0.011296714 -0.29147747 0.1408151 0.2912063 0.21075152 -0.10917804 -0.21082887 -0.022962712 0.34839734 -0.23232307 -0.025526378 -0.343162 0.13811894 -0.052467503 0.17426729 -0.07076036 -0.58167213 -0.045683455 -0.002471075 -0.1266676 -0.023195583 0.06684579 0.26953873 -0.015140428 0.31387585 -0.10652448 0.14296934 -0.17810982 0.30278018 0.030089505 -0.009836823 -0.017384334 0.058959037 0.019184697 0.048788186 0.13973142 -0.027037153 0.050030954 0.012142927 -0.09341647 -0.1062638 -0.26434043 -0.20177093 0.1856143 0.098715685 0.018642554 -0.15480414 0.10493634 -0.1058183 0.23463543 0.15962455 0.2964382 -0.17706092 -0.11751129 0.02823988 -0.12791026 0.107852496 0.06044797 0.08771451 0.23944554 0.10844777 0.01820426 -0.10534608 0.12466677 0.06582186 -0.078107655 -0.16747634 0.014795445 -0.33662608 -0.083263084 0.20605879 -0.06813407 0.32353437 -0.13084966 -0.15417005 -0.029620476 0.19260927 0.14252867 0.036259685 0.122547 -0.050598387 0.11022206 0.098646894 -0.20554729 -0.20304987 -0.10977745 -0.04987468 0.12182615 0.021871902 0.07938029 -0.111105524 0.04169562 -0.2756765 0.06649082 -0.13108285 -0.1257644 -0.036913976 0.0692804 0.000416953 -0.008227532 0.037794657 0.03646037 0.06531879 0.09041709 0.24812433 0.12947176 -0.04540137 0.025571864 -0.05110533 -0.08016105 -0.05885799 0.10036888 0.009903009 0.09293841 -0.08253418 -0.11394897 0.044680476 -0.061517622 -0.034466036 -0.050811585 -0.16787456
SAU 0.13194446 0.0035840564 -0.20491877 0.03488212 0.13057438 -0.12907642 0.1241377 0.08357848 -0.09929354 0.10927382 0.31445888 0.11165856 -0.13434377 -0.11081175 0.09442885 0.25374365 -0.10829677 -0.025929675 -0.05865862 0.116566315 -0.1012034 0.13384202 -0.13037843 -0.3495231 -0.020190177 -0.06978826 -0.0831468 -0.06749068 0.11972929 0.09585381 -0.03494028 0.21612398 -0.05552795 0.2597414 -0.28659856 0.3476198 0.20391147 -0.04913578 -0.02679625 -0.017308936 0.12697725 0.032175057 0.26057625 0.054846376 0.0681128 0.054197602 -0.296891 -0.1123386 -0.022988986 -0.17761235 0.2625884 0.11172107 -0.029976891 -0.026181787 0.01441431 -0.07019638 0.22886199 0.28702265 0.1824369 -0.16869637 -0.14836065 -0.07255726 -0.09634473 0.10216301 -0.06552887 -0.00948537 0.14757463 0.10907667 0.015157217 0.112291835 0.17838946 0.069312334 -0.026067145 -0.05580036 0.051946282 -0.2700397 -0.11126337 -0.06544503 0.0390744 0.2986238 -0.012144325 -0.29153833 -0.08385851 0.18236521 0.22716318 -0.061283376 0.11193289 -0.06949943 -0.09252464 0.121587075 -0.083741896 -0.12771349 -0.1402699 -0.011590821 0.11680739 0.042845752 0.04726717 -0.1384175 -0.071032025 -0.16650383 0.045199282 0.014909219 -0.020617278 -0.117989145 0.15344799 -0.13751207 0.12260124 0.03102522 0.10746156 -0.027383648 0.15843442 0.24374588 0.1925341 0.1944281 0.108458705 -0.17645599 0.024445368 0.06353858 0.0947115 -0.0046841754 0.10427834 -0.06083716 -0.046832174 -0.07777709 -0.14099476 -0.0800959 0.07117959 -0.16714029
VEN 0.027737888 -0.37933215 0.28433582 -0.04961971 0.019339833 -0.27018538 0.09934803 -0.15290856 -0.31946933 0.15371346 0.43677136 0.0012932074 -0.18631588 -0.10913622 0.22206989 -0.13658206 -0.35866797 -0.21382596 -0.28532505 0.047114853 0.2929544 0.19517888 -0.21627297 -0.0076849964 -0.1801036 0.35084775 -0.18326622 0.2399641 0.2531963 -0.17189862 -0.11946914 0.1880903 0.09137535 0.1623264 0.027219368 -0.25170574 0.096019976 -0.19482222 -0.06764853 0.1330631 0.15041007 0.17697091 0.017140742 0.2465421 0.2680631 0.108054906 0.011199728 0.028026724 0.09886246 0.010056907 0.23621775 -0.038601376 0.07760871 -0.03370457 -0.23845755 0.13449095 0.27412704 0.09382514 -0.23598902 -0.06561361 -0.12334337 -0.30113792 0.06660239 -0.16040966 0.20587635 -0.12800477 0.054933652 0.030812543 0.08096279 -0.38682112 0.24429049 -0.117907256 -0.2764047 -0.14031403 -0.15189332 -0.039646514 -0.18195249 -0.04304824 0.062216334 0.110485375 -0.0010334048 -0.28506392 -0.017209789 0.08358527 -0.04297907 0.24125735 -0.028775653 -0.08847469 0.09381531 -0.021077752 0.077195145 0.27441654 0.045102708 0.112401545 0.23782428 0.017675651 0.03204654 0.06840075 0.07483086 -0.13934693 -0.19461559 0.01890038 -0.12310597 0.13263799 -0.08851713 -0.047941312 0.14839253 0.11469472 0.37120163 -0.041883454 0.084217794 -0.19219047 0.14065999 0.1789452 -0.080417626 0.17042276 -0.30814683 0.02517366 0.095458545 -0.12699893 -0.1327271 0.07463702 0.12363819 0.15795761 -0.28788477 -0.16260222 -0.049674463 -0.010167447
USA 0.012377676 -0.2546491 -0.014965074 -0.07384238 0.05221705 -0.2942265 0.14667597 0.2686647 -0.23809315 0.00031784712 0.19798276 0.093922526 -0.056705955 -0.13310729 0.24935454 -0.25532362 -0.2737188 -0.011542835 -0.1971276 0.048693094 0.023132363 -0.012984219 -0.21996844 -0.08450102 -0.0010974356 0.2702178 -0.09509293 0.2118189 0.35625976 -0.007828247 -0.093571484 0.23321657 -0.0759533 0.026214687 -0.4339126 0.039995782 0.04218142 -0.21078676 -0.055323396 -0.14370202 -0.054010127 0.2190546 -0.023915544 0.22613196 0.16687983 -0.077875815 0.017479854 -0.09208807 0.011544882 -0.087093554 0.5177994 -0.14190349 0.08685674 -0.12455048 0.038293816 -0.09420524 0.17439705 0.10763096 0.06381588 -0.0038903304 0.05034719 0.087621294 -0.13099878 -0.09715128 0.053600185 0.012035607 0.09517927 0.021246873 0.1961871 -0.23539287 0.35505882 -0.17326921 -0.3018866 -0.20618981 0.07416138 -0.07409899 -0.21230425 -0.03257784 0.10864773 0.21347545 -0.14806296 -0.2185979 0.07754391 0.10920828 -0.04941022 0.031181296 0.061243996 -0.3712187 0.11190581 -0.07414785 -0.08593218 0.30521363 -0.047934666 -0.027842194 0.10888626 0.123457335 0.115771525 -0.16020642 0.22766271 -0.09238664 -0.13301897 0.026380682 -0.23602958 -0.020305166 0.013510485 0.09723857 0.12427539 -0.06411637 0.3513243 0.013027105 0.14743954 0.12856011 -0.026096107 0.15096396 0.17739181 -0.14841317 -0.013340476 -0.063080326 0.03449877 0.06356733 -0.20236145 -0.05313374 -0.18896852 -0.1554348 -0.27165285 -0.050891947 -0.044887178 -0.031741984
NGA 0.1600976 -0.25406557 0.18521135 -0.09260852 0.0647596 0.12790163 -0.16979013 -0.4207443 -0.16606152 0.17950866 0.18851651 0.0045799846 -0.056853592 -0.034950133 0.07252266 0.22786814 -0.30961844 -0.38126737 -0.41813168 -0.06610115 0.26080588 0.283415 0.037187606 -0.18668593 -0.13346162 0.1756983 -0.15646832 0.03281959 0.049354974 0.04223542 -0.13434632 0.15424904 0.04039942 0.1484183 0.087978564 0.048376534 0.1826695 0.00028033552 0.15480408 0.15591323 0.2137737 -0.04717113 0.08510834 -0.09813817 0.030900458 -0.036744386 -0.032078255 -0.105337635 -0.0868895 -0.10674268 -0.022360465 0.08342209 -0.024738306 -0.106420204 -0.085380666 -0.08645984 0.5473023 0.15371908 0.030328311 -0.00022188225 -0.1713951 -0.094723724 0.1689899 0.07207238 0.0818706 0.039520152 0.092321716 0.08933721 0.01816647 -0.30443636 -0.12056639 0.09790838 -0.106374495 -0.010679129 -0.21187483 -0.15206952 -0.046271037 0.045466162 -0.1193067 0.10773247 -0.10128816 -0.33088785 -0.08178819 0.52259994 0.066914625 0.2064551 0.13669464 -0.034599975 0.052245036 0.122169755 -0.057555076 -0.08709578 0.06558973 -0.006455793 0.23699392 -0.05681543 -0.22005111 0.088323385 -0.2770936 -0.21134248 0.07754897 -0.06236892 -0.28243208 0.18929005 0.06516465 -0.14152437 -0.04387366 0.2174294 0.1576664 0.016937448 0.038327295 -0.074784875 0.2741192 0.05767054 -0.2459665 0.17008103 -0.27748746 0.146479 0.21024632 -0.04974862 -0.08146674 0.0653005 -0.050408963 0.19011718 -0.11638075 0.057133324 -0.05442468 -0.001909234
KAZ -0.052223973 -0.48305044 0.099319175 0.24209833 0.08947956 -0.2835403 -0.14798804 -0.0056030625 -0.12965162 -0.09512039 0.096025124 0.26002172 -0.071656466 0.04457095 0.10947189 0.2000543 -0.11536746 -0.048816632 -0.2485747 0.08295044 0.20188537 0.33653918 -0.07032304 -0.16566953 -0.32143822 0.112682134 0.07385574 0.22305873 0.027446913 -0.22407335 -0.005443546 -0.11672688 0.033896603 0.10422872 -0.144913 0.25868818 0.34300855 -0.2054732 0.040964752 -0.119055144 -0.19632097 0.28445265 0.2572454 -0.020479923 0.07009136 -0.0077952715 -0.12063378 -0.12588388 -0.122040495 0.06874124 -0.004041584 -0.027683191 -0.077815585 0.20328201 0.30411652 -0.05202837 0.37799433 -0.07839044 -0.022288382 0.12347372 -0.06323341 0.23896858 0.22644123 -0.021810055 -0.008727439 0.20198628 0.15005967 0.08626606 0.18491855 0.29215977 0.14498162 0.055878684 -0.2414296 -0.14522631 0.15202393 0.08546339 -0.007093538 0.036225285 0.016766328 0.101069 0.012597192 -0.21109521 0.1686428 0.6011398 0.111087844 0.16103998 0.20559491 -0.08705045 -0.042125843 0.2637626 0.11139052 0.009439421 0.21601294 0.041057345 0.39736578 0.11960308 -0.22599463 -0.19601911 -0.008473884 0.077388234 -0.09651339 0.030415278 -0.2749286 0.101265155 0.044371154 0.027991146 -0.015115691 0.2055317 0.19654813 -0.14082044 -0.010704131 -0.07239606 0.13221751 -0.030193923 -0.07410001 -0.037868585 0.114935346 0.03290414 -0.001762686 -0.12521656 0.01650162 0.13407297 -0.103076264 -0.02841471 0.057097632 -0.052177165 -0.021358406 0.18686585
GBR 0.06764651 -0.28478742 0.050677754 0.096881755 0.030928932 -0.51892227 -0.12215635 0.23308893 -0.047857683 0.010326114 0.07369069 -0.0700412 -0.03145299 0.08434898 0.21717301 0.11493867 -0.02401022 -0.15963046 -0.31096503 0.23368844 0.37484854 0.103715405 -0.08178186 -0.12839624 -0.09105545 0.12411339 -0.056332354 0.31766135 0.19060527 -0.040678624 -0.12816676 0.065974206 -0.11816281 -0.022900952 -0.2667846 -0.032147206 0.16204256 -0.028875213 -0.05986409 -0.18078122 -0.06522265 0.23945807 0.06904787 0.02964147 -0.10629609 0.11502614 -0.12822813 -0.116530634 -0.164548 0.016605455 -0.12180996 0.22947212 0.18131766 -0.012200413 0.21587281 0.13892867 0.19907042 0.18612659 0.04046514 0.0147698615 -0.012480602 0.15913865 0.08742807 0.14662011 0.05026532 -0.04367925 0.05483216 -0.112507395 0.13347924 0.02324598 -0.06951083 -0.1842649 -0.18466227 -0.08450487 0.049792435 -0.15117924 0.059027933 -0.038778253 -0.12267733 0.04751993 -0.0018524922 -0.20203948 0.23363155 0.4044289 0.16484702 0.21315332 0.23037 -0.14333665 -0.15948589 -0.11693307 -0.1012592 -0.16111569 -0.018562533 0.17555363 0.20650527 0.14677222 0.01483479 -0.24121255 -0.122450225 -0.118923195 -0.184877 0.04453198 -0.07861783 0.13398626 0.2060638 -0.11470275 -0.036286294 0.017967083 0.17428122 -0.11008612 0.10928041 0.14235057 -0.17079082 0.16282783 0.022428934 -0.14931013 0.15132776 -0.028020363 -0.042081583 0.043063022 -0.0652222 -0.070107274 -0.13455617 -0.17327197 -0.04285174 -0.03761832 0.096090466 -0.18192263
ZAF 0.051680002 -0.17935184 0.21765724 -0.14533183 0.39177966 0.06380145 -0.18874902 0.03608535 -0.27379227 0.6272635 0.44813424 0.012361198 0.012298127 -0.18282396 0.03948313 0.5335351 -0.20423591 -0.16048487 -0.25774202 0.24359472 0.00024925463 -0.0024808801 -0.09196372 -0.4583777 -0.11421835 0.22314456 -0.23362152 0.12228499 -0.14195977 0.40899807 0.09425413 0.3639658 -0.00058714167 0.05869843 -0.19578132 0.14537331 0.1514469 -0.029192317 -0.09418575 -0.04081594 -0.07001 0.22488977 0.031164184 -0.16783446 0.07947925 -0.008091825 -0.1257541 -0.13621196 -0.031328533 -0.06977685 -0.082657024 0.5230777 0.15888914 -0.23503245 -0.13969693 -0.1893 0.53146315 0.21016777 0.27384505 0.27391708 -0.28357762 -0.0035350597 -0.040282726 0.22553988 0.08730861 0.13980366 0.22382283 0.1193773 0.03502547 0.034279402 -0.0595934 0.08866905 -0.15130028 -0.043484278 0.08380014 -0.36107692 -0.08077048 0.045682155 0.04841501 0.163806 -0.10694394 -0.40423232 -0.18501967 0.44417128 0.061211836 0.02368688 0.014708083 0.059366517 -0.031547558 -0.13404654 -0.07657217 -0.097816154 -0.100817434 -0.09319194 -0.019536385 -0.1735681 -0.048153933 -0.088893786 -0.0010672336 -0.3458656 -0.15447874 -0.061354864 -0.026464926 -0.109081574 0.21532609 0.025888555 -0.05050075 -0.12392302 0.00801915 0.19847232 0.08913405 0.012761267 -0.026147434 -0.15571606 0.118818805 0.03530666 -0.26557022 0.027890336 0.26539007 0.090782456 0.04061261 0.047144186 -0.08974699 0.100821055 -0.14988503 0.11458315 0.057080623 -0.14138868
IND -0.010160638 -0.31172118 0.10059692 0.11113227 0.14767335 -0.14483616 -0.01372264 -0.056637384 -0.15307868 0.3555626 0.21845268 0.21850738 -0.12118757 -0.06627562 0.13061598 0.2819055 -0.13350542 0.14104922 -0.2580788 0.120292895 -0.033530124 0.13632773 0.04488773 -0.21906559 -0.14212176 0.23921807 -0.15725793 -0.011224562 -0.049086962 0.060307126 -0.12493625 0.34198636 0.04890496 0.541241 -0.23957765 0.08713428 0.28605708 -0.2565807 -0.1327195 0.048090607 -0.08548585 0.15198472 -0.040831655 0.17258306 0.12259422 0.056220565 -0.24637493 -0.08396223 0.022174075 -0.17260113 0.31984565 0.041590128 0.23932897 0.1507292 -0.18738244 0.14944424 0.35145053 0.1529726 -0.072869346 -0.15088902 -0.25709328 -0.17775868 0.120223954 -0.1266648 0.097249016 -0.004267572 0.19555809 0.059015173 -0.02868337 0.023482623 0.15257354 0.036777373 0.03438826 0.0394655 -0.0840034 -0.07801154 -0.12052586 0.033643886 -0.20446032 0.09149317 -0.123753004 -0.25853363 -0.13712469 0.07823241 0.06980128 -0.09374095 0.20004007 -0.22786994 0.05704947 0.23078826 0.02103534 -0.009240406 -0.13022557 -0.45786676 0.24299867 -0.002604465 -0.1261421 0.049616534 0.2783281 -0.23270586 0.04756213 -0.22750491 -0.11341547 -0.13714674 0.056585267 0.07706029 0.08778198 -0.041847598 0.11768631 0.08182325 0.07606372 0.02107438 0.26624718 0.08550625 0.21213116 0.020957982 -0.32001603 0.039453343 0.07003139 -0.20085408 0.2283411 -0.027030123 0.093714505 0.0515953 -0.08288124 -0.07560078 0.05475793 -0.044283565
IRN -0.20541725 0.014090741 0.112894244 0.12451134 0.06461654 0.0035400903 0.05595563 0.13348003 -0.30738032 0.15303752 0.27760243 0.30403614 -0.110681206 -0.19448046 0.0048141554 0.18712191 -0.0013192527 0.109576344 -0.015741967 0.28243995 -0.010455514 0.15788764 -0.13326022 -0.41253847 -0.0893462 0.015181361 -0.12459516 0.006440289 -0.08048394 -0.066947855 0.03980216 0.17501605 -0.0015407742 0.09998427 0.15442623 0.28290972 0.069762155 -0.1534882 -0.23078376 -0.074252054 -0.07673676 0.28697288 0.07521357 0.066769876 0.21665524 0.16038053 -0.25936443 0.03994715 -0.03435782 -0.06690836 0.3368034 0.19536799 0.025201106 0.014692727 0.09274486 0.025656966 0.16102739 0.18498269 0.08802836 -0.023685671 -0.24291058 -0.14570604 0.17873912 0.13098791 0.0039645433 0.023378814 0.2198578 0.14414513 0.1403008 0.21709338 0.18643104 0.013064555 -0.14879183 -0.18852605 0.15656024 -0.09274183 -0.08839438 0.031207096 -0.07470022 0.30859572 0.0030794884 -0.19868465 -0.012619559 0.32999438 0.18905859 -0.04800724 0.17265403 0.13865969 0.059377793 0.029382082 0.07137581 -0.0869924 0.02991244 -0.07282071 0.35526195 0.10833248 -0.15441683 -0.062612176 0.092608675 -0.2313458 -0.10649756 0.016496759 -0.104553334 -0.017089838 0.23323832 -0.017983407 0.15971975 0.113431826 0.30967647 -0.14934175 0.2095675 0.040572252 0.19414616 -0.037197713 -0.0802651 -0.14853442 -0.04993939 0.038132016 0.10096023 -0.076538146 0.17840588 0.14807953 -0.015129537 0.03389131 -0.18461856 -0.10756048 0.09643296 -0.072141655
FRA 0.3291272 -0.50681865 0.02856526 -0.01743719 -0.039354827 -0.24505758 0.05744633 0.19767347 -0.010774178 -0.11086061 0.3279529 -0.0931303 -0.08932192 0.09466312 0.332946 0.15847158 -0.32953104 0.067424886 0.036530193 0.049955737 0.12253427 0.08019548 -0.025098113 -0.12729765 -0.26509902 -0.24225418 -0.034476724 0.032339204 0.22447549 -0.07091006 0.04663115 -0.10764291 0.17625001 0.3997654 -0.23572089 0.107316844 0.4215833 -0.09744296 0.14050181 0.12951623 0.19050442 0.009562059 0.22470959 0.107986495 0.21539801 0.040087298 -0.30359522 0.022399796 0.20473677 0.20839521 0.047728557 -0.080099486 -0.09210191 -0.061779615 -0.090721585 0.19249143 0.13624951 0.13487287 -0.018690433 -0.10150982 -0.19473861 0.09500339 -0.19812188 0.013392335 0.26154304 -0.035171848 0.0034611467 0.029292172 0.17393653 -0.11403291 0.15538135 -0.060883988 -0.28555736 0.011854282 0.016743053 -0.23019974 0.08519411 -0.19695462 0.02229951 0.28196052 -0.046527978 -0.35908204 0.12756741 0.45452213 0.17618227 -0.013930459 0.15516299 -0.3842463 -0.07669241 0.23672548 -0.004279557 0.0717381 -0.03159703 0.19787674 0.2128362 0.20674685 -0.118013404 -0.19355462 -0.166254 0.078748845 -0.037346575 0.05809993 -0.03244389 -0.071658514 0.026247231 -0.0009966836 -0.087607086 0.11718032 0.014343882 0.27540424 -0.013013314 -0.011692634 0.20535435 0.5125988 -0.08154543 -0.016705178 0.06511946 0.2381933 0.09785544 -0.17780547 -0.014956056 -0.07691314 -0.1706463 -0.17279698 -0.21722144 0.26986042 0.17183934 0.20679499
DEU 0.1656274 -0.48584348 0.031564496 0.21519062 0.08160558 -0.60189444 -0.21578813 0.18704885 -0.0642962 0.15268777 0.13718094 -0.034773916 -0.20633459 0.018642219 0.18341488 0.2891507 0.2748834 0.045002937 -0.1787878 0.22583957 0.4678976 0.2474536 -0.11809196 -0.11920654 -0.2134377 0.0027352632 -0.036402706 0.24065809 0.17724666 -0.16364956 -0.124102324 -0.06536894 -0.03914026 0.33047342 -0.47444475 0.062204693 0.28208232 -0.17125668 -0.116111584 -0.096420385 -0.032582816 0.14973208 0.06295292 0.07555127 -0.006644559 0.15549657 -0.28715962 -0.042197037 -0.24116208 0.02258435 -0.101902105 0.17048055 0.28737578 0.068857 0.088891506 0.34599814 0.05482886 0.10125354 -0.056448113 -0.13248295 0.04296331 0.12986141 0.11887596 0.089538135 0.31599948 -0.13054287 0.10931164 -0.05143338 0.027211247 -0.157403 0.0421437 -0.11952234 -0.274221 -0.12811515 -8.250016e-05 -0.19312494 0.09214638 0.15587686 -0.1869179 0.08273283 -0.093580134 -0.16384855 0.2190488 0.29370448 0.3423053 0.18691593 0.33791745 -0.2325837 -0.029428672 0.0034398446 -0.11159253 -0.2158704 -0.163495 -0.038429122 0.31283125 0.16950801 0.25177252 -0.26373133 -0.09442787 -0.037054066 0.0066220593 -0.109505825 0.08227571 0.10269134 0.21867484 -0.08687209 -0.107638426 0.05527275 0.206284 -0.04121158 0.02905934 0.10323271 -0.10475369 0.16742489 -0.062113732 0.014189413 0.12316497 0.005251153 -0.15138046 -0.05649192 0.035796568 -0.12119618 -0.06426281 -0.20821588 -0.05969436 -0.032031443 0.17627405 -0.14409146
BRA 0.007944132 -0.13113038 0.022503395 0.0745419 0.18792592 -0.23562813 0.12931038 -0.1087006 -0.14498293 0.02276323 0.37497354 -0.1171261 -0.14666747 -0.20846352 0.3924711 -0.04545267 -0.09317381 -0.3115668 -0.217647 0.0031011924 0.11243148 0.17061235 -0.21232939 -0.110510655 -0.16362616 0.22359067 -0.08966643 0.23532239 0.30155137 -0.061557367 -0.155087 0.23789945 -0.01871473 0.18732662 -0.14141613 -0.12824638 0.13992907 0.09013439 -0.15607442 0.02200336 0.094639026 0.049110793 0.05866323 0.20231225 0.025234202 0.07621496 -0.02524925 -0.16409707 0.1119727 -0.11074975 0.23429394 0.1263261 0.010211646 0.11382248 -0.2003163 0.03123619 0.41260293 0.26844382 -0.3000441 -0.19531603 -0.1585984 -0.21050578 0.10319341 -0.24981457 -0.0094268955 -0.080380894 -0.06026379 -0.08746195 0.04704103 -0.07906706 0.15261821 -0.107962385 -0.14266914 -0.038277294 -0.03804951 -0.107570246 -0.08776534 -0.12779246 -0.05555541 0.11407465 -0.019314297 -0.22096469 0.030219289 0.049403902 0.022796618 0.12528706 0.18776745 -0.13866645 -0.18031779 0.08192865 -0.072196916 0.041194446 -0.031730227 0.08872197 0.16284798 -0.09129324 0.022860145 -0.04208818 0.059054445 -0.30966464 -0.23213387 0.10163586 -0.16477107 0.061744798 0.13797311 -0.16380484 0.23849761 -0.039083768 0.3962771 -0.19878122 0.1846798 0.03691242 0.091957726 0.16908199 0.14129801 -0.06998967 -0.10839223 0.05436077 0.12165657 -0.13441113 0.03348697 -0.011647173 0.13309193 0.10641821 -0.16130504 -0.16266257 0.017617038 -0.02695021
AUS 0.17934273 -0.29548794 0.0808347 0.21096368 0.12926029 -0.2014048 -0.11261921 -0.061721142 -0.22017978 0.1271734 0.08699682 -0.06173675 0.0978554 -0.12219691 0.18224984 0.456796 -0.27074185 0.25591698 -0.40975136 0.11240379 -0.26441696 0.21042888 -0.06763624 -0.116965696 -0.111063 0.08993916 0.24958682 -0.012000162 0.047490843 -0.10790377 0.027403995 0.2840761 -0.045405153 0.5621185 -0.58107746 0.4823502 0.2555448 -0.26539478 -0.17979543 0.030860353 -0.25518352 0.11317762 0.3981351 -0.058488175 -0.11586026 0.10642755 0.016539462 -0.50059974 -0.09927846 -0.1568634 0.45863754 -0.020648153 0.008588375 0.13474771 0.009209145 0.018096088 0.48257163 0.12883036 0.058245204 -0.10401546 0.03390112 0.22778137 0.056615986 0.03879883 -0.102002434 0.14360525 0.25128803 0.056268692 0.24646467 0.2736067 0.28971103 0.11343825 -0.22445916 0.17038313 0.4580688 -0.14169656 -0.06239914 0.09916567 -0.045790013 0.18286607 0.15920335 -0.29992616 0.08499887 0.25076354 0.06732311 0.13528645 -0.07090916 -0.45614818 -0.17139937 0.33300877 0.06611199 0.049855024 0.009918174 -0.06728442 0.25631392 0.04220044 -0.15198286 -0.34648943 0.10197289 -0.31519023 0.012249186 -0.03255073 -0.0177054 -0.05876929 -0.084754676 -0.029314771 -0.063671745 0.25585768 0.318353 0.1136108 0.039342094 -0.006291476 0.3553395 0.30333135 0.25453928 -0.17100662 -0.13418597 -0.20175399 0.0069876 -0.111798555 0.17329101 0.05774438 -0.0394619 0.029641856 0.16664138 -0.022939555 -0.041493475 -0.09492192
SEN 0.2430133 -0.5333452 -0.032248195 -0.06627181 -0.10483205 -0.18700473 -0.1389484 -0.5563229 -0.123958446 -0.16063556 0.15830854 -0.07708871 -0.00020035674 0.053142093 0.17303851 0.32072562 -0.35349432 -0.38653415 -0.3552418 -0.08711598 0.22876705 0.35216656 -0.112846896 0.03586629 -0.038265243 0.17980136 0.003335658 -0.05853936 0.12718035 0.0440697 -0.36385936 0.19401735 -0.13563013 0.0315557 -0.06370938 0.1482704 0.18408953 0.07789112 0.11041341 0.015221633 0.26148176 -0.044961203 0.3198648 0.016507003 0.04119288 0.04767666 -0.0469365 -0.34511644 -0.13269019 -0.12550141 -0.090298966 -0.14573862 -0.06822558 -0.12741002 0.06825243 0.10934214 0.36740676 0.050306212 -0.17503598 -0.118313335 -0.005763817 -0.005856241 0.100211 -0.038948946 -0.023113756 -0.012820887 -0.026612084 -0.0016318068 0.17662054 -0.3305802 0.08284767 -0.047361996 -0.25429282 -0.059533015 -0.23387326 -0.24669227 -0.18140751 0.23559186 0.15889774 0.13888659 -0.17358822 -0.42887416 0.07816898 0.57758564 0.1429658 0.4882667 -0.020762458 -0.15209267 0.057823204 0.043404985 -0.12528725 -0.16347592 -0.028032262 0.26951995 0.36527824 0.21440999 -0.13661535 0.0791003 -0.35102135 -0.04200678 0.2083464 0.06391277 -0.17214234 0.49031186 -0.043202087 -0.14496993 0.03958822 0.08179663 0.029638862 -0.18498185 0.087448895 0.008109368 0.10703399 0.19197409 -0.28549758 0.069650434 -0.12867685 -0.037605826 -0.0036399893 0.14077307 -0.109664716 -0.100630976 -0.20099528 0.2034125 -0.0033144152 -0.10163274 -0.2588345 -0.0655028
NOR 0.16126615 -0.24995188 0.18941373 0.058377553 0.041017544 -0.40384993 -0.17141303 0.28671157 -0.095001794 0.05832493 0.21414909 -0.05416554 -0.118559115 0.05788404 0.2120995 0.16069707 -0.25717634 -0.0383979 -0.23282057 0.24267083 0.34480584 0.05563726 -0.030915638 -0.32573238 -0.1447496 -0.0045682155 -0.07173415 0.20115384 0.08141765 -0.06343729 -0.01883488 -0.00092352903 -0.020080274 0.1928681 -0.15847498 -0.09374681 0.11954275 -0.1337507 -0.0013622011 0.005104768 0.034014687 0.19791465 -0.10109758 0.062206272 0.010376048 0.15536949 -0.14819817 0.038721018 -0.051008984 0.13608913 -0.15958087 0.091481104 0.16080593 -0.07907561 0.04606498 0.28634623 0.015558857 0.14919609 -0.05923481 0.008021475 -0.09547867 0.13776964 0.052344702 0.15191592 0.20633899 -0.038657714 0.07504879 -0.06007135 0.21065292 -0.07360751 -0.019443907 -0.07310774 -0.1463817 -0.08053371 -0.0374347 -0.18663354 0.18542035 -0.07366244 -0.26109073 0.16496137 -0.030477108 -0.21840313 0.16849616 0.35924232 0.17234367 0.08539882 0.21072175 -0.15987934 -0.07993002 -0.066617236 -0.022924358 -0.15392041 -0.016141115 0.016597284 0.24759686 0.17508374 -0.15790161 -0.18334606 -0.08879404 -0.2095778 -0.13216268 -0.15145703 -0.052514046 0.0709594 0.1830139 -0.13382928 -0.09634998 0.032990277 0.20859195 0.121294305 0.08085967 0.07741632 0.088187285 0.253175 -0.16842033 0.0014138311 0.0054176333 0.025711082 0.10730654 -0.07547117 -0.051841233 -0.08580157 -0.119839005 -0.10350018 -0.18866289 0.0595156 0.22155583 -0.16770108
POL 0.03725178 -0.44935992 -0.065717496 0.09088576 0.12775323 -0.33110526 -0.084382586 0.09736826 -0.20987965 0.1661803 0.20464332 0.16936499 -0.13761836 0.1290625 0.1768608 0.093015134 0.0692792 -0.106511764 -0.31350204 0.0076320576 0.24246736 0.393309 -0.31579116 0.03113614 -0.16166413 0.13372234 -0.0015916629 0.42388248 0.266094 -0.038703125 -0.13297254 -0.016430449 -0.059418105 -0.08838671 -0.25049987 0.06921575 0.1339773 0.028870294 0.18299034 -0.065990485 -0.095870815 0.028849345 0.13575228 -0.014325299 0.20750865 0.00048273517 -0.30835506 0.14547807 -0.22069253 0.15097837 -0.040536076 0.072849914 0.13339107 0.24911052 0.34290436 0.06499523 0.10056358 -0.061235044 0.013322903 0.08466364 0.0014551512 0.13310778 0.021728946 0.1627607 0.26654088 -0.021474933 -0.016842518 0.13194036 -0.25807598 -0.0616296 0.27695823 -0.05253616 -0.16859853 -0.14270931 0.2010243 -0.06872199 -0.095403194 0.07394548 0.07058084 0.056307673 -0.071159035 -0.23957543 -0.017799102 0.4379838 0.123185575 0.08314994 0.2438684 -0.18160746 -0.005752574 0.22485812 -0.027755715 -0.0014605754 -0.0030759333 0.07822595 0.28061223 0.14389977 0.28482553 -0.23803411 -0.16976142 0.09769759 -0.04905799 0.0055473256 -0.24614048 0.17184399 0.023754073 0.017482342 -0.08495974 0.0659518 0.06541394 0.07542372 0.065553516 -0.020797426 -0.11444975 0.1686603 -0.1178932 0.06527996 0.009910056 0.17988281 -0.07874832 -0.072577626 0.041310314 0.048845768 -0.061113436 -0.08905086 -0.10552469 -0.08445671 0.16450883 -0.0426533
TTO -0.056210812 -0.29697263 -0.005570703 -0.28478262 0.17212099 -0.20614891 -0.059134763 0.10482187 -0.38528362 0.37446555 0.5482697 -0.012941897 -0.11335397 -0.3353992 0.36094943 -0.0969544 -0.12308098 -0.32208696 -0.08382309 -0.22634158 0.10228984 0.016414495 -0.35813257 -0.049864538 0.0008048748 0.380647 -0.123616084 0.12567165 0.12400285 -0.052606825 -0.1379894 0.041730087 -0.018775232 0.1629105 -0.18179253 0.0148464115 0.20851658 -0.14538136 0.116463386 -0.089182466 0.17524002 -0.11671639 -0.08769423 0.071922116 0.1725034 -0.025131779 0.038148493 -0.10629165 0.12201411 0.007758381 0.03293979 0.10096967 0.15295035 0.11186301 -0.0068909493 -0.26517308 0.22752488 0.21842182 -0.20990384 0.24863878 -0.1477182 -0.06810657 0.021030026 -0.1259517 0.3083274 0.22035955 0.032688882 -0.062722124 -0.026223522 -0.47975442 0.31124607 -0.023839604 -0.17141157 -0.19632547 0.04804685 -0.10389503 -0.1659043 -0.23717907 -0.007092333 0.03238527 -0.22105783 -0.3215699 -0.12949349 0.34983224 -0.26447213 0.029857384 0.10947831 -0.17318933 -0.04163301 -0.07050606 -0.043140106 0.3012234 0.09094893 -0.03269071 0.13564372 -0.033946432 0.0003655318 0.0037836323 0.025083287 -0.3880722 -0.22366658 -0.02440524 -0.3331275 0.15732346 0.100500785 -0.1998151 0.038885072 -0.032812838 0.4621618 0.017507918 0.086667486 0.06905767 0.12791151 0.3054069 -0.14130016 0.17858788 -0.32005847 0.07934346 0.13122723 -0.008842461 -0.30309176 -0.093870275 0.006164641 -0.0008219478 -0.4348271 -0.10580776 0.24616545 0.039607644
DZA 0.12619989 -0.2270724 -0.044393767 -0.014962313 0.20726287 -0.52123487 0.1302007 0.035701476 0.04265443 -0.09755438 0.32128802 -0.22288243 -0.13351823 -0.13900486 0.5310941 -0.059936874 0.038809184 -0.36452797 -0.08757386 0.067070924 0.2660743 0.05055339 -0.06503435 -0.1302886 -0.06898978 0.16033204 -0.10441825 0.30315238 0.3966245 -0.006269088 -0.17643179 0.081502624 -0.12718686 0.1293383 -0.2989597 -0.24757507 0.2202461 0.15336506 -0.034749895 -0.10889598 0.21790451 0.051886085 0.0082603125 0.18809004 -0.069045864 0.06799935 -0.09728446 -0.19961292 0.10845561 -0.16693565 0.0019001078 0.2414841 0.08255124 0.058477364 -0.104059845 0.08367959 0.33836278 0.37250242 -0.22265948 -0.2652303 -0.08218151 -0.011636897 0.08508443 -0.13826388 0.06748233 -0.07255364 -0.076003164 -0.28848842 0.21498476 -0.08702553 -0.032307405 -0.16488768 -0.14588289 0.008584726 -0.16976346 -0.15499786 0.060095593 -0.15157619 -0.19566634 0.14599839 -0.13340145 -0.26753587 0.15573882 0.23205392 0.16714376 0.09326411 0.37103406 -0.20145184 -0.31236142 -0.002012314 -0.19656476 -0.20596889 -0.11974231 0.06706896 0.15528573 -0.048714455 0.025397649 -0.08038839 -0.09834348 -0.25026596 -0.18503308 0.05201633 -0.18499598 0.11239717 0.27303803 -0.2534441 0.11971292 -0.18471411 0.3180897 -0.1754877 0.2361146 0.26321453 -0.076594636 0.26664597 0.0872392 -0.17718805 0.11920475 0.08622979 0.07321778 -0.087759085 -0.1582892 -0.13799761 -0.067972235 -0.08740731 -0.25804538 -0.1354229 0.06964583 -0.10535381
ECU -0.02519067 -0.37818027 0.24095298 -0.03223911 0.17904305 -0.11938563 0.1986317 -0.29045704 -0.40651062 0.28956944 0.46687892 -0.119707406 -0.3014051 -0.083869584 0.39565846 0.0030459147 -0.38436076 -0.44715762 -0.46974245 0.11660378 0.38211194 0.46035686 -0.47768784 0.07931759 -0.28655487 0.3978493 -0.09582878 0.56369966 0.38996413 -0.27221784 -0.2390618 0.12589574 0.17373563 -0.019889418 -0.0047837533 -0.24057025 -0.031274833 0.019641975 -0.06538155 0.088323876 0.081851006 0.046140935 -0.13081811 0.19013621 0.39976993 0.21282502 -0.088543035 0.10408088 0.03039178 0.20251277 0.28637162 0.26759362 0.01489582 0.11787422 -0.36592716 0.19173764 0.33602542 0.11830586 -0.32012624 -0.1511568 -0.24952567 -0.42002258 0.25861883 -0.0672126 0.31683117 -0.13778648 -0.07018599 0.14575645 -0.16984694 -0.37503812 0.39935875 -0.1588178 -0.40213275 -0.025302093 0.012813623 0.06887953 -0.20314342 -0.11319659 0.087290935 0.19250193 0.09644454 -0.41136515 -0.16760635 0.16342421 0.025949119 0.1638408 0.07489647 -0.24048749 0.14520854 0.14415699 0.12011445 0.30971208 0.080086194 0.10285719 0.29447865 0.057829786 0.22359835 -0.029400568 -0.026013445 -0.28167698 -0.19896306 0.14550236 -0.06830772 0.17805901 -0.07786946 -0.13623737 0.18152654 0.15707652 0.4018389 0.07187877 0.1168797 -0.33212388 0.018614851 0.11252166 -0.21509229 0.22938912 -0.2132236 0.16375956 0.101357654 -0.10476466 -0.0047322465 0.20023036 0.19381745 0.22604802 -0.36266622 -0.17441058 -0.013184273 0.055301327
MYS 0.026412515 -0.16501044 0.023171375 0.15062505 0.14580482 -0.100264095 -0.016407236 0.036879007 -0.14736104 0.28386644 0.22185458 0.027695818 0.024222141 -0.13459358 0.17387901 0.34750322 -0.18446736 0.22718051 -0.2609974 0.20451823 -0.17368463 0.24886046 -0.08860426 -0.32133296 -0.13410895 0.06868479 0.09006439 -0.1040542 0.1399531 -0.05866285 0.070607126 0.36282 -0.122623846 0.5733009 -0.40473214 0.468796 0.23150446 -0.26501065 -0.18589291 0.030797817 -0.10607483 0.16316642 0.39811605 -0.046650752 -0.04681959 0.107998475 -0.17246062 -0.40161777 -0.010303431 -0.19370438 0.44973665 0.11948704 -0.021733712 0.10040329 -0.07087056 -0.028602378 0.4057475 0.2790824 0.18906161 -0.14312342 -0.054582026 0.08127525 0.12168956 0.10237115 0.028443504 0.09587 0.26351872 0.057784345 0.22921734 0.23000997 0.106559955 0.15807144 -0.09322399 0.21078852 0.33042687 -0.14041537 -0.048388816 0.008914089 -0.14285421 0.1616383 0.1549286 -0.335571 -0.057382286 0.26964664 0.1445229 -0.076455474 0.025896598 -0.27026436 -0.25657845 0.2681878 0.13858764 -0.06662593 -0.045419782 -0.12716201 0.22232176 -0.034239665 -0.10433111 -0.21865837 0.059125405 -0.22342758 0.06832826 -0.0477391 0.041564334 -0.13672552 0.010856299 -0.07035131 -0.11533955 0.15701868 0.17207287 0.039777897 0.035364576 -0.027079238 0.40828475 0.3119679 0.18635885 -0.16667607 -0.11856406 -0.08797415 0.074986346 -0.12908192 0.15458429 0.1457408 -0.028149854 -0.046418305 0.0601321 -0.018419685 0.058629923 -0.09446119
SGP 0.14513072 -0.25956896 -0.061406698 0.08014185 0.3478287 -0.38296098 -0.056809857 0.111460514 -0.081517585 0.25392497 0.20542291 0.11524801 -0.08674581 0.15753767 0.059547693 0.44253838 0.043362338 -0.07194303 -0.40158907 0.16928999 0.028963003 0.18658972 -0.08595661 -0.31036758 -0.16091785 0.12070971 0.059885148 0.23231627 0.17548904 0.12683755 0.04198917 0.15760386 -0.039648812 0.26679856 -0.5990735 0.30418006 0.16397765 -0.07391878 -0.075243086 -0.078725 -0.08104113 0.15950945 0.21290393 -0.0022323919 -0.056042388 -0.03200274 -0.15082124 -0.2861656 -0.2888788 -0.25087684 0.017932305 0.25055268 0.22011442 0.10351981 0.12848999 -0.12396086 0.4891342 0.18978342 0.37266114 -0.19446367 0.02595411 0.19588923 -0.050231766 0.16296804 0.03872552 -0.023976658 0.19182011 -0.049404796 -0.022055259 0.118988976 0.1661246 0.08678347 -0.13966513 0.03562011 0.12861717 -0.19434142 -0.017752118 0.07689283 -0.03367488 0.28485778 0.008471664 -0.19461012 0.028415991 0.027448783 0.23359948 -0.018304 -0.003913491 -0.11742757 -0.11394571 0.119931996 -0.08490346 -0.12594374 -0.16082667 -0.054664202 -0.002575992 -0.09964692 0.24395889 -0.17369638 0.01637165 -0.03322783 0.07772827 -0.144498 -0.004451364 -0.26975828 0.043291956 -0.016477037 -0.15171976 0.085872576 0.017384658 0.1270259 -0.035450257 0.28783062 0.038115006 0.029176366 0.29527357 -0.10093865 -0.04634441 -0.13958874 0.0015978876 0.1099017 0.14016452 -0.007655346 -0.14366212 -0.09125363 0.023705041 -0.14416686 0.111572385 -0.15490422
DNK 0.1636686 -0.36520097 0.012546412 0.17336018 -0.034415904 -0.5478762 -0.123298034 0.16014457 -0.11548432 0.058486406 -0.055852685 -0.078782074 -0.19237994 0.15936494 0.10725204 0.15004589 -0.2861667 -0.096502244 -0.36210394 0.4076779 0.439324 0.1891006 -0.07933187 -0.3312496 -0.19095652 0.10271818 -0.017771283 0.32652628 0.06880251 -0.26206037 -0.09964577 -0.050279234 -0.09614731 0.067220226 -0.34088638 -0.0402345 0.18916297 -0.23477231 -0.010313121 -0.19111508 -0.06678089 0.2994622 0.036186308 0.052403733 -0.052933536 0.13843258 -0.08321076 -0.037203755 -0.13236365 0.14825837 -0.14999461 0.1276352 0.12826079 0.03603325 0.25201434 0.18891753 0.16710608 0.14164956 -0.00691553 0.067873314 0.004627493 0.09953464 0.18529572 0.21070452 0.034574058 0.11287222 0.2767132 -0.02162016 0.12047105 0.07202518 -0.004367172 -0.014013776 -0.11642976 -0.12220804 0.06678481 -0.039659966 0.16098642 -0.13484783 -0.12870733 0.061961193 0.09485694 -0.23609625 0.21272066 0.44387758 0.19299637 0.20252667 0.2361256 -0.110610366 -0.0029329653 0.001101181 0.059855822 -0.21010008 0.19432516 0.13800113 0.30720952 0.16886154 -0.1498312 -0.21259189 -0.15398738 -0.01614412 -0.17436457 -0.00035909432 0.038573932 0.121762194 0.14954388 -0.06332039 -0.11041227 0.15414044 0.1247528 0.012884355 0.036886603 0.064001195 0.021443773 0.13777201 -0.3356171 0.07000578 0.15038174 -0.019281104 0.13251956 -0.0005608874 -0.16416612 0.0111257965 -0.0818199 -0.20992455 -0.076268844 -0.13965735 0.07713434 -0.26515293
MEX 0.15635704 -0.28580135 0.2969713 -0.0016632078 -0.08336608 -0.1997964 0.15412971 0.009776768 -0.39644343 0.15509558 0.23138899 -0.15341824 -0.23132613 -0.02369698 0.18242173 -0.086326964 -0.5398922 -0.18980594 -0.41438618 0.21866107 0.40237966 0.17476024 -0.14244126 -0.11716301 -0.05659418 0.34715673 -0.1945822 0.27870956 0.20541711 -0.24844293 -0.063005164 0.18834366 0.021721903 -0.0042595044 -0.08039493 -0.26503897 0.05304123 -0.2885492 -0.013710548 0.01908112 -0.038531236 0.27104175 -0.04759407 0.10554806 0.13458782 0.07443441 0.1592366 0.025935285 0.009512109 0.0805126 0.20712593 -0.027355403 0.098953575 -0.16761492 -0.157186 0.19838877 0.23916496 0.21985684 -0.17748296 0.14343719 -0.020121602 -0.23515944 0.076424345 0.03989229 0.0638183 -0.046985883 0.20802537 0.1355961 0.14265099 -0.339366 0.18913701 -0.11401948 -0.29017612 -0.20028232 -0.06670568 -0.10003083 -0.12579145 -0.1499545 0.03605768 0.16226192 0.18004587 -0.2779664 -0.08213174 0.17410392 -0.05749276 0.3230872 -0.10557187 -0.09521093 0.20592402 -0.10806224 0.13769037 0.29913998 0.19563195 0.12505475 0.19215158 0.098456144 -0.061792646 -0.030638259 0.016453102 -0.12550326 -0.24672964 0.00034458685 -0.056688588 0.15465423 -0.119664766 -0.09171004 0.18462382 0.13759941 0.3209731 0.01194905 0.09079355 -0.21695812 0.0067656324 0.11779737 -0.18084592 0.11566019 -0.10476603 -0.0485514 0.17128964 0.013091243 -0.37572014 0.06484677 0.0019292557 -0.012120038 -0.26891482 -0.09544997 -0.07480845 -0.24376507
KWT 0.19924188 -0.15321997 -0.13240841 0.023896344 0.28670067 -0.2918093 0.07745869 0.13680072 -0.15136541 0.06587332 0.34311017 0.23060702 -0.1688804 0.11048262 0.061341863 0.18376185 -0.01886505 -0.16549118 -0.28639108 0.02342269 -0.04542094 0.22003718 -0.110538356 -0.3270825 -0.10503567 -0.051473312 -0.05372884 0.35375845 0.29486045 0.1752793 -0.010516981 0.08360877 -0.02973229 0.050242707 -0.33997813 0.3200783 0.07916838 0.008188526 0.23461413 0.05789796 0.012870046 -0.0019810537 0.1713178 -0.028985884 0.15825507 -0.0953223 -0.23827796 0.040762965 -0.30408055 -0.042869892 0.15066387 0.025104063 0.040040452 0.12403923 0.23062754 -0.18212496 0.26454717 0.09044076 0.25460616 -0.16190565 -0.13506368 0.13812077 -0.15397497 0.21974413 0.08519903 -0.04843488 0.14212601 0.18869172 -0.2028602 0.04273951 0.276728 0.061847497 -0.056958646 -0.15115656 0.011437611 -0.2990584 -0.106321506 -0.00049743976 -0.0012284422 0.44018295 -0.04724003 -0.17754522 -0.09501178 0.13769424 0.297975 -0.13974062 0.13163769 -0.16314243 -0.023848979 0.24228251 -0.10299457 -0.071948774 -0.13797075 -0.056561846 0.08861551 0.06804225 0.3013415 -0.15580012 -0.10270007 0.03871612 0.13634612 -0.15848523 -0.28314933 -0.15008467 -0.07925124 -0.12595531 -0.049684864 0.15553723 -0.0015401389 0.15883495 0.036225345 0.238764 0.02049908 0.13045892 0.10995595 -0.08827581 0.103625774 0.05407004 -0.016054107 0.04913296 0.07553634 -0.027863983 -0.09933644 -0.062078454 -0.11654695 -0.05847623 0.14322138 -0.07726661
NZL 0.30800685 -0.06989539 -0.024562264 0.012781016 0.167157 -0.4572574 -0.28033623 -0.03139611 -0.41829917 0.047148168 0.23306976 -0.045031734 -0.11076201 -0.25914237 0.08688641 0.31847528 -0.10640433 0.014261995 -0.45091295 0.136863 -0.111962326 0.13689499 -0.3020821 -0.14046608 -0.04096386 0.06983121 0.09932829 0.0847086 0.10526219 -0.049251538 -0.1280415 0.22414811 -0.14736527 0.09426134 -0.57626075 0.4852705 -0.11135136 -0.09927787 -0.273389 -0.047124624 -0.19477104 0.08208542 0.31867605 -0.04484388 -0.1835747 0.07695688 0.23334847 -0.3700741 -0.44806826 -0.15728866 0.41646612 0.07308419 0.06881166 -0.2146804 0.17316124 -0.12500879 0.2795542 0.08961976 0.15093358 -0.23364131 0.06655202 0.21764094 -0.14163339 -0.0039111525 -0.051990937 0.06109737 0.1971288 0.07271757 0.039428502 -0.123254865 0.34434572 0.0029018326 -0.36478627 -0.22279195 0.2873447 -0.27624583 -0.15539625 0.27097824 0.06646654 0.30137807 0.03766666 -0.17265283 0.21974246 -0.0007054142 0.15637054 0.2852181 -0.109642975 -0.30482042 0.080030374 -0.024781583 -0.27780092 -0.07207282 -0.14741704 0.149328 0.14258185 0.097541526 0.2646012 -0.30073127 0.019962639 -0.44434997 -0.053316567 -0.031635348 0.0065806876 0.13349378 -0.03019672 -0.12312617 0.06657984 0.23266505 0.33606902 -0.10811409 0.124085434 0.25848618 0.06296819 0.036003567 0.19396298 -0.1778458 -0.035231844 -0.38507372 -0.03786657 0.13731477 0.060037706 -0.15358606 -0.13631183 -0.0003681222 0.016938731 -0.1840444 -0.15126406 -0.33608374
COL -0.024363706 -0.27793947 0.17816564 -0.17560633 0.07339595 -0.2162668 0.20778047 0.24753696 -0.38092706 0.2566377 0.34462896 -0.009475387 -0.092702284 -0.18322656 0.3548563 -0.21719304 -0.27959883 -0.1500813 -0.15050417 0.0014168876 0.1440761 -0.053493664 -0.23212631 -0.05496102 0.046104085 0.35721648 -0.16426003 0.25175634 0.18879321 -0.08422665 -0.009397495 0.14915787 -0.015679576 0.013806231 -0.17491843 -0.10011439 0.18340082 -0.32960084 0.059321776 -0.09764327 -0.04541834 0.1485563 -0.09443971 0.13037468 0.1130303 -0.06699718 0.10887364 -0.09473702 0.10951154 -0.039602842 0.18559633 -0.06312326 0.08486239 -0.101333015 -0.008159608 -0.1609602 0.18668354 0.23879023 -0.11983198 0.30882275 -0.014478486 0.006404063 -0.030157821 -0.01680256 0.09722979 0.14907607 0.10498365 -0.014360751 0.2066168 -0.27568927 0.2740597 -0.07423624 -0.2603317 -0.23587713 0.13557985 -0.088352 -0.2121696 -0.26957896 0.109332465 0.10747265 -0.06854559 -0.23398376 -0.028993877 0.20082286 -0.26008046 0.1453303 -0.07635656 -0.12807858 0.030176155 -0.108929254 0.046869855 0.4409167 0.20046517 0.008342122 0.12053098 0.07076299 -0.15962666 -0.12541136 0.17527643 -0.20763534 -0.27727938 0.050283816 -0.33913407 0.027460182 0.013662912 -0.08469638 0.16808443 0.017181415 0.5025896 0.029209837 0.11088121 0.06046607 0.07132648 0.16048531 0.03145013 -0.04353362 -0.1078144 0.02373886 0.112737074 0.055493414 -0.32268953 -0.007515605 -0.13758233 -0.07833677 -0.37111956 -0.037817765 0.09603224 0.0021788673
IDN 0.07112859 -0.22832729 -0.02320314 0.18151215 0.21820796 -0.25719944 -0.04280543 0.1316011 -0.14984253 0.305322 0.20429912 -0.06301729 -0.0008327198 -0.08747441 0.18519288 0.35742247 -0.14845642 0.18903188 -0.34816334 0.22265273 -0.10361127 0.24078669 -0.17056067 -0.17595103 -0.14817569 0.11431758 0.14369114 0.00815146 0.15672934 -0.13829666 0.016394662 0.29487517 -0.11759808 0.54095495 -0.5256736 0.43757597 0.18211365 -0.29830796 -0.18495804 0.0119599365 -0.1452565 0.1380552 0.32430136 -0.05427077 -0.117212415 0.13314012 -0.15529123 -0.38440302 -0.031271182 -0.15265816 0.3741746 0.12320364 0.048198618 0.1855474 -0.083949104 0.036444794 0.29233205 0.23539072 0.0935865 -0.1478743 0.028810073 0.10182004 0.09380881 0.1081237 0.05228259 0.07108531 0.1857452 0.04915265 0.12448229 0.17823847 0.16524214 0.076006494 -0.13993847 0.2070618 0.4202438 -0.16689926 -0.024600692 -0.05258729 -0.12309222 0.1364929 0.1748628 -0.34127578 0.022103934 0.21372138 0.12940672 0.00426197 -0.020124812 -0.39969113 -0.2642009 0.2807975 0.12359165 0.015832134 -0.031784147 -0.098200545 0.2205097 -0.017970644 -0.03331264 -0.28775996 0.053291667 -0.25022823 0.042563852 -0.09566382 0.10242122 -0.14977437 -0.00387589 -0.10428198 -0.16880892 0.15502085 0.17026068 0.07179219 0.012629524 -0.007195362 0.34270358 0.35462555 0.26729724 -0.15986075 -0.066778846 -0.17292029 0.021600211 -0.08066804 0.19367287 0.05647794 0.027852071 -0.0443116 0.075893864 -0.060938515 0.11279644 -0.16491224
AGO 0.10683884 -0.15404089 0.064844765 -0.025308484 0.2403029 -0.13827522 0.21034239 -0.018892815 -0.26673403 0.17435609 0.48786786 -0.17540011 -0.1942311 -0.26867336 0.4050937 -0.016846292 -0.13183528 -0.32890597 -0.14787264 -0.036855698 0.038329802 0.015697615 -0.1597672 -0.18706268 -0.06373315 0.10663812 -0.22820261 0.26952487 0.22310765 0.16730149 -0.048236627 0.2530951 0.0224655 0.15756041 -0.13740066 -0.09045435 0.22337815 0.04063807 -0.026448945 0.083701365 -0.01841162 -0.017304383 -0.002972364 0.09099546 0.0316319 0.029985804 -0.09247103 -0.10854125 0.1367642 -0.0356863 0.10992881 0.1958503 -0.0037132362 0.046455786 -0.25671494 -0.07271428 0.28368774 0.3424177 -0.22469683 0.103356935 -0.20885755 -0.23770705 -0.09183951 -0.08917106 -0.08746139 0.033241306 -0.016581988 0.03612102 0.022692893 -0.12628864 0.15014167 -0.10312717 -0.03944496 -0.17012064 0.061497316 -0.28615323 -0.16678044 -0.22888088 -0.017335773 0.18953192 -0.060501248 -0.16597553 -0.059048437 0.20256321 -0.04457217 0.041423745 0.090661116 -0.07783366 -0.11187281 0.058595292 -0.12134428 0.1937899 0.030816479 0.08197702 0.11902589 -0.10631758 0.0415429 -0.03706174 0.030178498 -0.3692249 -0.29392588 0.11331262 -0.24563941 -0.08752479 0.13456964 -0.15482461 0.29989412 -0.06296121 0.3259631 -0.0019568752 0.20597546 0.13720529 0.08803888 0.1511975 0.090057075 -0.10631171 -0.026970845 0.23252578 0.23722874 -0.1286453 -0.06585776 -0.095843576 0.08840668 0.12757082 -0.33928147 0.055429257 0.16885501 -0.049826246
GAB 0.28858966 -0.3736852 0.19312736 -0.077928476 -0.041850492 -0.05879567 -0.2058188 -0.120815404 -0.14320761 -0.08785334 0.30090588 -0.014957234 -0.08568447 0.048683852 0.06267275 0.37772062 -0.39792943 -0.10764323 -0.15507333 0.031351365 0.08646443 0.13364287 0.049733713 -0.3094904 -0.1852368 -0.20035735 -0.025828628 -0.0036246758 -0.013232963 0.05061147 0.011869196 -0.04339914 0.08809669 0.29770336 -0.045717787 0.25346917 0.29021698 -0.061409567 0.14314097 0.2446477 0.21182825 0.0031609745 0.22321036 -0.07978588 0.1929814 0.12200827 -0.20061868 -0.07578605 -0.06892391 0.10133009 -0.12924683 -0.014995792 -0.07302423 -0.21740009 -0.05455732 0.16582839 0.29186958 0.11497634 -0.0015088585 -0.106166705 -0.24601002 0.055456456 -0.05528958 0.13145226 0.1218439 0.04129136 0.05872633 0.070367865 0.16439393 -0.2001844 0.015446746 -0.0074198893 -0.22069095 -0.093235314 -0.10055889 -0.31544805 0.05013861 0.02120343 0.012520485 0.36439404 -0.098234825 -0.2267736 0.10089624 0.46456924 0.16702552 0.112470336 -0.046548218 -0.10928441 0.05688069 0.076881275 -0.09418301 -0.12694918 -0.034507725 0.1658149 0.25443482 0.21654925 -0.19782223 -0.013304387 -0.2959884 -0.10490399 0.07992407 -0.09446625 -0.1336009 0.114447296 0.030328797 -0.0987821 -0.04414774 0.2127923 0.025401108 0.23078576 -0.020359743 0.05586376 0.35460576 0.24299695 -0.25105986 0.00068846624 -0.057542607 0.03872046 0.13474452 -0.105396055 0.04579623 -0.059337948 -0.19848436 0.14269046 -0.1384181 0.23023915 0.15032507 0.018946854
CAN 0.17928046 -0.16213441 0.13933685 -0.011255123 0.14505221 -0.43617728 -0.003062529 0.25802752 -0.015221187 -0.06073634 0.11286957 -0.07806013 -0.07959122 -0.04883637 0.2827467 -0.059890166 -0.20648238 -0.16207494 -0.23327559 0.097707205 0.2633995 -0.020138847 0.047520995 -0.23467684 0.01380972 0.12741111 -0.11465663 0.34207192 0.32067844 0.020406935 -0.09446812 0.054596 -0.21578602 -0.01260893 -0.13825615 -0.19885463 -0.03158699 -0.02403731 0.08431641 -0.044701185 0.042603258 0.14865352 -0.17812766 0.08093152 -0.08734247 0.033738505 0.00459329 -0.09327224 -0.14892475 -0.17418064 0.08364284 0.17262912 0.11270753 -0.17623617 0.11640936 0.016123323 0.24514456 0.28863165 0.038469337 -0.16368298 -0.01992987 0.13023807 0.04597593 0.07593484 0.09564016 -0.02474634 0.106255196 -0.173169 0.33672377 -0.07097468 -0.07798916 -0.101035856 -0.19340366 -0.0380577 -0.10703287 -0.220568 0.06767095 -0.048187774 -0.25027034 0.2684633 -0.08822083 -0.13288352 0.20204447 0.28517422 0.07907207 0.062846206 0.28972822 -0.17823312 -0.121214196 -0.11067458 -0.07812156 -0.14390883 -0.06289282 -0.0066682217 0.11502155 0.13371675 -0.08765994 -0.10009923 -0.07638926 -0.1561893 -0.13163741 -0.15090825 -0.33258843 0.12569852 0.11638036 -0.19419253 0.022234678 -0.10380457 0.26713818 -0.0004073307 0.17495427 0.2305456 -0.08299765 0.21477716 0.029831013 -0.17823525 0.19333376 -0.010489422 0.00936752 0.0052834405 -0.30151093 -0.09365955 -0.23680633 -0.13638626 -0.23277926 -0.05538354 0.08336821 -0.15980962
BRN 0.1450829 -0.2904202 0.015445152 0.14435117 0.18362303 -0.5145005 -0.23749416 0.10385541 -0.1293502 0.17540541 0.15893114 -0.055780195 -0.08215692 -0.005191213 0.15113623 0.31115058 0.0680737 0.074596964 -0.33532563 0.20006523 0.1902228 0.1822091 -0.153622 -0.05391626 -0.14905602 0.10162836 0.094067916 0.213004 0.1644541 -0.1016226 -0.039966736 0.059165124 -0.11341245 0.16125208 -0.5634302 0.23773329 0.056472562 -0.15814139 -0.18415818 -0.11050246 -0.17753075 0.18929008 0.21000485 -0.075971454 -0.19151893 0.11117066 -0.037885185 -0.28719786 -0.2852756 -0.07308846 0.085167184 0.22242297 0.1836091 -0.025868624 0.121048175 0.056577597 0.28203568 0.10764046 0.13610137 -0.14104234 0.105424024 0.2069156 0.03281723 0.07890851 0.09809485 -0.023702726 0.1847667 -0.04482361 0.09777712 0.067045815 0.08318443 -0.010015875 -0.29572192 0.027585808 0.24339244 -0.13545719 0.05856337 0.16602698 -0.08194793 0.09543918 0.10677764 -0.12838832 0.1891081 0.15347326 0.2204135 0.21171287 0.040182438 -0.27363908 -0.13458632 -0.004160866 -0.107372165 -0.1065546 -0.13623483 0.043586377 0.14027873 -0.0005813738 0.21816868 -0.31226498 -0.03919244 -0.19090767 -0.037102338 -0.060173877 0.13003679 -0.026750868 0.088585064 -0.08285702 -0.13699448 0.12629792 0.17219627 -0.024552118 0.038921654 0.10370069 -0.062180262 0.05578359 0.18058391 -0.06675173 0.0343589 -0.22392312 -0.11832502 0.072868414 0.09662592 -0.00073176343 -0.06443474 -0.121094614 0.09486309 -0.1083931 -0.007966724 -0.21749093
CHL 0.07741558 -0.27010638 0.12032114 0.061962172 0.15305401 -0.20551613 0.3360817 -0.031351216 -0.145793 0.049727425 0.44591 -0.14413355 -0.1797281 -0.08845142 0.49760264 -0.120428406 -0.28579178 -0.27039364 -0.20401531 0.015647259 0.10365776 0.103118144 -0.17516771 -0.052690923 -0.18676706 0.14674437 -0.13752703 0.34256145 0.40191233 -0.026641252 -0.087804995 0.22689155 0.10141446 0.18960735 -0.082575835 -0.19942419 0.18914378 0.014021559 -0.03997821 0.12784044 0.058773004 0.09120527 -0.002832131 0.23912407 0.10239864 0.05819162 -0.13871472 -0.018753674 0.18253924 0.024714625 0.31709576 0.037909962 -0.0625106 0.041235715 -0.31224313 0.04713267 0.31574786 0.26379272 -0.27256888 -0.11634412 -0.17647782 -0.24972546 0.0026989933 -0.2225052 -0.0024203528 -0.13706282 -0.12809815 -0.0011489764 0.06532169 -0.10850296 0.16536604 -0.17186348 -0.19694716 -0.03780301 -0.052428924 -0.109298676 -0.16405807 -0.22985017 -0.0026240663 0.19421442 0.04118863 -0.22743577 -0.03188271 0.08584619 0.0038366094 0.066550404 0.13119264 -0.25596538 -0.1326555 0.14637342 0.014140435 0.32108852 0.019627277 0.14436394 0.1521934 -0.00815219 -0.00057343027 -0.07131133 0.06599644 -0.14617123 -0.23502591 0.14265515 -0.18136875 -0.045259524 0.03204961 -0.12525266 0.26818326 0.063370876 0.37876463 0.0029807733 0.1322452 -0.05128702 0.09677881 0.2333212 0.13418952 -0.07568167 0.0073144757 0.21792562 0.12822317 -0.1687615 -0.056613185 0.014838753 0.06806652 0.08370549 -0.31051672 0.017923402 0.039660513 0.09524008
YEM 0.30227277 0.084400795 -0.13846584 0.0047817673 0.30155295 -0.2944496 -0.02891326 0.066162065 -0.27347675 0.06242574 0.4522274 0.16317588 -0.18926407 -0.09840085 0.055200055 0.25892743 -0.115576185 -0.18961579 -0.3081043 0.14697196 -0.14811017 0.17889145 -0.16765025 -0.47721243 -0.049333744 -0.15515622 -0.09980827 0.26549533 0.21164258 0.28161052 0.0232133 0.21015999 -0.010584766 0.030396044 -0.31778076 0.34295136 0.016835669 0.04918015 0.056626122 0.07527474 -0.068110794 0.0222474 0.25849998 -0.032446843 0.0130781215 -0.00053650705 -0.18855837 0.024220275 -0.33245245 -0.020105062 0.23352395 0.11634826 -0.073570654 -0.019137952 0.099624485 -0.17618291 0.15800872 0.08655685 0.26678777 -0.15501142 -0.20848541 0.05727083 -0.28039315 0.1622086 -0.09717804 -0.020057205 0.21927145 0.20178643 -0.11986265 0.10869545 0.27445316 0.03402756 -0.052930135 -0.18587299 0.109240256 -0.40828738 -0.09895038 0.027157847 0.004866187 0.48464683 -0.058135916 -0.14817047 -0.045227826 0.069166675 0.2578168 -0.099040225 0.07223779 -0.16595669 -0.011437666 0.1313848 -0.21958783 -0.14902173 -0.16020511 0.058500234 0.08533295 -0.04241448 0.32666078 -0.21365492 -0.13758327 -0.23979856 0.033139393 -0.08728061 -0.10654507 -0.19992182 -0.011339064 -0.18646942 0.083525516 0.14173152 0.027159527 0.15046863 0.19385423 0.34002575 0.045257397 0.07975824 0.056418367 -0.14975964 0.10391893 -0.0008036062 0.13978653 0.036531527 0.16372699 -0.11430191 -0.012871675 0.040856455 -0.20921095 -0.08978122 0.0377207 -0.23527575
UKR 0.05639664 -0.32694963 0.030892182 0.016787944 0.04363476 -0.08299186 -0.0867885 -0.28478664 -0.2130495 0.0031642127 0.16213302 0.16949049 -0.039345264 0.050658204 0.17962645 0.18667714 -0.021753186 -0.27078322 -0.3687939 0.02070379 0.25864816 0.33599123 -0.16502567 -0.10974561 -0.07443452 0.09981249 -0.08521719 0.15716073 0.14211936 0.07473399 -0.1659536 0.09341988 0.04940771 0.03440706 -0.023589712 0.08316378 0.19964127 0.08271447 0.05197729 -0.00801629 0.066341184 0.03315281 0.19200332 0.040066477 0.16416569 0.0036636756 -0.18182682 0.0119218435 -0.19487628 0.01856173 0.0017340104 0.0006886086 0.07763718 0.10889452 0.19804339 0.094637915 0.25645357 0.0026328578 -0.029025527 0.034122415 -0.1252135 0.0059240744 0.12610212 0.08660728 0.06305471 0.011986957 -0.052467495 0.10566546 -0.16512598 -0.16872606 0.15739983 -0.10034529 -0.13425238 -0.16304627 -0.07650891 -0.108570784 -0.12582767 0.12798868 -0.016898153 0.05627783 -0.048338294 -0.2814511 -0.019139063 0.5262705 0.15042935 0.19306359 0.2640211 -0.018132642 0.083209075 0.15499833 -0.054522227 -0.08340251 0.10105373 0.1568481 0.36807987 0.09583035 -0.010338907 -0.035604887 -0.17956766 -0.09515413 -0.02250087 0.092747726 -0.31706285 0.2427129 0.13470173 -0.017777273 -0.010510424 0.15043247 0.108414635 -0.0963916 0.15636003 -0.005378645 -0.06975721 0.0098907165 -0.20023301 0.06208932 -0.080630824 0.20838165 0.020325756 -0.07874178 0.020935865 0.006525221 -0.052260347 0.110731974 -0.021632837 -0.0033691241 -0.06259963 0.054201666
PRT 0.026567116 -0.03883182 -0.04702744 0.06436738 0.3664098 -0.25356504 0.27600548 -0.034145366 -0.12520595 0.02948594 0.48774263 -0.14685632 -0.23542093 -0.24851109 0.43731943 0.05518524 0.054587323 -0.44196513 -0.08924814 0.009397209 -0.033485077 0.044430062 -0.13576204 -0.27589518 -0.08839337 0.071684904 -0.1269658 0.2550384 0.24545318 0.124640696 0.0038181846 0.23430786 -0.049509373 0.1980929 -0.23313068 -0.050510123 0.29648244 0.15290087 -0.10617588 -0.015109191 0.065022156 0.015722036 0.07185112 0.15335076 -0.061518386 0.05105258 -0.10751952 -0.19305101 0.15944798 -0.11011496 0.066394106 0.19735618 -0.10134765 0.21777652 -0.26224822 -0.03858288 0.321459 0.3790399 -0.30247438 -0.07771638 -0.12710358 -0.21516636 0.015252845 -0.15743384 -0.12762025 -0.007388046 -0.13285404 -0.09866656 0.049062543 0.037204396 0.19805738 -0.12467051 -0.026535267 -0.11656305 0.031572465 -0.24453425 -0.11725738 -0.28714383 -0.024655646 0.20954062 0.011666503 -0.19702369 0.011684265 0.113813825 0.01769713 0.079349354 0.18650137 -0.009611188 -0.31597885 0.14524305 -0.1073544 0.03144672 0.02051935 0.11814098 0.14454857 -0.19135275 0.06378308 -0.08913851 0.051230747 -0.31319827 -0.2848428 0.20306212 -0.19559047 -0.12334542 0.23511522 -0.28835574 0.3141824 -0.114748955 0.36853698 -0.24357775 0.21624076 0.19782971 0.07372677 0.17856362 0.22777936 -0.2149518 0.060063496 0.15989469 0.25304997 -0.122671805 0.009737984 -0.11907371 0.099078245 0.12780371 -0.29618764 -0.10960412 0.11131949 -0.036333244
KEN 0.09777959 -0.2159505 -0.1720065 0.10977323 0.23368154 -0.34821278 -0.024181733 0.037034385 0.04516583 0.17425248 0.23037793 0.13325933 -0.23347211 -0.065560244 0.10616375 0.29954126 0.24548389 -0.09984312 -0.14417672 0.16009897 0.12858908 0.19176349 -0.09841532 -0.42834076 -0.21151105 0.017611323 -0.1274491 0.02423733 0.14817984 0.16928524 -0.03563308 0.17375387 -0.027363962 0.2874161 -0.50644577 0.1721578 0.29055437 -0.033364426 -0.14892267 -0.13292836 0.070458174 0.06589672 0.1307312 0.1753537 -0.021856016 -0.020584943 -0.2884606 -0.11874388 -0.20570046 -0.25997522 0.05051452 0.19180542 0.20305808 0.06334445 -0.070525385 0.08146372 0.2798167 0.1813679 0.24466264 -0.26721343 -0.05779611 0.029715631 -0.03326832 -0.08576474 0.15236315 -0.1015177 0.14954625 -0.06491716 0.0148934685 -0.08374822 0.13043945 -0.058516383 -0.24394612 -0.16128151 -0.12664418 -0.2939875 -0.001567242 0.20712495 -0.089238174 0.3205171 -0.15503214 -0.18435873 0.07445817 0.026481073 0.32435223 -0.0016606522 0.34008303 -0.08431668 -0.02931559 0.03287337 -0.21947342 -0.19973242 -0.26970145 -0.15355444 0.11138622 -0.060271535 0.34143475 -0.11959895 0.038943272 -0.008781438 0.108365096 -0.050004613 0.084935 -0.19704053 0.2194911 0.020000376 0.017210217 -0.0526105 0.02523745 -0.12432486 0.040153928 0.31114936 0.0033327776 0.051870618 0.20917812 -0.06354246 0.016851658 -0.012232268 0.0082638385 9.161579e-05 0.12074655 -0.1619504 -0.080434784 -0.16596033 -0.13590866 -0.1496122 0.072051145 -0.09420882
UGA 0.20720164 -0.22707556 0.022606323 0.08041022 0.13888118 -0.25523555 -0.2575241 -0.05359989 -0.10084833 0.33866397 0.16549306 0.125389 -0.22225785 -0.13616833 0.008723584 0.30390632 0.06413594 0.11172463 -0.23708811 0.1503083 0.067227945 0.12543847 0.010845798 -0.28179854 -0.16209689 0.04050911 -0.116961375 -0.071725436 -0.024134418 0.06577571 -0.08404262 0.23380038 -0.07693888 0.45834172 -0.4828125 0.10195818 0.17192814 -0.19250461 -0.13420586 0.05406962 -0.07232311 0.05486853 -0.03183704 0.18868704 -0.017317444 0.039485525 -0.19803372 -0.027114598 -0.29731214 -0.11468175 0.16409376 0.057295248 0.24753112 -0.04265203 -0.113055795 0.19718039 0.16659406 0.08840229 0.12126333 -0.24386062 -0.110781014 -0.025348555 -0.04136276 -0.11667466 0.2303763 -0.056861058 0.1899329 0.06392079 -0.06820394 -0.19788234 0.13635544 -0.013993245 -0.17807204 -0.15744528 -0.124083005 -0.29480168 -0.0074256314 0.2167317 -0.2345146 0.24940972 -0.14311911 -0.14163104 -0.008277605 0.04533129 0.21942921 -0.015869232 0.35165662 -0.24800323 0.16620386 0.07038491 -0.17758906 -0.17909674 -0.24968481 -0.34405875 0.19454901 0.06485161 0.18767276 -0.09415864 0.11868667 -0.20955692 0.07996064 -0.27940235 -0.0138726225 -0.07343482 0.08726532 0.003919224 0.034481123 -0.010570976 0.093349114 0.022387398 0.050207857 0.14432657 0.119927175 0.022198541 0.14026338 0.07540853 -0.13576217 -0.053692978 -0.0021523961 -0.14318396 0.13774112 -0.20498686 0.05411597 -0.066992655 -0.14302868 -0.080601215 0.0548371 -0.2349407
ISR -0.016489627 -0.48000434 -0.1840236 0.06079827 0.04293019 -0.31297627 -0.159209 -0.24301928 -0.05124089 -0.2401398 -0.0028587012 0.30104437 -0.16841285 -0.0020695925 0.009769567 0.2863095 -0.28202903 -0.11212126 -0.108737364 0.12572502 0.16440551 0.37650794 -0.21745697 -0.1931137 -0.24632974 0.096830964 0.06578763 0.189579 0.017948518 -0.23552498 -0.269111 -0.066383585 -0.04879469 -0.17793615 -0.04862918 0.3088706 0.2099126 -0.07971286 0.040398084 -0.27985385 0.091774344 0.1301975 0.23002574 -0.0012078487 0.12902524 0.062335618 -0.18767446 -0.1962524 0.032258242 0.022881683 -0.09464281 0.0021165458 -0.24723037 0.18127479 0.3121317 -0.06000957 0.20155719 -0.054397836 -0.12858836 0.0053787213 -0.036461864 0.059961736 0.2374634 -0.024241677 -0.0649397 0.29898244 0.22891329 0.0945667 0.21142265 0.16002172 0.3274099 0.06478795 -0.31678098 -0.25245592 0.13471296 0.066324405 -0.1575849 0.069178745 0.3330958 0.14068381 -0.16229384 -0.44732955 0.25855523 0.68395257 0.23867385 0.2886616 0.103988715 -0.07045331 0.042328656 0.22310628 -0.10866409 -0.18074493 0.15528953 0.12719019 0.47774833 0.23771499 -0.12957366 -0.055195887 -0.13147524 0.059877947 0.09937593 0.23282382 -0.0885848 0.27172047 0.12934941 -0.05928356 0.10762591 0.17459469 0.1731833 -0.18002218 0.12135834 0.15510076 0.18357809 -0.007927013 -0.3670319 0.06665873 0.08709045 0.016017556 0.09601554 0.078493446 0.034919772 0.072223686 -0.07810933 -0.038482953 -0.09916431 -0.31565112 -0.20899181 0.03552626
COG 0.17002219 -0.15608618 0.15514763 -0.29505056 0.2727538 -0.07883032 -0.10966411 0.059164666 -0.24873221 0.30957913 0.43307903 -0.13253771 -0.11084068 -0.3527181 0.36335036 0.0790824 -0.16621037 -0.36141637 -0.045921493 -0.13087729 0.080784276 -0.19451207 -0.027307363 -0.18922535 -0.024546806 0.09946206 -0.2216671 0.21449608 0.051165804 0.30898073 -0.0022614384 0.05795565 -0.023808233 0.06893596 -0.13882111 -0.11768843 0.23498371 -0.0014450598 0.16500884 0.08335097 0.12936202 -0.06702244 -0.17886642 0.0035340306 -0.011810899 -0.019642435 -0.020164547 -0.08774062 0.09671138 0.00979659 -0.17440948 0.26722428 0.07111353 -0.18855193 -0.16433774 -0.2923869 0.3297689 0.32438877 -0.056415703 0.1875672 -0.27434376 -0.022319144 -0.15202142 -0.029707532 0.20713422 0.18271816 0.022183139 -0.109551445 0.17569342 -0.36078683 0.05250467 -0.044640787 -0.13226032 -0.20480166 -0.029932633 -0.32030737 -0.0662678 -0.227081 -0.09949812 0.19884618 -0.2899985 -0.2382528 -0.046002887 0.5035468 -0.1386887 0.027600043 0.22514585 -0.07618261 -0.037724335 -0.09573517 -0.25496414 0.06571961 -0.00040049874 -0.048338804 0.032610457 -0.087818004 -0.06407247 -0.01232374 -0.048600722 -0.4866123 -0.20641178 -0.026422955 -0.33540314 0.010421421 0.23143126 -0.17452858 0.07150454 -0.09359439 0.3288759 0.19836278 0.12742786 0.21242729 0.09716965 0.057194185 -0.025080005 0.040353097 -0.12794551 0.2053199 0.2790089 -0.090364695 -0.18925165 -0.12946746 -0.104792915 0.10903072 -0.44171384 0.15869127 0.19283997 0.03532009
SWE 0.15898314 -0.2807733 0.15387179 0.13236055 -0.10771373 -0.45327154 -0.063290894 0.25010514 -0.14440812 0.07740941 0.14816035 -0.0326957 -0.21625626 0.24491182 0.03578869 0.11020086 -0.53888977 -0.08053797 -0.40402478 0.41397268 0.50452226 0.24264288 -0.1485552 -0.3407529 -0.102886006 0.105574876 -0.099891 0.29897395 0.15443486 -0.2811365 -0.057437614 0.0055587552 -0.00019714225 0.05023632 -0.11882392 -0.2092122 0.0658001 -0.28622523 0.035936877 -0.078367 -0.014163995 0.26387876 -0.056100845 0.062793806 0.07402049 0.15093017 -0.14575529 0.16956608 -0.094681665 0.25535646 -0.094830394 -0.021628369 0.12869799 -0.057333697 0.15293774 0.3784074 0.052800033 0.07193473 -0.014731751 0.078917734 -0.019656043 -0.007694747 0.115119554 0.22481605 0.083501816 -0.08773719 0.2473441 0.125667 0.12077077 -0.015663233 0.07981168 -0.027989406 -0.15957105 -0.09185422 -0.04985389 -0.14267437 0.18766432 -0.13949181 -0.15197964 0.17215 0.1431883 -0.2925221 0.09856299 0.3493971 0.19570874 0.20915139 0.074925825 -0.09155808 0.04842483 -0.06568092 0.16064698 -0.056821007 0.12859988 0.1433688 0.2905063 0.20056617 -0.114281535 -0.16354644 -0.16377532 0.0070836465 -0.10327411 -0.092829466 0.019553902 0.086891346 0.06569951 -0.09910276 -0.07928214 0.17626534 0.1345905 0.068861894 0.1086638 -0.06543584 0.009691116 0.29531696 -0.3511101 0.10689018 0.013364141 -0.004644115 0.14451486 -0.0039253524 -0.1943601 0.0029736215 -0.040648215 -0.20405169 -0.1935579 -0.059491348 0.12429151 -0.31072035
OMN 0.052618854 -0.06642284 0.00881627 0.08757394 0.1544887 -0.06739209 -0.06241535 -0.05095312 -0.1901115 0.32652503 0.24513333 0.14211491 -0.13587771 -0.13562204 0.09902867 0.28334215 -0.09478154 0.12574075 -0.33148897 0.22489937 -0.0949626 0.2678982 -0.06914296 -0.3553482 -0.1569285 0.066557966 -0.03200687 -0.07254399 0.09675209 -0.007497495 0.017961102 0.32645318 -0.04192562 0.5271331 -0.35507342 0.3101481 0.14763454 -0.18492584 -0.1564284 0.10618318 -0.019072074 0.09858477 0.18162492 0.101225026 0.0866276 0.10977294 -0.24929176 -0.13819595 -0.11416524 -0.2080718 0.41233823 0.047881145 0.08840473 0.14629292 -0.12304016 0.08813649 0.29006764 0.19877441 0.164699 -0.28667575 -0.15900576 -0.10124139 0.07383559 0.023122653 0.14495441 -0.012950318 0.19065166 0.05260359 -0.039535444 0.0040331865 0.16906548 0.08008239 -0.020892063 0.057859253 0.12291703 -0.18581909 -0.063586794 0.0912247 -0.2500063 0.23946491 0.0013811843 -0.2198745 -0.11196306 0.06590032 0.14031 -0.1208845 0.17850293 -0.17578614 -0.004195003 0.27615935 0.034581188 -0.092346855 -0.09150896 -0.27050272 0.2616669 -0.019552086 0.042687982 -0.06376803 0.14219707 -0.21525577 0.095932305 -0.19718567 -0.032208025 -0.18097012 0.015669428 0.0044633965 -0.038279492 0.09441414 0.060361624 0.016613476 0.025404107 0.02220133 0.33106488 0.1309492 0.17219983 -0.05552912 -0.19485569 -0.0382718 0.072848335 -0.16307989 0.23604624 0.04852604 0.073513046 0.052044068 -0.027738623 -0.101823226 0.09767029 -0.12677017
BEL 0.15132192 -0.3673146 -0.12847781 0.0976536 0.037858605 -0.43009955 0.042543646 -0.036090724 0.1725381 -0.088224575 0.1939709 -0.08411654 -0.14068478 0.03630096 0.31154543 0.14587997 0.1546761 -0.23214652 -0.0021649215 0.077108875 0.2869668 0.20048042 -0.07156474 -0.21107472 -0.21040043 0.0073829847 -0.11124947 0.06939939 0.29608795 -0.01819979 -0.12704882 -0.0050883265 -0.023150425 0.23292916 -0.3914774 -0.012024793 0.37907988 0.0591211 0.0010132234 -0.12738776 0.24797188 0.04122148 0.21237092 0.1762459 0.0062137116 0.019434296 -0.25947738 -0.14909096 -0.0064063426 -0.16089937 -0.075279735 0.07090874 0.09504317 0.016227812 -0.077988744 0.20969804 0.19068494 0.16477638 -0.032265507 -0.24310239 0.01855592 0.08693547 0.02497659 -0.09834568 0.15691347 -0.15906695 0.008657143 -0.17663811 0.19691953 -0.17839198 0.015665049 -0.123480394 -0.3448529 -0.08843372 -0.21699984 -0.28685457 0.022503905 0.09090599 -0.049076602 0.22131531 -0.18888 -0.3346498 0.22520247 0.273159 0.35949776 0.19076245 0.34452102 -0.20746626 -0.16293636 -0.009368585 -0.17701496 -0.21206728 -0.22412904 0.08936738 0.21861704 0.08597973 0.17542107 -0.17989182 -0.22144817 0.075082414 0.06930035 0.0314622 0.05553908 0.072254695 0.19511563 -0.123472326 0.039374873 -0.022568757 0.16983633 -0.18336366 0.11793815 0.25553316 -0.04328967 0.3143851 0.033332467 -0.09785071 0.15163712 0.03808684 -0.05653073 0.019151833 -0.095937885 -0.15668094 -0.16469224 -0.2229013 -0.18809004 -0.12288413 0.04246875 -0.058895852
CHN 0.10670725 0.012287451 0.12287316 0.058143128 0.31057715 -0.23468661 0.016216189 0.093686745 -0.3764852 0.19705585 0.553428 -0.10247361 -0.21899715 -0.35018644 0.23715068 0.2556496 -0.09338375 -0.15762953 -0.06994089 0.13183664 -0.13521263 0.018127453 -0.17522733 -0.3839081 -0.0104346955 -0.06823161 -0.12226641 0.20768468 0.03594422 0.14207584 0.0741274 0.19360398 0.004574129 0.15584041 -0.12015144 0.22148389 0.081672356 -0.030419795 -0.21088931 0.0348215 -0.15463689 0.09114626 0.14393638 -0.063711494 0.006262034 0.17090449 -0.16012147 -0.123153575 0.0065201987 0.024288364 0.12677982 0.29871473 -0.12144147 -0.014551713 -0.1717911 -0.0758768 0.10020932 0.24016102 -0.08693336 0.078960925 -0.26274195 -0.11306665 -0.08086382 0.044787202 -0.19161129 0.06955626 0.15805511 0.091183394 0.06720326 0.22155227 0.13299292 -0.0051119504 -0.035494328 -0.10976628 0.27772093 -0.2446085 -0.077318035 -0.1730713 0.003153998 0.19909695 -0.009331557 -0.0967435 -0.006290927 0.12828778 0.042128995 -0.029913297 -0.051730905 -0.003797994 -0.17263758 0.03607899 -0.1105175 0.01720297 -0.0062208995 0.048395704 0.13461806 -0.07280613 0.04148993 -0.13794322 -0.020368874 -0.4758333 -0.23692046 0.055211134 0.017574556 -0.14473572 0.19058585 -0.2373558 0.27904665 -0.03251915 0.29754284 0.025851455 0.22502291 0.17553677 0.15144932 0.044771716 0.06689545 -0.21380523 0.0027209576 0.052971613 0.20048346 -0.09212268 0.15133405 -0.041614488 0.11332321 0.16329166 -0.22165565 0.0009467853 0.16674799 -0.19877715
GRC -0.064869106 -0.22342622 -0.09722671 0.24946164 0.046938445 -0.17674258 -0.041795217 0.35499346 -0.1854683 -0.089902356 0.28800488 0.3369252 -0.10020053 -0.17459899 0.09936288 0.30147952 0.026654422 -0.01601474 -0.10670254 0.3371411 0.19108774 0.24590562 -0.28114697 -0.5575809 -0.16964282 0.012255988 -0.14008166 0.019477839 0.0032976686 -0.01354755 -0.08598649 0.21126959 -0.1991496 -0.0006606481 0.17072058 0.3536231 0.1349601 -0.0056360546 -0.14283332 -0.17276794 -0.018450627 0.25222048 0.17240947 0.06745 0.21226083 0.10731596 -0.37549916 0.13226864 -0.1203769 -0.09272179 0.0975292 0.10862217 -0.017625727 0.1447247 0.37377915 0.20319492 0.059764333 0.15740602 0.03812958 -0.0061824494 -0.18067457 0.03250309 0.1692816 0.22580245 -0.06537953 -0.090809725 0.031751506 0.15789104 0.103435546 0.33622557 0.018964777 -0.1566598 -0.028902872 -0.24577166 0.09780708 -0.16549625 0.045735452 0.0837031 0.0067527355 0.14402437 -0.06426526 -0.30120942 0.14616956 0.5762009 0.29216036 -0.001690777 0.27881768 0.105459295 -0.106927864 -0.012906526 0.032665774 -0.32731393 -0.03391198 0.08393112 0.32944402 0.1879756 -0.11395559 -0.11591336 -0.20644481 0.0073423614 -0.08329213 0.091433816 -0.16986518 0.20164491 0.45311862 -0.10517341 0.04769414 -0.035473686 0.062000837 -0.3462461 0.19815044 0.050577424 0.08353111 0.17736655 -0.05535447 -0.28220707 0.105870195 0.045478668 0.0298772 -0.09742041 0.17170425 -0.07881962 -0.1354064 -0.08465244 -0.12464429 0.009430465 0.18763146 -0.22044629
ITA 0.12499721 -0.10698934 -0.030753681 0.106258646 0.04034284 -0.07939395 0.06618776 0.04237242 -0.06641406 0.028729636 0.301461 0.19935364 -0.017721608 0.012467757 0.15977752 0.06443797 -0.23009445 -0.112431414 -0.2197061 0.10928866 0.015510791 0.22464004 -0.082041934 -0.53208905 -0.19372635 -0.17155159 -0.12566671 -0.0011578056 0.24208973 0.02381646 0.079416566 0.057807118 0.10957671 0.22141689 -0.067982286 0.3581268 0.22086777 -0.10004873 0.17962267 0.06685854 0.16787592 -0.03727054 0.2694435 -0.049139135 0.12920763 -0.065150455 -0.2611285 0.06724865 -0.08412098 -0.0069379723 0.21869883 -0.0882851 -0.11539635 -0.054244634 0.1036273 -0.13650757 0.17591563 0.0901746 0.29388466 -0.12319092 -0.22876517 0.21293564 -0.095415644 0.22927539 0.018850736 -0.047422525 0.12141279 0.15699726 -0.06187664 0.0830317 -0.10393177 0.10807418 -0.115303695 -0.05502103 -0.025994588 -0.21250896 -0.017011462 -0.10649843 -0.0493414 0.36315936 -0.010759342 -0.27219465 0.07340436 0.42153433 0.27793425 -0.22010157 0.2532253 -0.26350817 -0.14392923 0.18399942 0.03567038 -0.0949259 0.020933628 0.11392 0.19753693 0.07774188 -0.15826419 -0.16350988 -0.29053128 -0.010174668 0.08769887 -0.052005798 -0.2985686 -0.12234159 0.08378418 -0.102829434 -0.04432646 0.328263 0.1239124 0.10056579 0.114818804 0.15463842 0.31404296 0.37483865 -0.12951967 -0.13488363 0.024817511 0.1867594 0.13513887 -0.060507137 -0.0032051627 0.017845018 -0.08065214 -0.1662764 -0.21578516 0.16376898 0.2275154 0.012052288
KOR 0.055316955 -0.22589657 -0.14859748 -0.004454768 0.14746468 -0.20790121 0.17581795 0.19194409 -0.14607966 0.1517294 0.37705374 0.3951459 -0.08958711 0.123392954 -0.0043293117 0.17920053 -0.15980625 -0.022693958 -0.18920983 0.18915631 -0.01009234 0.16740906 -0.22143322 -0.3202056 -0.062147822 0.10323409 -0.09993121 0.08942502 0.20290208 0.15626372 -0.06584868 0.32406443 -0.08456281 -0.027950812 -0.20680831 0.27228892 0.056548763 -0.16350602 0.081672214 -0.088929884 0.085772716 0.20058267 0.1395028 0.20916954 0.21387053 -0.113954954 -0.28442788 0.025967635 -0.17995833 -0.12277615 0.26244625 -0.078850836 0.005372881 -0.038733948 0.11533531 -0.10121899 0.102741666 0.007466549 0.28873086 -0.1166762 -0.041366667 0.07660101 -0.1355045 0.077604964 0.07290878 -0.099552244 0.093025185 0.16084337 0.0621504 0.031786315 0.31353852 0.03765866 -0.13861953 -0.16894037 -0.07782009 -0.22884294 -0.23452955 0.090455785 0.20028785 0.42318887 -0.15346955 -0.3353703 -0.07987399 0.098613724 0.25307244 -0.021371499 -0.011643794 -0.07341187 0.06741204 0.011228955 -0.0028463749 0.010414321 -0.18791181 -0.081263356 0.077027135 0.24566734 0.14986898 -0.091675326 0.0005011029 0.21605816 0.24882598 -0.11894284 -0.10518638 -0.056783315 -0.07199904 -0.0014844869 0.0023210058 0.016046515 -0.03538226 0.026424997 0.062524535 0.2378282 0.06145371 0.11606748 0.14747167 -0.09226308 0.018676536 -0.033128023 -0.044193324 0.22607741 0.032108888 -0.05217589 -0.2382886 -0.13132425 -0.22469151 -0.14844856 -0.03842575 -0.05409119
NLD 0.20269969 -0.36025077 -0.093248226 0.05474212 -0.009103874 -0.34537157 -0.043374136 -0.11964986 -0.011853897 -0.17691828 0.24115425 -0.0514182 -0.08327954 0.04634242 0.20696977 0.220728 -0.09931085 -0.24863505 -0.17409427 0.09759896 0.27640256 0.2435431 -0.13154963 -0.12417903 -0.10818233 0.056322437 9.2545626e-05 0.016514452 0.20214039 -0.025761697 -0.2205618 0.114258625 -0.08829487 0.08405347 -0.18554448 0.13712469 0.23740682 0.031676948 -0.013756789 -0.084601775 0.23662326 0.06808376 0.3276164 0.052858632 0.02484493 0.06229281 -0.16080664 -0.17619625 -0.08827253 -0.103521 -0.06925013 -0.044105724 -0.009607062 -0.04100981 0.10502068 0.17190467 0.22935928 0.09248746 -0.055968434 -0.17408893 0.013524072 0.039597034 0.05158363 0.019345418 -0.018408366 -0.11026477 0.009758105 -0.029342394 0.16945373 -0.07172165 0.053612832 -0.0861063 -0.22858165 -0.08571747 -0.15042645 -0.24004582 -0.013585499 0.13854548 0.054718528 0.1688058 -0.074986674 -0.33644655 0.15610087 0.39062333 0.2719323 0.27606547 0.1224292 -0.09841934 -0.096271016 0.00087786146 -0.12572414 -0.24509045 -0.11441141 0.26132125 0.28800926 0.17723069 -0.009161348 -0.08918678 -0.28323314 0.025635982 0.10600418 0.061151534 -0.01997993 0.24323517 0.11555431 -0.14323458 0.016316583 0.051699914 0.04684538 -0.22261569 0.11056873 0.11276576 0.009969514 0.2540074 -0.0895368 -0.06844032 0.05914025 -0.031974986 -0.025193665 0.07077527 -0.041495726 -0.119412705 -0.14678848 -0.033160053 -0.009656564 -0.09545242 -0.08493633 -0.098167
LBN 0.25919974 0.011468447 0.11448814 -0.16404259 0.13096969 -0.16623726 -0.1283258 0.084793225 -0.06078958 0.01858472 0.0930842 -0.009157158 -0.02339794 -0.20273916 0.277544 -0.14815561 -0.29391703 -0.24095441 -0.3381202 0.06814452 0.18048377 -0.055663038 0.15681523 -0.35606617 0.033845656 0.052652117 -0.20758657 0.2905058 0.26391047 0.22563381 -0.073842905 0.08133561 -0.17956866 -0.059953272 -0.063436456 -0.15381236 -0.0276693 -0.057954248 0.25727284 0.08743605 0.05295958 0.014691363 -0.19212009 -0.04664443 -0.108376846 -0.036431633 0.054939844 -0.048814587 -0.17178674 -0.14429645 0.05913809 0.10798285 0.03707511 -0.22671582 0.07339528 -0.17443454 0.2522182 0.25038636 0.14315103 -0.10798059 -0.11512904 0.07806693 -0.042711735 0.06855112 0.08505058 0.11719989 0.20677082 -0.058242 0.3010338 -0.26474163 -0.05760192 -0.019527568 -0.17374066 -0.16469648 -0.10806614 -0.3668995 0.024801822 0.05341313 -0.31385455 0.41001743 -0.1648454 -0.16502708 0.11141134 0.4496517 0.046271946 -0.008037513 0.36230642 -0.13709101 0.020224877 -0.041770298 -0.22074428 -0.1567013 -0.0036511326 -0.08971753 0.14027241 -0.024571978 -0.114752226 -0.052894425 -0.14968581 -0.37707925 -0.06556804 -0.16611595 -0.46912292 0.07314099 0.07882937 -0.20307055 -0.010811441 0.10588305 0.22236939 0.14013895 0.20460472 0.33721948 0.1094416 0.10447635 -0.11735238 -0.09567684 0.09539192 0.10146989 0.17067964 -0.102556445 -0.3060648 -0.11581918 -0.2201187 -0.008044834 -0.37064558 0.033979774 0.047263563 -0.19728224
FJI 0.3140492 -0.24248932 -0.011970579 -0.062250756 0.09911934 -0.3810805 -0.21419275 -0.19800125 -0.36352432 0.040549044 0.22520137 -0.21445172 0.12646122 -0.19316013 0.22222362 0.3580234 -0.43206325 -0.08825225 -0.49583444 0.11384615 -0.1625728 0.097708724 -0.3041518 -0.014588608 0.06812225 0.17942293 0.14963078 -0.10267452 0.09091756 0.06584725 -0.19217916 0.36795786 -0.20526859 0.06542483 -0.5889643 0.45348907 -0.11177961 -0.12110645 -0.15505454 -0.0513417 -0.06493872 0.05235673 0.41969308 -0.03200255 -0.1930764 0.061063826 0.28567663 -0.61312634 -0.3122821 -0.16853127 0.43485853 -0.07890782 -0.0538223 -0.37587374 0.05476174 -0.2026496 0.33897483 0.034456894 0.149701 -0.12306839 0.11792288 0.25927305 -0.13462283 -0.012669444 -0.109222144 0.10878675 0.07663874 0.008256122 0.28572094 -0.14140604 0.21240431 0.05582007 -0.38493082 0.010074314 0.27982503 -0.27977777 -0.20944323 0.27845412 0.18163997 0.23096497 -0.032721486 -0.29690266 0.1649527 0.15127394 0.004450637 0.36531878 -0.27699304 -0.40039682 0.035959244 -0.12350218 -0.17184201 -0.037385505 -0.17417619 0.19784492 0.11691372 0.19003808 0.011584675 -0.29725274 -0.08828151 -0.40117157 0.05688786 -0.0017454702 0.0025455852 0.26608986 -0.21718132 -0.10992046 -0.005555869 0.20598665 0.29610622 -0.058111686 0.12218995 0.16660337 0.15548427 0.17298426 0.09303985 -0.15036088 -0.13230872 -0.41593122 -0.048941866 0.29725814 -0.07369427 -0.1082073 -0.25623953 0.09702908 0.07288491 -0.069100015 -0.31263837 -0.20240435
LBY 0.053594623 -0.21184385 0.115681335 0.10391357 0.055507798 0.023760641 -0.011393344 -0.091753334 -0.006821669 0.1174083 0.21119589 0.10515106 0.023983719 0.0052348436 0.24070817 0.07764847 -0.33732587 -0.20499262 -0.32656735 0.034938794 0.12886243 0.32534808 0.06674154 -0.48517227 -0.24083504 -0.062396802 -0.122994974 -0.02583013 0.26679805 -0.052860253 0.07878047 0.024261165 0.07667029 0.29970372 -0.0010829042 0.30314255 0.2354829 -0.1328356 0.29897717 0.1528544 0.15203975 -0.0056664357 0.2494192 -0.15308979 -3.0215611e-05 -0.04876874 -0.1761448 -0.07448257 -0.048971515 -0.13041818 0.20639887 -0.021258904 -0.16332825 -0.07200861 -0.03082407 -0.23289184 0.3923954 0.13402735 0.29654348 -0.09074913 -0.19650961 0.1821014 0.10555615 0.1802425 0.06659504 0.051506188 0.12615457 0.107401446 0.0980668 0.054618705 -0.34084812 0.19906503 -0.14563425 0.12588203 -0.04836032 -0.13650677 0.045439422 -0.09324946 -0.22286482 0.29780987 -0.019934615 -0.27385417 0.04220109 0.54099447 0.18409678 -0.21687993 0.25758022 -0.25215927 -0.20317256 0.21521768 0.11062669 -0.0823109 0.06601437 -0.030237421 0.21665573 -0.04457998 -0.36316943 -0.102933824 -0.32795724 -0.05465401 0.10251738 -0.14014326 -0.36806974 -0.08536648 -0.027311029 -0.16184187 -0.074641414 0.36700308 0.12246527 0.13508677 0.047543366 0.03655393 0.49226257 0.3764969 -0.15236346 -0.15140964 0.014516789 0.19525339 0.15071782 -0.15643476 -0.100892074 0.12897956 -0.11624407 -0.094177105 -0.1507606 0.21878828 0.18716197 0.063170865
EGY 0.16633596 -0.019427283 -0.16760968 0.09104254 0.20935373 -0.23398139 0.024838515 0.04972145 -0.17042507 -0.040541075 0.3457071 0.31709546 -0.16289522 0.07690866 0.05496205 0.091668256 -0.122863725 -0.16615577 -0.3124173 0.118643664 -0.05850955 0.24304937 -0.10440638 -0.5025698 -0.16793577 -0.14892487 -0.10529129 0.30110303 0.2536441 0.090657726 0.058844235 0.037499864 0.089699216 0.05698197 -0.21284385 0.3246583 0.15522696 -0.0034712537 0.20075108 0.08365836 0.027670184 -0.018249877 0.2666645 -0.031414237 0.13804075 -0.08042419 -0.26340914 0.16278167 -0.24787834 0.06540915 0.18470135 -0.066059105 -0.07255606 0.124267116 0.25170287 -0.19891316 0.15747648 0.0037142707 0.2608905 -0.084119886 -0.22745758 0.1547758 -0.16573271 0.19208929 -0.05609494 0.02153245 0.15765578 0.20685129 -0.2455247 0.16196181 0.22293587 0.0814295 -0.027611509 -0.22050007 0.050504915 -0.25333825 -0.038112115 -0.051266693 0.012050286 0.4381457 -0.016855398 -0.18087596 -0.017957779 0.19457583 0.30627877 -0.21669424 0.20704775 -0.17082903 -0.032091327 0.2710613 -0.09638933 -0.04811147 -0.003185959 0.0584607 0.1604856 0.006981909 0.17768575 -0.18673658 -0.20096281 0.0031099638 0.042915434 -0.072986335 -0.32013196 -0.17745966 -0.018144513 -0.09856287 -0.010577133 0.29317474 0.07511732 0.17323808 0.13899603 0.2621821 0.15187812 0.1817603 -0.110126354 -0.096109755 0.08752844 0.1580302 0.16426687 -0.06575542 0.089622974 -0.020863492 -0.008400733 -0.08887146 -0.25042778 -0.045512106 0.16084214 -0.097200856
HRV -0.21016075 -0.36967924 0.10013376 0.12975647 -0.041228123 -0.19340588 0.16862507 0.21773583 -0.22908005 -0.18071976 0.08989575 0.31064296 0.042010263 0.08581968 0.27163213 -0.1729281 -0.025383292 0.084445596 -0.17669451 0.18942486 0.13315834 0.07060325 -0.07814457 -0.17606592 -0.13089794 0.13768645 -0.14384921 0.15742774 0.19774874 -0.0056632655 0.07708701 0.07391439 0.10022799 -0.0010228794 -0.21541706 -0.024825433 0.2596277 -0.061772075 -0.17507322 -0.19267684 -0.20382759 0.412016 0.18611993 0.3027665 0.25232524 -0.03428011 -0.084098846 0.05513878 -0.012976472 -0.023766894 0.33976528 -0.17030306 0.15436481 0.022147588 0.316333 -0.015568572 0.23516765 -0.08240885 0.12917773 0.14617363 0.03196344 0.13779527 0.027182503 -0.03465724 0.03345044 -0.01764405 -0.055609856 -0.080043264 0.097189054 0.034173533 0.25435272 -0.24165228 -0.30521655 -0.24815714 0.03421043 0.016250595 -0.23545794 0.09026058 0.044492505 0.11840443 -0.007486278 -0.180915 0.15216368 0.38576466 0.009102093 0.119709544 0.3135035 -0.044353407 0.12611298 -0.05842507 0.04790622 0.27475423 0.13921742 0.21670286 0.3295989 0.21656694 -0.16210768 -0.26251152 0.10846094 0.090528816 -0.3420834 0.20381044 -0.4927604 0.08794643 0.1486903 0.28089404 0.10340841 0.18962736 0.48459297 -0.18529758 0.26840076 0.049366754 -0.1444263 0.06822144 0.060494762 -0.16960059 0.010112982 0.19262983 0.0019087606 -0.042626567 -0.15177736 0.107701 -0.26679844 -0.12497579 -0.21014671 -0.019856118 -0.079880156 0.27766255
HKG 0.027067326 -0.37042555 0.13022688 0.20148166 0.14875135 -0.1660024 -0.247969 -0.17237787 -0.21094172 0.2332509 -0.04061159 0.09082734 -0.017307641 -0.029240614 0.071362466 0.3999891 -0.14617805 0.2290961 -0.3825064 0.061550405 -0.10663684 0.28205657 -0.0014724692 -0.09722021 -0.24569356 0.1114514 0.18320401 0.09659756 -0.10025257 -0.16856454 0.029815923 0.094015986 0.034918528 0.47852284 -0.50162923 0.37195966 0.29100013 -0.28835568 -0.16735552 0.008174617 -0.31641135 0.14507924 0.24191555 -0.045131456 -0.07941201 0.05370704 -0.08599459 -0.3663557 -0.12107357 -0.077431306 0.16230042 0.024067359 0.08479307 0.22911346 0.13517384 0.029287074 0.4927254 0.040138207 0.03164075 0.038099647 0.0059152944 0.21655402 0.16405818 -0.06614258 -0.04741093 0.21428843 0.2898087 0.032259718 0.13531104 0.27787766 0.26385418 0.15077183 -0.18859419 0.023732794 0.37884015 0.020658238 -0.011829581 0.12989517 -0.018936973 0.15081586 0.047121454 -0.21929295 0.10866663 0.35433924 0.07419119 0.16193594 0.0918541 -0.294821 -0.028471021 0.40178025 0.019508673 0.023137616 0.10330895 -0.15871431 0.33294183 0.020678027 -0.15086797 -0.24384838 0.14060606 -0.18648279 -0.033832923 -0.07120282 -0.09601838 -0.06968637 -0.036751863 0.08588819 -0.010216363 0.29615268 0.27499032 0.10218804 -0.029300231 -0.020350076 0.3693525 0.02267013 0.08478732 -0.066288576 -0.17309867 -0.082873404 0.017297104 -0.19096059 0.22729321 0.12972979 -0.009587604 0.0007111251 0.13482732 -0.11300804 0.0024291067 -0.008397483
ROU -0.14843835 -0.22987099 0.12636545 0.13159598 -0.037826277 -0.070809215 0.049946316 0.0628106 -0.19932725 -0.060295533 0.18134496 0.37570882 0.025440779 0.08164326 0.15010072 0.022256227 -0.1011012 0.058509666 -0.19654651 0.21370016 0.12647535 0.1655844 -0.050488204 -0.2777084 -0.12788963 0.030800667 -0.096768156 0.12006281 0.054563433 -0.0026829666 0.06916595 0.09207148 0.12926872 0.018157268 0.04039578 0.015237355 0.19841003 -0.09192772 -0.10083344 -0.09975199 -0.0662411 0.3172999 0.14571355 0.12256764 0.1700308 0.0034053514 -0.21090944 0.07922853 6.968877e-05 0.012056493 0.2375989 -0.05098232 0.053636342 0.03904199 0.22424448 0.03615508 0.31306604 -0.03592067 0.14166872 0.06310905 -0.10259502 0.104306825 0.107280776 0.053858057 0.037611797 -0.0018781852 0.05468564 0.04211123 0.18460302 0.15252276 0.16516364 -0.08680568 -0.1976033 -0.14554286 0.03623069 0.04794777 -0.0678515 0.060757115 -0.00905525 0.19701649 -0.017680084 -0.29447502 0.10425089 0.5042223 0.11268604 0.11845896 0.31173134 0.052471787 0.020068146 0.05722414 0.09109785 0.03756501 0.16664341 0.10107728 0.36860585 0.17810933 -0.23255277 -0.19079235 0.040278748 -0.014916688 -0.1614854 0.1261182 -0.34975207 0.0892214 0.17146757 0.12975043 0.035980284 0.22227281 0.36545676 -0.10505867 0.22044292 0.039886355 0.08029774 0.09457541 -0.10378109 -0.12165689 -0.06912807 0.18064503 0.09186915 -0.07227506 0.019168772 0.14094543 -0.17098308 -0.039979316 -0.19277008 -0.022061642 -0.025112176 0.16361743
GHA 0.32891893 -0.36373684 0.09392813 -0.18940696 0.029838342 0.009075406 -0.18495156 -0.011171949 -0.15502627 0.07572484 0.36972123 -0.14705685 -0.05800267 -0.122237585 0.2647051 0.28490454 -0.3402643 -0.23267546 -0.0745262 -0.09453702 0.11622137 -0.012060736 0.015221521 -0.2959702 -0.15641509 -0.08970178 -0.13627255 0.007831968 -0.033288065 0.19312924 -0.0028847223 -0.0133581795 0.034827724 0.24490637 -0.05703986 0.005630531 0.3904594 -0.016103894 0.22573477 0.16817926 0.20850919 -0.15649739 0.025684949 -0.04584864 0.059890743 0.00824564 -0.14947958 -0.06660222 0.13375263 0.13788056 -0.28232515 0.0880577 0.003975466 -0.18304102 -0.12978904 0.011212435 0.34992558 0.23500614 -0.10158765 0.13617471 -0.29614228 0.027501503 -0.16746673 0.048380047 0.20241109 0.12958501 0.027624672 0.0416557 0.24082628 -0.34682658 0.022770582 -0.023491494 -0.16422687 -0.1669982 -0.0548403 -0.39557102 0.096637316 -0.1498639 -0.04937224 0.25200292 -0.2183466 -0.29269445 0.020003451 0.6495138 -0.03828674 0.119033486 0.13161068 -0.14152035 -0.02048291 0.013042709 -0.15279613 -0.046124138 0.008722655 0.10930481 0.14106563 0.04083247 -0.22033778 -0.012835897 -0.21225214 -0.26501864 -0.08686301 -0.03238466 -0.24217354 0.0865942 0.1642332 -0.121358894 -0.024320314 -0.00013156584 0.046514288 0.2576737 0.013000823 0.07314138 0.24424873 0.29950702 -0.2012866 0.09182364 -0.095536776 0.24098575 0.2760461 -0.14780793 -0.115657225 -0.1581516 -0.16041741 0.077424444 -0.31167257 0.33252275 0.21455798 0.074784175
GNQ 0.109680794 -0.3357116 0.47900927 -0.100919254 -0.0067752134 -0.2423566 -0.22236194 0.090384856 -0.35771027 -0.08832724 0.50249445 0.054156963 -0.1510914 0.05493276 0.07263216 0.46969625 -0.36127007 -0.16755489 -0.12612987 0.06870833 0.23236997 0.112394765 -0.049701523 -0.36060476 -0.06357309 -0.072127365 0.012819463 0.088993035 -0.0772367 -0.14625756 0.0070596486 -0.06934833 0.08908143 0.34776726 0.29861736 0.2514264 0.03367447 -0.1030535 -0.06259492 0.25240415 0.2321567 0.19695117 0.008411198 -0.073173225 0.2838178 0.31907922 -0.21653089 -0.07974876 -0.096769646 0.09259478 -0.10770405 0.21385133 0.044294354 -0.2888026 -0.03449857 0.30328235 0.21202746 0.2402381 -0.1947296 -0.1731985 -0.3277169 -0.06782879 0.14634444 0.27429593 0.34982976 0.003620215 0.0150291305 -0.04101486 0.29723892 -0.21158496 0.03682553 -0.025963709 -0.16286093 -0.03775101 -0.095688544 -0.150547 0.13209218 0.04277586 -0.19699782 0.3638077 -0.09416508 -0.09534757 0.113097906 0.29497838 0.11073705 0.10115025 -0.1773442 0.12418958 -0.024989288 -0.08774809 0.088396125 -0.17711198 0.015430653 0.11026574 0.33530235 0.3183869 -0.37912473 0.096936695 -0.15923978 -0.29709822 0.0008694374 -0.21811895 -0.15798539 0.292932 0.107745945 -0.2796285 -0.13742669 0.108403265 0.32458106 0.12275443 -0.044718694 -0.050801005 0.33434814 0.2605076 -0.3839205 0.029187568 -0.20854843 -0.08968085 0.039185137 -0.009760568 0.05012637 0.0063790446 -0.20622687 0.27281246 -0.18868741 0.19184345 0.29245332 -0.015077334
ZMB 0.06341568 -0.20633857 0.19545957 -0.11610279 0.21587646 -0.030596893 -0.14464524 -0.00717746 -0.2449201 0.5056554 0.34048426 0.15638824 -0.082301565 -0.031801652 -0.03902997 0.4417334 -0.15384418 -0.03041939 -0.19127898 0.1800449 0.039667208 -0.053098284 0.05590806 -0.2695784 -0.10123214 0.18960874 -0.2490456 0.105602935 -0.14471583 0.26789713 0.03811011 0.28434005 0.06749023 0.2700434 -0.26695067 0.12971187 0.18232381 -0.18605036 -0.11438796 0.038135186 0.00026042803 0.2756473 -0.032824393 0.032328438 0.15945706 0.02454676 -0.21244195 -0.070902094 -0.07406798 -0.065274455 0.061089918 0.3790127 0.25205734 -0.23620364 -0.18970875 -0.05953357 0.53072256 0.21323474 0.20190813 -0.0028739865 -0.36000186 -0.07500231 -0.027806135 0.12673445 0.17291827 0.043386463 0.23081158 0.04066781 0.049372643 -0.11152253 0.015930967 0.043422006 -0.085389234 -0.03772123 -0.14333084 -0.26292816 -0.107076116 0.044415746 -0.087109774 0.1992164 -0.1728856 -0.32937163 -0.16423333 0.26077464 0.15629593 -0.012702759 0.07421101 -0.038932666 0.15362024 -0.090542704 -0.08008501 -0.10916666 -0.21444233 -0.27163577 0.04356913 -0.027494121 -0.013551354 0.013736346 0.05410771 -0.27940914 0.01128694 -0.2171496 -0.05372804 -0.13489585 0.1380975 0.024926867 -0.06135422 -0.05089541 0.048503164 0.24720486 0.08516504 0.09874221 0.05579403 -0.08675951 0.09097338 0.083575055 -0.30622053 -0.00031075277 0.17205562 -0.01910345 0.08666247 0.02039599 -0.0643929 0.06972417 -0.24268958 0.027745528 0.06619935 -0.08034625
CZE -0.04685201 -0.3473991 -0.050981857 0.24464408 0.12900019 -0.33115417 -0.08456672 0.0034442039 -0.009972235 -0.035001278 0.0053783776 0.15649897 -0.19810441 -0.04997934 0.01793637 0.16517457 -0.084723495 -0.008478526 -0.13059716 0.142689 0.27529755 0.34698042 -0.20078027 -0.23881152 -0.36313346 0.031005733 0.018280456 0.26855284 0.0010266297 -0.32183143 -0.08364661 -0.1703968 0.046995796 0.011187795 -0.19705468 0.22499678 0.31838617 -0.28319037 -0.06510214 -0.26605132 -0.047273785 0.1485347 0.09569161 -0.025800604 0.02286495 0.004483813 -0.17413919 -0.074330494 -0.013690053 0.09444781 -0.055097677 0.05988662 -0.17018877 0.17766725 0.13260788 -0.05739364 0.14132722 -0.001248979 -0.15969327 0.11125932 -0.0019034033 0.1660414 0.21879804 -0.05158538 -0.0027779718 0.23834093 0.25861484 0.10820967 0.162005 0.20519255 0.2564122 0.114345215 -0.4053406 -0.3090628 0.2159177 0.021725124 -0.04491616 0.013647984 0.22028658 0.15741378 -0.05887823 -0.36424556 0.30277535 0.5978928 0.3046135 0.31390518 0.21749161 -0.1322057 -0.035579957 0.25744188 -0.08947484 -0.0415364 0.13851695 0.05179483 0.40662426 0.14719315 -0.013149917 -0.29059553 -0.023802454 0.04714132 0.0035362504 0.10571895 0.043306906 0.07975368 0.18735176 -0.12633026 0.13928175 0.23866105 0.30228913 -0.13658965 0.036490537 0.15211044 0.17707764 -0.0068169474 -0.15570249 0.0002928347 0.1727424 0.08627576 0.077827245 -0.077241726 0.002154388 0.06353702 -0.030383378 -0.22055718 -0.105714224 -0.21385303 -0.038986817 0.056053467
VNM 0.08506862 -0.2924078 0.02719064 0.15398033 0.098657444 -0.09845831 -0.059231814 -0.045942098 -0.09495406 0.27516413 0.13901733 0.0064158086 0.06574105 -0.035612866 0.16278824 0.36688218 -0.27785894 0.25204685 -0.3408076 0.15113832 -0.17545767 0.20613247 -0.0656745 -0.07949334 -0.14668362 0.13329543 0.12084523 -0.08891583 0.07261118 -0.06615912 0.006228632 0.38139448 -0.08501576 0.5946814 -0.4596966 0.3633379 0.23369367 -0.294222 -0.16032597 0.07148476 -0.12758175 0.13817269 0.3090639 0.05329989 -0.06377249 0.07915466 -0.15793651 -0.3707538 0.003984135 -0.14349987 0.4178301 -0.0020299756 0.038979918 0.09932688 -0.13020581 0.07420273 0.41117105 0.16839482 0.08119703 -0.17173423 -0.04083654 0.056752678 0.092388466 -0.021045258 0.02977582 0.043206405 0.18272269 0.06510232 0.18573666 0.13732888 0.17487563 0.08323952 -0.14816086 0.2170257 0.2733992 -0.17519355 -0.089054495 0.06820812 -0.09649677 0.17493778 0.09511577 -0.3818226 -0.05168834 0.20338017 0.0989595 0.036316697 -0.021910425 -0.4476274 -0.14385626 0.30715162 0.11088586 0.03817371 -0.082941875 -0.19616432 0.21712741 0.02349523 -0.119391374 -0.17492056 0.100001566 -0.19290206 0.11300444 -0.10666555 0.008463339 -0.11845434 -0.063186474 -0.0062079374 -0.12053215 0.1521821 0.16684107 0.10280615 0.024031654 -0.08806903 0.37618348 0.29071212 0.270846 -0.08081354 -0.22740315 -0.1389616 0.009061113 -0.13977115 0.20201603 0.06839356 0.03330428 -0.002251584 0.088338874 -0.019849332 0.0003778786 -0.080908746
BLR 0.12343732 -0.39845842 -0.030404044 0.032990657 -0.05688316 -0.20250604 -0.013616494 0.19789726 -0.034991857 -0.03373737 0.2536069 0.025262281 -0.077131726 0.22344188 0.19588363 0.026921833 -0.229593 -0.069152795 -0.19502082 0.07023455 0.28989917 0.28423494 -0.20487857 -0.10933632 -0.24019809 -0.07119648 -0.03429777 0.31919584 0.28317288 -0.050610375 -0.015190026 -0.1330835 0.10535253 0.14278662 -0.17224638 -0.07162506 0.29031485 -0.0472656 0.2010955 0.019100655 0.14742827 -0.03550256 0.16373472 0.031490043 0.24815522 0.0516803 -0.3445154 0.2019507 0.0054661715 0.26718554 -0.010848275 -0.05523458 0.06444656 0.12431722 0.12732692 0.20399578 0.2064713 0.041649897 -0.01050637 -0.030313078 -0.16191916 0.119729124 -0.06611567 0.1383969 0.32446584 -0.12043814 -0.031067856 0.14430715 -0.044641048 -0.12907895 0.24626532 -0.122220784 -0.2465428 -0.051536743 0.036010746 -0.16013412 0.02701216 -0.12826036 0.045915525 0.18400984 -0.012962452 -0.28947976 0.057567175 0.45864645 0.12722641 0.084103465 0.20074861 -0.26925364 -0.1531739 0.17115726 0.06337835 0.060761776 0.00327778 0.23744014 0.24625386 0.14991811 0.11733376 -0.23480918 -0.13267517 0.088449344 -0.022810467 0.10205044 -0.14993264 -0.00075691275 0.083503835 -0.02709134 -0.11556586 0.18529812 0.06843039 0.17377445 0.058415506 -0.052393746 -0.020778116 0.44471183 -0.08181096 0.052787717 0.00851644 0.23911536 0.04013835 -0.17769907 0.03158924 0.004582213 -0.05233343 -0.16837047 -0.17960809 0.1497781 0.18350211 0.13665392
ESP 0.07307674 -0.07709011 0.14098223 -0.008805259 0.026984304 -0.087795086 -0.04409653 -0.19233261 -0.0058340677 0.07512731 0.0950277 0.11887534 0.046332475 -0.079841994 0.27051035 -0.12676981 -0.26841065 -0.29380536 -0.41122714 0.040258437 0.23446603 0.1920001 0.048763786 -0.32358357 -0.075653814 0.08886116 -0.18541105 0.17177127 0.31049958 0.056338724 -0.068949126 0.07739309 -0.05672329 -0.027531166 0.12891397 -0.06442681 0.031580273 -0.04242326 0.28059193 0.07962891 0.18869564 -0.03809863 -0.010084039 -0.054071575 -0.0846716 -0.050706487 -0.075717054 -0.054148998 -0.09427804 -0.15728712 0.14918686 0.052424684 -0.04444273 -0.17788838 0.0045597455 -0.2081654 0.31906754 0.16361377 0.17165197 -0.15082069 -0.15976526 0.10847149 0.13104649 0.10901001 0.07487464 0.022746416 0.13341124 -0.038735267 0.23286907 -0.11847283 -0.28693938 0.11346375 -0.13817082 0.015087274 -0.17005542 -0.17719677 -0.012773645 0.044294793 -0.22805841 0.2850097 -0.09397111 -0.20918193 0.108023964 0.49646145 0.08123258 0.0007885458 0.34347054 -0.17069311 -0.12053263 0.03840615 -0.0091611175 -0.116801314 0.05638097 -0.018403986 0.19491151 0.0004981125 -0.2414378 -0.04434031 -0.22763354 -0.23764543 0.07979104 -0.14409454 -0.39976823 0.09433301 0.010569268 -0.15717183 -0.041281816 0.24002753 0.21665339 0.075405315 0.17043008 0.19001201 0.2356459 0.2037287 -0.17298642 -0.120532975 -0.0013000666 0.13014205 0.09712347 -0.06819578 -0.21397056 0.046228766 -0.091287285 -0.05893036 -0.22663923 0.049381077 0.03808286 -0.052362688
SRB -0.12422833 -0.466431 0.10896306 0.12216693 -0.04918748 -0.13184777 0.11495252 -0.02281008 -0.20651115 -0.120034605 0.08586722 0.21825273 0.047249455 0.2309732 0.27161646 -0.025878895 -0.049989194 -0.13412759 -0.31908995 0.08797981 0.2579128 0.25418723 -0.052519206 -0.15665893 -0.16208528 0.123948775 -0.07788318 0.17629324 0.18947533 0.0077194893 -5.9159356e-06 0.045026798 0.105676 0.044549096 -0.124692306 0.020232981 0.31823716 -0.04561098 -0.014274167 -0.0857222 -0.107766256 0.2694704 0.25867295 0.15338251 0.17342296 -0.028110046 -0.14334358 0.0012745166 -0.04957312 0.030380156 0.07955821 -0.15790345 0.110888414 0.08857449 0.329109 0.059410255 0.32644 -0.049601458 0.06393083 0.1870703 0.021178022 0.16054183 0.06599662 0.054536514 0.03381145 -0.021676386 -0.080482595 0.0054866746 0.014528869 0.026989626 0.15656486 -0.15152387 -0.16728815 -0.17124559 -0.014688588 0.01619267 -0.13613075 0.067984216 -0.0038291782 0.071169026 0.0029225845 -0.25333598 0.08768645 0.6191621 0.12611881 0.22112092 0.28322962 -0.05054319 0.05397126 0.09578593 0.072250016 0.15087923 0.22060126 0.264138 0.42128676 0.20171314 -0.22275807 -0.19779405 -0.10593829 0.10686079 -0.17513053 0.1648491 -0.48557064 0.19109485 0.08516745 0.14269762 -0.038933888 0.28605092 0.32550448 -0.10439903 0.16535582 -0.034264904 -0.055013806 0.13033253 -0.14409001 -0.062841915 -0.019360559 0.24937762 0.022670869 -0.041855987 -0.08479647 0.13337587 -0.23560213 -0.036254175 -0.07366241 0.0727555 -0.023358619 0.25094533
BOL 0.06928961 -0.2696945 0.12811647 0.12891199 0.32373294 -0.09884997 0.3723844 -0.09949892 -0.17000243 0.0574799 0.30853307 -0.17800948 -0.12540871 -0.10622668 0.4787136 -0.08858122 -0.31969807 -0.17934991 -0.30334255 -0.036838613 -0.02774216 0.16733392 -0.20835009 0.062212408 -0.24540237 0.3340216 -0.04092728 0.34390494 0.42894787 -0.09416823 -0.21741733 0.3851028 0.03755079 0.13389836 -0.1730328 -0.19130336 0.022207087 0.07362467 -0.14665344 0.15053466 -0.16116832 0.06940057 -0.08933968 0.3301443 0.15550615 -0.012335372 0.045897186 -0.09536502 0.036970016 -0.08365055 0.4830433 0.0070067607 0.05245654 0.12323965 -0.28560412 0.106135115 0.38600564 0.11005397 -0.23076192 -0.14864376 -0.059176303 -0.17947343 0.039348416 -0.33502316 -0.07388901 -0.18499777 -0.1575411 0.09396569 -0.021799099 -0.014256414 0.33876634 -0.18845782 -0.3005244 -0.029381482 -0.039866634 -0.045680404 -0.23959601 -0.07924335 0.013525536 0.29001984 0.011339396 -0.35379484 -0.097046494 -0.008212859 0.12801993 -0.031925205 0.1420747 -0.4146839 0.082127646 0.2708731 -0.025102852 0.2971883 -0.07703074 -0.06326421 0.17789544 0.1365103 0.066809036 -0.10231513 0.1370913 -0.13688484 -0.20263976 0.038135346 -0.3314528 0.0038617156 -0.10078462 -0.0961863 0.35085768 0.021291682 0.3989792 0.050141156 0.20606159 -0.11899942 0.13324061 0.15310083 0.29924017 -0.09343392 0.012770443 0.13347483 0.06738573 -0.20040347 -0.0025201766 0.0052620494 -0.0276993 0.084821336 -0.21103697 -0.12572613 -0.081193216 0.05704508
QAT 0.38199675 0.1813416 -0.061539724 -0.049401984 0.16843247 -0.28060925 -0.18960181 -0.010641697 -0.41057673 -0.058399223 0.36886474 0.0038841697 -0.22579229 -0.31780335 0.008432915 0.2679261 -0.17761073 -0.07607492 -0.24444936 0.12737241 -0.1749761 0.061472394 -0.14332667 -0.4924439 -0.02055488 -0.16240092 -0.06977306 0.01797196 0.07191946 0.15071528 0.02955724 0.19735974 -0.037623882 0.06005351 -0.32638612 0.4515689 -0.07545869 -0.02236684 -0.20732152 0.05820651 -0.080235116 0.07167661 0.3193181 -0.08923205 -0.07170566 0.03207439 0.08769439 -0.17419672 -0.34756362 -0.11416558 0.24700297 0.10228059 -0.061361693 -0.2752762 0.109036714 -0.109926246 0.1975417 0.17375956 0.18376778 -0.20439309 -0.12833981 0.11255289 -0.28250274 0.03068216 -0.17824487 0.07074878 0.34184784 0.12259094 0.09195072 -0.030827554 0.25957498 0.061915778 -0.25284857 -0.35417297 0.114580154 -0.4444459 -0.10984641 0.21221977 0.047404215 0.4809844 -0.055329975 -0.13234876 0.16096352 0.09167234 0.24940892 0.088414155 -0.054438036 -0.08486442 0.08873744 -0.040500656 -0.35343355 -0.23825814 -0.18895115 0.18769777 0.11331891 0.03039822 0.21676897 -0.18838815 -0.11368174 -0.44160083 -0.04789182 -0.08293026 -0.0043366235 -0.005397728 0.06747158 -0.17041169 0.19837958 0.18404159 0.16857623 -0.0102685215 0.18412954 0.40941742 0.116848394 -0.0030335071 0.06727215 -0.21822777 0.035375066 -0.24040237 0.15516573 0.08626722 0.026468815 -0.21344928 -0.15558647 0.03732171 -0.14437512 -0.10438271 -0.057774227 -0.38518447
LTU 0.024703255 -0.18965922 0.011679873 0.07953911 -0.12768702 -0.10053753 0.06910199 0.07855567 -0.0884023 0.06117194 0.40768057 0.18520512 -0.14630486 0.19817832 0.14799538 -0.09544538 -0.36252642 -0.090331696 -0.243345 0.18891516 0.3390892 0.28310642 -0.22438397 -0.19104682 -0.2363221 0.02043991 -0.17096461 0.29298112 0.24616143 -0.115971066 0.0051110145 -0.023948202 0.18946227 0.018004706 0.089169204 -0.25084707 0.19818744 -0.12901227 0.06645085 0.059713516 0.21262032 0.04791542 0.08909928 0.121825464 0.22970082 0.013900918 -0.32337618 0.2672649 0.082763955 0.26202846 0.11703593 -0.01046777 0.091940545 0.023854788 -0.054938734 0.19733174 0.28884605 0.07060295 -0.0052443054 -0.043516275 -0.29924458 -0.078596495 0.006947294 0.033223104 0.24875244 -0.18509547 0.07725713 0.11528869 0.009339672 -0.113196015 0.21487541 -0.07501079 -0.28798792 -0.11443781 -0.09971828 -0.11674311 0.002764949 -0.09126816 0.056652837 0.2701532 0.05607302 -0.3809769 0.012804531 0.32991955 0.111805305 0.11661411 0.19296215 -0.11993003 -0.13478442 0.030381154 0.1332763 0.13469437 0.03683019 0.23074752 0.2144031 0.04971026 0.06311433 -0.14213333 -0.054313496 0.017980378 -0.06650346 0.09592776 -0.07545618 -0.06056724 0.07159284 -0.03294952 0.03934937 0.2522288 0.14151132 0.09952697 0.14239256 -0.11266352 0.101968 0.3905527 -0.12978429 0.1159868 -0.16770831 0.2068866 0.19777735 -0.16419706 0.011357169 0.06069346 0.053858656 -0.17733026 -0.35224548 -0.007474394 0.111028865 0.004687525
FIN 0.052218296 -0.2162449 0.1718436 0.038074426 -0.108168505 -0.23943464 -0.22908077 0.048400242 -0.11090569 0.09128604 0.22529173 0.12667894 -0.050399844 0.17958353 0.080977544 0.13998868 -0.3912001 -0.10390501 -0.33683923 0.19446595 0.39275053 0.14384122 -0.016729632 -0.24422531 -0.0347923 0.104991436 -0.07953725 0.050459113 -0.03892707 -0.121441826 -0.07868704 0.006489022 0.029552687 0.10379997 0.040234372 -0.15269534 0.153806 -0.26050583 0.059805293 -0.015584364 0.12600549 0.16481394 -0.020498151 0.031038828 -0.018899316 0.07538199 -0.14641075 0.06155115 -0.10145319 0.13727 -0.14456463 -0.028999256 0.20024273 -0.11196626 0.14977333 0.22845812 0.20345213 0.075634 0.005700592 0.040672608 -0.12473745 0.06644328 0.15637282 0.12202461 0.1234923 -0.029169165 0.16044326 0.040950462 0.21219485 -0.09107656 0.026978806 0.03777636 -0.0504814 -0.0844491 -0.17301978 -0.12954314 0.16579448 -0.030885182 -0.2286293 0.13408907 -0.009026992 -0.37337142 0.06923788 0.5256158 0.12779745 0.19853303 0.18649217 -0.07415869 -0.010474136 -0.084019765 0.089122 -0.14365228 0.091477126 0.06444891 0.30339193 0.16085768 -0.30392072 -0.06367353 -0.14439535 -0.19036569 0.028806487 -0.1628188 -0.16295637 0.15023726 0.122371204 -0.10953817 -0.11655487 0.19807926 0.19093072 0.02651306 0.13864613 -0.00052000285 0.14205803 0.2885107 -0.29394802 0.09702668 -0.19436549 0.019212328 0.17364693 -0.024925575 -0.12552768 -0.04634426 -0.08237562 -0.11194434 -0.21675044 -0.0047029965 0.093777366 -0.20651
AUT 0.074048564 -0.31314397 0.13799526 0.014635515 -0.0037764835 0.10860959 -0.13405149 -0.18459581 -0.13435644 0.059563372 0.16436416 0.08660371 0.07229613 -0.044596866 0.1760675 0.13207762 -0.321245 -0.15757996 -0.24814072 -0.11385817 0.062264565 0.30112362 0.0035299854 -0.2712515 -0.23321578 0.027319156 0.0070575825 -0.040605575 0.05515749 -0.046752654 0.0004947218 -0.0048498427 0.043963417 0.17389967 0.048004556 0.2534069 0.24786884 -0.1224848 0.25325024 0.1322387 0.08438951 -0.072286695 0.1835636 -0.15175393 0.05884866 -0.05480318 -0.1038726 -0.1527159 -0.01461965 0.02080571 -0.026400544 -0.07305274 -0.13378856 -0.00017961254 0.08668055 -0.12712245 0.397906 0.06955133 0.05966032 0.10186101 -0.13424747 0.20676169 0.087913975 0.1020291 0.06288014 0.14465214 0.087353535 0.12500241 0.11901066 -0.014289903 -0.09834694 0.15764181 -0.14526317 -0.034356676 0.04458378 -0.06261778 0.038492393 -0.011419053 -0.015312535 0.1935147 -0.05733635 -0.3149684 0.025530417 0.7293659 0.09061745 0.044994537 0.17830221 -0.20090526 -0.089239284 0.28210273 0.037156608 0.0051078247 0.18279806 0.05449157 0.30250522 0.06550998 -0.34761754 -0.10239028 -0.23262878 -0.091743045 0.0669306 -0.05883633 -0.40388665 0.12939622 -0.01344017 -0.09634065 -0.0784778 0.3030817 0.1501946 0.121478796 -0.016372249 -0.07538242 0.43980804 0.23777819 -0.26669818 -0.01605989 -0.09850416 0.14036945 0.16023985 -0.13961507 -0.058087427 0.09805201 -0.1373542 0.0027462416 -0.11121599 0.17444044 0.13932382 0.11277334
EST 0.10864177 -0.17399439 0.034630604 0.18578334 -0.18352523 -0.29628628 -0.13126896 0.18364462 -0.1178664 0.010642118 0.27591705 0.14524136 -0.10992677 0.2938371 0.08328129 0.034013204 -0.57513595 -0.06888374 -0.47013173 0.3131441 0.44503924 0.2937667 -0.17611206 -0.35946506 -0.120935015 0.06479106 -0.06861173 0.23360583 0.1023895 -0.20839399 -0.059559118 0.020284355 0.03132779 0.0314951 0.058105282 -0.21302168 0.13456038 -0.23848096 0.07828224 -0.019224776 0.09741458 0.14945157 0.0771469 0.03661029 0.0012784243 0.055197384 -0.23909009 0.19160275 -0.017172787 0.30267653 -0.09290022 -0.16523407 0.15255028 0.063367784 0.1975524 0.3200885 0.12709609 0.040498767 -0.049944893 0.09806545 -0.13929428 0.09110173 0.112832785 0.14908919 0.063784175 -0.092645146 0.21413216 0.12684828 0.20032369 0.07090865 0.18338662 -0.0012592117 -0.112387955 -0.11752995 -0.04767366 -0.11653773 0.18959033 -0.12805611 -0.14694804 0.19872734 0.14452174 -0.41186514 0.08545657 0.49152955 0.09359337 0.23237641 0.18134348 -0.11226553 -0.16699506 0.0056384844 0.23447414 -0.027762115 0.18560621 0.22872868 0.34396422 0.18436353 -0.24338925 -0.18358281 -0.12968186 -0.092435375 -0.036936197 -0.027764633 -0.09067527 0.09130102 0.10151301 -0.116103664 -0.07537286 0.2589107 0.15598918 0.041678086 0.1763555 -0.09413605 0.15674128 0.43639696 -0.2932339 0.09788706 -0.16207626 0.04923679 0.20360532 -0.0770412 -0.08555936 -0.020450324 0.011693979 -0.2330228 -0.2112914 -0.050486483 0.09527365 -0.24588357
URY -0.04508234 -0.30102676 0.4192256 -0.011529623 -0.046990067 -0.14724737 -0.010375305 0.18617065 -0.40823025 -0.049109574 0.5073835 0.07887947 -0.22564784 -0.06725202 0.13607758 0.22871591 -0.31365204 -0.04707085 -0.1028481 0.13926387 0.23086257 0.17227852 -0.2476657 -0.32721987 -0.09467544 0.07769306 -0.027125334 0.1482151 0.08656302 -0.21032985 -0.013945828 0.070675015 0.025728296 0.28352544 0.27494296 0.15377001 -0.023143295 -0.12331095 -0.18039127 0.16638379 0.13656543 0.23467436 -0.015707102 0.070430025 0.40915325 0.33693805 -0.20180595 0.005687348 0.028612984 0.041465938 0.17925751 0.17008038 0.027182182 -0.13521118 -0.1315089 0.3494579 0.14646181 0.2699638 -0.28109115 -0.18387568 -0.24067171 -0.21512884 0.20036402 0.137329 0.30490386 -0.05109408 0.027234837 0.013830416 0.24187304 -0.21331017 0.17053285 -0.1070116 -0.18372515 -0.06206394 0.056731913 -0.060649753 -0.021411866 0.025602462 -0.063376576 0.24718557 -0.015237734 -0.05412001 0.03437525 0.07496531 -0.013552643 0.08070873 -0.19271316 0.12748574 0.013774444 -0.1113125 0.15872094 0.07968739 0.03128316 0.04652393 0.28324476 0.28836584 -0.15011927 0.11641068 0.029958453 -0.1925881 -0.12432164 -0.085502885 -0.056781795 0.24536291 0.10227508 -0.14941463 -0.00542321 0.008985608 0.39502388 0.016271178 -0.006171194 -0.18894388 0.2465951 0.1985757 -0.20591393 -0.006501592 -0.17407408 -0.11455316 -0.0061163083 -0.04692138 0.070875645 0.120591104 -0.080331504 0.26889768 -0.20991892 0.06345051 0.25154385 0.015602834
CMR 0.014870858 -0.35502958 0.49340674 -0.15792157 0.049347825 -0.112875395 -0.19709659 -0.12272485 -0.21053578 -0.04126209 0.4117932 0.06820619 -0.00024029287 0.019792551 0.17256829 0.43203527 -0.23048736 -0.31438163 -0.17887396 -0.041227747 0.2876405 0.1434702 -0.03607362 -0.37597996 -0.09390316 0.029836591 -0.055746716 0.05436684 -0.05203773 -0.084723935 -0.031595208 -0.058193993 0.15017006 0.38159877 0.29593465 0.23243381 0.20971903 -0.039891 0.011862399 0.19228162 0.39110854 0.053046744 -0.0073406664 -0.07341157 0.22828063 0.24476041 -0.20429224 -0.16376531 0.0033894028 -0.07094616 -0.14400493 0.274254 0.08068981 -0.2592196 -0.11108858 0.18552902 0.39836755 0.29565153 -0.17896886 -0.18692817 -0.310108 0.042365793 0.2608892 0.25455537 0.3654193 0.031072538 -0.06796595 -0.11486189 0.3070488 -0.3006146 -0.09744409 0.011897615 -0.17871715 0.024308177 -0.16834578 -0.16860725 0.07762308 0.05448233 -0.19244069 0.2692452 -0.18282755 -0.22405267 0.16185008 0.44671005 0.117916964 0.18176366 -0.04792934 0.0932059 -0.0962876 -0.080079235 0.011979953 -0.19335002 0.016131451 0.0404829 0.33472252 0.2511613 -0.47487223 0.08664155 -0.20072491 -0.3589265 0.03184991 -0.1796822 -0.27038255 0.3227359 0.18902759 -0.2812183 -0.16358438 0.15887369 0.47320494 0.09694022 0.018492706 0.04836916 0.34604537 0.26077342 -0.32462054 0.0143007925 -0.29437122 -0.007699953 0.021743828 -0.014198018 0.039471507 0.046978295 -0.20815893 0.27951682 -0.1924766 0.18982431 0.2800997 0.13307819
PER -0.07173154 -0.25980172 0.23969583 -0.017471064 0.14862753 -0.10298959 0.20533806 -0.17940849 -0.32301 0.25097647 0.46281978 -0.11523984 -0.23146133 -0.102980964 0.36667374 0.021593526 -0.17606473 -0.38236046 -0.28739068 0.03950195 0.25688708 0.2405833 -0.27684423 -0.0032934 -0.1782065 0.35151878 -0.13740855 0.361207 0.29633376 -0.15655267 -0.13589148 0.18717764 0.08339238 0.10591193 0.013728152 -0.16129039 0.0694853 0.025472717 -0.10847511 0.062890396 0.072596386 0.1443533 -0.038870253 0.14137702 0.24094327 0.1448098 -0.06429038 -0.050585285 0.09693868 0.033128433 0.21893245 0.28342614 0.02813798 0.07005869 -0.3271168 0.11596622 0.41322795 0.2638293 -0.3195915 -0.11875685 -0.22585602 -0.3635176 0.2313206 -0.10263018 0.16895609 -0.08895197 -0.06263932 0.023754425 -0.050664764 -0.25210828 0.15951301 -0.1355781 -0.23175803 -0.015631642 -0.069828615 0.019001296 -0.14845024 -0.11982021 -0.00861268 0.11344468 0.072573885 -0.2940662 -0.13824154 0.130226 0.015206401 0.14281064 0.06039276 -0.13096309 -0.02084178 0.08006125 0.099486865 0.19146097 0.048191655 0.058982432 0.20285442 -0.039788574 0.07027594 0.031830177 0.036887415 -0.26995113 -0.22619018 0.11706515 -0.1252243 0.13236819 0.022380391 -0.15300184 0.16920859 0.049020525 0.40500677 -0.078872554 0.11757319 -0.24156758 -0.004824078 0.0794431 -0.060775373 0.094206125 -0.1924211 0.08464282 0.13080588 -0.09083059 -0.05925521 0.1541737 0.13810818 0.19507116 -0.28012058 -0.105923936 0.013165394 -0.007837989
WSM 0.25344056 -0.12177516 0.023772981 0.05373363 0.14535767 -0.36731967 -0.10100222 0.080214135 -0.32589036 0.1207239 0.11936378 -0.10640579 0.016971575 -0.20165898 0.14623219 0.23068964 -0.24667057 0.20893563 -0.385784 0.18013738 -0.22351673 0.07085559 -0.20957232 -0.105635114 -0.026372198 0.09754372 0.085289866 0.054786045 0.16839734 -0.07481333 0.0019889066 0.26591823 -0.09344064 0.26899284 -0.6371173 0.35441425 -0.06296909 -0.16984347 -0.26698846 -0.01971352 -0.27682367 0.17041025 0.28057197 0.037969783 -0.10900632 0.06529085 0.20156491 -0.36387557 -0.24826245 -0.14522064 0.53783715 0.02275889 0.048390597 -0.17904831 0.04123567 -0.081661604 0.27043706 0.08906416 0.18440458 -0.16111909 0.09261377 0.20010751 -0.123299636 0.008638769 -0.032414578 0.06556948 0.21259524 0.023458136 0.16336706 -0.0055584363 0.28779462 -0.009861293 -0.4141864 -0.016085964 0.35520974 -0.20076236 -0.15278348 0.17556211 0.049001228 0.28332686 0.080211386 -0.21111868 0.14910467 -0.05138284 0.060565624 0.18285243 -0.15557472 -0.40295255 0.033868145 0.0118983835 -0.101073176 0.10597287 -0.13005272 0.061378334 0.10826382 0.058802597 0.1188996 -0.35271108 0.08852982 -0.32471013 -0.13651267 -0.022083696 0.0066375993 0.012937126 -0.12593012 -0.007292646 0.06537191 0.21071252 0.39998275 0.0417061 0.11587225 0.1461851 0.10183772 0.15218674 0.2433427 -0.17265311 -0.06400615 -0.3017582 -0.05521206 0.073618054 -0.03712574 -0.027497588 -0.13765165 -0.053457737 -0.012832186 -0.114634596 -0.15569773 -0.20993002
RWA 0.20379478 -0.36761373 -0.14265871 0.16376668 0.119776964 -0.54444087 -0.04507993 0.091668725 0.1337473 -0.007933746 0.283925 0.0061072037 -0.29236394 -0.023000896 0.26117516 0.21792711 0.3007024 -0.18856032 -0.03590786 0.11496642 0.40010777 0.1976896 -0.13213015 -0.299471 -0.25635916 -0.026304035 -0.10059721 0.08692502 0.2676775 -0.058440745 -0.11946897 -0.06812243 -0.024286427 0.326105 -0.46169323 0.03168761 0.38468954 -0.031806946 -0.09137486 -0.11732564 0.20525071 0.049882345 0.12201334 0.18675038 -0.017140418 0.057895973 -0.3179153 -0.06524387 -0.119106315 -0.16363351 -0.17410518 0.15761779 0.2145487 0.07319735 -0.08578608 0.2534987 0.11495616 0.19668636 -0.04060152 -0.32146803 0.035492927 -0.00021199917 0.022963423 -0.086545154 0.26628128 -0.17672531 0.12017082 -0.1331822 0.09738835 -0.23562464 0.09542891 -0.11685893 -0.31658348 -0.19963141 -0.1889872 -0.29275396 0.111117184 0.14317673 -0.16078697 0.24770528 -0.17307542 -0.23174246 0.2154383 0.18797162 0.37078598 0.13455664 0.42586732 -0.13912784 -0.088391885 0.00018826814 -0.21745755 -0.22165059 -0.25051117 0.0063996227 0.20472844 0.01646622 0.35170785 -0.1718381 -0.13319826 0.046429917 0.055607922 -0.07197504 0.13014975 -0.020661585 0.28667268 -0.13009545 0.024615295 -0.07899128 0.19503084 -0.17485349 0.04432408 0.2603024 -0.040465765 0.2646742 0.03443413 -0.0065669683 0.14593497 0.019992203 -0.076258324 -0.04495011 -0.0328595 -0.24771246 -0.05652556 -0.26381066 -0.20524746 -0.15317456 0.15049767 -0.14068416
VUT 0.116457 -0.3650646 -0.018464174 0.15362363 0.24822132 -0.34633607 -0.15887712 -0.038991038 -0.13029511 0.27686074 0.030394426 0.084649034 -0.0013369282 0.09404375 0.018879699 0.56039125 -0.10143497 0.22709942 -0.45107976 0.1904329 -0.1497078 0.2539321 -0.049688555 -0.22836493 -0.18541844 0.108839445 0.17149654 0.09656143 -0.026829267 -0.014006686 0.0543281 0.19574276 0.0076336106 0.51257783 -0.7682424 0.4502916 0.30006796 -0.2578756 -0.20359027 -0.09273328 -0.23954636 0.17850392 0.34990862 -0.011586582 -0.056049768 0.039807063 -0.11095689 -0.44777048 -0.20475248 -0.19690698 0.19261591 0.12197296 0.17788395 0.19098231 0.13276948 -0.037693948 0.5355218 0.106538914 0.2638835 -0.0980064 0.045838248 0.22154427 0.049433377 0.054519873 -0.0021581773 0.13322192 0.31842053 -0.027549451 0.083697036 0.25428417 0.33950597 0.11989864 -0.26593834 0.09197253 0.3482628 -0.13597195 -0.03258362 0.16152687 0.010160894 0.23168449 0.073356494 -0.2694154 0.07988924 0.1209753 0.1584674 0.12615296 -0.019745147 -0.25061977 -0.060760718 0.29843646 -0.016405184 -0.044664297 -0.06296644 -0.15137503 0.19823858 -0.035851084 0.06392754 -0.29925123 0.12688182 -0.07141821 0.04385689 -0.08711182 0.045230296 -0.20896572 -0.0081588775 0.10676727 -0.12942365 0.22310089 0.10764608 0.12639078 -0.04797322 0.16457748 0.23237194 0.06283942 0.28541434 -0.07079198 -0.15316996 -0.18161182 -0.04320258 -0.0069073015 0.22139637 0.079659425 -0.12069369 -0.08010232 0.16308428 -0.18438525 -0.016446315 -0.071656145
MOZ 0.0039478703 -0.21769433 0.24480084 -0.1893838 0.28980407 0.07822571 -0.06206741 -0.000101152415 -0.31186697 0.4830055 0.42910278 0.11795831 -0.0079814885 -0.14818117 -0.023787437 0.43548983 0.034265053 -0.18343997 -0.110679634 0.0817289 -0.020373004 -0.04498741 -0.03475836 -0.35286722 -0.1046091 0.21996509 -0.28471097 0.16916946 -0.06609804 0.4445995 0.03995193 0.34535342 0.007389607 0.07794348 -0.23712023 0.2889356 0.20916396 -0.0015803907 -0.13635503 -0.041360382 0.025442826 0.29767883 0.07498657 -0.10004496 0.18975002 -0.044497352 -0.12413796 -0.1835002 -0.14090297 -0.20235103 0.0353589 0.51958287 0.21235947 -0.33816716 -0.053013574 -0.2838206 0.6213409 0.22910285 0.36429968 0.07153973 -0.33944592 0.023191893 0.00244048 0.25636917 0.117642455 0.08384098 0.2233163 0.054361098 0.059215996 -0.12636065 -0.09402554 0.029679237 -0.2199772 -0.12596554 -0.10584957 -0.30639964 -0.20219111 0.10538966 0.033873133 0.23114958 -0.22689372 -0.34264463 -0.16425017 0.43469554 0.25332338 0.014216443 0.072746806 0.008425169 0.090256676 -0.18242511 -0.21488868 -0.16626745 -0.21817563 -0.10832472 0.008080814 -0.07788636 0.05072714 0.0023423932 -0.08792742 -0.27035078 -0.053894803 -0.07375344 -0.14113624 -0.09537217 0.25859976 0.04451705 -0.060596265 -0.108795896 0.09234135 0.16449244 0.120179296 0.11374822 -0.06739288 -0.20062357 0.083972484 -0.031408623 -0.21731406 0.031831525 0.15966961 0.13847144 0.006745061 0.031332284 -0.2444513 0.09009983 -0.21007675 0.114321284 0.07538196 -0.06652404
BHS -0.030377036 -0.26351014 0.124782994 0.030681208 0.058858052 -0.2633737 0.15802123 0.0057824873 -0.09408848 -0.061559547 0.3322776 -0.14449506 -0.19880702 -0.09201262 0.44997743 -0.15855232 -0.12363277 -0.33678183 -0.13979578 -0.026854202 0.3004332 0.12934108 -0.15557875 -0.09094828 -0.12805761 0.30551097 -0.104531184 0.32164463 0.34532675 -0.14905836 -0.18464021 0.15916252 -0.08875889 0.17231576 -0.020792037 -0.27844074 0.21678233 0.030261176 -0.08051438 -0.013214237 0.17093886 0.13842094 -0.03329239 0.194757 0.07074281 0.1002336 -0.07182985 -0.14623514 0.13512821 -0.08979174 0.07574272 0.15687852 0.08081207 0.079687804 -0.137501 0.182947 0.43205667 0.3710397 -0.42249623 -0.1554307 -0.12136318 -0.2007448 0.21184912 -0.21530417 0.08096919 -0.080106266 -0.056853723 -0.15930687 0.2059764 -0.15147349 0.06238625 -0.16393816 -0.15236412 -0.07317081 -0.1677636 -0.09351106 -0.05483003 -0.1398745 -0.136112 0.09469859 -0.057625882 -0.19885744 0.0710484 0.17226884 0.012839749 0.18242295 0.2192558 -0.084557556 -0.23126228 0.033075046 -0.035211995 0.02511118 -0.009928986 0.07631465 0.18966496 -0.0070472653 -0.038435113 0.0007034688 0.053750634 -0.20125303 -0.26612964 0.074947305 -0.26218122 0.17789009 0.18474482 -0.21466896 0.16323431 -0.10140729 0.4465217 -0.22094765 0.1542607 -0.02593918 0.021449203 0.26203844 0.06626802 -0.06942001 -0.06650767 0.033706352 0.12583971 -0.14208694 -0.14720887 -0.012669537 0.009058831 0.041473 -0.26537263 -0.1406181 0.08530719 -0.04779849
ARG 0.016471785 -0.21160404 0.06770685 0.11609265 0.28347835 -0.08206151 0.24747378 -0.113160774 -0.040742274 0.21075462 0.27730083 -0.0236459 -0.15525009 -0.09003324 0.3517607 0.07847053 -0.19876835 -0.070463985 -0.22635357 0.026744286 -0.072943725 0.09173254 -0.09452665 -0.056952 -0.22661723 0.27543265 -0.12425121 0.22198327 0.25573233 -0.010985551 -0.15686618 0.4283054 0.025539333 0.40397182 -0.23091345 -0.13559045 0.15908797 -0.0007748214 -0.1822109 0.1315254 -0.06340042 0.10782035 -0.10021204 0.33245352 0.07904486 -0.014064263 -0.14536677 -0.07749507 0.09822646 -0.13943097 0.42439154 0.059100196 0.11669916 0.18433721 -0.3551576 0.14461511 0.4504955 0.21377818 -0.23779586 -0.22112283 -0.1786069 -0.23201422 0.096900254 -0.36282358 -0.016396131 -0.15438053 -0.10954595 0.0107139805 -0.010114515 0.031723607 0.21715245 -0.107018664 -0.10307467 0.05498372 -0.14096504 -0.11009223 -0.17305571 -0.07611442 -0.10015477 0.20367807 -0.046581566 -0.33528355 -0.13969888 -0.04883928 0.10163127 -0.048653174 0.22984898 -0.34397167 -0.045986008 0.28293756 -0.013576222 0.14965567 -0.17713998 -0.2471637 0.14055292 0.019754559 0.0042634974 -0.02950728 0.2447959 -0.16532448 -0.10698547 -0.07096801 -0.20316151 -0.10915306 0.014411662 -0.034534402 0.25129548 -0.058165822 0.29955953 0.009785573 0.14916873 -0.04842048 0.17235556 0.14388211 0.3859777 -0.057451352 -0.14605024 0.12449963 0.12450244 -0.24223943 0.11513012 -0.045393232 0.07695294 0.0686487 -0.20776045 -0.13997643 -0.030326394 0.016338319
GIN 0.17068134 -0.27127537 -0.03465396 -0.11286569 0.038790945 -0.035514556 -0.23332544 -0.35773683 -0.24324617 0.041731898 0.15482502 0.15328439 -0.07234737 0.005568069 -0.015866833 0.3295997 -0.024162732 -0.2014223 -0.30295283 -0.028743869 0.086646184 0.24968667 -0.106852956 -0.0912414 -0.02811455 0.08437102 -0.06798513 0.0048434893 0.0338721 0.18525584 -0.21724263 0.19891605 -0.037451822 0.08185637 -0.16737878 0.27953184 0.17712606 0.09508413 0.010247408 0.047805026 0.08131615 0.0042314236 0.26816973 -0.010851522 0.1503351 0.011714196 -0.14037824 -0.08102201 -0.2752936 -0.07980712 -0.013827513 -0.01334259 0.088213526 -0.029890649 0.21787974 0.03318168 0.30359468 0.026179535 0.051943168 -0.021702403 -0.09850544 -0.025949582 -0.03617436 0.074876435 0.07748978 0.07299749 0.073036365 0.116947226 -0.14500374 -0.26930603 0.28092635 -0.016165368 -0.14273454 -0.2410588 -0.09738397 -0.29174975 -0.22156724 0.25736073 0.045261245 0.15421602 -0.18157724 -0.31426844 -0.057459284 0.49183837 0.2062352 0.25919476 0.12097327 0.0025841333 0.21640687 0.09130142 -0.20610882 -0.17797267 -0.033522394 0.109890044 0.3603346 0.13627715 0.054881617 0.016066246 -0.25051564 -0.15752625 0.0999869 -0.0023393955 -0.20797636 0.295159 0.059843726 -0.008224861 -0.03249634 0.115566 0.012659316 -0.06579261 0.13571587 0.11048228 -0.0068012495 -0.033681333 -0.18887956 0.122565165 -0.17923564 0.042003635 0.049464762 0.040529188 0.06473911 -0.102924034 -0.09630651 0.20473358 0.0045912853 -0.05332834 -0.11929086 -0.07615054
JAM 0.057009418 -0.28398654 0.24995951 -0.05415184 -0.13153379 0.023770673 0.16576405 -0.23866478 -0.3299441 0.12915973 0.23872879 -0.08857138 -0.12479055 -0.030243823 0.2254291 -0.074490085 -0.53847295 -0.35026914 -0.45297706 0.0137034 0.36890548 0.31447002 -0.18569924 -0.16609977 -0.028121639 0.41162565 -0.185068 0.19614506 0.29708278 -0.18234184 -0.16273227 0.25753927 0.0197853 0.046889007 0.13011001 -0.13689351 0.12702647 -0.16040535 0.108908445 0.0530165 0.12579334 0.08859663 0.010184128 0.021585325 0.18561353 0.011225729 0.08112525 -0.051711954 0.07849407 -0.047185335 0.14752081 -0.09940792 -0.0031987461 -0.11329331 -0.12132862 0.09382132 0.300715 0.19154215 -0.21014641 0.07482533 -0.017427744 -0.20290463 0.15948248 0.006519627 0.03130085 -0.00472841 0.13325086 0.14381868 0.11445414 -0.40082657 0.08139337 -0.04728565 -0.23220205 -0.14494075 -0.15911965 -0.124953635 -0.19349664 -0.042970836 0.019920634 0.13155124 0.035306886 -0.31002444 -0.10659066 0.31091604 -0.04250668 0.30086982 -0.070655055 -0.09511682 0.15322118 0.0072111385 0.10905782 0.2311252 0.15971659 0.08284971 0.26150793 0.09972707 -0.16138645 0.09104586 -0.099272065 -0.13486212 -0.056453194 0.0008845611 -0.24821272 0.2507874 -0.09588372 -0.105858535 0.14033993 0.12756102 0.30049527 -0.018725155 0.112930425 -0.16458276 0.11894906 0.11572407 -0.22044218 0.13638537 -0.20468782 -0.004316468 0.09835703 0.00679645 -0.33349788 0.10711991 0.0047587296 0.1075862 -0.15120059 -0.034704518 -0.044830058 -0.094477296
LCA -0.14580132 -0.25030065 0.059729606 -0.24495749 -0.028433932 -0.11877425 0.023560837 -0.04962963 -0.37977222 0.2592165 0.48809713 0.14521421 -0.19951004 -0.1285261 0.2574718 -0.1760226 -0.28400207 -0.30090854 -0.16136178 -0.08938478 0.2837812 0.116493754 -0.34328592 0.047587447 -0.12534969 0.3872779 -0.13574521 0.23318751 0.21479653 -0.20203073 -0.1181982 0.034429673 0.09891463 0.1595126 0.029470608 -0.11860093 0.19439228 -0.25467876 0.00735811 -0.009736047 0.25597605 0.0485925 -0.0005834887 0.1269718 0.2772376 0.08495916 -0.07634458 -0.030140033 0.20081358 0.081581965 0.17515996 0.11700224 0.07743544 0.04339286 -0.14905481 -0.14842242 0.4369012 0.24157277 -0.2938261 0.058891397 -0.2951102 -0.29324442 0.100635886 -0.20211121 0.3528699 0.16564503 0.1083525 -0.056546222 0.08061674 -0.49050453 0.33779332 0.00833099 -0.24772394 -0.16482091 0.0026052473 0.02270914 -0.2377184 -0.19381349 0.021605354 0.04056986 -0.11526784 -0.30379826 -0.07805671 0.20580795 -0.22003636 0.124167964 0.030816348 -0.051180113 -0.022217505 -0.044519696 0.06441226 0.34456933 0.12583926 0.008398349 0.18568628 -0.06596097 0.03951764 0.14924687 0.14580522 -0.26810646 -0.22556515 0.107351966 -0.22403115 0.15502627 0.041659556 -0.11552769 0.016972337 0.11285602 0.4698251 0.016635533 0.030877227 -0.053464103 0.15989739 0.20628162 -0.17354271 0.29870313 -0.36655068 0.07269301 0.15582404 -0.09888599 -0.16675007 0.11064399 0.1253165 0.14584394 -0.38481688 -0.17875592 0.10847392 0.1417514
SVN -0.041493177 -0.31809857 -0.009761576 -0.07400018 0.22459178 -0.24706876 -0.028913122 -0.123246185 -0.3122861 0.347234 0.36486053 0.015768813 -0.17817363 -0.059257813 0.30596152 0.049092993 -0.035757527 -0.39599332 -0.36545092 0.0035730987 0.27612856 0.39690992 -0.47380522 0.17441067 -0.1324252 0.25857317 -0.026999006 0.46538186 0.30342364 -0.16609702 -0.22569297 -0.07473508 0.057839643 -0.091552936 -0.17954789 -0.0039297845 -0.0292988 0.050773297 0.12934689 -0.06443933 0.0111711025 -0.09779868 -0.05778463 0.052902207 0.28589508 0.13062061 -0.19510604 0.14046387 -0.10648877 0.21110858 0.13809106 0.20983383 0.032863393 0.28184506 0.021847583 -0.020840717 0.09473565 0.028928498 -0.16075732 0.0070435964 -0.20605765 -0.1520371 0.14921513 0.09124292 0.3598012 -0.009936891 -0.047143828 0.12847236 -0.38187504 -0.2914113 0.39257446 -0.070736 -0.22505234 -0.02410096 0.18965769 0.052455645 -0.1529058 -0.14405115 0.046161797 0.028743485 -0.030514605 -0.28548095 -0.15155028 0.2829788 -0.028672755 0.03730014 0.18946247 -0.26853493 0.038477115 0.17722873 0.058386803 0.1821846 0.09222785 0.05107472 0.29061446 0.013266268 0.33122945 -0.092494644 -0.10244792 -0.23951548 -0.13317585 0.11609437 -0.15743823 0.1525707 -0.011362697 -0.13468677 0.010639835 0.14308271 0.26935387 0.07129945 0.10908112 -0.1419951 -0.11194666 0.13220307 -0.22830053 0.21489707 -0.13150726 0.19552833 0.0060681133 -0.05019849 0.05279061 0.10190832 0.19417194 0.060156237 -0.22430886 -0.14184578 0.09870368 0.042627867
SVK 0.03177512 -0.41507244 0.029863376 0.2490599 0.056420825 -0.4238407 -0.10190928 0.06060625 0.01205489 0.0378512 0.040192757 0.12840605 -0.1647592 0.029289698 0.09609521 0.17123358 0.06896007 0.015202487 -0.15351126 0.18534476 0.44548 0.29864717 -0.11746251 -0.1909351 -0.34349155 0.023892665 -0.04101612 0.19247797 0.07933197 -0.26885757 -0.070280276 -0.15106362 0.07202454 0.17384954 -0.30323 0.09363821 0.37370062 -0.27891445 -0.07329588 -0.21087277 0.014525072 0.17058997 0.090108894 0.05254182 0.021200592 0.050913367 -0.22452305 -0.05315288 -0.055096343 0.07756818 -0.08575363 0.06443137 -0.011627405 0.08889573 0.063714124 0.12104054 0.050316848 -0.013443384 -0.10036463 0.046984706 0.05363044 0.14717926 0.19531614 -0.03519878 0.19154826 0.078274734 0.17222719 0.01832958 0.16318248 -0.011613753 0.120173514 -0.0071373293 -0.4246758 -0.22993062 0.081546254 -0.015222884 0.027788498 0.0880974 0.02671657 0.07198133 -0.05539896 -0.25688556 0.30900428 0.48463064 0.32414943 0.3106675 0.2915386 -0.14472288 -0.010133218 0.092819035 -0.09490094 -0.06482202 0.027389158 -0.016322687 0.3782421 0.15767728 0.05155675 -0.29704264 -0.04198269 0.075254366 0.027211415 0.028274184 0.10998328 0.07450409 0.18608841 -0.06683816 -0.021264208 0.1903227 0.27367133 -0.12425033 0.012344792 0.09233363 0.0551582 0.07148135 -0.11860811 0.076403365 0.13917881 0.06304946 -0.08076282 -0.069182724 -0.03396536 0.023246309 -0.020006547 -0.23664461 -0.055412937 -0.09680811 0.006971224 0.05237491
MAR -0.15445082 -0.064391114 0.055325042 0.13502781 0.16495837 -0.10480967 0.07137064 0.17561415 -0.17561486 0.11518262 0.34495535 0.3063618 -0.07984349 -0.057306692 0.10762692 0.18471235 -0.059070844 -0.01889571 -0.11934773 0.29565895 0.03228681 0.16601408 -0.19233383 -0.44792157 -0.11779128 0.009231156 -0.06343324 0.08128089 0.016749183 -0.018453445 0.11319174 0.11314139 0.034789372 0.076652676 -0.020080457 0.22480147 0.10651741 -0.14256757 -0.117128864 -0.09868754 -0.04028303 0.23961803 0.1051691 0.07289424 0.14541595 0.093048185 -0.27724344 0.043184396 0.010698499 -0.021179581 0.21100235 0.10664057 -0.028824985 0.10394399 0.025446063 -0.016398853 0.0750794 0.073186815 0.111550674 0.014207156 -0.15496224 3.3763703e-05 0.097074695 0.13885929 0.057850756 0.0455173 0.10083767 0.08060888 0.0951501 0.21561746 0.17030467 0.011014041 -0.10642951 -0.077901535 0.16803892 -0.05138864 -0.035967726 -0.05014312 -0.04107535 0.28024715 0.011263047 -0.25580278 0.010764327 0.2748602 0.13279197 -0.08377567 0.16855647 0.07419648 -0.06934519 0.082803845 0.09634701 -0.0015415112 0.08977489 -0.036956415 0.24247228 0.06998508 -0.11293782 -0.17023389 0.029996658 -0.11894716 -0.06884433 0.03413514 -0.10439867 -0.10260328 0.16920115 -0.050295778 0.032412212 0.08202789 0.26118225 -0.061736256 0.15743077 0.0717538 0.19380127 0.09077142 -0.039439555 -0.12844191 -0.02340171 0.09671618 0.13112205 -0.026704239 0.12764694 0.0688927 -0.041632935 -0.025442483 -0.23411302 -0.095947735 0.14343795 0.016883109
HND 0.24068147 -0.2687802 0.029122878 -0.020639105 -0.0037056534 -0.18445115 0.25948521 0.23136958 -0.09599059 -0.013644211 0.32940578 -0.25179633 -0.08263002 -0.08644907 0.35358974 -0.137011 -0.5710917 -0.020858336 -0.10578576 0.10685452 0.052170005 -0.0045161396 -0.10760985 -0.13026187 -0.20722651 0.016223397 -0.15153287 0.122005686 0.32192376 -0.080555245 0.013222736 0.11205381 0.10229961 0.22537568 -0.20383584 -0.17181943 0.15755095 -0.13094726 0.06093952 0.12746634 0.0929173 0.041078553 0.011684464 0.23072045 0.1617874 0.04218289 -0.025117386 0.07545722 0.23972775 0.11345016 0.32911903 -0.110617734 -0.096191324 -0.1741497 -0.30006796 0.08764916 0.1520358 0.17166021 -0.082522064 -0.0620134 -0.13639626 -0.07829783 -0.21618956 -0.109134234 0.116413936 -0.11290335 -0.041191313 0.054520134 0.1443916 -0.19614299 0.16477229 -0.16778627 -0.35361353 -0.036911216 -0.00021977624 -0.2165317 -0.088559166 -0.27176228 0.08004801 0.27431273 0.010674298 -0.34491077 0.06741405 0.14585817 0.013655097 -0.014912348 -0.00428695 -0.43044758 -0.062862866 0.047413766 0.015966646 0.33212644 -0.022337468 0.20001294 0.10385724 0.11593061 -0.072931595 -0.17118886 0.019995129 -0.08732612 -0.23210207 0.08436074 -0.118173294 -0.09225506 -0.015155108 -0.076582454 0.21597052 0.09197666 0.25199735 0.20806251 0.121109955 0.016404126 0.18315952 0.49534318 0.08270348 -0.06510861 0.026371136 0.1722908 0.20293064 -0.1846328 -0.18038309 -0.0555991 -0.089672595 -0.11731108 -0.37757635 0.14905033 0.09558995 0.06703317
KGZ -0.24900064 -0.32687408 0.05268441 0.1637187 0.07219997 -0.0795474 -0.040817272 0.10165494 -0.02952905 0.0043505714 0.14220245 0.40958506 0.032568052 0.18452509 0.055322412 9.969412e-05 -0.10627107 -0.12955946 -0.21474302 0.18128315 0.2271964 0.3079922 -0.036529742 -0.110237926 -0.40377092 0.16596311 0.04785113 0.23058014 0.018583851 -0.19266056 0.07772118 -0.12442367 0.14701222 -0.20165755 -0.14444302 0.13067253 0.3066356 -0.34049407 0.112971336 -0.11407278 -0.19222972 0.4070569 0.16377603 0.06655281 -0.015129418 -0.124447264 -0.15568906 0.054216865 -0.11639781 0.17690521 -0.059486285 -0.08574201 -0.06879829 0.050165586 0.1820472 -0.057384927 0.36148405 -0.17313759 0.18619162 0.23621984 -0.046290483 0.31522593 0.1201039 -0.0181422 0.013773001 0.055469137 0.13808803 0.1644452 0.2065408 0.31978685 0.21840443 0.051848933 -0.37080956 -0.2575275 0.05382953 0.09986272 0.028673695 0.06499861 0.11394306 0.30924246 0.04033732 -0.5012602 0.14347951 0.8182832 0.34035158 0.26436645 0.309496 -0.20614405 -0.013285464 0.23141544 0.07014212 0.15265732 0.22045444 0.0915292 0.4199453 0.07625267 -0.12871996 -0.3745893 -0.035742834 0.21487859 -0.005564957 0.07611434 -0.2739528 -0.04411935 -0.008928777 -0.0064456696 0.024321863 0.3798054 0.25693172 -0.095841415 0.028627189 -0.07881159 0.1486703 -0.0024920332 -0.23626037 -0.023286164 0.07617628 0.046455998 0.19115041 -0.027061367 0.0429476 0.13081245 -0.21474926 -0.17757437 -0.27928752 -0.14895633 -0.052863266 0.15717119
CRI -0.14554776 -0.36469495 0.1640345 -0.033330627 -0.04187125 -0.18624991 0.13424917 0.033154767 -0.40040398 0.26082245 0.3612291 0.11642761 -0.2059231 -0.09919758 0.18746157 -0.1742175 -0.32967758 0.030213537 -0.23221844 0.13816395 0.16685416 0.116632946 -0.24462578 -0.024093509 -0.14985092 0.44816157 -0.20703046 0.21630868 0.18665512 -0.16709371 -0.100131325 0.29445633 0.029074365 0.11125479 -0.11444453 -0.099385284 0.05090523 -0.30277342 -0.22557308 -0.055088554 -0.037892755 0.3491469 -0.008404618 0.29957458 0.3073515 0.058550484 -0.023974847 0.0030932617 0.116985396 -0.08579774 0.4606985 0.016262677 0.11401332 -0.09302855 -0.13491488 0.003581256 0.32116294 0.17108755 -0.1842755 -0.07656195 -0.11555632 -0.28738987 0.08779704 -0.23973334 0.17388892 -0.03262687 0.20250759 -0.03245507 0.10824187 -0.3224593 0.31944573 -0.12842885 -0.33551982 -0.2088947 0.05814888 -0.03805234 -0.3650006 0.052522376 0.13201848 0.0979796 -0.117612496 -0.20776595 -0.034144185 -0.012644287 -0.13521387 0.20450944 -0.06467803 -0.18803042 0.13327567 -0.108256735 0.051042512 0.39724287 0.006204432 -0.0454482 0.21974038 0.058977347 0.10404361 0.03337868 0.3174038 -0.097670466 -0.20095834 0.027271725 -0.13198312 0.05174394 -0.021931412 0.14141946 0.20484775 0.030543769 0.44469646 -0.08960181 0.07035752 -0.08229032 0.024469996 0.027127441 0.120656654 0.067567505 -0.30829957 -0.107377 0.040251285 0.009503798 -0.089516886 0.15977882 0.029682057 0.024705904 -0.26492977 -0.20472127 -0.06554889 -0.0024995548
TZA 0.13609338 -0.14645322 0.034336988 0.029925652 0.14309976 -0.16377161 -0.21399882 -0.17753258 -0.14390366 0.34353197 0.16491354 0.2491924 -0.14577153 -0.085158326 -0.055695873 0.4006372 -0.024125211 0.08761846 -0.2918378 0.15131977 -0.020247877 0.09723637 0.06679749 -0.257519 -0.10717247 0.096146084 -0.16919786 -0.020590022 -0.08846808 0.1403697 -0.091514155 0.32601297 -0.0051817563 0.41374514 -0.3563368 0.18095697 0.16350529 -0.15232608 -0.16528666 0.06690651 -0.036350414 0.12476078 -0.0041854247 0.15603374 0.02415115 0.047706306 -0.2046328 -0.06527471 -0.23652731 -0.18748845 0.24138972 0.123177715 0.21851888 -0.043761257 -0.099505536 0.09060504 0.3467724 0.14378126 0.13399093 -0.2676382 -0.23684531 -0.099149115 0.009758998 -0.048028897 0.11118346 -0.013457519 0.20767131 0.051435694 -0.061446995 -0.09080234 0.15526712 0.01988262 -0.050203163 -0.10918018 -0.1380888 -0.23386736 -0.08448909 0.21144946 -0.1662997 0.2539733 -0.15771386 -0.24483597 -0.047034103 0.06947882 0.20686397 0.009468273 0.24006148 -0.15873227 0.1927008 0.10208013 -0.1611619 -0.19849944 -0.21434039 -0.35109255 0.2124335 0.038013455 0.06341809 -0.0023916936 0.15237926 -0.29803842 0.09535498 -0.2536292 -0.07824311 -0.07887539 0.07962111 0.028177118 0.06973973 0.034879167 0.06989339 0.038747966 0.11844873 0.20793457 0.15172032 -0.09270397 0.1277325 0.021164862 -0.25520074 -0.051824458 0.064727016 -0.099674836 0.22395614 -0.12360551 0.04526021 0.070711516 -0.10955143 -0.12787808 -0.038376994 -0.19384769
NAM 0.12699446 -0.034171943 0.1141818 -0.15535833 0.30157793 0.14418022 -0.17490897 -0.054315224 -0.25976032 0.4192803 0.35733825 0.101319745 -0.043283515 -0.1802917 -0.010078492 0.4621124 -0.19403955 -0.14134482 -0.20234491 0.11300511 -0.03801933 -0.012294953 -0.0033641022 -0.411124 -0.10367176 0.09538294 -0.1204426 -0.047986344 -0.17286117 0.4011808 0.09561761 0.2759189 -0.022161251 0.11152534 -0.19737968 0.24768043 0.14168493 -0.0824943 -0.086615466 0.05580151 0.033374883 0.13790016 0.08418784 -0.040091053 0.05964533 -0.061395638 -0.076601945 -0.157479 -0.12259252 -0.13216385 0.0007375098 0.34378836 0.109018564 -0.29737398 -0.057318307 -0.2140793 0.54297024 0.20821075 0.33840147 0.08479762 -0.2187518 0.036151964 -0.08647491 0.1475699 0.09719461 0.12784556 0.21132343 0.08110956 0.11883999 -0.074235015 0.07431844 0.14292963 -0.15947162 -0.15769686 -0.015741497 -0.3789384 -0.118506454 0.17310247 0.02611431 0.338822 -0.18111981 -0.34360847 -0.11181223 0.46936643 0.1708909 0.023583142 0.069117025 0.124911055 0.10914025 -0.10640161 -0.18103772 -0.212319 -0.13568377 -0.08872927 0.048278544 -0.030682184 -0.00815311 -0.0363471 -0.03037418 -0.28484184 0.051295493 -0.097779065 -0.09532474 -0.05719383 0.17046678 -0.047247846 -0.06886642 0.047207024 0.047263805 0.14746168 0.08296682 0.17078543 0.09789244 -0.12850456 0.034897722 0.088251874 -0.2301071 0.016849391 0.2781178 0.05460491 0.04531197 0.00067661 -0.20273389 0.08304267 -0.1728694 0.05848017 0.013102738 -0.07588393
FRO 0.1513818 -0.43963394 0.0926456 0.18758905 0.08310252 -0.70609707 -0.16685545 0.21609075 -0.09230783 0.10725118 0.12343538 -0.037479844 -0.20058298 0.10599561 0.19518875 0.18945171 0.01030741 -0.055405192 -0.24734215 0.3193723 0.49637508 0.14332457 -0.047337774 -0.16228485 -0.17123963 0.06653712 -0.030894008 0.32394323 0.13491271 -0.18286912 -0.055401158 -0.100516 -0.060792547 0.11252883 -0.46643648 -0.090580165 0.22242352 -0.18995695 -0.08112154 -0.22204769 -0.10102611 0.3138573 0.006660862 0.079670794 -0.104403466 0.16980283 -0.14129284 -0.057570975 -0.17477643 0.10573829 -0.15958443 0.1829947 0.18340574 0.0007287901 0.14770293 0.23188746 0.067895696 0.06962528 -0.008313158 0.003959727 0.041783527 0.14342414 0.12487577 0.12911671 0.15419242 -0.012944971 0.18053387 -0.085948244 0.13512821 0.036504164 -0.01622516 -0.0809739 -0.23505062 -0.08864395 0.035421938 -0.074145816 0.17709652 -0.022393474 -0.19184597 0.032108933 0.043693647 -0.1600069 0.24668509 0.37193707 0.25255227 0.23696831 0.32333 -0.15198421 -0.054272477 -0.0699894 -0.041053392 -0.17611408 0.023737203 0.045767512 0.28773347 0.12800525 0.0406534 -0.2730207 -0.09150703 -0.05546409 -0.174489 -0.035852306 0.06967899 0.050565425 0.1813868 -0.08534477 -0.10584756 0.043610442 0.18310378 -0.03898464 0.08903418 0.09636858 -0.16713326 0.07605677 -0.15416525 0.034612916 0.17537633 -0.013697732 -0.03663295 0.009226151 -0.07194729 -0.03702058 -0.05974216 -0.21008463 -0.06559506 -0.093023226 0.04914754 -0.1785987
PAK 0.29218045 0.11561452 -0.08410311 -0.07923379 0.14834341 -0.15250896 -0.14651705 0.009793617 -0.35421243 0.07492297 0.3464821 0.13997787 -0.19981404 -0.2646883 -0.0043885526 0.2671022 -0.1520277 -0.051698443 -0.22489427 0.16775295 -0.123041585 0.10156645 -0.13765465 -0.524387 -0.020891083 -0.09130558 -0.14885534 -0.06408802 0.0715719 0.121901095 -0.004265397 0.2586127 -0.0689519 0.10747256 -0.186671 0.4539226 -0.036396246 -0.051854618 -0.12267156 0.04963232 0.012452364 0.06711171 0.21645847 -0.026919289 0.037106026 0.028715715 -0.023925938 -0.030439345 -0.2766539 -0.14816694 0.24330479 0.05581344 -0.05104704 -0.19477566 0.09143138 -0.08002205 0.10405233 0.19185542 0.19740294 -0.18444762 -0.18257669 7.852219e-05 -0.20656975 0.10475825 -0.07376574 0.06290548 0.28122762 0.14888518 -0.035732873 -0.123164564 0.18484694 0.042124424 -0.14544417 -0.31451055 0.03224289 -0.41521066 -0.13121057 0.13360259 -0.030451825 0.41787422 -0.08418237 -0.20678134 0.06553416 0.13032956 0.23182262 0.0020005484 0.0382781 -0.04172998 0.12736286 -0.009924479 -0.22595522 -0.2139185 -0.13122325 0.06937932 0.17607726 0.045228165 0.1055752 -0.054570835 -0.094262406 -0.32233673 0.017619466 -0.09582679 -0.058574256 0.022724953 0.11226767 -0.13727185 0.1454288 0.13053992 0.041583307 -0.036483638 0.13684778 0.3168897 0.1383297 0.016179767 0.035838872 -0.1548214 -0.025796443 -0.13881393 0.15029895 0.043559626 0.041247807 -0.17269759 -0.113091916 0.044602506 -0.16768557 -0.059138466 -0.0036750778 -0.31840515
LKA -0.04526742 -0.043783676 0.057893537 0.11118555 0.18240538 -0.07345427 0.06690887 0.075137034 -0.20037529 0.14691357 0.36304992 0.10966793 -0.040427875 -0.17455699 0.15322241 0.33262038 -0.10265593 0.054994985 -0.12607482 0.23297738 -0.16376449 0.16456045 -0.13894399 -0.3563508 -0.0721479 -0.0025749528 0.009447002 -0.04832514 0.0796124 0.014026485 0.09511116 0.2751799 -0.033459846 0.35773623 -0.14175202 0.38482448 0.14653742 -0.09769679 -0.21473771 0.021492394 -0.025514092 0.20221248 0.27295846 0.020620272 0.08172864 0.1884842 -0.2566932 -0.20963274 0.03686344 -0.13938089 0.36868498 0.17774752 -0.085518025 0.08248685 -0.10514587 0.024436772 0.19681133 0.22456911 0.0755887 -0.14991853 -0.1815768 -0.059917208 0.11307215 0.14618361 0.0022587592 0.059842855 0.1505711 0.035855394 0.15210745 0.23665124 0.14041322 0.05088121 -0.066305764 0.10528656 0.26124898 -0.13413955 -0.076959744 -0.01799243 -0.1305845 0.24113044 0.08651903 -0.25191867 -0.048653465 0.19285576 0.14803822 -0.074566424 0.043499153 -0.043919086 -0.18354814 0.19335878 0.103030935 -0.06003595 0.0161631 -0.06275982 0.23750864 -0.007931646 -0.115436785 -0.13212195 0.041285504 -0.267729 -0.035877354 0.009097949 0.007234139 -0.111302145 0.09874344 -0.09919367 -0.022011463 0.04070277 0.21515137 -0.026189402 0.12013016 0.008839035 0.2947693 0.18451561 0.056187622 -0.18437141 -0.08768165 -0.010932457 0.10589692 -0.08721419 0.1993419 0.08351114 0.013055362 0.11279047 -0.08557909 -0.053821728 0.100997865 -0.04334103
BDI 0.17206289 -0.20482174 -0.12503508 0.06780848 0.08389902 -0.30094042 -0.19231348 -0.11089911 -0.042513426 0.29670945 0.16383715 0.22315408 -0.2208861 -0.07415989 -0.005846669 0.30129394 0.20840716 0.03332405 -0.20324083 0.14406964 0.11717555 0.15586403 -0.04092245 -0.26333883 -0.1808163 0.026942749 -0.15031566 -0.031417795 0.047203258 0.07143949 -0.06486903 0.13321587 0.020390812 0.3705896 -0.49972758 0.15096608 0.2467017 -0.15602893 -0.14696977 -0.03742617 0.04812371 0.044622418 0.0537166 0.19503558 -0.021124585 0.029070972 -0.22698528 -0.02545654 -0.2556465 -0.14622883 0.11476418 0.12951834 0.24130736 -0.016011775 -0.12334487 0.10488177 0.17984653 0.10022102 0.21034142 -0.2984974 -0.1239994 -0.04379645 -0.054148853 -0.057886988 0.26423398 -0.07195043 0.20548372 0.009607765 -0.09703794 -0.24912663 0.17074502 -0.02756075 -0.22520626 -0.19227737 -0.13402015 -0.22226878 -0.035693772 0.2281209 -0.119578496 0.23170434 -0.15539025 -0.20935826 0.043026026 0.043272477 0.27045363 0.037333213 0.32826865 -0.17819041 0.14971358 0.037620507 -0.18594106 -0.14585201 -0.23968068 -0.22209705 0.1665771 -0.031321853 0.34115347 -0.11521542 0.083053336 -0.15231253 0.100123316 -0.13052422 0.082264744 -0.13196692 0.12950379 0.017922705 0.0313708 0.052803535 0.10512639 -0.008800031 0.06280614 0.24415253 0.041879833 -0.00042762567 0.07811893 0.102297895 -0.1331383 -0.04231791 0.0037690385 -0.052712426 0.14676829 -0.18449917 0.0852531 -0.11853855 -0.19454776 -0.11814876 -0.0068377624 -0.15855274
SLV -0.0029960088 -0.33990246 0.23923929 0.012036514 -0.013840484 -0.17424347 0.2213687 -0.11824176 -0.3226673 0.15033478 0.27783588 -0.116734035 -0.26476642 -0.05056539 0.27861586 -0.12730215 -0.46018133 -0.3539281 -0.4088395 0.13728069 0.39512682 0.32605222 -0.33982238 -0.059892666 -0.16867453 0.40712154 -0.15885994 0.4372741 0.36718535 -0.31180176 -0.16143937 0.16204448 0.07160378 0.00485319 0.025556749 -0.23321548 0.053646367 -0.14861044 -0.034676455 0.016106103 0.014493035 0.16776752 -0.075763285 0.14673957 0.25883505 0.12395239 0.017480306 0.03338834 0.11099171 0.08355475 0.2640183 0.075672366 -0.034956962 0.011853994 -0.24095893 0.17478995 0.2794657 0.21325593 -0.31584567 -0.004155548 -0.09858972 -0.34074223 0.18726462 -0.081516325 0.14181896 -0.03087982 0.07206694 0.11169094 0.04784562 -0.35028115 0.2819945 -0.154806 -0.37617546 -0.15565789 -0.009131884 -0.0144649 -0.19943303 -0.13288806 0.092537835 0.15880157 0.10440362 -0.29193163 -0.052866187 0.15028003 -0.054456316 0.2679386 -0.051538035 -0.15806186 0.11924338 0.040522456 0.14038323 0.36659843 0.16304465 0.123076305 0.2851287 0.08254392 0.04343003 -0.0091082305 0.045462172 -0.15219638 -0.23620977 0.15078545 -0.117458686 0.18158515 -0.041586366 -0.12316194 0.23287888 0.13541216 0.45070216 -0.06013665 0.11028137 -0.22291483 0.04148589 0.118669845 -0.17778356 0.13997978 -0.1297247 0.048500195 0.11709722 -0.05766982 -0.22262076 0.13874757 0.10168474 0.09994202 -0.31462124 -0.1404181 -0.016246738 -0.04198682
CYP -0.15691887 -0.3274408 0.07272257 0.06233043 0.08317827 -0.21615915 0.09601131 0.23799592 -0.2039089 0.055494055 0.13371217 0.18105023 -0.05114134 -0.05617516 0.18652605 -0.082347654 -0.041808713 -0.07732145 -0.0810252 0.047468185 0.12794895 0.10173899 -0.18997815 -0.15901294 -0.09520743 0.20773451 -0.06648713 0.24726054 0.04942583 -0.14498626 0.009060891 -0.036829174 -0.017112004 -0.055149425 -0.15029444 0.07535298 0.25953567 -0.24658719 0.040508814 -0.17221355 -0.20206955 0.18556038 0.023889953 0.07008959 0.08452993 -0.033307675 -0.10170166 -0.018661126 0.027699094 0.05011467 0.042628925 -0.039984226 0.02500326 0.1429075 0.21116109 -0.06397765 0.09583774 0.075923786 -0.07196918 0.35269699 0.010093109 0.1456853 0.058220472 0.06647323 0.01894104 0.18774897 0.06272068 0.058630012 0.11697652 0.06581374 0.27337435 -0.07068638 -0.23493998 -0.3117981 0.23021054 -0.004429442 -0.106161825 -0.13486962 0.113686465 0.1197159 -0.038236804 -0.26850608 0.10029363 0.4933201 0.0020967368 0.16267356 0.14290741 -0.06863516 -0.006462587 0.086542286 0.022051513 0.29335734 0.23597656 0.052829355 0.33418295 0.15365162 -0.13597573 -0.22606526 0.081558324 -0.009072126 -0.22479117 0.117615536 -0.33413526 0.03814874 0.11042113 -0.046105996 0.1668797 0.10032885 0.40706304 -0.0455412 0.117185794 0.061510406 0.07832315 0.07857591 -0.08679384 -0.07768933 0.056303915 0.10617601 0.111767374 -0.028858026 -0.15568282 0.00404241 -0.1361603 -0.14519268 -0.28099626 -0.070368394 0.13964596 0.048839208
ABW 0.04106368 -0.23676495 0.16586497 -0.09242781 -0.08525951 -0.15020657 0.20607975 0.12003667 -0.36491108 0.19457923 0.30736125 -0.048165515 -0.1868906 -0.091326505 0.23241732 -0.25990465 -0.4972037 -0.21530521 -0.3149738 0.055764023 0.29609787 0.10871969 -0.24107513 -0.16279013 -0.014822717 0.40876004 -0.2291224 0.31165746 0.33786184 -0.15560612 -0.07328728 0.2297655 -0.0044952477 0.075924695 -0.051300343 -0.20265682 0.14151372 -0.28961587 0.03723954 0.020213224 0.0064968695 0.1576755 -0.012788188 0.10762726 0.1744189 0.0018802206 0.059526768 -0.015979927 0.14900306 0.0030067535 0.2541289 -0.0719535 0.06791561 -0.10492003 -0.14334755 0.0027318862 0.28771007 0.29929504 -0.22225857 0.18319474 -0.05593663 -0.25377148 -0.008742926 -0.088443466 0.080567114 0.04953631 0.18060263 0.094373405 0.14089577 -0.4080948 0.22303401 -0.1040975 -0.26609796 -0.27200684 -0.036369804 -0.1462745 -0.22817533 -0.1675574 0.059087284 0.14662361 0.050254498 -0.21397643 -0.106363736 0.09637186 -0.17399275 0.2025942 -0.123956375 -0.08188483 0.094159395 -0.09620492 0.09142041 0.47091383 0.1404748 0.076289505 0.12997377 0.030768257 -0.0069567813 0.057286367 0.14342962 -0.11350092 -0.23047638 0.041421 -0.20039497 0.07391834 -0.071531616 -0.07357422 0.20193334 0.054449525 0.36390075 0.035483837 0.06869874 -0.08902216 0.06868579 0.13906604 -0.04977807 0.11306995 -0.15175357 -0.0075203646 0.14489795 -0.021407273 -0.37280604 0.065190986 0.029748593 9.304029e-06 -0.30898094 -0.06630435 0.03948221 -0.1130075
SYC 0.020236995 -0.12133361 0.28798336 -0.12342564 0.2874959 0.1561545 -0.21963385 -0.08162069 -0.26595214 0.6080647 0.3472395 0.042490084 -0.028126504 -0.045715164 -0.028926732 0.4853071 -0.22817275 -0.123893775 -0.21919313 0.23059508 0.09101623 0.12742017 -0.0048192227 -0.4033785 -0.18482266 0.20468445 -0.19409214 0.12023867 -0.08933066 0.3165774 0.13994123 0.2778802 -0.006706654 0.0037663812 -0.21317 0.15080722 0.10046552 0.0021847547 -0.006144865 0.047212034 -0.03988788 0.25497064 0.04723327 -0.118566774 0.110508025 -0.04832215 -0.13976265 -0.09973704 -0.16537562 -0.1176816 -0.023694512 0.42972308 0.18033107 -0.2700725 -0.07762496 -0.21290544 0.7154856 0.18528667 0.34589773 0.19813338 -0.25173265 0.0016220481 0.040336806 0.17169105 0.11032934 0.051089603 0.17236035 0.09602083 -0.051713645 -0.012198982 -0.09703361 0.15857907 -0.27331305 -0.08303697 -0.012950912 -0.36709562 -0.12584057 0.14760283 0.03928991 0.28111187 -0.11399896 -0.39527005 -0.23027642 0.5594509 0.22188565 0.032857027 0.11842299 0.052866116 0.029096479 -0.041533355 -0.14540657 -0.16442959 -0.11193194 -0.11407186 0.10932954 -0.100106895 0.028414449 -0.100317106 -0.046563435 -0.17902187 -0.052393913 -0.17482218 -0.09890975 -0.15650694 0.08795167 0.042779244 -0.047316432 0.06962771 -0.059938334 0.17129222 0.069754444 -0.005464191 0.06567982 -0.24659935 0.05541061 0.08054457 -0.23560901 0.07645665 0.25269774 0.08069135 0.03983493 0.16717736 -0.17027172 0.029686347 -0.12829989 0.017144118 0.019999247 -0.12797816
TUR -0.05533319 -0.3458373 0.031095088 0.14191689 0.0672495 -0.2041416 -0.108071126 -0.124719016 -0.12081645 -0.15120895 -0.056883704 0.25280148 -0.0901884 0.030638143 0.041439097 0.18296434 -0.13931425 -0.0429812 -0.2423884 0.11601777 0.22229433 0.3461528 -0.124878615 -0.23298982 -0.33345243 -0.014626699 0.041634228 0.2767076 0.008361655 -0.23905262 -0.030560527 -0.21233095 0.14412144 -0.044025116 -0.106257044 0.2690917 0.25986904 -0.1591298 -0.026685897 -0.1711793 -0.083498985 0.17382671 0.16458827 -0.05301139 0.09420064 0.020789677 -0.14783528 -0.06654876 -0.063420326 0.10855741 0.036875423 0.049088806 -0.16615318 0.11448572 0.26620933 -0.100935735 0.29267782 -0.05387276 -0.03333759 0.10113926 -0.090252794 0.2180564 0.20152839 0.06590418 0.038073394 0.26830158 0.16798604 0.09361566 0.11519403 0.19950058 0.25993726 0.06744659 -0.35776633 -0.24943496 0.22980407 0.13507737 -0.07503652 0.056721855 0.18813527 0.16327457 -0.009140235 -0.3160663 0.27574793 0.7197173 0.22033541 0.27901912 0.23791671 -0.07778573 0.05342937 0.27959183 -0.03760921 0.006620067 0.27438918 0.15147313 0.47781724 0.19290681 -0.17176639 -0.2843669 -0.044684097 -0.03554004 -0.09616976 0.17406279 -0.19063216 0.13652311 0.13485835 -0.008818286 0.0622678 0.36153275 0.34727776 -0.06030538 0.095625624 0.123972945 0.16271025 -0.037475254 -0.26293138 -0.0099053085 0.10400795 0.17052887 0.091784656 -0.097387135 0.03234317 0.17468789 -0.1085983 -0.07823986 -0.08952168 -0.0902023 -0.062211324 0.21753117
ETH 0.21758004 -0.22822078 -0.033114556 0.106924206 0.06379733 -0.53511983 -0.16965403 0.21474928 -0.16057089 0.14591044 0.09619613 -0.034388546 -0.22593415 0.08929874 0.06489069 0.14729461 -0.18008748 -0.08287139 -0.33139065 0.32570606 0.32656774 0.088487305 -0.0792629 -0.29487872 -0.106273875 0.10539533 -0.05904541 0.29250738 0.07856506 -0.06736367 -0.06722704 0.053189676 -0.15249841 0.009447992 -0.45682803 -0.04074781 0.111408494 -0.15270278 -0.045463298 -0.15323566 -0.10981972 0.25358528 0.0051971423 0.072315276 -0.078522205 0.08261471 -0.05388972 -0.02762926 -0.25443977 0.080942065 -0.08385281 0.15690672 0.19611911 -0.025258008 0.2581488 0.12758031 0.19985908 0.1678073 0.089743994 -0.02330249 -0.024558188 0.08432134 0.018720346 0.15911956 0.013254591 0.0123412805 0.2606759 -0.0047875275 0.032055564 0.02241184 0.074505426 -0.038999304 -0.085540526 -0.18063718 0.0015655886 -0.16050158 0.101030484 -0.054403353 -0.11730331 0.11335991 0.057588883 -0.14753379 0.1206153 0.25451306 0.17390421 0.16196626 0.22514309 -0.09387672 0.030586785 -0.0797394 -0.06367894 -0.2037342 0.01732896 0.08069324 0.14823191 0.0691404 0.07756899 -0.18548808 -0.090624146 -0.10801227 -0.16013776 -0.054358974 -0.0006097272 0.039791554 0.16176732 -0.070437595 -0.053047314 0.03207819 0.043061003 -0.00549942 0.10250464 0.1533726 -0.13740914 0.04016769 -0.10224834 0.00014409516 0.08961739 -0.07143434 0.10456602 0.04567333 -0.09623423 -0.092743 -0.06673474 -0.20248173 -0.104121126 -0.12798862 0.03273517 -0.36194232
LUX 0.3169937 -0.48996815 -0.080859855 0.08819936 -0.0076592756 -0.46985513 -0.008001654 0.18091576 0.10653591 -0.12691288 0.20086958 -0.15590656 -0.20580162 0.04379262 0.32086188 0.15511724 -0.035068218 -0.02102396 -0.005536162 0.10257232 0.28634137 0.13844135 -0.055115964 -0.17178714 -0.26684976 -0.16508162 -0.050383985 0.06671075 0.26519215 -0.13192686 -0.043652132 -0.13083905 0.022327514 0.39671698 -0.46762815 0.014604686 0.41711435 -0.09998979 0.05736781 0.017661685 0.1744174 0.0015090001 0.14818843 0.18208595 0.07466286 0.079856016 -0.2865069 0.006631636 -0.0025133654 0.036547992 -0.08156807 -0.036618147 0.105702266 0.0005273432 -0.07684929 0.3404872 0.065723196 0.15244962 -0.095802665 -0.20905988 -0.014116239 0.119716614 -0.09569236 -0.011984296 0.27776048 -0.1256063 0.029843973 -0.04955455 0.14359996 -0.2370197 0.11332788 -0.17298982 -0.3461029 -0.10926986 -0.077991955 -0.31738156 0.12910295 -0.03538393 -0.09066214 0.23386583 -0.11600552 -0.28054598 0.22224964 0.31805313 0.27014256 0.095846675 0.313898 -0.3770913 -0.087637186 0.10414751 -0.12361574 -0.079566486 -0.16827466 0.088000625 0.2703098 0.19477479 0.15101635 -0.24513473 -0.14893512 0.095389165 0.00028452813 -0.06084874 0.03733911 -0.0074514076 0.15863429 -0.07550356 0.0055859573 0.013038225 0.11489616 0.055833757 0.014643081 0.14964363 0.062380735 0.46522647 0.01769793 -0.055762023 0.18801813 0.111212395 -0.044511307 -0.16702427 -0.0542211 -0.1928782 -0.15108903 -0.26545426 -0.2114896 0.06327501 0.2044158 -0.017590228
LVA 0.0015762907 -0.045093514 -0.020729907 0.16121778 -0.17380542 -0.13750888 -0.033540044 0.16326094 0.006714205 0.0096250605 0.2376024 0.22000533 -0.062088188 0.240828 0.057614382 -0.06943638 -0.47644162 -0.14723688 -0.43399522 0.35274988 0.41359967 0.32803556 -0.26335815 -0.35699028 -0.19377007 0.028757544 -0.11093119 0.27340573 0.17959574 -0.15621713 -0.040597588 0.012744037 0.084803015 -0.09602227 0.16738296 -0.24603243 0.057215534 -0.15840657 0.1150313 -0.028153436 0.10668853 0.045209695 -0.0070451903 0.03775522 0.046443813 0.042069748 -0.29128858 0.31280535 -0.0017578602 0.28576094 0.07329246 -0.07925686 0.04094916 0.058999706 0.08942056 0.19057685 0.1997296 0.025899848 0.03856594 -0.047362182 -0.21630296 0.0068731583 0.1317276 0.1265738 0.14448051 -0.1331477 0.14823174 0.20204873 0.1466874 0.040976316 0.20330483 -0.00804378 -0.20376775 -0.10520782 -0.04165683 -0.101564564 0.13538568 -0.091717765 -0.06574656 0.33645734 0.10142667 -0.42898533 0.07350339 0.46353117 0.12761295 0.16744499 0.24337034 -0.111988276 -0.16031393 0.03808521 0.17197867 0.00961135 0.093685284 0.20464538 0.2908117 0.10926833 -0.09622108 -0.22767493 -0.08738802 -0.099809855 -0.019258205 0.074481085 -0.0833772 0.027936721 0.112650014 -0.12618591 -0.008369203 0.3264667 0.22433612 0.02496992 0.19287589 -0.059276678 0.13836177 0.42485133 -0.24893221 0.041383337 -0.13710755 0.1266048 0.22160617 -0.11866492 -0.008342382 0.020247882 0.066789076 -0.22980055 -0.34340605 -0.031284362 0.07784497 -0.12219542
CIV 0.09178643 -0.332896 0.13796392 -0.101128384 -0.13181426 -0.008718494 -0.021810887 -0.40165678 -0.23451373 -0.06689696 0.28164884 0.030566363 -0.07874875 0.014758155 0.18562296 0.07641387 -0.3826985 -0.3473976 -0.3278229 -0.04842521 0.26708907 0.28255165 -0.11918048 -0.059021562 -0.07326509 0.24471594 -0.096211135 0.0636834 0.20002465 -0.039529834 -0.23294063 0.21514182 0.029327257 0.06666727 0.14796925 0.029608171 0.13479185 -0.01710287 0.05093634 0.10250594 0.27134573 0.06703396 0.214046 0.037134852 0.18071443 0.06432106 -0.052692678 -0.1541982 0.008880277 -0.08036038 0.09577135 -0.049592257 -0.04634071 -0.15361975 -0.08161131 0.07893933 0.4048576 0.1404045 -0.18391095 -0.13669838 -0.12834877 -0.21396859 0.12585726 -0.0703846 0.044591244 -0.017441832 0.049365103 0.036810637 0.14785843 -0.38983166 0.059139635 -0.045416404 -0.2267058 -0.09473318 -0.23512979 -0.15601237 -0.21359581 0.13777398 0.075698264 0.17188448 -0.09785385 -0.25906953 -0.009305317 0.32469746 0.032279298 0.32007328 -0.050494213 -0.019146144 0.091309465 -0.012706164 -0.026356215 0.027175523 0.046350617 0.20266208 0.258473 0.12253494 -0.13336168 0.15765055 -0.18274277 -0.10839629 0.071781024 0.06809621 -0.21184058 0.34026873 -0.034664784 -0.101552635 0.067495994 0.15845822 0.18946052 -0.08726395 0.07821236 -0.07800614 0.13843492 0.1003767 -0.24318765 0.115710124 -0.2139578 -0.017244142 0.06259193 0.047329266 -0.12358721 0.049907364 -0.046436932 0.21684483 -0.09886528 -0.0356399 -0.13393739 0.013572842
PAN 0.040679704 -0.3597224 0.18521403 0.025916135 0.18640612 -0.18746723 0.26502785 -0.089057885 -0.27813748 0.12606855 0.36819857 -0.20584594 -0.24637952 -0.05147428 0.46387535 -0.08157554 -0.371991 -0.30421698 -0.36492398 0.021410488 0.20866804 0.26854035 -0.3575887 0.08538811 -0.24520062 0.32220045 -0.028859837 0.4545121 0.45394376 -0.25301257 -0.20445497 0.20149593 0.0720419 0.15270981 -0.12806788 -0.18559785 -0.0127309915 0.013275585 -0.07814802 0.14299041 -0.021930922 0.08132957 -0.1021434 0.25253215 0.26459652 0.13632752 -0.039007675 0.013309484 0.057051398 0.09101348 0.3588555 0.099070095 0.038062036 0.1357306 -0.2864816 0.21114634 0.3217388 0.1801722 -0.36788502 -0.18858254 -0.12801534 -0.2953394 0.1535973 -0.18426767 0.19350088 -0.14169541 -0.10263759 0.04939156 -0.061867144 -0.26076072 0.354749 -0.18744756 -0.30874896 0.005475923 0.020840358 -0.0011719618 -0.16901758 -0.14345562 0.008303164 0.17964152 0.07855153 -0.30177373 -0.12897375 0.032679033 0.011772072 0.06977767 0.045754805 -0.39017478 0.036565784 0.18526873 0.09237207 0.34917665 0.0060120933 0.059104405 0.21544784 0.12615882 0.14650938 -0.05751482 0.08476814 -0.19250204 -0.21547855 0.06829566 -0.17593607 0.117905 -0.11860396 -0.12341613 0.18479893 0.09711213 0.44054827 0.086006686 0.08921767 -0.25848857 0.057561453 0.22869734 0.030317014 0.1002426 -0.08888047 0.107663505 0.052295804 -0.15417045 -0.05100741 0.084191255 0.099646576 0.14245534 -0.28846672 -0.106058605 0.016911503 0.038500078
AZE -0.08089519 -0.3887385 -0.096914366 0.1378602 0.10899402 -0.23908965 -0.067061536 -0.13667303 -0.0520683 -0.174184 -0.050060764 0.3367389 -0.18974803 -0.03927672 -0.030180935 0.191785 -0.18095139 -0.037499297 -0.11569108 0.13132794 0.23076658 0.36935657 -0.174351 -0.24350846 -0.37986484 0.08839992 0.036102597 0.27940938 -0.005713347 -0.30900064 -0.1139777 -0.16427372 0.09107051 -0.11441926 -0.07012202 0.31310502 0.29925352 -0.2405091 -0.041568764 -0.3013223 -0.030902656 0.23329298 0.17428118 -0.015601483 0.0891488 -0.027057063 -0.14755988 -0.09923915 0.05015175 0.07797731 -0.04250536 0.032419987 -0.27829346 0.19553897 0.24264735 -0.14656784 0.23636118 -0.033536892 -0.1232817 0.123122625 -0.03177827 0.13643579 0.23214309 -0.10664627 -0.0385558 0.36615065 0.30979446 0.14398359 0.25782734 0.2633136 0.376471 0.13479525 -0.43907973 -0.36510676 0.23105818 0.09821892 -0.16158982 0.054997303 0.34354952 0.19506404 -0.094369255 -0.45884845 0.3180662 0.75674045 0.31633523 0.34413 0.14820927 -0.04591736 0.0290095 0.2945612 -0.077465296 -0.041284416 0.25159106 0.072618626 0.5156417 0.19924922 -0.11589914 -0.19235519 0.007340378 0.100736424 0.03946812 0.21590573 -0.06963888 0.15078346 0.16702913 -0.059175976 0.14674017 0.28266022 0.31702906 -0.19264697 0.07887942 0.18061735 0.19677661 -0.11987388 -0.25379384 0.047022264 0.1590039 0.08161644 0.13122116 -0.038573183 -0.0015147985 0.14350607 -0.08723341 -0.09714522 -0.12495145 -0.3024204 -0.17920789 0.16123617
GTM -0.09129051 -0.3932191 0.2037374 0.06437434 -0.08101575 -0.14956537 0.048021257 -0.12339879 -0.24724455 0.40816808 0.28287208 0.1853279 -0.23189516 0.05702675 0.07283754 0.028062683 -0.29481223 0.12442631 -0.2981235 0.19670491 0.17680013 0.1755216 -0.050868858 -0.07427012 -0.20711002 0.32095748 -0.23000371 0.13079475 0.07917453 -0.15310133 -0.05389871 0.27574426 0.12143782 0.3712547 -0.15499651 -0.087714344 0.16831428 -0.39091113 -0.17347611 0.054133758 0.008124121 0.29638138 -0.027961494 0.28271264 0.2411169 0.13059066 -0.23499705 0.075948 0.1053921 -0.08400314 0.38355255 0.018679226 0.18039954 -0.058723655 -0.302889 0.15482943 0.31717506 0.15238443 -0.09248408 -0.19900234 -0.21672076 -0.3594752 0.12589386 -0.16474245 0.21401204 -0.11153679 0.2725513 0.008452264 0.024605865 -0.28029102 0.15210332 -0.040575314 -0.19276984 -0.06799634 -0.056869026 -0.0627718 -0.24065295 0.058169715 -0.030702814 0.11613266 -0.07718046 -0.16723034 -0.06940361 -0.079300165 -0.034141056 0.13232498 -0.013204283 -0.23409928 0.1331423 0.0013622005 0.12330807 0.29027757 -0.03412025 -0.22568652 0.25485754 0.023240084 0.041386012 0.096194945 0.30253386 -0.07493982 -0.025654241 -0.12707806 0.0020147278 -0.13100997 -0.04509459 0.17621 0.14461395 0.115697525 0.25935394 0.071593985 0.0043343655 -0.09311816 0.1660423 0.02754 0.09129362 0.1324301 -0.38716668 -0.046230115 0.04971119 -0.09331977 0.08912219 0.16424944 0.18199763 0.032908883 -0.19575071 -0.12527849 -0.0013589269 -0.023240102
FSM 0.030851 -0.32480913 -0.08743839 -0.006893427 0.14311795 -0.37304568 0.4462221 0.45259523 -0.18775095 0.14758609 0.36781552 0.24981476 -0.11845634 0.09358254 0.114846066 -0.07815465 -0.312472 -0.059378687 -0.15770671 0.15060382 0.05317643 0.026500506 -0.24617237 -0.19942485 -0.04956492 0.3081161 -0.18739025 0.29789641 0.35264865 0.09018263 -0.07930741 0.366603 -0.17362787 -0.16397943 -0.29980734 0.088536255 -0.019085422 -0.28032118 0.110111274 -0.16735476 -0.04733101 0.36094838 0.0028374149 0.31065327 0.22651288 -0.16472192 -0.13336731 0.010086398 -0.09155373 -0.17673178 0.36567584 -0.08802631 0.0073615625 -0.1861445 0.074870475 -0.16257153 0.12832142 0.11079957 0.1728695 -0.019631846 0.08010062 0.054379623 -0.19802892 0.015345832 0.010206667 -0.13828377 0.12255198 0.11301843 0.21147485 0.0053284937 0.29963085 -0.07859834 -0.30619094 -0.22770843 -0.07336593 -0.23298003 -0.33584103 -0.04263978 0.31970003 0.4365426 -0.12168679 -0.29388854 -0.052126296 -0.01762012 0.15884244 0.05161222 -0.14392275 -0.21331014 0.057023264 -0.15474166 -0.0018609818 0.3040352 -0.2155013 -0.10625498 -0.025301946 0.2957861 0.18801251 -0.18582313 0.11380218 0.25510266 0.08058188 -0.08453854 -0.20524125 -0.06816183 -0.10863413 -0.058494214 0.16054443 -0.07114247 0.17431001 0.045669444 0.10445152 0.2793029 -0.08201291 0.09826593 0.30835363 -0.22891444 0.16229136 -0.095361404 -0.10721372 0.29182976 -0.1981341 -0.053639673 -0.34555122 -0.25914466 -0.33111748 -0.15113576 -0.024028625 -0.097447224
SDN 0.0903432 -0.08490804 -0.06963502 0.08047026 0.047906045 -0.24337173 -0.15585172 0.051598333 -0.052561607 0.07580072 0.13144241 0.15875414 -0.09736154 0.040380333 0.028670317 0.17568378 -0.025104096 -0.058360677 -0.25825933 0.2867035 0.19918707 0.14468183 -0.08749447 -0.2785975 -0.06739166 0.025251294 -0.12084804 0.17710301 0.066044725 0.08687922 -0.07625102 0.14000912 -0.08198901 -0.032670658 -0.17911752 0.052529987 0.06696353 -0.0006793806 -0.10069784 -0.10976929 -0.007907832 0.15783697 0.105428465 0.042979464 -0.014337425 0.060673486 -0.21564929 0.05474407 -0.20838882 -0.03422267 0.06356906 0.18616764 0.12814903 -0.048589516 0.17347084 0.07294916 0.2308249 0.12500718 0.19739129 -0.10920586 -0.15927678 0.036193762 0.02591864 0.17813908 0.012560436 -0.051988028 0.14494796 0.042827815 0.0038434435 0.058795843 0.05434909 -0.04731807 -0.090052955 -0.124883816 -0.03471637 -0.18838525 0.016052311 0.08410104 -0.062249687 0.18159309 -0.025614712 -0.2469554 0.10102915 0.33224216 0.23272546 0.111005574 0.2807558 -0.020153416 -0.045044474 -0.08143297 -0.104009695 -0.26398882 -0.06373427 0.08386581 0.21116664 0.061920147 0.057569858 -0.149055 -0.14324892 -0.17771602 -0.057679746 0.028385565 -0.0680019 0.057106163 0.26972386 -0.05537577 0.024567557 0.09245001 0.08051419 -0.06238229 0.21792398 0.19839476 -0.0788765 0.042158604 -0.060679022 -0.06952936 -0.008670745 0.05125844 0.10372166 0.016267788 0.0861943 -0.07029378 -0.061547805 -0.092460066 -0.16735257 -0.09021377 0.008205729 -0.22809438
MKD -0.056550972 -0.2224585 -0.10517419 0.18140082 0.029214568 -0.29767713 -0.05816256 0.3449821 -0.083608225 0.034339808 0.21807532 0.23148587 -0.09244007 -0.078210235 0.16100515 0.09938262 -0.06736183 -0.02316568 -0.16464657 0.31065962 0.30682334 0.2074659 -0.28226063 -0.37154293 -0.14490716 0.10538188 -0.11081604 0.15945697 0.087770395 -0.12175394 -0.11842783 0.1182801 -0.16137792 -0.062098112 0.03252704 0.14412142 0.10415626 -0.11772083 -0.06956471 -0.24371201 0.0040771146 0.17889872 0.07262399 0.05131579 0.062591895 0.04668055 -0.29542574 0.105586 -0.07708214 -0.015082896 0.038883977 0.08730766 0.04696969 0.12415881 0.32228968 0.14109704 0.06943784 0.16390175 0.033725522 0.052984655 -0.12417248 0.098710276 0.17723611 0.2019483 -0.020574978 -0.04577199 0.055057287 0.101125695 0.108739905 0.24171047 0.019075925 -0.08923356 -0.055455435 -0.18494733 0.113569945 -0.08186912 0.06518828 -0.06342288 -0.019141959 0.077902935 -0.024020853 -0.31305745 0.15950598 0.52550185 0.19388886 0.041732773 0.28208315 -0.030085905 -0.19742519 -0.07355088 0.025657494 -0.21298416 0.030580431 0.10308648 0.2969094 0.12623854 -0.14504172 -0.15800509 -0.17400561 -0.04708058 -0.117369466 0.08401697 -0.17268834 0.15348954 0.41613907 -0.1518308 0.053507265 0.038078606 0.14032024 -0.24233544 0.20560606 0.10347553 0.04619481 0.24380857 -0.10460785 -0.19331425 0.083706304 0.08289108 0.062418785 -0.06391775 0.039842214 -0.04265439 -0.099661246 -0.22172055 -0.19906782 -0.049957015 0.18740237 -0.24122286
NIC 0.021455333 -0.2164763 0.16992098 -0.0080167875 0.04014619 -0.18672349 0.17864421 -0.08854039 -0.29664862 0.29599476 0.29750046 -0.11022952 -0.19847198 0.029892234 0.24076985 -0.049148686 -0.4680565 -0.32688877 -0.5060551 0.22527067 0.37671483 0.32621962 -0.3393205 -0.02605367 -0.102382086 0.36712095 -0.11972865 0.4371835 0.35208526 -0.27425352 -0.1555278 0.14835113 0.074327655 -0.026341897 -0.058778383 -0.24324287 -0.0453156 -0.1296748 -0.006619757 0.006159814 0.022440257 0.1017261 -0.10334295 0.11478645 0.17424221 0.14851603 -0.015187826 0.06420942 0.04619028 0.14182553 0.26974225 0.12458603 0.009833051 0.00934828 -0.25429383 0.1454636 0.22503625 0.1554954 -0.179694 -0.058031626 -0.13225758 -0.30389383 0.15537399 0.028262665 0.20380183 -0.08161498 0.058603168 0.1280217 -0.034172017 -0.31964368 0.27096647 -0.116610244 -0.32852235 -0.022513898 0.021520946 -0.0012167238 -0.11348907 -0.16083519 0.030068496 0.18594672 0.16319452 -0.35378104 -0.12083618 0.10419163 -0.045392267 0.20236997 -0.03591048 -0.21303622 0.09680085 0.025591562 0.18014197 0.32326427 0.131858 0.09004384 0.23538414 0.03849056 0.087367035 -0.070313305 0.019099634 -0.21409176 -0.16564545 0.09143487 -0.03649124 0.09858123 -0.08658301 -0.13693227 0.12259175 0.18523577 0.34380144 0.052284785 0.13187204 -0.21249402 0.0045979833 0.16940585 -0.18463944 0.16603892 -0.18993531 0.04486865 0.13845435 -0.014571799 -0.14810339 0.14898445 0.13796647 0.052614328 -0.32976952 -0.15538014 -0.033086605 -0.110080905
JOR 0.14946501 0.046984546 -0.15663742 0.07292063 0.19661298 -0.15664817 0.028768048 0.07861977 -0.11974433 0.017791413 0.30483496 0.2268516 -0.14819103 -0.0034285374 0.032065522 0.21099652 -0.13143113 -0.03857188 -0.18585995 0.19674326 -0.149484 0.17176051 -0.07706308 -0.48994902 -0.15619956 -0.13945167 -0.046103165 0.096719265 0.15289095 0.07541165 0.054070264 0.16385426 0.038788673 0.18870756 -0.24257846 0.3252471 0.13092299 -0.014411616 0.010265173 0.049509227 0.03601679 0.040856346 0.22408631 0.010614313 0.09591565 -0.021400666 -0.22364773 0.07226531 -0.13552468 -0.04019362 0.24327658 0.011263935 -0.067512006 0.12000487 0.09911307 -0.06108595 0.20911798 0.14670607 0.23591968 -0.20674804 -0.21813089 0.046586115 -0.14402331 0.12439002 -0.008913469 -0.012268208 0.18779652 0.15712559 -0.12414634 0.12856899 0.26464298 0.05973268 -0.060986724 -0.13422637 0.04515616 -0.26963103 -0.0090193385 -0.047757745 -0.054623984 0.42787984 0.00066212856 -0.28169948 -0.017891401 0.1403185 0.30630958 -0.1879004 0.19537514 -0.16355243 -0.06785837 0.2605534 -0.05286086 -0.13763389 -0.04971037 0.006255412 0.17113608 -0.02488904 0.106767096 -0.11576188 -0.06254835 -0.048831597 0.03486862 -0.01801855 -0.13952658 -0.19983485 0.0763828 -0.08956253 0.01781245 0.15552086 0.03491101 0.041518383 0.09417153 0.18923277 0.17182535 0.1800329 0.028283538 -0.07536309 0.028886022 0.058910243 0.19566372 -0.056622922 0.14355536 -0.050643347 0.009500533 -0.06392719 -0.17575651 -0.08455872 0.11507855 -0.11368854
PHL -0.011521201 -0.038535856 -0.008299694 0.114820495 0.17967007 -0.12212724 0.044331096 0.18922074 -0.15692444 0.11333926 0.2959048 0.2604455 -0.08923162 -0.12294352 0.027388034 0.28984037 -0.05545753 0.08939534 -0.106214516 0.30887714 -0.0665347 0.09398223 -0.09350785 -0.52556205 -0.1371303 -0.018919297 -0.10882747 -0.0037938813 -0.016591273 0.08407524 0.06822005 0.2619947 -0.049987115 0.16486034 -0.13816805 0.29364362 0.10183024 -0.11732375 -0.1881486 -0.060248286 -0.025057027 0.24245912 0.10572803 0.10598583 0.10165937 0.045238476 -0.21923007 -0.015175126 -0.082912646 -0.15078142 0.25369734 0.12888055 0.005572894 -0.010421782 0.027032712 0.011050572 0.1534701 0.13293551 0.20513746 -0.10300331 -0.13905601 0.01957077 -0.0024583023 0.11954148 0.04056687 -0.004807149 0.15963782 0.07949468 0.12471236 0.2009756 0.15099712 -0.007139326 -0.14615735 -0.13797405 0.07579822 -0.20742339 -0.052659303 0.07557559 -0.039272178 0.36465168 -0.057919014 -0.27849653 0.027082471 0.21197121 0.24673687 -0.060379107 0.1808184 0.02832257 -0.007705993 0.052841004 -0.022222918 -0.13422531 -0.07895541 -0.11608719 0.18724668 0.08415377 -0.043036114 -0.13759965 0.059731256 -0.08854578 -0.00962833 -0.036266215 -0.067898296 -0.10925865 0.19158396 -0.030124506 0.053518053 0.012864431 0.13906291 -0.083399735 0.13818182 0.16573851 0.15988378 0.036541574 0.10221187 -0.16708541 0.004645834 -0.010329537 0.09626818 0.0008460082 0.14809923 -0.01256607 -0.12501846 -0.038442522 -0.18634059 -0.087530024 0.070427336 -0.07944719
DOM 0.065581724 -0.22460258 0.24201559 -0.076749034 -0.03753759 -0.1750918 0.19010101 0.19534412 -0.4576736 0.18716735 0.3724759 -0.12788197 -0.22906718 -0.164687 0.1968805 -0.15896308 -0.45075694 -0.18892516 -0.2543861 0.07929277 0.25117022 0.11937839 -0.29697472 -0.18431881 0.062041566 0.37553462 -0.20080908 0.30675477 0.2623858 -0.15429632 -0.061998744 0.24859834 -0.049287066 0.04556089 -0.026939642 -0.14832306 0.079746075 -0.26447698 -0.0075073997 0.012302119 -0.063288584 0.16189985 -0.055778977 0.08315587 0.22200254 0.068871036 0.047835644 0.01918751 0.091461375 0.029896544 0.19004092 -0.07083985 0.057752166 -0.0788459 -0.08995381 0.11116425 0.09099445 0.26967025 -0.24880084 0.2674034 -0.015476485 -0.23661149 -0.0141876135 0.022170935 0.040035166 0.031953618 0.15036972 0.14915864 0.10193307 -0.34344533 0.28826585 -0.14256486 -0.24631259 -0.3004891 0.06599768 -0.19743657 -0.2162424 -0.19882531 0.0573077 0.14813618 0.051610865 -0.21068922 -0.10362827 0.12991726 -0.13646507 0.21912235 -0.18547726 -0.05232619 0.108500786 -0.10467953 0.08386567 0.4309776 0.1616978 0.1046829 0.21929531 0.107296266 -0.022854602 0.010607936 0.0982942 -0.19432561 -0.2650207 0.021446088 -0.18206277 0.11788203 -0.01885349 -0.12897393 0.2566823 -0.020922095 0.40462568 0.010034772 0.13032447 -0.09594177 0.050268367 0.15432926 -0.095011435 0.0484271 -0.11513776 -0.031013446 0.14692563 -0.006072936 -0.32537255 -0.0049040974 0.0026956568 0.036815614 -0.31068867 -0.061936144 0.12083093 -0.21735902
BGD 0.23573647 -0.09744166 -0.2068434 0.013732394 0.26231366 -0.20502336 -0.033598296 -0.07771393 -0.13951801 0.06048796 0.3543416 0.23359467 -0.12928149 -0.026867177 0.07182595 0.3175613 -0.037377514 -0.17213404 -0.27984026 0.12275511 -0.08936156 0.23721173 -0.114768684 -0.4325961 -0.112403736 -0.10413361 -0.09254363 0.07359737 0.18897542 0.22487772 -0.03769972 0.22053503 -0.02550622 0.14145958 -0.30545747 0.3730112 0.13610463 0.09541073 0.06356321 0.04134987 0.097285785 -0.019135047 0.29051945 0.02943277 0.06836233 -0.039751384 -0.25561973 -0.034633327 -0.25428534 -0.15099628 0.16611527 0.063547134 -0.03419639 0.05228656 0.09959727 -0.12818587 0.24195541 0.11937078 0.28635278 -0.25948942 -0.16196334 0.06210549 -0.1709647 0.10937509 0.008164728 -0.029308371 0.08858965 0.1290128 -0.16315809 0.017686807 0.19749059 0.035964794 -0.078657605 -0.1312395 0.00061316846 -0.3445747 -0.08986543 0.07080244 0.017600898 0.40633625 -0.10131329 -0.24207143 -0.04131878 0.13270955 0.28159422 -0.12231534 0.16851163 -0.0807446 -0.02679655 0.19189985 -0.16456957 -0.21554518 -0.16070983 0.004928902 0.12301048 -0.012342173 0.2420675 -0.08406541 -0.13216838 -0.036504503 0.12484024 -0.07079146 -0.15524046 -0.11433272 0.046835814 -0.07978107 -0.0056994343 0.08674887 -0.08322592 0.027801968 0.11051628 0.30496535 0.11887196 0.078355335 0.11346663 -0.11246171 0.03533258 0.048414376 0.089796126 0.02781629 0.16734685 -0.08984713 -0.07028995 0.0068437587 -0.11675284 -0.07677813 0.031757038 -0.11345748
VGB -0.18978025 -0.37818378 0.15639998 0.12026508 -0.07128828 -0.08307437 0.0975638 -0.08521066 -0.1841133 0.018273963 0.15214324 0.14562029 -0.16826275 0.03508336 0.21257567 -0.09549177 -0.13343434 -0.0992418 -0.1971155 0.10240641 0.32179534 0.28761244 -0.16443732 -0.07796385 -0.28548935 0.2563735 -0.109416984 0.30927727 0.19020161 -0.24768993 -0.0876571 0.033521965 0.11082311 0.10351507 0.011442051 -0.10174744 0.25222707 -0.1528675 -0.09793502 -0.058204666 -0.0182099 0.22631004 0.042705413 0.14100482 0.20665593 0.062496923 -0.14953238 0.005885683 0.100969635 0.056515772 0.14751899 0.07189282 0.038602203 0.11984102 -0.012891974 0.1264792 0.3823813 0.11179753 -0.20939332 0.020767571 -0.13401553 -0.12386129 0.24796797 -0.11246418 0.105940975 0.0147230225 0.063784346 0.013598093 0.064659975 -0.058611874 0.117145844 -0.103175275 -0.24942383 -0.15350999 -0.009935424 0.12494121 -0.13190229 -0.05711841 0.040642276 0.035584994 0.013688987 -0.22284226 0.07283979 0.3725217 0.06956949 0.18877983 0.20467529 -0.08964779 -0.0040623317 0.10596118 0.096700326 0.17303117 0.15639144 0.07303124 0.3314272 0.0927404 -0.089420125 -0.046560284 0.07162554 0.008005269 -0.19483629 0.15414028 -0.2176188 0.11032714 0.13029617 0.026144331 0.13613698 0.1579509 0.36067733 -0.10430332 0.07955939 -0.122504085 0.0699584 0.06252592 -0.12073782 0.046741247 -0.076214105 0.15268998 0.08759342 -0.14660445 -0.03266539 0.17410983 0.020823896 -0.028922372 -0.20090747 -0.08328473 0.04460142 0.12412113
HUN -0.10051044 -0.22797084 -0.034482874 -0.20492461 0.17202899 -0.16285157 -0.09529908 0.024657572 -0.25046632 0.34648466 0.3315747 0.051269617 -0.11799097 -0.09604772 0.25275633 -0.06309162 -0.030712286 -0.29184267 -0.19242539 -0.045709886 0.23546168 0.17317724 -0.38737443 0.08252342 -0.06020773 0.2131204 -0.076319255 0.28881857 0.15788803 -0.101876274 -0.13285904 -0.15230758 0.08158011 -0.04201515 -0.15551661 -0.042036407 0.1007901 -0.042934995 0.14739913 -0.116686895 0.13920866 -0.1286266 -0.092575766 0.016151508 0.24934188 0.057114508 -0.16820619 0.13718648 -0.044813987 0.21054968 0.014419669 0.14810279 0.10406497 0.19572368 0.062078398 -0.141426 0.07962464 0.020132823 -0.06327645 0.12790968 -0.21185105 -0.024143057 0.08772878 0.07676596 0.4327819 0.10152551 -0.025651017 0.007697531 -0.23118745 -0.36887342 0.368549 -0.033373833 -0.23420332 -0.092041805 0.15280999 0.00017817982 -0.0760784 -0.19472864 -0.017974366 0.03187797 -0.15199076 -0.33471486 -0.06586469 0.3931471 -0.10001407 -0.018176626 0.23108447 -0.1885197 0.011155117 0.08270848 -0.007184998 0.19200838 0.111782566 0.028760731 0.25445122 -0.011211396 0.14631398 -0.13658495 -0.09920603 -0.2840594 -0.1449524 0.06531671 -0.23427923 0.14207712 0.111700006 -0.109668106 -0.08766409 0.12384931 0.35077643 0.09630165 0.091145545 -0.012550965 0.011629346 0.23719887 -0.27171406 0.22998956 -0.20645888 0.22326633 0.07337462 -0.04899467 -0.040850293 0.030448705 0.0632561 -0.026439685 -0.35679036 -0.0955664 0.19612397 0.07212906
CHE 0.00086297677 -0.20486183 0.15315999 0.02402203 -0.002801861 0.031122671 -0.03784484 -0.15073277 -0.13211206 0.16493748 0.23807728 0.16761497 0.065359265 0.013424281 0.19602086 0.070068374 -0.26318505 -0.21615525 -0.3405872 -0.007951401 0.124694414 0.27581036 -0.035969637 -0.35663056 -0.14668842 0.06930339 -0.11961628 -0.016858838 0.1541027 0.02088915 0.034974042 0.07396158 0.08792134 0.22076844 0.03566527 0.18224703 0.22994316 -0.11243827 0.21688285 0.08150416 0.16550241 -0.003133547 0.16545002 -0.066920094 0.10542863 -0.04247048 -0.15849866 -0.058100116 -0.050069366 -0.032279614 0.09797084 -0.06394378 -0.036283985 -0.06531216 0.030414242 -0.13819422 0.34445834 0.06484833 0.17163959 0.012836719 -0.19614697 0.17748475 0.09783935 0.16479361 0.08543748 0.03011503 0.06583665 0.09651308 0.044179905 -0.039883994 -0.17566215 0.14418243 -0.10052562 0.014453967 -0.08835271 -0.10301817 -0.028357808 -0.031376287 -0.12342456 0.1772251 -0.04911654 -0.29136887 -0.018411066 0.53391945 0.111968964 -0.056747463 0.21114944 -0.15203696 -0.10992499 0.16103458 0.10896754 -0.021277688 0.11917048 0.01171775 0.2555368 0.04482699 -0.30618516 -0.08156676 -0.22415738 -0.103286676 0.06623718 -0.116110474 -0.3752514 0.03326008 0.025481554 -0.07842214 -0.090973236 0.28878888 0.17480682 0.10599932 0.07532869 0.021643147 0.33727035 0.25424698 -0.18864629 -0.031215778 -0.15505224 0.15921399 0.108441055 -0.085531875 -0.07036595 0.10741486 -0.080080874 -0.02055281 -0.12370275 0.15098357 0.16515931 0.081422284
SYR 0.20616545 -0.18986575 -0.007995062 0.056736846 0.019059312 -0.072158165 0.117257275 0.10916276 -0.050004236 0.0035348053 0.34160382 0.008394838 -0.030548044 0.03447407 0.23454587 0.16933711 -0.31821194 -0.059803203 -0.14132117 0.158282 0.029580915 0.14666042 -0.008757376 -0.44776276 -0.21652801 -0.21402845 -0.1390428 -0.04544971 0.24147043 0.042729743 0.13319872 0.0668613 0.14847806 0.36837858 -0.1609821 0.28501347 0.32171297 -0.08876997 0.1278656 0.15051094 0.19395159 0.03473762 0.31716564 -0.0012231312 0.14974485 0.02126412 -0.28485185 0.044460997 0.1007966 0.03769049 0.18336779 -0.098487295 -0.119123444 -0.099633746 -0.11647892 0.020353213 0.17407717 0.16101319 0.19092457 -0.07470981 -0.20135368 0.07552417 -0.17095986 0.16586348 0.093780085 -0.081561565 0.0098981485 0.12787184 0.03899487 -0.046875693 -0.080352806 -0.031442493 -0.18125351 0.015668025 -0.021855157 -0.29010198 0.025429009 -0.16170964 -0.057508904 0.31215534 0.0047763344 -0.3097975 0.04483374 0.37496126 0.19584467 -0.15591459 0.121078864 -0.25999525 -0.12071868 0.14911751 0.060384367 0.04105074 -0.011025132 0.18534116 0.17407215 0.039874062 -0.17018804 -0.16182393 -0.22700697 0.009559036 0.005098064 -0.011328985 -0.10378467 -0.16406432 0.07248689 -0.04666479 -0.03574155 0.22608876 0.030609837 0.16286354 0.074534774 0.07287746 0.3093008 0.4694128 -0.051333547 -0.13234581 0.028404402 0.22834125 0.19765657 -0.14484417 -0.021824166 0.0056500407 -0.09714252 -0.09772131 -0.22534013 0.2807954 0.22193387 0.09125683
TUN 0.1888745 -0.2734876 0.06822238 0.10472403 -0.015793977 -0.009895822 0.06509635 0.018622415 0.022822937 0.09527933 0.19301347 -0.06228325 0.08402883 0.015253418 0.2791574 0.17333715 -0.3787104 0.040650167 -0.2331628 0.094435185 -0.036960494 0.24046509 0.047379203 -0.2998337 -0.22941938 -0.12460175 -0.011505876 -0.1278328 0.30506298 -0.024859507 0.11320934 0.14027457 0.05597305 0.4772408 -0.21341747 0.2782912 0.2728661 -0.15366963 0.16203173 0.1791628 0.15966322 0.024018323 0.31949577 -0.029533282 0.07147545 0.054610778 -0.24778436 -0.14850761 0.05671525 -0.075182326 0.31182852 -0.0763496 -0.12186697 -0.103772536 -0.15360998 0.02224937 0.3197212 0.18563229 0.26125222 -0.21191552 -0.13612747 0.15681882 0.0078071393 0.18094218 0.106912166 -0.05738274 0.076432355 0.09678752 0.16691807 0.036528844 -0.1897932 0.09424227 -0.19767705 0.23554926 0.06433585 -0.19042291 0.041602347 -0.07689322 -0.16359647 0.2702355 0.08082428 -0.30792016 0.0061893994 0.41581815 0.18269506 -0.15765648 0.1098278 -0.39598736 -0.22044274 0.28836265 0.15236811 0.0012257467 0.01015103 0.03812576 0.21084726 0.05538146 -0.26383987 -0.1885402 -0.20970845 0.0021261468 0.109508164 -0.11532685 -0.11521983 -0.15672223 -0.05159054 -0.04992042 -0.14137405 0.27303046 0.02254136 0.2539288 -0.007304781 -0.054600354 0.43175256 0.4920859 -0.010481635 -0.1537962 0.02227873 0.15041468 0.06810258 -0.1933845 -0.019267492 0.104109235 -0.122164674 -0.12021245 -0.040619705 0.27967143 0.17976053 0.07920741
ZWE 0.110739306 -0.11129922 0.08649654 -0.008518739 0.29824227 -0.29018912 -0.13005859 0.06891215 -0.29037893 0.42645752 0.5322176 -0.082980014 -0.16036671 -0.2172764 0.16646096 0.44540974 0.010761168 -0.21698266 -0.09847765 0.20643201 0.10103797 -0.015500335 -0.18651207 -0.27150005 -0.07467049 0.022756435 -0.15534449 0.22278762 -0.05429805 0.2588077 0.034416866 0.15001498 0.0081410725 0.027386008 -0.27093926 0.19411395 0.11561426 -0.0052497187 -0.18198249 -0.097684264 -0.055425372 0.16537018 0.1274003 -0.09272943 -0.027205769 0.11706669 -0.15886235 -0.16016003 -0.0753581 0.03169383 -0.10811457 0.48759335 0.06006301 -0.19611396 -0.12617642 -0.13892262 0.24770345 0.21729289 0.10397522 0.14959042 -0.27209994 -0.013274075 -0.064254925 0.18509 -0.04197455 0.03579126 0.15590435 0.032061763 0.028702235 0.12343999 -0.05300252 0.04290035 -0.0958076 -0.05275018 0.14736502 -0.24921708 -0.035813283 -0.0616172 0.045236442 0.09305691 -0.05174575 -0.18081771 0.001813163 0.26876307 0.12235822 0.0727709 0.011049662 0.024742186 -0.13220063 -0.17226161 -0.14091256 -0.1537113 -0.1349294 0.081424035 0.01826239 -0.099975824 0.10737759 -0.15585421 -0.10315001 -0.38894132 -0.17230023 0.05960534 0.1809865 -0.13202025 0.23254026 -0.14039117 0.092396654 -0.06930012 0.06878944 0.066634096 0.1785383 0.18716195 -0.095283814 -0.072303995 0.019615551 -0.08374367 -0.030976439 0.05757296 0.17226453 0.08147088 0.1190163 -0.025368297 0.005390371 0.040898614 -0.15256666 0.024662953 0.10740316 -0.18891665
IRL 0.057591368 -0.27230045 0.021332864 0.07136587 0.07351394 -0.47066128 -0.12780395 0.12997621 -0.0696953 -0.0053443927 0.22792125 0.065016605 -0.110371 0.07838807 0.19844393 0.16481227 -0.09666427 -0.14991292 -0.22561318 0.21585907 0.34377939 0.1407551 -0.09393594 -0.20674808 -0.09392313 0.051832136 -0.054445665 0.27694675 0.11327091 -0.060986966 -0.11913754 -0.0072862254 -0.055572115 0.00692312 -0.132568 -0.050178755 0.15482433 -0.061889824 -0.04594495 -0.15022044 0.06375271 0.1874092 0.050217908 0.053052463 -0.036666192 0.11357548 -0.19568233 -0.024277745 -0.10295515 0.057367966 -0.12534791 0.15387179 0.08095879 -0.0046172705 0.17625804 0.14719504 0.15288123 0.13263495 -0.035150826 -0.016520763 -0.10162525 0.09933414 0.087328754 0.10947442 0.04746546 -0.024498586 0.048112113 -0.075962566 0.14786907 0.07540557 0.031471834 -0.09494772 -0.124103755 -0.07312678 -0.018565735 -0.08098866 0.099132925 -0.054328572 -0.09450219 0.09448272 -0.033879995 -0.25283948 0.20640971 0.41468787 0.18269162 0.17298011 0.23096974 -0.06574928 -0.1551394 -0.066649266 -0.051725924 -0.21174516 0.0136691425 0.15074985 0.26529542 0.1425003 -0.09225298 -0.14466329 -0.15342289 -0.12577678 -0.09787776 0.040174674 -0.09710887 0.14099738 0.23505831 -0.16572396 0.0039435625 0.05209248 0.16432536 -0.09070632 0.16987117 0.16788717 -0.063263744 0.1720235 -0.1406107 -0.06549605 0.06836476 0.08049374 0.05857149 -0.009373618 -0.017325982 -0.06324198 -0.109001786 -0.0996274 -0.15447111 -0.06857028 0.090736724 -0.13177137
THA 0.10766508 -0.007814839 -0.045076646 0.002589876 0.1320594 -0.04036885 -0.07030526 0.11764564 -0.13219613 0.25211015 0.3134538 0.12999496 -0.17351088 -0.17303969 0.08198397 0.1823443 -0.066574425 0.07189812 -0.1591047 0.13922974 -0.02472428 0.18648045 -0.054612033 -0.50461483 -0.13830346 -0.004364254 -0.11283754 -0.09489824 0.14834875 0.1167534 0.057294372 0.26182482 -0.09615661 0.3698121 -0.25074401 0.28069696 0.16561744 -0.11523466 -0.026652724 0.112377174 0.045833997 0.06858654 0.17844096 0.03013928 0.078074396 0.030922813 -0.2645523 -0.07753388 -0.123479195 -0.20628072 0.2683992 0.13164209 0.077109404 0.024575852 -0.03407127 -0.036483936 0.2770486 0.29584792 0.2316783 -0.21094622 -0.17222972 -0.021982478 -0.019167678 0.07485077 0.14695822 0.034108385 0.26860443 0.06425849 0.029188888 -0.03736789 0.104027174 0.12912115 0.053650208 -0.036666296 0.060663216 -0.26194912 -0.014636546 0.05103778 -0.20348158 0.20913629 -0.073687084 -0.2010169 -0.10975955 0.19914877 0.194793 -0.18705162 0.24115664 -0.09225519 -0.08216543 0.15904236 -0.052344047 -0.16181922 -0.118052095 -0.18239126 0.16697039 -0.043318495 0.08575564 -0.100789964 0.037417084 -0.21234526 0.06428293 -0.21285602 -0.09205313 -0.17974363 0.13855009 -0.05777334 -0.038109794 0.009219664 0.0470575 0.066046886 0.06466519 0.15556823 0.28714165 0.16399835 0.11124204 -0.09624919 -0.10636062 0.0016274259 0.12264456 -0.12612703 0.13312232 -0.023179753 -0.031173587 -0.058633383 -0.13351968 -0.027561527 0.16411677 -0.17787074
PRK 0.3345367 0.22774988 -0.046752807 0.02418716 0.30440092 -0.25295565 -0.04562959 0.0757718 -0.46086213 0.037396085 0.62153435 0.017115522 -0.26132542 -0.38353172 0.16501592 0.25634235 -0.11282664 -0.17418198 -0.25855142 0.13788864 -0.29163426 0.043632485 -0.26188254 -0.5507009 0.006521621 -0.20174412 -0.10636358 0.17576665 0.16658664 0.28020087 0.093800366 0.27876297 -0.037314843 0.06776128 -0.25775594 0.48492822 -0.012564471 0.053133175 -0.1562693 0.12104536 -0.16974604 0.047587667 0.31791916 -0.07729472 -0.022110531 0.06486477 -0.060139965 -0.10223187 -0.27093732 -0.01642436 0.26026565 0.12735268 -0.10823777 -0.12511188 -0.004543397 -0.18718974 0.1440825 0.18803188 0.08905941 -0.099764206 -0.25137955 -4.659043e-05 -0.28933424 0.07758406 -0.28222886 0.05615995 0.29097173 0.2005555 -0.017915532 0.1359665 0.30192238 0.057891198 -0.0623161 -0.30984223 0.26119906 -0.494526 -0.15272014 0.05381416 0.033840716 0.49649757 0.025292931 -0.08613087 0.030926712 0.009574809 0.17775089 -0.020990217 -0.06674039 -0.06604864 -0.060896095 0.05051022 -0.24853796 -0.065519825 -0.14656231 0.19107969 0.06437008 -0.070325755 0.24330516 -0.2247586 -0.08155613 -0.5134387 -0.14054008 -0.012675102 -0.055175528 -0.15574728 0.06299033 -0.24047059 0.27919894 0.124668315 0.22472517 0.028016984 0.2619928 0.3549159 0.14660929 0.08629504 0.13849759 -0.31052434 0.021583192 -0.091511615 0.21871948 -0.012535618 0.13138658 -0.18838498 0.016735803 0.14451115 -0.2205636 -0.04427051 0.06615081 -0.34318206
JPN 0.027843295 -0.009797969 -0.012972079 0.029946052 0.17652501 -0.07510087 -0.032042194 0.01563657 -0.21667273 0.04656543 0.36933616 0.19308333 -0.119912 -0.1776919 0.10085386 0.2957563 0.018237125 -0.045371335 -0.10879543 0.18253535 -0.107004784 0.12694256 -0.10102839 -0.45583868 -0.08133405 -0.06337515 -0.09758225 -0.023981871 0.025820287 0.1342744 0.038363867 0.23009767 -0.055297814 0.18724181 -0.08855276 0.33778325 0.11489745 0.0134462435 -0.14744288 0.023265583 0.009827056 0.13387604 0.20681953 0.052691936 0.11900757 0.09971362 -0.25982958 -0.04387807 -0.10305805 -0.13349873 0.1823953 0.12293491 -0.018462285 0.054350983 0.028625352 0.02806312 0.17430465 0.17854503 0.076830626 -0.1394073 -0.2189081 -0.038307402 -0.024348607 0.08711726 -0.013188241 0.014236191 0.112513065 0.07116063 0.03703547 0.10815842 0.15717322 -0.016369505 -0.033844177 -0.13482612 0.077156365 -0.2633661 -0.06833362 0.06671106 -0.094681375 0.302713 -0.08203272 -0.22780961 -0.0038709831 0.23721807 0.1936566 -0.06497623 0.19612707 0.047034428 -0.059259124 0.12045149 -0.088792294 -0.1812567 -0.071286134 -0.034882102 0.2399017 0.028151842 -0.008978794 -0.07697489 -0.02309052 -0.23046394 -0.03927726 -0.011939938 -0.14452706 -0.048492283 0.21024829 -0.09494999 0.08704067 0.0011366426 0.10618019 -0.088865876 0.16577396 0.19421208 0.18252334 0.050843395 0.08004831 -0.20106894 -0.04049231 0.030759053 0.1381685 -0.07800674 0.2032383 -0.0681191 -0.075935766 0.1040183 -0.17314608 -0.059462152 0.110296 -0.110031866
GEO -0.17706315 -0.2265542 -0.096852034 0.0076645007 0.19920142 -0.5868338 -0.033650145 -0.43070084 0.14142983 0.22115934 0.23979835 0.54589504 0.21886815 0.45179573 0.23546347 0.40885434 -0.08292634 -0.5142229 -0.66454846 0.66277695 0.37161514 0.39785162 -0.26314896 -0.0654343 -0.25339985 0.008465246 -0.008372625 0.433554 0.13666046 -0.14666423 -0.05402342 -0.1793624 0.4315145 -0.3828313 -0.31559494 0.17472705 -0.0020695694 -0.06790108 0.011971535 -0.3972687 0.27679014 0.23416841 0.137923 0.20881045 -0.12635459 0.19685937 -0.3750002 0.023959301 -0.13583933 0.11503422 0.2709644 0.31754193 -0.15999569 -0.19301228 -0.1778404 -0.29410294 0.23465267 -0.20643753 0.5583781 -0.3087741 -0.30690727 0.1316324 0.17322579 0.36890277 0.25553915 -0.11165408 -0.1719549 -0.15250634 -0.00063947996 0.08439025 0.071015686 0.005064733 -0.53087854 0.27019557 0.099674344 0.27010575 -0.0030207953 -0.0012851174 0.19202457 0.46370268 0.04647291 -0.6747624 0.41560927 0.35563746 0.31078008 0.29157007 0.27962118 -0.15267076 -0.1166101 -0.12024619 0.02225639 -0.020381592 0.14181533 0.31254423 0.43547472 0.090522684 -0.08794626 -0.46850464 -0.24856016 -0.16524109 0.030206738 0.344575 0.07166267 -0.05189234 0.06401579 -0.11587688 -0.09174676 0.7682959 0.48681995 0.034439914 0.27392498 0.4815825 0.07743833 0.12137288 -0.41326693 -0.05109566 -0.122871846 0.23948862 0.10872567 0.34235653 0.31576034 0.23852628 -0.08934645 -0.09071625 -0.49035183 -0.30390975 -0.205237 0.3279619
KIR 0.22563027 -0.27780658 0.01670966 0.012959119 0.10430127 -0.26418468 -0.14532101 -0.09625846 -0.3228765 0.069429085 0.18568844 -0.15294376 0.13654847 -0.1648536 0.23920062 0.34648073 -0.3907317 0.071069464 -0.4638582 0.08211635 -0.25568196 0.13611312 -0.24762616 -0.034548454 -0.0008229811 0.17259875 0.21935013 -0.10301812 0.089045376 -0.014751148 -0.11391922 0.36817664 -0.15434095 0.32711294 -0.6223672 0.4775885 0.0710098 -0.20993248 -0.17181373 -0.009233406 -0.16042839 0.0883758 0.4402492 -0.015096173 -0.12119318 0.040403385 0.17558683 -0.58183783 -0.23083651 -0.17492259 0.47529995 -0.11505515 -0.044292767 -0.15300924 0.09497367 -0.108713165 0.38160938 0.06408021 0.112189 -0.09751385 0.09362426 0.2898585 -0.06328421 -0.011937365 -0.10377271 0.11919018 0.10290223 0.042195387 0.27044 0.035563953 0.2727194 0.067669496 -0.31298384 0.065221146 0.35735685 -0.21640632 -0.15613219 0.2064584 0.09648857 0.21660382 0.04131678 -0.29965115 0.09293357 0.1506324 0.00032073373 0.23299758 -0.22691965 -0.42963928 -0.032803543 0.079134546 -0.0739144 0.045353767 -0.13743111 0.05038224 0.17004591 0.14885756 -0.05142914 -0.2790702 0.0129585 -0.32475603 0.048357222 -0.02835724 -0.068419255 0.12593837 -0.20474656 -0.04929806 -0.03173701 0.19583896 0.2967173 0.011339163 0.08252282 0.07205888 0.26682043 0.25259188 0.19140448 -0.16953239 -0.14063358 -0.36232725 -0.039603192 0.11519569 -0.0005895556 -0.047328044 -0.20364474 0.068262145 0.09312264 -0.033949688 -0.17333657 -0.15699768
GMB 0.34575328 -0.2866429 -0.03699018 -0.13943835 -0.008806548 -0.25846806 -0.24996096 -0.40501672 -0.27094468 -0.08118319 0.18065622 -0.21334943 0.12658018 -0.17096767 0.20136991 0.30392048 -0.4256029 -0.2513634 -0.4512089 -0.018827504 -0.042660512 0.16744457 -0.273404 0.032723818 0.04784804 0.15496635 0.12126747 -0.15604617 0.11560812 0.064126685 -0.29769796 0.28634116 -0.1671508 0.022822013 -0.39355004 0.36653563 -0.013876252 0.010319266 -0.014194373 -0.008098568 0.113855556 -0.07773512 0.4254797 -0.04253521 -0.12944806 0.018512571 0.24854083 -0.5349863 -0.28500608 -0.15577343 0.24246395 -0.15309083 -0.12375896 -0.33676687 0.11295077 -0.1508603 0.296965 -0.012341717 0.04593764 -0.12041726 0.09446061 0.22104932 -0.100039266 -0.0299127 -0.0828764 0.08080243 -0.0059753354 0.011922426 0.1922587 -0.2890606 0.15243325 0.03623327 -0.3916567 -0.039611097 0.09685803 -0.2918961 -0.215168 0.2983967 0.21217117 0.19719927 -0.124446 -0.35217595 0.16863696 0.3292575 0.030173393 0.42501777 -0.19130853 -0.3302995 0.0678315 -0.073233046 -0.24850631 -0.08989019 -0.1423737 0.27246043 0.21807379 0.21314465 -0.023704426 -0.18943484 -0.2589605 -0.33962712 0.13790454 0.040089358 -0.09099911 0.41240397 -0.16998404 -0.14780317 0.028890993 0.20060469 0.21887723 -0.11551977 0.14002825 0.1841014 0.16336232 0.18613504 -0.06843159 -0.056140248 -0.14978011 -0.3019229 -0.020928137 0.25568083 -0.12707868 -0.14656922 -0.2622744 0.14275572 0.05438636 -0.06854484 -0.32310045 -0.16507898
BIH -0.1635888 -0.39599547 0.11179649 0.11294756 -0.08700931 -0.097901285 0.17146909 0.039882194 -0.25900382 -0.24888326 0.030285675 0.33675823 0.044428483 0.10384288 0.2748349 -0.15383844 0.054116044 0.01291307 -0.28141126 0.11128354 0.2279576 0.18778984 -0.0422365 -0.18369173 -0.089805745 0.12886323 -0.12786858 0.14556886 0.23564933 0.035008557 0.0015870867 0.10715059 0.14701505 0.06430716 -0.13344136 -0.0028184922 0.34863904 0.014721322 -0.15895492 -0.15933542 -0.19254763 0.3826471 0.23150757 0.22714044 0.25092947 -0.09952228 -0.095567115 0.035561696 -0.06531205 -0.05914312 0.27580354 -0.2348398 0.17876126 0.112081535 0.43826348 0.055467445 0.38449168 -0.08603064 0.09393279 0.17218181 0.07648027 0.17353137 0.08021178 -0.07145029 0.0044568535 -0.0035344036 -0.06619403 -0.01578996 0.05328674 -0.0015749328 0.26472387 -0.2680962 -0.25508833 -0.30735356 -0.016645083 0.010136405 -0.2406352 0.15145114 -0.0029018328 0.046047304 -0.04573662 -0.22606035 0.112126045 0.5726242 0.080714 0.1830804 0.40662494 0.032207172 0.16180415 0.06599648 -0.005800824 0.15987669 0.24158068 0.22354433 0.4800799 0.27079192 -0.2121583 -0.1884011 0.10519145 0.11052047 -0.2883271 0.18548302 -0.6097467 0.21812807 0.20442972 0.31515557 0.06577414 0.20073166 0.44987577 -0.26912975 0.25774482 0.041282 -0.16517901 0.016955404 0.045691643 -0.12228127 -0.012960663 0.2475138 -0.05650408 -0.08229843 -0.15336035 0.1254293 -0.28546616 -0.049641658 -0.02670407 0.03294506 -0.12789536 0.32934195
BGR -0.13380264 -0.21461618 -0.09525909 0.02813422 0.12766488 -0.50462216 -0.009436896 -0.25015986 0.11255648 0.09858083 0.2034289 0.4256547 0.14973934 0.37411195 0.20204303 0.26120722 -0.10919659 -0.42844972 -0.4919944 0.49992988 0.35471106 0.29488978 -0.21526705 -0.099489756 -0.19844432 -0.0005766485 -0.030387705 0.35216802 0.12790282 -0.1182952 -0.038952827 -0.17253566 0.31137648 -0.2903835 -0.19118328 0.0697475 0.05537972 -0.053511348 0.045361068 -0.31548503 0.24137971 0.18258193 0.10929038 0.17536461 -0.06723557 0.16209188 -0.3245175 0.09141903 -0.07296435 0.14357397 0.1213157 0.1902553 -0.12237902 -0.11528036 -0.06853388 -0.16055009 0.10863962 -0.15208238 0.34062532 -0.17421275 -0.24544023 0.10437044 0.12218039 0.2896827 0.18696718 -0.0869922 -0.15356646 -0.11426562 0.0013802894 0.056629643 0.06198606 -0.02519737 -0.35832223 0.159714 0.034292605 0.19334555 0.02888322 -0.05464291 0.12086458 0.310995 0.03172328 -0.4929943 0.33370665 0.33617267 0.20635585 0.22933474 0.22817893 -0.09141409 -0.117781006 -0.10513903 0.050158706 -0.015374242 0.15809615 0.29028848 0.34357572 0.09332554 -0.11977724 -0.34273088 -0.2216498 -0.0742449 -0.026791213 0.27335325 0.0039530606 -0.0068873907 0.09559906 -0.10862058 -0.076633245 0.55315 0.33143738 0.0017570775 0.20035438 0.36070532 0.02840949 0.13342556 -0.3608242 -0.018268228 -0.057119843 0.21999188 0.107098065 0.23495486 0.18656234 0.14819251 -0.06749911 -0.06966387 -0.36885756 -0.17906033 -0.0914972 0.24703638
MDA 0.11059964 -0.5248596 -0.011233735 0.11176502 0.12285119 -0.38621092 -0.25216782 -0.010009519 -0.17218006 0.22600733 0.15550679 0.0694861 -0.13117854 0.067219555 0.10653381 0.32466173 0.20066357 -0.0435344 -0.27975193 0.06871991 0.32380804 0.41811955 -0.23727526 0.085819975 -0.18159533 0.0821105 0.042824093 0.28624517 0.17919071 -0.106203824 -0.18151453 -0.078504756 -0.04067435 0.16109827 -0.39562175 0.15889342 0.2048056 -0.04910282 0.06562484 -0.097771384 -0.044804536 0.005057964 0.15448886 -0.05307154 0.13931881 0.1190686 -0.3100514 0.029690165 -0.30332005 0.10356587 -0.01664524 0.07787554 0.18096368 0.2090288 0.23476508 0.21276633 0.069710426 -0.080750674 -0.014761741 -0.05164647 0.0030419177 0.1037029 0.10470121 0.18498808 0.33601356 -0.08573439 0.055661242 0.15964068 -0.25258598 -0.15549204 0.20166901 -0.0705838 -0.21935754 -0.057141345 0.13339025 -0.11222689 -0.013025613 0.17600386 -0.076662324 -0.02094573 -0.038914554 -0.22394086 0.046499074 0.44331443 0.26441994 0.15551384 0.31810045 -0.2893848 0.013185022 0.19052197 -0.05465158 -0.13435173 -0.08596182 -0.022491321 0.37744227 0.13302933 0.36029106 -0.22498387 -0.1538293 0.019157976 0.052990887 -0.022243414 -0.047036797 0.15683375 0.05980043 -0.029291442 -0.17611939 0.12617294 0.050987154 0.024187075 0.00094188156 -0.103774354 -0.15197244 0.16201742 -0.1108953 0.13866417 0.02608676 0.06421843 -0.18951568 -0.07457999 0.12377488 -0.011953557 0.019759657 -0.079599574 0.04791772 -0.0268751 0.08229361 -0.05733017
MLT 0.14101982 -0.47723588 -0.15712614 -0.04291024 0.020277897 -0.18222608 -0.21949822 -0.5382444 -0.11973108 -0.16601992 0.0814301 0.1859687 -0.08868736 -0.02799606 0.032734275 0.33647767 -0.28067696 -0.3300254 -0.28404438 -0.033581633 0.17126286 0.4210557 -0.20302176 -0.021361269 -0.14155394 0.19546911 0.10377097 0.043971155 0.02768267 -0.111046106 -0.36072958 0.06543501 -0.07431674 -0.12305204 -0.027255453 0.33748183 0.16921145 -0.027002295 0.06345031 -0.14755686 0.18484616 0.0028143974 0.32747814 -0.06115869 0.050500292 0.030419663 -0.08898528 -0.30909684 -0.07234403 -0.07701109 -0.10520832 -0.07137055 -0.24074876 0.05585474 0.19487335 -0.07498339 0.29165775 -0.038256582 -0.12948388 -0.051502466 -0.014532406 -0.006602245 0.19434117 -0.07320788 -0.07655312 0.22458737 0.14585166 0.088095605 0.17967844 -0.08572788 0.28017282 0.10022571 -0.3127648 -0.21402533 0.012137025 -0.08391627 -0.22458611 0.2378476 0.31396586 0.16711986 -0.17990561 -0.4956373 0.15951996 0.6972693 0.20291701 0.4479478 0.010463862 -0.08020343 0.07525718 0.1913564 -0.16744447 -0.18002622 0.11669935 0.21274686 0.47014493 0.20196521 -0.093379945 0.028285602 -0.2765475 -0.06471665 0.23484538 0.18884598 -0.09713556 0.42809132 0.015938327 -0.14127521 0.07425262 0.23200299 0.11129687 -0.22203249 0.09835437 0.10183683 0.20622471 -0.00093338726 -0.39054674 0.14117654 -0.04419613 -0.06196016 0.06554424 0.12383224 -0.0020041112 -0.013021827 -0.061837997 0.14580582 0.005631612 -0.2876124 -0.3047901 0.007336236
TGO 0.066246115 -0.018171003 0.09080165 -0.105537154 0.036250528 0.08511296 -0.15193035 -0.32032487 -0.18720604 0.14480446 0.21683075 0.2532118 -0.08945535 -0.0016495746 -0.04194149 0.18018802 -0.19919439 -0.2537235 -0.42937636 0.033755843 0.11801012 0.26436135 -0.015934782 -0.37965226 -0.09227428 0.14159909 -0.15319942 0.018750994 0.03042498 0.06545255 -0.05542163 0.1933429 0.046378084 0.065242074 0.077743575 0.20620243 0.06701656 -0.07730374 0.09210868 0.1202276 0.18864624 0.02794781 0.07411783 -0.0637115 0.07644729 -0.014033385 -0.101862185 -0.0016929782 -0.21025375 -0.14660726 0.052793626 0.11353041 0.07307105 -0.09551382 0.010298318 -0.07921549 0.42278534 0.16213287 0.13337204 -0.19138938 -0.21675108 -0.05011618 0.0889069 0.1097563 0.10267622 0.055618305 0.2534532 0.13844061 -0.006039941 -0.23504467 0.08415286 0.14131798 -0.07276255 -0.18445846 -0.17567639 -0.25475442 -0.080019176 0.19183636 -0.111319445 0.31014013 -0.10987323 -0.27915433 -0.071609706 0.30183107 0.18987425 0.09561148 0.09138307 0.016333584 0.12347492 0.07318722 -0.0861227 -0.16724084 -0.029682199 -0.09164101 0.2027566 -0.018793441 -0.03879711 0.09097306 -0.11579892 -0.22467689 0.15033618 -0.19426438 -0.24162425 0.06613072 0.023507545 -0.09518559 -0.0477038 0.21201491 0.06070716 0.06250547 0.056965873 0.13675576 0.22098072 -0.03830124 -0.1010962 0.085417606 -0.28591126 -0.06699249 0.12169514 0.020815821 0.018844195 0.019407617 -0.018897908 0.13557886 -0.13162875 -0.066808306 -0.009410209 -0.1527876
WLF 0.2878817 -0.17781857 0.022763928 -0.08582649 0.012375366 -0.2977795 -0.036781188 -0.0047150664 -0.35039744 -0.07907141 0.1993026 -0.23512618 0.066101044 -0.22611968 0.26643312 0.06540467 -0.49644056 -0.06675332 -0.40082166 0.07797012 -0.114866 -0.01815071 -0.2904276 -0.05512362 0.0438204 0.2230673 0.072856456 -0.027013142 0.21034317 0.034991536 -0.17429812 0.37411374 -0.20216885 0.043881543 -0.49960607 0.22531956 -0.104442604 -0.10917369 -0.15142927 -0.014351168 -0.08639786 0.12200261 0.26413047 0.09681682 -0.06866284 -0.018542599 0.36148635 -0.44275767 -0.25765383 -0.17594282 0.5115809 -0.15151627 -0.01772332 -0.37336403 0.099307075 -0.13639621 0.33500838 0.079647444 0.0463711 -0.11659377 0.12304592 0.21428046 -0.15861465 -0.10467645 -0.09326693 0.030781643 0.0461448 0.013196944 0.28525332 -0.21442884 0.27187824 -0.05435304 -0.43355972 -0.11452062 0.16101275 -0.28912497 -0.2316997 0.21056949 0.14223419 0.275623 -0.024523463 -0.25936973 0.12312994 0.0642705 -0.03136933 0.29383492 -0.1939844 -0.39032635 0.1010011 -0.15614368 -0.18276677 0.10303997 -0.19332486 0.17595966 0.06554798 0.20860443 0.027649034 -0.2585763 0.0093274005 -0.31686878 -0.07693785 -0.009177036 -0.16239722 0.24446686 -0.18551435 -0.07302588 0.115799576 0.09432832 0.3989827 -0.08677362 0.17385422 0.13967182 0.06404043 0.21028975 0.18559654 -0.16298118 -0.054948732 -0.36749452 -0.021956638 0.20591025 -0.22865352 -0.14021932 -0.31017634 0.015511501 -0.06550815 -0.07728371 -0.26298395 -0.21100411
ANT -0.16353408 -0.26669422 0.09659673 -0.2982523 -0.06742195 -0.11539244 -0.025118314 -0.06712997 -0.4273272 0.32724705 0.55050886 0.13207358 -0.21132015 -0.16825385 0.24138232 -0.18258013 -0.3523097 -0.2861732 -0.18757607 -0.11962172 0.30739334 0.108329885 -0.34662122 -0.005810437 -0.13005896 0.4370195 -0.14151563 0.24518822 0.2013631 -0.21302022 -0.1461573 0.047368668 0.092110366 0.16175263 0.092516206 -0.11345518 0.18241228 -0.3016288 0.030135557 0.0017848896 0.29865408 0.09285725 0.018812299 0.10720999 0.2835049 0.09279254 -0.062159475 -0.06238934 0.22768463 0.08856859 0.10489964 0.14866273 0.081543945 -0.015279124 -0.17051254 -0.18091883 0.44409356 0.26340967 -0.32099968 0.07419777 -0.2962058 -0.30179316 0.1087772 -0.21304229 0.34139013 0.21021917 0.16685204 -0.056547347 0.11592761 -0.51262444 0.2808074 0.046085097 -0.25219333 -0.17324565 -0.014236511 0.028056396 -0.23718344 -0.1411395 0.049510445 0.033519268 -0.1064852 -0.3181143 -0.10036314 0.23122828 -0.24424101 0.15861367 -0.01635856 -0.026442822 -0.055925466 -0.09919062 0.059866823 0.3311953 0.103607796 0.03646043 0.15893018 -0.06444635 0.010253178 0.16778392 0.122848384 -0.31539357 -0.19240257 0.075846046 -0.18625008 0.19610104 0.028187769 -0.16122866 0.017741233 0.11306936 0.44806907 0.037658837 0.025430974 -0.04819418 0.20295039 0.19845037 -0.18239395 0.30561757 -0.39696664 0.019484345 0.16721167 -0.076459795 -0.16877541 0.13619459 0.11476052 0.15894775 -0.39847812 -0.16082151 0.09077787 0.067215
MUS -0.058404654 -0.08653607 0.32140774 -0.15192112 0.31665605 0.15574189 -0.18889177 -0.03728599 -0.27680886 0.6445665 0.39729613 0.027710058 -0.024325019 -0.069253065 -0.016219813 0.5110332 -0.1927478 -0.13492694 -0.1542118 0.24501558 0.08844482 0.07121777 -0.012035188 -0.41165018 -0.17638254 0.17491254 -0.20207283 0.112399995 -0.101383395 0.3324192 0.16806656 0.25024545 0.029708903 -0.012186482 -0.175688 0.16662224 0.082450554 -0.006805344 -0.022305012 0.0108932145 -0.03408656 0.2881053 0.049232394 -0.15583615 0.11919598 -0.028541854 -0.15425846 -0.13317545 -0.09367174 -0.09800094 -0.013062844 0.5022985 0.10742636 -0.32480764 -0.14130604 -0.268828 0.71684337 0.22859555 0.3877754 0.21869284 -0.25797862 0.0010702002 0.040730096 0.19273883 0.1346665 0.060597293 0.1569885 0.085988045 -0.003137632 0.0154080745 -0.15828872 0.17097051 -0.28541276 -0.004136723 0.007516086 -0.3152616 -0.09837991 0.10154529 0.072061084 0.27665058 -0.13736157 -0.42368093 -0.21035214 0.588266 0.19697906 0.031110136 0.09010416 0.08105108 -0.025283132 -0.10402453 -0.12807931 -0.1482532 -0.108980775 -0.09281072 0.092783965 -0.08577956 -0.040254626 -0.118306614 -0.034882195 -0.21942581 -0.061945412 -0.1159565 -0.058877848 -0.16249308 0.16060899 0.028439796 -0.05218899 0.06865371 0.023234092 0.20283277 0.083521955 0.009302567 0.044937365 -0.2262678 0.04840755 0.06300129 -0.25466642 0.08868073 0.3133772 0.09302332 0.050717343 0.21583456 -0.19420807 0.060911354 -0.18352948 0.032026492 0.036698885 -0.059399843
BFA 0.4169398 -0.42168617 0.05093276 -0.13484764 -0.010453118 -0.03715134 -0.07281095 0.13015988 -0.07038565 0.035099562 0.35276538 -0.1871041 -0.053948 -0.0037499198 0.30021042 0.29200736 -0.41088244 -0.06444543 -0.06096164 -0.02567993 0.07279903 -0.02018808 0.08555859 -0.23502457 -0.21939903 -0.21253335 -0.11492805 -0.024878688 0.09624679 0.13310425 0.067735165 -0.0054973746 0.088488445 0.4117245 -0.21993348 0.08788187 0.44520378 -0.09481243 0.22371113 0.23274565 0.22843228 -0.10062883 0.16006118 -0.006838858 0.088321984 0.051963665 -0.2230014 -0.008493856 0.14504726 0.16981794 -0.14342499 -0.004972117 -0.017703732 -0.16540307 -0.15546517 0.11502037 0.23670289 0.230219 0.017204238 0.0027180363 -0.22935252 0.09662501 -0.24341114 0.08719854 0.27170402 0.010563485 -0.0031860226 0.03204269 0.20109789 -0.31265607 0.01557532 -0.09721398 -0.18813933 -0.024573008 -0.0201739 -0.39778084 0.10307318 -0.21717282 -0.07541646 0.23637614 -0.13210146 -0.3211529 0.03739079 0.544922 0.03996497 0.01737751 0.10481494 -0.31367433 -0.07436005 0.09503982 -0.08975848 0.008399806 -0.042195395 0.13871728 0.09798764 0.113892324 -0.13916907 -0.14750367 -0.24191242 -0.10397579 -0.021795563 -0.032039877 -0.13559215 -0.03660584 0.12586764 -0.065846086 -0.13495336 0.09406325 -0.005008752 0.3762244 -0.01524778 0.044556696 0.26284465 0.46527237 -0.04812971 0.021325294 -0.014611619 0.23924668 0.19119023 -0.17743245 -0.071076065 -0.13510315 -0.2091977 -0.043575432 -0.26096442 0.43248236 0.24545206 0.11352419
ISL 0.120312974 -0.30907622 -0.085826136 -0.0015560747 0.17427786 -0.49670237 0.2314918 0.28554365 0.008293901 -0.082026556 0.193242 -0.2008907 -0.073954746 -0.12884554 0.41126296 -0.14039348 -0.08815955 -0.18292473 -0.052269768 0.060066786 0.13541028 -0.07053837 -0.16146398 -0.07344038 -0.067506514 0.22704151 -0.09154708 0.20342109 0.3577928 -0.021299202 -0.12376316 0.13738723 -0.156278 0.076235525 -0.5194361 -0.1426641 0.17573012 -0.0054151323 -0.065998964 -0.20688225 0.062980205 0.14508888 -0.029190922 0.3075125 0.00092239585 -0.039821897 0.07139615 -0.22175473 0.04423714 -0.20172091 0.19571885 0.026176859 0.0688534 -0.09084403 -0.039302327 -0.009583931 0.23276213 0.22978984 -0.07026383 -0.09600893 0.09971919 0.14106077 -0.063586734 -0.13549474 0.042889662 -0.08811551 -0.09644328 -0.21357056 0.24648003 -0.117885046 0.11705325 -0.22682488 -0.36299938 -0.12457247 -0.059416212 -0.18392183 -0.09336018 -0.13116041 0.06713375 0.15995969 -0.13151835 -0.31380722 0.20905611 0.11986762 0.09633782 0.15025966 0.20479049 -0.32021466 -0.15498424 -0.12066559 -0.18405406 0.06492249 -0.1782041 0.08702407 0.05855656 0.12576918 0.08861134 -0.26266548 0.027592927 -0.04147493 -0.23123123 0.06970379 -0.20749347 0.06157034 0.12447176 -0.12826698 0.21179828 -0.14831887 0.42855808 -0.17753118 0.19083846 0.2779552 -0.11771838 0.31185168 0.27648684 -0.22206041 0.15599978 -0.024985155 0.005690739 0.07313621 -0.26311803 -0.17567901 -0.25249994 -0.2380446 -0.2819865 -0.14907925 0.00732975 -0.07584866
COD 0.02230553 -0.144347 0.21858265 -0.1557917 0.2996902 0.10534505 -0.1442306 -0.08822405 -0.24931677 0.6079434 0.33589047 0.10187069 -0.0372639 -0.1084702 -0.05766051 0.5196795 -0.06078582 -0.10028799 -0.1553572 0.20263946 0.0031318795 -0.07697523 0.058827024 -0.2939268 -0.12410844 0.20266475 -0.31267765 0.1207702 -0.19764724 0.42170027 0.033420637 0.33018 0.095337614 0.17787382 -0.2742183 0.115296334 0.24552129 -0.08592528 -0.15628323 0.010952391 -0.0126892105 0.2821771 -0.036883965 -0.025281807 0.13307327 0.005016879 -0.18445587 -0.09461594 -0.04573618 -0.09390136 1.4838122e-05 0.5286032 0.26965633 -0.26558387 -0.2150771 -0.1466067 0.67894316 0.25138322 0.24877109 0.08230054 -0.42184627 -0.10012032 -0.015675163 0.1531864 0.16178711 0.06471869 0.23803107 0.06647239 0.01684767 -0.0908328 -0.006759038 0.027517973 -0.16953175 -0.09310077 -0.11831268 -0.31158674 -0.16614206 0.04053708 -0.024651904 0.19457293 -0.20559911 -0.43801022 -0.21152692 0.44077232 0.18556584 0.050094396 0.14234611 0.0076169707 0.16007654 -0.113101475 -0.15538885 -0.14179344 -0.22620665 -0.22628005 0.05760204 -0.11025244 -0.006771756 -0.010756735 0.042391296 -0.36285123 -0.07355064 -0.12784526 -0.052393146 -0.17182332 0.23618098 0.07337308 0.0066367546 -0.0732316 0.06506435 0.22918148 0.13745262 0.090402566 -0.037303224 -0.20471962 0.110206336 0.102090985 -0.3281013 0.072363384 0.2620166 0.0047841007 0.11210835 0.045841593 -0.08302205 0.14201666 -0.27181116 0.06705047 0.038350023 -0.06470482
SWZ 0.027586583 -0.28077567 0.28695437 -0.2112197 0.29876202 0.08360511 -0.0850726 0.012614291 -0.3722382 0.56892514 0.5403173 0.09835156 -0.009243023 -0.1462683 -0.022588281 0.5507898 0.018803418 -0.20076299 -0.11933465 0.0469515 0.007187611 -0.04555996 -0.051380157 -0.32633248 -0.09833037 0.21343748 -0.27618554 0.1557556 -0.06961035 0.41311944 0.068889186 0.3081255 0.049890377 0.122196235 -0.22996016 0.35156783 0.24992006 -0.002414924 -0.17410915 -0.030446399 0.033122115 0.29233533 0.09924701 -0.1387956 0.27418944 0.0043054484 -0.14573164 -0.15626362 -0.114031486 -0.13405825 -0.017545218 0.5505641 0.20420018 -0.3241245 -0.06786948 -0.2528356 0.5884018 0.2060777 0.34443742 0.12038988 -0.38595644 0.010482241 -0.0051659876 0.32413495 0.12766528 0.08009132 0.21391818 0.0984445 -0.011122517 -0.17048743 -0.1099844 0.010134032 -0.2121189 -0.095966086 -0.07732635 -0.27806628 -0.18103883 0.06569349 0.021337014 0.15149358 -0.20817746 -0.34384105 -0.15959835 0.39903826 0.2484132 0.0016030319 0.026928587 0.0023265665 0.08758419 -0.16898261 -0.16093846 -0.15582587 -0.17150445 -0.057965595 -0.012905566 -0.09778793 0.026633233 0.0060800244 -0.13190661 -0.28370154 -0.052755654 -0.039171927 -0.08624466 -0.0855783 0.2858458 0.044739787 -0.0934128 -0.08673382 0.07659459 0.22001156 0.09072804 0.058203302 -0.059569787 -0.17428409 0.03247132 0.03829462 -0.24593909 0.056816366 0.1340779 0.12297963 0.046603307 0.04893621 -0.19427703 0.14900002 -0.16054718 0.19723761 0.08744757 -0.027298128
MLI 0.17841849 -0.4365429 0.09589913 -0.15259667 -0.011909635 -0.005803351 -0.25680003 -0.5779988 -0.2565218 0.09956884 0.2603046 0.008938601 -0.003060916 -0.061965052 0.16041067 0.3500641 -0.25142008 -0.38308758 -0.3676573 -0.18603961 0.16881904 0.33086926 -0.09542009 -0.0078083486 -0.066130176 0.23454167 -0.019190993 -0.09204441 0.04643151 0.07747535 -0.2918413 0.19877155 -0.048300013 0.14507677 -0.050977834 0.24063098 0.20571718 0.0021981685 0.13848987 0.107251845 0.265914 -0.07923708 0.27729282 -0.08792739 0.09150215 0.007174523 -0.040775545 -0.3055971 -0.15811235 -0.1446584 -0.0982659 -0.03166987 -0.008326537 -0.13347314 0.021796348 -0.030672023 0.43240687 0.06910554 -0.11266112 -0.09529062 -0.09037758 -0.044853818 0.10689906 -0.03342622 0.0738732 0.068948224 0.04715107 0.07419941 0.052595895 -0.40821448 0.044155095 0.075306304 -0.18381152 -0.07892336 -0.18845437 -0.23311272 -0.17617509 0.2788655 0.042114988 0.115892254 -0.23138195 -0.35678867 -0.050155252 0.5203568 0.106102906 0.32182384 0.009695778 -0.115797155 0.11569274 0.09601755 -0.15015827 -0.15662816 -0.06328815 0.06494518 0.30603528 0.10189274 -0.11295972 0.11467098 -0.28606462 -0.19785507 0.23083347 -0.07666849 -0.23091736 0.39779404 -0.05072352 -0.12053313 -0.033809166 0.13601188 0.060342733 -0.029581696 0.024427988 -0.0015179116 0.19866519 0.061876897 -0.2456469 0.15095145 -0.27816042 -0.06263119 0.015126678 0.06565189 -0.0522258 -0.031454314 -0.0940932 0.2522743 0.041379277 -0.019696504 -0.15052053 -0.037202165
BWA 0.05125363 -0.097840294 0.13910654 -0.20139621 0.37509903 0.08874206 -0.18422125 -0.03103203 -0.31138954 0.5458142 0.5204754 0.098220535 -0.03806022 -0.21408926 -0.0026507322 0.553521 -0.13280167 -0.2349931 -0.13956417 0.13530548 0.0004368668 -0.057147488 -0.05981936 -0.43782702 -0.117644615 0.13096225 -0.17259191 0.05730376 -0.19288696 0.46610728 0.08397913 0.29430005 0.034027733 0.0867592 -0.20013064 0.27620375 0.20094912 -0.05820082 -0.089670844 -0.0111046275 0.0900885 0.19497164 0.0712962 -0.06584286 0.120267734 -0.02992815 -0.14950876 -0.19189906 -0.059729345 -0.11239749 -0.07368904 0.5032026 0.11338372 -0.32927656 -0.12100109 -0.31317455 0.5979027 0.26930904 0.3370589 0.15635952 -0.3282574 -0.019757846 -0.102621645 0.18526454 0.15464632 0.13760132 0.17625262 0.053512 0.072602876 -0.07445981 0.034548953 0.1435811 -0.1431583 -0.12146393 -0.01685872 -0.3570525 -0.13509576 0.10188932 0.052373108 0.28552407 -0.2367588 -0.385976 -0.14372888 0.49924934 0.16749404 0.0055833394 0.036181845 0.15714663 0.07548585 -0.17794871 -0.21541318 -0.17100793 -0.17777118 -0.06367476 -0.012700076 -0.07535238 -0.012350097 -0.005874982 -0.03946047 -0.36099938 -0.017380934 -0.05308914 -0.028317112 -0.11832098 0.24924731 -0.05093828 -0.057035565 -0.031200219 0.054307643 0.18278083 0.07433026 0.17996113 0.04312428 -0.14809962 0.009876942 0.11910387 -0.26355976 0.069337316 0.32679808 0.1045103 0.064952634 0.031538554 -0.15478614 0.099260956 -0.24716164 0.070989996 0.06116122 -0.038568284
VCT -0.0752212 -0.21523713 -0.01602196 -0.28391746 0.10559052 -0.20120145 0.04888509 0.27692768 -0.2670943 0.23778039 0.31118995 -0.021392832 -0.0029193216 -0.20760491 0.31831333 -0.20492418 -0.14521112 -0.099116914 -0.056405943 -0.10945727 0.0027857241 -0.12536456 -0.3072691 0.02564091 0.044913255 0.33967084 -0.093984224 0.06913429 0.16095977 -0.013459503 -0.06399712 0.06166773 -0.04062515 0.104646884 -0.37807843 -0.061547082 0.11753089 -0.1561538 0.028644018 -0.15647654 0.09475524 -0.0022976652 -0.11114723 0.21434256 0.18261737 -0.054914076 0.07628798 -0.08444364 0.07051696 -0.054208085 0.27644774 -0.019487351 0.21975228 -0.07542423 0.02570321 -0.25289422 0.22380726 0.15707535 -0.03918102 0.120861374 -0.08135624 0.12546216 -0.07839573 -0.083487295 0.3288005 0.13427849 -0.047673967 -0.15653014 0.05921075 -0.41778237 0.3452813 -0.11341183 -0.3279428 -0.1294012 0.10565443 -0.078706704 -0.19222829 -0.1750501 0.010247383 0.054599725 -0.24263884 -0.34371796 -0.01613752 0.17491417 -0.20875221 -0.009401218 0.12440761 -0.30991882 0.0017258506 -0.13009194 -0.061058614 0.33605257 -0.021432593 -0.07738959 0.08275314 0.07549691 0.0028266963 -0.1364108 0.14992024 -0.30330756 -0.2660793 -0.0070968173 -0.38410076 0.11251182 0.08418854 -0.044498987 -0.0010006516 -0.047741137 0.55425835 0.0595662 0.14455669 0.1305269 0.021549515 0.3112282 0.08023577 0.045634728 -0.25436997 -0.0016719709 0.075205505 0.008292008 -0.26041377 -0.06890021 -0.1658932 -0.12566687 -0.38393483 -0.104198344 0.13771012 0.071838304
BHR 0.24672014 0.14556159 -0.15470615 -0.08127286 0.24221663 -0.16202046 -0.17581253 0.02198277 -0.29363978 0.082184434 0.33644164 0.23179348 -0.13940161 -0.15633002 -0.07697272 0.22562745 -0.05530861 -0.10570469 -0.28886318 0.10994787 -0.2199447 0.082483225 -0.11748241 -0.43303508 -0.021328071 -0.0866653 -0.058475524 0.14625181 0.067618534 0.27148595 0.033052966 0.18797995 -0.061026197 -0.023523528 -0.29449752 0.41834918 -0.00020633114 -0.031818345 0.024127893 0.0625492 -0.07446833 -0.01165224 0.20279962 -0.077801794 -0.00769742 -0.047679614 -0.09105417 -0.019179728 -0.35464102 -0.039362043 0.19362852 0.068046324 -0.0065344237 -0.06360262 0.17587155 -0.25579908 0.2126852 0.09583193 0.28079838 -0.12514853 -0.20025694 0.11182432 -0.23846681 0.15608221 -0.04400175 0.11594848 0.31091416 0.18549407 -0.1046445 0.03839976 0.36594737 0.10715967 -0.09463792 -0.3064893 0.14409462 -0.404997 -0.13765685 0.14889614 0.020209273 0.49030554 -0.10122471 -0.24118549 -0.02669374 0.23165737 0.23427086 -0.03634608 0.111986145 -0.12698472 0.06150318 0.10318394 -0.24920063 -0.13531722 -0.11637299 0.020335881 0.13302064 -0.009228391 0.24936621 -0.18423957 -0.079410076 -0.29383245 0.03844269 -0.11620683 -0.18099986 -0.09107166 0.012322123 -0.1359102 0.02863681 0.18056999 0.089840464 0.12850729 0.1460932 0.32717782 0.10486434 0.02489345 0.0032371834 -0.08201492 -0.03454945 -0.07067364 0.18558884 0.041606694 0.12884101 -0.15126622 -0.057588752 0.025966646 -0.21628384 -0.11331493 0.026638394 -0.25265002
BLZ -0.2124262 -0.41478592 0.26881376 0.0030635232 -0.108319126 -0.15733722 0.09594897 -0.10081832 -0.42160955 0.4656145 0.3339537 0.18724509 -0.19370192 -0.06844551 0.050095458 -0.111040495 -0.38729158 0.21022263 -0.3143731 0.20975883 0.12614284 0.18494388 -0.17641895 -0.011563122 -0.20627607 0.50022537 -0.26547644 0.14174211 0.09956875 -0.16854265 -0.043841984 0.39614365 0.11660842 0.296621 -0.19911897 -0.09695497 0.053800274 -0.4678207 -0.2630716 0.018002227 -0.07320854 0.43351117 0.00095896935 0.3178177 0.34686044 0.109909676 -0.065864906 0.0027125478 0.117832735 -0.14014487 0.58869356 0.01432342 0.21070704 -0.114986144 -0.26223555 0.0134752095 0.40431762 0.1351061 -0.09257527 -0.1611168 -0.18211429 -0.3825863 0.10500216 -0.2349924 0.2014565 -0.078796156 0.33075997 -0.006095991 0.062121194 -0.31783482 0.30239332 -0.04071732 -0.29225174 -0.124162234 0.05470076 -0.020894077 -0.4388069 0.14266615 0.0910831 0.06561843 -0.121978745 -0.19721088 -0.06387879 -0.11197445 -0.11465221 0.22445484 -0.12970997 -0.28011626 0.2114618 -0.08293195 0.09844303 0.43262386 -0.039266277 -0.21522751 0.26948142 0.02398828 0.09660679 0.058610056 0.45167178 -0.1313756 -0.14209771 -0.07445099 -0.039400294 -0.1120041 -0.07699995 0.28069463 0.19174398 0.09009529 0.44372258 -0.011468347 0.03759355 -0.11508248 0.14223936 0.027349953 0.18900448 0.10620625 -0.54157895 -0.18370324 0.034537647 -0.03176271 0.02653786 0.24533479 0.1536626 0.040905695 -0.25677535 -0.25716192 -0.07850146 -0.039179936
AIA 0.06342662 -0.24799143 0.020805154 -0.079801865 0.03762574 -0.30291417 0.2700933 0.26010668 -0.22942013 0.019840129 0.15574211 -0.09858079 -0.02581101 -0.117548995 0.271761 -0.23366551 -0.3780819 0.015108792 -0.22311331 0.106212564 0.01032037 -0.06109749 -0.20196614 -0.061627176 0.005390162 0.34590298 -0.105875045 0.1486902 0.32215452 -0.08981728 -0.090104684 0.290135 -0.119772784 0.051205073 -0.39849797 -0.08627905 -0.011447324 -0.19407424 -0.09558159 -0.12482067 -0.084188595 0.20708989 -0.05423913 0.3024446 0.116889864 -0.047797155 0.18784605 -0.14232013 0.007277748 -0.15921037 0.50132734 -0.13105632 0.096671306 -0.18008116 -0.0094904415 -0.035497595 0.17419039 0.13807552 -0.004914409 -0.03491971 0.106822714 0.07143486 -0.10536722 -0.120718755 0.04997872 -0.014651898 0.039807957 -0.06386462 0.23344843 -0.21075085 0.32412934 -0.19095463 -0.40759143 -0.1581241 0.045582615 -0.11947075 -0.2678224 -0.037737396 0.10852438 0.23724917 -0.06364081 -0.3244038 0.0593384 0.015171195 -0.042040013 0.13434614 -0.024013547 -0.38392365 0.11310633 -0.11636768 -0.030392034 0.34822547 -0.07027183 0.002322404 0.104311526 0.23314813 -0.0058502615 -0.1878627 0.18307161 -0.091595046 -0.21283107 0.0117344055 -0.29359925 0.08427241 -0.0824673 -0.029437756 0.22698621 -0.034768686 0.49414772 -0.032373928 0.1937331 0.13861553 -0.011569595 0.25544897 0.22202802 -0.15554701 -0.030944426 -0.1307002 0.00972735 0.08519163 -0.32958803 -0.06770982 -0.25831154 -0.14609571 -0.3165572 -0.16942745 -0.08437593 -0.092569776
GIB -0.19395763 -0.23271234 -0.109332986 -0.03541488 0.23276018 -0.62918055 -0.05231838 -0.5013102 0.16014372 0.29561448 0.22044061 0.5738911 0.26773065 0.4741054 0.21949539 0.45425412 -0.12503524 -0.5358754 -0.7308614 0.70662737 0.3576012 0.38895673 -0.26186866 -0.020406093 -0.24010298 0.07756069 -0.0051225107 0.42437342 0.12675342 -0.13399854 -0.068188526 -0.14712374 0.42766497 -0.41341767 -0.39497414 0.17707938 -0.048062533 -0.11138714 0.008022869 -0.43877205 0.3150709 0.2389926 0.12771823 0.24556385 -0.15010858 0.21991047 -0.37282208 -0.026648099 -0.17702252 0.07731591 0.32616147 0.3615414 -0.15307993 -0.24943951 -0.23921876 -0.35227317 0.29035908 -0.21697925 0.6304701 -0.3760064 -0.3283522 0.11895856 0.19271801 0.38842583 0.28069186 -0.12311217 -0.16548413 -0.17550537 0.014958761 0.06375696 0.071037166 0.034840755 -0.5712313 0.333101 0.08539917 0.2916426 -0.038855184 0.0318251 0.20964871 0.49841368 0.020011883 -0.7332381 0.41834515 0.3295114 0.30877033 0.33407128 0.2574023 -0.21957798 -0.08229276 -0.1440924 0.012892024 -0.011694502 0.104800075 0.26220977 0.41757467 0.08641317 -0.077444196 -0.4955296 -0.2398495 -0.20359422 0.08437048 0.32901832 0.11861231 -0.07896287 0.02319034 -0.12792116 -0.10740379 0.8130902 0.50391155 0.06181145 0.2557077 0.52614295 0.08470113 0.08231234 -0.39571726 -0.011817789 -0.18681818 0.19444613 0.1180656 0.41473246 0.32316732 0.24866542 -0.102538064 -0.08194394 -0.5150262 -0.35103312 -0.26056987 0.31622252
NPL -0.024104603 -0.2926676 0.12260943 0.11056387 0.17796442 -0.078102544 0.018863065 -0.12702212 -0.19785981 0.4307592 0.3064419 0.17594388 -0.120641954 -0.06658454 0.13922076 0.31946033 -0.15338288 0.12619014 -0.2501545 0.12889607 -0.08273146 0.1694567 -0.02091478 -0.15079413 -0.16718285 0.20325424 -0.1318034 0.0015780844 -0.0101079475 0.010981949 -0.047000434 0.37744132 0.02473823 0.5303462 -0.23869355 0.13772702 0.21379112 -0.24681512 -0.14067176 0.10217661 -0.065475605 0.17605889 0.04406207 0.20031469 0.13272606 0.07582413 -0.2883254 -0.08278398 0.03481057 -0.13853195 0.36673513 0.04404977 0.15035506 0.13542712 -0.25557584 0.11744626 0.3367955 0.13701986 -0.051210005 -0.14461318 -0.24690987 -0.22387113 0.0954249 -0.13267864 0.08375059 -0.057599194 0.1320367 0.099237 -0.023524456 0.027098628 0.17894447 0.015066067 0.009571329 0.07247954 -0.010418504 -0.13275112 -0.15347517 0.011805433 -0.1259084 0.16027047 -0.079024754 -0.26075488 -0.17188609 0.046339504 0.06805283 -0.06286473 0.11880408 -0.2455574 0.050450865 0.2287608 0.07909416 0.04913324 -0.105196655 -0.37241414 0.23487878 -0.0008076311 -0.07393641 0.028075362 0.20091833 -0.19398637 0.05424901 -0.20350567 -0.0828287 -0.15289533 -0.00055900007 0.049788166 0.08135172 0.0062816255 0.14690505 0.053468905 0.08602513 -0.06762935 0.28395206 0.07931419 0.19477096 0.003850984 -0.32420596 0.026542908 0.056332834 -0.19723266 0.2552726 0.04815636 0.15256646 0.10967777 -0.093511805 -0.08232923 0.061019678 -0.03873308
PCN -0.02819331 -0.32920137 0.19313279 0.05086307 0.13063028 -0.15106961 0.2493383 -0.24336578 -0.28218365 0.23885569 0.4044096 -0.12294773 -0.29690683 -0.030489355 0.35190675 -0.035033364 -0.3638337 -0.46821347 -0.4582779 0.17880088 0.42021936 0.460448 -0.4463565 0.051954243 -0.27845103 0.35683513 -0.10419673 0.5484675 0.45245448 -0.31266057 -0.22428897 0.11706938 0.109411314 -0.062652454 0.031494543 -0.25958094 -0.07129476 0.028794196 -0.057152376 0.045846943 0.07272578 0.0928699 -0.10763231 0.19232361 0.32484847 0.1996066 -0.12627886 0.1105728 0.054480284 0.16356353 0.30961052 0.25626212 -0.08063628 0.13088262 -0.37074184 0.21058743 0.31551343 0.16460393 -0.32393163 -0.230405 -0.21074241 -0.43139198 0.28177038 -0.07212177 0.27042213 -0.17929658 -0.047932036 0.122866236 -0.09583233 -0.32512593 0.32852602 -0.17012176 -0.40940544 -0.008363781 -0.0017855883 0.059354264 -0.1738744 -0.12453688 0.11010802 0.21665303 0.11810808 -0.3961264 -0.12382559 0.16598082 0.054365873 0.19747765 0.04794595 -0.27660698 0.07287512 0.14224419 0.16286415 0.29809618 0.08404519 0.13314316 0.31404427 0.047773756 0.23009104 -0.03517539 -0.039665204 -0.17850175 -0.15748093 0.18847503 -0.033688664 0.16053222 -0.06520508 -0.17308678 0.20791991 0.18238722 0.41945556 -0.03498066 0.14110708 -0.31282955 -0.0064241854 0.15529636 -0.20217517 0.18386514 -0.14189188 0.1329756 0.113689706 -0.07142623 -0.049502 0.21036327 0.20259081 0.14216928 -0.39833337 -0.20687348 -0.039597444 0.0040689693
PNG 0.09008869 -0.32069743 0.023771863 0.20610657 0.15266101 -0.25668338 -0.11246378 0.023363428 -0.24864297 0.27764875 0.0852825 0.061270844 0.06224762 -0.07973569 0.09764863 0.4448057 -0.20541269 0.36578473 -0.4175579 0.19005463 -0.26210344 0.23187873 -0.12477553 -0.11580193 -0.14811905 0.16595869 0.19428295 -0.013654399 0.024361968 -0.101511806 0.023448206 0.3528931 -0.08055846 0.58133006 -0.6774393 0.49400067 0.21630004 -0.33847523 -0.28636733 -0.038238786 -0.3156403 0.21999705 0.38604373 0.028061895 -0.074557036 0.072643645 -0.03014271 -0.4657445 -0.14969546 -0.20019226 0.51039976 0.009369494 0.086737506 0.12538558 0.070457324 -0.0033200935 0.4492415 0.10102423 0.17295103 -0.119139895 0.0626398 0.19976003 0.069983356 0.0019015245 -0.04229423 0.109320596 0.28785688 0.059232976 0.18645105 0.2562614 0.32828465 0.099049285 -0.22543383 0.13089634 0.4268385 -0.09606478 -0.11053903 0.16741085 -0.009213684 0.17289731 0.13143222 -0.3138513 0.039008345 0.12557763 0.0990479 0.11536755 -0.07540886 -0.42473328 -0.079936326 0.29393992 0.07372299 0.0649985 -0.05943128 -0.15619801 0.22688311 0.017653743 -0.022955617 -0.30936506 0.19594789 -0.21817827 0.017777372 -0.06775722 0.031463526 -0.11024982 -0.09262724 0.06844005 -0.084348984 0.2198596 0.2758842 0.058879446 0.025562273 -0.017529836 0.301119 0.19852407 0.30796468 -0.13035522 -0.18653339 -0.24681892 -0.039392635 -0.073271185 0.1809583 0.08895477 -0.054806814 -0.048565216 0.12750088 -0.11150586 -0.079631284 -0.11220461
SUR 0.046738442 -0.20873111 0.03273741 0.03475033 0.23046613 -0.44469023 0.15322681 0.06628803 0.06328068 -0.06479538 0.3114713 -0.24091086 -0.17806585 -0.15853302 0.48362827 -0.023960326 0.052162282 -0.40954098 -0.058809463 0.05120431 0.3112469 0.04558456 -0.119263515 -0.1865813 -0.107827224 0.23898481 -0.14644791 0.31285635 0.35733578 -0.016636657 -0.20765379 0.17459251 -0.15244764 0.17891215 -0.21402484 -0.2474889 0.22713813 0.16507296 -0.12737785 -0.09965058 0.24028894 0.1084321 -0.07815651 0.22596742 -0.029640006 0.10655336 -0.10493901 -0.24288192 0.092402905 -0.22520714 0.011741677 0.34476814 0.09312353 0.014354135 -0.18531062 0.13804547 0.40514502 0.46062836 -0.31133223 -0.2541065 -0.093175165 -0.10132262 0.17018062 -0.15177368 0.08526499 -0.11677037 -0.12725139 -0.28879982 0.24014343 -0.1122685 -0.048935093 -0.20223443 -0.17660476 -0.033986323 -0.2045092 -0.18554704 0.0050806534 -0.15135917 -0.14790602 0.11008506 -0.14049618 -0.27479494 0.16577995 0.20163889 0.14990327 0.1675386 0.33284438 -0.095933296 -0.317806 -0.068212636 -0.189507 -0.18710913 -0.18629871 0.0523428 0.12867725 -0.0045339377 0.024354592 -0.0826438 -0.019055756 -0.25597382 -0.2404358 0.045370664 -0.17501661 0.13655636 0.31257868 -0.28934157 0.19041617 -0.25333384 0.4371058 -0.29339182 0.21596885 0.22003226 -0.085055925 0.26652288 0.17994872 -0.1691161 0.0656939 0.03527355 0.068972886 -0.03984272 -0.15478387 -0.12524089 -0.060863886 -0.037882376 -0.28373027 -0.16507715 0.10768915 -0.108005844
SCG 0.092329025 -0.45387203 -0.023328971 0.037668254 0.10404903 -0.26143754 -0.117340595 0.025158226 -0.29657587 0.097611696 0.26629212 0.21586542 -0.16629335 0.16473234 0.11001911 0.11149225 0.032789405 -0.227767 -0.35424533 -0.030799197 0.30957726 0.4436652 -0.24879393 -0.061100874 -0.15801334 0.0704812 -0.040091723 0.46174386 0.3215815 0.011178029 -0.13142401 -0.1001606 0.0047246134 -0.05701419 -0.15308975 0.12837464 0.14686508 0.023818096 0.2869857 0.0014000856 -0.031760354 -0.016151844 0.15893435 -0.0654776 0.30849493 0.01442689 -0.32835543 0.22415419 -0.3313258 0.18288027 -0.04023266 -0.0031601149 0.106670596 0.2249402 0.40277418 0.06798086 0.13887358 -0.053911794 0.0483184 0.039677475 -0.121608935 0.123967566 -0.004457654 0.26186073 0.2675177 -0.044220857 0.051609743 0.25679073 -0.34808913 -0.14845368 0.28327385 -0.044473004 -0.149515 -0.21055554 0.065421894 -0.16801691 -0.101380914 0.06735465 0.0039860075 0.16338368 -0.065097466 -0.20053557 -0.0685706 0.5181782 0.2097796 0.030207656 0.27994168 -0.19095768 0.05077508 0.23813507 -0.01366935 -0.01911217 0.04334238 0.115462594 0.35587093 0.1598056 0.33059022 -0.14917825 -0.2243697 0.108884595 0.014647557 -0.031167295 -0.3599405 0.15616599 -0.014834378 -0.03318808 -0.13780531 0.1772279 -0.012321658 0.13643704 0.041249074 -0.047821023 -0.17022583 0.1239087 -0.21087596 0.115119554 0.07472191 0.18216638 -0.06171763 -0.06923991 0.049348824 0.028098367 -0.027810795 -0.028709097 -0.06674173 0.012020719 0.16330431 -0.0068714563
KNA 0.078771956 -0.28292376 0.028562354 -0.018702943 0.019654466 -0.27490288 0.2753914 0.29818946 -0.23328587 -0.0027819886 0.20117763 -0.035035864 -0.046134382 -0.10034799 0.24785388 -0.20084684 -0.36389735 0.06798318 -0.18935674 0.09395602 -0.012646035 -0.059568714 -0.20161337 -0.05221838 -0.012665963 0.3264034 -0.11775876 0.10521291 0.3072262 -0.06793754 -0.09589055 0.3421262 -0.12444061 0.0806616 -0.38131303 -0.057685073 -0.0011280568 -0.19205992 -0.116710156 -0.081466146 -0.102779195 0.26239413 -0.017308248 0.3268563 0.13615276 -0.06146559 0.12486295 -0.104954064 -0.02553147 -0.18065928 0.5281887 -0.15811822 0.13155943 -0.1890524 0.0028201784 0.009200588 0.21171935 0.12866308 0.016947685 -0.09388009 0.1046433 0.042028584 -0.11287009 -0.15158477 0.038171124 -0.081779115 0.057520367 -0.014666893 0.23588735 -0.20202531 0.3149044 -0.2086132 -0.3853677 -0.18283422 -0.010077114 -0.17122203 -0.28910008 0.0018156474 0.120208345 0.26237047 -0.068186216 -0.31133658 0.046184488 0.0023029381 0.0024766992 0.1245035 -0.029895965 -0.38598245 0.13069022 -0.11956349 -0.02636249 0.3424745 -0.12553129 -0.008783092 0.088715225 0.25055858 0.03298803 -0.17418796 0.19086555 -0.029637663 -0.18588942 -0.013221738 -0.26921016 0.07778731 -0.080718644 0.015847087 0.22221053 -0.04073937 0.44488218 -0.06278322 0.18653384 0.0779391 -0.01848775 0.2678533 0.2983665 -0.16289003 -0.028209623 -0.1527416 -0.022593258 0.07607597 -0.28816128 -0.08066429 -0.26150495 -0.17040305 -0.30183366 -0.13693094 -0.10459029 -0.104735844
MRT 0.19624409 -0.056131817 0.00013843991 -0.085270606 0.13931672 -0.08183536 -0.16624086 -0.03477359 -0.2829765 0.15813836 0.2640628 0.16743147 -0.120452575 -0.15750371 -0.012586025 0.26769733 -0.015725486 -0.026794419 -0.20391452 0.11492934 -0.069160245 -0.0042457534 -0.0070009874 -0.38180748 -0.025768373 0.011602271 -0.16070223 -0.06618597 -0.032778203 0.28727493 0.0025724175 0.28120288 -0.056244105 0.16027884 -0.31069764 0.26200223 0.12850636 -0.040228784 -0.12012915 0.048409417 -0.03556498 0.12700313 0.13884328 0.0692681 0.048699137 -0.03573158 -0.062026255 -0.07686774 -0.26593965 -0.17078528 0.15057276 0.09339749 0.15356812 -0.19659477 0.074898936 -0.074652776 0.32644233 0.14075513 0.25296506 -0.09591541 -0.1424593 0.04027336 -0.16700578 0.043965783 0.033802755 0.055660933 0.18822668 0.06682171 -0.019706402 -0.16023509 0.15910752 0.005499851 -0.12606424 -0.27192068 -0.07372367 -0.369764 -0.1375596 0.19866273 -0.058981955 0.31974477 -0.17452012 -0.19651546 -0.020810813 0.2244609 0.18588768 0.04785228 0.17605333 -0.010473066 0.18096791 -0.045220543 -0.25241145 -0.17556494 -0.17094119 -0.062026497 0.13576426 0.049358655 0.092309274 -0.08574911 0.015770018 -0.27163064 -0.014833253 -0.12956724 -0.18286124 -0.015679734 0.13814624 0.031194357 0.056497827 0.03581519 0.100395605 0.023204379 0.138822 0.27709454 0.04811001 -0.0960326 0.09266876 -0.05779878 -0.12969992 -0.046981603 0.12504427 0.037943974 0.061088428 -0.14260997 -0.15924877 0.04291935 -0.14004453 -0.021397175 -0.034267757 -0.17123044
GRD 0.02378973 -0.14733885 0.011938566 -0.0855355 0.13666497 -0.29530135 0.2335148 0.29823658 -0.27837378 0.057048924 0.20049806 -0.027173221 -0.025381714 -0.1517069 0.22875741 -0.2203786 -0.33122456 -0.023840392 -0.21300274 0.093173906 -0.04176308 -0.10621267 -0.23725948 -0.052769396 0.030582216 0.3609444 -0.09901293 0.20998426 0.26972803 0.0067829555 -0.08861407 0.32679123 -0.1626757 -0.09769185 -0.39167106 -0.04648351 -0.107720494 -0.1585526 -0.11434982 -0.13114147 -0.1716436 0.2634578 -0.06294191 0.2687968 0.06721684 -0.084604025 0.21465327 -0.14667906 -0.08751573 -0.16889992 0.4987472 -0.060508627 0.08826505 -0.18838271 0.064144075 -0.16143318 0.23526365 0.13080102 0.052597843 -0.0030182013 0.091256775 0.09202902 -0.12788728 -0.12511328 -0.00864297 0.010118501 0.052830964 -0.033251602 0.21925074 -0.11600147 0.34997976 -0.15622608 -0.36199862 -0.21227217 0.09316205 -0.13697493 -0.29000458 -0.008749567 0.15320267 0.2686639 -0.0858869 -0.29524586 0.047262292 0.029328305 -0.041647002 0.13397561 -0.021351304 -0.3244265 0.115063 -0.1515644 -0.08893227 0.32264912 -0.09814731 0.00018003129 0.050814245 0.1856498 0.06622158 -0.22012305 0.20419537 -0.14472432 -0.23130023 0.0040053558 -0.32671186 0.06865382 -0.074907966 -0.027729314 0.22111717 -0.033713978 0.4957388 -0.061052356 0.22840323 0.16313675 -0.074208446 0.1353848 0.2582263 -0.18636835 -0.015437909 -0.17056103 0.038287085 0.14638208 -0.27782038 -0.075786166 -0.28505543 -0.12558305 -0.3467329 -0.19788103 -0.11992952 -0.122846484
DJI -0.0476319 -0.1844993 0.11828474 0.09457996 0.19781622 -0.0386485 -0.08714553 -0.11239525 -0.21345475 0.50131494 0.21880984 0.21697587 -0.19412352 -0.11815984 0.047728464 0.29433212 -0.034026872 0.1470666 -0.26310265 0.13457364 -0.052535392 0.17578915 0.004534949 -0.22330485 -0.15382533 0.20714968 -0.15345481 0.053673282 -0.07490758 0.021485975 -0.011098731 0.31568518 0.018435245 0.4919636 -0.28692305 0.123537116 0.24086873 -0.2663128 -0.17951357 0.06939798 -0.15499517 0.16673294 -0.022430956 0.13969447 0.09685116 0.051985737 -0.28208643 -0.048775483 -0.057978794 -0.13536839 0.28935292 0.1440514 0.23036598 0.15473846 -0.1715912 0.06821945 0.39510897 0.17234671 0.007905312 -0.092483655 -0.24780779 -0.19631624 0.1324452 -0.10117191 0.09879382 0.037230846 0.25724477 0.102218 -0.08355645 0.004675823 0.1964071 0.05123039 -0.016039656 -0.041797362 0.042567346 -0.1324513 -0.127147 0.06427983 -0.18381771 0.16368352 -0.089564726 -0.23513053 -0.16284733 0.11516871 0.085992254 -0.047015008 0.22562085 -0.18250564 0.09477331 0.24152055 -0.0017843965 0.017706485 -0.06224863 -0.432127 0.27178636 -0.055530656 0.011624713 0.0015724783 0.2505831 -0.2777875 -0.006232782 -0.23135439 -0.094675876 -0.20433666 0.09749254 0.074167565 0.07862599 0.047458123 0.18528125 0.07757856 0.08711133 -0.003361488 0.25250307 -0.069868445 0.19151156 0.047050603 -0.32068303 0.037180617 0.10184897 -0.23305477 0.25385907 0.04866237 0.17176785 0.06623873 -0.0860933 -0.13266212 0.075535655 -0.10852556
ALB 0.20197465 -0.49492598 -0.027607402 0.20407943 0.11763351 -0.6061777 -0.2881877 0.14792733 -0.066917025 0.16896696 0.21498698 -0.02862104 -0.25196534 -0.034082066 0.19074643 0.35075873 0.23690015 0.012239648 -0.1377432 0.1488087 0.39501712 0.24567182 -0.14492984 -0.109867275 -0.21380168 0.012349165 0.0063761254 0.12546252 0.11571419 -0.1474403 -0.12113012 -0.06605188 -0.08668886 0.36658344 -0.55958015 0.08381658 0.36921927 -0.17034973 -0.10433913 -0.12522048 -0.022718893 0.11517315 0.12363213 0.05414833 -0.037188563 0.15062183 -0.299182 -0.09650828 -0.21432804 0.025298517 -0.15286821 0.13266458 0.2615484 0.13597716 0.10696329 0.32973945 0.059110086 0.087850206 -0.10791059 -0.08787514 0.06509447 0.102910034 0.09105462 0.017110426 0.29102924 -0.06318961 0.14977552 -0.009974916 0.004174188 -0.15779658 0.11913103 -0.09946587 -0.24701709 -0.15904316 0.04505013 -0.24764483 0.124196306 0.120723896 -0.2136715 0.03183432 -0.0838521 -0.20992155 0.17464955 0.38553372 0.3211391 0.18843707 0.406462 -0.25728947 -0.059690762 0.06558745 -0.15433396 -0.22495422 -0.15469529 -0.056128882 0.32641897 0.09438219 0.2713149 -0.26310048 -0.106786475 -0.09374194 -0.025608558 -0.116352044 0.10158112 0.081852295 0.25584853 -0.11099131 -0.089663126 -0.018668856 0.16966178 -0.088081 0.024951302 0.06133776 -0.06481606 0.21683073 -0.019537909 0.07306905 0.08467162 -0.031217212 -0.11692646 -0.124655135 0.034807842 -0.15836608 0.015525609 -0.19230941 -0.03555268 -0.085739866 0.15519398 -0.21139434
DMA -0.09734406 -0.20201308 0.08503181 -0.3896025 0.24424812 -0.033100877 -0.017712176 0.0121893855 -0.41769084 0.3908715 0.52959824 -0.008203522 -0.11207227 -0.35432112 0.38636082 -0.07477629 -0.17958431 -0.47147998 -0.05732256 -0.23983249 0.09071336 -0.019731136 -0.3398143 -0.031466763 0.05778222 0.38676646 -0.1795515 0.20061558 0.0978167 0.043647975 -0.14148359 0.019605938 -0.0045264494 -0.014267911 -0.05801103 -0.04895071 0.17567933 -0.09850472 0.15740523 -0.087818734 0.1739437 -0.11969623 -0.181621 0.01976809 0.22001833 -0.031311557 -0.012838825 -0.10097125 0.15543346 0.028977998 0.008058789 0.1599737 0.06152554 0.020144789 -0.072726466 -0.3615208 0.3010896 0.27149433 -0.2381974 0.28707445 -0.30276814 -0.07907238 0.063296355 -0.04971685 0.310817 0.29959872 0.0035098172 -0.054476667 0.01578229 -0.47757873 0.3275494 -0.003636257 -0.2189511 -0.19860053 0.08395739 -0.11872106 -0.19869526 -0.3148786 -0.0043092463 0.08151655 -0.33928877 -0.40975034 -0.13478975 0.5080377 -0.2695273 0.011427661 0.14348894 -0.12668829 -0.015098191 -0.0052302615 -0.08906549 0.28485665 0.16226013 -0.07686503 0.19582705 -0.058102593 -0.119091846 0.050204404 0.027117515 -0.5006476 -0.24070217 0.04734292 -0.46073785 0.17907213 0.15664625 -0.20703441 0.05564238 -0.06297661 0.5220897 0.09001153 0.15673353 0.050208386 0.14329365 0.19239181 -0.22432761 0.18731615 -0.30519113 0.18717341 0.280319 -0.03919504 -0.2478032 -0.037779033 -0.036093008 0.09643601 -0.48925298 -0.06750717 0.20048617 0.11547506
TCA 0.059860483 -0.19961368 0.08811955 -0.08784828 0.0440391 -0.25551692 0.20192361 0.301595 -0.30480617 0.056356933 0.21376719 -0.08958643 0.013818542 -0.1798772 0.28477934 -0.18754333 -0.34237114 0.06895916 -0.20732042 0.07780699 -0.064407855 -0.08910422 -0.20593505 -0.075442895 0.012676698 0.27603325 -0.06948044 0.12427313 0.27535793 -0.061815966 -0.008876578 0.26147333 -0.07412796 0.09777042 -0.37233412 0.013666269 -0.017819205 -0.19441631 -0.14219528 -0.066090964 -0.16575399 0.21082565 -0.0025725255 0.22093248 0.08208224 -0.021282226 0.21749796 -0.165292 0.010493159 -0.12845512 0.5071401 -0.09024541 0.10272155 -0.18457575 -0.005152762 -0.09763146 0.20315929 0.14307615 0.023782013 0.0279034 0.072101675 0.11590958 -0.12536095 -0.094574735 0.053327776 0.02581973 0.04447024 -0.06305524 0.22863023 -0.18894482 0.29975465 -0.16669248 -0.38900992 -0.14435443 0.16900916 -0.11878974 -0.2359596 -0.050758045 0.0680958 0.21765903 -0.025986014 -0.2476802 0.06410997 0.026169213 -0.111869335 0.09139246 -0.0683875 -0.36119595 0.06206159 -0.1241574 -0.023883034 0.38699937 -0.028350638 0.03593056 0.09606766 0.1804275 -0.023523288 -0.22273724 0.2038527 -0.19182873 -0.26599878 0.017968776 -0.28800586 0.03680315 -0.053611252 0.0064839665 0.17486124 0.026287733 0.5367038 0.018177383 0.17168993 0.11485576 0.034341063 0.23918508 0.24078938 -0.16535537 -0.06892485 -0.1361182 0.008815236 0.063392885 -0.27154556 -0.038288258 -0.25087813 -0.104580805 -0.2801316 -0.06387886 -0.020276753 -0.044542912
GRL 0.17156774 -0.45087552 0.10865931 0.19496264 -0.020509608 -0.62349844 -0.19934703 0.22733767 -0.15830004 -0.00032938435 0.060740575 -0.026474634 -0.19995753 0.1764859 0.12744355 0.23444691 -0.27925882 -0.08527201 -0.3340689 0.3767515 0.49511868 0.21870399 -0.07314092 -0.312028 -0.21407093 0.021182511 0.017257923 0.28778023 0.044818122 -0.31347257 -0.058865633 -0.14029244 -0.06289735 0.067686826 -0.24864246 -0.011049786 0.2050721 -0.2196208 -0.008729397 -0.16912007 -0.07338855 0.32916397 0.05636734 0.025713434 -0.03402444 0.1961626 -0.12934151 -0.009215857 -0.14899834 0.22408624 -0.20214792 0.109073885 0.0932176 0.03442067 0.30520034 0.2713554 0.12102961 0.08931166 -0.07054324 0.061775982 -0.02071662 0.1328704 0.211056 0.2312203 0.0911525 0.06435718 0.22380163 0.00549739 0.16619392 0.121924065 -0.008830727 -0.019997887 -0.158112 -0.12410282 0.08469451 -0.025785001 0.20671052 -0.10922701 -0.160409 0.06254498 0.10836818 -0.18241481 0.26117635 0.52005875 0.19530666 0.22977924 0.21546333 -0.05885667 -0.042353645 -0.013306856 0.09307061 -0.19922273 0.2168239 0.20419586 0.37129542 0.19560759 -0.20770362 -0.2339441 -0.1875843 -0.03941848 -0.207283 -0.0049322625 -0.014774231 0.17189229 0.168015 -0.09801678 -0.145622 0.17950445 0.15768047 -0.03362722 0.058856647 -0.012741851 0.0009646544 0.17829332 -0.37669316 0.050344687 0.1492776 -0.01791608 0.09114947 -0.02333078 -0.115761355 0.01930576 -0.08611689 -0.16466217 -0.06423027 -0.045983586 0.09492473 -0.1951761
TLS 0.01750339 -0.24945 0.010806137 0.25599113 0.17028138 -0.20565534 0.01967823 -0.014288291 -0.14920366 0.31409767 0.15692112 0.015580294 0.02013988 -0.08990813 0.16638279 0.37622645 -0.17731719 0.28307748 -0.38178024 0.2735102 -0.16891187 0.27489996 -0.13693438 -0.18659207 -0.20652686 0.11362861 0.11629605 -0.04809205 0.15620795 -0.13732779 0.0719289 0.37699342 -0.07608848 0.61786884 -0.5637632 0.516601 0.2175279 -0.32498494 -0.27924335 -0.007274195 -0.21258059 0.2196522 0.36768845 0.009432233 -0.09919837 0.13713245 -0.15132295 -0.42348465 -0.030613199 -0.17736886 0.5398765 0.08128468 0.012558332 0.14714222 -0.12794389 0.024290618 0.38942432 0.17616715 0.15948382 -0.20427182 0.0041548978 0.08291286 0.14476573 0.043722287 -0.015862042 0.05823239 0.23783721 0.07082909 0.13363665 0.2553537 0.13698886 0.105155505 -0.16179879 0.24193935 0.39797384 -0.0695774 -0.10481928 0.030630352 -0.08283235 0.1426091 0.2173002 -0.34411797 -0.0016392962 0.17246187 0.1600443 -0.013643582 -0.017915599 -0.4487309 -0.20377488 0.3257914 0.15378235 0.05547025 -0.026029829 -0.1453419 0.24729088 -0.03287364 -0.06197448 -0.28426647 0.14022982 -0.22137251 0.031548783 -0.047142435 0.10929468 -0.1926125 -0.030887201 -0.02358671 -0.10685195 0.21119435 0.22365493 0.035442654 0.026793309 -0.053303763 0.3748619 0.28927526 0.303182 -0.1711806 -0.14859533 -0.13532573 0.005669142 -0.11368782 0.24920473 0.13800429 0.06651234 -0.052178387 0.09434862 -0.06727058 0.020577913 -0.09244089
TON 0.3287627 -0.083611876 -0.048145555 0.019485345 0.1645761 -0.4488087 -0.26946598 -0.05663909 -0.40381712 0.021557411 0.20253393 0.013825717 -0.087067395 -0.22062573 0.05587325 0.33756682 -0.14787698 0.069740206 -0.4520711 0.18276685 -0.1684237 0.09849878 -0.24282041 -0.20656502 -0.036314975 0.048885744 0.06995817 0.033128753 0.08876662 0.02287171 -0.097049266 0.28752968 -0.13610247 0.11757241 -0.6432954 0.48902386 -0.107671306 -0.11518159 -0.28185517 -0.037720624 -0.19808863 0.15242936 0.345864 0.002871003 -0.15534303 0.05807495 0.20067792 -0.38125622 -0.45794517 -0.16309571 0.43275857 0.03804798 0.077073544 -0.23924288 0.1750846 -0.10977633 0.31632668 0.062528536 0.2067238 -0.24952927 0.054242343 0.21763141 -0.17750454 -0.0027891905 -0.07106432 0.058803804 0.23644051 0.057740368 0.10577241 -0.07297182 0.3448645 0.02400391 -0.36442092 -0.20687221 0.23544477 -0.3002307 -0.16634652 0.31989375 0.080615155 0.35213605 -0.0068081827 -0.18008187 0.23338014 -0.0015188035 0.18766274 0.28042614 -0.103105575 -0.27727318 0.114175074 -0.05294848 -0.28275773 -0.10953585 -0.2087578 0.12758505 0.13197412 0.10085302 0.22575438 -0.31662592 0.017599195 -0.40721345 -0.039530385 -0.056157958 0.0058735837 0.110916935 -0.04380722 -0.051564004 0.07675881 0.23483826 0.30863684 -0.10470467 0.1361105 0.3165075 0.042466793 -0.012959032 0.2260843 -0.19394177 -0.038636737 -0.39725232 -0.047781054 0.17693631 0.06754606 -0.1624284 -0.19119138 0.006213134 0.025953988 -0.16883183 -0.23061046 -0.32282618
MDV 0.12982008 -0.3073965 -0.04919986 0.12113364 0.2955717 -0.40881452 -0.12735774 0.21574757 -0.08892657 0.29118398 0.17480518 0.1617248 -0.09910739 0.15488087 -0.002122005 0.4873783 0.06219025 0.12513456 -0.37800416 0.26867634 0.042925242 0.18538618 -0.047072746 -0.39560342 -0.1610534 0.066253714 -0.017683769 0.18560246 0.1060267 0.161708 0.073851526 0.19053738 -0.054839034 0.34209827 -0.6531497 0.3774412 0.22177003 -0.18859547 -0.108610705 -0.10457062 -0.14767183 0.27041945 0.25549674 -0.008025324 -0.0057424395 -1.8553343e-05 -0.26204693 -0.21004584 -0.31722283 -0.22473724 0.08221717 0.22333606 0.29327005 0.059460025 0.19130692 -0.027321342 0.43396363 0.1580492 0.42416868 -0.17748111 0.0035951403 0.22547933 -0.048931196 0.19485413 0.10471817 -0.019603234 0.31287152 -0.011523011 0.03676707 0.15885416 0.17138073 0.035676938 -0.18155426 -0.0064963084 0.15538485 -0.2850246 0.0077959714 0.16419385 -0.091724806 0.31307536 -0.016670072 -0.20199274 0.06809862 0.11017152 0.31984624 -0.007051434 0.07688882 -0.14397635 -0.0545019 0.10753844 -0.0967279 -0.190598 -0.22372577 -0.1608574 0.09977517 -0.0044241883 0.24287324 -0.2564402 0.0311087 0.017759806 0.09621157 -0.20146374 0.032392614 -0.27888027 0.10640592 0.057388667 -0.19968162 0.067731194 -0.06083282 0.13341859 -0.0105273565 0.28337684 0.04278127 0.04746357 0.34399614 -0.14557895 -0.024714708 -0.16280907 -0.06835367 0.06859036 0.18679926 -0.008020603 -0.19809186 -0.16525607 0.06395939 -0.10901498 0.1305834 -0.17596106
NCL 0.116366714 -0.36609706 0.057476208 0.21286547 0.10774669 -0.2811838 -0.051381327 -0.02612516 -0.23063561 0.20217142 0.0960938 -0.06327341 0.036725163 -0.07612615 0.22170442 0.35433766 -0.29502484 0.30971935 -0.4454996 0.16038328 -0.19183384 0.25272125 -0.117414914 -0.07315218 -0.1287049 0.20747927 0.18855377 -0.0106704375 0.11783022 -0.16046664 -0.031428304 0.39179388 -0.117545426 0.6327508 -0.6298386 0.3980353 0.21756242 -0.32435176 -0.2856521 0.003976721 -0.2532366 0.20943588 0.3862609 0.0623543 -0.09139201 0.108157635 -0.02361252 -0.52197677 -0.077000044 -0.22586173 0.5386044 -0.0312656 0.046863403 0.135225 0.0022722487 0.09257041 0.47261384 0.18940106 0.052717093 -0.1591548 0.07460155 0.14210841 0.11806007 -0.035173357 -0.06329529 0.08867147 0.22995536 0.01635152 0.25505382 0.18793882 0.30248496 0.054623254 -0.21167108 0.18303385 0.40264222 -0.0928062 -0.11342675 0.12705275 -0.050789177 0.13994238 0.15230839 -0.31488717 0.037402578 0.12727164 0.05847371 0.14219834 -0.09888918 -0.45641765 -0.14132258 0.3091156 0.10840758 0.082750544 -0.029169897 -0.106806114 0.27494988 0.055766344 -0.10849697 -0.25225225 0.15695849 -0.23406753 0.0033232972 -0.04641867 -0.011081885 -0.035114978 -0.09546096 0.0038888904 -0.045812737 0.19893338 0.32689664 0.029713161 0.029402858 -0.063290596 0.34616026 0.29285362 0.27683017 -0.1490461 -0.1815328 -0.21555224 -0.05128439 -0.12437004 0.120682 0.10010824 -0.050447416 -0.011220483 0.15096141 -0.089952484 -0.06504978 -0.10369039
BEN 0.3412473 -0.473945 -0.025381755 -0.0034201385 -0.10892673 -0.19954346 -0.008915292 0.14796123 0.039262444 -0.14322996 0.22635774 -0.118752986 -0.041590564 0.097381145 0.2834749 0.17976026 -0.41430965 0.0749899 -0.053572014 0.06452637 0.06791467 0.08963243 0.04492794 -0.18754517 -0.2233109 -0.22465722 -0.048647467 -0.091052264 0.20830908 -0.008360705 0.014052501 -0.010327401 0.09442223 0.4965402 -0.31194448 0.08593621 0.40712807 -0.11300507 0.14037146 0.16523913 0.2125136 -0.019084416 0.23313126 0.13768907 0.19653216 0.07118143 -0.28187037 0.033613425 0.12407209 0.1164567 0.09953336 -0.23929648 -0.023583783 -0.10684435 -0.10124558 0.2929275 0.1396304 0.13170025 -0.009569723 -0.15220538 -0.14871453 0.08451439 -0.19400796 0.02642375 0.22781141 -0.0912398 -0.0464027 0.06553524 0.15879253 -0.21876433 0.10994172 -0.13244559 -0.25185874 0.02082837 -0.07391356 -0.32205728 0.05885118 -0.11542102 -0.040481113 0.2545742 -0.07093051 -0.34783536 0.114742644 0.4101419 0.14621758 -0.00020359209 0.12788676 -0.4138353 -0.07652768 0.18391028 -0.008679503 0.042273127 -0.07247338 0.18042569 0.275335 0.22160481 -0.16167292 -0.15865476 -0.15967412 0.05127671 0.025909763 -0.031202335 -0.08523732 -0.019011857 0.054835208 -0.0032134796 -0.04568565 0.12743801 -0.0014779516 0.23500848 0.030906748 0.033545442 0.25620428 0.5797971 -0.045477655 -0.04735045 0.035416428 0.20237988 0.112448595 -0.2335992 -0.030907478 -0.13087648 -0.19099252 -0.114140265 -0.17634681 0.2795163 0.1634687 0.13064213
PYF 0.3196926 -0.37766868 0.009125592 -0.0032672912 -0.09460148 -0.16046564 0.00934814 0.19808513 0.03127405 -0.031182302 0.21867508 -0.115971185 -0.01264688 0.116335124 0.24532568 0.15925117 -0.42668396 0.05844594 -0.11926806 0.09643647 0.09633824 0.096606635 0.010386111 -0.22191076 -0.21430266 -0.17521855 -0.05071066 -0.04616592 0.22522476 -0.03268047 0.057670023 -0.025446845 0.103807434 0.42252192 -0.28984404 0.10146548 0.35001734 -0.16641961 0.19093107 0.14154316 0.19187593 -0.011737817 0.20524119 0.07275565 0.134065 0.04985229 -0.24945128 0.022666585 0.11128435 0.118379824 0.099416964 -0.14935885 -0.022957606 -0.14521612 -0.1050083 0.18161342 0.17640465 0.14095339 0.10062249 -0.10438436 -0.13477941 0.14793155 -0.1737936 0.110913806 0.25832167 -0.063238695 0.027877452 0.0673247 0.18119362 -0.19318843 0.04214129 -0.048307363 -0.29557323 0.03935764 -0.016769174 -0.2955134 0.08226147 -0.145468 -0.05703722 0.2875121 -0.025124738 -0.35066155 0.08877786 0.4084092 0.1384538 -0.008424573 0.085481845 -0.39262322 -0.10253108 0.14664052 0.03810462 0.07649532 -0.051288422 0.15163977 0.19834104 0.17749804 -0.13316718 -0.20923984 -0.16661458 0.053516027 0.028409494 -0.043793462 -0.045448754 -0.078148834 0.017127117 -0.018673774 -0.11806935 0.17947453 0.013153962 0.29069018 -0.0014467547 0.030488897 0.2621784 0.5433291 -0.033096768 -0.029389242 0.023381261 0.15360655 0.091709 -0.17152508 -0.072368436 -0.059177555 -0.18810174 -0.17708544 -0.17221075 0.26772696 0.1805101 0.09746987
LSO 0.0021573089 -0.12788473 0.24497925 -0.21104771 0.3398159 0.0640231 -0.15094754 -0.037857156 -0.3939209 0.571451 0.52071184 0.11195456 -0.057013735 -0.19645752 0.011050786 0.5094002 -0.10897285 -0.23727383 -0.14010036 0.13106494 0.03875014 -0.022249129 -0.06822127 -0.36424145 -0.061237462 0.21063614 -0.22788216 0.1420795 -0.13821 0.39654252 0.04283695 0.28626886 0.024800317 0.0308093 -0.10957359 0.22419445 0.13598385 -0.040340006 -0.092288196 0.0008563788 0.037875894 0.22283912 0.02911168 -0.111713745 0.16363236 0.009521833 -0.13694225 -0.14742766 -0.07260742 -0.094499506 -0.035484478 0.5136939 0.15256484 -0.2800355 -0.11037773 -0.26102397 0.5706246 0.25762907 0.24321213 0.16592233 -0.3678263 -0.08782866 -0.0013710525 0.20856643 0.1304218 0.14012142 0.20675762 0.061417628 0.04231938 -0.102466114 0.006494545 0.0944141 -0.14091271 -0.0960515 -0.03401586 -0.30562627 -0.1573848 0.0362026 0.016243277 0.23082282 -0.1946579 -0.3559789 -0.21359414 0.45814133 0.12015712 0.0030789305 0.03356737 0.13401288 0.08492837 -0.15677388 -0.15514694 -0.14575614 -0.12464457 -0.10898595 0.035782013 -0.09355358 -0.01586212 0.021743106 -0.051480647 -0.3740759 -0.062307198 -0.06607015 -0.08100776 -0.06761341 0.22110811 -0.052516505 -0.042847402 -0.06326995 0.07289323 0.1791432 0.12620428 0.09056625 0.00447716 -0.19839694 -0.029724086 0.09859427 -0.265058 0.06392965 0.27765006 0.08928421 0.057617024 0.06682169 -0.1333045 0.17626838 -0.2457517 0.046402864 0.06711629 -0.06524178
SLB 0.118574284 -0.3084897 0.04352762 0.15621625 0.13106768 -0.28213412 -0.11406629 -0.079009406 -0.22535513 0.2652317 0.1027163 0.0025390135 0.11997856 -0.07681887 0.17301346 0.42307878 -0.29144105 0.2671858 -0.4531393 0.18547896 -0.2542737 0.19147511 -0.13089079 -0.05148553 -0.09624515 0.15630874 0.19890809 -0.030871982 0.02278435 -0.09732157 -0.004586697 0.33670664 -0.065190546 0.5103462 -0.66353536 0.44661376 0.16414522 -0.31734857 -0.27203295 -0.053183895 -0.25070763 0.19438152 0.3919433 0.044216402 -0.14495392 0.08326278 0.023635952 -0.5192971 -0.12552954 -0.17422408 0.49633318 -0.0150169525 0.003536201 0.015908696 -0.007319715 -0.053248964 0.42547086 0.08510153 0.18397087 -0.115479775 0.042543847 0.20694092 0.055964526 0.010171085 -0.08445242 0.11543344 0.21842733 0.030538479 0.24121328 0.2109157 0.26409054 0.10626597 -0.28928524 0.18360275 0.42253175 -0.09549455 -0.12553418 0.15492699 0.026778039 0.1904719 0.12987937 -0.35245416 0.092460774 0.13152257 0.060649574 0.18726094 -0.1210791 -0.43829334 -0.09525465 0.21458478 0.045381986 0.08124068 -0.03592114 -0.07490938 0.22113864 0.034630883 -0.101171575 -0.3106777 0.122878775 -0.27112928 0.014696684 -0.0060704006 0.041959144 -0.062396817 -0.12704568 0.019200593 -0.051935434 0.28899986 0.32539967 0.058146313 0.063006885 0.04379568 0.32600036 0.21059042 0.22207938 -0.15206161 -0.19623718 -0.23757598 -0.01895376 -0.02388274 0.13519064 0.07876571 -0.07507046 -0.020771025 0.093083546 -0.106078826 -0.13209279 -0.08190903
TJK -0.22235827 -0.26763475 -0.0067847585 0.1911191 0.07281291 -0.17929097 -0.09059328 0.11973075 -0.0447055 0.029985307 0.11832359 0.49042284 0.019041313 0.26290238 -0.024840565 0.09277498 -0.112977505 -0.117071025 -0.2708395 0.3287867 0.27172676 0.32534668 -0.09895557 -0.15206201 -0.3808549 0.15654649 0.03547332 0.2615642 -0.036819227 -0.18443689 0.101997316 -0.12728648 0.121459216 -0.31891695 -0.17648204 0.16642207 0.21500364 -0.3883308 0.08275661 -0.20014533 -0.23206443 0.48251206 0.16070436 0.07176442 -0.04108852 -0.10581178 -0.18228231 0.086544074 -0.20975694 0.20459594 -0.041960515 -0.055048008 -0.094499126 0.009524142 0.25204527 -0.053713117 0.31182417 -0.22062954 0.26987115 0.2207711 -0.042024 0.32568803 0.1207111 0.05710048 -0.013528675 0.074239 0.18511924 0.17178267 0.21405469 0.3815577 0.2708395 0.047762856 -0.41296843 -0.29705215 0.10945376 0.07182136 0.027205335 0.10216202 0.15906018 0.3740556 0.061201934 -0.51909506 0.1798407 0.7923713 0.39870954 0.32594138 0.26978204 -0.13681117 0.03431719 0.18214476 0.023740944 0.1162541 0.20351619 0.13048394 0.44449905 0.10473631 -0.08708637 -0.44033 -0.041270494 0.214008 0.012746904 0.07811463 -0.22114356 -0.04149315 0.022044051 -0.01462579 0.010928739 0.42860362 0.22793426 -0.11886412 0.060278412 0.013077473 0.07857511 -0.06927834 -0.24133766 -0.025056848 0.095573 -0.0091469595 0.21042044 0.061470907 0.08288488 0.12648751 -0.22261891 -0.19041583 -0.28736806 -0.22874446 -0.08873358 0.08956251
CPV 0.106600136 -0.09103863 -0.044490557 0.08892165 0.33637676 -0.28344545 0.24510081 0.04569588 -0.1500508 -0.013173801 0.48288482 -0.21079533 -0.28160453 -0.31384653 0.44000313 -0.007177641 0.06678381 -0.41808993 -0.08801402 -0.04541675 0.03441743 0.07192328 -0.16087924 -0.33006108 -0.11793136 0.08680139 -0.15211375 0.26603973 0.2820249 0.15786909 -0.041684303 0.2592063 -0.10173692 0.2395916 -0.23497511 -0.08906837 0.33318365 0.16475503 -0.09782313 0.06197187 0.058308728 -0.03179867 0.06108411 0.15883785 -0.073442325 -0.0041806563 -0.10382759 -0.20425506 0.10156777 -0.15919258 0.033548485 0.20450586 -0.042043053 0.21714313 -0.16698432 -0.012114715 0.3806999 0.42658597 -0.33266538 -0.095198736 -0.12857541 -0.17292313 -0.014473291 -0.19143641 -0.14770958 -0.011688041 -0.09235095 -0.09228549 0.057556797 -0.003433199 0.17363454 -0.12657967 0.05032882 -0.19656593 -0.02280203 -0.28087443 -0.06902193 -0.24505758 -0.0633056 0.19878194 -0.04238937 -0.1735883 0.013687468 0.16882147 0.08071247 0.03815067 0.27575904 -0.038167134 -0.32749766 0.13431832 -0.1717464 -0.046216372 -0.028509237 0.11086714 0.123218335 -0.18202901 0.099837996 -0.08994753 0.016622933 -0.30855852 -0.2739117 0.1453245 -0.2612942 -0.063365445 0.29437196 -0.26756224 0.3225811 -0.17432436 0.34360713 -0.25490695 0.18522708 0.20084722 0.055095717 0.18761219 0.23726214 -0.2150854 0.0874499 0.16102463 0.22352298 -0.15113066 -0.01254237 -0.18181865 0.06598796 0.100259766 -0.2763054 -0.06209665 0.17624189 -0.112843715
SLE 0.2829752 -0.42301574 -0.073881455 -0.1545782 -0.01931957 -0.14073192 -0.19132069 -0.5146037 -0.20417741 -0.11808219 0.29681113 -0.041826203 -0.067329146 -0.070399866 0.16302718 0.33363107 -0.36026925 -0.41517988 -0.31440657 -0.11628713 0.14899363 0.3180995 -0.1879837 -0.031823914 -0.067700796 0.16949287 0.023736956 -0.049529877 0.11513352 0.028266024 -0.36240143 0.221961 -0.11255221 0.05932808 -0.03599357 0.26067975 0.1531523 0.077731505 0.10771645 0.060285844 0.3157431 -0.10002514 0.35329616 -0.03610589 0.09962278 0.04711551 -0.044180974 -0.31769285 -0.105002455 -0.10218997 -0.07030538 -0.076080255 -0.15532029 -0.08945026 0.029337525 0.01572535 0.34215796 0.09435834 -0.20135237 -0.14469142 -0.08166957 -0.10228421 0.038179863 -0.069567606 -0.021745477 0.08962434 0.029948348 0.06432818 0.10649069 -0.34606633 0.18668382 0.027051894 -0.2113483 -0.12195526 -0.15066072 -0.27673736 -0.20490263 0.20253961 0.19722009 0.1772049 -0.20115349 -0.40985247 0.018173452 0.47250548 0.107908286 0.37333593 -0.08826121 -0.10144472 0.064441144 0.089536764 -0.18091744 -0.17037414 -0.05505315 0.23515122 0.3099161 0.16350606 -0.04511846 0.117656685 -0.3353345 -0.15405999 0.20643096 0.05218731 -0.13488618 0.45385015 -0.04802824 -0.2102965 0.038916606 0.093528435 0.025457967 -0.13155381 0.06378885 0.05661212 0.18459576 0.13497217 -0.26880953 0.12357209 -0.14274894 -0.09233372 0.04737788 0.096921936 -0.044651497 -0.10968351 -0.09487254 0.25811112 0.003234747 -0.118692815 -0.20557655 -0.077097125
GUM -0.02712813 -0.3253563 -0.116115436 -0.02317088 0.2026748 -0.3615128 0.509378 0.48679024 -0.21240872 0.17215264 0.39629477 0.359034 -0.08955381 0.08808423 0.14162321 -0.13831462 -0.3732252 -0.015504383 -0.20175529 0.17817912 -0.018469648 -0.0077732536 -0.26711968 -0.24642514 -0.055714462 0.36861458 -0.21951191 0.33518586 0.38338912 0.14118269 -0.058759354 0.4555793 -0.1657705 -0.19960462 -0.32798558 0.10104835 -0.009855018 -0.30098468 0.08499264 -0.20163263 -0.09158319 0.41589168 -0.038240694 0.38315687 0.23442936 -0.21862045 -0.14361528 0.0049940445 -0.09642417 -0.2242687 0.54129386 -0.096191384 0.044458997 -0.17282197 0.10833773 -0.2737023 0.2355885 0.10296482 0.27442774 -0.021528168 0.03159816 0.07791984 -0.20907487 -0.025539225 -0.025043892 -0.11077444 0.12205715 0.12873916 0.25520644 0.059234284 0.40234473 -0.09063034 -0.31334868 -0.2647172 -0.0485543 -0.21587151 -0.42740816 -0.04630915 0.3546322 0.5228278 -0.17999314 -0.38034454 -0.040664155 0.0043392917 0.1494143 0.014052357 -0.10054868 -0.2688944 0.10833714 -0.117636956 -0.0074466304 0.36374992 -0.22187048 -0.15340759 -0.008628486 0.32528922 0.1582499 -0.19641154 0.20185807 0.2782452 0.059216782 -0.083031744 -0.31876412 -0.14033018 -0.12955129 0.006512359 0.20048058 -0.05071455 0.23260514 0.039869975 0.170069 0.3558614 -0.039303344 0.102681294 0.42193198 -0.28541327 0.12564978 -0.062276997 -0.08432403 0.2930966 -0.19427426 -0.029801423 -0.40552112 -0.27976108 -0.43056843 -0.21175848 -0.08069549 -0.04069659
COM 0.20395541 -0.11365687 -0.029197866 -0.043016087 0.14767033 -0.1178535 -0.15265565 -0.081944905 -0.19688539 0.15214816 0.19429815 0.11842966 -0.17785029 -0.12670138 -0.011634737 0.24248703 -0.028284796 0.014264716 -0.19701208 0.07185037 -0.032456055 0.07407931 -0.016807474 -0.28105465 -0.07311478 0.0505264 -0.1270681 0.022414615 0.03375715 0.15878245 -0.05100799 0.24200481 -0.07848688 0.22992592 -0.34053835 0.20931633 0.14265558 -0.073863044 -0.10056176 0.06420057 -0.019922629 0.0863933 0.122107975 0.06930219 0.06432235 -0.0072512142 -0.10450947 -0.086784996 -0.24988787 -0.17085312 0.13834374 0.094163805 0.14769645 -0.06492173 0.03150978 0.007986661 0.31597158 0.16881433 0.12540597 -0.1593125 -0.12914066 -0.012070266 -0.083200686 -0.016434217 0.07007076 0.031682424 0.22996287 0.054530665 -0.03253964 -0.16230899 0.22164868 0.0036272684 -0.13202815 -0.22229217 -0.06619323 -0.32718986 -0.13055882 0.19724856 -0.053384393 0.27826926 -0.14581111 -0.22102302 -0.032032393 0.17425957 0.22112156 0.06716844 0.16160256 -0.08775878 0.14889997 0.05901529 -0.21984068 -0.14836591 -0.17115025 -0.116581105 0.16232517 0.032975584 0.17333229 -0.03885959 0.026316872 -0.20191774 0.03246216 -0.14415064 -0.12526233 -0.020009747 0.10608686 -0.028230777 0.08261659 0.01613138 0.07747013 0.017201617 0.09975955 0.21012168 0.08156888 -0.03482038 0.11494736 -0.0015838121 -0.11057977 -0.066858076 0.084252544 -0.04108423 0.053446215 -0.13192135 -0.07342187 0.01894613 -0.14322338 -0.10793468 -0.020331597 -0.21043208
MMR -0.0047701662 -0.5301716 -0.15682444 0.049219873 0.00028336607 -0.32580814 -0.18049957 -0.2946412 -0.07827324 -0.23845781 -0.042226903 0.38004687 -0.13574293 0.103923395 -0.034919035 0.28930435 -0.27171284 -0.17571758 -0.20703715 0.11656237 0.24368156 0.40702692 -0.20499064 -0.14602095 -0.20734268 0.15926167 0.10445792 0.20954844 -0.022807676 -0.24883021 -0.28555074 -0.10867736 -0.011492289 -0.21445142 -0.030114785 0.29255858 0.22673215 -0.13189805 0.05943939 -0.31757003 0.07068602 0.15580364 0.20600265 -0.009106484 0.11984677 0.04839238 -0.19760534 -0.1551312 -0.0392339 0.033028692 -0.14458726 -0.07600324 -0.20024179 0.1644858 0.38699263 -0.04198577 0.21625452 -0.10922713 -0.08888017 0.065563485 -0.016906623 0.10656783 0.2601382 0.012556554 -0.025477273 0.3032324 0.20253149 0.1032955 0.22744973 0.13109037 0.36535642 0.071256705 -0.35609528 -0.30856043 0.098235816 0.061431006 -0.17355782 0.13250802 0.3385156 0.15941511 -0.16581595 -0.48681775 0.2658004 0.78159547 0.2316811 0.41437396 0.105034724 -0.03973903 0.085453674 0.18901393 -0.08398474 -0.14233422 0.25138184 0.15979502 0.5572252 0.3228648 -0.17039321 -0.06364613 -0.1393203 0.08744577 0.12860411 0.24035132 -0.14169493 0.3579069 0.0845839 -0.044198424 0.057331763 0.26636449 0.2068606 -0.22754627 0.1131757 0.14187685 0.14222312 -0.04708371 -0.4392615 0.12839201 0.06816573 0.0131706875 0.05129667 0.11952272 -0.010834667 0.051191747 -0.11596662 -0.013783869 -0.060273115 -0.3397461 -0.24583597 0.09011363
GNB 0.3242758 -0.45486683 -0.032132305 -0.11763889 -0.109914765 -0.12339099 -0.24320462 -0.52495086 -0.20959644 -0.0900193 0.16453339 -0.09224798 -0.020530215 -0.03528938 0.1107028 0.3320856 -0.42520452 -0.26869583 -0.37475497 -0.1176222 0.11123581 0.35843486 -0.1616341 0.048939593 -0.029156309 0.14870943 0.07511445 -0.12348853 0.10236404 -0.029943496 -0.3547385 0.20220454 -0.10602978 0.16349958 -0.14341438 0.29796493 0.15871635 -0.01810841 0.11374298 0.09293996 0.23369122 -0.11217896 0.3970693 -0.08461834 0.06079566 0.05524747 0.00038372455 -0.362384 -0.1507348 -0.09242619 0.010844108 -0.18721552 -0.105987914 -0.12708734 0.08072025 0.068791606 0.3250389 0.03579557 -0.14205666 -0.13574111 -0.00022030977 -0.018872257 0.031976 -0.05028427 0.0018389986 0.09744262 0.0960996 0.092278965 0.13263454 -0.36739552 0.19047882 0.046329446 -0.28551894 -0.078207314 -0.08101387 -0.27155814 -0.19786467 0.25623363 0.16693577 0.16100454 -0.13532802 -0.41855305 0.030547751 0.50445306 0.1099733 0.41298854 -0.12742037 -0.21652555 0.113050856 0.14193168 -0.14677174 -0.13195223 -0.043241687 0.22868964 0.3552099 0.20975193 -0.09064811 0.053059828 -0.32979295 -0.16925618 0.24670927 0.011510993 -0.111707695 0.4573475 -0.12411333 -0.15949221 0.0014758242 0.184356 0.029719433 -0.06042527 0.049094725 -0.0030238242 0.23712578 0.19585389 -0.27244446 0.13585982 -0.19021003 -0.14356284 -0.0015483382 0.09103946 -0.07579389 -0.09824994 -0.11814627 0.22098762 0.08497987 -0.09145885 -0.24342836 -0.11331789
MDG -0.052008923 -0.19987018 -0.10636381 0.2529977 0.075302854 -0.24085554 -0.0063464288 0.47204652 -0.18363304 -0.06879368 0.30059913 0.34553996 -0.1714534 -0.13240245 0.07117045 0.19290346 -0.017858444 0.011430965 -0.09594503 0.36562917 0.24970849 0.2235224 -0.28824022 -0.57949317 -0.18583083 0.044625077 -0.17057842 0.12725051 0.027865238 -0.009875733 -0.08131337 0.22191192 -0.19967237 -0.09083165 0.1377023 0.24720496 0.099185504 -0.06326953 -0.126224 -0.2084689 -0.07790073 0.29485 0.10889617 0.09251205 0.17170198 0.046844948 -0.39510876 0.20713283 -0.14640118 -0.04924393 0.09351601 0.08430939 0.025857987 0.124936365 0.4194398 0.21278697 0.05081401 0.1476486 0.050190944 0.06000184 -0.14065851 0.036852095 0.1229605 0.20261365 -0.09740595 -0.10267393 0.074382536 0.21761836 0.11067402 0.38805747 0.11332309 -0.14785688 -0.028292874 -0.35549346 0.11955193 -0.19607846 0.008544196 0.045501072 0.025525289 0.18151006 -0.055619817 -0.29755953 0.12191711 0.58109844 0.3026287 0.007059828 0.31196812 0.115995705 -0.10584147 -0.04541691 -0.017848885 -0.2721192 -0.04511376 0.09285771 0.3530736 0.18922956 -0.074985705 -0.16698217 -0.13638133 0.04140771 -0.13032305 0.06313198 -0.23537585 0.14941335 0.47521925 -0.082816675 0.13739166 -0.048679423 0.062747985 -0.32765463 0.23224275 0.11075036 0.017991418 0.15576918 -0.020008367 -0.28476003 0.15198798 0.072552696 0.05902185 -0.10080895 0.12612799 -0.056345366 -0.14761354 -0.15591107 -0.20211336 -0.045375325 0.18671256 -0.27359402
TKM -0.058787525 -0.22727177 -0.012257971 0.15259111 -0.0057864925 -0.24185032 -0.05091092 0.079571545 -0.06570612 -0.008116529 0.16568796 0.29459202 -0.09546799 0.1430573 0.065964244 0.089835435 -0.17815973 -0.095251724 -0.25423148 0.27073738 0.31182486 0.28607777 -0.16790314 -0.31233722 -0.21959776 0.0100955535 -0.056437895 0.22648226 0.07342588 -0.1491689 -0.012285889 -0.071118526 0.07744702 -0.077107914 0.00056637137 0.0775084 0.17090017 -0.17874373 0.053394407 -0.1480527 0.037835017 0.18243182 0.12113486 0.039613258 0.08969938 0.02840596 -0.2683687 0.13395974 -0.06318627 0.15378338 -0.00740467 -0.004974504 -0.038162097 0.06834186 0.20405775 0.06243534 0.12025585 -0.026255878 0.088859186 0.051810943 -0.1349267 0.12316653 0.12680799 0.15485488 0.06382091 0.020070873 0.12334561 0.10531564 0.08825054 0.15971938 0.119937606 0.016590366 -0.19377805 -0.15758589 0.059591472 -0.009959622 0.038159195 -0.03278276 0.027022166 0.20079552 0.023492392 -0.33206645 0.15312524 0.5221397 0.23289177 0.14249986 0.23705184 -0.047474116 -0.05955134 0.07980545 0.05469237 -0.061029166 0.13754308 0.14207423 0.35133517 0.1576356 -0.12228411 -0.20706819 -0.12941575 0.036120486 -0.017073568 0.066577114 -0.11798598 0.048855606 0.14570825 -0.061177883 -0.016871698 0.2695537 0.17429067 -0.04436861 0.12546332 0.07975634 0.0891183 0.14111438 -0.23916252 -0.014506454 0.038618214 0.11624723 0.10836559 -0.021671034 0.03193104 0.06658038 -0.06454684 -0.16962406 -0.18566369 -0.08712666 0.071412764 -0.0143258665
UZB -0.07422606 -0.4517486 0.11133735 0.15999764 -0.019947331 -0.115514465 -0.095206745 -0.09445119 -0.21713579 -0.022520334 0.05737468 0.17785946 -0.05826071 0.04366683 0.11594279 0.12910156 -0.1034899 0.0069394624 -0.241067 0.021930434 0.17239831 0.33110002 -0.10217937 -0.10116709 -0.25554827 0.10796579 0.039908793 0.16203916 0.025330432 -0.21861143 -0.039952375 -0.057108622 0.062153265 0.12732622 -0.09829779 0.1860278 0.30397823 -0.16836303 -0.027641583 -0.045076367 -0.15609145 0.1555013 0.20464067 -0.00080871023 0.11882396 0.038305018 -0.13615683 -0.084637165 -0.05607916 0.06229175 0.042439368 -0.040231757 0.022313746 0.1841502 0.24677697 0.059031554 0.33335596 -0.014790086 -0.082350336 0.13526995 -0.040641144 0.11217323 0.20223425 0.004550561 0.047728594 0.13327478 0.15328047 0.101062015 0.07931936 0.08657742 0.22917324 0.005718447 -0.21607786 -0.17230165 0.1806608 0.06889713 -0.04444743 0.063441604 0.040100414 0.07116924 0.019173112 -0.25331834 0.102919444 0.6039011 0.08459407 0.22755955 0.21563914 -0.103960656 0.029965919 0.2524157 0.06946532 0.093449526 0.23162062 0.0968061 0.44629046 0.13700242 -0.1678911 -0.17464967 -0.03662783 0.006950149 -0.10670811 0.11159988 -0.26262036 0.17376246 0.05862053 0.06306216 0.013923822 0.26752642 0.29049057 -0.04876928 0.04411899 -0.12508053 0.16548005 0.07210759 -0.19865808 0.010625877 -0.05157382 0.09273694 0.040744524 -0.14362842 0.02174779 0.13501248 -0.07200535 -0.0202313 -0.03059506 -0.03698678 0.020130232 0.1319979
NER 0.08133916 -0.25825244 0.15359595 -0.15241313 0.035763618 0.036657542 -0.14279191 -0.3646111 -0.20134997 0.1684313 0.30467042 -0.011633997 -0.030237846 -0.09685575 0.22716703 0.17690642 -0.29438445 -0.39328256 -0.3109515 -0.13692167 0.20748204 0.2440798 -0.103583515 -0.121048436 -0.07031803 0.2275878 -0.083526425 0.0052227513 0.07191521 -0.0063776495 -0.16807427 0.10757487 0.032608893 0.15757729 0.11099058 0.057770245 0.184236 -0.014515103 0.15144649 0.10283532 0.2873096 -0.0996785 0.07999202 -0.07305295 0.08673904 0.0343212 -0.0600893 -0.15880065 0.021480434 -0.063326545 -0.06251033 0.086221255 -0.011120491 -0.074148804 -0.10272813 -0.06389595 0.40801665 0.18411402 -0.13648486 -0.041189346 -0.19497627 -0.0854133 0.1650406 0.010295914 0.15751837 0.10126926 0.05595075 0.030939022 0.09536502 -0.3465139 -0.00753743 0.0911447 -0.1259039 -0.015836073 -0.14099462 -0.16887006 -0.073400535 0.03209983 -0.08070482 0.101917975 -0.1499496 -0.35045317 -0.06310681 0.49184644 -0.01231639 0.17867386 0.07811169 -0.0896426 -0.016291952 0.081052735 -0.032490317 -0.058290027 0.057618253 0.01576001 0.236297 -0.007105467 -0.21672301 0.11312019 -0.20923215 -0.30864266 0.06976578 -0.051031686 -0.2543446 0.2590787 0.030067842 -0.17295437 -0.060458772 0.13004398 0.20398757 0.039773926 0.0526572 -0.051965564 0.24431881 0.17882824 -0.24336159 0.16901661 -0.30276483 0.055800404 0.13332812 -0.04223874 -0.10055134 0.025376907 0.008717651 0.1903294 -0.11184104 0.026921317 0.004130643 0.0119550135
IRQ 0.3059945 0.09399514 0.094364226 -0.18611385 0.1425878 -0.13874938 -0.08996917 0.094546884 -0.04966864 0.025448298 0.14800683 0.011875008 -0.04328961 -0.22762093 0.24787772 -0.095533535 -0.30482253 -0.28038937 -0.31867447 0.06489119 0.15395206 -0.05415188 0.13038656 -0.47654814 0.03447228 0.010117378 -0.24549694 0.23127608 0.31271812 0.27592182 -0.033186648 0.13356698 -0.18782124 -0.039885856 -0.0151225 -0.094838485 -0.023206221 -0.0036541915 0.28552553 0.13279904 0.14837413 -0.030914992 -0.14839183 -0.056163993 -0.108072124 -0.062031347 -0.017424121 -0.029429419 -0.17233808 -0.22280337 0.08423618 0.14449069 0.0248463 -0.30959025 0.041782156 -0.21857645 0.29206216 0.32880872 0.22868557 -0.15162303 -0.16405964 0.07114374 -0.10901597 0.10584762 0.116985075 0.083925106 0.2273744 -0.070742555 0.32009542 -0.2604393 -0.13826595 0.030186962 -0.15033515 -0.15571648 -0.17897414 -0.45493215 0.030983653 0.0409344 -0.30970415 0.49101052 -0.1976457 -0.17297243 0.088660434 0.44034818 0.08921919 -0.053665593 0.35819376 -0.1160142 -0.028612519 -0.072200604 -0.22489183 -0.20148961 -0.06630951 -0.07559653 0.08155551 -0.021297546 -0.083878614 -0.029547658 -0.1822462 -0.36360252 -0.013594494 -0.23283501 -0.43939036 0.044441614 0.10745055 -0.22369409 -0.007524868 0.04889648 0.18416008 0.14831595 0.2177592 0.39063066 0.13296714 0.14040564 -0.08168417 -0.13994381 0.104066096 0.09892136 0.17580657 -0.06370539 -0.30701917 -0.13883081 -0.2243098 -0.030265607 -0.37390748 0.06514777 0.09112273 -0.2150622
ATG -0.11097677 -0.2383764 0.010519746 -0.32856044 0.19566204 -0.074264325 -0.10371522 -0.023801748 -0.310591 0.40366817 0.4090595 0.10673086 -0.027768211 -0.22369078 0.3310974 -0.04862552 -0.1368051 -0.3120699 -0.118065834 -0.19844644 0.06923957 0.00565193 -0.28558335 0.05892911 0.0009854762 0.3127201 -0.10819837 0.14879516 0.05982303 -0.010911048 -0.10006428 -0.05705719 0.06950097 0.054005895 -0.17044131 0.009561444 0.21911894 -0.16903058 0.16550234 -0.1024273 0.13329779 -0.12460511 -0.09836199 0.024878498 0.12050105 -0.043341484 -0.025674399 -0.08767933 0.11537597 0.0616711 0.036817323 0.08213652 0.09138283 0.054037385 -0.028542547 -0.37665182 0.28780603 0.1436952 -0.10430626 0.2769001 -0.24295323 0.025028734 0.0121497745 -0.06934152 0.32252675 0.28585684 0.006672685 -0.063061684 -0.021758094 -0.38865674 0.29736647 0.046827197 -0.20035009 -0.1088954 0.13756804 -0.00891512 -0.15080884 -0.26104167 -0.010652048 0.025793089 -0.25187346 -0.3922398 -0.08349959 0.44571853 -0.2636072 0.0054263887 0.17650421 -0.18851961 -0.025561225 0.024183596 -0.046493646 0.31390804 0.16550764 -0.07083654 0.17441969 -0.078511104 -0.10307205 -0.034357272 0.046560798 -0.42884064 -0.21076277 0.034666326 -0.39792472 0.107826225 0.09053892 -0.12841995 -0.03232193 0.09426808 0.47497684 0.13681234 0.10795641 0.07834672 0.18395606 0.20170033 -0.16694193 0.20160225 -0.3321505 0.18664809 0.20876585 -0.0570742 -0.1635515 -0.0022193564 -0.009847558 0.026341563 -0.4006985 -0.0685878 0.15646738 0.18228163
