175 128
RUS 0.096090294 -0.17773789 0.18226393 0.23991665 0.042009894 0.0041376273 0.011059801 0.034830526 -0.14180058 0.28030187 0.22716118 -0.21855849 -0.11637341 -0.24078497 0.024257505 0.111229345 0.037102554 0.17837158 -0.20398141 -0.061321262 0.014899661 0.20618239 0.025676088 -0.015908796 -0.119000584 0.09632964 -0.0377569 0.05866966 -0.2207272 -0.056022283 -0.19635648 0.1160077 -0.056730364 -0.041242305 -0.21477813 -0.016878275 0.22397763 -0.108749196 -0.03225665 -0.13752514 -0.09178557 0.12892261 -0.18487126 0.03559889 0.08791485 0.04415955 -0.23627302 0.15856841 0.08000253 0.07314029 -0.046705563 0.09514761 -0.08807183 -0.0624566 -0.007627362 0.011121036 0.24271685 -0.062020753 -0.1924956 -0.023291463 0.0919598 -0.057984892 0.24637257 -0.081614405 0.1882554 -0.009642792 0.07624516 -0.057184376 0.06497159 -0.19222134 -0.026037624 0.08262149 -0.10620408 -0.23403054 -0.02704029 -0.2915223 0.08602577 0.14412197 0.034189306 0.17152312 0.13521735 -0.047053978 0.035997666 0.1879239 0.12049586 0.21147163 0.09334906 -0.030246379 0.025149764 0.2085052 -0.099002734 0.19578189 0.08720326 -0.042026035 0.17281798 0.22594932 -0.14526713 -0.1760826 -0.0071282727 -0.16220945 0.03597422 -0.07998304 -0.15787451 0.17814188 0.20072898 -0.22744745 -0.09702311 0.068760864 0.25592652 -0.115843356 0.18197311 -0.18542017 0.038168993 0.117706835 -0.0957641 0.0121749975 -0.025752485 0.04728045 0.056683734 0.13094918 -0.18958446 -0.1332493 0.025294082 -0.1361994 0.05625035 -0.02537366 -0.06564259 0.1311614
ARE 0.034581747 -0.15578565 0.13356972 0.1013594 0.055713292 -0.0021762254 -0.21172598 -0.10468431 -0.046659667 -0.014065459 0.09874413 0.117560446 0.06167337 -0.24035262 0.13500072 0.23613057 -0.10131516 0.13885859 -0.012595925 -0.08660131 0.22990616 0.15128125 -0.12939045 -0.05075751 -0.11430479 0.014662243 -0.1850651 0.30079052 0.23119217 -0.01316444 -0.13886073 0.02831144 0.08868334 0.16913395 0.099049486 0.1257141 0.18648954 -0.071031876 0.28847528 0.1340041 0.20793638 0.111397766 -0.06221943 -0.03661668 0.1551071 0.027379109 -0.059191573 -0.056938354 -0.10513307 0.13593177 0.19632457 -0.092865944 -0.08875592 -0.031962577 -0.16709724 -0.12160247 0.28207982 0.43518007 -0.18049906 -0.10465246 -0.10709668 0.0020887358 0.34614196 0.21284792 0.10756936 -0.15102156 -0.12338131 0.005748056 0.2895228 -0.15905249 -0.15643124 -0.23149045 -0.27192563 -0.1050688 -0.056422293 -0.17004195 0.2632134 -0.1131961 0.017875403 0.29069284 -0.07181951 -0.035734683 0.16522843 0.14476946 0.034037784 0.20601861 0.19928148 -0.015434803 0.19055837 0.050979797 -0.099490464 -0.16399755 0.06578448 -0.027598523 0.083093256 -0.032311693 0.066616826 0.15875325 -0.076828584 -0.079611026 0.030334862 0.060649786 -0.019107845 0.2782177 -0.032740187 -0.12936656 -0.04708262 -0.015458317 0.06628966 0.074793346 -0.086337015 -0.19573693 0.008490011 0.094517335 -0.3682437 -0.007157772 0.16326642 -0.013804852 0.26317596 -0.18445927 -0.14350627 -0.042937703 -0.02366416 0.14212033 -0.15367791 0.13472529 -0.07341724 -0.03019768
NGA -0.014065092 -0.124299176 0.11301016 0.15025228 0.059561286 0.055802338 -0.09128843 -0.11944069 -0.030590571 0.2772796 0.20138921 0.00068943633 -0.03216905 -0.09887531 -0.0050254203 0.05911015 0.010273994 -6.878288e-05 -0.13366564 0.20252049 0.14573018 0.18517293 -0.13997635 0.06178413 -0.22597373 -0.032258406 -0.046276357 0.07604006 0.07378522 -0.13261785 -0.1710325 0.118697084 -0.0066326805 -0.0075908597 0.09901143 0.05935338 0.18383203 0.027881952 -0.08332784 0.008112628 -0.16207409 0.040267155 -0.19666943 -0.031292345 -0.004924681 -0.09141501 -0.11231899 -0.1398941 0.12123891 0.06302 0.14957283 0.33452985 -0.19812407 -0.0049795923 -0.22783057 0.14258501 0.20112415 0.10146742 -0.036192436 0.0299431 0.07403 0.12022453 0.2096301 0.0698539 0.09220252 -0.23190737 0.025449831 0.17444888 -0.16664521 -0.10513274 -0.042673208 0.16635375 -0.35531387 -0.02968158 -0.064019755 -0.25608277 0.051491234 -0.0023888142 0.1337908 0.3688268 -0.044691853 -0.09545139 0.11053259 0.21845077 0.15744448 0.08921002 0.15354674 -0.11062555 -0.09868983 0.06298886 0.09251366 -0.09948157 -0.11463771 -0.10977196 0.33549732 0.15531848 0.017490508 -0.19030802 -0.28037947 -0.009627908 0.010213386 0.08358513 -0.10201519 0.16714577 0.07673866 0.041213177 0.105314195 0.11957028 0.11552035 -0.124851175 0.17686813 -0.061772298 0.13558131 -0.02342983 -0.13523668 -0.003323371 -0.10154384 0.018474335 0.04606001 0.06814884 -0.025304323 -0.03843845 -0.024567613 -0.13922444 0.013366095 0.20486374 0.027087875 0.03683107
SAU 0.033755448 -0.18139324 0.1920173 0.0613248 -0.022850087 -0.060053688 -0.036783397 -0.16753857 -0.11243408 0.025495108 0.1482852 -0.036864825 -0.003601246 -0.19717693 0.021098882 0.083932385 -0.06467775 0.08842633 -0.00094717985 -0.11243865 0.19231744 0.23142162 -0.027390124 -0.07252536 -0.048399005 0.090760894 -0.17342067 0.16505578 0.06892663 -0.033480935 -0.06148779 -0.037718248 0.063567474 0.15253615 0.074372604 0.046540152 0.21913314 -0.12648243 0.16230847 0.11424846 0.10581056 -0.012310238 0.02386653 0.009521164 0.08596702 0.11381172 -0.007870431 0.014645523 -0.15134506 0.26032075 0.22324085 -0.0049818424 0.09129263 -0.06267492 -0.20777273 -0.017468896 0.19728898 0.2054723 -0.20318924 -0.06161408 -0.05990846 0.025786191 0.2670205 0.13705148 0.16776457 -0.22712165 -0.08070271 -0.016288951 0.3535748 -0.18128565 0.03471392 -0.26844016 -0.25433984 -0.1741733 -0.061908215 -0.14593552 0.14530152 -0.18795292 -0.006180459 0.25241128 -0.060317755 -0.051277597 -0.016940556 0.22708815 -0.06082674 0.16952823 0.22214355 -0.14901415 0.20652525 0.056004304 -0.05629352 -0.1054739 0.11360835 -0.082394056 0.07974333 -0.03654501 0.09922042 0.036075152 -0.11789366 -0.16360356 -0.036636572 -0.05150917 0.057016786 0.14646277 -0.12892294 -0.16327493 -0.09815417 -0.009444464 0.08164254 0.06809475 0.0735777 -0.2688114 0.071841724 0.026143748 -0.3632424 0.012461958 0.038402025 -0.030686121 0.15475744 -0.12871663 -0.13984402 -0.02843877 0.01562808 0.08702362 -0.16525765 0.08248008 -0.07336684 -0.058083158
USA 0.10241758 -0.03609619 -0.11340934 -0.08938522 0.012097163 -0.14196418 -0.059757184 0.01776374 -0.092204 0.3135829 0.22275764 0.055632293 -0.05545213 -0.14745164 0.09623281 -0.066636406 -0.019623982 0.222472 -0.05569429 -0.05439682 -0.09894822 -0.1002542 0.03292938 -0.018412847 -0.1788552 0.06814864 0.16175404 0.08231462 0.0033236092 -0.0017116913 -0.069727905 -0.008953843 -0.19829737 0.18794025 -0.17203313 0.28364873 0.16611107 -0.05511547 -0.04176683 -0.13094455 0.16422735 0.11703942 -0.31633884 0.08085185 0.26771286 -0.05149794 -0.23364975 0.028518371 0.076667495 0.09288669 0.20444712 0.032467123 0.21488622 0.124687485 -0.15981065 0.07208681 0.18120804 0.24218719 -0.22772552 0.096231766 -0.12573698 0.13379313 0.13275221 -0.030179143 0.16571677 -0.04148195 0.08650812 -0.11681298 0.1391021 -0.18931858 0.065947354 -0.38073012 -0.18089172 -0.21007474 -0.020146146 -0.02597471 0.18449229 -0.22901052 0.15707733 0.31600446 0.09565549 -0.07916044 0.0025258136 0.21852162 -0.030469263 -0.07126153 0.13022035 -0.3268111 0.020936139 -0.17346738 0.14922449 0.014021918 0.22099969 -0.12002779 0.14210998 0.02519966 -0.039662976 -0.03052174 0.1928817 -0.06576841 -0.18082182 -0.015714461 0.010322949 0.3265757 0.28032604 -0.09892168 -0.057325587 -0.20224962 -0.14855598 -0.056383934 0.13617232 -0.06337831 0.12866558 0.23333561 -0.18320937 0.010535727 -0.044689786 -0.13050511 0.06744038 0.018000027 -0.24484167 0.017997302 -0.084725514 0.11031618 -0.1627838 -0.2066436 0.071897864 -0.061455417
KAZ 0.21410169 -0.23446873 0.39137766 0.17701346 0.06500181 0.07394745 -0.14039402 -0.052813426 -0.10992989 0.19797799 0.21913226 -0.082751326 -0.21468842 -0.19280325 0.0067258906 -0.079781786 0.015194528 -0.10424866 -0.2139589 -0.056073442 0.08314907 0.010554133 0.05458864 -0.07490217 -0.14861137 0.21834806 -0.04423499 0.073848754 -0.21233404 -0.09453449 -0.12571625 0.19177057 -0.05283363 -0.0038303551 -0.030289032 -0.113409266 0.16432756 -0.21913874 -0.14861165 -0.06982675 -0.2532272 -0.053504415 -0.17736436 0.01737015 0.1929014 -0.041498348 -0.15847474 0.09918322 -0.06778087 0.35513225 -0.16110365 0.06434524 -0.1411788 -0.07879092 -0.14598419 0.25281876 0.25934675 0.034748748 -0.2315705 0.08919205 0.018952142 0.015552927 0.3970728 0.006766472 0.10160269 -0.021765817 0.25413403 0.016138682 -0.0020390707 -0.07999144 -0.06678451 0.1659535 -0.1415508 -0.20721208 -0.13928926 -0.216806 0.051142473 0.0955849 0.098520264 0.34579656 0.078948915 -0.08892391 0.16576606 0.18294749 0.023211079 0.15310699 0.06784298 0.015197534 -0.07409629 0.09225484 -0.030408047 0.17578125 0.16304033 -0.150094 0.10319683 0.2607078 -0.18826093 -0.22871298 -0.33456334 0.083649665 0.017449932 -0.04992664 -0.22334108 0.22851127 0.29315642 -0.16209511 -0.10021029 0.09040903 0.27133226 -0.15076071 0.04138388 -0.2705686 0.15361588 0.028675806 -0.09341037 0.19880806 -0.05624305 0.15763628 0.052248318 0.042245127 -0.0026225757 -0.13611652 0.05605766 -0.013974086 -0.02266471 0.015254563 0.07213089 0.065476604
ZAF -0.075405166 -0.25343537 0.16793217 0.05438105 0.087046295 0.06236466 -0.10311736 -0.14206651 -0.018297639 0.0058174655 0.215046 0.10823778 -0.06409113 0.04480927 -0.19738331 -0.024714425 -0.04619038 -0.03369814 -0.122300036 0.15682924 0.29822072 0.1250792 -0.0072944057 -0.08184866 -0.19235796 0.24603823 -0.04722244 0.1690694 0.12976828 -0.07136984 0.020803133 0.06091072 -0.011640347 -0.029886894 0.14030708 0.16365038 0.28905812 0.066258244 0.10439116 -0.06118016 -0.22462887 0.03584191 0.08219549 -0.11783722 0.15530622 0.13229117 0.1338883 -0.028429093 -0.34789348 0.47631466 0.17138353 0.24136756 0.14347169 0.05208355 -0.32708812 0.13117456 0.10756551 0.11077416 -0.07793449 0.0030050457 -0.18722458 0.19457561 0.3015584 0.13434732 0.05272286 -0.14611135 -0.028435199 0.26114637 0.14640953 0.076685116 0.25071603 -0.15315819 -0.47315225 -0.07205742 -0.10995806 -0.1985369 0.0055663036 -0.03438541 0.021096213 0.2840293 0.0066977646 -0.21506964 -0.08885442 0.40624592 0.19839974 0.13986711 0.35736117 -0.26881084 0.18594791 0.055017207 0.27936095 -0.20007494 0.009467769 -0.23389591 0.26936603 0.03697416 0.03591618 -0.1966128 -0.24549024 -0.051560458 -0.2731658 0.018486029 -0.2270147 0.09084412 -0.07002125 0.075720206 -0.15067486 -0.25342798 -0.25345042 -0.16426556 0.1192895 -0.24321716 0.20493633 -0.34826702 -0.11865057 -0.114179224 -0.03070828 -0.26663914 0.009043521 -0.34365565 0.13795812 -0.018465912 -0.1210023 0.019441403 -0.032456186 0.06096594 -0.05181154 0.019726945
CHN 0.030112412 -0.080345705 0.08981919 0.030012384 -0.045850616 0.072829485 -0.16024545 0.12628974 -0.18801482 0.35971603 0.16008568 0.009617318 -0.038082514 -0.07917139 -0.025381893 0.22429468 -0.043955013 0.2706341 -0.003659666 0.052720375 0.0042779427 -0.027784118 0.0062783016 -0.21228333 -0.19347678 -0.016587183 -0.11916265 -0.12463621 0.03903558 -0.036666222 -0.047155015 0.19720273 0.1291495 0.12245903 -0.103233285 0.21053599 0.34446418 -0.07347598 0.12570485 0.0707868 0.07854215 0.092190474 0.036535416 -0.062969774 0.15529633 0.18380164 -0.034124274 -0.03227018 -0.17180304 0.1679349 0.13292457 0.21279773 0.16186531 0.1467757 0.20080328 -0.06409493 0.07325192 0.21108024 0.037504658 -0.1034743 -0.14225547 -0.09429847 0.40078345 0.18213427 0.15537356 0.038707566 -0.04142468 0.06321617 -0.05886253 -0.124035664 0.05749132 -0.2577617 -0.42576212 -0.11464878 0.24655785 -0.011082981 -0.11950174 -0.0002288153 -0.09233073 0.32204145 0.23444861 -0.1893967 -0.040851146 0.34562504 0.24999072 0.26085404 0.19539662 -0.08816544 0.15693954 0.064291894 0.037770074 0.020900717 0.15910462 -0.06151907 0.19127151 0.023739425 -0.039070558 -0.04778575 0.13196726 -0.21340097 -0.07520271 -0.0119219255 -0.012257101 0.13677326 0.0044294256 0.021900658 -0.018980691 -0.007109956 -0.08922392 -0.18330929 0.021657929 -0.15348557 0.040808126 0.04794063 -0.14882356 -0.10840041 0.03615 -0.293951 0.08224211 0.17596324 -0.09117587 0.027884265 -0.005819242 -0.10309549 0.0018841806 -0.09823777 -0.016891941 -0.24469751
GBR -0.08269486 -0.04239078 0.021017957 0.010988243 0.08386425 0.076343074 -0.33345163 0.009346245 -0.0495138 0.346269 0.14553249 0.17791633 -0.06492692 -0.1284145 -0.069778256 0.05612524 0.11157301 0.076536804 -0.073109664 0.0011289933 0.01828298 -0.0963372 -0.10470945 0.044155344 -0.11066054 0.062526755 -0.14733583 0.044715796 -0.044337884 -0.048085816 -0.05988993 -0.055540543 -0.06859052 0.029120747 0.05494653 0.26989138 0.04293718 -0.123711236 -0.029006723 -0.061737433 -0.12213504 0.17650054 -0.29387394 -0.12109049 0.13717218 -0.2593061 -0.23240706 0.049381632 -0.20272717 0.23163486 0.30448037 0.13841784 -0.15263586 0.06958817 -0.26596895 0.06352813 0.20518762 0.3430544 -0.12747972 0.14994463 -0.2094053 0.19286023 0.16511735 0.008360311 0.16731109 -0.002908734 0.07536752 0.12271328 -0.14278325 0.008410884 -0.08799391 -0.01232097 -0.103684746 -0.044912744 -0.059267923 -0.19708715 0.051651143 0.07349262 0.13731703 0.30619335 -0.24651988 0.028587155 0.100432105 0.07256058 -0.059124142 0.08537466 0.30440956 -0.042211838 -0.13435853 0.041571148 0.07984196 -0.032630373 0.04044706 -0.15582095 0.094016954 0.06912767 0.056495145 -0.16939366 -0.12037185 0.06618142 -0.078252494 0.047262225 -0.054516017 0.31848127 0.274967 -0.055007048 -0.012675376 -0.28324994 0.00020129507 -0.122973435 -0.017982582 -0.10705124 0.10365559 0.05043375 -0.207938 0.033000764 -0.07969663 0.024753364 0.19925182 0.046439655 -0.019937484 -0.25571796 -0.0045645763 0.06058809 0.005595947 0.12695326 0.02605707 0.076224305
NLD 0.053171966 -0.06400267 -0.012652947 -0.077046275 0.018967777 -0.056372244 -0.11056527 -0.10670432 0.048540305 0.48397386 0.22438876 -0.06250946 0.09312465 -0.1672595 0.12891714 0.3682336 0.011769223 0.22494774 -0.10904965 -0.14816205 -0.078285284 0.13698137 0.018975893 -0.116373345 -0.19893038 0.2743147 -0.05044169 -0.016688809 -0.14326514 0.074935906 -0.22325522 -0.11048336 -0.20864539 -0.014106333 -0.12694222 0.2650519 0.3415946 -0.042909876 0.23428091 -0.16569953 -0.10076426 0.07752613 -0.053038962 -0.10284949 -0.11193442 -0.09211188 -0.20935196 0.071882285 0.0057785627 0.13791384 0.2529756 -0.21378571 -0.0090893665 0.11976661 0.053670693 -0.0074770707 0.32115796 0.20143715 -0.13897496 -0.15544026 -0.13459253 0.024995334 -0.07647672 -0.12215865 0.31255597 -0.073959604 0.211327 -0.068578094 -0.10543593 0.013300723 0.07011053 0.034707263 -0.18048617 -0.0654627 -0.08575042 -0.23955424 0.123025596 0.10843344 -0.07873785 0.3239954 -0.04077634 0.017820269 0.0086880615 -0.09197059 -0.0076660723 0.37723324 0.21784896 -0.18934655 -0.16810858 0.20293304 0.079783216 0.025564209 0.16462725 -0.26996565 0.18945484 0.012613582 -0.041400507 -0.046898775 -0.08529535 -0.19114019 0.18283787 -0.0640061 -0.04750685 0.32948324 0.34429783 -0.3011867 -0.09850412 -0.117631026 0.00534226 -0.12904127 0.22161742 -0.087686256 0.027976641 0.070678785 -0.07063448 0.0071158805 -0.3757098 -0.038849473 0.10706917 0.07727133 -0.09635964 -0.10487734 0.07138315 -0.0101199085 0.2193617 0.10352735 -0.11740548 0.0888377
ESP -0.34941 0.031336162 -0.14727467 0.32741672 0.0019970296 0.0776398 0.011220828 0.059757333 -0.16561045 0.44040006 0.14483538 -0.010165315 0.019425884 -0.065244466 -0.029021984 0.02702532 0.37869522 0.23925544 -0.002052233 0.24080524 0.012766146 0.39662218 0.012978548 0.09507239 -0.09483379 -0.08428317 -0.22567241 -0.1320161 -0.056089655 -0.17840701 -0.015549225 0.016794493 -0.04604322 0.057553083 0.06064134 0.035842974 0.37708285 0.027216863 -0.15520836 -0.0947645 0.19678889 -0.010930997 0.03125122 0.0353141 0.11178025 0.1293741 -0.36372793 0.06517611 0.04683577 0.040564183 0.31558177 0.51347846 0.05116368 -0.0082577085 -0.007857113 -0.07291595 -0.050990786 0.16206114 -0.022102162 0.006412973 -0.28152826 -0.08343361 0.3741686 0.03292389 0.20471828 -0.29264975 -0.25526413 -0.04189395 -0.099061064 -0.31374937 0.03370317 -0.08170576 -0.32957354 -0.14522897 0.05901995 -0.19336383 0.06384128 0.13489407 0.074436754 0.3482523 0.074562125 0.03244315 -0.21571954 0.26507825 0.26084504 0.04917017 0.36985806 -0.028305463 0.15121345 0.1986571 0.20432703 -0.07356809 0.11145141 -0.036819592 0.28230175 0.15026337 0.08013449 -0.091411956 0.017405821 -0.15077826 -0.08481889 -0.32991558 0.26829988 0.18676338 0.0631313 -0.15964901 -0.006591936 0.16938046 -0.13022041 -0.04395598 0.091527715 -0.120566614 0.10821354 0.010222641 -0.34456152 -0.12607789 -0.054195303 -0.0056760283 0.06119284 0.23253848 -0.17407914 0.026724143 0.057404917 -0.2919695 0.1477286 -0.055036105 0.042779226 0.0779815
IRQ 0.09136094 -0.2544896 0.05733097 0.25593412 -0.07869652 0.03830617 -0.06286369 -0.016424442 -0.24020398 0.055409953 0.1303854 -0.18359183 0.035674263 0.019839885 -0.016362425 0.106789865 0.010656749 0.17802995 -0.14244238 0.034321517 0.21294664 0.2786766 0.06233655 0.09820381 0.037485 0.12937267 0.01883575 0.017527727 -0.068167195 0.09156859 -0.006039431 0.12865038 -0.1007344 0.023639172 -0.17520693 -0.0646816 0.076489165 0.20014083 -0.06921247 -0.08147448 -0.11375022 0.08713291 -0.04639901 0.16702539 0.22712459 0.09002635 -0.1388923 0.03626804 0.015681542 0.25990316 0.025364628 0.006486262 -0.13945833 -0.22051299 -0.21454354 0.21270598 0.33336487 0.028561251 0.011634747 0.029975325 0.13073824 0.08882895 0.27515572 0.06395063 0.16917548 -0.090663925 -0.23358513 -0.10580519 0.27882418 -0.11736737 -0.008232404 -0.088881426 -0.11252229 -0.2745903 -0.04211447 -0.21722193 0.337879 0.16704553 0.19533229 0.35338476 0.07734695 -0.12067474 -0.060453206 0.06943324 0.16264059 0.23638956 0.18261835 0.114437245 0.11676957 0.09493342 -0.1539935 0.07221228 0.13976401 -0.06954091 0.07025393 0.35112154 0.027132394 -0.056738365 -0.12093408 -0.11231063 -0.22483228 -0.022019995 -0.3279833 0.21432407 -0.12639637 -0.12750478 -0.29237574 -0.03147184 -0.02681894 0.112365976 0.06125047 -0.18452013 0.13322897 0.043885775 -0.2847816 -0.10616534 -0.010675839 0.025948953 0.2564677 -0.11287478 -0.17774327 -0.04709903 -0.15259364 0.045887507 0.015076455 -0.020648802 -0.003722761 0.19283561
AZE -0.0022719353 -0.22722842 0.18834682 0.29573196 -0.017876849 -0.029222084 0.0053379596 -0.040170204 0.053878464 0.16146226 0.19544707 0.021397538 0.0015428842 -0.37568623 0.07026837 -0.017869316 0.22735284 0.10822032 -0.052062 0.095565155 0.08433562 0.213137 -0.05487216 0.00844483 -0.30057275 0.017384803 -0.14962223 0.29010847 0.027269427 -0.15936308 -0.3055811 0.19530985 0.0018485583 -0.055782966 0.05986306 -0.18742552 0.2863146 -0.19242615 0.013713007 0.0052459436 -0.103764616 -0.057439793 -0.17289361 -0.1690146 0.064692564 -0.14871594 -0.3020772 -0.029923422 0.26083806 0.07870574 0.02824645 0.09096494 -0.21626124 0.06670592 -0.18298014 0.18361856 0.21323396 0.019648444 -0.24063274 0.026121635 0.06767019 0.11064884 0.32860604 -0.036572192 0.15669978 -0.28060222 0.1381837 0.08468352 0.0394442 -0.07464891 -0.16460492 0.2177161 -0.4080249 -0.12598933 -0.14830516 -0.19396797 0.117091 0.14646514 0.07807917 0.36787602 -0.02316707 0.0068898536 0.065023385 0.122379124 0.19962958 0.24406113 -0.00028765507 -0.12956783 -0.0042828736 0.15129535 0.07775536 0.0053573395 -0.119604334 -0.11608625 0.115148135 0.14537248 -0.14703892 -0.03311868 -0.19159478 0.046754893 0.07196819 -0.09070793 -0.1610436 0.16452588 0.18199272 -0.06539642 0.2364411 0.017581496 0.23858936 -0.092048354 0.10803937 -0.20578918 0.14636837 0.03270385 -0.15609063 0.081894994 -0.06476493 0.038203422 -0.049704965 0.0672128 -0.26516935 -0.068727486 0.00745056 -0.25144017 0.087877385 0.19313885 0.12143262 -0.034414466
COL 0.17897274 0.050284475 -0.25070262 -0.11918046 -0.019326603 0.008498565 0.09365555 -0.106629185 -0.094280206 0.39198536 0.13773035 -0.0016228774 0.07364963 -0.1759383 0.14042434 0.26254338 -0.024022918 0.10747215 -0.14565203 -0.15269162 -0.30092064 0.066273585 0.0025505105 -0.1358689 -0.32645467 -0.05525918 0.057023853 0.15494756 0.071869485 0.10427391 -0.07270496 0.019691678 -0.17349881 0.1820828 -0.06952027 0.4283229 0.21904865 0.06662861 -0.095951065 -0.068084374 0.12108991 -0.1245003 -0.25822482 0.12907472 0.19860949 -0.12612194 -0.21655157 -0.038442172 0.1620636 0.06685164 0.3200646 -0.078428715 0.05062334 -0.012614057 -0.03747943 0.1298624 0.41600776 0.28262058 -0.081630915 -0.037391514 -0.31561 0.19386062 0.013175151 -0.019992815 0.17375854 -0.16798784 0.08905576 -0.056748606 0.08105363 -0.201605 0.19240648 -0.07121343 -0.28878042 -0.16308114 -0.032069992 -0.16299862 0.25259963 -0.061159942 0.059486438 0.4238499 -0.036681782 -0.13839631 0.05333794 -0.08594881 0.018058864 0.1392026 0.18200485 -0.24234305 0.13859716 0.06337704 0.1463357 -0.056738377 0.18435225 -0.11701969 0.1584631 0.111973226 -0.19674374 -0.01136997 -0.03064567 0.039742377 0.12215658 0.09223955 -0.1421454 0.25470123 0.11627583 -0.043687582 0.05242601 -0.23761128 -0.43816623 0.1045536 0.10274851 -0.06414142 0.1618011 0.09452943 0.053585693 0.0025873177 0.028547224 0.048397996 0.19058573 -0.016798008 -0.08470974 -0.12406835 -0.19576521 -0.00051644165 0.17585011 0.039239626 -0.019523695 0.12595133
NOR 0.10138274 -0.008035101 0.1464675 0.10109674 -0.030115487 0.11588815 -0.24373588 -0.11523743 -0.06036922 0.5168778 0.265357 -0.08479523 0.005722193 -0.13354358 -0.024250442 0.15033637 -0.117823415 -0.055576053 -0.22870016 -0.023848085 0.062818296 -0.03471466 -0.081731744 0.02343677 -0.18379596 0.12867802 -0.060132816 -0.10187987 -0.1210918 0.0019169922 -0.24528466 0.132869 -0.100738086 -0.23520686 -0.01410794 0.22327442 0.28447065 -0.053766765 0.13444397 -0.0006095738 -0.2026566 0.13935894 -0.0863117 -0.039445512 -0.022568835 -0.0012526088 -0.17023577 0.05645224 -0.008101418 0.156862 0.1875804 0.23283394 -0.19018543 -0.04616382 -0.12383864 0.04744132 0.17328967 0.22126958 -0.09918779 -0.07012408 -0.062515736 -0.060028058 0.056733314 0.062796235 0.17440306 -0.08859348 0.2683246 0.2174157 -0.29103148 -0.08616946 -0.028351665 0.14929901 -0.23874196 0.14813647 0.011446778 -0.34834865 0.005368538 0.13483517 0.26175472 0.34793147 -0.056532376 -0.042843092 0.15185705 -0.04139024 -0.017543338 0.28692767 0.23146091 -0.06655704 -0.33844265 0.024932548 -0.09139623 0.25129673 0.1258452 -0.2922639 0.34141594 0.21988606 -0.009072838 -0.4243912 -0.05558387 -0.23199314 0.009780445 0.08465102 -0.12079834 0.34160292 0.3974928 -0.11105463 -0.013762108 -0.13132583 0.19715533 -0.1968085 0.2092219 0.0016663154 0.14688148 0.024678282 0.06467902 -0.12928139 -0.25206804 0.06480649 0.09533094 0.09299291 0.205547 -0.22240101 0.11627642 -0.07941689 0.15665157 0.079908274 0.033625174 0.022623964
BRA 0.09495202 -0.0032391576 -0.12566721 0.029431071 -0.16375013 -0.048872553 -0.10263258 -0.13361903 -0.07497311 0.33155385 0.06296834 0.113913506 0.034256544 -0.07692559 -0.053747464 0.359129 -0.08038694 0.03201316 -0.05970133 -0.23842648 -0.0522775 0.15789492 0.059010725 -0.044547442 -0.15939996 -0.09664645 0.009129468 0.14132768 0.18878989 0.022207167 -0.03735111 0.05918985 -0.01817029 0.2773733 0.1206795 0.3277958 0.11918358 0.21812004 -0.037328154 0.052264716 0.11973673 -0.13686983 -0.17715655 0.06823523 0.1127367 -0.008472633 -0.07323975 -0.021268412 0.060849987 0.05779132 0.09393333 0.15024409 0.07237798 -0.17957713 -0.06464059 0.21607873 0.35062948 0.34598207 0.07294561 -0.07090631 -0.13940994 0.17024636 0.055360287 0.082592785 0.24653757 -0.20092288 0.07802216 0.028062908 0.0670653 -0.3054323 0.11866406 0.003337343 -0.24248026 -0.05496421 -0.19066189 -0.17003001 0.2138576 0.010949606 0.15876131 0.4133507 -0.08679641 -0.07956998 0.0054903803 0.070846066 0.064520545 0.17671019 0.30358973 -0.14606114 0.22540076 0.092885464 0.12358332 -0.1218691 0.23241067 -0.030143507 0.17629646 0.08294828 -0.14416796 0.006306949 -0.09275635 0.025967581 -0.10066975 0.21347402 -0.22261214 0.1899719 -0.021924756 -0.028883608 -0.07489613 -0.19990714 -0.3793506 0.18893239 -0.073154494 -0.09454555 0.11641881 -0.027402194 -0.0782739 -0.04473544 0.113321394 0.14633045 0.20416434 -0.12189298 0.087137684 -0.17853531 -0.23170362 -0.034980953 0.058576565 0.14221174 0.0018774136 0.11206147
AGO 0.055742305 0.03329185 0.023328815 -0.010448221 0.13479118 -0.07755255 -0.11672183 0.12005224 0.088997684 0.16500798 0.06615772 0.1056974 -0.11420718 0.09738339 0.017576521 0.011033653 -0.073131755 0.056540567 -0.09266186 0.042173706 0.042711105 -0.106219225 0.108512275 -0.31077078 -0.3846191 0.07001085 0.039871972 0.18167059 0.096905135 0.071371086 0.04931191 0.1669989 0.12819512 0.16212323 -0.0030872137 0.23301362 0.25761634 0.05737125 0.10603085 -0.07034284 -0.104617305 0.029398179 0.008116361 -0.1051485 0.29425186 0.059831683 -0.04897617 -0.03684228 -0.1248208 0.23784378 -0.059277527 0.19756682 0.12533933 0.08655579 0.121044315 0.11685427 0.061855398 0.32643253 -0.027575066 -0.0011666492 -0.2638324 0.11776746 0.33580557 0.07319176 0.11275619 -0.0032882066 0.20590784 0.018630726 -0.070179425 -0.016552368 0.14399916 -0.082773626 -0.5314808 -0.13586845 -0.03472335 -0.07239356 0.08387262 -0.013955358 0.015409211 0.4548132 0.16276665 -0.1350511 0.010454992 0.3177065 0.35266465 0.09195499 0.3447206 -0.17677028 0.19052497 0.07727392 0.29544273 -0.013899724 0.059849788 -0.12258885 0.29443884 0.078280725 -0.22782601 -0.14609863 -0.095369086 0.050578825 -0.16747981 0.09140312 -0.2262322 0.19181885 0.17219692 0.040303197 -0.032002848 -0.29642987 -0.34092766 -0.14553478 -0.1075284 -0.06992881 0.023330009 -0.109451875 -0.09328658 0.021646308 -0.004168826 -0.21006568 0.028938666 -0.06580112 -0.00046337518 0.056716584 -0.06521186 -0.08083039 0.055045415 -0.0017331492 0.07242746 -0.09171604
ITA -0.059637528 -0.22184107 0.09779441 0.44947344 0.07228306 0.08717082 0.039386224 0.030814173 -0.14315219 0.111555815 0.06260388 0.059580266 -0.11907539 -0.116756916 -0.076921806 -0.13674341 0.16055593 0.03294899 -0.18665726 0.029798646 0.06695272 0.21434535 0.00502373 0.039543588 -0.20484161 0.12797886 -0.019336555 0.30556545 -0.08129693 -0.048036467 -0.04587989 0.09817357 0.0016614274 -0.11515013 -0.08916065 -0.15161857 0.20284629 0.053302187 -0.10155949 -0.07730182 -0.23018369 0.10242111 0.09094491 -0.09051393 0.1158791 0.06782653 -0.18135445 0.28308526 -0.029349344 0.2450043 -0.06294179 0.27332103 0.1401494 -0.10356034 -0.2400023 0.2226505 0.017179765 -0.17921506 -0.0026938377 0.067508385 -0.034910217 0.18810856 0.20505795 0.09395216 0.26872587 -0.21441126 0.11175617 -0.059079684 0.09807513 -0.26704162 0.094001204 -0.03182831 -0.33123386 -0.15539974 -0.18295124 -0.241114 0.0378769 0.2475004 0.18911871 0.23983903 0.10048501 -0.039359406 -0.15489413 0.32749417 -0.023850106 0.22322391 0.20733543 -0.027708935 0.22992235 0.009803792 0.09469691 0.05057793 0.0004637001 -0.11378872 -0.036495704 0.16624263 -0.0021764783 -0.20013233 -0.15325896 -0.026758216 -0.30781266 -0.021369498 -0.20716612 0.13227542 0.05168189 0.04627964 0.032125786 -0.24746011 0.06880858 -0.0071599353 0.20452769 -0.29431295 0.17955177 -0.13339049 -0.27644762 -0.054896247 -0.01770003 -0.112081386 -0.028396117 -0.16938424 -0.0746075 -0.23253317 0.0024967904 -0.012171068 -0.060710005 0.14074057 0.039567143 0.060676392
VEN -0.20659404 0.011987038 -0.07366387 0.2021986 0.00200657 0.089360945 -0.1958233 0.044871192 -0.048031967 0.5890664 0.28894094 -0.008910407 -0.008418106 -0.060436413 -0.08432557 0.15396382 0.13303638 0.2229147 -0.07147828 0.026321916 0.009260066 0.24197708 0.122724675 0.0044234316 -0.07385202 0.12206636 -0.022339264 -0.22534199 -0.18331212 -0.082287125 0.0005847617 -0.015091003 -0.17328055 0.06437564 -0.11813205 0.089188896 0.23564436 0.1474928 -0.050205875 -0.14377238 -0.018953996 0.04165426 -0.09800622 0.016972827 0.031407177 0.1279458 -0.13125986 0.10794069 -0.07131078 0.15932555 0.037538987 0.50144607 0.083269686 0.12871255 -0.010210086 -0.10456671 0.11032801 0.10639451 -0.12256918 0.05376414 -0.10232824 -0.12421936 0.1932348 -0.16379978 0.30631307 -0.04400587 -0.014575866 0.06026348 -0.28839716 -0.15198323 0.094979964 -0.065652184 -0.14817448 -0.0063050804 0.015256626 -0.25709844 -0.121452175 0.15527755 0.1623761 0.24180879 0.16386175 -0.03001759 -0.22123475 0.28126484 0.2551081 0.098600455 0.2844166 -0.119817376 -0.09621908 0.15899438 0.09015887 0.11059262 0.32653823 -0.20537564 0.35251683 0.089623295 0.029770253 -0.23345114 0.025002502 -0.2211138 -0.24818638 -0.24091578 0.04776616 0.18457714 0.16776544 -0.2692324 -0.2723531 0.031039637 0.023455212 -0.23523971 0.13084033 -0.07624324 0.13635185 0.04181691 -0.20230594 -0.09201043 -0.2607284 -0.057518687 0.0016779301 0.13673557 -0.041930895 -0.05571622 0.040775903 -0.11914607 0.07556515 -0.2421984 0.07718739 0.1728529
ISR 0.020959072 -0.13573526 -0.008456607 0.34036055 -0.012713738 0.022268219 0.2136419 -0.026757527 -0.16149037 0.23369333 0.19828483 -0.0319228 -0.03437767 -0.2456072 0.095648006 -0.12416758 0.24973333 0.120588884 -0.0947482 0.06993145 0.022910371 0.30299887 0.05548321 0.022485925 -0.31880277 0.10947241 0.13741261 0.24290548 -0.10291955 -0.09889827 -0.21284957 0.12007288 -0.09027443 -0.056433983 -0.107891105 -0.21861519 0.28111064 0.0019546924 -0.17987934 -0.09857891 -0.0010279359 0.03698865 0.085189275 -0.018290712 0.14383681 0.0055775917 -0.23536487 0.10851849 0.24011447 0.062399343 0.027095633 0.25369003 0.041178986 0.040012848 -0.15574485 0.1132346 0.16297911 -0.1918016 -0.09721664 0.016060947 0.09200252 0.10249532 0.2243491 -0.053008135 0.25594157 -0.40648454 0.07553545 -0.2252494 0.08715083 -0.25653574 -0.0579378 -0.004026733 -0.33876476 -0.21183065 -0.14421897 -0.009201386 0.15758239 0.12668431 0.2261745 0.5186747 0.27226254 -0.020541003 -0.168515 0.25446853 0.051427033 0.13745879 -0.03206117 -0.19957216 0.06715121 -0.17503971 0.08403365 0.0020373987 0.032765437 -0.035529997 -0.07610676 0.13338087 -0.04748247 -0.01681143 -0.17299889 -0.09388222 -0.19801633 -0.17976278 -0.028632617 0.22999915 0.09332289 -0.059246566 0.18261452 0.06906084 0.16309124 -0.048839957 0.24021688 -0.3234583 0.13445286 0.10470112 -0.25693896 -0.013938947 0.018858792 -0.116139084 -0.08006191 0.067034416 -0.30490282 0.015832871 0.016414741 -0.117415905 0.030260393 0.04160753 0.117620826 -0.09577982
IND 0.13773414 -0.3392593 0.029545916 0.033915836 -0.032063354 0.071438864 0.14211762 -0.30295718 -0.1369083 0.07537322 0.12821308 -0.120147526 -0.02613879 -0.04941608 0.16389576 0.23175713 -0.12822913 0.052480277 -0.11895188 0.018807802 0.29693973 0.32491472 -0.07433197 -0.098705456 -0.29824242 0.19274831 0.07746784 0.2130361 0.021204853 0.067272305 -0.16329145 -0.00664339 0.0067749107 -0.009963181 -0.046620823 0.11310977 0.15895821 0.12647471 0.15537821 0.054783873 -0.12485106 0.16604203 0.16036384 0.090708084 0.23653896 0.009648919 0.23445934 -0.1357938 -0.17571945 0.27234545 0.31215304 -0.02482598 -0.031828947 0.027525408 -0.23072448 -0.04257642 0.3207797 0.027190907 -0.02423244 -0.00449742 0.09483408 0.20731984 0.23833679 0.092779845 0.032929234 -0.36353078 -0.27374825 -0.11440326 0.3209574 0.033051103 0.12859812 -0.18326448 -0.39140415 -0.22075066 -0.019020045 0.015352569 0.21772842 -0.057187676 0.08203947 0.60620797 0.0940647 -0.14780146 -0.07462353 0.13622288 -0.0018707132 0.13940588 0.25447068 -0.22090551 0.18693104 -0.12071282 -0.040162984 -0.2698113 -0.030412646 -0.08250627 -0.013283542 0.048592336 0.12430365 0.08483332 -0.45134634 -0.16527997 -0.065995164 0.038431834 -0.17433411 0.22988828 -0.3232386 0.04058284 0.028704626 -0.1602055 -0.080762334 -0.07563084 0.093207955 -0.37885016 0.07349765 -0.049243227 -0.2974721 -0.21336406 0.14223821 -0.32882896 0.10550003 -0.13608032 -0.21272463 0.07212591 -0.20536959 0.18518478 0.11721564 0.17009099 -0.047577985 -0.12933806
FRA -0.11803156 -0.12786447 0.1524422 -0.09888271 0.07566183 0.008232848 -0.19434361 -0.31783473 0.07244437 0.21609308 0.3370373 0.095977865 -0.031960823 -0.12324817 -0.054094512 0.08818161 -0.06651119 0.012389625 -0.1418103 0.041016053 0.17874919 0.14391787 -0.072727196 -0.11789641 -0.15133762 0.25560287 -0.030187076 0.0052164574 -0.025084712 -0.17133617 -0.062355686 -0.1374044 -0.27327988 -0.015069855 0.15139873 0.16102773 0.082909696 -0.04254256 0.0036325674 -0.14421828 -0.11929399 -0.009059194 -0.21726765 -0.024245432 -0.06418329 -0.003961308 0.049896542 -0.015451112 -0.20303774 0.38351506 0.10635476 0.1649658 0.013968152 0.1859952 -0.4055873 -0.14985952 0.17876355 0.073626295 -0.38741678 0.010949774 -0.10135886 0.104114994 0.15486246 -0.16243182 0.17637007 -0.071057655 0.13975866 0.24126999 0.018124195 -0.020979319 0.010558353 -0.084228456 -0.20476454 -0.11472768 -0.056422777 -0.32382548 -0.1994075 -0.15818807 -0.018801142 0.2656356 0.029625805 -0.114838816 0.07115969 0.44694826 0.11052172 -0.018843286 0.10355312 -0.40841192 -0.13266498 0.04989036 0.28833807 -0.1301764 0.22711073 -0.21755831 0.28724915 -0.053178374 0.03928675 -0.102573395 -0.276374 -0.0651203 -0.050360244 -0.11886939 0.0436395 0.15294617 0.1119604 -0.21667048 -0.19988781 0.10996228 0.11815975 -0.26606655 0.2136595 -0.2631026 0.12276749 -0.04935178 -0.15110089 0.1314931 -0.18265739 -0.043617606 0.030442063 -0.12387707 0.06100689 0.073055655 0.03200468 0.055502653 -0.044194523 -0.06753326 -0.10474545 0.19739072
MYS 0.06715396 -0.31714177 0.11144402 0.18431643 0.15241244 -0.0008974546 -0.10036691 -0.059920084 0.06680619 0.22697544 0.10548766 -0.011633482 0.029018821 -0.28424066 0.18446422 0.32440308 -0.109108776 0.15786298 -0.014105631 -0.13109048 -0.029018052 0.28499985 -0.06635795 -0.09205774 -0.12769736 0.08155717 -0.22758259 0.25871134 0.09557785 0.19194713 -0.22635043 0.047455266 0.09423009 0.14509273 -0.0931987 0.056153044 0.23938732 -0.056338094 0.17640728 9.208661e-05 -0.013176188 0.09753547 -0.17654726 -0.08723951 0.087648764 -0.0637915 -0.05289214 0.07855603 0.085720435 0.01945791 0.0722719 -0.11453942 0.016549736 -0.059080534 -0.028425049 0.00075391657 0.26494104 0.2559993 -0.095814735 -0.19350004 -0.018556055 0.016977865 0.1934193 0.05329606 0.21400885 -0.13355336 0.10590423 0.048498828 0.13431366 -0.25745365 0.13677762 -0.22011891 -0.2566924 -0.13460882 -0.19348145 -0.28168923 0.083463676 -0.017441107 -0.15720187 -0.037504774 -0.1290405 -0.019617211 -0.0025718685 0.16808407 0.047835812 0.23809387 0.1733375 -0.0031245602 0.22422644 0.2372508 -0.12962858 -0.06099108 -0.046048023 -0.09892797 0.2677206 -0.016016902 0.014642083 0.009630153 0.063999705 -0.24077718 0.14128715 0.0711425 -0.21022859 0.1158695 0.083362035 0.032949068 0.0056893015 -0.09209271 0.24676293 0.015059772 0.1577295 -0.003044133 -0.017181179 0.15056555 -0.3729407 0.0130809015 -0.25857428 -0.11092302 0.07097749 -0.023886787 -0.18394922 -0.1998137 0.011087936 0.033911474 -0.14972325 0.15304333 -0.06322839 0.082758114
CAN 0.07724811 -0.12789553 -0.007007238 0.05813629 0.031718433 -0.09974051 -0.081078835 0.01895982 -0.3999401 0.37270308 0.110096306 -0.25905052 -0.10453108 -0.008448173 -0.10878131 0.31381774 -0.013755882 0.15087992 -0.051874023 -0.048856463 0.0155706415 0.24067098 0.007939741 0.04404315 0.09561422 0.029150952 -0.03262233 -0.12668426 -0.14056367 -0.06760071 0.124886446 -0.085199855 0.046939027 0.4468039 -0.18816459 0.26940572 0.031479433 0.029071221 -0.17242506 -0.0927576 0.055596616 0.08592387 -0.2730451 0.17098697 0.1523056 0.14202309 -0.15893304 0.22611333 -0.110338934 0.12349213 0.18210395 0.08021567 0.15436505 -0.20159274 -0.08175459 0.09733252 0.16194917 0.06722561 0.027892828 -0.009716281 -0.04236762 0.058601007 0.26665512 0.1523851 0.37574276 0.053976484 -0.192799 -0.13148336 0.2691584 -0.40760803 0.10328944 -0.293685 0.09468839 -0.34112188 -0.013924697 -0.26541287 0.077678874 -0.0936157 -0.22556195 0.14940976 -0.110523865 -0.101713024 -0.10551515 0.20883438 -0.068473816 0.020432187 0.41987857 0.02015329 0.30445886 0.20756282 0.034028754 -0.11132131 0.25295198 0.032783557 0.16966484 0.20659494 0.025086323 -0.20961434 0.06778192 -0.24313165 -0.08228266 -0.037353523 -0.06434509 0.14981973 -0.22601041 -0.253348 -0.36182687 0.060451362 -0.16881885 0.1741608 0.14304078 -0.13753329 0.10469349 0.015550314 -0.33452216 -0.020203423 0.06944405 0.01712413 0.32976943 0.059598465 -0.1777567 -0.20340323 -0.1436616 0.04386117 -0.08876784 -0.116675675 -0.16389306 0.12395471
SGP 0.09688599 -0.0812977 0.10820154 0.0763871 -0.04112378 -0.10141861 -0.16896081 -0.11694488 -0.2439423 0.15713775 0.14224926 0.2090209 -0.267069 -0.4082375 0.10641026 0.13732983 0.061335336 -0.057689413 0.11179432 -0.24965727 0.11887975 0.044726983 -0.021214643 -0.06479806 -0.14159808 -0.01732878 -0.24518344 0.16458966 0.0964483 -0.1542223 0.07144117 0.002835995 0.09152896 0.3016118 0.030015808 0.20938459 0.25206754 -0.39459988 0.10830592 0.23888443 0.26881704 0.058310013 -0.058726102 -0.07190667 0.19746728 -0.07213871 -0.13463277 0.053663723 -0.21101843 0.2509699 0.23135385 0.06776072 0.26849574 -0.022246778 -0.21190912 0.062107388 0.2620871 0.58932924 -0.2230667 0.034526963 -0.12579185 0.08367945 0.20195387 0.17713195 0.16500092 -0.11526571 -0.0075465157 -0.06333479 0.32449356 -0.28953516 -0.0019275702 -0.36033466 0.014725388 0.02375628 -0.16487803 -0.04297899 0.23138733 -0.32027197 0.11246552 0.32326025 -0.045416404 -0.055273876 -0.04407318 0.1929683 -0.34804437 0.018222865 0.21861 -0.050922256 0.13616842 -0.2059745 -0.09570642 -0.12100404 0.282453 -0.23286797 -0.087251075 -0.09157742 0.2008872 0.14930387 -0.0037644552 -0.06022547 -0.025899649 -0.050259218 0.23245916 0.44732213 0.10130073 -0.25566116 -0.0038359028 0.018255241 0.09410534 0.17368637 0.034203596 -0.30592442 0.011838293 0.24632062 -0.39437425 0.048691496 0.34670487 0.007765539 0.1726865 -0.03993005 -0.11009549 -0.15546858 0.1165029 0.12801024 -0.38906804 -0.0327979 0.122600384 -0.26072827
AUS -0.038178254 -0.36088607 0.0662791 0.19368355 0.18930857 -0.04471253 -0.14067832 -0.018776996 0.12751915 0.2019538 0.13677856 0.030922316 0.027048904 -0.35153702 0.180493 0.3277087 -0.20675045 0.266411 0.09218795 -0.11497628 -0.17425509 0.237706 -0.03894043 -0.18678519 -0.23122981 -0.025950668 -0.31323656 0.3938118 0.17702004 0.28346643 -0.33323354 0.20728073 0.11488416 0.22719403 -0.08079141 0.055308443 0.24097966 -0.078652985 0.13848962 0.039042883 0.096902885 0.16633996 -0.3569338 -0.10227997 0.26141152 -0.08977079 -0.012369867 -0.10299186 0.18395205 0.027411822 0.05088055 -0.049739707 -0.0059590796 0.056242287 0.0012240668 -0.0058856807 0.3684804 0.41416517 -0.17877194 -0.08442203 0.023139667 0.066006936 0.2637146 -0.025225759 0.17951448 -0.042392135 0.031098975 0.09148252 0.1509205 -0.21866985 0.1991138 -0.4054512 -0.39177814 -0.19228141 -0.067272365 -0.22997123 0.030214773 -0.1254276 -0.2455708 -0.10712483 -0.14281234 -0.042242687 0.009261167 0.3376356 0.28383413 0.24636887 0.046095233 -0.010132087 0.32683137 0.26924717 -0.20590699 -0.081264265 0.010819028 -0.062860854 0.3774686 -0.030315844 -0.0486296 0.12337039 0.2483242 -0.16069904 0.12803763 0.13712887 -0.34821084 0.102334276 0.076768145 0.18374266 0.02332216 -0.10142671 0.28892303 -0.087529965 0.10486746 0.025342364 -0.00069267757 0.26527983 -0.47197118 0.020542791 -0.2697785 -0.283714 -0.0018947856 0.059108306 -0.33779442 -0.08772152 -0.0787817 0.07189044 -0.21310712 0.054594714 0.011404778 0.061534725
DEU -0.05493502 -0.013324738 0.06366256 -0.02534751 -0.04318069 -0.06655372 -0.14419948 -0.063358635 0.045934297 0.34348184 0.20414129 0.022533871 -0.12115484 -0.07967395 -0.066708624 0.17356998 0.040602133 0.00063605595 -0.1778506 -0.13697203 0.13178667 -0.0380796 0.00084733963 -0.09931963 -0.22650315 0.24247327 -0.077310696 -0.028230531 -0.15429866 -0.053155106 -0.108329006 -0.10299261 -0.16739261 -0.13082452 -0.0037568335 0.29211232 0.24473953 -0.02381342 0.2274091 -0.13922974 -0.12916201 0.15703833 0.06081959 -0.15985812 -0.039090995 0.021795696 -0.032026272 0.1713294 -0.23690271 0.2840049 0.1675394 0.084399335 0.12827542 0.043978196 -0.020425418 -0.012463585 0.13461855 0.12929438 -0.1203877 -0.071318 -0.16329907 0.047021404 0.086665995 -0.028615508 0.29077014 -0.025577612 0.24753994 0.123049095 -0.15260895 -0.055237766 0.093123116 0.047614414 -0.2684501 0.06435079 -0.13003062 -0.31691483 -0.008667325 0.17980008 0.05391021 0.31041515 0.041993048 -0.06225137 0.028128417 0.068906605 0.0830744 0.32923162 0.3072802 -0.23067306 -0.13931881 0.09753862 0.18434215 0.09611917 0.16933726 -0.2909619 0.12916663 0.029575167 -0.040662095 -0.3091572 -0.08018535 -0.18715662 -0.093596235 0.0070118196 -0.12324582 0.3188079 0.3660806 -0.29625192 -0.2467522 -0.28567794 -0.06263008 -0.2880218 0.16885304 -0.17309123 0.061823364 -0.17198978 0.0094026 -0.11850988 -0.17566389 -0.059585847 0.031457353 -0.14033101 0.06898417 -0.19772437 0.012941266 -0.03419158 0.17776735 0.116943166 -0.004951622 0.061715577
ECU 0.034056664 0.11824511 -0.12951924 0.01582387 0.030870443 0.0043908358 -0.043988273 0.012146059 -0.12236824 0.44581014 0.11493662 0.05176021 -0.014399526 0.00069929636 0.052990977 0.052185833 0.059136152 0.082144774 -0.10021885 0.12818305 -0.114521414 0.0067946776 -0.0041876766 -0.1025243 -0.3157682 -0.14484717 -0.032187708 0.049227264 0.11528514 0.0054214834 0.029645707 0.1692677 0.05482996 0.1781098 0.06716662 0.29917678 0.28058642 0.010434276 -0.12327027 0.023688337 0.11191246 -0.110959 -0.13265343 0.07791429 0.25316456 -0.012832495 -0.2319378 -0.030376466 0.055954438 0.050740678 0.23193817 0.27165318 0.047059912 -0.028066244 0.045406472 0.089256555 0.09004873 0.36393443 0.01095361 0.0013412165 -0.4056859 0.06912411 0.24269506 0.11246341 0.08890625 -0.14651693 0.06334019 0.030933019 -0.09348469 -0.20187482 0.10158803 -0.06080351 -0.37437916 -0.11392763 0.08756782 -0.07017939 0.12085805 -0.06191177 0.13158284 0.45071667 -0.0015004181 -0.12078621 -0.012492321 0.09720076 0.13578144 0.0012235757 0.30243132 -0.18001127 0.14875568 0.073141344 0.2727611 -0.02132534 0.12876865 -0.07840851 0.29824108 0.1757786 -0.1685304 -0.14867716 0.027538136 0.03314371 -0.013061105 0.0121096205 0.031826697 0.18124872 0.09267332 0.06219843 0.10283869 -0.13195382 -0.45302036 0.055100232 -0.047287907 -0.042145737 0.10597774 -0.025055356 -0.03535295 -0.0657553 0.07057051 0.0043233526 0.14901681 0.08763393 0.0136254 -0.012990593 -0.08224964 -0.16860628 0.13814346 0.014289925 0.04755825 0.01231484
MEX -0.14207213 -0.03651332 -0.0542662 0.13436711 0.064852 0.014205272 -0.065138124 0.0775283 -0.20708764 0.49895263 0.2555575 -0.12154007 -0.03986391 -0.033857655 -0.08042645 0.055509243 0.117429115 0.33267018 -0.007508143 0.13242823 -0.060491204 0.27196312 0.06937873 -0.021728855 -0.032536633 -0.0074892915 -0.043813087 -0.2210002 -0.09410241 -0.09064124 0.07337199 0.02412525 -0.11396904 0.2853038 -0.16270384 0.10961934 0.25095478 0.018275693 -0.16909961 -0.099823594 0.12957963 0.05063948 -0.20876648 0.101179935 0.12129582 0.17310266 -0.23656696 0.12552185 -0.04605915 0.107147016 0.17739138 0.43452317 0.22690938 0.11779695 -0.077914126 -0.09993983 0.08831211 0.11425343 -0.14642535 0.02370464 -0.10924909 -0.0837344 0.31020126 -0.016618917 0.29487115 -0.010127794 -0.19312349 -0.04118752 -0.014804529 -0.28473067 0.08319439 -0.37492645 -0.16353682 -0.20224737 0.16260663 -0.14046751 -0.113015875 -0.11834055 -0.0645869 0.14738716 0.14780965 -0.084807314 -0.24077535 0.41992867 0.15672657 -0.045918163 0.23093475 -0.16961499 0.07778433 0.13092677 0.18768993 -0.0007766903 0.27729997 -0.05781451 0.32279655 0.07191067 0.07403994 -0.13613135 0.1880679 -0.23754147 -0.16539153 -0.24775013 0.16906121 0.11173437 -0.06325018 -0.18533999 -0.22802725 0.20115918 -0.03283613 -0.07199157 0.22776534 -0.10909295 0.114551395 0.17791574 -0.30572242 -0.0055687847 -0.11992457 -0.11785314 0.08021681 0.21096379 -0.22835667 0.05626381 0.013309711 -0.06651691 -0.113803625 -0.29881394 -0.01973064 0.07019048
CMR 0.10767088 -0.06899317 0.30367464 0.084948964 -0.07768487 -0.0024473001 -0.2950606 -0.123597376 -0.21284255 0.5516397 0.37434176 -0.13888285 0.025057785 -0.044640765 -0.10319355 0.17265101 -0.22018078 -0.036981322 -0.1008624 0.124180235 0.20363161 -0.06968723 -0.15342446 -0.005093533 -0.2583347 -0.07056315 -0.15231171 -0.12763852 0.11534754 -0.07197781 -0.32589734 0.37107736 0.15443057 -0.0011194297 0.14102821 0.1507277 0.4086364 -0.12548007 0.180257 0.1867866 -0.09007398 0.10926087 -0.06486382 -0.13037516 -0.04754032 0.0702787 -0.1557425 -0.20429833 0.08390821 0.081516065 0.2617718 0.33619487 -0.18392238 -0.050614804 -0.058251876 0.15585642 0.14787151 0.39508882 0.026009947 -0.08074207 0.13082102 -0.117224194 0.19564761 0.2377963 0.116187535 -0.13454393 0.111045055 0.30776742 -0.23580603 -0.08070783 -0.15344886 0.07935149 -0.44485608 0.16513422 0.15661576 -0.2050998 -0.039261494 -0.08440884 0.027680079 0.43568188 -0.16925651 -0.13287523 0.22484991 0.08750424 0.117126904 0.2949919 0.16926889 -0.027659167 -0.3007669 0.032105397 -0.045953836 0.10023062 0.006629909 -0.13085155 0.4727067 0.19319712 0.009673141 -0.3132899 -0.008402661 -0.2368083 0.059248336 0.18956941 -0.18788083 0.26702386 0.15459388 0.002028086 0.10101065 0.14872588 0.12769607 -0.12026257 0.16905183 0.035155475 0.2228156 0.019799657 0.0152835 -0.17492399 -0.14935139 0.053928662 0.14730556 0.18601505 0.17575511 -0.022025442 0.064807095 -0.1820535 0.08267866 0.16119902 0.10908771 -0.2950053
GTM 0.24916552 -0.12092982 -0.12165654 0.063439265 -0.07251427 0.0771274 0.23072477 -0.22081006 -0.09965519 0.07942153 0.18680498 0.039374277 0.12957543 -0.20542386 0.19435278 0.010669247 -0.01036026 0.13814075 -0.16489872 0.009573969 -0.09253691 0.3302753 0.11241562 -0.049135458 -0.31455567 0.0628903 0.26555064 0.3306427 0.025692122 0.069650635 -0.07914241 0.108197525 -0.20705085 0.10969129 -0.09558122 0.0034345814 0.29040527 0.16650352 -0.14426951 0.026485128 0.15902355 -0.04836207 0.01444495 0.14742391 0.2748239 0.030337606 -0.053479265 -0.11414486 0.25697845 0.08061165 0.10325858 0.026242346 0.07365004 0.072697595 -0.26188758 0.19033599 0.4076299 -0.056048904 -0.15345643 0.058877647 -0.047760796 0.12365866 0.14693813 -0.0586253 0.14696275 -0.39362785 -0.083277516 -0.35672155 0.19723605 -0.2669969 0.093171716 -0.29276198 -0.36480284 -0.24264322 -0.08793048 -0.008342242 0.32924616 -0.11537761 0.23303623 0.6410866 0.32883576 -0.09707593 -0.04407118 0.14622211 0.010316129 0.078215286 -0.119597495 -0.26914343 0.14590746 -0.27449635 0.0014977796 -0.1263132 0.25598758 0.020683354 0.06114106 0.10312298 -0.06544713 0.17839798 -0.19341287 -0.11316763 -0.22721386 -0.079699345 -0.045896407 0.36357656 -0.061854526 -0.07955364 0.18623915 0.0410322 -0.14908232 0.05676604 0.16812868 -0.24357481 0.27931756 0.28841308 -0.11759057 -0.05050102 0.1176641 -0.1846445 0.056395963 -0.107892275 -0.27710715 0.07135542 -0.20292754 0.10595348 -0.039834324 -0.12174117 0.073549904 -0.08762077
GAB -0.00730022 0.02593996 -0.22246355 -0.038328677 0.08856044 0.15007909 0.04648178 0.04072553 -0.33778533 0.31386936 0.06750199 -0.12588455 -0.24664757 -0.18318826 -0.009682731 0.15739891 0.122294076 0.09197951 -0.17399885 0.030789806 -0.18248446 -0.20585102 -0.14336486 -0.13057165 -0.32181516 -0.11298844 -0.092069544 0.037771106 -0.21041337 0.047168776 0.050131977 -0.030325111 -0.07531499 0.0008153728 -0.2215743 0.39909172 -0.030890383 -0.16600226 -0.062366262 -0.08718937 -0.028453592 0.29309618 -0.26940033 0.028741233 0.30718163 -0.22585647 -0.23213762 0.10996377 -0.21421583 -0.022073431 0.36056402 0.054396976 -0.059376072 0.1099628 -0.10292663 -0.112620845 0.29017994 0.118784346 -0.07200596 0.15147275 -0.16816466 0.26187336 0.26718873 0.061110444 0.1779993 0.09417308 -0.17890179 -0.0050195893 0.02155006 -0.19252135 -0.03717555 -0.10844005 -0.0974464 -0.18364874 0.10750907 -0.22384197 0.06437 0.08188522 0.05225517 0.5162698 -0.03792866 -0.1039753 0.061543606 0.116221316 -0.0017696057 0.09067193 0.20412333 -0.051468026 0.086757064 0.024636919 0.010298857 0.06703213 -0.0104637565 -0.09843001 -0.13122061 0.12799056 -0.06602045 -0.14411403 -0.030775065 0.0024897994 0.080939285 0.06962325 -0.24291264 0.36461985 0.013940015 -0.00044136174 0.07045453 -0.43457124 -0.13239513 -0.17302294 0.08259256 -0.28231716 -0.061039593 0.122403145 -0.1874417 -0.05294376 0.38040978 -0.19138372 0.31488875 0.16018426 -0.29402715 -0.2526836 -0.123557806 0.09863837 0.13305394 -0.027761746 -0.10809272 0.007101691
DZA -0.1153958 0.04849559 -0.011349799 0.06263004 -0.06709949 0.18089958 -0.2451442 0.018703435 -0.092799924 0.5653507 0.21168771 0.053135283 0.000912328 -0.11663665 -0.12639798 0.19532253 0.17077984 0.23315233 -0.004894328 -0.10670106 -0.03403375 0.07542743 0.08431218 -0.03977313 -0.13806337 0.11484673 -0.10963603 -0.20897546 -0.16061272 -0.087322205 -0.046614256 -0.011742804 -0.08078381 -0.027518142 -0.0744554 0.19441806 0.25257888 -0.0051541813 0.007861523 -0.022574091 -0.03231964 0.061847735 0.018188935 -0.1341782 -0.035956383 0.013109094 -0.10876148 0.05630427 -0.20674892 0.18104453 0.20786104 0.36590052 0.043017387 0.16084674 0.05835581 -0.064486355 0.09346386 0.12339339 -0.03514718 -0.007973477 -0.16237254 -0.08440993 0.08995266 -0.04938296 0.37168798 -0.087333724 0.10456033 0.06877673 -0.32769558 -0.074460186 0.071678445 -0.008082656 -0.24010143 0.05478626 0.07751201 -0.16027702 -0.15366338 0.22724083 0.15111938 0.3409122 0.058056932 -0.008837579 -0.15269916 0.10863598 0.14383994 0.3360177 0.30201414 -0.11301847 -0.13737541 0.12682505 0.00938284 0.1255943 0.2651812 -0.21529083 0.2409113 0.032460786 0.0378348 -0.21455048 -0.042751897 -0.19558927 -0.15890686 -0.13293993 0.05577561 0.20821035 0.27019083 -0.20486201 -0.119381465 -0.19757923 0.0035919254 -0.21782963 0.094368465 -0.19319384 0.17042863 0.005662832 -0.10650238 -0.09449868 -0.2267044 -0.100212224 0.05821541 0.14931506 0.1003913 -0.17329232 0.033622455 -0.06737077 0.12683299 -0.042339027 0.04597327 -0.015058043
NZL 0.050757434 -0.31038174 0.15954892 0.071328185 0.096378 -0.06556757 -0.09491866 -0.2689723 0.071963936 0.027283762 0.160279 0.059965264 -0.11333858 -0.4415817 0.24090087 0.13012356 -0.21124983 -0.0020687792 0.029020786 -0.1999483 0.05752744 0.14145124 -0.100083284 -0.091908894 -0.16269025 0.1347954 -0.27855927 0.36995992 0.14204884 0.15363756 -0.11457783 0.08612866 0.028617354 0.16803773 0.030597936 0.14284158 0.2086168 -0.21376054 0.17787012 0.11923792 0.12833737 0.13317083 -0.2562397 0.018961228 0.24235643 -0.049318817 0.055955525 -0.00063730514 -0.031572748 0.23753782 0.11218291 -0.14186619 0.16333686 -0.06104199 -0.28020892 -0.020870607 0.24911879 0.47257146 -0.36753532 -0.013191234 -0.14153278 0.003222692 0.18784916 -0.04765619 -0.0016727615 -0.031564936 0.056668255 0.05322714 0.381407 -0.26779056 0.20002122 -0.45979726 -0.14863062 -0.06689237 -0.20943902 -0.29106995 0.13862789 -0.3008708 -0.08039529 -0.07612712 -0.08546169 -0.07046765 0.049745824 0.23682259 -0.06025579 0.013749167 0.14134586 -0.11529759 0.28441426 0.05400902 -0.20421556 -0.054340128 0.13543892 -0.18970667 0.23981154 -0.12461585 0.022898503 0.124702245 0.056963854 -0.16071276 0.047321253 8.423618e-05 -0.03188348 0.24229512 0.1429364 -0.06543323 -0.072366424 -0.1431399 0.23526107 -0.020443449 0.11631865 -0.11176598 0.04980244 0.13708268 -0.3931246 0.051652387 -0.019562058 -0.109958455 -0.008276526 -0.19046332 -0.14885718 -0.11305302 0.050587233 0.18013577 -0.38645855 -0.054081526 0.011974118 0.02815697
QAT 0.19072686 -0.06102095 0.24753563 0.052383248 0.009293068 -0.10983437 -0.25679794 -0.107104726 -0.3229194 0.2593119 0.072966985 0.0817623 -0.19135548 -0.24251333 -0.02147542 0.35021728 -0.03286835 -0.08549607 0.08977627 -0.34055483 0.13254684 0.18268354 0.010888079 -0.10473018 0.038759712 0.017343868 -0.21894337 0.0739027 0.046167236 -0.114247 0.0639342 0.015986353 0.31186837 0.43363306 0.073859796 0.20931442 0.20910355 -0.25295395 0.062405005 0.2683082 0.037559863 0.05803613 0.056657214 -0.06790336 0.028931048 -0.0077700717 -0.10518486 0.092380516 -0.23815632 0.26742047 0.1457507 0.12040016 0.093333416 -0.1757527 -0.01865687 0.107983984 0.2445888 0.3944479 0.06666516 -0.05754779 -0.006511895 0.018731894 0.11895431 0.21531738 0.31382638 -0.18513529 0.15187396 -0.15187912 0.18457404 -0.25958967 -0.009854357 -0.17494448 0.075882636 -0.07691081 -0.19045503 -0.022591392 0.123528995 -0.2003446 -0.022848701 0.4787941 -0.20053722 -0.005039125 -0.033347886 0.15080895 -0.37247947 0.17985046 0.44152603 0.10016747 0.19161616 -0.046114188 -0.19202986 -0.1605079 0.28445268 -0.094722964 0.01939835 0.005572055 0.18947218 0.028558463 -0.2932043 -0.14848001 -0.061014608 0.102676325 0.07107882 0.3249566 -0.010316382 -0.2683341 -0.025211427 0.06728816 0.120419085 0.31324854 0.02243614 -0.29243284 0.038949307 0.13017808 -0.4728302 0.09397063 0.16639847 0.07133534 0.30093884 0.08293145 0.064237975 -0.27463204 0.13472414 0.110913545 -0.27521166 0.149526 0.0019089855 -0.23997724
NAM -0.14534196 -0.1112265 -0.024115045 0.043173883 0.032945696 -0.003973495 -0.009712899 -0.0004607178 0.016513035 0.1400289 0.11321913 0.09847254 -0.1309252 0.039991867 -0.10163847 0.053328097 0.03596656 0.074782096 -0.14047699 -0.01956303 0.17679928 -0.04550935 0.01862701 -0.24811819 -0.31493035 0.20339388 -0.11057792 0.1215333 -0.04452629 0.028521502 -0.024797825 -0.0050832373 0.061977513 -0.12508209 0.012477993 0.27041477 0.27101967 0.016803423 0.24400218 -0.09009376 -0.104708225 0.20043911 0.21128713 -0.18094684 0.19106857 0.04053254 0.060147263 0.11042707 -0.4051796 0.33840254 0.24461374 0.21799389 0.20386463 0.1825553 -0.031019704 -0.08758293 0.061835494 0.11176094 -0.07082132 0.0046984004 -0.2734996 0.15747462 0.3339711 0.066764206 0.16611195 -0.079499096 0.06371265 0.14432825 -0.028615706 0.0059720506 0.21573724 -0.14432603 -0.54277354 -0.080394424 0.00062968687 -0.14696889 -0.0068586846 0.16331115 0.07557286 0.40042564 0.101984635 -0.13319969 -0.14304802 0.3467741 0.22327371 0.27590102 0.407412 -0.28630665 0.16239879 0.084045336 0.25543523 -0.008630449 0.020534553 -0.25978553 0.097367235 -0.05929951 -0.029739125 -0.2385219 -0.13065206 -0.09160941 -0.23180614 -0.011699181 -0.19910413 0.1964941 0.12558158 -0.009244327 -0.117750145 -0.4970598 -0.20484781 -0.3169583 0.072871275 -0.3132103 -0.0008361355 -0.28643316 -0.1656716 -0.17977452 0.004183292 -0.39600757 -0.02082116 -0.19197206 -0.0175044 -0.07521953 -0.09970729 -0.00032623997 0.1691432 0.13188517 -0.053951744 -0.06108325
BEL -0.075972416 0.029967394 -0.05699094 0.026791284 -0.061305307 0.036922626 -0.1941163 -0.09853039 0.01255222 0.5550502 0.26656312 0.01124421 0.023199836 -0.09240804 -0.022951612 0.2979018 0.079428226 0.16098857 -0.11428524 -0.15046781 0.030541016 0.14746189 0.059048813 0.007510756 -0.12438764 0.21375188 0.021810513 -0.14480275 -0.20791043 -0.07125681 -0.09790777 -0.17386329 -0.2632719 -0.020927945 -0.081232004 0.24386552 0.21687421 0.09226475 0.10977479 -0.13863851 -0.025325583 0.10013918 -0.06034245 -0.050058845 -0.09159967 0.0100290505 -0.04981369 0.10796133 -0.09230047 0.15373407 0.14535229 0.18252417 0.01931046 0.12728447 -0.016983835 -0.11338668 0.23485269 0.11217603 -0.1423744 -0.06539726 -0.10398571 -0.06522472 0.016251594 -0.11249362 0.401424 -0.10993711 0.12177753 0.027121086 -0.27629012 -0.088301554 0.05469357 0.0416106 -0.17488548 0.041692596 -0.09298292 -0.3359823 -0.024909893 0.17153993 0.16183914 0.36416933 0.08295024 0.019503415 -0.04971976 0.03318594 0.058608178 0.29757398 0.28308013 -0.19279294 -0.22487608 0.11727588 0.1065066 0.06552836 0.28824872 -0.23348925 0.22136232 0.009365365 0.04636955 -0.196456 -0.07955631 -0.24006268 -0.10753571 -0.093412526 -0.003052173 0.3098631 0.31146318 -0.36547974 -0.24391854 -0.09850655 0.03282106 -0.2477609 0.16467923 -0.12379664 0.102985285 0.006389435 -0.063966975 -0.09946203 -0.26690835 0.000117957476 0.0825594 0.014769281 0.040001974 -0.16118826 0.023976889 -0.005554576 0.1774269 -0.0016916262 0.007131899 0.17669688
DNK 0.06589146 -0.27111933 0.14943327 0.25300545 0.020557292 0.00031217228 -0.19996637 0.023857532 -0.16487598 0.44323158 0.24612527 -0.25468263 0.005020486 -0.15369439 0.028458966 0.2908576 -0.09559827 0.20256776 -0.1547139 -0.031564344 0.15802857 0.25675988 -0.04153878 0.0036270572 -0.10246891 0.16975895 -0.06687456 -0.046462443 -0.09005828 0.10127372 -0.3199364 0.17956544 -0.027461221 -0.1216147 -0.2126928 0.06181004 0.28017563 0.031672876 0.21890171 -0.0871839 -0.22718845 0.18930724 -0.048067227 -0.066021234 -0.0057139657 0.057590686 -0.24998814 0.03383077 0.096469335 0.036404602 0.06658372 0.09584866 -0.2103737 -0.11039002 -0.014745717 0.121314704 0.20724595 0.13121973 0.047698654 -0.15904783 0.23148839 -0.02229094 0.1657955 0.04153182 0.24668454 -0.056058824 0.09814384 0.09151401 -0.010514477 -0.112040065 -0.029739419 0.097685166 -0.22618787 -0.06434819 -0.013495508 -0.35939696 0.13277626 0.2633047 0.05750006 0.15544651 -0.051706385 -0.05782059 0.0008478133 0.010778297 0.19687341 0.31604192 0.18562031 0.09722279 -0.14405237 0.19057254 -0.19285473 0.19127256 -0.04115611 -0.1802317 0.3193161 0.26512125 0.0029398287 -0.26213902 0.056003805 -0.33154866 0.011528461 0.064284496 -0.34479195 0.18857636 0.17903475 -0.084085695 -0.14650582 -0.087603316 0.25990087 -0.10217276 0.2158758 0.025372637 0.063008256 0.04560016 -0.14803147 -0.15611199 -0.31990892 -0.08381888 0.13815717 0.07416561 -0.09112378 -0.11036803 0.02378601 -0.1489534 0.13766576 0.097752646 -0.014379941 0.07632481
GEO 0.19595627 -0.22532769 0.29130405 0.32088652 -0.07086595 0.23140712 -0.25949997 -0.0036482853 -0.14350487 0.07465841 0.12878942 0.014635581 -0.013819014 -0.21954507 -0.0462151 0.100409195 0.10351088 0.060855504 -0.14858133 -0.023850307 0.119455814 0.1340439 -0.0004643491 0.038807694 0.0956269 0.1627477 -0.07403871 0.024294522 -0.13050981 0.02418453 -0.005223683 0.21141471 -0.0527943 -0.014530796 -0.054796632 -0.12356626 0.115089156 -0.067751996 -0.041199077 -0.03531704 -0.22518665 -0.107869536 -0.16313188 0.010953534 0.189967 0.053091697 -0.22805922 0.22338605 -0.07643763 0.36188778 -0.22332102 -0.038612075 -0.1977443 -0.19033408 -0.1907595 0.24037462 0.22476551 0.048704315 -0.1408981 -0.06923368 -0.092455 -0.03639064 0.3764482 0.080789745 0.15338753 0.056162562 0.07108983 0.14341031 0.1010278 -0.11841087 -0.15370986 0.1161724 -0.03923593 -0.17108893 -0.15647963 -0.31834638 0.12352536 0.2820605 0.17016684 0.28514436 0.11239758 -0.115274906 0.11990065 0.049030326 0.1076251 0.30382976 0.104593754 0.1645735 0.07040832 0.1688028 -0.061727956 0.16503122 0.22670667 -0.17197137 0.05957984 0.39002568 -0.16571009 -0.13238658 -0.20489228 -0.0819417 -0.04804562 -0.13631047 -0.24063103 0.30661407 0.118397824 -0.18454087 -0.12671617 0.00199502 0.11943273 -0.059284784 0.004625204 -0.22859776 0.1815801 0.0059612887 -0.13722213 0.0838501 -0.032010995 0.1578682 0.23273608 -0.09523421 -0.030260673 -0.23964174 0.07827706 -0.033113863 0.010232354 -0.028664468 0.05031194 0.18000558
FJI -0.07725212 -0.4005953 0.26225507 0.20604354 0.068796776 0.0103595685 -0.1363617 -0.2950393 0.18019971 0.05113198 0.076168925 0.028290106 -0.073488034 -0.51751405 0.2778443 0.15186644 -0.30091283 0.009326677 0.10117686 -0.20632175 -0.057835445 0.2440814 -0.1605271 -0.10694536 -0.20489076 -0.058360677 -0.42972383 0.443243 0.20837796 0.16853647 -0.2504443 0.22069067 0.03678404 0.17026372 0.097344816 -0.0048033334 0.18550807 -0.24805418 0.12872282 0.22676297 0.15174538 0.07311633 -0.3994291 0.07123032 0.34838662 -0.02173267 0.10658252 -0.10908781 0.13813102 0.20899695 0.0975709 -0.05196293 -0.026894035 -0.08840103 -0.2670561 0.001725882 0.32853603 0.49336067 -0.39403546 -0.03116327 -0.09477798 -0.05941392 0.30758002 -0.058046106 -0.013096951 -0.06914514 0.033770494 0.13285045 0.39180225 -0.37537807 0.23081249 -0.4486791 -0.33173206 -0.12141225 -0.1132759 -0.26133826 0.022373557 -0.24245591 -0.109676965 -0.0856538 -0.16986705 0.019592844 0.16649504 0.23650678 -0.027514568 0.070565596 0.11711919 -0.1247894 0.4197741 0.16584955 -0.33255652 -0.079288125 0.11294547 -0.1947898 0.32867128 -0.099683404 -0.00869495 0.20415461 0.05224496 -0.114626296 0.19529945 0.116784625 -0.078553826 0.14851862 0.063801825 0.13030472 0.027740957 -0.08239762 0.38286173 -0.022660766 0.116232604 -0.13887899 0.09113201 0.18357532 -0.48372465 0.09026201 -0.10049733 -0.1397473 -0.022464031 -0.037392963 -0.19890225 -0.082428284 0.10525351 0.14299786 -0.36047956 0.019770477 -0.011339483 0.06173705
PAK 0.11492006 -0.19405015 0.16773635 -0.042707607 -0.027921451 -0.0026076026 -0.15246099 -0.1999872 -0.17826638 0.27647722 0.08164695 -0.016967107 0.040342823 -0.12898608 0.1646206 0.37952203 -0.089584 0.12996487 0.05816655 -0.150088 0.18699689 0.28582236 -0.027777538 -0.15589997 -0.119487435 0.07964181 -0.13975315 0.08894663 0.16206025 -0.0142999 -0.07343548 0.015293478 0.18039487 0.2244552 0.028855842 0.18762292 0.39521697 -0.111319974 0.25160718 0.22669731 0.03785289 0.052983202 0.21698382 0.00075127603 0.054191377 0.099239975 0.05845541 -0.11146535 -0.22713435 0.32001686 0.34658545 -0.04000751 0.036380094 -0.054150775 0.021081591 -0.087157026 0.24516337 0.3716342 0.1152226 -0.096365586 -0.069553904 -0.00090670603 0.13413875 0.22575702 0.15530348 -0.3049755 -0.108917825 -0.18821089 0.25960913 -0.018985778 0.1077919 -0.22828713 -0.27283344 -0.1709633 0.06534024 0.09518507 0.14455138 -0.13741101 -0.0664664 0.5644549 -0.03682748 -0.06860615 -0.07727838 0.08644134 -0.16947798 0.35537314 0.42980218 -0.02717651 0.19283384 0.02444653 -0.1644177 -0.23323008 0.18092546 -0.115467034 0.075958356 -0.017163303 0.21944167 0.18147177 -0.37508622 -0.23765957 0.051843654 0.0937303 0.1074068 0.25761735 -0.16695327 -0.14315738 0.0071311854 0.01925435 -0.048381437 0.15602839 0.010575209 -0.3508427 0.0838713 0.018375164 -0.42670003 -0.073727354 0.04404466 -0.1776423 0.27042514 0.029516533 -0.07954927 -0.02800515 0.047374405 0.1259656 0.002556739 0.2117703 -0.10016591 -0.27916342
SRB -0.012040591 -0.30249694 0.23577884 0.21411431 -0.06536571 -0.09749076 0.111360095 -0.0065231556 0.008563517 0.31633565 0.25245574 -0.08595943 -0.15634248 -0.30742642 0.12974614 0.17430148 0.24347149 -0.0017577586 -0.08288075 -0.09917664 -0.098429 0.39991248 0.1491798 -0.107425995 -0.1641272 0.26591724 -0.122404315 -0.002719792 -0.20286606 -0.11384791 -0.08158174 0.08889859 -0.24034926 0.09753917 -0.22116517 -0.21478757 0.291535 -0.27124685 -0.24308912 -0.22443265 -0.32262298 -0.15446194 -0.14306262 -0.015971344 0.1342703 -0.068483725 -0.2722534 0.034400187 0.15120968 0.32100657 -0.12827209 -0.009963087 -0.041623764 -0.047541827 0.060675114 0.42639935 0.38964838 -0.023367956 -0.14793018 0.06380343 0.09519192 0.013702603 0.2977001 -0.23941843 0.15170504 -0.08595362 0.1648907 -0.11823767 0.060474813 -0.13138708 0.18177408 0.2679609 -0.23847477 -0.17969546 -0.30087492 -0.33355084 0.16142641 0.30903223 -0.08342258 0.25581932 0.09578069 -0.10924018 0.005383593 0.055903424 0.17332588 0.2768072 0.065395914 0.049258366 0.106155425 0.31660753 0.014510347 0.083032385 0.17922391 -0.2528034 0.16923136 0.23397453 -0.14224234 -0.08638894 -0.34562027 0.08928485 0.17059442 -0.20831059 -0.25671265 0.19797958 0.24145456 -0.28506958 -0.17472418 0.2487544 0.1464919 -0.082468815 0.29458067 -0.14950457 0.12124575 0.12060702 -0.12418906 0.15767874 -0.22334003 0.04555822 -0.12219109 0.14638513 -0.29633325 -0.089721374 0.08788515 -0.20937191 0.07379616 -0.09434591 0.10119202 0.08625025
TTO 0.14209126 0.04922898 -0.19317742 -0.072340816 0.07671731 0.034001745 0.1735092 -0.0076076905 -0.3028462 0.45298848 0.10836388 -0.1956751 -0.17342597 -0.23388736 0.023655646 0.30115363 0.109673575 0.018057013 -0.27433085 0.031846706 -0.33292073 -0.030654956 -0.08869147 -0.042186614 -0.30788314 -0.16920884 0.018549465 -0.010898754 -0.17958952 -0.022290409 0.066210955 0.022229578 -0.092957795 0.16961628 -0.19878931 0.4503345 0.067753226 -0.07454536 -0.22389625 -0.14273149 -0.03579919 0.08110144 -0.39665902 0.1492022 0.19116534 -0.14251673 -0.28517535 0.12704442 0.10684919 -0.14624445 0.2600025 -0.011615512 -0.022253098 -0.094951816 -0.01745559 0.12541887 0.27250573 0.07286092 0.02344807 0.015647987 -0.20907886 0.216251 0.1662258 0.064830884 0.20113151 0.058859542 -0.011597484 -0.05094631 0.05674457 -0.36673227 0.07089489 0.055932842 0.006936324 -0.22109608 -0.026438879 -0.3505422 0.16449122 0.06732152 -0.03813426 0.45929533 -0.057143684 -0.16310696 0.13882057 0.005544728 -0.017652301 0.07002612 0.1870307 -0.092670806 0.16528487 0.18725666 0.10605982 0.041310914 0.043207757 -0.083659105 0.10544734 0.32535958 -0.18853138 -0.26166612 0.030761383 -0.04950864 0.22310539 0.085985206 -0.2086932 0.28084445 0.042271286 -0.11436971 0.03580332 -0.19989443 -0.3423888 -0.015044512 0.20931269 -0.085340045 0.048652917 0.08925985 0.03580326 -0.07698185 0.26533386 0.016282633 0.3164153 0.14926912 -0.21988073 -0.30102393 -0.15202147 -0.09915214 0.1528837 0.010329663 -0.16411859 0.12910622
ROU 0.04545071 -0.33980408 0.3106267 0.23530944 -0.071401484 -0.06954094 0.076271795 -0.03633253 0.0016275272 0.1456464 0.2695059 -0.10227081 -0.18262948 -0.29646215 0.080082454 0.09252295 0.17817178 -0.08229104 -0.095380835 -0.035168845 0.052390497 0.29300833 0.042038314 -0.12815371 -0.19734524 0.22010955 -0.10779731 0.067059405 -0.13561676 -0.16279425 -0.15122302 0.14147304 -0.10754749 -0.0017051436 -0.10465709 -0.19849639 0.30174887 -0.29431832 -0.08453181 -0.13959526 -0.36831823 -0.13740592 -0.107359976 -0.105733335 0.09132966 -0.06466976 -0.2640636 -0.017048575 0.12389333 0.27148923 -0.12551652 0.046852164 -0.11366869 0.0057779434 -0.06922411 0.37568253 0.29021004 -0.06933349 -0.15321408 0.023503931 0.21615459 0.09048633 0.38835382 -0.1232807 0.0920932 -0.08056039 0.110361874 0.08154623 0.107781366 -0.08730855 0.061510853 0.3225499 -0.29678068 -0.16608985 -0.21390384 -0.34166154 0.12259836 0.25304678 -0.06029489 0.30139118 0.07060845 -0.18024284 0.09210871 0.20219554 0.22737157 0.23498203 0.040824223 -0.0034330394 0.040432133 0.21531713 0.046701804 0.05172946 -0.0016682508 -0.25081196 0.17254256 0.24335262 -0.16086529 -0.18233871 -0.40198544 0.042344976 0.16050278 -0.15411052 -0.3269864 0.18118238 0.16363713 -0.211656 -0.07207336 0.22092095 0.25367787 -0.16424607 0.3038176 -0.19721526 0.09933917 0.026901243 -0.059561323 0.15700816 -0.08439062 -0.009489802 -0.11054731 0.07983175 -0.25117242 -0.032648623 0.058303032 -0.2613983 0.04812175 0.0005426411 0.08268179 -0.051881373
LBY -0.03724428 -0.08850585 0.22442994 0.2413234 0.042789415 0.25705948 -0.24390996 -0.0908772 -0.1432796 0.2981485 0.11942971 0.07781655 -0.012384123 -0.15347208 -0.07158907 -0.18803866 0.19285588 -0.092292204 -0.07175194 -0.013249223 0.004124023 -0.013553335 0.0022970892 -0.044013117 -0.041028135 0.13287264 -0.25369224 0.100406915 -0.12488403 0.037829492 -0.02392826 0.035146683 -0.0129153095 -0.13049212 0.061435234 -0.13997328 0.22908983 -0.16070841 -0.15190785 0.0665905 -0.26420537 -0.00152978 0.04689008 -0.104929775 0.12892686 -0.08239028 -0.31411234 0.14348619 -0.18792439 0.42878753 0.24610423 0.29149726 -0.09340595 -0.03190637 -0.3275779 0.15100291 0.106293835 0.045287397 -0.05662907 0.17342368 -0.2402453 0.021940205 0.13591388 -0.0029879827 0.1800711 -0.24942727 0.20556 0.014495315 -0.1604134 -0.07668331 0.06325226 -0.037033558 -0.22325495 0.005057391 -0.06057233 -0.1804029 -0.08358835 0.17054237 0.28006178 0.30435377 -0.20882736 0.03408958 -0.0639177 0.06273345 -0.17242856 0.30869082 0.3259586 0.12528774 -0.08567031 0.004914749 -0.17451157 0.17521143 0.12407261 -0.24277924 0.067472965 0.14553013 0.17298818 -0.23128015 -0.3801859 -0.020295292 -0.23298632 -0.027710043 -0.015567854 0.18068798 0.22267643 -0.03151841 0.11900472 -0.25014856 0.22027817 -0.046202604 0.14170317 -0.23907262 0.27097043 -0.0006006363 -0.3424312 0.086246036 -0.26112047 0.12674524 0.07139225 0.011641786 0.13738284 -0.34679016 0.17471154 0.104554854 -0.07486414 0.1563519 0.14320216 -0.034573704
OMN -0.22494027 -0.050871123 -0.09186578 0.11496864 0.042894624 -0.02024043 -0.13243636 0.040611133 0.038776863 0.2475263 0.07602111 0.050882872 0.20224915 -0.021196024 0.1282673 0.11286778 0.25232086 0.22979774 -0.02384865 0.10814113 0.13139994 0.14578228 -0.09363982 0.041695993 7.5524746e-05 0.018559163 -0.24169327 0.072418466 0.09265092 -0.010757939 -0.05988822 -0.119031616 -0.031735986 0.046847884 0.15789692 0.12237721 0.35049787 -0.038063664 0.21186322 -0.06787024 0.1959652 0.064240664 -0.05667503 -0.014056168 0.14736558 -0.016104152 -0.40910307 0.12873842 -0.02553512 0.03910849 0.38869467 0.0069975397 -0.12335681 0.06339521 -0.054587204 -0.15508528 0.06744058 0.301497 -0.1472239 -0.03814183 -0.4457334 -0.10172352 0.37937623 0.059616122 0.17183468 -0.1909523 -0.18166152 -0.079308026 -0.064011216 -0.06643584 -0.18694954 -0.16382931 -0.28426722 -0.114531204 0.0076753832 -0.17554383 0.19577307 0.124164745 0.020174146 0.34828505 -0.17556243 0.1456847 0.029108508 -0.07514169 0.13754158 0.19602013 0.36607414 -0.035645775 0.06969509 0.24852729 0.21944088 -0.065671355 0.107290395 -0.0612692 0.08944592 0.0572826 0.075623885 0.027601663 -0.058719534 -0.10457649 0.055307798 -0.16529922 0.22296655 0.33311367 0.17447446 -0.31369856 -0.026977748 -0.08690721 -0.1570144 -0.061661437 -0.065316014 -0.067281395 0.04443291 -0.00048272527 -0.33923852 -0.01876264 -0.2093314 0.07852283 0.25245485 0.006946822 -0.24447533 -0.09180774 0.057190306 -0.07384825 0.23309317 0.16441572 -0.051111806 0.08601162
EST 0.15204845 -0.24837351 0.22739077 0.35507882 -0.042610984 0.09791344 0.1069024 0.022996105 -0.1109207 0.3042837 0.17513376 -0.07709841 -0.29237118 -0.39517063 0.11940208 0.07609423 0.18184316 0.028297752 -0.12900949 -0.090877295 0.024550434 0.07352089 -0.0762279 -0.09665483 -0.3227227 0.10372501 0.011681223 0.11041815 -0.33395964 -0.22063093 -0.26027095 0.056502014 0.003406466 -0.089701235 -0.15140854 -0.03778418 0.096532695 -0.3437216 -0.08893926 -0.10656029 -0.28249705 0.024615891 -0.1513277 -0.04299557 0.21017054 -0.19118802 -0.20284472 0.2061861 0.014865954 0.09893409 -0.10709485 0.116572686 -0.09040095 0.048571106 -0.052307893 0.059856787 0.24162583 -0.13028486 -0.26272836 0.029417472 0.101217695 0.121579535 0.41568854 -0.010985279 0.19829752 -0.19105242 0.21710162 0.064216554 -0.045151252 -0.19089991 -0.16169807 0.2954263 -0.2171205 -0.20034932 -0.17561828 -0.19891715 0.0036037106 0.162558 0.2552625 0.51512283 0.22063662 -0.07255676 0.02649873 0.26909462 -0.03590099 0.028053427 0.10227955 -0.27370882 0.041196592 -0.039976455 0.044035066 0.10108853 -0.027968284 -0.10816876 -0.15422195 0.14271846 -0.19627284 -0.11550715 -0.31071952 0.05547252 0.1288375 -0.17617996 -0.13079982 0.103823625 0.17274973 -0.0033247033 0.12764302 0.0967506 0.37520313 -0.2974782 0.1033915 -0.44623554 -0.052179225 0.036611546 -0.10627697 0.11890255 0.1481846 -0.020792875 -0.13107675 0.22546102 -0.22423917 -0.11007141 0.07176366 -0.21065913 0.14114548 0.11353898 0.15193565 -0.0128291845
ZMB -0.07396265 -0.14179136 0.010078912 -0.088569365 0.012532423 0.38445282 -0.16936024 -0.04321384 -0.2026373 0.0487546 0.21175253 0.14532681 0.041410007 -0.10211565 -0.1703769 0.24750257 -0.06458012 0.3092237 -0.12982889 0.04267586 -0.01004294 -0.058293127 -0.14337046 -0.20401946 -0.17220025 0.0076469183 -0.03612303 0.07040356 0.1228276 0.002521997 0.018201644 0.10784854 -0.062217508 -0.09005394 0.031304218 0.3372975 0.13000485 0.048935555 0.20531508 0.006045739 0.033847146 0.0680713 -0.11516884 -0.092126265 0.1327685 0.11865143 0.106978804 -0.0024119194 -0.4156776 0.23484038 0.0930527 0.15591957 0.025858924 0.27928215 -0.15736438 -0.26002568 0.22122209 -0.017975213 -0.076180235 -0.07150956 -0.20437807 0.1054488 0.3812916 0.117289275 0.16812122 0.16806997 -0.19736037 0.32883763 0.013919126 0.010927693 -0.056282368 -0.21435866 -0.32744628 -0.13453402 0.25688457 -0.16325195 -0.19523339 0.109239094 -0.041280434 0.4260408 0.24699828 -0.26087657 0.041737124 0.4710517 0.4132206 0.32272133 -0.020031996 -0.26463974 0.10921657 0.067351125 0.20678078 -0.04626047 0.24796052 -0.08966555 0.063533455 0.03119538 -0.15885039 -0.0038379286 0.01337109 -0.1535612 -0.1099704 -0.023663895 -0.25710994 0.18294582 -0.1293604 0.030704012 -0.07434813 -0.2199256 -0.17066863 -0.30238783 0.04704581 -0.4073961 0.11268937 0.008329904 -0.09646953 -0.033030268 0.23083793 -0.3728352 0.28493634 -0.082607344 -0.022761775 0.001649119 -0.18453254 0.11869541 0.056660004 -0.14220393 -0.2392864 0.017092988
LTU 0.24469836 -0.29591045 0.23372361 0.27030563 -0.016636446 -0.004463958 0.005915712 0.08934835 -0.17190188 0.3788581 0.22724912 -0.07305083 -0.29612622 -0.31755796 0.118415505 0.1250069 0.056962255 0.07812774 -0.12672272 -0.16990477 0.00200685 0.057978168 0.029466087 -0.08023555 -0.31692234 0.18451113 0.09389164 0.1235579 -0.2951058 -0.15844078 -0.25670955 0.13101068 -0.08449472 0.0048066606 -0.24633132 0.070551194 0.18513404 -0.33752865 -0.092394516 -0.11579869 -0.22614554 0.07928831 -0.17566462 0.024993747 0.25442502 -0.08674165 -0.20899722 0.19707048 -0.014435862 0.124510765 -0.16729192 0.0027218412 -0.009586541 0.013446406 0.00611775 0.12392686 0.32989907 0.029351374 -0.26186183 0.018857632 0.16436355 0.05813898 0.30826387 0.0017714414 0.20889415 -0.07603382 0.23040253 -0.022237184 0.0647244 -0.12785883 -0.07478364 0.14969368 -0.14467603 -0.23744807 -0.16178994 -0.16077702 0.076280825 0.06937331 0.1772801 0.3488567 0.22611654 -0.09063334 0.055398468 0.17078441 -0.07422109 0.020596137 -0.00040935888 -0.18560062 -0.03952998 -0.08468702 -0.032622878 0.18378405 0.11677538 -0.08852561 -0.07227999 0.17029582 -0.1842883 -0.1261012 -0.08406656 0.03999367 0.07520657 -0.06576923 -0.17674898 0.15982297 0.25657254 -0.08114005 -0.02815615 0.11385301 0.32077476 -0.20375215 0.06463804 -0.29816702 -0.016760603 0.12926055 0.0030225285 0.120165825 0.1270069 0.015176245 -0.06952797 0.15117058 -0.17216574 -0.12160779 0.03837878 -0.101873696 0.04220324 -0.050328873 0.11089205 0.0031216335
PHL 0.027543344 -0.29344425 0.23489393 0.1757856 0.04157779 0.016652435 -0.09904144 -0.20425794 0.023817683 0.113783486 0.082237266 -0.05090602 -0.07631369 -0.34699333 0.13991086 0.24482886 -0.22010201 -0.046915725 -0.039474647 -0.1746642 0.033077814 0.26256403 -0.08114242 -0.09934071 -0.023075195 0.0070823436 -0.2927707 0.22623764 0.07672387 0.06822511 -0.09171673 0.09007918 0.088187054 0.19574624 0.043161407 0.023649119 0.12243212 -0.16369042 0.06576675 0.085268915 0.040356994 -0.0011773268 -0.26542524 0.067100465 0.21379381 0.06957188 0.04934184 0.035912685 0.023780061 0.1578604 0.005264165 -0.028771015 -0.011874387 -0.15418474 -0.14346075 0.013478867 0.22940858 0.23402935 -0.20172767 -0.08989497 -0.06927953 -0.066755764 0.30002046 -0.013950874 0.06384544 -0.06451397 0.036712613 0.08455346 0.27187762 -0.3487926 0.14929198 -0.21672042 -0.11256346 -0.111031674 -0.15309808 -0.30812082 -0.00050903246 -0.0974444 -0.10951821 0.00557204 -0.09777754 -0.026599552 0.09508239 0.2162893 -0.024734454 0.043757994 0.20536764 -0.05385859 0.37237635 0.1934462 -0.20854306 -0.04393966 0.14851522 -0.0979631 0.23894194 0.0042725257 -0.05049257 0.029145276 -0.10257996 -0.18392329 0.112386435 0.059450142 -0.07761106 0.08265694 -0.06576851 -0.05081534 -0.089831434 0.069023065 0.19786905 0.0033101817 0.10724176 -0.11773206 0.06013316 0.060039137 -0.34658784 0.048548684 -0.011428436 -0.014726679 0.069585815 -0.040900253 -0.12360995 -0.15976477 0.060574453 0.024580816 -0.19492353 0.0032432766 -0.06725805 0.10332295
LBN -0.13860296 -0.12372439 -0.1289898 0.17208713 0.10868229 -0.022469211 -0.26769206 -0.07392461 -0.1501918 0.20693941 0.1703182 0.04667827 0.030080996 -0.0134421885 0.083508134 0.124918334 -0.02796476 0.11042233 -0.13510622 0.14383335 0.104662836 0.045199968 -0.03638735 0.020988045 -0.12228971 0.028269248 -0.13485081 0.111915074 0.07052599 0.099778764 -0.035029143 0.09327295 -0.19464053 0.08339776 -0.076937996 0.12456301 0.004735644 0.076851465 0.030515471 -0.016546834 -0.019383097 0.26471686 -0.21789365 0.11058436 0.24488051 -0.14106555 -0.18863237 -0.13298155 -0.02307508 0.1458415 0.2406757 0.021185882 -0.19950467 -0.030127076 -0.28503188 0.060251318 0.4021473 0.49165925 -0.07254148 0.23435746 0.045757774 0.15365526 0.09549896 -0.06483222 0.041557293 -0.013630812 -0.252827 -0.056191552 0.016893987 -0.016364858 -0.057214826 -0.25463617 -0.10613556 -0.12131346 0.06706671 -0.22775498 0.30491558 -0.07857508 0.22110459 0.3525139 -0.15304911 0.045080006 0.047059994 0.095241286 0.094739825 0.068386465 0.20579614 0.12238256 -0.062401917 0.0441231 -0.14968124 -0.017761255 0.13766392 -0.15165456 0.17589548 0.14496693 0.2233479 0.09249757 -0.104375996 0.077036336 -0.10761204 0.0903364 -0.21550803 0.40336 0.11484538 -0.055697896 -0.19725871 -0.12160595 0.043668892 0.030350516 -0.014455728 -0.08922409 0.09093742 0.15239476 -0.38547438 -0.040677343 0.008196382 -0.0029846085 0.24706362 -0.06704565 -0.19219297 0.013242501 -0.06774543 0.2020724 -0.08901358 0.0038430507 0.026274307 0.12484681
UGA -0.008574986 -0.18980902 -0.13320222 0.07234452 -0.06442218 0.17706916 0.21039048 -0.0053008213 -0.20212847 0.16929245 0.035473295 -0.06292428 -0.2869031 -0.14566562 0.012870865 0.20703487 0.094519675 0.09886661 -0.10912652 -0.10808582 0.07410886 -0.0031163339 -0.13292839 -0.16799007 -0.39605495 0.060554825 -0.02164097 0.07280512 -0.20969655 -0.078127705 -0.1122996 -0.12562972 0.09726105 -0.13362923 -0.19438668 0.27184027 0.076699555 -0.12680358 0.17278813 -0.047972865 -0.12149312 0.3117378 0.19023125 -0.13887464 0.19741066 -0.10325597 0.12880757 0.1396056 -0.376467 0.12072965 0.2911486 0.11206987 0.10662025 0.21184734 0.005006736 -0.2246251 0.18090342 -0.15595622 -0.024376564 0.0105338115 0.0007537171 0.25916353 0.4302709 0.18833981 0.25227442 -0.14687121 -0.14131005 0.027474841 0.07794776 -0.19945638 0.023922103 -0.03761038 -0.4190034 -0.16213405 0.00859324 -0.07203475 0.018286776 0.21127474 0.09712787 0.65597683 0.23344602 -0.1837228 -0.09749629 0.29640064 -0.012857303 0.22613844 0.26048058 -0.33547077 0.24351391 -0.15703711 0.09047981 -0.083902046 -0.08699667 -0.10855183 -0.26288897 -0.061805572 -0.0589884 -0.11872624 -0.24989985 -0.12256252 -0.025706174 -0.009977201 -0.18889308 0.2535197 -0.18298727 0.0366057 0.0778404 -0.3139747 0.011883317 -0.35992655 0.10718492 -0.59798795 -0.13223971 -0.03796816 -0.25580195 -0.20162831 0.37573877 -0.45344308 0.034716867 0.0665251 -0.29802367 -0.12567419 -0.13803881 0.025306692 0.23593639 0.19892764 -0.056033228 -0.1990495
GHA -0.18179001 -0.02575796 -0.16177215 0.13266195 0.23012353 0.061446045 -0.055651605 -0.06969574 -0.35470697 0.27358866 0.18445833 -0.133949 -0.23308364 -0.056039765 -0.012436554 0.1762358 0.04339481 -0.10609476 -0.28312182 0.27403188 -0.022394553 -0.1217287 -0.044979576 -0.090226635 -0.2647642 -0.072987854 -0.17090762 0.0031506931 -0.16499525 -0.009114389 0.110969424 0.09676097 -0.14911519 0.03378004 -0.19234169 0.15687712 -0.14186217 -0.048907723 -0.1666153 -0.14318426 -0.2164989 0.3540957 -0.3090759 0.1353499 0.3027612 -0.29416648 -0.2780364 -0.17357072 -0.032388095 -0.011075852 0.25174046 0.08276349 -0.4014301 -0.0022305124 -0.21645862 0.07630086 0.4047949 0.30166018 -0.019562704 0.37029606 0.17548513 0.28239247 0.226524 -0.110898346 -0.035442017 0.10210214 -0.33246592 -0.047948077 -0.059323587 -0.046816394 -0.055273317 0.020796394 0.034598924 -0.21037553 0.1181463 -0.3525899 0.24875155 0.009828467 0.20108235 0.64109886 -0.18238664 -0.024473216 0.1356312 0.15383267 0.16141585 -0.007567205 0.21261327 0.25688562 -0.02011503 0.18751846 -0.20795073 0.0791103 -0.0044778013 -0.14518902 0.12365276 0.2770339 0.124746025 -0.07238224 -0.33659065 0.2068563 0.080779985 0.14816046 -0.46892777 0.37312722 0.0014835257 -0.023369204 -0.12437169 -0.16297072 0.049620096 -0.058425684 0.041985072 -0.1791827 -0.012305075 0.12270658 -0.3623629 -0.06683378 0.31630057 -0.013524895 0.35192055 0.118545815 -0.27140182 -0.05592301 -0.085340455 0.09711078 0.0040381495 -0.03901583 -0.05676432 0.05805852
TUR -0.04458068 -0.2837084 0.22770883 0.42476204 0.10841705 0.109914966 -0.1634017 -0.030015504 -0.014527663 0.22373684 0.119437054 0.06722956 0.03782957 -0.088371016 0.10612094 0.020481272 -0.01222331 -0.018580636 -0.2732182 0.12177609 0.23153783 0.19827105 -0.1504719 0.15610765 -0.27351084 0.13103993 0.050378583 0.26061141 0.04479634 -0.1907066 -0.2136074 0.09359282 -0.019441277 -0.14440061 0.06789027 -0.17977642 0.22758079 0.0053328318 -0.07735096 -0.083203934 -0.21592921 0.1182037 -0.04682072 -0.0019953717 -0.013327502 0.04752546 -0.18299815 0.102759555 0.13985404 0.14169052 -0.07490839 0.1929827 -0.20796877 -0.1445886 -0.174721 0.12070922 0.06793231 -0.044716872 -0.022709824 -0.023658082 0.009141814 0.0013156293 0.37793985 0.18467247 0.10952938 -0.21321587 0.19892345 -0.03226148 -0.021176025 -0.27716523 -0.16373724 0.19299565 -0.43239278 -0.12646541 -0.16608353 -0.30087844 0.10797389 0.26645324 0.17065018 0.32249656 0.13446236 -0.0029431921 0.24628085 0.1919964 0.018249474 0.25121075 0.13729054 0.009955809 0.07271461 0.04270646 0.09801575 0.058044076 -0.029040668 0.020158794 0.16793199 0.22504014 -0.10243169 -0.22704437 -0.29316294 0.03407511 -0.08265574 0.12066839 -0.1346337 0.17700395 0.22562176 -0.055094704 -0.0023429545 0.2365059 0.21551418 -0.072497725 0.12759848 -0.19415487 0.16370074 -0.10140655 -0.1795782 -0.0036471444 -0.084164985 0.10288725 0.03469581 -0.07894242 -0.05449056 -0.1314216 0.09250412 -0.14240678 0.098517396 0.26665148 -0.03399271 0.13122003
THA 0.029270174 -0.20629393 0.27066684 0.18846169 0.062139492 -0.1747599 -0.34535626 0.024785483 -0.20597364 0.28778785 0.16679502 0.099746294 -0.09974453 -0.2037196 -0.008952827 0.3463734 0.029898668 0.17759769 0.010182653 -0.122610435 0.19153078 0.2211952 0.021281196 -0.22412512 -0.05142824 0.06749613 -0.19438693 0.13556772 0.09946068 -0.15171923 -0.062663585 0.10800102 0.28686923 0.31901568 0.018949445 0.059782106 0.30767918 -0.17372954 0.19030467 0.11963809 0.020652046 0.12828888 0.091516376 -0.15679225 0.05266162 0.1107187 -0.26241627 0.038228966 -0.11459709 0.09744733 -0.075287774 0.1355053 0.016221544 -0.040788665 0.15180412 0.029392088 0.19432558 0.313493 0.040483695 -0.10899633 0.10928402 -0.10894505 0.2566532 0.080420285 0.28123364 -0.040625557 0.1611689 -0.1360261 0.06620197 -0.057371948 -0.12286191 -0.069361955 -0.09276985 -0.13766655 -0.012721474 -0.021694783 0.012414221 -0.010827794 -0.0634337 0.3339686 -0.068237975 0.026751705 -0.062201366 0.2671187 0.06479506 0.19483949 0.2494639 0.2031423 0.13609059 0.18049458 -0.06176783 -0.010561881 0.20035528 0.08147073 0.067901105 0.033309966 0.031563204 0.16980429 -0.10550048 -0.12172881 -0.11978287 0.052051496 0.012913635 0.16079241 0.048184495 -0.2664924 -0.012814055 0.0890889 0.16192044 0.122568615 -0.12804373 -0.13761823 -0.018623143 0.05956768 -0.38935685 0.0505688 0.029476535 0.03064589 0.16069111 0.046460398 -0.05918111 -0.06917566 0.13487391 -0.04559402 -0.105191745 0.07280895 0.008869995 -0.17263316
VNM 0.03504088 -0.2169756 0.102271475 0.23653829 0.16821608 -0.1399816 -0.17977105 0.12754974 0.11414527 0.22068101 0.08931129 0.030754209 0.027495954 -0.28157774 0.21597867 0.12702441 0.028114688 0.34733936 0.07226973 -0.033401735 -0.091834016 0.16271031 -0.021113042 -0.22968437 -0.28769264 0.028556982 -0.19635777 0.36090133 0.06796547 0.17363624 -0.28606522 0.1947831 0.14427556 0.12476977 -0.117432326 -0.054865856 0.34982547 -0.12648393 0.18266901 -0.00093988003 -0.06327754 0.18662372 -0.12926225 -0.23224899 0.14320233 -0.1214185 -0.3511688 0.029252674 0.25235194 -0.0034498544 -0.03093835 -0.02292424 -0.0852134 0.062778674 0.09836632 0.064099394 0.19920243 0.31282112 -0.09248924 -0.12574288 0.055734385 0.03208398 0.15441251 -0.040877044 0.26306847 -0.026522148 0.23081861 -0.079673655 0.019280853 -0.072728425 -0.042916533 -0.13925914 -0.4164375 -0.19119062 -0.028462218 -0.10900154 0.101707004 0.0640477 -0.07937263 0.14680764 -0.0634323 0.07748784 0.0016084226 0.16335887 0.22894897 0.3104027 0.09650737 0.100163 0.07459978 0.22736251 -0.02427676 0.081303194 -0.094133765 -0.040076442 0.1812328 0.071452074 -0.10315158 0.08811217 0.12588876 -0.10888053 0.026904808 0.09088903 -0.21947697 0.19115639 0.29879272 0.06647746 0.1987099 -0.23749672 0.30232367 -0.047063515 0.04489308 0.056996606 -0.04184762 0.20137371 -0.37539205 0.097886644 -0.29105195 -0.116172105 0.019131484 0.09713622 -0.33617896 -0.047866326 0.08866491 -0.062484927 -0.06753092 0.17189252 0.08544741 -0.034748953
SDN 0.28042245 -0.14123645 -0.07715241 0.12018586 -0.26553234 0.24554236 -0.15005179 -0.1822461 -0.17382976 0.053203512 0.098583914 0.14965867 0.23435657 -0.22888373 0.119227685 0.3337175 -0.035885543 0.30232513 0.011366051 -0.18667549 0.027226038 0.26885748 0.015307652 0.01745129 -0.08634834 -0.027661154 0.09028544 0.2236462 0.21346328 0.046018604 -0.10997409 0.095132776 -0.094605565 0.21713635 0.039311275 0.113117605 0.21130198 0.20074987 0.06611394 0.18466784 0.30745068 -0.2769021 -0.08404146 0.12686615 0.120292924 0.10398736 0.0106182 -0.14772575 0.09260379 0.17496641 0.021536538 -0.07233469 0.014733692 -0.12855786 -0.15957694 0.10732793 0.4910601 0.27743056 -0.05183361 -0.14607152 -0.16780314 0.0048862104 0.18640164 0.26278937 0.15278915 -0.2198458 -0.1366293 0.072688684 0.3065521 -0.25022444 -0.021984307 -0.1444445 -0.26382986 -0.12517744 -0.0325849 -0.12011261 0.36197716 -0.020466974 0.18174283 0.40777048 0.23039636 -0.22293875 0.05604411 0.089612015 0.12866755 0.35529292 0.030028194 -0.13185012 0.2670458 -0.048706513 -0.07862447 -0.1731069 0.40234688 -0.044699673 0.15045919 0.09218856 -0.18041502 0.28769433 -0.03128449 -0.10345979 -0.094025694 -0.04528169 -0.18713446 0.31516904 -0.123499036 -0.08762434 -0.07904943 0.07899141 -0.2573359 0.107679285 -0.1282071 -0.28840056 0.27331612 0.16673827 -0.19995834 -0.064807646 0.18590978 0.1259977 0.2800947 -0.2557165 -0.028088527 0.004915412 -0.20858838 0.10951121 0.0059821154 0.012032153 0.10230392 0.15462248
COG 0.10137515 -0.10606052 -0.0043821675 0.048420258 0.07537297 -0.10841145 -0.22267094 0.1046548 0.11920896 0.18976437 0.09128494 0.13805339 -0.008384649 -0.10585539 0.18538043 0.019644072 -0.022560196 0.23541741 0.06810758 -0.035685 -0.024775937 -0.03296151 0.04422235 -0.12913953 -0.25305364 0.10642168 -0.005879624 0.24658383 0.09335367 0.1364148 -0.076922156 0.10711341 0.0014773097 0.15518071 -0.082532674 0.1667543 0.29731995 -0.046788827 0.13483101 0.025563205 -0.012041293 0.109688185 -0.14430758 -0.11493562 0.26598912 -0.09184221 -0.20333415 -0.028908757 0.01608136 0.21377306 0.05051908 0.011365957 0.076512426 0.081001215 -0.0339943 0.07890544 0.21327077 0.42621547 -0.15318361 0.004637153 -0.18157063 0.071190245 0.12970906 0.002667482 0.16278608 0.012923697 0.18786572 -0.052466456 0.025152288 0.022080574 0.04845847 -0.22345656 -0.40000555 -0.12665527 -0.0608491 -0.05435557 0.17829123 -0.04282514 0.07525556 0.27211112 0.06585316 -0.010372884 0.0053611267 0.09406117 0.1776979 0.13702746 0.15599407 -0.07883724 -0.024071392 0.00057272904 0.09805628 0.029526979 0.07523711 -0.16266319 0.19114265 0.0458153 -0.09436806 0.033834577 0.09395693 0.005879888 -0.12110827 0.06297275 -0.13123716 0.30612755 0.3574847 -0.0012756451 0.03796519 -0.3173959 -0.04152682 -0.11285994 -0.06493875 0.027679626 0.08329694 0.13031945 -0.18462957 0.07303303 -0.18523349 -0.15010661 0.027995957 -0.03701923 -0.18679413 -0.02929753 -0.029646624 0.044213604 -0.05278828 0.023527352 0.17235792 -0.011558301
ZWE -0.14849931 -0.1731617 0.05814118 0.22894806 0.09194644 0.04784687 0.029538255 0.013573209 0.007842458 -0.009341693 0.07680094 0.21856722 -0.1663625 -0.05228076 -0.219134 -0.097731404 0.09732818 -0.0028615377 -0.162076 0.06482419 0.13742013 0.039075322 0.034173433 -0.16256745 -0.31402996 0.18725164 -0.046652835 0.31933102 0.004641532 -0.026633777 0.035619874 0.067610934 0.070618466 -0.101312175 -0.0057593826 0.061712183 0.27060735 0.060706466 0.049889915 -0.13609329 -0.22684926 0.14078623 0.19085754 -0.23704883 0.17663036 0.117289044 0.0064991405 0.20277481 -0.30459607 0.39679855 0.06227821 0.32611167 0.3139418 0.058557227 -0.21817397 0.12702273 0.026514685 -0.08175294 -0.0019980578 0.026440915 -0.23101176 0.2710511 0.2899042 0.108861394 0.18374646 -0.15801346 0.14356185 0.11825767 0.06304345 -0.11915281 0.26833278 -0.14571272 -0.5349261 -0.074955925 -0.201539 -0.18176158 -0.02605828 0.15502435 0.083055615 0.29131567 0.18095805 -0.16522712 -0.20362735 0.5307602 0.16413088 0.23611923 0.3221331 -0.26530194 0.33617616 -0.0035467853 0.30535206 -0.06512878 -0.019923408 -0.22830096 0.052338995 -0.005849786 -0.007369989 -0.2066855 -0.1500868 -0.068170294 -0.3711665 0.02612315 -0.25639862 0.11005763 0.05035761 0.07328763 -0.03533731 -0.40961936 -0.191967 -0.17287332 0.20502011 -0.3338669 0.12481896 -0.33335796 -0.20111959 -0.12204182 0.025556184 -0.38995424 -0.11674751 -0.30496168 0.013403266 -0.16847388 -0.051786833 -0.024083773 -0.056238923 0.12980756 -0.032443862 -0.04063566
LKA -0.14661226 -0.1662253 0.11309572 0.11753912 0.034736104 -0.13195588 -0.09642143 -0.091260664 0.13018388 0.08540117 0.08435534 -0.030431056 0.2088386 -0.076221496 0.17891097 0.1348698 0.15557373 0.14824657 -0.0272066 0.040840082 0.25742385 0.2575485 -0.14873117 -0.0060790954 0.0022960852 -0.022392921 -0.32093453 0.26552987 0.195974 -0.08063893 -0.1284796 -0.11401546 0.039950136 0.13421121 0.29733253 0.0033815114 0.32583326 -0.10695969 0.23427036 -0.033380836 0.22096519 -0.030142354 -0.16458695 -0.00011889881 0.1941709 -0.045044087 -0.40080985 0.056708634 0.08055717 0.08267696 0.3526867 -0.14409125 -0.26520297 -0.014156068 -0.18693979 -0.10346547 0.17010213 0.32427382 -0.29822803 -0.033101086 -0.34817445 -0.06423056 0.49324602 0.02847734 0.08716199 -0.22981481 -0.13707842 -0.062386706 0.115595154 -0.049086355 -0.26080522 -0.051112026 -0.3349726 -0.20887862 -0.04472268 -0.23968759 0.2653884 0.018655974 -0.031618856 0.35633978 -0.300025 0.17069444 0.16260585 -0.10346348 0.1642958 0.1792743 0.33866388 -0.079630785 0.13611811 0.38240665 0.15702157 -0.11938092 0.037751824 0.022509286 0.0781989 0.06277172 0.02599428 0.10004856 -0.23599666 0.00046095636 0.15537287 -0.102767274 0.17572765 0.28002435 0.07444221 -0.3562853 0.017384855 -0.022348164 -0.103572614 0.04633474 -0.14549379 -0.10549517 0.019868253 -0.06927585 -0.34572622 0.079223424 -0.10342781 0.25327668 0.27749056 -0.10642231 -0.31210914 -0.039778773 0.007432036 -0.13562213 0.23319983 0.27785075 -0.09321126 0.13334389
UKR 0.05444024 -0.1633824 0.22171156 0.13703707 -0.08627464 0.0147816865 0.079919614 -0.07033569 -0.003902139 0.1539101 0.2574153 -0.07503714 -0.18481635 -0.23181742 0.032176692 0.03859649 0.10804468 -0.16782461 -0.15148908 0.06028244 0.016412737 0.19443575 0.030207576 -0.14405102 -0.16284882 0.10224177 -0.04478253 -0.025026271 -0.090307176 -0.15305543 0.00805486 0.20312962 -0.11902916 0.018527862 -0.012832801 -0.026414152 0.27661783 -0.1974547 -0.15336496 -0.0920747 -0.3112109 -0.16002597 -0.17362589 0.020447649 0.14838438 -0.004805343 -0.20347969 -0.01933615 0.061165757 0.31075513 -0.090144634 0.23583971 -0.10259814 -0.012266572 -0.17518662 0.28468817 0.29748082 -0.004637914 -0.14120804 0.030773586 0.07995501 0.05559131 0.38024125 -0.14500093 0.014570297 -0.041754935 0.10555639 0.16976626 0.0026544963 -0.12160024 0.05370506 0.2708916 -0.2203989 -0.09672422 -0.14346614 -0.30814302 0.060932163 0.13667472 0.040647015 0.38027382 0.12388616 -0.24791914 0.11239996 0.22746392 0.2536937 0.08062472 0.06892916 -0.09117849 -0.007287157 0.12902714 0.09507826 0.064476006 0.06723108 -0.27767256 0.23280825 0.284811 -0.18117857 -0.24354424 -0.40321895 0.048619725 0.08810406 -0.11084615 -0.21998386 0.1683655 0.092835054 -0.14942622 -0.0653658 0.21229076 0.077805266 -0.14241257 0.27075392 -0.127874 0.11810651 0.028005727 0.07460646 0.15513696 -0.01918893 0.0053791846 -0.08351359 0.09168576 -0.10293473 -0.0127602285 0.050674293 -0.25607678 0.035418235 -0.1144122 0.061978225 -0.022649484
HKG 0.14375328 -0.095012 0.13228463 0.02017071 0.07235866 -0.08057835 -0.19901596 -0.11363919 -0.25363606 0.34072182 0.012177396 -0.023627806 -0.14612006 -0.17077412 -0.10546882 0.46476752 -0.108845785 -0.032735795 -0.025273584 -0.25197157 -0.03231082 0.30504218 0.027319772 -0.035742823 0.10726781 -0.008014432 -0.13507104 0.009515669 0.018296447 -0.055845167 0.15720794 -0.04819959 0.23661403 0.5395597 -0.019344505 0.29963848 0.041537408 -0.015238229 -0.14906721 0.02808227 0.03993041 -0.0099573815 -0.23072472 0.03058422 0.06960048 0.067283586 -0.06738916 0.19529489 -0.123362556 0.10911214 0.07969472 0.09269202 0.10306781 -0.27296877 -0.023537489 0.18971288 0.1868986 0.22284609 0.12076624 -0.13204879 -0.11097733 0.08501607 0.15319924 0.12592748 0.38854092 -0.07976734 0.10566555 -0.06133616 0.1775265 -0.47508493 0.14775151 -0.1598366 0.13423745 -0.1958012 -0.3075647 -0.21924654 0.026330702 -0.1048513 -0.17121378 0.2461221 -0.25398093 -0.0004244177 -0.023805065 0.1889425 -0.21364555 0.06132012 0.47639835 0.1027066 0.37467584 0.22607476 -0.05116407 -0.16597702 0.21991421 0.05001358 0.21670139 0.14092009 0.037478305 -0.1241923 -0.17231116 -0.20393373 -0.013508535 0.19353902 -0.06917915 0.15334383 -0.13163273 -0.19899324 -0.18099758 0.045259945 -0.11714723 0.3042543 0.103299424 -0.11210186 0.048240434 0.060243554 -0.35415924 0.04600342 0.025276538 0.052348215 0.3448716 0.02187267 0.050381593 -0.42117336 -0.008498326 0.0031370912 -0.21285005 0.107247196 -0.20156127 0.07718829
IDN -0.16414668 -0.20605606 0.17887421 0.18014619 -0.039710384 -0.09751953 -0.0018031476 -0.11179476 0.08464219 0.09365187 0.1205117 0.048690237 0.09120119 -0.17044725 0.09131345 0.10113183 0.2021617 0.04719268 -0.026175395 0.031986248 0.23426402 0.24492292 -0.11741769 -0.044097025 -0.03585944 0.013560704 -0.30712417 0.21757805 0.1469805 -0.17809032 -0.12706234 -0.06657452 0.05152129 0.028533595 0.30783203 -0.07111266 0.29573086 -0.1604036 0.16958983 -0.010155003 0.07950902 -0.10301197 -0.10321273 -0.04319427 0.12174258 -0.033922 -0.30849114 0.089597605 0.021082275 0.110173315 0.25161242 0.039332423 -0.16801237 0.027086949 -0.18615733 -0.054081894 0.12169854 0.14436783 -0.2863027 -0.037547283 -0.25414982 -0.03304181 0.46713832 0.011712463 0.10746135 -0.27016377 -0.066786095 0.057803057 0.110502064 -0.025725124 -0.18510488 0.06437782 -0.35948375 -0.12929998 -0.10728117 -0.21648058 0.08514965 0.07771289 -0.01419179 0.27861932 -0.22391823 0.09647019 0.09866684 0.06425411 0.14583817 0.14457531 0.2584483 -0.16658252 0.15549219 0.32924718 0.2428946 -0.097543165 -0.0041736783 -0.034435257 0.051380433 0.018420419 -0.030652776 0.045022488 -0.26780406 0.004866254 0.13733567 -0.13033144 0.11366074 0.12741338 -0.005777401 -0.23968202 0.059692767 -0.007066337 -0.0317344 -0.05367281 -0.039719325 -0.1830611 0.026149089 -0.121175185 -0.22875848 0.08213227 -0.049458645 0.14826325 0.11175626 -0.06627094 -0.2049649 -0.063119076 0.029644595 -0.20172071 0.17010221 0.24645378 -0.032427438 0.042554975
GRC 0.010741763 -0.17320399 0.047869217 0.25654614 0.11320848 0.11651663 -0.091937646 -0.057833523 -0.24934727 0.22225769 0.17299515 -0.19711815 -0.11224054 -0.09042053 0.038742695 0.15358855 -0.0027030117 -0.01687671 -0.26203427 0.11574293 0.03653326 0.04549159 -0.0003401338 -0.0066236043 -0.123952545 0.09426138 -0.06467454 0.012527352 -0.22804283 0.063644715 -0.01766979 0.14636807 -0.18450277 -0.03938587 -0.21265665 -0.035256937 -0.03951891 -0.036519784 -0.095717184 -0.1530517 -0.2666206 0.22656238 -0.25858158 0.14015876 0.24197772 -0.08095476 -0.21088645 0.011524236 0.048298314 0.08897961 -0.036655724 -0.048913542 -0.32700244 -0.10249367 -0.1577871 0.10294361 0.3666738 0.10639589 -0.11808192 0.17994422 0.17201045 0.0924339 0.24840936 -0.09421884 0.07974767 0.07426816 -0.13797228 -0.053457674 0.028491793 -0.10345626 -0.08288029 0.040862348 0.0077863187 -0.23920105 0.0016006555 -0.38130516 0.17261529 0.123582505 0.14773281 0.45030296 0.0025118873 -0.03193941 0.11578236 0.14020057 0.14796275 0.11340461 0.09807432 0.21552457 -0.0017826266 0.17232001 -0.22801146 0.18175727 0.12315484 -0.1029424 0.13207652 0.32722658 -0.0032342218 -0.105766356 -0.21955505 0.021518372 0.025861932 0.0302883 -0.42103568 0.32340378 0.06591534 -0.14236374 -0.18414286 0.005079198 0.20972659 -0.09083365 0.0672225 -0.17403275 0.041787002 0.1349692 -0.25303176 0.00040413378 0.100475445 0.06944741 0.2670023 0.066092506 -0.21602024 -0.08421673 -0.03953923 0.04815019 0.019191572 -0.102734715 -0.013002905 0.15727434
KOR 0.07614729 -0.23990344 0.012293962 0.11932172 -0.0066322084 0.12659577 -0.08418462 -0.16702119 -0.10468476 -0.0532149 0.14009155 0.1932635 0.1485919 -0.25034583 0.124571025 0.18241577 -0.086830385 0.25935227 -0.05273206 -0.06599502 0.09881631 0.25305235 -0.05775035 -0.07948521 -0.16153938 0.054966904 -0.070335135 0.36634383 0.26030952 0.04034274 -0.10706944 0.098119065 -0.0035795302 0.08873821 0.101639815 0.06728512 0.2644091 0.047248967 0.12940589 0.13304311 0.26740924 0.027141048 -0.016756773 0.017299203 0.20460416 0.11098107 0.024854591 -0.057298034 -0.06748225 0.13882294 0.12017912 -0.013009817 0.09893487 0.09234393 -0.22309671 -0.04962781 0.30738962 0.13798979 -0.15206091 -0.060870573 -0.18158017 0.05073172 0.31611797 0.100826874 0.12624219 -0.16521509 -0.1515874 -0.044155262 0.29739714 -0.13762152 -0.04475533 -0.3942479 -0.3100352 -0.15676133 0.008162191 -0.0101034595 0.115595214 -0.053655893 0.023984928 0.2991219 0.13057049 -0.109945364 0.010273184 0.24534562 0.13349408 0.19589756 -0.038423784 -0.13469097 0.2527614 -0.06669533 -0.012016007 -0.18668503 0.2803342 -0.0030543953 0.020844664 -0.03152026 -0.0027627482 0.2677343 -0.015402094 -0.12762864 -0.1618684 -0.043614328 -0.030224549 0.2740262 -0.10131774 -0.071273975 0.060045503 -0.057139963 -0.07650347 0.008497263 0.018773602 -0.33604082 0.19026867 0.1412286 -0.30895534 -0.04961818 0.14430678 -0.18971801 0.1903245 -0.24258114 -0.18220371 -0.0086435 -0.15694639 0.14581572 -0.10619253 -0.023359654 -0.04022902 -0.022609387
PER 0.057274237 0.10628747 -0.15098569 -0.00710983 0.02584735 0.07222932 0.06627908 -0.1052259 -0.18605551 0.47686353 0.11843648 -0.05469166 -0.16016915 -0.19092353 -0.031322416 0.20230149 0.04200231 -0.08170113 -0.20626536 0.08369928 -0.25606313 0.04601543 -0.10871169 0.002112318 -0.3300914 -0.2530674 -0.056138195 -0.014015131 0.0006133193 -0.08065702 0.06301611 0.12755045 0.030068351 0.14409994 0.02082654 0.40208453 0.101307 0.003882626 -0.35047057 -0.05237014 -0.066846624 -0.02652181 -0.36940414 0.09950357 0.20152739 -0.15938695 -0.2637078 0.023465306 0.15758036 -0.035424817 0.28684586 0.3277163 -0.0795742 -0.12295667 -0.08319781 0.20037508 0.15700458 0.22705744 0.03576557 0.027004993 -0.30851477 0.21619688 0.18653077 0.058140017 0.048436917 -0.09943606 0.081285395 0.13917662 -0.08572232 -0.3599506 0.1391111 0.16248924 -0.21320452 -0.120818704 -0.059820253 -0.26219535 0.08828136 0.055728417 0.100068465 0.46170798 -0.09582401 -0.17140543 0.11867996 0.05872016 0.052008767 -0.05767053 0.27796566 -0.124327034 0.13080832 0.18621662 0.19155648 -0.032202277 -0.027790468 -0.07490135 0.319969 0.30045122 -0.17795679 -0.29692248 -0.083271176 0.047703926 0.12062179 0.11640349 -0.092404336 0.16757727 0.058409065 0.089059085 0.18468335 -0.123585604 -0.42214563 0.037431616 0.1503243 0.013102027 0.10873148 -0.058170322 0.07841875 -0.09445979 0.18837643 0.051165774 0.19477394 0.1553737 -0.023051756 -0.26220787 -0.1261004 -0.2834631 0.17355423 0.049981404 -0.060108267 0.08763337
KWT 0.08503223 -0.2673654 -0.009296275 0.04087829 -0.048514087 0.27545407 -0.12292219 -0.108666815 -0.13451876 -0.183822 0.12161486 0.17140345 0.1495235 -0.26927653 0.0763096 0.27400914 -0.080390476 0.32737076 -0.032793596 -0.074777685 0.04432371 0.14452727 -0.12195577 -0.08842067 -0.06918891 0.018007277 -0.12274155 0.29889917 0.21856897 0.06178313 -0.011876946 0.06495016 -0.044908118 0.019310078 0.037919756 0.13412459 0.19712731 0.017790347 0.22033258 0.10947885 0.23490448 0.022464236 -0.11079371 0.009640212 0.2354494 0.09134515 0.056744732 -0.024145484 -0.20427814 0.19561093 0.060197208 -0.1541415 0.029005783 0.12345353 -0.19574969 -0.13586722 0.37402943 0.11950229 -0.1831004 -0.08789186 -0.21332482 0.037520062 0.40868652 0.18113987 0.13345376 0.022491511 -0.24928229 0.08821458 0.2858948 -0.118413985 -0.12198034 -0.37547055 -0.2328913 -0.18686195 0.047881227 -0.13842429 0.095303886 0.033354618 -0.0043375245 0.30596164 0.201346 -0.18329315 0.09941004 0.26313516 0.26075724 0.31306085 -0.09699968 -0.11638877 0.2741524 0.025783256 -0.0263727 -0.12135609 0.32098475 -0.011237377 -0.034221444 0.004712552 -0.102934085 0.25268173 0.023489257 -0.1314149 -0.05061031 -0.06313536 -0.161287 0.28723255 -0.16217418 -0.08115242 -0.043916505 -0.09750067 -0.088193625 -0.09321952 -0.021974396 -0.39061916 0.13500978 0.15740138 -0.27016804 -0.027549636 0.24551412 -0.19629385 0.33438012 -0.25536442 -0.2175418 -0.056282375 -0.20631388 0.1853599 -0.076916076 -0.09211051 -0.1321887 0.058017768
LVA 0.25798106 -0.2965862 0.30846262 0.45476934 0.023148872 0.12335688 0.0017191999 0.06036704 -0.16733402 0.3829184 0.27397612 -0.11408807 -0.21468782 -0.3222232 0.06986472 0.18592192 -0.03292093 0.0012246275 -0.26381966 -0.1034076 -0.016172417 0.13457684 0.06770122 -0.04506131 -0.23945583 0.14368185 0.09428342 0.13590191 -0.26762554 -0.13767152 -0.2560947 0.28558376 -0.04221988 -0.034499843 -0.2085529 -0.067993805 0.30031115 -0.21766429 -0.118675604 -0.12218305 -0.26076406 0.017874118 -0.13804092 0.06771344 0.2309125 0.09099667 -0.20707317 0.20306903 0.10658037 0.07418743 -0.35195658 0.11234101 -0.08448896 -0.1550708 0.05434535 0.18469338 0.29505455 -0.060766704 -0.18467985 -0.06403126 0.13644809 -0.082767196 0.38452658 0.008463746 0.16614757 -0.09705915 0.27444878 0.052547738 0.012618085 -0.18980674 -0.042734064 0.26621208 -0.13065903 -0.18245322 -0.1984623 -0.30269888 0.05175746 0.17083004 0.24358785 0.3389088 0.31104058 -0.13781762 0.09206171 0.22116297 0.055108726 0.10645367 -0.005993136 -0.061666217 0.06326153 0.03782867 -0.09107433 0.24695615 0.19394733 -0.07901659 0.08673065 0.30494928 -0.27115712 -0.23939809 -0.096515685 -0.08488996 0.03920847 -0.054849718 -0.30776653 0.12352171 0.2157878 -0.08158741 -0.061819945 0.22006787 0.31479475 -0.2181267 0.105383776 -0.250184 0.094700664 0.07849153 0.017742049 -0.0058792024 0.10115289 0.06540589 0.003338232 0.10663849 -0.06582255 -0.19232672 0.057275444 -0.18716045 0.0743914 -0.08749175 0.090545505 0.07289978
ABW 0.37027344 -0.024439609 -0.20458716 0.056787983 -0.2271765 0.14523515 0.052060083 -0.23657265 -0.088583976 0.17546278 0.1267877 0.09159635 0.2558089 -0.22088344 0.15641265 0.28453657 -0.071887076 0.21725604 -0.07883136 -0.19701597 -0.11913979 0.31654957 0.07105181 -0.012254812 -0.2591024 -0.010636156 0.21684064 0.26884237 0.18085729 0.11722538 -0.10238672 0.16621937 -0.16761668 0.22397196 0.0727092 0.21973985 0.2650539 0.27411994 -0.050344013 0.10460244 0.27207622 -0.29575908 -0.18291038 0.18484302 0.18841833 0.040346954 -0.01285233 -0.11536605 0.24257912 0.113322325 0.058833737 -0.0036902197 0.059682924 -0.09525314 -0.17024946 0.16902226 0.5396433 0.23112987 -0.07413058 -0.09768177 -0.19160123 0.10413769 0.072136745 0.1211796 0.16678612 -0.29559374 -0.0025953536 -0.016945764 0.23223722 -0.2602722 0.036404185 -0.10274279 -0.29291567 -0.14478762 -0.121987574 -0.054606393 0.38800296 -0.08260188 0.2501627 0.513156 0.2063817 -0.19200483 0.021693852 -0.03739668 0.11547044 0.23985815 0.018215228 -0.28491774 0.18378381 -0.082871705 0.055870924 -0.1278547 0.3941594 -0.078186445 0.13654748 0.11392646 -0.22535613 0.19108346 -0.045650367 -0.069839366 -0.08396652 0.004860555 -0.16580895 0.30829793 -0.08735557 -0.06984225 0.017501997 -0.031624682 -0.40690205 0.15472007 -0.03596094 -0.19370276 0.2750393 0.14157982 -0.0415227 -0.05414673 0.1304772 0.07444057 0.20770702 -0.20558815 -0.07112828 0.005283378 -0.28064403 0.022202529 0.09241635 0.01446239 0.11363382 0.15460795
BWA -0.10431576 -0.07901231 0.008286358 0.06634529 0.055365484 0.047329236 -0.08820938 -0.025169875 0.0012583314 0.040387712 0.1020556 0.09550904 -0.043295387 -0.022670649 -0.016574275 0.099093795 0.007558751 0.094367 -0.08016493 0.06876453 0.20085424 0.04430858 -0.055776376 -0.1933361 -0.21972659 0.051535044 -0.1518261 0.13378358 0.13645351 0.014491752 -0.00050910795 0.0535794 0.1258612 0.021647688 0.07289433 0.20905256 0.25925535 0.0154772 0.2542944 0.0028059164 0.061685003 0.112908885 0.1411481 -0.12698244 0.18858401 0.0916757 -0.010074476 0.018752433 -0.260345 0.20561726 0.17697793 0.1282149 0.11200212 0.070636846 -0.034851335 -0.09534514 0.026220312 0.2482896 -0.042758644 -0.07165104 -0.27241206 0.055649057 0.37481534 0.1628997 0.07842499 -0.08144163 -0.05874162 0.112894274 0.05414073 -0.07956553 0.043944716 -0.21900356 -0.42180654 -0.06980425 0.03739672 -0.13231713 0.081017405 0.0067901155 -0.006071201 0.34457812 0.09047656 -0.12568463 -0.042281218 0.33075225 0.2565149 0.17556533 0.32403812 -0.16206053 0.23973715 0.08990639 0.19636792 -0.088683076 0.057685364 -0.11642448 0.18188366 0.014007959 -0.025594816 -0.040960282 -0.09015949 -0.13494183 -0.09216098 -0.035392407 -0.04761731 0.22087646 0.015784405 -0.05496144 -0.05535992 -0.2016589 -0.21494065 -0.15226828 -0.0016643584 -0.2345236 0.0017080987 -0.13057943 -0.24275532 -0.11562835 0.06403898 -0.2506304 0.09423868 -0.15980315 -0.05481281 0.023261897 -0.038062554 -0.033279374 0.042333327 0.07852692 -0.05379937 -0.09276574
EGY 0.18824324 -0.28359547 0.09402488 0.27078533 -0.18235277 0.3094112 -0.2312308 -0.030949514 -0.17743847 -0.20893939 0.088296644 0.1779178 0.1956737 -0.26145768 0.022313586 0.22705176 0.005972757 0.34118092 -0.030041626 -0.11206975 0.13059868 0.2648165 0.0072118533 0.03697688 0.04485715 0.12340571 -0.011666934 0.23511414 0.15854394 0.080188364 -0.07670831 0.20669447 -0.10068894 0.041315593 -0.029188052 -0.057028707 0.14178035 0.13178748 0.11594043 0.09027259 0.10242794 -0.14773235 -0.08574707 0.008479977 0.18692338 0.14609104 -0.00891367 -0.0071980217 -0.07663609 0.33197552 -0.16820136 -0.14120673 -0.08473666 -0.093200214 -0.22555573 0.16395184 0.4391134 0.14453512 -0.09961098 -0.09576247 -0.064658016 0.05331033 0.4031245 0.20954973 0.13940674 0.031037167 -0.22174081 0.12818934 0.3477792 -0.10243954 -0.13019416 -0.1333947 -0.19076747 -0.19993533 -0.034913424 -0.16663773 0.26813692 0.18843262 0.151774 0.27666265 0.26483345 -0.22722173 0.06536482 0.13990793 0.2807699 0.4446427 -0.10817838 0.093336225 0.23243621 0.039129566 -0.13085985 -0.03353828 0.37347403 -0.08847548 -0.0014960037 0.25125208 -0.1673259 0.24813102 -0.04259437 -0.082089044 -0.16736859 -0.1321004 -0.31649753 0.33735263 -0.09455976 -0.12269674 -0.15753594 -0.017554656 -0.025902346 0.016048865 -0.104820974 -0.36784604 0.26003075 0.11496424 -0.24667478 -0.006113386 0.15797658 -0.034246646 0.32066047 -0.28764346 -0.16866982 -0.060345113 -0.1780252 0.1429861 -0.055588987 -0.0841662 0.03020098 0.17970835
JPN 0.15890177 -0.10750354 0.19464213 0.085086115 -0.025858149 -0.079444446 -0.18372783 -0.21390472 -0.27017295 0.12757328 0.1344365 0.092322744 -0.12926568 -0.2584745 0.059245843 0.22469355 -0.09609267 -0.08378602 0.0020210429 -0.18017131 0.23271285 0.107723586 -0.07292195 -0.08658772 -0.05969542 -0.011378075 -0.1732917 0.1343797 0.12491038 -0.17406519 -0.014130939 -0.0016536005 0.1747409 0.24065714 0.1741335 0.19571857 0.26445922 -0.28155658 0.14723195 0.24853528 0.21777876 0.013918874 0.043895762 -0.025748527 0.0977386 0.07401355 -0.09263223 0.016874146 -0.1796511 0.20564915 0.21789826 0.09516738 0.123098604 -0.08680671 -0.20959479 -0.022614494 0.22377093 0.4158091 -0.13837382 -0.08481328 -0.08593396 0.019421976 0.28431073 0.2550011 0.16804333 -0.21276003 0.002868371 -0.04527627 0.29257137 -0.2629908 -0.12781367 -0.2706819 -0.06240096 -0.023504304 -0.07322298 -0.04763946 0.13685946 -0.26561883 0.06160525 0.44163764 -0.06792692 -0.061316874 0.06388689 0.2252342 -0.29435962 0.07141761 0.21086009 -0.07158794 0.1325404 -0.17920083 -0.040179335 -0.16667987 0.280054 -0.085656136 -0.033463906 -0.04095287 0.14176674 0.08754815 -0.16563356 -0.13257644 -0.004622712 0.010822721 0.19828825 0.37024957 -0.050087906 -0.25813445 -0.012549205 0.188673 0.06940188 0.16285695 0.02402472 -0.36373484 0.04150464 0.13239352 -0.36559573 4.9697293e-05 0.28705823 0.038474157 0.24174999 -0.0740808 0.005631329 -0.08157311 0.08299699 0.10711067 -0.21917258 0.08247773 0.034915484 -0.2170315
COD -0.03937428 -0.13821058 -0.18389186 -0.095076896 0.014553192 0.25074717 0.09995971 0.006916597 -0.26500088 0.13540615 0.09048094 -0.012560522 -0.21459597 -0.16606262 -0.062876016 0.24190296 0.07636308 0.17922737 -0.18261677 -0.042567156 -0.08082146 -0.1932594 -0.21880344 -0.20884028 -0.32385904 -0.032001104 -0.06857475 0.072589576 -0.12379281 -0.044692088 0.02413092 -0.10077695 0.008244133 -0.092393994 -0.13370126 0.44266033 0.025232514 -0.12437661 0.14004682 -0.099066444 -0.057998918 0.26220313 -0.118068084 -0.06684235 0.26831427 -0.12413877 0.0042723725 0.11334719 -0.41068488 0.089083284 0.28354907 0.035655968 0.043956954 0.26966307 -0.09852147 -0.27343246 0.2099747 -0.051986266 -0.11897007 0.030155605 -0.17259851 0.24629895 0.46156985 0.15345499 0.1826071 0.1264763 -0.21257776 0.15919188 0.051868226 -0.15810758 -0.042788155 -0.13177367 -0.28099963 -0.20904708 0.15164998 -0.17371121 -0.050415646 0.14291593 0.012687094 0.5385044 0.17113495 -0.22305837 0.06782442 0.33364767 0.14081845 0.17726375 0.13617253 -0.31261748 0.20197184 0.0051111053 0.18743789 -0.017713368 0.033389855 -0.10487373 -0.16027626 0.012369715 -0.14164126 -0.099396095 -0.07446549 -0.07597003 0.048287325 0.025895711 -0.2363533 0.2685569 -0.14181618 0.029911442 0.024704529 -0.40662366 -0.14308223 -0.3883259 0.057958867 -0.4945185 -0.084892124 -0.009012366 -0.18025482 -0.10302002 0.43466976 -0.37638658 0.23663884 0.011696522 -0.28776556 -0.14149378 -0.18774211 0.07686539 0.20643917 0.05632688 -0.1871987 -0.056065615
BRN 0.16231243 -0.27746853 0.09291711 0.14160497 0.116385624 -0.11045197 -0.13647307 -0.03370963 0.094057515 0.3386192 0.14392999 -0.09244086 0.08733776 -0.26550436 0.22051625 0.3352408 -0.1431893 0.2642168 -0.03817877 -0.122713365 -0.051503394 0.23032875 -0.0040571596 -0.14612113 -0.21691902 0.1814877 -0.11966198 0.24508522 0.017082922 0.23559661 -0.35311306 0.13597162 0.042446744 0.045312002 -0.15914184 0.04528391 0.35618487 -0.017642844 0.2639093 -0.017558431 -0.16944548 0.16813022 -0.13321084 -0.1458478 -0.029886462 -0.104566805 -0.16293585 0.017943539 0.25691363 0.006398308 -0.030841291 -0.15679915 -0.09565947 -0.02998719 0.08031697 0.06963586 0.28384236 0.25533745 -0.056772336 -0.22900823 0.18663996 0.013922101 0.040438317 -0.05590481 0.29382733 -0.069046624 0.28252432 -0.048365507 0.043557327 -0.13051425 0.095348746 -0.042755023 -0.32004738 -0.13962652 -0.14530142 -0.30870098 0.18163593 0.09008027 -0.12985429 0.11598061 -0.04273455 -0.02850632 0.001737696 0.07401293 0.1816502 0.4171201 0.077779174 0.042090703 -0.008098069 0.21997203 -0.120359175 0.09517178 -0.10453954 -0.1383978 0.3194868 0.074667454 -0.10923386 -0.055346157 0.056756362 -0.2210262 0.12911344 0.13048731 -0.34571213 0.22105375 0.2892723 -0.030148154 0.034483943 -0.15787758 0.35652572 -0.03510924 0.19244201 0.06248081 -0.03046154 0.17441466 -0.23769727 0.042894345 -0.4067767 -0.09590332 0.00012779045 0.07023205 -0.25266507 -0.098728985 0.038659066 -0.08919147 0.0061076027 0.19116957 -0.02359921 0.04241086
CHE 0.14980951 -0.028188827 0.32123604 0.14242311 0.0088759735 0.03552874 -0.21588932 -0.1314087 -0.1912678 0.29059172 0.105144404 0.10145577 -0.14219081 -0.2438192 0.032508574 0.1143542 0.020661108 -0.1972507 -0.057553515 -0.14400072 0.064349554 0.086492874 -0.068810716 -0.09949273 -0.08776865 0.009368547 -0.22384782 0.06868642 0.02545911 -0.12976553 0.014946384 0.10071369 0.22947323 0.1583916 0.09221215 0.046519645 0.2916811 -0.2912495 -0.041234285 0.2155656 -0.14037807 -0.013251135 0.04791229 -0.08816961 -0.014910265 -0.025060367 -0.21813668 0.08816391 -0.0981743 0.2963977 0.08978948 0.23608078 -0.021792624 -0.16283663 -0.08569196 0.15622623 0.13344945 0.24320318 0.027849497 -0.026801087 -0.0824643 -0.024257785 0.15756324 0.15296862 0.17767274 -0.19830707 0.30307922 -0.047570944 -0.0230845 -0.25734085 -0.018997686 0.05845194 -0.08674795 0.01806686 -0.12150546 -0.0952568 0.0032057539 -0.0041604033 0.09134853 0.4320366 -0.14519227 -0.024107253 0.0831699 0.10781845 -0.3241732 0.23548669 0.33502656 0.1160713 0.037092872 -0.021507382 -0.1537571 0.03947022 0.14265737 -0.13999528 0.10776474 0.110277995 0.09965871 -0.14004941 -0.40375486 -0.058427945 -0.016161766 0.095943876 0.055027086 0.27361003 0.12530197 -0.13113213 0.14246838 0.112874 0.21938054 0.16887002 0.10604974 -0.21128151 0.112676874 0.09721573 -0.28281376 0.11088153 0.00654393 0.12791303 0.13924207 0.13767034 0.14774431 -0.27709073 0.23290227 -0.030795963 -0.16463934 0.18653421 0.05592806 -0.2202293
PAN 0.18862818 0.09733164 -0.10920796 -0.039709494 -0.0036073134 -0.07266381 -0.10306435 0.11579813 -0.13909368 0.36380422 0.14533538 0.091806605 -0.023730654 0.037143316 0.03739041 0.04144783 -0.035183255 0.12169298 -0.15156811 0.052240945 -0.123639226 -0.13094194 0.07883011 -0.2287997 -0.36845908 -0.056712892 0.10323739 0.066218615 0.12682906 0.036782634 0.040559106 0.27796277 0.077933416 0.24329013 -0.057366706 0.3913347 0.37758344 -0.024924254 -0.03121019 0.008860903 0.12286973 -0.099849 -0.047412407 0.0049597463 0.29805383 0.083089285 -0.2251579 -0.073058866 0.03562763 0.18132219 0.14528866 0.17688279 0.19904917 0.021495277 0.10095335 0.19039969 0.14618285 0.44976264 0.07314935 -0.013665376 -0.36797568 0.053870447 0.23550102 0.16332436 0.04209493 -0.041282337 0.16435155 -0.010007242 -0.03182394 -0.1337877 0.121717855 -0.20146158 -0.4972469 -0.14041749 0.13315684 -0.0094103655 0.2212005 -0.12947008 0.040454667 0.5074388 0.19042504 -0.23050247 0.064892754 0.19935346 0.19037354 0.1095951 0.232082 -0.2021535 0.10551977 -0.06781076 0.27018568 0.026940962 0.17712866 -0.120080546 0.32581124 0.15549706 -0.22842923 -0.11111691 0.07869219 0.011629762 -0.101191655 0.037764017 -0.11180373 0.33876196 0.26053357 0.047993828 0.062464185 -0.09777587 -0.55595 0.029407378 -0.053065088 -0.010654025 0.19035462 0.040335372 0.07524297 -0.039438024 0.084834196 -0.13414307 0.10047538 -0.006739077 0.006826978 0.087878644 -0.10069661 -0.13882327 0.07827261 -0.06384578 0.13518427 -0.18102124
CYP 0.09996576 -0.16811623 0.031355813 0.31374714 -0.05428727 0.20468676 0.26193684 0.039061368 -0.24370418 0.16847804 0.034060463 -0.050759736 -0.2359668 -0.22993796 -0.044990934 -0.06287403 0.2364595 0.083267175 -0.16710895 -0.009049449 -0.002997286 0.013602159 -0.07308282 -0.079456 -0.3785917 0.03885626 0.06059067 0.18985394 -0.31143728 -0.11329815 -0.15092634 0.060242146 0.08003815 -0.19190875 -0.18127574 -0.01477227 0.1877729 -0.13888283 -0.094140865 -0.10106545 -0.18008693 0.15527025 0.10464296 -0.10747671 0.20184048 -0.063027225 -0.13629836 0.2944125 -0.094144866 0.1072588 0.06430551 0.21674204 0.087679595 0.057261672 -0.088307984 -0.028581314 0.10072995 -0.34903872 -0.065452546 0.011182095 -0.017173853 0.19280694 0.44552517 0.16146326 0.28903037 -0.26166278 0.09379416 -0.034407403 0.036667857 -0.3463391 -0.077024736 0.07909067 -0.37103933 -0.23541772 -0.092451185 -0.06995848 -0.0009784085 0.2554356 0.26105675 0.6400867 0.35811585 -0.11338393 -0.14554733 0.35720855 -0.061768983 0.21068677 0.10923107 -0.309489 0.22088082 -0.18682401 0.09741654 0.10197605 -0.052996073 -0.058223058 -0.2766078 0.09653632 -0.12917234 -0.16727 -0.20937842 -0.097400494 -0.13792844 -0.086169735 -0.12849596 0.14721477 -0.024143245 0.082079634 0.21951395 -0.14439456 0.16789357 -0.22142856 0.17737015 -0.588959 -0.021947872 -0.054062087 -0.19552614 -0.07630722 0.27895522 -0.22701666 -0.027901495 0.12998936 -0.256188 -0.177272 -0.034431286 -0.13879919 0.16948013 0.17305203 0.034174122 -0.12605737
POL 0.26873097 -0.20680779 0.31688958 0.28805408 0.038244784 0.070585035 -0.08607523 -0.024125988 -0.13001736 0.36688873 0.29837927 -0.16444261 -0.15669294 -0.28191316 0.054598488 0.14675304 -0.0896164 -0.09698753 -0.26694134 -0.10048687 0.021971429 0.04468388 0.059032 -0.030813796 -0.160044 0.21595487 0.030124864 0.06505099 -0.27317858 -0.027256299 -0.26116326 0.2798749 -0.10708088 -0.10256376 -0.17500283 0.026471468 0.2855291 -0.22883953 0.0070550814 -0.10616212 -0.2378709 0.11568925 -0.121462494 0.039957408 0.18611567 0.06359714 -0.22655806 0.18731572 0.06558265 0.12286849 -0.20748979 0.013950685 -0.14501534 -0.15555464 -0.036435816 0.16571382 0.27745816 0.09691057 -0.24112953 -0.07622501 0.082598574 -0.13579251 0.2338485 -0.028679352 0.13028817 -0.04658886 0.3003142 0.09727099 -0.02441093 -0.11132971 -0.06952351 0.17763963 -0.039504975 -0.06824014 -0.18137114 -0.35275003 0.08197534 0.10186147 0.20092958 0.3028574 0.11021992 -0.07014882 0.15257563 0.038773328 -0.024869666 0.12872954 0.03224444 -0.022160728 -0.1307366 0.046347175 -0.19395736 0.28530955 0.21480876 -0.17676482 0.18552648 0.3059932 -0.16248056 -0.31550843 -0.04564397 -0.18416096 0.059410706 -0.052485503 -0.27791092 0.25714928 0.3362741 -0.19234037 -0.095425434 0.100174546 0.3366986 -0.21601069 0.15522163 -0.16013189 0.109055944 0.07404697 0.058847614 -0.052270647 -0.05221761 0.075364575 0.07926859 0.04793008 0.043588545 -0.21699764 0.12032805 -0.11589536 0.054922156 -0.09536045 0.06212808 0.06022885
ARG -0.02399068 0.016435554 -0.085571215 0.030653724 -0.0002904806 0.05178941 -0.08979105 -0.13815112 -0.06421549 0.4776338 0.062591515 0.11518957 -0.07628524 -0.13979892 -0.11779757 0.3261512 -0.014389683 -0.08117165 -0.088976875 -0.09424656 -0.21791673 0.16176084 -0.018193146 -0.044620033 -0.24580212 -0.1565383 -0.11502452 0.0935397 0.1102904 0.005520773 -0.026656222 0.15079342 0.1092587 0.26935673 0.12121671 0.35280833 0.08685852 0.11378689 -0.2731941 0.034570757 -0.0826953 -0.07038053 -0.3138622 0.010940902 0.10708083 -0.15208098 -0.051082417 -0.032063328 0.07662804 0.06399176 0.20196283 0.37477008 -0.013360772 -0.14249724 -0.08079419 0.26035878 0.24265748 0.3340855 0.1504157 0.022799945 -0.19808902 0.24837871 0.05456044 0.019095114 0.17801268 -0.21505845 0.14548804 0.1497242 -0.08613853 -0.33945823 0.27282435 0.07778554 -0.24656205 -0.06328044 -0.21289594 -0.22889078 0.06139769 0.017781034 0.065020755 0.36192086 -0.24870923 -0.11362268 0.007880853 0.13306865 0.015600786 0.12736952 0.41357303 -0.090504795 0.22697628 0.19185552 0.11435796 -0.1369663 0.016170397 -0.1067272 0.3676636 0.17093074 -0.09712987 -0.19047351 -0.16499962 0.031497024 -0.0014084033 0.26508415 -0.19188946 0.12780388 0.024686987 0.1712087 0.08138773 -0.22116023 -0.34072083 0.16301169 0.080168106 -0.01876873 0.13482206 -0.053138584 -0.10516285 -0.04871831 -4.5641238e-05 0.0002758993 0.15032329 0.07884226 0.12597814 -0.31589627 -0.13817976 -0.15091985 0.03999171 0.19267382 -0.056128718 0.09902396
TZA -0.07919125 -0.17358539 0.13825268 -0.09845456 0.08314336 0.14312665 -0.18154158 -0.21642943 -0.030092124 0.015406967 0.18452542 0.16681059 0.012121537 -0.1040084 -0.13252646 0.2041894 -0.13020433 0.09041087 -0.16655251 0.021912528 0.12763605 0.07623609 -0.13628791 -0.18198664 -0.14071147 0.12487274 -0.08754426 0.13201517 0.15170428 -0.09927035 0.02005547 -0.046865348 -0.014607233 -0.015037156 0.16315207 0.21979174 0.1658805 0.022824487 0.15939552 -0.0363268 -0.07887179 0.029247575 -0.10933787 -0.09447909 -0.02189504 0.1175157 0.12404086 0.02196342 -0.33634993 0.3214132 0.056536216 0.12351867 0.065746576 0.145676 -0.24548797 -0.121045366 0.18122908 0.046644766 -0.14316067 -0.09690126 -0.16401607 0.11852068 0.27090734 0.07881068 0.1572234 0.05212727 0.023285944 0.2573693 0.04168508 -0.0017626017 0.014468726 -0.14370686 -0.2923946 -0.10498591 0.032283723 -0.23617527 -0.19647834 -0.042235192 -0.09769689 0.2907558 0.0888305 -0.17815505 0.07804158 0.4850944 0.21820442 0.24855009 0.08605755 -0.2559877 0.10080674 0.13366616 0.28449473 -0.12215079 0.22026128 -0.12019828 0.18992689 -0.022879414 -0.068006195 -0.04156469 -0.21993892 -0.085193954 -0.08163716 0.057086136 -0.11271432 0.15118736 -0.05798059 -0.08641095 -0.12164023 -0.081094086 -0.085717455 -0.22290301 0.1438589 -0.31628856 0.09413073 -0.112602405 -0.14054249 0.03474918 0.03374703 -0.20165947 0.18839282 -0.22116482 0.06286093 -0.02700875 -0.054936968 0.079914026 -0.03896054 0.034671593 -0.21888377 0.076993674
BOL 0.12075306 -0.06680994 -0.047951158 0.041810498 -0.07545482 0.031340715 -0.16654128 -0.18592873 -0.12780261 0.3694191 0.0033200595 0.15533507 -0.10258335 -0.20661065 -0.10186193 0.482867 -0.053931825 -0.049294926 -0.04455793 -0.335812 -0.12251509 0.21708106 0.033667717 0.013391195 -0.07646418 -0.060083494 -0.058039576 0.13146788 0.072765544 -0.008355437 0.047245786 0.050260223 0.13399856 0.4052541 0.11372852 0.38553584 0.006529529 0.11431174 -0.22201604 0.053272046 -0.045230065 -0.064418994 -0.3216716 0.010688435 0.110499725 -0.16862708 0.035045113 0.056999713 -0.00014342103 0.105501354 0.057495393 0.18941274 0.017255189 -0.19355711 -0.11505764 0.2992456 0.36618465 0.28765988 0.15006703 -0.018513078 -0.10609611 0.23666391 0.035929825 0.07266897 0.3187862 -0.19252509 0.20380704 0.053759236 0.016184809 -0.3810627 0.20672806 0.059654247 -0.016870769 -0.073542275 -0.3759141 -0.19344237 0.13163163 0.017083557 0.088277236 0.3722708 -0.22608374 -0.06760663 -0.0024755541 0.05784871 -0.15077442 0.13551573 0.39646798 -0.029937057 0.2720731 0.12545618 0.011017199 -0.1817596 0.19056842 -0.078075394 0.19724824 0.0887421 -0.06342239 -0.07700382 -0.24266544 0.010998034 -0.06931988 0.2795469 -0.23416503 0.163269 -0.025888728 0.027533337 -0.038182154 -0.19965513 -0.25166422 0.2339476 0.009111921 -0.11370732 0.12403381 -0.027064014 -0.196933 0.02284288 0.08353919 0.08984291 0.23401073 -0.043787293 0.12772323 -0.4235098 -0.18026176 -0.021893935 -0.06624315 0.21732467 -0.024793932 0.14662778
DOM -0.11396693 -0.008224473 -0.14113352 0.02538116 0.06664362 -0.078616716 -0.14553173 -0.004714597 -0.20572029 0.5654112 0.37303615 -0.033436723 -0.032101717 0.007869115 -0.035715412 0.007610661 0.04508508 0.2774877 -0.05153143 0.14073993 -0.013121227 0.14143397 0.061252255 -0.031060634 -0.13844034 0.09318007 0.033635262 -0.13979965 -0.075280376 -0.060134113 0.02060541 -0.034488495 -0.28590065 0.2535794 -0.14445372 0.18433195 0.23167512 0.037185308 -0.15434782 -0.12811199 0.15928349 0.08294488 -0.25617954 0.13844724 0.15585844 0.10700375 -0.20823935 0.04788018 -0.068599515 0.19591555 0.2569482 0.33940932 0.20962529 0.1368665 -0.19955744 -0.103268 0.21064708 0.21062635 -0.25749806 0.12696385 -0.13493024 -0.014041579 0.09020088 -0.14094985 0.2791412 -0.043632858 -0.118168935 -0.07317909 -0.0359069 -0.1529899 0.082180455 -0.41418853 -0.16038969 -0.19724004 0.13147786 -0.16545537 -0.047194816 -0.24207456 0.029117255 0.16131756 0.10474976 -0.06578198 -0.14954701 0.34276938 0.13384892 -0.10561943 0.14656566 -0.23991925 -0.1208055 -0.030515285 0.19569218 0.008395752 0.33622676 -0.15961806 0.31454474 0.025450932 0.14785762 -0.08105624 0.20246135 -0.17139767 -0.2091382 -0.18996637 0.1417852 0.24322185 0.13819785 -0.20814432 -0.2614056 0.122555666 -0.038364276 -0.086719975 0.20301326 -0.026912702 0.16054253 0.2066657 -0.24824192 0.05024462 -0.20874764 -0.06740343 0.06761536 0.09838542 -0.16351023 0.11478515 0.0010762117 0.121251084 -0.12870628 -0.34301192 0.04078958 0.115661316
TUN -0.09885581 -0.14106153 0.16181359 0.23763777 0.07050116 0.049746998 -0.1488863 -0.038363785 -0.0125413025 0.34683833 0.14144956 0.08491287 -0.10828086 -0.30791175 0.006720794 0.0791583 0.19216727 0.03834494 -0.06571758 0.070176125 0.045053337 0.11295029 -0.16667348 0.029298984 -0.30048192 -0.014832059 -0.14165843 0.15226413 -0.049806245 -0.18465205 -0.20704262 0.06537513 0.028505746 -0.016126642 0.042906087 0.04305658 0.013498791 -0.18443424 -0.086378485 -0.021586925 -0.23496999 0.074816555 -0.28890648 -0.120233245 0.08243513 -0.28443447 -0.27902868 0.00084400194 0.05012122 0.037096873 0.14069849 0.24124622 -0.2488995 0.066094294 -0.17894924 0.09692322 0.12688154 0.119068995 -0.12650397 0.110397086 0.0023939621 0.2211278 0.17508191 -0.011682729 0.20933053 -0.21840458 0.14935926 0.17094225 -0.15389381 -0.08549999 -0.115697935 0.24702804 -0.28912586 -0.07407606 -0.11973018 -0.22109434 -0.024844125 0.08995426 0.1813115 0.4198259 -0.17757042 0.06636831 0.034501813 0.21221778 0.038625006 0.06935078 0.27420443 -0.14898334 -0.018380998 0.16470012 0.10459272 -0.029474251 -0.13602862 -0.1362578 0.12715334 0.11403934 -0.013313144 -0.072757564 -0.2823057 0.112818025 0.1004377 0.025772227 -0.10012306 0.108136795 0.18903092 0.07691851 0.19846447 -0.11671793 0.19816844 -0.1249586 0.08818847 -0.22095834 0.058278177 -0.052507196 -0.21110602 0.08659104 -0.030934114 0.016823262 -0.011515206 0.15979534 -0.07088814 -0.15802458 0.05954306 -0.17521168 0.050968517 0.26164708 0.07912777 0.043416128
CRI 0.19114017 0.097837575 -0.01998921 -0.026305454 0.054781303 -0.07972504 -0.1582784 0.1454134 -0.24609801 0.3985612 0.25878167 0.003784527 -0.100155555 0.025604907 -0.0034032573 -0.093610905 -0.107060924 0.1232555 -0.17656636 0.17116183 -0.025614074 -0.26444238 -0.010733525 -0.2948533 -0.37759104 -0.064078934 0.06613822 -0.018271534 0.13727765 0.030867256 0.0064243847 0.33644944 0.1018845 0.24670106 -0.112318404 0.39018115 0.38932332 -0.13669348 0.08516594 0.04209522 0.16639891 0.0017851898 -0.055979405 -0.013517202 0.30722648 0.18275085 -0.28191778 0.025275815 -0.073375046 0.18679437 0.16854565 0.21980615 0.2196986 0.028527899 0.052360423 0.1077318 0.054475456 0.43888435 0.011028977 -0.026961265 -0.29314083 -0.026857603 0.25894243 0.19827408 0.07967087 0.09310363 0.15431143 0.052285336 -0.041564405 -0.18354581 0.0038050448 -0.36720747 -0.42616633 -0.09996904 0.27668938 0.007980924 0.107437134 -0.2617649 -0.043365248 0.34507605 0.20979455 -0.21558417 0.06776177 0.30917212 0.16103603 0.03917342 0.16983885 -0.17442146 0.035316773 -0.17161809 0.20267916 0.13134728 0.1221477 -0.12193776 0.28427738 0.09672921 -0.16110808 -0.15984985 0.24093926 -0.13551956 -0.09416828 0.06587965 -0.00856752 0.32782477 0.1955781 0.049508836 0.0040780837 -0.02940446 -0.39364287 -0.016138215 0.061345402 0.0016157054 0.13959303 0.07573758 0.06791765 0.01881975 0.07473151 -0.17584868 0.07128687 0.036639888 -0.011700903 0.16186795 0.04949139 -0.06608786 -0.025654808 -0.15540151 0.06183239 -0.30003986
KGZ 0.2657292 0.018944992 0.2198097 0.15099166 0.13755861 0.13005865 0.09439636 -0.2201865 0.006466991 0.0572795 0.21858923 -0.15473726 -0.13150942 -0.31529117 0.17233782 -0.032897968 -0.04315662 -0.15483536 -0.44784805 0.19853576 0.003086696 -0.057553172 -0.12820606 -0.29148138 -0.14364725 0.120800525 0.015121476 0.13226911 -0.20217311 0.023684448 0.18679921 0.10992446 -0.1300355 -0.094391435 -0.071613766 -0.095346406 0.26396933 -0.12858604 0.02774116 -0.12451972 -0.2774849 0.038439244 -0.1979244 0.09088915 0.19650836 0.10350498 -0.39286572 0.39464635 0.1389856 0.1882772 -0.29190722 0.0033810793 -0.075152904 -0.088514455 -0.26013836 -0.040153187 0.20539099 -0.17909664 -0.3279727 -0.08364185 -0.21602887 -0.10938629 0.30927163 -0.15072744 0.10557215 0.1344012 0.33548793 -0.094313025 -0.035089992 -0.33551317 -0.28064743 0.017260088 0.060994886 -0.15705088 -0.1326284 -0.47638527 0.043522794 0.046059888 0.19137359 0.6068447 0.4022336 -0.13067177 0.19538173 0.31396356 0.07962119 0.0821656 -0.01610031 -0.032423124 -0.012703117 0.08329908 0.11945983 0.29680702 0.21250395 -0.17359039 0.035005976 0.31610596 -0.18591027 -0.1652768 -0.38621613 -0.19051903 0.020874247 -0.083839715 -0.005171944 0.42882332 0.21096458 -0.38690343 0.10027817 0.09712741 0.21245319 -0.21224728 0.36987993 -0.2165938 -0.015573905 0.15391974 -0.09120184 0.22728714 0.045577433 0.13409153 0.1679936 -0.00830999 -0.24708399 -0.1257348 0.2733199 -0.065360375 -0.03593108 -0.17158608 -0.10505233 0.10241215
URY -0.15340267 -0.010727389 -0.048858725 0.18707898 0.09202461 0.020222984 -0.16801055 0.08711161 0.026274137 0.34752026 0.16870548 0.070085086 -0.06263791 0.05286252 -0.06831509 0.04027208 -0.004082116 0.1252112 -0.11178672 0.18665454 0.08860098 0.09483689 0.026568659 0.015106848 -0.25120372 0.006992845 0.007045141 -0.036918197 0.012527203 -0.1297708 0.02332749 0.0926339 -0.018878108 0.07612376 -0.006435896 0.15252207 0.17735997 0.13162029 -0.06086964 -0.10330802 -0.036330733 0.07660927 -0.16180377 0.01201747 0.14014305 0.07384025 -0.07223758 -0.031012421 -0.028580032 0.1330069 0.06785979 0.47016263 -0.012727659 0.07770318 -0.05637307 -0.013832152 0.06026082 0.19064358 -0.06160501 0.07024271 -0.17074981 0.021098204 0.2817403 0.0028243675 0.09950069 -0.05834395 0.0039400016 0.13987006 -0.23830281 -0.09946601 0.092310585 0.0080879135 -0.4208963 -0.06112925 0.016624587 -0.21696909 -0.029003026 0.06078546 0.14255045 0.3146359 0.13591881 -0.07532751 -0.01660478 0.329848 0.35260412 -0.024863135 0.31094506 -0.1744033 0.030816766 0.14637679 0.2437702 -0.0069367564 0.08079057 -0.11275583 0.4024457 0.10959664 -0.088141434 -0.22071184 -0.037269972 0.026579231 -0.18028833 -0.01836372 -0.087454274 0.12600897 0.17809863 -0.02005853 -0.10675105 -0.022087414 -0.17957455 -0.19550516 -0.0027560345 -0.0010825665 0.12161625 -0.10639536 -0.098453306 -0.07569873 -0.05303967 -0.1122838 -0.01116041 0.02978365 0.011721372 0.019284792 -0.073520415 -0.16244094 0.067726 -0.0504766 0.06215417 0.13705553
SWZ -0.11063684 -0.1512251 0.05572461 -0.0020212028 0.05173002 0.22408716 -0.1338186 -0.06641786 -0.12091578 -0.035742298 0.2033432 0.259862 -0.0680199 -0.06507589 -0.30325842 0.102558136 -0.06823834 0.102981135 -0.14070117 0.064319834 0.07958639 0.012791397 -0.015003726 -0.19438632 -0.22917266 0.11473226 -0.0073810965 0.15077357 0.17078066 -0.06831778 0.10098226 0.16375662 0.023284439 -0.052404817 0.051608577 0.29423887 0.25803807 0.099831626 0.11704752 -0.026983105 -0.13803291 0.043978624 0.038354576 -0.1652401 0.10736741 0.18384914 0.15586339 -0.0028701685 -0.4145685 0.40292123 0.028084753 0.3233783 0.24535054 0.1504836 -0.2465722 0.0469088 0.16113602 0.07638976 -0.006289209 -0.04407734 -0.18335369 0.23237589 0.281849 0.13989526 0.117325895 0.041222103 -0.045812655 0.3554557 0.066435635 -0.004864119 0.20792113 -0.21678396 -0.43754703 -0.06944971 0.019819163 -0.17715096 -0.09857714 0.006128199 0.027259797 0.3572426 0.22415973 -0.32329297 -0.090318 0.6125609 0.3428845 0.25921896 0.16342701 -0.3003737 0.23260048 0.03248644 0.31311482 -0.12062057 0.19984739 -0.23020318 0.2123183 0.026745293 -0.06171477 -0.10668065 -0.057925176 -0.10627841 -0.28515857 0.040165264 -0.29153588 0.13532202 -0.104751244 0.09461287 -0.108753465 -0.2957243 -0.3051913 -0.20207347 0.1509707 -0.33398515 0.18737526 -0.21826003 -0.099095516 -0.119103305 0.16255972 -0.4466543 0.10892444 -0.29010758 0.1448406 -0.037895206 -0.15837449 0.042702105 -0.115337126 -0.08947975 -0.16491038 -0.043462183
AUT 0.07035408 -0.18853545 0.28366926 0.284444 0.031549715 0.21210632 -0.20009606 -0.123261824 -0.1428807 0.15343063 0.10551779 0.10421687 -0.072520524 -0.17567568 0.04121694 -0.1143747 0.08611119 -0.09689871 -0.059280198 -0.08172837 0.033534043 0.08496453 0.018066015 -0.0583021 -0.0051840474 0.1301195 -0.27389672 0.15071027 -0.08065533 0.030703723 0.025412085 0.08548959 0.01583176 -0.016582584 0.06957345 -0.15376477 0.21727242 -0.21069147 -0.14394027 0.12124419 -0.17995016 -0.07047207 -0.0017636981 0.008170332 0.20567992 -0.020961758 -0.21692039 0.16018671 -0.1659724 0.45849597 0.06566481 0.14791141 -0.035540916 -0.16114135 -0.32505712 0.18171091 0.14662904 0.11424608 -0.1669973 0.10941123 -0.19766031 -0.0019267285 0.25554338 0.06312447 0.16201858 -0.19373165 0.20611359 -0.025766743 0.114763506 -0.16759454 0.024273736 -0.13110176 -0.1441578 -0.070183426 -0.08920044 -0.15997458 -0.062058542 0.09318696 0.20935816 0.23130125 -0.14280619 -0.01673269 -0.02903581 0.11194469 -0.23061028 0.20910439 0.23626165 0.11938323 0.0875028 0.009558845 -0.18322517 0.13565202 0.24626389 -0.19185814 0.0058169877 0.11240694 0.10665133 -0.10493897 -0.31645158 0.016500564 -0.18063118 -0.06971964 -0.036908522 0.15348823 0.060948815 -0.02567502 0.020267673 -0.090503134 0.24941896 0.054073382 0.025350587 -0.29736394 0.21918474 0.058326576 -0.34540504 0.119679846 -0.13318643 0.1653853 0.09804852 -0.0327874 0.11086269 -0.24926554 0.13981809 0.13241284 -0.1700348 0.038822304 0.15953223 0.03749787
BGR 0.17226441 -0.2482403 0.1935599 0.32691404 -0.19849737 0.26750544 -0.24409506 -0.037578784 -0.1811107 0.03813907 0.17388524 0.049425386 0.08877092 -0.245614 -0.039913323 0.22833641 0.08446361 0.20160691 -0.06922857 -0.123327106 0.13766618 0.24934405 0.045385335 0.07629442 0.04859324 0.16294639 -0.040804774 0.061377216 -0.05354411 0.022454564 -0.05572005 0.2360482 -0.08757686 -0.031347625 -0.08602155 -0.11863991 0.1593805 0.06795353 0.019688264 0.040074933 -0.09641645 -0.14558347 -0.024145862 -0.0004236838 0.14079753 0.13058794 -0.07717229 0.06725526 -0.044064526 0.35295698 -0.21976902 -0.03345238 -0.15069872 -0.11800291 -0.12116797 0.22803666 0.35630992 0.013336156 -0.061378714 -0.10554114 0.008338352 -0.048810624 0.33488318 0.1055658 0.18782234 -0.013061334 -0.055552345 0.122320555 0.14402008 -0.053020414 -0.08776585 0.07565395 -0.08456286 -0.115219794 -0.11816493 -0.24329929 0.18212695 0.3368678 0.15366484 0.2879473 0.22183809 -0.18707988 0.04906935 0.034411367 0.25146738 0.4021063 -0.01576732 0.13599512 0.0902754 0.10850338 -0.15801935 0.09661802 0.29970655 -0.16411643 0.046967015 0.32687572 -0.16401511 0.01605058 -0.12081293 -0.14314634 -0.123626925 -0.15048021 -0.34677806 0.29794413 0.029532913 -0.17304073 -0.18757813 0.043562178 0.052313805 -0.05142941 0.00718498 -0.27352723 0.25486875 0.06549551 -0.14375803 -0.027557146 -0.007225573 0.05898704 0.24055474 -0.16994323 -0.02959897 -0.15506543 -0.057193797 0.004148339 0.037807733 -0.111211635 0.07265053 0.1638588
CHL 0.16330074 0.029956143 -0.07728995 0.07766319 -0.017495802 -0.026191052 -0.06618795 0.022074645 0.020627394 0.27059 0.02888954 0.070611745 0.019798005 0.02140675 0.054561343 0.0972796 -0.13261506 0.074367 -0.09389824 0.00931136 -0.062043615 -0.0045844363 0.073718265 -0.14112532 -0.31606704 -0.08640185 0.04561125 0.16091003 0.16647296 0.13474111 0.0090648765 0.2637191 0.12567031 0.189848 0.06654366 0.25862506 0.2967995 0.13368851 -0.010368453 0.048677817 0.06328498 -0.080230094 -0.10045723 0.05438242 0.32422683 0.06869947 -0.11124596 -0.033304613 0.10155325 0.0981449 0.02033531 0.23089257 0.10255419 -0.06813857 0.056277778 0.13327171 0.14599526 0.3519269 0.0496751 -0.0637464 -0.31099015 0.063361846 0.25891328 0.13707596 0.028226756 -0.102070004 0.16491577 0.0781339 -0.0083657745 -0.15366164 0.13717617 -0.06560619 -0.47083506 -0.11778698 -0.022763494 -0.057685323 0.15402451 -0.018433917 0.14634697 0.4566869 0.101345085 -0.13863626 0.013132878 0.15362722 0.26215604 0.053863145 0.2691726 -0.15722136 0.22520027 0.0641488 0.23855716 -0.011105066 0.12399444 -0.07781103 0.31002203 0.14683951 -0.25757203 -0.12183018 0.028536655 0.020509446 -0.13789922 0.1268552 -0.20829166 0.1819992 0.1046639 0.12250854 0.08214631 -0.25191405 -0.44736812 -0.019709546 -0.1214482 -0.008880937 0.1020691 -0.07292067 -0.047734182 -0.09967992 0.06472556 -0.099366255 0.12494677 -0.072282776 0.0143343685 -0.01649634 -0.17946742 -0.16449685 0.10803814 0.02841603 0.12319371 -0.013330468
MOZ -0.08120224 -0.15980494 0.079075076 0.06626253 0.08876609 0.12496446 -0.07846194 -0.03796923 -0.038412236 -0.120261595 0.1250747 0.281011 -0.1640811 -0.06632177 -0.27397177 0.014397001 -0.03131284 0.0071144705 -0.18468824 0.028913246 0.120650485 -0.07489277 -0.02372357 -0.24515139 -0.2892663 0.13133386 -0.054176375 0.31537002 0.1480825 -0.017570367 0.12896392 0.12603045 0.08674064 -0.059560545 0.0664612 0.28926128 0.24169707 0.07876941 0.20091732 -0.06652126 -0.18075086 0.085433625 0.078322835 -0.250149 0.1935429 0.14424397 0.11428164 0.124554574 -0.4567608 0.4627386 0.024726361 0.27002966 0.30678195 0.10753288 -0.25834936 0.11470182 0.075107396 0.079203345 -0.035576697 -0.021944663 -0.3152916 0.30911058 0.31287503 0.18949477 0.1380535 0.042718414 0.10494331 0.3312941 0.110854596 -0.037925012 0.23384552 -0.20864402 -0.49989626 -0.04907801 -0.104554296 -0.22831045 -0.040106803 0.046772037 0.058893554 0.3223337 0.17706835 -0.26565525 -0.09426351 0.5847588 0.27738312 0.27864572 0.28191155 -0.2828542 0.32107577 0.044351228 0.34973416 -0.08883528 0.07920727 -0.28705925 0.12626891 0.03199272 -0.086904824 -0.15750587 -0.08808461 -0.046558175 -0.34302196 0.0998455 -0.35350853 0.14925511 3.0287483e-05 0.09332737 -0.08524952 -0.52527386 -0.3677952 -0.20961884 0.13647383 -0.32874396 0.1428371 -0.324353 -0.107817404 -0.10546444 0.16377774 -0.44612235 0.034840632 -0.4091509 0.13804291 -0.14891756 -0.122975625 0.06508266 -0.09761375 0.04790851 -0.10612411 -0.03881981
GMB -0.10079313 -0.37064323 0.18381952 0.33374992 0.10097257 0.11184989 -0.24566631 -0.13166478 0.021085573 0.10669253 0.06816346 0.1703529 0.07279663 -0.13063537 0.16906562 0.13007137 -0.08515295 0.01245033 -0.18055718 0.08416807 0.30982766 0.24942046 -0.31110218 0.2558626 -0.25117058 0.07683845 -0.021108638 0.33854145 0.21996187 -0.21582755 -0.2940942 0.05152849 0.022448516 -0.090833336 0.17192008 -0.058285993 0.116216615 -0.0044335965 0.026256694 0.00977024 -0.08219246 0.24344239 -0.106981024 -0.039921403 -0.062367734 -0.056942806 -0.012740847 -0.04428781 0.049526893 0.103251286 0.1285219 0.118915774 -0.23663978 -0.09185361 -0.21592093 0.045970913 0.07856565 0.1275228 0.02193791 -0.016872583 0.023897737 0.06890439 0.35442445 0.28661337 0.06329629 -0.21518235 -0.011347102 0.03801554 0.03239708 -0.29093802 -0.17814615 0.062584914 -0.44604716 -0.05677136 -0.14044674 -0.24772736 0.14925063 0.13051644 0.02377006 0.2789453 0.031990696 0.008392916 0.31927598 0.20986307 -0.0051282747 0.26332176 0.13885872 0.0070421877 0.1319054 -0.00624508 0.03397858 -0.19251212 -0.08111386 0.059093118 0.19030672 0.10109747 0.014319673 -0.044777688 -0.2919592 0.031649943 0.013841497 0.20525406 -0.033843774 0.25890088 0.15303263 -0.04247473 -0.006739919 0.2565872 0.21083623 -0.067190215 0.07331583 -0.25499272 0.13738196 -0.051330145 -0.30385274 -0.057012323 0.010372346 -0.004275212 0.06331156 -0.115854025 -0.07623929 -0.109499775 0.004273595 -0.04104594 0.01586718 0.40668195 -0.084457085 0.038608845
IRL -0.12115532 0.048975565 0.122418344 0.19574675 -0.01931094 0.31076664 -0.25190005 0.009041778 -0.14580397 0.5785559 0.2045889 0.08432852 -0.014661215 -0.12826443 -0.09830145 0.04798875 0.19712843 0.05457046 -0.102225594 -0.02275039 -0.02269951 0.0033186325 -0.012547752 -0.024400368 -0.17000787 0.12346092 -0.2229929 -0.14687762 -0.1859402 -0.02682466 -0.114322454 0.055302426 -0.06643709 -0.20258597 -0.032167748 0.097909436 0.33927673 -0.07050696 -0.02694058 0.036725033 -0.169883 0.14102781 0.15087187 -0.123439774 -0.018128945 -0.012005253 -0.23892632 0.10597456 -0.24060455 0.28485665 0.31418216 0.41519925 -0.06665494 0.029882684 -0.043576185 0.0017880634 0.047865212 0.0681622 0.008988044 0.0747957 -0.23871222 -0.06893605 0.1109782 0.010690679 0.3019289 -0.20648497 0.20764 0.04514915 -0.3596076 -0.08715129 0.04006909 0.06602227 -0.30174413 0.12891684 0.07722093 -0.17823534 -0.17745222 0.33036628 0.25466236 0.39204526 -0.07506507 0.020248467 -0.09616099 0.05010592 -0.039717566 0.4211566 0.39190122 0.043005608 -0.19565831 0.06250945 -0.15075608 0.20230253 0.21623832 -0.27546233 0.173747 0.09461839 0.10793728 -0.34452453 -0.20055924 -0.19191027 -0.20652874 -0.06528465 0.016001703 0.25699937 0.2940357 -0.07982111 -0.0029653844 -0.26248366 0.14339948 -0.20882693 0.13125283 -0.255589 0.24850519 -0.023632728 -0.18414819 -0.1444863 -0.3031269 -0.011961725 0.053031195 0.16944048 0.20219651 -0.33107844 0.14721821 -0.027414028 0.122821525 0.08813807 0.103720754 -0.0546889
BHS 0.17249711 0.055331178 -0.20510261 -0.0420779 -0.14359738 0.028329678 0.02802054 -0.19791809 -0.08868044 0.45807233 0.08346895 0.10993799 0.0286444 -0.16740696 0.00062514923 0.39397934 0.008310295 -0.013396881 -0.12227679 -0.21776277 -0.29403776 0.19261445 0.047643077 -0.037969213 -0.2707216 -0.15855935 0.04474986 0.123122424 0.12548532 0.039900422 -0.010658149 0.119920716 -0.057822168 0.3205855 0.10481359 0.4267273 0.14609094 0.17372826 -0.28416598 0.023478387 0.043778293 -0.24203533 -0.34896246 0.14064465 0.15635242 -0.15744814 -0.07604941 -0.062516116 0.18364702 0.047218814 0.19331153 0.16055997 0.034726646 -0.1617594 -0.07601038 0.3177954 0.42957756 0.3383121 0.100408144 -0.0139017 -0.248363 0.24969733 -0.012644942 0.031660244 0.19731212 -0.27821928 0.129448 0.03568169 0.0092445 -0.32395223 0.23746186 0.08360639 -0.21411243 -0.1116246 -0.23085874 -0.16137229 0.26145148 -0.012563011 0.1532464 0.50252867 -0.13209014 -0.16212049 0.055480927 -0.03687854 -0.0068712244 0.13843007 0.29042977 -0.21964799 0.21469426 0.12005962 0.14687464 -0.14799167 0.18947148 -0.1273053 0.26216877 0.18301621 -0.16543129 -0.056289714 -0.16214785 0.073883705 0.06445798 0.20829403 -0.19950369 0.20655441 0.024043165 0.05497654 0.067406155 -0.1590176 -0.51871485 0.22174323 0.055497803 -0.059941642 0.19547719 -0.0048809596 0.021541186 -0.022775747 0.08187536 0.12686887 0.198607 -0.0060353144 0.06753291 -0.24947537 -0.22880478 -0.10918359 0.11321946 0.15264216 -0.0037926398 0.15994364
YEM -0.09843561 -0.12636378 -0.04181042 -0.030435551 0.03301085 -0.14389539 -0.07276413 -0.0051758927 0.009176182 0.39617002 0.17041399 -0.029860627 0.086073406 -0.04100551 0.15003581 0.1571476 0.11938431 0.23085666 -0.01652737 -0.05919601 0.0035561575 0.17360114 -0.025909603 -0.017577684 -0.111176595 0.17818576 -0.09607773 0.068080746 -0.031177707 -0.0180473 -0.1601208 -0.18784015 -0.21951741 0.046785627 -0.05067443 0.22785711 0.3531596 -0.13051744 0.201156 -0.123160675 0.081881315 0.12298888 -0.06813472 -0.020718744 0.07880651 -0.03620206 -0.29740304 0.10667203 -0.0397733 0.1388218 0.41864634 -0.1343429 0.031737614 0.10362871 -0.03865799 -0.0722995 0.23679626 0.2943121 -0.18305604 -0.06320484 -0.23138875 -0.015817383 0.111512594 -0.00052237464 0.2445792 -0.12496803 -0.048431844 -0.1235077 -0.005372173 -0.00072903594 0.02153852 -0.18682466 -0.23680703 -0.13526589 -0.0021952859 -0.17149025 0.18600239 0.00022333124 -0.06924432 0.23863526 -0.10105869 0.093219385 0.003455319 -0.12936574 -0.05741001 0.21722396 0.25977537 -0.23590828 -0.10181377 0.12221489 0.18679884 -0.021834508 0.15790886 -0.15104441 0.093475066 0.024533354 0.06555913 -0.016010523 0.044889376 -0.14818262 0.1133173 -0.09407894 0.13937809 0.34378976 0.26368743 -0.3193902 -0.13386841 -0.063434556 -0.07192741 -0.072008446 0.13559854 -0.101047136 0.035274778 0.06974832 -0.18673754 0.0062214057 -0.2557349 -0.020879267 0.14396356 0.030145379 -0.23330308 -0.044585142 0.060058273 0.04313279 0.18628807 0.081034295 -0.07547511 0.08910797
BIH 0.0058386466 -0.25465155 0.16887355 0.111903 -0.05685164 -0.070821814 0.0503946 -0.1263958 0.06514377 0.39487556 0.27906 -0.06085367 0.015977755 -0.27702063 0.17579764 0.1973442 0.1631259 0.04207838 -0.09842133 -0.1570874 -0.081799515 0.3518933 0.093458734 -0.057292312 -0.20016883 0.30439952 -0.08186848 0.05647291 -0.1792728 -0.06602907 -0.21222223 -0.028003965 -0.2925048 -0.0535624 -0.13211453 -0.124824874 0.3575994 -0.18770342 -0.024304284 -0.15168734 -0.22463283 -0.068569764 -0.06425134 -0.05704526 -0.056908157 -0.06819042 -0.20841168 0.027377088 0.20741063 0.23813796 0.017196726 -0.07877011 -0.03548056 0.03980633 0.017117992 0.2513091 0.3340688 -0.002842306 -0.16287287 -0.027555669 0.07897334 -0.0039112996 0.07970069 -0.19223747 0.25508264 -0.17659646 0.18286394 -0.16270831 -0.00056584226 -0.107642576 0.15375939 0.16415411 -0.24410921 -0.10153048 -0.22449282 -0.32004106 0.1421316 0.23192763 -0.04656957 0.28204924 0.06045419 -0.015302252 0.034658358 -0.05065551 0.028445717 0.38760334 0.049445923 -0.076673925 -0.08324955 0.20546019 -0.0069895247 0.08347255 0.17153695 -0.24747844 0.18081528 0.14405756 -0.06481774 -0.088128775 -0.2771612 -0.08521249 0.17707641 -0.13662753 -0.143536 0.28304347 0.31179 -0.3370595 -0.08989959 0.16660976 0.23923185 -0.09285487 0.35130227 -0.15984103 0.1323537 0.121218406 -0.10094747 0.10496784 -0.33306876 0.03980069 -0.06108997 0.121315606 -0.23498113 -0.100411996 0.10547578 -0.12816872 0.122738324 0.021830283 0.036839552 0.07023043
PRT 0.17042291 -0.17021422 0.21675204 0.05750899 0.085084915 -0.08142431 -0.036171474 -0.016725864 0.120440215 0.048707094 0.07957936 0.05450454 -0.14254166 -0.093079425 0.118590936 0.0041886345 -0.1175019 -0.087890446 -0.091090366 -0.04193911 0.008288064 0.008473999 0.07732636 -0.25091603 -0.23888426 0.14013751 -0.03814414 0.21356538 0.0112247905 0.0039215577 0.06267873 0.1505162 0.085638896 0.12016413 0.014907456 0.0063681863 0.23283227 -0.16075024 -0.025455784 -0.0477138 -0.16954052 -0.08404596 -0.104753725 -0.031073807 0.31438848 0.01936749 -0.039463934 0.04437392 -0.008625538 0.3322088 -0.19638848 -0.012211278 0.06369006 0.0039545577 -0.017959027 0.16455652 0.14666195 0.18679675 -0.20699385 0.008154784 -0.19153862 0.032742757 0.37107417 0.00015844707 0.024322582 -0.00053306017 0.31562933 0.01968678 0.10734 -0.078749225 0.106045455 -0.046945795 -0.37487966 -0.22045554 -0.16064522 -0.14313187 0.024397137 -0.028884497 -0.012808929 0.35611516 0.16088206 -0.13956545 0.11039063 0.28887525 0.1717683 0.041508228 0.110699534 -0.13348244 0.22139788 0.117311716 0.16870971 0.055970713 0.14972107 -0.100520134 0.18976438 0.11993518 -0.23941463 -0.094678 -0.2368032 0.10817098 -0.024466446 0.0067959144 -0.20847283 0.15469638 0.19571154 -0.042421278 -0.003922845 -0.013661903 -0.03789649 -0.12472247 -0.03076567 -0.14551598 0.04283052 -0.033063326 -0.06977385 0.15759788 0.009254454 -0.07921817 -0.008287089 -0.071781665 -0.07628655 -0.00079777197 0.0066824625 -0.12178584 -0.04189962 -0.046056688 0.10172922 -0.01826621
NIC -0.099984586 -0.0093249325 0.08160547 0.19367601 -0.00877908 0.11739565 -0.14062387 0.05017726 -0.18523017 0.6360404 0.33414668 -0.10846285 -0.04025858 -0.123007484 -0.14272931 0.2203258 0.054219734 0.34687483 0.0019752667 0.07343222 -0.051897954 0.33286622 0.11119591 0.017177572 0.055814505 0.026024967 -0.0583226 -0.32916954 -0.17110416 -0.14147894 0.15224738 0.043441415 -0.19643985 0.27036878 -0.20080896 0.024770292 0.29179117 0.061925955 -0.16454296 -0.08163594 0.08689464 0.002355525 -0.29950988 0.15178157 0.043885715 0.27280506 -0.2051855 0.1651241 -0.0937102 0.14217454 0.032580663 0.5906006 0.26186192 0.14022975 -0.043796796 -0.14462073 0.16277753 0.025954368 -0.23072062 0.021700274 -0.09795426 -0.2500945 0.32276666 -0.15062562 0.31786555 0.048821308 -0.18321438 0.01309606 -0.1304828 -0.33592016 0.12518606 -0.2746746 -0.084198594 -0.08253459 0.12465631 -0.35624912 -0.22565357 -0.011328569 0.00925406 0.09635778 0.3067611 -0.12638424 -0.27538544 0.4777971 0.24844679 0.034043346 0.2664771 -0.19404662 0.06659997 0.23866013 0.0695638 0.06994943 0.48171207 -0.20331492 0.45084557 0.04468578 0.11588859 -0.21086107 0.20702249 -0.31904313 -0.20006375 -0.3398995 0.23261897 0.13406384 -0.030630246 -0.37108216 -0.3645109 0.32868347 0.043998092 -0.17316289 0.32586768 -0.11792984 0.18573639 0.15988275 -0.25149244 -0.008939296 -0.17774636 -0.05509225 0.0021653723 0.30583724 -0.12705928 -0.0028123404 0.07258395 -0.13872379 -0.14085904 -0.48809353 -0.045043647 0.14654467
CZE 0.041980837 -0.19034566 0.21006444 0.2439741 0.045395184 -0.0686746 -0.017621117 -0.03172734 -0.0461411 0.23861693 0.20244038 -0.052900087 -0.10819744 -0.27733195 0.06930632 0.07251126 0.12431995 -0.002813898 -0.13115692 -0.011755377 0.07284555 0.16691197 -0.01168836 -0.06376784 -0.19851598 0.11385036 -0.05383388 0.17833447 -0.11128823 -0.14687504 -0.1308868 0.06195588 -0.074088596 0.0076672244 -0.030605253 -0.13677013 0.20617089 -0.18532911 -0.054794993 -0.10712208 -0.1570867 0.0067467294 -0.16723059 -0.054527447 0.09757026 -0.06799534 -0.32200867 0.12561601 0.14542943 0.09606978 -0.098398045 0.049380295 -0.1480038 -0.029163983 -0.1147256 0.13118485 0.18286319 -0.007904451 -0.22455119 0.0017464237 0.05131762 0.04228056 0.28629056 -0.045896966 0.21251819 -0.14194168 0.1974187 -0.03460275 0.042115483 -0.1472003 -0.14426291 0.16210304 -0.19539201 -0.18377425 -0.19557668 -0.2779772 0.06675326 0.13513343 0.09299742 0.37139815 0.049548768 0.015719626 0.086702086 0.16931272 0.073336735 0.15859441 0.04385964 -0.045754865 0.018410293 0.16501936 0.0742211 0.10638218 0.061209157 -0.0902635 0.04466136 0.19444704 -0.1133742 -0.09799877 -0.22847454 -0.003801151 0.04894513 -0.060582496 -0.13734151 0.18401824 0.18390676 -0.21067698 0.04225438 0.07228929 0.23991829 -0.09177381 0.14143611 -0.19587536 0.0509007 0.035365656 -0.1556872 0.13955918 -0.022521043 0.10577877 0.049498495 0.030329812 -0.20050603 -0.10374868 0.0974957 -0.15913148 0.039688095 0.07418216 0.028025571 0.03811662
GIN 0.090700015 -0.06618603 0.073906496 -0.12389443 -0.019497985 0.002807667 -0.11772322 -0.044436593 -0.12466252 0.43591616 0.1644447 -0.12631263 0.1134353 0.0174253 0.13138379 0.29413807 -0.07989267 0.2276623 0.014077294 -0.064206734 0.02093541 0.10659933 -0.026127825 -0.17825612 -0.18284857 0.11430944 -0.028520407 -0.052008793 0.021401985 0.017154295 -0.15651166 0.022661468 0.052835092 0.08847413 -0.12572598 0.23030798 0.44236612 -0.14328013 0.29206038 0.09287155 -0.0025546032 0.067545794 0.12732854 -0.04438303 -0.01680176 0.07785643 -0.03855123 -0.09531078 -0.08285529 0.15904519 0.3152798 -0.111905105 0.020317657 0.075593665 0.23282605 -0.112953566 0.16141169 0.28838012 0.086293004 -0.15235476 -0.040775545 -0.10869513 0.038591113 0.1474704 0.18720736 -0.17255382 -0.026215851 -0.14491533 -0.023613224 0.015757812 0.10322134 -0.16778281 -0.3240081 -0.14164026 0.1831934 0.015060988 0.104380906 -0.069370106 -0.12935367 0.4892066 0.06872473 -0.04514184 0.008373036 -0.018693153 -0.01743054 0.42595458 0.30376643 -0.14732651 0.006689826 0.053128622 -0.03638412 -0.034617092 0.12684064 -0.10373878 0.21532443 0.03140041 0.06158974 0.04331568 -0.12563829 -0.2770082 0.17011617 0.039163046 0.02588856 0.2842165 0.07487472 -0.14293048 -0.022365807 0.05200761 -0.024307357 -0.020384349 0.10717222 -0.1911667 0.039358288 0.08373378 -0.2393669 -0.067691244 -0.16689482 -0.18586959 0.1871794 0.220973 -0.10498932 0.08073218 0.089310706 -0.004768215 0.16781045 0.123508126 -0.10195142 -0.25337556
WSM 0.012162208 -0.14456475 0.015491818 0.03987397 0.026098544 -0.13406265 -0.06524534 -0.11311044 -0.04994859 0.21944521 0.1697073 0.12949382 -0.27171698 -0.41242638 0.20195293 0.02397228 -0.012705039 0.022131555 0.07513082 -0.18666644 0.012677972 0.01276825 -0.08406844 -0.11093213 -0.26519653 0.0095743425 -0.21036585 0.26691929 0.054240745 -0.018130371 -0.009813648 -6.347711e-05 -0.012757919 0.26020938 -0.043486908 0.24568036 0.1916995 -0.32753795 0.060390264 0.13533793 0.1984723 0.13275069 -0.24312043 0.016584067 0.30461466 -0.14494903 -0.069713034 0.12039041 -0.1490418 0.22236232 0.23465213 0.078582086 0.31308302 0.029067257 -0.26532882 -0.057300676 0.26106915 0.5280561 -0.36760128 0.05855925 -0.19879176 0.09017531 0.1954364 0.008333782 0.093698375 -0.04539938 0.055704087 0.00068404945 0.27562076 -0.31714922 0.10356055 -0.4576544 -0.11015541 -0.049036156 -0.15188777 -0.15109973 0.1436638 -0.34294233 0.06551335 0.07539742 -0.008933382 -0.031081496 -0.04832888 0.23807588 -0.22068731 -0.12239915 0.18536703 -0.27183837 0.13867514 -0.16738153 -0.026984321 -0.06416491 0.13566259 -0.24101515 0.027480736 -0.1624758 0.118112035 0.10230094 0.14234272 -0.07200624 0.009319512 -0.07534761 0.18501836 0.2982313 0.2040768 -0.062436696 0.0032637557 -0.17050022 0.13574415 0.020812025 0.09384858 -0.16000184 -0.037067153 0.22236209 -0.3213315 0.09548553 0.17972742 -0.100843474 -0.032161415 -0.043878667 -0.17956874 -0.076357745 0.07254305 0.15491466 -0.38627982 -0.0966132 0.09662001 -0.101724364
MAR 0.11218625 -0.22462147 0.13207114 0.3048308 -0.019203544 0.052540608 -0.030781722 -0.08751319 -0.18174349 0.13808179 0.15896282 -0.16709583 -0.012967102 -0.05751657 0.05675927 0.08995558 -0.0054063443 0.072283305 -0.19080396 0.09230939 0.19765577 0.24762344 0.034022745 -0.029171579 -0.015314828 0.13534611 -0.035568446 0.032888457 -0.09230806 0.039137352 -0.0050674323 0.119978905 -0.053645812 0.021939538 -0.10604416 -0.122171044 0.20480113 0.04306243 0.048948903 -0.033571083 -0.10327777 -0.0058095017 0.016945852 0.11818733 0.1656562 0.19687894 -0.15842181 0.14901055 0.031083107 0.19538659 -0.07860893 -0.004400846 -0.0343374 -0.19055535 -0.1188469 0.0724168 0.17347918 0.008461463 -0.08609683 -0.043674946 0.031836506 -0.046441235 0.29767552 0.06162901 0.115961075 -0.08777275 -0.097221024 -0.08117259 0.23107558 -0.17804399 -0.029103078 -0.0879058 -0.07642471 -0.22592947 -0.02674398 -0.22714205 0.19218767 0.07099558 0.111696936 0.31056973 0.15479118 -0.09487463 -0.07609402 0.15922631 0.09122307 0.13861437 0.16901453 0.07964086 0.14535315 0.11371085 -0.05096849 0.08061865 0.15763366 -0.06932527 0.079825655 0.24743661 -0.0144620845 -0.064929456 -0.14060272 -0.18311569 -0.10546434 -0.10699262 -0.12938662 0.20185429 -0.104700856 -0.19119659 -0.17130396 0.07538051 0.0685884 0.02463514 0.07138694 -0.22778474 0.08166327 0.009598338 -0.26518017 -0.051566727 0.009495984 0.049491066 0.18347488 -0.07946218 -0.17817838 -0.004153037 0.020541921 -0.021284752 0.024369044 -0.06749057 -0.0028590255 0.091562524
GIB 0.17367113 -0.1660317 0.28835133 0.17867203 -0.020826379 0.13195442 -0.30376554 0.016021455 -0.07394102 0.10002809 0.11891589 0.09641009 -0.09441522 -0.19186379 -0.053641535 0.05808805 0.12303231 -0.031924207 -0.11826173 -0.11116608 0.10553318 0.0051797754 -0.02014185 0.087308936 0.038200792 0.18971351 -0.017717704 0.049882405 -0.138676 -0.059044864 0.054318484 0.12108335 -0.04895148 0.023597172 -0.024866393 0.050568957 0.055386372 -0.13359573 -0.09565124 -0.08177694 -0.24248905 -0.039333295 -0.24236168 -0.046865653 0.21646751 -0.07715277 -0.2388558 0.19107395 -0.1589234 0.41174287 -0.12647994 0.023798298 -0.15803057 -0.08981789 -0.2306277 0.25925526 0.21448319 0.13803773 -0.17527017 0.042404063 -0.1652941 0.052774798 0.31700805 0.04488114 0.14285503 0.09849734 0.19503587 0.15443797 0.019351715 -0.061337635 -0.11476512 0.16077337 -0.04291965 -0.09566394 -0.2513595 -0.32443398 0.090644255 0.23519765 0.15796107 0.2971152 -0.004494775 -0.063962825 0.18544099 0.019918775 0.019124424 0.20279166 0.18542394 0.09431115 0.008211336 0.12910677 0.02979418 0.14731586 0.19782883 -0.17855261 0.035617705 0.32735723 -0.14620385 -0.20329036 -0.25273567 0.05530323 -0.059431314 -0.022922575 -0.20126772 0.35595965 0.28082293 -0.21116881 -0.12046864 -0.09128267 0.047663875 -0.09651784 0.023219043 -0.1776123 0.17263305 -0.020572953 -0.055139728 0.15436697 -0.012433404 0.13736606 0.1963064 -0.07640166 0.04428425 -0.30669963 0.061710503 -0.02344742 -0.020508714 0.012020404 0.06471943 0.17101198
TON -0.07859096 -0.17643198 -0.027008686 0.14872757 0.16211586 -0.048760597 -0.121691525 0.08939988 -0.100034006 0.32424432 0.13582845 -0.06098622 -0.038984183 -0.17575839 0.07923054 0.1628053 -0.09968946 0.2934188 0.058380883 0.02857456 -0.14839238 0.08526018 -0.03433326 -0.16252376 -0.2776244 -0.09847889 -0.19318296 0.17191197 0.0665276 0.17289628 -0.21631858 0.2291779 0.061565228 0.21931285 -0.2102963 0.16805059 0.18892632 -0.070230775 0.06437005 0.02057271 0.0833001 0.26806676 -0.26158777 -0.056648724 0.26120624 -0.045985103 -0.12618254 -0.077507176 0.08224606 -0.009806098 0.17744729 0.090537824 0.031225437 0.07200073 0.018920306 -0.0013193666 0.2555632 0.376013 -0.06198762 -0.0036930623 0.058375575 0.08724353 0.19977994 0.03619197 0.21346001 0.023524253 -0.07735266 0.0034964907 0.06732793 -0.16392955 0.10878499 -0.41300476 -0.36307448 -0.19225833 0.14145769 -0.070801094 0.019744711 -0.13173307 -0.13114671 0.07320516 -0.08550536 -0.042585347 -0.05176171 0.30699277 0.21507844 0.1570073 0.105818346 -0.032116123 0.16661716 0.11770874 -0.098984756 0.0050691566 -0.005478344 -0.044351395 0.2665394 0.05716645 -0.014571908 0.03792997 0.28602722 -0.13213629 0.0075131496 0.12204813 -0.26018384 0.14089413 0.04514346 0.1843897 0.009393707 -0.15499052 0.13829082 -0.050371215 0.088729724 -0.005856459 0.015167158 0.21510239 -0.3621974 -0.04387789 -0.11599399 -0.28820008 0.053447977 0.13910054 -0.29518136 0.0074528814 -0.06999418 0.077017136 -0.1709538 -0.018059906 0.013112321 -0.04756879
LUX -0.11700308 -0.027862249 0.001466597 -0.09059812 -0.07377979 -0.020099254 -0.23534036 -0.20412211 0.046069257 0.47452003 0.32868257 0.09401661 -0.01564258 -0.17461261 -0.060792178 0.32886168 0.058985647 0.10462937 -0.104359485 -0.23680252 0.10016074 0.14185254 0.04405537 -0.03638505 -0.08226862 0.32093403 -0.04358139 -0.116171956 -0.16993417 -0.12234579 -0.11983104 -0.2470359 -0.28678805 -0.06856758 0.053503495 0.2945529 0.17602725 0.044458475 0.14840443 -0.17262074 -0.03945052 0.060127065 -0.07159935 -0.09656293 -0.1713532 -0.031517632 0.023036547 0.13959537 -0.22196715 0.31666163 0.15026997 0.15300393 0.07623173 0.16083848 -0.13585566 -0.110158496 0.24330822 0.19094191 -0.26105055 -0.06719901 -0.11046752 0.016449008 -0.034775145 -0.19033809 0.41808635 -0.065126784 0.21098569 0.12930898 -0.18609318 0.0052177985 0.04904549 0.056142993 -0.0963903 0.05978801 -0.1456806 -0.3631626 -0.07261856 0.106779866 0.095270425 0.24635825 -0.02492757 -0.017387135 -0.018827468 0.10427218 0.050419055 0.27423087 0.20977163 -0.26477695 -0.3072609 0.120121814 0.18388519 0.018483892 0.3346967 -0.31046265 0.20162094 -0.045109984 0.064701326 -0.1781942 -0.10247822 -0.19620657 -0.065364994 -0.1339936 0.04195031 0.3112467 0.3567827 -0.4315711 -0.3401463 -0.13070151 0.06007935 -0.24352422 0.19447309 -0.15179183 0.085446335 -0.058922097 -0.007926157 -0.02042288 -0.2685344 0.024331233 0.07192115 -0.10836182 0.10891733 -0.15138115 0.020818746 0.03791015 0.103456736 0.0066968775 -0.049877852 0.19630338
SVN -0.2135278 -0.09820498 -0.06429763 0.44336614 -0.016187925 0.12354774 0.09516875 0.04230437 -0.15434773 0.2294039 0.123760544 0.028537607 0.01829686 -0.07720284 -0.06362169 -0.19445065 0.36222416 0.1926649 -0.063392 0.180052 0.03835149 0.33773834 0.09540131 0.07943359 -0.19393562 0.057405874 -0.03036707 0.10890674 -0.10981954 -0.114535764 -0.093735315 0.08057347 -0.053695578 -0.08677116 -0.046416167 -0.25029716 0.3712852 0.049221773 -0.19061877 -0.08632231 0.033314336 -0.016356904 0.21032895 -0.055766538 0.07640403 0.12785895 -0.27986377 0.13248333 0.10515427 0.11646016 0.12479517 0.41281292 0.10981004 0.009651539 -0.12049297 0.07948103 0.010402778 -0.15607256 -0.0034859348 0.029473152 -0.116975866 0.0065809903 0.31373963 0.04002952 0.2629529 -0.38969997 -0.06715823 -0.14152956 -0.02522092 -0.2885209 0.020688666 -0.07697619 -0.385304 -0.1668311 -0.038874727 -0.067519516 0.078283094 0.23351558 0.19148798 0.3921429 0.21707661 0.0030434413 -0.3007078 0.30699468 0.12481645 0.19693482 0.14353788 -0.094421186 0.1555891 -0.038173795 0.14620222 0.015939012 0.10551189 -0.08227369 0.060019054 0.11644061 0.052659977 -0.07796568 -0.080000855 -0.14229307 -0.27791816 -0.29719177 0.053680845 0.15394998 0.046532154 -0.062366333 0.07617336 0.09681855 0.05920149 -0.019966554 0.18307993 -0.32304406 0.19948466 -0.010858672 -0.35873568 -0.09057345 -0.09582828 -0.11566329 -0.038962357 0.06141574 -0.19126968 0.009093278 0.055495363 -0.16983363 0.06820791 0.02165295 0.11025247 -0.029255917
SVK 0.23957865 -0.24864553 0.35484016 0.45655036 0.056017153 0.11544088 -0.0060208687 0.02752274 -0.17822622 0.46689913 0.32498845 -0.1675627 -0.22324467 -0.3282109 0.032148205 0.1837474 -0.082888134 -0.029209731 -0.32499468 -0.080939405 -0.0068987682 0.13663793 0.08666017 -0.043728873 -0.29489678 0.20830332 0.047157247 0.1115755 -0.34186208 -0.100901976 -0.313354 0.3198895 -0.1135107 -0.11596472 -0.21498242 -0.013642561 0.31607085 -0.24454321 -0.048743274 -0.120492846 -0.25308335 0.08468439 -0.11775754 0.06786582 0.20549761 0.12863453 -0.18542191 0.21124804 0.10370458 0.041908454 -0.328339 0.089642264 -0.11728478 -0.12718304 0.072178006 0.11916407 0.29293644 -0.064554214 -0.24399975 -0.07943454 0.13613054 -0.14782724 0.27291104 -0.02757751 0.16710095 -0.08434315 0.33313203 0.06780822 -0.060230754 -0.15676866 -0.020034896 0.26957303 -0.10181109 -0.124464236 -0.17126027 -0.3538689 8.2049286e-05 0.17697437 0.23809375 0.30684736 0.272398 -0.098388314 0.09722326 0.17368156 0.04036317 0.123948716 -0.02801449 -0.05549807 -0.0604965 0.049923655 -0.14221768 0.32228774 0.21143587 -0.14598598 0.16572545 0.3243973 -0.26102522 -0.33262357 -0.037532758 -0.1373322 0.0897778 -0.07968101 -0.3052112 0.17239156 0.31073052 -0.14445046 -0.06920381 0.20312585 0.35973004 -0.24961862 0.14722674 -0.204481 0.11789315 0.07435525 0.07125026 -0.06750189 0.027274394 0.044188384 -0.030914508 0.12418882 0.018803282 -0.2194063 0.084605195 -0.17135234 0.09512359 -0.13454817 0.07402595 0.103628635
SYC 0.0074585546 -0.039970834 0.027985225 0.09213096 0.029088132 -0.1170143 -0.15039971 -0.016328987 -0.11100888 0.3051161 0.16369908 0.15087967 -0.19261402 -0.28316844 0.076511905 -0.031214707 0.15930367 0.024151677 0.04385442 -0.11370258 0.006668814 0.01543362 -0.013485538 -0.007902813 -0.18250579 0.05640081 -0.14799117 0.15647541 -0.025739873 -0.07674907 -0.004728458 -0.002591221 -0.074892394 0.16962224 -0.016909994 0.19825593 0.19257674 -0.30421838 -0.015264431 0.082395405 0.08720409 0.08234361 -0.13666677 -0.057851497 0.20463257 -0.17496562 -0.26894426 0.12002334 -0.14357208 0.21121176 0.2720016 0.13001996 0.17829499 0.037300788 -0.23342344 0.05141546 0.22291304 0.45460632 -0.25491366 0.09439171 -0.19618657 0.11726422 0.08025511 0.012229884 0.17896491 -0.123562016 0.08753917 -0.050831467 0.088643186 -0.1602824 -0.016415793 -0.25107494 -0.08765666 -0.002061172 -0.1627097 -0.11143741 0.17105025 -0.19984303 0.16903661 0.25446898 -0.10038297 0.047527283 -0.037625443 0.07462957 -0.25930938 -0.022621397 0.20589222 -0.15996787 -0.07889602 -0.16274373 0.044055652 -0.015416057 0.15626277 -0.2428086 -0.027066432 -0.023434306 0.16318527 0.0064062816 0.032498967 0.001631053 -0.031856544 -0.10019045 0.19307709 0.37900367 0.29675332 -0.14885458 0.034606345 -0.13038571 0.05470601 0.061022412 0.08820173 -0.14897251 0.04022751 0.1817997 -0.23296869 0.098457515 0.081615664 -0.011913754 0.051637 0.028783588 -0.096688546 -0.14617978 0.107865006 0.10126568 -0.21914682 -0.025571536 0.14538838 -0.07841834
MLT 0.02453134 -0.14446793 0.13098285 0.20022619 0.04381116 0.008253057 0.0068033435 0.011078627 -0.018577587 0.44514632 0.18096294 0.010204064 -0.19649668 -0.30256873 0.027791567 0.09120347 0.1483963 0.07627841 -0.11328304 0.077988006 0.046701636 0.08922899 -0.12951572 -0.027326947 -0.4240762 0.028997561 -0.005301846 0.08090892 -0.17080009 -0.25708383 -0.25111938 0.061166126 0.082878985 -0.0312484 -0.029101903 0.13321362 0.09166498 -0.22036427 -0.06928787 -0.10055874 -0.26405954 0.062275276 -0.20782904 -0.10577941 0.07440878 -0.2594444 -0.20772958 0.05257958 0.03730775 0.0023406309 0.09073124 0.2561217 -0.15645933 0.14503536 -0.076471075 0.032233577 0.15623155 0.017526984 -0.14837536 0.046671987 0.04901648 0.22413577 0.2972758 0.017663442 0.1894761 -0.25731048 0.18045714 0.1728356 -0.18461795 -0.12769759 -0.11561771 0.31620774 -0.30928025 -0.13393854 -0.11964586 -0.16156144 -0.008993235 0.04293838 0.20423387 0.5646619 0.045894403 -0.030366493 -0.009711235 0.29263037 0.020880532 -0.031713326 0.26072332 -0.36762708 -0.039468296 0.022996958 0.17523399 -0.03955493 -0.15398718 -0.0954978 0.096567325 0.06848157 -0.12927884 -0.15961772 -0.28684092 0.11407225 0.11499917 -0.05636769 -0.036663115 0.0499653 0.17091906 0.053244434 0.21479775 0.05268877 0.17948341 -0.23906969 0.08577546 -0.29901513 -0.04363564 -0.051711615 -0.090100795 0.0448057 0.07340154 -0.052499887 -0.12743095 0.2706372 -0.10935712 -0.06030888 0.017086413 -0.2956317 0.1621974 0.21680339 0.087777704 -0.040213067
JAM -0.24829121 0.056371093 -0.107743666 0.26292753 -0.022854164 0.08091968 -0.06795608 0.09742341 -0.17592148 0.6108674 0.27399337 -0.068032585 -0.04086763 -0.023279024 -0.12753128 0.106053755 0.22671291 0.29679957 -0.019386118 0.11892201 0.007740754 0.36950657 0.14792727 0.023053875 -0.08834506 0.03949273 -0.07453326 -0.28512672 -0.13408427 -0.17123987 0.0326164 0.027696986 -0.0748683 0.17833568 -0.10695504 0.06322162 0.37603524 0.104607776 -0.1956157 -0.111087844 0.15364061 -0.057778277 0.012057685 0.04291462 0.034776755 0.2558919 -0.20830375 0.094086275 -0.008384151 0.089168936 0.1484053 0.6387872 0.20147988 0.053469162 0.09589315 -0.06458726 -0.009415712 0.033810135 -0.027286008 -0.030954437 -0.19632779 -0.1764404 0.29684854 -0.045020696 0.3369965 -0.17024857 -0.12546696 -0.017924933 -0.20600526 -0.35818332 0.14796323 -0.14215893 -0.24638271 -0.11908903 0.07406797 -0.18673328 -0.08336403 0.14630531 0.07486208 0.28287694 0.23749451 -0.06757357 -0.32732198 0.36485058 0.29091078 0.072770596 0.37856895 -0.12672466 0.11798697 0.16894014 0.18851589 0.013612563 0.3362385 -0.13355216 0.41275197 0.093302876 0.039819643 -0.23958571 0.091673784 -0.29613006 -0.22824045 -0.34590864 0.1919491 0.13096358 0.07900437 -0.25459456 -0.22179833 0.21094841 -0.10208115 -0.11423531 0.20161511 -0.13699175 0.16391048 0.042984042 -0.2999694 -0.12769252 -0.2252855 -0.10674193 0.008017342 0.24982235 -0.07124985 0.02549043 0.06176931 -0.227113 0.05725002 -0.26385325 0.02858403 0.06099596
SWE 0.1058393 -0.055676512 0.14348078 0.1655644 -0.024854466 0.1058658 -0.115492076 -0.091192536 -0.15908961 0.47153538 0.25701088 -0.1265765 -0.07532138 -0.21268798 -0.01934011 0.2144545 -0.05740974 -0.075845495 -0.19370088 0.04875864 0.033226054 0.079090424 -0.053558405 0.022981634 -0.20551905 0.042276245 -0.05532613 -0.09846041 -0.10623376 -0.0731797 -0.20674853 0.20880902 -0.051984694 -0.08609394 -0.029394707 0.14703439 0.23685896 -0.07620606 0.020636013 0.026883174 -0.16942823 0.083257824 -0.10637602 -0.0118097495 0.029212233 0.0047299396 -0.19140118 0.011251555 0.078968026 0.036227316 0.10472866 0.2507782 -0.21115273 -0.08285184 -0.088053115 0.11367701 0.22953409 0.13271761 -0.030637491 -0.06810713 0.049138427 -0.037303783 0.14946854 0.045987174 0.13789436 -0.13477468 0.17501621 0.1819981 -0.17870101 -0.16243193 -0.043573108 0.23993185 -0.15750676 0.063853346 -0.05676085 -0.32969275 0.027982207 0.14804178 0.17274177 0.36028427 -0.026231004 -0.099239364 0.11082699 0.005488729 0.05543594 0.15588668 0.14282347 -0.023651486 -0.21012422 0.06369128 -0.09299896 0.13576825 0.051426023 -0.2139745 0.29744998 0.24545318 -0.064034805 -0.3209377 -0.12889448 -0.17376868 0.082869224 0.044911653 -0.17640716 0.24112476 0.2006384 -0.09342328 0.033950362 0.035073888 0.1389613 -0.14194034 0.20144139 -0.050440066 0.13246548 0.016064268 0.051862363 -0.11545876 -0.08590119 0.03808572 0.09222297 0.13369647 0.0861151 -0.1935935 0.05855335 -0.16135338 0.13776666 0.030845698 0.027395548 -0.00023594651
PRY 0.056638908 -0.033050515 -0.09118644 -0.005801709 -0.1552022 -0.13834436 -0.11672498 -0.12509315 0.0069481623 0.43797892 0.20535673 0.071037725 -0.0018030917 -0.14835827 0.028765986 0.21805403 -0.031348433 0.09822415 -0.03463983 -0.23749262 -0.011337494 0.10592971 0.051574584 -0.046409905 -0.25203484 0.07482778 0.038430154 0.06348161 0.021523416 -0.027677732 -0.17579642 -0.015649453 -0.17893203 0.1462783 0.03052976 0.31935552 0.20125014 0.08405946 -0.0050431467 -0.0015188456 0.1378707 -0.020124426 -0.14424972 0.03217271 0.06321372 -0.040873613 -0.049896143 0.05312676 0.0070270565 0.1641284 0.19600469 0.1597468 0.16713746 -0.018743753 -0.117121644 0.12324311 0.327386 0.3375763 -0.115476586 -0.03349801 -0.12216224 0.10985039 -0.017367836 0.013416782 0.3072137 -0.18621685 0.18665966 0.03578619 -0.026565041 -0.1821887 0.102212265 -0.072426125 -0.256696 0.0036112969 -0.13251546 -0.1399793 0.14152135 -0.032646384 0.15261385 0.24111487 -0.04170022 -0.051102433 -0.030966867 0.0012799397 -0.033860978 0.15794413 0.21118896 -0.30398664 -0.076713346 -0.02906952 0.15537483 -0.019783849 0.24085224 -0.19322248 0.16489647 -0.008255272 -0.05050014 -0.075855225 0.05555848 -0.070728704 -0.09699641 0.072803065 -0.043877073 0.21816212 0.22949703 -0.1272917 -0.15556695 -0.16817026 -0.18789275 0.0055453386 0.08027602 -0.08943361 0.13688867 -0.0073594484 -0.009308488 -0.049969196 -0.089604974 0.03698492 0.031258352 -0.10192238 0.040099315 -0.09535358 -0.12690417 0.014484971 0.06115223 0.08293896 0.07622893 0.10473588
HRV 0.0074271904 -0.21024863 0.1372802 0.26304415 -0.03924648 0.0006636591 0.036319 -0.061631307 -0.048399594 0.26767713 0.184638 -0.036719847 -0.049016967 -0.26929465 0.033890516 0.11542995 0.11189111 0.02926698 -0.13037524 0.0615952 0.061919674 0.2334424 -0.07453822 0.037823163 -0.2646612 0.006464136 -0.053949054 0.16983385 -0.009354804 -0.13739048 -0.22157015 0.15884136 -0.024342654 -0.010449142 0.0077132313 -0.08166023 0.1961961 -0.0864988 -0.08185845 -0.048180792 -0.12835406 -0.01409133 -0.19463806 -0.03422906 0.07406996 -0.08496527 -0.23142223 -0.018553063 0.21764688 0.0056397794 0.044656802 0.15469761 -0.18708949 -0.032405093 -0.122825466 0.19952203 0.21565144 0.009088805 -0.088414215 0.018460058 0.09713747 0.10159092 0.27094266 0.0047135074 0.12648961 -0.22528242 0.058643706 0.08255517 0.0191377 -0.16680454 -0.058347628 0.24664201 -0.3168227 -0.10409401 -0.14677118 -0.2396464 0.1240747 0.15968357 0.08821842 0.34156054 -0.005908121 -0.056510866 0.0729139 0.11688721 0.14295344 0.16742532 0.0804991 -0.077990614 0.062031306 0.1447137 0.059659563 0.004301771 -0.08328125 -0.08779833 0.16530716 0.18504813 -0.12712428 -0.11624515 -0.1935563 0.0062855235 0.07537858 0.0071699247 -0.19699135 0.14460745 0.085496515 -0.036546372 0.12682977 0.042434096 0.10883052 -0.057215028 0.15807144 -0.13612357 0.12899607 -0.0052869115 -0.11188526 -0.0024009882 0.00037381647 0.031024316 -0.0003766004 0.06633088 -0.1679458 -0.10204733 -0.021132603 -0.2193015 0.093750164 0.15674567 0.044465672 0.00727849
HUN 0.12619081 -0.3007254 0.11749039 0.32199872 -0.020657353 0.06390433 -0.07588999 -0.046002552 -0.2221329 0.2344844 0.1956724 -0.29348457 0.020563029 -0.120696284 0.021998543 0.2009583 -0.06366858 0.13191585 -0.23190558 0.058864906 0.14221705 0.3015329 0.01262635 0.05954901 -0.026907796 0.15992403 -0.00880916 -0.053671557 -0.1676857 0.06587338 -0.16932414 0.18305036 -0.11755866 -0.08851704 -0.23243137 -0.08774301 0.14318365 0.110450886 0.042998806 -0.09659576 -0.24493839 0.13746272 -0.06127554 0.10648213 0.06626235 0.13618769 -0.20441106 0.0866617 0.13801378 0.09580287 -0.08711368 -0.008234619 -0.21085636 -0.21305579 -0.114000835 0.1876188 0.245872 -0.040758014 -0.002828189 -0.0995151 0.25694376 -0.014480214 0.2632503 0.040217627 0.20571996 -0.012394598 -0.08823333 -0.014566431 0.14995785 -0.20806886 -0.042083923 0.0672575 -0.117851965 -0.21402924 -0.0129421605 -0.40285122 0.21283568 0.25237626 0.08750511 0.2714902 0.09754299 -0.12502085 0.005629959 0.077224635 0.2024444 0.2657712 0.10866703 0.16543846 0.0020800696 0.17927693 -0.18667886 0.17853831 0.08547403 -0.111722305 0.2060975 0.3830114 -0.049633104 -0.19878146 -0.069005854 -0.23672841 -0.05389992 -0.049597144 -0.3708196 0.23597449 0.0121141635 -0.19124676 -0.24224998 0.03920352 0.23507726 -0.057764105 0.20624894 -0.103596956 0.1291314 0.03880941 -0.15238969 -0.10622944 -0.120632455 0.024659872 0.19126487 -0.011300233 -0.2106972 -0.08219439 -0.037169583 -0.083500676 0.109378 -0.03245207 -0.04079463 0.16415024
LAO 0.0065621054 -0.12361214 0.235771 0.17384267 0.103184946 -0.15042484 -0.3169085 0.20446438 -0.09074405 0.25219625 0.13590206 0.0762912 -0.02442347 -0.15506022 0.045864422 0.18395805 0.03906637 0.37209216 0.08118869 0.0052321292 0.08291093 0.062415082 0.016323084 -0.28787383 -0.2005122 0.015959099 -0.1805888 0.19366637 0.13215114 0.0043400456 -0.1431302 0.24220197 0.35182765 0.23184046 -0.10224683 -0.0054685236 0.44387668 -0.20189409 0.319239 0.12804523 -0.01371475 0.1777377 0.11568944 -0.28891692 0.05736398 0.11608452 -0.35469276 0.032617223 -0.02350655 0.031971063 -0.10611326 0.11564897 0.0006740529 0.030809317 0.29286408 -0.04166127 0.06696167 0.31738022 0.063751355 -0.18850233 0.040745154 -0.17285347 0.27894396 0.08445397 0.29919767 0.078684576 0.20130329 -0.12510072 -0.04425695 -0.035910152 -0.19703911 -0.15059449 -0.32815307 -0.16742472 0.1299879 0.05872277 0.006174752 0.06252798 -0.14590359 0.33832067 0.09708898 0.011796618 -0.044501502 0.29650623 0.28086585 0.39054692 0.14833519 0.16668367 0.110371195 0.19665134 0.019583648 0.13911743 0.046460595 0.075259216 0.14826414 0.10405072 -0.14269954 0.12625049 0.086882934 -0.17977399 -0.08656321 0.075665064 -0.071851164 0.22080325 0.19424488 -0.16517057 0.12011293 -0.06359985 0.16559164 0.00838595 -0.101599865 -0.073185235 -0.047870345 0.1359781 -0.3426208 0.09283499 -0.11606616 -0.14460742 0.12975599 0.16209121 -0.21891819 0.027436502 0.17654747 -0.13570556 -0.03017299 0.05308821 0.006192059 -0.2835706
SLB 0.10741816 -0.23469429 0.23416308 0.06331139 0.086321644 -0.016636573 -0.18967468 -0.23626511 -0.062348444 0.22390984 0.039114013 -0.07442175 -0.11115129 -0.34101495 0.023146387 0.4740735 -0.23852016 -0.015634041 -0.05567579 -0.29669473 0.012544639 0.3051495 -0.07500199 -0.07789036 0.092907906 0.06800991 -0.27297717 0.14697087 0.045947775 0.07149265 0.018396242 0.014324135 0.22356057 0.4070344 0.055534106 0.20824993 0.113433175 -0.0535979 0.033991423 0.057441078 0.015401386 0.048240747 -0.32722917 0.014361696 0.103286415 0.0526945 0.055285685 0.17483842 -0.037376005 0.13251333 -0.013187419 -0.03769848 0.024157228 -0.19376281 -0.09107924 0.06316819 0.22558634 0.18156001 -0.06997474 -0.15238279 -0.061714493 -0.030155823 0.21072401 0.025174284 0.28319845 -0.03513692 0.1533852 -0.002792369 0.20232485 -0.45389193 0.1769921 -0.18693754 0.061150774 -0.14178452 -0.29402626 -0.36418247 -0.007545158 -0.09779775 -0.24400431 0.01096175 -0.219701 -0.0037423847 0.053102028 0.22464927 -0.13258965 0.12327893 0.33917567 0.08091276 0.39562237 0.31669065 -0.17594983 -0.10064924 0.15791345 -0.04136635 0.29552698 -0.0025708375 -0.002990075 -0.07411139 -0.16519672 -0.26220828 0.080314964 0.17801453 -0.11093241 0.16042417 -0.068174236 -0.14478327 -0.14283872 -0.023243807 0.15953614 0.13296795 0.1393039 -0.10548883 0.0028231319 0.07077191 -0.41314945 0.108045794 -0.078560196 0.019439809 0.2087046 -0.038303703 -0.043723 -0.3623923 0.043619197 0.04875059 -0.2657866 0.10555429 -0.19954191 0.11540097
ETH -0.19895376 -0.120109804 0.034709785 -0.0661966 0.11210599 0.116898015 -0.24469066 -0.1728441 0.053271305 0.22525857 0.18305369 0.23975638 -0.023075128 -0.021608496 -0.15750867 0.0910173 0.0069873813 0.10092833 -0.109210946 0.027699718 0.08485766 0.044276636 -0.03770385 -0.13024531 -0.18459558 0.23324068 -0.10318903 0.10879626 0.013215396 0.0095881345 -0.00072875025 -0.13079545 -0.13305917 -0.07195698 0.09823541 0.28073582 0.09275661 0.074730314 0.077415146 -0.12537262 -0.1981327 0.113018215 -0.11349397 -0.13150766 0.08497579 -0.072836995 0.07411382 -0.02957476 -0.41132003 0.38783088 0.24624638 0.22130626 0.05455823 0.22408937 -0.32582194 -0.06443284 0.15936947 0.17570414 -0.16792838 0.08122751 -0.23863661 0.24726138 0.095387235 -0.07215652 0.19431265 -0.07760342 0.064445816 0.22770195 -0.07542919 0.15418807 0.17758715 -0.13332681 -0.3509554 -0.0503538 -0.05080777 -0.2402349 -0.1599223 0.005305689 0.064324446 0.24769247 -0.14412884 -0.07104566 -0.06088093 0.34017727 0.13006967 0.16380621 0.3206416 -0.25718766 -0.032449774 0.11975633 0.25671333 -0.115113385 0.1188616 -0.24843828 0.22744733 -0.05588349 0.07940891 -0.10935137 -0.23284175 0.011417933 -0.19770975 0.018724883 -0.13289198 0.18384604 0.1115348 0.023648906 -0.12020931 -0.424882 -0.13301806 -0.28760725 0.10277966 -0.22851148 0.13621713 -0.18131994 -0.2020783 -0.028828349 -0.18179604 -0.25698435 0.07568484 -0.18812847 0.114520006 -0.10728082 -0.07423442 0.1546209 0.0026362934 0.059386946 -0.05642914 0.15329494
ISL -0.005960796 0.057308547 -0.15417904 -0.050328583 -0.038116824 -0.019923035 -0.19818786 0.018852964 -0.115003094 0.49207416 0.22632587 0.05601769 -0.123634115 -0.13901511 0.05585663 0.12733567 0.15997735 0.16210556 -0.05880706 -0.13106531 -0.045088183 -0.042374995 0.034094263 -0.053709283 -0.17937759 0.17567433 0.02075833 -0.08418996 -0.18207034 -0.03119579 -0.009955241 -0.13658188 -0.25359192 0.06254799 -0.17760967 0.3646705 0.17431815 -0.07365546 0.058242917 -0.088200666 0.024480196 0.14261082 -0.09482878 -0.029707432 0.11853811 -0.10165545 -0.2140887 0.15201092 -0.20882814 0.24711107 0.26324666 0.098499835 0.123602524 0.13380899 -0.0711245 -0.04734714 0.24617562 0.30936232 -0.14343265 0.06720504 -0.17596245 0.07161005 -0.02091618 -0.0746506 0.3128877 -0.0055122194 0.07340109 -0.052155435 -0.120190956 -0.05999246 0.02698604 -0.13573325 -0.07179683 -0.013549925 -0.0327168 -0.16427581 0.13302724 0.042532194 0.16483054 0.34591892 0.037855335 -0.01561652 -0.053422794 -0.008553771 -0.09077344 0.14875267 0.24600586 -0.15089825 -0.22242163 -0.099678054 0.08679245 0.08741051 0.24163435 -0.274005 0.015194533 0.036270034 0.06801447 -0.109654404 0.019792782 -0.101313464 -0.09679316 -0.10456373 0.07486669 0.44052115 0.34879157 -0.27423373 -0.16841535 -0.24071784 -0.06458206 -0.1439358 0.10465934 -0.11254314 0.06620116 0.1251335 -0.08068221 0.0051344237 -0.06435755 -0.044349693 0.114990085 0.040109735 -0.09118457 -0.14036092 0.03311108 0.12163331 0.047794767 -0.076367535 0.06779103 0.035786632
CIV 0.18287094 0.05027953 -0.057201035 0.008730169 -0.037486676 0.04213248 -0.034733504 -0.10856326 -0.0914515 0.41158476 0.1463845 0.008440855 0.08673796 -0.10674253 0.08341166 0.1457633 -0.04694171 0.00500096 -0.15834314 0.0071490197 -0.17268662 0.009981713 -0.024041437 -0.035299905 -0.37057978 -0.12496457 0.05202463 0.08529562 0.111769944 0.03265098 -0.11054507 0.21823229 -0.023053942 0.12758663 0.09183004 0.27047923 0.2263921 0.054614957 -0.13627617 0.029450566 0.048577737 -0.15052849 -0.20705858 0.10927419 0.14401704 -0.069586076 -0.18472524 -0.13487542 0.22846878 0.035005495 0.18779592 0.13560623 -0.05864219 -0.09569942 -0.03081221 0.19194861 0.23570554 0.31148767 0.021958204 -0.024361013 -0.23207036 0.12511735 0.10285424 0.11206003 0.053557113 -0.19934791 0.16158487 0.080932535 -0.055353586 -0.18653792 0.04481922 0.07427024 -0.3852189 -0.08451166 0.02255563 -0.10959133 0.18010059 -0.08054125 0.1523112 0.5214413 -0.027124535 -0.13484336 0.13629247 0.01635933 0.096872754 0.105012596 0.1651342 -0.18678181 0.032533873 0.061060395 0.14511484 -0.017314149 0.14997137 -0.09546077 0.3210862 0.21201444 -0.21339022 -0.13729419 -0.05778506 0.07638525 0.0632593 0.09455801 -0.14077158 0.15843965 0.12792587 0.06955537 0.13646464 -0.03993915 -0.34943083 0.06825892 -0.0030602603 -0.020023387 0.19029452 0.021778401 0.07146835 -0.066237405 0.039458305 0.1352349 0.12847711 0.042174827 0.06963227 -0.028416134 -0.14229545 -0.16159606 0.14775673 0.10001659 0.10148246 0.0071352283
BHR -0.11386873 -0.16972136 0.019843703 0.037539944 0.047640353 -0.07885966 -0.09325812 -0.024074962 -0.1406684 0.25974175 0.22594707 0.03143949 -0.16505031 0.026713487 -0.09159877 0.008075812 0.04114361 0.10132184 -0.07009916 0.079483576 0.1927779 0.11847712 0.0042282306 -0.10605833 -0.20331044 0.17828038 -0.041748554 0.03327515 -0.013176697 -0.099378996 -0.01862311 -0.054323032 -0.07198142 0.09088725 -0.043074727 0.23591177 0.2120348 -0.0358402 0.044252593 -0.08294668 -0.03305289 0.11606475 0.016497567 -0.034975186 0.15473936 0.08865945 -0.046044104 0.028073255 -0.3233666 0.29864007 0.2762553 0.25177908 0.23152281 0.08969114 -0.21596985 0.019327622 0.09960624 0.17542455 -0.11192803 0.07496412 -0.11657854 0.16630247 0.20685562 0.08027187 0.16108489 -0.09962789 -0.0840972 0.046680156 0.13192166 -0.0073250285 0.16044635 -0.24840191 -0.29178974 -0.12982747 0.019768834 -0.114795156 0.00567865 -0.091138974 -0.018632382 0.17885084 -0.013500071 -0.09567634 -0.14674658 0.32297808 0.031282503 0.006362785 0.31177196 -0.24499439 0.050528266 -0.016825194 0.24279752 -0.12154978 0.08029559 -0.16557345 0.13618302 -0.018981716 0.08803632 -0.12866187 -0.043119796 -0.09357924 -0.19281852 -0.052708484 -0.014741601 0.14147408 -0.025821257 -0.062155284 -0.18008232 -0.14888114 -0.16306208 -0.13849874 0.13235235 -0.20392781 0.09472728 -0.118628785 -0.20478472 -0.09220859 -0.00074986764 -0.22993542 0.025762308 -0.114858516 -0.046138655 0.024145206 -0.066252574 0.07764357 -0.037189953 -0.039945245 -0.015704408 -0.021212908
HTI -0.1294388 -0.044910062 -0.07504987 -0.078526445 0.07465516 -0.09212056 -0.15633151 -0.18215328 -0.07291434 0.38246375 0.36271602 0.029075254 -0.007846552 -0.06269565 -0.05685178 0.018470474 -0.016933177 0.17973395 -0.12364745 0.0570388 0.030537093 0.13590166 0.017847275 -0.08222271 -0.13308236 0.15862119 0.052144025 0.021368 -0.018768262 -0.06046648 -0.020052563 -0.1299777 -0.35221562 0.16579095 0.021165127 0.20343472 0.12825227 0.06838834 -0.08366955 -0.15909924 0.11881576 0.05589277 -0.3117677 0.09965554 0.07581592 0.062770724 -0.07991362 0.06426475 -0.12215497 0.28952813 0.20442852 0.26049238 0.19279249 0.16223454 -0.40174207 -0.12996557 0.2710335 0.2111327 -0.3845799 0.08848028 -0.13794102 0.09722704 0.062420055 -0.17581132 0.26788887 -0.037097946 -0.0067734793 0.031833056 0.027921462 -0.09409558 0.03476533 -0.39469558 -0.17900284 -0.1600128 0.0557286 -0.2205114 -0.08268338 -0.29814664 0.002388415 0.16097729 0.040041972 -0.08001173 -0.059820548 0.41812193 0.092947215 -0.086511195 0.042655062 -0.39968896 -0.17455857 -0.040949557 0.3146225 -0.053202756 0.34374297 -0.17306177 0.2671814 -0.031376235 0.08216129 -0.041667867 0.071766034 -0.11917631 -0.18340668 -0.13144425 0.1027896 0.23218524 0.120556615 -0.22596805 -0.27311563 0.037350573 -0.024461932 -0.1300487 0.2312699 -0.1352047 0.13836002 0.11469188 -0.20013928 0.11659715 -0.16657898 -0.021888921 0.06318348 -0.10536696 -0.0927603 0.11684823 -0.042551104 0.19169837 -0.14798507 -0.2117697 -0.013725839 0.1974019
FIN 0.13619143 -0.19251639 0.09123389 0.18336916 -0.0775522 0.10949435 -0.14322065 -0.084451616 -0.19134216 0.45314765 0.26947328 -0.23884186 0.001664099 -0.14764135 -0.0025221945 0.25139287 -0.12955794 0.067972064 -0.18037619 -0.0013322604 0.09808368 0.17108727 -0.025542768 0.043576315 -0.1502797 0.1665817 -0.019739794 -0.1357594 -0.15127149 0.07468106 -0.30301934 0.2101632 -0.13586445 -0.17977066 -0.16975105 0.09371997 0.21802689 0.03846991 0.12677802 -0.0045917416 -0.22124569 0.18890937 -0.014682743 0.012728583 0.0049934275 0.044943023 -0.13168374 -0.021820435 0.08101226 0.058789093 0.09616066 0.13177128 -0.2160087 -0.096039034 -0.0947228 0.13167416 0.26306802 0.1146003 0.015407598 -0.11666092 0.21302003 -0.040620886 0.11438251 0.04705731 0.21256538 -0.08890197 0.05062141 0.122298546 -0.08890049 -0.1436569 -0.015129307 0.12432514 -0.190889 0.017399594 -0.0048711756 -0.36938217 0.10782799 0.21251881 0.15482074 0.3176054 0.0073639974 -0.11603241 0.046462663 -0.022418184 0.10551987 0.29422837 0.13290648 0.042927187 -0.25042275 0.03933166 -0.2225508 0.1732932 0.06338952 -0.22909722 0.3008804 0.26463524 0.015094239 -0.30381033 -0.01656689 -0.3134508 0.014033867 0.02635499 -0.3074916 0.30383992 0.17539355 -0.08430229 -0.104122505 -0.047065765 0.25291854 -0.16040199 0.25643295 -0.04751516 0.14538178 0.06576308 -0.039439227 -0.20849985 -0.22482413 -0.07396494 0.11678814 0.081916794 -0.00081087556 -0.12721123 0.0061241896 -0.08303375 0.16261587 0.018965138 0.013854424 0.027050477
AFG 0.33399048 0.020185703 0.30745673 0.22748834 0.23537771 0.17715888 0.045319643 -0.24709293 -0.031457856 0.07409097 0.28213978 -0.20952319 -0.19343409 -0.3919918 0.19742519 -0.046743337 -0.064986214 -0.166933 -0.6285571 0.2978688 -0.0015339965 -0.13987248 -0.20705882 -0.41657683 -0.21860862 0.11565502 -0.0683978 0.23845662 -0.2456974 0.06617381 0.24307185 0.16595457 -0.14946473 -0.13005696 -0.07037497 -0.029585635 0.388388 -0.17844239 0.09693536 -0.15237844 -0.36916435 0.122158505 -0.3263488 0.108674936 0.32006648 0.15203068 -0.54613996 0.5643997 0.09313122 0.29836136 -0.3417251 0.018631207 -0.09890336 -0.1336264 -0.37270865 -0.107416555 0.2832109 -0.16282074 -0.45764533 -0.062478643 -0.35853302 -0.15541093 0.47873467 -0.1294817 0.12414818 0.24293819 0.42066365 -0.054938313 -0.08845438 -0.43011203 -0.39665934 -0.039056927 0.038283654 -0.22836751 -0.07964454 -0.66940665 0.015255795 0.05905957 0.23421137 0.78990513 0.47708318 -0.15383333 0.29217666 0.45175105 0.14963377 0.16141775 0.028612621 -0.019421665 -0.0026019025 0.14357015 0.17541829 0.44012523 0.2830865 -0.19484437 0.08097038 0.43241942 -0.25175402 -0.24337289 -0.44477522 -0.2645023 0.012068402 -0.09236042 -0.06501247 0.5795148 0.30546087 -0.49351478 0.12618604 0.068825655 0.27688247 -0.30664006 0.45885402 -0.2731111 -0.0017552958 0.17677845 -0.16644685 0.27902266 0.054353204 0.1728501 0.29722145 -0.051444728 -0.30753192 -0.20956382 0.35774353 -0.035726342 -0.04586097 -0.18730898 -0.1653609 0.15980051
BRB 0.1469279 -0.039966922 -0.06466208 -0.010915773 0.15065683 -0.0392952 0.046241783 0.037504308 -0.4587182 0.4201972 0.09922566 -0.30771595 -0.20409031 -0.17377563 -0.10692591 0.34928456 -0.031972684 0.09078847 -0.17004192 -0.049438123 -0.21026099 0.100107834 -0.080123566 0.049981903 -0.0955703 -0.11515587 -0.032479573 -0.09740602 -0.1720924 -0.07847994 0.12901741 -0.029091466 0.06039457 0.3658071 -0.28847712 0.43745548 -0.016000424 -0.029344084 -0.273519 -0.1377033 0.04168364 0.17387979 -0.37554592 0.16906005 0.1671145 0.04136644 -0.23916875 0.2008529 0.00023901302 -0.045043293 0.25058752 0.03569233 0.08509142 -0.21150456 0.013294063 0.13766219 0.119312175 0.046094406 0.040370762 -0.029706597 -0.1275901 0.17578636 0.24082758 0.20500675 0.3311554 0.110897265 -0.08528492 -0.06435321 0.2582092 -0.5121871 0.13682929 -0.17001861 0.08070554 -0.3258703 -0.036134865 -0.2971609 0.048096724 -0.057874754 -0.21759146 0.19167507 -0.13460736 -0.14731057 0.054116677 0.110390924 -0.10321622 0.012250402 0.36434633 0.041305363 0.34179 0.2624197 -0.010799245 -8.139824e-05 0.1092411 0.06997874 0.19085982 0.3323456 -0.12106258 -0.324714 0.15559955 -0.18723503 0.06412156 0.124433026 -0.17299752 0.14339925 -0.14565228 -0.17776145 -0.1943505 -0.085730925 -0.27641395 0.16290304 0.232364 -0.08702249 0.08977265 0.046194326 -0.17115109 -0.12944573 0.20682703 -0.0063918955 0.3802846 0.122975886 -0.184782 -0.397215 -0.15590408 -0.07179775 -0.044757448 -0.06231597 -0.23719504 0.14722961
SEN -0.09643696 -0.2622194 0.21952936 0.2975373 0.065898605 0.14102785 -0.21299662 -0.21568619 -0.043961126 0.20163278 0.12850776 0.06727798 0.041712962 -0.13530678 0.07146422 0.1437991 -0.05718506 -0.07180843 -0.22533676 0.21412739 0.34394094 0.23767622 -0.33252114 0.21708617 -0.28500053 -0.017508816 -0.0329994 0.19789414 0.16255006 -0.2914336 -0.2734388 0.057301532 0.06995158 -0.110044695 0.20796435 -0.039291732 0.1160497 -0.008900289 -0.011110948 0.04590503 -0.103657946 0.17513898 -0.1141375 -0.03969605 -0.120789975 -0.049621962 -0.04530414 -0.12134065 0.0803695 0.057706818 0.17629097 0.2969018 -0.3247342 -0.08575784 -0.29438132 0.019702312 0.09829408 0.070867606 0.030052377 -0.032035496 0.08885202 0.078878105 0.40291843 0.2888516 0.054828513 -0.24928544 -0.03118358 0.12389638 -0.05232714 -0.30731773 -0.25549132 0.18694928 -0.43071136 -0.008245392 -0.05273483 -0.2741369 0.09548621 0.106967255 0.11864189 0.42065868 0.008248829 -0.051369015 0.32720742 0.25951695 0.029052615 0.19859935 0.18860537 -0.02710742 0.02154882 -0.0044710706 0.05766404 -0.18572463 -0.13030402 0.036806434 0.2555692 0.14042856 0.03008488 -0.16622727 -0.40149406 -0.00467993 0.065720245 0.17837152 -0.0019331496 0.22453074 0.039388563 -0.005407936 0.055290725 0.3432948 0.24782471 -0.07176974 0.15773217 -0.24487838 0.14224008 -0.067061864 -0.2664507 -0.08567519 0.06807484 0.049878925 0.08913631 -0.0029578246 0.0033705563 -0.055679075 0.049904294 -0.13532649 0.037953895 0.37296742 -0.1020393 0.007530043
BGD 0.095869884 -0.2237214 0.08800343 -0.088441454 -0.026592648 0.069843 -0.051425055 -0.21817024 -0.18509033 0.21002568 0.09412752 -0.057919882 -0.0021036915 -0.027256407 0.1806445 0.30940107 -0.06078908 0.11420612 0.01088407 -0.10541697 0.23726286 0.26567674 -0.10089628 -0.16455969 -0.1609412 0.14626499 -0.047771476 0.11575014 0.079117194 0.022990003 -0.105838165 -0.074453466 0.17521478 0.09862375 -0.03520111 0.18569319 0.27774745 -0.0788368 0.26834887 0.17795725 -0.08995222 0.12726122 0.29676932 -0.03228967 0.12902749 -0.017618196 0.18276526 -0.12346312 -0.32098955 0.34840825 0.4132482 -0.087071225 -0.03292458 0.0081037795 -0.02447558 -0.1355695 0.25087798 0.2377776 0.080697455 -0.039017145 0.02477765 0.1369777 0.15883423 0.22668515 0.16774458 -0.4007527 -0.18594547 -0.20277563 0.2759577 0.07526753 0.11531127 -0.20415582 -0.37196472 -0.2396153 0.057171777 0.10051882 0.22543485 -0.11231086 0.039942533 0.6838584 -0.017711366 -0.092937365 -0.096899405 0.06911224 -0.1783107 0.32485446 0.41732553 -0.10308516 0.15376256 -0.114817165 -0.1134124 -0.26144058 -0.022156883 -0.091944814 -0.012354735 -0.02602033 0.25717527 0.16075274 -0.45942074 -0.22240375 0.0030853637 0.098026626 -0.004173588 0.2362366 -0.25644255 -0.008406781 0.041445464 -0.11122232 0.013686227 0.046701867 0.0074435766 -0.3980666 0.003599816 0.0131670805 -0.4721814 -0.09881149 0.06540104 -0.29232237 0.25176263 0.0112367375 -0.14803103 0.03121945 -0.023629175 0.21143886 0.058351047 0.2963101 -0.077985056 -0.29843828
BEN -0.022084065 -0.11052154 0.24797443 0.11397769 -0.07590526 0.055072844 -0.19144796 -0.23489074 -0.14861742 0.4884884 0.35918754 -0.17460181 0.06453687 -0.08576821 -0.09495302 0.17997946 -0.19108334 -0.065312475 -0.107717894 0.21247837 0.21217908 0.087275594 -0.21431361 0.07730221 -0.23634385 -0.102246866 -0.14829382 -0.1390156 0.12512085 -0.14901003 -0.33792794 0.2725592 0.09536683 -0.01779886 0.20846877 0.067574754 0.2918227 -0.04137799 0.07484552 0.14775756 -0.050129566 0.059631243 -0.12992851 -0.02208215 -0.09789574 0.03885901 -0.058441684 -0.2758409 0.16544525 -0.024810676 0.3012962 0.3974915 -0.27153245 -0.030897357 -0.14914899 0.06591558 0.12905617 0.2244116 -0.017405707 -0.06409306 0.15279576 -0.073399484 0.25567237 0.1716498 0.055648383 -0.23940177 -0.035949957 0.33606896 -0.22775769 -0.17369731 -0.134584 0.13984847 -0.44660637 0.124535434 0.13745397 -0.26298657 -0.06027749 -0.07827186 0.032206487 0.40291086 -0.19018525 -0.10985245 0.21036455 0.16819936 0.16372362 0.15807992 0.16503805 -0.11884851 -0.18743835 0.102828495 -0.016641807 -0.027074248 -0.06216361 -0.09796964 0.5370298 0.14683251 0.034685437 -0.28631762 -0.11706287 -0.20396243 0.13284639 0.12091059 -0.11280627 0.13961002 -0.0066675516 0.040677436 0.10612632 0.27607304 0.15278567 -0.13948698 0.19725877 0.009626787 0.19475637 -0.02150819 -0.07224618 -0.170967 -0.14582299 0.04673138 0.09292814 0.19137634 0.10392543 0.05383864 0.011085411 -0.238389 0.111311905 0.16209826 0.02762818 -0.17438996
MWI -0.09302886 -0.23983555 0.13563482 0.020992542 0.101802304 -0.024855256 -0.14566374 -0.0710589 0.0117948875 -0.066424854 0.14291553 0.14771007 -0.044204347 -0.040337943 -0.054468114 0.11313809 -0.064000264 0.05048495 -0.09657463 0.05530296 0.2510014 0.10438434 -0.039169572 -0.1433965 -0.16668259 0.15826866 -0.13246538 0.22067006 0.1725662 0.0010481869 -0.024605462 0.044060394 0.075017296 0.027811395 0.083185054 0.16965412 0.20290387 -0.0065788156 0.22802179 -0.01609619 -0.10844817 0.14235868 0.05032557 -0.12838191 0.17086141 0.061107703 0.065188006 -0.08109367 -0.3075163 0.32793072 0.12190092 0.04798538 0.03711488 0.0779046 -0.16414991 0.038069777 0.16646744 0.23714432 -0.07527639 -0.0073895156 -0.10161987 0.16019458 0.31470156 0.09951971 0.045510784 -0.056812182 -0.06251037 0.15292807 0.15972288 0.094527856 0.099674635 -0.17874882 -0.36662084 -0.09623687 -0.06133834 -0.16748123 0.07257988 -0.03173917 -0.062079437 0.24776158 -0.04334222 -0.11550976 0.018754652 0.31789467 0.23344788 0.16303208 0.25534403 -0.090709634 0.18660945 0.12429013 0.12143746 -0.16095486 0.040482774 -0.13602099 0.18139058 0.028702486 0.027771473 0.005744775 -0.17026223 -0.019223835 -0.109951705 0.058660433 -0.21777666 0.18634781 -0.0028524196 -0.027787862 -0.12901987 -0.20246537 -0.12523672 -0.15733607 0.011022693 -0.1903142 0.059735835 -0.16231155 -0.22837734 -0.07051003 0.01746381 -0.27320752 0.09915895 -0.26691684 -0.033921976 -0.01440693 -0.088243924 0.07652301 -0.031838503 0.09116333 -0.071780175 -0.012929669
MKD -0.07634568 -0.32331672 0.15572579 0.53068274 0.104946144 0.13419598 -0.038731467 -0.029785898 -0.055340003 0.14701019 0.082076885 0.103337236 0.05490101 0.016966145 -0.027810225 -0.14972845 0.0824536 0.03772478 -0.35552597 0.14504133 0.19977967 0.2730135 -0.10257013 0.1891393 -0.24790156 0.1582419 0.12827168 0.388995 0.015298265 -0.11917936 -0.15815131 0.076669805 -0.086739995 -0.19513495 0.009543397 -0.30036178 0.2757604 0.17884272 -0.1818393 -0.1755384 -0.2584982 0.11342955 0.047694873 -0.020509133 -0.014812168 0.13654019 -0.23162155 0.267778 0.10878628 0.23513912 -0.04611668 0.27915555 -0.03934921 -0.19157563 -0.28065932 0.26280713 0.041274834 -0.27544692 0.061679658 0.01853773 -0.04912268 0.123960294 0.33259773 0.17198642 0.22599764 -0.28940833 0.15782575 -0.10952355 -0.00085682113 -0.32339272 -0.016886111 0.13903359 -0.49209353 -0.15989913 -0.22784911 -0.27641928 0.12559088 0.36767033 0.20139658 0.281725 0.21717848 -0.03807543 0.06383622 0.27594155 0.015985955 0.37461933 0.12526532 -0.02615808 0.15819667 0.023298347 0.18835916 0.059812862 0.0009847833 -0.013669309 0.06941308 0.275737 -0.058980294 -0.27400994 -0.27216998 -0.001391565 -0.32426122 0.09315122 -0.21599175 0.15239361 0.14865157 -0.056593448 -0.05933699 0.09088583 0.083370596 -0.012987022 0.22775517 -0.2656632 0.27542174 -0.18056837 -0.24289624 -0.022137385 -0.1299019 0.06757543 0.016165797 -0.21178398 -0.06110157 -0.1954659 0.03907999 -0.101482406 0.10573072 0.3205866 -0.020752849 0.17558196
TGO 0.023566904 -0.06634016 -0.08688228 0.20007566 0.008021325 -0.07697701 0.12046543 0.05299491 -0.18489219 0.34859693 0.2043838 -0.04389574 -0.19328812 -0.1799632 0.07355757 -0.23422208 0.21998826 0.08765138 -0.100811675 0.09497775 -0.08449834 0.08134044 0.052736737 -0.026751757 -0.35537502 0.06702642 0.119301416 0.13501999 -0.21922784 -0.09217436 -0.12407834 0.06131675 -0.22456893 0.029820934 -0.22238708 0.008935153 0.229504 -0.12775673 -0.20556544 -0.10430671 2.218876e-06 0.13552384 -0.106770575 0.026249498 0.25096178 -0.07321347 -0.29845685 0.1611115 0.097274266 0.15564324 0.15683967 0.25553194 0.14847842 0.06441864 -0.23884735 0.09757937 0.20784326 0.0082086725 -0.20858689 0.15389147 0.019605068 0.14779966 0.12380976 -0.05015221 0.25774917 -0.23189388 0.08879181 -0.1948585 0.00046640882 -0.28387353 -0.027297076 -0.19708078 -0.25425375 -0.19795941 -0.048734795 -0.05446869 0.11263146 -0.049597543 0.23183183 0.39447176 0.21848017 0.006601462 -0.1230064 0.23891105 -0.12739943 -0.030726079 -0.0031147958 -0.26238233 -0.096070275 -0.28843227 0.11466271 0.10704502 0.06458541 -0.14206949 -0.06612794 0.10539045 0.03663178 -0.07681632 0.008059969 -0.03527075 -0.18356454 -0.11981834 0.034821525 0.29189783 0.20835301 -0.019869458 0.11105676 0.016709544 0.16909176 -0.042288415 0.24574506 -0.2226673 0.08445431 0.22031188 -0.16208223 0.0865647 0.03403828 -0.099312775 -0.0908455 0.13597211 -0.29442075 0.017204195 0.035215326 0.022302907 -0.08013132 -0.07363217 0.1581581 -0.07513106
HND 0.24917807 -0.26449645 -0.11705339 0.051869053 -0.08970873 0.11882316 0.30290183 -0.37253785 -0.08460236 0.029441841 0.19091444 -0.03828834 0.10017079 -0.13381891 0.2662952 0.079688385 -0.094656415 0.07503906 -0.20201313 0.014512945 0.12344404 0.43977028 -0.013378527 -0.06097863 -0.31411734 0.18283148 0.26688123 0.333583 0.0661869 0.12453787 -0.1680099 0.051719137 -0.17216183 -0.033648733 -0.031997155 0.03130151 0.26190346 0.20355712 0.015674487 0.031659506 0.013037527 0.069452345 0.14439695 0.16989037 0.2525316 0.008034969 0.14406823 -0.12973535 0.119968526 0.16705441 0.2781233 -0.033798005 0.016026407 0.049886648 -0.35336953 0.052887738 0.4709648 -0.086346135 -0.1277213 -0.0041963044 0.07425024 0.20458736 0.16501532 -0.0065414784 0.076707885 -0.51947623 -0.20648117 -0.2759371 0.3428063 -0.12515569 0.10354496 -0.24009033 -0.41862893 -0.24930966 -0.10025843 0.034091543 0.3857841 -0.12116477 0.26909116 0.73382425 0.26328692 -0.15454249 -0.0894583 0.093112946 -0.046988763 0.09844222 0.008128908 -0.35224622 0.10519131 -0.34029633 0.0024650134 -0.24515636 0.06694309 -0.068726696 -0.018640958 0.058087736 0.08806424 0.18437788 -0.39881203 -0.21121487 -0.16724488 -0.025211236 -0.07811524 0.35200042 -0.24087456 -0.0050913356 0.16243713 -0.02346915 -0.06804911 -0.014102269 0.23242095 -0.33999357 0.1716814 0.16718858 -0.2241705 -0.12640116 0.1134328 -0.31074917 0.0724906 -0.18119635 -0.3078622 0.13733095 -0.20960453 0.1977888 0.056360353 0.07155389 0.022241741 -0.10888234
MDA 0.01769354 -0.2701556 0.32426623 0.17419499 -0.07725194 -0.013837842 0.15231575 -0.034716904 0.062129628 0.08318746 0.3126304 -0.11663997 -0.22426815 -0.30042908 0.119467475 0.086148724 0.15871118 -0.14665636 -0.14562531 0.10741475 0.08943927 0.2375547 -0.011555098 -0.24463925 -0.19214275 0.12286252 -0.16681308 -0.022865454 -0.07750905 -0.17740221 -0.049162388 0.19135933 -0.08635652 -0.03640069 -0.045159925 -0.09015507 0.3335497 -0.33182132 -0.08217222 -0.1277087 -0.37238482 -0.156455 -0.19482596 -0.01720789 0.1484643 -0.034223888 -0.2706425 -0.07314612 0.049185243 0.30070567 -0.11080776 0.19531463 -0.18389992 0.051458426 -0.11334846 0.29651934 0.32874522 -0.028398957 -0.17669468 0.009826703 0.15914966 0.06619901 0.5403311 -0.15777662 -0.036398683 0.0027603605 0.022647396 0.23065472 0.027330074 -0.037174948 0.05796584 0.36511546 -0.28441775 -0.14595479 -0.13087992 -0.35808805 0.09793496 0.1842906 -0.057092983 0.34094837 0.09556297 -0.27087623 0.1512796 0.2705527 0.39522743 0.12781037 0.05433909 -0.043518726 0.025952086 0.25035942 0.08330942 0.064611934 -0.07708825 -0.30246142 0.25677025 0.29459575 -0.18997298 -0.24767812 -0.50486255 0.072064824 0.21270101 -0.14840807 -0.32012674 0.15042189 0.07295225 -0.16968594 -0.07287741 0.27183095 0.15701069 -0.23706533 0.30779853 -0.118449025 0.04432117 0.031217981 0.045186386 0.20969178 -0.07953701 -0.037929043 -0.12548241 0.12933657 -0.26941165 0.03214202 0.0682543 -0.33379218 0.054743838 -0.068778746 0.054618936 -0.05051214
RWA 0.0038057405 -0.14451863 -0.19764093 -0.044408 -0.1142299 0.33399665 0.18313937 -0.09190028 -0.26810715 0.18133347 0.05272845 -0.025838207 -0.20594954 -0.15762644 -0.009011873 0.3321759 0.058963247 0.13084655 -0.16562827 -0.0743593 0.046526108 -0.103529446 -0.22866555 -0.20168102 -0.36497408 0.010318052 0.007275119 0.01624829 -0.17636833 -0.06132942 -0.038675193 -0.16615036 0.0036383644 -0.19298476 -0.12966244 0.40467063 0.03325755 -0.08016285 0.1725178 -0.060485225 -0.08179421 0.26798546 0.052269086 -0.0671973 0.22197862 -0.1288082 0.1422941 0.1077505 -0.46955293 0.10652942 0.3642943 0.06939252 0.025331413 0.26163524 -0.06479027 -0.34431398 0.2612262 -0.16000313 -0.060875706 -0.014909803 -0.103478566 0.2589089 0.4981678 0.21604285 0.19798328 -0.086994946 -0.2635485 0.13733219 0.046421736 -0.20081802 -0.040420994 -0.036901753 -0.37541345 -0.1768092 0.11067271 -0.12326954 -0.02570984 0.23837346 0.1365166 0.76667386 0.2806378 -0.25029925 -0.008113714 0.3090144 0.030479548 0.2569771 0.21177603 -0.39300266 0.23501544 -0.13677792 0.16223629 -0.09942259 0.0013696761 -0.10048269 -0.28464383 -0.063791 -0.09837654 -0.104242444 -0.2725984 -0.117949404 0.03657085 -0.002456674 -0.16828325 0.29095203 -0.2681628 0.04510586 0.07750157 -0.34924522 -0.10463226 -0.4373462 0.09803403 -0.6545939 -0.12845552 -0.032669198 -0.2113529 -0.197448 0.4847223 -0.44136384 0.21883538 0.06385819 -0.27734995 -0.14437102 -0.19509567 0.07077617 0.3231188 0.14853768 -0.17840208 -0.1334949
KHM 0.13440022 -0.16098307 0.31602797 0.11541891 0.033346448 -0.25100565 -0.38602784 0.0050631715 -0.287512 0.28554484 0.11983213 0.14823435 -0.18405813 -0.2792435 -0.019315219 0.41849506 -0.02074666 0.101238355 0.07097777 -0.3404641 0.18512602 0.25233296 0.07463829 -0.23184206 -0.025245167 0.12921567 -0.16615766 0.16909875 0.09952548 -0.16028959 -0.051968753 0.050148472 0.36063835 0.48604128 -0.023007505 0.11330694 0.29184204 -0.27305037 0.19161032 0.19561264 0.019118642 0.14113715 0.16811828 -0.20596918 -0.027907431 0.10267022 -0.22030811 0.059114583 -0.16881277 0.17954251 -0.12680596 0.088828735 0.100821406 -0.12213623 0.15891008 0.09126801 0.28698152 0.39697635 0.10272388 -0.17699388 0.1621636 -0.07826072 0.15379737 0.12307515 0.41913775 -0.061723012 0.27681884 -0.23189868 0.13385598 -0.17330252 -0.097257845 -0.07635495 0.01293245 -0.12569186 -0.17401348 0.02600695 0.08310719 -0.06734702 -0.09098484 0.424556 -0.06763852 0.018383818 -0.06543998 0.26003084 -0.1907373 0.26853564 0.28440225 0.23804025 0.12580772 0.040018056 -0.14171036 -0.04553837 0.27604747 0.046953514 0.016473956 0.027156085 0.07316387 0.1887064 -0.20870055 -0.15362515 -0.11859802 0.13667439 -0.01158222 0.30121344 0.090656124 -0.37552893 -0.045730803 0.1568628 0.257891 0.26936504 -0.087112874 -0.20285657 -0.025079414 0.18227084 -0.4360795 0.14344865 0.08495543 0.01973902 0.23754011 0.037681382 -0.0049203257 -0.17852105 0.19289067 0.057564728 -0.25648502 0.1366395 0.0018971007 -0.26905978
LBR -0.21794133 -0.054727092 -0.16646102 0.06923 0.16230644 0.0018684263 -0.19335262 -0.07235132 -0.27200204 0.33735228 0.19221939 -0.070916064 -0.12884475 -0.021205045 0.020816159 0.18706785 0.019123942 0.034944516 -0.19966945 0.17304689 0.01598619 -0.074873455 -0.03904222 -0.029760813 -0.2611263 -0.010480728 -0.18260127 0.03187658 -0.072660975 0.072792016 -0.012979606 0.082360275 -0.22678457 0.057318423 -0.17774887 0.21090342 -0.14629002 0.0069672465 -0.057689495 -0.10791696 -0.1707098 0.40774602 -0.35345003 0.11533498 0.28978342 -0.3176792 -0.28002098 -0.2077631 -0.034582466 0.026770009 0.307476 0.020324899 -0.378064 0.016719827 -0.26736617 0.06364346 0.5028118 0.46943244 -0.04018322 0.35635492 0.1926664 0.2731966 0.111890875 -0.14299694 0.044499967 0.035604347 -0.30000094 -0.07346253 -0.048849963 -0.019473664 -0.07835458 -0.1022682 -0.045784228 -0.18881716 0.09056365 -0.3063748 0.31816703 -0.04046187 0.22366221 0.6120674 -0.27032378 0.013804971 0.10389722 0.13595025 0.12440533 0.049206287 0.24178699 0.18456714 -0.11748294 0.13051844 -0.2325838 0.033340864 0.053435504 -0.17003034 0.14575572 0.2104104 0.18974166 0.034091327 -0.23189305 0.20885701 0.038254365 0.13933434 -0.42541662 0.42580464 0.10777978 -0.028029008 -0.15469712 -0.22639638 0.062236633 0.0020769367 -0.018456014 -0.12797317 -0.013203805 0.16338791 -0.3848924 -0.044621322 0.17008118 -0.009446007 0.35712224 0.08338004 -0.25057828 -0.016045857 -0.13211258 0.20851442 -0.03885849 -0.034534276 -0.020102551 0.08393965
MMR 0.16990812 -0.11220122 0.15166141 0.077489994 -0.058146946 -0.15389778 -0.24155787 -0.17029364 -0.32689717 0.19507669 0.18139574 0.18991531 -0.21659428 -0.40088022 0.083190806 0.27878362 -0.005456297 -0.008931573 0.08544363 -0.29624048 0.26620588 0.121467315 -0.03919252 -0.06007787 -0.09648734 0.054686967 -0.2577758 0.12403733 0.071607135 -0.21574123 -0.04837174 -0.07600689 0.15078475 0.29827094 0.10512114 0.26664272 0.2706416 -0.4029249 0.24624431 0.31023616 0.26791114 0.10723963 0.052889258 -0.11465254 0.043264274 -0.03114707 -0.13422096 0.083124936 -0.30221736 0.28089514 0.31149164 0.06431265 0.1941117 -0.0022720504 -0.23040493 -0.033241775 0.29405513 0.57032764 -0.21973278 -0.06517727 -0.041533154 0.084242806 0.21550615 0.2599236 0.29681158 -0.20799038 -0.0071008177 -0.09473125 0.358943 -0.29343066 -0.14494693 -0.37735912 0.013536939 0.0053765327 -0.1434578 -0.036857225 0.24333149 -0.33864468 0.07817994 0.42228824 -0.12584226 -0.02731359 0.00047010393 0.1898375 -0.44954357 0.088925906 0.27137008 -0.08676804 0.040785976 -0.26758203 -0.11737577 -0.20772746 0.28526452 -0.20308551 -0.14767359 -0.14203519 0.29222727 0.11022725 -0.08613557 -0.14863978 -0.0061099576 -0.05704864 0.28167585 0.51840127 0.07100855 -0.3499103 -0.047776226 0.095339745 0.2055492 0.20909847 0.049649365 -0.41540477 -0.006785567 0.24125767 -0.45871612 0.044478603 0.3293542 0.0054679 0.23755094 -0.03187747 -0.07768975 -0.15137228 0.12737218 0.21249723 -0.35897744 0.10268166 0.07055123 -0.29089764
JOR -0.037798945 -0.27695206 0.11997572 0.030851841 0.025115002 0.01536474 -0.15991756 -0.18647426 -0.08198718 0.047858343 0.13290982 0.06105447 0.011744307 -0.15286075 0.09034484 0.23851757 -0.07548942 0.13373622 0.016831703 -0.07670124 0.2308335 0.20216903 -0.092559524 -0.12771337 -0.053683832 0.09305563 -0.23927027 0.20036002 0.16389193 -0.008530016 -0.080905125 -0.07222945 0.076565064 0.13166067 0.10709233 0.09128126 0.19496837 -0.08643968 0.24224913 0.111798756 0.114991434 0.09805371 -0.0012035363 -0.02315302 0.15456997 0.037791636 0.049530715 -0.052587837 -0.23482057 0.24197298 0.25245273 -0.054406863 0.007969465 0.040668298 -0.2021431 -0.15078306 0.24524055 0.25798252 -0.15491022 -0.02722415 -0.09637013 0.04743784 0.30781078 0.115411 0.15154406 -0.16671248 -0.16634591 -0.010310408 0.30418438 -0.06991227 0.0005507514 -0.32511166 -0.26689425 -0.16421133 3.9175153e-05 -0.11110791 0.062157363 -0.13638984 -0.06580176 0.2635494 -0.100453116 -0.052013826 -0.0091798315 0.23773259 0.010429682 0.18687795 0.24763145 -0.09614458 0.22347149 0.076719284 -0.0454075 -0.20866182 0.13993943 -0.050148983 0.031363625 -0.091530055 0.13938579 0.17752792 -0.18263303 -0.11232959 -0.030903062 -0.0024796568 0.009907559 0.18161337 -0.17263323 -0.12160048 -0.08011288 -0.058242552 0.053186044 -0.01869659 -0.029199703 -0.31012532 0.029502375 0.01796643 -0.41234037 -0.010812185 0.0630789 -0.10129979 0.1911775 -0.13594376 -0.14049159 -0.021161737 -0.05401647 0.15759613 -0.07411863 0.1078153 -0.062719174 -0.040828157
PNG 0.05041364 -0.38264632 0.17906198 0.19175282 0.19109173 -0.066026494 -0.107490115 -0.06714736 0.085914284 0.16272098 0.12481599 -0.057123866 -0.011146702 -0.39194503 0.18560241 0.39010307 -0.23499799 0.20828447 0.06296724 -0.11694681 -0.098889925 0.28384614 -0.07000017 -0.18682265 -0.17157042 0.0036193018 -0.33296153 0.33251065 0.14304748 0.23873009 -0.31103316 0.21756187 0.15700154 0.29054832 -0.09960579 0.075114876 0.26597893 -0.13965753 0.18552426 0.042195298 0.054339428 0.14602761 -0.35869947 -0.08991343 0.21251556 -0.040521346 -0.015901411 -0.054203846 0.18063866 0.019272199 -0.019950517 -0.14599372 -0.031015195 -0.00977648 -0.0021143744 0.02396704 0.37407652 0.3796176 -0.20608716 -0.17433804 0.08018878 0.03124878 0.3229833 0.020750947 0.18518414 -0.014531908 0.03662113 0.12499141 0.2425741 -0.23358199 0.15988316 -0.33317533 -0.33027157 -0.20543748 -0.13085598 -0.28533024 0.04645899 -0.14960189 -0.3159216 -0.112040766 -0.16477028 -0.085134834 0.066078454 0.32295874 0.23529585 0.22136956 0.055371765 0.024299463 0.35649598 0.3255894 -0.17894216 -0.092746556 -0.043319196 -0.06713511 0.39891925 0.011653623 -0.10339252 0.057270665 0.15744758 -0.20165496 0.21459776 0.13657174 -0.36150542 0.09339359 0.013199399 0.114488155 -0.005673768 -0.019880697 0.3284463 -0.05221742 0.14747523 0.010075998 -0.039160833 0.2357211 -0.4225772 0.047106862 -0.22715925 -0.22199048 0.034899916 0.01540496 -0.31134996 -0.11624751 -0.05079456 0.034900565 -0.2523421 0.07318525 -0.05667595 0.06391384
LCA 0.28298625 0.058093436 -0.23727174 -0.049757026 -0.14300168 -0.061703797 0.09876615 -0.15845408 0.008207057 0.39683676 0.088559315 0.03841733 0.15148641 -0.16900997 0.1511133 0.35318163 -0.036086798 0.060754515 -0.121750765 -0.2629303 -0.30257687 0.123897366 0.101636104 -0.1421329 -0.32708117 -0.09021708 0.08567851 0.2312173 0.1313346 0.19571643 -0.09219499 0.14118668 -0.11711952 0.26605615 0.04972285 0.40016377 0.30232912 0.17794664 -0.06005013 0.0223093 0.14788525 -0.24309443 -0.21996053 0.13360363 0.19693618 -0.101708405 -0.15578187 -0.03918913 0.29042828 0.027813168 0.16238816 -0.04045663 0.08369328 -0.14034264 0.0016773156 0.21635015 0.5065727 0.40993035 0.012039599 -0.09175761 -0.2835091 0.16870095 -0.056923494 0.027561853 0.18276994 -0.2746603 0.21777032 -0.055438973 0.058333833 -0.27201316 0.15775083 -0.032506417 -0.30798692 -0.10455819 -0.16758256 -0.11576206 0.38124117 -0.08643118 0.16365704 0.5275231 -0.03784337 -0.12096964 0.05064586 -0.14423163 0.029792883 0.23586708 0.21341036 -0.290497 0.15187034 0.06642512 0.13610154 -0.05617612 0.27817088 -0.15002058 0.1787514 0.11087931 -0.24353579 0.052492432 -0.043191876 0.017769916 0.09162834 0.16030554 -0.19856812 0.29039988 0.12403245 -0.018090157 0.07738911 -0.21858034 -0.5087942 0.20578048 0.0040956773 -0.03782909 0.15491672 0.07099444 0.039747376 -0.022308886 0.017831689 0.1432829 0.15770215 -0.070806034 -0.029099105 -0.11552976 -0.21289892 -0.055098005 0.19233678 0.15810055 0.073864356 0.13719657
IRN -0.19393033 0.042755425 -0.03844965 0.23480389 0.066180855 0.057411775 -0.11657048 0.05367735 -0.16723956 0.39498225 0.19325696 -0.03858675 0.08252537 0.011091803 -0.032127593 0.018550748 0.095663235 0.2416113 -0.011758886 0.24643886 0.016820306 0.20995034 0.08732471 -0.09212614 -0.1638064 -0.06536247 -0.16587456 -0.092477255 0.0698076 0.0011629801 -0.015652593 0.2564494 0.12237892 0.14583474 -0.0040009404 0.019931426 0.4771199 0.021321254 0.023707924 0.052477404 0.2112005 0.009069251 0.14363454 -0.026825475 0.112535484 0.25916314 -0.24212377 -0.03744135 0.06867409 0.004293183 0.16415858 0.41503945 0.09643833 0.012896344 0.12542577 -0.05662724 -0.04539779 0.26447394 0.07991189 -0.08667763 -0.22273695 -0.22323531 0.3116626 0.08800924 0.13288496 -0.14238916 -0.13801871 -0.03731597 -0.13905074 -0.2462853 0.04406444 -0.29616427 -0.35335293 -0.09154582 0.22612 -0.035104647 0.012658182 -0.003280624 -0.010725391 0.3471127 0.13606296 -0.045534793 -0.20221265 0.30706418 0.31488007 0.14451833 0.26890644 0.015956888 0.1513466 0.12665212 0.10120589 0.028544428 0.19985212 -0.047962215 0.4116854 0.11325802 0.01485716 -0.06273681 0.13095006 -0.27458417 -0.13339254 -0.18740077 0.13047254 0.19421513 0.04856149 -0.06857756 -0.0028105462 0.16047768 -0.127534 0.0018675992 0.065401465 -0.07149882 0.1432084 0.07166766 -0.33143193 -0.14974757 -0.15769844 -0.16613294 0.101398855 0.18855605 -0.08904334 0.15599254 0.11088945 -0.17964838 0.015744098 -0.15516457 0.02048173 -0.15069772
PSE 0.030217253 -0.055470467 0.1310178 0.051599376 0.052361995 0.037111245 -0.23109193 -0.0028087406 -0.10398192 0.21795331 0.15871412 0.03787713 0.06271449 -0.07005699 -0.0009930268 0.20515889 -0.10618061 0.16897137 -0.005790668 0.04505732 0.080450244 0.044247974 -0.031327106 -0.14344606 -0.12662145 -0.048731722 -0.126983 0.03216962 0.17795381 0.013656109 -0.0382868 0.20911774 0.1706614 0.19544718 0.04066214 0.15423009 0.33638746 -0.06204001 0.17541906 0.120068625 0.11601772 0.04656104 -0.023711296 -0.069304146 0.09915916 0.14140901 -0.071489066 -0.08413272 -0.06516344 0.12712504 0.08497918 0.12753816 0.03407593 0.005626254 0.06303164 -0.032735314 0.1040089 0.35228786 0.0056092 -0.10865262 -0.12592152 -0.10923171 0.27963534 0.16951564 0.122859254 -0.012398931 -0.013672661 0.06016845 0.001114852 -0.121699385 -0.038888145 -0.2482575 -0.32093287 -0.062584855 0.14529273 -0.076453 0.020827118 -0.11007231 -0.09604608 0.2908989 0.06995065 -0.10590213 0.052517235 0.2644717 0.20984142 0.22030428 0.15986995 -0.012465599 0.13525622 0.09146889 0.018023398 -0.023077007 0.16496553 -0.03335225 0.28674877 0.064476535 -0.023971561 0.026407363 0.05166206 -0.17584124 -0.015635032 0.03482733 0.0012565262 0.21018365 0.042400274 -0.065215036 -0.030251589 0.10272338 -0.065392114 -0.0028911717 0.0013010135 -0.09993076 0.07819279 0.069608055 -0.21753396 -0.017131055 -0.0136180455 -0.11236391 0.1774677 0.053402 -0.042111892 0.06453734 0.0387628 -0.054238446 -0.052372728 -0.015689153 -0.038724583 -0.14943102
MUS 0.049991168 -0.24819584 -0.012599542 -0.005968806 0.024608582 0.054885697 0.07105756 -0.20981385 -0.0450543 0.026593605 0.14988261 0.06215244 -0.01707846 0.043207243 0.007790771 0.1274737 -0.11888369 0.052758873 -0.1407495 0.07643679 0.23079243 0.2643706 -0.0044972613 -0.14414528 -0.28538278 0.21122123 0.09180204 0.22152475 0.12454226 0.098484896 -0.04883447 0.046459395 0.023677232 -0.03518399 -0.009501155 0.23254183 0.26645848 0.18520854 0.18361054 -0.0025047997 -0.13975795 0.12980862 0.23539491 -0.03611549 0.20048282 0.07758135 0.2161047 -0.1386269 -0.24060746 0.3289337 0.3054043 0.10962155 0.12794048 0.05387924 -0.24228807 0.0657418 0.23974296 0.10860004 0.026633248 -0.024941739 -0.036979347 0.2758856 0.17660731 0.14084019 0.06341333 -0.32114032 -0.14695404 -0.0026893637 0.24207358 0.07649151 0.27815968 -0.22545192 -0.5233104 -0.14536823 -0.054450046 -0.032717712 0.21354574 -0.08091489 0.11301224 0.52074105 0.078155324 -0.1965354 -0.14940254 0.24581268 0.10803047 0.175963 0.31379226 -0.25149992 0.18168999 -0.1020763 0.14400725 -0.27249184 -0.04794143 -0.17635746 0.1340677 0.013685798 0.1155645 -0.0017690216 -0.305092 -0.17145728 -0.23635292 0.08096528 -0.21673432 0.19787124 -0.21297193 0.10312486 -0.0034703156 -0.32265452 -0.27648637 -0.117997035 0.12623562 -0.24630181 0.118097104 -0.17120166 -0.22485428 -0.23391157 0.039617054 -0.47130665 0.08739049 -0.27315938 -0.05735071 0.0588171 -0.20496331 0.13794191 0.03513765 0.12869135 -0.05267648 -0.13064498
NER -0.05485373 -0.115373634 0.08818238 -0.16134097 -0.0011734909 -0.03360051 -0.21480313 -0.2717003 0.080332056 0.3991581 0.30533788 0.07501245 0.12704074 -0.07994376 -0.028102363 0.23105916 -0.058432814 0.14108951 -0.10643111 -0.13116328 0.036963526 0.16545747 0.011495141 -0.10710148 -0.15930046 0.32893097 -0.0049624643 0.038306464 -0.046611212 -0.0352756 -0.19204374 -0.17827941 -0.28442213 -0.066363774 0.09547512 0.24298924 0.23650776 0.009129596 0.16170622 -0.12368089 -0.091677114 -0.031170404 -0.09909436 -0.07417354 -0.16572784 -0.02724489 0.024210395 -0.042788085 -0.13474599 0.3284543 0.22522843 -0.0075370776 0.026366653 0.19094159 -0.19730037 -0.066125736 0.27873954 0.18846951 -0.23832098 -0.09190948 -0.10908226 0.07798175 -0.08658334 -0.1254237 0.3018968 -0.15089077 0.19505332 0.11604414 -0.097377025 0.12494491 0.13594548 -0.027715014 -0.28349575 -0.047063153 -0.03824361 -0.28222603 -0.06817434 -0.035425905 -0.027869822 0.27244258 -0.08885046 -0.019271148 0.021491539 0.11682029 0.026984481 0.299279 0.17655133 -0.39127815 -0.2591362 0.11159054 0.22663067 -0.06587035 0.26974818 -0.27289253 0.28053716 -0.07125532 0.022241045 -0.08717256 -0.16421075 -0.13042603 0.021346657 -0.06706994 -0.03169837 0.23578437 0.2546605 -0.23664896 -0.21448356 -0.0831639 0.020113757 -0.18116572 0.20506443 -0.19138362 0.15464261 -0.061770026 -0.06082302 0.042633504 -0.36473006 -0.046401948 0.06367148 -0.09561069 0.12873128 -0.0072541162 0.017769646 0.07456867 0.12654676 0.09284065 -0.060826585 0.15835828
KIR -0.07434336 -0.50172657 0.30442414 0.18640108 0.06642309 -0.060952708 -0.1412396 -0.3430025 0.24955016 0.06605394 0.11575723 -0.019592976 0.022055537 -0.58102524 0.31882173 0.25433996 -0.37342444 0.08124119 0.10389833 -0.25145677 0.004534993 0.34522298 -0.1847404 -0.1346723 -0.19989514 -0.0006732788 -0.4646106 0.52273613 0.26016966 0.20981102 -0.34897593 0.19555713 0.056852765 0.19183254 0.10872241 0.003250558 0.23341344 -0.2391114 0.24729605 0.1998682 0.15930393 0.10027362 -0.43366662 0.057521988 0.33956122 -0.002635589 0.123471074 -0.13361545 0.17157482 0.19370197 0.10624168 -0.17236088 -0.046390217 -0.09072966 -0.2670482 -0.06417796 0.3616205 0.5406091 -0.4227892 -0.13152638 -0.08069361 -0.0689166 0.30398688 -0.07911751 0.002056317 -0.1123526 3.0830444e-05 0.14277504 0.4521136 -0.3044933 0.23021829 -0.437167 -0.38266835 -0.1267814 -0.13215762 -0.338368 0.037417285 -0.24024308 -0.19451022 -0.17012282 -0.21895775 0.020467436 0.19386686 0.2229612 0.072428994 0.1403529 0.112706564 -0.18486688 0.4370362 0.23342122 -0.3200386 -0.101763904 0.10941348 -0.17531084 0.3926568 -0.09955977 -0.05395531 0.24537042 0.07159616 -0.19071983 0.23803073 0.113547996 -0.100916184 0.119810045 0.06697669 0.09626934 -0.015430539 -0.09024477 0.400932 -0.06548349 0.1021094 -0.054141622 0.080404684 0.16507587 -0.5020046 0.055733196 -0.1931692 -0.15380596 -0.022505153 -0.09923027 -0.27488506 -0.061038345 0.076433174 0.10891358 -0.31332025 0.057647854 -0.02732298 0.13116595
MNE 0.00045320025 -0.3336669 0.31671098 0.21284625 -0.06463903 -0.07669962 0.08768653 -0.06716611 0.029136773 0.3413107 0.30239186 -0.11057726 -0.12738699 -0.34278086 0.17747068 0.18112965 0.24289353 -0.029845292 -0.08713554 -0.1174926 -0.0982368 0.4267585 0.1444177 -0.11609051 -0.18306324 0.27873263 -0.18823554 -0.002156268 -0.19222736 -0.11601445 -0.10066351 0.100062095 -0.23940991 0.08269518 -0.18473704 -0.2612917 0.36101994 -0.31763875 -0.2107207 -0.18717091 -0.3703336 -0.19343977 -0.14594577 -0.018728096 0.10243023 -0.060674753 -0.29252064 0.011316551 0.20859928 0.36118522 -0.13122468 -0.007146339 -0.07748504 -0.06183262 0.04662885 0.46140733 0.395059 -0.017632766 -0.17333165 0.040864572 0.11749509 -0.011292512 0.30777907 -0.2556424 0.17748407 -0.110960625 0.17984375 -0.1491154 0.07469936 -0.13919258 0.18174905 0.28386065 -0.2628513 -0.18361071 -0.30247942 -0.35622832 0.15059866 0.31584293 -0.10647527 0.292782 0.073921435 -0.101011954 0.044521812 0.04655314 0.16809571 0.3204922 0.059311137 0.054287136 0.07247112 0.3455595 -0.022401689 0.1043407 0.16992582 -0.26794094 0.21371812 0.2763197 -0.14634356 -0.10240381 -0.43597433 0.065554075 0.22812821 -0.20060699 -0.25331149 0.21478002 0.25282705 -0.34940633 -0.13477977 0.30976984 0.25028813 -0.082060084 0.33645684 -0.14422256 0.12565534 0.14741582 -0.1352856 0.20883921 -0.29088154 0.103441425 -0.119381815 0.18511498 -0.32176554 -0.09177931 0.12347577 -0.2199187 0.048149157 -0.098032854 0.08590389 0.057588477
MDV -0.2129025 -0.22680214 0.15741514 0.09484044 0.062154025 -0.17298415 -0.07906837 -0.17333874 0.20937854 0.045997966 0.08668641 0.031047031 0.22419076 -0.1435401 0.24314092 0.20870963 0.14371444 0.06764055 -0.05706082 0.0726419 0.32548156 0.26273587 -0.2071853 -0.06173014 0.014323599 0.0013817768 -0.42596602 0.30821076 0.27493745 -0.101577945 -0.11484518 -0.16994858 0.08436118 0.069984615 0.40678543 0.016459975 0.35371372 -0.16329765 0.382412 -0.019179123 0.17345397 -0.015416277 -0.16513295 -0.011415004 0.1723988 -0.06077768 -0.3955782 0.08657404 0.037968 0.07872661 0.40744781 -0.18358262 -0.30577487 0.022563083 -0.21888924 -0.18675628 0.16505398 0.3439922 -0.34557772 -0.09136981 -0.40043566 -0.084711425 0.5547299 0.032150075 0.07762007 -0.29226667 -0.16690943 -0.018880147 0.14839005 0.0042140284 -0.28698015 -0.051927973 -0.3727683 -0.15787263 -0.09533 -0.29933634 0.24210091 0.003473443 -0.07779643 0.38080114 -0.38470566 0.19411495 0.21192966 -0.07133833 0.16495942 0.19296995 0.40617588 -0.12396696 0.17805313 0.4613055 0.23759109 -0.15618366 -0.030805357 -0.017037898 0.08938285 -0.012991874 0.058432575 0.12627566 -0.3221611 -0.039211437 0.261603 -0.06963145 0.22857994 0.25292218 0.033238295 -0.38885164 0.047976546 -0.043857135 -0.048478093 -0.017220328 -0.11029314 -0.10299687 -0.054172415 -0.11092311 -0.3756063 0.10352967 -0.1422002 0.2172481 0.28226545 -0.12184136 -0.33244708 -0.06487547 0.051887855 -0.13411275 0.21230257 0.3626927 -0.15541936 0.10595582
GUM 0.018319739 -0.04512557 0.034838818 -0.0582241 -0.050064504 -0.041040897 -0.11999422 -0.14236432 0.10842606 0.5497326 0.22733594 -0.001482218 0.098870404 -0.15111172 0.12271703 0.29675648 0.031954993 0.13940074 -0.08395446 -0.20188823 -0.07561214 0.10321883 0.0300002 -0.070384696 -0.20546955 0.2588135 -0.0613685 -0.008926673 -0.15708007 0.004692054 -0.23371337 -0.12208221 -0.25458002 -0.09827685 -0.036524706 0.23345982 0.33108097 -0.09109614 0.18636535 -0.10758344 -0.10154722 0.03197196 -0.0817152 -0.07992166 -0.12178498 -0.113777444 -0.14035545 0.05612657 0.04169656 0.17066069 0.24489237 -0.07716839 -0.025293166 0.1318738 0.028919145 -0.028719435 0.26734006 0.21319428 -0.17479265 -0.0946059 -0.14678115 -0.029136116 -0.09440796 -0.14369474 0.29985914 -0.14633685 0.26463363 0.0029442955 -0.20564443 0.005249122 0.104616985 0.09808982 -0.22793339 0.014131362 -0.095664226 -0.2765181 0.064943075 0.13607731 0.055501334 0.35593012 -0.051094256 0.052400257 0.05345932 -0.15621756 -0.043746732 0.40058988 0.2520654 -0.27674064 -0.24781618 0.13706489 0.07805315 0.06361371 0.21337613 -0.28949615 0.1934978 0.012184534 -0.0420388 -0.14093605 -0.12432163 -0.15956944 0.15772001 -0.06396644 0.0027354017 0.3441683 0.42750663 -0.28812563 -0.07614697 -0.13599676 0.07351639 -0.18820257 0.21654409 -0.124049455 0.08283204 0.0299472 -0.03163333 0.0051160594 -0.3931114 0.012152316 0.034058254 0.10929822 0.0002207457 -0.13972227 0.10672105 -0.050738588 0.2580762 0.13269985 -0.009554288 0.10043916
CUW -0.15036416 -0.012716463 0.035094813 0.22404507 -0.015423106 0.092185676 -0.1069887 0.07168762 -0.23575924 0.7502422 0.3865641 -0.11989459 -0.071071796 -0.13801564 -0.16612633 0.16992787 0.13516198 0.35930118 -0.0009915493 0.086989254 -0.08654915 0.34337506 0.15919326 0.022752112 0.01908681 0.019718278 -0.054537676 -0.38586122 -0.21509375 -0.1502571 0.1403415 0.04122499 -0.2558215 0.29598492 -0.21934009 0.034450445 0.3199064 0.04497473 -0.23447809 -0.13514853 0.10559915 -0.018627321 -0.3124511 0.15401156 0.09307951 0.25217703 -0.25916395 0.14385968 -0.089691944 0.16227628 0.11509253 0.6595026 0.2794871 0.18542418 -0.07598014 -0.11269025 0.18019827 0.0660506 -0.2721017 0.06346164 -0.10035248 -0.21561864 0.35494715 -0.18536326 0.343175 -0.0006083979 -0.19306926 0.00047022494 -0.12297379 -0.35076466 0.17950138 -0.3170743 -0.11470429 -0.09287623 0.14176899 -0.33298835 -0.21140939 -0.03392513 0.040810328 0.11448901 0.2765484 -0.112049356 -0.34542966 0.51880425 0.23497142 -0.015059781 0.29126766 -0.24362108 0.061688256 0.22807133 0.104948014 0.083404735 0.50788325 -0.2450392 0.4756841 0.032485805 0.14520597 -0.24793544 0.22120315 -0.30434465 -0.21916428 -0.38795862 0.24379405 0.15292569 -0.004665215 -0.3757578 -0.3965323 0.32166672 0.04287365 -0.18632443 0.35406148 -0.13792877 0.1981959 0.19776207 -0.28028193 -0.016804049 -0.19829848 -0.09082657 -0.01842956 0.3385196 -0.17182069 0.013763918 0.06155628 -0.1507461 -0.15964332 -0.5335672 0.002011107 0.15779772
BLZ 0.20339297 -0.099509895 -0.18933028 0.10691743 -0.13962121 0.13235728 0.20526738 -0.20776565 -0.17405191 0.23364164 0.25035772 0.04016314 0.21569327 -0.18284664 0.18928514 0.0013822643 0.034436308 0.2679941 -0.121366456 0.004112106 -0.080034085 0.42189518 0.0898882 0.020678755 -0.3316231 0.1081882 0.29904294 0.26941702 0.05104511 0.047680523 -0.1734078 0.1278448 -0.2821408 0.043946676 -0.0748121 0.019274129 0.33798176 0.21657886 -0.1651628 0.036374986 0.22122371 -0.04343183 0.049285382 0.19448707 0.22780436 0.06826301 -0.045195483 -0.10690856 0.22964144 0.091306396 0.23754613 0.15343341 0.10697493 0.10945437 -0.25949037 0.099764794 0.4297841 -0.061364267 -0.14680132 0.032166157 -0.0400143 0.09394622 0.08834091 -0.06833552 0.20518316 -0.49803916 -0.11585284 -0.31701416 0.18809944 -0.2056118 0.053521764 -0.29722166 -0.38594282 -0.2189628 -0.018263083 0.09579315 0.2897299 -0.074219264 0.3063159 0.62845016 0.32682815 -0.093544774 -0.14332804 0.086450115 0.016513817 0.122084856 -0.103296965 -0.36213177 0.015935441 -0.33388418 0.022052528 -0.12925117 0.30352318 -0.024688417 0.048915416 0.06637813 0.023706399 0.17062671 -0.113944046 -0.18141767 -0.27153513 -0.16242823 0.039359417 0.36040667 -0.061227508 -0.060205996 0.1445195 0.05287391 -0.11060539 0.04672877 0.21993361 -0.31946006 0.3306781 0.289564 -0.14823294 -0.08471062 0.02015757 -0.20923823 0.053500436 -0.06355269 -0.25250193 0.12369286 -0.19853228 0.10370325 0.012671813 -0.1068474 0.09777482 -0.08260075
KNA -0.016120892 -0.066402614 -0.22219996 -0.008829996 0.049493305 -0.14195049 -0.005676715 0.011612593 -0.15048657 0.42078203 0.22870243 -0.016390286 -0.12214256 -0.120008215 0.12325047 0.026916541 0.06397462 0.21496479 -0.0030337144 -0.041858662 -0.1262366 0.09874127 0.05405814 -0.06248749 -0.2542264 0.066800475 0.042981822 0.07508639 -0.07461472 0.027773185 -0.05906459 -0.049829688 -0.26731712 0.2500109 -0.21413493 0.31651405 0.17499034 -0.05487066 -0.10677074 -0.07816004 0.18631287 0.14319308 -0.25463116 0.13037148 0.29798692 -0.06776077 -0.18908857 0.06268492 -0.053748608 0.1501524 0.33791512 0.11730946 0.2355069 0.10682233 -0.18654849 -0.005372916 0.33616304 0.33935076 -0.24925953 0.123987086 -0.13556106 0.15739289 0.037127506 -0.07808269 0.23799391 -0.08095823 -0.093066625 -0.1592988 0.118860036 -0.16146126 0.14521542 -0.4386011 -0.1508463 -0.19756778 0.018268054 -0.05703914 0.15127826 -0.24340697 0.059365634 0.17075993 0.01530168 -0.021342974 -0.132243 0.14338954 -0.07809402 -0.10319074 0.14591792 -0.2784008 -0.02725441 -0.12127096 0.10537867 -0.039594285 0.20544775 -0.15765795 0.08022839 -0.01238536 0.085189566 0.0097149 0.21897735 -0.074725896 -0.10193659 -0.0810142 0.046373744 0.2764542 0.14226145 -0.08180645 -0.14171211 -0.1319584 -0.09581352 -0.02632799 0.14788081 -0.08397997 0.06743745 0.22431713 -0.19941768 0.022711739 -0.017030632 -0.15042296 0.040535323 0.032674313 -0.26321658 0.018037112 -0.08646662 0.18411492 -0.11763146 -0.17963594 0.06395422 0.06729133
BMU 0.1290259 -0.24440648 0.29537803 0.224054 0.040291976 0.097499155 -0.083193496 -0.08364639 -0.095814176 0.14882366 0.22059748 -0.0646845 -0.14800125 -0.22279543 0.03801348 0.050555453 0.03485941 -0.103277795 -0.23585689 -0.022472637 0.124294244 0.08475769 0.0073100096 -0.060345434 -0.15264311 0.2533557 -0.0123741785 0.08589652 -0.19765273 -0.08238729 -0.08096557 0.12118298 -0.11344444 -0.122785404 -0.066567674 -0.10118147 0.14920019 -0.18374005 -0.0699365 -0.13926663 -0.3548029 0.02546105 -0.11355514 -0.0020395028 0.13335477 -0.028235508 -0.19842467 0.14697501 -0.035974786 0.31475958 -0.17929474 0.032779165 -0.1954569 -0.07361499 -0.20048189 0.19620228 0.23466416 -0.026606657 -0.19948554 0.011176682 0.05728181 0.04648513 0.3380537 -0.031475786 0.120178625 -0.026222002 0.23538478 0.06709295 0.035091825 -0.09659452 -0.09506228 0.2235614 -0.12698469 -0.16360208 -0.1892405 -0.33883816 0.061392814 0.19748263 0.16787733 0.4394237 0.12249626 -0.113622025 0.15287744 0.17093083 0.05193462 0.18915753 0.05853539 0.012900993 -0.056785487 0.085351296 -0.024773674 0.18121941 0.14222394 -0.18173185 0.07382476 0.29913497 -0.118766926 -0.2134361 -0.37366644 0.015576507 -0.0023094283 -0.06618172 -0.26865718 0.25498483 0.2305291 -0.20451023 -0.09364127 0.0852696 0.27573553 -0.16144066 0.14860934 -0.26610243 0.083769396 0.0021765502 -0.07549891 0.12727776 -0.021169137 0.07633855 0.09096161 -0.019641005 -0.041201018 -0.14529377 0.11768817 -0.090969555 0.04054893 0.002357519 0.023956668 0.08572778
TJK 0.33625528 -0.016568106 0.39151636 0.3102464 0.26168984 0.22138326 -0.06778932 -0.25619557 -0.033851635 0.024870561 0.3119122 -0.19057094 -0.14234893 -0.4168932 0.21196786 -0.08043321 -0.10760916 -0.21024755 -0.6781777 0.37498233 0.054091662 -0.18123172 -0.23642552 -0.3768142 -0.16256233 0.14213108 -0.12168023 0.25873017 -0.22088613 0.08544174 0.26682177 0.25769946 -0.1471787 -0.13967396 -0.058715515 -0.14449088 0.4022681 -0.18607451 0.11401288 -0.15335493 -0.4123313 0.13096678 -0.38403928 0.11584729 0.3563588 0.16958481 -0.6373367 0.5654835 0.13198926 0.36140978 -0.41028517 -0.0043764985 -0.2166997 -0.19278468 -0.44029403 -0.03147116 0.29441926 -0.0947673 -0.47691736 -0.059567958 -0.37532467 -0.20661364 0.55588704 -0.113625854 0.08225601 0.31268162 0.42379817 -0.042469595 -0.09817317 -0.42120132 -0.48519892 -0.055182166 0.045341857 -0.20766722 -0.1092154 -0.7617133 0.054300215 0.08153294 0.2747084 0.80462503 0.46704113 -0.14595604 0.39993647 0.4578365 0.20837584 0.21537285 0.006940947 0.11705925 -0.014672296 0.21297053 0.10513518 0.5095063 0.31998923 -0.23800749 0.13947588 0.53551155 -0.2504889 -0.24629857 -0.48284274 -0.2304846 -0.012285597 -0.05325571 -0.114000574 0.67912996 0.36501148 -0.53020877 0.10257323 0.094074465 0.33085498 -0.31863382 0.44709507 -0.24118501 0.029521665 0.20801318 -0.21105893 0.31916264 0.022164289 0.25552246 0.36826605 -0.09267725 -0.3116743 -0.22255163 0.41071346 -0.024848027 -0.106221 -0.2223345 -0.15353598 0.18828946
TCD 0.149426 -0.10479479 0.27318978 0.058184784 -0.062343534 0.05719684 -0.27573225 -0.13964364 -0.24444269 0.54179245 0.35813525 -0.20267941 0.03741917 -0.028912118 -0.11765125 0.21076167 -0.30010554 -0.016516173 -0.12773123 0.15187994 0.15493946 -0.08562576 -0.17366597 -0.02084771 -0.28360656 -0.064410776 -0.08140919 -0.15063103 0.10634735 -0.028247377 -0.35336474 0.37936112 0.12941727 -0.012954181 0.07516935 0.18475698 0.3472329 -0.07469178 0.19689834 0.18509388 -0.10587504 0.14219536 -0.054949317 -0.07760684 -0.04658743 0.09476862 -0.04175239 -0.22732486 0.08003897 0.026160466 0.23964906 0.28500202 -0.17655765 -0.04540066 -0.031928185 0.11454484 0.15406954 0.3153976 0.07600722 -0.12187684 0.18523824 -0.10030814 0.18578298 0.27492008 0.11199094 -0.08936289 0.060685467 0.3153855 -0.2408223 -0.120959334 -0.107353956 0.042770833 -0.48472172 0.12855603 0.2169496 -0.19721092 -0.058541376 -0.09775297 -0.012533615 0.43591356 -0.11189235 -0.17189553 0.22625324 0.15222047 0.13307187 0.29966444 0.16368991 -0.065579355 -0.24579501 0.038726114 -0.06448405 0.07098347 -0.0153822685 -0.10739783 0.51002645 0.18175814 -0.022647558 -0.32513595 0.04210242 -0.2641622 0.08948057 0.22517157 -0.25660998 0.22130068 0.06504447 0.08316846 0.06741188 0.16121237 0.11908382 -0.13910165 0.16340302 0.018021664 0.20552178 0.01593004 -0.0107787615 -0.21813881 -0.12509032 -0.034389965 0.14340442 0.19581753 0.16424303 0.040885106 0.008485173 -0.15962698 0.10746721 0.12588805 0.041004103 -0.2875274
MHL -0.06637599 -0.33838475 0.14580998 0.19267298 0.20911874 -0.0643805 -0.13846189 -0.044301067 0.11182462 0.17425488 0.11371232 -0.028492752 0.014443174 -0.35716295 0.18379699 0.28087822 -0.2732087 0.2550378 0.12938891 -0.09274499 -0.12069009 0.20337176 -0.08949186 -0.2048735 -0.20850481 -0.08288276 -0.3728965 0.34562823 0.17675152 0.25156844 -0.31152782 0.23841652 0.14106517 0.2640045 -0.0832891 0.054283295 0.2562906 -0.15779436 0.20353532 0.09304311 0.14954278 0.20796874 -0.34460974 -0.0823596 0.2549397 0.0024170354 -0.012329963 -0.09488233 0.15964673 0.0035030018 0.07022894 -0.057745717 0.00096669415 0.039901562 -0.0044268607 -0.077765 0.2896236 0.4569953 -0.21430904 -0.14952667 0.01819003 -0.017743098 0.32012105 0.011679712 0.15810183 0.03048938 -0.030212896 0.112019345 0.23094788 -0.23822749 0.15645953 -0.47032264 -0.4123805 -0.18387085 0.02312121 -0.2218016 -0.025565434 -0.19087356 -0.28623363 -0.14014465 -0.1399678 -0.039037887 0.06738416 0.35645884 0.24021824 0.21046786 0.07204536 -0.031394865 0.3585212 0.26926997 -0.19242391 -0.06302548 0.013829268 -0.06207565 0.38643473 -0.04197015 -0.066270314 0.11924003 0.28158414 -0.1984219 0.16733652 0.12617019 -0.24648917 0.099000625 0.030722257 0.15525794 0.0073535587 -0.065188214 0.33874467 -0.09290305 0.12861425 0.005921711 -0.0175121 0.24704757 -0.48168066 0.00388945 -0.21595971 -0.29381186 0.0110396175 0.056351498 -0.31627208 -0.036088258 -0.007938582 0.073490955 -0.28385165 0.026858527 -0.045968756 0.032526825
UZB 0.1604063 -0.20196705 0.28882763 0.22010848 0.06539077 0.0365837 -0.007372884 -0.0625169 -0.025224162 0.12446098 0.19537707 -0.019650951 -0.18798235 -0.24102463 0.08693434 -0.048619464 0.032362692 -0.15163542 -0.22659795 -0.035892278 0.022179395 0.057726562 0.024793426 -0.11663916 -0.17587575 0.20754702 -0.0017292004 0.15425128 -0.19034441 -0.09616728 -0.03605058 0.13324124 -0.10824051 -0.02940177 -0.044174615 -0.11453585 0.18734774 -0.23977165 -0.15134653 -0.14146549 -0.29882395 -0.061727 -0.18536374 0.025963442 0.2139333 -0.027835183 -0.23605403 0.1922656 0.031400498 0.3318471 -0.24484596 0.041862085 -0.08496536 -0.07891415 -0.18427226 0.20520517 0.216604 -0.031009749 -0.2871285 0.036321554 -0.054430358 0.012640065 0.37544268 -0.07324408 0.08861926 -0.031245364 0.33223718 0.033927854 0.047396123 -0.18937619 -0.059936628 0.15212543 -0.16226813 -0.19657902 -0.23855825 -0.31235757 0.03785919 0.118839025 0.13610113 0.38839003 0.16833627 -0.10616952 0.17349634 0.21391532 0.025614565 0.08429881 0.020454135 -0.07358359 0.0459353 0.06886059 0.057367325 0.19610102 0.18541746 -0.16511214 0.07023706 0.2609938 -0.21237488 -0.1902216 -0.34413362 0.066076875 0.0028538303 -0.09167968 -0.19657235 0.2206842 0.27492157 -0.18710724 -0.037311327 0.14074656 0.23201303 -0.15689065 0.14932331 -0.23777565 0.093048476 0.03074998 -0.040584337 0.21996868 -0.0076733185 0.12013289 0.009303135 -0.022289619 -0.0716774 -0.13062076 0.13754001 -0.113508485 0.00029073958 -0.05291581 0.057668805 0.09206244
BLR 0.07609203 -0.23535186 0.22105479 0.28332698 -0.0027112104 0.044669777 -0.045575712 -0.071690686 -0.013659435 0.2453859 0.23138773 -0.081467606 -0.034118585 -0.26488188 0.10116552 0.13021041 0.017230779 0.02576144 -0.17833598 -0.008886698 0.05022695 0.23299623 0.00598718 -0.03550026 -0.14323609 0.16576 -0.04728827 0.106995426 -0.11344867 -0.026153583 -0.15851764 0.15846781 -0.10841194 -0.06814459 -0.084287636 -0.111185044 0.2773972 -0.09780008 0.014131166 -0.084583804 -0.18052384 -0.0032787751 -0.124755174 0.01579477 0.10633178 0.065464675 -0.20337696 0.10034506 0.14275034 0.16061515 -0.137071 0.042925395 -0.1118797 -0.08338106 -0.0811165 0.15123715 0.24015398 0.012204755 -0.17748956 -0.07245137 0.05106576 -0.05911565 0.2637519 -0.065062135 0.14981534 -0.07986482 0.1577537 0.039725617 0.027330894 -0.16383362 -0.022279028 0.115587786 -0.1782134 -0.11186913 -0.14940749 -0.3469063 0.09413867 0.1816493 0.09094616 0.23758931 0.133969 -0.073791824 0.07137665 0.11599266 0.15365651 0.20823434 0.039796554 -0.01636964 0.011266165 0.149576 -0.05220622 0.16396482 0.116357476 -0.17921753 0.18178686 0.24126849 -0.12746678 -0.14689367 -0.15685949 -0.12357108 0.03909497 -0.08880626 -0.18583347 0.21091323 0.20886229 -0.18849681 -0.06517737 0.10830185 0.23537715 -0.1275836 0.19061103 -0.11513545 0.11348748 0.0542596 -0.08600949 0.032617178 -0.14554843 0.038422383 0.005223396 0.004041533 -0.13916023 -0.096104495 0.08501425 -0.12916954 0.04119686 -0.03665088 0.033417948 0.114961
GNQ 0.14803186 -0.061018176 0.27924114 0.061166592 -0.07015501 0.09394591 -0.27118495 -0.15763937 -0.22441523 0.5391492 0.37290296 -0.18567373 0.05752358 0.0003368046 -0.117091395 0.17770718 -0.30254248 -0.047758903 -0.19384365 0.21553673 0.18982595 -0.106336676 -0.19546318 -0.017889865 -0.3119395 -0.08224089 -0.07642369 -0.1522998 0.13439795 -0.057857335 -0.3321007 0.4047673 0.11952567 -0.06289378 0.13072911 0.20594385 0.39174697 -0.056112375 0.20398031 0.18858711 -0.118438184 0.1399785 -0.06310937 -0.057022262 -0.02510889 0.1032103 -0.091299556 -0.24936782 0.072864495 0.03565727 0.2771195 0.34073475 -0.23259126 -0.051764388 -0.07581266 0.08877255 0.14386621 0.33002403 0.060977377 -0.120028086 0.09987734 -0.10774353 0.24888892 0.2872776 0.057000723 -0.11307312 0.060015924 0.3389337 -0.28538954 -0.11561379 -0.15325728 0.07859657 -0.5262042 0.15032826 0.24403438 -0.22499205 -0.030340452 -0.07346085 0.06201224 0.5296984 -0.087397404 -0.17794643 0.28529555 0.13642879 0.17263809 0.2834492 0.17023596 -0.08868732 -0.2775244 0.025839023 -0.013040109 0.09639368 -0.010179298 -0.12384599 0.5362102 0.21757682 -0.050616603 -0.36334652 -0.015539156 -0.24479418 0.079319194 0.23218583 -0.22477774 0.25609148 0.09626702 0.0718168 0.104618214 0.15690075 0.054852907 -0.1665336 0.16430548 0.01214073 0.21974003 -0.011772107 0.0411841 -0.22198617 -0.09287967 -0.0093620075 0.1791927 0.17373708 0.19647646 0.04045836 0.004502018 -0.1968421 0.15430793 0.14212644 0.02946628 -0.27078477
BFA 0.032430224 0.021980952 -0.18911818 -0.007802212 -0.0016938597 -0.12464267 -0.017107127 -0.0055272486 -0.16462034 0.43775144 0.2367002 0.00457189 -0.077983074 -0.100372225 0.08163075 -0.041874804 0.048303932 0.1619966 -0.0389159 0.005185858 -0.09355004 0.06609986 0.059173882 -0.040338606 -0.2708563 0.010934236 0.053485364 0.049214035 -0.017823627 -9.432039e-05 -0.034606975 0.02825506 -0.20394048 0.22158769 -0.12149103 0.28881902 0.22137447 -0.03332921 -0.11739755 -0.0126214465 0.20407724 0.0720378 -0.19148445 0.12471996 0.25551757 -0.020339666 -0.20827699 0.048491884 0.01866499 0.1390501 0.33107623 0.20184173 0.2235151 0.064159356 -0.1856833 0.050277434 0.2578447 0.35223234 -0.19935547 0.114839904 -0.18717815 0.11028493 0.05762967 -0.036533564 0.20050432 -0.13821214 -0.026773775 -0.14441799 0.072951 -0.21168329 0.101159364 -0.38128838 -0.19059514 -0.13946134 0.043199707 -0.027580662 0.17583093 -0.2447966 0.114026755 0.2681742 0.046195336 -0.031823285 -0.110038 0.11770049 -0.080727614 -0.10191891 0.14687784 -0.2737746 -0.063034154 -0.18550488 0.12703492 -0.010670368 0.21482714 -0.14272232 0.13835496 0.024219649 0.062405847 -0.03337478 0.17710689 -0.0753266 -0.13938004 -0.07539682 0.11170854 0.30776834 0.17362858 -0.07829771 -0.050546996 -0.09605523 -0.17526767 0.03299213 0.12192633 -0.0593777 0.13514012 0.19346963 -0.14673649 0.0055513172 0.001099006 -0.07916185 0.048066474 0.041048534 -0.17518264 0.03312624 -0.065910496 0.10200036 -0.105204195 -0.16332762 0.11150425 -0.016663915
SHN -0.08527738 -0.1365251 0.112035245 0.0006336868 0.0948977 0.023990186 -0.12523393 -0.073210485 -0.018641302 0.009076011 0.20675115 0.16675824 -0.117007755 0.033259537 -0.22418046 -0.004783107 -0.0877236 -0.02596414 -0.16487369 0.12807839 0.21567744 -0.00311012 0.009987175 -0.20062298 -0.23902433 0.17700492 -0.037898403 0.14471568 0.13170882 -0.032870553 0.06577986 0.11822575 0.0076318556 -0.016784128 0.07359844 0.22817592 0.23368679 0.064002 0.14542226 -0.06461297 -0.15812594 0.09063688 0.051032532 -0.13586614 0.15918723 0.15140717 0.09681511 -0.03355415 -0.3729485 0.41034037 0.09860237 0.2895224 0.19563657 0.103081346 -0.26656756 0.09206154 0.10036543 0.1649917 -0.08901699 0.015268886 -0.17304161 0.18750888 0.25791845 0.08665662 0.065523915 -0.019955311 0.044619214 0.27840197 0.06924571 0.08195433 0.19426967 -0.18163885 -0.44226474 -0.03131284 -0.038386814 -0.1939796 -0.050861128 -0.069305435 0.011591547 0.2527249 0.057000656 -0.21369363 -0.041745942 0.47495568 0.28889048 0.12834907 0.24492864 -0.22856566 0.122485764 0.037934586 0.2803562 -0.09566641 0.07837574 -0.22746626 0.27091303 0.020944353 -0.01407263 -0.17612517 -0.121230684 -0.06015626 -0.28218618 0.046461668 -0.2606362 0.14502807 0.0012553658 0.03508538 -0.15574294 -0.2859886 -0.26100126 -0.21597484 0.1158581 -0.17397486 0.14223759 -0.26073515 -0.08815018 -0.105928026 0.03210109 -0.347755 0.029162684 -0.3133243 0.13053975 0.0020516722 -0.10609405 0.052504156 -0.08714819 -0.029894866 -0.052877937 -0.036148824
SPM 0.08257265 -0.1258377 -0.046707213 0.089925885 0.092094034 -0.08411418 -0.04814105 0.0073305564 -0.41011268 0.352225 0.117620245 -0.29366523 -0.12687261 -0.09608752 -0.0546838 0.27489242 -0.0649348 0.19620927 -0.030283406 -0.01664595 -0.025777262 0.22900808 -0.0014748576 0.08264113 0.0024668516 -0.064395435 -0.08031113 -0.09657581 -0.07394143 -0.01865472 0.10421161 0.02249657 0.037302095 0.456064 -0.24407655 0.28906554 0.017196389 0.031291455 -0.18701741 -0.046941057 0.12631546 0.15585817 -0.3333626 0.2103348 0.21562237 0.11034272 -0.16235417 0.10847252 -0.01749606 0.043914784 0.2505709 0.060715917 0.08979564 -0.21595877 -0.0905604 0.114693835 0.1885132 0.18799935 -0.004295161 0.0162154 -0.012912716 0.10271809 0.2762603 0.17147273 0.2933697 0.03443964 -0.24576126 -0.12600215 0.35088292 -0.4370492 0.10225367 -0.36241448 0.05965272 -0.34776255 0.01042013 -0.20139645 0.14354728 -0.16653235 -0.1511332 0.17180781 -0.118680835 -0.074925214 -0.07935404 0.18254955 -0.0459526 -0.019910987 0.3750869 0.053831592 0.32754984 0.1984459 -0.090362936 -0.081138015 0.19791189 0.05927362 0.2158633 0.22954594 0.049470976 -0.15153079 0.15907112 -0.21971846 -0.06142725 0.033946194 -0.10472355 0.15122293 -0.2305445 -0.17071113 -0.30153555 -0.0020617591 -0.14170134 0.19725089 0.12218822 -0.12058059 0.094882235 0.1182584 -0.37794116 -0.09781634 0.11879743 -0.010480523 0.34841782 0.08067528 -0.23303893 -0.19852698 -0.15132767 0.042828318 -0.1693383 -0.11467299 -0.1435248 0.11030071
ATA -0.099762455 -0.1959763 0.1269813 0.013797784 0.07175093 0.029657159 -0.14490761 -0.103836246 0.0029491168 -0.0079361545 0.16471444 0.21929997 -0.11324438 -0.017464707 -0.17218475 0.086100265 -0.08482268 0.022572223 -0.10898985 0.038670015 0.24572976 0.075367704 -0.011933711 -0.20471418 -0.23667246 0.17426592 -0.09530098 0.19612813 0.16632318 -0.041116513 0.016057756 0.05335092 0.07885378 0.003106085 0.10931068 0.24947219 0.24269053 0.030033048 0.22560096 -0.0052965265 -0.13039836 0.083910026 0.109054394 -0.17909497 0.13766974 0.12974297 0.1557001 -0.038528647 -0.4147895 0.4219435 0.1413546 0.24062173 0.19979091 0.11664438 -0.21638188 0.027941236 0.10859454 0.20177487 -0.07113135 -0.031640273 -0.1789159 0.19613422 0.2777458 0.1246565 0.098142765 -0.08429508 0.012862848 0.25635183 0.114004605 0.05807981 0.2087954 -0.17389388 -0.45902696 -0.041440096 -0.075423695 -0.16673473 -0.036141016 -0.03479591 -0.019941123 0.2766419 0.03048282 -0.19041629 -0.059067246 0.45155993 0.23451361 0.17109822 0.30893564 -0.25922963 0.19859235 0.049083814 0.26207957 -0.17485528 0.052510276 -0.22608851 0.20794769 -0.03961336 0.0067785396 -0.09227687 -0.17236361 -0.082035825 -0.22668372 0.045823485 -0.2065359 0.15131706 -0.042457405 0.036480386 -0.11942648 -0.27633598 -0.22471786 -0.20904182 0.07165738 -0.24281156 0.09937478 -0.26322 -0.1817154 -0.11087955 0.043155674 -0.3763487 0.04108095 -0.3024557 0.09460894 -0.021307638 -0.09661895 0.06287964 -0.0575629 0.07676104 -0.07865826 -0.05338227
SOM -0.032369472 -0.23937364 0.1438668 0.09504817 0.08255176 -0.011669784 -0.19640577 -0.11108109 -0.050298955 0.020521529 0.0946862 0.080189236 -0.0011144928 -0.17605811 0.07460326 0.19883269 -0.082923196 0.07524918 -0.004452444 -0.018499482 0.19808182 0.16577767 -0.13126014 -0.054023303 -0.09062863 0.013557395 -0.22338839 0.23720211 0.23691946 -0.0037249385 -0.081580326 0.06328455 0.15611517 0.18396589 0.12180838 0.10663297 0.20656903 -0.09188727 0.19694884 0.10908602 0.09030238 0.1105809 -0.07675764 -0.055379126 0.15421951 0.030000815 -0.035188016 -0.06360041 -0.11657659 0.17220981 0.16175817 -0.013306568 -0.024963358 -0.047719043 -0.15340805 -0.022923445 0.18852302 0.3449894 -0.07172044 -0.060462553 -0.09635099 0.040671997 0.334916 0.17766263 0.07392163 -0.08011388 -0.0947291 0.066812165 0.2437105 -0.14037327 -0.024356145 -0.23790738 -0.25286862 -0.10044311 -0.049929187 -0.15055066 0.1382995 -0.11793773 -0.09475664 0.20105731 -0.11786936 -0.056489136 0.10227328 0.22354603 0.0774804 0.14749125 0.2154899 0.020797756 0.25045434 0.11460414 -0.04235564 -0.16928601 0.05651624 -0.04410796 0.17054217 0.006064456 0.056282792 0.09075954 -0.09461046 -0.07349255 0.0037089419 0.086394854 -0.05730289 0.211767 -0.052756295 -0.06465252 -0.04484938 -0.018420449 0.006903154 0.0332688 -0.019647988 -0.15661767 0.05979949 0.022168778 -0.3571923 -0.024992201 0.07333886 -0.07955763 0.18141143 -0.13973998 -0.11242744 -0.05711643 -0.023403632 0.07256586 -0.1288643 0.12577885 -0.05047493 -0.029315962
CUB -0.32909366 0.058625776 -0.1890648 0.2881894 0.03993637 0.05597266 0.012092859 0.063514605 -0.1593823 0.5764055 0.24390237 -0.070113994 0.0017433916 0.003768276 -0.054796394 -0.06028818 0.24528646 0.24125597 -0.04758484 0.31640878 0.009593495 0.30797777 0.042676218 0.04502514 -0.22655618 -0.093517356 -0.13838483 -0.15902823 -0.031505533 -0.12844506 -0.06360454 0.108607344 -0.053178415 0.08722384 0.0059284926 0.035948973 0.3905425 0.064969555 -0.19692743 -0.076340176 0.2314951 0.016246045 0.0017241759 0.064588234 0.11587404 0.14984298 -0.3147364 0.0015315082 0.093466595 -0.05148121 0.35259223 0.67082536 0.10276132 0.08364905 -0.015043108 -0.08223091 -0.028540889 0.14541362 -0.026678927 0.04314848 -0.26059464 -0.097704925 0.38131538 0.028326523 0.17542148 -0.2814122 -0.22162303 -0.0036596153 -0.19280462 -0.3426019 0.086484075 -0.18966454 -0.3817119 -0.08826383 0.17162803 -0.11739789 -0.020315366 0.07228512 0.112355575 0.32371178 0.08741611 -0.026869116 -0.2840662 0.32910016 0.2650737 -0.042312693 0.3392361 -0.16903087 0.09593689 0.11027439 0.24302499 -0.052779242 0.14227077 -0.0774812 0.4140528 0.07123657 0.06548418 -0.2008095 0.10667189 -0.20388308 -0.1527491 -0.29028624 0.22450012 0.12384247 0.03081599 -0.06560536 -0.015701303 0.16727558 -0.13559295 -0.10233262 0.16073503 -0.10579879 0.15531987 0.04238865 -0.3240268 -0.1829186 -0.15224579 -0.12698124 -0.016149603 0.24880962 -0.15274876 0.109500304 0.019139688 -0.2535941 0.107603 -0.13601038 0.062411454 0.0065883426
NCL 0.0099704545 -0.3620562 0.09533198 0.09802488 0.06816307 -0.11003927 -0.13544089 -0.1502779 0.055285916 0.046660326 0.13448611 0.11806873 -0.09935657 -0.45198855 0.24301293 0.18842179 -0.14312123 0.15361153 0.14099883 -0.2423885 0.05594145 0.25215387 -0.05497805 -0.09738844 -0.16619311 0.062444486 -0.29526553 0.4069837 0.21651047 0.10576356 -0.10997299 0.054441303 0.058201734 0.33759293 0.007681052 0.17356668 0.2170005 -0.21480463 0.18623255 0.12669338 0.251168 0.066226006 -0.30178368 -0.006534535 0.33080447 -0.047455914 0.043979753 0.0024532594 -0.07434225 0.21708515 0.1284007 -0.125803 0.22045515 -0.03031451 -0.23343335 -0.03676546 0.3222577 0.5799466 -0.37441117 -0.058072455 -0.17104524 0.029615926 0.32480067 0.045164622 0.087273665 -0.04419029 -0.043133356 0.07498731 0.4765675 -0.31634873 0.16516711 -0.5312204 -0.21453367 -0.16256082 -0.20674102 -0.22453117 0.17310065 -0.31318903 -0.13652557 -0.09582444 -0.081689045 -0.05221505 -0.0078118877 0.28894883 -0.01158516 0.00025105217 0.16241719 -0.16882256 0.3805385 0.0845123 -0.123718366 -0.16425051 0.16131254 -0.14524879 0.20833899 -0.16701692 0.010426257 0.2536763 0.18169045 -0.12525924 0.06668387 -0.04577821 -0.005030847 0.20751207 0.048962872 -0.037346844 -0.09202243 -0.11948215 0.14225753 0.050313517 0.008842761 -0.13885632 0.01473744 0.19177477 -0.46403152 0.07948913 0.047392387 -0.13618669 0.038517535 -0.18001126 -0.25310245 -0.0632587 -0.02464713 0.15522109 -0.39479664 -0.0632868 0.011722991 0.04492867
MSR 0.047458842 -0.018098434 -0.1659709 -0.020222047 0.019981222 -0.17476283 -0.07103844 0.033774093 -0.23508002 0.48889384 0.22966574 -0.03307708 -0.15491404 -0.12557256 0.09515733 0.04357534 0.016836066 0.1865192 0.0051111784 -0.045781117 -0.09237628 0.040128868 0.04968356 -0.055778418 -0.24893533 -0.008330001 0.013804834 0.017309472 -0.023338577 -0.008049409 -0.05147045 0.0073807994 -0.1599874 0.32966602 -0.19409887 0.35750496 0.19216779 -0.11190561 -0.08542579 0.0034069484 0.23427853 0.1477283 -0.24868017 0.13387957 0.3079887 -0.037402548 -0.21564063 0.04266151 -0.04976693 0.12796527 0.3676397 0.16343258 0.24177353 0.060717463 -0.14008933 0.029284587 0.29525104 0.4355983 -0.18870428 0.12274874 -0.12496807 0.12308402 0.08196516 0.010782203 0.23084149 -0.08435971 -0.08290829 -0.16252722 0.13230589 -0.22585414 0.09521316 -0.44761458 -0.13658752 -0.16364895 0.05252854 -0.005812169 0.17341533 -0.30353877 0.061968468 0.24183615 -0.005526551 -0.032792117 -0.10858146 0.14606349 -0.14103158 -0.12977436 0.18689972 -0.24323566 -0.027669296 -0.17804293 0.065759346 -0.02885918 0.2276102 -0.12490336 0.11602414 0.0018726151 0.10362397 -0.011616397 0.2378213 -0.08501233 -0.105375394 -0.024197768 0.11396672 0.33328405 0.1355581 -0.0824858 -0.11836995 -0.082279675 -0.12834074 0.05350731 0.11373279 -0.08589549 0.08017667 0.2572911 -0.209898 9.823241e-05 0.06943849 -0.110923395 0.09503757 0.08991121 -0.22706431 0.008993081 -0.06759596 0.14597663 -0.15454839 -0.18291675 0.07883797 -0.054189164
NPL 0.012324812 -0.15792277 0.19417566 0.116615966 0.06211061 -0.13772431 -0.26337722 -0.11901966 -0.18715523 0.15850294 0.14284252 0.24740244 -0.24762039 -0.42623508 0.08251626 0.1782019 0.024230339 0.014418869 0.12557568 -0.2655233 0.16222785 0.09741237 -0.022483552 -0.11659875 -0.11101895 0.055070996 -0.33743003 0.2498782 0.100729644 -0.11869092 0.008200686 -0.028511226 0.15600798 0.29526877 0.06306507 0.19730352 0.22875583 -0.41747302 0.16704509 0.24738432 0.19473003 0.12837458 -0.03843057 -0.15000033 0.1486084 -0.089554 -0.096206 0.063715205 -0.29178703 0.29832327 0.2182229 0.06808298 0.24883635 0.0051956526 -0.20036821 -0.0073469044 0.25369617 0.59633785 -0.25389677 0.013365797 -0.11850203 0.089643046 0.21094956 0.11474563 0.21394771 -0.097786345 0.060052194 -0.06226252 0.31729972 -0.22647995 0.018211206 -0.41557854 -0.032159444 -0.0033853063 -0.18130831 -0.100067034 0.15345219 -0.31613514 0.04641425 0.25245115 -0.12608421 0.012933876 -0.06008888 0.28028536 -0.31875643 0.0580744 0.2779505 -0.062101535 0.15754919 -0.13122924 -0.13801381 -0.14611576 0.25214168 -0.23522528 -0.041245732 -0.1616736 0.25046656 0.15105785 -0.03378901 -0.08418145 -0.044253204 -0.05072775 0.19932023 0.41223037 0.16864148 -0.23200543 -0.051428847 -0.06242033 0.20809872 0.13061944 0.03842186 -0.31988654 -0.008973738 0.20910223 -0.49228334 0.08516227 0.22528526 -0.08330389 0.14383349 -0.061276343 -0.07532581 -0.1620016 0.14352389 0.19792782 -0.44075936 0.020341616 0.08436227 -0.2038564
TUV -0.06659388 -0.45573476 0.3434618 0.20677137 0.08096399 -0.06307386 -0.20039874 -0.2230447 0.18747196 0.14310247 0.14897119 -0.015810547 -0.03925284 -0.4944589 0.23387545 0.27726257 -0.3410289 0.08669383 0.1121112 -0.21576601 0.033014126 0.3038137 -0.14207116 -0.11345918 -0.16940932 0.010221291 -0.42326587 0.3712069 0.20443024 0.13079253 -0.3182014 0.22177167 0.11422682 0.22985603 0.061553475 0.005095944 0.24707724 -0.26027206 0.21742107 0.17672326 0.10308735 0.0927313 -0.35111448 -0.0014806272 0.23854288 0.032785438 0.12839733 -0.1247807 0.107131705 0.18363082 0.041079868 -0.080988266 -0.005490816 -0.06765974 -0.12216397 -0.019322665 0.2819913 0.5087393 -0.31629798 -0.13455704 -0.008541154 -0.091164894 0.31554863 -0.032385796 0.020261232 -0.050577093 0.015905881 0.19395614 0.3489293 -0.2816429 0.23506476 -0.3586223 -0.357004 -0.085649125 -0.11138047 -0.3235487 -0.014758067 -0.20939969 -0.23660068 -0.1877602 -0.1585242 -0.027606549 0.14600982 0.29110876 0.11252614 0.12960647 0.15122633 -0.121988885 0.3887647 0.2534254 -0.28552186 -0.08515489 0.07293457 -0.1613421 0.4314033 -0.089592054 -0.036790356 0.13987458 0.100911625 -0.2054996 0.22305349 0.097332984 -0.11487763 0.080134116 0.07314262 0.076783255 -0.07670437 0.04217213 0.3992233 -0.0805682 0.119427286 -0.028854037 0.05831285 0.1239936 -0.4534587 0.03060782 -0.18261689 -0.16922867 -0.0469094 -0.026016425 -0.19696268 -0.054065406 0.09156642 0.025300747 -0.32064366 0.023724373 -0.020034783 0.05681818
MLI -0.066990435 -0.047371317 -0.1366129 0.09898262 0.20632721 0.08133043 -0.01917642 -0.10806598 -0.39349395 0.27610558 0.17649554 -0.22560747 -0.23956732 -0.0936097 0.01572889 0.19864869 0.032469224 -0.13586608 -0.34889707 0.21911454 -0.008625156 -0.1252744 -0.12345659 -0.06536203 -0.28081524 -0.05793664 -0.14791289 0.021039864 -0.20726463 0.013153438 0.096009806 0.060737606 -0.17990173 0.018479824 -0.17882767 0.23681107 -0.19342805 -0.08079594 -0.13843744 -0.15816312 -0.24133149 0.37536225 -0.41948447 0.1870444 0.3285433 -0.2977429 -0.32428095 -0.0729701 -0.024568161 -0.019671675 0.27729344 -0.015916748 -0.44796148 -0.06433713 -0.30168995 0.07976577 0.46809 0.2309943 -0.08269193 0.32733756 0.12434225 0.32101294 0.28136453 -0.07744628 0.025846275 0.107749835 -0.29643062 -0.05865558 0.02979695 -0.12995172 -0.14314891 0.035901148 0.062859185 -0.26685178 0.0801646 -0.42377263 0.2752875 0.011810163 0.1742234 0.70708907 -0.21840099 -0.029452732 0.20631355 0.1287708 0.091408044 -0.0035075764 0.23726141 0.20478201 -0.011216463 0.19533752 -0.20565929 0.10506302 -0.0059175286 -0.1088074 0.061688803 0.33146808 0.05735552 -0.14087458 -0.36083618 0.17966871 0.12607715 0.15459263 -0.5035476 0.43022722 -0.019338356 -0.098764345 -0.104123525 -0.21600208 0.01912318 -0.06694916 0.055120926 -0.22640602 -0.029265685 0.114976846 -0.29150462 -0.03936744 0.37462673 0.048692536 0.4473886 0.0949089 -0.28573653 -0.15397155 -0.13828735 0.113033265 0.052278034 -0.015200313 -0.10092795 0.12415694
CPV -0.2678133 0.08846868 -0.21612434 0.24203297 -0.04697131 0.035985798 0.024509849 0.023731235 -0.23545878 0.58819795 0.20449483 -0.04536872 -0.0079741 -0.06596663 -0.05596675 0.022318665 0.3002814 0.23171172 0.004850675 0.1622933 -0.014590942 0.32154247 0.044000804 0.08171474 -0.1581535 -0.112757586 -0.13310555 -0.1784759 -0.050542284 -0.17978929 -0.022775536 0.004644798 -0.036952075 0.17558381 0.031596605 0.09466209 0.3586442 0.021953562 -0.20870751 -0.016583975 0.31574756 -0.06492862 -0.0051728925 0.07345087 0.07100431 0.10326007 -0.3101958 0.027440358 0.070375174 -0.050316535 0.37508878 0.58897394 0.15026915 0.039586775 -0.01789567 -0.090262264 0.02202127 0.18165821 -0.04731553 0.017039713 -0.2776718 -0.089548245 0.33288106 0.06595176 0.24569333 -0.3159937 -0.2225964 -0.05740115 -0.11919679 -0.41056293 0.039349243 -0.17387748 -0.26109037 -0.09526789 0.10362159 -0.07995196 0.042704944 0.027477873 0.13173321 0.3849475 0.068285085 -0.0095226085 -0.2733511 0.2542349 0.113464 -0.028146345 0.35462612 -0.18757504 0.10682382 0.04573957 0.21726105 -0.08710618 0.23808652 -0.06018247 0.28715825 0.025759446 0.07778782 -0.1333265 0.097266234 -0.19853945 -0.12632935 -0.3182416 0.30529812 0.17783736 0.011265199 -0.15061349 -0.01749488 0.19586971 -0.16216025 -0.010034649 0.10819085 -0.1752822 0.14089486 0.08956681 -0.33551633 -0.15300715 -0.048776362 -0.0126476195 0.06489029 0.25653502 -0.13402964 0.049224738 0.019190546 -0.21922643 0.09115696 -0.10026159 0.080883585 -0.012261842
MRT -0.34059355 0.047601234 -0.16500476 0.28284007 0.05259813 0.008663281 -0.004576435 0.037872575 -0.15379567 0.5648807 0.2390889 -0.09184575 -0.0039262683 -0.017372482 -0.035775106 -0.01618229 0.27294716 0.20427634 -0.031895958 0.27844116 -0.004534904 0.32478827 0.06969943 0.035525713 -0.16321385 -0.107220896 -0.18500413 -0.18081047 -0.052032683 -0.14710663 -0.014310048 0.07958225 -0.029856559 0.16628097 0.004008469 0.0028183376 0.36729166 0.028777834 -0.2228563 -0.079782896 0.22244608 -0.018236127 -0.036695715 0.0697755 0.11452846 0.1343648 -0.3430931 0.013029402 0.13478896 -0.04578587 0.28825834 0.59960645 0.07245454 0.025669513 0.004906282 -0.053276986 -0.016403124 0.17620897 -0.03170517 0.039362844 -0.233958 -0.13960476 0.36986426 -0.002311469 0.18649465 -0.24417819 -0.1999415 -0.04808409 -0.16988276 -0.37379763 0.080015175 -0.1724933 -0.28991154 -0.12387918 0.11657891 -0.15551415 0.010919183 0.04844715 0.07677406 0.3197586 0.037032258 -0.0015834242 -0.2585619 0.30768073 0.24278083 -0.030255841 0.35672945 -0.074669145 0.14293349 0.18266259 0.19955656 -0.023900423 0.17609976 -0.057600856 0.41708374 0.09853612 0.06949637 -0.16295685 0.05747703 -0.18641792 -0.10457063 -0.29283574 0.21857125 0.13258438 0.044214487 -0.14018974 -0.05730296 0.21540485 -0.100810446 -0.042242248 0.1400475 -0.07162182 0.12403781 0.07079848 -0.3848371 -0.12615159 -0.15193424 -0.036256596 0.03661929 0.2605081 -0.1732353 0.08128188 0.06876542 -0.25566941 0.06302702 -0.14975944 0.061212905 0.027550984
LSO -0.20679425 -0.22757089 0.097967796 0.006204492 0.11519872 0.034096733 -0.16354547 -0.058933746 0.047263227 0.013345639 0.20175707 0.26306015 -0.10520921 -0.021999547 -0.19970259 0.027207777 -0.047831684 0.09436045 -0.07910613 0.08695719 0.24844672 0.033675022 -0.075327255 -0.19855739 -0.2639321 0.19029006 -0.13155091 0.2190195 0.17799373 -0.05908733 -0.0021227596 0.015582956 0.02525766 -0.0506188 0.12363233 0.29040727 0.25873262 0.009143417 0.24896067 -0.060046628 -0.11115967 0.1485129 0.041144416 -0.22281344 0.13962612 0.093917616 0.118246295 -0.018700242 -0.48688683 0.42977977 0.22340113 0.28485858 0.24719596 0.2234771 -0.27351084 -0.04627912 0.073458076 0.20524848 -0.1431117 -0.005128973 -0.2522158 0.22761928 0.32722408 0.12120032 0.10068157 -0.03180096 -0.023121832 0.33573705 0.09002686 0.09371578 0.20883246 -0.26128426 -0.5325178 -0.03572414 -0.027762868 -0.18666968 -0.11387864 -0.054134317 -0.048744567 0.1910467 0.012215593 -0.17921665 -0.07330195 0.5334788 0.27279478 0.15398915 0.30809417 -0.3513063 0.18368128 0.06733199 0.36322194 -0.19332223 0.020999275 -0.24594902 0.21917264 -0.090512805 0.020684093 -0.10861371 -0.07654473 -0.061378732 -0.24125074 0.013091143 -0.16422273 0.1190294 -0.0060824677 0.06520048 -0.13706891 -0.3719969 -0.23309252 -0.29931164 0.10791138 -0.2473217 0.111093275 -0.291042 -0.18964578 -0.11656017 0.003449926 -0.44742593 -0.018338367 -0.31236818 0.06003245 -0.016195156 -0.10431462 0.069227174 -0.077592805 0.055973165 -0.09910342 -0.02077742
PRK -0.044285286 0.005312456 -0.28399655 -0.03654355 0.13215382 0.17437635 0.07106986 -0.0070620673 -0.45357877 0.37975883 0.08556882 -0.18116221 -0.35005623 -0.15629224 -0.032480903 0.22133745 0.07847074 0.019814977 -0.25072363 0.07795017 -0.15664971 -0.24245273 -0.19463044 -0.12654212 -0.28865218 -0.17850305 -0.09678187 -0.060945965 -0.247434 -0.028359134 0.138664 -0.08339548 -0.06487156 0.072610095 -0.23364542 0.48878857 -0.15173788 -0.15075062 -0.16560657 -0.13407014 -0.074971646 0.3406034 -0.35713148 0.12319885 0.3571773 -0.24658872 -0.21660548 0.08625817 -0.2583057 -0.06998575 0.37827027 0.11873156 -0.11030678 0.0787924 -0.16523616 -0.12666878 0.28078043 0.11674609 -0.06581535 0.23529509 -0.10724136 0.3022955 0.34717232 0.067866944 0.13912454 0.14595333 -0.26556808 0.0040324135 0.011069488 -0.3065345 -0.042080276 -0.10565613 0.032466333 -0.23596801 0.14202137 -0.28029943 0.05287815 0.051349163 0.098115206 0.5716921 -0.06331673 -0.11880694 0.0896359 0.21929887 -0.037131555 -0.07129058 0.2724115 -0.042380527 0.14341995 0.026776105 -0.006192541 0.05494385 0.010215906 -0.054211862 -0.09102894 0.15485604 -0.026792115 -0.19453067 -0.115048684 0.029963661 0.09397719 0.11700396 -0.25862357 0.33147523 -0.08215857 -0.0036423462 0.0006607242 -0.35086402 -0.152188 -0.19472997 0.08901149 -0.32244766 -0.07689096 0.12856895 -0.2382123 -0.07548501 0.5031402 -0.15288872 0.37293234 0.18474513 -0.30910188 -0.24504346 -0.14729485 0.09726884 0.095600374 -0.024056576 -0.15612602 0.037654243
ERI 0.29951426 -0.1873078 -0.031208867 0.14265247 -0.20687594 0.24514237 -0.1512626 -0.21519393 -0.161958 -0.061994016 0.08823363 0.16263835 0.25793442 -0.25140342 0.10078336 0.3213943 -0.1225519 0.29320732 -0.017410416 -0.17877506 0.045686018 0.34061545 -0.0028641864 0.010337535 -0.06056736 0.02485551 0.08577967 0.31310186 0.28050703 0.07180163 -0.08982631 0.15248458 -0.08054467 0.2400808 0.09035939 0.099101126 0.20214406 0.23026359 0.06295145 0.1594792 0.29545006 -0.27235806 -0.1601755 0.1209259 0.16967736 0.16747564 0.035561007 -0.106168605 0.08293062 0.24236041 -0.045580283 -0.0980756 0.0117276935 -0.15412909 -0.25905088 0.14969307 0.5167085 0.2569242 -0.080705196 -0.14086331 -0.1728205 0.033478733 0.27033567 0.26463804 0.15872033 -0.16263023 -0.16295157 0.086073786 0.40481737 -0.25075632 -0.046717428 -0.21375641 -0.26056525 -0.1855363 -0.08342806 -0.14526017 0.33068335 -0.04874123 0.1423442 0.33918267 0.22436984 -0.23583853 0.07390126 0.12980746 0.1741111 0.34968388 -0.033983126 -0.107450806 0.3175138 -0.02693406 -0.07348904 -0.17286555 0.45344466 -0.03468258 0.13435672 0.14614621 -0.18259011 0.30507442 -0.035476275 -0.113662206 -0.1304594 -0.018484494 -0.20557013 0.2970452 -0.18700485 -0.09469925 -0.12355026 0.09066586 -0.2364797 0.13625427 -0.103126995 -0.2990532 0.30799222 0.13247246 -0.22188999 -0.023618747 0.17621565 0.08245964 0.31987497 -0.33315372 -0.07791655 -0.01929795 -0.24496356 0.13871317 -0.05853617 -0.024761708 0.042196386 0.19627598
GNB -0.05494509 -0.06621622 0.09125717 0.08933417 0.07159417 0.03926226 -0.21925692 0.11613655 -0.21588024 0.42000487 0.18741971 -0.10069406 0.03623465 0.04578724 -0.04962917 0.1493454 -0.0831515 0.2795218 -0.0132857235 0.1572111 0.053536877 0.020135583 -0.026565213 -0.16653535 -0.25305298 -0.07628371 -0.1268841 -0.060762744 0.107222654 0.03447084 -0.15128635 0.31142738 0.22026962 0.13478485 -0.10083497 0.18750846 0.374831 -0.06254312 0.19504088 0.10729269 0.040157273 0.20553763 0.07718029 -0.10266652 0.14372256 0.15550123 -0.13998348 -0.13384347 -0.09762739 0.047500532 0.23296739 0.224545 -0.022387762 0.047516115 0.20401406 -0.07418073 0.028338743 0.3261486 0.13808012 -0.083385676 -0.015271485 -0.103690185 0.28945765 0.18367103 0.15054098 -0.012188008 -0.093198515 0.027102886 -0.077175595 -0.049111277 -0.01071127 -0.24932006 -0.48671037 -0.13655856 0.34043863 0.022689823 -0.016851867 -0.046465956 -0.098583296 0.396859 0.05860211 -0.097175725 -0.041045647 0.27000198 0.3134791 0.26247352 0.26268867 0.006698207 0.09676591 0.13083464 -0.0061531854 0.047204226 0.031946655 0.013883872 0.3364522 0.12602486 -0.035331063 -0.080774784 0.13248013 -0.23359057 -0.052033108 0.078062415 -0.10551224 0.16537474 0.009360998 0.051623993 0.0016655425 -0.040293694 -0.08608898 -0.072859995 -0.015704362 -0.1013187 0.07686933 0.03351615 -0.24309354 -0.14852025 -0.038675714 -0.2779396 0.17358527 0.21080127 -0.09356744 0.115626454 -0.005034315 -0.10108652 0.069024 -0.016454872 -0.045038342 -0.2775989
SLV 0.16816518 0.15671517 -0.09338999 -0.08117156 0.065162174 -0.062055405 -0.13864672 0.09507288 -0.2648785 0.43956378 0.20659205 -0.010570087 -0.12901612 0.006006118 -0.047530673 -0.004646767 -0.12126708 0.053578783 -0.21617419 0.19026223 -0.09824736 -0.3005911 -0.034975257 -0.30478737 -0.39661518 -0.16062608 0.029163402 -0.019325182 0.14055185 0.008084521 0.08914877 0.3363495 0.14176081 0.3069891 -0.05125269 0.49129707 0.3301607 -0.11310737 0.012620641 0.026980609 0.18155588 -0.012795919 -0.17365098 0.02268665 0.3292052 0.13418663 -0.2959308 -0.016538015 -0.017284676 0.110002704 0.24026698 0.25734794 0.20552006 0.0110566635 0.027032645 0.116971605 0.039920792 0.46434394 0.039163418 0.0043094573 -0.3639814 0.016449952 0.3241664 0.21023709 0.023974556 0.0711693 0.1094059 0.088159785 -0.032971747 -0.26352072 0.044629354 -0.36111695 -0.41787952 -0.1273535 0.28005335 -0.052870814 0.10809808 -0.28316653 -0.03183488 0.4538406 0.13228813 -0.24651323 0.10273181 0.34648594 0.15841445 -0.016125513 0.24135737 -0.19691515 0.12508798 -0.1069184 0.24797645 0.08750932 0.11235017 -0.087913044 0.37228572 0.111058235 -0.19420859 -0.18046804 0.18217082 -0.078829095 -0.074989185 0.12251751 -0.06591616 0.34541902 0.1674974 0.096480265 0.08986215 -0.0995989 -0.53234595 0.012091278 0.019053025 0.015756391 0.13778342 0.074926876 0.033895656 -0.016533189 0.17103302 -0.1643745 0.14750546 0.05788985 -0.0014498888 0.10601251 -0.014372772 -0.1077111 -0.03481691 -0.14141916 0.038503546 -0.29418898
