181 128
RUS 0.044405013 -0.043733016 0.11037974 0.3557155 -0.083819866 0.13225025 0.065453835 -0.084939785 -0.016572658 0.0075389915 0.13840087 0.06590644 0.2742469 0.022243042 0.21275987 0.27769157 -0.1074488 0.059833914 -0.24276912 0.04394226 0.0047312668 0.081884615 -0.06407235 0.011870832 -0.23784049 0.17173 0.0808112 0.012954819 0.018893264 -0.064976595 -0.14023738 0.25857982 -0.023895599 -0.21571955 -0.030182948 -0.01157787 0.0070434865 -0.07902883 0.17290492 0.030649796 -0.013178478 0.28349292 -0.051419985 -0.07953362 0.25732255 0.022987308 -0.4511101 0.043357793 0.08301324 0.044953953 0.009077763 -0.0935651 0.00038167718 0.23726079 0.15259226 -0.21463758 0.37496078 -0.19927746 -0.23943405 0.26034573 -0.124508366 -0.041011788 -0.2668339 0.011438008 0.03699381 -0.16179171 -0.01843978 0.21217974 -0.019132841 -0.06491249 0.03153246 -0.04315834 -0.16827226 -0.20320173 0.054206662 0.08141063 0.038745034 -0.04915503 0.14982747 0.31431416 0.029916242 -0.12091535 0.2408543 0.15956393 0.022392908 -0.017879033 -0.1179547 -0.13285774 0.13415231 -0.011814601 -0.090062186 -0.030645432 0.23676555 -0.060203534 0.12149089 0.04824271 -0.2049327 0.13567512 -0.15645401 0.108710155 -0.25831544 0.0753816 -0.2377758 0.07427567 0.009610813 -0.048773713 0.05332608 0.13146587 0.06892491 -0.074739285 0.077272356 -0.26610178 0.18467149 0.096255176 -0.1170652 0.2209488 0.05454173 0.06531097 -0.021714 0.018892726 -0.008494035 -0.08323683 0.11777955 -0.034639306 -0.019327398 0.07379233 0.2523471 -0.14013481
ARE 0.15236092 0.06553838 0.19645508 -0.023226017 0.05287099 0.021588823 0.13343176 0.047240056 0.084970005 0.08522987 0.32399362 0.012827121 -0.0740836 -0.048267554 0.0706855 0.03464921 -0.09860375 -0.0021580395 -0.051371682 -0.04440228 -0.025451645 0.0032855258 0.2082117 -0.32740995 -0.29505533 0.08525761 -0.19991808 0.065209664 0.14425468 -0.052715413 0.064013034 0.29707843 -0.18899105 0.11051046 -0.17728865 -0.07234609 0.25046176 0.116820574 -0.015069559 0.0060443734 0.021655811 0.2778327 -0.0007842625 -0.23139822 0.20615421 0.046307754 -0.24452631 0.00877454 -0.18817738 0.14995366 0.08584589 -0.05314473 -0.1585573 0.055011056 0.09355496 -0.03717873 0.1273363 -0.13416879 -0.010060578 0.12154728 -0.16821696 -0.055314116 0.08590309 -0.082602024 0.15192823 -0.17630792 -0.068371385 0.046308637 0.1146207 -0.16582666 -0.14177708 0.08622321 -0.21098654 -0.121536925 -0.16081983 -0.17515941 -0.012276607 -0.0061672707 -0.15004626 0.28589064 0.15730217 -0.18337658 0.010311574 0.01392749 0.3673056 0.021350767 0.063138835 -0.092828915 0.048468728 0.15236054 -0.04901515 -0.18364446 0.19193624 0.08617248 0.033678997 -0.08165357 -0.05226176 -0.05166565 -0.21220393 0.028233886 0.033496726 0.010444839 -0.20487118 0.03614196 0.19858022 -0.24969615 -0.09038801 0.09174581 0.05537468 -0.063597254 0.131149 -0.2583725 0.2838748 0.08223897 -0.12518074 0.20896228 0.11495489 -0.033452142 0.23128662 0.0068112244 -0.13527542 -0.22749557 -0.12508827 -0.0037810358 -0.11807009 -0.13257325 -0.044370927 -0.13572308
USA -0.15688567 -0.23253328 -0.06830297 0.09722763 0.12066478 -0.0794779 0.10915087 -0.05250174 -0.12455695 0.067475915 0.31612346 0.048206866 -0.08860182 -0.08634124 0.06611855 0.22922716 -0.01117058 -0.078046896 -0.077197954 0.07805899 0.025435526 0.11624473 -0.14023958 -0.14566074 -0.042982128 -0.09259472 -0.083956435 0.1413042 0.012946153 -0.0052001146 -0.11926727 0.071181186 0.223985 0.37702203 -0.07019105 0.0015269085 0.34769353 -0.10806407 -0.19321214 0.035670288 0.14381222 0.15177007 0.19072317 -0.04522559 0.012039781 0.17976214 0.055364702 -0.093268536 -0.020864459 0.0744524 0.075051315 0.19830617 0.1761807 -0.09045661 0.06913827 0.0780313 0.13661538 -0.048697308 0.04067296 0.006889913 0.017476976 0.013278315 0.0880084 -0.11955195 0.1538749 -0.08217556 0.08921121 -0.0410021 -0.2612144 -0.04488729 0.10953816 -0.12374646 -0.432579 0.07206744 0.04226952 -0.16621412 -0.03978925 -0.025156533 -0.19588912 0.02559231 -0.09303323 -0.34655693 -0.02636364 0.3207376 0.2373716 0.29533294 0.10214853 -0.12341934 0.1024993 0.12516229 0.016459377 -0.20151323 0.2147613 -0.11150566 0.23468748 0.16446921 -0.22923285 -0.38890678 -0.14448282 -0.111963265 -0.20645235 0.09945411 -0.04978199 0.015170516 0.22904289 -0.07831542 -0.08099707 0.066087246 -0.0020540608 -0.16945104 0.2319861 -0.07135594 0.24127083 0.057300035 -0.036976114 -0.15239657 0.016490279 0.0026676853 -0.041091535 -0.20152682 -0.25426134 -0.10180366 -0.13551539 -0.025891833 -0.13638517 -0.013861716 0.09326094 0.041245356
NGA -0.07190915 -0.09992953 0.000109739194 0.31940278 0.1962625 0.0046875365 -0.19612075 0.20097041 -0.18167192 0.1419774 0.37828746 0.21091944 0.07353066 -0.2858435 0.24964233 -0.052341066 0.056979638 -0.058305252 -0.06817798 0.08797262 0.128036 0.14138721 -0.23458076 -0.011341223 -0.26643723 0.3304263 -0.15438856 0.060882587 -0.005697675 -0.14477 -0.22716106 -0.03385652 0.08496729 0.28176787 0.06658646 -0.04127361 0.15322891 -0.20526884 0.06634012 0.10373908 0.10173677 0.1807273 0.21913858 0.088322304 0.034686513 0.090794176 -0.065957 0.007338665 -0.06918517 -0.015667837 0.09895014 -0.06256014 0.14876157 0.19295552 0.21030246 0.07995916 0.28126588 -0.10979769 0.05684278 0.121737145 0.0325489 0.09429279 0.36446244 0.28900483 0.10571774 -0.13349509 -0.0034913719 0.038438097 0.17168733 -0.034945637 0.06623685 -0.0635006 -0.45420694 -0.067626655 -0.026235836 0.029704059 0.14288303 -0.11066112 -0.07744328 0.03855675 -0.15644237 -0.17510456 0.034559768 0.23986733 0.0070499894 0.14769503 0.16223304 0.18258433 -0.11033857 0.17472336 -0.0063321837 -0.13083088 0.07212474 0.14760028 0.06659058 -0.123007305 -0.2780577 -0.23055813 -0.051419567 -0.005509661 -0.24565221 0.0029547503 -0.08621753 -0.017875973 -0.002380687 0.025447784 0.09289691 0.11816545 0.0024653876 -0.19083652 0.033849522 -0.1683379 0.16214244 -0.046506453 -0.10969169 -0.14946507 0.10090998 -0.04405618 0.20513035 -0.24191597 -0.2713888 -0.16376433 0.014193814 -0.034411974 -0.067705296 -0.029623404 -0.11577874 0.023350568
KAZ -0.077664286 -0.07457333 -0.019088443 0.3006243 -0.112080365 0.22295143 -0.111965 0.0077520013 -0.21605639 0.071603514 0.39515865 0.19122219 0.25794291 -0.12384602 0.19256331 0.20745535 0.036349956 0.09139882 -0.24389872 0.06501975 -0.0051250346 -0.041716155 -0.18473223 0.11164304 -0.19899856 0.2856945 0.07433394 0.012114106 0.07875844 -0.09433408 -0.07347486 0.3024275 -0.087158464 0.034241877 0.08550441 0.09090737 0.00017154042 -0.12822576 0.16347626 -0.0025189528 0.07538167 0.24685448 -0.006505984 -0.08850628 0.24151193 -0.11007372 -0.34528914 0.029102445 0.14054942 -0.037590463 0.00050379965 -0.18430021 -0.08474721 0.20912105 0.1413678 -0.25065434 0.27842203 -0.09320362 -0.073651195 0.16927686 -0.0102350935 -0.08269518 -0.19875573 0.21113163 0.19668923 -0.18309921 -0.10458371 0.19509967 0.068228394 -0.18624692 -0.17247799 -0.21597427 -0.16050623 -0.15928629 0.03674897 0.1471974 0.2730868 -0.06765594 0.18765193 0.32746732 -0.038464718 -0.24825019 0.2911256 0.22370559 0.013710228 -0.052820925 -0.091622986 -0.010781074 0.00659341 -0.1986818 0.055313237 -0.06729869 0.17732997 0.038171194 0.20643762 0.021251937 -0.24831 0.08292329 -0.051181942 0.062319078 -0.29256678 -0.010849514 -0.22715402 0.070666336 0.19556502 -0.026092362 -0.009070736 0.16712563 0.12927227 -0.059998296 0.060520366 -0.25878456 0.21151307 0.14015438 -0.09674274 0.15923785 0.15682021 0.021281507 0.20893829 -0.123000726 0.07779647 -0.054291144 0.0747646 -0.04810283 -0.12017625 0.04782527 0.1979475 -0.22649775
SAU 0.028209083 -0.03773795 0.06895326 0.14789438 0.1665618 -0.014626162 -0.047103405 -0.041506212 -0.2035645 0.23129253 0.5619719 0.13841721 0.054719083 -0.18712787 -0.015428356 0.294797 -0.13515835 -0.21138781 -0.06542939 0.005217684 -0.10501343 0.009622718 -0.02889675 -0.35815707 -0.28305003 0.201708 -0.1656025 0.10888081 -0.0197785 -0.16976838 -0.044041034 0.06432692 0.08281589 0.2708872 -0.20754343 0.09320158 0.25568342 0.13436228 -0.13918567 -0.028548343 -0.01704553 0.13949706 0.19656698 -0.10349699 0.24111827 -0.117499076 -0.07468201 -0.07542462 -0.18412517 0.022870835 0.12820144 -0.13943256 -0.014341723 -0.012145947 0.09195899 -0.10102879 0.24928589 -0.0802645 -0.068143636 0.09954604 -0.148357 -0.057803925 0.0651053 -0.011123985 0.036730163 -0.16073696 0.11722155 0.06468667 -0.13000007 -0.20311898 -0.0023552016 -0.120086014 -0.1106412 -0.15354368 -0.0712836 -0.12168591 0.09196029 0.06111608 -0.092688076 0.15302427 0.04056068 -0.110991836 0.036639407 0.079438314 0.036833134 -0.098898426 -0.04146334 -0.1067828 0.12512945 0.1176318 -0.12995468 0.048186984 0.075934745 -0.030568702 0.04954694 -0.23085296 0.042030685 -0.084099375 -0.10904465 -0.10672726 -0.011942322 -0.16346844 -0.3109281 -0.0050146156 0.07556687 -0.03510404 -0.10460655 0.20425351 0.13488807 -0.025838483 0.14733936 0.015126993 0.19340211 -0.0110007655 -0.20168382 0.0046201134 -0.001511411 -0.1409022 0.20774563 0.0037412944 -0.11558127 -0.1178201 -0.21954198 -0.0399093 -0.053473573 -0.24140373 -0.0044509904 -0.22329624
ZAF 0.038253907 -0.02503784 -0.087442674 0.2882563 0.265594 0.04729429 -0.22457947 0.16834773 -0.025257036 0.2257192 0.24775015 0.14940955 -0.123438545 -0.07188333 -0.06582125 -0.066022895 -0.08887128 -0.10445452 -0.21103315 0.19892414 -0.019372737 0.14225742 0.056647737 -0.19386524 -0.12749149 0.21485612 -0.09784164 -0.04850797 0.08379098 -0.11189022 0.06867801 0.036876604 -0.30274504 0.16902685 -0.038068846 0.13045001 -0.08084325 -0.025241813 0.18168487 -0.0014654754 -0.2522016 -0.016030068 0.005154824 -0.12292242 0.25113738 -0.13103914 0.00418757 0.23142694 -0.27324545 -0.036690943 0.051738005 -0.033297468 -0.23028496 0.025399955 0.11447134 -0.0044334084 0.3824225 0.039195746 0.054206386 -0.22415636 -0.20878184 -0.04018066 0.30619928 0.053182174 0.3423745 0.14779323 0.019521905 0.119015224 0.06575503 -0.0524726 -0.06931619 -0.09145211 -0.2932195 -0.22946654 -0.18477939 -0.19147758 0.16142282 0.023357632 -0.08299928 0.37820974 -0.06256241 -0.14931859 0.054984022 0.29863375 0.03559237 -0.0068173073 0.3012817 0.088380724 -0.021526784 0.029661046 0.09753974 -0.2540973 0.005229906 -0.037502043 0.19619608 -0.11642476 -0.03736482 -0.006380322 -0.11000976 -0.06548624 -0.1361485 -0.09460987 -0.40312478 0.28772828 0.17291078 -0.12107446 -0.2432308 0.22436233 -0.18298474 -0.21116133 0.048448756 -0.25107658 0.1717996 0.11798476 -0.02221374 -0.10650968 0.26016864 -0.2241405 0.32274735 -0.12711576 -0.11994489 -0.055791058 -0.0511745 -0.02603514 0.24104162 -0.031497642 0.05175666 -0.025423648
GBR 0.0081922235 0.10836164 0.08227027 0.1530821 0.071215704 0.041268446 -0.15491945 0.022475788 -0.009200133 -0.16744581 0.07219905 0.017292276 0.13384554 0.050270244 0.10873629 -0.006852433 -0.1302892 0.020590192 -0.30631128 0.10150115 0.0070448727 -0.14232564 0.05955728 -0.026277734 -0.24103327 -0.034690805 -0.02567871 -0.21933106 -0.06897118 0.0022065812 -0.101224974 0.22829042 -0.07870988 -0.1370805 0.0013638708 -0.0153594585 0.01143133 -0.044824768 0.06392502 0.014207835 0.051600058 0.18562733 0.10940538 -0.043505315 0.108936936 0.15352583 -0.39899835 -0.035764858 0.11321294 0.121239156 0.15077612 -0.084006935 -0.09123685 0.25657701 0.0071260277 -0.030203562 0.2256148 -0.15555426 -0.24711846 0.16544215 -0.27749488 -0.0010918208 -0.032352023 -0.20356886 0.26660708 0.07445913 -0.15615544 0.08647285 0.021457693 -0.20369361 0.033459347 -0.09074744 -0.35487404 -0.24188821 0.06213682 -0.1250043 0.0022951753 -0.25035095 -0.03871679 0.37039703 -0.065966085 -0.13931295 0.2677837 0.22810477 0.103610426 0.1922733 0.02133231 -0.01854344 0.063998945 -0.15059291 -0.15897359 -0.024244925 0.21417396 -0.06813957 0.14478262 0.16322437 -0.07559002 -0.03904596 -0.07539341 -0.19650446 -0.30722222 0.07048302 -0.06568828 0.09888543 -0.034818213 -0.34588367 0.099342786 0.034506362 -0.0025349201 -0.21339016 0.11886874 -0.2679096 0.149879 0.10654139 -0.006287798 0.12373366 0.0812036 0.03891768 0.13803418 -0.048193485 -0.08326216 -0.28246567 0.10824957 -0.093237445 -0.06239296 0.025868023 0.13917892 -0.11159108
CHN -0.16345954 -0.0355239 -0.06984636 0.22363505 0.2240009 -0.14980814 0.09770522 0.080173634 -0.08566802 0.35154322 0.30778235 0.07718919 -0.011840029 -0.21670617 -0.059127633 0.22640014 -0.31295225 -0.027470687 -0.08947692 0.12676957 -0.001224136 0.24258594 -0.231176 -0.29417026 -0.14084052 0.18755856 -0.14666225 0.26879308 0.110807575 0.053583927 0.1204664 -0.03121273 -0.067487575 0.0069914167 -0.023151822 -0.1285526 -0.096112095 -0.10781891 -0.034700107 0.005615249 -0.1863775 0.2286203 -0.09770704 0.06705694 0.197103 -0.062968284 0.13813163 0.13444647 -0.15686385 0.04327514 0.10943407 0.20197569 0.14394066 -0.05006658 0.21405734 -0.023736624 0.37225595 0.27625126 -0.1578763 0.03567105 -0.22666048 0.07643224 0.01089818 -0.10825752 0.1711546 0.065962 0.14804435 -0.17506774 -0.14656068 -0.059989423 0.017771456 -0.15332486 -0.15212438 -0.32521436 -0.0016191159 -0.17411096 0.13937771 0.2659575 -0.16974919 0.14113693 0.26279065 -0.2734014 -0.15899204 0.45164478 0.10686345 -0.037037775 0.13736975 -0.27741343 0.13918015 -0.021277016 -0.04647473 -0.10425375 -0.027067143 0.030813767 0.012913705 -0.19314551 -0.0048901304 0.017929032 -0.06604483 -0.29713115 -0.1423257 -0.41158757 -0.36102426 0.206602 0.16227184 -0.13152364 -0.3102694 0.18610075 -0.037988145 -0.18394509 0.3130299 -0.16798903 0.15401623 0.011185495 -0.33535817 -0.22187775 -0.01203284 -0.31466198 -0.18283756 0.14898872 -0.23222747 0.02131155 -0.06911499 -0.05181955 0.06715202 -0.028014729 0.23763323 -0.23242804
LBY 0.042989463 -0.0059015346 0.12100332 0.15067707 0.009146145 0.21393497 -0.2119241 -0.0028125949 -0.05672341 -0.00076588447 0.13732654 0.13682535 0.11106775 0.10756658 0.21538725 0.06261487 -0.020814205 0.11295252 -0.13367446 0.18737337 0.016164511 -0.077181004 -0.14240193 0.03269735 -0.15008938 0.22460736 -0.03481559 -0.023575036 0.017104238 0.09088938 -0.064511895 0.2616867 0.0062852185 -0.24710101 0.14696953 -0.051726524 0.18015094 -0.18571548 0.18184815 0.06321945 0.07742991 0.11874025 0.24148223 0.0011692723 0.08734975 0.06766212 -0.44297796 -0.10374157 0.14893621 0.023530217 0.15860961 -0.24258596 0.05131928 0.26428798 0.13144295 -0.035307582 0.40862885 -0.109156415 -0.2528637 0.26356828 -0.20204332 -0.0046550217 0.040035482 0.039518952 0.16744556 -0.015196187 -0.11714796 0.13206613 0.17604049 -0.13375135 0.11831097 0.067086235 -0.36603495 -0.2691018 0.12859327 -0.07713508 0.1448563 -0.08608263 0.08006437 0.31699586 0.08110239 -0.15259925 0.069044374 0.17549518 -0.06471279 0.05753146 -0.0011750038 0.022555163 -0.043769088 -0.071873516 -0.10232144 0.05375311 0.13591148 -0.07449319 0.1612094 -0.18622093 -0.18184298 -0.1585598 -0.017992012 -0.1713674 -0.42466298 0.01917084 -0.16631047 -0.07440217 -0.11141256 -0.02286455 0.022212954 0.28969887 0.20314343 -0.11369902 0.09869655 -0.46376565 0.089903265 0.06481705 -0.21220975 0.16932383 0.073229335 0.14535314 0.10325935 0.06917192 -0.01366077 -0.1767054 0.121258 -0.1257499 -0.043918267 0.10366907 -0.012593978 -0.15687595
IRN 0.115803294 -0.108786546 -0.12827064 0.12880778 0.087081805 0.1742194 -0.15370078 -0.03678762 -0.18863559 0.336084 0.28524435 0.09129729 0.18657736 -0.11941588 0.13672931 0.18725963 0.07289199 0.13942342 -0.11305853 0.14890651 -0.11084182 0.23862135 -0.13690637 -0.10826758 -0.15959807 0.1880193 -0.07000653 0.041469377 0.1162506 -0.00984455 -0.04707919 0.2306937 -0.15790315 0.011252882 0.03137959 0.0063629504 0.24557772 -0.059159458 0.16698313 0.01119781 -0.10520003 -0.015958592 0.06648076 -0.0006125825 0.23208681 -0.17668204 -0.16300431 0.10682469 -0.18942863 0.105228074 0.13736321 -0.15950862 0.0346017 -0.033059116 0.14405853 -0.08789414 0.2056814 0.12855075 0.012422327 0.0068101925 -0.35315573 -0.047251668 0.012459282 0.22020982 0.27073547 -0.15039887 -0.09585552 0.04786993 -0.063551456 -0.22786748 -0.038572975 -0.12434061 -0.16679488 -0.17297344 -0.14749528 -0.06629612 0.1114429 0.1648062 -0.0050231973 0.33180803 0.13306656 -0.107570015 -0.010633209 0.32108033 0.0038385794 -0.023213727 0.180289 -0.076193854 0.1920507 0.011166073 0.01044644 -0.20860943 -0.02267036 0.019522686 0.22069055 -0.044802528 0.036604505 0.1990545 0.04946868 -0.10897089 -0.03302304 -0.11367839 -0.373355 0.18953435 0.07965337 0.022497823 -0.03471716 0.25509176 -0.045537584 -0.028068721 0.057356175 -0.22824395 0.111869544 0.08789066 -0.33558965 0.043214012 0.11807548 0.066598296 0.07104415 -0.1083752 0.05371235 0.029826272 -0.06882328 -0.017272599 0.08481907 0.009943159 0.02331799 0.040535852
NOR -0.046163514 -0.1489863 0.042772908 0.18820801 0.048374463 -0.03306925 -0.03344003 -0.014665561 -0.07366419 -0.24025747 0.17296454 0.08708666 0.119684994 0.114350185 0.14488858 0.043611255 -0.13327906 0.018640803 -0.3882032 0.1669898 0.019148102 -0.117717214 -0.12232758 -0.13150895 -0.20913678 -0.006574403 -0.017111458 -0.16466688 -0.06717065 0.083789445 -0.020842355 0.16206352 -0.08506784 -0.039022468 -0.0638004 -0.016760712 -0.029044826 -0.14303216 0.04641913 0.03840778 0.008081183 0.19996622 0.19235696 0.075436324 0.09694941 0.14638893 -0.22407092 0.049532093 0.23944925 0.07752179 0.07739009 -0.12328205 -0.09860805 0.23404911 0.042512342 -0.030470256 0.21474296 -0.15936919 -0.27842638 0.14346334 -0.15190317 0.01697383 -0.20960507 -0.16299835 0.391153 0.10797343 -0.19282813 -0.010875387 0.05804453 -0.1725556 0.09466305 -0.2435125 -0.3096665 -0.22508533 0.22060418 -0.12524582 0.041784946 -0.23197994 -0.015256138 0.17557321 -0.109753095 -0.105848044 0.3265817 0.26617306 -0.080730826 0.2896564 0.04331234 -0.07179504 0.041174255 -0.23696475 -0.09821903 -0.045875717 0.12654087 0.018774426 0.15420069 0.21155436 -0.13742262 -0.09790671 -0.028525861 -0.19597235 -0.5003741 0.08838274 -0.08103542 0.08088931 -0.14304955 -0.12334934 -0.10390317 0.057780966 0.1461337 -0.18912816 0.23775986 -0.26253816 0.13328946 0.2662029 -0.06368999 0.11509602 0.10657682 -0.034163065 -0.028241087 -0.045733914 -0.067362964 -0.21259983 0.15920268 0.010816182 -0.1032975 0.16075477 0.19993398 -0.08138324
COL 0.0371786 -0.05325379 0.14697678 0.48270246 -0.0096964855 -0.13874403 0.14900666 0.00175456 -0.032740675 0.101488814 0.11976561 -0.036273472 0.120360196 -0.2659565 0.2638517 0.17279325 -0.026928388 0.36837363 -0.059483062 0.09532559 0.09101399 -0.010153869 -0.13715881 -0.11660067 -0.10126193 -0.24864563 -0.1572236 0.13782342 0.18094152 -0.07763255 -0.22621201 0.29172042 0.35392576 0.4552651 -0.1489451 -0.15570962 0.4387396 0.016089668 -0.09473457 0.18691468 -0.013087023 0.1610754 -0.022567859 -0.04077423 0.026859835 0.12303464 -0.15098967 -0.016772937 -0.17191973 0.30104697 -0.09886568 0.17679171 0.21419047 0.05308392 0.24719843 0.023972822 0.089774065 -0.27794743 -0.10088157 0.18270415 -0.050315335 0.11266945 0.042114675 -0.024856744 -0.0028360693 -0.21386962 0.11969 0.009819579 -0.23659343 0.038364194 -0.03908358 0.16223043 -0.44808814 0.13234055 -0.019848818 -0.00912522 -0.09207259 -0.1580643 -0.16386405 0.22986674 -0.232829 -0.2723521 0.1391026 0.24033737 0.33577216 0.32223624 0.10112664 -0.03666367 0.1243068 0.21901903 0.028365236 -0.37825283 0.21755326 -0.13219827 0.36413306 0.20661093 -0.26484573 -0.16282792 -0.21505888 0.113979265 -0.093142316 0.061489854 -0.057784382 -0.014448532 0.21369565 0.0038608874 0.19413905 -0.028052056 -0.14164744 -0.19244683 0.123729 -0.033578765 0.35333723 0.051881168 -0.03334542 0.13486749 -0.040789474 0.19005568 -0.06796227 -0.17580229 -0.28059554 -0.18725947 0.032817103 0.025940467 -0.07602442 0.01637238 0.17544946 0.02121964
AZE -0.042230487 0.036523506 -0.08204039 0.22476518 0.04075828 0.17418501 -0.18594956 0.02525166 -0.16951731 0.116293184 0.1534181 -0.091359414 0.2698318 -0.14199995 0.12146848 0.18555176 -0.021556593 -0.10657841 -0.19889396 0.027501725 0.018714998 0.029623354 -0.10701666 0.14365071 -0.11696098 0.06392265 0.19880034 -0.020698346 0.061194494 -0.00822281 -0.071783915 0.23723419 -0.08801112 -0.08657508 0.13116173 0.07851838 -0.032205284 -0.084789634 0.070475325 0.013348499 0.280008 0.14471723 0.10566965 -0.10239265 0.27613524 0.091954455 -0.32191983 -0.117665395 0.10903481 0.013387596 0.17602837 -0.070585184 -0.0007394709 0.102951296 0.026446104 -0.19391511 0.39257592 -0.045491688 -0.07352495 0.122204445 -0.1630659 -0.03822314 -0.040882614 -0.021400992 0.15906174 -0.19220982 -0.024132904 0.14433663 0.04827623 -0.25918952 -0.003542369 -0.12062852 -0.20394723 -0.100828424 -0.059205394 -0.014635629 0.25258654 -0.10945045 0.10112582 0.4043374 0.1291235 -0.243672 0.026627168 0.10810408 -0.002950019 0.010444841 -0.04902858 -0.017535178 0.113086775 -0.27902308 0.021310164 -0.037976317 0.26141456 -0.03137803 0.08281096 0.104804605 -0.24713542 -0.11266246 -0.24031503 -0.13117671 -0.17237177 -0.011098756 -0.12157212 0.062394407 0.20309068 -0.24446552 0.036105454 0.17684257 0.031920902 -0.036178168 0.09934259 -0.2890574 0.36309585 0.0963018 0.08103042 0.062350225 0.10859889 0.015474092 0.047387324 -0.044617917 0.07709894 -0.15946242 0.0562057 -0.11347246 -0.035870623 0.15643333 0.32635802 -0.19903918
BRA 0.030422138 -0.11696513 0.0776088 0.4657147 -0.02042984 -0.07842563 0.040131345 -0.08504542 -0.046029072 0.052860178 0.30930176 0.3255008 0.16836305 -0.32602283 0.10408651 0.33875486 -0.1456972 -0.05760144 -0.034211945 0.10315259 -0.016342655 0.18836668 -0.03718036 -0.35327855 -0.3061179 0.24556607 -0.08050512 0.101040326 0.050779555 -0.22758892 -0.30432203 0.0659145 0.40352643 0.36685294 -0.25370112 0.11682122 0.21239266 0.023118632 -0.05150815 0.0023054706 -0.08442996 0.025223453 0.17493366 -0.1676246 0.192146 0.0013424507 -0.07213475 -0.18617672 -0.20878683 -0.03620407 0.058826353 -0.029439596 0.038492493 -0.012171944 0.16239128 0.01043444 0.39418736 -0.29316214 -0.021490706 0.07300342 -0.014108381 -0.017045105 0.009037576 0.11503536 -0.21110792 -0.07923509 0.36414137 0.2536903 -0.14718474 0.15208025 0.11084479 0.112055734 -0.39681527 -0.011231242 0.049186077 0.16668828 -0.028794369 0.04913757 0.0060397605 0.08881529 -0.08339759 -0.14368448 0.22070785 0.1890975 0.12798294 0.14049353 -0.09772129 -0.010901458 0.13238086 0.31058756 -0.09386069 0.027231792 0.3078944 -0.20039964 0.16174766 -0.16649628 -0.22934872 -0.065495886 -0.16365898 0.007571339 -0.13661566 0.11545756 -0.27841854 -0.009116325 0.044996325 0.18231423 0.13633183 0.07787135 0.11794149 -0.15976776 0.11413343 0.24034132 0.11647654 0.13918713 -0.27264664 -0.16114639 -0.06647815 -0.07277527 0.16196057 -0.10398128 -0.31052193 -0.061355956 -0.03916777 0.07299439 0.12777196 -0.33597988 0.09954403 -0.14840364
EGY 0.11773399 -0.07516266 -0.040558375 0.028252684 0.21119918 0.22697033 -0.2688881 -0.09008396 -0.17232285 0.3171524 -0.05858441 -0.08079431 0.18338558 -0.14660354 -0.02326228 0.22974673 0.08398704 -0.0710301 -0.18677105 0.21632484 -0.07824301 0.20747086 0.036587026 0.20165725 -0.11382874 0.19749422 0.06617741 -0.15226163 -0.095285885 -0.024456533 -0.3492449 0.13213682 -0.09511743 -0.1708859 0.19192192 0.03901388 0.26397642 -0.14935067 0.26264802 0.06002987 0.117788844 -0.04517076 0.19259897 -0.09675885 0.2184933 0.08645075 -0.25079176 -0.13084084 -0.14533684 -0.027724339 0.26401538 -0.11104276 0.1459914 0.07966619 0.037804354 0.064118505 0.4380937 -0.062675655 -0.101603985 0.04652991 -0.36608297 -0.033101283 -0.030072587 0.107996 0.21520261 -0.09163643 0.0169928 0.1141212 -0.058578223 -0.35206795 0.2372056 -0.08354609 -0.44002265 -0.013528228 -0.2708305 -0.24283773 -0.109995954 -0.013371858 0.054708492 0.49221095 0.099048555 -0.07651755 0.025771016 0.20088318 -0.11536581 0.059225857 0.12944469 -0.0015144215 0.2696 0.048231866 -0.030748732 -0.12291743 0.13648476 -0.10287527 0.08846299 0.08033969 -0.25145227 -0.03956331 -0.19115758 -0.12022369 -0.0190492 0.16447115 -0.3527412 0.21237406 0.009251735 -0.11767393 0.19624376 0.0675673 -0.10281421 -0.09643198 0.06278986 -0.38389036 0.16875148 0.15562801 -0.032514054 0.118527964 0.15120065 0.22211139 -0.07419616 0.013192981 0.046035044 -0.27071503 0.017949421 0.0621398 0.08884896 0.114524305 0.14580306 -0.091082856
FRA 0.005587968 -0.012035882 0.22259037 -0.086601235 -0.010941287 -0.00744981 -0.012775641 0.022825152 -0.01043993 -0.06367852 0.08999872 -0.066291116 0.07562236 0.048440907 0.16881686 -0.07700072 -0.1505203 -0.0833164 -0.1701314 0.11682689 0.23314743 -0.19418389 -0.0801391 -0.14775455 -0.34366888 0.27192074 -0.043507557 0.025615813 0.10982631 0.05875043 -0.013931057 0.19429901 -0.14337905 -0.117950104 -0.089257255 -0.19319625 0.075024486 -0.11795689 0.014626971 -0.038466606 0.014883153 0.38084468 0.06678947 0.043385427 0.17418824 0.20893057 -0.11391249 -0.07119902 0.047671556 0.053725604 0.047881346 -0.044211354 0.020727541 0.27895635 0.082112014 0.09076319 0.18111093 -0.06692643 -0.30295268 0.2844014 -0.25793713 -0.009689916 0.06581078 -0.06791454 0.31284025 0.06969699 -0.033983063 -0.1815873 0.15272145 -0.27654767 -0.028586803 0.05052272 -0.44934762 -0.10038288 0.08993928 -0.15447384 0.023905179 -0.08971852 -0.07320515 0.2433646 0.14819655 -0.099956356 0.16151771 0.15459625 0.13954757 0.12066507 -0.06960767 -0.16085967 0.0040904805 -0.23335643 -0.13822182 0.04617274 0.10711886 0.1363175 0.077302694 -0.03381194 -0.26731315 -0.18051872 -0.12168697 -0.14193016 -0.4244327 0.13772629 -0.058725893 0.04611083 -0.106662884 -0.16611578 -0.10738779 -0.08699239 0.30784157 -0.19508854 0.181235 -0.42556006 -0.012586031 0.28224912 -0.25226384 0.33973387 -0.0058331382 -0.0779713 0.06791426 0.13671197 -0.12664536 -0.3163535 0.178941 0.010337671 -0.0820577 -0.075892426 0.07984135 -0.29165775
VEN -0.06270565 -0.10601512 0.15699412 0.41991735 0.01284829 -0.061648935 0.16697177 0.0664095 0.012266555 0.21207431 0.19906385 0.052314166 0.113017365 -0.20498542 0.20928359 0.11977856 -0.02028218 0.24943317 -0.16731815 0.008647321 0.22678804 0.30710912 -0.15907122 -0.121618986 -0.24824381 -0.00806084 -0.114919454 0.22541401 0.25637847 -0.1532481 -0.16511585 0.2524589 0.09946806 0.30965462 -0.053649683 -0.27585876 0.22454101 -0.112377994 -0.07736126 0.12889959 0.043409318 0.38474742 -0.18126747 -0.09690586 0.101327255 0.1710237 -0.07696441 0.137596 -0.20201164 0.11427317 -0.15051864 0.24959537 0.1833816 0.07774076 0.20691238 0.04570256 0.09503427 -0.16401334 0.0023518458 0.09847637 0.11210504 0.030499192 -0.10195257 0.17122693 0.06790192 -0.23896973 0.03845135 0.0221504 -0.090815544 0.0074563446 -0.07005979 0.05459669 -0.42733094 0.12733442 -0.012730616 0.09295034 -0.090955436 -0.13338475 -0.12726557 0.081289455 -0.15206021 -0.2895936 0.14099318 0.1723199 0.36044505 0.24110417 0.024958294 -0.07000858 0.08173542 0.10266097 0.080191255 -0.3639881 0.29850665 0.051659886 0.2529871 0.33483788 -0.4021787 -0.122871384 -0.25935072 0.17827879 -0.09037558 0.09086916 0.05689163 0.01994579 0.28054026 0.042838436 0.0647931 -0.13525702 -0.12017407 -0.14834991 0.10468373 -0.15460606 0.24791375 0.091246985 0.03303733 0.16288441 -0.010506732 0.08043425 -0.035429563 -0.15365756 -0.16084656 -0.12250316 0.09417703 0.10361618 -0.07883931 0.10014144 0.23892227 0.010283371
CAN -0.08091331 -0.053921796 -0.07183318 0.37610805 0.19735011 -0.09946411 -0.13727936 -0.046263102 -0.015862608 -0.106456384 0.050079264 0.070446946 0.10941558 -0.06643242 0.073203765 -0.007875696 -0.041991256 0.1455581 -0.23824072 0.09318077 -0.081555784 -0.049860694 -0.024761664 -0.11995674 -0.045308806 -0.32537428 0.0039434154 -0.19006678 -0.034151964 0.007922504 -0.16357447 0.11751529 0.27201015 0.31638467 -0.07207209 0.058143105 0.29134443 -0.0317877 -0.058728665 0.08390466 0.042704076 -0.098582126 0.19293536 0.01768187 0.04429016 0.19670233 -0.16205065 -0.0667093 0.0471152 0.21631105 0.12023197 0.07440941 0.05789604 0.07993674 0.023090556 0.08994831 0.18420644 -0.18138129 -0.18034095 0.0318871 -0.27985325 0.059960417 0.06563645 -0.2410949 0.22380559 0.15750678 0.06843939 0.08624152 -0.28097183 -0.093691096 0.24747433 -0.023655483 -0.48771143 -0.113573045 0.12420866 -0.14582339 -0.034832176 -0.23578972 -0.1848521 0.26866022 -0.28188464 -0.18750069 0.14872913 0.42400262 0.06318626 0.4548499 0.20638946 -0.047129314 0.20190468 0.03316649 -0.057238076 -0.10854479 0.23179038 -0.32212305 0.38506588 0.24749917 -0.106737845 -0.2614034 -0.12186715 -0.27332488 -0.3460781 0.041872784 -0.0043936474 0.07881051 0.003694079 -0.17123912 0.13744912 0.028406277 -0.12601025 -0.2615476 0.1764216 -0.008232456 0.26581708 0.17308335 -0.006724598 -0.062079918 -0.056360774 0.068539135 -0.0012345229 -0.18667565 -0.36296427 -0.28461426 0.15879764 -0.08307359 0.048381887 0.042912353 0.23535235 0.10118578
AUS -0.10507434 -0.13607502 -0.05720279 0.21043158 0.24086349 -0.20084536 0.15042269 0.14084744 -0.24146344 0.027821222 0.2948611 -0.073577836 -0.008946084 -0.22079434 0.4480738 0.08871642 -0.14531246 -0.42199352 0.007943794 0.018968241 0.20516852 0.024947235 -0.36185786 -0.15376192 -0.105107956 0.24079107 0.13697654 0.23847006 0.10324525 -0.0039048821 -0.015703244 -0.17062029 0.081899576 0.1944592 -0.16470134 0.07246425 -0.0867187 -0.019979661 -0.2052568 -0.09372474 0.22594814 0.36548114 0.1236736 0.1554163 0.30278555 0.14440088 -0.11415387 0.023994094 0.10391666 0.049327623 0.20781244 0.16571987 0.09400591 0.22293882 -0.020537997 -0.0547283 0.31322023 0.068428025 -0.014023836 0.19276227 -0.097639315 0.21496147 0.4926147 -0.2157972 0.33737496 -0.0482485 0.067296565 -0.27356213 0.09433691 -0.19766164 -0.009884079 -0.23076268 -0.31076846 -0.0936524 -0.011338765 -0.10264393 0.15955801 -0.028581517 -0.15444021 0.12275703 0.110233955 -0.28716332 -0.16068666 0.21203573 0.09098482 -0.029187394 0.07830483 -0.08849379 -0.08576988 -0.16467036 -0.09456995 -0.06648008 0.02283467 0.23000184 -0.12733991 -0.10040321 -0.21302755 -0.23321506 -0.2529833 -0.111464396 -0.29298934 0.05565312 -0.07064637 0.12536906 0.03953437 -0.21936375 -0.19449447 0.13655975 0.17392229 -0.141482 0.3287767 -0.2197831 0.21455882 -0.010643396 -0.13971181 -0.06789968 0.16072881 -0.32954234 0.029874122 -0.035826385 -0.21621053 -0.16607957 -0.075003356 -0.07081089 -0.22005041 -0.082653284 0.056978177 0.01236605
ECU 0.013450577 -0.085858375 0.07357673 0.5777869 0.08539647 -0.03946638 0.1665552 0.025500301 0.016058583 0.089948386 0.22344029 0.1298612 0.03462721 -0.25601134 0.22035359 0.13298067 -0.08061868 0.31988245 -0.10388746 0.047910694 0.057197705 0.2270794 -0.07755837 -0.31310827 -0.27078578 -0.19793148 -0.14854214 0.21510243 0.16969568 -0.0030422895 -0.12609829 0.27201867 0.2522931 0.4803171 -0.1400539 -0.12347446 0.34427515 0.12441468 -0.19105823 0.10710611 -0.030050093 0.18838632 -0.12673946 -0.05025404 0.16054608 0.096945256 -0.12560189 0.16051985 -0.25682664 0.296615 -0.11429064 0.15216066 0.14973287 0.052905522 0.20880625 -0.008856952 0.07833694 -0.22487539 0.015288578 0.03361214 -0.06552662 0.060308672 0.09885769 -0.044011287 -0.017457513 -0.102655314 0.08333994 0.09081115 -0.23766063 0.05959229 -0.009150915 0.07623967 -0.32927606 -0.024408696 -0.04496882 0.11038499 -0.121957146 -0.025423802 -0.20941469 0.103754096 -0.13438392 -0.23872045 0.0036251792 0.2707337 0.3998198 0.25901157 0.25494415 -0.0477599 0.15202215 0.23969461 0.072017156 -0.37326494 0.24884929 -0.07378831 0.24066198 0.22047868 -0.1760562 -0.09435498 -0.2434181 0.07590569 -0.08132485 -0.00476425 -0.059048798 0.05241406 0.25645292 -0.010351708 0.18428881 -0.08194753 -0.22682586 -0.12525335 0.12097684 -0.024863137 0.3376882 -0.067516625 -0.019326288 0.043728694 0.03610695 0.058282286 0.026089065 -0.18193643 -0.2853783 -0.17967916 0.0422471 0.06830721 -0.044699192 0.00091279997 0.082114704 0.08001289
SGP 0.17116413 -0.1425599 0.2493758 0.02764543 0.12373178 -0.08505382 -0.073597305 -0.20337684 0.17193046 0.13240041 0.42613605 0.03597677 -0.08993623 0.11400582 0.13004418 0.33502147 0.022267379 -0.26253626 -0.07228299 -0.15368666 0.1101845 0.20665601 0.03063046 -0.4943848 -0.15322305 0.060423613 -0.059774794 0.12966818 0.1633369 -0.27141917 0.0079133585 0.3185624 -0.10961491 0.11184631 -0.23563273 0.24027951 0.27167198 -0.016883511 -0.19592397 -0.07544486 0.09071733 0.21502994 -0.006824398 -0.2401781 0.19904333 -0.020858716 -0.4226681 -0.121581696 -0.28323758 0.043464158 0.09839773 -0.09169717 -0.17473172 -0.03178697 -0.30123085 -0.17530899 0.14108793 0.03017109 -0.11019001 0.13877004 -0.08840153 -0.054475617 0.3448888 -0.17177905 0.22450142 -0.16092162 -0.11118401 0.052610498 -0.050066277 -0.02602735 -0.15548429 -0.0015553355 -0.15537004 -0.09825399 -0.10353205 -0.18488029 0.02273282 -0.025406582 -0.17306013 0.15296541 -0.033441357 -0.27280936 -0.04258854 -0.025898403 0.28311294 -0.15088308 -0.118814126 -0.24880357 -0.066176146 0.07826574 -0.24761145 -0.007915186 0.3463444 -0.15222754 0.22412106 -0.06509556 0.086677305 -0.29039413 -0.14719565 -0.18275712 0.066007614 0.11821144 -0.1627395 -0.116901405 0.13235576 -0.3550257 -0.3540706 0.3727279 0.2593661 0.041034393 0.1103222 -0.41608572 0.2653435 0.0013081031 -0.33240354 0.0008995958 -0.033636533 -0.07485342 0.33258075 -0.14979199 0.020046685 -0.117797665 -0.22075737 -0.1580308 -0.048487652 -0.118732736 -0.12171542 0.28776097
IND 0.15629777 -0.120090306 -0.051407356 0.095871456 0.25472885 0.07150874 -0.17378429 -0.015949175 -0.17807178 0.293284 0.32622397 0.08722403 0.14946285 -0.23036191 0.020689832 0.23785606 0.06201399 -0.27983275 -0.08723627 0.061686546 0.015346703 0.16721626 -0.16109213 -0.16408871 -0.33199278 0.33783692 -0.0911281 0.017444054 -0.05102218 -0.13037518 -0.07985898 0.040584136 -0.03258378 0.07678918 -0.12765272 0.1154508 0.20707594 0.02962027 0.054591656 -0.11676209 -0.035733495 0.117989235 0.07061372 -0.09732018 0.347788 -0.21754321 -0.17571634 -0.008375104 -0.31006074 -0.013011307 0.18242191 -0.2073048 0.081149265 0.111220606 0.012950695 -0.13101017 0.3024323 -0.0040058033 -0.09222063 0.025844382 -0.32279727 -0.07038688 0.107915774 0.18669188 0.22610533 -0.15879127 0.021818146 0.06999439 -0.21650073 -0.3502214 0.02208803 -0.23466334 -0.10374658 -0.10160061 -0.29977432 -0.09336723 -0.021297015 0.058469195 -0.022404455 0.3206403 0.08950174 -0.11682339 0.03248283 0.242188 -0.09009017 -0.17492326 0.063737966 -0.11401639 0.29775828 0.078036405 -0.17972514 0.07185982 -0.033879258 -0.04646592 0.03326615 -0.17472339 0.10066179 0.1260763 -0.041419398 -0.21756096 0.08583445 -0.1180834 -0.3923765 0.07752081 -0.022224382 -0.14448074 -0.056273643 0.15480311 0.1010044 -0.012542227 0.11613723 -0.07180969 0.11480327 0.03544209 -0.36745605 -0.005213933 0.027657356 -0.02765067 0.1517741 -0.084319025 -0.01610765 -0.211641 -0.082697555 -0.03762024 0.013064163 -0.23680662 0.121741295 -0.02009037
MYS -0.15586276 -0.081496164 -0.09627334 0.13762657 0.16412582 -0.080976054 0.05743157 0.069412 -0.30738193 0.13736041 0.36870924 0.0087760035 0.018316725 -0.26912305 0.1476851 0.1648356 -0.19531271 -0.3126493 0.09284961 0.032306302 0.053088065 0.0842006 -0.19063208 -0.16626243 -0.2760977 0.31736484 0.0014879003 0.290029 0.015017359 0.007821872 -0.027972663 -0.09541946 0.14767918 0.18602577 -0.09472967 0.018429235 0.07537236 0.039069574 -0.2945555 -0.07583326 0.18128219 0.32897988 0.22876585 0.053703148 0.29548922 0.09613009 -0.035021722 -0.03916583 -0.026257383 0.028251179 0.18831097 0.094716564 0.13946064 0.083995044 0.066855535 -0.056597076 0.24460343 0.018722145 -0.027799634 0.13740285 -0.13381572 0.032998774 0.297814 -0.16725163 0.14360014 -0.016236756 0.14455095 -0.16826722 0.016704567 -0.25002986 0.06592517 -0.18783511 -0.27561924 -0.17683022 -0.0013276231 -0.06469969 0.060262702 0.08517855 -0.12637697 0.047774725 0.2321661 -0.21206051 -0.17367171 0.19295375 0.11614969 -0.079674155 0.033749536 -0.1065069 0.036753476 -0.09868957 0.0036822835 0.0036050612 0.10281577 0.20500314 -0.08450046 -0.15086184 -0.20754844 -0.23002492 -0.1528967 -0.09739085 -0.24971896 -0.07549871 -0.15554509 0.08086357 0.12076536 -0.14629717 -0.06541592 0.08569424 0.11944647 -0.045900535 0.23349543 -0.0829871 0.23512375 -0.063293636 -0.09812884 -0.051108625 0.13403158 -0.23993063 0.058726713 0.03428939 -0.17803715 -0.16153866 -0.16826993 -0.03560987 -0.15386403 -0.22164665 -0.021587906 -0.297768
QAT 0.16656911 0.0029631832 0.18521366 0.018611599 0.14932434 0.08376164 -0.17427647 -0.06555694 0.07323352 0.047357667 0.1570905 -0.062065843 -0.017876683 0.020443555 0.11395354 0.1395974 0.11892348 -0.09833396 -0.078333 -0.091646634 0.08822898 0.09049759 -0.04879618 -0.088559955 -0.08200159 0.00986791 -0.031151785 -0.0136399185 0.04163951 -0.054940477 0.07153181 0.32282034 -0.08494166 -0.10440422 0.00037979952 0.09998615 0.23332974 -0.034378976 0.038913466 -0.018937362 0.19391419 0.1573386 0.0393441 -0.19841157 0.17821153 -0.029537892 -0.51987016 -0.10182193 -0.11925837 0.07316791 0.18662198 -0.20477653 -0.040666178 0.16257386 -0.17771082 -0.17576125 0.23717532 -0.008264451 -0.10476797 0.22626656 -0.1775656 -0.052887917 0.24043378 -0.09453502 0.27443278 -0.17141926 -0.24644847 0.07644897 -0.029865073 -0.19210081 -0.08863854 -0.056009732 -0.06707567 -0.124575265 -0.20557648 -0.15613492 0.08420006 -0.11249849 -0.07473993 0.34481418 0.09546085 -0.27995494 -0.0952516 0.052135836 0.16208299 -0.080835745 0.023646403 -0.043813024 0.05460734 -0.04054733 -0.2010857 0.02996485 0.24368961 -0.09784018 0.14372738 -0.07853884 0.0306442 -0.07079679 -0.11985774 -0.28339636 0.021762222 0.024621198 -0.116096064 -0.049467452 0.12696119 -0.47117895 -0.11339898 0.32219145 0.13567756 -0.0403069 0.11554702 -0.4374358 0.3211306 -0.015401403 -0.2435481 0.047335163 0.08276731 0.059612617 0.21568477 -0.11815554 0.041287694 -0.24154483 -0.009534843 -0.19407547 -0.14538069 0.0068444638 0.034430422 0.15700607
AGO -0.09870837 -0.22747746 -0.1777156 0.38490534 0.23667534 -0.041272417 0.04177317 0.005294017 0.017565193 0.09208174 0.119608246 0.12869921 -0.06632574 -0.17055027 0.029480755 0.08223506 -0.09302605 0.04478249 -0.13692172 0.1036157 0.019163735 0.27151957 -0.08676163 -0.23915514 -0.03971058 -0.14421663 0.039167386 0.08038661 0.113356434 0.11065692 -0.10216383 0.07233907 0.21826372 0.4281506 -0.069396265 -0.06430302 0.19237469 -0.11409271 -0.15117425 -0.012162655 -0.01945841 -0.061702706 -0.005401389 -0.00973262 0.15609959 0.10087785 0.059359413 0.071902916 -0.16236673 0.13689461 0.025773676 0.18593973 0.10790696 -0.07386159 0.040309988 0.075379364 0.2266218 0.0042060413 -0.015243307 -0.13665402 -0.2450071 0.008816349 0.11110679 -0.13675135 0.14539005 0.1520426 0.21218495 0.04439342 -0.3201987 0.02599408 0.115751475 -0.027924147 -0.3585228 -0.0944688 -0.017382883 -0.054401398 -0.033010416 0.040909044 -0.22017185 0.11824711 -0.06807005 -0.27841452 -0.050000884 0.46778563 0.230296 0.25828877 0.25373155 -0.09966502 0.20044434 0.14462958 0.056670327 -0.22391368 0.24778861 -0.22546512 0.25682193 0.16389889 -0.14846984 -0.16440028 -0.15252496 -0.19144683 -0.17634624 -0.018015975 -0.15201584 0.13630866 0.20050222 -0.12766688 -0.052763723 0.079711065 -0.15149426 -0.20990449 0.20560032 -0.03321593 0.18584041 0.15088077 -0.12209826 -0.13912323 0.004225932 -0.119949296 0.0066959285 -0.140592 -0.31409135 -0.112880565 0.123898156 0.029408377 0.13399243 -0.012849919 0.20230588 0.1178977
KOR -0.09009551 0.2527247 0.10941694 -0.029024966 0.09307487 -0.11009665 -0.17144865 0.15677993 -0.25160256 0.21400847 0.41591668 -0.099373154 -0.038330868 -0.1270799 -0.29369244 0.12799476 -0.09759671 -0.105832756 -0.13020073 0.03142996 -0.17283078 -0.2280822 0.07228453 -0.07506107 -0.084454656 -0.12591858 -0.2801278 -0.06869957 -0.103129454 -0.12530956 0.070179276 0.12415414 -0.0715161 0.16998495 -0.099070296 0.076053895 0.2571932 0.077510774 -0.032483123 0.090711966 -0.048805885 0.20013136 0.31955177 -0.1585682 0.10322909 -0.003962571 -0.06329272 -0.165771 -0.10018178 0.038694628 0.25051138 -0.09132145 -0.10559196 -0.13278891 0.32711375 -0.119409 0.23399334 -0.05275346 -0.10611559 0.032238442 -0.081433184 -0.04160785 -0.09221933 -0.15837799 0.14116223 -0.2609335 -0.067235194 0.13507965 -0.06596224 -0.32816157 -0.021026528 -0.11859491 -0.3065558 -0.1990153 -0.12877299 -0.34574053 0.22577667 -0.12050691 -0.11143584 0.46317595 0.046275187 -0.17171048 0.16921717 0.11896665 0.07542276 0.21178155 -0.011381389 -0.11089184 0.13537352 -0.049836773 -0.10356866 -0.053160887 0.09148871 -0.06707415 0.26461878 -0.07555452 0.0576699 -0.19002493 -0.10359451 -0.25407508 -0.037411448 -0.31127378 -0.3526309 0.035851922 0.1673921 -0.1469899 0.04986562 0.21625349 -0.11930224 -0.15188614 0.11765978 0.009790581 0.34025404 0.02550667 0.14585291 -0.15206978 -0.0077905585 0.009253408 0.1131516 -0.023995752 -0.12763596 -0.19460315 -0.29360807 -0.1461104 -0.0614803 -0.09095541 0.1665427 -0.45565814
COG -0.07153233 -0.19470213 0.1827491 -0.105749756 0.07961076 0.08348264 -0.031357687 -0.052430615 -0.08796981 0.38075638 0.09711501 -0.10381492 0.062100783 -0.15724884 -0.043937724 0.21238464 0.19894661 0.084855184 -0.011262391 0.16577224 0.111245245 0.10535687 -0.2170558 0.099037275 -0.037661094 0.20592606 -0.13978712 0.1476041 0.05824554 -0.0035945026 -0.2086442 0.15128 0.09230114 0.12803239 0.14440595 -0.23046698 0.47160214 -0.3621346 0.04619907 0.13199659 -0.06072188 0.08956807 0.1394167 0.06864476 0.014718472 0.060415585 0.088362746 -0.19308962 -0.20446382 -0.035112027 0.060089163 -0.0015096733 0.29004925 0.0025558856 0.18909782 0.13593362 0.16866107 -0.021683244 -0.13356225 0.18219717 -0.09792676 -0.02230617 -0.092016146 0.23506758 0.14584361 -0.1259693 0.03218442 -0.12975368 -0.103900515 -0.12460328 0.11095995 0.063812315 -0.57944775 0.17117594 -0.0060571865 -0.25283188 0.03281731 -0.028514791 -0.09848952 0.094774775 -0.16818942 -0.20267068 0.0017686244 0.18754673 0.023036024 0.16426525 0.0129451165 -0.1174145 0.17381825 0.1347652 -0.09064965 -0.1768617 0.18002348 -0.03469787 0.34092176 0.07808893 -0.40309164 -0.30159014 -0.06816697 -0.07781066 -0.10465169 0.10245367 -0.19466256 -0.09262138 0.06615195 0.05743884 -0.036508244 0.063889235 0.12095051 -0.139764 0.14876011 -0.49567473 0.047213603 0.20367144 -0.25951844 0.13616866 0.015521776 0.15479021 -0.20102896 -0.012023143 -0.10304405 -0.22615266 0.054123905 -0.0021909673 0.013013167 0.114500016 0.041251335 -0.08914494
DEU -0.028873473 -0.21168032 -0.061814893 0.115595184 0.06266727 0.09552622 -0.06698881 -0.12392753 -0.12232838 -0.120344624 0.17435278 0.20870209 0.09816728 0.020091785 0.018741593 0.005544787 -0.13502313 0.06738626 -0.4385311 0.25922936 0.03583702 -0.056203492 0.02076216 -0.055204786 -0.41221142 0.16459444 -0.021562168 -0.11650356 -0.050090328 -0.044989135 -0.08847209 0.26714978 -0.116332054 0.06580714 -0.081995085 -0.09486197 0.029517129 -0.22817688 0.08147368 -0.029132396 -0.06782656 0.18602225 0.02291186 -0.115759484 0.059521496 0.04039386 -0.20907837 0.17024454 0.037776303 0.061912302 -0.04476075 0.03455081 -0.17153788 0.21494313 -0.097486556 -0.023642309 0.122057766 -0.10834443 -0.25678226 -0.055205625 -0.1716349 -0.16904746 -0.22493817 -0.058228713 0.5270263 0.20803489 -0.07443753 0.054146085 -0.10401805 -0.23642182 -0.043520123 -0.30361933 -0.31630126 -0.09606065 0.12726545 -0.12055101 -0.13184795 -0.25659907 0.077283494 0.16992612 -0.0062553715 -0.087711915 0.44152343 0.40194705 0.046430863 0.26072684 0.009240812 -0.08839056 0.025820833 -0.12639216 0.11944659 -0.041263517 0.18138534 -0.13792461 0.2480111 0.29290837 -0.1069892 -0.039404046 0.070289314 -0.07712291 -0.34134677 0.13236102 -0.09682619 0.19195232 0.02917528 -0.23751052 -0.23305829 -0.028242694 0.087791435 -0.17176293 0.16735439 -0.14812358 0.069596365 0.3752916 0.035947945 0.24310756 0.196505 0.073426336 0.10517627 -0.16135578 -0.04165504 -0.19194645 0.19051774 0.07754521 -0.09916669 0.013445874 0.1790457 -0.14101924
NLD -0.10240738 0.11501346 0.15020561 0.2236703 -0.092735596 -0.01564752 -0.026928755 0.057197306 -0.082430586 -0.0040458194 0.22675344 -0.08061093 0.2487811 -0.027891425 -0.07792227 0.11671116 -0.09696405 0.120854355 -0.29978848 -0.018630465 0.06952444 -0.048552293 -0.03250449 -5.8336773e-05 -0.18632884 -0.016194114 -0.0947447 -0.02725974 0.040786356 -0.102550715 0.022053374 0.3176454 -0.07385972 -0.030247808 0.01807953 -0.15991764 -0.044928428 -0.13253646 0.03745428 0.07668428 0.091674 0.3512805 0.0002990362 -0.1248371 0.12863025 0.0811703 -0.2840705 -0.05410992 0.118354954 0.004206038 -0.016413687 -0.078914985 -0.056709122 0.1951625 0.18450037 -0.25733715 0.22039117 -0.17728455 -0.23083398 0.24466802 0.015345128 -0.09378587 -0.3854297 0.0068510543 0.20449923 -0.22176473 -0.18789004 0.09227779 0.08196528 -0.15491614 -0.16698758 -0.12679532 -0.15505947 -0.191416 0.07835563 0.057348344 0.18686832 -0.28175846 0.004382964 0.3194007 -0.029393436 -0.19087152 0.31734776 0.06752849 0.119308665 0.127965 -0.22375469 -0.101546615 0.022978907 -0.34391743 -0.10034222 -0.045361232 0.27479395 0.09109311 0.22697327 0.1417359 -0.17791492 0.089263245 -0.12509355 -0.15760903 -0.25724757 -0.14400832 -0.116921626 -0.060663767 0.13243313 -0.19067468 0.020964334 0.15997948 0.12895933 -0.15234593 0.16593136 -0.26672417 0.29290196 0.15634722 -0.018552866 0.14594728 0.064042725 0.059237678 0.004830119 -0.047638126 -0.0038348122 -0.17536785 0.09708104 -0.09356112 -0.11223862 0.1076954 0.39756486 -0.34590387
DNK 0.02937276 -0.23589653 0.12922218 0.20739341 0.1111699 -0.08273055 0.19658217 -0.15352154 -0.05917735 -0.2338905 0.21803889 0.09750806 0.06692134 0.02558085 0.12164921 0.34274438 -0.061043087 -0.096903734 -0.38211834 0.08964228 -0.14194344 0.08166605 -0.062728636 -0.24552473 -0.21322693 -0.06392878 0.0071890363 -0.0979561 -0.3346129 0.12882192 -0.038794342 0.027151097 -0.10675496 -0.036671054 -0.18169647 0.13952768 -0.013870955 -0.040412672 0.033574298 -0.02637202 0.010721786 0.19260626 0.19861946 -0.0052729743 0.12766637 0.07421668 -0.3358729 0.08135327 0.17570078 0.03722825 0.18811683 -0.34076115 -0.10954031 0.26153016 -0.06988425 -0.15256043 0.23005964 -0.27900743 -0.29214054 0.21708171 -0.13719168 0.084383205 -0.3778248 -0.28211 0.41207638 0.024378914 -0.32457003 0.018685808 -0.07016878 -0.13557124 0.13467324 -0.45234194 -0.13695553 -0.24016614 0.045542262 -0.24350551 -0.17189783 -0.18183577 -0.049320947 0.13542949 -0.13021666 0.008337733 0.29782945 0.17409997 -0.14470431 0.17653525 0.083033845 -0.13823888 0.18249848 -0.09955352 -0.212072 -0.12395754 0.24822958 0.058924507 -0.016899604 0.27556586 -0.122409634 -0.016648838 -0.10805272 -0.23718132 -0.29995692 0.14132932 -0.21527745 0.19972529 -0.18729544 -0.24935594 -0.08345397 0.08571975 0.14066409 -0.13837121 0.37076628 -0.3494428 0.24291752 0.24294412 -0.11546805 0.031750698 0.25103897 -0.09791578 -0.097808 -0.09046837 -0.035766102 -0.29693773 0.0011190566 0.11444099 -0.2322744 0.14408734 0.19519572 0.08591727
GAB 0.08896402 -0.030314358 0.17917733 0.014404517 0.09148466 0.07898071 0.04656122 0.10087604 -0.011330262 0.20299695 0.042020913 -0.17408097 0.057023544 -0.237912 0.18112971 0.04256106 0.048088986 -0.043909155 -0.061626524 0.07686477 0.19837028 0.025435701 -0.07961605 -0.015695961 -0.28000423 0.19824244 -0.119005196 -0.041908696 0.04565353 -0.02745712 -0.18041943 0.06128431 -0.041564018 -0.07711389 -0.0027230182 -0.19643168 0.20313187 -0.17124882 0.09851831 0.03314583 0.054067377 0.2573857 0.032901708 -0.012601564 0.13051638 0.15987627 -0.048029643 -0.11631397 -0.15436757 0.03736022 0.14901464 -0.004719765 0.16432795 0.1415918 0.13946868 0.12962264 0.21737142 -0.16385384 -0.09269224 0.27089927 -0.21817525 0.05863136 0.074780494 0.17633161 0.09721192 -0.13476413 0.04490425 -0.08240339 0.1170304 -0.20565239 0.053889617 0.1855013 -0.54642814 0.12619388 -0.14639074 -0.22347045 -0.099254854 -0.0659501 -0.09528084 0.29794797 0.06292993 -0.120759435 0.07823698 0.07623742 0.14028716 0.12163258 0.086081006 -0.014036591 0.15642236 0.103380464 -0.13229164 -0.14295219 0.12962317 0.18929921 0.0142160505 0.022161866 -0.3826347 -0.12490484 -0.3228964 -0.0037028657 -0.012069078 0.17733417 -0.14561047 0.03018024 0.013413975 -0.07289765 0.15144594 -0.107167885 0.122554444 -0.17418826 0.15062235 -0.41062757 0.05090781 0.20688061 -0.1739379 0.23127864 0.08569904 0.039007697 -0.04780504 0.104802325 -0.16989054 -0.3998129 0.10020009 0.05519258 0.03831685 0.032536153 0.08839685 -0.08741869
BEL -0.1830701 -0.030251041 0.15102716 0.1818783 -0.08482772 -0.044999626 0.04231947 -0.00014815471 -0.011389172 0.15681322 0.061214462 -0.15656956 0.23119837 -0.10433908 -0.10073266 0.07116812 -0.07636541 0.23254232 -0.34574085 0.07823512 0.27077374 0.128527 -0.116037995 0.0067883446 -0.2001468 0.070682354 -0.11290814 0.10642894 0.23477161 -0.10156533 -0.034987688 0.34499338 -0.091646835 0.08684233 0.0381327 -0.37709042 0.040726706 -0.32475927 0.0027083238 0.1692836 -0.040112056 0.4243655 -0.16857736 -0.048358064 0.105249934 0.15444836 0.04903826 0.030386321 -0.084232 0.0065014316 -0.19387648 0.18901409 0.12848368 0.114174664 0.2014476 -0.08086429 0.111486435 -0.10592788 -0.24099892 0.12301638 0.02661146 -0.108758114 -0.43739367 0.105846345 0.25012425 -0.13997738 -0.02104721 -0.12170423 -0.02921052 -0.12806891 -0.1310647 -0.069398 -0.3761445 0.037160773 0.09970301 0.078732006 0.08338665 -0.215999 -0.10237957 0.17035665 -0.13157925 -0.24053612 0.2918429 0.21087424 0.20131706 0.2772474 -0.17328504 -0.2103242 0.09487599 -0.3088387 -0.0042376025 -0.21971008 0.28404215 0.059595916 0.39489922 0.34669742 -0.36156195 -0.007709783 -0.15059835 -0.06378681 -0.22931102 -0.045340642 0.0044331024 -0.01898413 0.25758865 -0.08196103 -0.08579335 -0.053924333 0.07731019 -0.20882747 0.16507801 -0.37151423 0.17740853 0.31069887 0.006286519 0.27442193 -0.07411508 0.057906814 -0.22111864 -0.041991264 -0.056397244 -0.14033827 0.21856384 0.011663306 -0.011490355 0.15933001 0.41462684 -0.29859027
NZL -0.02193257 -0.1227873 -0.0047878167 0.075997114 0.21863633 -0.065380685 0.13726036 0.013836749 -0.04883169 -0.0080651175 0.30032232 -0.060059603 -0.24866189 -0.15192261 0.13940848 0.1854067 -0.11392765 -0.0957261 0.07052986 -0.09319513 0.045515176 0.0743641 -0.1679409 -0.17425327 -0.098645106 0.022429308 -0.06304696 0.1619277 0.07464178 0.19515763 0.18859278 0.15059383 0.060429156 -0.0052417913 -0.07493271 0.10519678 0.13187371 -0.00803625 -0.10774561 -0.060129017 0.17427868 0.27098578 0.061631296 -0.14146492 0.18991472 0.0033063188 -0.37365565 -0.01909217 -0.003344201 0.115921944 0.3276241 0.021355228 -0.0021890565 0.12353647 -0.11594198 -0.20505564 0.20259182 0.17802455 -0.06519521 0.12971164 -0.16128938 0.046699133 0.31269595 -0.36516592 0.3661897 -0.06357306 -0.18653588 -0.10700587 -0.16076005 -0.22410268 -0.05908851 -0.22604933 -0.093474746 -0.20277126 -0.14530829 -0.20213954 -0.056049258 0.095085785 -0.16297512 0.13105582 0.40534526 -0.3483952 -0.21799885 0.27710137 0.3523685 0.012603192 0.17174262 -0.21780454 0.061057195 0.008521491 -0.09483347 0.030717673 0.19780563 0.039369 -0.049219072 -0.12209497 -0.0044261874 -0.06938449 -0.15903637 -0.37275714 -0.054541934 -0.10257037 -0.16987865 0.078086175 0.22011295 -0.5013829 -0.222783 0.23542427 0.13592052 -0.11278647 0.28819177 -0.28333318 0.30876133 -0.088771865 -0.26558894 -0.16454634 0.13138352 -0.06460613 -0.11932813 -0.058796544 -0.08763794 -0.18847288 -0.09772783 -0.09342339 -0.26549688 -0.017865565 0.029638156 0.05347845
KEN 0.12255116 -0.07341243 0.19973265 0.18268408 0.20964786 -0.14475326 0.13791682 0.07456325 -0.015779166 0.016650658 0.36278298 0.09666438 -0.13594322 -0.08570721 -0.09009768 0.19597277 0.03501692 -0.32138273 -0.21192913 -0.07875279 -0.10830843 0.23227061 0.05573433 -0.50811577 -0.19196887 -0.0022431475 -0.23597284 0.0024610746 -0.24633689 -0.05148783 0.08897766 -0.036026694 -0.18745461 0.21197097 -0.2632006 0.16097704 0.09788241 0.1325493 -0.02680966 -0.0256393 -0.05922056 0.25245193 0.14314604 -0.13075978 0.27125123 -0.016271427 -0.24963722 0.122717954 -0.23153284 -0.013333845 0.17777981 -0.38307416 -0.15257937 0.08234498 0.07837203 -0.14313085 0.257101 -0.32065383 -0.065423995 0.1238571 -0.076666616 -0.024266837 -0.049130756 -0.07539657 0.27455166 -0.079159364 -0.16635191 0.12292822 -0.011523694 -0.12590095 -0.055752244 -0.3063415 -0.049668577 -0.2655995 -0.2597307 -0.21875349 -0.070691854 -0.09181088 -0.21494327 0.21141934 -0.07926475 -0.025761418 0.077039756 -0.024539068 0.019609906 -0.012908373 0.16662067 -0.0347094 0.14910679 0.06069026 -0.24028024 -0.13639215 0.16848053 0.13901158 -0.0127425585 -0.062769935 0.015404451 -0.03138023 -0.17832562 -0.26903933 0.027108952 -0.06035632 -0.37474424 0.13007753 -0.020070788 -0.28236327 -0.050239783 0.105933204 0.09273469 -0.06687963 0.33908898 -0.21504474 0.28679657 0.09929205 -0.14913884 -0.053401332 0.21910846 -0.24207656 0.2360787 -0.057225104 -0.1383481 -0.3487675 -0.13245158 0.07069149 -0.12119049 -0.12563965 0.082286015 -3.2784388e-05
ESP 0.05768131 -0.22765312 0.12644975 0.21848433 0.018788055 0.17286175 -0.17591672 -0.18188661 -0.059231486 0.24203674 0.20177497 0.26225668 0.16615526 0.11123239 0.080015376 0.33908582 -0.08845735 0.22632354 -0.20282179 0.27488717 -0.05690218 0.25232303 -0.16678488 -0.13144611 -0.14517158 0.40023965 -0.11548817 0.18429843 0.04060519 0.11385971 -0.10760069 0.3530652 -0.10813783 -0.3096044 0.21399662 -0.13287817 0.2403623 -0.26054105 0.26968905 0.05488089 -0.13778539 0.06449257 0.11690022 0.04219746 0.12320641 -0.1504308 -0.27900404 0.043806322 -0.027749652 -0.058910176 0.038018055 -0.28135845 0.09778277 0.1400234 0.15739621 -0.078499846 0.38986084 0.0780753 -0.34099254 0.2028033 -0.25090066 -0.056626063 -0.13579994 0.14598934 0.10463023 0.04751886 -0.0664259 0.09560506 -0.0020856992 -0.04702187 0.08129732 -0.06563433 -0.26844135 -0.34448534 0.09621895 -0.08082422 0.040739723 0.20544997 0.067481846 0.18505073 0.11149034 -0.11078736 0.011484087 0.30036974 -0.104662 -0.07224978 0.038997225 -0.18352737 0.008793637 -0.002522385 -0.0636204 0.015150634 0.046431784 -0.12534131 0.1757352 -0.24824052 -0.0380372 0.021016492 0.12816629 -0.12823467 -0.31313944 -0.10738979 -0.40729913 0.044088215 -0.07950063 0.075703606 -0.1451214 0.35237423 0.18645978 -0.042682145 0.10668748 -0.5319682 -0.03902326 0.057366293 -0.44442347 0.09564306 0.031083839 0.11293746 -0.05525684 0.08368336 0.030811606 0.049495876 -0.0028930348 -0.07353317 0.13357115 0.107340306 -0.0033415952 -0.13742019
NAM -0.012898172 -0.1286628 -0.1299642 0.16702229 0.18340124 0.020042636 -0.09290893 0.04041348 -0.11376953 -0.10689322 0.2929217 0.30603486 -0.15145798 0.051008575 0.0637852 -0.17217262 -0.12740776 -0.052158598 -0.35275182 0.22212195 -0.09621696 -0.07228493 0.059217885 -0.16824728 -0.2771317 0.12234295 -0.06933964 -0.094538964 -0.012514167 -0.07573268 0.03451845 0.10318853 -0.19235536 0.24310228 -0.13752237 0.03815109 0.072554044 -0.09481302 0.09546987 0.03425354 -0.17196964 0.04837927 0.0860512 -0.06310602 0.084025465 0.014513497 -0.15480115 0.26226747 -0.07713742 0.08801135 -0.003121424 0.06698379 -0.3432514 0.090233 -0.04489605 0.09539772 0.19337687 -0.034895804 -0.07018029 -0.18719018 -0.12591852 -0.1147884 0.19575189 -0.09353699 0.5363867 0.29077685 -0.07872346 0.079453304 -0.014008186 -0.14663693 -0.059130095 -0.2623033 -0.4010082 -0.18852994 0.05722029 -0.22733237 0.002056256 -0.21759869 0.0043815854 0.17893058 -0.024033656 -0.1077185 0.2994427 0.4009973 0.08685531 0.2668059 0.2304097 0.08975299 -0.10366984 0.01774433 0.20310141 -0.16778283 0.070733964 -0.11238843 0.30367208 0.08998751 -0.0252383 -0.11670793 0.070707545 -0.01541988 -0.37486225 0.1239295 -0.21658473 0.2733423 0.08066091 -0.26254687 -0.28489742 0.05163013 -0.090279795 -0.19276454 0.12615839 -0.118507884 0.13293938 0.22939692 0.13829704 0.07393367 0.31119117 -0.07259408 0.27334723 -0.22914584 -0.121818036 -0.121142045 0.07422613 0.056027867 -0.0144446 0.017547788 -0.040930405 -0.04185901
FJI -0.11303031 -0.2919145 -0.0045703496 0.13461332 0.21923165 -0.21320479 0.20131014 -0.094114944 -0.08983001 -0.10023234 0.2016775 -0.08686831 -0.15109257 -0.08814879 0.38818353 0.20018971 -0.08732553 -0.20077601 0.024967788 -0.088672325 0.21025632 0.13459514 -0.3052197 -0.28409973 -0.044429086 -0.025377112 0.10534262 0.21322565 0.1472927 0.048058525 -0.0044226423 0.0068845754 0.24782771 0.22414757 -0.22010532 0.110815465 0.18961652 -0.08052822 -0.28718978 -0.10869386 0.29177487 0.2862257 0.11756898 0.036514454 0.18658094 0.18947275 -0.24681427 -0.07970719 0.032177135 0.09740396 0.24905664 0.2014624 0.13127336 0.18291466 -0.20772374 -0.04459861 0.17765391 0.10254516 -0.062011886 0.1879362 -0.10119581 0.15137202 0.44452956 -0.38758743 0.3616652 0.010178932 -0.019712446 -0.24446248 -0.18897383 -0.116395466 0.04724975 -0.19673058 -0.333179 -0.0068610106 0.04751876 -0.11922598 -0.066463225 -0.019679368 -0.22361201 -0.038479105 0.10854159 -0.35691383 -0.18317235 0.2375205 0.29691437 0.07537115 0.054099206 -0.24782988 -0.022540975 -0.03746963 -0.15493937 -0.0043678433 0.21856011 -0.022381185 0.040912308 0.006437218 -0.16124973 -0.2840325 -0.20027207 -0.26004255 -0.2736523 0.21313216 0.013713947 -0.007455014 0.06611409 -0.30351388 -0.29618955 0.169501 0.18563588 -0.13647881 0.34554678 -0.25066462 0.1913531 0.0260129 -0.24549958 -0.091327295 0.04675011 -0.14990018 -0.07114868 -0.13326961 -0.19771616 -0.14027712 -0.053490926 -0.095718086 -0.25130942 -0.035230063 0.029447261 0.24698506
LBN 0.031473592 -0.3215016 -0.11867011 -0.061228048 0.0945175 0.2177204 0.02422499 -0.1912282 -0.13221587 0.048106957 0.26050502 0.14294806 -0.028267173 -0.1338144 -0.024214027 0.27847406 -0.006453872 -0.070460826 -0.23668908 0.15866876 -0.17521736 0.19078544 0.099276245 -0.14784375 -0.36000603 0.022726124 0.05092575 -0.033004623 -0.1469319 0.09653188 -0.1785313 0.19486958 -0.03557633 0.105277866 -0.08174086 0.013015499 0.27480137 -0.09345655 -0.06896549 -0.06875421 0.08366211 0.07489332 0.1714355 -0.15803123 0.14508724 0.11237927 -0.21511973 0.019825304 -0.0651164 0.09377854 0.22499724 -0.04333903 -0.061166596 0.0008089652 -0.11665488 0.02118093 0.106198564 -0.07854738 -0.043189876 -0.11215838 -0.22335124 -0.12689252 -0.2600931 -0.16955374 0.3325461 0.018368656 -0.07543108 0.14822927 -0.21724272 -0.26150328 0.16466056 -0.28792498 -0.33496684 -0.0031168147 -0.03630104 -0.19442183 -0.283567 -0.012718759 0.042949997 0.06387709 0.20197164 -0.07520339 0.16305712 0.25143602 0.1293669 0.26826063 0.10838206 -0.1909943 0.22315855 0.10205802 0.089318424 -0.11994853 0.35656732 -0.1543336 0.092574924 0.34351525 -0.1983199 -0.17686011 -0.08921209 -0.103670344 -0.1015398 0.25052837 -0.2095453 0.20235816 0.08139642 -0.1671764 -0.016828168 -0.07601966 -0.011290535 -0.045991603 0.13607265 -0.16630466 0.15774596 0.23146261 0.04137549 0.101317294 0.20224245 0.14013293 -0.06459596 -0.09103452 0.071625754 -0.2411806 0.006763851 0.16730142 -0.16465136 0.10175679 0.06797209 -0.06521191
SRB -0.0011211456 -0.10878707 0.13562223 0.5101136 -0.024282845 0.083698474 -0.07327569 -0.11196704 0.009894178 0.09880375 -8.5253894e-05 0.24020049 0.22977437 0.07994265 0.19608912 0.39596874 -0.27938265 0.27884057 -0.20364673 0.24223334 -0.06310216 0.2554275 -0.19481955 -0.044373784 -0.07997081 0.22016878 0.019502565 0.14935456 0.11336257 0.060394652 -0.14163151 0.37641263 0.00092397165 -0.37212926 0.15999049 -0.04787603 0.010920221 -0.16489801 0.29504424 0.1477833 -0.046671916 0.14372467 -0.0013315579 0.038450427 0.21073176 -0.018202094 -0.42494187 0.050171506 0.06894969 -0.010115769 0.006838251 -0.02660847 0.041782945 0.25244904 0.25365555 -0.14687273 0.56266713 0.0133362375 -0.4176022 0.20037413 -0.1539561 -0.027696861 -0.10193625 -0.07730021 0.01573637 0.0960881 0.11582928 0.2011271 0.0067629265 0.011711835 0.16460316 -0.021599144 -0.23029102 -0.397929 0.11212296 0.026419424 0.016991137 0.06646667 0.119515926 0.29060355 0.14337607 -0.098416366 0.055856504 0.23372163 -0.05293966 -0.07230977 -0.040614415 -0.13904147 0.0702929 -0.026920728 -0.08165245 0.007401312 0.046965104 -0.24351601 0.14707175 -0.15008816 -0.10020286 0.13315628 -0.06641317 -0.015577201 -0.32438144 -0.077594936 -0.34446934 0.12438147 -0.016942013 -0.025237916 -0.025733491 0.27388063 0.055812422 -0.056720298 0.17050162 -0.40102255 0.17681333 -0.010034663 -0.2625661 0.13310239 0.02614436 -0.025750756 -0.19528887 0.21886511 -0.031204168 0.07558003 0.08255746 -0.051639598 0.10761135 0.19028234 0.20071939 -0.20882976
PAN -0.028147886 -0.06352515 -0.006045714 0.5915447 0.14420244 -0.10072439 0.10670929 0.08563226 0.04201908 0.14291963 0.12221457 0.0054908637 0.024090674 -0.27006114 0.23171727 0.073758535 -0.120501466 0.42062184 -0.13253519 0.080318235 0.064850576 0.21618779 -0.09830273 -0.2693152 -0.14231992 -0.38036492 -0.15620391 0.194242 0.20281321 0.122412466 -0.071360104 0.26196235 0.21346688 0.4962473 -0.0705029 -0.16660489 0.38706085 0.07508393 -0.17138462 0.13778046 -0.019436453 0.13209553 -0.11175171 0.07567521 0.09859276 0.1590266 -0.048158184 0.18665065 -0.19349886 0.38135174 -0.089026034 0.2109051 0.2583833 0.038581554 0.24417351 0.029871693 0.09439239 -0.10042113 -0.01221086 0.035108056 -0.23087953 0.12575193 0.189655 -0.13397545 0.07777861 -0.02027988 0.05014868 -0.07581185 -0.28437042 0.03436872 0.044610336 0.052656144 -0.39891502 -0.10782749 -0.031163616 0.004514714 -0.052146953 -0.0043366593 -0.32458273 0.16614206 -0.1299952 -0.2899587 -0.13929924 0.44608545 0.38877836 0.37727344 0.41269472 -0.08051759 0.18424216 0.19593702 0.024289832 -0.46802965 0.21514401 -0.09656037 0.27985883 0.22326276 -0.1284438 -0.13659057 -0.24030092 -0.06470123 -0.087665 -0.09435786 -0.031554513 0.088489145 0.2994234 -0.075916715 0.18813136 -0.0014122634 -0.3115204 -0.19758266 0.18660796 -0.1358725 0.38922054 -0.117739655 -0.029304499 -0.016793864 -0.027467158 0.0337468 -0.09488145 -0.2356023 -0.3681816 -0.21161532 0.07285458 0.0014248937 -0.018863425 0.10095413 0.067937456 0.14432287
ARG -0.0950658 -0.23534657 -0.026158564 0.41348085 0.10190054 -0.17740726 0.14494048 -0.120325096 0.018724078 0.06442723 0.16454422 0.20548326 -0.03701252 -0.2032596 -0.01518519 0.2660543 -0.22914916 -0.026394196 -0.06376397 0.11318969 -0.041109085 0.28102398 -0.06167607 -0.38906014 -0.012819926 -0.024940403 0.03980145 0.104386844 0.121893056 -0.020133931 -0.18704455 0.033851378 0.40630266 0.46541983 -0.21655631 0.024822503 0.20152585 -0.0735235 -0.21230674 -0.04488604 -0.087118395 -0.10605996 0.13932282 -0.097134925 0.1488063 0.114227116 0.068458065 -0.1642241 -0.17371845 0.035835434 0.029034786 0.10626494 0.09732298 -0.15896754 0.10939151 0.13930723 0.41425604 -0.11481272 -0.06582961 -0.026451724 -0.11998904 -0.002683445 0.055749603 -0.15475477 -0.16781433 0.09183716 0.4182887 0.13247724 -0.3282372 0.2269853 0.17325406 0.12926292 -0.44040433 -0.04166052 0.0629043 -0.0113488855 -0.040661868 0.11137476 -0.19789523 0.05129889 -0.05743591 -0.25068974 0.038194742 0.35521287 0.21612944 0.1846119 0.03683316 -0.095053464 0.18754844 0.30936235 -0.009406945 -0.08679799 0.3333715 -0.29921183 0.26143697 -0.11597048 -0.2248998 -0.17850542 -0.179745 -0.130124 -0.2237382 0.043317497 -0.30462137 0.010240445 0.14186186 0.07712631 -0.09932485 0.1885091 -0.038616635 -0.21504793 0.25607052 0.15401368 0.20449407 0.21891722 -0.25088745 -0.24915291 -0.1087438 -0.18550703 0.04073945 -0.06837163 -0.41745457 -0.01257268 0.022806995 0.04470554 0.22143014 -0.20797151 0.26458338 -0.050142735
KWT -0.030340657 0.11683961 -0.003730537 0.10724787 0.25176895 0.009803515 -0.2519875 0.06971591 -0.17015408 0.109408714 0.013245351 -0.07571857 0.058710605 -0.013262062 -0.10549402 -0.024331031 -0.05273438 0.047945317 -0.2785258 0.17640176 -0.07738099 -0.1431483 0.07432885 0.108949244 0.022888046 -0.12601286 -0.04356975 -0.25645098 -0.09553793 -0.036469065 -0.0948892 0.11769473 -0.03875309 0.034771983 0.015261855 0.0341437 0.15373343 -0.13630256 0.14894296 0.066342294 -0.050356995 -0.025724584 0.19199052 -0.07220729 0.06300119 0.051766135 -0.14905293 -0.06102657 -0.0529501 0.04633778 0.26029697 -0.0021073106 -0.11048508 0.028595552 0.058308512 0.05979516 0.3154346 -0.022963123 -0.1550656 -0.030430332 -0.3171106 0.0072023277 0.02100958 -0.11687286 0.35525835 0.049890507 -0.025409305 0.0706875 -0.07658602 -0.28396776 0.08287568 -0.11110777 -0.4450581 -0.13574752 -0.07894395 -0.39023954 0.077679574 -0.19573845 -0.09922202 0.5049387 -0.11304897 -0.1305598 0.19525272 0.30900678 -0.07057855 0.26034486 0.1487784 -0.022140155 0.18715815 -0.086795464 -0.056454737 -0.11506036 0.042609796 -0.20972508 0.29217833 0.10757156 -0.024218999 -0.13298783 -0.08281148 -0.24748799 -0.15508743 -0.09464383 -0.25147527 0.16747935 0.037877124 -0.23864514 -0.0006206535 0.14423352 -0.19815113 -0.23948914 0.14926767 -0.18335563 0.21149905 0.18738438 0.14530733 -0.04336052 0.095103346 0.047151234 0.101475894 -0.073584914 -0.17574286 -0.24159671 -0.054649267 -0.0804273 0.06928876 0.085870795 0.21234661 -0.12495236
SDN 0.12023704 0.0010189328 0.14399032 0.20216176 0.0039256033 0.059646998 0.08727981 -0.0047427216 0.102890275 0.098416984 0.40589666 0.115227476 -0.033424772 0.073722 0.08860193 0.15450741 -0.22205113 -0.026584571 -0.15510409 0.001613792 -0.1119912 0.07082951 0.111335486 -0.40390104 -0.2776017 0.07205059 -0.14164923 0.12306161 0.16234711 -0.033413634 0.15993132 0.24604556 -0.18034925 0.030391673 -0.19013084 0.02154121 0.1046779 0.14124934 0.0032282025 0.023792133 -0.19571084 0.2179496 -0.043204002 -0.18319403 0.31565136 -0.1463326 -0.22509871 0.15460804 -0.13352273 0.08812453 0.062089983 -0.06903368 -0.24135862 -0.011394558 0.11098365 -0.10551491 0.19531737 -0.054841515 -0.06350159 0.054886896 -0.15770988 -0.07984385 0.015596367 -0.17566448 0.086486466 -0.026026322 0.007878788 0.13771892 -4.0419283e-05 -0.08475962 -0.10604008 0.038742114 -0.11422921 -0.25920233 -0.039325256 -0.1564934 0.043816168 0.08873725 -0.013953586 0.25675133 0.15668744 -0.1434574 0.07656722 0.040436063 0.30438152 -0.025767872 0.061279025 -0.14594 0.04777546 0.05559102 -0.018044068 -0.094115704 0.1450912 -0.022581108 0.16663234 -0.09900778 0.06885756 0.037559655 -0.22127509 0.013521293 -0.043372765 -0.07039818 -0.3073624 0.1381376 0.18636943 -0.13329558 -0.14629596 0.15070838 0.02292592 -0.04137721 0.16299519 -0.18182321 0.17110673 0.027180798 -0.07219796 0.1562284 0.11846293 -0.14302519 0.15418752 0.10439697 -0.083687946 -0.052761044 -0.13262527 -0.030180737 0.030134134 -0.05057707 -0.028871028 -0.16150175
DZA -0.014653154 -0.02429806 0.1628759 0.3529365 0.09979139 -0.17018637 -0.15047243 0.029624937 -0.14655817 0.05157661 0.11962275 0.123619266 0.14909858 -0.16733481 0.167513 0.06765155 -0.031638082 0.09522257 0.0016836616 0.21164544 0.0064110104 -0.20621008 -0.2504772 -0.16786319 -0.098914474 0.0061748 -0.2571377 0.03220282 -0.0292981 -0.0928843 -0.277694 0.0936759 0.46768942 0.36611804 -0.0948779 -0.06877873 0.48118317 -0.077689685 -0.011893616 0.19981128 -0.1036076 0.0014422827 0.3907268 0.12687555 -0.01293691 0.057874948 -0.1279124 -0.17274033 -0.062981375 0.1407959 0.13441975 -0.031262863 0.20538479 0.093143314 0.27092734 0.120013684 0.25299108 -0.2675477 -0.18103571 0.24249905 -0.13146947 0.11827621 0.16600175 0.017660623 0.011344819 -0.0024733339 0.1485837 0.049994547 -0.15270415 -0.024744667 0.21128456 0.08441098 -0.6140997 -0.028755754 0.13305175 -0.15469675 0.07716658 -0.22607417 -0.1101182 0.1895631 -0.3226818 -0.16269723 0.15409683 0.28806603 -0.00039110117 0.39437205 0.08388028 0.06753053 0.07859707 0.15986651 -0.17220065 -0.02677242 0.008958291 -0.31310531 0.40083304 -0.13320856 -0.09774326 -0.29855606 -0.04623577 -0.14236858 -0.29849696 0.046430904 -0.11497718 -0.062555656 -0.11076691 0.12692302 0.28098747 0.03148253 0.066735715 -0.2794934 0.11979125 0.14466296 0.0791503 0.034784958 -0.17686522 -0.032523967 -0.13788311 0.14548165 -0.027184192 -0.15331577 -0.37361306 -0.16706984 0.013829003 -0.08491453 -0.029049186 -0.14432804 -0.03524178 -0.13840488
ISR -0.14756538 0.1112605 0.04138583 0.34106043 -0.08476213 0.14090429 -0.23761238 0.1655221 -0.27121887 0.1022299 0.33141127 0.16688994 0.22058311 -0.15148686 0.116063245 0.32318935 -0.018878734 0.05976077 -0.25538108 0.1333902 -0.009345748 -0.16084662 -0.15395212 0.26829326 -0.108621426 0.1533363 -0.025284009 -0.07644076 -0.08945522 -0.050888795 -0.08938437 0.30994338 -0.09457805 0.046947315 0.104129 0.17489827 -0.03409467 -0.102949835 0.21180142 0.03836831 0.08630024 0.23564821 0.08830114 -0.12791364 0.12847395 0.019307239 -0.26591253 -0.056485735 0.091434464 -0.08979317 0.064141735 -0.12135011 -0.16693224 0.14403695 0.26293033 -0.27722535 0.44097722 0.01296891 -0.093039244 0.1652072 0.046622805 -0.056524035 -0.03508601 0.028029399 0.12515073 -0.3368529 -0.14406332 0.22002839 0.06700404 -0.16990726 -0.18215579 -0.19897945 -0.24678825 -0.14618798 -0.028973144 -0.038620647 0.37749016 -0.12346551 0.21306469 0.40214634 0.002291637 -0.2553136 0.30707264 0.21507314 -0.01363501 0.07685114 -0.11739207 0.07866074 -0.06773591 -0.19513501 0.051896337 -0.0449411 0.09357334 -0.07168372 0.07509048 -0.032809865 -0.14223732 -0.046036392 -0.071462885 0.0824532 -0.29382193 -0.108236834 -0.24886039 0.09410631 0.22811349 -0.16781047 -0.016463904 0.3465941 -0.045502998 -0.1440484 -0.062989034 -0.18727939 0.35404935 -0.010805735 0.108189486 -0.073050894 0.09402559 0.06135532 0.17772675 -0.1490699 0.11327652 -0.046376716 -0.056586135 -0.07193765 -0.12574475 0.17657717 0.2917309 -0.3118142
TTO 0.021052046 0.008177526 0.19082652 0.57232404 -0.051265128 0.050499473 0.09006821 0.048983764 -0.036700517 0.14658003 0.1664278 0.056403175 0.24720094 -0.22789402 0.38321587 0.27439764 -0.061275236 0.34744355 -0.11058238 0.014632651 0.08200209 0.02995596 -0.16020334 -0.02607827 -0.1620931 -0.0692486 0.008399967 0.03981329 0.1792293 -0.105751015 -0.21662639 0.295645 0.17101844 0.19693065 -0.026677625 -0.091428295 0.15752195 -0.052592646 0.037148356 0.13634306 0.043686323 0.2180781 -0.163311 -0.07907319 0.14646389 0.06228756 -0.24517141 0.03844769 -0.05521497 0.17422211 -0.115204096 0.1126553 0.14647113 0.16872936 0.29062515 -0.047244515 0.23377118 -0.15940061 -0.11667848 0.223285 -0.07192814 0.117755 -0.11078407 0.090396866 -0.07276955 -0.233553 0.13218689 0.07569097 -0.073817804 0.056333438 -0.06939519 0.1969612 -0.27052057 0.060799662 -0.013187641 0.10441678 -0.03331463 -0.13720867 0.015930427 0.2599708 -0.13585256 -0.1669092 0.17261295 0.076081835 0.199537 0.07551408 0.004054929 -0.0066530565 0.060504004 0.087166496 0.033703294 -0.26501948 0.21897434 0.0039036716 0.1428118 0.1641579 -0.32951662 0.0526001 -0.27899897 0.22615775 -0.070734404 0.0344528 -0.071652815 -0.015716746 0.20684104 0.057175487 0.19893031 -0.0012198535 -0.086270176 -0.13833775 0.07471041 -0.2236565 0.3052527 0.011666769 -0.025113368 0.2596527 -0.008187545 0.10174948 -0.03876074 0.028136775 -0.1381524 -0.16617727 0.12462804 0.015036146 -0.035257142 0.1800485 0.30617672 -0.021764543
ITA 0.103473775 0.012436392 0.08939642 0.33828333 0.026767295 0.32702363 -0.21365795 -0.017316636 -0.013017422 0.015215648 0.1925041 0.14909175 0.20053893 0.06487932 0.24282809 0.11559853 -0.029881395 0.041629907 -0.24673462 0.12811251 -0.013059558 -0.019134788 0.021071216 -0.011637062 -0.17602149 0.0875792 0.16772637 -0.07865742 0.1276861 -0.061528444 -0.08451962 0.37240672 -0.09427372 -0.09474828 0.10552954 0.11795395 -0.026521897 -0.110846974 0.13855398 0.07956382 0.16642204 0.0566962 0.07965598 -0.18585826 0.26176497 0.06033515 -0.44457266 -0.0023086348 0.08168138 0.0246301 0.08656249 -0.09903406 -0.14967807 0.21821015 -0.024819937 -0.1505165 0.42104816 -0.15148115 -0.07753598 0.08499485 -0.19724244 -0.036366396 -0.045611326 0.02403823 0.1672597 -0.14319377 -0.08121333 0.31390762 0.1733937 -0.12035618 0.0084395595 0.021181429 -0.20986268 -0.19138625 0.056271095 0.022130424 0.1754937 -0.15067032 0.15885746 0.44873935 0.016764553 -0.13223708 0.1854702 0.042045705 0.040082783 -0.0251946 -0.049527213 0.036565892 -0.04604733 -0.108087674 0.026023429 -0.081225544 0.33518404 -0.08831019 0.11463814 0.019856336 -0.21167265 -0.07114704 -0.23809701 -0.04276923 -0.2850757 0.11613999 -0.18102062 -0.001257193 0.13216165 -0.012993208 -0.012297898 0.26332647 0.13578174 -0.053806987 -0.034527898 -0.43460566 0.21297874 0.15317921 0.010333542 0.24599963 0.19772004 0.072090425 0.22436902 0.027697446 0.10658297 -0.11346415 0.12405062 -0.051551364 -0.008109206 0.103718035 0.13420923 -0.06474866
PRT -0.09835471 -0.25820288 0.05575563 0.12587507 0.029550955 0.27890944 -0.15723749 -0.040802926 -0.15152226 0.14917387 0.28208447 0.22258043 0.14081337 -0.108277425 0.16273156 0.21884781 0.1723928 0.05357394 -0.09446353 0.20383029 0.08597384 0.036793042 -0.26635686 0.1639449 -0.2302712 0.44868505 -0.04826781 0.09658011 -0.046153698 0.03904691 -0.2069612 0.23037374 0.022990037 -0.020561032 0.23658049 -0.049906388 0.23855159 -0.35039988 0.12365604 0.0084034605 0.010011023 0.06924735 0.18492118 0.060627982 0.013796495 -0.038604256 -0.13785034 -0.06484311 0.07961327 -0.11230529 -0.02470603 -0.19465671 0.13751623 0.19249575 0.1358499 -0.04055602 0.24288704 -0.026011009 -0.07116248 0.19425765 -0.004104307 -0.058516674 -0.018237025 0.2992417 0.1949779 -0.09171557 -0.13925385 0.032857675 0.06332471 -0.08503277 0.0009376498 -0.077427775 -0.40601814 -0.08947915 0.12610452 -0.06592654 0.16132657 0.04696369 0.12257337 0.088365376 -0.12855685 -0.20065843 0.10274627 0.27043718 -0.06461856 0.048694216 0.024268914 0.059131574 -0.054009624 0.022966057 -0.01422177 -0.035359394 0.14438531 0.04617735 0.1641429 -0.07088813 -0.30395722 -0.18785335 0.057725105 0.047322895 -0.3644869 0.08522296 -0.22254178 -0.05809722 -0.0041005667 0.046919946 -0.07142014 0.23374572 0.257545 -0.123989254 0.0051134545 -0.5144614 -0.0024166484 0.10503248 -0.29947543 0.06885251 0.16338989 0.16817904 0.062705874 -0.12999786 0.018123562 -0.119847335 0.119458735 -0.064727455 -0.06943368 0.11877325 -0.05777119 -0.09750825
PER -0.036964715 -0.07129099 0.022924509 0.57088435 0.12586303 -0.07909763 0.08787998 0.16066994 -0.010398427 0.1796914 0.18370219 0.103502735 0.10174458 -0.36163267 0.25804245 0.03810071 -0.036172707 0.2820768 -0.09614069 0.084850185 0.17988257 0.2893508 -0.14631289 -0.2405965 -0.31482264 -0.06857748 -0.23830426 0.24472076 0.15326358 -0.017210176 -0.20908485 0.14408955 0.2179301 0.49249965 -0.07134348 -0.22205357 0.29025635 0.008421836 -0.13921262 0.09935613 -0.024850624 0.23305462 -0.11721525 0.017172866 0.098526835 0.09078354 0.010397254 0.18129483 -0.24150522 0.22126059 -0.117272384 0.11874088 0.27256078 0.113404386 0.28164202 0.03737388 0.08729551 -0.20330618 0.04198011 0.08059454 -0.081183605 0.11230155 0.17558405 0.09563232 0.005971641 -0.08420722 0.07442655 -0.027822131 -0.11441527 0.0027988316 0.0068845544 0.036573056 -0.43000382 -0.04994841 -0.07392525 0.09747014 -0.052593 -0.01368737 -0.23555644 0.09614895 -0.18901795 -0.2433953 -0.016783934 0.35313496 0.34284243 0.26750603 0.30115345 0.01682231 0.12858772 0.19934638 0.022080934 -0.4143982 0.1534907 0.083036214 0.17915125 0.1697645 -0.23562507 -0.07725812 -0.19326824 0.07412469 -0.06956125 -0.034600694 -0.04768751 0.06923221 0.21667668 0.020352738 0.24946012 -0.08475894 -0.19180918 -0.19785535 0.11096623 -0.07574949 0.2490444 -0.09692785 -0.0974773 0.035318755 0.04025664 0.023712123 0.020155514 -0.2361766 -0.33511057 -0.20823766 0.065207005 0.056228545 -0.031618055 0.013084842 0.019387975 0.08725031
SWE 0.016442766 -0.19680937 0.06702316 0.3698936 -0.022615671 -0.037123833 0.18715051 -0.10081603 -0.09790802 -0.35303363 0.27111053 0.15121499 0.18971811 0.0929486 0.29073593 0.37625092 -0.17015862 0.09221251 -0.43653756 0.11003944 -0.15137152 -0.081558935 -0.08553126 -0.28136435 -0.29245812 -0.07342144 -0.02835445 -0.16890422 -0.19545452 0.14686026 -0.044540565 0.2189342 -0.07753956 -0.057974465 -0.25284395 0.14278229 -0.094719276 -0.0030360143 0.03567686 0.02773111 -0.016760148 0.24629429 0.1923873 0.025455298 0.16143276 0.10041539 -0.35118353 0.09967751 0.26056412 0.12866269 0.11828597 -0.29151955 -0.12194447 0.25117427 0.038443565 -0.23439886 0.22318366 -0.26691946 -0.29957223 0.24704744 -0.11867987 0.032279972 -0.43599173 -0.32362995 0.31504476 0.032081645 -0.2663937 0.10089126 -0.0337051 -0.10113325 0.10985919 -0.33273017 -0.10311727 -0.30051744 0.1934943 -0.07933073 -0.11912776 -0.13572127 0.0371249 0.08022327 -0.12520598 -0.0066807754 0.35211203 0.16100548 -0.059616305 0.25587064 0.05045488 -0.12606499 0.16272007 -0.15157038 -0.16836922 -0.12982355 0.21344088 0.04285991 -0.015260696 0.26807532 -0.08060784 0.033610385 -0.09495799 -0.125778 -0.43762776 0.12551852 -0.1732777 0.19233458 -0.16652325 -0.13564122 -0.02655379 0.027232489 0.17029291 -0.13510297 0.2832733 -0.25755027 0.24152327 0.20789097 -0.13871747 0.11495733 0.12589246 -0.08581198 -0.12534276 -0.030018672 -0.040565915 -0.19367518 0.07753925 0.11349955 -0.21504737 0.18882163 0.17455105 -0.008737089
CMR -0.04281276 -0.1474072 0.041362938 0.3167228 0.27077812 -0.081079 0.003736804 0.2653321 -0.116103455 0.17840979 0.24170977 0.062842034 -0.08031857 -0.27595556 0.42357686 -0.055550814 0.0034360623 -0.32730293 -0.032451462 0.081656374 0.29893228 0.09801059 -0.35914263 -0.113739036 -0.17117678 0.36900425 -0.070474975 0.119367704 0.03851484 -0.16281095 -0.15447882 -0.24868996 0.007740144 0.21783423 -0.043305047 0.012797376 -0.07229027 -0.18568312 0.020576747 -0.048091777 0.024389345 0.2875705 0.04093454 0.12619975 0.11826826 0.051381566 0.0544625 0.10796546 -0.103682466 -0.08370566 0.12654854 0.03938601 0.054097045 0.27078998 0.13249674 0.068821795 0.32456926 -0.0378584 0.054143645 0.18557535 -0.025232257 0.238888 0.5836158 0.18786791 0.23842305 -0.024874477 0.070825204 -0.13752198 0.20974407 -0.08398241 -0.06928953 -0.04772792 -0.5619289 -0.00039013178 -0.085417464 -0.1606529 0.16462909 -0.10149011 -0.14181106 0.1338178 -0.121795885 -0.22941571 0.004866606 0.19553849 0.028204417 -0.007870022 0.19212976 0.107950255 -0.15767367 0.042366892 -0.07987225 -0.14737183 -0.090177596 0.2338438 -0.07820629 -0.21749578 -0.26336515 -0.24470636 -0.24044831 0.048727468 -0.19224228 0.09620236 -0.10964277 0.0968061 -0.06561065 -0.0839071 -0.093746506 0.16392672 0.11398635 -0.27557164 0.15399007 -0.33441144 0.010432989 0.026432674 -0.18395203 -0.067585275 0.23246504 -0.2557252 0.18208295 -0.07991812 -0.30214423 -0.19605915 -0.0052921386 -0.048793174 -0.013210092 -0.0052755172 -0.011071881 0.11940124
IRQ -0.013211283 -0.10502606 0.057923015 0.52882606 -0.013760214 -0.055835098 0.0038280014 -0.095387205 -0.10566503 -0.042817116 0.5042454 0.35640037 0.28751472 -0.17108043 0.06061251 0.3975894 -0.18779553 -0.160796 -0.14032066 0.05804857 0.006675595 0.0005633957 -0.07966987 -0.39146468 -0.43827456 0.31537703 -0.09533408 0.07528284 0.03721031 -0.21092547 -0.09230066 0.1412486 0.26633245 0.25681403 -0.291194 0.211603 0.048739776 0.11798456 -0.049017984 -0.04730007 -0.052761573 0.18869832 0.15476309 -0.15279636 0.35765016 -0.16565554 -0.083012655 -0.095184915 -0.033666354 -0.107357614 0.019503899 -0.17448528 -0.04012146 0.118564405 0.14292611 -0.20196618 0.3578366 -0.23934531 -0.11263491 0.12583545 0.027238892 -0.077982426 -0.1809872 0.12075797 -0.09894306 -0.13651818 0.20973942 0.19684564 -0.16055417 0.017090667 0.060185704 -0.10291347 -0.094224475 -0.17946151 0.13080291 0.22861491 0.11360785 0.049158663 0.09769447 0.1607029 -0.033358198 -0.09391613 0.29390767 0.08724732 0.01987331 -0.028271845 -0.21262625 -0.09465336 0.16492534 0.040201537 -0.19674844 0.22931801 0.18473497 -0.15481979 0.050149314 -0.22781654 -0.031220904 0.1342453 -0.20222251 -0.0529801 -0.2459517 -0.036378425 -0.3091918 -0.061176587 -0.024530055 0.21403597 -0.024659874 0.108701065 0.3374935 -0.063273534 0.10002097 0.20617305 0.077418536 0.09034765 -0.38216138 -0.12470209 -0.13548721 -0.13727453 0.11495716 -0.05980132 -0.1826455 -0.041046496 -0.040018234 0.017064039 0.06487092 -0.3207225 0.17858826 -0.26146585
VNM -0.12185922 -0.013539693 -0.18666793 0.31910706 0.11888128 0.022056354 -0.04101485 0.10903331 -0.29795194 0.13480888 0.21214405 -0.026701808 0.12175596 -0.24615572 0.22648838 0.21220829 -0.26989245 -0.27280408 -0.009807833 0.0064576888 0.05934643 0.10191403 -0.20612836 0.044645343 -0.096951954 0.23179698 0.2476805 0.15271363 0.08214103 -0.021806588 0.044592142 -0.10111503 0.023218049 -0.01661301 0.03869472 0.13275103 -0.23192994 -0.025927778 -0.0950798 -0.00966448 0.23074278 0.21137878 0.08596976 0.060300432 0.33603495 0.0742341 -0.10675541 -0.004740112 0.05102541 -0.00052205106 0.17721204 0.18880951 0.042056818 0.119308434 0.05987027 -0.15380931 0.42936802 0.09945447 -0.010052727 0.07946838 -0.12084931 0.089935705 0.24533832 -0.10585917 0.17615797 -0.06199376 0.20028529 -0.070173204 0.083209574 -0.24136683 0.010943074 -0.20922333 -0.21838932 -0.20331739 -0.02862093 -0.012939958 0.22638765 0.07950578 0.0015501499 0.23189339 0.2931743 -0.2390588 -0.12722073 0.22476038 -0.023606887 -0.12779267 0.029195646 -0.074633725 0.04820541 -0.24864335 0.05622386 0.0051293033 0.10399061 0.11969934 -0.045603815 -0.088787325 -0.2464858 -0.10394336 -0.32383326 -0.07724319 -0.25170496 -0.053186577 -0.20843229 0.16977704 0.21353342 -0.20624496 -0.09050224 0.23354444 0.045748953 -0.054174036 0.2652508 -0.20521873 0.30340648 -0.039736673 0.04283969 -0.08871803 0.21171783 -0.3028778 -0.043461498 0.027635816 -0.0687813 -0.042210773 -0.10997172 -0.0710228 -0.0666693 0.0031624131 0.18244506 -0.20065674
ROU -0.026722431 -0.052124906 0.063565694 0.46460524 -0.090982564 0.13223742 -0.066113725 -0.057121653 -0.081522465 0.07962039 0.18458425 0.23446116 0.27846298 -0.02144734 0.12845267 0.3812694 -0.20282291 0.10837069 -0.21837132 0.1320292 -0.024618197 0.13568008 -0.13064927 0.032577813 -0.16973718 0.2688065 0.14522573 0.11270795 0.07919083 -0.018365713 -0.026755925 0.31056276 -0.0037762874 -0.17883547 0.07769727 0.11471101 -0.13099009 -0.10169801 0.14845507 0.04848055 0.081101626 0.21751077 -0.034601964 -0.09139714 0.2764574 -0.023314495 -0.35684144 0.03495326 0.0850271 -0.084565334 -0.008269359 -0.05301494 -0.039168898 0.2503019 0.18727876 -0.25636083 0.5022732 -0.026676511 -0.21644282 0.18422343 -0.030322848 -0.045204114 -0.20341527 0.033963285 0.058577366 -0.11924286 0.08514793 0.22602756 0.034246687 -0.05586244 -0.0036496285 -0.100406654 -0.114875555 -0.30369014 0.09342716 0.13492036 0.16760887 0.04126935 0.20679988 0.32236508 0.16329947 -0.18218096 0.16011755 0.17244418 -0.028825827 -0.12939438 -0.12167142 -0.09699485 0.053368833 -0.16011654 0.005496526 0.07162844 0.19782557 -0.09012887 0.060872115 -0.096395366 -0.22073255 0.09044408 -0.20245613 0.03690909 -0.3795282 -0.06647961 -0.28859946 0.08141296 0.10559512 -0.026331875 -0.05221145 0.2999217 0.11916861 -0.011048138 0.120542504 -0.31412652 0.25887373 0.020275379 -0.16358228 0.059782464 0.09153356 -0.0521524 -0.053518537 0.09541913 0.06687313 -0.00678885 0.06890699 -0.032613188 -0.0022588724 0.12958086 0.30218205 -0.25719726
URY -0.08288773 -0.13676818 0.10865162 0.5136708 0.038239624 0.00018824378 0.054092333 0.07762234 -0.07561967 0.06357433 0.26237577 0.3452391 0.17626862 -0.19388048 0.19744283 0.15888304 -0.052649066 0.07259162 -0.17327926 0.06374822 0.16663557 0.31909764 -0.1632823 -0.20283754 -0.38621938 0.17676334 -0.054920338 0.11381339 0.07378852 -0.18232013 -0.22516355 0.108215116 0.18275192 0.31463358 -0.088020444 -0.12478943 0.025926808 -0.11227498 -0.05386753 -0.018476717 0.07652934 0.32897466 -0.026194166 -0.15321091 0.14541322 0.14952427 -0.0909001 0.12309471 -0.1020836 -0.09010999 -0.025594568 0.05804724 0.052226856 0.13331825 0.20389812 0.033392865 0.27932432 -0.22793275 0.017645506 0.01089919 0.1454926 0.026747787 -0.11369694 0.19662519 -0.009898641 -0.1346851 0.121599965 0.2348518 0.04483836 0.031672366 0.04224477 -0.05975342 -0.42726767 -0.021089304 0.0718333 0.21618779 -0.044938687 -0.15829252 0.024710735 0.0045437966 -0.10103127 -0.13524151 0.2881735 0.15678896 0.17797843 0.19806041 -0.062400818 0.025732487 -0.0016457664 0.06757527 0.08219113 -0.15316546 0.26332337 -0.005513453 0.059422176 0.16422531 -0.3487894 -0.06868143 -0.1459976 0.10908783 -0.29168656 0.1640316 -0.025382103 0.035834495 0.111993596 0.18702744 0.07175092 -0.10294755 0.019608641 -0.1711361 0.03208888 0.085703455 0.05776834 0.1377633 0.01637495 0.032683063 0.06449159 -0.018992525 0.15281257 -0.09082818 -0.1347344 -0.034725785 0.11166788 0.15604886 -0.053897116 0.006624482 0.20768313 -0.101622656
GRC 0.12733762 -0.035428237 -0.070194595 0.20166314 -0.05360818 0.23353301 -0.09677539 -0.096879095 -0.15407646 0.14087456 0.1797506 0.0100382585 0.41061682 0.047733176 0.29274565 0.2246066 0.07477835 0.18023862 -0.25329667 0.105657876 -0.056749478 0.21813168 -0.16066751 -0.18048216 -0.19110934 0.0659723 0.07193617 0.008812842 0.13756342 0.042344067 -0.070468955 0.2715189 -0.04252938 -0.09948357 -0.03084693 -0.10779895 0.15485372 0.0036202262 0.15992762 -0.008040341 0.015601159 0.10892306 0.107676454 -0.0028149777 0.29598662 -0.05020747 -0.2765134 0.04287888 0.0482034 0.11768011 0.15388204 -0.26382902 0.09527622 0.09554065 0.14345327 -0.1648406 0.3011964 -0.08296173 -0.06527809 0.1789478 -0.4235859 -0.05470627 -0.24641815 0.13552277 0.14173646 -0.21586251 -0.12785757 0.09618081 0.0033711956 -0.24173611 0.042322833 -0.07651483 -0.11075876 -0.24814996 -0.008613992 0.12167701 0.1604956 0.07712401 0.01743715 0.37716833 0.18370129 -0.1198524 -0.0014157464 0.2402492 -0.015391706 0.00093786314 -0.027381381 -0.15772636 0.25999665 -0.20920101 -0.11411693 -0.16092709 0.020122934 0.07765859 0.17956513 -0.025446909 -0.028204372 0.3071029 -0.02394519 -0.21371502 -0.23435804 -0.039462164 -0.31940258 0.08054997 -0.052361514 0.10489341 0.102287374 0.2550596 0.038062934 -0.0121623995 0.055141103 -0.2096463 0.09456752 0.17218158 -0.36069885 0.24748766 0.034349296 0.11196025 0.03303792 -0.032912783 0.07190203 0.04748733 0.09992247 -0.0035903417 0.03398185 0.051994935 0.2245306 -0.039439246
JPN 0.12027964 -0.05025617 0.20514141 0.10998102 0.104359336 -0.004435803 -0.015149754 0.00042825146 0.002878088 0.022470847 0.40353507 0.120072894 -0.029826932 -0.03313704 -0.0031126877 0.22251144 0.06771628 -0.18243906 -0.08979531 -0.10189226 -0.095041975 0.09687612 0.003931499 -0.33678266 -0.16721599 0.0879997 -0.14777909 0.019837322 -0.09113864 -0.07786374 0.0713128 0.15776728 -0.026410542 0.12327562 -0.17382707 0.1529882 0.21184425 0.10566177 -0.02471959 -0.0088160215 0.02225507 0.16760622 0.15193847 -0.18860042 0.244381 -0.085005865 -0.409762 -0.032492775 -0.17284037 0.00046820717 0.11458217 -0.38911432 -0.12087108 0.07210951 0.0505436 -0.19266936 0.2106276 -0.2359784 -0.043500274 0.19673398 -0.10098999 -0.09346824 0.030276444 -0.008192878 0.1757475 -0.13441083 -0.1619331 0.17907658 -0.016191099 -0.08276485 -0.081373304 -0.10189308 -0.026178343 -0.23523746 -0.18906343 -0.11421553 0.023271266 -0.046335388 -0.10653867 0.24408227 -0.013779016 -0.1270641 0.029841188 -0.05934918 0.11452372 -0.095568106 0.004485461 0.010584311 0.07407722 0.09150084 -0.205143 0.020493096 0.20585114 0.0066488455 0.14518282 -0.1733263 0.016129889 -0.02292556 -0.08585126 -0.21042944 0.024411391 -0.03637708 -0.3354417 -0.038237486 0.039444927 -0.2573759 -0.01639992 0.19644864 0.18057796 -0.0054272236 0.17914207 -0.17552514 0.30577433 0.011080253 -0.24603121 0.02798338 0.08951492 -0.08557327 0.29878205 -0.083874874 -0.06897859 -0.2718198 -0.10351781 -0.05604238 -0.117804036 -0.16204664 0.010225266 -0.012670438
CHE 0.088225625 -0.0075408216 0.098680355 0.18838607 0.04655438 0.1282839 -0.16218081 0.0037609788 -0.0102400305 0.04138528 0.087702185 -0.017245611 0.13070776 -0.048648335 0.18603691 0.19787158 0.031181477 -0.07737446 -0.08335718 -0.028753616 0.06948383 0.035514586 -0.08170164 0.07626856 -0.057002105 0.16047072 0.12365051 -0.0047242153 0.042994138 -0.011912638 -0.025306238 0.2658891 -0.071778834 -0.19450201 0.1348238 0.11813865 -0.00062241877 -0.09929344 0.13308449 0.04980856 0.24395809 0.15942112 0.04546262 -0.0904386 0.24176015 0.06935707 -0.55013126 -0.09530485 0.0276036 0.020008791 0.12525596 -0.12820633 -0.023398813 0.21619329 -0.04413083 -0.21528916 0.3764518 -0.06919188 -0.09169605 0.25756133 -0.13718922 -0.010201153 0.14422487 -0.00016653124 0.22153033 -0.13702054 -0.12408585 0.1007213 0.122012734 -0.12489284 -0.072256215 -0.031937867 -0.1313868 -0.15540917 -0.08776442 -0.046151817 0.14943503 -0.0914856 0.043777335 0.3766673 0.104122184 -0.24493536 -0.0015155032 0.057206172 0.06293511 -0.11763732 -0.058158174 0.015874598 -0.028028768 -0.16272616 -0.1059651 0.043106608 0.25396436 -0.041445605 0.09397632 -0.08588545 -0.18890509 -0.055401318 -0.19841802 -0.13555513 -0.14177628 0.08816273 -0.17037436 0.02358399 0.116956525 -0.3643464 -0.02381053 0.2631657 0.15746213 -0.018075923 0.10773084 -0.46334553 0.30999097 -0.015053026 -0.1242306 0.08647061 0.14964692 0.016994806 0.094734445 -0.061408132 0.08489429 -0.19154671 0.06446232 -0.14515156 -0.1042329 0.09220973 0.10593341 0.0067118336
MEX -0.14794551 -0.13486348 0.04845902 0.41916814 0.15610133 -0.10327176 0.039722014 -0.072687015 0.042173043 -0.075965814 0.052130163 0.0024139723 0.08411742 -0.04226101 0.19129127 0.054099366 0.03126182 0.31709695 -0.13409689 0.016246082 0.17486379 0.10353463 -0.18218099 -0.112860896 -0.07620096 -0.37029237 -0.0048280396 0.102717936 0.12751782 -0.0064598145 -0.1672937 0.21290147 0.35993698 0.4025031 -0.07889769 -0.066596895 0.4077221 -0.07504472 -0.200198 0.012405306 0.15226145 0.14791645 -0.048158806 -0.024124091 0.06617698 0.18594632 -0.20589559 0.018611832 -0.07643262 0.25101608 0.006912869 0.21347 0.22717851 0.13928193 -0.02178714 0.032142308 0.0554174 -0.106080435 -0.15264454 0.059072822 -0.14256161 0.09045934 0.15361096 -0.19661249 0.18580167 0.045350336 0.026167477 0.0022474236 -0.38854784 -0.04197769 0.12416191 0.012415667 -0.50721276 0.0009215734 0.09468845 -0.018399633 -0.09411336 -0.17861742 -0.2434255 0.1173782 -0.3040367 -0.3315778 0.054205284 0.40340096 0.3457849 0.38261628 0.17075127 -0.18179266 0.18165854 0.09690558 -0.055782612 -0.23120743 0.2648253 -0.26269978 0.37563303 0.3407818 -0.18681838 -0.24907911 -0.15835175 -0.14594029 -0.28658321 0.074561246 0.1241246 -0.022176392 0.15663096 -0.1425383 0.04865007 -0.05059067 -0.14298862 -0.19481252 0.1807018 -0.12049169 0.24250752 0.015743459 -0.097756244 0.03242682 -0.045657065 0.13200018 -0.021951394 -0.26546907 -0.33386588 -0.24354285 0.13976124 -0.09868418 -0.06377658 0.06733105 0.15092248 0.24091981
BRN -0.21879023 -0.08764543 -0.03205704 0.15644553 0.2064409 -0.10313489 0.16500156 0.08612869 -0.12134313 0.14474393 0.2381144 0.011678273 -0.13886935 -0.19450548 0.08632909 0.11795674 -0.23619327 -0.10021294 0.089296 -0.007494116 0.14237957 0.19340199 -0.26541996 -0.149883 -0.116460495 0.04933815 0.009060133 0.3353689 0.12755306 0.14770374 0.124281146 -0.021820769 0.1573309 0.14725804 -0.0043558707 -0.0860958 0.11500585 -0.030088514 -0.2845181 -0.07932472 0.12645108 0.36226046 0.022887658 0.03611827 0.22036994 0.12538373 -0.049345803 0.01873722 -0.07140126 0.09748002 0.19645953 0.24403875 0.17102155 0.09188653 0.08511391 -0.00038536618 0.22301948 0.15810594 -0.07180547 0.09062592 -0.118088394 0.086428754 0.29558814 -0.28693202 0.12411153 0.03811682 0.13207111 -0.1565911 -0.13743272 -0.1603054 0.0724118 -0.1022028 -0.35895887 -0.1647112 0.018053418 -0.14170696 0.028334036 0.14835945 -0.23508503 0.042702477 0.3149359 -0.36366487 -0.26333696 0.3728657 0.33537155 0.02913536 0.1506839 -0.24943045 0.10028194 -0.007588455 0.013987844 -0.054873805 0.11727527 0.03655677 0.05077335 -0.054555465 -0.19560461 -0.21826234 -0.19955519 -0.20306931 -0.20536967 -0.10523479 -0.119667664 0.072739355 0.25192714 -0.25348487 -0.16727315 0.11048003 -0.0107723875 -0.12490626 0.34760523 -0.18932486 0.24431953 -0.089831814 -0.101630755 -0.085581325 0.074846834 -0.24992464 -0.1123808 0.061769977 -0.23012568 -0.12240302 -0.061938938 -0.06322139 -0.14142781 -0.055906843 0.08938494 -0.13731682
TZA 0.17670326 -0.15471241 -0.07377587 0.11977005 0.3316553 0.10467528 -0.28064567 0.026315494 -0.20229997 0.35891068 0.17900306 -0.017232476 0.06569693 -0.16864525 -0.06390197 0.2010801 0.099797845 -0.24580333 -0.14880514 0.12527612 -0.103206456 0.20474884 -0.011315415 -0.073267706 -0.07510905 0.23218511 0.008764106 -0.06763743 -0.071868956 -0.09007282 -0.10461913 0.029615995 -0.2006007 0.029661449 -0.017926203 0.2101414 0.20444196 -0.05267115 0.248759 0.013618595 -0.017086113 -0.098634176 0.18143934 -0.111114316 0.35476348 -0.1298671 -0.17022222 -0.00010056305 -0.30470294 -0.043650184 0.2605085 -0.21111171 0.0024239179 -0.015198265 0.006405198 -0.025245609 0.45337725 -0.01572998 -0.0074658776 -0.07562855 -0.35601804 -0.037695087 0.15282112 0.18856756 0.38065755 -0.06526724 0.03603023 0.11903009 -0.091106586 -0.33900496 0.037261523 -0.24854644 -0.19435449 -0.07947601 -0.37980548 -0.2657699 0.039283562 0.058920316 -0.034179643 0.47627372 0.015337895 -0.031148938 -0.023600074 0.16382018 -0.19667864 -0.0753145 0.23246741 0.0032900712 0.24106108 0.04077351 -0.06924605 -0.095159665 0.007669448 -0.06913041 0.068925805 -0.10127087 -0.03215989 0.01722704 -0.1477627 -0.22010197 0.09446565 -0.031132702 -0.48046163 0.21831028 0.041636936 -0.16998878 -0.06929321 0.19017203 -0.06338398 -0.054986134 0.16843946 -0.27529985 0.17957805 0.15355515 -0.14158702 -0.092047974 0.17383991 -0.06895999 0.12408442 -0.08927101 -0.006075343 -0.21830554 -0.11745155 -0.03423355 0.17862336 -0.044208676 0.070544675 0.0025420554
ZMB -0.04244561 0.039923012 -0.1231327 0.24693115 0.3243283 -0.075449474 -0.2260385 0.15038168 -0.17114092 0.16671446 0.18429504 0.09633931 -0.030932432 -0.042353835 -0.09934082 -0.18459128 -0.16678701 -0.06455752 -0.34571066 0.23533116 -0.04838856 -0.016534977 0.0333076 -0.14446543 -0.12219022 0.052305743 -0.12682208 -0.15796813 0.06194098 -0.13093339 0.025057418 0.02792689 -0.2192967 0.141664 -0.07043756 -0.025395364 -0.047074467 -0.087443 0.14122373 0.07397238 -0.24450329 -0.01139022 0.11610352 -0.032807145 0.14332195 -0.058095902 0.023155801 0.2108122 -0.18545409 0.045769528 0.1365069 0.10470996 -0.21822055 -0.050092917 0.09888839 0.110025845 0.3012494 0.035677142 -0.054887995 -0.22752538 -0.28259146 -0.0235079 0.16101289 -0.046546496 0.44630352 0.20935082 0.060996633 0.05446133 -0.0020085932 -0.22647563 0.009587315 -0.15520215 -0.44072497 -0.24147727 -0.10014034 -0.30704814 0.1241458 -0.13247897 -0.12781964 0.42837486 -0.07562734 -0.11148538 0.19332114 0.42577782 -0.0056456258 0.21861582 0.28838608 0.030917319 0.089372955 -0.07570871 0.10024286 -0.21461058 -0.03586825 -0.0989461 0.32063442 0.053049874 0.03783257 -0.013573796 -0.043531656 -0.20947587 -0.17716846 -0.15386447 -0.32569295 0.321719 0.099109866 -0.16788438 -0.18138155 0.10210255 -0.25650623 -0.23562114 0.1648799 -0.05172017 0.15529555 0.23404537 0.10602689 -0.090974204 0.1958713 -0.18166772 0.20705788 -0.11908471 -0.22315413 -0.1200929 -0.014167085 -0.037896954 0.20522162 -0.03506535 0.12992838 -0.1483768
FIN -0.04925858 -0.18347068 -0.024364071 0.3481382 0.09638043 -0.14342739 0.160314 -0.084509686 -0.20482 -0.31279883 0.16214706 0.0333205 0.09806208 -0.005756267 0.40652895 0.19304618 -0.17590392 -0.17134461 -0.303431 0.0836887 0.01634841 -0.08637971 -0.2397005 -0.15108152 -0.17158143 0.0039629317 0.13425317 -0.049125854 -0.13364525 0.050383244 -0.01977809 -0.04054186 0.022292104 -0.007329058 -0.20760322 0.14360283 -0.19304025 -0.043168653 -0.048019566 -0.06257442 0.12285168 0.26678377 0.13540223 0.09531023 0.19620593 0.11264148 -0.33282784 0.11741462 0.28994554 0.08843206 0.18360166 -0.075049646 -0.07358215 0.37224704 -0.07080848 -0.20203663 0.26333255 -0.12860669 -0.26913252 0.21202496 -0.13341877 0.14763516 -0.057244986 -0.34749046 0.47823992 0.05507934 -0.17769158 -0.11208047 -0.059582066 -0.1823934 0.039059225 -0.43404567 -0.13084498 -0.21556483 0.13024576 -0.07546379 -0.07548159 -0.22888856 -0.022514274 0.14517896 -0.07101461 -0.096768886 0.22959076 0.2585534 -0.0759653 0.11268597 0.05120894 -0.10062671 0.02418525 -0.25316694 -0.14504986 -0.04249283 0.11974641 0.09606566 -0.040333085 0.15777804 -0.08569927 0.0025354458 -0.117186226 -0.18934281 -0.44226205 0.13823646 -0.066253625 0.18667604 -0.15183108 -0.2656131 -0.17642815 0.15383664 0.16944818 -0.18981527 0.3623692 -0.21730597 0.1856666 0.15891266 -0.072816975 0.069672264 0.23021664 -0.12246338 -0.066857435 -0.08485564 -0.0843416 -0.16889513 0.04434151 0.0059100837 -0.2682135 0.069848344 0.24594456 0.074766695
TUR 0.055730864 0.017865913 -0.07791698 0.26621956 -0.04360099 0.31392497 -0.048487354 -0.13748449 -0.12008633 0.025033256 0.14292021 0.048658654 0.3761698 -0.095844 0.2515849 0.30546167 -0.10520192 0.107222244 -0.23446403 0.09794633 -0.015807316 0.07622764 -0.023300778 0.27629924 -0.24028486 0.2038357 0.2401203 -0.09955193 0.06758047 -0.026617935 -0.21135889 0.36464292 0.06579313 -0.1380992 0.097016975 0.09464966 0.036118016 -0.05163047 0.129104 0.0037256703 0.11322988 0.10326961 0.0015697492 -0.15417868 0.24771996 -0.032160863 -0.36695325 -0.030201148 0.11836435 0.040493805 0.0884758 0.0005372741 -0.029724618 0.2130256 0.029726045 -0.1503831 0.3337489 -0.09616801 -0.023400696 0.164241 -0.23163854 -0.09982041 -0.2574046 0.027374063 0.12945984 -0.18878128 0.0018653771 0.21922411 -0.080573276 -0.21489736 -0.045276564 -0.09426474 -0.22259994 -0.08930372 -0.075063884 0.1050364 0.036691178 -0.0031970993 0.19470626 0.49074465 0.105673455 -0.23005372 0.21043305 0.20533036 0.11990025 -0.04736244 -0.011812093 0.020511732 0.24011831 -0.104010314 0.057718728 -0.1029476 0.25373352 -0.005952763 0.12470524 0.1653823 -0.27731803 0.23638354 -0.29853627 0.15721652 -0.21178177 0.17223965 -0.24782656 0.19384047 0.2188763 -0.17663202 0.20788048 0.13331743 -0.026727753 -0.037098188 0.11151063 -0.29466677 0.2744778 0.12473766 -0.0462986 0.23500285 0.17471305 0.13587263 0.044643927 -0.06424684 0.07438661 -0.14508183 0.1182455 0.0020713161 -0.036822986 0.08700571 0.2365794 -0.15645634
THA -0.070234865 0.23283562 0.16662382 -0.031859156 0.03339658 -0.12669031 0.03388337 0.075799905 -0.09932476 0.22753495 0.44319317 -0.04896375 -0.097305104 -0.17733134 -0.32341272 0.20997196 -0.20200463 -0.03259774 -0.018136652 -0.07588775 -0.070245385 -0.018767182 0.100611456 -0.2681784 -0.21807075 -0.08096055 -0.3276718 0.14629342 0.016342774 -0.12095687 0.16577004 0.1263578 0.0026439375 0.16549522 -0.16483407 -0.032982867 0.2197916 0.10984576 -0.20483607 -0.009220726 -0.0719776 0.3533549 0.07522149 -0.25110602 0.15477315 -0.07365023 -0.08194859 -0.12312041 -0.19390087 0.041536443 0.15941872 -0.021456674 -0.068517976 -0.07194631 0.25129429 -0.16724043 0.14734516 -0.003769499 -0.17408058 0.098530374 -0.06955881 -0.06506436 -0.15112475 -0.1819705 0.0030031877 -0.26357982 -0.01171912 0.08045621 -0.1390968 -0.21663082 -0.09624401 -0.059748065 -0.20018598 -0.23854823 -0.12766044 -0.20481968 0.12249824 0.033348963 -0.1273141 0.30558795 0.20086642 -0.20648307 0.099977545 0.1308072 0.2864679 0.040500667 -0.10687166 -0.27355346 0.16016899 0.051426254 -0.15653688 -0.028915085 0.2161801 -0.0068189157 0.19144785 -0.13211276 0.0710951 -0.06920182 -0.12914838 -0.23183854 0.039352752 -0.37234056 -0.34693682 -0.03980392 0.22892763 -0.1671717 -0.044549335 0.2219322 -0.023205912 -0.10952655 0.17944366 -0.05071734 0.2914303 -0.040381026 -0.09241345 -0.104829766 -0.030308517 -0.055841193 0.0794777 0.066925235 -0.16510427 -0.18826301 -0.27042243 -0.13474846 -0.07928781 -0.1825748 0.16696686 -0.4274166
IDN -0.08697919 -0.0747557 -0.024090596 0.20759049 0.16349418 -0.1297796 0.03487253 0.14144179 -0.26652712 0.13741657 0.41632435 0.041871168 -0.014496847 -0.28529945 0.3005892 0.09416648 -0.15094939 -0.2999732 0.089507505 0.021542894 0.14388606 0.019741016 -0.30617043 -0.23160471 -0.22734107 0.32514614 -0.08175324 0.28016716 0.054619454 -0.06879289 -0.019712284 -0.1246677 0.111760266 0.19769666 -0.10540435 0.023479326 0.06952952 0.021179788 -0.21209577 -0.04480189 0.12460362 0.3273246 0.18338838 0.10761406 0.22266333 0.032819606 -0.056301855 -0.03610434 -0.056874055 0.032507956 0.13159277 0.050515145 0.1373542 0.14329217 0.119855404 -0.03286631 0.23804154 -0.021800749 0.018935625 0.21119268 -0.059330724 0.14126234 0.45099238 -0.021502094 0.14272942 -0.06741217 0.09509016 -0.19851288 0.08111769 -0.16132763 -0.026785403 -0.11884716 -0.31191483 -0.12062679 -0.020557178 -0.055275656 0.14728099 0.039935403 -0.14144476 0.06544636 0.08790829 -0.25726208 -0.14920191 0.18495408 0.0895616 -0.06282011 0.057689603 -0.026289755 -0.10477754 -0.06678194 -0.080167204 -0.026870463 0.006772554 0.2448435 -0.038985893 -0.26763886 -0.16467552 -0.24437305 -0.15562686 -0.058210608 -0.21525162 -0.05202439 -0.14069393 0.01585695 0.0540715 -0.08955808 -0.056722715 0.12542997 0.16312324 -0.111410625 0.22902746 -0.13913384 0.15736566 -0.082258224 -0.1533804 -0.060213618 0.10375698 -0.22391501 0.11809343 -0.046655506 -0.21124792 -0.14678957 -0.16273467 -0.10376929 -0.147604 -0.20526263 -0.066552825 -0.15837848
OMN -0.084692195 0.290924 0.23950827 0.04679364 0.023158593 -0.08367886 -0.09044689 0.15975082 -0.045942746 0.18081924 0.36425564 -0.14626306 0.0072964774 -0.04827852 -0.3150037 0.106109135 -0.1654704 0.07926543 -0.21085735 -0.04922202 -0.048509505 -0.08985765 0.13342513 -0.16771568 -0.08232877 -0.15131514 -0.2992088 -0.019923057 0.032046627 -0.11543816 0.1469363 0.2669946 -0.13010852 0.07190524 -0.03838965 -0.13117515 0.15206224 -0.017453907 -0.041007023 0.11107739 -0.036084212 0.30146924 0.09460339 -0.20045602 0.10529397 0.030214438 -0.14316005 -0.12576464 -0.07911202 0.03904089 0.09735156 -0.08905435 -0.10188816 -0.035008185 0.28717235 -0.15160026 0.2072403 -0.081514396 -0.1881839 0.13890354 -0.06021239 -0.06298655 -0.23730484 -0.11521384 0.093407616 -0.29547542 -0.16672006 0.10092696 0.022444952 -0.19845854 -0.13623896 -0.045963183 -0.2014776 -0.2395678 -0.06665808 -0.21725284 0.24020918 -0.15745085 -0.13406914 0.38250497 0.052098956 -0.19760193 0.1575977 0.054541145 0.18196198 0.13850598 -0.095446944 -0.1635435 0.09634769 -0.15049618 -0.1454303 -0.1112478 0.2152317 0.026548317 0.25524813 -0.037424237 0.002637609 -0.06120955 -0.13180766 -0.27650607 -0.024663867 -0.39114642 -0.2638065 -0.10452452 0.22209491 -0.16504258 -0.007862163 0.24492952 -0.027404604 -0.16448894 0.16537209 -0.20915143 0.3336053 0.045426615 0.042308357 -0.015661923 -0.046496753 0.014444338 0.087374985 0.029184056 -0.09719418 -0.20148294 -0.16558316 -0.1453946 -0.07344923 0.012674075 0.26578447 -0.43551192
CZE -0.03856346 0.051880557 -0.035376765 0.40157223 -0.082011394 0.1485085 -0.08852767 -0.019402124 -0.14880346 0.041370086 0.14982148 -0.014329988 0.34181282 -0.14937624 0.07243993 0.2187738 -0.13025773 0.08971151 -0.26303327 0.052186668 -0.024230417 -0.02657589 -0.029391335 0.17886537 -0.115786366 0.022839108 0.18718125 -0.03268378 0.061972737 -0.021427203 -0.040546976 0.3138289 -0.05650256 -0.023455534 0.14385694 0.0200298 -0.0964896 -0.11800741 0.13233826 0.09035275 0.18318485 0.120555736 -0.02372417 -0.12400709 0.24468774 0.06324784 -0.32317352 -0.049824763 0.16411597 0.046721388 0.0053449906 -0.003613859 -0.107719 0.15498985 0.13444187 -0.25626877 0.3864896 -0.08295345 -0.1508234 0.13736807 -0.039179116 -0.050849847 -0.28191903 0.03425272 0.16897804 -0.21633893 0.01586417 0.19651586 0.024614079 -0.14838116 -0.12892182 -0.13374057 -0.18220462 -0.14814807 0.054575805 0.08097193 0.27935103 -0.15630978 0.17539656 0.43151227 0.114967786 -0.22674344 0.23308347 0.14611411 0.04689013 0.06932054 -0.11490199 -0.052181363 0.062476564 -0.28695482 0.085677594 -0.02762057 0.2993619 -0.080323495 0.15236141 0.121817365 -0.2831203 0.04113716 -0.26115438 -0.021821454 -0.27354997 -0.050135646 -0.19058348 0.08658692 0.24406399 -0.20010346 -0.0066978363 0.20877779 0.02415517 -0.09717873 0.10711501 -0.2663154 0.41002592 0.13272719 0.09821068 0.1074067 0.15129521 0.04331181 -0.044273864 -0.076601535 0.032862037 -0.10523123 0.12157703 -0.08561999 -0.023180507 0.23195247 0.48001975 -0.28713414
PHL -0.10724039 -0.067403615 -0.047321383 -0.02635127 0.22296995 0.01621114 -0.03075504 0.089888245 -0.24540493 0.15869315 0.49475932 0.07804568 -0.10838581 -0.155861 -0.12236042 0.041835397 -0.1518329 -0.26045772 -0.02841174 -0.009927142 -0.0032998705 0.18891476 0.046341807 -0.34412527 -0.4072726 0.14133063 -0.16959219 0.21205105 -0.030020485 0.035371017 0.036319483 -0.0094802845 -0.023559153 0.2225869 -0.10992928 -0.0516109 0.27943107 0.10090637 -0.30336237 -0.03181278 0.19280154 0.36226344 0.28405106 -0.10979404 0.311444 0.18006948 -0.03195821 0.004228968 -0.21225634 0.079424955 0.20223346 -0.007921277 0.09581271 -0.02473545 0.054198693 0.06341368 0.12829097 -0.069448836 0.043140583 0.008283233 -0.17786291 -0.09878524 0.20151642 -0.15414143 0.11788635 -0.046731614 0.0836243 -0.028915606 -0.026147038 -0.30221668 0.1520503 -0.19639684 -0.30986595 -0.1866723 -0.058595892 -0.15213087 -0.071772985 0.08726582 -0.24349251 0.017211718 0.28681576 -0.1832883 -0.15470538 0.17850678 0.24725568 0.09005451 0.12440666 -0.16160706 0.119691 0.016395291 0.03514646 -0.026142165 0.21529236 0.18160838 0.024283828 -0.018988553 -0.16737966 -0.31240192 -0.1627455 -0.22297189 -0.16000472 -0.062466 -0.21357684 0.039835133 0.22546151 -0.17742425 -0.031811427 -0.029942984 0.0047814683 -0.010903316 0.24362853 -0.12781723 0.28603685 -0.031372987 0.06268909 0.011533267 0.10808196 -0.19342394 0.16365834 -0.004321297 -0.1520273 -0.3110594 -0.20612936 0.008315801 -0.13886796 -0.17360468 -0.07535462 -0.3503933
UKR -0.032517694 -0.021682916 -0.015966529 0.35554916 -0.033316948 0.18268032 -0.15054716 0.06830414 -0.1730392 0.03516426 0.18516761 0.08876485 0.2694672 -0.118261196 0.25449502 0.18179151 -0.06802981 0.048737314 -0.18848088 0.053263992 0.09674376 -0.0027947407 -0.16674638 0.17863409 -0.080069885 0.21366274 0.22677636 0.014457 0.14984028 -0.04986346 -0.05241403 0.22196224 -0.027964516 0.00544356 0.11574583 0.10395645 -0.1603107 -0.11467817 0.092167415 0.03198934 0.22401887 0.16761227 -0.027277134 -0.09367912 0.24986234 0.026386682 -0.26668146 0.020786263 0.13006768 -0.015794558 0.022424174 -0.026777528 -0.06799932 0.19932581 0.046876997 -0.1965553 0.38062862 -0.028216867 -0.033452302 0.1492199 -0.07295887 0.007858126 -0.0536361 0.11579035 0.22975458 -0.17835692 0.0015647114 0.14029911 0.113334924 -0.20305403 -0.13759439 -0.12806727 -0.18441948 -0.13139354 0.019639488 0.11154626 0.28615162 -0.11825721 0.1601542 0.3709955 0.04430829 -0.28887683 0.1968331 0.15536077 0.005024403 -0.035245296 -0.0757364 0.023649521 -0.013487454 -0.30619475 0.088640876 -0.050332513 0.24109627 0.04285625 0.123492956 0.058949407 -0.31416416 0.015942778 -0.26913738 0.025140932 -0.34974718 0.026309123 -0.14672026 0.10323169 0.23764655 -0.14259489 -0.02834713 0.24606176 0.12616114 -0.070512824 0.10445847 -0.34918767 0.3069025 0.10408575 -0.011951 0.16106665 0.18574658 -0.035366785 0.14088365 -0.04331099 0.053684235 -0.0907283 0.11971022 -0.051152445 -0.07667305 0.16724525 0.2868169 -0.13106665
TON -0.09218912 -0.2645698 0.0014066895 0.29973555 0.1719125 -0.3432454 0.20871755 -0.07985661 -0.19196011 -0.19095649 0.28016305 -0.06671736 0.003112279 -0.053943276 0.39480227 0.30881748 -0.17377612 -0.31932268 -0.17954177 -0.013872821 0.10312989 0.01108471 -0.31810835 -0.2724417 -0.05203125 -0.030179227 0.12133966 0.115301795 -0.042280573 -0.09538837 -0.041286334 -0.10743691 0.12543981 0.20300478 -0.26932395 0.20364463 -0.07419856 -0.06974538 -0.21022563 -0.016681243 0.20157804 0.3132786 0.15804315 0.10390215 0.15840794 0.17466576 -0.22390023 0.00195294 0.18640009 0.05541567 0.16271 0.11157295 0.040927324 0.2060138 -0.16001806 -0.1466221 0.20863695 -0.036028977 -0.15449151 0.176936 0.044623766 0.20405902 0.19522984 -0.3769225 0.4257236 -0.026043732 -0.1202571 -0.24200663 -0.075604804 -0.09224601 0.015184883 -0.40779054 -0.1749621 -0.035742052 0.11969614 -0.117825285 -0.033620536 -0.19593987 -0.1482923 -0.039327238 -0.11112538 -0.20456055 0.06680991 0.16649517 -0.0029958624 0.0962581 -0.017004644 -0.14471327 -0.05276871 -0.206781 -0.1542415 -0.0828806 0.15509868 0.08358825 -0.016395621 0.1528295 -0.13606341 -0.18389063 -0.15306367 -0.19147183 -0.30415097 0.1673253 0.024648318 0.09336283 -0.058959723 -0.25831568 -0.29812175 0.16974306 0.1851807 -0.14164016 0.3858423 -0.18537562 0.22978309 0.07601824 -0.08094561 -0.1033152 0.1390609 -0.22887865 -0.14697067 -0.16128846 -0.09517083 -0.08034672 -0.09400172 -0.005556515 -0.29360354 0.011459365 0.16460782 0.19369166
MLT -0.08816507 -0.11715086 0.13148017 0.07214795 0.07275893 0.022728017 -0.16534877 -0.06571009 -0.15232937 0.16894542 0.079031006 0.03166435 0.17361112 -0.08110284 0.06064091 0.19602343 0.06806383 0.18522902 -0.06381271 0.22864828 0.0016006549 -0.1277621 -0.26360747 0.057218805 -0.028722443 0.15181185 -0.14117146 0.038352065 0.03149311 0.018828629 -0.24793588 0.19210242 0.3117106 0.07609999 0.13389792 -0.12648639 0.47280043 -0.2635558 0.11150836 0.16548638 0.00019800366 0.02207192 0.38235626 0.13101849 -0.00089768413 0.08959604 -0.11321104 -0.28025097 0.03032773 0.017302597 0.14181507 -0.048523508 0.28355014 0.11835629 0.21636552 0.0761797 0.30766952 -0.09516889 -0.24707097 0.2531631 -0.14988828 0.017484825 -0.02565059 0.07290631 0.09120252 -0.026102573 0.0363187 -0.0395977 -0.073679894 -0.1321681 0.2493646 0.09079374 -0.5621176 -0.00419882 0.17679219 -0.18485373 0.109578684 -0.09834165 -0.064826876 0.20983844 -0.14266884 -0.17754722 0.058720205 0.26904264 -0.079461895 0.26088223 -0.032569457 -0.062034443 0.098685816 0.047068704 -0.12432854 0.0022497869 0.0537656 -0.21831469 0.3465385 -0.105551094 -0.24007773 -0.28861547 -0.006540793 -0.20599717 -0.3166002 0.050905697 -0.125741 -0.09772278 -0.120212585 0.14458409 0.10966124 0.13768743 0.1902726 -0.17018102 0.08276387 -0.24066429 0.0057110637 0.13856214 -0.25665653 0.086304985 -0.08372872 0.21427648 -0.19375446 0.011235413 -0.17033058 -0.09085144 0.090455815 -0.07993601 0.018360334 0.044329047 0.015673732 -0.2111934
CRI -0.01624327 0.05291993 0.18750781 0.38642955 0.062105242 -0.21885234 -0.09254047 0.06284976 -0.22592963 0.15020147 0.22161873 -0.04231226 0.17919974 -0.27457586 0.18701132 0.18701509 -0.032370996 0.211689 -0.05491245 0.12621528 -0.0014237443 -0.35191983 -0.28157362 -0.055484593 0.008482242 -0.16601226 -0.27355787 0.051501542 0.06675406 -0.15852043 -0.22987826 0.27781722 0.46152788 0.5330402 -0.096146874 -0.08493587 0.59146994 -0.039015625 -0.0041760574 0.32135528 -0.06884795 0.10846959 0.30542782 0.09772218 -0.026612833 0.03745507 -0.16363999 -0.1839068 -0.09741196 0.24108168 0.025066173 0.113830745 0.20289493 0.029565256 0.36060485 -0.00041857967 0.18149112 -0.25721052 -0.14819449 0.24804667 -0.014775574 0.11191884 0.10082678 0.00510714 0.061859146 -0.21094425 0.12695208 -0.011902003 -0.23230635 -0.080182455 0.004217668 0.07849799 -0.5307753 0.15271422 0.033213552 -0.17665517 0.15969358 -0.35106498 -0.1740884 0.32616553 -0.4006277 -0.291739 0.20386577 0.2081055 0.09057549 0.43231827 0.002493768 0.059368577 0.072685525 0.073101416 -0.08141616 -0.17579491 0.03247049 -0.31011802 0.5502323 0.023417858 -0.13250488 -0.28964397 -0.12910993 0.0003492449 -0.10269123 -0.013201634 -0.051025424 -0.068617664 0.100824565 0.015220474 0.31279376 0.018316397 -0.04089441 -0.22781922 0.10051408 0.15349449 0.29194286 0.009478573 0.07307767 0.03653102 -0.18203956 0.23017116 -0.1093667 -0.20669398 -0.32795534 -0.14451928 -0.05698433 -0.13455321 -0.13536459 -0.06248745 0.097833045 -0.17961976
JOR 0.08819959 -0.0793924 0.09055454 0.30898377 0.07498561 -0.035264958 -0.11592691 -0.019984057 -0.10766657 0.19772995 0.55282706 0.22305508 0.21226978 -0.21604769 -0.041533187 0.35428333 -0.02813832 -0.2699743 -0.053475235 -0.040359795 0.021917377 0.07224213 -0.12188756 -0.39660388 -0.4440678 0.35790345 -0.2154335 0.07933896 0.0021860425 -0.24653125 -0.04080173 0.10690259 0.082646914 0.14816548 -0.2823885 0.22114986 0.15365832 0.124054044 -0.0028506545 -0.06678456 -0.116208084 0.2270153 0.14445142 -0.17216824 0.380319 -0.28781047 -0.1421802 -0.07700225 -0.2632596 -0.0877938 0.07905562 -0.24976097 0.02062162 0.06458185 0.13631421 -0.24035372 0.34088442 -0.16138229 -0.089896046 0.12390167 -0.11343235 -0.11565619 0.009640982 0.20650548 0.042468697 -0.2126572 0.15623192 0.15420358 -0.1681582 -0.16356736 -0.04657759 -0.11249892 -0.009016863 -0.18955317 -0.15202655 0.06183978 0.09541208 0.12681861 -0.0027603316 0.2793274 -0.012904701 -0.07946009 0.14201525 0.08519693 -0.037445825 -0.1213073 -0.119661205 -0.12302043 0.23360875 0.072230935 -0.27759257 0.21391289 0.08462172 -0.06050121 0.06610066 -0.3230306 0.098863274 0.13664386 -0.1420462 -0.15750736 0.0008428605 -0.20266052 -0.4170732 -0.032955717 0.0021289191 0.050934866 0.010120096 0.124865614 0.27394488 -0.034063403 0.10314038 0.088609375 0.08673026 0.010857442 -0.45850173 -0.13310333 -0.09974733 -0.16743632 0.19791792 -0.04344509 -0.13821305 -0.14000891 -0.18998288 -0.107523315 0.10123512 -0.39687857 0.050035838 -0.23121823
GTM -0.14374496 0.07921823 0.070517175 0.10199789 0.12527792 -0.21088523 -0.058177713 0.08749933 -0.23374343 0.1601561 0.3895746 -0.14415455 -0.034228284 -0.1417747 -0.081573375 0.22484306 -0.0755544 -0.08366322 -0.097686835 -0.053968884 -0.11589588 -0.24443172 -0.07033894 -0.14166163 0.11559607 -0.33609816 -0.16069181 -0.011532616 0.034783024 -0.16236603 -0.06336738 0.22314852 0.2633706 0.5400565 -0.17913638 0.07656093 0.4585886 -0.014902374 -0.21919559 0.18569136 0.08027218 0.15897483 0.37347534 -0.08603412 0.062291935 0.15583666 -0.10005769 -0.27625635 -0.09423729 0.15692364 0.1884126 0.15589485 0.022746911 -0.17911536 0.2535948 -0.022512874 0.21996708 -0.069415934 -0.021617366 0.067511745 -0.015479165 0.029189456 0.08223873 -0.23155285 0.07907805 -0.3223483 0.073903605 0.060716957 -0.24048355 -0.15914679 0.010464521 -0.06811801 -0.47172144 0.104526155 -0.0149201 -0.31912935 0.23720351 -0.2580789 -0.2384864 0.26613465 -0.18656982 -0.3474772 0.11179384 0.1120275 0.17088018 0.36505425 -0.036565613 -0.089852914 0.08902864 0.042151242 -0.07414445 -0.16283432 0.16386966 -0.2862786 0.4491369 0.056389384 -0.05798184 -0.43419954 -0.19541477 -0.1281337 -0.059297137 -0.11537982 -0.1679782 -0.10456129 0.2693673 -0.09367722 0.065724626 0.18474066 -0.15026182 -0.13701332 0.13499023 0.1459741 0.4532553 0.036033835 0.24822566 -0.18766454 -0.14262362 0.038481258 0.006966384 -0.16757497 -0.21736848 -0.114621565 -0.2673318 -0.15601408 -0.16307004 -0.03756764 0.2087338 -0.24608746
MAR -0.0063783284 -0.0350434 0.1183401 0.4684977 -0.07323805 -0.028049033 0.024367083 -0.06443047 -0.13581567 0.02113494 0.41658583 0.25406876 0.26757112 -0.120221786 0.107166566 0.4055376 -0.16646744 -0.09151899 -0.1441555 0.024399612 0.019113725 0.0064539826 -0.09954678 -0.26966587 -0.36084118 0.19990617 -0.058902796 0.12003583 0.02821156 -0.17152074 -0.05013 0.16109553 0.12891173 0.15134864 -0.24788946 0.20935184 0.0013563299 0.14850606 -0.043603454 -0.06075609 -0.023540657 0.31877074 0.02200282 -0.1797868 0.34110737 -0.14788742 -0.12844767 -0.009658256 -0.064835824 -0.07447948 -0.0049446984 -0.10600224 -0.053131368 0.11259479 0.14692572 -0.27608633 0.32618374 -0.19267178 -0.12238555 0.13695183 0.027065977 -0.07524434 -0.14064448 0.030600587 -0.062141515 -0.20219275 0.17708862 0.19875142 -0.11703402 -0.08298453 -0.03582682 -0.12607771 -0.07721404 -0.18902525 0.0031369063 0.17478232 0.101514265 0.047686845 0.121119075 0.23925063 0.02013555 -0.102161855 0.2426515 0.076803364 0.041956265 -0.06825062 -0.18827581 -0.15999448 0.14713646 -0.05837167 -0.14589144 0.121398486 0.14665501 -0.077234596 0.019819753 -0.14465095 -0.015391058 0.108897395 -0.2059778 0.02396392 -0.2045008 -0.069335684 -0.27993274 0.0023552473 0.08446203 0.13712032 -0.025197307 0.11582607 0.1928014 -0.027331758 0.09808962 0.081497915 0.14750041 0.003918478 -0.18290079 -0.019340761 -0.064583085 -0.14811611 0.12355267 0.014670323 -0.090062246 -0.061338287 -0.124747105 -0.014139303 0.0040470455 -0.21100667 0.2076575 -0.26432115
FSM 0.071463026 -0.28953955 0.14317836 0.032520127 0.18245089 -0.10579138 0.038003355 -0.17723458 0.18779325 0.2745682 0.3671687 0.050595403 -0.18218803 0.14052993 0.1260937 0.31574255 0.07889544 -0.28526583 -0.16840954 -0.08064694 0.051753543 0.36332142 -0.069068365 -0.41647094 0.089746624 -0.15357058 0.028006982 0.19214404 0.17681266 -0.26265398 -0.12471547 0.23043813 0.02155175 0.37028962 -0.22216718 0.14281484 0.46491408 -0.11914146 -0.26568645 -0.057880495 0.100714035 0.17657247 -0.024589047 -0.114339344 0.07828608 0.17210984 -0.22689492 -0.07340599 -0.36442044 0.038296994 0.0398902 0.13296787 -0.015444289 -0.18975575 -0.18722065 0.051633872 0.16169238 0.08235944 -0.04475872 -0.04627528 -0.06367011 -0.045195885 0.4390358 -0.19268578 0.13512291 -0.13014208 -0.027679246 0.08264062 -0.2568091 0.084571265 -0.029731594 0.0010968348 -0.40308136 0.13681997 -0.102016084 -0.27844477 0.030018365 -0.08838673 -0.2929646 0.057444293 -0.20654958 -0.3392341 -0.08111063 0.040799923 0.30869475 0.0075697433 -0.02979854 -0.2756311 -0.029774157 0.2942628 -0.15772918 -0.16398223 0.377475 -0.31710956 0.3954002 0.06916793 -0.020768646 -0.5620835 -0.09946076 -0.09695572 -0.0081725 0.20526987 -0.13027643 -0.10789508 0.17797327 -0.22683464 -0.37759903 0.33854863 -0.008007634 -0.015832402 0.13857517 -0.35964936 0.22200802 0.017026706 -0.098480456 -0.11128832 -0.057049844 -0.10774547 0.28490308 -0.207222 -0.06818168 -0.048159618 -0.20117562 -0.1348152 -0.019251602 -0.04803439 -0.07103731 0.39349583
BLR 0.03596588 -0.0668622 0.11235388 0.29089096 0.03314764 0.05742011 0.16395828 0.020925824 0.0409805 0.12465516 0.2592311 0.10419442 -0.008389989 -0.14143129 0.11992579 0.17647551 -0.07685138 0.14376618 -0.13115133 0.00057925045 0.034454074 0.29726174 0.02273786 -0.27379045 -0.29491583 -0.012525633 -0.12962335 0.1645049 0.14085892 -0.035808865 -0.06599282 0.28119582 -0.004880776 0.14468709 -0.091809645 -0.14349116 0.19668697 0.02405696 -0.07431477 0.053696297 0.021941256 0.29326257 -0.09151521 -0.19159313 0.17888136 0.08396484 -0.22963656 0.145976 -0.18174104 0.13662936 0.008969695 0.06867005 0.0075446903 0.046870876 0.12470107 -0.04259071 0.107660525 -0.15382718 0.014301317 0.043906108 -0.034942757 -0.019061351 -0.07003197 -0.03188006 0.049306914 -0.14079033 -0.026736233 0.14876972 -0.02928246 -0.041215945 -0.047379673 0.02199242 -0.2012755 -0.04835472 -0.11396976 0.04241797 -0.17556913 -0.0065508415 -0.091521166 0.106321946 0.08877638 -0.14937882 0.043797333 0.059285462 0.34499434 0.1404302 0.07002494 -0.074837334 0.09623277 0.12576938 0.07475374 -0.26762453 0.29935926 0.0486226 0.08987883 0.21041793 -0.2217485 0.006269252 -0.22343546 0.07604991 0.014644155 0.06791351 -0.10517367 0.0911451 0.23893045 -0.079231605 0.085489474 -0.07040998 -0.093828894 -0.05543494 0.113160655 -0.16506043 0.24237944 0.042355303 0.013418636 0.12535748 0.09661472 0.03880063 0.052830845 -0.039847787 -0.077131346 -0.14794841 -0.008653413 0.0964477 -0.07569053 0.04037173 0.06486519 -0.03471749
PRY -0.085384384 -0.26187968 0.07696108 0.43183246 0.11818832 -0.08484264 0.08911066 -0.072146766 -0.07513739 0.121210486 0.3302874 0.32640857 0.1045286 -0.15292841 0.104931355 0.30083874 -0.054686572 -0.1407869 -0.19176221 0.061778463 0.070632465 0.37868208 -0.10348422 -0.35557768 -0.30975932 0.1454305 -0.027041338 0.101579174 0.042963818 -0.22360112 -0.2600315 0.009701814 0.23914382 0.46889153 -0.22214268 0.0322649 0.15878013 -0.090309985 -0.11977497 -0.027758725 0.04705761 0.17201878 0.12767136 -0.12861499 0.17780326 0.16104624 -0.0051074177 0.003430375 -0.19188818 -0.15155604 0.06648029 -0.0037845934 0.047299 -0.05703097 0.10323097 0.06799721 0.3486008 -0.19805293 0.02750695 -0.07430389 0.11672248 -0.00033507473 -0.09450479 0.13221249 -0.010978079 -0.118275166 0.1772762 0.24086195 -0.10244696 0.09142218 0.14891228 -0.109542735 -0.47298643 0.03354964 0.059821185 0.07301674 -0.044296432 -0.09608803 -0.05037603 -0.06070162 -0.14440823 -0.10925421 0.20489815 0.14235498 0.12821577 0.21001428 -0.09242615 -0.070861444 0.07194443 0.21129525 0.00087231456 -0.09936629 0.34892493 -0.18136258 0.13614199 0.06670061 -0.31357896 -0.20854416 -0.18572117 0.028251538 -0.24125807 0.22599705 -0.13779986 0.0005220558 0.040496837 0.2416919 -0.08113136 0.01721819 0.026595723 -0.1495465 0.09327646 0.14163794 0.034860276 0.20493354 -0.022772359 -0.121597216 -0.017312013 -0.1008731 0.14970636 -0.17486487 -0.16251242 0.0128850015 0.0055806427 0.15854183 0.006052668 -0.10314547 0.15017684 -0.013966319
LTU -0.023391264 -0.09410571 -0.02312123 0.4811316 -0.11797577 0.11629174 -0.026592653 -0.049646664 -0.15919575 -0.077641256 0.34156334 0.23147656 0.3495056 -0.16040687 0.2322109 0.30330333 -0.06057521 0.006007096 -0.16268474 0.028572273 0.069336325 -0.05002428 -0.1660871 -0.0117545435 -0.30093658 0.29250225 0.11465311 -0.008114092 0.08703079 -0.12285787 -0.09144576 0.21962889 0.17560449 0.09815301 -0.08633709 0.21007992 -0.075505786 0.0026228493 0.07075904 -0.034807373 0.11221521 0.20358825 0.054298338 -0.15711966 0.30109763 -0.10528932 -0.25354227 -0.0330789 0.15833193 -0.063023895 0.0037773866 -0.10206149 -0.030403135 0.25515875 0.071376614 -0.26548004 0.378004 -0.16981447 -0.025549123 0.17588376 0.025086856 -0.054966312 -0.18712883 0.17879769 0.109946005 -0.24832375 0.07015842 0.20675287 -0.02949771 -0.12665033 -0.083144404 -0.17104141 -0.06671018 -0.13748446 0.081774116 0.2999256 0.17966595 -0.025457965 0.20225711 0.28764856 0.027021227 -0.18211873 0.2955465 0.15033168 -0.019416936 -0.029407367 -0.15054037 -0.024848575 0.08898455 -0.17527656 -0.0336192 0.10200737 0.22139437 0.0029372056 0.019779487 -0.09170906 -0.2061208 0.19765417 -0.23014894 0.037018012 -0.36258915 0.03166454 -0.2037571 0.007917975 0.09042783 0.101042226 0.036875032 0.14816275 0.2792168 -0.055592306 0.080375 -0.05574522 0.16962072 0.10731048 -0.26087335 0.043632876 0.040035874 -0.018826978 0.08648458 -0.093386576 -0.0041271145 -0.063410595 0.08467338 -0.017224414 -0.053422507 -0.05610227 0.27261394 -0.20431392
TUN 0.04096504 0.061831303 0.21121335 0.041880008 0.02558692 0.08249823 -0.1486183 -0.023483088 0.0191696 -0.10180068 0.07871703 -0.0009689175 0.11772245 0.10965039 0.19830275 -0.048022527 -0.11278045 0.010257469 -0.20533998 0.146777 0.14199643 -0.19917865 -0.07361124 -0.0655265 -0.3157312 0.089795455 -0.054568943 -0.10181414 0.013269292 0.038251568 -0.0464365 0.26899055 -0.011437063 -0.24429432 0.02158191 -0.14099024 0.1436173 -0.14640611 0.05129848 0.008252629 0.10107967 0.25193298 0.18433343 -0.00828211 0.09619317 0.19792028 -0.36278057 -0.09672957 0.15717638 0.11868258 0.14472117 -0.11572003 0.009831924 0.28015828 0.008424861 0.0013909811 0.23965253 -0.17626312 -0.32700464 0.3166388 -0.31055343 0.009159765 0.03979452 -0.14711617 0.20811243 0.027985886 -0.12266176 0.013779222 0.14669469 -0.220103 0.097286366 0.11793303 -0.3834583 -0.21320659 0.13509795 -0.17536463 0.0045271674 -0.21998514 -0.01835939 0.33295432 0.080243655 -0.1193598 0.16096562 0.17518671 0.08066117 0.17919463 -0.06735894 -0.084739 -0.011393951 -0.19366105 -0.15455042 0.08359287 0.17939076 -0.025170682 0.11881846 -0.028926125 -0.110041164 -0.19849461 -0.07976051 -0.2226866 -0.37999585 0.09704028 -0.003513483 -0.068068035 -0.13904296 -0.1735229 0.03223227 0.1153228 0.2546222 -0.194845 0.10041909 -0.36177212 0.016013965 0.15933031 -0.12052935 0.27430832 -0.032256775 0.10342509 0.1002559 0.10905505 -0.07426453 -0.28537515 0.1673491 -0.10574979 -0.089967646 0.0027960893 0.07288124 -0.17409712
POL -0.031086417 -0.08305488 0.047657963 0.28405273 -0.054292858 0.05701152 -0.047937248 -0.049706593 -0.0802687 -0.1235729 0.28810507 0.18439043 0.1895145 0.03363483 0.15790802 0.13660127 -0.03963681 0.0869245 -0.33250225 0.12455449 -0.003112007 -0.06393094 -0.10127361 -0.07301088 -0.2251784 0.08996201 0.022012066 -0.07082032 0.023033308 -0.040365774 -0.04358542 0.27634728 -0.056000717 0.052889634 -0.056259338 0.058340974 -0.0025877939 -0.108092844 0.08640193 0.04316402 0.026678838 0.18943696 0.060382415 -0.06345787 0.1520921 0.06295332 -0.2832908 0.045593165 0.1551081 0.02459576 -0.022268081 -0.1439881 -0.12430348 0.20805718 0.077196255 -0.13984232 0.22070475 -0.14335188 -0.1660497 0.14617564 -0.03217794 -0.04916588 -0.23389678 0.023545004 0.26137087 -0.09566512 -0.14614509 0.14127421 0.024059452 -0.08786965 -0.03933924 -0.1658984 -0.1861091 -0.18227309 0.17733096 0.07145846 0.11996653 -0.16179974 0.079058036 0.20143938 -0.083262034 -0.15597552 0.31337044 0.200809 0.0015062812 0.12708774 -0.050034832 -0.039532866 -0.007405202 -0.16169186 -0.016162194 -0.055210363 0.18617307 -0.0094911875 0.17132367 0.08141168 -0.14159068 0.008898215 -0.044088606 -0.05851793 -0.4067205 0.04421926 -0.14711604 0.026176501 0.009749118 -0.014804317 -0.08059437 0.15961687 0.17405264 -0.11632707 0.09980834 -0.23252325 0.19357352 0.19220537 -0.119664125 0.13346504 0.08665961 0.05904881 0.0864815 -0.101534545 0.013703654 -0.11406195 0.15892157 -0.0023578578 -0.08654337 0.11952753 0.2507099 -0.10197985
BWA 0.15897667 -0.013948984 -0.0042055133 0.07286759 0.20865297 0.08815314 -0.10002549 0.113261364 -0.06812283 0.13177142 0.41129667 0.19702844 -0.17997257 -0.00079085096 0.008661839 -0.09020817 -0.11437196 -0.07198698 -0.26889932 0.12010839 -0.12652329 0.0267465 0.17492369 -0.35886824 -0.31272325 0.07561225 -0.21374272 -0.07617746 0.05938602 -0.11474038 0.092291914 0.17915888 -0.28111744 0.15167587 -0.18965486 0.029710656 0.16746256 0.038752813 0.04815707 0.043643747 -0.16683279 0.09255729 0.07329865 -0.18106073 0.193147 -0.047271933 -0.2192428 0.23766455 -0.260871 0.1305168 0.12176525 -0.009423831 -0.35245696 -0.04368598 0.024730382 0.06418437 0.14122859 -0.0076135187 0.042332076 -0.1542051 -0.22589023 -0.09239778 0.19629735 -0.063824855 0.41389674 0.08390318 -0.09571065 0.14494114 0.036038794 -0.23248589 -0.09702714 -0.12757526 -0.2911605 -0.1805468 -0.14297523 -0.29423857 -0.023673726 -0.09051423 -0.060147576 0.26471993 0.121340066 -0.07793517 0.1385916 0.16600995 0.20309326 0.14695273 0.26375937 0.025028778 0.006538519 0.12070426 0.09866529 -0.194317 0.113781475 -0.012001172 0.19441621 0.030256484 0.059031073 -0.08189646 -0.081326604 -0.032292128 -0.02023762 0.02208748 -0.30460346 0.2518042 0.12898485 -0.22975288 -0.16928206 0.0618661 -0.12181012 -0.08300682 0.1118427 -0.16058414 0.16948473 0.13206859 0.09813844 0.10296738 0.25475913 -0.063986726 0.3163623 -0.08836002 -0.05715706 -0.17221624 -0.08535679 0.03532721 0.007869934 -0.028761223 -0.137502 -0.064575106
SVK 0.035981223 0.03346845 0.07621366 0.3869385 -0.051748145 0.3241749 -0.12183389 -0.006141544 -0.024103852 0.03990162 0.2315821 0.22543536 0.23602626 -0.012038596 0.29769605 0.10451574 -0.09994579 0.16167131 -0.22706248 0.18916383 0.080956765 -0.012020279 -0.12791796 0.021583203 -0.29090482 0.24500656 0.102278605 0.00730079 0.15630707 -0.027369428 -0.05806672 0.41134107 -0.04614445 -0.09493055 0.08524429 -0.018505726 -0.051206645 -0.12256115 0.12619105 0.05841333 0.06343363 0.1840402 -0.0031692039 -0.10100644 0.20948696 -0.0055163647 -0.350561 0.08568391 0.07793406 0.010757428 -0.018591812 -0.053771764 -0.060696695 0.28036386 0.11058013 -0.13984771 0.36904362 -0.1181424 -0.11830496 0.11490782 -0.16493413 -0.06523555 -0.08295102 0.09982288 0.11507933 -0.101758234 -0.026390452 0.22994901 0.16929373 -0.102190964 -0.048836548 0.056446817 -0.18372943 -0.20021616 0.05510798 0.12368127 0.16989781 -0.096385345 0.16895808 0.3709698 0.077309184 -0.15624227 0.18772155 0.12179503 0.05923072 -0.074197665 -0.04988575 0.047865182 -0.03116087 -0.11692647 0.06379538 -0.09392539 0.22884005 -0.0029052994 0.10805322 -0.027198505 -0.23382255 0.03741533 -0.17059164 0.04651942 -0.3023204 0.039718628 -0.14654432 0.024371268 0.11788742 0.04869636 0.04370841 0.16407856 0.15185669 -0.069355205 0.0025204998 -0.3769032 0.14676934 0.118364505 -0.09900975 0.3076463 0.14112128 0.043543488 0.18295695 0.06821555 0.07082452 -0.12131532 0.20177098 -0.019685486 -0.04504864 0.040679872 0.12260086 -0.18565798
HUN 0.034786317 -0.056116622 0.108982794 0.4413921 -0.13040137 0.09842068 0.064446 -0.001671897 -0.01907229 -0.0057711853 0.14036886 0.12950383 0.23163341 -0.13162822 0.3344635 0.29405373 -0.080026984 0.28737107 -0.15500915 0.07133111 0.053834677 -0.025301639 -0.12906982 0.1198852 -0.15292504 0.071302675 0.08003484 -0.026504457 0.08359638 -0.03215213 -0.1528309 0.33077347 0.11433645 0.028896835 -0.018175213 0.015791921 0.0414309 -0.09595218 0.14067791 0.06283738 0.0806374 0.18353334 -0.13602696 -0.08290307 0.09926416 0.03731907 -0.35130098 0.041210208 0.06771589 0.07102301 -0.08468718 0.022631127 -0.01843792 0.24589562 0.15354773 -0.16166733 0.26882625 -0.13258171 -0.1355703 0.22311065 -0.043064885 -0.0077453856 -0.1908384 0.060177755 0.07832411 -0.19441469 0.030584523 0.16152927 -0.07292335 0.014425095 -0.11262232 0.046462234 -0.23394933 -0.0024541873 0.01594817 0.08809688 -0.00024694152 -0.14387453 0.13668357 0.30125234 -0.06239315 -0.22898185 0.30915254 0.15907614 0.16122176 0.017176017 -0.043084078 -0.016345194 0.0398766 0.030984396 0.03804407 -0.11191252 0.24809049 -0.040681187 0.15705411 0.11153739 -0.33757496 0.07362225 -0.22295356 0.20600584 -0.23805983 0.12343274 -0.13187918 0.053760193 0.16970277 -0.091891006 0.10234492 0.09806397 0.03058072 -0.099880986 0.092887565 -0.25541937 0.2839045 0.10168517 -0.10802479 0.25338393 0.095249765 0.11477822 0.043307837 -0.02928131 -0.028953835 -0.16477193 0.17254645 0.0137043325 -0.09955424 0.14470375 0.30278933 -0.029067483
AFG 0.007585193 -0.09577923 0.042199146 0.062019575 0.114308216 0.07894378 -0.068750754 0.14100198 -0.06775394 0.2963523 0.41025752 0.14031921 0.0012677667 -0.20366035 0.12211887 0.06076368 0.07507013 0.014877862 -0.039925106 0.042090993 0.049837552 0.21720698 -0.18554029 -0.23159803 -0.29141566 0.27258858 -0.267389 0.1489599 0.057485174 -0.08037127 -0.08081844 0.122230455 -0.06753007 0.08957534 0.003799199 -0.14223292 0.23961821 -0.10050995 0.017353108 0.0064275567 -0.05314457 0.21968883 0.085669845 -0.01504675 0.04707208 -0.043708667 -0.1292385 0.06842359 -0.16657418 0.049018912 0.08613811 -0.1618104 0.057863582 0.06865766 0.20011793 0.0033974282 0.10811815 0.004253461 0.07152686 0.14777857 -0.08779823 0.040218044 0.15591978 0.2216002 0.14139667 -0.14110057 -0.15067159 0.0333349 0.10367664 -0.10219559 -0.057782378 -0.027745724 -0.29151458 -0.110578574 -0.08115459 -0.08454952 0.08398367 0.044414546 -0.11842804 0.07957457 0.056830883 -0.20455366 -0.03844674 0.19930533 0.17019443 0.05757829 0.1132413 -0.011064088 -0.0064771976 0.13369288 -0.03175173 -0.16697036 0.05827934 0.1824671 0.102402344 -0.108777195 -0.12706973 -0.06678186 -0.002987542 -0.055173866 -0.024565144 -0.063470855 -0.21794543 0.03284188 0.0401693 -0.021910336 0.058623854 0.0888806 0.062218193 -0.104340166 0.038415816 -0.23065421 0.08359747 -0.014260554 -0.30811197 0.016589202 0.089581765 -0.0008115519 0.17440666 -0.13136242 -0.084915236 -0.08426675 -0.06254498 -0.022333808 -0.08053105 -0.04093423 -0.11739776 -0.01928678
ETH -0.007973522 -0.07354734 -0.0017622074 0.3688684 0.18525396 0.0005127528 0.0396163 0.12901771 0.038874004 0.2678045 0.34393045 0.22969218 -0.091937184 -0.086402535 -0.010489461 -0.0065096896 -0.26233363 -0.09216363 -0.15039237 0.10912169 0.02210393 0.2166313 -0.010124326 -0.32639682 -0.18544284 0.23774295 -0.13449717 0.20467734 0.20531282 -0.03617254 0.16296607 0.08040759 -0.13271855 0.18076618 -0.10795149 -0.058395933 -0.045322675 -0.028911665 -0.025524976 -0.020504335 -0.2787243 0.14746377 -0.16834366 -0.0668757 0.28996107 -0.17340694 0.057093978 0.2721466 -0.27205047 0.0060813027 -0.018843554 0.13821127 -0.19757712 -0.065273814 0.14006937 -0.017636478 0.31634337 0.09670808 -0.0037702448 -0.122153595 -0.13264076 -0.032891106 0.20286447 0.008807272 0.16375601 0.07810355 0.22066157 0.05941377 -0.019464573 -0.032631237 -0.13028358 -0.04111733 -0.25867414 -0.27731088 -0.076091826 -0.09288855 0.16422832 0.156504 -0.07215724 0.21222039 0.12781641 -0.23426282 -0.007896112 0.31260958 0.22507966 -0.014682082 0.21074396 -0.12508868 0.015010894 0.07595596 0.09901077 -0.10245849 0.051930178 -0.043828424 0.15549281 -0.19021374 0.037772708 0.005279715 -0.1732601 -0.0037275918 -0.08442175 -0.20969796 -0.3570439 0.19454758 0.251946 -0.095732875 -0.30003086 0.22118713 -0.04848528 -0.115603246 0.15623456 -0.13173081 0.11523473 0.059093185 -0.11791507 -0.06092116 0.09946097 -0.29815197 0.14846937 0.035905812 -0.2057608 0.026129423 -0.048732046 -0.02349234 0.17570524 -0.07619458 0.050262097 -0.119793884
LKA 0.101002686 -0.090583384 -0.07865453 0.037195493 0.098727 0.07328647 -0.15430744 -0.035566185 -0.20950226 0.31828684 0.41236672 0.011313248 0.17938781 -0.18814471 0.048181888 0.22393234 0.076518774 -0.15464039 -0.05528663 0.021263998 -0.0069927257 0.15561694 -0.16336967 -0.25090018 -0.30075124 0.26435062 -0.15732509 0.0967489 0.059970614 -0.12448611 -0.043615058 0.105943374 -0.06159021 0.04646604 -0.1379734 0.049729187 0.26538566 0.04527858 0.00091901235 -0.03618225 -0.037257373 0.1651245 0.1707875 -0.055892285 0.3209228 -0.1597196 -0.113161325 -0.005679736 -0.24202807 0.06850001 0.18083087 -0.20707266 0.07887779 -0.01890109 0.07433525 -0.12650338 0.15729646 -0.010182105 -0.022544952 0.081881024 -0.30869716 -0.05825501 0.06052671 0.20052677 0.18231787 -0.20860064 -0.00361582 0.013751035 -0.11640479 -0.278714 -0.030342238 -0.16023505 -0.07241243 -0.087035105 -0.20757034 -0.024268432 0.0544418 0.14416923 -0.081276305 0.26302376 0.09889282 -0.120856225 -0.027881896 0.15565896 0.0035875244 -0.07707538 0.007367572 -0.15310298 0.24053647 0.015761597 -0.11207251 -0.044294287 0.028823385 0.07170021 0.11532096 -0.118802845 0.05073257 0.10001888 -0.033117637 -0.20235707 0.083536856 -0.12472908 -0.36339974 0.06644949 0.016202716 0.0043511386 0.031698234 0.09456009 0.09931956 0.002278079 0.0896308 -0.06177281 0.09441531 0.06625469 -0.3647532 -0.014220649 -0.040197484 -0.039498836 0.1455529 -0.11705418 -0.01439338 -0.0910794 -0.17426021 -0.04906834 0.049134407 -0.26081052 -0.0060258564 -0.07432354
GMB 0.11476672 0.07447499 0.22485416 0.027779713 0.005957137 0.05842776 -0.016944826 0.01545592 0.113471 -0.057718325 0.17928939 0.03196616 -0.03850441 0.06045651 0.080602214 -0.072175495 -0.13910677 0.033227723 -0.23029624 0.1017898 0.071513586 -0.11754129 0.087835886 -0.23488207 -0.39379668 0.05804377 -0.21657702 -0.09055228 0.0026792963 0.004212994 0.027206333 0.26344725 -0.12825395 -0.11943639 -0.123795725 -0.14874758 0.20420498 -0.017256822 0.028607437 0.0028848078 -0.09607534 0.25461438 0.06758363 -0.083028905 0.09048536 0.09487451 -0.3019971 0.038892087 -0.011743817 0.15530138 0.044324018 -0.14682695 -0.10662084 0.16662727 0.064945474 0.0047585997 0.12251085 -0.24441347 -0.24315378 0.2272656 -0.2588868 -0.05845521 -0.009420456 -0.10376458 0.16752882 0.017527422 -0.13756809 0.08372472 0.08544538 -0.1592385 -0.042276032 0.1109343 -0.31103134 -0.20671262 0.002131825 -0.1900598 -0.09427981 -0.14540066 -0.062190957 0.32122916 0.07635313 -0.07780608 0.21465582 0.15976751 0.21406767 0.20058632 0.040519014 -0.065902516 0.052858688 -0.011690367 -0.103360705 -0.04888427 0.2156936 0.04062518 0.14693594 0.009554133 -0.044232372 -0.08988487 -0.098986164 -0.097997606 -0.16813391 0.05015179 -0.10881349 0.013220299 -0.056698367 -0.19642152 0.054578774 0.011591712 0.14632915 -0.19279951 0.13701838 -0.27148783 0.0537363 0.15524209 -0.09874045 0.24021623 -0.011717892 0.06453153 0.20049837 0.03451511 -0.09978385 -0.31385937 0.087164454 -0.016183661 -0.066126786 -0.08664406 -0.0025768345 -0.15480426
LUX -0.079769194 -0.105594665 0.15572762 -0.10548437 -0.0490631 -0.01983842 0.0765356 -0.07914017 -0.02195346 -0.029296696 0.07617729 -0.096188046 0.07521484 0.026819685 -0.13916582 -0.074179836 -0.17566694 0.031124149 -0.38080224 0.20183022 0.2568089 -0.045055382 -0.013758998 -0.080480814 -0.44025466 0.17865989 -0.11766418 0.013844614 0.06960683 0.008995689 0.025041362 0.31003347 -0.21853578 -0.05570605 -0.06793749 -0.4098785 0.09801716 -0.26476413 0.021639045 -0.01845928 -0.07267213 0.4353154 -0.07310163 -0.05270149 0.10398338 0.20679663 -0.020279134 0.073915094 -0.050628737 0.073552355 -0.09522151 0.09458865 -0.019939376 0.1835043 -0.006598551 0.030766072 0.028925769 -0.16415466 -0.38037056 0.14322929 -0.19162814 -0.16720745 -0.3472549 -0.03502685 0.40533528 0.10164009 -0.10203759 -0.15847075 0.018943522 -0.26908827 -0.085381664 -0.101069696 -0.44025123 -0.03378993 0.108634956 -0.11146511 -0.09596491 -0.263705 -0.06265069 0.17985296 0.1162923 -0.124207824 0.36680776 0.28804368 0.18939283 0.303533 -0.13390307 -0.23735654 0.075994834 -0.31945553 0.028765764 -0.08510642 0.22094364 0.04034264 0.24453484 0.29819506 -0.25285122 -0.050398055 -0.020889724 -0.12781441 -0.3437056 0.12952158 -0.012237495 0.035682965 0.045461643 -0.24003308 -0.17101693 -0.19073446 0.21125832 -0.21365936 0.21328345 -0.33740222 0.010476 0.42089513 -0.034222614 0.4238046 0.0033295709 0.06086587 -0.12294915 0.014114489 0.0049260533 -0.3074422 0.2922148 0.096214734 -0.07408468 0.026333218 0.27770093 -0.36893818
MWI -0.065787286 0.030374773 -0.13569817 0.243465 0.3083551 -0.019614225 -0.10948336 0.15923424 -0.111002944 0.29849645 0.2278789 0.10267905 -0.085069664 -0.09957523 -0.18358304 -0.01836378 -0.25596675 -0.053960927 -0.20747633 0.14859974 -0.06028565 0.18781754 -0.0032978938 -0.164917 -0.07094715 0.13010783 -0.075793274 0.022016926 0.14310434 -0.019237056 0.16324438 0.049598325 -0.21922384 0.07192977 -0.0020642744 -0.015201895 -0.10162606 -0.08836042 0.08458991 0.019037193 -0.25720996 0.03709665 -0.029275818 -0.036588814 0.24089852 -0.13982765 0.06135769 0.20538579 -0.24969076 0.0005909466 0.15224658 0.14978434 -0.18799813 -0.1052066 0.15583366 0.021411167 0.37457508 0.21695697 -0.028034419 -0.23159581 -0.2613964 -0.030487953 0.11586915 -0.04467208 0.34673616 0.16630371 0.10291139 0.021063719 -0.04536545 -0.18267676 -0.03703217 -0.14826052 -0.2952627 -0.32313657 -0.1294726 -0.25608927 0.18964075 0.10969906 -0.1520292 0.37702084 0.15848231 -0.19691923 -0.023416793 0.4122597 0.09514682 0.06071809 0.25425726 -0.08553902 0.152919 -0.05019026 0.08058589 -0.1672915 -0.004285421 -0.07522639 0.23939028 -0.06594479 0.034276802 0.06425305 -0.11465272 -0.23973979 -0.089252055 -0.27747807 -0.4304537 0.32630497 0.23873174 -0.22879824 -0.2776545 0.21972944 -0.22102877 -0.1600981 0.2047478 -0.1606227 0.17675725 0.13302216 -0.04049045 -0.18130688 0.17783517 -0.30076334 0.08767875 -0.012393881 -0.1964412 -0.008848394 -0.103062145 -0.038932525 0.20610762 -0.018409958 0.12999117 -0.19088069
DOM -0.053721603 -0.07526351 0.17652142 0.5504897 0.06022755 -0.116492264 0.11352717 -0.04790512 0.05881983 0.051591884 0.12791799 0.03700281 0.157069 -0.13336898 0.27836475 0.17476457 0.04379335 0.38167283 -0.17822196 0.042574573 0.17430826 0.1429103 -0.1782589 -0.20944239 -0.113900326 -0.29970482 -0.09417573 0.11983802 0.23099288 -0.06765567 -0.2331202 0.38172233 0.3255249 0.48626712 -0.11443707 -0.12611786 0.4455754 -0.011960407 -0.18486966 0.14162984 0.07609975 0.22512725 -0.10484255 -0.036695853 0.061447266 0.20491712 -0.2359686 -0.0055223447 -0.15038407 0.23157865 -0.13335587 0.19265813 0.2338516 0.10942234 0.12187651 0.03941978 0.048183996 -0.24238932 -0.10873167 0.15625079 -0.057210494 0.09012397 0.034970336 -0.06565312 0.04327365 -0.13229257 0.014167654 0.01382007 -0.2734335 0.075688936 0.012770719 0.11158144 -0.43905696 0.11126563 0.030023955 0.0999017 -0.09108278 -0.20452136 -0.22224073 0.1391202 -0.36429316 -0.2874809 0.10242106 0.24179798 0.35853335 0.30421555 0.08166726 -0.07397205 0.112628244 0.107635714 -0.031768434 -0.34627962 0.29550475 -0.16183724 0.38011372 0.32106552 -0.25846195 -0.17155059 -0.1556227 0.022386843 -0.1858459 0.11478122 0.103143014 -0.06921952 0.18976593 -0.010070382 0.12710999 -0.084768735 -0.14397018 -0.18614678 0.12819053 -0.13953064 0.32912254 0.040070627 -0.04736055 0.13571483 -0.096152425 0.17986262 -0.014045622 -0.21697259 -0.24971394 -0.23398174 0.16248721 -0.01425962 -0.07721292 0.07885778 0.23518515 0.17853022
SLV -0.044554796 -0.05668633 0.005497817 0.53265077 0.09478816 -0.051299404 0.1139243 0.02292706 0.055716004 0.059240974 0.14275992 0.06323681 0.08793483 -0.18336807 0.26258427 0.08762867 -0.021268623 0.41789505 -0.13283841 0.029189441 0.05702257 0.18942231 -0.10743762 -0.26722786 -0.19450906 -0.35242313 -0.12811665 0.16599265 0.20067513 0.09893419 -0.09543627 0.3213611 0.28435877 0.4711122 -0.07904981 -0.13026707 0.43129686 0.09756161 -0.21134365 0.13151291 0.0580284 0.14465234 -0.085133895 0.045932256 0.09436812 0.14936997 -0.15961048 0.1498108 -0.12414964 0.34073877 -0.062431805 0.19362022 0.25020078 0.09159698 0.17399262 0.010906655 0.014651843 -0.15286629 -0.0027278187 0.07658271 -0.20480025 0.07925932 0.14227265 -0.15402682 0.124160334 -0.03915611 -0.0032615373 -0.020605436 -0.3040063 -0.016964959 0.069255 0.037365906 -0.3868576 -0.077111304 0.009680855 0.04384221 -0.07790648 -0.039653096 -0.26919183 0.13312139 -0.17007607 -0.3065822 -0.094377525 0.37497905 0.43696454 0.3536235 0.31875834 -0.100386225 0.21417576 0.15233058 0.02270217 -0.36216146 0.22158515 -0.11307464 0.30799776 0.28435633 -0.13100041 -0.14389724 -0.19925167 -0.055625513 -0.15077281 -0.010290603 0.035170045 0.046649273 0.25688598 -0.103021316 0.21854621 -0.07533186 -0.21431191 -0.14846212 0.18349066 -0.10732486 0.35589004 -0.10580572 -0.05982669 0.07942981 -0.024378138 0.09902881 -0.058233276 -0.23798014 -0.29166391 -0.2377253 0.1091393 -0.03472642 -0.1129367 0.08991194 0.052925665 0.17508902
VUT -0.09040327 -0.05227543 0.006954277 0.13384184 0.21705571 -0.15507951 0.14346999 0.097778514 -0.100985125 0.09089884 0.19824918 -0.11239813 -0.15620497 -0.18860704 0.19995952 0.13579215 -0.23009111 -0.22201778 0.026462823 -0.019501988 0.14728057 0.0645019 -0.28245962 -0.18271646 -0.062930904 0.08161085 -0.028430616 0.20942399 0.09439907 0.11142539 0.19987766 -0.06432672 0.0062567587 -0.02483332 -0.07898755 0.012726259 -0.049758818 -0.05696413 -0.11738882 -0.06240716 0.07097508 0.33835965 0.031423993 0.04553915 0.23242716 0.03693696 -0.105868936 0.020019874 0.0060199127 0.07086854 0.28589544 0.12825057 0.036216095 0.15007977 0.02039196 -0.110410884 0.30061442 0.19985253 -0.11915395 0.18100625 -0.16014005 0.15130052 0.33397308 -0.3019067 0.30947402 -0.013410514 -0.03171371 -0.20968287 -0.057504606 -0.22939476 -0.025812373 -0.18440679 -0.25027215 -0.20573229 -0.04610637 -0.24379526 0.114121154 0.101485655 -0.17750084 0.17386588 0.34184027 -0.32282507 -0.19812758 0.29608178 0.20550229 0.013689735 0.12601046 -0.23118351 0.055723757 -0.11861546 -0.14278577 0.000585394 0.05514361 0.09726626 -0.04764275 -0.15161619 -0.054072704 -0.109819435 -0.21976745 -0.30929923 -0.15380287 -0.1139936 -0.16608244 0.13040785 0.12670432 -0.36467308 -0.24287756 0.23488314 0.11216945 -0.19757907 0.35070345 -0.2908083 0.18112211 -0.04144901 -0.22341917 -0.16232964 0.09647821 -0.2733151 -0.14132969 0.033931013 -0.18344523 -0.11455157 -0.093983576 -0.08973963 -0.14884771 -0.014560732 0.101761356 -0.028557776
GNQ -0.00876237 -0.111323506 0.1673236 0.18193795 0.22533654 -0.041853372 0.031305812 0.23851813 -0.067308456 0.23912737 0.14466557 -0.0007009682 0.0049803536 -0.2975748 0.43831062 -0.031737644 0.05910771 -0.20248641 -0.008604265 0.1002868 0.28179714 0.034122977 -0.33889568 0.013944848 -0.1896802 0.3454425 -0.109671056 0.07027536 0.0015131223 -0.10622848 -0.2611392 -0.1685387 0.013822524 0.08590869 0.06316879 -0.14466004 0.06422417 -0.24900413 0.08535305 0.012219302 0.0041357377 0.28783318 0.038139082 0.15000525 0.042117793 0.10789075 -0.0059876754 0.015259586 -0.040153142 0.005450714 0.11601856 0.016051523 0.14446975 0.2713748 0.20913623 0.19220744 0.28885132 -0.069060594 -0.010580333 0.3217239 -0.07833324 0.2645313 0.44930798 0.23751865 0.1526918 -0.0827054 0.038030405 -0.18441366 0.22423203 -0.096759126 0.004295367 0.10337819 -0.6528365 0.05922986 -0.07322129 -0.27122065 0.09242727 -0.105037026 -0.10827925 0.18729861 -0.12772126 -0.20498365 -0.004860211 0.18213096 0.058093876 0.112826675 0.19886646 0.12724802 -0.11097315 0.15883508 -0.1204471 -0.17946745 -0.045521706 0.25644663 -0.019601354 -0.10967539 -0.34634137 -0.2782971 -0.23685163 0.11055631 -0.11297387 0.1623541 -0.10629165 0.0438851 -0.08202227 -0.066419624 0.09568238 0.068042554 0.1077287 -0.28952542 0.15072858 -0.42435658 0.001351994 0.014988286 -0.1840756 0.060657308 0.16438124 -0.102472246 0.08250576 -6.58881e-05 -0.29988426 -0.29521558 0.06945859 -0.03546205 -0.023882436 0.09899165 -0.021858556 0.07686755
PAK 0.101251274 -0.02726259 -0.0058697723 -0.031589907 0.107681625 0.08415895 -0.08309981 0.021015814 -0.111207925 0.25716728 0.43420956 0.037074566 -0.011503527 -0.08343472 0.0030148227 0.1199274 -0.042836003 -0.099116325 -0.07765779 0.03145931 -0.098257 0.1287036 0.01409743 -0.32339305 -0.235257 0.15884785 -0.18153648 0.11008211 0.088656805 -0.05459065 0.06458903 0.13691857 -0.1455656 0.047279563 -0.08693385 -0.0029792958 0.25579315 0.065775305 -0.038948204 -0.0105777085 -0.047278106 0.16134769 0.15705186 -0.12894976 0.2533497 -0.0905562 -0.12007037 0.04022456 -0.194501 0.09035171 0.18594101 -0.14210714 -0.09292986 -0.07029536 0.0908134 -0.064399995 0.13782549 0.043243684 0.03184216 0.05249965 -0.24448268 -0.06734252 0.084035434 0.0403534 0.17917152 -0.14480227 -0.059272338 0.058814507 -0.002348709 -0.2466487 -0.05846662 -0.0887873 -0.17733128 -0.18540362 -0.14121102 -0.16645755 0.070588574 0.13267353 -0.099932574 0.23713829 0.216842 -0.16563825 -0.07005685 0.10679174 0.17081966 -0.009202478 0.09499782 -0.13612737 0.11048467 0.040290944 -0.025000656 -0.096672185 0.11732984 0.11575793 0.12536886 -0.12606776 0.030440506 -0.04543183 -0.114516124 -0.15531349 0.012719183 -0.11051702 -0.3607417 0.09482864 0.12865575 -0.0854075 -0.064949654 0.18044035 0.05781825 -0.019216873 0.10387657 -0.20759448 0.16755617 0.043120366 -0.19469143 0.027663905 0.07379416 -0.0671096 0.19305322 -0.019382523 -0.04031135 -0.09845472 -0.19316515 -0.04359386 0.00024187905 -0.118940935 -0.05907076 -0.1392786
MNE -0.14735822 -0.0818821 0.10601016 0.40504315 -0.054081783 0.08383519 -0.046579797 -0.09323811 -0.03151284 0.22819042 0.13126291 0.30082214 0.13810283 0.08682592 0.10384947 0.40415952 -0.34772846 0.3287325 -0.051187895 0.23711458 -0.041627534 0.19036965 -0.2916562 0.07822722 -0.03279716 0.35282084 0.020506145 0.36080343 0.11548623 0.15389676 0.034260936 0.3442172 0.0814906 -0.36009172 0.20337176 -0.09492443 0.031570654 -0.19291142 0.16078502 0.04263716 -0.16924118 0.21689454 -0.0942276 0.104822084 0.11168236 -0.17308769 -0.35287467 0.10463134 0.05905847 -0.037781272 -0.04937419 0.05833949 0.09887021 0.22675575 0.31355512 -0.24236806 0.50097686 0.19366963 -0.40228534 0.21929821 -0.08917103 -0.03751305 -0.03430538 -0.12741117 -0.016199272 0.10367562 0.115917265 0.10426885 -0.11400934 0.10176815 0.07148861 0.023516944 -0.23453131 -0.48392487 0.19381045 -0.01398897 0.14912306 0.24404594 0.12211309 0.20960067 0.23122755 -0.27944988 -0.06692462 0.45051858 0.048316862 -0.15144914 -0.02849414 -0.2680041 -0.02622277 -0.034876987 -0.0022157843 0.10103309 0.024124263 -0.26486057 0.23071817 -0.3110523 -0.0421378 0.025475226 0.07818865 0.0118339 -0.4324779 -0.27967358 -0.3336599 0.08484758 0.07469619 -0.05905317 -0.1696651 0.43382215 0.024583794 -0.05696314 0.15744185 -0.39960876 0.11876519 -0.17684884 -0.31458342 0.007496906 -0.012900314 -0.028622676 -0.20404713 0.21783864 -0.032386273 0.19590984 0.009568828 -0.2011903 0.065529555 0.11428075 0.10002419 -0.2907141
HKG 0.15660265 -0.06417705 0.051951118 0.183574 0.10388109 0.13886994 -0.1961735 -0.051759556 -0.011992018 0.14608487 0.33278957 0.08065533 0.13754363 -0.0985032 0.16804023 0.25308657 0.07325067 -0.10892229 -0.053853687 -0.081526175 0.10107097 0.12864573 -0.10694024 -0.14636274 -0.31179294 0.24384671 -0.028987177 0.05537922 0.08394849 -0.13556571 -0.007932738 0.29283297 -0.07925107 -0.07138378 -0.072942175 0.14028428 0.16137737 0.025947789 0.0665564 -0.05732479 0.10761813 0.20854136 -0.029202096 -0.20054047 0.290436 -0.16744156 -0.47989023 -0.021489304 -0.1913148 0.030026594 0.079939336 -0.19881015 -0.018258499 0.17280574 -0.09553554 -0.26895732 0.23916015 -0.0325563 -0.091130905 0.15378375 -0.21057129 -0.10515003 0.20867784 0.09001516 0.2262437 -0.18477432 -0.13293156 0.111126415 -0.09765916 -0.17558306 -0.13653088 -0.08331657 0.043109242 -0.12615506 -0.23051055 0.028299252 0.03356101 0.010325468 0.03825822 0.30794856 0.11065791 -0.18877865 -0.009358318 0.09772931 0.11625078 -0.18625267 -0.06943286 -0.0796473 0.077964954 -0.0050898283 -0.1646003 0.09508642 0.18374343 -0.06637319 0.08551035 -0.12966496 0.05809791 0.10427697 -0.049787123 -0.15471733 0.044786617 -0.042168543 -0.20673288 -0.03063905 0.10060332 -0.30415833 -0.07739538 0.20469192 0.16552928 0.010190242 0.027392944 -0.26635483 0.20819713 -0.061678894 -0.33493257 0.08603857 0.0490519 0.045067795 0.23551321 -0.14033139 0.081697784 -0.15477282 -0.028353052 -0.16952425 -0.053707577 -0.14942856 0.016411921 0.07299992
BHR 0.05263788 -0.0703929 -0.03048572 0.022087384 0.18233462 0.003360421 -0.0005259471 0.043371666 -0.061185062 0.40954676 0.40253896 -0.044317793 -0.026115151 -0.2951275 -0.07931342 0.20726469 -0.10632703 -0.18927707 0.03264183 -0.044063896 0.06721177 0.17900233 -0.13096426 -0.2888087 -0.32920966 0.22198443 -0.1660572 0.19601905 0.13254173 -0.0901156 0.14306997 0.07658649 -0.096468836 0.035877723 -0.1511429 -0.0016443568 0.19922669 0.0043618693 -0.049891494 -0.016782235 -0.119190864 0.24962458 -0.046011433 -0.076107375 0.33294845 -0.18196748 -0.03729359 0.066882506 -0.35996673 0.09118683 0.16713053 0.04411687 0.064024 -0.03280248 0.10214209 -0.14582162 0.18145663 0.1349787 -0.06393453 0.016722137 -0.27592927 -0.07110351 0.123451054 0.06310824 0.2457425 -0.1334457 0.0762442 -0.067686155 -0.21258192 -0.29231375 -0.08337563 -0.09814891 -0.0741737 -0.10023205 -0.2515481 -0.18810782 -0.007299362 0.20282333 -0.13228062 0.24135466 0.2825163 -0.18934096 -0.10511936 0.23097986 0.182239 -0.046460833 0.08727182 -0.26407596 0.2984574 0.082728244 -0.10309524 -0.010559184 0.100366384 0.016879134 0.13202582 -0.10808808 0.04316282 0.06581565 -0.18544713 -0.23553056 0.2283827 -0.22076355 -0.3269651 0.12285516 0.19331478 -0.20839606 -0.1284179 0.058981966 0.080466464 -0.046708234 0.20976119 -0.12368339 0.109601624 0.011565268 -0.35693747 -0.08158796 -0.008841456 -0.15924723 -0.037898898 0.014269828 -0.08739578 -0.12788625 -0.16211782 -0.05893868 0.022083443 -0.23257689 0.0009690068 -0.09413352
ISL -0.19096105 -0.10551825 0.115103014 -0.058986533 0.12258371 0.006845115 -0.02276571 0.05043979 -0.058146965 0.4509703 0.08288039 -0.20627598 0.04678922 -0.14264008 -0.20878361 0.08282073 -0.008751805 0.0575073 -0.12752639 0.1417443 0.23190007 0.14955527 -0.22595471 0.07211921 -0.05845269 0.18811373 -0.13443582 0.21649987 0.19918486 -0.02969405 -0.0048740967 0.17420177 -0.07301641 0.059682794 0.16682531 -0.38463697 0.23706412 -0.39990744 0.010987953 0.12399455 -0.116360575 0.25947022 -0.035779547 0.07320558 0.09420544 0.0469536 0.20565288 -0.030440068 -0.22503544 -0.037723128 -0.022674365 0.21178898 0.24440265 -0.04019392 0.2169813 0.0684679 0.20147425 0.094463445 -0.17689408 0.07347628 -0.089524925 -0.04103111 -0.13789572 0.18616909 0.22712347 -0.07884292 0.046295136 -0.17618002 -0.049333274 -0.18684392 -0.0018716 0.013681399 -0.49093366 0.067270055 -0.017236006 -0.22302812 0.16469789 -0.025974035 -0.1656719 0.16916886 -0.033052538 -0.2663947 -0.012631542 0.27704704 0.10408559 0.16624258 -0.00905956 -0.22212966 0.14294119 -0.12750934 0.0065459767 -0.19659472 0.10134938 -0.0029230292 0.36262542 0.12864316 -0.29367784 -0.18655153 -0.0988709 -0.15901344 -0.06726908 -0.13611297 -0.13693729 -0.017038068 0.21484846 -0.02168993 -0.17396535 0.06467771 0.049600605 -0.15004516 0.1612987 -0.4368647 0.019580906 0.22414891 -0.11724755 0.1064326 -0.011124759 0.015861541 -0.27059403 0.042844374 -0.06728659 -0.077038705 0.08777144 -0.058591638 0.088073574 0.14369226 0.19498052 -0.25228515
GHA -0.09858236 0.07922623 -0.049432732 0.37805527 0.083964586 0.12281087 -0.30765858 0.26863572 -0.22198266 0.29672498 0.32674327 0.18903212 0.054125518 -0.17969765 0.0917986 0.08185701 0.0012676117 -0.031106887 -0.18260802 0.18381654 0.03464547 -0.00047411656 -0.14653607 0.113126144 -0.055301808 0.22787851 -0.077811934 -0.0014717788 0.050071564 -0.14053316 -0.10292101 0.1527233 -0.1387667 0.22747922 0.116703495 0.0766146 -0.021091677 -0.13322927 0.18850026 0.07889264 -0.0487035 0.086016275 0.081839144 -0.10228088 0.11667876 -0.04109411 -0.09289903 0.04404474 -0.10361381 -0.087393105 -0.004129271 -0.02262537 -0.13647592 0.006805071 0.2871884 -0.07861293 0.47599456 0.025193613 0.08102905 -0.04739783 0.053657558 0.0063760527 0.26283467 0.20265535 0.10805379 -0.17960021 0.016319158 0.2384838 0.16262203 -0.09312672 -0.15066715 -0.063870914 -0.39979768 -0.12699156 -0.11611048 -0.06786338 0.4566565 -0.08827797 0.09066598 0.37836578 -0.09584539 -0.28549367 0.12599182 0.2525037 -0.0050967988 0.07172756 0.09515477 0.20800945 -0.18181765 -0.031437278 0.12639645 -0.20695476 0.01574735 -0.043132376 0.16016774 -0.1115904 -0.14148206 -0.18088602 -0.05174302 0.109059855 -0.17289221 -0.13245903 -0.2655663 0.1310211 0.25486436 -0.027632315 -0.03069112 0.29871792 -0.15317374 -0.15369657 -0.104155764 -0.16161087 0.21970104 0.007272814 0.15356925 -0.15599024 0.1422433 -0.06270563 0.31736076 -0.17655134 -0.030202381 0.045564055 -0.06869676 -0.09402954 0.0703398 0.08395018 0.09634922 -0.20455949
SYR 0.095184445 0.015005262 0.007116411 0.097176395 0.10646785 0.23778932 -0.18686762 -0.10485938 -0.1834644 0.12497092 -0.0043057767 -0.08227576 0.31879056 -0.0953856 0.15855934 0.2238449 -0.025481455 -0.022565445 -0.222868 0.16788353 -0.0020569433 0.06405438 -0.013034883 0.2856346 -0.19229294 0.2055364 0.1756547 -0.15036955 -0.09067678 -0.028404951 -0.2931787 0.22090335 -0.037608832 -0.22348343 0.12803431 0.03960254 0.1239415 -0.11691754 0.20873064 -0.0075710844 0.1503185 0.11794412 0.13061309 -0.1198274 0.20852661 0.04598358 -0.3128677 -0.085060604 0.053252425 0.029682701 0.22728363 -0.06895554 0.032374423 0.22292066 -0.009533726 -0.036547665 0.33712876 -0.09012833 -0.14766589 0.16698295 -0.3490703 -0.037664823 -0.110144794 0.01762136 0.19276665 -0.11304336 0.0014884059 0.118806526 0.011605132 -0.35791838 0.090561986 -0.11234031 -0.3459045 -0.029153127 -0.18277839 -0.15349776 -0.05758736 -0.08528576 0.10671395 0.506553 0.0560681 -0.091425724 0.15761979 0.17245805 -0.049976043 0.028500615 0.04648628 -0.0049226065 0.24882686 -0.11428412 -0.02468661 -0.07724257 0.14577787 0.0011829494 0.051413026 0.15508519 -0.26524022 0.069730185 -0.2430876 -0.00046934356 -0.13635 0.18945268 -0.23943205 0.21413693 0.06649465 -0.23073943 0.19577882 0.09261718 -0.042420693 -0.10958866 0.12973367 -0.37475657 0.192356 0.15267704 0.024964966 0.22619718 0.15782408 0.122752875 0.012198931 0.017705843 0.029403979 -0.262265 0.058350008 -0.009525909 0.011292616 0.09893022 0.22032277 -0.15213063
LCA 0.075126685 -0.081478424 0.055246934 0.54494685 -0.025777016 0.049265675 0.09468346 -0.06570625 0.025570616 0.013615172 0.22101535 0.25512955 0.22378431 -0.18750793 0.21805084 0.2589907 -0.14644432 0.22958376 -0.16703212 0.09364658 -0.019021364 0.2526352 0.018027334 -0.36599448 -0.3941316 0.06398525 -0.08270188 0.06713414 0.11425986 -0.026553774 -0.17791049 0.25073195 0.20887654 0.2446549 -0.18364744 -0.0075626685 0.17708744 0.10052146 -0.030198913 0.047691077 -0.082529776 0.06520286 0.013461171 -0.071992934 0.21313691 0.02150917 -0.12199298 0.05249534 -0.12357982 0.1145976 -0.06382975 -0.058536083 0.10368434 0.05746772 0.18274142 -0.0026468553 0.24978364 -0.26422444 -0.037986424 0.08890347 -0.15440221 -0.030861612 -0.13130419 0.06872239 -0.10046019 -0.028597733 0.16159041 0.16488415 -0.121549614 0.097277015 0.09728429 0.072257645 -0.24820079 -0.15090522 0.03336733 0.21721837 -0.090880536 0.08598594 -0.025233733 0.10854913 -0.028719619 -0.079206906 0.09729489 0.20385242 0.22236857 0.17369945 0.09364473 -0.026051572 0.20358902 0.19476381 -0.03997472 -0.15089704 0.25491852 -0.058967665 0.08751886 0.031025734 -0.17649807 0.12649284 -0.19618398 0.037042093 -0.16314036 0.07554983 -0.21917072 0.07771178 0.06718492 0.14459951 0.22073847 -0.04262273 0.013857208 -0.09758152 0.0944835 0.03170888 0.15956621 0.06457339 -0.22410986 0.06503682 -0.040391088 0.0027635898 0.046559133 -0.0989788 -0.21492423 -0.11322537 0.110898525 0.11829913 0.08116506 -0.09525758 0.06985526 -0.06835559
LVA -0.06944414 -0.18256165 -0.10766261 0.18983 -0.25671664 0.18164189 0.14393207 -0.26911125 -0.32140812 -0.11422955 0.36917424 0.2977779 0.27415496 -0.17874359 0.33224952 0.43620867 -0.24476236 0.19651665 -0.20267712 0.16315192 -0.030808229 -0.24231952 -0.21448001 0.1727657 -0.45082217 0.37513053 0.12947054 0.10293905 0.000117910764 -0.060213376 -0.120647825 0.39411017 0.24615411 0.089611545 -0.15976691 -0.0077387486 0.08922727 -0.104817994 0.08328363 -0.17667663 -0.064146996 0.19797054 -0.023339342 -0.113754235 0.04342988 -0.27766895 -0.47457293 0.1794829 0.148076 0.116771854 -0.10462442 0.12983267 -0.24307136 0.3031539 -0.012142974 -0.40130782 0.011697679 -0.05040017 -0.21073982 0.08065122 -0.0934059 -0.23460214 -0.35341078 -0.14437473 0.53407544 0.07370384 0.037366122 0.09455514 -0.31978008 -0.14033714 -0.3709467 -0.24205588 -0.13712953 -0.029240992 0.09303792 0.09299559 -0.14904374 -0.22532701 0.36923924 0.2822804 0.062006604 -0.24679534 0.57732 0.47968253 0.22945529 0.061861556 -0.31486046 -0.12516773 -0.02214083 -0.15066002 0.2507723 0.05685377 0.27648392 -0.24229854 0.38925025 0.21196887 -0.177724 0.27989244 0.070866525 0.2527641 -0.29613858 0.22041935 -0.17468728 0.2731333 0.19485983 -0.3786485 -0.09682951 0.08192314 0.16314659 -0.12128737 0.18144588 0.031219555 0.040296294 0.26644766 -0.10015003 0.45656925 0.241907 0.20670898 0.15747067 -0.24160428 0.08051166 0.047346875 0.12913215 0.020138612 -0.3403962 -0.19311023 0.13251851 -0.26368877
IRL -0.022962626 -0.057124358 0.10393715 0.21518637 0.08151964 0.07251821 -0.2054175 -0.03351431 0.022208435 -0.20579998 0.07261082 0.14776058 0.12676291 0.14810452 0.096290775 -0.011944882 -0.023555133 0.12307108 -0.32622316 0.1905483 -0.048877165 -0.06911478 -0.057837214 -0.10905428 -0.21879843 0.0034677186 -0.056609713 -0.18945596 -0.11363579 0.114545636 -0.09953295 0.23622072 0.0018275636 -0.15790811 0.041286495 -0.055138078 0.111204796 -0.17570736 0.12582622 0.043802388 0.027325302 0.06746604 0.29029214 0.05866284 0.046823714 0.18342449 -0.39065203 -0.05240739 0.20638369 0.08668511 0.12672362 -0.27327326 0.012869747 0.2789569 0.059868228 -0.010429042 0.32514855 -0.21055323 -0.3108787 0.23032182 -0.28408673 0.005954089 -0.065498315 -0.13282375 0.25697795 0.10245901 -0.2111753 0.087185636 0.058365155 -0.091950975 0.20470652 -0.035730097 -0.32078937 -0.3423161 0.21241349 -0.1250807 0.02606284 -0.20646329 -0.05053911 0.25045565 -0.10449891 -0.058006994 0.18073784 0.2947495 -0.08185903 0.25942948 0.05223162 -0.005944183 0.016876388 -0.13106115 -0.16744028 0.041890774 0.16295256 -0.09467131 0.16824056 0.0071781017 -0.06066333 -0.099177495 0.054805562 -0.3253964 -0.4871112 0.011336395 -0.11833998 -0.014132257 -0.22664407 -0.11822845 0.04697402 0.21418308 0.16989398 -0.20105863 0.10661652 -0.342083 0.09735052 0.16197847 -0.21670723 0.09809139 0.03562566 0.09400913 0.05823075 -0.011955412 -0.11429397 -0.21074992 0.2261161 -0.08957773 -0.018387653 0.11810537 0.11135469 -0.07045776
ALB -0.14234316 -0.12981121 0.012824066 0.34673113 -0.0037729875 0.0019094785 0.114662305 -0.08884162 -0.040261924 0.17092393 0.15822387 0.1990217 0.07941636 -0.0007479979 0.117234424 0.38125926 -0.3663139 0.15141134 -0.080548294 0.15614095 0.030107057 0.21183829 -0.28574696 -0.06637403 -0.115533225 0.29346442 0.028365068 0.3324947 0.14086477 0.17453508 0.11102669 0.20120731 0.0072600767 -0.25660533 0.07654151 -0.07633787 -0.08728073 -0.16555636 0.0962609 -0.019782085 -0.18587595 0.2386721 -0.117917545 0.1027858 0.19449697 -0.17324378 -0.12099705 0.15766686 -0.0038337377 -0.009873837 0.01104738 0.13421477 0.027282773 0.12522608 0.18991563 -0.2134065 0.39353418 0.2609494 -0.3362621 0.11158528 -0.13065481 -0.0032764666 -0.056682058 -0.17223574 0.122908786 0.1280929 0.14780149 -0.0383342 -0.1407443 0.01566281 0.02341165 -0.08175265 -0.18046941 -0.37273404 0.11053062 -0.042753477 0.08041532 0.27233744 0.058883347 0.13668743 0.29537946 -0.24111754 -0.08185202 0.4417038 0.100348875 -0.08340774 0.008657648 -0.32037959 0.07610008 -0.09909791 -0.0130141815 0.05769621 -0.0022464693 -0.1679999 0.11898033 -0.15751372 -0.017524917 0.100375004 -0.033105113 -0.084474936 -0.28107283 -0.22039618 -0.31458217 0.19462256 0.112706274 -0.14267562 -0.27562305 0.29736823 0.06507303 -0.059975304 0.23726475 -0.2942559 0.050655745 -0.04569056 -0.34372163 -0.04162417 0.026770223 -0.19392255 -0.26725012 0.16946745 -0.0756388 0.15842256 -0.024437705 -0.084952556 0.052740987 0.059859652 0.124688335 -0.1855709
ZWE 0.1629095 0.0106125595 0.03185362 0.26704988 0.12538695 0.23060949 -0.16179685 0.09687624 0.028996047 0.13215727 0.25579378 0.17297785 -0.06443478 0.010882869 0.15337871 -0.02230677 -0.06791907 -0.013215034 -0.21987848 0.14703624 -0.03807127 0.09616925 0.062899366 -0.22128995 -0.20535938 0.092588365 -0.07487859 -0.022353472 0.12028326 -0.08257934 0.0010733899 0.2505723 -0.21262787 0.02634476 -0.005728675 0.03824291 0.049579747 -0.0651336 0.09269506 0.09341877 -0.027976494 0.07523242 0.07246364 -0.1674598 0.1960643 0.009632509 -0.26807603 0.14118119 -0.12883763 0.05294617 0.10416582 -0.04533816 -0.18151014 0.024643192 0.05832705 -0.013019537 0.32615185 -0.076925814 0.0038569786 -0.06880832 -0.201761 -0.03597549 0.17808843 0.028710635 0.1972723 -0.025616372 -0.048328783 0.24187063 0.1808953 -0.13432458 -0.03837067 0.03288946 -0.27607596 -0.19347262 -0.10549788 -0.15363833 0.10730983 -0.08643824 0.042098932 0.34738973 0.113293335 -0.10518388 0.09349851 0.058597945 0.12797207 0.054810155 0.15108337 0.064675584 -0.06455186 0.057850048 0.074113935 -0.20515604 0.21873938 -0.01833253 0.12072513 -0.02709446 -0.06697717 -0.12933558 -0.20614287 -0.036510743 -0.07449779 0.018961223 -0.23704098 0.13200974 0.13760017 -0.050432727 -0.034394275 0.19305496 -0.015176721 -0.09028481 0.028484501 -0.32259035 0.15112984 0.09900883 0.042911608 0.11167437 0.21658587 -0.036415223 0.27160802 0.007304247 -0.009193371 -0.13521305 0.0025341415 0.0009278796 0.039360624 0.019740166 -0.06463451 -0.029145109
AUT -0.019448427 -0.11482819 0.0029410778 0.30056506 -0.008775196 0.23879106 -0.1960649 0.06515246 -0.103456244 0.093675695 0.25228336 0.31354487 0.17424051 -0.12590545 0.28402117 0.090748474 0.03759502 0.19599669 -0.050555084 0.1827918 0.018419692 0.016221693 -0.25215286 0.1134809 -0.22454388 0.31608585 0.0040110014 0.051799323 0.04691324 0.028470164 -0.17751323 0.24137715 0.16114558 0.02827424 0.15402961 -0.006681198 0.18207951 -0.13503067 0.12569973 0.013741854 0.03628283 0.044952385 0.13485205 0.02347693 0.06360565 -0.03919755 -0.31943586 0.006493231 0.09250374 0.022307372 0.01715473 -0.15519479 0.05201938 0.27015895 0.21083209 -0.031126881 0.2947675 -0.0726797 -0.022981543 0.1955676 -0.104148895 0.0031275523 0.10588436 0.21541132 0.0929735 -0.07558641 -0.027534867 0.1928555 0.05473516 -0.05933472 0.007265604 0.045337062 -0.33437377 -0.18035589 0.10367639 0.0713541 0.16132034 -0.016535753 0.12440928 0.23757032 -0.01013642 -0.2245964 0.09241221 0.31931058 0.027365027 0.032341827 0.08295617 0.10836417 -0.06316107 0.046526182 0.05782064 -0.020086674 0.086237155 -0.020881586 0.18046755 -0.16545372 -0.24380489 -0.077506386 -0.012842294 0.0887286 -0.3879846 0.041498203 -0.18407091 0.012102572 0.018092602 0.04129248 0.1563584 0.22356631 0.10676213 -0.1211387 -0.019321004 -0.27065647 0.107717 -0.004064932 -0.25198394 0.11464669 0.11735808 0.13871956 0.19174343 -0.0730247 -0.043946106 -0.070461325 0.16280465 -0.077477574 -0.056972872 0.07639299 -0.00053221127 -0.09992936
LAO -0.14852858 0.25901023 0.1354492 0.00229965 0.06983411 -0.10865956 -0.02015525 0.14438522 -0.13612184 0.2809269 0.36362058 -0.11831521 -0.05986018 -0.1347028 -0.31538004 0.2006239 -0.25112364 -0.0077257953 -0.07034579 -0.017608257 -0.05314682 -0.10313869 0.04774893 -0.14662991 -0.041836396 -0.0655747 -0.2380021 0.06605597 0.028197737 -0.066528395 0.15602794 0.09385309 -0.013419333 0.108959384 -0.08826514 -0.04956111 0.14646493 0.037651815 -0.10488298 0.0024778016 -0.10342978 0.25754845 0.0832385 -0.15424442 0.14433293 -0.06264501 -0.017505946 -0.12264028 -0.14222153 0.01845128 0.19637051 0.021971745 -0.10769979 -0.07805248 0.29592723 -0.1728481 0.23880786 0.06409171 -0.20935641 0.07845595 -0.14651905 -0.026744751 -0.11634783 -0.19985583 0.07002481 -0.22522768 0.0035380651 0.06253723 -0.129357 -0.2567359 -0.12871535 -0.07157852 -0.26502448 -0.24728447 -0.118134364 -0.30010697 0.22245808 0.031919535 -0.11759728 0.3758706 0.16849549 -0.22869708 0.06710815 0.21733777 0.19852352 0.062252764 -0.05194094 -0.26542252 0.19159846 -0.053330295 -0.11091641 -0.04478654 0.11785436 -0.06711715 0.21530835 -0.13313854 0.060482834 -0.079035774 -0.13008034 -0.24235886 0.013881644 -0.42152956 -0.36677992 0.014371232 0.23062892 -0.19316661 -0.08255914 0.2685684 -0.08409776 -0.1646376 0.21741943 -0.08859226 0.2471584 -0.008076964 -0.043282133 -0.1334645 -0.07165567 -0.120783076 0.049924366 0.08870202 -0.16280651 -0.098664835 -0.2594352 -0.1300305 -0.038871486 -0.11594614 0.20231138 -0.42660266
HRV 0.032724783 0.035884507 -0.0109066805 0.36546472 -0.030320695 0.2788095 -0.1235071 -0.12303053 -0.1517988 0.035452902 0.056918018 0.023690283 0.38869232 -0.110114746 0.24269603 0.33329064 -0.10698198 0.07722728 -0.2512383 0.10079362 -0.0137677025 0.07273276 -0.025526635 0.27737758 -0.15324374 0.11460042 0.28872272 -0.07153837 0.03018397 -0.016044106 -0.21158369 0.37591913 0.01681913 -0.11949567 0.13972642 0.12300019 0.005200036 -0.069418244 0.16035892 0.029692885 0.21403043 0.13938229 0.0032503565 -0.17199916 0.27376884 0.0353813 -0.4101934 -0.03347667 0.10996044 0.026680788 0.111245215 -0.009363387 -0.047971763 0.22522634 0.004579409 -0.20375395 0.37918317 -0.08199212 -0.08830171 0.14246836 -0.18463564 -0.08320796 -0.15303311 -0.03586463 0.090128645 -0.1760636 0.046983864 0.23678859 -0.02954427 -0.23186748 -0.00846701 -0.12306962 -0.2353298 -0.094957165 -0.080651075 0.0569361 0.082876205 -0.061924666 0.17963222 0.4605761 0.09031111 -0.20469454 0.1842743 0.1501583 0.08247172 -0.026150804 -0.049228936 -0.011686247 0.1940382 -0.17134285 0.046324607 -0.06707841 0.2564051 -0.11250107 0.10653428 0.15586971 -0.29030773 0.12870888 -0.30699083 0.07851584 -0.21259145 0.17239837 -0.21576606 0.17899355 0.25312194 -0.24493755 0.16019799 0.16918017 -0.039340947 -0.05078751 0.09537913 -0.30416724 0.32078722 0.067429565 0.08341051 0.20816901 0.17365718 0.07952725 0.03261419 -0.037649702 0.079392634 -0.1464942 0.104222015 -0.018643472 -0.027330227 0.144738 0.2940391 -0.15792292
BGD 0.14184387 -0.05178179 0.2330041 -0.06778432 0.067718945 0.029613094 -0.03677132 -0.06871978 0.063652985 0.19521542 0.51909393 0.043692626 -0.056873396 -0.007441196 0.13491394 0.2890687 -0.01930197 -0.22851455 -0.042855922 -0.08805921 0.026346505 0.06844951 -0.019601764 -0.36201918 -0.2767417 0.13988142 -0.12219606 0.15722537 0.082796596 -0.20009437 0.06392849 0.25691676 -0.1522881 -0.014197 -0.17288816 0.14874597 0.26531136 0.043552376 -0.112124 -0.04157341 0.06435721 0.32495734 0.020750422 -0.20002256 0.22625032 -0.06274624 -0.34925148 -0.0636513 -0.21716213 0.027657088 0.123953484 -0.12345276 -0.1375322 0.01867703 -0.053296246 -0.15902023 0.15513459 0.0036919806 -0.060272105 0.2127761 -0.09581414 -0.07222841 0.19784321 -0.05509255 0.16100265 -0.25689894 -0.13915175 0.08128305 0.0036071572 -0.15541016 -0.15396735 -0.016942432 -0.12070598 -0.09890042 -0.11192755 -0.21736129 0.07122943 0.026471758 -0.03178092 0.19273308 0.14164928 -0.23185231 -0.027993323 -0.052086696 0.2397533 -0.1236603 -0.088820875 -0.19276445 -0.024539351 0.0930157 -0.19381161 0.03482313 0.25033876 0.0030410974 0.11829953 -0.16514546 0.041694436 -0.18491748 -0.14974126 -0.09468601 0.06414581 0.02435576 -0.22916661 -0.090838395 0.12043978 -0.20361331 -0.22117192 0.27325967 0.23282382 0.009730502 0.11180865 -0.36312026 0.1982999 -0.03194092 -0.26267025 0.08232744 0.047740947 -0.050085448 0.2512918 0.0027535413 0.061802994 -0.15372412 -0.21196519 -0.11943856 -0.14299205 -0.12977086 -0.093297444 0.022629298
UGA 0.14218068 -0.060149413 0.34464017 0.040375542 0.07965278 -0.095836975 0.24890484 0.08165097 0.08141831 0.1299018 0.36878842 0.104895204 -0.15927057 -0.052329272 -0.1744926 0.18052621 0.080178946 -0.21446191 -0.22125554 -0.048645597 -0.14579059 0.302402 0.12829693 -0.54690063 -0.17793256 0.077883705 -0.31764424 0.059734344 -0.23102258 -0.035043966 0.070831366 0.11887311 -0.26044306 0.16495515 -0.2226726 -0.037930828 0.29731393 0.08640097 0.0521684 0.0027766726 -0.08701356 0.26125404 0.14858708 -0.14480229 0.23695211 0.044634685 -0.3811123 0.111938834 -0.27416867 -0.051419865 0.15023696 -0.5345351 -0.16369845 0.08711369 0.21651767 -0.0863068 0.22606665 -0.3583584 -0.016631601 0.2190278 -0.023682425 -0.13404097 -0.07680139 0.010207657 0.2218194 -0.0689171 -0.23139311 0.20935556 0.11281003 -0.12143052 -0.12913208 -0.15654059 -0.14256972 -0.27561158 -0.2651115 -0.29959768 -0.06672275 -0.06497354 -0.2986039 0.22072747 0.059816625 -0.029303914 0.037791822 -0.1782045 0.17997482 0.02672784 0.11357167 0.052215323 0.13680956 0.15194488 -0.21225597 -0.120233335 0.17067868 0.17086539 0.086883195 -0.14228174 -0.12844957 -0.0054792925 -0.14839613 -0.23442437 0.12547928 -0.018169789 -0.46610072 0.12999411 0.019824037 -0.28874484 0.085800186 0.051209938 0.1616408 -0.011710145 0.39448348 -0.28126264 0.3059925 0.12233508 -0.19788986 0.118722096 0.23324989 -0.20664333 0.28458038 -0.010517827 -0.15454388 -0.39285055 -0.13170372 0.14205688 -0.15119217 -0.15409666 -0.01859754 -0.15111682
ATG -0.11749241 -0.16582039 -0.14374338 0.2525066 0.20824772 0.041392908 -0.09174663 0.08850676 -0.19416295 -0.0594163 0.37553984 0.31850487 -0.04658508 -0.09131676 0.17489925 -0.055051353 -0.05228351 -0.038834848 -0.198138 0.15385811 -0.021866206 -0.05095148 -0.105653346 -0.10997463 -0.25357485 0.092039734 -0.05426234 -0.08728693 0.0033261734 -0.063938744 -0.1172551 0.09648121 0.12278611 0.3380882 -0.11397329 0.06859712 0.12013458 -0.10996422 -0.054426067 0.017143518 -0.010997648 0.069933146 0.21422148 -0.0150001515 0.020029072 0.08428287 -0.13749085 0.090412736 -0.0065237884 0.06069287 0.079635605 0.10391925 -0.11701695 0.07018727 0.06256029 0.13290927 0.17926145 -0.021025244 0.08059683 -0.11380809 -0.03361171 8.433114e-05 0.23481333 -0.042127326 0.32030156 0.111182585 0.0041388506 0.102991946 -0.04990426 -0.08290237 0.0840524 -0.14832485 -0.48618358 -0.06842984 0.14036569 -0.14065422 0.055010635 -0.15192442 -0.03654369 0.05587895 -0.12164842 -0.20526642 0.1705503 0.3622028 0.11870005 0.2604664 0.19244179 0.11725038 -0.05042418 0.13083526 0.12016547 -0.092610374 0.10319379 -0.093151614 0.22965086 0.08006255 -0.14739522 -0.23944116 0.01006342 0.028752461 -0.37564495 0.1211438 -0.12292333 0.13377434 0.04944336 -0.084343195 -0.12023694 0.035776027 -0.061931334 -0.15197836 0.08234597 0.016151607 0.16215578 0.11608915 0.055644374 -0.05571258 0.21708666 -0.038762152 0.2516312 -0.21180843 -0.2049029 -0.11236904 0.048833337 -0.011466123 -0.0901108 0.0048371237 -0.047650162 -0.003634018
EST -0.069932304 -0.13733551 -0.12667829 0.14439924 -0.17135088 0.1850737 0.007748775 -0.15089747 -0.26951778 -0.08370112 0.36312342 0.29547253 0.18014044 -0.14237688 0.19540718 0.22119094 -0.18231791 0.18367234 -0.20242758 0.18405202 -0.023463415 -0.19637705 -0.13697955 0.21640669 -0.41002908 0.36011487 0.07830746 0.041045044 0.013247578 -0.06698316 -0.07131161 0.35269406 0.09315174 0.079749554 -0.05383619 -0.020351268 0.06870663 -0.14186126 0.12641113 -0.07931737 -0.07145931 0.17686611 -0.05639495 -0.118480295 0.04152857 -0.19786143 -0.41870952 0.16982031 0.113701895 0.07374659 -0.09961962 0.121643975 -0.26042128 0.25643766 0.018286625 -0.26142392 0.040280268 -0.0058460883 -0.1386917 0.029163118 -0.049634043 -0.2076981 -0.26643294 -0.011876666 0.5029047 0.049439035 -0.0413253 0.09185205 -0.18886982 -0.18458991 -0.32889393 -0.26577786 -0.19207516 -0.077589706 0.09003129 0.07776761 -0.029940346 -0.18925132 0.30496225 0.27752256 0.08293446 -0.25479636 0.49688104 0.4966278 0.1821171 0.09369324 -0.1437175 -0.05776143 -0.041780632 -0.12407383 0.27529573 0.029785989 0.21434195 -0.1338348 0.35021088 0.19511588 -0.20663227 0.20806007 0.061054636 0.23407035 -0.34190604 0.16149493 -0.17190938 0.25331303 0.18483101 -0.33097297 -0.08914163 0.056552652 0.08467451 -0.10621941 0.09052711 -0.07658192 0.09221287 0.22610305 -0.06468549 0.35254717 0.2425558 0.20228285 0.1577013 -0.2259935 0.09013627 0.00580832 0.16854918 -0.0062472243 -0.24890049 -0.06480682 0.11466805 -0.25291768
CIV -0.030792795 -0.12194379 0.18589512 0.27525482 0.15151677 -0.004890645 -0.018956799 0.055975243 -0.09496588 0.33284813 0.14018534 -0.020084757 0.115972295 -0.3298685 0.21410249 0.1444039 0.11970667 0.19526443 -0.016590124 0.17075026 0.16438706 0.046134893 -0.30289918 -0.05803139 -0.15563683 0.11654466 -0.24457268 0.17444624 0.103974484 -0.036287256 -0.27317515 0.16769621 0.24095692 0.3257082 0.064207904 -0.2068064 0.48388383 -0.18058598 -0.015001277 0.19241926 -0.063756116 0.11977752 0.11220621 0.12976009 0.0098342635 0.06580371 0.044773336 -0.09631424 -0.21602452 0.110284455 0.006613417 0.046746053 0.3525556 0.09237742 0.28598067 0.14600469 0.15387826 -0.16520213 -0.06784967 0.22822253 -0.06837441 0.121917814 0.14254981 0.2108016 0.05588715 -0.1276316 0.04108617 -0.152239 -0.06842434 -0.059787337 0.11315533 0.13758492 -0.56573874 0.1421611 -0.016569074 -0.13907506 0.035964422 -0.06614213 -0.17640641 0.11157503 -0.26853257 -0.18777308 -0.04364101 0.23719747 0.090619415 0.25396898 0.15109621 0.029522082 0.11754703 0.19239289 -0.09877757 -0.2542717 0.03860808 0.012105783 0.2642101 0.015894843 -0.2962492 -0.25744197 -0.12985136 0.0018590274 -0.0506138 0.05096039 -0.0509606 -0.055272806 0.03398693 0.15007748 0.17920022 -0.043590955 0.036846966 -0.19225657 0.059551846 -0.26910955 0.08284043 0.034852304 -0.18703721 0.10512434 -0.022676509 0.16473973 -0.1809628 -0.08490076 -0.23807515 -0.1975227 0.06805268 -0.008291437 -0.008793144 0.07096399 -0.035648584 -0.02274233
COD 0.19236217 -0.103105955 0.051792838 0.19300552 0.3171186 -0.0057345186 -0.13249178 0.06610354 -0.08447798 0.23450099 0.21395975 0.05796936 -0.071656354 -0.059551746 -0.13423954 0.14023684 0.1102446 -0.3290784 -0.33048394 0.09856704 -0.15116134 0.30436206 0.091910124 -0.26744136 -0.002967643 0.11936736 -0.074468054 -0.15277198 -0.16888115 -0.13388097 -0.0071965097 -0.017445471 -0.35751417 0.16248325 -0.12273055 0.23354411 0.050999764 -0.0052892957 0.18537907 0.0027553448 -0.10811392 -0.016894104 0.109212175 -0.1548818 0.3387195 -0.07851523 -0.16487344 0.12433931 -0.3500222 -0.1180649 0.16567789 -0.3461219 -0.21885724 -0.042328082 0.019167949 -0.07312972 0.43566573 -0.18378784 0.0127260145 -0.10791314 -0.22566624 -0.04294831 0.08352424 0.10391014 0.41199747 -0.04687304 -0.116771124 0.18072547 0.041495614 -0.2113045 -0.07154408 -0.3150128 -0.16097124 -0.19863284 -0.41996062 -0.31062385 0.052245386 -0.083318956 -0.14323306 0.43083885 -0.14343983 -0.047358062 0.0793948 0.027622586 -0.14418331 -0.076567024 0.25754434 0.09062364 0.14286737 0.043438006 -0.11391132 -0.2384288 0.10185677 0.038299147 0.13346739 -0.029302955 -0.002735622 -0.0045514368 -0.17138807 -0.229505 0.088305175 -0.023254508 -0.5387418 0.27418634 0.07526214 -0.23251402 -0.14903177 0.23011632 -0.07174385 -0.08487735 0.24055599 -0.34039512 0.29636568 0.22420028 -0.022716776 -0.08834301 0.27961043 -0.23147264 0.31756344 -0.13494392 -0.030299732 -0.25795826 -0.1424584 0.0639173 0.10307436 -0.06573171 0.1498014 0.077480726
BGR -0.016929256 -0.01586872 -0.022723477 0.44842967 -0.086317554 0.17010441 -0.113625936 0.05921167 -0.151844 0.010516873 0.28487188 0.20396489 0.34138733 -0.10745664 0.31045148 0.25373992 -0.077025466 0.1529433 -0.23383953 0.08210956 0.039217513 -0.0016607497 -0.18662317 0.10653266 -0.17043422 0.21506505 0.17763825 0.00077507284 0.12578577 -0.072234094 -0.055125643 0.274448 -0.035659835 0.020143608 0.05313926 0.15906759 -0.1733647 -0.06286693 0.13699357 0.042653408 0.14923283 0.18951361 -0.05021663 -0.08694157 0.23696604 -0.03216581 -0.31468868 0.071888775 0.15682341 -0.030028505 -0.0076318188 -0.10612131 -0.098930754 0.2652792 0.14284137 -0.25260007 0.36067933 -0.056698155 -0.035626855 0.19144261 -0.035080243 -0.010767176 -0.20742477 0.15241456 0.19626696 -0.22758241 -0.04020925 0.21831848 0.08761407 -0.1434069 -0.14423274 -0.17165594 -0.15419699 -0.17807502 0.047921054 0.15399891 0.29137543 -0.08745343 0.1902256 0.35418305 -0.015527135 -0.24360068 0.27649507 0.19535735 -0.0009917842 -0.049581904 -0.03912153 0.016248997 0.042030476 -0.23924269 0.06789302 -0.0710314 0.2036935 0.075900145 0.1036922 0.03403985 -0.27409816 0.10771955 -0.23261547 0.09067295 -0.3795002 -0.0032263352 -0.18062393 0.12760237 0.1735309 -0.033092935 0.011338509 0.2367318 0.13795121 -0.085592896 0.10591439 -0.29084393 0.3206111 0.09899056 -0.123967685 0.18130139 0.19192606 -0.019033678 0.1492876 -0.05297359 0.05081049 -0.08796886 0.1572566 -0.031114398 -0.092253365 0.17482544 0.3225406 -0.12908642
GEO -0.06594921 0.10243103 0.048421234 0.42744604 -0.1083556 0.076035805 -0.15905541 0.0254061 -0.07834868 0.11379878 0.09216686 -0.12337294 0.4234958 -0.08671872 0.04419923 0.22111708 -0.12044691 0.06662657 -0.3495615 -0.009044267 0.044905644 0.051161036 -0.061893713 0.17262985 -0.041987915 0.004981241 0.18579894 -0.016665425 0.17652325 -0.11800617 -0.010743506 0.38155666 -0.1312292 -0.08308836 0.15765274 -0.030433519 -0.16564028 -0.17338187 0.15295796 0.13045837 0.20332013 0.21633753 -0.08310999 -0.11624379 0.27257115 0.09094339 -0.3697213 -0.062466722 0.12122953 0.015080937 -0.01443167 0.0019451776 -0.047191717 0.13601808 0.122874625 -0.29330537 0.41262662 -0.053981207 -0.17738649 0.1793512 -0.06463064 -0.03506156 -0.2643901 0.04149701 0.18105526 -0.285402 -0.026696632 0.15353915 0.08812459 -0.15112858 -0.17476863 -0.13392134 -0.15079972 -0.16541979 0.04482518 0.12210366 0.36795503 -0.20189483 0.08676346 0.47710726 0.036748618 -0.25368354 0.19651657 0.10113611 0.018246042 0.012821868 -0.21758229 -0.10001605 0.045599252 -0.40663022 0.012756533 -0.06936975 0.3100037 -0.07866978 0.2519645 0.14421813 -0.27454364 0.051576477 -0.27935797 -0.08058539 -0.24571466 -0.16311887 -0.14951871 0.016318822 0.28610146 -0.2479132 -0.018326135 0.3043769 0.031623304 -0.074305594 0.11884744 -0.36987925 0.43727 0.1522254 0.05318863 0.12628578 0.08723491 0.01786803 -0.04565528 -0.070456095 0.05546282 -0.06791076 0.092902616 -0.15810867 0.0014418582 0.23261894 0.5439064 -0.28957257
CHL -0.046097368 -0.15582864 0.06468015 0.4877731 0.044686746 -0.19958368 0.096714385 -0.09194467 0.0133855445 0.1384849 0.16586317 0.17342427 0.04828925 -0.26018196 0.065296546 0.3443973 -0.17145546 0.047615185 -0.048852213 0.12181126 -0.01094554 0.22697729 -0.107123084 -0.3377342 -0.06462077 -0.011375024 -0.053650293 0.12813362 0.09659752 -0.05758589 -0.29337212 0.12072568 0.43808496 0.4491404 -0.19439393 0.0116764605 0.2930036 -0.03873545 -0.15397069 0.04324233 -0.110742524 -0.046691492 0.11029323 -0.08051392 0.10423949 0.088527024 -0.009535229 -0.21109569 -0.22875856 0.059803832 -0.023932973 0.110325396 0.16666871 -0.13149986 0.17961946 0.09072502 0.36359316 -0.15902992 -0.13784018 0.0827135 -0.09531636 0.056214936 0.007879015 -0.09362784 -0.24689266 -0.027463606 0.38862714 0.121898286 -0.30577904 0.23682979 0.15159346 0.16521803 -0.43781233 0.017568508 0.03338279 0.03107301 -0.04580245 0.061148737 -0.15222932 0.07430294 -0.17772625 -0.22639644 0.077001914 0.32601768 0.16757987 0.20506682 0.015245511 -0.095952064 0.17631881 0.33825395 -0.06774411 -0.11969907 0.27857488 -0.31911835 0.27753526 -0.07334429 -0.2357438 -0.18816534 -0.14448647 -0.042259883 -0.1447285 0.042172506 -0.2409036 -0.020980705 0.092248276 0.10144824 0.070976205 0.11361758 -0.064253345 -0.20838451 0.16832162 0.1704 0.23024188 0.14625895 -0.22593226 -0.20436966 -0.1836568 -0.05521981 -0.023941325 -0.07802269 -0.39487976 -0.029850576 0.0011395405 0.033136375 0.18215436 -0.18587394 0.2739996 -0.055814747
MLI -0.24423134 -0.053720865 0.20561151 0.22294503 -0.049055792 -0.24246907 -0.004143519 0.031103186 -0.057588987 0.21822043 0.05630638 -0.29499635 0.26912075 -0.014799053 -0.255052 0.087674335 -0.11916485 0.10797436 -0.51850057 0.09423886 0.41840017 0.3146462 -0.1343413 -0.11070006 -0.12416425 0.16095519 -0.12661763 0.19559132 0.2919019 -0.18855977 -0.03123876 0.38383338 -0.24151394 0.12107672 0.0054617315 -0.4906296 -0.10283927 -0.43409622 -0.003995311 0.15143634 0.012305588 0.561619 -0.16815746 -0.0720265 0.19453692 0.20170683 0.15749642 0.051299725 -0.1400314 -0.12338351 -0.25240582 0.17377616 0.15789837 0.059402216 0.1276347 -0.16482575 0.2363494 -0.122994736 -0.28339452 0.13352175 0.08214325 -0.1357712 -0.52615154 0.14217278 0.32607943 -0.21379194 -0.073672466 -0.21539743 0.0894013 -0.09916877 -0.20158711 -0.20697612 -0.34051105 0.0101323165 0.048918683 0.22593604 0.20523791 -0.3226565 -0.23278141 0.145532 -0.23798962 -0.28842658 0.33424747 0.13925903 0.12808555 0.22933272 -0.30418482 -0.26281872 0.011860208 -0.6165247 -0.030631362 -0.3258537 0.34288186 0.14078823 0.39670095 0.36713403 -0.39166787 0.07362988 -0.12172959 -0.23484372 -0.2806166 -0.08451396 -0.006673379 -0.05654516 0.3161702 -0.070379674 -0.22398804 0.047702357 0.1446284 -0.21083035 0.2084145 -0.454014 0.16468884 0.43360093 -0.0379278 0.22262937 -0.14314798 -0.025863608 -0.21878344 -0.11876812 -0.004753076 -0.074526556 0.20457439 0.026579825 0.064914286 0.15669435 0.57867914 -0.34638312
SYC 0.14722186 -0.04604023 -0.10982693 -0.257188 -0.040822458 0.17418133 0.04735414 0.11173839 0.06664934 0.030645922 0.6729055 -0.11305911 -0.15110429 -0.16457652 0.0038268822 0.0955553 -0.15690002 0.02688895 -0.07983123 -0.12827978 -0.035253778 0.009971002 0.328711 -0.51443136 -0.70666087 0.30246824 -0.40493605 -0.115086764 0.2670515 0.007515243 0.101994 0.5418742 -0.3407056 -0.17737615 -0.2572346 -0.12504217 0.3047473 0.040455703 -0.008414052 0.07020955 -0.03416537 0.3021519 0.25746396 -0.16372609 0.26064748 0.027684912 -0.28093362 -0.059337188 -0.11897972 0.30379474 0.14340074 0.026555305 -0.14780974 -0.15021768 0.056368854 -0.08131718 -0.014280935 -0.04095433 0.15390824 0.10107174 -0.32038683 -0.20274095 0.056671046 -0.024516895 0.4071455 -0.1234601 -0.2567483 -0.070225395 0.12614892 -0.22021143 -0.15563482 0.1739013 -0.17760095 -0.17107609 -0.1123475 -0.108505815 -0.13757312 0.19374841 -0.18373783 0.20401119 0.3527054 -0.28364882 -0.03768548 0.12616386 0.5625484 0.34411916 0.0757316 -0.104373455 0.12599754 0.074357726 -0.09352264 -0.17885025 0.48139325 0.32408056 0.090633035 0.10674499 -0.09164915 0.06383231 -0.26905248 -0.13512367 0.084721655 0.0020578199 -0.3000386 0.13129312 0.27168867 -0.4194544 0.049564943 -0.14667544 0.24529088 -0.088931404 0.13659696 -0.3796791 0.25704274 0.18502529 -0.4251808 -0.0229033 -0.026123002 0.001440224 0.11609005 -0.19031678 -0.06033378 -0.2661046 -0.168988 -0.058865827 -0.047613434 -0.16962804 -0.3567308 -0.25520366
COM 0.097820304 0.08409796 0.23944616 -0.13991846 -0.048024297 0.038669776 0.08301139 0.050997782 0.09980909 0.03807587 0.2773306 -0.057593483 -0.09235261 0.021460854 0.068489164 -0.09375238 -0.21654032 -0.11293602 -0.13618931 0.03880963 0.17260578 -0.11520734 0.034701306 -0.3377679 -0.4594128 0.18320878 -0.20184688 0.11066458 0.17755173 0.01812116 0.20786887 0.27769953 -0.25083613 -0.16432202 -0.15183763 -0.18771012 0.15770046 0.030295186 -0.07870386 -0.0120026395 -0.031450834 0.467689 -0.027714001 -0.10286021 0.25991648 0.12722738 -0.2052426 0.062251672 -0.0849663 0.1502503 0.036458373 -0.043130957 -0.115264095 0.11957981 0.052184917 -0.023601267 0.06997962 -0.10987352 -0.21383089 0.261734 -0.23561798 -0.10717229 0.090773806 -0.11816357 0.18479668 -0.021351578 -0.056922488 -0.03452468 0.14741126 -0.3005318 -0.14215079 0.12298674 -0.25380895 -0.20181556 0.008273617 -0.189504 -0.017715443 -0.016520841 -0.084969535 0.26844546 0.38313124 -0.1543297 0.07656038 0.057995837 0.352304 0.08140317 -0.046433207 -0.19306248 0.033710573 -0.1354359 -0.06359277 0.033210903 0.18900166 0.19297077 0.07278503 -0.096044615 -0.098226845 -0.14406066 -0.21518779 -0.113306716 -0.1464099 0.0075568263 -0.1162833 0.007268324 0.08297983 -0.23989344 -0.07308006 -0.040153164 0.29848662 -0.10768387 0.21074055 -0.32836062 0.08343314 0.13102503 -0.14297007 0.32287645 -0.028257478 -0.07254694 0.13884987 0.17727095 -0.044747006 -0.32441023 0.05162436 0.0025126212 -0.11282542 -0.1286122 -0.024660937 -0.31809202
BDI 0.055917904 -0.12605315 0.18012168 0.16280402 0.18927449 -0.1621501 0.25438443 -0.011730462 -0.08434503 -0.17684509 0.32275358 0.06194635 -0.088310294 -0.009044459 -0.024647094 0.3146292 -0.075844295 -0.26126269 -0.32482266 0.0017094833 -0.24307491 0.068249986 0.029563067 -0.39767632 -0.18063048 -0.08176519 -0.14967029 -0.12743811 -0.3942893 0.06935154 0.077637106 -0.07343236 -0.2074382 0.042807918 -0.29077178 0.21902283 -0.023757884 0.11800333 -0.017369136 -0.031341147 -0.057028 0.26371565 0.22300526 -0.024751734 0.23890637 0.043546136 -0.3187432 0.13207605 0.018847348 0.030982984 0.23700725 -0.44899404 -0.18279664 0.20788403 0.10268261 -0.19512904 0.2534288 -0.336454 -0.24936311 0.18483517 -0.12779178 0.07686197 -0.28323898 -0.2839794 0.390036 0.0015376334 -0.2777625 0.075720966 -0.02502835 -0.17833465 0.07013412 -0.43533126 -0.033758726 -0.35732526 -0.10866121 -0.3285481 -0.1833583 -0.1118118 -0.1877309 0.1805206 -0.12468466 0.03002268 0.21310039 0.015622113 -0.096987315 0.06510267 0.18350284 -0.08368422 0.19680566 0.022856956 -0.2918769 -0.12426272 0.14090364 0.12718296 -0.067626506 0.10538973 -0.0015137371 -0.011070669 -0.14781483 -0.2678256 -0.12714824 -0.0084759295 -0.40509483 0.2087687 -0.16881718 -0.30356959 -0.072375014 0.088740416 0.080996916 -0.10276981 0.44986144 -0.26038513 0.32447097 0.1250843 -0.09088496 -0.05973609 0.26965287 -0.23972787 0.041191347 -0.0034029176 -0.14131266 -0.38462985 -0.15943108 0.10938865 -0.21982631 0.009221571 0.15242395 0.01936204
KIR 0.07739043 -0.2537099 0.16759403 0.018158823 0.19580719 -0.24469006 0.04243874 -0.2158715 0.054954503 -0.017114375 0.31406903 -0.10124166 -0.10163264 0.05566115 0.4153129 0.31691104 0.01878531 -0.31851897 0.0058298414 -0.07747538 0.23710266 0.020323629 -0.22221851 -0.33887613 -0.08246524 -0.009299763 0.06381303 0.22393334 0.14289306 -0.19978316 -0.05639093 0.13509898 0.12196768 0.1367931 -0.27160352 0.2672235 0.2964168 -0.031338215 -0.25637954 -0.0966815 0.2510127 0.31092468 0.053541064 -0.08017637 0.15862301 0.105651334 -0.3886333 -0.18686531 -0.0762103 0.0901582 0.16087805 0.10948213 0.03016155 0.102768905 -0.33900133 -0.11114746 0.16163832 0.058554627 -0.12091111 0.2643964 -0.07461152 0.11470267 0.545721 -0.30974743 0.3646956 -0.1307555 -0.14620428 -0.2070793 -0.1440204 -0.10268595 -0.07583668 -0.10850374 -0.29659283 0.06700445 0.0012636599 -0.23768793 0.005068238 -0.091421865 -0.15681289 0.080093235 -0.018078618 -0.38651758 -0.10891773 0.120000266 0.2652837 -0.012453297 -0.07572751 -0.25571886 -0.10641146 0.0003353543 -0.27376685 0.016880706 0.26051554 -0.101282276 0.13186736 -0.057318825 0.003063904 -0.3772663 -0.14764541 -0.21129818 -0.10627837 0.25544232 0.053353824 -0.11580934 0.018143386 -0.3270758 -0.4456027 0.30453238 0.3033634 -0.09339856 0.2352388 -0.3589402 0.202248 -0.012798319 -0.34679133 -0.055906184 0.0044177156 -0.047950186 0.0912246 -0.19130427 -0.03473873 -0.13025816 -0.16406155 -0.18356273 -0.24010596 -0.14259696 -0.07441545 0.39514804
MKD 0.14871314 -0.02356139 -0.011658182 0.19002749 -0.047442045 0.23029749 -0.10103574 -0.13468803 -0.14084144 0.09317468 0.20013042 -0.015113505 0.43704826 0.09183651 0.2912322 0.23855038 -0.019624889 0.15966731 -0.3376654 0.13163285 -0.08283322 0.17801335 -0.14918903 -0.10892 -0.20048738 0.12884612 0.10109245 -0.05451428 0.09659666 0.06727083 -0.06614573 0.3268935 -0.07786428 -0.2259543 -0.017414145 -0.099175945 0.08630806 -0.06040695 0.20803648 -0.0073553887 -0.029047204 0.09983528 0.1273061 -0.023741694 0.2943332 -0.062859476 -0.3205905 0.0643376 0.07928652 0.13334 0.119940855 -0.28084522 0.0011903617 0.123781025 0.11621076 -0.19622736 0.2997947 -0.10558374 -0.12973352 0.23485574 -0.42337164 -0.0443192 -0.29371983 0.07103623 0.21631855 -0.15778078 -0.1575287 0.07548499 0.028480833 -0.22573626 0.040497933 -0.11332381 -0.11216961 -0.28738272 0.015544113 0.080302924 0.13534576 0.011803069 0.07756601 0.3814763 0.15946819 -0.09332756 0.060838122 0.18817343 -0.05957098 0.020248244 -0.025810024 -0.1116398 0.21421818 -0.289849 -0.12301646 -0.1144363 0.03841198 0.074536696 0.19342518 0.0071684527 -0.01971916 0.30644903 -0.05456121 -0.20623754 -0.2820199 0.017138686 -0.325909 0.109849945 -0.043390814 0.018446662 0.07277982 0.28525287 0.12935424 -0.033188 0.13774398 -0.27625987 0.13005024 0.20275412 -0.30588764 0.31549853 0.052554496 0.07864338 -0.0017824675 0.0034259593 0.079650976 -0.0042629163 0.14351293 -0.009842915 0.021529548 0.102789536 0.25645682 -0.12854856
BLZ -0.11145404 0.075573005 0.1668484 0.2832417 0.06131812 -0.2564391 -0.11433715 0.036875162 -0.26982644 0.14113058 0.37644872 -0.12095604 0.09985024 -0.20672938 0.06618226 0.25839016 -0.1068792 0.085254356 -0.0498105 0.07681785 -0.07370802 -0.40023234 -0.26580545 -0.03775992 0.11726207 -0.30564177 -0.21999815 0.01620272 0.057371426 -0.1728298 -0.16736758 0.30634233 0.44238245 0.5603284 -0.13867693 0.013221063 0.6186912 -0.018045422 -0.10403117 0.31528786 0.007701263 0.13495888 0.41268137 0.04454351 -0.040828187 0.06949227 -0.1414499 -0.30313906 -0.048512485 0.23652777 0.13619117 0.14446743 0.12019716 -0.095069036 0.38658637 -0.02653863 0.19997934 -0.1627019 -0.1562459 0.19521697 0.015469183 0.08739443 0.08863917 -0.1855227 0.04582854 -0.31524256 0.1079157 0.049943812 -0.3249805 -0.12144289 0.0032713395 0.024231886 -0.5185826 0.14172754 0.062368684 -0.2926855 0.23477349 -0.309721 -0.1805356 0.34109637 -0.32773796 -0.3471178 0.1769205 0.17677797 0.11161804 0.41122687 -0.05197646 -0.048258323 0.089624405 0.052536603 -0.11713071 -0.14109708 0.041929215 -0.3930543 0.59464604 0.007780618 -0.051849872 -0.42046094 -0.13164742 -0.09595706 -0.11645347 -0.13246498 -0.10682315 -0.10521307 0.17309333 -0.047159094 0.18826348 0.15953828 -0.13393532 -0.22536495 0.14879692 0.19451782 0.4321814 -0.04097803 0.16707355 -0.10476887 -0.2203558 0.14520568 -0.08760459 -0.18681787 -0.29011002 -0.092372 -0.21864417 -0.19633216 -0.16502692 -0.034542132 0.17187497 -0.26674303
ANT 0.048832167 -0.083067656 0.11997798 0.51223564 0.06802467 -0.08030256 0.13252896 0.011490232 0.014673829 0.10700636 0.22109778 0.06165092 0.08727609 -0.2938471 0.3223033 0.12309474 -0.0035142053 0.32494962 -0.09983028 0.05032797 0.11511397 0.13981254 -0.110646985 -0.28338227 -0.25992095 -0.218393 -0.16422325 0.18618964 0.20329656 -0.013715713 -0.14353618 0.29351088 0.227097 0.49712414 -0.14653735 -0.09903672 0.45227382 0.10222042 -0.19016665 0.15269148 -0.009419184 0.1943154 -0.08353435 -0.002235275 0.109624036 0.113605574 -0.16050982 0.091316044 -0.23608945 0.32417607 -0.12444848 0.10949725 0.2147328 0.09330869 0.19566639 0.043172404 0.03505058 -0.2457447 -0.013848231 0.13169572 -0.097170584 0.10820848 0.15990826 -0.027310591 0.03756246 -0.13102905 0.012243818 -0.051984493 -0.2059064 0.047682535 -0.013976649 0.08101894 -0.3364798 0.035011694 -0.04632296 0.07069865 -0.09652172 -0.05722176 -0.22388078 0.10574005 -0.18909298 -0.22700019 -0.020428892 0.25251874 0.36637172 0.27706236 0.23716684 -0.016292803 0.13512252 0.2093051 -0.007518173 -0.37539935 0.25259224 -0.014542934 0.25586253 0.21104665 -0.18798229 -0.11116005 -0.18117186 0.07508055 -0.022354957 0.051558107 0.0107623935 0.01658172 0.21718046 -0.018746536 0.158445 -0.09378924 -0.14452843 -0.14701204 0.111772396 -0.112561 0.34745914 -0.058396026 -0.040110826 0.103048086 -0.033610858 0.11028109 -0.035468362 -0.23407777 -0.25494367 -0.24773674 0.05224922 0.031015176 -0.08719707 0.026562281 0.026370257 0.15328544
JAM -0.16112609 -0.19966738 0.05273143 0.30749586 0.116387434 -0.1017902 0.17705743 -0.013561033 -0.008879374 0.18361793 0.24548154 0.02892229 0.03442653 -0.13320722 0.06988073 0.19209605 0.025394775 0.11869314 -0.17300092 -0.029143628 0.16753623 0.33344007 -0.16899867 -0.19092019 -0.10979236 -0.1380329 -0.04097351 0.2065086 0.18616936 -0.085240886 -0.13349634 0.18664733 0.1366588 0.4148886 -0.08913686 -0.1637383 0.26242796 -0.1193326 -0.21294262 0.04369469 0.119394295 0.33146754 -0.093984365 -0.078986704 0.10544417 0.21027634 -0.055742323 0.058546796 -0.19139943 0.06565812 -0.0358669 0.2275608 0.17121586 -0.0059021674 0.098571315 0.017564438 0.08577753 -0.08369985 -0.012630395 -0.0038879078 0.06123934 0.024082983 -0.055735596 -0.013713634 0.11843807 -0.17247541 0.024601944 0.012606113 -0.20123444 -0.014998115 0.010887987 -0.06439924 -0.36672005 0.11239292 -0.007175845 0.039566167 -0.049011465 -0.10116688 -0.21361597 -0.013019646 -0.16201474 -0.3051937 0.051421892 0.1872697 0.29309332 0.2188355 -0.014913102 -0.18761267 0.084376045 0.053037755 0.042120937 -0.3001423 0.30015317 -0.063079566 0.2654333 0.3344715 -0.29637128 -0.22464542 -0.1607165 0.012293185 -0.12200328 0.055913728 0.020896237 -0.020472245 0.25721693 -0.0369375 -0.08437133 -0.028259497 -0.123903826 -0.10432723 0.15836719 -0.13203053 0.27744037 0.093990505 0.025134472 0.020063343 -0.011580268 0.013021299 -0.032358587 -0.17360221 -0.14156163 -0.099182434 0.03502063 0.04539335 -0.08739414 0.11098514 0.25176713 0.08181074
DJI 0.07955911 -0.30373195 -0.17358448 -0.0006105032 0.18876047 0.25520584 -0.07003383 -0.19203994 -0.22573434 0.15954423 0.09490172 0.06479428 0.07704107 -0.15223095 -0.018176092 0.3081682 0.05865749 -0.024665806 -0.23191327 0.24569945 -0.16769013 0.25918025 0.11196618 0.04573877 -0.26735458 0.060881525 0.11193549 -0.07175977 -0.17757452 0.085206084 -0.28021207 0.12025744 -0.045273215 0.03226091 0.05626013 0.067032635 0.29716194 -0.12393264 0.092024736 -0.053474676 0.15433657 -0.025308844 0.18208465 -0.18380532 0.1892791 0.108256035 -0.14582765 -0.012687409 -0.07173413 0.025726495 0.28979182 -0.070049636 0.047595102 0.027535852 -0.09113372 0.043300517 0.23575243 -0.04858654 -0.057772804 -0.15135609 -0.31241575 -0.08903085 -0.2446293 -0.020436004 0.31373906 -0.025668114 -0.002674016 0.14545551 -0.20479394 -0.36642024 0.23907919 -0.32607493 -0.35933104 0.0459345 -0.13138072 -0.2197786 -0.2747677 0.041876547 0.05547181 0.20108412 0.15634608 -0.028814256 0.12163991 0.27403662 -0.05289974 0.1876214 0.18290542 -0.14056125 0.3159847 0.11168376 0.091304734 -0.16570242 0.24936491 -0.15683514 0.022585448 0.33070505 -0.23940988 -0.11607222 -0.1325377 -0.09382969 -0.11327956 0.2520087 -0.28840268 0.257401 0.0713196 -0.090741456 0.030394768 0.010675745 -0.095591 -0.025247514 0.12811095 -0.27334186 0.13207377 0.26621652 0.06994967 0.09598548 0.27534747 0.2139947 -0.11634895 -0.06248859 0.060604896 -0.24784827 -0.019524988 0.15559359 -0.04523854 0.16665053 0.14034809 -0.01825725
BHS -0.1427744 -0.30819938 -0.19295043 0.14129892 0.22244681 -0.03235848 0.10079047 -0.09566533 -0.025337057 0.1410076 0.1669072 0.049426634 -0.115534075 -0.14865078 -0.009855555 0.18309881 -0.07943547 0.011261026 -0.0895902 0.056854464 -0.010613159 0.27337724 -0.12389468 -0.1694664 0.017852986 -0.13194641 0.08548232 0.109014824 0.12597959 0.08021081 -0.09748012 0.12278843 0.2516119 0.36963412 -0.049284536 -0.044322412 0.29989767 -0.17041215 -0.20429063 -0.039376944 0.058321506 -0.013395189 0.07213352 -0.00501986 0.07403831 0.15008481 0.0017827884 -0.024830181 -0.13441008 0.120847076 0.11113358 0.27194214 0.14132097 -0.118452035 -0.008740763 0.10248402 0.19189833 0.100177646 0.010415299 -0.13086343 -0.21362975 -0.02662596 0.12050985 -0.20220755 0.21623343 0.116418466 0.17417438 -0.018704884 -0.3709368 -0.007695552 0.14330935 -0.037679836 -0.42980456 0.015482992 0.007482938 -0.16163431 -0.0826786 0.038177036 -0.2340339 0.060880564 -0.012281798 -0.3615089 -0.09574749 0.43871027 0.2736131 0.24295491 0.16586545 -0.17699184 0.18588644 0.17353162 0.06741615 -0.19110154 0.3028907 -0.2647849 0.3450822 0.18409939 -0.21574424 -0.27220222 -0.15471658 -0.18085292 -0.1600529 0.071938224 -0.13811924 0.099343054 0.25735053 -0.19240996 -0.123647325 0.0991219 -0.12777165 -0.14889221 0.25769824 -0.08132125 0.23197818 0.15269496 -0.13996513 -0.1489109 0.018632071 -0.07747291 -0.056305114 -0.16269942 -0.25263244 -0.08153339 0.053880773 -0.01116421 0.018826824 -0.004322925 0.15729259 0.11728806
BIH -0.024499258 -0.029778976 0.11598378 0.4931043 -0.11531254 0.10106921 -0.011345754 -0.11079612 -0.023376243 0.10314098 0.085359864 0.20820312 0.30452207 0.059462726 0.18955578 0.4880685 -0.26555568 0.30933046 -0.25311095 0.17991392 -0.05032706 0.1895145 -0.17245114 0.017736537 -0.124470614 0.17466539 0.10278807 0.13789886 0.12069357 0.032429796 -0.06976637 0.42888728 0.028142229 -0.29797912 0.051782504 0.037117913 -0.06307847 -0.12252626 0.22870445 0.109149955 -0.021654332 0.22319551 -0.08004044 -0.026995003 0.20722155 -0.05798693 -0.42319006 0.070165515 0.047912046 -0.01876048 -0.046156794 0.0044105486 0.02550455 0.25072247 0.25761747 -0.2878983 0.5219179 -0.010586465 -0.3453585 0.18351121 -0.10042835 -0.062110145 -0.27743798 -0.09953626 0.038381856 -0.020521583 0.08805059 0.22995053 -0.06504177 0.017657781 0.076339185 -0.011615859 -0.1070011 -0.3280367 0.06617141 0.09571826 0.057739962 0.026942592 0.17193459 0.3342474 0.11838815 -0.15639144 0.13309349 0.21058902 0.00048944703 -0.08357858 -0.14385171 -0.16977023 0.123421066 -0.11551764 -0.045727063 -0.00143163 0.13396835 -0.21594836 0.18131338 -0.017983519 -0.15875219 0.17747624 -0.13982883 0.04063251 -0.32414755 -0.07941935 -0.30434644 0.12792657 0.073605165 -0.051913224 -0.002945167 0.28066945 -0.007611958 -0.01280031 0.1626505 -0.32356468 0.2349291 0.0070816525 -0.16471583 0.17275079 0.015751665 -0.005680356 -0.18556286 0.16695029 0.047971774 0.06485038 0.07862074 -0.045024604 0.015806492 0.16341347 0.284679 -0.24083911
NCL -0.037012126 -0.1251339 0.07771565 0.025545767 0.08236539 -0.09941496 0.1554872 0.004839974 -0.12095265 -0.079324014 0.08522438 -0.1250585 -0.031921875 -0.09746859 0.42535308 -0.034810662 -0.18466316 -0.3219198 -0.07198917 0.12525581 0.30277112 -0.15350783 -0.32812348 -0.14899655 -0.26792112 0.23431997 0.09247218 0.12954478 0.05982099 0.07166405 -0.007688111 -0.05108843 0.03014845 -0.027401203 -0.133812 -0.09955032 0.05373048 -0.11389609 -0.14869921 -0.1047406 0.17211598 0.433794 0.11206517 0.16188052 0.21745859 0.261541 -0.13742736 -0.028075138 0.122507066 0.082241155 0.18250991 0.08293641 0.09681936 0.3066947 -0.054049306 0.04404811 0.20327134 -0.09889984 -0.25438446 0.31982863 -0.22319227 0.13639691 0.3626156 -0.21774073 0.31330848 0.09452349 0.021881487 -0.26510486 0.101786755 -0.32269195 0.02370317 -0.063906744 -0.49087822 -0.071074806 0.10039403 -0.18813048 -0.010324929 -0.11390545 -0.110345945 0.16957866 0.21714829 -0.20255353 -0.0118844705 0.22380437 0.09515422 0.08636725 0.0026242211 -0.14943704 -0.03828557 -0.22792296 -0.10864119 0.026355993 0.051163137 0.18719997 -0.05477344 -0.086642034 -0.26634577 -0.34073752 -0.18509364 -0.13692845 -0.396082 0.21728747 0.064259216 0.03518427 -0.13130437 -0.20477392 -0.10986145 -0.031021923 0.34236965 -0.2338252 0.3200694 -0.3133063 -0.008170143 0.17503865 -0.115003824 0.21199793 0.07780735 -0.16271313 -0.015211362 0.099762656 -0.16364379 -0.30049756 0.11113458 -0.0114182085 -0.20985702 -0.10339044 0.05894518 -0.11960161
PNG -0.14992645 -0.122922905 -0.10501744 0.19726516 0.18937841 -0.09017853 0.02665656 0.10749324 -0.3462499 0.111598946 0.3570785 -0.015549166 0.009528637 -0.28313532 0.42076823 0.15495424 -0.18434842 -0.44744113 0.071900114 0.008401047 0.19592682 0.023337672 -0.39616203 -0.09805013 -0.18478402 0.35812384 0.15827546 0.28332102 0.07633458 -0.042630892 -0.021595066 -0.1792416 0.10473746 0.11640689 -0.050405897 0.11663045 -0.07645149 -0.040729273 -0.25027183 -0.099621564 0.30166262 0.3799975 0.19945021 0.14081196 0.30819333 0.13790517 -0.11100137 -0.0651291 0.070628725 0.0018333999 0.20928703 0.14315596 0.13624224 0.21116202 -0.007545433 -0.08794753 0.3482947 0.08682451 -0.014385137 0.21057476 -0.08502622 0.15968645 0.5188712 -0.14747752 0.22457428 -0.057573564 0.1080251 -0.23911563 0.122076966 -0.26258186 0.009200932 -0.20373914 -0.31396762 -0.1021597 0.027393289 -0.05019944 0.18929605 0.03261323 -0.086702436 0.07692033 0.2133855 -0.29656315 -0.20788637 0.1849995 0.028415462 -0.14612742 0.007008284 -0.067719266 -0.12533964 -0.21136658 -0.04082341 0.0281054 0.047495842 0.258684 -0.13215978 -0.19723481 -0.2551131 -0.2968859 -0.21793738 -0.08458034 -0.32409436 0.053747218 -0.06762998 0.062087853 0.07129161 -0.19863544 -0.1638033 0.20951712 0.2132311 -0.09835955 0.26291993 -0.251236 0.19405194 -0.055131547 -0.06358515 -0.046151962 0.1861468 -0.30585918 0.067428224 0.000887353 -0.10427919 -0.11120462 -0.12523828 -0.09169147 -0.20879792 -0.11441843 0.0043426226 -0.14132123
MMR -0.22979107 0.2898578 0.14090334 0.16678998 -0.09162008 0.069778994 -0.26199967 0.18154652 -0.32287621 0.19877629 0.43611607 0.017479142 0.110015415 -0.098896116 -0.16504294 0.34340906 -0.10861298 0.045455284 -0.2317053 0.09275588 -0.07097168 -0.30751464 -0.04593445 0.17947084 -0.06288428 -0.0020794147 -0.192361 -0.069599584 -0.088769205 -0.08834365 0.017507961 0.33077276 -0.08400911 0.06497402 0.046439152 0.11834749 0.078048706 -0.026911031 0.12337971 0.105508894 0.014297457 0.31626293 0.23379691 -0.20260401 0.108844735 0.0064630117 -0.1970071 -0.17858659 0.05134444 -0.08136471 0.12156722 -0.09396069 -0.17322174 -0.006637928 0.38081276 -0.27584165 0.43037674 0.0018250804 -0.13631988 0.14112595 0.09922671 -0.098283954 -0.15312693 -0.08434921 0.052052993 -0.4022043 -0.10571374 0.25359067 0.00313659 -0.28501755 -0.1457709 -0.13576621 -0.3008166 -0.17973204 -0.03317903 -0.20169145 0.44934344 -0.10975303 0.120891474 0.4769805 0.023392463 -0.27752244 0.26222017 0.1597469 0.023897834 0.16597429 -0.17001033 -0.022924231 -0.011067407 -0.21138616 -0.052986406 -0.044127513 0.095175125 -0.13652162 0.20759726 -0.040760566 -0.053412624 -0.17259279 -0.06979343 -0.053313054 -0.18139452 -0.3143298 -0.29388136 0.020030478 0.28435323 -0.112512015 0.04439635 0.30690014 -0.086758 -0.117334746 -0.02274289 -0.08643559 0.3516188 -0.041437835 0.22492473 -0.1513662 -0.022398427 0.054244433 0.13859524 -0.050345644 0.052532542 -0.041970372 -0.24964845 -0.11994288 -0.13719559 0.061841525 0.24705343 -0.5560004
GIN 0.080322936 -0.24806222 -0.017508315 0.08553406 0.13398102 0.038512666 0.15155041 -0.17837846 -0.17541313 -0.2125185 0.2682354 0.0556101 0.005126373 -0.062165417 0.102655016 0.36946023 -0.072654076 -0.17565571 -0.35673225 0.113275364 -0.218338 -0.007792152 0.07797789 -0.20072752 -0.33892617 -0.13916744 0.0008745322 -0.16969995 -0.31790036 0.057128675 -0.123435274 0.09018477 -0.070247866 0.050416492 -0.18280114 0.19656365 0.12699246 -0.021963257 -0.033516202 0.0006921723 0.14936782 0.18064831 0.26656225 -0.116836116 0.16035205 0.18866551 -0.32878625 0.020465871 0.13392505 0.1289865 0.2696672 -0.1707407 -0.118922666 0.17285943 -0.09134236 -0.12843266 0.17197326 -0.23109525 -0.22922824 0.040829465 -0.17169201 0.012679533 -0.3570626 -0.31554192 0.42713514 -0.07633453 -0.23357959 0.09024828 -0.15383898 -0.307761 0.18017079 -0.47227794 -0.16801353 -0.087839544 0.028714582 -0.25855595 -0.28250813 -0.18760303 0.00796047 0.114047326 -0.0038389289 -0.0066769174 0.32191706 0.1552861 -0.06184365 0.27714035 0.09231859 -0.1674745 0.22504203 0.020131975 -0.113101654 -0.12836206 0.3132731 -0.06531278 -0.05531927 0.3936376 -0.09131572 -0.14552155 -0.1508329 -0.1750095 -0.18741755 0.21106125 -0.18902466 0.19216932 -0.0785041 -0.23051421 -0.056094833 0.030393334 0.07959199 -0.08513465 0.2654574 -0.20012507 0.2617303 0.23705482 0.09032916 0.051978007 0.25582016 0.091290385 -0.14124922 -0.07321095 0.014172352 -0.3032514 -0.060640905 0.15501747 -0.29226598 0.14640345 0.18515064 0.03042858
CAF 0.036086142 -0.13465635 -0.0385559 0.2585709 0.33195493 0.031744815 -0.102509156 0.30859676 -0.17072871 0.252941 0.30411628 0.1537229 -0.13322873 -0.2421778 0.28804123 -0.14113432 -0.0026523424 -0.29486707 -0.162846 0.2027425 0.13373618 0.09811339 -0.20131704 -0.14383706 -0.1944012 0.3886932 -0.15752245 0.023930045 0.01431221 -0.11899726 -0.09393178 -0.19130032 -0.21241055 0.20516223 -0.020644754 -0.033490777 -0.052854657 -0.18050624 0.121340364 -0.017985687 -0.10942479 0.17262985 0.06470993 0.0809687 0.15987803 -0.016264081 0.06794942 0.20345314 -0.13150464 -0.06820886 0.12804136 -0.015269705 -0.1262908 0.12658402 0.14693616 0.12969722 0.3611298 -0.020641947 0.10639988 0.0038420372 -0.13174006 0.15589918 0.46687278 0.23150252 0.36341387 0.028430693 0.018631913 -0.061821263 0.27781796 -0.18186459 -0.08316174 -0.1195304 -0.5444714 -0.1295588 -0.16648892 -0.2663516 0.19012001 -0.10374393 -0.06647507 0.26048258 -0.08076949 -0.16289085 0.066035636 0.25147855 -0.03388125 0.075273946 0.323562 0.18011042 -0.18075852 0.058314536 0.024186084 -0.26143074 -0.10443148 0.2562913 -0.029025823 -0.124233104 -0.14565367 -0.19482236 -0.16293256 0.06592501 -0.14147814 0.027026298 -0.2603603 0.21069705 -0.017009173 -0.056594107 -0.10081285 0.16395418 -0.00058028277 -0.26236957 0.10513451 -0.3126531 -0.012914794 0.10670645 -0.0024322546 -0.056019444 0.3117311 -0.21483655 0.27744552 -0.06832454 -0.21483499 -0.18333335 -0.015193789 0.0035052511 0.08290916 0.03331717 -0.060193036 0.037275143
KGZ -0.038929828 -0.066078894 0.031542864 0.39026198 -0.08662277 0.12582372 -0.07569457 0.0019994772 -0.12207875 0.0136784855 0.32149702 0.2879593 0.26318744 -0.07772667 0.14278357 0.2029414 -0.06387479 0.12313223 -0.22938983 0.10886524 0.0052768374 0.037525 -0.14171211 -0.0024708635 -0.2431136 0.25712845 0.02513284 0.021886347 0.048847806 -0.08487344 -0.06945465 0.28013965 0.023026854 0.07579312 -0.0014506159 0.041896258 -0.032964155 -0.09303255 0.118091196 0.016108634 0.013988888 0.18321471 0.0002731941 -0.11360045 0.16923785 -0.080375075 -0.26719707 0.08078152 0.0873315 -0.050943162 -0.0756948 -0.12795252 -0.09822605 0.21597844 0.16923413 -0.19211651 0.3000397 -0.110335186 -0.09217085 0.12404238 0.0029844395 -0.079119526 -0.2434214 0.1814608 0.14558646 -0.13998742 -0.017968064 0.22485548 0.036089115 -0.048373353 -0.12157757 -0.13174672 -0.14626455 -0.18541035 0.097239174 0.16907912 0.17302585 -0.10461078 0.15345922 0.23717043 -0.033925205 -0.18625197 0.30230758 0.19303548 0.01656155 -0.0035456973 -0.090772845 0.01763662 -0.0043378994 -0.13192667 0.06871269 -0.020491978 0.16301624 -0.0051547345 0.16851509 -0.017162072 -0.20667812 0.11270444 -0.072573476 0.06544817 -0.33903906 -0.026261704 -0.2102917 0.04493343 0.104055434 0.01860476 -0.0058802334 0.17378491 0.1307437 -0.0717027 0.06335834 -0.17181276 0.17819642 0.13549769 -0.14604622 0.14303678 0.112025544 0.014035927 0.15758593 -0.07000047 0.025554929 -0.04221916 0.134066 -0.00549134 -0.05368456 0.0623482 0.25525498 -0.19588758
ERI 0.12758642 0.006541599 0.15690291 0.10882258 -0.021849997 0.14091176 0.0965942 0.043739934 0.08301678 0.11446221 0.5070395 0.116031826 -0.04192512 0.041191436 0.056117665 0.16704352 -0.17134838 0.032065917 -0.12980033 -0.057928216 -0.17624009 0.046385445 0.17769498 -0.41920632 -0.34094316 0.059250064 -0.23764169 0.11932001 0.15270779 0.0006002907 0.15066865 0.3848134 -0.16239594 0.005319456 -0.18742147 -0.006348911 0.24895652 0.1745427 -0.06902384 0.060568932 -0.113778524 0.26397678 0.046309795 -0.19762248 0.29051328 -0.09941718 -0.31010213 0.124953315 -0.12802498 0.15734386 0.07127004 -0.08905324 -0.22789405 -0.02799117 0.16099794 -0.14872226 0.117866114 -0.10378091 0.008086166 0.10563934 -0.15891448 -0.11517667 -0.02213311 -0.14533274 0.082225226 -0.13353355 -0.051222466 0.1787008 0.011083966 -0.12043403 -0.108089656 0.04891997 -0.090776965 -0.25011387 -0.058640048 -0.11392671 -0.01936472 0.0812546 -0.03945391 0.20712215 0.179015 -0.16010739 0.03250129 -0.037611872 0.3619359 0.044130675 0.068931706 -0.14576031 0.059503485 0.10623382 -0.016990462 -0.105230205 0.24207196 0.046731487 0.14290763 -0.05724206 0.03035447 -0.014096988 -0.22990128 0.051953964 0.01048025 -0.062237594 -0.30395722 0.076278746 0.22489044 -0.1505781 -0.0038974439 0.10267506 0.04430862 0.032458965 0.10960671 -0.23068164 0.2669887 -0.03053725 -0.067256115 0.174558 0.07894472 -0.040605966 0.15233564 0.09318644 -0.030679302 -0.123481125 -0.17221595 -0.03755417 -0.06204373 -0.00498261 -0.13532007 -0.19072488
PLW -0.19443646 -0.12859051 -0.05078902 -0.0692684 0.27900645 0.021384198 -0.0033767528 0.05230805 -0.23890032 0.18678406 0.44391537 0.060820032 -0.12973881 -0.16477248 -0.0857972 0.03236188 -0.06752594 -0.23097293 -0.021671098 -0.0066782595 0.021532804 0.21667258 0.0074100215 -0.29449305 -0.3611717 0.059046324 -0.122515805 0.17154482 0.04655638 0.01752244 -0.024587914 0.054047547 0.09551121 0.35045734 -0.10949079 -0.102431566 0.38342384 -0.016926065 -0.37843093 -0.03356622 0.24534632 0.35671446 0.3025649 -0.12302119 0.27011955 0.2966203 0.0080634905 -0.052045282 -0.22303629 0.07421822 0.21650189 0.14047597 0.137883 -0.080927014 0.035378642 0.13658682 0.13902014 -0.016304785 0.07113403 -0.06531465 -0.17017825 -0.0953615 0.2080921 -0.19493257 0.12611802 -0.05623106 0.07356532 -0.023886563 -0.072821274 -0.2988749 0.20935719 -0.11538302 -0.45308033 -0.04213298 -0.011892061 -0.16700643 -0.084149085 0.020842966 -0.2836241 -0.032489203 0.20131966 -0.2387802 -0.16818519 0.15258856 0.32503372 0.15845844 0.09168663 -0.1611492 0.10697266 0.052788876 0.079682685 -0.094326295 0.26204094 0.07788067 0.08920126 0.11457687 -0.26222438 -0.4305483 -0.1328093 -0.17084885 -0.19184546 0.020843321 -0.10981183 0.002204715 0.2379143 -0.10516489 -0.06459819 -0.033900425 -0.064367265 -0.005365017 0.1622839 -0.081823856 0.26088956 0.04608787 0.12287287 -0.01545984 0.069422446 -0.12663451 0.15224469 0.014403469 -0.16468923 -0.263597 -0.1315945 0.034363344 -0.14068533 -0.13308902 -0.04911482 -0.26645494
STP -0.17776251 -0.26777273 0.104792535 -0.06368716 0.096029334 0.24561079 -0.15233555 -0.07999857 -0.12036163 0.32631737 0.2471268 0.06382777 0.07128937 -0.10372115 -0.071039975 0.22496283 0.19236554 0.09811516 -0.06922901 0.23838857 0.08882366 0.08231703 -0.24655536 0.12690666 -0.10608372 0.3967016 -0.111126915 0.16141017 0.023482636 0.09518353 -0.1766215 0.2835385 0.06678287 -0.006556057 0.29288372 -0.19471721 0.45886645 -0.44740427 0.10576052 0.08630811 -0.022064244 0.08258967 0.23729135 0.076588385 -0.008842555 0.012787535 0.010051225 -0.199036 -0.054694656 -0.11042046 0.036910515 -0.0674359 0.25975883 0.050674666 0.18922502 0.068830915 0.25949898 0.037834868 -0.11536415 0.17474332 -0.04374831 -0.0848482 -0.08655774 0.2942355 0.20473213 -0.07920375 -0.080421045 -0.05278897 -0.028857552 -0.09468198 0.12971419 0.025000364 -0.5553618 0.025916988 0.11090883 -0.20349164 0.10913431 0.101251505 -0.02562251 0.068319455 -0.10457045 -0.25429004 -0.018418545 0.302158 -0.018874446 0.13879423 0.002587422 -0.07944009 0.04963163 0.054405425 -0.04162106 -0.034606516 0.13499397 -0.041099958 0.28342766 -0.04941528 -0.36964235 -0.312545 0.056160416 -0.10884478 -0.28353727 0.040448055 -0.19429953 -0.1278325 0.022481155 0.1147895 -0.12074106 0.1857195 0.23365867 -0.093903944 0.03897791 -0.5739694 -0.055735126 0.1737769 -0.31859946 0.06686227 0.0586571 0.20766984 -0.11501056 -0.014951344 -0.031785052 -0.10917115 0.10375045 -0.09351495 0.028000329 0.1598502 -0.046312526 -0.1605757
BRB -0.05769062 -0.097825 0.026990691 0.50044805 0.17253119 -0.09073042 -0.08559199 0.09975039 -0.13124655 0.13159047 0.29898462 0.34726393 0.12024359 -0.31358021 0.1654224 0.09384179 -0.10551739 -0.05517441 -0.05458 0.18604392 0.052418534 0.13669497 -0.18883887 -0.26268852 -0.34799558 0.30427498 -0.16750595 0.070118144 -0.013463697 -0.18630946 -0.32189557 -0.039469685 0.34412092 0.3434106 -0.10961771 -0.01962082 0.14032292 -0.09377317 -0.011329008 0.034040783 -0.09163056 0.035863087 0.23516424 0.008528757 0.068148375 0.03517126 -0.012978107 -0.056699216 -0.1347539 -0.022327553 0.077541344 0.0066882297 0.11964863 0.0663466 0.22894508 0.1319676 0.36199886 -0.18012476 -0.013930759 0.06198439 -0.026264826 0.092525914 0.18537772 0.18446703 -0.06724259 0.024386868 0.2446733 0.13912599 -0.012440532 0.07733556 0.17533913 0.04188931 -0.55290127 -0.07880999 0.10465897 0.037678424 0.06222455 -0.07217661 -0.058191992 0.04934349 -0.17966744 -0.1415723 0.16050087 0.3147427 0.057301015 0.21583344 0.06575902 0.11158025 0.017536573 0.26209527 -0.042983502 -0.03940378 0.10580987 -0.13157113 0.1477449 -0.15377744 -0.22894105 -0.1563549 -0.08640974 -0.005382365 -0.27665183 0.050641347 -0.1999693 0.04558979 -0.050917186 0.16917059 0.1660331 0.025830759 0.0348412 -0.25136757 0.03519982 0.18300736 0.020263072 0.07221107 -0.20868212 -0.14946829 0.014393221 -0.06390447 0.16838108 -0.15308659 -0.3801589 -0.061475314 0.020691134 0.007267585 0.083487846 -0.21182913 0.0138182165 -0.15277617
CPV -0.07835004 -0.32105735 0.13206011 0.26809344 -0.009359934 0.2579611 -0.17386964 -0.15527692 -0.0841494 0.2129236 0.3047228 0.35829508 0.15981263 0.00530101 0.09097747 0.3193388 0.011683188 0.2402401 -0.14880426 0.3021922 0.01751278 0.2313893 -0.23956405 -0.013748103 -0.23569022 0.6151804 -0.093964554 0.23584561 0.0026542891 0.121673524 -0.15855387 0.37078762 -0.020352175 -0.23744178 0.27114478 -0.14430773 0.26314348 -0.38552412 0.23095551 -0.0037883471 -0.1425561 0.07776772 0.10534568 0.049994413 0.056214675 -0.1730598 -0.23525083 0.016632035 0.033508517 -0.11459863 -0.08947135 -0.26072 0.14384048 0.21661097 0.16174346 -0.10160483 0.34434336 0.033191964 -0.22908758 0.20907171 -0.07257308 -0.080157034 -0.13690306 0.319651 0.14327167 0.038368512 -0.07564947 0.06972151 0.048894078 0.07488227 0.03327209 -0.04131794 -0.3183374 -0.27783525 0.16354728 0.036463197 0.041026898 0.2104341 0.10808548 0.06672687 -0.02801396 -0.15134121 0.055947512 0.32645932 -0.09438317 -0.066929325 0.012198535 -0.08484457 -0.09524327 -0.011109253 0.0014612561 0.048098084 0.119428575 -0.03197585 0.14887942 -0.2360469 -0.2227457 -0.01227833 0.17552848 -0.02142107 -0.41827905 -0.033691227 -0.33800608 -0.025348784 -0.048309818 0.12829669 -0.16110685 0.33687985 0.30032027 -0.04291135 0.03812184 -0.6299787 -0.07863973 0.08537246 -0.5005481 0.1074486 0.079451084 0.13945983 0.029983088 -0.0001926191 0.020363783 -0.0016358155 0.122462 -0.105559856 0.081183895 0.105661765 -0.03503076 -0.1381216
NER -0.27767596 -0.036252514 0.30994555 0.21135418 -0.10917106 -0.2759548 0.04329002 0.004503533 -0.04376266 0.26855633 0.06877401 -0.37659174 0.31609207 -0.04452034 -0.31277457 0.13682577 -0.15395881 0.1642223 -0.54743314 0.080396466 0.47809467 0.35387468 -0.122161426 -0.14116734 -0.19565248 0.16270554 -0.21052304 0.2560384 0.33397213 -0.18988992 -0.024027484 0.506901 -0.24596336 0.10537507 -0.010795582 -0.6055479 -0.044783633 -0.4751479 -0.017863637 0.1901336 0.023707261 0.7121934 -0.19923034 -0.10427658 0.23231709 0.25694317 0.1518113 0.012877356 -0.16595961 -0.12569594 -0.28433102 0.170556 0.21960424 0.05384943 0.18002303 -0.23072371 0.23060295 -0.16559006 -0.34292305 0.21134287 0.095656335 -0.17748356 -0.6570771 0.12967439 0.3172195 -0.3006992 -0.11298591 -0.25298116 0.08817914 -0.13432774 -0.23196809 -0.16517018 -0.39452145 0.008353704 0.047046773 0.23323025 0.18943842 -0.32937077 -0.2777835 0.17502663 -0.2104552 -0.33407694 0.37735835 0.12905739 0.23036988 0.28925866 -0.3935957 -0.35495314 0.05427347 -0.69447833 -0.07505794 -0.35682338 0.43634787 0.16277602 0.45563582 0.4071637 -0.4618098 0.055803455 -0.14767064 -0.2603006 -0.29914582 -0.10878127 -0.009605471 -0.10573659 0.39732507 -0.08878967 -0.20804891 0.024804171 0.20605835 -0.24379604 0.24204153 -0.52666885 0.21460818 0.47356308 -0.04332722 0.286577 -0.20912823 -0.0077220313 -0.27686688 -0.079557784 -0.015874943 -0.11106699 0.22350417 0.014242831 0.028186966 0.15142542 0.63943243 -0.4536864
MUS 0.13718493 -0.045875806 -0.11820038 -0.31393543 -0.00638863 0.20556504 0.06667178 0.09664616 0.069777556 0.100761704 0.7197242 -0.1300782 -0.16685946 -0.14245705 -0.07226989 0.12948434 -0.14958553 0.016434805 -0.11497245 -0.09627551 -0.048169304 0.071143195 0.37776703 -0.5927424 -0.7832014 0.35538474 -0.47041565 -0.09169442 0.30973628 0.026442679 0.16566214 0.5811697 -0.45441017 -0.2527871 -0.2738649 -0.14649993 0.33351603 0.018588455 -0.0071964506 0.01589838 -0.09044992 0.344406 0.25339362 -0.19950235 0.33906442 0.0020627524 -0.26024455 -0.05389548 -0.21019875 0.29576477 0.17456661 0.008938316 -0.13676769 -0.19274235 0.099328965 -0.08071706 0.03682275 -0.03382673 0.117281586 0.091535315 -0.41729534 -0.23469114 0.035704643 -0.027907297 0.47937605 -0.11331185 -0.2595334 -0.11561769 0.14455672 -0.25649384 -0.1497233 0.16693889 -0.24334748 -0.24006711 -0.18066889 -0.124829836 -0.13468137 0.29377398 -0.22599787 0.26752895 0.43951696 -0.29108658 -0.09300063 0.16926916 0.5986934 0.3417292 0.07342935 -0.18650821 0.19330308 0.073313735 -0.10482349 -0.19464216 0.5080399 0.3599127 0.077046536 0.07852281 -0.08929494 0.10424212 -0.2804071 -0.1844925 0.115032695 -0.038016465 -0.42255676 0.15141597 0.27902377 -0.47192058 -0.00210444 -0.12347666 0.2781971 -0.100656494 0.16497272 -0.47293162 0.24687263 0.24611977 -0.5220738 -0.050301746 -0.030249014 -0.009197397 0.1052188 -0.16000898 -0.0869453 -0.29001433 -0.20488256 -0.05464008 0.003978885 -0.23892184 -0.37292266 -0.31020835
FLK 0.019976404 0.0398935 0.10024349 0.08193503 0.07235955 0.07390863 -0.14676812 -0.00094821345 -0.022261435 -0.14385599 0.14769189 0.031350926 0.10540518 0.048791736 0.0890492 0.008754862 -0.09230133 0.016961427 -0.3006856 0.10807129 -0.002617025 -0.13133606 0.04918132 -0.061059356 -0.30253804 -0.015924726 -0.084080204 -0.20751603 -0.103267685 0.0011571746 -0.07188226 0.23773481 -0.076259494 -0.13948633 -0.005695999 -0.04611303 0.0954845 -0.09104372 0.08423449 0.033916898 0.07486146 0.1712703 0.19955248 -0.054316223 0.05949616 0.15935998 -0.35455137 -0.017442089 0.12490385 0.13404346 0.14539133 -0.14731832 -0.09376391 0.22617193 0.017380683 -0.03134549 0.18648738 -0.21603662 -0.2255816 0.17440847 -0.26138002 -0.03332037 -0.08224647 -0.14764325 0.2890042 0.023826174 -0.18754 0.09699563 0.07484562 -0.20698261 0.06685186 -0.055007577 -0.3025545 -0.19248104 0.04800566 -0.20095485 -0.048970237 -0.26544484 -0.035112612 0.33586162 -0.03460266 -0.08632682 0.25053304 0.17880335 0.042018898 0.2555971 0.036155473 -0.018187784 0.07615035 -0.1324226 -0.092565455 -0.013016495 0.21215558 -0.016395569 0.14502364 0.16434892 -0.10235368 -0.111716114 -0.10688901 -0.1896064 -0.26348087 0.067294896 -0.07025899 0.056547306 -0.06656505 -0.29208848 0.0980323 0.05928275 0.08768866 -0.18041292 0.13380614 -0.29398796 0.16905008 0.16065976 0.00078939856 0.18383291 0.08316809 0.08687263 0.12176229 -0.01835473 -0.081248656 -0.32108048 0.09622674 -0.056475926 -0.11456761 0.06650674 0.10638997 -0.12846969
PSE 0.046582505 -0.17411014 0.16235897 0.38206053 -0.04405243 -0.004420989 0.14042114 -0.12705794 -0.061992977 -0.33746767 0.2635056 0.18349047 0.26074505 0.15883827 0.3530294 0.4332447 -0.1925295 0.14457953 -0.51776 0.1466133 -0.14162287 -0.118508235 -0.097027816 -0.27691546 -0.32895452 -0.0356259 -0.044673212 -0.17581974 -0.17534381 0.1362795 -0.050843038 0.3088353 -0.12818938 -0.17012936 -0.23552996 0.14268257 -0.103424326 -0.031288203 0.12264131 0.046204157 -0.004428896 0.283019 0.18423602 0.037721433 0.14986879 0.08623403 -0.46030137 0.099392354 0.33740696 0.09419297 0.12907876 -0.36533162 -0.14046966 0.3332905 0.02905317 -0.28010866 0.2655744 -0.29163632 -0.39760494 0.3383379 -0.17506097 0.0203281 -0.4658194 -0.35919535 0.33489957 0.01982362 -0.32285714 0.120616764 0.018560445 -0.14063899 0.122841686 -0.32282814 -0.09439307 -0.35129324 0.19868974 -0.11452555 -0.09637314 -0.1883076 0.090143524 0.17407724 -0.1306398 0.003585454 0.40781727 0.15302801 -0.08918685 0.24617006 0.010256119 -0.15215337 0.1460034 -0.21297377 -0.24071403 -0.11074316 0.22503516 0.04278158 -0.0066118566 0.23706034 -0.07955357 0.03753311 -0.086914934 -0.14358364 -0.4765901 0.12417263 -0.17815126 0.1802401 -0.22169688 -0.14464058 -0.00079126866 0.074802704 0.2321061 -0.15298697 0.29491425 -0.36563987 0.2162485 0.22003472 -0.17564921 0.21038802 0.10850121 -0.049907412 -0.118901305 0.020032978 0.020621626 -0.21623413 0.11313795 0.088894084 -0.23941605 0.20807688 0.1767119 -0.037293788
BFA -0.16810386 -0.044119637 -0.07609814 0.25045535 0.15325858 -0.07889568 0.12999012 0.0856573 -0.03178726 0.3670558 0.28284052 0.018433742 -0.075741105 -0.20792201 -0.07404835 0.23119237 -0.31612173 -0.01746414 0.041078534 0.012235401 0.053480767 0.25284094 -0.19808497 -0.21708585 -0.0442153 0.098565996 -0.011497417 0.32598913 0.25288534 0.09944714 0.22304164 0.05210551 0.019129582 0.08562811 -0.007671562 -0.08450076 -0.008842603 -0.05483029 -0.15255934 -0.0383795 -0.14302523 0.20775525 -0.14484489 0.04117585 0.27169693 -0.10071249 0.10635281 0.09462598 -0.2070507 0.059755936 0.09197563 0.29861203 0.075146094 -0.0755176 0.20313886 -0.10078986 0.3397852 0.2983227 -0.093061 -0.030380968 -0.18333061 0.04479759 0.1517719 -0.15167949 0.12242671 0.018025102 0.22751646 -0.1189084 -0.19126931 -0.07401683 -0.037159286 -0.026672281 -0.24885741 -0.27122313 -0.037165586 -0.13675994 0.1970698 0.3249076 -0.19322987 0.20108289 0.30216146 -0.37101012 -0.2577642 0.44848064 0.28613576 -0.036911104 0.13867763 -0.33243403 0.18635467 -0.0039221784 0.008189146 -0.08672669 0.09488752 -0.06641913 0.17259882 -0.15709986 -0.044775102 -0.043957796 -0.2133565 -0.21133499 -0.068974614 -0.33311757 -0.32383484 0.16010325 0.3380722 -0.1893109 -0.28522584 0.25911784 -0.048804887 -0.10778309 0.2974225 -0.200427 0.20108089 -0.041167382 -0.283915 -0.216475 -0.010835785 -0.35324135 -0.14799207 0.0992968 -0.2340889 0.062816516 -0.13621837 -0.11476502 0.08868998 -0.074656926 0.14700283 -0.15887785
SHN 0.0990432 -0.058050156 -0.13310698 0.35294905 0.3997785 0.06900558 -0.2395403 0.2774198 -0.12929332 0.33946022 0.28631186 0.21127278 -0.18182227 -0.15675156 0.006526343 -0.13280772 -0.059348352 -0.1879782 -0.27039897 0.2665669 -0.092832685 0.198082 0.021317516 -0.23805335 -0.07121577 0.16507307 -0.13498825 -0.061269216 0.04981605 -0.10467297 -0.017441384 -0.01570947 -0.29552 0.31151298 -0.011252904 0.07148158 0.040782027 -0.09564242 0.16210675 0.05871676 -0.2200508 -0.09539765 0.09535473 -0.051315762 0.22209111 -0.06435973 0.040425215 0.24675904 -0.31823385 -0.0095855985 0.14422348 0.0092509445 -0.24727814 -0.10331555 0.15433705 0.13709036 0.47154588 0.030888204 0.12019079 -0.2750583 -0.25044945 0.034035318 0.44095328 0.109805875 0.36300206 0.104540065 0.08318654 0.1485944 0.12361221 -0.1601376 -0.05679974 -0.13035095 -0.46119007 -0.23155259 -0.27568448 -0.33026415 0.23245503 -0.042845614 -0.10836202 0.43238258 -0.04091921 -0.14588897 0.023028566 0.3098674 0.010740753 0.11806981 0.44550002 0.18233411 -0.045751825 0.14591834 0.14708014 -0.34812653 -0.021237185 -0.018634398 0.15602471 -0.11601241 0.018055353 -0.17469533 -0.14899577 -0.076093845 -0.04137607 -0.12587005 -0.44151685 0.3391524 0.17155153 -0.12772593 -0.17641406 0.26139778 -0.25060597 -0.22069706 0.09413083 -0.21445264 0.18071674 0.14413477 0.12854679 -0.17709263 0.29038927 -0.24448562 0.35733867 -0.13089992 -0.20960511 -0.102488115 -0.088521235 0.0074503687 0.23441319 0.007599643 -0.022550289 -0.0013862215
CUB -0.08521763 -0.28779444 -0.03140829 0.44883963 0.12214847 -0.21573596 0.13922966 -0.14250728 -0.025919484 0.097209044 0.2794089 0.24275254 -0.027345765 -0.24486989 0.022470862 0.3727214 -0.14574303 -0.048594527 -0.046506576 0.080592506 -0.051920597 0.32025123 -0.09942688 -0.44882604 -0.05271643 1.93374e-05 -0.031247407 0.14602906 0.09544066 -0.06378384 -0.2756146 0.07974569 0.48182166 0.5715101 -0.2644461 0.0672197 0.3429578 -0.050089102 -0.22718662 -0.010457766 -0.05671275 -0.07425043 0.19872883 -0.109085865 0.14629346 0.08725143 0.0047806334 -0.2067834 -0.23223747 0.019859137 0.043302685 0.09421346 0.14018227 -0.17372933 0.110202074 0.09847501 0.36922708 -0.13822494 -0.050537407 -0.008614588 -0.085681334 0.0030276 0.037195597 -0.12223144 -0.14586855 0.016936475 0.38881204 0.13670892 -0.39218354 0.22454418 0.17954732 0.06509782 -0.44281185 -0.008227187 0.030848391 0.03228863 -0.07896119 0.08438488 -0.20086855 0.011138994 -0.16104731 -0.2705319 0.04892899 0.3501224 0.19853954 0.20169798 0.031611796 -0.10504439 0.19626385 0.38013703 -0.06705423 -0.09724947 0.32616976 -0.33206418 0.2873885 -0.09104638 -0.2331427 -0.20874557 -0.13390087 -0.12760738 -0.18303794 0.06318751 -0.3064663 -0.014173147 0.12342942 0.098094255 -0.021846866 0.14509816 -0.012839128 -0.20169632 0.24039845 0.2201242 0.22192027 0.19487338 -0.29618153 -0.27423444 -0.1417809 -0.12367435 0.042668473 -0.14969178 -0.43077105 -0.022187484 -0.018421588 0.05138426 0.16305938 -0.24561407 0.24140587 0.0008209784
HND -0.14973344 -0.3145617 -0.084502935 0.1480768 0.2299938 -0.051179215 0.042383656 -0.08497477 -0.15684149 0.15702568 0.31457895 0.05996009 -0.018094365 -0.14095372 0.056565426 0.26087487 0.054157984 -0.120236374 -0.08372503 0.0369865 0.024590371 0.25116545 -0.15670711 -0.19318734 -0.0844539 -0.07121581 0.028632715 0.13326904 0.04119713 -0.06109616 -0.22255266 0.04876949 0.2928298 0.46961305 -0.118088044 0.030799683 0.3964436 -0.13818705 -0.2610643 -0.030359542 0.17164648 0.1062582 0.21658704 -0.057886757 0.11883799 0.19102362 -0.002269297 -0.11005191 -0.14096203 0.038642295 0.16611314 0.15177968 0.18687612 -0.08449742 -0.011635476 0.10275665 0.18750323 -0.016809443 0.028182821 -0.061351087 -0.08377153 0.019060468 0.11588645 -0.09580901 0.13947259 -0.093688734 0.1215258 0.037541214 -0.29836345 -0.08630603 0.21069467 -0.14417136 -0.4961302 0.11807322 0.021845257 -0.13424619 -0.05362898 -0.04901716 -0.19434248 -0.01263024 -0.12350078 -0.29723942 -0.018087197 0.25890902 0.17267486 0.21720807 0.06562985 -0.17388761 0.14432393 0.17126846 -0.0073388703 -0.16418913 0.27068835 -0.18711472 0.24910547 0.17798017 -0.23418194 -0.40998602 -0.13356517 -0.122756146 -0.19645575 0.1357786 -0.11818375 -0.015973102 0.15585832 0.0010995516 -0.09499849 0.08760346 -0.056692626 -0.08673661 0.17334764 -0.045965288 0.21342507 0.11393679 -0.04179535 -0.13226168 0.020446433 -0.015560663 0.017025417 -0.18711318 -0.19281559 -0.12362758 -0.07060715 -0.006534053 -0.08257049 -0.01738377 0.12239848 0.08856863
CYP -0.056632925 -0.16791014 -0.13345084 0.3572236 -0.23386928 0.20726854 0.07388176 -0.21874195 -0.32207048 -0.117853716 0.40427366 0.37647617 0.31729665 -0.19544205 0.3349553 0.41885126 -0.26868954 0.20895797 -0.24339454 0.20131108 -0.077941746 -0.20250475 -0.21380205 0.19768955 -0.42988276 0.38248903 0.143464 0.07034046 -0.0055914107 -0.070961684 -0.13891919 0.4313333 0.2694857 0.11755022 -0.13583949 0.029243996 0.076383516 -0.10259129 0.14799055 -0.11950585 -0.07161914 0.16063103 -0.020753035 -0.12867889 0.08730607 -0.2716523 -0.5518763 0.20165935 0.15095316 0.08872482 -0.10619152 0.10461316 -0.27502152 0.3067011 0.05022831 -0.39590216 0.11460604 -0.08243239 -0.17832376 0.054400645 -0.08348986 -0.23683567 -0.3242324 -0.09133425 0.48315808 0.058276404 0.06418213 0.19343364 -0.30866218 -0.14304052 -0.3376396 -0.26280433 -0.171812 -0.10660806 0.085893914 0.116125025 -0.08633834 -0.22254314 0.38970456 0.3619239 0.05019736 -0.28299844 0.59404534 0.5388756 0.20518035 0.07399572 -0.24524261 -0.08052156 0.020583235 -0.12130452 0.2665968 0.07313563 0.27888903 -0.2790616 0.41347244 0.19161919 -0.22179933 0.29280284 0.013397614 0.29242265 -0.38740626 0.19966215 -0.22250082 0.32278082 0.1958622 -0.35513583 -0.019079294 0.12127674 0.09456268 -0.12860218 0.15297027 0.025706267 0.09253561 0.24297918 -0.082196966 0.40791932 0.25974622 0.18894884 0.18858024 -0.24039681 0.05164794 0.061107367 0.16592643 -0.01174812 -0.28485855 -0.1575784 0.16247892 -0.2794763
LSO 0.061692514 -0.06824861 -0.12810193 0.32842582 0.3197581 0.0221538 -0.16652592 0.19537808 -0.11554184 0.2286198 0.2718365 0.18787481 -0.1370238 -0.10293996 -0.006932017 -0.1117395 -0.07023577 -0.12356045 -0.28804561 0.22205046 -0.07569054 0.16270734 0.029412273 -0.25257057 -0.0900552 0.08817797 -0.12815498 -0.053006303 0.06138082 -0.0963259 -0.013065411 0.02091736 -0.22336426 0.31722608 -0.08078082 0.05412688 0.03569276 -0.06785947 0.08695007 0.050791375 -0.19974539 -0.029614668 0.06077621 -0.058536824 0.20307714 -0.05105103 0.032025155 0.2442184 -0.2602277 0.010089623 0.08473451 0.042282846 -0.2262213 -0.086121246 0.10983654 0.10193056 0.3612957 0.007849138 0.095347255 -0.25329852 -0.19292517 0.0016203383 0.29846 0.052301805 0.34629875 0.10210529 0.058785126 0.13131483 0.03556696 -0.14543177 -0.05305791 -0.16005826 -0.39848834 -0.19955738 -0.19034433 -0.23885436 0.16746937 -0.055883072 -0.118168995 0.34559098 -0.07407871 -0.15306573 0.085797 0.31217888 0.048315167 0.14654732 0.36543345 0.10401792 -0.013261539 0.10110882 0.12273797 -0.31635198 0.0037040168 -0.026259197 0.19153187 -0.018652875 0.023137124 -0.11946931 -0.11223986 -0.059893534 -0.087741345 -0.10394042 -0.37056112 0.29846266 0.15951337 -0.09115532 -0.18014988 0.20220263 -0.23924711 -0.1823692 0.09924948 -0.13242228 0.18214074 0.15115762 0.1023798 -0.15364376 0.23780991 -0.20507993 0.28971076 -0.14756654 -0.18549329 -0.07453594 -0.0710744 0.014372464 0.18718863 -0.008742155 0.02695967 -0.0017996564
SPM -0.07802258 -0.07619247 -0.020036658 0.39743906 0.1560339 -0.128016 -0.11862907 -0.046917308 -0.023815295 -0.08008383 0.0823749 0.0995956 0.115857854 -0.042873915 0.0512418 0.06984946 -0.06205993 0.25279215 -0.2280234 0.15790662 -0.08221831 -0.080303684 -0.034970533 -0.15899459 -0.03294525 -0.3364629 -0.10131904 -0.13909692 -0.04025597 0.020143043 -0.24021393 0.22884262 0.3227039 0.34276426 -0.09257705 -0.004960632 0.3653708 -0.08983914 -0.036664575 0.112009704 0.0019969677 -0.08842823 0.22687991 -0.0059434515 -0.024325114 0.16059306 -0.20773624 -0.08686787 0.015798325 0.20982745 0.09891958 0.03684609 0.07901775 0.037935562 0.0879046 0.057970673 0.19006886 -0.18385142 -0.18607363 0.04474378 -0.24271975 0.052884754 -0.016435128 -0.22985213 0.1816323 0.11490152 0.039483547 0.11724277 -0.30851832 -0.003099752 0.2113969 0.009841354 -0.49784186 -0.10642539 0.14152233 -0.15587093 -0.046721734 -0.24023427 -0.16374914 0.24563478 -0.33310908 -0.2298004 0.21216312 0.42210397 0.100663126 0.4881685 0.17109498 -0.043057248 0.1748728 0.09330658 -0.08459457 -0.13832945 0.22987415 -0.3851216 0.4186068 0.21392983 -0.085016534 -0.2478542 -0.053382684 -0.22689095 -0.32142776 0.012529153 -0.06492073 0.049588364 -0.00037618575 -0.117557235 0.14695336 0.053120248 -0.12054558 -0.28181106 0.15658034 0.027980173 0.24016547 0.15046898 -0.06341713 -0.08337659 -0.08337465 0.14657217 -0.006332882 -0.21615835 -0.34333485 -0.22070628 0.0902411 -0.092728734 0.024921205 0.03028532 0.1912008 0.06370563
SWZ 0.033374313 -0.082439 -0.100860484 0.2772807 0.32943437 -0.0043691 -0.18440093 0.19538157 -0.11156823 0.27312723 0.30318284 0.13483566 -0.12657955 -0.08872029 -0.018737024 -0.1001551 -0.0676243 -0.18412708 -0.28827757 0.20467061 -0.016818702 0.16596586 -0.008104706 -0.25063285 -0.09843684 0.18535084 -0.15242817 -0.04038204 0.07834758 -0.13717677 0.015611537 0.023873698 -0.311163 0.24454384 -0.07103109 0.03325219 -0.003989704 -0.13070156 0.10610828 0.0478669 -0.21368758 0.02298976 0.039418444 -0.029665424 0.21783903 -0.072266415 0.044577707 0.2214095 -0.2714195 -0.013988038 0.057908133 0.025775181 -0.19933183 -0.086087056 0.09497331 0.053465415 0.35636124 0.028912285 0.04360945 -0.21071376 -0.19148444 -0.002374325 0.2931026 0.09553265 0.39548513 0.07092706 0.014033197 0.062174484 0.08263896 -0.1647808 -0.081577346 -0.1777742 -0.35918286 -0.19478731 -0.18558997 -0.22950037 0.19655706 -0.06472418 -0.12518537 0.3327225 -0.09978429 -0.15657339 0.079007834 0.28634933 0.0014022638 0.09887017 0.29158372 0.05857124 -0.03737121 0.009309238 0.07718355 -0.2791376 0.010792351 0.01960697 0.1840656 -0.03212447 0.02114429 -0.096172266 -0.09220551 -0.10378767 -0.08611786 -0.13633728 -0.34407896 0.2465255 0.1486562 -0.10947079 -0.25870103 0.21763507 -0.14291298 -0.18873642 0.10579426 -0.21918714 0.13137472 0.17834726 0.0465403 -0.13454977 0.2009948 -0.2188486 0.27445915 -0.14595048 -0.1478108 -0.071253106 -0.07214642 -0.013577734 0.19849038 -0.029612562 0.019701693 -0.0024061578
KNA -0.20962207 0.008646544 -0.027874548 0.18652923 0.18007855 -0.14839898 0.072978556 0.13022307 -0.049648702 0.4080438 0.26206273 -0.050153993 -0.060785428 -0.19736749 -0.20213616 0.15621656 -0.31640905 -0.11637401 -0.043070164 0.031109577 0.11021534 0.23128633 -0.20573343 -0.1978388 -0.0508126 0.115257055 -0.08060576 0.28176165 0.21956787 0.022152303 0.23279248 0.016104603 -0.05174122 0.08264933 -0.0069727064 -0.17310625 -0.0488586 -0.13226429 -0.12063528 -0.011681878 -0.15916304 0.29869455 -0.13371098 0.022373345 0.2680897 -0.061694067 0.17416424 0.083623715 -0.23495035 -0.0002535631 0.099736355 0.27503514 0.07025994 -0.10825467 0.23980492 -0.08001313 0.3574709 0.2657994 -0.15732117 -0.05005044 -0.15575217 0.022210442 0.06308616 -0.09738246 0.16308367 -0.01374114 0.20926686 -0.11465651 -0.1583024 -0.14144784 -0.06742792 -0.08499011 -0.28863817 -0.24784079 -0.06542082 -0.18992393 0.24591498 0.19824585 -0.22299585 0.2517851 0.254173 -0.34494716 -0.1513116 0.40360814 0.23066631 0.0028090782 0.076689824 -0.33894214 0.18113065 -0.10806823 -0.016774252 -0.07752969 0.063783765 -0.06797756 0.19468634 -0.12116716 -0.040314756 -0.072426856 -0.1975962 -0.290413 -0.058170542 -0.41012076 -0.32795638 0.13508628 0.3298833 -0.19269067 -0.29238886 0.22054212 -0.046341185 -0.15210272 0.2888401 -0.16030857 0.18395613 0.02918937 -0.1901832 -0.22160704 -0.049841832 -0.3642098 -0.15208766 0.105358504 -0.22942707 0.028242452 -0.12036362 -0.10657155 0.11368915 -0.07290159 0.27523756 -0.28150132
GUM 0.09537876 -0.2745352 0.14245921 0.08808448 0.23179242 -0.14208424 0.056838453 -0.15795098 0.13096449 0.2610636 0.4451916 0.037692275 -0.18717241 0.05302929 0.13764268 0.3388381 0.075602055 -0.29034692 -0.13134076 -0.088815756 0.016472444 0.3453091 -0.055799022 -0.5095363 0.01525646 -0.1542009 -0.06186371 0.16513444 0.15645254 -0.26500493 -0.14918178 0.2190748 0.0794968 0.4777119 -0.27691653 0.15519279 0.554923 -0.071743414 -0.27367583 -0.012447486 0.095560335 0.15538563 0.08262305 -0.11702481 0.11644968 0.16367817 -0.2744444 -0.12712806 -0.3894947 0.08815578 0.1366324 0.07434697 0.0046331487 -0.1894202 -0.17903428 0.05260633 0.18879418 0.02049753 -0.02111152 -0.030565284 -0.11124438 0.010562172 0.51192206 -0.2012435 0.19167645 -0.14334504 -0.028559634 0.06953915 -0.2839078 0.027500488 0.012064488 -0.017345645 -0.49416858 0.1279312 -0.13197665 -0.32595202 0.0038811693 -0.08409368 -0.36223206 0.09497879 -0.23877907 -0.3570209 -0.08683979 0.07376872 0.33836815 0.09241039 0.028863484 -0.24513604 0.010044674 0.3630511 -0.18696524 -0.20062819 0.39778998 -0.31846276 0.40294522 0.044084225 -0.05514324 -0.5875022 -0.14014241 -0.1420315 0.017902927 0.20552678 -0.18620907 -0.08063311 0.17639914 -0.25396937 -0.30369958 0.3015465 -0.0026880745 -0.042859964 0.20223907 -0.31572896 0.30702668 0.02693576 -0.16509727 -0.15172046 -0.0168869 -0.10697511 0.31307006 -0.27658594 -0.17172444 -0.13431957 -0.26675734 -0.12719192 -0.063449495 -0.10195531 -0.11192637 0.40344396
MDG -0.17586908 -0.037801117 -0.077595964 0.20986345 0.14062373 -0.071244836 0.07703975 0.09704279 -0.078611374 0.34676287 0.24716933 0.028320083 -0.03215616 -0.17409067 -0.06764043 0.18116958 -0.3156939 -0.02214295 -0.026084483 0.08753241 0.07315541 0.20297875 -0.23754285 -0.14306533 -0.08381137 0.1720822 -0.027244762 0.2842562 0.19835958 0.08851865 0.20460576 0.014100534 -0.04903567 -0.012963553 0.029045783 -0.10882236 -0.07809849 -0.12151644 -0.07044148 -0.017452339 -0.18527931 0.234962 -0.11500732 0.08265263 0.23822385 -0.1040948 0.12930952 0.12955092 -0.14544551 0.030480636 0.1017315 0.23729609 0.063340664 -0.026030362 0.21889286 -0.097919 0.35981262 0.28743723 -0.15608045 0.00078112277 -0.19698644 0.05589688 0.08301164 -0.11029848 0.1824939 0.038524065 0.16509461 -0.12813057 -0.13525647 -0.12273318 -0.024757111 -0.08603844 -0.2703535 -0.30767497 0.0048673656 -0.15136217 0.22200587 0.26734775 -0.13891535 0.22321707 0.29913938 -0.31274965 -0.1728222 0.47203663 0.16156158 -0.022037001 0.1271759 -0.3098502 0.14871562 -0.09409954 0.0135090435 -0.072098725 0.03475423 -0.020756429 0.15818861 -0.14126477 -0.03778629 -0.021477897 -0.14692844 -0.22233836 -0.14390108 -0.34676284 -0.33325943 0.1815439 0.25884476 -0.14725125 -0.28601122 0.25909302 -0.02220928 -0.14568059 0.27718893 -0.22285356 0.14914325 0.0033227878 -0.26031464 -0.1776609 0.019788923 -0.31812522 -0.1743461 0.115813166 -0.19238566 0.06409999 -0.09113647 -0.097560614 0.08955282 -0.023264976 0.1892468 -0.21978913
DMA -0.2048469 -0.21515481 -0.06135093 0.21553738 0.1703216 -0.10913428 0.12541513 -0.036019493 -0.14164051 0.14259994 0.27298898 0.038932163 -0.02634135 -0.1636742 0.028999064 0.24637331 -0.039365903 -0.022172125 -0.07473439 0.01500737 0.030677844 0.19100343 -0.20265684 -0.18547654 -0.03513484 -0.13770427 0.0022132325 0.15469912 0.08980007 -0.015667222 -0.12863895 0.097484685 0.31933525 0.4603615 -0.12923825 -0.042493697 0.34556693 -0.09914736 -0.26970646 0.0028156277 0.1139632 0.17019148 0.14263427 -0.014121175 0.09051987 0.17522599 -0.005953721 -0.08374107 -0.12265415 0.07875891 0.10097942 0.21218927 0.19641453 -0.06869671 0.09641269 0.051041733 0.18294828 -0.010531658 -0.023210201 -0.031146312 -0.041051015 0.0084153125 0.07164284 -0.15910034 0.09422215 -0.086737804 0.15781489 0.01121341 -0.32763818 -0.03559005 0.13163763 -0.08534947 -0.42195287 0.06354372 0.038834907 -0.081206426 -0.02366821 -0.04111306 -0.22253421 0.0010417907 -0.092872806 -0.31393814 -0.025012719 0.28626278 0.23679827 0.22200067 0.032366123 -0.17131816 0.15356362 0.12015509 0.0115372185 -0.15831675 0.23177707 -0.18609218 0.2834068 0.14715746 -0.22529684 -0.32047904 -0.13018776 -0.11582896 -0.20133185 0.016943498 -0.09980867 -0.021394199 0.19974594 -0.041442722 -0.07142594 0.061300386 -0.098969765 -0.10926182 0.21556939 0.027269598 0.25371927 0.06595755 -0.02648178 -0.12599935 -0.031067973 -0.053685702 -0.041502006 -0.13402164 -0.2351969 -0.089685395 -0.040757064 -0.0120206615 -0.09368368 -0.021372944 0.18742721 -0.010185045
MRT 0.0010210087 -0.07451474 0.2321735 -0.03907176 0.03105739 -0.026934188 0.034890745 -0.019623851 -0.045732647 -0.10057695 0.08996432 -0.07723987 0.061642844 0.039650634 0.21618216 -0.09306297 -0.12675467 -0.17104785 -0.27237406 0.20217918 0.27078155 -0.19596735 -0.1787529 -0.13372089 -0.41641223 0.28775975 -0.10064109 -0.022214526 -0.023201393 0.07050176 -0.021631123 0.13897811 -0.16570903 -0.16793399 -0.08878401 -0.22120939 0.0974657 -0.19063643 0.022504577 -0.041346714 0.0057422393 0.4534099 0.11953007 0.099148996 0.15044898 0.24327342 -0.1679572 -0.008377271 0.10151799 0.056959618 0.08312002 -0.12291458 0.037360143 0.32309917 -9.603385e-05 0.060093682 0.17542395 -0.2221562 -0.3868118 0.36289173 -0.2500956 0.0074735796 0.031395625 -0.08780049 0.34259686 0.09968304 -0.10888855 -0.18372674 0.18059184 -0.32387358 0.0144932605 -0.048499074 -0.4897286 -0.12741925 0.13100836 -0.20413904 -0.048306894 -0.20896982 -0.07871218 0.22484417 0.07994529 -0.08253173 0.23257881 0.20853221 0.04668688 0.19251941 -0.047248926 -0.14284347 -0.010330839 -0.27294704 -0.15561636 0.0283729 0.0964944 0.17778994 0.049672727 -0.0006681556 -0.2343266 -0.22785385 -0.06870765 -0.17373699 -0.44951275 0.19835588 -0.010463032 0.018109053 -0.19641323 -0.17725201 -0.08647106 -0.07854034 0.3846082 -0.24779758 0.23807448 -0.4397718 -0.0741229 0.30621377 -0.15282804 0.36448 0.014292916 -0.021254232 0.021074204 0.11316228 -0.08496691 -0.38511622 0.22214942 0.020281445 -0.12815513 -0.03359974 0.08857155 -0.24325785
BOL -0.05504794 -0.2095101 0.10388629 0.5574425 0.062173724 -0.18600518 0.03531556 -0.057315234 -0.11452649 0.081066065 0.37557486 0.36444446 0.16619612 -0.32562262 0.17021695 0.2900108 -0.14714183 -0.1198159 -0.048080698 0.118052505 0.11986668 0.15654474 -0.20499621 -0.40921283 -0.3722645 0.3401033 -0.1329034 0.17172931 0.07021156 -0.2513766 -0.32439697 0.0013948121 0.47553778 0.5049596 -0.26880166 0.038677134 0.17713368 -0.07040675 -0.13378397 0.002622942 -0.0866468 0.1111265 0.1925699 -0.05401032 0.1477563 0.029050011 0.05701121 -0.13893357 -0.18569645 -0.072532974 -0.012520415 0.03340989 0.14593048 0.019451 0.1377009 0.057434797 0.3486086 -0.23659949 -0.047604144 0.11638202 0.06907155 0.022714641 0.057998475 0.16358957 -0.14246556 -0.0394069 0.3548465 0.10601508 -0.1261896 0.16914771 0.10630106 0.04117753 -0.46697396 0.028558228 0.14524136 0.17104143 0.01727673 -0.022218041 -0.057964876 -0.063765995 -0.21704966 -0.15909266 0.23411122 0.2363893 0.106519 0.17220084 -0.104988605 -0.011257815 0.049064092 0.24493389 -0.098103695 0.055743404 0.22860892 -0.17427275 0.15182397 -0.1759617 -0.27469644 -0.13865131 -0.13769464 0.010161878 -0.30292296 0.13274276 -0.18488662 -0.04549497 -0.031186678 0.25659764 0.040150847 0.04056264 0.20720766 -0.2159863 0.082311705 0.26493138 0.006037952 0.15022568 -0.3064127 -0.1510116 -0.10247226 -0.11338757 0.13093545 -0.16914289 -0.36483786 -0.024419742 0.014107825 0.07213041 0.09076813 -0.32345417 0.083216846 -0.1497849
BMU -0.13118118 -0.27148896 -0.10228286 0.15013748 0.2485873 -0.0923516 0.081623256 -0.051351283 -0.118958116 0.13394807 0.2549655 0.0074376245 -0.0923525 -0.16319376 0.071754985 0.20254612 0.018727334 -0.09926728 -0.10230517 0.013626991 0.04568736 0.25926837 -0.1293239 -0.2249823 -0.06548134 -0.14277865 0.0057832436 0.11888944 0.063374974 -0.02345836 -0.15344882 0.050100636 0.22973762 0.4683279 -0.1364503 0.0051543666 0.36233926 -0.10147965 -0.24384998 -0.038488172 0.15702526 0.12995799 0.14600419 -0.05161148 0.1152466 0.20114997 -0.021344682 -0.04669298 -0.17062402 0.08513482 0.14608282 0.18242146 0.15616493 -0.07507524 -0.024303833 0.07606516 0.15721732 0.004421772 0.045269743 -0.09205751 -0.09879179 0.01360594 0.1853083 -0.17205694 0.21633317 -0.03725564 0.092274964 -0.027160874 -0.29091913 -0.093322724 0.13147719 -0.1493901 -0.4392508 0.099456355 -0.048418146 -0.14203748 -0.076837234 -0.05971799 -0.25030965 0.0153575875 -0.06581789 -0.28322646 -0.051435146 0.2768628 0.24079068 0.23550785 0.11730052 -0.14789814 0.14190312 0.1526869 0.0046558557 -0.20276096 0.26076457 -0.1605882 0.22259745 0.19915369 -0.19630621 -0.34136274 -0.14561105 -0.1502188 -0.12902008 0.12776373 -0.07355464 0.040809363 0.1880419 -0.13867378 -0.105749376 0.05123349 -0.11018785 -0.120120615 0.21217868 -0.059970222 0.24894474 0.09933059 0.004229898 -0.13750553 0.044093866 -0.044401642 -0.004128213 -0.20507921 -0.2088291 -0.15009274 -0.060751315 0.01360932 -0.08263769 -0.00071883836 0.11846317 0.13159811
ARM 0.14721105 -0.15286997 -0.120182626 0.05304411 0.13318089 0.24430595 -0.17724289 -0.07401135 -0.16630782 0.32496333 0.2567563 0.13240878 0.13451725 -0.074360445 0.065883204 0.1884947 0.056031115 0.053540893 -0.15828694 0.2126918 -0.14407277 0.2567237 -0.10184386 -0.10627646 -0.20818087 0.30658612 -0.069408394 0.03477528 -0.006027202 0.07286312 -0.07678756 0.18511577 -0.16581988 -0.13904144 0.07390459 -0.024452802 0.25162312 -0.08167133 0.2176442 -0.04546317 -0.10388873 -0.022153832 0.12197098 -0.035744864 0.21729504 -0.17432709 -0.22163762 0.10892171 -0.14122207 0.046541244 0.20278521 -0.26825824 -0.0030392043 0.034149908 0.107032426 -0.054273065 0.26676643 0.08048197 -0.029588304 0.028232576 -0.4112574 -0.068213694 -0.049689304 0.199284 0.27362585 -0.03479742 -0.083686784 0.10528301 -0.058965325 -0.2556249 0.04059378 -0.16767572 -0.16990954 -0.22791663 -0.16191822 -0.13762201 0.012281091 0.19194219 0.008312223 0.34933764 0.19577585 -0.10887277 -0.04895873 0.31983528 -0.03891998 -0.062963 0.19214055 -0.090074554 0.21953464 0.05883618 0.02488456 -0.13524172 -0.007256303 0.019899637 0.13944748 -0.10562029 -0.016416157 0.16514143 0.021154167 -0.17084588 -0.05909325 -0.06156467 -0.4737392 0.22264922 0.0041516777 -0.052978437 -0.0053601745 0.21589465 0.0016811062 -0.017330833 0.09149538 -0.30249918 0.08137733 0.12067685 -0.34773752 0.10270348 0.15053385 0.063550055 0.08987134 -0.057778575 0.04347562 -0.04607889 -0.035457283 0.0052948017 0.09349472 -0.005615309 0.020497354 -0.027429497
NPL 0.100074805 -0.10083972 -0.07663509 0.1045636 0.17852613 0.087086 -0.22076859 0.0014496824 -0.16991358 0.37129325 0.53505045 0.14290266 0.120621145 -0.24956106 -0.08469125 0.316134 0.03939404 -0.21495728 -0.05529544 0.019650368 -0.058557212 0.17580616 -0.07038876 -0.30187747 -0.38043028 0.32333124 -0.21500179 0.060955305 -0.0010752493 -0.18689625 -0.033764165 0.10521884 -0.061918054 0.078602694 -0.20285094 0.17586142 0.25394142 0.062958024 0.048810087 -0.08065825 -0.1343459 0.10464347 0.14329034 -0.1838149 0.34937462 -0.29847977 -0.12763746 -0.031018306 -0.35854998 -0.025225881 0.18030491 -0.24880433 0.021381505 -0.042662855 0.10088832 -0.1931398 0.2992868 0.020102398 -0.040859256 0.0034148577 -0.29294452 -0.13487677 0.08056166 0.2125687 0.16094626 -0.19617489 0.040138673 0.14857206 -0.23431846 -0.27515504 -0.041804183 -0.17015627 -0.027501523 -0.15826331 -0.27963716 -0.081867374 0.050763622 0.2095912 -0.010802555 0.2928805 0.10458224 -0.110379845 0.02157582 0.22144483 -0.026289914 -0.10767504 0.008859701 -0.14188978 0.27322233 0.16468726 -0.18898971 0.06883371 0.060833447 -0.06603906 0.11132997 -0.254446 0.14644845 0.13416511 -0.008174966 -0.2280742 0.14035654 -0.24257785 -0.4903267 0.06106946 0.049341537 -0.04627277 -0.044339515 0.18252596 0.08923143 -0.022541437 0.07351571 -0.004803586 0.1000775 0.016209349 -0.45882964 -0.17989482 -0.030786572 -0.06249501 0.22381492 -0.124998465 -0.062719725 -0.10092709 -0.23557192 -0.0967734 0.10858709 -0.3385763 -0.021594983 -0.09979119
MOZ 0.1256434 -0.07424882 -0.10585073 0.30005646 0.34012794 0.09666895 -0.2146888 0.2032418 -0.09530289 0.2719209 0.30783656 0.18326475 -0.121194646 -0.067505956 0.043279544 -0.10199844 -0.050464075 -0.16365714 -0.28669947 0.22896972 -0.08170318 0.18143283 0.059693187 -0.27345446 -0.14755112 0.20578586 -0.13406098 -0.05722944 0.079153106 -0.08652356 0.0030752432 0.040205356 -0.3260844 0.19974157 -0.05570517 0.06428338 0.036155283 -0.075018525 0.16020662 0.044662207 -0.19209452 -0.030600611 0.071978286 -0.055237826 0.25740328 -0.07090119 -0.023221191 0.24914868 -0.2689421 0.0041142623 0.1105171 -0.039568104 -0.23787265 -0.07441585 0.08841822 0.08956058 0.39375505 0.0149814775 0.09572071 -0.21500981 -0.26167047 -0.0017914902 0.3420421 0.116773225 0.37930876 0.08531962 0.009839469 0.12086449 0.12885849 -0.18660754 -0.06301176 -0.13649477 -0.35883528 -0.23738863 -0.23174913 -0.25004134 0.1836033 -0.017765578 -0.08854495 0.37747443 -0.015878221 -0.11174752 0.021070255 0.25364918 0.01268663 0.065777056 0.3601081 0.109077774 -0.03425704 0.07585323 0.10969891 -0.27956495 0.007024538 0.050191283 0.13142015 -0.08352889 0.033644974 -0.10283907 -0.124749824 -0.06373255 -0.07251056 -0.09229416 -0.39453635 0.29408032 0.13982017 -0.101018876 -0.21302025 0.23301198 -0.16631442 -0.14876488 0.09235794 -0.2600046 0.15249643 0.15092665 0.05592954 -0.0849571 0.2624426 -0.2050687 0.32968968 -0.114298426 -0.1341948 -0.097902864 -0.07838855 0.0017760119 0.20583194 -0.0080603305 -0.0531748 -0.0036652344
TGO 0.13148063 -0.07701168 -0.031516965 0.027333707 0.21286188 0.24235292 -0.28502473 -0.069759086 -0.16680212 0.3046818 -0.029436842 -0.049514063 0.16233322 -0.09535894 -0.031774174 0.18788975 0.11340197 0.033235867 -0.21540688 0.26105812 -0.12796374 0.1377996 0.06532724 0.13657011 -0.08137208 0.1068852 0.037792854 -0.17349766 -0.08105126 0.012947007 -0.27107784 0.17215614 -0.10838529 -0.12899464 0.15580851 0.059696667 0.30789697 -0.16292495 0.27595928 0.068596184 0.042536035 -0.12758633 0.2215241 -0.10256431 0.19055074 0.030130986 -0.20718169 -0.100719504 -0.15129463 0.011090012 0.30473822 -0.14713633 0.059223082 0.02304233 0.061044667 0.07646301 0.3984956 -0.041367903 -0.10880621 -0.015420966 -0.43294036 -0.041593727 -0.04391166 0.095432274 0.2737946 -0.0318481 0.011599981 0.14755484 -0.057389617 -0.34003755 0.19981228 -0.081052765 -0.43912792 -0.033483222 -0.23842947 -0.3311665 -0.04896591 -0.022874463 0.025468174 0.5247191 0.042444907 -0.0477347 0.05914546 0.22223172 -0.13488495 0.10262929 0.19482292 -0.017050056 0.292685 0.05961083 -0.019945411 -0.16362318 0.10946189 -0.16429362 0.16120246 0.082922846 -0.18719298 -0.07685443 -0.17026451 -0.1475523 -0.035133533 0.10210261 -0.37836957 0.22415625 0.030979754 -0.1049336 0.115025 0.11729633 -0.13415809 -0.097238466 0.10153801 -0.391296 0.14930074 0.21758682 -0.016741406 0.09163369 0.16758889 0.16089103 -0.002746452 -0.0070204088 0.026988309 -0.256157 -0.0073484555 0.022336021 0.13735117 0.14029637 0.115157045 -0.06982732
AND -0.03001174 -0.0593438 -0.017019538 0.36259615 0.13573043 0.041313514 -0.13530393 0.20382117 -0.1415919 0.09353711 0.33599812 0.2685335 0.06786387 -0.26548207 0.28340924 -0.0015463796 -0.016975753 -0.07955672 -0.052338734 0.1074914 0.09478164 0.01316668 -0.23626423 -0.069783516 -0.31157562 0.3249748 -0.123544365 0.06296651 -0.027875146 -0.111176334 -0.16151279 0.00037712022 0.07610129 0.21016012 -0.011506305 0.040419143 0.010675161 -0.07214988 0.027420353 -0.0071250307 -0.020274036 0.15550841 0.11789432 0.029010834 0.06435952 -0.04930933 -0.13835983 0.068293154 -0.039365537 0.010269807 0.05550683 -0.07706759 -0.012281231 0.20364106 0.16769674 0.0034432223 0.26391524 -0.088732176 0.06606754 0.12792818 -0.019998074 0.10413226 0.32855883 0.17079729 0.13141379 -0.042142928 -0.004894732 0.07324923 0.14300309 -0.059759345 -0.045463823 -0.067797616 -0.38056538 -0.12855871 0.0046968823 -0.019590348 0.1638583 -0.06939693 0.008020064 0.1426664 -0.08964334 -0.2027088 0.10526213 0.28344184 0.050627254 0.07980504 0.14297125 0.16230364 -0.113313615 0.07660106 -0.0058209235 -0.06831218 0.01412166 0.11273088 0.041386876 -0.15168697 -0.16574506 -0.11085929 -0.069249086 0.061579008 -0.23303993 0.015151396 -0.14518012 0.08719947 0.018904991 -0.046159606 0.065932415 0.13138798 0.05824697 -0.1921362 0.032201733 -0.10102076 0.10720231 -0.03311248 -0.15033104 -0.07363817 0.1697092 -0.08826262 0.26853734 -0.18188913 -0.19363022 -0.12240448 0.008155282 -0.05511467 -0.06305162 -0.07385718 -0.070501976 -0.03963804
SEN -0.0066669276 -0.08297899 -0.039363492 0.34340948 0.18177803 0.063634865 -0.15556836 0.18441406 -0.14952525 0.15166047 0.3244788 0.24116708 0.06013025 -0.28486988 0.31143087 0.005050983 0.027053174 -0.08589984 0.001954921 0.14524141 0.08494924 0.055051386 -0.2475773 -0.10238269 -0.30740696 0.3164831 -0.13065922 0.059117258 -0.0067477454 -0.08654223 -0.20661171 -0.01123034 0.13061057 0.23236905 0.009798463 0.040347032 0.13290416 -0.075481445 0.020005554 0.015927518 -0.020555718 0.077861555 0.17385064 0.06417442 0.07698815 -0.018809944 -0.08634264 0.0054263165 -0.083067015 0.042847678 0.08574124 -0.070681736 0.08296718 0.15290937 0.19082803 0.09281327 0.2874237 -0.09535216 0.071938366 0.11462101 -0.09353682 0.13354501 0.38490418 0.20492205 0.08452928 -0.033110812 0.044637993 0.045797724 0.10469409 -0.052624494 0.042998955 -0.0014037695 -0.4411219 -0.09418248 -0.0049661607 -0.041153926 0.14478783 -0.021355905 -0.03494596 0.14414403 -0.10979046 -0.17768551 0.015509742 0.2947578 0.03415849 0.0931209 0.20020804 0.17750354 -0.063104175 0.16735634 -0.032330077 -0.09594149 -0.003122291 0.08775298 0.053002764 -0.17859857 -0.17839469 -0.18132387 -0.08151688 0.05260076 -0.2107485 0.02136988 -0.17448197 0.06194497 -0.018039687 0.033208005 0.12792593 0.098414026 0.035146683 -0.18990494 0.00837132 -0.11432457 0.077454 -0.03570152 -0.19868903 -0.087684125 0.13102698 -0.05378072 0.24091564 -0.15683533 -0.22189148 -0.13973854 0.0028737907 -0.049094968 -0.013849052 -0.08445907 -0.10577314 -0.011150603
ABW -0.00866114 -0.13083175 -0.018116053 0.2803118 -0.095336534 0.26446316 -0.12208657 -0.068981625 -0.1494722 0.034999788 0.25896293 0.21911108 0.28589422 -0.054313198 0.20046182 0.22137485 0.00010806223 0.1296086 -0.24352923 0.14397731 0.024734013 0.021206085 -0.1710485 0.17061858 -0.2111421 0.3563471 0.13138954 8.6204614e-05 0.061524596 -0.027981317 -0.07841758 0.33213955 -0.04044795 -0.062777236 0.114129566 0.051957972 -0.025416063 -0.19159083 0.19788219 0.012616666 0.031799823 0.12572095 -0.021494696 -0.09070012 0.18145199 -0.13434987 -0.33293682 0.07874111 0.13740246 -0.05918972 -0.04496367 -0.12596418 -0.11553514 0.25051668 0.07926893 -0.23327856 0.30823296 -0.040489078 -0.08662993 0.14012055 -0.07924328 -0.10231113 -0.25583035 0.21961829 0.28784782 -0.13163747 -0.09613524 0.1836899 0.03768994 -0.1467079 -0.15188025 -0.17994289 -0.16159691 -0.1734875 0.06236979 0.14032882 0.19091041 -0.057806112 0.24269098 0.3332721 0.0055857603 -0.22948363 0.30256876 0.2633233 -0.010708517 -0.05156655 -0.065411754 -0.00067797495 -0.005416956 -0.20148215 0.098482534 -0.034032993 0.19722511 0.012059071 0.20118228 0.022766788 -0.257957 0.15052755 -0.066924155 0.085250586 -0.36795148 0.078086995 -0.25136068 0.11148356 0.13108121 -0.040869728 -0.038752023 0.23637143 0.17876136 -0.06718345 0.046672553 -0.3656072 0.14450936 0.17831907 -0.18905173 0.21912989 0.18528658 0.10017157 0.13997197 -0.10109649 0.121400446 -0.037602276 0.18083023 -0.028520806 -0.07380704 0.13195296 0.2112523 -0.12920684
CXR 0.17877659 -0.22445294 0.24365546 0.0068683466 0.15265886 -0.12610632 -0.035693306 -0.26107883 0.16765523 0.16893522 0.50134397 0.046979193 -0.07033079 0.10311059 0.14178832 0.40272164 0.05326671 -0.28840417 -0.10463521 -0.11259901 0.065735094 0.197746 0.009258514 -0.5084642 -0.14836244 0.030000443 -0.07051264 0.17811838 0.11945547 -0.33231434 -0.040029358 0.30730686 -0.05276386 0.17667834 -0.2710871 0.25350276 0.41336912 0.00805182 -0.19548953 -0.04062301 0.066034764 0.22603966 0.013337924 -0.20545399 0.19383979 -0.03588427 -0.4008906 -0.116044104 -0.34714794 0.029688299 0.04605505 -0.049995992 -0.11467603 -0.06838384 -0.25818783 -0.13641061 0.1359235 -0.015573777 -0.07912929 0.14073417 -0.07107131 -0.0887653 0.32585046 -0.12451498 0.21993949 -0.18048131 -0.13042203 0.03350381 -0.16391619 -0.010267987 -0.117470354 -0.049695894 -0.15675661 0.014816383 -0.1155153 -0.22929385 0.023008998 -0.031204186 -0.16684745 0.1026574 -0.14333896 -0.30057824 -0.051321182 -0.03885674 0.23686333 -0.10579273 -0.118868284 -0.24895163 -0.028031345 0.17509481 -0.27596384 -0.0037751787 0.35780022 -0.20987573 0.29744384 -0.06566331 0.09763256 -0.30982646 -0.106544405 -0.14248163 0.0961337 0.15240668 -0.15946512 -0.13156942 0.11225028 -0.2756999 -0.41956127 0.33636504 0.21822257 0.017966045 0.13296598 -0.36618978 0.23499326 0.007863613 -0.32622856 -0.017666614 -0.024646841 -0.060933627 0.29924756 -0.21382943 0.018697979 -0.11341542 -0.25702563 -0.16002607 -0.083560504 -0.19609223 -0.1234473 0.31787738
NIC -0.09047515 -0.16384968 0.13799919 0.49515292 0.061209865 -0.057209197 0.17354031 0.04690325 0.03427344 0.21721719 0.1614713 0.057077102 0.15529464 -0.2225313 0.1610053 0.1661566 0.020044455 0.34109777 -0.24247433 0.055561822 0.2522926 0.38781047 -0.17369588 -0.17803107 -0.24564826 -0.051729858 -0.13181229 0.2109572 0.23414989 -0.09340812 -0.21455812 0.30367398 0.09615818 0.36651713 -0.031819597 -0.31049132 0.25561646 -0.16194977 -0.08324328 0.11693498 0.020719407 0.3713445 -0.2200405 -0.069414765 0.08895952 0.18530461 -0.057845417 0.14616433 -0.23658232 0.11127883 -0.17209813 0.2017557 0.2568271 0.09658506 0.20211765 0.020801902 0.08674715 -0.20194189 -0.039562505 0.071287334 0.050860174 0.035630595 -0.16456226 0.16418092 0.0738267 -0.18336841 -0.007333183 0.012969053 -0.098339476 0.035640635 -0.034113962 0.022713609 -0.40482926 0.11671967 -0.032696556 0.15676181 -0.12768362 -0.14137875 -0.18597093 0.035758212 -0.24731588 -0.23322925 0.14539905 0.20957166 0.30881485 0.27743328 0.052706946 -0.09796715 0.113668434 0.05694986 0.075045444 -0.44361702 0.30525443 0.04244447 0.24880005 0.4189607 -0.40496534 -0.053688284 -0.19410995 0.10960278 -0.10670153 0.074371696 0.04988085 0.006917641 0.24508202 0.05445902 0.07734411 -0.15122055 -0.1460458 -0.16505578 0.11341189 -0.22298245 0.23943184 0.1257941 -0.00599041 0.15548515 0.007861353 0.1115097 -0.096794136 -0.17144497 -0.15827914 -0.16229212 0.17298487 0.115240335 -0.038442746 0.16991042 0.25127134 0.06351946
COK -0.004586128 -0.09529583 0.028730901 0.065855175 0.23878267 -0.11015744 0.15950955 0.017671011 -0.06264983 -0.022989172 0.26806408 -0.12198667 -0.2199366 -0.15394913 0.1951408 0.1942089 -0.12868704 -0.17394222 0.04861809 -0.10399072 0.101209804 0.0813295 -0.17473152 -0.24940673 -0.084216364 -0.014436962 -0.055377934 0.17610316 0.073329195 0.12746097 0.18729873 0.09075185 0.014395207 0.027589642 -0.12872754 0.12165231 0.12550932 0.016371833 -0.17676966 -0.06448086 0.19948931 0.323312 0.08803144 -0.093451284 0.24039727 0.054172594 -0.31977394 -0.05609324 -0.042538438 0.12755315 0.3159913 0.045841455 0.020328829 0.15509523 -0.13047706 -0.1575283 0.22240748 0.14467116 -0.07063701 0.19987574 -0.14676605 0.09993141 0.381395 -0.3850988 0.35704133 -0.085714586 -0.15291534 -0.16789377 -0.1196679 -0.2268065 -0.057125732 -0.22221813 -0.13451484 -0.15564424 -0.13023682 -0.22579202 -0.015779715 0.09897133 -0.2161203 0.13759398 0.34913 -0.36607727 -0.24760891 0.21643068 0.34882945 -0.007645783 0.14631316 -0.20723343 0.061028987 -0.017178014 -0.16702366 -0.015025969 0.19473824 0.08442061 -0.07328377 -0.10980271 -0.024560643 -0.109073184 -0.22888027 -0.34844923 -0.056789044 -0.031950254 -0.16415176 0.06467856 0.21204391 -0.5192519 -0.24144648 0.23641254 0.11561921 -0.1229809 0.35567424 -0.33899933 0.3609923 -0.065474264 -0.24763665 -0.14676726 0.14074203 -0.17824233 -0.070282094 -0.07363351 -0.13509059 -0.2141849 -0.14600565 -0.10989233 -0.26724228 -0.04261022 0.009728808 0.09186903
SLB 0.17962952 -0.120346695 0.32901484 -0.0741416 0.13497609 -0.16427678 -0.05832087 -0.18836115 0.16782728 0.21557847 0.50836825 -0.06385013 -0.113267295 0.10716982 0.09811611 0.3789145 0.060667142 -0.31138512 -0.09495915 -0.1786517 0.13725322 0.17679878 0.0047475877 -0.512248 -0.13916358 0.06224872 -0.14455415 0.18315138 0.16282602 -0.37322313 0.013676283 0.34666565 -0.15332207 0.117534675 -0.26623356 0.21768694 0.3858952 -0.020416046 -0.17492089 -0.017266842 0.09954713 0.34277546 -0.011900466 -0.23730601 0.19443725 0.0012247404 -0.43543994 -0.16244619 -0.35518298 0.0037994827 0.057739962 -0.07613481 -0.11161812 -0.0628526 -0.23690149 -0.17806529 0.15700155 0.0019872482 -0.09231892 0.22817805 -0.026679609 -0.08912671 0.36632347 -0.111390784 0.26361883 -0.28452468 -0.22231527 -0.009792104 -0.05001146 -0.047484364 -0.21513991 -0.028708598 -0.16244228 0.0016749246 -0.17618527 -0.2482755 0.087556615 -0.08209771 -0.20848103 0.15002221 -0.0867043 -0.3339137 -0.069369026 -0.10994692 0.28424868 -0.12733924 -0.184386 -0.26684391 -0.08188029 0.06411047 -0.33785963 -0.0054293745 0.36070892 -0.119426414 0.27644324 -0.09848234 0.09878136 -0.30901062 -0.12137684 -0.19903478 0.1461078 0.10172464 -0.14418234 -0.18482982 0.14441773 -0.35002336 -0.4224852 0.37750408 0.2815638 0.014683445 0.13901392 -0.46641397 0.28394765 -0.01386581 -0.32961702 -0.009548947 -0.06858745 -0.05602663 0.31166497 -0.1881981 0.050493777 -0.15245733 -0.29402027 -0.19421749 -0.123995535 -0.1857531 -0.113468796 0.25004303
RWA 0.16700651 -0.043085553 0.33667427 0.028530106 0.098620936 -0.17299089 0.32006204 0.099769816 0.11527432 0.07288658 0.4763266 0.05122726 -0.20733902 -0.069928795 -0.13095589 0.16848093 0.050607182 -0.30733523 -0.19909404 -0.14367327 -0.12363985 0.27519384 0.18705234 -0.69730884 -0.28059837 -0.0062669707 -0.38958153 0.0546125 -0.19330744 -0.07369812 0.1029533 0.14763308 -0.2769914 0.25022247 -0.37865564 0.012553979 0.33072305 0.18192518 -0.042362843 0.0020991452 -0.07377897 0.38514987 0.15346041 -0.20372929 0.27608782 0.06890598 -0.394208 0.104562156 -0.33394596 0.022346618 0.18466483 -0.47795576 -0.18205811 0.03828424 0.16679634 -0.11382457 0.14405209 -0.41263258 0.044451997 0.22388142 -0.01908715 -0.12767866 0.00352642 -0.10485806 0.24954832 -0.10315533 -0.24925798 0.13836685 0.1072599 -0.12556793 -0.17225131 -0.17817986 -0.13227922 -0.24648719 -0.2972616 -0.28958192 -0.11735215 -0.07959031 -0.35657063 0.18667871 0.08393572 -0.054925833 0.0005677336 -0.23495969 0.29546806 0.04829153 0.1095292 0.008150693 0.14982806 0.17022917 -0.27993652 -0.16079195 0.22199267 0.23361978 0.02138308 -0.10562841 -0.07710027 -0.031193906 -0.22563069 -0.25048634 0.16777276 0.014749214 -0.42752475 0.110878415 0.06689074 -0.38467836 0.053069353 -0.02185676 0.17858008 -0.0149729205 0.41831073 -0.25524157 0.38014036 0.111195676 -0.20353644 0.089214936 0.20727183 -0.2567892 0.31121227 -0.058668934 -0.20230944 -0.48275158 -0.21989946 0.14116667 -0.2158105 -0.2666682 -0.0760234 -0.13168661
BEN -0.012331266 -0.16403125 -0.017400727 0.36225232 0.14828505 0.10413992 -0.12760001 0.13774194 -0.119938105 0.21047467 0.23193012 0.24846482 0.09276136 -0.31678072 0.32229504 0.053017236 0.07929538 0.004889595 0.010377518 0.17322057 0.14111607 0.1397913 -0.32271278 -0.029327074 -0.26017544 0.34091327 -0.08580672 0.12344409 0.02441188 -0.068904154 -0.27310637 0.034863103 0.19242853 0.2481026 0.082858324 -0.039278496 0.19305839 -0.1622926 0.04131242 0.025248347 -0.0025683162 0.063980095 0.09246748 0.08499018 0.036992818 0.0021255163 -0.08693109 0.019669732 -0.10022114 0.018117484 0.030973708 -0.048971307 0.18201546 0.1740957 0.20148176 0.11129037 0.27587536 -0.09341845 0.04751262 0.13799727 -0.060028054 0.1162875 0.3307394 0.2972252 0.053818833 -0.066628024 0.066650815 0.061512664 0.055890623 -0.01717046 0.052756242 0.021179544 -0.477207 -0.031171426 0.005388312 0.012648109 0.11477992 -0.008723957 -0.022426289 0.09474189 -0.14085945 -0.21925531 0.0082908515 0.3302142 0.030040175 0.09307447 0.17990382 0.14952137 -0.049926758 0.19380729 0.0020950194 -0.13054739 0.02482399 0.04170348 0.11102149 -0.14617167 -0.27666628 -0.18417872 -0.05629441 0.08058604 -0.21696305 0.08129887 -0.1417591 0.0400749 0.0119095 0.0973308 0.14373876 0.091834165 0.04919096 -0.18691504 -0.0011913074 -0.17031446 0.053019743 -0.0073717055 -0.24349263 -0.027128931 0.10703786 0.02083665 0.15330453 -0.1654814 -0.21060096 -0.110692985 0.103593074 -0.028667746 -0.012101869 -0.017218495 -0.0636069 0.039053217
PRK -0.12811531 0.024729818 -0.016234301 0.18818046 0.23777412 -0.08345508 0.044404365 0.13586344 -0.018742139 0.37737104 0.2127147 -0.02134421 -0.14084405 -0.16869189 -0.18050349 0.09984276 -0.2989994 -0.047713455 -0.04346919 0.061622214 0.056771934 0.19240062 -0.11588586 -0.1886625 -0.06751572 0.083798416 -0.11059708 0.23638305 0.18053953 0.048651397 0.22541976 0.033418644 -0.11169479 0.044804174 0.0018261527 -0.117926344 0.0035365461 -0.07674929 -0.06291395 -0.004137312 -0.20897146 0.21136133 -0.13103941 -0.0014418723 0.26095298 -0.11067767 0.10550792 0.13740006 -0.2702328 0.043480832 0.11508725 0.23002063 -0.0013477963 -0.07673702 0.2109108 -0.047049556 0.34019658 0.23359613 -0.13847563 -0.07619864 -0.21660522 0.024431292 0.13935664 -0.123782426 0.1894632 0.052479345 0.15436052 -0.07032767 -0.13634267 -0.1604758 -0.04533258 -0.0571151 -0.2880628 -0.26586854 -0.12256665 -0.25644356 0.16455868 0.20945102 -0.20629619 0.29273242 0.25335205 -0.28977698 -0.16202185 0.40192595 0.23256361 0.01091676 0.18588354 -0.27415073 0.19174503 -0.0078090657 -0.011387977 -0.123463996 0.042527016 -0.067327045 0.18318227 -0.111751676 0.011576787 -0.043487955 -0.18800922 -0.2380795 -0.0053471006 -0.36217597 -0.34458867 0.19365814 0.2929047 -0.22370814 -0.26980168 0.21003808 -0.12209999 -0.14559108 0.27366275 -0.22112435 0.16980639 -0.006930495 -0.14114007 -0.183248 0.023621961 -0.31271657 -0.09566789 0.10367855 -0.22155745 -0.025758762 -0.1400649 -0.09848414 0.13342689 -0.06064384 0.14562698 -0.20944196
MDV 0.15614693 -0.2199307 0.22827244 0.0015100776 0.13104403 -0.10843576 -0.021497443 -0.27647156 0.1924203 0.16182005 0.5020718 0.072676755 -0.09333907 0.16338535 0.101200156 0.41773337 0.013288249 -0.22677381 -0.11684909 -0.12170766 0.038651038 0.18841636 0.008825716 -0.5072086 -0.10762147 -0.017870756 -0.065390505 0.18372847 0.14801535 -0.27906147 0.0083796475 0.3513164 -0.07821152 0.14640006 -0.26127154 0.2558804 0.4141675 0.0022666513 -0.18298101 -0.042103607 0.0357105 0.1980297 -0.029211748 -0.19502938 0.1683484 -0.041508205 -0.41694573 -0.102803655 -0.32526803 0.040344372 0.04050889 -0.034135282 -0.14417325 -0.10297097 -0.2572889 -0.156254 0.13410057 0.05830375 -0.12010143 0.12118926 -0.081354216 -0.09935543 0.30676806 -0.19181524 0.22044668 -0.16088665 -0.13911714 0.06178386 -0.20259425 0.003665145 -0.12917069 -0.04568715 -0.12302695 -0.02512243 -0.078739464 -0.24047092 0.036701243 -0.008880718 -0.16178507 0.10439035 -0.08064252 -0.31200823 -0.05171459 -0.009759155 0.26091847 -0.110491775 -0.12726922 -0.29824704 -0.032995686 0.14868541 -0.26075035 0.024169771 0.3399562 -0.27679476 0.31588095 -0.06984064 0.14790125 -0.30560145 -0.07496177 -0.15687229 0.07832895 0.12183245 -0.15719013 -0.11359489 0.1215069 -0.30326578 -0.46483052 0.3636569 0.20129432 0.05238191 0.14504574 -0.36525008 0.24479471 -0.008328479 -0.32047558 -0.036900103 -0.07314121 -0.07198694 0.29284716 -0.18628156 0.045045722 -0.07086913 -0.24368969 -0.16359647 -0.06923142 -0.15176491 -0.10453946 0.3228886
CYM -0.049671184 -0.21906371 0.08984857 0.53416383 0.054823518 -0.16861826 0.027258176 -0.0977175 -0.12499081 0.06670151 0.3405797 0.37853092 0.1769412 -0.27997363 0.15380877 0.32864776 -0.1218411 -0.07714946 -0.050924357 0.15064895 0.062032856 0.15288551 -0.2224557 -0.36750895 -0.33619326 0.31845915 -0.13507728 0.15140644 -0.005174611 -0.20800893 -0.33054242 0.0040023406 0.49591544 0.45873836 -0.24448441 0.04554402 0.2228996 -0.053533826 -0.09228192 -0.016378986 -0.11940212 0.06885515 0.21298048 -0.050973695 0.124098726 -0.026931616 -0.009986774 -0.12721698 -0.16178343 -0.06622186 -0.003663637 -0.024679812 0.12853144 0.02953395 0.15638041 0.037778098 0.3484677 -0.23515433 -0.09927253 0.11122951 0.033369783 0.018261509 0.0072900215 0.13622476 -0.13443315 -0.0055931103 0.33131364 0.14251986 -0.1937853 0.15273276 0.12987943 0.0026511515 -0.4559574 -0.017171072 0.13349827 0.13368656 -0.01151505 -0.01281359 -0.030827403 -0.013732556 -0.21291876 -0.15548275 0.25099656 0.3132047 0.06489304 0.18710071 -0.085706525 -0.030858122 0.09488931 0.2662643 -0.10764052 0.053511254 0.18692291 -0.24494644 0.20271897 -0.17133835 -0.22586416 -0.10004934 -0.07972233 -0.0073798886 -0.30057615 0.11573893 -0.23832902 -0.017726833 -0.07007996 0.24286789 0.062758245 0.054387745 0.17644823 -0.2053461 0.09460309 0.28198433 -0.0051330384 0.15738155 -0.34705883 -0.13774194 -0.10420618 -0.056997906 0.10778019 -0.16636112 -0.36259082 -0.009713678 0.02250531 0.054609764 0.09249496 -0.3181911 0.10835126 -0.14402382
UZB -0.015200073 -0.00358312 -0.00048664917 0.31923366 -0.14277506 0.24683012 -0.1620149 0.011555048 -0.16663313 0.0008430731 0.23201917 0.1916558 0.3312762 -0.1336024 0.2123754 0.15019256 -0.025274241 0.16548179 -0.23093486 0.14100873 0.054869417 -0.09965505 -0.14139166 0.2466651 -0.25592655 0.3253526 0.091910206 -0.046334624 0.06772626 -0.06237238 -0.10666733 0.35885796 -0.0049872985 -0.03346544 0.12806362 0.030597992 -0.028637407 -0.15770042 0.21566088 0.05221216 0.0706824 0.16527623 0.0023747496 -0.10954029 0.17018291 -0.07204203 -0.3520477 0.03093485 0.15252922 -0.016739832 -0.052714076 -0.1055731 -0.100377575 0.27435604 0.15283528 -0.22047892 0.30138707 -0.12841347 -0.06867423 0.19269441 -0.052086134 -0.10471944 -0.22933252 0.22984554 0.22567014 -0.17911546 -0.053132795 0.19624734 0.091232054 -0.15851906 -0.17774634 -0.09903565 -0.20246597 -0.14452459 0.049960982 0.1718226 0.22958627 -0.12526815 0.23578472 0.40175086 -0.0038039745 -0.23014164 0.35122558 0.24145979 0.0083824005 0.03135365 -0.08199745 0.08323305 -0.0076416335 -0.21504149 0.10689816 -0.02974783 0.20800498 0.011028117 0.19590276 0.023753656 -0.28774655 0.13720259 -0.11672806 0.124072745 -0.35725078 0.045711383 -0.1961395 0.09022987 0.16994782 -0.06621264 0.09610578 0.16177867 0.1494596 -0.10998147 0.021834202 -0.27272215 0.20111464 0.14285076 -0.09739881 0.2205709 0.14553246 0.13833188 0.1481619 -0.1188645 0.0700192 -0.10438136 0.19228245 -0.02846062 -0.09308705 0.10248216 0.22820188 -0.23394237
GIB 0.031873032 -0.21004945 0.113456346 0.19182865 -0.023386266 0.26370823 -0.26701078 -0.15623383 -0.104233876 0.30310643 0.23653983 0.31024086 0.2139818 0.06925565 0.0058338246 0.3446987 -0.07264155 0.29126954 -0.16509953 0.3052476 -0.07062437 0.2284881 -0.15776491 -0.006750417 -0.21401463 0.5713367 -0.14490113 0.1797457 0.02742632 0.08736992 -0.12322493 0.40940538 -0.10080048 -0.3853248 0.24078901 -0.15200937 0.27379158 -0.28650388 0.3312623 0.0051637148 -0.18134475 0.05128979 0.10883784 -0.0085502975 0.1201956 -0.2372418 -0.32637358 0.030973604 -0.025557045 -0.09627575 -0.0062322966 -0.32401496 0.08079165 0.1780913 0.1978277 -0.14770904 0.3990401 0.06862826 -0.32037848 0.2260803 -0.2376299 -0.12967858 -0.20908202 0.2578544 0.1632821 -0.0020738987 -0.057823945 0.12712288 0.017289383 -0.06695792 0.021349758 -0.036490947 -0.2516877 -0.35987833 0.07895459 -0.0073278258 0.059396867 0.19728275 0.13321224 0.2615309 0.14199933 -0.12361731 0.07704097 0.32786247 -0.117552385 -0.11360573 -0.00951566 -0.15758914 0.012669914 -0.0539112 -0.013946099 0.08141598 0.07098799 -0.11071649 0.20440623 -0.32702833 -0.071400434 0.1318036 0.16077402 -0.10149192 -0.3588007 -0.14734003 -0.48448458 0.04927464 -0.04987678 0.056104183 -0.104511164 0.38365522 0.24314208 -0.040177837 0.07363775 -0.572837 -0.032605324 0.07323733 -0.5151124 0.16196132 0.032957043 0.19368853 0.009381397 0.063995264 0.0679608 0.03716865 0.05081545 -0.12731495 0.143097 0.053110804 0.01333316 -0.25174165
VGB -0.016278708 -0.051059067 0.0018390872 0.35981977 -0.11495697 0.25921267 -0.12806219 -0.0141646685 -0.1566841 0.039613638 0.3031601 0.25856 0.29253972 -0.13053459 0.20432667 0.27771553 -0.025814945 0.18824707 -0.16498668 0.11478532 -0.03266991 -0.028655834 -0.124488965 0.17636864 -0.21507037 0.27945277 0.090712816 -0.019647041 0.046430893 -0.058833506 -0.13318671 0.33972147 0.075162075 0.011979021 0.11046783 0.11851929 0.018700013 -0.12629013 0.18102105 0.039439324 0.074104354 0.10036777 0.049341112 -0.13791828 0.14982048 -0.09762566 -0.36996114 -0.010899925 0.1314604 -0.04270572 -0.009264692 -0.13546988 -0.093809016 0.23649262 0.17585786 -0.21579227 0.35131302 -0.104728006 -0.06482132 0.1547108 -0.026294379 -0.08055219 -0.24316035 0.19049965 0.14237611 -0.20728159 -0.02509858 0.28193676 0.035777897 -0.08780054 -0.11086337 -0.09141412 -0.20552865 -0.14742659 0.0556725 0.13873164 0.19505437 -0.06672212 0.2560946 0.36168334 -0.0008224774 -0.22991313 0.31105617 0.23017941 0.013491111 -0.013841665 -0.08224249 0.057968445 0.016542947 -0.0751742 0.08157503 -0.01962326 0.22319566 -0.04793806 0.17685276 -0.022395378 -0.28504705 0.10107738 -0.11929945 0.13525037 -0.33103803 0.0287732 -0.25641626 0.068114765 0.15096146 -0.0059839766 0.08136269 0.24940158 0.11995282 -0.06799842 0.018339366 -0.25379243 0.23973788 0.106627636 -0.14821596 0.14020513 0.16895351 0.12594482 0.14221025 -0.09176471 0.055002324 -0.05876985 0.13598147 -0.048653886 -0.08225326 0.10905398 0.21547581 -0.19373398
