169 128
USA -0.0030280445 -0.094999835 0.12391087 0.29380772 0.1789819 -0.13844965 -0.15758897 -0.02528837 -0.12879916 0.062418807 0.31610325 0.031620406 -0.34808832 -0.005192289 0.15597743 0.12884523 -0.019624794 -0.14700773 -0.215943 0.15242696 -0.051774215 0.22453186 -0.049018726 -0.024857156 -0.023485754 0.13150418 -0.06468033 0.034168907 0.026244782 -0.09290214 -0.084245756 -0.0034894021 -0.010019064 -0.17792356 -0.09551793 0.3011137 0.08676 0.086105354 -0.093400575 -0.0079385415 -0.23268676 0.32745987 0.12460348 0.014748054 -0.0015933245 0.056328874 -0.13962257 0.054667145 -0.13960634 0.0182761 0.07804711 0.052360676 0.04210284 -0.08215634 0.0031185525 0.031700972 0.07978458 0.016640402 0.03309362 -0.06335452 -0.11793317 0.019537883 0.00082764396 -0.14554374 0.19754197 0.022885773 0.21020135 -0.022188727 -0.06563433 0.03709956 -0.044054348 -0.064468354 -0.13347791 -0.12357318 0.11377147 -0.05127508 0.01737133 -0.037400357 -0.19305891 0.05978731 -0.12275886 -0.15701991 0.021801375 0.21942142 -0.06701703 0.0070070103 0.04428841 -0.15722932 -0.013187296 0.08216361 0.060146194 0.0958093 0.18597476 0.017219942 0.2258271 0.21754578 -0.022227209 -0.10217434 0.016865995 -0.16655037 -0.21585472 -0.03646118 -0.004749275 0.17800038 -0.00088918617 -0.2573461 0.0978692 0.111602254 -0.13067326 -0.18951952 0.14719482 -0.24632336 0.026753979 -0.113453306 -0.04681272 -0.08317173 0.029998848 -0.093115665 0.07176744 0.011860764 0.013279852 -0.010659008 -0.060168926 -0.038533792 -0.01435356 -0.041583624 -0.030603396 0.03510779
ARE -0.29106823 0.08832603 0.07067005 0.07261712 0.12903525 0.18536441 0.25950423 0.035905886 -0.028665137 0.19763307 0.05743074 -0.04892938 -0.08302244 -0.1146211 -0.0922843 0.17826334 0.07782095 -0.14492312 -0.17932226 0.106639996 -0.015317057 0.30831653 0.03868904 -0.3580647 -0.27735335 0.26966387 -0.14113177 0.20398621 0.04822543 -0.15577552 -0.061185308 0.028679924 -0.35757375 -0.07217966 -0.12822978 0.1052335 0.23230192 -0.10934425 0.019249767 -0.14078863 -0.020310171 0.18634765 0.0389594 -0.0523263 0.21079558 0.22661217 -0.034311086 -0.012972557 -0.041876394 0.031847443 -0.0028537528 0.1324558 0.04725292 0.16293241 0.04238273 -0.11574138 0.32605755 0.014385371 -0.24917063 0.031859726 -0.048316013 -0.073449574 0.041364383 -0.0049257213 0.16220279 -0.13345808 -0.25829434 0.088919416 0.029455813 -0.04019316 -0.27003866 0.024175825 -0.2225024 -0.09296141 0.03512793 -0.2551904 0.063254684 -0.01940414 0.045977544 0.064757764 -0.11223762 0.055133406 -0.017652985 0.013095862 0.3101587 0.1579608 -0.007205145 0.10989951 0.031051653 0.28410825 0.08290521 -0.072477214 0.08178949 -0.14605646 -0.05212035 -0.026738089 0.13984115 -0.09462894 0.10677816 0.0949387 -0.09214932 -0.07558464 -0.04915828 0.017663077 0.0056354045 -0.15666547 -0.28525105 -0.14571154 -0.00523963 -0.19913504 0.05028984 -0.3282293 -0.03922122 0.12198163 -0.045917027 -0.03908904 0.118689105 -0.09000381 0.2948025 -0.2338732 -0.08366659 -0.011296268 0.14948685 0.1334817 -0.17217454 -0.21428956 -0.06754026 -0.049301907
NGA -0.32457337 0.11201079 0.14048846 -0.008553278 0.042518876 -0.0864517 0.095119566 -0.064076185 -0.1446727 0.18841216 0.11080606 0.0015144979 -0.13928634 0.14403221 -0.03768837 0.10315981 -0.26454508 0.043749176 -0.011368286 0.13682391 0.19288635 0.21680422 -0.12637462 -0.3186301 -0.14711651 0.1639042 -0.17014761 0.31708708 0.095608056 -0.18701595 0.037292212 -0.057901997 -0.07751472 -0.049421918 -0.012568323 0.15531002 0.009229505 0.015247616 0.15506044 0.11784423 -0.026867552 0.20526566 0.14883399 -0.23746811 0.025763392 0.16979384 0.05615018 -0.02637079 0.008802893 0.0022348352 0.17952856 0.15557736 -0.030203447 -0.016627353 0.028406566 0.19909124 0.27964076 -0.085337125 -0.11971805 -0.055866003 0.02312993 -0.061631314 -0.0734041 -0.064944685 0.059964072 0.188348 0.05763473 0.07372559 -0.15082976 -0.08744285 0.11542662 -0.13064645 -0.22993717 0.022279933 0.08716869 -0.1871839 -0.05224329 -0.015170013 -0.09748703 0.042628918 0.0072077583 0.053947743 0.010986724 0.2154126 0.05373073 0.019312127 0.020851368 -0.1217993 0.17749631 0.14670955 0.031257402 0.16496193 -0.1467764 -0.026708575 0.17340302 0.030250134 -0.11283881 -0.11155368 0.116345525 -0.22282664 -0.34715325 0.09612516 0.012268801 0.08758776 0.15039659 -0.16330115 -0.005084046 -0.22227314 -0.12655713 -0.15416162 0.18027094 -0.15896562 -0.08177413 -0.16188118 0.10282295 -0.09068377 0.04887256 -0.23825897 0.34809598 -0.21470632 0.0143638635 0.17979993 -0.16288246 0.22002117 -0.08955029 -0.25297865 -0.18337393 0.12377228
SAU -0.17938536 -0.1031197 0.078427814 0.06719851 0.011288868 0.053436384 -0.03674935 0.037131313 -0.09462743 0.039231393 0.11768272 -0.044609457 -0.029790426 -0.015245797 0.108404145 -0.007404153 -0.16373304 0.03185778 -0.1480272 -0.007528725 0.06179291 0.23188859 -0.12680599 -0.032381184 -0.19143535 0.19654684 0.0025340351 0.190977 0.16911429 -0.11559575 -0.083684586 0.04100337 -0.322157 -0.16354246 -0.09935391 0.0890886 0.03699101 0.113792494 -0.0069832103 -0.08505339 -0.03634297 0.16830446 0.0526808 0.03490981 0.12108747 0.1803198 -0.10880931 -0.020058747 0.0018629021 -0.041013386 0.12155109 0.15925016 -0.012100783 0.09914626 0.0390544 0.011906423 0.2081097 -0.076350644 -0.11744482 0.04030956 -0.03447047 -0.107421346 0.1005771 -0.047282375 0.18067123 0.053473264 -0.054806102 0.12789984 0.026955811 -0.13749169 -0.12004404 -0.087845914 -0.35709894 -0.16953033 0.0897261 -0.14332397 0.04388592 -0.018451165 -0.014712131 0.12017217 -0.062751934 -0.020460296 0.11604899 0.20421983 0.15809308 0.07305849 0.09988916 0.05611498 0.0021075238 0.102211334 0.08098407 0.07627491 0.097960755 -0.071200065 0.26535034 0.07106728 -0.028426193 -0.122949995 -0.011224177 0.017556714 -0.2612162 0.0049647354 -0.09586275 0.050336372 -0.002315415 -0.13661629 -0.058734115 -0.07468024 -0.031502146 -0.085430905 0.21340993 -0.16228859 0.10379784 -0.02922652 -0.016306153 -0.013589917 0.022883737 -0.15750553 0.25240085 -0.1431027 -0.056595046 0.031681746 0.015164591 0.06078665 -0.081167705 -0.3670108 -0.0832675 0.01487344
RUS -0.12133912 -0.34047392 0.04019583 0.025634522 0.101252936 -0.071830034 0.020830357 -0.09994826 -0.06920751 0.071047634 0.24683562 0.016154392 -0.21845181 0.10238391 0.034020156 0.27272278 -0.14861809 0.11689275 -0.12145584 0.15491804 -0.14599551 0.29071993 -0.04331601 -0.33473855 -0.11084041 0.3050442 -0.29228333 0.03296729 0.22899789 -0.10978607 -0.0112159755 0.2153664 -0.1315848 -0.10164226 -0.04552565 -0.005164899 0.10740022 -0.006921168 -0.0029440355 -0.30282858 -0.19737405 0.3601022 0.08248738 -0.088720635 0.20879526 -0.053416666 -0.3294606 -0.1737562 0.052263584 -0.06453816 0.21973412 -0.03925434 -0.11116789 0.10299071 0.08239181 -0.07724036 0.19375256 0.12995365 0.04558217 -0.021477753 0.015107918 -0.1842054 0.008481407 -0.08785116 0.022320425 0.13696623 -0.14409797 0.031734 0.024556879 -0.025482977 -0.11823709 -0.29080218 -0.31955895 -0.1603572 0.16625592 -0.09886539 0.013872944 -0.015146359 0.06478536 0.020340402 -0.05864188 -0.1297086 0.15279815 0.2693303 0.2546719 0.08291575 0.044936873 0.18200773 0.1370552 0.23221701 -0.13763447 0.20840897 0.001957741 -0.16396973 0.27514344 0.041795824 0.23416208 0.043223586 0.05942672 0.03167372 0.01539633 0.13979496 -0.22059281 0.072703764 0.16581206 0.053485446 -0.19681466 0.0879506 0.022643344 -0.19725189 0.20164269 0.03742503 0.07455961 -0.08636406 -0.0089279795 -0.023458423 0.064230986 -0.10631299 0.12767057 0.035013206 -0.08143312 0.113656275 -0.015235697 0.060278427 0.001537275 -0.010569511 -0.07251706 -0.049468677
ZAF -0.037870474 -0.113750435 0.35459298 0.020925952 0.24197574 -0.23763967 -0.05047257 -0.21250679 0.014418029 -0.09240723 0.33906463 -0.12101943 -0.2927599 -0.035259284 0.08903449 0.019765893 -0.17798184 -0.19006427 -0.10343324 0.17176941 -0.13045427 0.09346447 0.008001181 -0.3340468 -0.23853526 0.4211183 -0.038871266 0.2484665 -0.09067953 -0.1943942 0.034014255 0.25703079 -0.12844951 -0.20163155 -0.2592906 -0.038773276 0.016573394 0.32578307 -0.41392452 -0.04305896 0.059554823 0.29549003 0.00028160028 0.07100301 0.001773178 0.014584508 0.01816725 -0.094718665 0.03466787 -0.14099301 -0.06279858 0.1834877 -0.040619694 0.1739148 -0.050651785 0.18589821 0.35423425 -0.049565256 -0.07629666 0.11496155 0.050888572 0.12239035 0.06250343 0.1133105 0.13877246 -0.04211892 0.113949515 -0.04475556 -0.24946596 -0.082058586 0.040927738 -0.26412454 -0.25555536 -0.29153916 0.19583951 0.11970009 0.13119385 0.065267496 -0.2677557 -0.07107996 -0.16759443 -0.048139844 -0.058928467 0.06303499 -0.08147689 0.32105753 -0.15876193 -0.18035524 -0.27728263 0.3175884 -0.2257148 0.14715818 0.060582098 -0.09761984 -0.019204296 0.051930062 -0.23739842 -0.049013395 -0.02764177 0.07597503 -0.31819427 -0.09724819 -0.08000417 0.04715859 0.374306 -0.27431127 -0.035931136 -0.14609373 -0.009029806 -0.23726167 0.032189433 -0.2959758 0.186971 -0.29810464 -0.18460771 0.039967205 -0.25061226 -0.32898474 0.17779185 -0.02257144 -0.023100778 0.06850242 -0.09935341 0.060367525 -0.100458056 -0.047236133 -0.2538154 0.2393446
KAZ -0.07827419 -0.22152148 0.16043347 0.08055639 0.021670602 -0.07946345 -0.09221185 0.06875426 -0.032186102 0.16707753 0.35381067 0.07388353 -0.34064734 0.042470794 0.036575295 0.18865053 0.040218208 0.12626226 0.110418975 0.06560716 -0.06436388 0.24102728 -0.10523388 -0.49554276 -0.23476174 0.13714261 -0.36031845 0.044572562 0.17253383 -0.06964037 -0.02193156 0.15261634 -0.22332169 -0.07403817 0.06673519 0.15093173 0.110428005 -0.07298367 0.019612474 -0.019809714 -0.018026788 0.19126032 0.21664137 -0.1519977 0.15696126 -0.017231021 -0.12975067 -0.13402745 -0.025261573 0.04375066 0.2453166 -0.10312925 -0.07652549 -0.015817054 0.25414336 -0.06314229 0.008987367 0.10472379 0.013310436 0.05948987 -0.03397207 -0.14756796 0.02502478 -0.033943895 0.050491057 0.10346001 -0.015140927 0.15942794 0.032555178 -0.0118913 -0.0054740277 -0.3243669 -0.36801317 -0.17287892 0.1529587 -0.09606015 0.09034582 0.028221872 -0.04964755 0.044937048 -0.079648726 -0.1097195 0.047800604 0.33845377 0.25474566 0.037047274 0.21764076 -0.02946579 0.32281008 0.22710574 -0.16165723 0.28018826 -0.010558175 -0.042973004 0.46188366 0.05821202 0.27155593 -0.16872971 0.17143442 -0.19953597 -0.0905554 0.11315781 -0.112984866 -0.07643352 0.044044033 0.0608135 -0.09638302 -0.011145807 -0.04807742 -0.15016887 0.14276615 -0.018897468 0.052553073 -0.044484463 -0.059682928 0.016069436 0.047525182 -0.17680047 0.20408076 0.123155296 0.0036332752 0.16058122 -0.0827315 -0.14910254 -0.020895083 -0.06710926 -0.014678079 -0.09587081
NOR -0.065570295 -0.11176585 0.14084275 0.24324924 0.028507255 -0.036264837 -0.046023395 0.026613599 -0.1544826 0.045635886 0.08338165 0.089640856 -0.24560738 0.08824822 0.3264561 0.15406886 -0.019240621 -0.040536102 -0.10505167 0.079061285 -0.0493901 0.19460793 -0.12218585 -0.10231614 -0.24154568 0.06519989 -0.16872862 0.04822131 0.121358424 0.107292816 0.0036777991 0.062127788 -0.14012945 -0.12592004 -0.115136266 0.30826542 0.082248315 0.041934863 -0.0034746819 0.056603946 -0.15485154 0.2531619 0.11691345 0.039884355 0.08485545 0.17145506 -0.24722895 -0.07132247 0.15089099 -0.017087772 0.14179726 0.09101943 0.033780247 0.062204942 0.16090453 0.20058252 0.16564047 0.08044788 -0.05348209 -0.033110913 -0.10277569 -0.11215723 0.06930934 -0.11962495 0.16445722 0.23572016 0.07076932 -0.08543497 -0.12497201 -0.07489127 -0.054852124 -0.1769914 -0.18655027 -0.08656327 0.21753779 -0.005296048 0.06570347 -0.030872341 -0.07268658 0.099367365 -0.07410933 0.052893974 -0.08779063 0.23702508 0.1476264 -0.012094439 0.08669785 0.042264204 0.06917418 0.17818837 -0.0905099 0.24246079 0.063634545 0.027167195 0.30972674 0.17418611 0.015938887 0.04601093 0.17028053 -0.06318987 -0.40928403 0.04212359 -0.052962895 0.05924214 -0.055308167 -0.07809757 0.009840773 0.07692923 -0.15516797 -0.13822906 0.035461865 -0.15024431 -0.124515116 -0.01947864 -0.008784557 -0.079051636 -0.055991285 -0.20908275 0.16001871 -0.104852706 0.052478574 0.022377918 0.005277886 0.06692217 -0.06445425 -0.23202088 0.0516563 0.084115654
BRA -0.051460017 -0.06698382 0.13120957 0.095607474 0.13494992 0.0010662393 -0.12935601 -0.03708585 0.05710246 -0.02520529 0.1279041 -0.0527731 -0.34712777 0.12065268 -0.07387572 0.23350342 -0.19727078 -0.14561324 -0.20042264 0.20550224 -0.041857537 0.23631084 -0.10119813 -0.2843182 -0.103290625 0.22620368 -0.063721985 0.3617105 -0.20349391 -0.07317977 0.07303302 -0.06735278 -0.059794623 -0.11675698 -0.021786746 0.17085163 -0.062130786 -0.14053735 -0.06516604 0.0072444347 -0.23246497 0.082148984 0.062150944 -0.21138681 0.17820585 0.04108643 0.07394283 0.124067426 -0.25891194 0.20260002 0.049067702 0.07664863 0.25953272 -0.03786738 -0.08708177 0.020244975 0.38895524 0.034258954 -0.1422435 0.23582761 -0.30196235 0.16862635 -0.19349842 -0.004047701 0.06592722 0.044658236 0.21376032 0.22927408 -0.23833978 0.118717544 -0.07981601 -0.025858456 -0.12225725 -0.11246064 0.079211935 -0.27586785 0.09420164 0.00581736 -0.27263728 -0.027936308 -0.22399275 -0.26293537 -0.06594396 0.17971663 0.09507746 0.10797647 0.27484304 -0.194255 -0.027353082 0.15986158 0.20228535 0.04390813 0.260462 0.016754936 0.08838557 0.034079324 -0.0118000405 -0.16806746 0.043706436 -0.36994246 -0.20128308 -0.12458945 -0.060146626 0.15994021 -0.05619825 -0.37301576 -0.008855926 -0.09091496 -0.22551003 -0.08859115 0.072820015 -0.27189535 -0.08116493 -0.01236788 -0.30854306 -0.110310234 -0.0046901396 0.0209239 0.09287173 -0.040420566 0.013659149 -0.058479816 -0.044927012 -0.11349558 -0.14435515 -0.008578451 0.075157695 0.046359405
GBR 0.032861255 -0.07258742 0.00985984 0.21431784 0.010268794 -0.19247743 -0.08517747 -0.10022702 -0.11297788 0.050867878 0.0918642 0.13097918 -0.22840197 0.20800917 0.18661384 0.32070565 -0.37315866 0.0595217 -0.37509036 0.3159391 0.00451207 0.23092386 -0.047807388 -0.14984275 -0.086054035 0.24388866 -0.15235709 0.18102762 0.14569426 -0.048355136 0.042039547 0.073458016 0.17805116 0.115116276 -0.21813363 0.23668222 0.04008537 0.0761494 0.08441211 0.051250443 -0.38026467 0.3053098 0.18830714 -0.19553685 0.046926793 0.073802 -0.2849656 0.13084657 0.014101296 0.008728126 0.13595502 0.035999116 -0.050685328 0.110290416 -0.15462732 0.23644571 0.265393 -0.029106699 -0.0722789 0.017468436 -0.23462757 -0.010940466 -0.19404998 -0.21059172 0.21083981 0.26460767 0.17373718 -0.027058017 -0.3499173 -0.039997786 -0.1009769 -0.1044152 -0.17503227 -0.040678848 0.18698506 -0.045686863 0.01205062 0.065443635 -0.23787679 0.14074308 -0.16777544 -0.064286806 -0.06295873 0.19333404 -0.09809567 -0.0054650176 0.05701831 -0.01643972 0.06859003 0.19914445 0.06313033 0.1825886 -0.016426684 -0.041894946 0.23783807 0.13911407 -0.1151315 0.1190231 0.11263167 -0.13572699 -0.44659314 0.028001804 0.059628375 0.2301418 -0.06370314 -0.22384211 0.19378363 0.15066457 -0.24214877 -0.10338198 0.06380609 -0.0137618 -0.11357059 -0.016746901 -0.00227623 -0.09204167 -0.19429766 -0.16149224 0.13245897 -0.1506225 0.07138104 0.0044822483 -0.110237524 0.14587201 -0.028797036 -0.04901881 -0.11620534 0.10332206
AZE -0.052011553 -0.1280849 0.2042034 0.15267605 0.050784953 -0.13255139 0.03792767 0.13466813 -0.14470956 0.23040147 0.29641762 0.12730004 -0.23774575 -0.057078507 0.047906943 0.105396785 -0.062303305 0.21565342 0.09819 0.23007002 -0.06874303 0.19345747 -0.09501447 -0.43750104 -0.10311184 0.046579953 -0.39221764 0.016406825 0.0019297226 0.021986049 -0.15288505 0.18410568 -0.10105432 -0.08602523 0.08008051 0.10721112 0.14938581 -0.17219591 0.07049778 0.0145908855 -0.10735571 0.3116273 0.09087125 -0.12413066 0.15688531 0.06993336 -0.27497804 -0.015817894 -0.08099373 0.05393104 0.25387016 -0.06875259 -0.061108936 -0.061290152 0.31112027 0.071515165 -0.14734448 0.06750468 0.032668453 -0.017178731 -0.021046972 -0.090077594 0.00515079 -0.06464471 -0.09482419 0.1309491 -0.15662096 0.17554414 -0.044975024 -0.05861766 0.08997269 -0.22973709 -0.1925216 -0.1861469 0.13801873 -0.082032815 -0.13063571 -0.01877543 -0.040345233 0.0593049 -0.011124449 -0.15427853 -0.01018172 0.23648018 0.27992386 0.008387876 0.29722208 0.04179867 0.33632785 0.17948349 -0.22918157 0.2443197 -0.06597017 -0.026166527 0.44008696 0.10510602 0.10239282 -0.096112795 0.1988261 -0.34963974 -0.11032572 0.014792165 0.038564444 -0.0083815 0.10256359 -0.021332463 0.08777629 -0.09043664 -0.044795167 -0.266956 0.28119984 -0.09471728 -0.066944055 -0.13427947 -0.03664411 -0.09856494 0.05158522 -0.25702184 0.18745732 0.10510793 0.016249303 0.098636515 -0.14411013 0.024839865 -0.098481104 -0.13283847 -0.037410364 -0.12663469
NLD 0.13701351 -0.19333704 0.17330068 0.3065831 0.20728298 0.01921386 -0.22073252 0.01777469 0.006690147 -0.12223559 -0.099026255 -0.051330365 -0.19892058 0.07779586 0.3626817 0.1655383 -0.036725342 -0.18615307 0.021992456 0.025879702 -0.028665632 0.30595765 -0.07770482 -0.23502056 -0.23316348 0.08017526 -0.15986513 0.09238178 0.21250357 0.15204093 0.0075634946 0.033125192 -0.11753296 -0.20308886 -0.029114965 0.35620773 0.10093557 0.015906937 0.026903542 0.03848784 -0.010816207 0.04463561 0.12034521 0.07230418 0.100303866 0.14866078 -0.20412317 -0.16225776 0.1471645 0.031969804 0.15889838 0.021921497 0.0526207 -0.05804784 0.2531195 0.04781099 0.14938228 0.17940868 -0.18782511 -0.08723042 -0.06866598 -0.16494827 0.07103732 0.00872616 0.09297074 0.0069631157 0.15820353 0.072474405 0.07613101 -0.01378121 -0.067457885 -0.10695183 -0.31973082 -0.03132753 0.12412596 -0.19211747 0.09163224 -0.054004677 -0.1110455 0.23671065 -0.2053179 0.030496215 -0.09012904 0.25541663 0.28944412 -0.017373174 0.13715608 -0.037736077 0.097073466 0.20089175 -0.08175839 0.29844707 0.22495462 0.05474386 0.5020391 0.07697119 0.14938933 -0.17571977 0.034303475 -0.05564959 -0.294325 0.14305244 -0.12872507 -0.047263205 -0.085054114 -0.17757344 -0.112249285 0.14046389 0.00897409 -0.038568277 0.0877767 -0.27109444 -0.15221742 0.00883036 -0.117253326 0.05568228 0.017760077 -0.023243524 0.14168982 0.15813765 -0.03234379 0.0028690002 0.06255511 -0.20033759 -0.094328426 -0.2254537 -0.0489968 0.18044907
AUS -0.0038373992 0.062523775 0.010531119 0.5412165 0.4326875 -0.12711217 0.10872445 0.19907652 -0.32224375 0.28382182 0.24524951 -0.016851636 0.024078915 -0.41278452 -0.0017085479 0.123901315 0.15395798 0.022322806 -0.31979278 0.46028155 -0.05861055 0.21479389 0.2603596 -0.26991883 -0.036975604 0.06527731 -0.122609496 0.0550532 0.0047536045 -0.18197833 -0.31969905 0.22465362 0.024584193 0.062419362 -0.3054549 0.26308063 0.27283162 -0.2460582 -0.072011285 0.15093473 -0.22383948 0.17250289 0.088122696 -0.033218924 0.06393028 0.24328063 -0.29870895 0.1632182 -0.2988842 0.17702806 -0.1164537 -0.007467919 0.16014452 -0.04203932 0.058367405 0.04275465 0.036323212 -0.119021535 -0.19565667 -0.16551645 0.025066387 -0.041842464 0.07615044 -0.13449724 0.15110849 -0.20029129 -0.22216396 0.13216801 -0.001189996 0.064198814 -0.021755485 0.081732884 -0.036710087 -0.11886385 0.010078353 -0.40287805 -0.39843395 -0.09530105 -0.08798998 0.30004126 -0.17894554 -0.12670553 -0.02185542 0.008296719 0.2358904 0.13246821 0.12220045 0.18182069 0.33813202 0.20378278 0.092287816 -0.14373983 0.083007425 0.029141938 0.15554461 0.15713833 -0.0363463 -0.11043175 0.08161067 -0.110230036 -0.16650988 -0.26628974 0.01820215 -0.053365745 0.1639013 -0.35856375 -0.1358945 0.026993461 -0.067888066 -0.3552467 0.24445863 -0.39684772 0.0024649098 0.087912716 0.168338 -0.19579096 0.13469267 -0.07191302 0.0928405 -0.15935329 0.012648481 -0.17611593 -0.10823752 0.23060313 -0.14360572 0.036591083 -0.062212087 0.041662183
IRQ -0.09903445 -0.14044651 0.072094746 0.08051544 -0.024604287 0.28949004 -0.08483381 0.08303571 0.13599023 0.104754835 0.015010354 -0.06363215 -0.047949996 -0.067415476 0.11037713 0.10526207 -0.10375773 0.01744077 -0.17382412 -0.12415982 -0.12866114 0.2515107 -0.049306806 -0.13085566 -0.20726867 0.053586777 -0.030900827 -0.06743852 0.3074907 0.12408726 -0.19316167 0.11989475 -0.46651474 -0.1394761 0.0353031 0.14559938 0.1172124 0.13738845 0.028488236 -0.37254512 -0.032876913 0.17686199 0.13757282 -0.0069136294 0.06363942 0.1318323 -0.17207077 -0.25717217 -0.15470204 -0.11780469 0.088098474 -0.039405152 0.011798816 -0.025834246 0.27180248 -0.012186159 0.24413206 0.04675168 -0.08641738 -0.17509538 0.03510522 -0.12290116 0.21288446 -0.15761203 0.095491074 -0.060237948 -0.15768585 0.19242254 0.18233746 -0.010076493 -0.33387914 0.03171711 -0.4607173 0.015226348 0.104730494 -0.22598523 0.109450035 -0.05299711 0.024061214 0.11369767 -0.03348843 -0.115055785 -0.0026733694 0.26033437 0.4978195 0.05528069 0.114870496 0.22856037 0.12183439 0.27797154 0.02277703 0.14482203 0.29858258 -0.11412923 0.5175657 -0.049917538 -0.0050816014 -0.09135715 -0.014339903 0.09649261 -0.07055075 0.024934908 -0.22527668 0.06251686 0.049616523 -0.18852222 -0.20947412 -0.07322862 -0.03814012 -0.15628833 0.2392726 -0.34387732 0.1959545 0.07734338 0.15642011 0.07113712 0.04859023 -0.04033878 0.32665387 -0.08411094 -0.06352941 0.06826356 0.033139147 -0.01805871 0.002792104 -0.39704856 0.02014546 -0.12578079
ESP 0.23599236 -0.047665212 0.23188473 0.07469995 0.2591783 -0.24599631 -0.28888756 -0.15544258 -0.0029648966 -0.22647013 0.036350764 -0.0371428 -0.059346493 0.025478527 0.025370477 0.14204665 -0.48739704 -0.12376837 -0.036224123 0.23009665 0.13931201 0.335584 -0.06061411 -0.3109934 0.060758423 0.43950242 -0.0033531336 0.42589578 0.12299596 -0.17212278 -0.0034736674 -0.041094273 0.14509924 -0.20873365 -0.07942065 0.19618128 -0.055865556 0.16020447 0.09435079 0.099719144 -0.15608808 0.13072778 0.086733736 -0.14132611 0.14106753 0.084809415 -0.042603698 0.012100585 -0.25806266 0.050225846 0.37162828 0.016098334 -0.07851828 -0.02927389 -0.051979024 -0.024363108 0.31345445 0.027564242 -0.22158892 -0.16269673 -0.18523254 0.007567503 -0.15582108 0.014679875 0.016316734 -0.09852452 0.24319236 0.35244703 -0.046551846 0.049050245 0.08271659 -0.09443971 -0.35023934 -0.00073892565 0.037559893 -0.27197927 -0.09355018 -0.013134081 -0.27155906 0.075966895 -0.22416912 -0.15338987 0.19411817 0.20020944 0.0069092615 -0.022292357 0.1977586 -0.36275283 0.017781075 0.054791868 0.066873886 0.3001279 0.30141538 0.012090692 0.3551593 0.16081753 -0.026940167 -0.31914723 -0.056588933 -0.37220147 -0.14995143 0.122022375 0.013356978 0.29272154 0.05200792 -0.43029562 0.10130092 -0.03476441 0.086603776 0.0047332295 0.20984977 -0.11128659 -0.16867891 -0.22653036 -0.059454042 0.04010467 0.15504646 -0.00875883 0.3108012 0.32149336 -0.021659251 -0.010076708 -0.09494119 -0.2173671 -0.06090136 -0.22116019 -0.28982657 0.19655226
CHN -0.1853845 -0.1465242 -0.0032065583 0.08230989 0.016162133 0.29299536 -0.0829487 -0.1997451 0.006885125 0.23922133 0.13632438 -0.068458 -0.15560165 -0.1402585 0.0153310215 0.32732907 -0.11553977 -0.083328284 -0.10857026 -0.07265926 -0.17329703 0.3082469 0.011963873 0.021549862 0.010304013 0.0918524 -0.02739539 -0.097067356 0.16282587 0.07211118 -0.102435805 -0.04615094 -0.26459438 -0.056302246 0.06571139 0.15427686 0.12756911 0.102751896 -0.027404593 -0.23600747 -0.39664626 0.23695235 0.2051834 -0.022773203 0.069086224 0.045431092 -0.20458761 -0.16266453 -0.3544756 -0.05275442 0.033875532 -0.08273822 0.1336203 0.011209773 0.110419065 0.12856777 0.4116662 0.08262846 0.038780857 -0.2503942 -0.03370563 -0.0029274803 0.21968849 -0.35105076 0.20724022 -0.03295072 -0.16289823 0.060536977 0.078998506 0.13515294 -0.15616544 -0.014181402 -0.35144737 0.033928193 -0.031136299 -0.25608882 -0.027178558 0.09485988 0.009026658 -0.026006358 0.081271105 -0.26665422 0.03899725 0.32550317 0.45385396 0.059026077 -0.00033145433 0.10661967 0.12846735 0.19293478 0.04791254 0.089260705 0.42950147 -0.011148583 0.40415016 -0.037298445 -0.028217418 0.17021136 0.0034272934 -0.02216153 0.19756639 -0.06359947 -0.34941903 0.37949696 0.042274848 -0.1248312 -0.106411554 -0.014944885 -0.15665704 -0.3613365 0.26017746 -0.38952693 0.2395879 -0.1053895 0.22195551 -0.15052393 0.20103216 0.12829006 0.15474933 -0.22500572 -0.07346486 -0.09868775 -0.21586089 0.19427183 -0.11920577 -0.23065707 -0.058825105 -0.1608735
GAB -0.30441448 0.1663839 0.18434721 0.10020089 0.11823184 0.04329818 0.15458715 0.21892469 -0.065794975 0.16320866 0.0040283287 0.07884175 -0.32534766 -0.04168106 0.0551626 0.06058553 -0.22715336 0.04833442 -0.0024631561 0.12110231 -0.016773136 0.037598968 -0.028245172 -0.29381618 -0.27179337 0.08419845 -0.17098816 0.16640808 0.08353366 0.14878117 -0.10737889 -0.027730953 -0.21590659 -0.15635003 0.016350752 0.1126038 0.1232675 0.10760171 0.120709494 -0.12560838 -0.120565794 0.47646543 0.0035204757 -0.0025234884 0.11802402 0.13067621 -0.123445496 0.040088747 0.07673078 -0.08690388 0.21551196 0.045628987 -0.099966064 0.24996613 0.20825398 0.03345743 -0.14185448 0.08166456 -0.13010189 0.14339174 -0.15958671 0.18072549 0.008469945 0.052364852 0.01781581 -0.063807584 -0.382841 0.13105261 -0.085179 -0.19128782 -0.10281679 -0.026115298 -0.16260996 -0.30330467 0.0145696625 -0.049478978 0.0013546568 0.18022433 -0.06960145 0.2322042 0.15937808 -0.11762705 -0.102452844 0.15780325 0.3673104 -0.16443075 0.114321895 -0.087500945 0.028648036 0.04887118 -0.015108128 0.1191634 0.15055223 -0.09558346 0.14521079 -0.29789385 -0.038268525 -0.13932136 0.05152147 -0.32337034 -0.21630643 -0.05896405 0.09815758 0.09651151 -0.18172297 -0.0675634 0.1366759 -0.2711619 0.029497426 -0.31938496 0.2967336 -0.42522416 -0.31122866 0.045266565 -0.34017262 -0.10207407 0.10203027 -0.41010433 0.55846775 0.24099903 -0.15064427 -0.012521 0.12076438 0.040736463 -0.13149107 -0.45186505 -0.17652984 -0.39611974
MYS -0.18662713 0.15934439 0.028884415 0.40088218 0.12001738 -0.07487028 0.30437937 0.1809971 -0.21166389 0.21270117 0.17124963 -0.057958417 -0.005583518 -0.16764528 0.070623554 -0.04344926 0.08759295 0.031224625 -0.16586523 0.3789759 0.0425163 0.29931825 0.016821455 -0.16850512 -0.092475094 0.2067496 -0.0022744255 0.20136972 0.039053 -0.31545448 -0.07176345 0.16101632 -0.24113981 -0.08518516 -0.28536245 -0.055248912 0.22981963 -0.16156834 -0.07147008 -0.081305996 -0.12387715 0.20623776 0.02448775 0.018837506 0.2603347 0.23292647 -0.248479 0.347312 -0.08061364 0.16630057 -0.15218094 0.17854008 0.07458506 0.036219828 -0.031072177 -0.062406126 0.022515275 -0.17542209 -0.047169283 0.12197448 -0.0038458086 -0.023701727 -0.050318733 0.030556383 0.16059498 -0.22771113 -0.28383318 0.17060074 -0.033565402 -0.015659437 -0.24346238 0.07857134 -0.22968079 -0.32452297 0.07348081 -0.25247934 -0.1256468 0.042122956 -0.07081417 0.24581976 -0.093825586 -0.21557154 0.006627532 0.0462236 0.32273483 0.042193033 0.076240815 0.16077904 0.15621069 0.19014418 0.15052085 -0.108053096 0.037644923 -0.11021045 -0.035794213 0.1652157 0.029768443 -0.15316814 0.0092850765 0.096671455 -0.13575429 -0.21700977 0.0160013 0.062981896 0.09947332 -0.11270109 -0.08664086 -0.047193464 -0.11684632 -0.15469047 0.38862643 -0.3503025 0.10761573 -0.017108712 -0.09508547 -0.10265246 -0.047806613 -0.1648769 0.15712567 -0.2130915 -0.1629284 0.044798106 0.18087538 0.153481 -0.11133978 -0.24072002 -0.028307948 -0.084759764
POL -0.051483598 -0.23345168 0.052746303 0.29316285 0.20284212 0.032188613 -0.16936027 0.07110134 -0.18859679 -0.0040123626 0.1549187 0.1989554 -0.10824359 -0.19118872 0.33514243 0.24044013 -0.048494395 0.034411263 -0.2025862 0.07883287 -0.14432132 0.12603368 0.10912589 -0.12804978 -0.05883793 0.039323002 0.0042310427 -0.119405255 0.14616589 0.16544743 -0.13480443 0.14908838 -0.08079612 -0.02379043 -0.23750217 0.37485248 0.2583386 0.14413628 -0.09934691 -0.01441279 -0.24557148 0.22605352 0.07212818 0.18493907 0.1916082 0.22252783 -0.35856315 -0.019087363 -0.04891159 -0.12527817 0.09095603 0.010383977 0.0023529693 0.23792818 0.13865414 0.19680323 0.013188682 0.15096158 -0.042775206 0.06269071 -0.06454063 0.039405845 0.09272689 -0.1087144 0.25655004 0.045744706 -0.19309285 0.11782004 -0.09151726 -0.23381959 0.03529249 -0.23182367 -0.044200804 -0.25039968 -0.029161874 0.043847073 -0.036294196 0.12101794 -0.022664404 0.15234137 -0.07642214 0.09790841 -0.17874274 0.15848225 0.23304822 0.06851858 0.10157295 0.10191227 0.10077997 0.06960366 -0.10025645 0.12256867 0.08907827 0.0118396925 0.3692643 0.050752617 0.05401873 0.04354053 0.13034695 -0.16931507 -0.316557 0.051602356 -0.0713522 0.12829621 -0.11538911 -0.2747014 0.105913214 0.013840645 0.050372146 -0.45463166 0.08490196 -0.25920996 -0.20723577 0.12695406 -0.006307899 -0.049901005 -0.1573528 -0.14186892 0.18484935 0.033293 -0.12666874 -0.26322502 -0.11147533 -0.08474724 -0.10789907 -0.044884488 -0.18826373 0.017529493
NAM -0.10918028 -0.008506886 0.24474327 0.2819777 0.28430608 -0.359322 0.09422503 -0.11751067 -0.107239045 -0.0719053 0.47184968 -0.15298972 -0.119006835 -0.1320575 0.4531943 -0.06438477 0.00777037 -0.1832884 0.043564793 0.3032028 -0.0015280312 0.15905312 -0.16401988 0.014958359 -0.23978858 0.34382114 0.07339401 0.3366281 0.11741865 -0.21600878 0.055446655 0.13100137 -0.06473168 -0.25155577 -0.35792792 -0.12000697 -0.025235763 0.26971593 -0.49520943 0.018871654 -0.0015359324 0.287255 0.004500151 0.24192187 -0.0404041 0.06909961 -0.11830272 0.10322578 0.2111592 0.060444772 -0.08059221 0.31741437 0.13761468 0.11140625 -0.10419341 0.23783223 0.30615306 -0.070389345 0.05659428 -0.014180188 0.044770658 0.071150206 0.24154662 -0.06769105 0.3561119 -0.04064591 0.22110507 -0.14571051 -0.08890428 0.021108096 0.07935257 -0.17293647 -0.36654347 -0.3200967 0.091821484 0.029564125 0.1794386 0.11480702 -0.27390105 0.16988981 -0.03504009 -0.22371945 0.0014779642 0.27913544 0.049053695 0.10150009 -0.10490369 -0.23934121 -0.16283815 0.09908741 -0.12252093 0.11164411 0.16313687 0.023785383 -0.024815911 0.18031345 -0.16649313 -0.014746644 -0.09117342 0.13939588 -0.3291943 -0.16599949 -0.14031774 0.08483958 0.22572361 0.010367701 0.011927034 0.049749624 -0.11425618 -0.04022162 0.38684085 -0.14355539 0.16917561 -0.34558457 -0.21255694 -0.078038946 -0.100017786 -0.32780445 0.09812829 -0.0146392025 -0.16266468 0.008792986 0.059951507 0.0017372122 -0.16806524 -0.26465625 -0.14879544 0.20247343
ECU 0.08481256 -0.042680677 0.07350813 0.14871943 0.20397842 -0.09029113 -0.22218023 -0.17718096 -0.110604696 -0.05605484 0.22689782 -0.1472336 -0.36415577 0.03698449 -0.12332307 0.13385263 -0.16025099 -0.12358598 -0.12276337 0.08547802 -0.121863455 0.37553072 -0.105398074 -0.08864694 0.032945253 0.32416204 0.061727002 0.32773256 -0.0503595 -0.1782096 0.0141128125 -0.1555787 0.053261597 -0.27651647 -0.07505987 0.16495238 -0.024108244 0.17398737 -0.10500636 0.026393527 -0.3182345 0.17355135 0.091427796 -0.073193386 0.16961226 -0.043042313 -0.11551549 0.06021093 -0.2493338 0.16076854 0.2090936 -0.07290544 0.18149199 -0.026735572 0.024407282 -0.024947949 0.3428396 -0.055000868 -0.22303447 -0.083257504 -0.2769653 0.06542804 0.042066697 -0.14299232 0.061321612 -0.16258109 0.1658363 0.14240076 -0.10226338 0.07222935 0.18427639 0.0059018433 -0.22339194 -0.1075018 0.048475657 -0.26917797 -0.2056294 -0.01843522 -0.22650476 0.08781472 -0.11151941 -0.32139003 0.15970168 0.22689846 -0.011080674 0.048211962 0.12753722 -0.22279745 -0.022728464 0.091035835 0.20522577 0.12921192 0.3500556 0.10052656 0.3432444 0.19969913 0.00782291 -0.20408148 -0.14569983 -0.49291867 0.029042512 -0.13897163 -0.07905171 0.32038167 0.094668575 -0.38369563 0.14483422 -0.019510208 -0.15478383 -0.023988493 0.3078579 -0.2571607 0.002329051 -0.18098475 -0.13305297 -0.20234025 0.25862354 0.0035698875 0.09613594 0.16194718 0.060696352 0.003883814 -0.17078616 -0.14612222 -0.024146618 -0.07956482 -0.10210772 0.034037773
FRA 0.1050024 -0.038808715 0.29245597 0.067879 0.056552116 -0.19409597 -0.15254197 -0.12920356 0.020855924 0.20229243 0.38567212 0.08350664 -0.25741768 0.03897512 0.008965062 0.19911759 0.070993535 -0.09700182 0.15644835 0.15757515 0.03787651 0.28803512 -0.020520972 -0.5547381 -0.15602793 0.23642407 -0.2950479 -0.049496867 0.22618015 -0.17984346 0.11496782 0.16235213 -0.11609372 0.06781402 -0.01499729 0.121637106 0.12261754 0.17860417 0.0105713885 0.08316815 -0.07238218 0.16711442 0.16987643 -0.10226464 0.04097444 -0.031209003 -0.21928705 0.003976886 -0.20308693 0.03613276 0.28772455 -0.16905244 -0.20350583 -0.021743262 0.034753527 0.006031713 0.014971865 0.09754642 -0.018801745 0.0017370179 0.018846523 0.03249015 -0.09005948 -0.012910248 0.35475552 -0.1778427 -0.04645923 0.20664248 0.088684104 0.027882626 -0.08035438 -0.15113191 -0.2320413 -0.07508753 0.051964276 -0.028590145 0.052246988 0.044741493 -0.14626513 0.036720525 -0.24527358 -0.07927734 -0.02667047 0.3414861 0.13620092 0.0413835 -0.018231459 -0.2251703 0.10207089 0.14242297 -0.13140012 0.2800736 0.057680164 -0.017335784 0.34242558 0.16027375 0.29894403 -0.27864343 0.1731826 -0.16646688 -0.002590553 0.097653985 0.12722318 0.19607618 0.02046179 -0.18940711 0.026180742 -0.023382561 0.11409082 -0.15458481 0.017955968 -0.09909025 0.1114192 -0.088346384 0.06430386 0.09400138 0.03540232 0.04775627 0.41027558 0.08084032 -0.024477841 0.052978165 -0.06988232 -0.18184291 -0.10840075 0.05672891 -0.21820387 0.016977448
QAT -0.19934453 -0.07659907 0.00024636847 -0.054505806 0.04430722 0.030500313 0.21073782 0.19331671 -0.009669307 0.16305335 -0.038034026 0.004462877 0.16878101 -0.12344587 0.035023935 0.18431462 -0.029333118 -0.09137458 -0.2675642 0.26266497 0.06746622 0.29985097 -0.16550902 -0.3126438 -0.41497332 0.26544246 -0.2728721 0.007358197 0.27046335 -0.019677024 -0.2732629 0.19663726 -0.33221298 -0.14183238 0.019615622 0.019187432 0.052303623 -0.06424783 0.14373039 -0.38331532 0.0813897 0.34421703 -0.11831284 0.11862818 0.0657465 0.18272932 -0.15126951 -0.04104703 -0.13873777 -0.16889286 0.15988065 0.046962447 -0.09462799 0.14759277 0.22616455 -0.32918558 0.20475699 0.21061829 -0.23032579 -0.103778176 -0.044887014 -0.22518745 -0.013641951 -0.088518955 0.28054124 -0.1017515 -0.43374988 0.23866741 0.054388266 0.0006978421 -0.3706811 -0.1355501 -0.47075477 -0.25478804 0.19623758 -0.26076454 -0.15697527 -0.07806342 -0.04252269 0.18566234 -0.30575252 -0.07574932 0.24964711 0.27614707 0.40288734 0.091974184 -0.111761406 0.25078234 0.1578816 0.28757766 -0.029630434 0.089276016 0.1054006 -0.31050393 0.14469518 0.035831932 0.23683813 0.017731583 -0.022200044 0.09752826 0.11578462 0.047665928 -0.13797978 -0.087079 0.2069902 -0.19613425 -0.29834893 -0.031910583 0.13524085 -0.22479814 0.18384375 0.053649627 0.18764575 0.021825844 0.08232535 -0.12958679 0.063317135 -0.17240526 0.29576972 -0.22287863 -0.056509618 -0.07775976 0.09869283 0.33121058 -0.15109068 -0.17040052 0.05390699 -0.10988186
AGO -0.30566803 0.0984827 0.0890939 0.33156222 0.13736153 -0.13715847 0.16289926 0.09571985 -0.20639995 0.060140494 0.25233433 -0.07502329 -0.024223374 -0.04975719 0.36564043 -0.040968146 0.026783252 -0.050366476 0.009400482 0.29881352 0.19551784 0.13547482 -0.20183575 -0.04267808 -0.18240212 0.14789507 0.01760697 0.33101818 0.12511224 -0.21451029 -0.045025278 0.022970608 -0.15885548 -0.1469549 -0.20308088 0.07175702 0.017887022 -0.002447731 -0.25793862 0.09660133 -0.06410352 0.21725668 0.056587882 0.11926119 0.1084729 0.18011777 -0.06253718 0.22137113 0.058535345 0.17287064 -0.04259631 0.32528934 0.15733796 -0.030008562 -0.028601037 0.15479249 0.11583832 -0.14809297 0.024317091 0.09914869 0.0057968334 0.00333083 0.13830684 -0.078102365 0.2532698 0.098450564 0.08732523 0.007949505 -0.062010836 -0.047972877 -0.061911177 -0.06329799 -0.27913353 -0.21961533 0.0013078486 -0.18036838 0.10626513 0.043073483 -0.15610394 0.1991579 -0.0050606034 -0.14062831 0.0066685593 0.20191085 0.21786985 -0.124733016 0.115248516 -0.06563156 0.1598753 0.013343667 0.14008692 0.009866142 0.016782423 0.009759806 0.007906193 0.14155538 -0.08910802 -0.08881923 0.0066335225 0.044193402 -0.37559158 -0.104018524 -0.051054813 0.014078604 0.04620575 0.019647218 -0.05922381 -0.041759625 -0.18172887 0.0010615783 0.4119974 -0.15624763 0.023813972 -0.13881618 -0.17796117 -0.07007515 -0.0024817628 -0.29024825 0.21789408 -0.14968376 -0.17610452 0.013715002 0.07450064 0.095801584 -0.13408607 -0.41988692 -0.052699193 0.090613104
BEL 0.2298567 0.050904326 0.3677884 0.42320085 0.14604095 -0.13160633 -0.0628665 -0.038347974 -0.03495484 0.19777276 0.17395468 0.07611821 -0.47096798 0.023208186 0.22964069 0.31444627 0.17796221 -0.2632402 0.19962114 0.10151631 0.0270366 0.361825 -0.025707586 -0.44503194 -0.39714462 0.12785631 -0.38882554 -0.054223973 0.24791135 0.089903876 0.23917755 0.052038822 -0.03780218 0.046217564 0.038950004 0.17790416 0.28889215 0.28556377 0.13443698 0.11348572 -0.08449198 0.17303276 0.10065245 0.020483198 -0.013137987 0.004892325 -0.3940281 0.13275556 0.10673171 0.07981073 0.2824577 -0.24773234 -0.048075035 0.113672316 0.16579889 0.018667994 0.01593591 0.1762592 -0.22475697 0.030822337 -0.13448405 -0.03155918 0.072339594 0.12174588 0.35414672 -0.2878937 -0.033662945 0.067653105 0.036896177 -0.03953701 -0.13875851 0.016466897 -0.13641468 -0.018251542 -0.065918505 -0.03375052 0.08798936 -0.007505469 -0.1500977 0.29709685 -0.18564804 -0.024833236 -0.19591425 0.45121542 0.13099512 -0.07007467 0.019415183 -0.09428008 0.02967755 0.14725295 -0.024705512 0.3182101 0.2520499 0.072608106 0.37946913 -0.057848062 0.34493428 -0.26985705 0.07590347 -0.14856635 -0.13333455 0.08305862 0.24764292 0.25255796 -0.09480629 -0.17942688 0.14363201 0.14230126 0.13335933 -0.05412863 0.06479249 -0.25583673 -0.1209382 0.046942353 -0.1839819 -0.016895294 0.15603636 0.05864761 0.5629305 0.20398144 -0.077647224 -0.1048407 0.18793306 -0.28719863 -0.28748408 -0.08939723 -0.1749211 -0.022571346
DEU -0.051624045 -0.22131856 0.08418788 0.23217179 0.14358875 0.06835868 -0.08560317 0.06753763 -0.054352555 -0.029674234 0.06754012 0.011781285 -0.28188542 -0.014565571 0.22860995 0.1491802 0.14340279 -0.16292128 -0.02643792 0.007389314 -0.12262878 0.18670551 -0.01782687 -0.29133278 -0.33483005 0.10413296 -0.12123737 0.11903005 -0.056112897 0.014226114 -0.0150050465 0.083717294 -0.19842793 -0.18572445 -0.13044383 0.2871372 0.10552878 -0.12841153 -0.20772739 0.056354936 0.05415829 -0.034494914 0.1418805 0.09453696 0.0666685 0.16266428 -0.005315427 -0.13205844 0.114042364 0.016662369 -0.021187374 0.105424434 0.1929954 0.12557831 0.1874649 0.011054897 0.19740653 0.086403206 -0.0971906 0.16978882 -0.08101696 -0.089662135 0.12861936 0.08755681 0.10466769 0.04446769 0.1792385 0.020747462 -0.09346287 -0.025967645 -0.04650927 -0.24104826 -0.2811228 -0.25404316 0.16005588 -0.06869303 0.18556942 0.028384496 -0.11815145 0.031201206 -0.16058627 0.06468686 -0.070561476 0.24198823 0.19453765 0.17058347 0.15890506 -0.09757382 0.09300764 0.2509721 -0.11976867 0.19103117 0.18529293 0.06061095 0.2873955 0.045030694 0.11061187 -0.12266431 0.15171641 -0.04493687 -0.31956884 -0.026995739 -0.16972977 -0.15845051 -0.06746701 -0.097630486 -0.1421004 0.08856624 -0.09060077 -0.22290073 -0.052785337 -0.24590753 -0.022267234 0.05324246 -0.21618235 -0.057078823 -0.067509525 -0.20396566 0.10114081 -0.018823983 -0.01080156 -0.027074696 0.034348473 -0.09480752 -0.13976292 -0.16779175 0.0116425445 0.136412
GUY -0.24309221 0.11078773 0.07121764 -0.0011391016 -0.06990039 0.018237175 -0.21886428 0.113641314 0.050500292 0.22582844 0.27029362 0.10189544 -0.41955394 -0.04087673 -0.042327914 0.021866009 0.032693196 -0.08647994 -0.16885926 0.16030666 -0.1021657 0.14637701 -0.17359623 -0.22277611 -0.2468265 0.13705637 -0.11290292 0.12274517 -0.0016773038 -0.11505298 -0.17265971 -0.040864002 -0.14746885 -0.12665038 0.07481023 0.26689038 -0.030007623 -0.066730134 -0.02592731 -0.020808605 0.009976102 0.18075201 0.18029025 -0.10706874 -0.13698314 0.006289859 0.29546317 0.093524426 -0.38046226 -0.031706415 0.04098931 0.060462136 0.13418601 -0.13997175 0.035020787 -0.11681303 0.00096359197 0.032151133 0.07755519 0.16078378 -0.14648852 0.23969421 -0.078633435 -0.11945969 0.2799521 -0.10328597 0.20222872 0.19119193 -0.08510588 0.10026621 -0.14857087 -0.16513692 -0.33750138 -0.28555572 0.12860419 -0.035111774 0.14746605 0.08022306 -0.3620337 0.12403144 -0.18935081 -0.30035797 -0.055446338 0.3461167 0.12526062 0.0141897425 0.108178504 -0.4347922 0.08529082 0.1728959 0.12969445 0.14533226 0.31541574 0.010657975 0.2350819 0.03507351 -0.1421267 -0.14893515 0.16345695 -0.36478463 -0.12125629 -0.070473395 -0.047758836 0.0006132532 -0.099597916 -0.21220498 0.10454537 -0.13245171 -0.2172096 -0.23333108 0.07494795 -0.34277636 0.16440684 -0.005484477 -0.1482468 -0.16866846 -0.08492696 -0.11019718 0.08223478 0.007525933 0.04093675 0.064301796 -0.15925887 -0.13491647 -0.057112467 -0.06715387 0.11947026 -0.26764128
COL -0.26429147 0.2348731 -0.039949875 0.07123287 -0.008198609 0.018997064 -0.14075194 0.034795783 -0.11944367 0.22979099 0.15620798 0.009077929 -0.33921036 -0.017728154 -0.07692377 0.02147709 0.045958634 -0.11477428 -0.1997477 0.13968344 -0.059532106 0.1916448 -0.14917724 -0.05555538 -0.15783374 0.13751446 -0.023435585 0.16935727 -0.03072619 -0.15192077 -0.15164824 -0.15453759 3.2877782e-05 -0.11140914 -0.036445953 0.36047766 -0.0038650138 -0.017611641 0.017127456 0.057512183 -0.094118185 0.17046453 0.15152721 -0.121513054 -0.09160896 0.06814762 0.23491962 0.15372205 -0.30976957 0.05162129 0.01952215 0.054053474 0.18366104 -0.11426137 -0.01261878 -0.04506266 0.14831778 -0.061356746 -0.09171003 0.047593888 -0.2142727 0.15164106 0.0094215 -0.16826174 0.27047575 -0.08620136 0.23502164 0.066048265 -0.12187922 0.09931995 0.03759699 0.0059966613 -0.2453985 -0.18379882 0.0650396 -0.15633652 -0.08838546 -0.035666544 -0.27619293 0.14126942 -0.22068824 -0.22786449 -0.019600378 0.30896804 -0.017244725 0.009864676 0.016235102 -0.3128707 0.11545584 0.1661496 0.27297008 0.0844664 0.24092765 0.048428636 0.21977548 0.08452138 -0.18438753 -0.105094954 0.055724416 -0.3928077 -0.19696784 -0.07460131 -0.03566838 0.088871986 0.024797369 -0.2828909 0.14049432 -0.13723281 -0.28589964 -0.1888378 0.17654693 -0.359767 0.097033344 -0.017869912 -0.08407402 -0.3145048 0.043673433 -0.15761091 0.16094613 -0.09182173 0.09845236 0.029912308 -0.18470003 0.04880422 -0.09513137 -0.08889946 0.030633181 -0.07421293
KOR -0.088729575 -0.27019733 -0.11335518 -0.040321395 0.23667303 -0.07893158 0.060772054 0.06434781 -0.047433127 0.035725966 0.34047836 0.019029543 -0.19635785 -0.056522366 -0.05383186 0.10796015 0.06894463 -0.023397086 -0.47033828 0.16432533 -0.12630582 0.12986933 0.007155372 -0.109121956 -0.08703791 0.39995405 -0.23795621 0.08423463 0.17090164 -0.24795169 -0.13889681 0.104332455 -0.004987707 -0.12828846 -0.17922862 0.037943386 0.2235731 -0.016715635 -0.05948251 -0.2278325 -0.22038728 0.48366106 0.05402224 0.06718589 0.18306845 0.0028434948 -0.16647771 -0.07325414 0.06701395 -0.109860875 0.06296229 0.18385033 -0.124221325 0.12862629 -0.2211341 -0.29244667 0.21780774 0.08716823 0.00022769367 -0.040080573 -0.09389147 -0.12353704 0.11585928 0.05424255 0.25385618 0.019264005 -0.066941455 -0.037509784 0.101747625 -0.06822383 -0.17943992 -0.23769411 -0.3023288 -0.3382518 0.2103343 -0.18292075 0.057448044 -0.07989358 -0.052993264 0.10325336 -0.0823393 -0.18005714 0.25694448 0.19808021 0.03873267 0.19615361 0.07439204 0.0041695205 -0.12665336 0.26002172 -0.0036909904 0.0063243224 0.17648686 -0.22467026 0.118941255 0.21538174 0.10110582 -0.14946908 -0.008234777 -0.09635939 0.0016906413 -0.05793995 -0.17765349 0.064597555 -0.003872059 -0.09198677 -0.14700745 0.10700639 0.19982958 -0.25482795 0.12342271 -0.04192706 0.013037211 0.0020532026 -0.07391001 -0.10310787 0.19772036 -0.10701077 0.042184606 0.092171006 -0.07148674 0.03632682 0.09949066 -0.054122347 0.13264084 0.070431754 -0.03211063 -0.14415272
KWT -0.25918463 0.009717511 -0.029821482 0.054578505 -0.014731574 0.054123864 0.17592882 0.28906873 -0.07488473 0.20811129 -0.064264946 0.011277041 0.16925071 -0.07362194 0.0067626755 0.06693853 -0.2265758 0.05189397 -0.37755752 0.3470863 0.1278464 0.17653733 -0.12881 -0.13674435 -0.35684502 0.11953303 -0.17082487 0.041858748 0.20319647 -0.040747065 -0.335383 0.16304207 -0.2932237 -0.12973516 -0.017639937 0.030026462 0.04604598 -0.057494223 0.11951901 -0.38268027 -0.050654348 0.37469023 -0.19439204 0.05158656 0.049144346 0.30255246 -0.15612568 0.08706846 -0.1274763 -0.11012426 0.13876402 0.0845174 -0.10260974 0.23110507 0.14244536 -0.22850019 0.10954395 0.06955363 -0.22448236 0.07142278 -0.09428009 -0.12744825 -0.0351832 -0.08208719 0.21580909 -0.05229527 -0.5136424 0.34702712 -0.037887555 -0.084730156 -0.3710715 0.0123743005 -0.32408217 -0.2909929 0.16201727 -0.27463883 -0.2256241 -0.076760925 -0.041181054 0.2333436 -0.22996871 -0.16129932 0.2210758 0.22414395 0.39525995 0.10626003 -0.0067050587 0.26264906 0.100946315 0.15716568 0.06890537 0.075249806 0.15964529 -0.25118354 0.16784924 -0.02707416 0.08707263 -0.025082394 -0.13778532 0.005321852 -0.0015458233 -0.008695589 0.018416468 -0.039186254 0.035151564 -0.18493496 -0.08569232 -0.03179242 0.118457906 -0.2728141 0.31455094 -0.000977404 0.11230445 0.096986115 -0.002258158 -0.22712353 0.046252612 -0.27040538 0.35794136 -0.16827443 -0.091428995 -0.15564196 0.1420141 0.35173216 -0.1634535 -0.2455404 -0.010055209 -0.1854045
DOM -0.10349311 -0.015548575 0.03924749 -0.15877777 -0.116307124 -0.25811875 0.05157556 -0.07910651 -0.08388784 0.16128094 0.30648682 0.14887908 -0.08473578 0.049091704 -0.0013498964 0.18088646 -0.43058038 0.13182914 -0.45466664 0.246779 0.1967786 0.18786483 -0.13775834 -0.26690638 -0.16214554 0.33310974 -0.1905647 0.5171362 0.18321402 -0.18480033 -0.16674183 -0.051581237 0.16887861 0.10034612 -0.21181038 0.17784828 0.08435915 -0.057202127 0.09854021 0.16086733 -0.24882302 0.25009492 0.25712666 -0.23518859 -0.007261536 0.20611756 -0.10939713 0.06349077 0.060024567 0.10412924 -0.0026384755 0.028864939 0.019664781 0.10236685 -0.18612887 0.08963692 0.26436782 -0.14647703 -0.14455517 0.086223125 -0.15212506 -0.015757402 -0.26699767 -0.28403854 0.17008305 0.28179288 0.12715104 0.04042006 -0.39116997 -0.13092813 0.14572938 -0.16810015 -0.20908876 -0.08421444 0.16995823 -0.09068641 0.10436966 0.041140515 -0.19437568 0.119628064 0.010942042 -0.09589238 0.11053342 0.18961543 -0.18491198 0.054632306 0.022034628 -0.27018347 0.11235053 -0.049081016 -0.012258081 0.032879792 0.10014719 0.12796472 0.20882459 0.11335562 -0.28003863 0.08090608 0.039788064 -0.36080277 -0.34815058 -0.011868217 0.08271597 0.25802064 -0.07228437 -0.20926861 0.17316614 -0.010670161 -0.1276588 -0.15357395 0.15988877 0.08093766 0.089869216 0.07308476 0.09317649 -0.1775572 -0.1673393 -0.3368816 0.07950534 -0.33663803 0.07996854 0.023225883 -0.20176704 0.30363676 -0.16540532 -0.10821731 -0.21676238 -0.083915114
EGY -0.2874492 0.056621786 0.123630464 -0.024878792 0.0030519385 0.10379209 0.07481527 0.14520381 0.01179094 0.18733056 -0.021748262 0.057423003 -0.14396949 -0.008306523 0.019289382 0.101935625 -0.27471972 0.05090407 -0.1791696 0.08270983 0.016560355 0.06609495 -0.071587056 -0.1637833 -0.3172715 0.10914857 -0.08966792 0.07004939 0.22995855 0.07422542 -0.14469117 0.012251657 -0.32663593 -0.13501176 -0.034252085 0.086761914 0.08904786 0.16000077 0.08151493 -0.26200116 -0.08132527 0.4015617 -0.0020806352 0.023586776 0.033017945 0.19010885 -0.15874535 -0.08815995 0.0095246965 -0.13434729 0.1741292 0.054717958 -0.10482231 0.22296354 0.13752776 -0.0043368083 0.09830362 0.06343119 -0.12404341 0.034195095 -0.09637839 0.041196685 0.021872317 -0.053293295 0.11558017 -0.025240332 -0.34633675 0.14651258 -0.08051315 -0.13862187 -0.22293255 -0.0059132655 -0.28842187 -0.16954559 0.09740933 -0.09165674 0.017423715 0.09530834 -0.025458599 0.18947673 0.10818121 -0.061012223 0.012483429 0.18732394 0.3157974 -0.047979712 -0.016045189 0.055828758 -0.011930671 0.0833733 0.016320992 0.12062537 0.20903802 -0.14571637 0.19671644 -0.2070257 -0.06364922 -0.03500649 -0.033110216 -0.076918945 -0.11583276 0.0028901305 -0.0002191086 0.09492018 -0.075837985 -0.086002156 0.018150065 -0.15855345 0.056279376 -0.24532144 0.23735401 -0.2354596 -0.08971588 0.06565617 -0.10142021 -0.07132514 0.031430475 -0.32895556 0.464196 0.02756942 -0.0874468 -0.024267938 0.12101589 0.15325715 -0.08618866 -0.42933813 -0.14923589 -0.26702604
LBY -0.018328229 -0.120648675 0.14936155 0.13903366 0.058004923 0.043697674 -0.20465647 0.057619177 0.04446003 0.19744387 0.3143648 0.098556295 -0.20267178 -0.16043866 -0.030266043 0.028763222 0.15337914 0.016839467 -0.0058657927 0.121411465 -0.17143323 0.2292968 -0.018041601 -0.47212136 -0.15282208 0.079931945 -0.21441582 -0.09075979 0.09862302 -0.09102865 -0.15893507 0.18149237 -0.3206162 -0.0716342 0.022976024 0.24518795 0.114124425 -0.093759894 -0.059293162 -0.0031309351 0.05122224 0.09589986 0.13195299 -0.06602026 0.06256555 0.049577206 -0.01692988 -0.15851665 -0.41023004 -0.07194728 0.12979819 -0.044711493 -0.01941571 -0.16917492 0.25550932 -0.0009611493 -0.09041417 0.07399907 0.049095392 -0.06127398 0.09493879 0.03226941 -0.014531705 -0.06852858 0.17948215 -0.1509745 -0.08015807 0.28571 0.13457868 0.043680232 -0.16620739 -0.25257355 -0.39386833 -0.18392107 0.20186025 -0.12966809 0.084958166 0.071494065 -0.12799959 0.042521067 -0.20691611 -0.15791442 -0.054962903 0.23708194 0.38216868 0.13116802 0.14547366 -0.1617154 0.25843325 0.27575812 -0.17924574 0.24608684 0.14438477 -0.060235716 0.51761687 0.16789272 0.116905 -0.24845092 0.20715997 -0.15564224 0.026590928 -0.08701215 -0.07970006 -0.14060602 -0.012689412 -0.13277271 -0.13727719 -0.14137721 -0.02613048 -0.2686553 0.0579797 -0.27256617 0.15681 0.018550927 0.13328075 0.07324996 -0.044464275 -0.03130733 0.021784825 0.061134845 0.03560934 0.118467204 -0.1372124 -0.15462694 -0.03843141 -0.053054705 0.07602556 -0.20591117
HRV 0.069787875 -0.12601724 0.30020726 0.041005246 0.13619454 -0.15293995 0.01822507 -0.010602168 -0.0903855 -0.00619489 0.14996684 0.07934627 -0.19102634 0.064574875 0.13178328 0.09904057 -0.18904856 0.04183522 0.1640483 0.07850217 0.0120468605 0.2773883 -0.1490632 -0.34689888 -0.17426391 0.25333434 -0.3792281 0.19564816 0.16671231 0.07551066 -0.06135713 0.083220206 0.030670185 -0.17909992 0.07066324 0.10868767 0.083068855 0.06269239 0.13953519 0.048489526 -0.05435321 0.32806352 0.0647836 -0.0573303 0.13290188 0.06114588 -0.27015126 -0.15220463 0.104184374 -0.034597788 0.409011 0.004518818 -0.13407513 0.002207981 0.23828757 0.034584496 0.035158124 0.11862737 -0.12594599 -0.14036144 -0.068303995 -0.16947089 0.033284225 0.028795818 -0.090028405 0.071633495 -0.003230066 0.030271681 0.011073441 -0.11684187 0.055337004 -0.24181479 -0.3085188 -0.04175579 0.11075154 -0.13493429 -0.0710446 -0.05267709 -0.075944185 0.08304593 -0.013128253 0.0016019291 0.052175105 0.21981746 0.17581247 -0.07912038 0.21498173 -0.069220394 0.12235924 0.14662743 -0.23559876 0.31566545 0.033968125 -0.037433177 0.4035819 0.0056547807 0.08564729 -0.17080662 0.1152694 -0.23193759 -0.22332442 0.10081873 -0.03159756 0.08392081 0.065328114 -0.07040332 -0.023022072 -0.016902909 0.10424895 -0.06778054 0.18916012 -0.09075806 -0.18864104 -0.18610886 -0.07168744 0.022916146 0.16062826 -0.15709424 0.27728516 0.2714627 -0.008159788 0.08734816 -0.025289297 -0.0552294 -0.08254188 -0.33293593 -0.10982708 0.004421531
COG -0.031188287 0.20202336 0.2981394 0.2093917 0.15942742 -0.08979889 0.27965587 0.04589803 -0.07646792 0.17620035 0.08715294 0.09101982 -0.2604526 -0.055189393 0.061545767 0.12436962 0.017772002 -0.14537059 0.19143206 0.12174316 0.029297201 0.17790538 -0.00062379707 -0.45623913 -0.33567145 0.13701859 -0.34584004 0.12277936 0.021637889 0.07296643 0.06000139 0.05295496 -0.062269915 -0.0050909277 0.013291424 0.048677776 0.23361993 0.12937014 0.06275369 0.08441806 -0.019675601 0.27736676 0.046935584 0.048461966 -0.0046298024 0.09345286 -0.1874276 0.059778072 0.12516588 -0.016742736 0.20288451 0.03327894 -0.081867814 0.18695158 0.20407791 0.043366324 -0.013876907 0.039863497 -0.18627298 0.023647048 -0.05424973 0.01561295 0.04153963 0.13898976 0.1077143 -0.20487636 -0.20742074 0.002860783 -0.07049241 -0.10385665 -0.13207519 -0.0372406 -0.16546518 -0.16669087 -9.774708e-05 -0.03873594 0.050676282 0.08074361 -0.08712501 0.18798631 -0.0019809124 0.009212417 -0.14479327 0.20071848 0.22824396 -0.08151596 0.020210017 -0.1281185 0.016439635 0.16773415 -0.14923376 0.15937828 0.1652252 -0.04763513 0.12097127 -0.21486047 0.088730864 -0.18203235 0.11793909 -0.11432224 -0.20489168 -0.08193985 0.13053963 0.098803386 -0.039942816 -0.04677904 0.03284997 -0.123085424 0.093451604 -0.17210609 0.1413952 -0.33544934 -0.192289 -0.039471023 -0.2311116 -0.034851987 0.13581887 -0.22390066 0.49370694 0.15229152 -0.08395833 0.0051011145 0.16996442 0.021836787 -0.25820103 -0.34963146 -0.1948178 -0.15455054
SWE 0.1730871 -0.21590868 0.18784797 0.16469444 0.05652754 -0.18749642 -0.22241296 -0.0342108 -0.14342818 -0.07223337 0.1671854 0.1936036 -0.32417676 0.06655499 0.21818666 0.24263987 -0.3764555 0.06611716 -0.31191474 0.13029632 -0.13207011 0.18844455 -0.0035496955 -0.30442536 -0.22829929 0.2661419 -0.13460137 0.1787844 0.08220461 0.091685265 -0.12563626 0.24383976 0.12177332 -0.0007847395 -0.16913722 0.2554504 0.09413246 0.20096964 -0.12909128 0.065083966 -0.09359689 0.22230333 0.18403248 0.025889378 -0.003349331 0.06060378 -0.25744492 -0.061324794 0.04894385 -0.1627295 0.10863771 -0.048726164 -0.0014931282 0.18903089 0.12841643 0.2553959 0.108639844 0.025039945 -0.14911492 0.14304288 -0.20475207 0.040663294 -0.100765586 -0.03693505 0.058206894 0.12682825 0.114240326 -0.06641598 -0.4173351 -0.26222646 0.0060722134 -0.27230096 -0.13123597 -0.24041867 0.2052701 0.16376108 0.0067722374 0.11263489 -0.27048624 0.105783045 -0.11427721 0.024348851 -0.10708208 0.13789384 -0.107648455 0.06326588 0.061628513 -0.031917613 -0.02885371 0.15864044 -0.2015181 0.17748705 0.04118722 0.03510506 0.34699982 -0.03600027 -0.18144466 0.07692506 0.046749506 -0.12804122 -0.42902422 -0.002736945 0.008919219 0.041477643 0.06251174 -0.2823452 0.19305825 0.08743449 -0.120776124 -0.16716343 -0.027981305 -0.12718908 -0.022268347 -0.056912255 -0.17306507 -0.061856586 -0.33229968 -0.29266417 0.07316049 -0.013098653 0.09150776 -0.018251002 -0.22852367 0.058348667 -0.037860617 -0.06701778 -0.1933471 0.063247114
SEN -0.2283532 0.20813009 0.040034615 0.15966696 0.42775613 -0.0951075 0.2634442 0.0926512 -0.18842274 0.15865882 0.19764158 -0.012641222 0.05925427 -0.25306886 -0.19154844 0.3088023 0.11779413 -0.14659175 -0.3578983 0.2207971 -0.019351609 0.14277005 0.2324273 -0.61976933 -0.26765603 0.106168486 -0.28699633 0.15706824 0.11885284 -0.10246134 -0.09274037 0.08727581 -0.036125187 0.14517836 -0.18827152 0.4187768 0.2712404 0.0146650085 0.100162625 0.22858015 0.05382921 0.2952555 0.16634446 -0.17714486 0.043521278 0.2491916 0.038078718 -0.15553111 -0.09733943 0.053850044 0.056803863 0.056115143 -0.022894988 0.03508345 0.073547706 0.07620828 0.35120308 0.029746598 -0.48208502 -0.3032749 0.09706781 -0.16163582 0.117003635 -0.09244628 0.35207227 -0.011911733 -0.24773721 -0.013383626 0.012510735 -0.10200944 0.0865485 -0.14984542 -0.2025551 0.05740052 0.008219004 -0.49315855 -0.23350433 -0.20042801 -0.06837849 0.29728916 -0.1298295 0.20878215 -0.003571929 0.07511039 0.07052633 0.1821781 -0.12539406 0.11433378 0.29428372 0.32902187 0.010404039 -0.06198474 -0.17207344 -0.11574104 0.01660586 -0.07366785 0.114483275 -0.16149886 0.13961658 -0.2200046 -0.47463596 0.033450425 0.026201397 -0.17591916 0.33269432 -0.47996625 -0.31559038 -0.23140998 0.00035462357 -0.35839725 0.13534077 -0.32809332 -0.2353843 0.13729759 0.35023358 -0.092497304 0.2524784 -0.28343618 0.42100266 -0.2903309 0.087845325 -0.04872792 -0.13830356 0.31089753 -0.113555014 0.060480513 -0.26342222 0.14006889
UKR -0.08984336 -0.19552176 0.14875601 0.33589166 0.23140988 -0.017752962 -0.12755415 0.1954836 -0.1265584 -0.015855586 0.16182466 0.17751215 -0.2871581 -0.17371933 0.37698796 0.22509252 0.09336134 0.014720883 0.055859398 0.07466082 -0.18209533 0.08596367 0.074471705 -0.36531854 -0.13418871 -0.017982382 -0.052693855 -0.15076509 0.097989224 0.26875824 -0.037834603 0.17906591 -0.21274422 -0.13597515 -0.15561907 0.3301665 0.26056436 0.14102758 -0.124958396 -0.11502695 -0.11982983 0.27782273 0.028663388 0.22014177 0.24239914 0.092234634 -0.32928577 0.0061204284 0.02478505 -0.13755512 0.18936387 -0.042479422 -0.061803628 0.26426917 0.28470984 0.0842991 -0.22446442 0.28759086 0.021929014 0.25638235 -0.09874563 0.13235673 0.077897236 0.05996234 0.18157853 -0.07090793 -0.25197473 0.22791159 -0.042862594 -0.25192624 0.02491582 -0.33693066 -0.12700503 -0.4126912 -0.07495084 0.106739424 0.07474629 0.19137275 -0.04066928 0.19944535 -0.11747615 0.015375148 -0.26059252 0.24061938 0.38308975 0.019251047 0.14637002 -0.00012022187 0.13043244 0.107574314 -0.1698289 0.24128209 0.047457118 -0.02209269 0.3630327 -0.056298893 0.27642018 -0.082562216 0.14919655 -0.28567854 -0.30517414 0.16879866 -0.046594728 0.031669743 -0.097926736 -0.15459888 0.13651094 -0.0849426 0.10869845 -0.47207752 0.19924296 -0.32212472 -0.31487465 0.13141498 -0.26275414 0.003198045 -0.15540633 -0.29221344 0.40168306 0.30899787 -0.24434732 -0.17574942 -0.002193895 -0.3449665 -0.14964163 -0.061688665 -0.23101829 -0.111061834
NZL 0.016070316 -0.23132804 0.16943137 0.41946658 0.3008482 0.02921381 -0.13524728 0.032023795 -0.19428891 0.27775124 0.5101991 0.1524292 -0.08619833 -0.48754874 0.13535179 0.20872031 0.118747726 0.036473196 -0.17863315 0.27303308 -0.22515538 0.11368421 0.28096783 -0.22506405 0.089000136 0.010388734 -0.04297217 -0.23487762 0.08413074 0.047231726 -0.26843628 0.29692513 -0.121898256 0.13348472 -0.22996275 0.25543064 0.34850663 -0.03107952 -0.27777955 0.061194383 -0.37652823 0.26241267 0.171836 0.13122845 0.107361905 0.16334628 -0.3685438 -0.054073032 -0.4931152 -0.016030313 -0.050065774 -0.11185038 0.05610467 0.010757483 0.1635798 0.32290807 0.09398043 0.02877906 0.16631234 -0.23872547 0.19016828 0.060318172 0.17343575 -0.30141687 0.30638212 -0.12517872 -0.34950382 0.1645857 0.03003283 0.02152524 -0.045671087 -0.14857534 -0.05624413 -0.15718527 -0.06714528 -0.12944779 -0.105799586 0.12670279 -0.032849118 0.030240286 0.048192248 -0.16524681 -0.16431507 0.13976131 0.38617653 0.15985386 0.12180294 0.085093744 0.29774863 0.105028845 -0.2199457 0.012071414 0.21048437 0.0665398 0.34882998 0.11066379 -0.023356823 0.013100379 0.1971926 -0.11450328 0.05463762 -0.21301813 -0.11507916 0.1967108 0.009509244 -0.21510665 -0.0395977 -0.036310706 -0.026419967 -0.6417765 0.20931986 -0.4661398 0.12038475 -0.016512632 0.3045105 -0.08363515 -0.022628155 -0.0051834364 0.044028126 -0.1830553 -0.10818799 -0.28712845 -0.24388675 0.15329628 -0.21586494 0.055416673 -0.15067568 -0.13403937
ROU -0.015262794 -0.24989729 0.17382023 0.2059176 0.14391804 -0.048810013 -0.26628703 0.17198344 -0.059680916 0.037870176 0.25636402 0.17149791 -0.22424757 -0.1408361 0.23563541 0.16591161 0.06510994 0.10156762 0.06755571 0.1189736 -0.14476886 0.16811754 -0.026090277 -0.45293623 -0.08419468 -0.016269686 -0.24188788 -0.05023097 0.15138564 0.14710695 -0.18522024 0.1741888 -0.15920015 -0.13970785 0.027630303 0.3260057 0.18434326 -0.07635693 0.003405704 0.009874436 -0.014041873 0.1734177 0.118171036 -0.010647238 0.20811419 0.08475186 -0.17033252 -0.12236805 -0.12909044 -0.05455714 0.21796192 -0.09755664 -0.06829012 -0.054889157 0.34372625 -0.005047899 -0.1919641 0.23316288 0.010104962 0.040363234 0.0056292 -0.05811703 0.029170575 -0.03541898 0.044814304 0.03641898 -0.042383846 0.29996312 0.09215798 -0.12402256 0.100482106 -0.3915323 -0.26292437 -0.25467873 0.06556949 -0.06754202 0.004848784 0.0414228 -0.092313886 0.12145742 -0.20298332 -0.06486814 -0.09805324 0.2591936 0.35694835 0.050625812 0.23466636 -0.0588717 0.3508369 0.1898361 -0.2428855 0.29437473 0.002795811 -0.0051411227 0.5720559 0.0827591 0.26261654 -0.16551456 0.21336922 -0.37372118 -0.18372026 0.19100313 -0.12683581 -0.10325101 -0.008876358 -0.1742243 0.029136244 -0.083242476 0.057703566 -0.34559545 0.20901638 -0.20629342 -0.1328791 0.030657085 -0.04893872 0.040104546 -0.09730471 -0.16849525 0.14908503 0.24758671 -0.09556909 -0.01564482 -0.16329093 -0.28527626 -0.082631014 0.0020282285 -0.10133714 -0.10707767
OMN -0.23103216 -0.16522701 0.024451971 -0.06905749 0.010256534 -0.052154467 0.19702406 0.11349702 -0.004320988 0.15163587 0.036135934 -0.010537082 0.08637492 -0.008789693 -0.029268319 0.18918678 -0.1459708 -0.0056654373 -0.1853684 0.3348786 0.033460237 0.24767376 -0.12424873 -0.3061114 -0.23711354 0.2511949 -0.2553968 0.07916796 0.12130683 -0.10106903 -0.13634415 0.2020853 -0.26294747 -0.11965501 -0.006850995 -0.07921784 0.04896427 -0.16291422 0.10913165 -0.39630613 -0.021410821 0.40272483 -0.08913672 -0.0054429728 0.1429589 0.14793594 -0.0928204 0.010523927 -0.15781768 -0.0962715 0.14366208 0.05301187 -0.1280283 0.14690968 0.09450856 -0.2931879 0.1831254 0.17792824 -0.02608324 0.061578378 -0.06053195 -0.148638 -0.13062775 -0.035046805 0.1757804 0.036347616 -0.31813422 0.23571166 -0.035655525 0.050065264 -0.29417238 -0.25032493 -0.41581148 -0.31473625 0.20228118 -0.21192628 -0.08544454 -0.06497484 -0.074680045 0.037029263 -0.2620746 -0.21860059 0.18893334 0.2934267 0.34079978 0.17508703 0.021739526 0.11104532 0.12879652 0.29155397 -0.07505546 0.16724083 0.124311365 -0.29417822 0.08093503 0.06053951 0.22875907 0.040960483 -0.013216497 0.045403913 0.07400168 0.12335747 -0.1110285 -0.024108237 0.17260331 -0.06962905 -0.22246261 -0.005050511 0.08587067 -0.243496 0.19267112 0.06638312 0.18546799 -0.08040033 -0.03428263 -0.14546016 0.03797579 -0.20950483 0.20251739 -0.16515322 -0.12835613 -0.018778834 0.08144835 0.28112084 -0.14405534 -0.07035477 0.008705162 -0.10283343
TUN -0.14539696 0.027416926 0.0144038005 0.22403853 0.01210596 -0.20118807 0.22652277 0.10283138 -0.14568523 0.1784181 0.18908037 0.05317615 -0.2472491 0.07638655 -0.009661114 0.14209504 -0.23296916 0.2270238 -0.09338233 0.36919007 0.024080662 0.21872067 -0.006059563 -0.35192502 -0.06625355 0.21662514 -0.24755646 0.23931527 0.0592687 -0.25321746 -0.091621995 0.09791527 0.037242625 0.04060045 -0.0837141 -0.0603873 0.09649304 -0.17563038 0.00045811132 -0.07582549 -0.24733625 0.25298992 0.110296145 -0.21584898 0.21122198 0.061925713 -0.17659591 0.19219892 0.04335789 0.15713449 0.1115378 0.0039699343 -0.06505175 0.055938132 0.061709832 -0.01698048 0.042719215 -0.16067746 -0.01528582 0.15321572 -0.14012182 -0.06503717 -0.14229357 -0.083976395 -0.09684545 0.083090335 -0.10854885 0.14544585 -0.22405776 -0.020681717 -0.1280535 -0.0049053943 -0.24997164 -0.23783562 0.1148918 -0.22744237 -0.07364179 0.045569543 -0.07422736 0.10300627 0.029455513 -0.2627838 0.10362864 0.14664333 0.21919633 -0.047175486 0.22077294 0.12762798 0.27709255 0.21146505 0.07927076 0.081763886 -0.022599364 -0.10468053 0.13965939 -0.02628437 0.0719417 -0.07562183 0.0043936833 -0.08288568 -0.09510596 -0.083385095 0.054913223 0.056003053 -0.002285528 0.0723788 0.009782724 0.03946785 -0.14989427 -0.11043563 0.37418622 0.0014294134 -0.031931557 -0.055916607 -0.2666962 -0.16364293 -0.01203349 -0.31212518 0.20733485 0.011442285 -0.14086942 0.14409763 0.055925976 0.14641358 -0.032311387 -0.19094749 -0.10291874 -0.13342269
ITA 0.044696927 -0.13733067 0.24865313 0.15096964 0.12742488 -0.07666193 -0.15519501 0.028382322 -0.0390768 0.2995922 0.5086677 0.17086893 -0.15527941 -0.27569237 -0.002603882 0.110420056 0.049810354 0.06977304 -0.010040029 0.22787066 -0.14492682 0.14414598 0.12114681 -0.44751665 -0.0779149 0.09453982 -0.21174242 -0.12173021 0.062034264 -0.077036925 -0.15994327 0.26005036 -0.118740946 0.104600556 -0.04325451 0.10810929 0.16629702 -0.04267834 -0.16244216 0.07985083 -0.077008285 0.10216626 0.11743629 -0.038825955 0.0010136807 0.058044583 -0.16135609 -0.07670239 -0.4035547 -0.054159712 0.13052712 -0.10829741 -0.0771881 -0.03393813 0.15443188 0.20400266 0.04195027 0.027435202 0.12132059 -0.12365273 0.11254576 0.05635676 0.06604089 -0.16185482 0.2199687 -0.09888069 -0.17031123 0.21651623 0.05831149 0.05003914 -0.05180911 -0.18947916 -0.1410598 -0.14490691 0.096829735 -0.06213953 -0.0036271452 0.1213636 -0.13035783 -0.047224987 -0.11653438 -0.1651908 -0.061019115 0.23352952 0.22924483 0.1428661 0.11106109 -0.112436794 0.24286054 0.1544765 -0.26832208 0.1841933 0.10463809 0.03471325 0.38530695 0.13244899 0.053687632 -0.14659137 0.2651825 -0.1573661 0.10317939 -0.14498387 -0.026112715 0.06994068 -0.010700724 -0.12208132 -0.015363609 -0.075853646 -0.015359854 -0.41101366 0.0552328 -0.21980484 0.18747482 -0.05517133 0.22448903 -0.01849 -0.04394741 0.007334266 0.15245616 -0.06992401 -0.016397342 -0.05923621 -0.28215566 0.021274555 -0.13587022 0.062408708 -0.08654379 -0.13036041
ARG 0.050989136 -0.17927082 0.11606847 0.21361606 0.18321538 0.09499049 -0.2582732 -0.2887059 -0.044534244 -0.05706256 0.23597091 -0.23797977 -0.42493844 0.04860651 -0.082946695 0.2810958 -0.291155 -0.19690238 -0.0579966 0.0038332627 -0.21996386 0.45952928 -0.2013105 -0.11359924 -0.01887546 0.31729507 0.10419974 0.4019538 -0.12374019 -0.07755876 0.12411836 -0.18304078 -0.12206044 -0.22726274 -0.024748014 0.10095563 -0.068591036 0.17794046 -0.23096044 0.025157433 -0.44555306 0.095485575 0.12456874 -0.07040607 0.2433692 -0.086488366 -0.13726148 0.042030253 -0.32768652 0.1865394 0.18734597 -0.1327025 0.37218127 0.06759578 0.08268111 0.18969269 0.52272826 -0.07044908 -0.20149961 0.05469093 -0.3062237 0.225771 0.049454372 -0.17252037 0.056199703 -0.10053842 0.06614435 0.17984223 -0.12836875 0.087992236 0.15130386 0.05583276 -0.15696113 -0.048636965 -0.04109507 -0.31807885 -0.12184714 0.07198326 -0.20874938 -0.0750113 -0.032098524 -0.46428356 0.11521538 0.2064705 0.15035515 0.044000525 0.21708645 -0.12125655 -0.13462086 -0.044073515 0.20567922 0.068964526 0.4605937 0.1379878 0.3045178 0.045450978 -0.014787977 -0.08461333 -0.2610309 -0.41148692 0.19566321 -0.26952547 -0.1708637 0.4267734 0.008291294 -0.3642084 0.1000791 -0.06386561 -0.2820146 -0.0059870514 0.38474265 -0.27142167 0.06879501 -0.20038512 -0.1671744 -0.21935189 0.29464433 0.08629523 0.06278455 0.008329128 -0.005545121 -0.14899288 -0.25007588 -0.07206759 -0.17259778 -0.20113632 -0.0019893905 -0.020830948
VNM -0.12188042 -0.055962138 0.03654856 0.20865297 0.15451051 -0.13686758 0.046477135 0.24349736 -0.14973767 0.2538069 0.14263344 0.06300518 -0.025549702 -0.1719207 0.009692885 0.07744646 -0.106288254 0.04023311 -0.36352152 0.44662842 -0.021264331 0.11328348 0.003850222 -0.12724604 -0.1361088 0.10408931 -0.19901429 -0.03847006 0.08823828 -0.043839272 -0.32307523 0.15870073 -0.026581515 -0.041388884 -0.067125 0.07433359 0.06990978 -0.13636203 0.08082823 -0.18037002 -0.16781168 0.37283435 -0.13497339 0.035854943 0.0023808018 0.17132218 -0.26260307 0.11815282 -0.19371107 -0.064830326 0.09367915 0.027840722 -0.074384205 0.056134555 0.07059287 -0.08206235 -0.019030226 0.007939005 -0.07232025 -0.059884015 -0.065903045 -0.023802798 -0.02254575 -0.11838843 0.13902134 -0.040861975 -0.34672472 0.21867009 -0.043218922 0.02124764 -0.1402845 -0.0018296151 -0.11571238 -0.24900508 0.16631526 -0.20419933 -0.3415892 -0.09386168 -0.09206266 0.2212334 -0.20695737 -0.23208807 0.06336297 0.18191914 0.19822879 0.09552284 0.05496967 0.16729335 0.11695535 0.15376218 0.015308994 0.058800627 0.115805596 -0.1542323 0.20407294 0.11346593 -0.03093434 -0.029354272 -0.057404924 -0.12988323 -0.021944197 -0.08936011 0.10250684 -0.015133013 0.0789595 -0.22107345 0.075446025 -0.006437508 0.04995323 -0.3271786 0.27175713 -0.11210211 0.03310683 0.030462274 0.03872969 -0.23341697 0.043954946 -0.18790312 0.17147908 -0.120467655 -0.022572067 -0.1366767 -0.013587697 0.30972317 -0.09197942 -0.037300337 0.018626813 -0.15721709
SGP -0.12945934 -0.051478777 -0.022491224 -0.008249444 0.07874021 0.05448461 0.13262019 -0.07359135 0.035455845 0.042916358 0.0040478124 -0.049093872 0.056799073 -0.1384345 0.11309201 0.24871787 -0.05705668 -0.29783404 -0.13915452 0.22425078 0.051945772 0.29647458 -0.14234634 -0.17851263 -0.25250587 0.29941133 -0.18685313 0.080988586 0.13673927 -0.01246566 -0.11020536 0.03637895 -0.18115556 -0.16114551 0.08398795 0.023518242 0.015431787 -0.020904412 -0.012284852 -0.2090604 -0.08220098 0.20151548 -0.063326724 0.15326877 0.06824297 0.12091101 -0.058328304 0.018142134 -0.14850701 -0.06017008 0.14408576 0.03897928 0.03046708 0.1805981 0.122725256 -0.17127031 0.3885673 0.19453296 -0.18222435 -0.10894635 -0.105202086 -0.10244498 0.05156575 -0.19342752 0.3166836 -0.114509895 -0.22384524 0.13950418 -0.0026502307 0.10851266 -0.2936652 -0.11357023 -0.35903737 -0.17798325 0.08720711 -0.22047806 0.026257517 0.061162073 -0.08603979 0.06106731 -0.21978888 -0.12637466 0.2065811 0.24892628 0.3190102 0.03265712 -0.12040436 0.047902584 0.031011146 0.14620404 0.026687656 0.060421713 0.3189095 -0.15652668 0.010955377 0.043474138 0.18018924 0.09317283 -0.070602044 0.08896007 0.24710223 -0.0013273953 -0.13680966 0.17960948 0.07299284 -0.1448761 -0.20885809 0.028446678 0.02858602 -0.20763728 0.08321192 0.008846833 0.18027107 -0.092693835 0.025353072 -0.17571995 0.12693766 0.00020610183 0.2039524 -0.21595554 -0.121585846 -0.18434249 0.024981314 0.23152186 -0.19408344 -0.09599073 0.021261267 -0.049045503
BRN -0.037954077 0.14355914 0.09645608 0.49560896 0.3105607 -0.09262906 0.2644999 0.2077207 -0.2875527 0.24760784 0.1615115 -0.038427416 0.09283868 -0.32345587 0.05908422 0.0074032354 0.16540927 0.032963224 -0.1837436 0.41786087 -0.040714294 0.26908085 0.16070916 -0.288329 -0.079446495 0.1513127 -0.062416997 0.07246704 0.022107271 -0.24785085 -0.21352783 0.26145157 -0.15954913 -0.014228983 -0.2993592 0.12422442 0.31259438 -0.1739254 -0.045627527 -0.0010771428 -0.10427917 0.19196925 0.014991839 0.024910921 0.22140722 0.24713747 -0.35098013 0.23705606 -0.1931187 0.1350338 -0.12480173 0.12829572 0.07724363 -0.05216098 0.06180121 -0.031251214 -0.025539398 -0.12189281 -0.17974848 -0.07687915 0.012033725 -0.049902514 -0.012279429 -0.0055710655 0.118243866 -0.30166772 -0.29547685 0.15361573 0.014628235 0.017295161 -0.22632723 0.12086998 -0.17072241 -0.21209967 0.070238665 -0.34109107 -0.31908968 -0.095366016 -0.06062648 0.3296609 -0.19612436 -0.09408497 -0.041845653 -0.05910844 0.31675687 0.05993037 0.10186952 0.22387038 0.19912307 0.26149112 0.14779899 -0.16438076 0.022190573 -0.11148384 0.030216357 0.21454094 -0.031432185 -0.15488225 0.058699556 0.08105271 -0.2339934 -0.27061924 0.068306275 -0.05150156 0.24577971 -0.28047013 -0.18516468 -0.04460212 -0.07097883 -0.2614487 0.30480787 -0.48282856 0.050283033 0.02692718 0.04318074 -0.07446833 0.026582882 -0.14989647 0.17798612 -0.15265551 -0.057087526 0.016065048 0.09760646 0.18530153 -0.11590742 -0.16112322 -0.06003673 0.038157627
LBR -0.3387726 0.10127713 0.15544242 0.08968046 0.13001478 0.07061574 0.14668296 0.13051945 -0.03800684 0.14909835 0.1779957 -0.0061927442 -0.1855648 -0.044455647 0.023756325 0.020491337 -0.020129094 0.0015816082 0.020428084 0.029482389 0.060509883 0.08340242 -0.13995396 -0.2007138 -0.28720903 0.12326487 -0.08075369 0.2172816 0.15679991 -0.09700664 -0.026490377 0.015419485 -0.34309947 -0.1928748 -0.02111507 0.03884294 0.10290459 0.1689355 -0.03439316 -0.11180569 0.019434974 0.3088027 0.041117765 0.022257984 0.0945495 0.10694687 -0.035689127 0.031908073 0.020580882 0.007941322 0.10049195 0.19458097 -0.039640877 0.12207701 0.046931595 -0.07594286 0.06260994 -0.0533968 -0.09502969 0.059633326 -0.047741562 0.07045463 0.18373117 0.097402126 0.15101884 -0.1257228 -0.17371124 0.1393096 0.10171094 -0.07102679 -0.15203409 -0.025528211 -0.3329318 -0.23197849 -0.019239653 -0.14634433 0.09697833 0.10368758 -0.03764606 0.20895366 0.08338425 -0.04990954 0.045117218 0.17078197 0.25091848 -0.09564118 0.04588727 -0.05987076 0.006077158 0.082934245 0.12479549 0.007364163 0.11397404 -0.15692784 0.044418287 -0.14221488 0.0025171398 -0.23871854 0.007092815 -0.109928295 -0.20071991 -0.06625363 -0.09773833 0.009094098 0.034578953 -0.019774716 -0.059856527 -0.24097826 0.029210562 -0.10267296 0.31106478 -0.2961871 -0.08433576 -0.008330918 -0.17844751 0.0071232487 0.18928167 -0.27741194 0.49647215 0.14514624 -0.1094157 0.062492017 0.1271119 -0.06995174 -0.08521963 -0.46331656 -0.15044121 -0.18225254
UGA 0.11249337 -0.20787396 0.049029384 0.30538765 0.29536864 0.10642096 0.18200295 0.008180649 0.001969223 -0.054815922 -0.13606676 -0.08707427 -0.32965794 0.035014313 -0.041121062 0.29467002 0.09718967 -0.28514302 -0.09656509 0.0879203 -0.07239182 0.3025556 0.16397794 -0.63821936 -0.53790116 0.28710783 -0.26432124 0.36065057 -0.25422138 -0.18066984 0.006727661 0.12188574 -0.24006379 -0.15234396 -0.14130998 0.19689883 0.18111642 -0.4292037 -0.21575357 0.043005187 0.13459273 -0.22961222 0.23604141 -0.011032189 0.08164454 0.28211322 0.0927987 -0.12517408 0.17811814 0.1286079 -0.105090275 0.10933773 0.3011836 0.24162859 0.17153737 -0.26068568 0.4747026 0.043687016 -0.33431247 0.20784408 -0.14963004 -0.21344027 -0.03381652 0.31056497 -0.0535543 -0.15159252 0.114489935 0.104372516 -0.15941086 0.025024548 -0.32167548 -0.15154055 -0.4340127 -0.3177791 0.22801876 -0.33025143 0.32660285 -0.010419632 -0.08548761 -0.007029543 -0.22639717 0.06917214 0.11346865 0.13682283 0.2451523 0.29988647 0.32393208 -0.07251332 0.10318297 0.40859824 -0.082878694 0.07626201 0.42804977 0.0042223716 0.12235512 -0.124283865 0.23731434 -0.31071037 0.09280082 0.101864554 -0.18197319 -0.15737692 -0.15179934 -0.2597948 -0.15800443 -0.09655691 -0.47011223 0.16848001 -0.008084517 -0.16646741 -0.22349645 -0.2751608 -0.04116821 0.116526514 -0.4368489 -0.047460184 0.11439278 -0.1442206 0.09565015 -0.06298602 -0.003258464 -0.0115539655 0.2843856 -0.017627494 -0.25565815 -0.18481952 -0.04570153 0.15880159
SVN 0.28375578 -0.1564241 0.29631856 0.16943583 0.29665726 -0.18639952 -0.23360962 0.036733754 -0.04252803 -0.20541936 -0.0017471483 -0.0064756954 -0.044122104 0.029137783 0.18705206 0.13937517 -0.31070626 -0.04416905 0.08302039 0.10700072 0.108658075 0.30606872 -0.018621035 -0.30832088 -0.022799924 0.21610369 -0.18688907 0.3057004 0.19206008 0.11352252 -0.09119074 0.03162957 0.06225616 -0.22197525 -0.006244953 0.25662482 0.07823594 0.00069332187 0.16162741 0.057644863 -0.07065897 0.14400211 0.14687131 -0.11732909 0.19353108 0.14190368 -0.237391 -0.16329306 -0.015231635 0.067423396 0.3323038 -0.07737302 -0.059594467 -0.13808165 0.23769122 -0.05121379 0.071175165 0.14636129 -0.20391801 -0.21568084 -0.092572264 -0.20953342 -0.08709203 0.032059103 -0.15016778 0.020550398 0.20805833 0.2462002 0.043315016 -0.086451024 0.08830638 -0.15151584 -0.32952154 0.054723732 0.049387787 -0.30603805 -0.07754571 -0.10862776 -0.18935327 0.19842796 -0.16118981 0.0036253263 0.04178571 0.17765212 0.15088554 -0.10248349 0.30814365 -0.118620925 0.21436922 0.09653345 -0.1165311 0.28890413 0.14707789 0.056769233 0.5330744 0.06237724 0.11976755 -0.26308936 0.017900528 -0.3085842 -0.35762307 0.23355947 -0.06908204 0.076283686 0.04070307 -0.33568195 -0.04951249 0.10392205 0.117485285 -0.0038549402 0.23522383 -0.1846977 -0.2539367 -0.13929416 -0.079796195 0.12618707 0.13781855 -0.032713298 0.21494512 0.3335983 -0.050867204 0.046328913 -0.03156326 -0.25119823 -0.09134396 -0.28073835 -0.23047675 0.19861992
LUX 0.080322 -0.301179 0.09565728 0.26345253 0.19013406 0.079201855 -0.09538459 0.025117949 -0.0008701922 -0.15871528 -0.12602791 -0.062264413 -0.31986433 0.12773193 0.14112633 0.25802383 -0.10413204 -0.16297838 -0.09674944 0.08841824 -0.08164783 0.26728016 0.017244432 -0.38785127 -0.26577207 0.16490571 -0.1592232 0.2559342 -0.17842 0.031517502 -0.009129997 0.09290818 -0.14109465 -0.17680894 -0.0782693 0.25694495 0.028242178 -0.31471872 -0.15377423 -0.008846542 -0.04367411 -0.12943822 0.20087296 -0.04888367 0.10961567 0.17861417 0.03781267 -0.11428179 0.021734247 0.12282773 0.035226293 0.04304122 0.2522887 0.08571834 0.14629805 -0.07920243 0.31612933 0.105835654 -0.15216179 0.22300613 -0.19296499 -0.105504125 -0.05844309 0.114550754 -0.08331574 0.0616935 0.22665577 0.17425695 -0.18149681 0.022906778 -0.1643891 -0.16754855 -0.3105433 -0.18870792 0.14780802 -0.2331693 0.19357239 -0.030641278 -0.16009068 -0.03185155 -0.2074573 -0.011147814 -0.023434056 0.17426647 0.2205265 0.17501348 0.385134 -0.07880862 0.1431649 0.23078385 -0.036372043 0.16126546 0.30654633 0.058031518 0.2652186 -0.055778112 0.14859246 -0.16666493 0.065233044 -0.07709894 -0.29684958 -0.01275905 -0.15544738 -0.08342958 -0.17562091 -0.19736584 -0.20101112 0.14383736 -0.11367843 -0.14327827 -0.07633635 -0.26976824 -0.104955256 0.05097444 -0.36014405 0.0022200842 -0.004952791 -0.076822184 0.058780998 0.041216902 -0.036769863 -0.08272376 0.07843179 -0.11685028 -0.1822943 -0.16097051 0.009687112 0.18936749
JAM -0.2245271 0.042987287 -0.037802022 0.24008437 -0.0292525 0.099798955 -0.2076793 0.11983968 -0.05988461 0.1389519 0.13520883 0.06581973 -0.43120384 0.009436684 0.011979715 0.10887175 -0.093127444 -0.11750179 -0.358348 0.22892863 -0.06361863 0.24114409 -0.16094424 -0.008891637 -0.09021425 0.11724763 -0.027467048 0.110457726 -0.13721344 -0.14821328 -0.22878684 -0.081225425 0.07525206 -0.048872795 0.009068307 0.38542104 -0.021571388 -0.10314435 -0.0062421733 -0.07551544 -0.19655393 0.19047576 0.18048337 -0.12661596 -0.052973 0.107384115 0.24272138 0.2918971 -0.4615119 0.0257322 -0.0075834147 0.13851836 0.22829473 -0.08768004 -0.1048289 -0.086283274 0.1123871 -0.098984376 0.06265772 0.26288697 -0.3243639 0.26658988 -0.05632358 -0.07522218 0.2318551 -0.043992568 0.3244391 0.22077382 -0.20095061 0.08813142 -0.21964917 0.05865737 -0.2392306 -0.23946145 -0.033287674 -0.15104565 -0.01597791 -0.065494366 -0.3698771 0.11048305 -0.35572708 -0.3708083 -0.08077203 0.35766587 0.021196371 0.036796022 0.3000573 -0.24519756 0.0873053 0.146682 0.3625282 -0.018267049 0.29311752 -0.011135518 0.2486433 0.037752718 -0.24315277 -0.076103896 -0.043141074 -0.3224336 -0.29226488 -0.08986744 0.018449552 0.2188062 -0.1217515 -0.42436373 0.27969557 -0.056217045 -0.3764143 -0.26586482 0.14546402 -0.43902352 0.1115132 0.06197077 -0.26510015 -0.30638805 -0.021174885 0.004405231 0.04569184 -0.08128356 -0.0063588996 -0.08823272 -0.17561948 -0.09701934 -0.09155179 -0.039647166 0.16854692 -0.092771515
PNG -0.15193468 0.16811052 0.012130207 0.50715363 0.17059776 -0.19408174 0.25371432 0.13862346 -0.21457158 0.14440542 0.14865586 0.0288917 -0.24125455 -0.064016335 0.118936695 0.061995115 -0.12458745 0.11758338 -0.14501157 0.40999278 -0.056692056 0.15462382 0.17528737 -0.21734135 0.010963942 0.19771336 -0.0039638765 0.2418903 0.016993921 -0.22546372 -0.055816352 0.10981527 -0.048445437 -0.017877808 -0.26718378 -0.010970823 0.2105893 -0.08001799 -0.09087652 -0.07661568 -0.276916 0.30225506 0.0646251 -0.06645466 0.29979846 0.08834213 -0.29559654 0.3213105 0.03170571 0.13709778 -0.04858554 0.037363566 -0.021402998 0.13808514 0.02727424 0.026233701 -0.11621516 -0.17590822 -0.019213513 0.21863514 -0.11731597 0.11741149 -0.12852892 -0.027648179 -0.03709015 -0.15401688 -0.28929198 0.13883984 -0.2050803 -0.029485343 -0.15271911 0.06897324 -0.11750013 -0.3702449 0.07165115 -0.16519794 -0.06354516 0.15101047 -0.0757363 0.24949917 0.0960417 -0.2996106 -0.07174744 0.009707986 0.35223627 -0.10560636 0.14861923 0.086517185 0.14279468 0.17566267 0.12891507 0.022987394 0.12715945 -0.07928534 0.0498188 -0.03696861 -0.019718744 -0.09436531 -0.0094124675 -0.044256058 -0.13714662 -0.22883588 0.09391655 0.07797588 -0.10143685 0.003724284 0.06898898 -0.010140016 -0.1332628 -0.17807403 0.40945318 -0.34106013 -0.12470308 -0.021992998 -0.35417876 -0.11171009 -0.08457066 -0.31138012 0.20597933 0.0552855 -0.24822433 0.09160552 0.17954507 0.08978995 -0.05859027 -0.26452187 -0.14222184 -0.22161485
IDN -0.26253638 0.03452377 0.041677684 0.24051265 0.11706929 -0.05789986 0.04669739 0.10643696 -0.2649284 -0.004060461 0.20852198 -0.104220025 0.15651071 -0.07672748 0.3817376 -0.033094443 -0.036699552 -0.05085382 0.032923996 0.20148116 0.32683003 0.15338676 -0.25777712 0.085210636 -0.1481709 0.15616292 0.027654665 0.25924164 0.15468526 -0.3042345 -0.054610696 0.012780452 -0.1526845 -0.12481338 -0.19250245 0.10737529 0.00048086906 0.04047642 -0.24775018 0.14423646 -0.06321227 0.12767978 0.08726063 0.14524259 0.06611066 0.27030307 0.053100944 0.14724389 -0.056242216 0.15704907 0.0034532484 0.364205 0.16317074 -0.026224986 -0.07591132 0.16193041 0.30328482 -0.18791436 0.051398277 0.0152776465 0.063362494 -0.13274027 0.16987142 -0.046390593 0.30701163 0.19332905 0.25117987 0.022090245 0.003501463 -0.08758929 -0.03500164 -0.07672204 -0.3501701 -0.13054815 -0.082362026 -0.28412142 0.04644638 -0.003312563 -0.12835532 0.08688208 -0.072679184 -0.056498487 0.20231023 0.32668447 0.083431445 -0.057625066 0.17241307 -0.05313833 0.24625443 -0.049392343 0.124394536 0.08781834 -0.022908336 0.011574377 0.13835765 0.1943072 -0.04119466 -0.19761963 -0.06836812 0.059331164 -0.4785687 0.024019085 -0.14160432 0.11140678 0.104423 -0.08328692 -0.07624345 0.03028892 -0.1265246 -0.093113884 0.50049067 -0.11248895 0.09559394 -0.22499785 -0.02405556 -0.11712335 0.089904286 -0.21517238 0.2690397 -0.21208654 -0.16559839 -0.079126045 -0.0123015735 0.12567604 -0.18650638 -0.44634822 -0.13881901 0.31216052
FIN -0.22596094 0.0041929353 0.028541693 0.25263232 0.09153032 -0.059667744 -0.084895186 -0.22471204 -0.17907706 0.1755207 -0.10699142 0.03513615 -0.28942427 0.14929095 0.3445486 0.23376606 -0.2908093 -0.15483853 -0.1953688 0.2551329 -0.07615393 0.2755333 -0.114662975 -0.05397844 -0.17480338 0.2102275 -0.17347695 0.05873525 0.15008534 0.04241407 0.07964093 -0.07638507 0.01810031 -0.07966916 -0.1426067 0.40786195 -0.05430134 0.04427494 0.19279802 0.09138211 -0.380731 0.4174141 0.12293466 -0.07056067 -0.021226889 0.13511883 -0.1890523 9.650283e-05 0.07794475 -0.13423216 0.17480502 0.1276854 -0.025871444 0.080476426 -0.053768136 0.37129578 0.36300763 0.08904973 0.007981826 -0.1847388 -0.06747461 0.030955518 -0.048655808 -0.3347478 0.28146568 0.32245418 0.08011228 -0.14785065 -0.21922742 0.076336734 -0.018900422 -0.17745532 -0.24447653 -0.0150178075 0.32412282 -0.07717433 -0.027032306 0.05379504 -0.17177407 0.10654295 -0.11797009 -0.021322452 -0.15374552 0.2949931 0.11770407 -0.041484814 -0.11324094 -0.12064811 -0.00081652566 0.23959944 0.033471603 0.4003587 0.099968135 0.021440381 0.25397688 0.19353093 -0.21119812 0.24663219 0.16382413 0.0094856955 -0.35641733 0.085420474 -0.038104985 0.2365883 -0.10389954 -0.10465781 0.1528897 0.065922506 -0.2150383 -0.25202802 -0.049499676 -0.23987707 -0.16245373 -0.17265894 0.12749268 -0.19331145 -0.067908645 -0.16657099 0.13456221 -0.2301566 0.058599427 0.050698575 -0.11784695 0.3577059 -0.04077058 -0.18216869 0.0046490217 0.18870303
CZE 0.0005761753 -0.18685682 0.17520852 0.20941453 0.024702746 -0.09471306 0.0017210543 0.098159716 -0.08282144 0.2616523 0.2995072 0.17763801 -0.3785928 0.06462543 0.06814216 0.33950514 -0.018990846 0.21067408 0.047653373 0.11203365 -0.0919938 0.30689785 -0.042703863 -0.55532295 -0.22465117 0.08427954 -0.37514663 0.0035429257 0.17616321 -0.04251042 0.015674634 0.20475137 -0.17484987 0.017162796 0.0641197 0.06376436 0.20633045 -0.031112889 0.09458542 -0.11420496 -0.09301566 0.25301462 0.17268218 -0.1675243 0.14129445 -0.030879984 -0.32207608 -0.009660466 0.01961723 0.03610408 0.26442954 -0.1645585 -0.13189332 0.07924439 0.21963078 -0.058460884 -0.063832216 0.10755764 -0.0031333757 0.095503345 -0.09885239 -0.1413298 -0.03441424 -0.03804425 0.040171757 0.040433224 -0.15378642 0.17663662 -0.017285256 -0.073854074 -0.087489754 -0.23921461 -0.27559707 -0.1736517 0.09656405 -0.047652155 0.018017607 0.02564262 -0.0041039134 0.09590288 -0.054408226 -0.101062216 0.04309245 0.32886258 0.21968178 0.035498083 0.17869732 0.097253 0.28258708 0.22721705 -0.11855145 0.2480969 -0.021228302 -0.0811537 0.38068607 -0.003997193 0.38313198 -0.12156115 0.18112835 -0.2083703 -0.10072518 0.14676866 -0.00835911 -0.005173127 0.030674879 0.05006263 0.0032361124 0.03577056 0.0016841714 -0.16897544 0.2225996 0.03197138 -0.02097134 0.04720547 -0.081453666 -0.030562375 0.057351585 -0.21187212 0.35464156 0.127961 -0.017838338 0.12009403 -0.0026668843 -0.0905703 -0.08266298 -0.046006605 -0.123042166 -0.18354546
TZA 0.012146631 -0.22620988 0.17254183 0.1860193 0.19998416 0.01825455 0.088296555 -0.078396976 -0.019620866 -0.055314887 0.045550816 -0.07007457 -0.2709472 -0.017659253 0.06854506 0.20437789 0.051672403 -0.16797 -0.07334526 0.025502754 -0.14261955 0.18887514 0.11444188 -0.47554842 -0.36493134 0.2619919 -0.122797936 0.21684462 -0.14218333 -0.12503913 0.06751909 0.20156763 -0.25190467 -0.12071244 -0.21309549 0.085375555 0.15717389 -0.03299957 -0.3045583 -0.030291796 0.096502 -0.01945463 0.14469455 0.06754799 0.058289796 0.15536855 0.013831026 -0.18941885 0.15224177 -0.0470816 -0.09343829 0.123285905 0.14733043 0.260095 0.086248145 0.021464722 0.4276438 0.010033379 -0.15076032 0.14615183 -0.039923534 -0.097751595 0.058608405 0.19238253 0.038434938 -0.05558788 0.07499701 -0.021438733 -0.177345 -0.046972953 -0.14766033 -0.21103244 -0.32119775 -0.25740394 0.20562848 -0.06509635 0.2546487 0.064612634 -0.08594528 -0.06907425 -0.11111457 0.085672036 -0.00085528666 0.11756307 0.11448955 0.33449236 0.053226784 -0.062196195 -0.053819876 0.33579597 -0.19758362 0.09860648 0.20860857 -0.02153622 0.09323068 -0.077276856 0.03283496 -0.118922204 0.06634902 0.1627522 -0.25065237 -0.0948639 -0.15219954 -0.1308162 0.07668627 -0.085775234 -0.23890573 0.03362424 -0.022225214 -0.18818472 -0.13510932 -0.2425094 0.07667004 -0.01798932 -0.25054002 0.016569354 -0.067328945 -0.20839284 0.13663536 -0.10556138 -0.0077759214 0.0387296 0.11457555 0.05245953 -0.18698008 -0.13233739 -0.12563372 0.19850026
LTU -0.12037248 -0.13580474 0.14159288 0.21960641 0.09678346 0.02990578 -0.11009925 0.028948762 -0.118587054 -0.12541193 0.07836509 -0.0672862 -0.12725107 0.0650393 0.3546562 0.07082745 0.0587633 -0.1699516 -0.037033487 0.041453518 -0.06720314 0.28827855 -0.20076615 0.011184935 -0.21776819 0.08131857 0.0034936718 0.12570715 0.13253081 0.10636995 0.010245784 -0.03915487 -0.22542627 -0.2749713 -0.15968151 0.33458123 0.045928594 0.08869062 -0.114375144 0.056415945 -0.11238594 0.18513869 0.034233563 0.11252174 0.22658308 0.22169684 -0.2755172 -0.051023144 0.15092233 0.069224656 0.07257712 0.12453029 0.1628794 -0.0023537728 0.2039363 0.122088484 0.11125337 0.0664005 -0.19914164 0.07170562 -0.13071892 -0.058514144 0.08454125 -0.08693186 0.23896419 0.09432583 0.021003678 -0.009163064 -0.022611622 -0.058634233 0.09398562 -0.09745782 -0.20878272 -0.13879655 0.12608653 -0.067997165 -0.049013223 -0.02346615 -0.10354467 0.24525091 -0.17214154 0.039666723 -0.14986408 0.14285742 0.27106613 -0.025919884 0.0111994315 0.0640106 -0.045521796 0.122361064 0.06319028 0.110536486 0.11290168 0.05090463 0.31514332 0.19825315 0.039879214 0.0014977423 0.037357718 -0.09486807 -0.40692854 0.0013159746 -0.13308826 -0.0212916 0.0073097786 -0.23248857 -0.04308065 0.007690942 -0.11720187 -0.06893669 0.14629611 -0.25869057 -0.075938836 0.034256704 -0.111802734 -0.022400454 -0.09106335 -0.112979904 0.10088859 -0.04837524 -0.02885157 -0.06708401 -0.012581276 -0.08935903 -0.07095608 -0.23827901 0.07544818 0.16346896
MOZ -0.11370151 0.031650048 0.25334564 -0.0019799368 0.0862939 -0.08825336 0.22825852 -0.062319674 0.08522436 0.050031908 0.20163389 -0.12329356 -0.04461249 -0.08500805 -0.119456686 0.0034677421 -0.102315016 -0.04488579 -0.034947094 0.24543476 0.052597705 0.08052428 0.06865394 -0.45409226 -0.13757098 0.28137273 0.0063774623 0.2851132 -0.20366533 -0.24220423 0.12693769 0.27512366 -0.2844272 -0.05939708 -0.22263175 -0.25625026 0.10365507 0.027760858 -0.27023926 -0.126106 0.061796986 0.20125967 -0.028897718 -0.06485294 0.18977942 0.10712938 -0.04143431 0.13976113 -0.17715362 0.054288108 -0.23963583 0.19581349 0.03543287 0.11648144 -0.088472754 0.10801232 0.35306647 -0.10869959 -0.10900097 0.20663935 0.08406983 0.13861768 -0.08688873 0.17122974 0.10429331 -0.14630015 -0.19441105 0.18024807 -0.23471868 -0.01275681 -0.17945528 -0.084611006 -0.233822 -0.25990766 0.0893024 -0.14695805 0.083095394 0.09887617 -0.18087263 -0.03731777 -0.1311403 -0.1500349 -0.13081898 -0.045275945 0.2543816 0.33905187 -0.014587828 -0.015678199 -0.0618207 0.34474236 -0.09482745 -0.07135079 0.03668465 -0.15951987 -0.18102673 -0.016450329 -0.17399009 -0.12741195 0.066181935 0.08526814 -0.19212769 -0.22146864 -0.041478734 0.09751314 0.39431843 -0.32265303 -0.17461061 -0.30613187 -0.057862338 -0.21210834 0.13753025 -0.43606192 0.2402993 -0.21456921 -0.14356692 0.049968906 -0.23545526 -0.24171966 0.23267318 -0.35311204 -0.11807467 0.04948222 0.023139765 0.1753881 -0.22148411 -0.09761944 -0.2003722 0.12988204
PRT -0.14583017 0.0037348692 0.24351388 -0.05929944 0.016136363 -0.050734848 0.043546773 0.008725389 0.08227716 -0.004780367 0.19479233 -0.059249543 -0.13506019 0.07477834 -0.16947378 0.13539088 -0.27695847 0.021457037 -0.12624219 0.24390604 0.119592585 0.10293279 -0.027294807 -0.43933344 -0.07231344 0.18256259 -0.06308349 0.42457482 -0.21214446 -0.159139 0.09623016 0.111188814 -0.05841221 0.06573071 -0.111406505 -0.05665334 0.030059332 -0.1032245 -0.16615991 -0.009069508 -0.07470466 0.14225014 0.053910736 -0.26735964 0.17528269 0.085942894 0.09812953 0.14227971 -0.26415268 0.18868852 -0.05899634 0.110441834 0.09765321 0.0490094 -0.10571886 0.16756038 0.4144494 -0.062296875 -0.13042507 0.25434276 -0.10559344 0.13305148 -0.13561949 0.032512963 0.04069407 0.1161641 0.10132768 0.22120063 -0.37076846 0.010172331 -0.04391827 -0.07085707 -0.13049538 -0.1013798 -0.0038611495 -0.2206262 0.10111994 0.017068392 -0.2876775 -0.089729466 -0.13778365 -0.17381036 -0.14747982 0.058892857 0.09617392 0.24483332 0.23198576 -0.14592469 0.09310661 0.23301534 0.0005835629 -0.008155533 0.022607032 -0.02286956 -0.054900162 -0.07174895 -0.1379456 -0.0873087 0.08387134 -0.258805 -0.3063293 -0.121615425 0.011814964 0.14910616 0.18699186 -0.40251705 0.0070891343 -0.2545512 -0.20016198 -0.15280774 0.1416668 -0.30786586 0.01830263 -0.12233463 -0.2274884 -0.015947027 -0.1477723 -0.14343092 0.21525912 -0.26884913 -0.044422872 -0.0601168 -0.15077282 0.061315183 -0.22880894 -0.028060729 -0.15174975 0.12473678
IND -0.16143242 -0.1415591 0.09726626 -0.031196104 0.019694103 0.079332955 0.042121235 0.11620396 0.031317547 0.049798124 0.0070457878 -0.0058422927 0.07207603 -0.015628345 0.08173737 0.12587157 -0.1994624 0.045558482 -0.14455687 0.06308515 0.038220324 0.2343194 -0.12902652 -0.14862102 -0.22133625 0.16778506 -0.07891525 0.059401114 0.27302814 -0.01857465 -0.12794524 0.1488422 -0.37099096 -0.17678127 -0.014613442 0.038346488 0.072818026 0.12382998 0.06982485 -0.3360574 0.022033954 0.31282565 -0.035191532 0.047976818 0.12877382 0.18447097 -0.14918177 -0.13366427 -0.030838005 -0.10565837 0.21425828 0.101134285 -0.11638143 0.10817257 0.14298901 -0.104325175 0.20542002 0.107580274 -0.14392714 -0.06708708 -0.027075244 -0.17159198 0.06273613 -0.0410644 0.14511313 -0.015040236 -0.2671044 0.20271325 0.066971675 -0.103097156 -0.2711237 -0.1107605 -0.45672283 -0.13742337 0.1263708 -0.21254389 -0.039060272 -0.032268204 -0.007899493 0.15230434 -0.09015489 -0.030582888 0.16441852 0.18558657 0.31418443 0.07739902 0.015486583 0.17971008 0.050436452 0.18532683 -0.0015813954 0.08403724 0.088792704 -0.26598883 0.23607314 0.015540864 0.11965448 -0.06838547 -0.08183342 0.07921841 -0.08928907 0.10037552 -0.14246179 0.0039609796 0.14017582 -0.15083809 -0.20537229 -0.05743496 0.091279194 -0.13040525 0.26627636 -0.064337686 0.10014473 -0.003011644 0.060507942 -0.00033993233 0.052477285 -0.16325119 0.31122428 -0.04492408 -0.06459572 0.026114115 0.06353015 0.08039811 -0.027380046 -0.29659036 -0.06761925 -0.06553567
CAN -0.08379775 0.10757905 0.096539915 0.054814205 -0.0232471 -0.030902965 0.089798376 -0.10752644 -0.12063211 0.10679075 0.04993405 -0.07176866 -0.072232075 0.08443408 0.0042633703 0.025023496 -0.13214612 -0.064439684 -0.08083339 0.121021464 0.10920365 0.38121837 -0.12029964 -0.09794168 -0.17345177 0.31902722 -0.022061838 0.29141954 0.058403477 -0.30806878 0.031610597 -0.05087648 -0.19947767 -0.14800884 -0.1947096 0.082372636 0.06498268 0.07856804 0.040349834 0.04232097 -0.14495285 0.14299555 0.07904035 -0.07989809 0.16110821 0.27903327 -0.15276818 0.19836389 -0.036637478 0.12464938 0.055034585 0.14066017 0.07232479 0.049968123 -0.064988874 0.013795864 0.3530443 -0.14111592 -0.21285136 -0.0012146552 -0.11045956 -0.07271341 -0.062333435 -0.05465579 0.25417227 -0.09217793 -0.018822737 0.116411 -0.09156543 -0.025574986 -0.10482207 0.057649843 -0.30112517 -0.09500691 0.116857864 -0.20747016 -0.06491498 -0.04200762 -0.082922935 0.093367934 -0.14647122 0.017161379 0.11391788 0.0703954 0.055474516 0.08324483 -0.0137286335 -0.0033273802 -0.08570105 0.14674741 0.21104795 -0.009036416 0.10182928 -0.031355143 0.063064694 0.20933394 -0.079596914 -0.10405642 0.02101467 0.023531359 -0.19168791 -0.10306657 0.003058957 0.21965642 0.09165332 -0.2217935 -0.08763646 -0.038751725 -0.10971532 -0.026554504 0.12393939 -0.15082885 0.1268947 -0.06499967 0.029304495 -0.1006661 0.0032066074 -0.06957822 0.19687775 -0.25091094 0.008432185 0.051230762 0.062904604 0.12863036 -0.080477946 -0.2240249 -0.057801105 0.16016348
GHA -0.31542856 0.03757198 0.0939233 0.18700506 0.09028895 -0.08048914 0.034608085 0.042384166 -0.119979106 0.1289391 0.31497636 0.003956697 -0.2622678 -0.012487049 0.2077949 -0.019557258 0.114094585 -0.029320925 0.039150175 0.0925991 0.10736154 0.15236844 -0.3034966 -0.11882179 -0.2087167 0.14920586 -0.15363383 0.24811745 0.23201315 -0.20310114 0.03745886 -0.07470431 -0.22367354 -0.1971088 0.006375966 0.102737986 0.020787826 0.10071277 -0.016084932 0.08320791 -0.013248678 0.24455015 0.10628822 0.024315182 0.07611638 0.004990322 -0.018867461 0.13211039 0.029097037 0.061475817 0.16439566 0.20088997 0.0041494407 -0.0817795 0.03759145 0.01291316 0.02663365 -0.07491762 -0.019112485 -0.023926765 -0.05713336 0.01041231 0.26094267 -0.035239298 0.30417672 0.054067876 0.093797274 0.050721135 0.16646136 0.0034875325 -0.069015846 -0.12597664 -0.35567906 -0.18999097 -0.0037135957 -0.17198706 0.14134823 0.06725781 -0.10232142 0.20882533 -0.009417893 -0.10403547 0.107409455 0.3146595 0.1534358 -0.21253695 0.114576004 -0.19190367 0.12557185 0.06874671 0.14485927 0.11852555 0.022616195 -0.07482931 0.1600845 0.12923864 0.032038923 -0.19746009 0.08816679 -0.18772757 -0.16887727 -0.06694497 -0.11406335 0.028663563 -0.021951161 0.06836982 -0.008902355 -0.17422563 -0.13728331 0.026040139 0.35313645 -0.115710355 -0.0503674 -0.099336125 -0.08301513 -0.055104204 0.22019257 -0.24870929 0.35388073 0.061038937 -0.077027366 0.11577309 0.030566113 -0.14167295 -0.024851877 -0.37796378 -0.004547326 -0.11226872
LVA -0.10949354 -0.3150073 0.09518019 0.2930867 0.21575356 0.103882276 -0.16459051 0.07821111 -0.15673357 -0.14396828 0.03925019 0.0882723 -0.2438248 -0.1016195 0.38061103 0.24640512 0.17693383 -0.13245083 -0.024678398 0.0028671566 -0.23626687 0.13436176 0.053557947 -0.2536138 -0.17885521 0.0020273859 -0.0048870146 -0.09290405 -0.04823725 0.25937727 -0.0057839705 0.10913604 -0.25148746 -0.21410292 -0.1906715 0.43175188 0.1687671 0.0068909875 -0.20460863 0.017742876 -0.11856737 0.1140074 0.07437418 0.21882649 0.28022477 0.21038795 -0.22106707 -0.10455296 0.08498245 -0.072159074 0.07912104 0.010144887 0.13230626 0.2349834 0.2953935 0.12901267 0.06861028 0.2544962 -0.09526919 0.21120782 -0.12449808 0.025754917 0.10175892 0.014574266 0.1917427 0.07434107 -0.11151341 0.09450759 -0.09502817 -0.15270296 0.13656601 -0.34138846 -0.099651806 -0.33819154 0.03875036 0.04519335 0.01709436 0.1108569 -0.04103495 0.09812601 -0.1837988 0.14256902 -0.23203298 0.17514138 0.33691624 0.1551781 0.12008909 0.048400693 0.09464465 0.17513703 -0.14789553 0.19818483 0.09372503 0.06308787 0.33100215 0.069825105 0.20346574 0.008579874 0.17083536 -0.21786743 -0.39109018 0.101152495 -0.18245767 -0.029319044 -0.056465358 -0.25283736 -0.01565205 -0.028299548 0.00068631995 -0.4330571 0.002358885 -0.33918062 -0.2554856 0.11545401 -0.19371901 -0.039192967 -0.16378193 -0.21153453 0.18255125 0.05902066 -0.10441027 -0.2255452 -0.0720678 -0.1915598 -0.15111454 -0.017114932 -0.075983144 0.13456786
THA -0.09457779 0.000344758 -0.01911375 0.051000994 0.11624646 0.12268658 0.13442583 -0.06892105 -0.0017557681 0.060869884 0.049882606 -0.009574637 0.020188913 -0.1598067 0.064147525 0.21967372 -0.0075536985 -0.23023486 -0.23493092 0.07514283 0.04969223 0.2793467 0.0038361726 -0.13422984 -0.23631257 0.26294196 -0.1007288 0.12853256 0.15357658 -0.05123053 -0.12831375 -0.0075479397 -0.15866181 -0.08591787 -0.034863908 0.12228066 0.16969568 0.019759303 -0.030997708 -0.09830402 -0.12578382 0.10331272 0.060092695 0.11776632 0.08480601 0.23055989 -0.11855666 -0.007693852 -0.083021075 -0.012175252 0.019508615 0.09073106 0.11401415 0.18841103 0.043639295 -0.10938108 0.3854454 0.08522465 -0.2325088 -0.07622824 -0.10708695 -0.09324896 0.09978359 -0.1355791 0.31468427 -0.15813304 -0.16686532 0.10540062 0.014523469 0.002798149 -0.24619852 -0.02204756 -0.2954195 -0.1255515 0.0030119987 -0.18471076 0.09558468 0.066338144 -0.015430322 0.1378668 -0.09847449 -0.0006730753 0.09520979 0.16739649 0.28394526 0.0632433 -0.058943197 0.06208769 -0.0068542114 0.13548088 0.07332987 -0.0588397 0.36964333 -0.061168026 0.108724296 -0.005652215 0.069604754 0.017042978 -0.006374992 0.047496513 0.03497831 -0.06076087 -0.13244322 0.20268658 -0.029865019 -0.19205509 -0.17458805 0.004781085 0.04420653 -0.22313868 0.05118095 -0.18148904 0.08705509 0.07255234 0.034358986 -0.103907876 0.12058544 0.042651266 0.19087087 -0.21258177 -0.099449694 -0.16841397 0.06591844 0.09585852 -0.19118369 -0.15179598 -0.07896005 -0.06601364
PAN -0.068815686 0.08323619 -0.08636706 0.21094903 0.0836606 0.02301924 -0.20688847 -0.111087605 -0.17404118 0.13993259 0.22274521 -0.040627062 -0.44010618 -0.05825548 -0.107265055 0.1450355 -0.0027272287 -0.08111435 -0.18819666 0.055141974 -0.21911371 0.32025185 0.0013403667 0.09129565 0.03343173 0.18058287 0.10458346 0.083877854 0.0013284334 -0.17037445 -0.09376134 -0.16731748 0.086265266 -0.17694043 -0.09741471 0.2886764 0.1066872 0.13421272 -0.09024841 -0.07117508 -0.3421141 0.18378924 0.19842935 -0.06577053 0.015877595 -0.022643548 -0.1254011 0.1420984 -0.23896424 0.063346095 0.05280919 -0.058327142 0.22368449 -0.038337074 0.02978561 -0.045010924 0.21691152 -0.050742235 -0.11747711 -0.09091976 -0.28748384 0.08363539 0.12714784 -0.23248732 0.15950093 -0.22206098 0.18721996 0.016790746 -0.09090238 0.068297975 0.09801963 0.0705813 -0.2416701 -0.2092823 -0.026407383 -0.16039358 -0.1877688 0.028391663 -0.1911218 0.22672468 -0.05782059 -0.30489174 0.06367042 0.30840638 0.065530755 -0.0035638802 -0.0017634482 -0.15224436 0.04686579 0.19280182 0.29126245 0.0173832 0.39849478 0.11352694 0.3828926 0.090342775 -0.10955338 -0.010194582 -0.055221964 -0.38404214 0.019862093 -0.14507465 -0.1195518 0.3477611 0.103440456 -0.25071892 0.18973307 0.04094443 -0.25557622 -0.19224267 0.28330296 -0.38890338 0.12975729 -0.0688347 -0.09775382 -0.32534382 0.14522235 -0.015876612 0.045113422 0.078906484 0.039572757 -0.017897077 -0.16479187 -0.107453056 0.028851872 -0.03210811 -0.049134128 -0.14498216
PRY -0.13854109 -0.20512654 0.02016089 0.17445053 0.11177536 0.29974237 -0.2064333 -0.23310485 -0.049759723 0.058719784 0.16736215 -0.19832532 -0.37976265 0.028679537 -0.09793019 0.34993687 -0.26600054 -0.113926835 -0.10139578 -0.032420456 -0.21012303 0.44223255 -0.16684102 -0.09701381 0.034631103 0.18462352 0.057375923 0.26475453 -0.079697184 -0.03493544 0.06542783 -0.163405 -0.2595324 -0.19486481 0.059535265 0.15839353 -0.013879974 0.048267964 -0.15230095 -0.108666144 -0.49743095 0.17837659 0.19178969 -0.11577419 0.26299164 -0.02465709 -0.10145435 -0.0043274174 -0.4265759 0.17672957 0.10194148 -0.12206298 0.36758113 0.035340197 0.09886851 0.14740594 0.4945313 -0.02674853 -0.06567305 0.04725537 -0.23772989 0.16737589 0.04696765 -0.25308937 0.0652308 -0.016760621 -0.014544472 0.18610868 -0.09448909 0.15188661 0.011879676 0.046190523 -0.14686184 0.01173835 -0.08969913 -0.33208635 -0.08112163 0.05910813 -0.0979765 -0.1300339 0.034020275 -0.4532468 0.07159663 0.22474793 0.3365156 0.049946543 0.22324146 -0.025567947 -0.014016077 -0.0020042295 0.21866629 0.042389933 0.47636157 0.09079868 0.29701036 -0.015226927 0.031827472 0.009778592 -0.17394784 -0.35429102 0.21619137 -0.18852772 -0.2769236 0.4021134 -0.05349939 -0.32130653 0.031214943 -0.090897135 -0.32711816 -0.15093409 0.39599425 -0.37789565 0.1289361 -0.15023255 -0.0907536 -0.22702153 0.30207416 0.13685824 0.100452855 -0.14752805 -0.039688483 -0.1647609 -0.2576436 0.04371428 -0.177235 -0.22858381 0.035926145 -0.08469147
WSM -0.05410106 -0.30111927 0.06881999 0.28644514 0.31707534 0.13348 -0.070902206 -0.0750517 -0.10991402 0.2869309 0.5452775 0.05027847 -0.122629106 -0.44610628 0.07127539 0.41397324 0.050215945 -0.003160035 -0.1784095 0.1554638 -0.23446192 0.18341768 0.27468356 -0.20690018 0.14418593 0.10100798 -0.07750382 -0.16788971 0.17045191 0.017459786 -0.26018247 0.16711845 -0.06197441 0.11685788 -0.1353837 0.15072131 0.39275345 -0.04208935 -0.28451735 -0.106653936 -0.52158916 0.29184934 0.2945861 0.09022222 0.12154908 0.112427585 -0.38792098 -0.15304157 -0.48306563 0.036925696 -0.09726159 -0.19322684 0.15976158 0.049197435 0.18592535 0.18898185 0.34061214 0.06210462 0.13572858 -0.3359851 0.13430212 -0.029399658 0.33705088 -0.41307828 0.26426497 -0.12299694 -0.29463238 0.11586538 0.13725033 0.16037862 -0.056774616 -0.05174401 -0.11260197 -0.04614668 -0.17351386 -0.2506938 -0.043572813 0.11789853 0.04324159 -0.036968634 0.17435446 -0.30580834 -0.043443736 0.2566333 0.5113066 0.1113745 0.11607701 0.10843285 0.32980797 0.14005236 -0.14462766 -0.01923579 0.45350316 0.11558868 0.36401188 -0.023705043 0.013618332 0.1394238 0.1279785 -0.15886183 0.29111063 -0.21340637 -0.33580917 0.37707835 -0.022190297 -0.105738446 -0.17166507 0.06353676 -0.015033757 -0.66221976 0.33938503 -0.4458428 0.22795576 -0.013477316 0.30695873 -0.16495404 0.21221766 0.10252986 0.13966906 -0.1900511 -0.19935226 -0.32144928 -0.26558256 0.14671202 -0.21469387 0.0010408706 -0.19173707 -0.21716422
KEN 0.009928212 -0.19504362 -0.05978159 0.24572515 0.23106235 0.18088958 0.24950866 -0.001660457 -0.021888172 0.007450073 -0.15394416 -0.09154895 -0.21008068 0.00430764 -0.03678833 0.32167098 0.005441632 -0.21755686 -0.15835184 0.06262825 -0.05729395 0.34520045 0.12726079 -0.5363867 -0.5093997 0.2629899 -0.22087291 0.29157618 -0.20265028 -0.14737287 -0.074390784 0.10726565 -0.35237044 -0.18000086 -0.08829142 0.15271574 0.15850459 -0.39542684 -0.15315056 -0.067860976 0.051515322 -0.13736369 0.16615418 0.027382532 0.13725872 0.3105879 0.02590005 -0.11007659 0.09136115 0.11644574 -0.06791238 0.12786014 0.26413262 0.30074877 0.19966461 -0.27692285 0.51186806 0.06579795 -0.33528122 0.19353722 -0.13665259 -0.2216354 -0.031429466 0.17407101 0.01581597 -0.11993112 -0.05222135 0.18262556 -0.13313983 -0.003251837 -0.36276215 -0.14539957 -0.4559471 -0.3477863 0.19824572 -0.3468571 0.25834832 -0.014839437 0.014792305 -0.029215122 -0.16186763 0.04408366 0.19779356 0.12600604 0.35605353 0.28911096 0.26536834 0.058740687 0.09565625 0.34709778 -0.042674307 0.06928495 0.42830595 -0.0873458 0.097173356 -0.13403447 0.272316 -0.22275749 0.053332984 0.11030793 -0.0658317 -0.13818505 -0.21135017 -0.17172247 -0.15067607 -0.08307077 -0.49326468 0.112660214 -0.005387613 -0.21834393 -0.114890665 -0.16931689 0.0058201933 0.09962767 -0.32671165 -0.109092124 0.13183105 -0.18109363 0.12241165 -0.13727114 -0.06682112 -0.06107222 0.24989276 0.083599016 -0.22253898 -0.20365733 -0.018591266 0.07554989
AUT -0.08061196 -0.16588342 0.100646906 0.04593223 -0.06695184 0.06833193 -0.33945715 0.11771125 0.06995266 0.20765233 0.33353353 0.16016659 -0.39108068 -0.01997199 -0.017174503 0.08917113 0.10145708 -0.006131356 -0.07857886 0.084009804 -0.19434611 0.25850847 -0.15198688 -0.40000996 -0.23094335 0.08974829 -0.2346484 -0.04306957 0.10127512 -0.04250043 -0.20745696 0.09765303 -0.24153465 -0.14091946 0.16292836 0.30183965 0.01176481 -0.12466615 0.012405053 -0.058069203 0.087881394 0.09390635 0.18480606 -0.10487284 -0.033689044 -0.032775555 0.13300502 -0.120633766 -0.42776152 -0.065757595 0.14619306 -0.06617035 0.0403641 -0.21687807 0.2398212 -0.11788862 -0.087016694 0.124689974 0.10423343 0.029454255 -0.06389189 0.055926837 0.0048352163 -0.11676996 0.16849533 -0.07798907 0.12961957 0.24480177 0.09962863 0.1345712 -0.15754457 -0.28839526 -0.41518208 -0.24309994 0.21650276 -0.060091566 0.11940873 0.049005706 -0.23277505 0.02558989 -0.24468914 -0.23769353 0.010390436 0.41831043 0.26107755 0.06111377 0.2090137 -0.28960183 0.26007232 0.27004403 -0.06754084 0.2967719 0.26346853 -0.018446222 0.5393947 0.1564579 0.097995326 -0.19988689 0.25079745 -0.3411324 0.021860272 0.018547412 -0.14276214 -0.12213804 -0.06956699 -0.12601747 -0.02988213 -0.0681084 -0.14154546 -0.2384211 0.033304956 -0.23510982 0.18239596 0.0033234004 0.0031652667 -0.057651397 -0.032121927 -0.04473332 0.020209897 0.10785997 0.09524529 0.11377353 -0.20793736 -0.21895808 0.0034444993 -0.023134027 0.15137514 -0.26122206
PHL -0.19493839 -0.06512535 0.071676046 0.032494586 0.074726954 0.24172823 0.026489673 0.069023676 0.06691678 0.048709054 -0.06598857 -0.060538292 0.0062784525 -0.039794672 0.03605307 0.105017014 -0.18311061 -0.038319487 -0.31006593 -0.044744454 0.017354932 0.2093628 -0.014078186 -0.07668922 -0.23007911 0.15177025 0.0350578 0.08497908 0.24545492 -0.022600448 -0.110214025 0.081739694 -0.4406945 -0.1407249 -0.1159099 0.13952814 0.1334057 0.17160608 0.016867857 -0.29963845 -0.012583119 0.25079936 0.014818162 0.05083566 0.09414915 0.2594845 -0.12063604 -0.13772328 -0.04456003 -0.08703804 0.0011375705 0.15886235 0.010108842 0.099031225 0.03668558 0.016643152 0.30768105 0.025834758 -0.19822143 -0.05136203 -0.013217017 -0.06035176 0.12804924 -0.0010565884 0.18369696 -0.062841445 -0.20337786 0.13247432 0.065767504 -0.0999019 -0.33954874 0.052619044 -0.35988668 -0.065058984 0.08301268 -0.22307462 0.08049387 -0.020317966 0.0071673924 0.17792511 -0.013247404 0.020313827 0.03046969 0.086631924 0.30890587 0.11623406 -0.027390737 0.18073225 -0.08820884 0.1951699 0.10497951 -0.044843648 0.2517508 -0.23177838 0.21960035 -0.04702948 -0.06023958 -0.09985683 -0.094617866 0.1253906 -0.2108412 -0.046361484 -0.16978136 0.061255213 0.06827601 -0.29976815 -0.2344702 -0.084653676 0.0376583 -0.1778722 0.20505796 -0.38376126 0.07980458 0.07516649 0.044903465 0.017279563 0.03620181 -0.111493915 0.326149 -0.18574956 -0.056893993 -0.008545216 0.08884321 0.11669076 -0.058928967 -0.36430487 -0.09148609 -0.03708317
DNK -0.011812115 -0.080513485 0.069564864 0.24816212 0.13251059 -0.14452143 -0.06900664 -0.067782156 -0.12097669 0.011708325 0.058356892 0.12745996 -0.27802444 0.121317275 0.26456273 0.27252984 -0.31802672 -0.08893727 -0.33928266 0.26941422 -0.050273757 0.17991519 -0.03852976 -0.1313351 -0.18557401 0.22719021 -0.1615869 0.20127037 0.13814847 0.064180866 0.014981034 -0.021673318 0.15900816 -0.0060534854 -0.1847483 0.32034582 0.043619327 0.039756283 0.042003613 0.10508708 -0.33803734 0.32055417 0.10481726 -0.04205846 0.056513365 0.1517052 -0.2767354 0.0110155055 0.14540647 -0.058466773 0.14720544 0.113452435 -0.018538678 0.15966024 -0.06072771 0.23477343 0.25626087 0.065174095 -0.11022057 -0.03404778 -0.18162036 0.021400986 -0.0755315 -0.18849504 0.23565762 0.23700298 0.08537387 -0.08599272 -0.29218274 -0.09497632 -0.042781495 -0.1727356 -0.15361542 -0.10599169 0.23425451 -0.054832123 0.05206713 0.080708295 -0.22535154 0.1753813 -0.07218857 -0.03270422 -0.11226902 0.22018443 0.0152533045 -0.029476956 0.060305342 -0.08468624 -0.00967246 0.13151687 0.00050013006 0.24085179 0.125749 0.04745117 0.23449646 0.085795105 -0.15257859 0.12766555 0.10134125 -0.09959255 -0.34918472 0.0093097985 0.043024775 0.15233304 -0.21669662 -0.15261868 0.15820462 0.14572568 -0.10631602 -0.13799348 -0.037866563 -0.08860003 -0.24720864 -0.00783968 -0.064826675 -0.09711254 -0.10836643 -0.17339744 0.07001232 -0.06307253 0.029704738 -0.044235587 -0.052007757 0.12264026 -0.048485555 -0.11335615 -0.041081723 0.043378092
GTM -0.04129506 -0.26197895 -0.18066154 -0.032075815 0.30462703 -0.19427547 0.00019920722 0.04184637 -0.07082335 0.019893153 0.4399092 0.058236953 -0.34310472 -0.07913948 -0.03548604 0.07680213 0.093385845 -0.106358506 -0.62591165 0.2037478 -0.13589936 0.098687015 0.028120564 -0.06471134 -0.041504707 0.5232372 -0.23315665 0.1493476 0.15881713 -0.37820294 -0.0822629 -0.015311992 0.16616096 -0.11738771 -0.29640037 0.15668942 0.24990503 -0.0433804 0.0025950894 -0.09655394 -0.30038163 0.5330435 0.060002547 0.11305913 0.2344289 0.00016627819 -0.15078606 -0.0116683915 0.09159261 -0.113025144 0.054856528 0.27196977 -0.17954034 0.15755382 -0.45478255 -0.3034003 0.1960589 0.06673717 0.01605079 -0.024458626 -0.14285114 0.012036914 0.029527644 0.08602509 0.37224507 0.0107373 -0.017383084 -0.0716605 0.09487488 -0.09871563 -0.14213581 -0.26236016 -0.2378727 -0.4431522 0.28336957 -0.12421409 0.12403599 -0.0061444878 -0.12086547 0.15414159 -0.11447699 -0.23216721 0.24742365 0.18198466 -0.07647025 0.21592204 0.12153966 -0.24373765 -0.24443197 0.21512917 0.02974253 0.032687917 0.27039102 -0.21708408 0.137 0.37907448 0.026944943 -0.24434485 0.0052796975 -0.2155025 -0.004306408 -0.109738186 -0.06801187 0.17867245 -0.26360446 -0.13427575 0.03437289 0.119980976 0.27351215 -0.325719 -0.014200219 -0.119139895 -0.16639718 0.012765404 -0.12655364 -0.12094919 0.20912157 -0.04686467 -0.09181675 0.16074795 -0.07759259 0.056180775 0.09882093 -0.14363985 0.2373473 0.17976528 -0.031189866 -0.18678321
BIH 0.23043312 -0.25309524 0.18534987 0.23086502 0.29590258 -0.062309988 -0.2671314 0.12852074 -0.059164353 -0.14882174 0.01713081 0.073441215 -0.05363194 -0.07691873 0.25956398 0.18135542 -0.048625473 -0.04966471 0.034570307 0.07675503 -0.05590817 0.24160747 -0.0024805735 -0.38660377 -0.1396854 0.087519415 -0.23147248 0.10878591 0.18203293 0.21506764 -0.18111524 0.11954727 -0.057221517 -0.21807215 -0.0034020625 0.3926303 0.17994775 -0.08532502 0.07155413 0.032746855 0.0033054887 0.08276725 0.15989354 0.035738908 0.15381618 0.16857103 -0.21208528 -0.23011842 -0.03904707 -0.030476868 0.23150384 -0.06328514 0.01005115 -0.12268344 0.3565437 -0.10143379 -0.0523017 0.26560843 -0.15556428 -0.14111143 -0.022925144 -0.20691824 -0.013030028 0.0484605 -0.030012513 -0.0133103095 0.13728769 0.23752232 0.10132804 -0.09882109 0.02943546 -0.30067784 -0.37795472 -0.109247975 0.09524116 -0.2381809 0.021707254 -0.08912308 -0.13935497 0.24007137 -0.26039118 0.045930415 -0.0442765 0.22379749 0.29750428 -0.0085910065 0.2817633 -0.05829315 0.29280525 0.16590081 -0.17777804 0.30829728 0.1402935 0.038822163 0.61286557 0.051236898 0.22824119 -0.23687924 0.11636827 -0.24334566 -0.33366856 0.23327231 -0.17590298 -0.11310099 -0.013248269 -0.27755085 -0.1392908 0.08483071 0.1378597 -0.16557673 0.12650205 -0.20892969 -0.21555783 0.017379168 -0.043904245 0.11609284 0.020392025 -0.060352303 0.12173826 0.3243339 -0.056738216 -0.013606991 -0.034826122 -0.31934357 -0.1132856 -0.17793842 -0.14016451 0.095738724
BGR -0.1837814 -0.16466936 0.11880812 0.03710879 -0.00075866026 0.037101228 -0.044457097 0.07012119 -0.024522675 0.10119513 0.07951126 0.036715955 -0.13415493 0.09363998 0.13787033 0.1615515 -0.20138057 0.09145739 -0.11252234 0.021728966 -0.033497848 0.13019438 -0.11498415 -0.18338503 -0.23450494 0.0977693 -0.12604497 0.06883763 0.2256594 0.057554513 -0.09629861 0.087519124 -0.276814 -0.1362249 -0.066351704 0.14095767 0.05087061 0.09584027 0.006058168 -0.22925693 -0.11545914 0.3641276 0.1067706 -0.04113071 0.09271532 0.107220456 -0.20123528 -0.20044278 0.06543846 -0.11836393 0.15029812 0.037820734 -0.100062415 0.11599409 0.15432195 0.02958879 0.12729837 0.06018824 -0.042938937 0.01379524 -0.029906148 -0.1114146 0.025516706 -0.09220661 0.03883352 0.14846905 -0.13243873 0.054464072 -0.05502296 -0.10211706 -0.123477906 -0.1545406 -0.34262657 -0.12707826 0.20149772 -0.08715396 0.032661982 0.047604177 -0.020068899 0.083384134 0.006339609 -0.043579847 0.051051185 0.23025832 0.25584787 0.024840001 0.044718586 0.08078719 0.10155253 0.15098149 -0.10113486 0.22851887 0.06621807 -0.07836026 0.33909214 -0.06427681 0.039144967 -0.0011505338 0.013225632 0.0013616076 -0.22142524 0.0932388 -0.124135435 -0.002340057 -0.0004480685 -0.02312935 -0.06466892 -0.0012480748 -0.0008800691 -0.16513856 0.19336966 -0.10036472 0.011734453 0.008607103 -0.024136549 0.0038227052 -0.013336203 -0.26731667 0.27456608 0.008809465 -0.02711779 0.07639539 0.0102042705 0.09111924 0.0050983448 -0.3198081 -0.09122135 -0.09906409
COD 0.02532292 -0.061781727 0.08635389 0.19590938 0.24208862 0.05729209 0.26116568 -0.031269696 0.0053650304 -0.019803151 -0.12451074 -0.11808391 -0.17352614 -0.04167867 -0.05898586 0.20158388 0.10645047 -0.29590783 -0.124687396 0.010360275 -0.06880269 0.24438682 0.16333748 -0.5949616 -0.51368237 0.3030045 -0.2246595 0.29915065 -0.15398589 -0.17256239 0.041291196 0.16001832 -0.21606496 -0.066659175 -0.17639475 0.096366204 0.19854411 -0.13125968 -0.22375153 0.022317948 0.18980712 -0.18047968 0.16198885 0.046980362 0.0021149016 0.22386777 0.1043349 -0.15311654 0.19197324 0.04118118 -0.10808615 0.12965065 0.21479513 0.31490216 0.113955684 -0.14850125 0.48744372 0.00681328 -0.36162248 0.1646861 -0.07027288 -0.16594689 0.09688914 0.28753725 0.07557469 -0.20617883 0.03745821 0.012251379 -0.13166092 -0.03656997 -0.29283488 -0.118347526 -0.43558282 -0.2585417 0.1651368 -0.24835975 0.28062832 0.002941066 -0.07123814 0.023102297 -0.16302249 0.17242312 0.08138166 0.12694483 0.16339134 0.32803857 0.06713334 -0.021918084 -0.012538407 0.40297017 -0.07495492 0.040893905 0.30578014 -0.06789014 0.04473449 -0.18872517 0.13237685 -0.27689257 0.050735034 0.22583298 -0.25559586 -0.1634625 -0.11647754 -0.19940598 0.026903424 -0.11649205 -0.41378865 0.049958527 0.033420544 -0.17697677 -0.17300001 -0.29690576 0.041288756 0.11398514 -0.28092703 -0.032544725 0.05367362 -0.22842273 0.26773056 -0.1307831 -0.036151435 -0.0006368258 0.24237967 0.05695915 -0.26362538 -0.22721207 -0.14464857 0.15376602
HUN 0.020091005 -0.24493632 0.2663447 -0.026942253 0.055383902 -0.12536414 -0.016622424 -0.02075299 0.016539685 0.05782383 0.222599 0.067459635 -0.2737793 0.10800571 0.08012207 0.1949205 -0.10823675 0.064412184 0.1663584 0.07271254 -0.08365673 0.2364805 -0.16321428 -0.41811988 -0.20959875 0.25239637 -0.3639992 0.1451098 0.13788018 0.024026252 -0.019263754 0.13738027 -0.113737956 -0.19464175 0.054789815 -0.0070038214 0.082057275 0.028659075 0.040209353 -0.1319954 -0.062007315 0.3499753 0.15571634 -0.10462813 0.12053945 -0.025796544 -0.19555801 -0.19776128 0.11677184 -0.035345476 0.2906616 -0.040707782 -0.1445718 0.014460078 0.18437298 -0.106911935 0.082239985 0.12780796 0.0012469734 -0.038451355 -0.05739798 -0.17878363 -0.0014562787 0.012559053 -0.033630922 0.102441445 0.019491399 0.07453138 0.004711517 -0.036391024 -0.014788064 -0.30431184 -0.42150494 -0.13600111 0.19190896 -0.06133526 0.047782697 -0.012004833 -0.072795786 0.02528809 -0.04476113 -0.10404079 0.0903148 0.29047343 0.18102321 0.036543038 0.1177156 -0.08611181 0.116780885 0.19457759 -0.25276414 0.32984498 0.035939496 -0.06292444 0.36196372 0.030364158 0.2067253 -0.08888751 0.12622705 -0.16281378 -0.120182246 0.17523047 -0.12115422 0.024204269 0.09412649 0.044257224 -0.08283266 0.026257355 0.0844139 -0.06683272 0.16177721 0.025371494 0.015167979 -0.17085418 -0.102643095 0.025352675 0.081317954 -0.20317757 0.24867123 0.23879941 -0.027868506 0.18123686 -0.016391642 -0.11811691 -0.039137356 -0.18293399 -0.093420036 -0.04681886
GRC -0.08369403 -0.11518215 0.1909639 0.023863545 -0.12146341 0.18272313 -0.26008487 0.054060128 0.17916946 0.2552627 0.21766491 0.09117244 -0.29088244 0.016445963 -0.0126291355 0.10036872 0.022728529 0.046260703 -0.04144051 -0.05833609 -0.10753716 0.3117327 -0.12041459 -0.44551167 -0.23555526 0.061966825 -0.19067281 -0.014764497 0.2741596 -0.05693913 -0.0958691 0.116081715 -0.45145106 -0.06780822 0.13294129 0.23052299 0.08574179 0.042160694 0.079901814 -0.14340828 0.14582017 0.052906886 0.16994369 -0.16820396 0.016823096 0.052885752 0.0063796807 -0.20401973 -0.3120557 -0.05856228 0.13835467 -0.05096794 -0.021783086 -0.20325318 0.24657589 0.0330528 0.02752918 0.06974708 -0.006939772 -0.050674975 0.030169522 -0.039397825 0.0671104 -0.098154105 0.13762708 -0.077929676 0.00766715 0.26744515 0.14705652 0.069678046 -0.26568645 -0.14571145 -0.4582811 -0.013442644 0.16698244 -0.13215625 0.18995643 0.05321208 -0.124547906 0.070694074 -0.14174888 -0.09213127 -0.048815235 0.3031291 0.3560221 0.0444416 0.10407954 -0.115980014 0.21542653 0.2880327 -0.073425695 0.24904674 0.1850711 -0.09379833 0.5913414 0.060740612 0.08422529 -0.23658991 0.18699375 -0.11622077 -0.02648362 0.02875736 -0.12765631 -0.08665124 -0.00941605 -0.14529921 -0.12673432 -0.13353471 -0.11396225 -0.116092645 0.10342712 -0.30354798 0.19343723 0.0474984 0.14576687 0.0975571 -0.047423426 -0.015589884 0.20479609 -0.022756198 0.07746656 0.2090287 -0.124441415 -0.17376982 -0.009460883 -0.22129554 0.053091034 -0.20113508
ZMB -0.0977239 0.020612253 0.26113793 -0.097235404 0.23357795 -0.1596512 0.22136167 -0.23463395 0.15839465 -0.0012817626 0.2870182 -0.078870445 -0.03427349 -0.18378754 0.008714004 0.13239928 -0.018391768 -0.33195758 -0.086558715 0.21848616 -0.14816028 0.13761677 0.04334077 -0.4863458 -0.2736707 0.48698267 -0.06377436 0.21521065 0.0051527726 -0.17989895 -0.06700418 0.19065844 -0.15678696 -0.14489143 -0.20873296 -0.068628736 0.09916223 0.30138233 -0.3677178 -0.11819459 0.06534004 0.24167791 0.059344076 0.08602072 -0.06621376 0.11312092 0.031288803 -0.14106959 0.05321766 -0.14174467 -0.1170206 0.16681823 0.010538396 0.13534509 -0.021462115 0.055320702 0.44107136 -0.018932639 -0.26712686 -0.10462949 0.12175705 0.119674064 0.15877725 -0.016387202 0.25736642 -0.23648733 -0.078556396 0.021749957 0.014127927 -0.055789582 -0.019068297 -0.1820729 -0.45171395 -0.19920556 0.12788865 -0.06730209 0.09244242 -0.027603889 -0.16366552 -0.020684129 -0.22457486 0.048810787 -0.021426449 0.017364856 0.02198107 0.327691 -0.31427267 -0.053842247 -0.259037 0.3739651 -0.029176231 -0.052778717 0.057491906 -0.1453409 -0.10508446 0.09300794 -0.23347059 -0.023618892 0.058364928 0.25182882 -0.24669394 -0.08780614 -0.085221246 0.12677811 0.4224607 -0.24340035 -0.25495714 -0.26612386 0.05512728 -0.27221534 -0.06756507 -0.3026062 0.21091567 -0.10913058 0.09227636 0.07671846 -0.10933891 -0.30827862 0.42974868 -0.18989617 -0.14725618 0.03389012 -0.097208716 0.063586615 -0.08117816 -0.14450786 -0.31695372 0.1864082
JPN -0.26216438 -0.043771386 0.06770848 0.0032098903 0.02535499 0.084976435 0.14702576 0.14515473 -0.028767077 0.12323245 -0.036079414 -0.04846023 0.12516716 -0.044414014 0.006208657 0.068990186 -0.15989156 0.012828591 -0.22487319 0.179446 0.103204966 0.19503379 -0.102316424 -0.1611143 -0.34231612 0.14313953 -0.09333884 0.08529766 0.1800134 -0.10078522 -0.19083737 0.13894874 -0.3838638 -0.13454919 -0.08474481 0.02099461 0.05168538 0.025253275 0.0324071 -0.27080503 0.041559838 0.23861086 -0.107943535 0.06521686 0.08584267 0.2981493 -0.10022111 0.00192301 -0.104711615 -0.06777342 0.08040932 0.14246935 -0.017171102 0.16387449 0.105850376 -0.10187918 0.22715075 0.037997957 -0.17943847 0.057439446 -0.026175983 -0.095018 -0.023026984 0.015416654 0.21889901 -0.05382743 -0.3391232 0.26781368 -0.027215268 -0.06304669 -0.27588323 -0.015104614 -0.36627975 -0.21379799 0.1230873 -0.2580458 -0.08559361 -0.05437636 -0.022434127 0.16056727 -0.16230553 -0.037756927 0.11673335 0.17201313 0.33409655 0.14022562 -0.008450285 0.18249555 0.01603954 0.16661848 0.05492937 0.03548307 0.17353326 -0.2314746 0.14498897 -0.01135894 0.033690646 -0.08415123 -0.10323163 0.08136804 -0.12424261 -0.017125327 -0.038351618 -0.033382855 0.09234059 -0.17006834 -0.19291501 -0.09456057 0.06004295 -0.20193116 0.23258832 -0.09134236 0.10591271 0.05577349 -0.019163078 -0.10109286 0.010146798 -0.20918481 0.3180803 -0.19020255 -0.07435997 -0.0837965 0.13389693 0.24367625 -0.16241504 -0.27459472 -0.048016384 -0.027093446
CYP -0.070798196 -0.024110865 0.05515737 0.19406462 -0.011092845 -0.17745812 0.041963022 -0.09967733 -0.06456246 0.08846676 0.117243275 0.05029645 -0.35393646 0.2737115 0.01005255 0.30601904 -0.5101908 0.10334529 -0.28799295 0.34046125 0.049274676 0.26116616 -0.07163139 -0.31151852 -0.02302977 0.3022301 -0.19271472 0.4110376 0.036004573 -0.17407377 0.10467786 0.022341868 0.16070312 0.08128709 -0.05244647 0.046329856 -0.0025309217 -0.058853265 0.07515846 -0.0070745763 -0.4022495 0.2900955 0.14096464 -0.3267468 0.15756986 -0.014046615 -0.15202972 0.21423171 0.024526 0.14553678 0.14866874 0.020643938 0.002265294 0.10400679 -0.1434845 0.1288963 0.25206462 -0.09424157 -0.06250188 0.19089417 -0.24659188 0.058802374 -0.2520338 -0.13770756 -0.028772105 0.2161944 0.10057971 0.074954815 -0.3859795 -0.044473838 -0.09151532 -0.06363368 -0.12760203 -0.08963096 0.1265406 -0.15889154 0.050699923 0.03944396 -0.1998373 0.041920148 0.012330937 -0.28391635 0.013050068 0.17629579 -0.009335304 -0.037103668 0.2343341 -0.055576388 0.07933915 0.10562501 0.15320066 0.12944192 0.05797374 -0.038566303 0.13606334 -0.028830107 -0.066164136 0.013880318 -0.00020504589 -0.21744409 -0.23047677 -0.026569888 0.11469982 0.24958488 -0.1211553 -0.1380767 0.18202958 0.023645138 -0.25767526 -0.027577018 0.22178607 -0.05262751 -0.115462154 -0.108773455 -0.25922257 -0.083828576 -0.07134157 -0.15771829 0.1593946 -0.09914875 -0.057498593 0.07529228 -0.075347975 0.12370719 -0.08153264 -0.13253976 -0.09355521 -0.06123785
HKG -0.060376618 0.14530364 0.074282706 0.11728788 0.053250775 -0.024636326 0.25326243 0.020549294 -0.09403106 0.15068829 0.07724323 -0.0467311 0.0026519392 -0.010369543 -0.07832723 -0.05994474 -0.0008401372 -0.060246907 -0.12663314 0.18822908 0.066868 0.28100878 0.020204065 -0.19651 -0.2317037 0.25573456 -0.07842987 0.21358314 -0.008688196 -0.29396236 -0.009390409 0.078183174 -0.23979686 -0.06788584 -0.21858583 0.012959893 0.17243724 -0.048300195 -0.01758418 0.036068927 -0.03092651 0.1022048 0.035251252 -0.0416316 0.1368017 0.27310905 -0.14876726 0.1483178 -0.018874228 0.1215159 -0.04674027 0.19237603 0.045790777 0.057941563 -0.026894096 -0.04761566 0.263634 -0.1619203 -0.22931746 0.02231897 -0.03933143 -0.07997989 -0.031361748 0.031709213 0.20726573 -0.18673094 -0.12580831 0.110960655 -0.03957781 -0.035790067 -0.19609414 0.08473056 -0.31271803 -0.19116393 0.16869791 -0.24548158 -0.03730696 -0.06591865 -0.072062165 0.13744016 -0.11275448 -0.012794304 0.03614854 0.007867835 0.1790572 0.1560272 0.027007988 0.056100156 -0.054991785 0.2541113 0.13640483 -0.046334896 0.13292803 -0.11087391 0.042425726 0.1504178 -0.07087544 -0.19480944 0.09880911 0.08761864 -0.24555261 -0.22576353 0.02026666 0.062871166 0.107111655 -0.20778069 -0.19778623 -0.059718378 -0.03568843 -0.113850035 0.09049427 -0.30784556 0.111332044 -0.0060216384 -0.03563187 -0.030274063 -0.004643905 -0.12372977 0.21248524 -0.22885951 -0.028832143 0.08049253 0.13710804 0.15051633 -0.10702131 -0.28414717 -0.05035738 0.08424715
EST -0.027054042 -0.24653739 0.2220705 0.29571608 0.27578756 0.026821135 -0.25179872 0.06810204 -0.07798737 -0.22657257 0.015530659 -0.057976615 -0.21668962 -0.036247224 0.46245715 0.17543623 0.08599369 -0.28678164 0.001386927 0.048149776 -0.11337437 0.25237408 -0.11340298 -0.060950857 -0.22667214 0.060126435 -0.01705735 0.061389413 0.06445331 0.2743321 -0.0057737124 0.014431895 -0.22794682 -0.35585263 -0.15045837 0.4213652 0.060502168 0.032246042 -0.09760479 0.02219508 -0.108527064 0.16589479 -0.00028785187 0.21267352 0.25544342 0.21103415 -0.24320172 -0.13749136 0.1390139 0.011311944 0.09077055 0.06779524 0.14577512 0.06203288 0.2841874 0.042551488 0.059735008 0.22255565 -0.16866186 0.111911856 -0.12644579 -0.05066447 0.08908033 0.04366884 0.14144298 0.03497187 0.11106482 0.08845581 -0.028840393 -0.03338889 0.10806857 -0.19396356 -0.16471863 -0.16304481 0.091200866 -0.038777493 -0.0017574204 -0.046682663 -0.12358163 0.18398449 -0.24879543 0.056651376 -0.24413607 0.19998546 0.32867157 0.03400933 0.11481332 -0.028150003 0.00079458585 0.17410453 -0.045966163 0.21480095 0.20416477 0.053019337 0.35813406 0.09974293 0.1867595 -0.029388182 0.05630102 -0.18059184 -0.4411563 0.11246193 -0.1894188 -0.051055588 -0.039857946 -0.3256761 -0.039335538 0.045772456 -0.014055414 -0.22029114 0.102461725 -0.39225796 -0.21655859 0.0016263612 -0.22140594 0.014167973 -0.077437185 -0.07807996 0.10967225 0.1285871 -0.08429458 -0.15981966 0.04458851 -0.23366635 -0.15152873 -0.19173716 0.023723498 0.21646363
TUR -0.1810477 -0.074298225 0.10055951 0.026182566 -0.028957965 -0.029852122 0.012859622 0.039527163 -0.12921691 0.25282222 0.26004383 0.09260376 -0.3176335 0.079586 0.006446385 0.12527145 -0.056816336 0.15247513 0.08276739 0.0673418 -0.027262093 0.23078753 -0.153666 -0.38580227 -0.19545291 0.10685121 -0.34161308 0.12960222 0.05664513 -0.12050221 -0.06553986 0.0099656135 -0.10318952 -0.071348384 0.09022445 0.14073074 0.056126896 -0.123944506 0.09556966 0.0781215 -0.03665025 0.19893889 0.1768899 -0.20080124 0.099771194 0.045051742 -0.039067257 -0.05231689 -0.043379296 0.06305283 0.20079315 0.020806253 -0.02380488 -0.07156363 0.17866392 0.05285801 0.076025724 -0.01600156 0.0003741912 -0.0051004956 -0.050647374 -0.09217417 0.038013168 -0.10585499 0.005862729 0.19009542 0.042475954 0.059371676 -0.028149785 -0.010462282 0.10364539 -0.20612869 -0.29154316 -0.109583475 0.14100327 -0.1323142 -0.04154104 -0.023665845 -0.046826206 -0.005621329 -0.009238348 -0.0912472 0.066274635 0.2708567 0.14886667 0.00072232756 0.19828522 -0.07488467 0.26809633 0.18722996 -0.08432148 0.23190238 -0.055057578 -0.03227312 0.3387229 0.048259836 0.06631868 -0.121013984 0.19504634 -0.28179932 -0.17450294 0.051162258 -0.06572919 -0.015639845 0.06987134 0.0050947303 -0.013481326 -0.09793247 -0.16178994 -0.16402863 0.21802072 -0.08224176 0.015455297 -0.11888674 -0.002643112 -0.13991441 0.10781659 -0.27498454 0.24306817 -0.011168219 0.053909656 0.18866347 -0.17388883 0.06489723 -0.038545996 -0.18151149 -0.038959976 -0.05499285
MEX 0.1681024 -0.022585638 0.1316629 0.20226818 0.28359622 -0.15481749 -0.20252047 -0.09688103 -0.046979338 -0.14749461 0.055718098 -0.058201276 -0.16759376 -0.0004231058 0.041007333 0.12126077 -0.2219323 -0.18886265 -0.07430697 0.23686714 0.04048337 0.30296376 -0.04347779 -0.2788329 0.00706557 0.2896557 -0.06310054 0.35157496 -0.017677592 -0.12288422 0.017165288 -0.028756099 0.13769352 -0.14320792 -0.05297984 0.20653419 -0.04841227 -0.0424284 -0.023115393 0.14195299 -0.13332136 0.03563464 0.11076241 -0.10776959 0.10040208 0.04824951 -0.007609385 0.08599457 -0.2207491 0.12903602 0.19710885 0.03030857 0.09275075 -0.077508055 -0.027220417 -0.015859244 0.24370071 0.025440792 -0.17073655 -0.07745204 -0.20582227 0.027286924 -0.094222374 -0.012237442 0.05620319 -0.0915834 0.27148592 0.24299893 -0.05851318 0.06961612 0.014605841 -0.08045184 -0.24684542 -0.056138847 0.01967506 -0.30884683 -0.043402705 -0.030890657 -0.29628724 0.10908174 -0.247711 -0.18934493 0.072761126 0.21137345 0.0410958 -0.010141407 0.2742961 -0.2870551 0.08648816 0.10581865 0.095362894 0.19422293 0.29741067 0.06815636 0.28732547 0.15139845 0.014584457 -0.2561878 -0.024344388 -0.32599506 -0.16998358 0.0011410253 -0.011620882 0.16974472 -0.022266377 -0.3592523 0.06227073 0.014355298 -0.037329562 -0.024873417 0.14684188 -0.22212681 -0.1543419 -0.13935049 -0.13776112 -0.003167392 0.16459383 0.07528276 0.11797925 0.1921281 -0.017903332 -0.054259792 -0.07704687 -0.19116873 -0.09982051 -0.13311286 -0.10389367 0.15709576
URY -0.116763026 -0.021396495 0.05254465 0.02078889 0.059516676 -0.0017584609 -0.08299687 -0.030058341 -0.026179621 -0.020534834 0.10432947 -0.057163607 -0.2416977 0.083743624 0.015831206 0.14095283 -0.17976873 -0.11803979 -0.14112526 0.09959859 0.04618278 0.22046794 -0.1792637 -0.16178897 -0.13456985 0.23834467 -0.118526086 0.31176275 -0.014356058 -0.11087804 0.02000311 -0.10461421 -0.00855239 -0.104689755 -0.0078073605 0.18963301 -0.024197737 -0.014250846 0.0014761202 0.06379801 -0.12724288 0.18269342 0.0982303 -0.11008941 0.10077714 0.053626318 0.09888278 0.057429686 -0.11092949 0.10553854 0.13374226 0.10263542 0.096765965 -0.00036292785 -0.032084484 0.017814802 0.34153634 -0.019019127 -0.15346646 0.056345586 -0.19346829 0.030974882 -0.024011008 -0.057213716 0.14072393 0.10111615 0.18475714 0.08443383 -0.14151415 0.023496054 -0.012423231 -0.062281176 -0.22324766 -0.07972618 0.041149076 -0.22116035 0.029948913 -0.033038825 -0.20252557 0.047705803 -0.12537707 -0.1620441 0.063291125 0.19022621 0.027751235 0.005470626 0.16795592 -0.18622988 0.020784646 0.1057781 0.11448686 0.09193708 0.16442122 -0.0073750867 0.13305277 0.04472406 -0.052896447 -0.11705914 -0.02030957 -0.29889086 -0.2048171 -0.031649776 -0.056831185 0.15923962 -0.007028533 -0.28724122 0.042762518 -0.077618465 -0.16669941 -0.059467558 0.17276575 -0.1789159 -0.04971195 -0.09309718 -0.15616189 -0.1337688 0.117607705 -0.08762951 0.1783375 -0.0675724 0.017876003 -0.029538393 -0.10512802 0.0067824107 -0.114666685 -0.15518586 -0.008888354 0.06431774
BHS -0.34809843 0.16992097 0.060518567 0.06289717 0.03572921 0.13665473 -0.06805569 0.15018101 0.042114783 0.12804134 -0.012607603 0.038648173 -0.39705187 0.02212234 -0.06040103 0.04155937 -0.1764133 -0.13968171 -0.13335781 0.13956235 -0.027807847 0.108551465 -0.14265575 -0.2420173 -0.257183 0.14297764 -0.051158957 0.23057042 -0.05649649 -0.009463254 -0.062923394 -0.117159575 -0.18018347 -0.15941353 0.05809763 0.2031859 -0.03250901 -0.0398633 0.035371765 -0.078651346 -0.075759456 0.24366646 0.071622364 -0.0748638 -0.027384724 0.037208818 0.2530641 0.1396919 -0.20478599 -0.014131295 0.07617115 0.09960923 0.106836505 0.068048194 0.0045140153 -0.07135034 -0.00530502 0.03266834 -0.029662006 0.29134864 -0.21050599 0.31289127 -0.10799542 0.031320695 0.10922909 -0.1026857 0.014106482 0.21554099 -0.1568267 -0.0076051024 -0.17183307 -0.05111347 -0.24971235 -0.29950857 0.026155598 -0.0759411 0.1531787 0.14296679 -0.26917937 0.13667227 -0.0504486 -0.25911683 -0.118004195 0.26791096 0.22410849 -0.054806355 0.16383253 -0.34669 -0.0040232874 0.08720239 0.20482022 0.121292815 0.3480427 -0.04271726 0.09168748 -0.2022671 -0.10690468 -0.15857433 0.0281466 -0.3556811 -0.16214629 -0.0639781 0.017244479 0.0659054 -0.22570747 -0.22464287 0.1673675 -0.21862479 -0.12889265 -0.24483009 0.17138723 -0.47971052 -0.13340962 0.006939601 -0.39381203 -0.15105553 0.019901672 -0.2246179 0.3023668 0.11682267 -0.08088933 -0.044456568 0.013370009 -0.084834754 -0.14964579 -0.29747778 -0.026970081 -0.30384326
IRL -0.039899413 -0.18309283 0.059599973 0.23378135 0.049892996 -0.072487965 -0.082190335 0.03547575 -0.17456393 0.08343415 0.21829145 0.12496567 -0.26014444 0.03951486 0.2823929 0.13333921 -0.1036025 0.09783024 -0.1180025 0.16735512 -0.101288006 0.21823412 -0.1079879 -0.09704886 -0.119298145 0.09436764 -0.18560961 0.09856405 0.07184298 0.042302705 -0.090837486 0.043349974 0.048725948 -0.0861425 -0.050343774 0.19941755 0.063560225 -0.07716936 -0.07336361 0.05665117 -0.23269707 0.21055947 0.079222806 0.008812449 0.11102449 0.064878434 -0.3026365 0.019850006 0.074897714 0.059210397 0.1533468 0.047015145 0.0704507 0.027770318 0.14227316 0.20810959 0.095827825 0.015099484 -0.017132752 -0.010272934 -0.13656256 -0.063053325 0.08812717 -0.2121252 0.078758515 0.20234166 0.05858516 -0.021364884 -0.14497818 -0.08952137 0.094966576 -0.17542602 -0.14757891 -0.16679092 0.15938683 -0.072109126 -0.07848951 0.046828497 -0.1112067 0.11491837 -0.021867052 -0.123073585 -0.038066566 0.2315697 0.14475478 -0.032008607 0.21468471 0.031128598 0.17626318 0.116194405 -0.06678681 0.19985372 0.06668366 0.067318045 0.3865278 0.12678419 -0.013671778 0.055799183 0.09918624 -0.20369242 -0.2144152 -0.04468861 -0.07037941 0.07593486 -0.050261226 -0.036131725 0.13804252 0.101100504 -0.16842878 -0.1563618 0.23198445 -0.085464954 -0.06683181 -0.07617597 -0.075708516 -0.16913222 -0.045778323 -0.1952276 0.06441168 -0.032719124 0.013212308 -0.01154526 -0.14970204 0.061416294 -0.046305973 -0.1407992 0.009788123 0.0043948204
GIB -0.3535915 0.21696028 0.15572491 0.15399338 0.06333842 -0.17728184 0.122334406 0.042139053 -0.16349648 0.1487879 0.35371086 -0.05366816 -0.07886322 0.013363825 0.22618881 -0.06603984 0.15469849 -0.052541558 0.16240197 0.14176042 0.27399603 0.13750099 -0.35841402 -0.14822344 -0.25045153 0.13152444 -0.16894558 0.3625486 0.23688999 -0.25223908 0.10345131 -0.056852154 -0.14088078 -0.11774676 -0.09836427 0.10695457 0.029514672 0.13315427 -0.065018706 0.2500066 0.032279983 0.2564814 0.10187738 -0.015156878 0.064201124 0.09660165 0.04224193 0.20368798 0.08343394 0.21470949 0.11673311 0.25990704 0.018569194 -0.09504351 -0.06558857 0.084307685 0.10183517 -0.13101932 -0.051614843 -0.0040160986 0.020412743 0.008239084 0.19636402 -0.017628945 0.38090882 0.090108335 0.181729 0.0077016135 0.08102195 -0.0010264682 0.08211769 -0.11635326 -0.35272244 -0.12567708 -0.035153136 -0.19298336 0.12317834 0.024228942 -0.17392497 0.26496968 -0.0449522 -0.078852914 0.05807337 0.30836555 0.082813166 -0.18793231 0.03344131 -0.25768656 0.17613927 0.026876768 0.14011021 0.11668433 -0.09361451 -0.030863889 0.06689842 0.16617316 0.0053615505 -0.23462628 0.08251378 -0.20416029 -0.42238718 0.007064601 -0.045000345 0.07835253 0.119545154 -0.0039679306 0.019069798 -0.18795803 -0.13021158 0.05787662 0.44221967 -0.14596877 -0.044474956 -0.16234045 -0.10474771 -0.053204697 0.15145354 -0.29785463 0.42638746 -0.051568236 -0.07237588 0.11508852 0.019521425 -0.04243773 -0.13341641 -0.40353304 -0.115758106 0.09100339
SRB -0.06044456 -0.29173815 0.1417411 0.12872458 -0.050808165 0.08796808 -0.12561578 0.090625495 0.07366193 0.11903028 0.11460913 0.062305342 -0.25632647 0.13887556 0.27615982 0.14819819 -0.12263892 0.0831181 -0.16543826 -0.010763722 -0.09259807 0.280314 -0.17765765 -0.19231476 -0.308778 0.09289855 -0.23654747 -0.0030497704 0.33174 0.0870533 -0.0444978 0.14480637 -0.31092528 -0.112229295 0.010791218 0.16439141 0.069836624 0.038762245 0.051887117 -0.18578464 -0.0048070685 0.22629115 0.10051257 -0.013879244 0.0702015 0.07594949 -0.27190784 -0.22927387 0.1592821 -0.06274565 0.15238655 0.05114708 -0.06636512 -0.04651783 0.19621038 0.13112763 0.122343674 0.06999496 -0.036531497 -0.061093885 -0.026391998 -0.16553207 0.12770358 -0.117017806 0.112096466 0.20489821 -0.003173195 0.013562567 0.059073437 -0.05764065 -0.21516244 -0.14516889 -0.4028649 -0.05789713 0.28831452 -0.124017276 0.104614854 -0.025223128 -0.07764018 0.16215302 -0.028152512 -0.029531727 -0.026030468 0.24894789 0.25220656 -0.010987545 0.117042504 0.1532989 0.09318668 0.23111747 -0.0957345 0.23056902 0.04018975 -0.13392971 0.4929318 0.10518556 0.04676245 -0.046745203 0.058047887 0.06736075 -0.22900863 0.04936621 -0.13651851 -0.07384919 -0.025672529 -0.049102105 -0.10132522 0.101570055 -0.10378169 -0.034434587 0.17111057 -0.12690838 0.044813376 0.012845947 0.050018325 0.04113188 -0.056748196 -0.18667367 0.18565224 -0.07881809 0.049631257 0.16681248 -0.03469926 0.008575692 0.04330844 -0.31849062 0.078194395 -0.037081365
PAK -0.1340361 -0.13429731 0.04509225 -0.013797433 0.055040717 0.097253025 0.12540683 -0.11830324 -0.0420804 0.13262704 0.08469015 -0.025604699 -0.07612384 0.044210352 -0.080195725 0.178016 -0.070198804 -0.00015384276 -0.09659265 0.028827595 -0.038758118 0.29300407 -0.017337015 -0.24383582 -0.13052776 0.22207302 -0.17914349 0.10075109 0.11912707 -0.18284489 -0.032504503 0.071725756 -0.28243545 -0.123127505 -0.07678116 0.06708771 0.14125803 -0.02035499 0.06031869 -0.16406094 -0.16890629 0.24483564 0.13044533 -0.08971378 0.15145403 0.16270405 -0.14305322 -0.12781358 -0.05204479 -0.011524765 0.09466424 0.07199929 -0.032055296 0.0666531 0.013769001 -0.08218564 0.2850179 0.021342363 -0.06857271 -0.07168685 -0.00020541652 -0.16139226 0.011722594 -0.059791673 0.0988123 0.0060038595 -0.13436921 0.08163526 0.063460395 0.021578357 -0.16762605 -0.118981205 -0.3839804 -0.07115396 0.15168369 -0.22116287 0.04950159 -0.037844907 0.07671799 -0.024815135 -0.038274705 -0.0067215855 0.15374148 0.14405735 0.26177588 0.16383007 -0.0002950232 0.06401585 0.039717183 0.24401921 -0.011931092 0.09388675 0.15974617 -0.14182262 0.21226178 0.09137975 0.12916633 -0.0399355 0.08455193 0.057122342 -0.041675244 0.023520265 -0.19802609 0.08993728 0.044382997 -0.05359182 -0.26512933 -0.015814684 0.03461874 -0.19088729 0.08196977 -0.112338595 0.11258526 -0.022032794 0.08981365 -0.011489464 0.14569661 -0.04007276 0.14486998 -0.10590302 -0.0080216 0.09426216 0.04970313 0.112699345 -0.03526947 -0.16070352 -0.0674359 -0.013400917
ISL 0.04864505 -0.24296874 0.11458125 0.27909237 0.20638351 -0.10866518 -0.22923687 0.009644095 -0.20288895 -0.052854512 0.092132114 0.23524487 -0.19770338 -0.036469255 0.33058727 0.2721781 -0.33752614 0.0674949 -0.36356255 0.1934754 -0.13765816 0.07828304 0.12028958 -0.1542352 -0.06845883 0.118427984 -0.03131772 0.005332958 0.1284617 0.1778938 -0.10231681 0.21510226 0.08244453 0.008996498 -0.25936034 0.40737033 0.14604943 0.18873546 -0.077502824 0.02307276 -0.29452646 0.35232645 0.11944307 0.09327445 0.06742582 0.168744 -0.34409508 -0.05718018 0.004699261 -0.21746702 0.0995997 0.044244528 -0.076277174 0.21044043 0.03782496 0.3544227 0.0823802 0.14656068 0.009162852 0.0028605086 -0.080270655 0.03387192 -0.046811823 -0.114052236 0.18192637 0.20657162 -0.0066911946 -0.02635375 -0.310705 -0.27253684 0.018675463 -0.31772247 -0.037865028 -0.19340181 0.12864643 0.08260244 -0.002587151 0.09720822 -0.18335935 0.13263522 -0.06879112 0.09764018 -0.19184121 0.12511846 0.015571528 0.06797998 0.0543439 0.035899118 0.049250953 0.1039113 -0.1626357 0.19506818 -0.007040596 0.01505444 0.33260235 0.032153424 -0.14097595 0.14912717 0.13291015 -0.12444533 -0.4955305 0.104612686 -0.029202586 0.109962545 -0.044213932 -0.3113857 0.17705455 0.08906017 -0.046695475 -0.39203858 -0.02127827 -0.22871359 -0.2477583 0.0066397903 0.016299948 -0.01521765 -0.28476945 -0.24418351 0.113161266 -0.018622423 -0.009347103 -0.14641438 -0.21224153 0.067099676 -0.047363665 0.009608127 -0.23195827 0.08602652
CHE -0.059497956 0.20299423 0.25006062 0.18328819 0.16812563 -0.103176415 0.17995751 -0.034381945 -0.112158746 0.1762156 0.16359153 0.05480237 -0.21826716 -0.07537552 0.06792804 0.114776134 -0.036370136 -0.17787093 0.11405181 0.1834894 0.040705588 0.20220858 -0.06020685 -0.30006757 -0.2497602 0.22604994 -0.24998297 0.15993729 0.086200565 -0.021535054 0.035254635 -0.014764237 0.01677878 -0.009862282 -0.029441355 0.10688194 0.15573205 0.14165317 0.04390443 0.15362346 -0.08077032 0.28677455 0.062293638 0.025231292 0.01258045 0.09736184 -0.15111476 0.08095533 0.015935844 0.011179131 0.20209783 0.046401 -0.025990644 0.094603956 0.08566176 0.11766281 0.07932019 0.011086799 -0.13825163 -0.07458202 -0.0795599 0.071670204 0.041547745 0.020757943 0.18609983 -0.14425506 -0.087110914 -0.04193759 -0.06258216 -0.031366665 -0.051069412 0.0018894012 -0.12670748 -0.05185664 -0.021695461 -0.06232077 -0.009958357 0.05894161 -0.13642055 0.14555536 -0.013913529 -0.041265767 -0.09274051 0.18184295 0.11807688 -0.1229897 0.0041135345 -0.16858846 -0.009805393 0.08400509 -0.023601266 0.1310743 0.16807413 -0.0057342397 0.08313098 -0.06433317 -0.032042176 -0.11929053 0.08175211 -0.13940907 -0.13959832 -0.08398429 0.13677534 0.20759161 -0.029759567 -0.06678806 0.058452696 -0.105461545 0.017226214 -0.117713846 0.12619072 -0.26154882 -0.14125402 -0.0985635 -0.1069011 -0.09480781 0.14657868 -0.13437271 0.36580992 0.07884586 -0.04916067 -0.03351051 0.06291599 0.061827153 -0.20672584 -0.29009917 -0.1316182 -0.079820365
MDA 0.0127671 -0.102796994 0.24834082 0.38357916 0.1198704 -0.16257729 -0.06672189 0.02930749 -0.071796775 0.16217601 0.22717069 0.18876883 -0.47423118 -0.010294627 0.26158214 0.38867542 0.13307081 -0.015901988 0.15005426 0.11107534 -0.10320329 0.27510312 -0.0019655444 -0.590291 -0.29388684 0.07795254 -0.31147534 -0.0624114 0.18951796 0.12695149 0.15049204 0.16330995 -0.1031271 0.02360688 0.013531067 0.18516864 0.2728284 0.19013198 0.007059524 -0.008782289 -0.11390111 0.2006129 0.07947014 0.053326987 0.13909036 -0.029619487 -0.3482962 0.12006428 0.12359993 -0.032736026 0.26657736 -0.1918643 -0.09227581 0.23671143 0.21832635 -0.013856286 -0.17759793 0.25152248 -0.054144822 0.25852776 -0.1502213 0.020770596 0.0182109 0.08128134 0.23572184 -0.12478192 -0.15544115 0.16783367 -0.055481337 -0.19180396 0.012621223 -0.2686114 -0.13826483 -0.28661433 -0.08871583 0.11191874 0.12030546 0.13232478 -0.06490593 0.18414274 -0.17285551 -0.035217803 -0.17943497 0.4277656 0.23910862 -0.016770795 0.08781531 -0.043388758 0.17072715 0.16366453 -0.11103847 0.34873885 0.014777415 0.020863626 0.4057494 -0.07806852 0.4561459 -0.16517152 0.14951147 -0.25767893 -0.16639033 0.24226521 0.118778095 0.10679896 -0.063375466 -0.06590064 0.21790698 0.01059328 0.12557161 -0.22342709 0.16596268 -0.108296886 -0.21350482 0.08651312 -0.2629518 0.032610584 -0.044651538 -0.17692053 0.46157667 0.28919822 -0.14555123 -0.08253276 0.12231189 -0.3722637 -0.20786253 0.040833075 -0.25054815 -0.12101178
CMR -0.31554818 -0.034442995 0.07439235 0.223497 0.06308318 0.11209804 -0.0820485 -0.4029731 -0.15005611 0.30732268 -0.19925053 0.002964933 -0.38170695 0.18234667 0.3704335 0.36715692 -0.3081489 -0.20088518 -0.008358224 0.08465954 -0.11680406 0.3910953 -0.10770854 -0.08842308 -0.116899975 0.16311152 -0.24786602 -0.002230755 0.17017658 0.12185086 0.17685345 -0.16203575 -0.1358126 -0.12705883 -0.022806652 0.456662 -0.010726204 0.041763525 0.3274055 0.07455209 -0.4998264 0.5205644 0.2526875 -0.16390139 0.0028301347 0.13851544 -0.22382437 -0.10419592 0.03896273 -0.12635861 0.21794026 0.07446662 -0.025945796 0.053442642 -0.017845802 0.48678774 0.58068156 0.15748675 0.0796515 -0.36401343 -0.0067790155 -0.04149891 0.014400078 -0.48741418 0.28133667 0.39917248 0.06377437 -0.17047516 -0.18355739 0.19933276 0.00059748336 -0.2118927 -0.3379696 0.14998971 0.3269706 -0.17055248 0.0053881435 0.07536016 -0.12069482 -0.052387275 -0.039056256 0.007914399 -0.15276399 0.33189744 0.21838894 -0.017474785 -0.19648404 -0.17464729 0.029571649 0.3130211 -0.01714088 0.52353644 0.17726336 0.03412018 0.32499373 0.17210871 -0.15780511 0.32766482 0.26419264 -0.00041060423 -0.2679808 0.16880448 -0.18617901 0.38949338 -0.03682018 -0.105997086 0.046392582 0.04053861 -0.2743515 -0.37922296 -0.004929973 -0.38501957 -0.08295999 -0.28575262 0.2870226 -0.21464653 0.043598637 -0.11285441 0.23937517 -0.3874256 0.053086363 0.121342234 -0.18604946 0.5173504 -0.09961315 -0.24372356 -0.024804724 0.24471445
ISR -0.28715855 0.10108725 0.1493083 -0.07152924 -0.011901142 -0.00639787 0.122527964 0.13904293 -0.07604671 0.24970019 0.1685957 0.11634101 -0.20706742 -0.018146768 -0.06454454 0.061174177 -0.18187524 0.13911822 0.05414706 0.09415527 0.049001202 0.033309072 -0.080987476 -0.3524993 -0.16755207 0.076623976 -0.2507169 0.13696812 0.02627323 0.005081139 -0.1095862 -0.012093305 -0.14630014 -0.063290365 0.062484704 0.08402619 0.10540207 -0.016846132 0.1349322 0.022743009 -0.09250597 0.36739337 0.090077184 -0.15960206 0.0912385 0.10120315 -0.06077144 0.015755769 -0.02332316 0.021867253 0.17490603 0.03559922 -0.08525066 0.0647921 0.15504116 0.09148673 -0.0026070601 -0.012929456 -0.07269366 0.045631878 -0.03269996 0.062860586 -0.0007223409 -0.043124616 -0.019635856 0.10207797 -0.18722408 0.117865294 -0.09437088 -0.12693523 0.08603396 -0.10669935 -0.1740571 -0.14401574 0.033678323 -0.0962102 -0.053599704 0.059597183 -0.031876136 0.08841598 0.10066357 -0.071114756 -0.059235662 0.14608169 0.2000708 -0.032895263 0.12830143 -0.072535925 0.17351893 0.12068829 -0.04231469 0.12140431 -0.026729325 -0.06680123 0.18174607 -0.13872801 -0.07883492 -0.10877404 0.15925056 -0.35925514 -0.24284376 0.008918328 0.029688304 0.10255965 0.052167334 -0.11113482 0.10035826 -0.2834758 -0.034624152 -0.29077175 0.29150957 -0.28144535 -0.13845576 -0.074607134 -0.088864215 -0.112810984 0.052330643 -0.38590097 0.45997286 0.026651908 -0.050186172 0.06671399 -0.105001085 0.103546776 -0.11383664 -0.28656098 -0.19706295 -0.19613431
LKA 0.089904435 -0.08246234 0.19045986 -0.038220413 0.06118788 -0.104168124 0.013988151 -0.10924721 0.054227483 0.09855403 0.16149512 -0.019470014 -0.058423914 0.08920914 -0.123931356 0.23377785 -0.079826 -0.062441457 0.032325502 0.1482105 0.023364114 0.2604812 0.044534452 -0.4979519 -0.1444252 0.2695044 -0.21354656 0.06791075 0.19303331 -0.17031081 0.11105868 0.17084886 -0.22089374 -0.008347219 -0.047231387 -0.02013655 0.11618832 0.15316926 0.049552906 -0.09510394 -0.043452684 0.1925246 0.14938885 -0.13194792 0.11625085 0.032317754 -0.21793962 -0.10905444 -0.117176026 0.0043001617 0.20553908 -0.13903648 -0.18371803 0.070515834 0.050388347 -0.10845006 0.20464376 0.110726476 -0.15209919 -0.02603227 0.011543158 -0.12599808 -0.13575622 0.014127124 0.20268892 -0.16412053 -0.16788366 0.17879431 -0.0005306658 0.0020441208 -0.18032436 -0.17346753 -0.34650654 -0.043738957 0.13213055 -0.17238235 0.02631938 -0.005719805 -0.0678006 0.011783266 -0.18057343 -0.020938763 0.09088934 0.19162671 0.18454811 0.15479995 -0.08831837 -0.011598952 0.06688751 0.23017661 -0.09411211 0.18090667 0.069065236 -0.10946542 0.16963394 0.0644982 0.2958603 -0.16636516 0.10260548 0.035505958 -0.033209134 0.074099086 -0.006830149 0.10952898 0.13478021 -0.1764675 -0.23206332 0.0010930927 0.12592621 -0.13239455 -0.012215722 -0.0528855 0.14957966 -0.06316813 0.092365764 0.13542387 0.05867614 -0.0134422155 0.36928055 -0.017992988 -0.04276282 0.08496831 0.031825997 -0.010657114 -0.068139285 -0.022317404 -0.19466618 0.026153853
UZB -0.104457654 -0.36908406 0.21728338 0.040628236 0.01706271 -0.08796818 -0.039501496 0.08310685 -0.046562243 0.21662417 0.45121738 0.10210046 -0.3139553 0.0779122 0.043359075 0.23785861 -0.09059813 0.3298732 0.10254571 0.08879954 -0.14813726 0.23708697 -0.086321056 -0.50621295 -0.17012304 0.16004357 -0.33455265 0.037040096 0.15077265 -0.082119495 -0.06513914 0.27318805 -0.27995485 -0.13464014 0.010551884 -0.025301587 0.11476989 -0.045288358 -0.049350955 -0.15637821 -0.10801713 0.34273657 0.18386772 -0.14079428 0.22210409 -0.0015564327 -0.30909863 -0.162198 0.03215395 0.01002013 0.22707857 -0.051838916 -0.12444628 0.015100809 0.24743244 -0.031561192 -0.0009370779 0.03782985 0.10440924 0.06474175 0.012649458 -0.18587577 0.07082883 -0.058136743 -0.08774285 0.1858098 -0.16201375 0.13666128 0.028663509 -0.040462554 0.041799255 -0.3137687 -0.36813724 -0.22675252 0.19324489 -0.061337236 0.0019569674 0.014801593 0.054190226 -0.03742868 0.05733256 -0.12866858 0.09358804 0.26988587 0.27890503 0.1007867 0.24394038 0.10922734 0.2615661 0.24327542 -0.24181266 0.22405168 -0.1110827 -0.10306044 0.44300547 0.047903594 0.2581033 -0.113647655 0.20738272 -0.15422454 -0.11959938 0.090915985 -0.15658788 -0.10060645 0.12106396 0.12827991 -0.110625476 -0.03566751 -0.044619277 -0.20273598 0.26646966 0.030326165 0.10851082 -0.11025383 -0.02657001 0.045046672 0.023185238 -0.28052446 0.21979937 0.14445643 -0.0010682256 0.22621644 -0.11732002 -0.08856386 0.042409826 -0.121632986 -0.09805341 -0.12898734
MWI -0.016396187 -0.25550377 0.23253863 -0.011957224 0.13818307 -0.23408729 -0.026262943 -0.10333896 -0.027030686 -0.033192668 0.3499624 -0.04986206 -0.22621231 -0.019234126 0.035781298 0.12593684 -0.13481562 0.028912548 -0.013931374 0.103857026 -0.1385401 0.13620313 -0.055646863 -0.2933109 -0.15563717 0.34140626 -0.10843113 0.1745524 0.020004818 -0.14487277 -0.014781668 0.22949544 -0.08161978 -0.19814663 -0.14739095 -0.10197733 0.057382144 0.20357494 -0.26132464 -0.15873966 -0.059349768 0.3401113 0.06911089 0.011101241 0.093043186 -0.051538214 -0.16736782 -0.13752687 0.08281763 -0.11065676 0.028057698 0.0397206 -0.07084343 0.13720831 0.036167238 0.018305693 0.21379326 -0.0020184398 -0.03553871 0.05823017 0.0035251062 -0.027082773 0.05679171 0.043061882 0.0391037 0.017362583 -0.0033950887 -0.007166789 -0.13473172 -0.04486472 0.08574797 -0.27994454 -0.31382367 -0.28185403 0.1694797 0.04030174 -0.023846645 0.03706624 -0.103139356 -0.01426741 -0.060330093 -0.12131488 0.095582776 0.1507014 0.010979209 0.2418812 -0.07624778 -0.034346253 -0.09257091 0.22468555 -0.20840652 0.13244526 0.02722142 -0.0829729 0.14010388 0.062240794 -0.040547367 -0.013146778 -0.02111779 -0.040570866 -0.13754457 0.004132412 -0.1470431 0.02060254 0.34447157 -0.09922049 -0.030944796 -0.045095485 0.026084762 -0.15922736 0.15543084 -0.028434772 0.2128946 -0.23164795 -0.1091695 -0.016469289 -0.0894886 -0.27983895 0.116004795 0.059083838 -0.03636071 0.106376916 -0.09437696 0.0009144723 -0.018425986 -0.016127588 -0.185052 0.08708956
CIV -0.124441475 0.142288 -0.05257008 0.06621116 0.07838085 0.047793306 -0.14867508 -0.090333454 -0.15022354 0.117714316 0.070019156 -0.0765404 -0.2566855 0.005531 -0.11951877 0.07910811 -0.13801074 -0.109527685 -0.08428521 0.056072254 -0.052851498 0.25381535 -0.093632676 0.016055243 0.036714982 0.20447773 0.069347695 0.19274777 -0.030975228 -0.16773914 -0.09170162 -0.2163069 0.040869478 -0.21464369 -0.07229619 0.33583677 0.017449617 0.048844896 0.06390188 0.026646568 -0.2736362 0.22869885 0.17106082 -0.14029568 0.04180648 0.09394348 0.038545754 0.0687272 -0.2776026 0.1091849 0.16036378 0.012029804 0.16973978 -0.08825622 0.029149832 -0.0018856329 0.32364985 -0.048526585 -0.14824946 -0.17658891 -0.21130154 0.03174554 0.034123536 -0.22290018 0.093539946 -0.07104457 0.21548134 0.07776719 -0.10218896 0.0947667 0.162061 0.04605527 -0.26956144 -0.056561593 0.0022186395 -0.27455464 -0.22688633 -0.057169214 -0.16904329 0.104842864 -0.088964984 -0.21984331 0.11171629 0.24745505 0.013568127 0.010770233 0.056259442 -0.23864906 0.11847288 0.13690448 0.25779873 0.11834172 0.30414474 0.06657779 0.30596408 0.11941766 -0.13762172 -0.06657919 -0.046902586 -0.40535527 -0.10573674 -0.04374348 -0.09632861 0.34824368 0.12452378 -0.32406345 0.10733448 -0.0916973 -0.21979402 -0.17752624 0.29668623 -0.34416163 0.024786472 -0.15106809 -0.01645472 -0.2989251 0.19807819 -0.07959466 0.15481944 0.022094497 0.079747535 0.030504143 -0.17613102 0.029505301 -0.036622185 -0.15429899 -0.07871254 0.006807895
DZA -0.10408383 -0.05738385 0.17461514 -0.043193486 0.018347098 0.120064475 0.04259906 -0.03056268 0.14647381 -0.0042906604 0.05218766 -0.07562144 -0.1865512 0.12414636 -0.1833295 0.19450143 -0.2916711 -0.07639847 -0.14201958 0.17321578 0.08404832 0.21795566 -0.08213212 -0.423462 -0.12721688 0.1724655 -0.0937989 0.38139924 -0.18701833 -0.09113372 0.10302025 0.057082914 -0.1930842 0.0045953295 -0.011898 -0.021580337 -0.00080408703 -0.18004037 -0.07604906 -0.07732896 -0.11165492 0.059975605 0.0742511 -0.2429486 0.16071878 0.0893056 0.099957965 0.09951171 -0.291619 0.19246235 -0.010427333 0.09037564 0.18989374 0.022780536 -0.035905004 0.04870036 0.3895977 0.0015676054 -0.16216572 0.2542248 -0.16516076 0.13170147 -0.16330168 0.06745806 0.0073813056 0.025481855 0.05095059 0.31200948 -0.23144339 0.041642148 -0.19705743 -0.0069218623 -0.19241728 -0.0590381 -0.013808844 -0.28765947 0.16603489 -0.005618123 -0.21996795 -0.07045377 -0.14424773 -0.21449299 -0.11922186 0.10270048 0.2352927 0.19109733 0.30722946 -0.118628554 0.049285892 0.19943617 0.090880595 -0.028482892 0.223227 -0.072695985 0.042114846 -0.092015095 -0.029513361 -0.13720815 0.0508945 -0.24266876 -0.1633676 -0.12884864 -0.03714451 0.15218623 0.020544387 -0.37514123 -0.09050023 -0.21142527 -0.17472243 -0.10234823 0.1132069 -0.33797413 0.0009999322 -0.025724247 -0.2484805 0.00061115145 -0.0025347637 0.01386806 0.18689494 -0.21565136 -0.036610246 -0.084076025 -0.054299638 -0.014786372 -0.27324694 -0.1458226 -0.02546827 0.013339963
TTO 0.2800586 -0.022632478 0.2022278 0.45799527 0.108016595 -0.19139962 -0.14005277 -0.11034532 0.09159098 0.18332253 0.22445165 0.03572855 -0.4562641 0.046295032 0.2739602 0.31863132 0.15509221 -0.32441202 -0.13646649 0.14923647 -0.023725167 0.3966401 -0.08043654 -0.20915228 -0.33429 0.24175553 -0.25310826 0.0034009435 0.25087586 0.021253187 0.20635127 -0.001797085 0.045997307 0.06117785 -0.034745086 0.123936094 0.25241745 0.28101826 0.04395679 0.05888432 -0.29415572 0.11798836 0.038324866 0.0459332 -0.068450086 0.0028456294 -0.41539162 0.25371078 0.1254623 0.11249796 0.07591681 -0.15314585 0.034178365 0.15012093 -0.005848478 -0.052234013 0.24687749 0.07609744 -0.22468401 0.00087735883 -0.19941741 0.028632766 0.16042031 0.020529682 0.4814369 -0.26561856 0.1156753 0.08136001 0.025869777 0.07416114 -0.25446495 0.114733115 -0.15852083 -0.0914478 0.011577021 0.011948851 0.23585725 0.030483145 -0.23468308 0.3077347 -0.2397273 -0.17521071 -0.13290678 0.49365157 -0.0015926785 0.040031392 0.015176082 -0.10156495 -0.20217341 0.23435737 0.14104599 0.2552891 0.41403025 0.10765651 0.39262974 0.09868507 0.16047108 -0.24260613 0.03516991 -0.11178365 0.0029893548 0.017201418 0.20608358 0.33974987 -0.14534692 -0.19691594 0.21020512 0.23882484 0.09963739 0.027328288 0.054501187 -0.21226662 0.005563954 0.10696355 -0.19397625 -0.07812225 0.027601538 0.1460868 0.2768623 0.052130423 -0.05299816 -0.103493154 0.22609301 -0.33462983 -0.2190113 0.054061994 -0.07708023 0.002964208
PER 0.027001293 -0.05635172 0.09895045 0.15216483 0.13263956 -0.13758847 -0.16564488 -0.118033715 -0.059717756 -0.010200048 0.27888754 -0.070810385 -0.32899112 0.030728534 -0.05668613 0.12299036 -0.18775511 -0.10112908 -0.13524324 0.1772976 -0.08693981 0.28323227 -0.10689823 -0.18124245 -0.050955437 0.30801746 0.013639015 0.35405314 -0.100697555 -0.17882976 0.00095487013 -0.04348723 0.0705433 -0.14204407 -0.10602943 0.11035935 -0.057252306 0.021215025 -0.18508112 0.06107165 -0.22740126 0.11330336 0.12807782 -0.10570138 0.0752934 -0.03092571 -0.027761666 0.10569902 -0.19478896 0.14103402 0.111297175 0.0060732616 0.18868116 0.019961193 -0.02367409 0.037263405 0.29109156 -0.06355188 -0.11507048 0.09504073 -0.24865793 0.12911008 -0.030407175 -0.10986199 0.088964514 -0.036081474 0.19608825 0.13842916 -0.19178559 0.037597474 0.097620785 -0.07003147 -0.22406597 -0.19804162 0.04980426 -0.16909742 -0.023707759 0.045461427 -0.25814086 0.035952184 -0.116137356 -0.3150483 0.071717374 0.2424153 -0.0092977015 0.09531984 0.19202568 -0.24888761 0.005745509 0.07847208 0.091060184 0.09968864 0.29482895 0.10869259 0.2171132 0.113934845 -0.074292324 -0.10575972 -0.07695483 -0.3406018 -0.027379649 -0.1535984 -0.039304066 0.22280143 0.01677184 -0.23463416 0.14346795 -0.011539164 -0.18685167 -0.04738544 0.21081984 -0.15727472 0.07154207 -0.14508484 -0.20524146 -0.15047213 0.068138205 -0.081314705 0.01802615 0.04777103 0.01764163 -0.03387729 -0.14575607 -0.085901625 -0.10636454 -0.063968554 -0.030760448 -0.023224497
CAF -0.33533663 -0.027448278 0.026616424 0.117444485 0.0629599 0.25130183 -0.061541554 -0.33215567 -0.12892282 0.28878623 -0.15013066 -0.07642684 -0.30332932 0.10706031 0.13486059 0.33964312 -0.3096862 -0.103368714 0.021821862 -0.028482452 -0.116489924 0.35985938 -0.07304099 -0.085295275 -0.017725803 0.11303061 -0.13357674 0.044526245 0.0801791 0.060445182 0.10971593 -0.18155563 -0.19724157 -0.1154318 0.03472474 0.3362494 -0.0033647625 0.013096389 0.24572365 -0.030950453 -0.45886043 0.4168852 0.23861831 -0.20537063 0.07625703 0.096929036 -0.11435093 -0.12265642 -0.1307962 -0.053457465 0.17040001 -0.0057329834 0.07284367 0.006718682 0.04454685 0.37380147 0.5728791 0.08260837 0.0468247 -0.34027502 -0.003155396 -0.041622993 0.0774797 -0.42360398 0.11499646 0.28843188 0.003623772 -0.08092168 -0.09206635 0.17884126 0.025166968 -0.099110164 -0.2705711 0.20622955 0.13528854 -0.26172385 -0.0692805 0.044974707 -0.019743133 -0.11433119 0.06093394 -0.08791334 -0.08379123 0.25616696 0.3028539 0.004972006 -0.073056504 -0.06772568 0.09611273 0.23298422 0.05098502 0.3395672 0.19239785 0.023238722 0.2932098 0.04024262 -0.11310004 0.2519397 0.15818278 -0.094191 -0.11266733 0.10210387 -0.27948073 0.4033832 0.019208336 -0.13646941 -0.017975805 -0.0536357 -0.27606243 -0.33435056 0.14241126 -0.42024577 -0.02387107 -0.26238248 0.25728783 -0.21820521 0.18603353 -0.055573724 0.24847817 -0.33523285 0.022245886 0.081295796 -0.23325199 0.43975905 -0.110867 -0.27787608 -0.05929782 0.14256833
LAO -0.06647655 -0.07014843 -0.05164924 0.01823763 0.082272775 0.17829284 0.10508003 -0.11903912 -0.05599355 0.09935329 -0.01600629 -0.048727933 0.0858926 -0.25475898 0.1396829 0.33889267 -0.10618842 -0.21004722 -0.20096423 0.05931469 0.07241708 0.31169373 -0.008264542 -0.079903446 -0.18090762 0.29517794 -0.08836885 0.06653875 0.2346544 0.027236499 -0.20308322 0.0035432656 -0.18663315 -0.10822632 0.0050294735 0.1262122 0.18675624 0.08065669 -0.04378227 -0.24042302 -0.2832382 0.20376348 0.09896962 0.17260365 0.08166906 0.20235553 -0.24817768 -0.017124537 -0.16456576 -0.023448823 0.036808796 -0.038358472 0.12459091 0.24939272 0.15472484 -0.10479468 0.44051555 0.15867598 -0.19830577 -0.21773843 -0.09916037 -0.1770663 0.13285261 -0.29026312 0.3320753 -0.10202903 -0.23653656 0.10373564 -0.011644605 0.055029675 -0.29825792 0.026608746 -0.2732782 -0.049955163 -0.02316391 -0.2294966 0.002751754 0.111988224 0.03805555 0.04370824 -0.033461906 -0.040058963 0.21498033 0.19240123 0.3790255 -0.0020551258 -0.13115045 0.19238977 0.052232105 0.072627954 0.052255135 -0.050180685 0.43119547 -0.03809306 0.15315424 -0.048279166 0.10889493 0.16246395 -0.043626614 0.1099352 0.27088457 -0.052063894 -0.20498039 0.3513236 0.028226588 -0.1978697 -0.20295368 0.06810169 0.04202373 -0.29400238 0.14637323 -0.09905974 0.18986805 -0.026490897 0.14399917 -0.15020505 0.16521776 0.0793008 0.22733095 -0.29004854 -0.13595209 -0.26475564 0.00787792 0.28256297 -0.23830722 -0.21112087 -0.12994498 -0.050223522
CRI -0.12703493 -0.04887686 -0.11579646 0.114900246 0.026502458 0.14952393 -0.21999206 -0.15191844 -0.106125176 0.16980186 0.19329593 -0.01668484 -0.32062224 -0.08550835 0.012778955 0.21069978 -0.033288844 -0.07774631 -0.31429067 0.006746572 -0.16002642 0.27618608 -0.014312263 0.13591604 0.007954491 0.19043432 0.0854908 -0.007459529 0.16202313 -0.0900196 -0.1670363 -0.12045163 -0.0358688 -0.15375362 -0.065846115 0.2749137 0.14787103 0.20953791 -0.07570545 -0.18756449 -0.39417157 0.279859 0.22265162 0.04779172 -0.020199347 0.04088748 -0.16825727 0.03954361 -0.255072 -0.019987289 0.01676362 -0.104262784 0.1813235 0.028536031 0.022173915 0.0046031033 0.34875488 -0.020658273 -0.032399125 -0.19182086 -0.18444915 -0.011206294 0.2424944 -0.3497117 0.2869199 -0.12234123 0.091189146 -0.031773653 -0.050400686 0.07761701 -0.05168444 0.059609875 -0.18952076 -0.069349706 -0.032485954 -0.13939299 -0.08941461 0.042144842 -0.111163795 0.11747289 0.009635104 -0.22975983 0.0953157 0.3129515 0.122028075 0.0029150136 -0.085030586 -0.05890419 0.030503053 0.101469554 0.21884595 0.044518497 0.44810992 0.07683229 0.37441114 0.07406937 -0.104830116 0.10647541 -0.04955058 -0.26461893 0.12526593 -0.089119144 -0.23067468 0.42845032 0.031382535 -0.22672553 0.12892559 0.09144668 -0.18160051 -0.2771886 0.2642236 -0.33733472 0.23039655 -0.055862807 0.084452584 -0.29633108 0.16773984 0.03243023 0.13533346 -0.104227066 0.00809603 -0.08802075 -0.1916582 0.0562303 -0.0141374925 -0.062044464 -0.07908813 -0.124075755
SVK -0.1117119 -0.30921125 0.08375489 0.0054994305 0.011471699 -0.11886792 0.035376757 0.15470774 0.011118649 0.14577153 0.23019537 0.07648466 -0.11022087 0.075074606 0.023256378 0.20538917 -0.09060119 0.1367202 -0.14441659 0.28531483 -0.054370575 0.27119765 -0.1254306 -0.47801003 -0.21582313 0.25159577 -0.3490595 0.07391662 0.22282447 -0.12592496 -0.14620753 0.2926657 -0.26010367 -0.11990148 0.016382862 -0.037195034 0.07474473 -0.17173599 0.083162405 -0.34282053 -0.012722671 0.3656675 0.06446182 -0.10096119 0.20246746 0.01300528 -0.17597735 -0.08721177 -0.10791779 -0.07547889 0.1447499 -0.040934883 -0.19575022 0.00020069772 0.16117766 -0.29046386 0.0039133527 0.15295002 0.046893828 0.09347762 -0.009420289 -0.18201979 -0.1519425 -0.025855491 0.07212598 0.054976504 -0.20290399 0.24873072 0.024658779 0.05325931 -0.23821338 -0.31145075 -0.44552648 -0.29579705 0.25231767 -0.16202839 -0.0138695175 -0.045621905 -0.054286752 0.06144046 -0.21658416 -0.21474014 0.16000475 0.25705564 0.33197287 0.14730103 0.085545234 0.10582717 0.21702662 0.28141457 -0.15569603 0.217389 -0.02900366 -0.27447107 0.25071302 0.12277871 0.29077047 -0.06875418 0.08655847 -0.029001793 0.028364237 0.12583636 -0.16145194 -0.13258404 0.12438643 -0.025469286 -0.21806261 0.042716004 0.054347925 -0.18224941 0.18535441 0.113313235 0.17446585 -0.041831322 -0.033468332 -0.0126284 -0.028742012 -0.21828692 0.12665015 0.02578696 -0.0779486 0.14486034 0.010252501 0.047461145 -0.008760966 -0.020905202 0.025233332 -0.15261205
CHL 0.004473963 -0.1328858 0.062096547 0.17292522 0.18686128 0.029646628 -0.18632469 -0.21974285 -0.075830676 -0.06298324 0.16975997 -0.17973968 -0.39945787 0.1370172 -0.13316384 0.26287255 -0.3361521 -0.15452212 -0.18759431 0.09118426 -0.14293407 0.4283717 -0.18991585 -0.14748588 0.014968246 0.3362442 0.028192116 0.4416279 -0.13555098 -0.14570223 0.10314476 -0.15271528 -0.010946316 -0.21190496 -0.053742167 0.15520105 -0.089036874 0.053462867 -0.13098763 0.009515528 -0.4193265 0.17506723 0.11935559 -0.15639685 0.20922333 -0.03916467 -0.086971804 0.059752584 -0.26484916 0.18494998 0.19811632 -0.017441886 0.28362858 0.01719615 -0.00962352 0.08897139 0.48009118 -0.059553035 -0.21569936 0.045501806 -0.33211568 0.1365802 -0.039059237 -0.14438228 0.018309174 0.02771262 0.16346431 0.13622396 -0.18206738 0.05679571 0.13801946 0.010734353 -0.17137899 -0.056828815 0.012198656 -0.3146787 -0.13340484 -0.039389897 -0.19676745 -0.0437245 -0.07824672 -0.37252435 0.12468648 0.18325585 0.028461229 0.083043836 0.22128779 -0.13490234 -0.092921704 0.03820673 0.2214366 0.088520244 0.3587114 0.069525406 0.24747245 0.10637766 -0.0146637 -0.06879881 -0.19407657 -0.41292566 0.030179989 -0.1546832 -0.111273 0.3427721 0.009940128 -0.3594786 0.117791675 -0.044165485 -0.2533481 0.022845628 0.29979575 -0.19471139 -0.028150447 -0.17868376 -0.18282643 -0.18680122 0.25978667 0.027694665 0.04981535 0.0030923362 0.04782808 -0.08988325 -0.19652422 -0.030000376 -0.102653764 -0.15509145 -0.0039639077 0.03195084
TGO 0.1306991 -0.1909072 0.27253678 0.14901084 0.13668212 -0.20616645 -0.15161306 -0.078281716 -0.081419766 -0.10372114 0.14264894 0.064993024 -0.28824645 0.011188326 0.1462677 0.11998235 -0.405922 0.042463202 -0.274216 0.16264838 -0.12843232 0.10997859 0.07773713 -0.27498883 -0.23317246 0.34958756 -0.019840052 0.24604784 -0.040631916 -0.04796444 -0.022429144 0.3165719 0.016538193 -0.08316115 -0.2539016 0.08138208 0.07387608 0.30014473 -0.26763672 -0.033884782 -0.06176676 0.2683826 0.09018925 0.046241842 0.014893302 0.04271975 -0.19320397 -0.047420565 0.097751796 -0.18366684 -0.059493084 0.059490375 -0.04575278 0.276815 0.017495675 0.30845967 0.2295552 -0.046087537 -0.09109941 0.15960759 -0.070111066 0.08331341 -0.053976424 0.105464436 0.040648814 0.044650245 0.057557866 -0.07759305 -0.44811514 -0.24849212 -0.05186447 -0.24540593 -0.1200559 -0.30699176 0.23390317 0.15508084 0.0756979 0.13445738 -0.2731901 0.045000087 -0.05682395 0.009268558 -0.108508326 0.027896259 -0.09862905 0.19024193 -0.016319495 -0.03789882 -0.19414625 0.21662997 -0.2401936 0.12288793 0.05220415 -0.01990375 0.15271431 -0.070321664 -0.28991482 0.022419402 0.0061528296 0.026081793 -0.45412353 -0.07829434 -0.015185037 0.044608347 0.2382541 -0.33789542 0.120085664 0.029859103 -0.090197034 -0.24307953 0.0014718724 -0.31186813 0.057681147 -0.2066855 -0.2351153 -0.025380006 -0.35918194 -0.3841524 0.14652798 -0.06916923 0.029502653 0.02665123 -0.15183647 0.1259153 -0.0765315 -0.10776307 -0.28776273 0.15176317
PRK -0.24535078 0.28419387 0.15159485 0.39569944 0.12913851 -0.120103195 0.31259108 0.17832327 -0.12682036 0.15357162 0.0045161042 0.028106183 -0.26277816 -0.023608342 0.08326776 0.047479697 -0.2951732 0.08949293 0.02290355 0.32538244 0.029981822 0.16480024 0.082189284 -0.34684622 -0.1519087 0.20526274 -0.053390473 0.2505409 0.1271125 -0.089496106 -0.034428187 0.04148392 -0.18020843 -0.08423842 -0.1301149 -0.042221162 0.1789208 0.101741895 0.0074350303 -0.14106739 -0.18700302 0.37773192 0.029344866 -0.04669949 0.25544396 0.10435854 -0.2595516 0.22860257 0.12231871 0.053776987 0.118076555 0.008462394 -0.13524355 0.23839109 0.1610699 0.007928922 -0.20615862 -0.122189835 -0.09609635 0.23341078 -0.13706441 0.16589342 -0.15051907 0.04281929 -0.10019294 -0.2077489 -0.4318294 0.205013 -0.21475212 -0.15929103 -0.20061442 0.08547203 -0.20380463 -0.34905785 -0.0035900767 -0.10280339 -0.020107176 0.23061286 -0.042278767 0.25759223 0.2166657 -0.23114339 -0.103799805 0.06501772 0.41881278 -0.2225 0.09400212 0.052023403 0.1123382 0.09222539 0.12214747 0.10803906 0.14481993 -0.121755995 0.03962452 -0.2778859 0.012077272 -0.15001133 -0.05560821 -0.06073071 -0.16632803 -0.121860825 0.17330143 0.110429205 -0.11613481 0.025257979 0.13834149 -0.13557078 -0.0329143 -0.17447864 0.4804543 -0.39294982 -0.25174728 -0.04951086 -0.4434155 -0.054023996 -0.04225701 -0.4788488 0.5191848 0.23581678 -0.3036265 0.09483694 0.26524433 0.06942332 -0.117163405 -0.5356464 -0.29766712 -0.3147111
MHL -0.22181123 0.023463363 0.18928227 0.25361803 0.14807817 0.08166345 0.02857531 0.25741225 -0.06987336 0.12206482 0.031376436 0.18642053 -0.28506818 -0.16159925 0.20786358 0.17310892 0.004338339 0.04910118 0.120134726 0.06808215 -0.12763679 0.01240912 0.0735758 -0.48017162 -0.3024429 -0.030098384 -0.13750133 -0.06717584 0.08015614 0.2527439 -0.06409259 0.13402893 -0.31934237 -0.09761576 -0.023737025 0.2334509 0.25521258 0.12029772 0.0040021148 -0.08812363 0.013787367 0.3010244 0.042308826 0.10428831 0.18661806 0.12732765 -0.20034043 0.021541746 0.08093551 -0.12294718 0.18247321 -0.07279235 -0.095644005 0.30184686 0.33250305 0.022653703 -0.26659432 0.20816082 -0.09002918 0.2713584 -0.07625995 0.15675381 0.052821577 0.14472362 0.0677745 -0.14335048 -0.39222524 0.25317815 -0.05226931 -0.3018196 -0.035227545 -0.21964878 -0.15503906 -0.3956272 -0.079615876 0.05916375 0.08501021 0.23492973 -0.021926964 0.23552406 0.019849274 0.032382604 -0.26080963 0.19710992 0.45199084 -0.052449886 0.13583289 0.0022996727 0.17151047 0.11960247 -0.13109863 0.20594652 0.037019826 -0.06808439 0.27947167 -0.30282387 0.20056641 -0.15631877 0.14919417 -0.26678774 -0.29657033 0.100239776 0.04805813 -0.0252219 -0.111045845 -0.12357502 0.13943866 -0.24160862 0.12316946 -0.44269237 0.20395154 -0.42681473 -0.34796104 0.13080953 -0.31988767 0.009612761 -0.08564975 -0.43732342 0.59511524 0.30097878 -0.22300701 -0.10992177 0.09305102 -0.20708895 -0.19070631 -0.2912461 -0.2757965 -0.29058707
BWA -0.1267254 -0.089460656 0.26522416 0.18779773 0.2782676 -0.30650276 0.071876615 -0.14730233 -0.041834738 -0.07700578 0.43936482 -0.09495454 -0.20435166 -0.16116895 0.329801 0.019591777 -0.03770245 -0.18009809 0.024477262 0.2244098 -0.05696107 0.04809245 -0.0634327 -0.17288044 -0.24598536 0.3379418 0.03545269 0.27631313 -0.024993489 -0.19020031 0.050992418 0.18833749 -0.09416378 -0.24272051 -0.31478304 -0.06737412 0.03991761 0.26670069 -0.5148174 -0.011645468 0.011877322 0.332707 0.034525733 0.21769857 -0.01966269 0.06558094 -0.044685006 0.037306834 0.16958027 -0.06604778 -0.13594057 0.29159322 0.07072398 0.1994653 -0.106365 0.20175242 0.29833382 -0.044302605 0.059269235 0.08631694 0.09110488 0.11990365 0.17639129 0.05601749 0.28689128 -0.04029513 0.14796457 -0.10353211 -0.16572261 -0.046703722 0.055837262 -0.27363527 -0.31840998 -0.37639713 0.11167297 0.0961156 0.23007587 0.1373045 -0.2267025 0.028367793 -0.056990728 -0.13952634 -0.021235093 0.17445982 0.00629508 0.19049993 -0.11840784 -0.23919292 -0.2173 0.15132315 -0.19177908 0.10482197 0.14266984 -0.028790457 -0.07503565 0.07557574 -0.18017292 -0.039049216 -0.023517136 0.13307649 -0.3329955 -0.10818609 -0.1372564 0.05216184 0.24314995 -0.04304505 -0.013350928 -0.043042123 -0.03660884 -0.19434224 0.20804998 -0.20646095 0.16578145 -0.3040365 -0.22797154 -0.014754913 -0.16994627 -0.3710151 0.16023958 -0.014290047 -0.17328559 0.0005321059 0.010951155 0.008990294 -0.16402371 -0.17088693 -0.22053358 0.18864152
BGD -0.17627962 0.11086817 0.16702391 0.1833588 0.07936618 -0.082442544 0.27427545 0.061259523 -0.030764204 0.13367842 0.16313073 -0.10955879 -0.067364536 -0.11289287 -0.055379823 -0.08989272 -0.012531556 0.014029194 -0.092562884 0.32045874 0.026015967 0.16701858 0.08725236 -0.31382877 -0.101819426 0.245266 0.06302384 0.2792401 -0.1658438 -0.33429018 0.0066984096 0.2213443 -0.30110312 -0.08041772 -0.26132742 -0.16066535 0.15170242 -0.075279236 -0.22039983 -0.111494035 0.026367482 0.15790017 -0.032237258 -0.03074345 0.21438304 0.1644245 -0.08013783 0.24008545 -0.14574477 0.09890204 -0.2512515 0.20947605 0.07104952 0.06189662 -0.048617624 0.10176524 0.19661343 -0.18397267 -0.08371024 0.19234604 0.05306203 0.11219434 -0.029264847 0.09299764 0.108246244 -0.18454292 -0.19110073 0.18393281 -0.18662485 -0.0036035387 -0.21114299 0.023163488 -0.24999864 -0.32623217 0.11798648 -0.20536482 -0.0029387802 0.061689485 -0.18157303 0.080898255 -0.08692319 -0.17744498 -0.13081369 -0.077718474 0.30436602 0.24586122 0.04091884 0.047399607 0.007136162 0.3359872 0.06873397 -0.086123556 0.052233037 -0.13736978 -0.09363534 0.08245468 -0.20641536 -0.12780896 0.07725546 0.09421591 -0.21498927 -0.29217896 0.0023418292 0.04996169 0.2980864 -0.26227233 -0.11907412 -0.24111028 -0.12858434 -0.21464117 0.25539938 -0.50828993 0.18591674 -0.14801611 -0.19816308 -0.024917055 -0.1826567 -0.2808205 0.20342308 -0.29835215 -0.140842 0.10068251 0.059163596 0.18213233 -0.15621185 -0.2069882 -0.11856386 0.06502641
MAR 0.13839507 -0.0034084658 0.15195842 0.086820275 0.14047693 -0.25852323 -0.19489995 -0.17850487 -0.075940326 -0.106664605 -0.04364753 0.07780032 -0.13936624 0.23793887 0.025700942 0.26901072 -0.63744116 -0.016689971 -0.22446132 0.32463238 0.13588752 0.30429363 -0.03916567 -0.32198465 0.0069829873 0.33532616 -0.13511568 0.39218852 0.16830929 -0.105632134 0.08048575 -0.01684868 0.20414984 -0.021928238 -0.07603938 0.23882467 -0.1039547 0.14981548 0.19821079 0.10983051 -0.3090798 0.26819405 0.14635189 -0.26899266 0.089220844 0.08968806 -0.18616138 0.044743255 -0.1368013 0.012969131 0.36445075 0.012588964 -0.14169215 0.017981637 -0.093907215 0.16168182 0.32225865 0.020431869 -0.18033177 -0.15706983 -0.21826065 -0.02692041 -0.2816229 -0.1510037 0.089790486 0.14317451 0.18629272 0.18474723 -0.25381908 -0.040534537 -0.029376242 -0.13478783 -0.26779556 0.07727026 0.16101289 -0.28309226 -0.0850431 -0.014692325 -0.30829105 0.09665301 -0.16983594 -0.080432184 0.08957431 0.22119431 -0.07407388 -0.094787635 0.16321614 -0.20134977 0.091816016 0.09897391 0.10991673 0.31531858 0.1021942 -0.001786233 0.31519616 0.11397302 -0.07218445 -0.08257541 0.0481096 -0.25325203 -0.35574663 0.12190747 0.07740433 0.27812833 -0.0581016 -0.3589513 0.12073495 0.040102392 -0.061273795 0.013003771 0.08973294 -0.00587136 -0.23990898 -0.1573872 0.025920065 0.05672338 0.059907734 -0.021854382 0.26546997 0.09107915 0.04319589 0.03871002 -0.1413371 0.028881432 -0.010013227 -0.16906942 -0.2075065 0.18568122
GEO -0.115809344 -0.17089427 0.046709366 0.027905349 -0.04811792 -0.1137739 -0.068444476 -0.10102303 -0.08922027 0.07730753 0.07882501 0.11783232 -0.24551797 0.29676133 0.080666214 0.3676696 -0.47237286 0.13867548 -0.29584596 0.21804704 -0.027995747 0.24483998 -0.14835557 -0.21626392 -0.1549222 0.24515583 -0.19215289 0.24791497 0.21155943 -0.04026956 -0.008065002 0.05312158 -0.019844437 -0.04201722 -0.08706557 0.1883333 -0.031096334 0.0601279 0.12998079 -0.12163023 -0.34823245 0.40518567 0.21097657 -0.22799002 0.07994364 0.07383281 -0.23538409 -0.08374201 0.061371807 -0.08260033 0.2267887 0.030833349 -0.12127005 0.09517879 -0.03027006 0.05887582 0.25214812 0.048055205 -0.043445878 0.024153577 -0.16661759 -0.12726748 -0.21478963 -0.2294152 0.09868136 0.3323823 0.06872494 -0.021539792 -0.28551808 -0.08494395 -0.10647648 -0.25373274 -0.3234566 -0.04815112 0.27808568 -0.095196664 0.015823606 -0.017781554 -0.12520614 0.044967044 -0.06695545 -0.08560658 0.1065803 0.26314706 0.005852392 0.01373969 0.020132963 0.049006242 0.1048932 0.15298183 0.041048333 0.2551126 -0.057657022 -0.06134118 0.264529 0.046846073 -0.00016608066 0.1770025 0.08301369 -0.04495189 -0.29575524 0.19199924 -0.078305274 0.104332045 -0.04743024 -0.081614845 0.013337484 0.09720602 -0.16181079 -0.03160426 0.059293427 0.16784598 -0.024440132 -0.033371866 0.019380562 -0.02118949 -0.09781425 -0.18271112 0.11093889 -0.08882083 0.071413614 0.1332809 -0.1018065 0.17222601 0.04016807 -0.10554377 -0.058789883 -0.0038419452
BEN -0.23479979 0.16424839 0.009256184 -0.010268137 0.004194542 0.10249459 0.22483777 0.00021036294 -0.12914804 0.21681029 -0.017835533 -0.028554484 -0.005367805 -0.004968805 -0.09911406 0.10359956 -0.04493597 -0.038956467 -0.056312148 0.049997743 0.1604047 0.21318012 -0.05143356 -0.34734398 -0.2999091 0.16669202 -0.22308838 0.25624788 0.05972912 -0.21915808 -0.06484031 -0.031062888 -0.20389886 -0.0068527143 -0.04505804 0.1997022 0.110583864 -0.11209899 0.10928117 0.12109715 0.03845102 0.08214138 0.16825095 -0.15322343 0.055759344 0.28614137 0.10498455 -0.010266278 -0.045057695 0.09559654 0.06727793 0.152065 0.055833273 0.046780493 0.053277463 0.00014162685 0.35554215 -0.101561375 -0.2498307 -0.06626681 -0.0048821187 -0.17254063 0.023559978 -0.04682108 0.16131485 0.03936181 -0.035532113 0.055878803 -0.055798516 -0.044882707 -0.111928 -0.033474706 -0.36289224 -0.014013849 0.07952648 -0.33003202 0.023443693 -0.05806611 -0.009202154 0.062229242 -0.08216165 0.1159736 0.11742937 0.1417756 0.16463278 0.05994839 0.04360603 -0.034050316 0.21448667 0.22475138 0.068963915 0.052260876 0.05221593 -0.05804425 0.107719876 -0.025900934 -0.0031890008 -0.15878595 0.11795281 -0.04161831 -0.27547252 -0.026719408 -0.055947263 0.026480176 0.0750755 -0.11942482 -0.24367027 -0.1556678 -0.08856657 -0.14909582 0.08319277 -0.19186644 0.024245461 0.012882229 0.086752996 -0.11701091 0.15429083 -0.21425526 0.34635004 -0.28747335 0.04624759 0.08547111 0.008400508 0.27560407 -0.15983336 -0.30666915 -0.12370834 0.06969314
GRD -0.10724364 0.07781539 0.011300135 0.2235871 0.015322075 -0.023541821 -0.20725502 0.056359265 -0.065151766 0.12967141 0.13253628 0.10269741 -0.23987785 -0.09014367 0.13339855 0.05361907 -0.052964546 -0.15393223 -0.33250257 0.25336942 -0.04022004 0.19521154 -0.12570237 0.027290566 -0.12663858 0.19745176 -0.013537314 0.091458976 -0.027290726 -0.11374277 -0.24391396 -0.028647928 0.1190761 -0.031771682 -0.054013804 0.3520573 -0.013069762 0.00856318 -0.068330236 -0.028772553 -0.13519442 0.12182432 0.0916252 0.0002278096 -0.11542737 0.14013453 0.13781495 0.23346864 -0.37568653 -0.012238799 -0.017400062 0.15696362 0.15636565 -0.04110059 -0.11491976 -0.028849006 0.15757032 -0.06842289 -0.0071661593 0.10965893 -0.26256385 0.20811538 0.018443234 -0.12154067 0.35088572 -0.097053826 0.27637932 0.18266524 -0.15033269 0.0738889 -0.1939102 0.021605654 -0.25981805 -0.25976053 0.019521825 -0.10817757 -0.023084782 -0.020890769 -0.34303197 0.13620827 -0.38546336 -0.23715568 -0.053310134 0.36473903 -0.052592106 0.023596976 0.17480859 -0.24311338 0.04478171 0.13478206 0.2539508 0.04272514 0.2961024 0.019441778 0.26528805 0.11753238 -0.25393006 -0.06026052 -0.017088879 -0.16963004 -0.24554464 -0.079048455 0.038677637 0.18472339 -0.057480216 -0.33360997 0.2507736 -0.024033405 -0.24146193 -0.21127445 0.07169736 -0.2872771 0.15204369 0.021631956 -0.11104753 -0.25659093 -0.08352834 -0.016118722 0.09763633 -0.1020563 0.008279428 -0.10890071 -0.1481898 -0.025866287 -0.13385607 -0.08242314 0.09023076 0.006452812
AND 0.3199846 0.06976134 0.20160978 0.1028856 0.1766963 -0.30261034 -0.2205634 -0.19350147 -0.018547475 0.06646772 0.17254886 0.04947014 -0.19297877 0.07897726 -0.111801974 0.25081527 -0.22231191 -0.1348554 0.026353419 0.25511324 0.10890272 0.30145037 0.077626 -0.49331027 -0.026991867 0.3279572 -0.2059421 0.17243116 0.20333 -0.2041371 0.13382654 -0.0013927787 0.14609727 0.085985854 -0.02821461 0.18898854 0.050713282 0.21109368 0.16765104 0.22358747 -0.16378377 0.09440288 0.19151525 -0.21899712 0.0063646273 0.0034557835 -0.21079274 0.053351957 -0.26055002 0.0905908 0.36880925 -0.22220403 -0.16957085 -0.0074017337 -0.033489436 -0.013348437 0.23642641 0.045325138 -0.22947116 -0.17827821 -0.12784842 -0.02417727 -0.2021947 -0.06979204 0.25940666 -0.243014 0.059721693 0.2720621 -0.045514148 0.081027634 -0.02125766 -0.06301811 -0.24959071 0.09297238 0.050521694 -0.26344752 -0.083002105 0.004103406 -0.24892712 0.109717175 -0.26376164 -0.0927296 0.10478258 0.30733627 -0.044129148 -0.0027994518 0.053012427 -0.30719507 0.12484855 0.10282033 0.03013977 0.32225034 0.20268884 0.076638505 0.36025336 0.1466784 0.16112036 -0.32666403 0.08083725 -0.299771 -0.052166335 0.043244924 0.20929585 0.3286276 -0.034226086 -0.35637885 0.07625297 0.05097944 0.10507952 -0.063992046 0.009373425 -0.048937257 -0.05443628 -0.10414675 0.12925743 0.06696147 0.19883731 0.14313348 0.38808605 0.1821819 0.05007147 -0.0060717 -0.08482837 -0.1609284 -0.08267383 0.047057595 -0.27813503 0.115215525
JOR -0.19863483 -0.18686457 0.11818029 0.036217522 -0.047476783 0.25794977 -0.14935315 -0.0071853423 0.050457213 0.12895924 0.072742045 -0.0741534 -0.091376156 0.021062385 0.07217482 0.07272567 -0.217416 0.098161995 -0.19948645 -0.18947834 -0.010468093 0.26989698 -0.13818353 0.029958082 -0.20865758 0.13327482 0.07902542 0.067592114 0.32638484 -0.0999881 -0.09793472 0.07337556 -0.50903577 -0.1927131 -0.07782387 0.14775443 0.06732078 0.24953847 0.007284137 -0.28573 -0.031246534 0.17699595 0.11736278 -0.017477052 0.06252025 0.20832825 -0.14622626 -0.22855635 -0.04768137 -0.07752292 0.06862572 0.12539452 0.021622509 0.0001259492 0.054561593 0.11740522 0.3381515 -0.08698878 -0.066897236 -0.10909317 0.028372765 -0.12051221 0.19009198 -0.09345687 0.12193991 0.039707955 -0.06311415 0.12633365 0.10732471 -0.059434276 -0.24249847 0.03744108 -0.45526075 0.029140623 0.13325362 -0.19020995 0.06142501 -0.025310142 0.032268584 0.10965523 0.07095267 0.0024862366 0.11406155 0.18186575 0.22881012 0.09225419 0.007800112 0.1669184 -0.028870989 0.13055763 0.098820254 0.044589426 0.18318342 -0.15593056 0.42956147 0.0534999 -0.1182632 -0.13541861 -0.106881596 0.117413655 -0.20170128 -0.011920938 -0.21664608 0.085505 0.102964506 -0.19603561 -0.1625079 -0.057603337 -0.08094626 -0.06155367 0.2846504 -0.27379042 0.23349811 0.004514772 0.16805333 0.030480618 0.039129827 -0.095327854 0.2666022 -0.16748714 0.037724484 0.1299412 -0.011974803 0.0532947 0.017661422 -0.43697548 -0.049170427 -0.003238133
BRB -0.23605004 0.08364163 0.0013238889 0.09472343 -0.12630339 0.052455585 -0.2876109 0.1725347 0.044485763 0.19909072 0.15315866 0.14896952 -0.43586263 0.029536445 0.02246626 0.038955864 -0.07609493 -0.0790003 -0.3021605 0.20257567 -0.08356069 0.17462784 -0.20387545 -0.11169077 -0.18556772 0.13477139 -0.08940269 0.09329551 -0.034349307 -0.08098792 -0.27131933 -0.056388352 0.01465686 -0.063611284 0.084141634 0.38186136 -0.074254796 -0.09464224 0.029226208 -0.095728815 -0.053116363 0.15607469 0.18238544 -0.14876525 -0.15996356 0.05559123 0.33472183 0.16565306 -0.4578397 -0.03960594 0.019193072 0.11458799 0.15423253 -0.1663325 -0.04274637 -0.12446714 0.012300655 -0.009204623 0.09511824 0.23206918 -0.28260192 0.2668366 -0.10100954 -0.11714572 0.25986108 -0.050973825 0.36236972 0.2313291 -0.15134877 0.1263859 -0.23963612 -0.058378626 -0.3617735 -0.2946719 0.10667663 -0.07940801 0.094658986 0.00094339205 -0.41855204 0.10564943 -0.36003298 -0.34062466 -0.07360314 0.45144594 0.029088363 0.0059246537 0.25698045 -0.38370556 0.12316963 0.19884 0.2664905 0.13176228 0.32258108 -0.02567416 0.3449869 0.022699246 -0.23641762 -0.12735319 0.0786432 -0.35531026 -0.2692546 -0.0225401 0.0057173604 0.069118015 -0.15745436 -0.32863218 0.23401166 -0.08941819 -0.33158565 -0.24355441 0.111070685 -0.36537534 0.16370526 0.0436079 -0.23460287 -0.26037478 -0.124846585 -0.08739434 0.094065316 -0.017911872 0.038399965 0.024212468 -0.1800961 -0.120905966 -0.07475979 -0.09944412 0.17064027 -0.18993887
LCA -0.24108312 0.05405847 0.106984966 0.003235448 -0.01129741 0.0854901 -0.22124572 0.027871927 0.110063195 0.11511159 0.18694389 -0.019614296 -0.45753136 0.06251703 -0.10609309 0.079211354 -0.14789526 -0.16692972 -0.20062791 0.1655473 -0.09595027 0.26286766 -0.23468712 -0.27843103 -0.1849433 0.18857865 -0.0762786 0.2939259 -0.12086004 -0.08158185 -0.05671736 -0.104146436 -0.15145043 -0.1487877 0.09936164 0.19296445 -0.10357891 -0.10744958 -0.06914839 -0.030161437 -0.08260669 0.13816153 0.10568349 -0.16324942 -0.039145883 -0.025157293 0.32000878 0.12533356 -0.41589117 0.07819537 0.035275828 0.068539314 0.24850768 -0.10470039 -0.011616382 -0.04139258 0.13773823 0.033590816 -0.015333379 0.27812368 -0.23578501 0.3213018 -0.12589237 -0.07016819 0.16204913 -0.07637153 0.23212953 0.24649008 -0.14559963 0.1358831 -0.12664126 -0.0981815 -0.27522928 -0.2265319 0.08544165 -0.11109714 0.16669065 0.058747765 -0.39039034 0.011109679 -0.19649419 -0.40650263 -0.09053693 0.31321743 0.15959392 0.055523563 0.21639748 -0.43507355 -0.021773594 0.12787454 0.20468067 0.10953725 0.41858876 0.01984778 0.19657004 -0.005185959 -0.14326125 -0.14494212 0.04863926 -0.46914226 -0.076641835 -0.1231975 -0.03571034 0.09435461 -0.14588796 -0.3299506 0.13331133 -0.19362913 -0.28240752 -0.17132421 0.1493455 -0.43364492 0.06905114 -0.04288694 -0.30600673 -0.16589846 -0.02509105 -0.042570148 0.08740982 -0.02338287 0.016401453 -0.026513098 -0.16978127 -0.12453775 -0.14397353 -0.122062795 0.13596542 -0.22494633
TKM -0.058462728 -0.31257126 0.18510847 0.044252403 -0.011540072 -0.12809011 -0.04155024 0.15378743 -0.07966763 0.18557082 0.41704854 0.09117941 -0.31183895 0.035903774 0.05266741 0.10821062 -0.12016669 0.36547464 0.13258618 0.12833303 -0.10896624 0.22377752 -0.09110985 -0.4665118 -0.13045484 0.12802339 -0.38094503 0.008976904 0.10074702 -0.05671428 -0.1269153 0.25505996 -0.21523936 -0.15052295 0.049031932 -0.02383469 0.09675448 -0.11148263 0.009628748 -0.092210494 -0.11264683 0.33505526 0.14145713 -0.15953273 0.24771102 0.0009872038 -0.32862264 -0.096190795 0.017292922 0.061991487 0.28542033 -0.040614005 -0.15966365 -0.050993107 0.27156368 0.028962491 -0.05933024 0.04408903 0.10347289 0.021619512 -0.009664566 -0.16930875 0.05187279 -0.063439384 -0.12436708 0.22440669 -0.15807152 0.17495036 0.015286398 -0.09862178 0.0637301 -0.29132542 -0.33787343 -0.25840834 0.21785697 -0.11660854 -0.082533866 0.014785469 0.0027886473 0.023853362 0.03420842 -0.19023682 0.08056001 0.27344906 0.30264652 0.0730963 0.33178332 0.13744798 0.32134888 0.24509479 -0.2573609 0.23775552 -0.12829529 -0.080721 0.50137025 0.10716062 0.20948862 -0.15295237 0.20939776 -0.26891145 -0.13438757 0.056332245 -0.11755792 -0.03624957 0.18242966 0.06673924 -0.04124853 -0.07267823 -0.059009902 -0.23320565 0.37100407 -0.047542423 0.065543436 -0.16819759 -0.07883841 -0.02615627 -0.001159732 -0.32299507 0.21646051 0.13294527 -0.005148092 0.22145918 -0.16373262 -0.052194368 0.050481852 -0.13141125 -0.08529331 -0.12108649
ATG 0.21517748 -0.04948604 0.16492881 0.4019653 0.15937598 -0.20629272 -0.11553041 -0.17943019 0.02772401 0.14690764 0.3169064 0.0010241728 -0.50266755 0.00818268 0.23327808 0.2560399 0.16618524 -0.2994808 -0.24033326 0.14264546 -0.08178304 0.33960763 -0.094815984 -0.124825194 -0.3177932 0.30222714 -0.23889962 0.08773424 0.19700602 -0.06699866 0.18737346 -0.031628266 0.08278704 -0.016230043 -0.11017359 0.14171803 0.23907794 0.2701561 -0.033894558 0.08995802 -0.33077925 0.1714405 0.03899768 0.07103485 -0.040223986 0.004314511 -0.33074793 0.24814095 0.12481444 0.08682813 0.03165111 -0.081132494 0.067297354 0.15010272 -0.12525797 -0.033946928 0.3347391 0.0033015031 -0.21741538 0.0121989045 -0.22677459 0.026939217 0.19433641 -0.019157642 0.47668144 -0.1607365 0.1446304 -0.01916994 -0.03301539 0.032960832 -0.19817168 0.054358922 -0.1779556 -0.15995985 0.105478525 -0.03154071 0.18612094 0.029649422 -0.21530037 0.2492407 -0.18496418 -0.17458539 -0.028835073 0.42333883 -0.084776886 0.10773574 -0.023882104 -0.114372015 -0.24893817 0.21060029 0.14085913 0.22023611 0.37847286 0.11247755 0.3081087 0.18457371 0.036533967 -0.16535792 -0.022166423 -0.111407146 0.03478818 -0.09746906 0.13373554 0.35972953 -0.09996172 -0.2044048 0.2126102 0.23208058 0.043854732 -0.0003653575 0.037335016 -0.13405804 0.061720423 0.05012241 -0.15107937 -0.14995597 0.055442635 0.119067445 0.17468983 -0.034800593 -0.021244263 -0.10703794 0.15329976 -0.20044285 -0.16243388 0.080094054 -0.031224241 0.023964448
BOL -0.10398409 -0.19219291 0.090985976 0.25229234 0.18620744 0.22534557 -0.28720137 -0.26527077 -0.08643023 0.025885377 0.21823902 -0.23167866 -0.50545895 0.0543601 -0.073693104 0.3573076 -0.32595053 -0.15573627 -0.11915275 -0.019875988 -0.2517364 0.45575944 -0.23789446 -0.0405894 0.028406996 0.24260904 0.11270344 0.30835873 -0.12161321 -0.01573078 0.12102033 -0.20782095 -0.2083314 -0.24594294 0.019245574 0.18983994 -0.05910278 0.17826912 -0.1768786 -0.06437192 -0.59176743 0.24188131 0.12892176 -0.08416655 0.29581067 -0.066425614 -0.19674239 0.07847155 -0.40610045 0.18084922 0.17191832 -0.14601271 0.38231775 0.07205116 0.08063639 0.2146319 0.4812791 -0.045141667 -0.15516847 0.09725582 -0.34112424 0.28663734 0.04930249 -0.22435948 0.09604639 -0.032607764 -0.021807948 0.21973428 -0.12824723 0.09402303 0.11472614 0.07675835 -0.10027503 -0.05021834 -0.08270872 -0.32304168 -0.17521325 0.06876734 -0.1769696 -0.084613845 0.005793482 -0.4984881 0.041018777 0.21746354 0.23647694 0.014309271 0.2330132 -0.042104412 -0.12822177 -0.047248833 0.28016445 0.07952489 0.46961555 0.110720485 0.3418237 0.021466535 -0.018701203 -0.018130276 -0.2425912 -0.4791477 0.17867385 -0.21949354 -0.20956993 0.4694765 -0.04106744 -0.42385238 0.16618174 -0.12771033 -0.33240497 -0.0986743 0.46290752 -0.3870688 0.04006884 -0.19341356 -0.1663292 -0.26622286 0.31041145 0.10113699 0.13852422 -0.052726414 -0.02125743 -0.21256986 -0.28605574 -0.034750164 -0.18631029 -0.23472954 0.013002622 -0.051222548
MNG -0.046971504 -0.31081456 -0.014512369 -0.038142733 0.17774358 -0.13600588 0.10376417 -0.034801073 -0.06187961 0.08462941 0.33414298 0.011480994 -0.22448948 0.063147195 -0.07266555 0.25943473 -0.027512966 0.058953095 -0.27542135 0.13747627 -0.099523894 0.2259865 -0.008038899 -0.21211143 -0.072284125 0.3972889 -0.27443704 0.13780779 0.22195123 -0.25555584 -0.045628108 0.123402275 -0.052810438 -0.1499075 -0.16167122 -0.011960465 0.24851882 0.02517105 0.028353767 -0.26716617 -0.28573072 0.5337325 0.14163123 -0.03685592 0.2541019 -0.02986034 -0.32530668 -0.16004534 0.14360249 -0.05306192 0.1371133 0.0465136 -0.2079639 0.1385743 -0.11662554 -0.28764835 0.19786048 0.0687428 -0.010236874 -0.06141181 -0.040666874 -0.22070731 0.041782483 0.02174582 0.10752689 0.050576974 -0.15293661 -0.05586836 0.07353516 -0.04974635 -0.14522481 -0.2556656 -0.36344028 -0.23360133 0.22000688 -0.1791015 0.016634997 -0.051920153 0.049945783 0.07701495 0.018090414 -0.15997002 0.29738554 0.17695841 0.1192793 0.16139704 0.027458005 0.10123686 -0.013090508 0.23652773 -0.06924606 0.081313044 0.07459992 -0.20140658 0.18383236 0.13895372 0.24660249 -0.08702583 0.023079043 -0.037001282 0.05606268 0.06928782 -0.18241249 0.11642675 0.048416954 0.019977327 -0.2055979 0.13450365 0.19041146 -0.19035831 0.17802493 0.038448207 0.034282874 -0.056628264 -0.04104667 -0.03882334 0.22100888 -0.10212745 0.06369895 0.119584896 -0.0570168 0.15557387 0.08853316 -0.017271655 0.12589124 0.015759613 -0.12069454 -0.12550822
KGZ -0.05208478 -0.31427222 0.13195126 -0.014298496 -0.041587714 -0.078349985 0.0016751722 0.051036544 -0.010426409 0.17189065 0.31609982 0.0642967 -0.24294448 0.13087475 0.010552006 0.27586868 -0.09743192 0.19949324 -0.042123336 0.11362006 -0.094576456 0.28799927 -0.14085059 -0.4623678 -0.1980562 0.23647177 -0.36291704 0.08237386 0.24123596 -0.08388582 -0.05464625 0.21672176 -0.18837892 -0.072980516 0.03157653 -0.033671673 0.13409634 -0.04750985 0.048067044 -0.2295316 -0.14141937 0.32200524 0.18664788 -0.16482021 0.21030822 -0.04173156 -0.27512518 -0.1561315 0.022136133 -0.0067949956 0.21267799 -0.11744188 -0.1566679 0.022615219 0.20059462 -0.16033861 0.06636936 0.078501604 0.009873614 0.060505882 -0.066900246 -0.21456403 -0.012263624 -0.054074556 0.0050469334 0.14415973 -0.13202736 0.11015483 0.007172777 -0.016578484 -0.10844735 -0.26579213 -0.40599015 -0.17870335 0.20572676 -0.112026855 0.025145816 -0.014067613 0.011220146 0.024040274 -0.04101739 -0.16292354 0.15962136 0.3021017 0.25309786 0.080303065 0.13519122 0.1399409 0.22355248 0.24660479 -0.16286033 0.23558554 -0.04437135 -0.12815537 0.4026432 0.056493636 0.27818677 -0.04796759 0.11967808 -0.11738294 0.0005680042 0.13075203 -0.15774031 -0.0196339 0.10196045 0.06729507 -0.14735949 0.061922032 0.006121536 -0.10013679 0.20535396 0.1200226 0.14278895 -0.032391995 -0.02998494 0.0058680037 0.04008161 -0.20720266 0.19749992 0.07737174 -0.015128118 0.1922675 -0.036480043 -0.030595994 0.016979186 -0.084517606 -0.04617648 -0.16063407
TJK 0.14513505 -0.065896526 0.3416971 0.098710045 0.01942906 -0.17377241 -0.22047384 -0.08465253 0.019887023 0.28364694 0.5008469 0.12155723 -0.16645986 -0.15038814 -0.026434602 0.13837504 0.07495039 -0.039617356 0.15823439 0.2326227 -0.04283167 0.16654915 0.0580814 -0.49013057 -0.08872418 0.12855703 -0.22895037 -0.21640684 0.17830561 -0.112622246 0.007358073 0.2506218 -0.14939432 0.14731824 -0.025166428 0.100316316 0.1756558 0.21269059 -0.065236986 0.1084989 -0.07630209 0.19974054 0.13965596 -0.049750008 -0.011563321 0.0008859108 -0.26693958 -0.04393881 -0.39415836 -0.030077122 0.22515105 -0.2166525 -0.20100066 -0.032891765 0.14076313 0.16548711 0.0074125743 0.0789152 0.037069526 -0.09550258 0.13359277 0.07280709 -0.05671983 -0.12395928 0.39793393 -0.24294248 -0.20863006 0.2636816 0.00790605 0.04854653 -0.09255232 -0.17528182 -0.22220775 -0.06183744 0.096862 -0.018989377 -0.015891464 0.10059715 -0.16989723 0.009858216 -0.21767245 -0.11505559 -0.09131928 0.29274747 0.18367895 0.14221111 -0.037407596 -0.166768 0.15994774 0.15222655 -0.24708565 0.26549837 0.075829506 0.0126471855 0.3986668 0.19086559 0.15429237 -0.22188482 0.21533328 -0.14458317 0.065939255 -0.072941326 0.17003733 0.23460162 0.07662142 -0.23804373 0.058697887 -0.095002934 0.06674693 -0.349891 0.025662243 -0.18930064 0.24507429 -0.11641899 0.24681279 0.075880624 -0.062301725 0.04002592 0.31168848 -0.023645915 -0.010996536 -0.05106548 -0.19191836 -0.07288284 -0.14032109 0.10019042 -0.17882176 -0.06323156
TKL 0.0076717623 -0.3407414 0.0533137 0.27011418 0.3111719 0.124160126 -0.08231521 -0.17009053 -0.14642927 0.24844839 0.50488245 0.05390411 -0.076190114 -0.47467917 0.10574686 0.46394035 0.06948971 -0.07501805 -0.2211595 0.1471796 -0.22721016 0.23105207 0.28236297 -0.16692649 0.12212037 0.12421869 -0.08415451 -0.17263028 0.19873394 0.06532409 -0.2520368 0.15145846 -0.045577623 0.10412554 -0.14490327 0.2212727 0.39470148 0.015422349 -0.2776674 -0.06798292 -0.5684482 0.2964091 0.29225624 0.11529253 0.091527104 0.12936744 -0.4202929 -0.20231734 -0.49159867 0.013942693 -0.06342472 -0.22096422 0.17671168 0.09511082 0.20270485 0.21721941 0.45961052 0.09283693 0.08625854 -0.42756882 0.14403409 -0.0795307 0.3624499 -0.47802237 0.32848027 -0.11276553 -0.29315525 0.0688143 0.12584427 0.16456713 -0.052874174 -0.12032027 -0.14902504 -0.0017141942 -0.15422636 -0.2539252 -0.05254209 0.12083954 0.038254768 -0.050628696 0.13820794 -0.2541166 0.00923894 0.2951085 0.5125494 0.14072797 0.053967364 0.13051128 0.31238976 0.15349592 -0.18341458 0.021915458 0.52142745 0.14013077 0.43073255 0.040229168 0.026849022 0.1950926 0.1396528 -0.106165856 0.30834404 -0.17242222 -0.36395842 0.44350895 0.026117073 -0.14644219 -0.190436 0.10781112 -0.007154162 -0.68196255 0.26816452 -0.40775058 0.24315438 -0.04297301 0.41312206 -0.16975486 0.22409986 0.14356747 0.09357942 -0.25680232 -0.17110866 -0.36664465 -0.2934457 0.2127614 -0.22665803 0.026590088 -0.21295816 -0.13181086
VUT -0.11091048 -0.110012226 0.30401638 0.31819084 0.3482925 -0.36525488 0.05370876 -0.14848083 -0.093336225 -0.073169135 0.578105 -0.09402209 -0.18281409 -0.17096782 0.5066491 -0.021551084 0.031670894 -0.1927029 0.04880927 0.27992222 -0.03336844 0.09798464 -0.13752398 -0.029908251 -0.2493548 0.31543508 0.076112054 0.26896483 0.08842028 -0.17879236 0.067197025 0.175329 -0.093858756 -0.26293382 -0.39308003 -0.056223612 0.027945807 0.31701767 -0.59162277 0.043862477 -0.017905328 0.3716025 0.019061336 0.2844741 -0.033473734 0.09534502 -0.16824526 0.05623587 0.18690503 0.009009718 -0.08676774 0.35120258 0.099105105 0.13312663 -0.10151828 0.31163588 0.3186633 -0.057170257 0.10140401 -0.03936303 0.106222205 0.09823449 0.29319248 -0.061028473 0.40342045 -0.00047259207 0.21709022 -0.16198209 -0.096012436 -0.021503069 0.12667893 -0.23626536 -0.3513993 -0.3348161 0.0884927 0.08558152 0.22099419 0.12903066 -0.2625165 0.09516102 -0.022990474 -0.16937682 -0.023029145 0.25022253 -0.00026913034 0.13657899 -0.12924153 -0.24900964 -0.1904679 0.0904324 -0.1956281 0.124563955 0.1189402 0.013898401 -0.037446085 0.20734599 -0.17195947 -0.03595304 -0.034711365 0.17708221 -0.38370472 -0.14145197 -0.16767687 0.07932493 0.23412643 0.007302153 -0.004106724 0.053944573 -0.08878484 -0.12319704 0.32694346 -0.15969618 0.15441085 -0.33981916 -0.15996262 0.002737341 -0.13599698 -0.34305388 0.11906864 0.0053600976 -0.17278476 -0.01713026 0.026766805 -0.02027724 -0.14849718 -0.20320061 -0.17380632 0.25259927
CUB 0.19147924 0.02923678 0.15935984 0.09946135 0.26945713 -0.27460715 -0.26689118 -0.104995504 -0.081077404 -0.13659483 -0.013847231 -0.02262036 -0.12326109 0.09594117 0.023834668 0.12996234 -0.36564907 -0.17104694 -0.021850782 0.2997974 0.17406113 0.3267361 -0.0722316 -0.27845016 0.0449031 0.35244942 -0.11729936 0.3962481 0.09744787 -0.17771982 -0.0033641777 -0.121811084 0.20728761 -0.18627222 -0.024565564 0.30889753 -0.096277334 0.014410718 0.19913754 0.17359085 -0.1786412 0.16168877 0.14065179 -0.20583639 0.10394164 0.10541441 -0.030793838 0.061423223 -0.26581904 0.11570113 0.38332146 0.0052976296 -0.050393272 -0.14789256 -0.041240104 -0.07472354 0.24790709 0.037136506 -0.18599 -0.22081302 -0.22016664 -0.045713294 -0.21266642 -0.049659256 0.060928185 -0.060347553 0.3287361 0.32259327 -0.043080654 0.104852594 0.06084661 -0.0960524 -0.33517182 0.04837028 0.063518725 -0.38384885 -0.14719117 -0.07364003 -0.32967755 0.120074905 -0.30184522 -0.1526275 0.1750771 0.29845807 -0.009494383 -0.09968004 0.2697413 -0.43089095 0.16324899 0.09735643 0.13720831 0.35387972 0.29553503 0.05731167 0.4048454 0.23801456 0.017801423 -0.32437694 0.024907224 -0.44444722 -0.27505746 0.1317707 0.026949868 0.28590044 -0.05146986 -0.4173173 0.09625886 0.03541365 0.029947676 -0.02754347 0.17294073 -0.16432069 -0.23568462 -0.19488358 -0.040456813 0.011182447 0.25104284 0.068980426 0.25267047 0.299344 0.0072801383 0.012803918 -0.08613523 -0.17731194 -0.060545668 -0.1968005 -0.18442672 0.2257621
FJI -0.025501622 0.12051151 -0.0009812558 0.47862393 0.43045697 -0.1634537 0.20554972 0.16542529 -0.3417154 0.2695908 0.297811 -0.016627582 0.06081276 -0.41888645 -0.034937207 0.08372054 0.1586883 -0.06526377 -0.3892487 0.4939731 -0.048827115 0.17741707 0.21267653 -0.22605151 -0.027094832 0.16193768 -0.08605877 0.07692024 0.017111728 -0.25822783 -0.30708155 0.234751 0.022491686 0.057936106 -0.33084324 0.22100012 0.2897833 -0.16420239 -0.1153345 0.10060192 -0.17491996 0.25925896 0.08426275 0.021771573 0.030175926 0.24879517 -0.25747916 0.19663307 -0.28572428 0.11768838 -0.15558206 0.0754898 0.12308422 -0.058520827 -0.02666226 -0.022693137 0.087050974 -0.16147347 -0.18384892 -0.20096298 0.03738759 -0.055691194 0.07272134 -0.10110994 0.24219532 -0.27100936 -0.24200773 0.10216543 0.02685442 0.066280186 -0.104048334 0.098444745 -0.10512508 -0.18256514 0.03381042 -0.39410004 -0.38348144 -0.13435045 -0.10776557 0.3319067 -0.19841924 -0.17025565 0.032927576 0.01606988 0.15734804 0.119130574 0.0124433385 0.14852382 0.2571056 0.19942501 0.12853606 -0.18782489 0.108367145 -0.041670267 0.039465148 0.20136663 -0.10419194 -0.11448172 0.0020791073 -0.04613604 -0.17561325 -0.2874683 0.06286581 -0.019789286 0.24088594 -0.363231 -0.13247769 -0.002928898 -0.061645642 -0.342812 0.29617378 -0.40842244 0.0882745 0.06631143 0.18579568 -0.18421216 0.14714852 -0.10707864 0.13452631 -0.23628168 0.010248677 -0.12991785 -0.026470669 0.31985795 -0.14197242 -0.011100307 -0.08487059 0.019012334
CYM -0.13639338 -0.052674986 0.30976075 0.25703526 0.34069696 -0.372887 0.09714993 -0.17779087 -0.07825116 -0.0826049 0.62432516 -0.14598283 -0.16765389 -0.1675374 0.44706145 -0.033944935 -0.053991552 -0.17796546 0.053933427 0.2928312 0.026442587 0.12352526 -0.15773553 -0.030486017 -0.1596382 0.3779018 0.09075755 0.38368145 0.101493336 -0.25738198 0.08927331 0.114332855 -0.06464389 -0.26752508 -0.37694818 -0.12457726 0.022040274 0.3135435 -0.57365 0.03548389 -0.08997261 0.41074708 0.046893425 0.22666827 0.011939117 0.06396921 -0.14824426 0.08282508 0.1482314 0.07748122 -0.09743806 0.34676018 0.10790647 0.091086514 -0.17021555 0.30387056 0.36995322 -0.11087194 0.115594715 -0.060746074 0.11165618 0.119931 0.266415 -0.08054485 0.35605404 0.0072937696 0.22306915 -0.13432512 -0.07734535 -0.005363752 0.1480877 -0.18084346 -0.33777478 -0.29270598 0.029180389 0.018333996 0.23158379 0.118214935 -0.26479596 0.0819256 0.05031573 -0.2645422 0.015908968 0.23958465 0.017575536 0.08202525 -0.08928144 -0.28099176 -0.18825403 0.043551475 -0.13877517 0.09023829 0.15039389 0.022553053 -0.057119854 0.1999649 -0.20728612 -0.061773058 -0.08855933 0.10561689 -0.3430619 -0.15636463 -0.17822067 0.19696388 0.23090272 -0.0019358739 0.011248243 0.011852485 -0.099201135 -0.08672403 0.45544872 -0.19090751 0.1610483 -0.39706597 -0.15825377 0.0034870522 -0.070346996 -0.32290462 0.15547775 -0.0016397543 -0.22707923 0.009451521 0.018038703 -0.0173084 -0.16178553 -0.28101876 -0.22113985 0.20521908
LBN -0.33756194 0.2946839 0.16701637 0.23951879 0.10002476 0.088770606 0.12497601 0.29736784 -0.059203736 0.22072573 -0.023654973 0.10384164 -0.36340523 -0.08559682 0.012084625 0.054283336 -0.15483476 0.0038433366 0.034802813 0.15568992 -0.022546317 0.033752296 -0.012693353 -0.38253137 -0.2834465 0.024720656 -0.1019257 0.12508035 0.05385786 0.12415724 -0.079573825 -0.047870744 -0.28642872 -0.12905164 0.0151699195 0.18817423 0.15479085 0.10354449 0.1091937 -0.101324104 -0.07704461 0.38752124 0.02888036 -0.035758384 0.12076961 0.102760695 -0.058402464 0.12592979 -0.035332903 -0.04620369 0.19950126 0.0093780765 -0.073300086 0.1939598 0.22835533 -0.013300286 -0.25275132 0.02867599 -0.14434588 0.24756175 -0.17018558 0.27441707 -0.030099586 0.101533376 0.0039780065 -0.20449144 -0.3705603 0.25540736 -0.113591604 -0.2059775 -0.14079246 0.019080453 -0.19297801 -0.32521698 -0.048512664 -0.085465625 0.008251795 0.2124707 -0.104835406 0.31297857 0.11997376 -0.14813104 -0.21493948 0.19399254 0.4036951 -0.18586135 0.14485723 -0.11836844 0.121431686 0.06614483 0.10675326 0.13216081 0.16962647 -0.08003634 0.16572776 -0.36688986 -0.0015519701 -0.23448585 0.04506221 -0.33556864 -0.2465772 -0.058101777 0.16222106 0.04528783 -0.20191321 -0.1291576 0.2077424 -0.3187771 0.0065834452 -0.30873775 0.34088582 -0.5512781 -0.359945 0.10266118 -0.39102548 -0.07576347 0.06732198 -0.42393225 0.6268368 0.31416512 -0.17794663 -0.013402 0.14295593 -0.09690277 -0.15599641 -0.4904365 -0.20812866 -0.44030178
TCA -0.21798155 0.009438476 0.03963803 -0.1800987 -0.07707354 -0.3451416 0.039790265 -0.11080418 -0.12849265 0.2190843 0.38334006 0.13909297 -0.12143256 0.060250156 0.041250747 0.16486803 -0.48345914 0.089872174 -0.59124374 0.3240646 0.19250049 0.19877705 -0.1917732 -0.2092457 -0.16383608 0.51443666 -0.18241891 0.5666211 0.30079684 -0.3089263 -0.15906265 -0.044925753 0.20995067 0.08507607 -0.28940025 0.1646169 0.05295763 0.03251565 0.096840985 0.107315 -0.31189576 0.47525612 0.23399144 -0.21606895 0.015991827 0.22241405 -0.16388163 0.10384501 0.119031444 0.019316519 -0.016755097 0.15394254 -0.03756017 0.1059833 -0.32884014 0.08936652 0.3484344 -0.14530745 -0.10861416 0.012898386 -0.14538768 -0.017228346 -0.2216757 -0.30601385 0.29860413 0.34949017 0.15239508 -0.04379098 -0.37702706 -0.14852548 0.118875325 -0.17375465 -0.24843934 -0.10710811 0.24067561 -0.031366877 0.058723506 0.055792402 -0.24077831 0.15165946 -0.0157471 -0.12553173 0.09734752 0.19916196 -0.25187284 0.064267226 -0.06335792 -0.24510162 -0.01271493 0.022443617 0.046011705 0.043101788 0.028024012 0.056735966 0.14683144 0.20844997 -0.40055978 0.1555476 0.05131149 -0.295135 -0.41755906 0.0015065563 0.06514046 0.33407047 0.0019864137 -0.25327522 0.21075718 -0.007216106 -0.10555184 -0.1689153 0.16799 0.06675359 0.10094107 -0.0011327822 0.13492449 -0.16092199 -0.19900616 -0.3684654 0.10591018 -0.38372904 0.08489976 0.09522805 -0.19744189 0.35596994 -0.09666962 -0.09813935 -0.2229682 -0.054949515
MDV -0.121331625 0.025734944 0.07881492 0.06291393 0.18513472 0.06551198 0.28689188 0.03970677 -0.011936453 0.1222952 0.086895056 -0.05595767 0.0032887624 -0.1485539 -0.14407016 0.14264442 0.04618104 -0.10332785 -0.13677266 0.15941873 -0.022457018 0.1835224 0.112280376 -0.43479225 -0.2658762 0.20967437 -0.18860692 0.12739575 -0.004678197 -0.14062428 -0.06404698 0.16824134 -0.2560945 -0.032770243 -0.1155995 -0.010473985 0.20416118 -0.058800925 -0.074682735 -0.12348007 0.024702057 0.17366816 0.033493005 0.0004910578 0.107000075 0.18188454 -0.06400767 -0.03983031 -0.09455834 -0.005111105 -0.027030198 0.11201556 0.019056326 0.14923196 0.07670762 -0.11495561 0.28681618 0.031260274 -0.20928855 -0.023813605 0.035332426 -0.083314456 0.0619312 0.07232335 0.15487424 -0.20348266 -0.26796556 0.12100872 0.0071205683 -0.03495455 -0.26459718 -0.06570393 -0.31298468 -0.19016428 0.062537 -0.26422566 0.051118895 -0.01658978 -0.00052824954 0.06884091 -0.11080475 -0.0126689235 0.05340279 0.07114474 0.31171328 0.20538077 0.014826751 0.09821614 0.034358937 0.2997236 -0.04844318 -0.06149806 0.17343023 -0.18638748 -0.009462908 -0.06646176 0.10516341 -0.1374763 0.071677014 0.09727087 -0.05442219 -0.14500295 -0.09116759 -0.0314069 0.1365335 -0.14033532 -0.31817275 -0.12208003 0.06441368 -0.25038108 0.06239382 -0.26669997 0.048551373 0.026513845 -0.030326225 -0.01942112 0.115352675 -0.1343212 0.28770208 -0.1511544 -0.08734638 -0.026943136 0.11105053 0.14772269 -0.16190533 -0.16231251 -0.11806428 -0.054161273
RWA 0.07403244 -0.19445795 -0.021437611 0.26075584 0.2697847 0.23787625 0.19837064 -0.046934135 -0.004044855 -0.03293946 -0.18795055 -0.12952693 -0.22158606 -0.022929199 -0.060946044 0.3142843 0.00039467367 -0.29405585 -0.2285358 0.04440886 -0.115916125 0.37846416 0.16681753 -0.52178866 -0.5434227 0.27936757 -0.17862798 0.31003016 -0.23752557 -0.1509732 -0.06354759 0.11709912 -0.37358275 -0.20653248 -0.13178955 0.20725909 0.16576125 -0.37464148 -0.18491964 -0.046569575 0.07602214 -0.18666726 0.15668054 0.024817567 0.10623806 0.36354265 0.037149027 -0.12477922 0.04386943 0.110951826 -0.11348804 0.13711447 0.30898762 0.2820075 0.18017061 -0.23894906 0.6037385 0.064734064 -0.4100818 0.11628145 -0.15894832 -0.21053922 -0.0065814075 0.172023 0.03912088 -0.17016539 -0.03842206 0.16362403 -0.12749572 -0.0036289962 -0.37432086 -0.10854584 -0.44865647 -0.3020012 0.24494042 -0.36859474 0.23540436 -0.04224271 -0.033822514 -0.028194632 -0.23912483 0.064345166 0.15932983 0.07580192 0.31705528 0.35366252 0.24313366 0.057863884 0.03216488 0.40334243 -0.04082102 0.023657627 0.4850668 -0.072534576 0.09443974 -0.0742706 0.21719955 -0.24219903 0.0399033 0.14573124 -0.08943213 -0.19668402 -0.21370119 -0.1615565 -0.08617441 -0.20581225 -0.5281905 0.121657856 -0.017147176 -0.20096086 -0.18123622 -0.30406296 0.048261408 0.11446591 -0.27518603 -0.08483767 0.1270791 -0.09988058 0.08237634 -0.1866416 -0.00028510767 -0.08233126 0.24079692 0.119747974 -0.25244018 -0.18644054 -0.005846549 0.14914517
BLZ -0.109120265 -0.34858227 -0.23965134 -0.0010924909 0.29939127 -0.16144559 0.0064605894 0.08054559 -0.10851531 0.036446076 0.47905216 0.06706392 -0.40615425 -0.06092497 0.06625281 0.07776833 0.11860348 -0.13142957 -0.71949387 0.23167285 -0.13381541 0.15959768 -0.022536878 -0.004711567 -0.08340844 0.54438305 -0.29251018 0.13046347 0.20254275 -0.37089515 -0.13555633 -0.005711944 0.10898669 -0.16567412 -0.30974653 0.1705422 0.25860584 -0.123363845 -0.015896302 -0.1737349 -0.30972463 0.61735314 0.038498785 0.17311686 0.26423696 0.032665275 -0.14578019 -0.01700926 0.16616513 -0.13858068 0.06609373 0.3291635 -0.17985366 0.13764337 -0.4289221 -0.34119344 0.24648722 0.093825325 0.08512011 -0.0003822861 -0.17599279 -0.061877765 0.080689386 0.052669983 0.41345918 0.10251897 0.033502672 -0.14484471 0.11277759 -0.09598759 -0.21258758 -0.30897972 -0.30150795 -0.5060537 0.33617428 -0.15639995 0.1565988 -0.06325296 -0.112805694 0.13550666 -0.1275889 -0.2571061 0.27835077 0.24170531 -0.039087445 0.21932168 0.16317105 -0.15658464 -0.23080756 0.2651508 0.0024560892 0.027545897 0.26025042 -0.24354021 0.15024877 0.4493241 0.07369614 -0.20040855 -0.011656349 -0.1406315 -0.004420701 -0.11099687 -0.15362999 0.13390714 -0.29284966 -0.08729841 -0.009534666 0.21552046 0.24155267 -0.34825024 0.034128387 -0.06991517 -0.12753958 0.006971873 -0.14120768 -0.17604387 0.21264656 -0.067825004 -0.14491124 0.11562243 -0.07727571 0.04201004 0.12375332 -0.09790526 0.2593029 0.15244897 0.079600655 -0.19298215
NCL -0.040994752 0.14007583 0.0077601383 0.54192203 0.35017633 -0.1381443 0.16653804 0.22309363 -0.3755749 0.37080655 0.3082807 0.036188282 0.07352033 -0.45450416 0.004120895 0.07273856 0.22211531 0.011133981 -0.29412168 0.53009367 -0.020123094 0.20516329 0.19825394 -0.22757763 -0.0024883724 0.05680812 -0.13663931 -0.027197892 0.02222102 -0.22987261 -0.34969962 0.24069749 -0.016806465 0.10083301 -0.28169712 0.23156436 0.3194284 -0.25365406 -0.06333509 0.14199664 -0.18829197 0.18316106 0.080121934 0.02464387 0.03881772 0.2632912 -0.31729615 0.25963214 -0.389723 0.1680549 -0.1259 0.026321804 0.13913704 -0.10753601 0.05996864 0.012313632 -0.033417 -0.14723063 -0.12846677 -0.17495237 0.04439461 -0.035265066 0.061506502 -0.14277206 0.26556897 -0.2825114 -0.31318775 0.1976072 0.06367362 0.09751084 -0.1314954 0.10836406 -0.07726004 -0.1892344 0.0014478012 -0.39607003 -0.41258797 -0.09258062 -0.09366725 0.32830602 -0.19231085 -0.19191796 -0.0108620655 0.07112116 0.28071558 0.07234583 0.08068978 0.17463534 0.3968147 0.1593808 0.12825997 -0.16461456 0.09000018 -0.012747398 0.13643257 0.2186621 -0.051780604 -0.13870728 0.07884534 -0.10114957 -0.10450268 -0.31868586 0.08784275 -0.01062487 0.16158532 -0.31364784 -0.09473695 -0.013906203 -0.084615804 -0.38877112 0.33205616 -0.4221627 0.090217575 0.09018299 0.21785276 -0.21472187 0.13177173 -0.06929243 0.1391542 -0.25737137 -0.009291851 -0.16607529 -0.070040666 0.30879894 -0.19125642 -0.017334681 -0.038857084 -0.051181104
SWZ -0.0103936335 -0.07992228 0.31510872 0.008468982 0.19780701 -0.20085754 -0.023261502 -0.23452185 0.071214855 -0.04744082 0.30939886 -0.14742242 -0.22982678 -0.09339485 0.038570702 0.047465928 -0.11946435 -0.23874322 -0.08094246 0.11156391 -0.124788865 0.13003725 0.0067117885 -0.28708112 -0.25989026 0.44697553 0.029436303 0.24060236 -0.052848253 -0.19624962 0.09935052 0.2109275 -0.1571274 -0.20422892 -0.24139556 -0.07069118 0.048219364 0.4054311 -0.38517147 -0.08102226 0.024855804 0.27998275 0.023078825 0.099974625 -0.026577797 0.010485469 -0.012951145 -0.057951342 0.018283363 -0.15749373 -0.11356477 0.16133067 0.0048271012 0.211786 -0.09087258 0.16275781 0.4569347 -0.04705347 -0.121112555 0.03973422 0.048626892 0.15682718 0.09298362 0.09902175 0.26487592 -0.1682537 0.05717707 -0.03821053 -0.19567576 -0.031681404 -0.022367993 -0.20091176 -0.33223495 -0.28217363 0.18905659 0.06863604 0.11590258 0.085470974 -0.25617546 -0.027841695 -0.16128452 -0.08875149 -0.011788249 0.09245185 -0.055428017 0.32847112 -0.24173635 -0.19916856 -0.3740921 0.28261888 -0.13736953 0.082585074 0.1907342 -0.07951954 -0.033963125 0.049671456 -0.25250697 -0.088797614 -0.04956897 0.10019704 -0.21678275 -0.13319424 -0.0812801 0.13464113 0.3980139 -0.31322345 -0.031918168 -0.1435649 0.0053138663 -0.2033302 0.034807708 -0.33466825 0.2818718 -0.3004633 -0.11779629 -0.00803375 -0.1742718 -0.26570556 0.23962444 -0.12380316 -0.050157733 0.045355476 -0.08070414 0.07249495 -0.1297716 -0.067954674 -0.27226463 0.22485876
CUW -0.046961527 0.16196547 0.12627324 0.50196624 0.374533 -0.09517221 0.3255633 0.15208156 -0.2821024 0.25032315 0.20598017 -0.04592304 0.1011861 -0.39031246 0.042237252 0.01321069 0.20309807 -0.017076071 -0.16289295 0.43640515 -0.054211255 0.2655854 0.23860784 -0.350072 -0.124913126 0.2135534 -0.046145096 0.08595668 -0.009541412 -0.28348428 -0.1445504 0.32456428 -0.18987367 -0.0005201489 -0.38176084 0.052870497 0.37459594 -0.12769024 -0.14044715 0.006681174 -0.070012935 0.18223079 0.02746038 0.043749157 0.21773727 0.27415064 -0.35603216 0.2648587 -0.16929753 0.12521127 -0.19245188 0.14270622 0.07280861 0.060250986 0.004740518 -0.05331935 0.04177232 -0.1419221 -0.18198752 -0.0464707 0.053329017 -0.041898362 0.0063968557 0.05313727 0.15112633 -0.40769464 -0.39419848 0.17930198 0.008668127 -0.008545181 -0.23738906 0.1178998 -0.16355018 -0.25531617 0.050437387 -0.30090776 -0.26590955 -0.027811227 -0.059439395 0.30700693 -0.19079877 -0.084658176 -0.06779141 -0.11454949 0.32131776 0.12438204 0.021606117 0.23250788 0.12112964 0.2580841 0.12164871 -0.20102201 0.03662142 -0.13352226 -0.08314931 0.1608344 -0.04049299 -0.19028953 0.07553296 0.16645615 -0.2324789 -0.30754378 0.096427046 -0.0073209335 0.27064368 -0.2543272 -0.21601345 -0.061673764 -0.023225935 -0.2872421 0.25331795 -0.51073873 0.08844189 0.060905468 0.020618843 -0.05775665 -0.0030804884 -0.16679075 0.2823405 -0.16726041 -0.10392839 -0.009398683 0.17693414 0.20652081 -0.18031196 -0.18296407 -0.15971877 0.033823736
MLI -0.23500502 0.27215132 0.11915113 0.13801974 0.40157184 -0.2096499 0.23042421 0.12012286 -0.21186982 0.23387872 0.318844 0.016765146 0.11515616 -0.2989982 -0.19834262 0.23091298 0.11348678 -0.07358838 -0.2913555 0.30933958 0.05884995 0.08013716 0.23589979 -0.6250228 -0.22211711 0.14256142 -0.26070112 0.17589636 0.14678317 -0.16149254 -0.13254598 0.15260576 0.047372542 0.16538303 -0.240263 0.3613608 0.2585768 0.032830793 0.036331944 0.2493652 0.101029344 0.31703144 0.15082413 -0.19340245 -0.029878551 0.22928911 0.030566793 -0.11303853 -0.11854056 0.023562552 0.036306486 0.07467429 -0.07983083 -0.007371624 0.022178777 0.101963654 0.24150127 -0.008809613 -0.38082176 -0.2521914 0.14513405 -0.089446545 0.051349178 -0.09405622 0.3614099 -0.037355643 -0.20206335 0.0067848717 -0.01694223 -0.08774917 0.12021717 -0.13684082 -0.15101074 0.039839353 0.017981717 -0.39062497 -0.22987124 -0.14889659 -0.13216808 0.2884853 -0.16684815 0.18514621 -0.04537841 0.06609835 0.017965272 0.15503554 -0.19072641 0.017773025 0.29410473 0.2751855 -0.06407748 -0.036277592 -0.25265872 -0.07130611 -0.027579436 -0.006814487 0.026663223 -0.18473165 0.18004699 -0.21606699 -0.5109011 0.00591428 0.12392201 -0.1595638 0.36009747 -0.4493923 -0.23970488 -0.23598133 0.021517808 -0.35793135 0.12608878 -0.31607848 -0.19321066 0.1087663 0.35003757 -0.031519845 0.13804546 -0.31121415 0.44999287 -0.24507242 0.075878374 0.0006392037 -0.1563989 0.2640722 -0.105369136 0.09338716 -0.32351202 0.13757293
BDI -0.13036507 0.05413525 0.28842622 -0.041154433 0.28800863 -0.2719682 0.321093 -0.23045924 0.08704167 0.01596655 0.38166913 -0.120059036 0.006723018 -0.2214196 0.06495306 0.08565041 -0.009034211 -0.3406123 -0.15251541 0.30656517 -0.07053295 0.15910666 0.034588996 -0.49516004 -0.35694277 0.5700939 -0.06437805 0.30693647 0.02323103 -0.2505097 -0.019501854 0.2225242 -0.14189348 -0.14131707 -0.34636116 -0.09908559 0.12500116 0.30445465 -0.39617673 -0.05553018 0.07524885 0.29175952 0.049505778 0.13190995 -0.056194913 0.17147715 -0.0428566 -0.090212606 0.17680325 -0.13602607 -0.17047404 0.23322679 0.01620449 0.19174896 -0.113385975 0.11182116 0.5134214 -0.076844074 -0.29208848 -0.11702919 0.1845067 0.09076961 0.16442186 0.02287746 0.36519805 -0.21107098 -0.12691087 -0.058658432 -0.05147953 -0.068410486 0.0034385372 -0.20486975 -0.45692474 -0.23898968 0.18684907 -0.06668561 0.11073947 -0.017077552 -0.15956351 0.022162162 -0.20986551 0.054602467 -0.0036420014 0.0012800032 0.014650602 0.33375844 -0.37458897 -0.044634897 -0.3050909 0.36633083 -0.05918917 -0.07246611 0.03286856 -0.153489 -0.1994569 0.1338524 -0.2687666 -0.034941923 0.046410795 0.29070652 -0.31041053 -0.15523732 -0.07984946 0.11061106 0.46406865 -0.24265446 -0.26689667 -0.25136727 0.07658415 -0.28949347 -0.008608755 -0.26753616 0.2161899 -0.15341227 0.0981052 0.04598124 -0.1372173 -0.39028788 0.4422069 -0.31303635 -0.15779825 0.040002655 -0.037886467 0.18208769 -0.14740351 -0.17261149 -0.3274488 0.24393079
ZWE -0.06570866 -0.10627361 0.35093704 0.03311427 0.1989859 -0.21323784 -0.032858092 -0.18849643 0.051622827 -0.07382129 0.3430006 -0.09094028 -0.21906573 -0.115697704 0.10294238 0.032129552 -0.14387743 -0.17306045 -0.0936113 0.15757643 -0.09368552 0.043263078 0.017882774 -0.3208378 -0.25753528 0.4104978 0.06395583 0.2756946 -0.09657714 -0.18283045 0.07529684 0.2586851 -0.14749227 -0.16791023 -0.2789161 -0.07364281 0.050766837 0.35185724 -0.46148708 -0.047204044 0.06408743 0.2291464 0.035238467 0.1136245 -0.031849425 0.051591635 0.01190249 -0.042835776 0.036394864 -0.1384583 -0.17415164 0.20867859 0.027316865 0.23806097 -0.11752369 0.24557082 0.42015105 -0.062265337 -0.077778034 0.112222835 0.077504836 0.19166759 0.099145845 0.13123348 0.25280774 -0.09627927 0.09316658 -0.020408139 -0.25566357 -0.07591167 0.000116853094 -0.24687764 -0.28788033 -0.33291337 0.15530816 0.10125438 0.18197176 0.13697216 -0.27918407 -0.037613247 -0.13593702 -0.04047104 -0.089095585 0.074639775 -0.07518835 0.3250107 -0.17776342 -0.2120821 -0.32161447 0.24697386 -0.16127 0.057951365 0.10789486 -0.07027749 -0.0823482 0.012924106 -0.31913313 -0.08013186 0.005322781 0.096686766 -0.36398083 -0.14802648 -0.08550292 0.09932878 0.37294647 -0.29715493 -0.016408253 -0.18151236 -0.023737319 -0.2509341 0.033585176 -0.3674524 0.2327932 -0.2769146 -0.16918424 0.022477807 -0.2838593 -0.35611525 0.2673394 -0.16038637 -0.08403335 0.013126466 -0.09507096 0.051621452 -0.16433926 -0.09402426 -0.30302542 0.2455525
SHN -0.043534853 -0.1434436 0.3093536 0.027872866 0.2615559 -0.21815132 0.0053187744 -0.18392147 0.03600342 -0.14323619 0.31905764 -0.121864535 -0.16428748 -0.14625044 0.12846279 0.05490563 -0.16914326 -0.2159873 -0.13883466 0.12507291 -0.086954504 0.048134144 0.053875618 -0.2940712 -0.27613714 0.42496985 0.06270102 0.30294144 -0.070563294 -0.16349253 0.033118475 0.23047413 -0.11069193 -0.19023748 -0.3386258 -0.022121236 0.07045442 0.34728393 -0.48774153 -0.0265217 0.035615135 0.26844636 0.05385578 0.15969886 -0.002471188 0.12713301 -0.00014599843 -0.119769245 0.1246357 -0.15333772 -0.18298405 0.24202551 0.048857696 0.26071203 -0.08834887 0.22567168 0.48048583 -0.05891375 -0.13187028 0.05223758 0.09089419 0.1209867 0.124822214 0.10867365 0.24926062 -0.061189845 0.08836983 -0.077777185 -0.23898816 -0.13122904 0.053036798 -0.25626063 -0.3099072 -0.32758334 0.16325021 0.07209635 0.18308315 0.09632292 -0.24435136 -0.023463765 -0.11539489 0.0011720541 -0.037404772 0.06343053 -0.060422752 0.35323125 -0.17218013 -0.18174054 -0.313855 0.24957617 -0.1930212 0.046256505 0.15700403 -0.038795955 -0.030392101 0.030719131 -0.31617504 -0.068802565 -0.021806533 0.10810488 -0.41564626 -0.12627232 -0.12999892 0.08917634 0.35301018 -0.30688575 -0.07387485 -0.14157587 0.02304102 -0.29165336 0.033946775 -0.34291646 0.18750557 -0.24653758 -0.14658901 0.0067963246 -0.24420217 -0.3887449 0.23979367 -0.15010947 -0.10805443 -0.013506627 -0.0847049 0.06262451 -0.15076074 -0.13055156 -0.33831427 0.28284338
DJI -0.123881534 0.06037636 0.023369798 0.055873763 0.097529225 0.070778266 0.28170624 0.02154238 -0.037799735 0.13379869 0.0340104 -0.07491588 0.02260241 -0.06902886 -0.17388554 0.104974486 0.015786974 -0.059670947 -0.16277638 0.14003666 0.0070633055 0.24192238 0.07910933 -0.39720264 -0.2784374 0.21736622 -0.1669151 0.17926565 0.014652042 -0.21305887 -0.021790437 0.13429943 -0.2616376 -0.013593594 -0.11193919 -0.017703457 0.17152195 -0.076984145 -0.011782717 -0.10251594 0.043254633 0.07718675 0.033530608 -0.06169403 0.11569603 0.19015077 -0.04096908 0.012096626 -0.07580418 0.054211717 -0.012012544 0.114443846 0.048570737 0.12936184 0.040158372 -0.10773159 0.31900167 -0.042852785 -0.25714958 0.020031406 -0.021710947 -0.1008792 0.014123682 0.07418669 0.15270379 -0.17694326 -0.22942702 0.14376354 -0.014177679 -0.027103934 -0.25491992 -0.016516892 -0.34904724 -0.1645495 0.0952648 -0.30541995 0.008626579 -0.030498961 -0.019279046 0.09447638 -0.13668828 9.671552e-05 0.07579702 0.08545225 0.27809983 0.21939589 0.016731575 0.10282493 0.06417791 0.32515615 0.042686373 -0.039816152 0.15200935 -0.16736674 0.027057527 -0.020372335 0.08441673 -0.16463116 0.03627044 0.085117474 -0.09576707 -0.12746106 -0.059379775 -0.018978138 0.14682736 -0.17669469 -0.28067732 -0.11178498 0.021988656 -0.15920873 0.08349715 -0.22854789 0.09303498 0.05252982 -0.019976716 -0.058160327 0.10147892 -0.115612246 0.2729586 -0.22442335 -0.04449328 0.026533363 0.11514109 0.17471738 -0.15183689 -0.17791435 -0.10401764 -0.003587749
HND 0.2913399 0.024272835 0.21227162 0.12176797 0.29057825 -0.34869367 -0.27370435 -0.16985574 -0.046188593 -0.19162054 0.04373404 -0.027263137 -0.15381174 0.09834263 0.001027462 0.16262631 -0.3740641 -0.19367756 0.011372686 0.30010346 0.13444442 0.34748697 -0.019428343 -0.39918154 0.05090539 0.39645866 -0.13408768 0.4244941 0.06719354 -0.1679765 0.06817745 -0.08518632 0.27619514 -0.14683644 -0.034252733 0.2589493 -0.085649796 0.054511555 0.12937802 0.23106258 -0.17970017 0.09863926 0.14610563 -0.21197073 0.12754238 0.06051543 -0.08520653 0.07222767 -0.23000844 0.1519238 0.3643853 -0.0692817 -0.043899484 -0.10919217 -0.01711438 -0.030392107 0.26701015 0.028696423 -0.2394262 -0.1910213 -0.23194794 -0.016038263 -0.20666066 -0.019711021 0.035724834 -0.104266606 0.31111968 0.31065574 -0.07586709 0.09713964 0.1350206 -0.09643605 -0.2809959 0.04400641 0.04652085 -0.3372329 -0.13365212 -0.061502326 -0.3523262 0.116180874 -0.30645669 -0.15893835 0.12542441 0.2588189 -0.05305897 -0.0642742 0.27137765 -0.42432478 0.12614608 0.11025675 0.08360565 0.34809825 0.27201387 0.10857008 0.39449874 0.2069883 0.02201797 -0.33995464 0.012877811 -0.4741741 -0.23072547 0.100702524 0.079655066 0.28584328 0.0061645103 -0.44898596 0.118456356 0.034283757 0.042046927 -0.0024624064 0.14138357 -0.14894253 -0.22738728 -0.21916205 -0.071882725 0.04318234 0.19697028 0.06719401 0.25134942 0.3151746 0.008850063 0.012362966 -0.11504907 -0.22703171 -0.08294123 -0.11865539 -0.24081454 0.2587405
AIA -0.1753552 -0.024279093 0.073036544 -0.22134179 -0.052545965 -0.30388698 0.0349872 -0.13704006 -0.11184902 0.21814579 0.39575803 0.103057705 -0.04533141 0.012683185 -0.037752602 0.15804008 -0.46893328 0.10615348 -0.5390598 0.28319243 0.19222267 0.1557422 -0.14227799 -0.22963782 -0.12927869 0.47990426 -0.17239964 0.5240046 0.25181654 -0.3077392 -0.17614543 -0.009000749 0.16240942 0.09518166 -0.26404035 0.113076106 0.04258366 0.03429252 0.045995217 0.11830872 -0.28337064 0.4153389 0.22090334 -0.20473991 -0.007154473 0.20003551 -0.13592598 0.052955225 0.023050347 0.014169599 -0.012484437 0.093113415 -0.02727949 0.08525877 -0.2871394 0.11997755 0.3745899 -0.16906266 -0.12008891 -0.026815446 -0.09509059 -0.027115045 -0.18461831 -0.30234924 0.25942037 0.3020614 0.083902575 0.0011214201 -0.33035973 -0.123308554 0.12715884 -0.17153838 -0.21968943 -0.07048493 0.20504326 -0.0851766 0.023039503 0.046220317 -0.20817515 0.080103666 -0.0036735297 -0.1261691 0.13917825 0.16126256 -0.2039449 0.10788987 -0.04983323 -0.23241287 0.026187753 0.006844946 -0.015747534 0.0089476835 0.06631225 0.064737946 0.15126324 0.19344945 -0.40393782 0.11943632 0.040466055 -0.3022542 -0.30195975 -0.055774428 0.029051466 0.32755488 0.05676192 -0.2608049 0.158211 -0.069203295 -0.077319436 -0.19984551 0.17489612 0.038138118 0.16192241 -0.04061194 0.18994446 -0.1462754 -0.1539446 -0.3298627 0.110312924 -0.41684523 0.09830939 0.058456786 -0.24989468 0.39653707 -0.113435276 -0.09528771 -0.24538165 -0.045800846
MLT 0.05576862 -0.16550967 0.12419883 0.21244754 0.10090313 -0.25109217 -0.14693949 -0.1261495 -0.16268559 -0.0035438149 0.10737167 0.17486233 -0.24866629 0.19692518 0.20377459 0.34728864 -0.5568486 0.08451466 -0.3998007 0.3664305 -0.026007336 0.21688397 -0.008171899 -0.22701794 -0.053054184 0.29625183 -0.13639896 0.2539587 0.18174864 -0.026258375 0.024903052 0.11872988 0.17720133 0.037176304 -0.24489442 0.27921477 0.01645661 0.120050736 0.06309334 0.03926336 -0.43128893 0.40801385 0.17433646 -0.16286932 0.099992685 0.116500534 -0.34391502 0.0107452655 0.035920817 -0.08693388 0.19655679 0.07581057 -0.15142344 0.14113875 -0.1345491 0.26201105 0.24731155 0.030062327 -0.040116645 -0.019286012 -0.1645068 -0.019643955 -0.25828874 -0.20367794 0.15258053 0.3084696 0.13987957 -0.032883428 -0.3949205 -0.1252938 -0.043394234 -0.257629 -0.18750882 -0.0747334 0.27785492 -0.045393057 0.0042083072 0.049424138 -0.2482373 0.1023528 -0.098504044 -0.050846405 -0.047789812 0.1941807 -0.091375016 0.00018257802 0.065584205 -0.067507975 0.057026215 0.14263822 -0.0115865795 0.27238056 -0.02121085 -0.014932729 0.26126686 0.12276739 -0.15469758 0.15008757 0.10689578 -0.07757995 -0.44410637 0.1048697 0.0449242 0.19176303 -0.10389844 -0.2258307 0.16057652 0.15398724 -0.13459958 -0.13526244 0.004114965 0.012683868 -0.19262606 -0.0753061 0.01589004 0.0051565287 -0.20942983 -0.1811406 0.071473084 -0.040597852 0.043891124 0.032579314 -0.15534697 0.14300409 0.0046332246 -0.045372102 -0.15868227 0.11958149
SYC 0.017533217 -0.14444767 0.33487827 0.04362687 0.25526866 -0.28605923 -0.019793667 -0.21493758 0.0294901 -0.11727148 0.31785247 -0.113836564 -0.18854593 -0.072094865 0.11124169 0.08328573 -0.17156728 -0.1848713 -0.14272861 0.16265774 -0.09632768 0.10549294 0.020885663 -0.34961903 -0.27529624 0.46309242 0.008878959 0.32489154 -0.033116158 -0.19124879 0.10918722 0.25265315 -0.10059169 -0.16880876 -0.30981487 -0.047915608 0.062230863 0.3732389 -0.39505002 -0.0054414785 0.032398913 0.2653266 0.039270364 0.09291783 0.01219197 0.05969686 -0.06697646 -0.08342275 0.14473796 -0.1487248 -0.13506864 0.20420456 -0.018633794 0.22248156 -0.116672315 0.20471711 0.45110446 -0.05845028 -0.17664765 0.056556147 0.081978194 0.1090194 0.0590474 0.12685476 0.24683091 -0.0661446 0.08887225 -0.065757416 -0.22389816 -0.102320895 0.03342107 -0.27233395 -0.29422718 -0.28086606 0.21852545 0.062043063 0.14076267 0.058397993 -0.25166267 0.01464705 -0.1620068 0.0054024346 -0.043467715 0.035785947 -0.118851565 0.33307248 -0.2010349 -0.15084377 -0.36004373 0.27964377 -0.15576269 0.081867374 0.06859044 -0.057207994 -0.049825035 0.075016156 -0.2782534 -0.09034294 -0.008642199 0.117956 -0.3956845 -0.0968237 -0.06058725 0.07650832 0.38996816 -0.33335397 -0.06344113 -0.12723777 0.038348917 -0.1790892 -0.00621161 -0.28187522 0.1802438 -0.25577158 -0.1095954 0.06598142 -0.25012377 -0.33849624 0.23561357 -0.14560099 -0.056971222 0.061311938 -0.0794833 0.05348015 -0.11640613 -0.05832782 -0.31591853 0.31324273
LSO -0.036385525 -0.12864248 0.31297848 0.045022327 0.20208937 -0.24955624 0.015076646 -0.21372372 0.031628914 -0.022096306 0.36468628 -0.08196286 -0.25209138 -0.09287142 0.11094757 0.079670385 -0.15945706 -0.13980113 -0.09905275 0.15169016 -0.12543982 0.08131071 0.030384565 -0.346457 -0.2733365 0.4171018 -0.017042866 0.24041869 -0.013715071 -0.19006988 0.069162905 0.27084002 -0.13616192 -0.13197714 -0.27438775 -0.08698058 0.08109536 0.36224368 -0.40063897 -0.057985287 0.020644631 0.31241912 0.053746864 0.08133908 -0.019022224 0.027705569 -0.09188735 -0.091528125 0.1098806 -0.15052252 -0.120109 0.16718933 -0.0501994 0.23095417 -0.09002569 0.22723852 0.39902112 -0.05517429 -0.08752062 0.048790585 0.08792014 0.10915677 0.09019116 0.06084996 0.23453626 -0.063725695 0.020075612 -0.08595692 -0.23144357 -0.08356858 -0.005803494 -0.2561222 -0.30067065 -0.29347116 0.21051992 0.104167074 0.14779687 0.09931792 -0.21500163 -0.01961091 -0.090776764 -0.042092673 -0.032380912 0.08027926 -0.07151078 0.3045189 -0.21927653 -0.124194026 -0.29727182 0.28040725 -0.21719614 0.09283249 0.0692518 -0.08011912 -0.043718282 0.025311839 -0.252568 -0.036681086 0.0074314713 0.1423343 -0.2880006 -0.1162297 -0.08291828 0.07724068 0.3722725 -0.21056692 -0.044463344 -0.122228496 -6.835741e-05 -0.23333351 0.03831616 -0.25206843 0.24458605 -0.25962692 -0.09361778 0.023932988 -0.23895724 -0.36573067 0.2479076 -0.1443847 -0.0653079 0.07482541 -0.08042709 0.115142524 -0.110013016 -0.06584183 -0.29270396 0.20166378
SLE 0.19881347 -0.18569705 0.21294054 0.33908194 0.25524244 -0.06463298 -0.19809537 0.06395132 -0.04090606 -0.1363158 -0.071613364 0.0015331664 -0.15732393 0.05726252 0.37490147 0.27393395 -0.074843206 -0.17925355 0.05379332 0.07889591 0.00993177 0.2987675 -0.027551759 -0.3181191 -0.2564251 0.098928764 -0.23659836 0.12974766 0.2513119 0.2581132 -0.002667207 0.038564608 -0.043357663 -0.1462154 -0.025888203 0.36830035 0.12637445 -0.0006751987 0.10034111 0.07182026 -0.09134012 0.08807264 0.1474417 0.025834316 0.13361166 0.17438903 -0.2838665 -0.15853153 0.15460402 0.049373493 0.23545891 -0.086321555 0.0059839487 -0.016580664 0.29800767 0.0058609657 0.06373975 0.2314096 -0.22720891 -0.109027304 -0.10491396 -0.19589423 0.014967863 0.010267384 0.07075148 0.03972955 0.12917045 0.12846316 0.033652596 -0.03405536 -0.013722231 -0.13964492 -0.2934143 0.010242024 0.08589863 -0.20140511 0.051171385 -0.07638481 -0.13565533 0.27147585 -0.21069261 0.07118578 -0.10952888 0.27285984 0.26059628 -0.10094716 0.18607016 -0.03477217 0.18859175 0.15326351 -0.09599707 0.33586532 0.17747799 0.092311464 0.50822073 0.014635247 0.26201975 -0.16585782 0.08030456 -0.13286814 -0.36039367 0.21148409 -0.07653966 -0.026289064 -0.11626326 -0.21684848 -0.09450402 0.17520033 0.06551326 -0.03159111 0.06616494 -0.18098277 -0.27483708 0.047383033 -0.1020198 0.09563562 0.054817323 -0.034825705 0.23934214 0.2325735 -0.04228823 -0.047560122 0.082637124 -0.237109 -0.14665407 -0.21803503 -0.100159444 0.17067438
KIR -0.07507589 0.10180375 -0.0071720215 0.49846312 0.41786614 -0.1153072 0.17707813 0.15109095 -0.38379514 0.28659326 0.3072789 -0.0056488286 0.04784304 -0.4359949 -0.038752362 0.13123602 0.08928442 0.0019089719 -0.35313082 0.48526362 -0.058200996 0.16303343 0.23949914 -0.23035434 0.07319347 0.11114227 -0.08488084 0.07114228 -0.03392511 -0.23554868 -0.30026063 0.20249948 0.05200702 0.096465245 -0.32218787 0.23549129 0.30447486 -0.20605867 -0.101133116 0.14753143 -0.2894661 0.24757253 0.11131779 -0.027352912 0.08538266 0.2427567 -0.28315723 0.19800238 -0.3580823 0.15467674 -0.14824735 0.040677566 0.14628641 -0.05535363 -0.0019070941 0.09798525 0.086302534 -0.18318056 -0.13500224 -0.20267676 0.054866046 -0.017231269 0.081080414 -0.16131341 0.1691167 -0.17822252 -0.26000908 0.119947225 -0.009042687 0.060367543 -0.019565023 0.08197888 -0.011313148 -0.12383762 -0.035549648 -0.40601408 -0.41235876 -0.09337549 -0.0656804 0.25427282 -0.10512064 -0.18702431 0.00035694032 0.0064713294 0.21294284 0.09917104 0.07072787 0.15524735 0.336401 0.16003436 0.11579748 -0.16386962 0.07863139 -0.002863939 0.08648642 0.1666035 -0.118234955 -0.08087329 0.055108987 -0.1371569 -0.17548914 -0.2829033 0.03744655 0.059568685 0.19375421 -0.36564705 -0.079907976 -0.052693546 -0.10882463 -0.43110818 0.34707907 -0.46463972 0.010342535 0.045956463 0.21390599 -0.20744064 0.15884486 -0.101098694 0.14878751 -0.2579856 -0.024120098 -0.16195047 -0.13405226 0.34148258 -0.16913421 -0.025970237 -0.13631769 0.003337894
TLS -0.29116693 0.10168939 0.03662421 0.15990795 0.13625214 -0.09159259 0.05701123 0.057435073 -0.24964878 0.0121480115 0.22895864 -0.16233876 0.17140897 -0.11159977 0.27588847 -0.062751584 -0.08865977 -0.08912485 -0.0005995247 0.22516987 0.34287617 0.15368398 -0.28703755 0.06622386 -0.11178496 0.24641827 0.06806838 0.36032498 0.20164074 -0.3241261 -0.09901542 -0.014202496 -0.13947505 -0.18112972 -0.16583373 0.07151369 -0.02361722 0.12161484 -0.22564426 0.105091535 -0.07230265 0.20383939 0.07888997 0.13722074 0.09175864 0.21673091 0.06522802 0.1633059 -0.05407752 0.10763152 0.03480517 0.36886436 0.11839611 -0.018995069 -0.12606287 0.12583473 0.32930252 -0.20501536 0.006496241 -0.037876748 0.048258975 -0.102185786 0.17849725 -0.06693382 0.29614908 0.14680499 0.19270517 0.04709246 -0.008112836 -0.0817637 0.0056404243 -0.041611932 -0.37090084 -0.1060971 -0.08756468 -0.27726576 -0.0107407095 -0.016471282 -0.13906798 0.14099908 -0.06955552 -0.13235211 0.24262306 0.30582106 0.07557949 -0.0794587 0.093970135 -0.08726669 0.16123912 -0.07109386 0.17050725 0.02420162 0.0026194598 -0.000525954 0.110337235 0.20572904 -0.09761329 -0.17462578 -0.13579501 0.005945201 -0.36974272 0.0056865253 -0.12974821 0.19360067 0.17366904 -0.12542523 -0.045332707 -0.044010762 -0.10811122 -0.036230914 0.5237052 -0.09109801 0.13505496 -0.25466663 -0.015754381 -0.13976197 0.14753589 -0.20216699 0.3084623 -0.1780916 -0.15174651 -0.019218499 -0.050619382 0.14222902 -0.12249902 -0.47145662 -0.17269975 0.2429363
ASM 0.04886997 -0.25270692 0.14620265 0.46237445 0.3852699 0.009366594 -0.15089351 0.033722777 -0.2209515 0.25698972 0.529521 0.13742769 -0.08929649 -0.5011203 0.1506325 0.2270903 0.10178809 0.041523483 -0.15817747 0.2314288 -0.26519182 0.12000836 0.32410488 -0.23715608 0.123286724 -0.0028395862 -0.035727687 -0.24078503 0.033349317 0.058451448 -0.2662257 0.29306895 -0.08795703 0.10799231 -0.252828 0.26442325 0.3586446 -0.049514227 -0.30953294 0.07489909 -0.3928947 0.22962037 0.17760956 0.13435978 0.11361049 0.17921245 -0.41845602 -0.054406352 -0.48886856 -0.030940248 -0.07073299 -0.122111 0.092673585 0.019090591 0.20426409 0.32671565 0.11390226 0.04025683 0.15994108 -0.27676043 0.17622907 0.06618654 0.23611964 -0.29419434 0.264765 -0.11075523 -0.30258986 0.15525435 0.065574884 0.04796408 0.010020484 -0.13959967 -0.035030704 -0.17143312 -0.05844866 -0.14569342 -0.13204274 0.11548834 -0.034848332 0.028199598 0.039113164 -0.1859297 -0.14305161 0.14543796 0.3793684 0.17828141 0.16408476 0.08827372 0.30664027 0.13069649 -0.2263575 0.04764821 0.2486925 0.11415342 0.39370462 0.13898532 -0.06821983 0.014144537 0.20062217 -0.14974014 0.05139557 -0.2446941 -0.1897558 0.21797812 0.015594937 -0.26305187 -0.03984645 0.004905418 -0.01873634 -0.6744323 0.24708882 -0.5133827 0.09379032 -0.019854104 0.29985505 -0.11264138 0.011965578 0.010599377 0.026335565 -0.14679761 -0.11564898 -0.31417525 -0.3138491 0.108583674 -0.20906863 0.06824456 -0.17955248 -0.06723162
SLB -0.09077641 0.09607702 0.012648337 0.43932593 0.35994744 -0.095861845 0.14692153 0.17087556 -0.30173355 0.2965504 0.25572252 0.038392507 0.06969035 -0.43180186 0.06350608 0.06371254 0.1228253 -0.03996684 -0.36539975 0.4512378 -0.057271075 0.1439576 0.19106719 -0.11601276 0.008027386 0.09941596 -0.068820916 -0.060496505 0.06789106 -0.16061288 -0.3178019 0.21521868 -0.03751046 0.066083506 -0.29476586 0.22498822 0.29458943 -0.10497241 -0.07277261 0.03486968 -0.22198239 0.2995704 0.017483879 0.088926286 0.020502249 0.24108867 -0.31108877 0.17245498 -0.2995426 0.03567107 -0.13171908 0.0744466 0.07034442 -0.026369387 -0.014031485 0.055246547 0.015542227 -0.10651857 -0.10028162 -0.19990501 0.06922065 -0.0026797124 0.106320865 -0.1479233 0.27584445 -0.22411816 -0.32295004 0.11935414 0.047030877 0.024518272 -0.12475099 0.07524332 -0.05785171 -0.16345502 0.014822645 -0.2809003 -0.34934223 -0.07464964 -0.0693642 0.30874717 -0.152425 -0.15280259 -0.038841266 0.038893044 0.21816231 0.08414106 -0.022903614 0.16407718 0.21875007 0.15260145 0.096548975 -0.13618435 0.109551795 -0.059527706 0.0954681 0.18212196 -0.13608332 -0.043196496 0.02858921 -0.018796075 -0.15160798 -0.24953568 0.06540813 0.04962843 0.16304721 -0.32792774 -0.04963547 -0.028466674 -0.01438527 -0.43116537 0.28132185 -0.4564249 0.05114562 0.074209355 0.22888623 -0.16347565 0.08290166 -0.07634297 0.1676998 -0.23981342 -0.041783277 -0.17460984 -0.04547535 0.31092325 -0.13436736 -0.050529744 -0.089263275 -0.043453574
MMR -0.26602054 -0.08966972 0.014600946 -0.13993317 -0.050848417 0.029388817 0.19394572 0.19778961 0.051899385 0.14443728 -0.033577695 0.00951884 0.17752938 -0.06267379 0.059791014 0.16675766 -0.08452829 -0.08647925 -0.26087046 0.24041086 0.103583604 0.31123346 -0.23215842 -0.28471687 -0.4347656 0.2641252 -0.29046112 0.031320695 0.3391249 -0.017769838 -0.23883125 0.1811706 -0.39860252 -0.20193139 0.084302306 0.012980286 0.046846088 -0.045482982 0.21134946 -0.4395267 0.16055843 0.39580154 -0.14259376 0.08935221 0.10193862 0.21774915 -0.09636894 -0.080136225 -0.086183876 -0.17899194 0.2348179 0.09066653 -0.17261077 0.12695035 0.23555052 -0.35022968 0.23536474 0.2220186 -0.25864416 -0.08912283 -0.04960847 -0.25564098 0.006540207 -0.07741792 0.32990977 -0.0315146 -0.40474078 0.26362935 0.0844275 -0.029297872 -0.443535 -0.18993343 -0.5858648 -0.2740032 0.2481695 -0.30936882 -0.07605332 -0.08753132 -0.073363535 0.2168767 -0.32289436 -0.044914074 0.2588845 0.29234594 0.414074 0.09419428 -0.092103064 0.22313657 0.13979448 0.33319712 -0.016751204 0.1402583 0.07684173 -0.38827464 0.14197087 0.063026726 0.23571655 -0.01898151 -0.046654724 0.11368038 0.06722468 0.12554887 -0.12879711 -0.100917235 0.22822082 -0.19104066 -0.312494 -0.06866443 0.14254914 -0.1764265 0.18229936 0.087187566 0.19893481 0.014703088 0.108301915 -0.12755974 0.059738893 -0.22993794 0.32287395 -0.24010432 -0.06672664 -0.0016359896 0.10116499 0.30326438 -0.10454233 -0.20673181 0.072094 -0.111932114
COM -0.12533532 0.029392425 0.1363595 0.06513221 0.12425012 0.06171832 0.27462533 -0.0031715091 0.017308708 0.09112948 0.017987415 -0.07409857 -0.034141302 -0.067041114 -0.064239174 0.10202267 -0.020884175 -0.13314475 -0.11074674 0.124147885 -0.025684852 0.19962291 0.059898883 -0.40178922 -0.3254407 0.24066538 -0.15422603 0.17067237 -0.020429643 -0.13892736 -0.010741658 0.17139277 -0.30558127 -0.072225496 -0.124764815 -0.028869016 0.1564411 -0.00398254 -0.08293972 -0.1255915 0.072808675 0.15867426 0.023955112 0.013361579 0.06956056 0.18570727 -0.028712843 -0.047712978 0.011263539 -0.036803342 -0.051120367 0.1472457 0.02726908 0.16858864 0.031767767 -0.04956197 0.31273124 0.0013203663 -0.21196178 0.038194817 0.0248281 -0.046642736 0.038870756 0.12334751 0.13780215 -0.16198505 -0.19510305 0.07465112 -0.06331956 -0.057378575 -0.2705058 -0.07829826 -0.35632136 -0.19094941 0.1339203 -0.19895196 0.11069078 -0.0030461983 -0.056076184 0.060688276 -0.12847391 0.040645096 0.007057606 0.03893254 0.24378894 0.2256505 -0.051357742 0.05421302 -0.05930464 0.33229056 -0.041057564 -0.0075705545 0.15061541 -0.19282141 -0.036722954 -0.091238424 0.011349603 -0.120145515 0.052136663 0.18487532 -0.18391779 -0.110550225 -0.08071356 -0.043962978 0.16180637 -0.15551975 -0.28279772 -0.1192449 0.033332665 -0.18938658 0.037698843 -0.31455776 0.09331407 -0.0076389993 -0.09926351 0.0065105907 0.0046222624 -0.19299877 0.3014323 -0.19666325 -0.07002748 0.033757284 0.13370967 0.17068937 -0.17469147 -0.2233354 -0.12900935 0.042143647
DMA 9.192893e-05 0.045197185 0.04839305 0.1966595 0.12546696 -0.2039634 -0.081101984 -0.057762265 -0.10134973 0.08992135 0.28824142 0.019511493 -0.28085127 -0.031594113 0.07412501 0.07897888 -0.03856408 -0.12715061 -0.23426765 0.23212574 -0.034915514 0.21445183 -0.06978619 -0.06659391 -0.119101 0.2736165 -0.04813724 0.16466919 0.09725618 -0.20179647 -0.019915037 -0.01592994 0.09395176 -0.060602464 -0.1529957 0.14912078 0.061567202 0.15147044 -0.08441385 0.060270544 -0.20124057 0.23284316 0.05590386 0.027660353 -0.011782902 0.013855123 -0.10416689 0.18147086 -0.109794796 0.021984804 0.07243663 0.061933495 0.03279281 0.052109886 -0.118468665 0.014465956 0.17341803 -0.04487083 -0.08022168 0.01656838 -0.16790017 0.11913576 0.024672866 -0.093927085 0.32305825 -0.11549849 0.107516415 0.031050175 -0.10694706 0.008812897 -0.041917942 -0.034318574 -0.18833975 -0.21773174 0.09021381 -0.06615121 -0.0040997677 0.03687929 -0.24804683 0.1833263 -0.14505185 -0.20371513 0.029388739 0.2592954 -0.06420834 0.020109821 -0.007343442 -0.20350793 -0.07369244 0.10129505 0.13395698 0.10098148 0.21462095 0.017713215 0.17191558 0.16990715 -0.08092924 -0.10186431 -0.02661107 -0.17621197 -0.088969454 -0.10620193 0.051400337 0.2031434 -0.0030217983 -0.2035379 0.17927444 0.043227892 -0.0816834 -0.10389142 0.13624626 -0.1499239 0.04497506 -0.07183613 -0.09033953 -0.15098508 0.028474962 -0.060320146 0.09307421 0.012681271 -0.00852577 -0.025319077 -0.054047767 -0.03856667 -0.045076158 -0.0061330684 -0.04237152 -0.02995164
SSD 0.21350583 -0.20497493 0.06670814 0.3407557 0.369204 0.08510316 0.15999229 -0.03179807 0.016080555 -0.07263767 -0.18726555 -0.11614773 -0.3538178 -0.024607968 -0.04453223 0.36002707 0.1136045 -0.38999742 -0.16117343 0.097675115 -0.15032507 0.31964248 0.25430667 -0.750372 -0.57619995 0.27774543 -0.27885404 0.3101466 -0.32905677 -0.11572751 0.02329792 0.18627195 -0.19267912 -0.11300631 -0.18102753 0.2579103 0.21179074 -0.40903056 -0.27003914 0.10598699 0.13917479 -0.30831 0.23808685 0.00724371 0.0015386803 0.2925962 0.13123122 -0.15599239 0.11372346 0.11858607 -0.15319577 0.07868532 0.36395764 0.28350738 0.19256552 -0.19520423 0.58624804 0.09091897 -0.4300301 0.19631831 -0.1491502 -0.1943832 -0.019920185 0.30560088 0.019956114 -0.21345928 0.162344 0.1281171 -0.21835518 0.051315784 -0.3189193 -0.17085813 -0.4302419 -0.31958115 0.2414129 -0.327821 0.3124675 -0.042133555 -0.14649193 -0.018872382 -0.31830308 0.12751995 0.04365763 0.14333543 0.22275765 0.41154757 0.2583871 -0.08144287 0.072689235 0.475522 -0.11746313 0.111377634 0.48917583 0.04171711 0.14577354 -0.16280025 0.20151797 -0.33054623 0.11769284 0.097555265 -0.24960124 -0.18470567 -0.1527255 -0.25719184 -0.10248082 -0.23835035 -0.5025541 0.16484207 -0.0073165107 -0.25197077 -0.3126795 -0.37405965 -0.028811425 0.14818214 -0.4043443 -0.051208165 0.05171217 -0.15795133 0.114939444 -0.1003834 0.0070751314 -0.09379704 0.23405476 0.0007621013 -0.33704114 -0.08099172 -0.08366981 0.24998917
ETH -0.15997079 0.0052102427 0.1053699 0.025371302 0.16296522 0.072666995 0.28861642 0.06070074 0.0026087565 0.08910672 0.040293846 -0.058620937 0.06062786 -0.13843489 -0.056514215 0.09641304 -0.03161238 -0.07713585 -0.14319555 0.116505474 0.022228105 0.17537476 0.06213951 -0.3432533 -0.30152324 0.21072932 -0.16263652 0.13757387 0.07618939 -0.082242966 -0.08412325 0.17422788 -0.3323296 -0.085218914 -0.11704373 -0.0071224067 0.18973152 0.015830442 -0.03079443 -0.1825848 0.053625144 0.23016521 -0.030227622 0.041576553 0.11421845 0.23505138 -0.10704589 -0.08046541 -0.0039222026 -0.039412107 0.006895663 0.153037 -0.026363045 0.18220627 0.09352989 -0.089922704 0.2851184 0.02851896 -0.24593027 -0.029108997 0.045985457 -0.10803684 0.09344487 0.07192361 0.14657257 -0.1369532 -0.30918884 0.13069768 0.03717637 -0.08261517 -0.26149607 -0.06268385 -0.33920848 -0.18483967 0.0849722 -0.23691037 0.031991858 -0.023677783 0.02471756 0.11124 -0.071352236 0.06227505 0.046367016 0.055185832 0.32950777 0.19243124 -0.028740622 0.14232446 0.0017184856 0.29140645 -0.0592737 -0.03525943 0.14028281 -0.22573273 0.0073340605 -0.08666493 0.07639674 -0.13366234 0.042259626 0.1124094 -0.1592974 -0.077016614 -0.08989202 -0.029709268 0.1593147 -0.17595087 -0.31688884 -0.15442634 0.114931285 -0.24287927 0.11703106 -0.2682479 0.030442359 0.03630437 -0.007311301 0.005820101 0.07916272 -0.18099199 0.33563948 -0.15014815 -0.09434372 -0.024761915 0.14924173 0.1749212 -0.1600422 -0.24688962 -0.14263904 -0.017918538
BHR -0.03735025 -0.053976055 0.102324344 0.17990188 0.053176563 -0.20258237 -0.09272831 -0.14073828 -0.1647185 0.102427185 0.08226275 0.14047597 -0.24409047 0.19513322 0.1290931 0.34065536 -0.5465246 0.07465351 -0.36441198 0.348748 0.02200703 0.22125639 -0.038949993 -0.22663139 -0.05420057 0.2703184 -0.16041161 0.27912357 0.1696647 -0.05216264 0.034094322 0.043395545 0.16333233 0.08233003 -0.18947792 0.26285252 0.01325584 0.06878568 0.14344218 0.075448535 -0.464455 0.40577877 0.19491033 -0.23651265 0.071324594 0.11823674 -0.29311973 0.067595065 -0.018308153 -0.017114896 0.16188392 0.03331543 -0.086576656 0.098009475 -0.14028044 0.2680673 0.2685299 -0.021505646 -0.054112267 -0.025487635 -0.1559655 0.0015676795 -0.2601291 -0.26502055 0.16045749 0.30889282 0.10204154 -0.01659806 -0.38129154 -0.07147761 -0.035942256 -0.1596478 -0.15039274 0.0025458217 0.21299906 -0.09779858 -0.0417948 0.03908134 -0.23041414 0.09342979 -0.069069885 -0.0955165 -0.04629525 0.19457127 -0.058584135 -0.032189764 0.03947374 -0.07293461 0.08240468 0.115156814 0.06366775 0.24092823 -0.0054291915 0.018586215 0.21762647 0.091261804 -0.20264636 0.17231019 0.10695593 -0.14552261 -0.4088042 0.07627354 0.063272014 0.2740077 -0.09085315 -0.22075376 0.1843889 0.08687064 -0.18876244 -0.13965729 0.053811 -0.039831128 -0.14668958 -0.07629977 0.057332985 -0.06058901 -0.14645277 -0.17171615 0.1420953 -0.16563317 0.05380703 0.03216913 -0.1700853 0.2509112 -0.041645125 -0.08073787 -0.15822054 0.07171781
BFA -0.26901805 -0.15449615 -0.059268534 -0.022948338 0.005728429 0.3046497 -0.11997144 -0.15998071 -0.014670103 0.2101484 0.104909055 -0.047195673 -0.17484958 -0.11285154 0.02214591 0.32873616 -0.22277677 -0.040542223 -0.20848887 -0.060371134 -0.13433114 0.29784036 -0.06441903 0.008921832 -0.04741634 0.17059216 -0.020494582 -0.03860376 0.24407405 0.05647164 -0.16154481 -0.07177479 -0.24109069 -0.10404944 0.07152017 0.16529502 0.113891356 0.18519828 0.001030726 -0.33424067 -0.3731943 0.35756218 0.18693496 0.017518708 0.05415358 0.06828259 -0.1458229 -0.12987304 -0.32478532 -0.12014663 0.09521843 -0.10244353 0.12597741 0.118900076 0.12765542 0.07554413 0.4534894 0.08657165 0.02923329 -0.22127433 -0.06232217 -0.024040092 0.21057224 -0.38425198 0.24551897 0.014683563 -0.15905884 0.064558364 0.022445817 0.06895988 -0.15108785 -0.030130455 -0.2864089 0.007375141 -0.051090546 -0.19085728 -0.02061857 0.101598054 -0.011581653 -0.014840274 0.093615025 -0.22261468 0.11119815 0.32282296 0.38389266 -0.00089337665 -0.07454654 0.08968227 0.071741015 0.10565775 0.06863949 0.08220564 0.4205215 -0.039549317 0.3586797 -0.10950844 -0.028818132 0.20019825 -0.055749264 -0.10650125 0.20905086 0.0033809354 -0.32936412 0.4011764 0.022296876 -0.1565726 -0.04641817 -0.032404777 -0.14122237 -0.3790262 0.3061258 -0.28448418 0.24702662 -0.08452941 0.19367976 -0.24075136 0.1995213 0.011972412 0.23787978 -0.21081983 -0.098661326 -0.14383475 -0.21511361 0.23752284 -0.09786784 -0.22370975 -0.074144416 -0.17746834
MUS 0.008120877 -0.11974405 0.28857628 0.104308814 0.26626417 -0.24594824 0.020671174 -0.20809971 -0.014086735 -0.101283245 0.3363962 -0.1177514 -0.20278734 -0.11981218 0.14354213 0.055183116 -0.15033765 -0.1893425 -0.1625768 0.14545366 -0.0957988 0.09911345 0.041147552 -0.2524182 -0.2558451 0.43816856 0.03629676 0.32930222 -0.061575774 -0.19063199 0.053744316 0.21866074 -0.08223785 -0.17278464 -0.34116453 -0.042025067 0.09353178 0.3360086 -0.4405685 0.005237469 0.0014618849 0.24521896 0.057488374 0.1284543 -0.0124917915 0.08821821 -0.0839613 -0.061906546 0.16031559 -0.10168458 -0.1700345 0.22012481 0.05833509 0.23738946 -0.11098976 0.24756522 0.46196765 -0.097079195 -0.14403303 0.056195073 0.05134327 0.11173412 0.1192308 0.10621385 0.23424986 -0.06825889 0.11102061 -0.103296086 -0.24098217 -0.11381628 0.0510131 -0.20836724 -0.26704207 -0.28906012 0.17686698 0.05754814 0.15388648 0.09213389 -0.23421952 0.030629614 -0.08754454 -0.019016586 -0.045918867 0.0356424 -0.10564677 0.30310005 -0.1711303 -0.14855367 -0.34046924 0.23560965 -0.14939286 0.020145886 0.13997291 -0.01853217 -0.029831959 0.05334855 -0.31799948 -0.04901024 -0.047152173 0.12521084 -0.3642221 -0.1551156 -0.08745204 0.09207907 0.3366933 -0.2774031 -0.039823744 -0.08688859 0.003501131 -0.19036597 0.04532049 -0.3064386 0.17641155 -0.23285514 -0.15189491 0.0129499035 -0.22106573 -0.32616168 0.1790951 -0.14981124 -0.067248814 0.02323682 -0.06409193 0.073218286 -0.1275546 -0.10824362 -0.29404438 0.27979842
SLV -0.030926213 -0.07349244 0.015774652 0.17460902 0.14339128 -0.17945103 -0.07172614 -0.06792522 -0.13071658 0.02838419 0.27651662 0.017380025 -0.20990159 -0.04543113 0.17411281 0.08588032 -0.12525445 -0.07407121 -0.2532451 0.21469197 -0.030627511 0.23436604 -0.10713003 -0.036117025 -0.090513684 0.3156271 -0.0842894 0.26812455 0.1180182 -0.15719026 -0.066696905 -0.027863717 0.1174107 -0.10510172 -0.16535538 0.15910752 0.032463178 0.053042043 -0.099455506 0.06231395 -0.23853296 0.23953067 0.08729802 0.01757111 0.08166802 0.043306395 -0.1451981 0.106736355 0.0026946648 0.03012119 0.08421509 0.104065135 0.059717882 0.05554545 -0.10205459 0.04880074 0.19923957 -0.043116238 -0.048339926 -0.0152931195 -0.17130059 0.024413541 0.03434771 -0.13652751 0.21658845 0.059157114 0.12444016 0.009548231 -0.10821964 -0.027571881 0.031767424 -0.11266312 -0.2050834 -0.19505015 0.113839924 -0.11026319 -0.0099610295 0.050764572 -0.18789819 0.13455117 -0.08512573 -0.20376801 0.08856956 0.23118411 -0.01780597 -0.0064476863 0.08151122 -0.15044065 -0.025327815 0.05737691 0.041720495 0.107838675 0.18872312 0.03614153 0.22519302 0.19338201 -0.1019966 -0.022757407 -0.033879813 -0.18021095 -0.12722689 -0.09055284 -0.03744139 0.19225127 -0.050758258 -0.12979968 0.14954025 0.07715579 -0.09342126 -0.08789164 0.19676839 -0.06284843 -0.009559661 -0.088031486 -0.073016554 -0.14842238 0.04062577 -0.10631613 0.025807425 -0.0025162448 -0.018657932 -0.018049197 -0.0848434 0.010292561 -0.03206206 -0.103787035 -0.041048035 -0.0047579478
GNQ 0.25587004 0.005867954 0.3712778 0.36591372 0.15606207 -0.18837857 -0.15054776 -0.08875663 0.03628425 0.13147421 0.18101187 0.06250351 -0.48402494 0.09643798 0.26915324 0.3459158 0.13064007 -0.29328316 0.2706684 0.08551425 0.010110011 0.38178125 -0.08250545 -0.51242924 -0.35750186 0.17642157 -0.37795308 -0.023208588 0.3049386 0.12652892 0.27442443 0.010305787 -0.011097732 0.022909407 0.060858592 0.2022339 0.23553224 0.34464192 0.13503297 0.13713148 -0.15406963 0.16249909 0.115617625 0.038165234 0.019261997 -0.022234196 -0.40241167 0.097152986 0.13075 0.07327176 0.35754475 -0.24702325 -0.10146938 0.108166836 0.1897303 0.018204194 0.035778616 0.20578077 -0.19012922 0.026017109 -0.15617806 0.0011326931 0.069398046 0.114739336 0.3646366 -0.26680785 0.019270726 0.120360956 0.07148202 -0.012548234 -0.079096295 -0.03867021 -0.1918743 -0.023891916 -0.08686699 0.013484552 0.14165843 0.029876616 -0.17621058 0.27340788 -0.22719878 -0.050461598 -0.18485695 0.5373264 0.1557964 -0.11635183 0.032302033 -0.20498067 0.0009948309 0.16043584 -0.0301224 0.4425095 0.27957723 0.11841458 0.50108904 -0.024074765 0.38757667 -0.32664743 0.10410075 -0.25800288 -0.13810925 0.18325213 0.1966635 0.31574264 -0.11489904 -0.16214408 0.17737202 0.10678554 0.17032108 -0.04778341 0.12806311 -0.22793977 -0.1628547 0.009804641 -0.20348598 0.038965028 0.1489451 0.06504179 0.59252965 0.32437953 -0.09602018 -0.06280505 0.17028001 -0.41911122 -0.25714508 -0.112091556 -0.2409535 0.022585444
GIN -0.1951117 0.19691052 0.060216784 0.25409773 0.43065396 -0.14562365 0.28711697 0.18525025 -0.25348228 0.23485887 0.20898661 0.03458444 0.14162698 -0.33672208 -0.13479061 0.24056722 0.1490853 -0.05558742 -0.3588398 0.32867375 0.030105047 0.14274776 0.28385627 -0.5967846 -0.24688587 0.12210929 -0.28778547 0.16007203 0.14381063 -0.1346145 -0.23183978 0.16502622 -0.0052257325 0.1449305 -0.24578227 0.39291388 0.31092748 -0.14935157 0.047377396 0.21029134 0.09120418 0.22692905 0.16052406 -0.15104258 0.014654651 0.30088863 -0.027271526 -0.123885795 -0.11325122 0.04510951 0.0022323031 0.07007849 -0.0029500755 -0.0007626415 0.10892536 0.015676476 0.21486409 -0.0063205827 -0.39739195 -0.2587464 0.115047716 -0.1690944 0.052295808 -0.09412541 0.27353096 -0.052265473 -0.24529362 0.032736342 0.015854057 -0.072940335 0.00024017034 -0.10400444 -0.18966773 -0.009833925 0.047758713 -0.46533936 -0.21647096 -0.17116418 -0.07584441 0.32535312 -0.15415843 0.17869012 -0.028632157 0.034822382 0.14721711 0.14183196 -0.08127397 0.108033836 0.36915085 0.3080953 -0.053923793 -0.06645804 -0.14224204 -0.09146568 0.029870138 -0.03252691 0.06631915 -0.19175686 0.16241334 -0.124260634 -0.44750172 -0.045831367 0.071470425 -0.21813354 0.25779858 -0.39796263 -0.34210387 -0.14818831 0.018292613 -0.38302937 0.13029593 -0.34342372 -0.19757187 0.19150677 0.3079581 -0.06310346 0.15021086 -0.29459152 0.3421512 -0.26026082 0.05921181 -0.03173352 -0.06645465 0.31106243 -0.13971455 0.024639118 -0.24525554 0.08527981
ARM -0.07951365 -0.26993698 0.06653466 0.04344611 0.022457162 -0.07855272 0.09504848 0.026109455 -0.050603047 0.14269012 0.23937976 0.053803567 -0.20034064 0.12204763 -0.003319148 0.26951954 -0.17072795 0.2056865 -0.1152502 0.117528565 -0.09894881 0.22392417 -0.062578335 -0.31736293 -0.16163255 0.2464536 -0.26149043 0.13398544 0.19338515 -0.12114099 -0.08016591 0.1851585 -0.1765894 -0.09396715 -0.07409206 -0.037653815 0.14731453 -0.034237377 -0.010280993 -0.24833357 -0.2130155 0.3823608 0.19461408 -0.11816517 0.18412432 0.016833518 -0.29884514 -0.15559147 0.11598338 -0.011829812 0.15901677 -0.040382575 -0.13126102 0.113504715 0.11900653 -0.12987423 0.1417101 0.027938178 -0.0049717166 0.026557067 -0.07132174 -0.22171575 -0.010244241 -0.072794504 -0.045986388 0.13878207 -0.14857882 0.030333163 -0.045634165 -0.061590012 -0.1278652 -0.22574069 -0.40772277 -0.18897861 0.22264957 -0.14674333 0.014380021 0.012849879 0.043923814 0.03332998 0.060653348 -0.14197876 0.2111399 0.22012259 0.21475394 0.09133117 0.09645523 0.1707733 0.17970958 0.23468246 -0.11848429 0.16130525 -0.002956917 -0.1372145 0.28111333 0.003950458 0.20280813 0.004604685 0.060227573 -0.0037547792 -0.049177792 0.08179015 -0.16995387 0.00085338985 0.079573244 0.109641306 -0.18451793 0.109959505 0.008647694 -0.12917463 0.23538773 0.100589216 0.10271944 -0.04865221 -0.059772916 -0.033089954 0.059496928 -0.25448278 0.16015342 0.04941804 -0.04118972 0.16978008 0.020487856 0.06001231 0.04642354 -0.14751 -0.10448089 -0.14326324
NER -0.2963042 -0.07798355 0.07570419 0.21154366 0.08249692 0.06522057 -0.08376309 -0.45353723 -0.16548036 0.29776457 -0.07456809 -0.020209068 -0.33011362 0.15668084 0.3742331 0.38638505 -0.3562304 -0.19129571 -0.0999103 0.121821515 -0.11878658 0.40990654 -0.11013657 -0.040657476 -0.11364277 0.24633735 -0.19172351 0.012440191 0.20934354 0.05891135 0.18025212 -0.11422739 -0.1267065 -0.10222145 -0.10248864 0.38952115 -0.0155634675 0.13028075 0.22560519 0.026454795 -0.55822814 0.56341547 0.23578164 -0.11425716 -0.0126140285 0.12438616 -0.28942117 -0.121310376 0.02150881 -0.15324175 0.17919822 0.079560764 -0.030999094 0.0836812 -0.077708595 0.5289355 0.65594727 0.114733465 0.093133666 -0.393564 0.02866035 -0.03202133 0.04453494 -0.5286463 0.3385435 0.39994034 0.040271763 -0.22758438 -0.18606125 0.17816497 -0.017549837 -0.21689643 -0.33908573 0.14534831 0.33004233 -0.13568321 0.013877041 0.08626866 -0.119296186 -0.052580155 -0.0063654613 -0.023756444 -0.12270963 0.35095543 0.19630328 0.024461284 -0.2450255 -0.1059729 -0.03244631 0.28994268 -0.041546497 0.47431317 0.1682855 0.03401065 0.31211382 0.20545055 -0.20723717 0.38108546 0.21154915 0.08986165 -0.23922765 0.11621404 -0.22840616 0.45939592 0.005431802 -0.11739793 0.049529187 0.070193425 -0.27429792 -0.3741142 0.0077977753 -0.33724588 -0.0067462884 -0.3128019 0.3487526 -0.21060947 0.026861805 -0.11342025 0.21407942 -0.43936104 0.059599005 0.094890945 -0.22692308 0.55588347 -0.096240014 -0.23479176 -0.061956685 0.25799313
NIC -0.017007561 0.03131046 0.06749108 0.17475714 0.098855615 -0.14712751 -0.09939159 -0.10291992 -0.13020618 0.10717331 0.20393586 0.029227022 -0.25640282 -0.0048131393 0.07745271 0.14578842 -0.14968571 -0.12857345 -0.2541256 0.19573125 -0.011842567 0.25736523 -0.10285708 -0.08539157 -0.12086756 0.26699826 -0.11357852 0.21140182 0.11179942 -0.09520641 -0.016830541 -0.06629262 0.1317832 -0.01938954 -0.11218344 0.21869305 0.053057723 0.12722889 -0.0058057876 0.13092521 -0.26778933 0.20827995 0.09828205 -0.03178167 -0.025747422 0.05494674 -0.14760445 0.10950404 -0.074078016 0.024723781 0.11528708 0.036043577 0.060814187 0.04510018 -0.072426036 0.11506181 0.25608277 -0.03712148 -0.1381206 -0.0557874 -0.18129365 0.0635835 0.007235205 -0.1707503 0.28789255 0.0061984286 0.11356327 0.0028967236 -0.1593225 -0.01294691 0.016596334 -0.038144637 -0.15697484 -0.09854176 0.089173704 -0.10627903 -0.033716664 0.031540334 -0.23080039 0.17184168 -0.1137262 -0.15045618 0.0027559206 0.26433247 -0.04327952 -0.012135952 0.011640705 -0.18154518 -0.041791555 0.074184746 0.116021715 0.1254268 0.23175605 0.091050304 0.25156605 0.13289624 -0.14430143 -0.021944745 0.0076825763 -0.23121677 -0.15556398 -0.075392514 0.036429405 0.25944272 -0.04244624 -0.220486 0.19071482 0.048661318 -0.10720687 -0.11001659 0.10596393 -0.15449683 -0.013206177 -0.04225658 -0.008990075 -0.17051373 0.031255778 -0.038300913 0.11355924 -0.07579745 0.048681423 -0.055646367 -0.11465337 0.062081747 -0.0911103 -0.0650943 -0.053436354 -0.00036714278
